date,open,high,low,close,volume
2016-09-15,109.64,111.42,108.83,110.72,2905821
2016-09-16,110.33,110.49,109.12,109.88,2604902
2016-09-19,110.61,111.28,110.14,110.50,1785645
2016-09-20,111.18,111.75,110.70,110.70,1995841
2016-09-21,111.49,111.89,110.75,111.70,2431908
2016-09-22,111.98,114.27,111.91,113.66,2596154
2016-09-23,110.51,113.79,109.50,113.09,2265179
2016-09-26,112.45,113.95,112.45,113.73,3224150
2016-09-27,113.75,116.22,113.75,116.13,3125210
2016-09-28,115.68,117.06,115.37,116.65,3640140
2016-09-29,120.56,124.96,120.35,121.64,7642658
2016-09-30,121.78,123.03,121.78,122.17,4815794
2016-10-03,121.59,122.47,120.64,120.86,3667521
2016-10-04,121.18,121.44,117.75,118.24,3973560
2016-10-05,118.49,118.71,117.51,118.21,2875146
2016-10-06,118.21,118.81,117.68,118.52,2504330
2016-10-07,118.52,118.64,115.93,116.00,3034144
2016-10-10,116.38,117.98,116.38,117.46,2157553
2016-10-11,117.38,117.44,116.21,116.97,2708225
2016-10-12,117.41,117.97,116.71,117.62,2366466
2016-10-13,117.08,118.50,116.03,118.11,3102637
2016-10-14,118.46,119.16,117.86,118.25,2508485
2016-10-17,118.25,118.25,116.75,116.85,1904916
2016-10-18,117.70,118.26,117.35,117.53,2472902
2016-10-19,116.71,117.51,116.13,116.82,2263239
2016-10-20,116.60,117.14,115.96,116.05,2247838
2016-10-21,115.95,116.00,114.91,115.59,1978631
2016-10-24,116.02,116.50,115.48,115.80,1539785
2016-10-25,115.54,115.87,114.95,115.27,1456836
2016-10-26,114.79,115.90,114.51,115.45,1830897
2016-10-27,115.65,116.11,115.20,115.46,1870598
2016-10-28,115.85,116.58,115.03,115.67,1656236
2016-10-31,115.63,116.56,115.47,116.24,1877768
2016-11-01,116.50,116.70,115.45,116.14,2444382
2016-11-02,116.14,119.20,116.00,118.61,5361141
2016-11-03,118.13,118.50,116.66,116.95,2086406
2016-11-04,117.04,118.12,116.44,117.23,2068333
2016-11-07,118.11,120.00,118.11,119.97,2311069
2016-11-08,119.90,121.00,119.51,119.81,2118777
2016-11-09,115.88,118.00,114.66,117.21,5797624
2016-11-10,117.34,120.80,117.29,120.33,4357469
2016-11-11,119.66,121.00,118.71,119.18,3201775
2016-11-14,119.17,119.59,116.20,117.25,3622499
2016-11-15,117.55,117.84,115.38,115.99,3119949
2016-11-16,116.19,118.03,115.76,117.32,2146879
2016-11-17,117.50,118.54,117.21,118.37,1313635
2016-11-18,118.25,118.56,117.87,118.43,2123479
2016-11-21,118.70,119.88,118.43,119.68,1694583
2016-11-22,119.92,120.39,119.32,119.48,2251828
2016-11-23,119.36,120.29,119.07,119.82,1966391
2016-11-25,119.90,120.78,119.59,120.74,783672
2016-11-28,120.53,121.39,120.09,120.76,2053347
2016-11-29,120.74,121.53,120.37,120.94,1484017
2016-11-30,121.01,121.14,119.43,119.43,2635490
2016-12-01,119.50,120.05,117.12,117.66,2260397
2016-12-02,117.63,118.25,116.17,117.29,1922834
2016-12-05,117.86,118.58,117.29,117.72,2052296
2016-12-06,118.13,118.89,117.73,118.41,1973602
2016-12-07,118.65,121.65,118.45,121.57,2024090
2016-12-08,121.67,122.39,121.27,121.74,1449505
2016-12-09,121.33,123.45,120.86,123.31,2227331
2016-12-12,122.86,123.79,122.60,123.61,1608698
2016-12-13,123.80,125.72,123.68,125.40,2288878
2016-12-14,125.25,125.65,123.43,123.65,2041315
2016-12-15,123.45,125.28,123.26,124.55,1761432
2016-12-16,124.58,125.16,122.44,123.00,4513962
2016-12-19,123.23,124.44,123.16,123.65,2750436
2016-12-20,124.04,124.27,123.01,124.10,3288887
2016-12-21,118.55,119.98,117.60,117.90,6028906
2016-12-22,118.06,118.63,117.01,117.79,2758490
2016-12-23,117.40,118.21,117.11,117.48,1697310
2016-12-27,117.36,118.48,117.21,117.55,1546598
2016-12-28,118.00,118.00,116.09,116.61,1773463
2016-12-29,116.98,117.98,116.51,117.01,1633892
2016-12-30,117.56,117.95,116.59,117.13,1739750
2017-01-03,117.38,117.81,115.82,116.46,2352155
2017-01-04,116.91,117.80,116.43,116.74,2639756
2017-01-05,116.98,117.14,114.95,114.99,3685380
2017-01-06,114.99,116.74,114.34,116.30,4125231
2017-01-09,116.14,116.35,114.92,115.00,2550869
2017-01-10,114.94,115.99,114.64,115.06,2550073
2017-01-11,115.40,116.26,114.91,116.12,2845844
2017-01-12,115.62,115.97,114.84,115.78,2110770
2017-01-13,115.35,117.44,115.35,116.95,2666366
2017-01-17,115.92,116.36,115.47,116.03,2374317
2017-01-18,116.54,116.95,115.74,115.95,2262158
2017-01-19,115.60,116.00,115.27,115.50,1647111
2017-01-20,115.88,116.25,114.81,115.07,2781387
2017-01-23,114.78,115.27,114.61,114.82,2319952
2017-01-24,115.20,116.64,114.84,116.48,2809709
2017-01-25,116.90,118.36,116.70,117.57,2905848
2017-01-26,116.99,117.44,115.62,115.93,2865071
2017-01-27,116.20,116.44,115.07,115.35,2545180
2017-01-30,115.32,115.33,113.41,114.63,2529715
2017-01-31,113.97,114.02,112.61,113.87,2338944
2017-02-01,113.80,114.77,112.31,113.21,2471638
2017-02-02,113.15,113.77,112.71,113.64,2450463
2017-02-03,114.00,114.83,113.34,114.49,1664211
2017-02-06,114.07,115.22,113.38,114.18,2019412
2017-02-07,115.00,116.17,114.95,115.92,2538228
2017-02-08,116.15,116.15,114.92,115.43,2373733
2017-02-09,115.51,117.46,115.47,116.98,2117069
2017-02-10,116.70,118.84,116.52,117.60,2183016
2017-02-13,117.90,118.95,117.72,118.59,1988441
2017-02-14,118.47,120.00,118.41,120.00,2559693
2017-02-15,119.61,120.17,119.30,119.93,1951131
2017-02-16,119.93,120.99,119.53,120.72,1966972
2017-02-17,120.51,121.29,120.10,121.23,1904931
2017-02-21,120.63,122.22,120.57,122.10,2117134
2017-02-22,121.66,122.88,121.58,122.21,1557038
2017-02-23,122.59,122.70,121.73,122.48,1439556
2017-02-24,122.00,123.43,121.60,123.43,1447663
2017-02-27,123.01,123.43,122.48,122.79,1679832
2017-02-28,122.75,123.09,121.93,122.50,1745371
2017-03-01,123.24,124.29,122.46,124.07,1879707
2017-03-02,123.99,124.43,123.56,124.35,1896716
2017-03-03,124.25,124.25,122.98,123.64,2122955
2017-03-06,122.99,123.43,122.53,123.24,1814082
2017-03-07,123.63,124.38,123.12,124.14,2705235
2017-03-08,124.11,124.79,123.78,124.46,2168611
2017-03-09,124.37,124.37,122.65,123.18,2338125
2017-03-10,123.65,124.33,123.07,123.93,1931099
2017-03-13,124.23,124.75,123.47,124.04,2233737
2017-03-14,124.17,124.73,123.63,123.91,1627845
2017-03-15,123.41,124.99,123.03,124.80,2087675
2017-03-16,124.89,125.19,123.61,124.10,2182041
2017-03-17,124.71,125.45,123.83,125.22,4603637
2017-03-20,125.22,125.39,124.17,124.39,2257442
2017-03-21,125.08,125.41,123.63,124.64,3220221
2017-03-22,125.03,126.53,124.47,126.48,4286400
2017-03-23,122.71,123.01,120.54,120.76,7114204
2017-03-24,120.78,121.31,118.75,118.98,3949482
2017-03-27,118.73,119.80,118.30,119.39,3116889
2017-03-28,119.82,122.34,119.01,121.35,5515885
2017-03-29,121.66,121.71,120.15,120.98,2438878
2017-03-30,120.89,121.00,120.05,120.52,2030642
2017-03-31,120.71,121.21,119.84,119.88,2102731
2017-04-03,118.00,118.17,117.00,117.64,3918064
2017-04-04,117.28,118.07,117.28,118.04,1690684
2017-04-05,118.24,119.09,117.49,117.64,1901505
2017-04-06,117.68,117.93,116.76,116.81,2049602
2017-04-07,117.00,117.74,116.50,117.44,2408028
2017-04-10,117.50,118.56,117.37,117.84,2308255
2017-04-11,116.18,116.80,115.79,116.08,2295268
2017-04-12,116.05,116.40,115.47,115.58,2087832
2017-04-13,115.36,115.89,114.82,114.86,1838948
2017-04-17,114.88,115.73,114.88,115.72,1168262
2017-04-18,115.50,116.36,115.39,116.24,1978691
2017-04-19,116.37,117.36,116.00,116.95,2185363
2017-04-20,117.65,119.86,117.38,119.21,3743523
2017-04-21,119.74,119.98,119.03,119.23,2639048
2017-04-24,119.94,120.51,119.11,119.36,2106761
2017-04-25,119.38,119.94,118.68,118.69,1947230
2017-04-26,118.73,119.46,118.40,118.98,1581421
2017-04-27,119.12,120.62,119.12,120.49,2008174
2017-04-28,120.19,121.35,120.03,121.30,2476577
2017-05-01,121.37,121.69,121.10,121.25,1931951
2017-05-02,121.29,121.71,120.21,120.68,2697450
2017-05-03,120.43,120.87,119.67,120.30,1762147
2017-05-04,120.75,120.99,120.22,120.82,1557495
2017-05-05,120.91,121.52,120.77,121.52,1716890
2017-05-08,121.10,121.52,120.76,121.11,1522399
2017-05-09,121.30,121.63,120.91,121.07,1094392
2017-05-10,121.07,121.37,120.56,121.20,1343589
2017-05-11,120.75,120.90,119.67,120.80,1835224
2017-05-12,120.38,121.50,120.38,120.96,2362290
2017-05-15,120.96,122.54,120.76,122.25,1764183
2017-05-16,122.69,123.31,122.22,123.14,2180617
2017-05-17,122.20,123.07,120.34,120.44,2277894
2017-05-18,120.86,121.03,119.41,120.40,1968786
2017-05-19,121.01,121.21,120.19,120.98,2190103
2017-05-22,121.60,122.84,121.22,122.71,1912490
2017-05-23,122.86,123.07,121.80,122.15,1472731
2017-05-24,120.43,122.15,120.30,121.95,2029654
2017-05-25,122.75,123.56,122.20,123.10,1425580
2017-05-26,122.94,123.11,122.52,122.89,1415082
2017-05-30,122.61,123.97,122.35,123.77,1373030
2017-05-31,124.00,124.60,123.53,124.47,2655628
2017-06-01,124.93,125.29,123.86,125.29,1902558
2017-06-02,125.37,125.98,124.89,125.74,1765967
2017-06-05,126.00,126.98,125.44,126.58,1949952
2017-06-06,126.19,127.00,126.01,126.33,1513552
2017-06-07,126.08,126.77,125.53,126.55,1640398
2017-06-08,126.97,127.00,125.52,126.17,2119217
2017-06-09,126.00,126.74,124.98,125.82,1929206
2017-06-12,125.53,126.46,124.73,126.30,2355868
2017-06-13,126.44,127.56,126.08,127.07,2434069
2017-06-14,127.80,128.00,126.70,127.25,1861213
2017-06-15,126.28,127.36,124.50,127.03,2192762
2017-06-16,127.52,128.00,126.53,127.56,2965223
2017-06-19,128.47,128.47,127.39,127.77,1985885
2017-06-20,127.33,127.64,126.38,126.53,2356430
2017-06-21,127.07,127.18,126.03,127.11,3252382
2017-06-22,122.97,123.90,119.10,122.08,8690685
2017-06-23,122.14,123.62,121.72,122.74,3817014
2017-06-26,123.15,124.05,122.28,122.34,2619204
2017-06-27,122.50,122.84,122.00,122.19,2215255
2017-06-28,122.78,123.83,122.19,123.74,1727503
2017-06-29,123.50,123.50,122.61,122.99,2687013
2017-06-30,123.30,124.40,123.15,123.68,2290346
2017-07-03,123.82,124.88,123.79,123.93,1236153
2017-07-05,124.00,124.78,123.99,124.05,1328583
2017-07-06,123.35,123.63,122.03,122.94,1938109
2017-07-07,123.55,124.75,123.07,124.21,1834230
2017-07-10,124.05,124.37,123.59,124.06,1301531
2017-07-11,124.06,124.10,123.20,123.85,1379754
2017-07-12,124.30,125.48,124.12,125.47,2017856
2017-07-13,125.70,126.35,125.44,125.73,1713698
2017-07-14,126.19,126.96,125.73,126.70,1752903
2017-07-17,126.77,127.05,126.15,126.42,2005625
2017-07-18,126.25,127.57,125.48,127.37,1641350
2017-07-19,127.50,128.00,126.72,127.78,2275298
2017-07-20,127.90,128.76,127.65,128.54,1640116
2017-07-21,128.54,128.96,128.01,128.85,1765383
2017-07-24,128.27,128.50,127.59,128.01,1763242
2017-07-25,128.25,129.31,127.68,128.95,1599254
2017-07-26,129.00,129.61,128.74,129.51,1615311
2017-07-27,129.70,129.70,127.42,128.16,2096970
2017-07-28,127.98,128.53,127.31,128.40,1133850
2017-07-31,128.50,129.16,128.19,128.82,1550364
2017-08-01,129.10,129.89,128.95,129.86,3465682
2017-08-02,129.70,129.84,128.53,128.62,1318334
2017-08-03,129.22,130.28,127.99,130.02,3560416
2017-08-04,130.06,130.67,129.54,130.20,1283185
2017-08-07,129.83,130.35,129.38,129.68,952917
2017-08-08,129.32,129.89,128.94,129.13,1099387
2017-08-09,129.01,129.78,128.92,129.62,1216883
2017-08-10,129.22,129.78,128.19,128.24,1800865
2017-08-11,128.67,128.71,128.12,128.20,1105546
2017-08-14,128.88,129.87,128.63,129.69,1421557
2017-08-15,129.41,129.80,128.74,129.38,1152464
2017-08-16,129.66,130.49,129.40,130.03,1935454
2017-08-17,129.88,130.03,127.56,127.59,1522889
2017-08-18,127.73,128.29,127.27,127.44,1263534
2017-08-21,127.49,128.31,127.26,128.17,1282803
2017-08-22,128.56,129.47,127.99,129.31,959492
2017-08-23,128.68,129.14,128.28,128.36,1543275
2017-08-24,128.59,129.08,128.27,128.67,1099007
2017-08-25,129.32,129.78,129.18,129.39,1252413
2017-08-28,129.71,129.90,129.02,129.24,999865
2017-08-29,128.47,129.99,128.29,129.66,1170731
2017-08-30,129.65,129.96,129.09,129.79,1149129
2017-08-31,130.00,130.92,129.83,130.76,2003487
2017-09-01,130.95,130.95,129.87,130.10,1528282
2017-09-05,130.10,130.39,129.10,129.77,2443236
2017-09-06,130.21,131.38,130.05,131.12,1549927
2017-09-07,131.50,134.83,131.36,134.24,2094810
2017-09-08,134.41,134.97,133.65,133.72,2178797
2017-09-11,134.62,136.26,133.61,136.23,1667247
2017-09-12,136.56,136.95,136.01,136.22,1659613
2017-09-13,135.91,136.17,134.21,134.78,3078644
2017-09-14,134.50,135.24,134.00,134.86,3290489
2017-09-15,135.00,135.65,134.04,135.35,3693670
2017-09-18,135.49,137.35,135.49,136.94,2496531
2017-09-19,137.00,137.79,136.71,136.71,2379555
2017-09-20,136.01,138.15,136.01,138.01,1986311
2017-09-21,137.95,138.12,136.57,136.66,1963188
2017-09-22,136.68,138.00,136.50,137.90,1918509
2017-09-25,137.94,138.27,137.26,138.16,2463199
2017-09-26,138.50,138.70,136.75,136.84,2902719
2017-09-27,137.32,137.54,136.12,136.64,3866182
2017-09-28,132.79,137.68,132.27,136.32,4243727
2017-09-29,136.91,137.57,134.84,135.07,3304367
2017-10-02,135.23,135.84,134.62,135.44,2664466
2017-10-03,134.84,135.97,133.66,134.25,2535494
2017-10-04,134.52,135.68,134.46,135.16,2192962
2017-10-05,135.50,136.37,135.27,136.22,1666067
2017-10-06,136.16,136.97,135.72,136.25,1275709
2017-10-09,136.25,137.00,136.03,136.99,1012134
2017-10-10,137.00,138.00,136.84,137.52,1804091
2017-10-11,137.19,137.52,136.41,136.91,2491720
2017-10-12,136.98,139.65,136.14,139.20,2860788
2017-10-13,139.58,140.00,138.20,139.20,1687180
2017-10-16,139.43,139.57,138.12,139.09,1453317
2017-10-17,138.91,139.28,138.28,138.65,1446708
2017-10-18,138.23,138.63,137.36,137.42,1585082
2017-10-19,137.45,138.67,136.84,138.62,1305567
2017-10-20,139.17,139.50,138.51,139.49,1368886
2017-10-23,139.75,140.17,139.05,139.33,1518189
2017-10-24,139.34,139.43,138.05,138.91,1203050
2017-10-25,139.00,141.24,138.66,141.16,2354737
2017-10-26,141.58,142.91,141.34,141.97,1965835
2017-10-27,142.64,143.61,141.99,143.28,2367616
2017-10-30,143.39,143.78,142.13,143.29,2145253
2017-10-31,143.18,143.29,142.16,142.36,2218519
2017-11-01,142.26,143.19,141.47,142.96,2060109
2017-11-02,142.50,143.78,141.93,143.43,1585225
2017-11-03,143.43,144.69,143.10,144.04,1336018
2017-11-06,143.12,144.21,142.29,143.93,1488755
2017-11-07,144.48,144.48,142.94,143.50,1284406
2017-11-08,143.76,145.00,143.00,144.89,1208312
2017-11-09,144.61,144.73,142.97,143.83,1288737
2017-11-10,143.52,144.07,142.69,143.89,922492
2017-11-13,143.61,144.28,143.16,143.92,1456203
2017-11-14,143.41,145.50,142.77,144.96,1811893
2017-11-15,144.41,145.00,143.68,144.26,1792821
2017-11-16,144.96,147.28,144.60,147.04,2040100
2017-11-17,146.39,146.79,144.75,145.45,2557132
2017-11-20,145.37,146.85,144.88,146.57,1578681
2017-11-21,147.00,148.47,146.41,148.01,1732023
2017-11-22,147.85,148.32,147.03,147.11,1263667
2017-11-24,148.17,148.17,146.80,147.63,601818
2017-11-27,148.00,148.10,147.43,147.50,1328370
2017-11-28,148.01,148.49,146.65,148.04,1925904
2017-11-29,148.56,148.56,145.23,146.95,1972957
2017-11-30,147.00,148.60,146.80,148.01,2837114
2017-12-01,147.70,148.36,145.75,146.57,1971617
2017-12-04,147.50,147.97,146.08,147.15,2099765
2017-12-05,147.24,148.48,146.78,147.67,1398936
2017-12-06,147.74,148.48,147.27,148.27,1363413
2017-12-07,148.00,148.66,147.24,148.60,1526446
2017-12-08,149.10,150.59,148.72,150.53,1735968
2017-12-11,150.55,151.14,150.13,150.69,1983301
2017-12-12,150.61,152.80,149.96,152.10,2318318
2017-12-13,151.81,152.75,150.41,151.42,1596836
2017-12-14,151.84,152.41,151.15,151.21,1612529
2017-12-15,152.54,152.90,150.66,152.66,3498800
2017-12-18,153.05,153.75,151.58,151.72,2277532
2017-12-19,151.96,152.79,150.99,152.22,2063836
2017-12-20,152.18,152.87,151.62,151.75,3200600
2017-12-21,156.30,158.44,153.91,154.20,4559936
2017-12-22,155.78,156.00,153.80,153.89,1818516
2017-12-26,153.14,153.47,152.46,152.99,1514425
2017-12-27,153.24,153.76,152.83,153.32,1690434
2017-12-28,153.46,153.91,152.99,153.57,1124287
2017-12-29,154.43,154.58,153.07,153.09,1452063
2018-01-02,153.50,154.10,152.78,153.84,3059112
2018-01-03,152.99,154.99,152.99,154.55,2064131
2018-01-04,155.00,156.86,154.77,156.38,1777024
2018-01-05,156.61,157.72,156.13,157.67,1597538
2018-01-08,157.37,159.01,156.84,158.93,2616838
2018-01-09,158.50,159.49,157.45,159.46,3204943
2018-01-10,158.95,159.15,157.73,158.90,1624075
2018-01-11,158.90,159.40,158.05,159.11,1809360
2018-01-12,159.50,160.63,158.57,160.11,2048945
2018-01-16,160.25,160.37,157.91,157.96,2841237
2018-01-17,159.10,160.47,158.81,160.21,2084872
2018-01-18,160.13,161.08,159.82,160.94,1688362
2018-01-19,161.60,162.50,160.20,161.75,2241720
2018-01-22,161.21,161.88,160.82,161.43,1708872
2018-01-23,161.29,162.05,160.64,160.88,1635846
2018-01-24,161.20,161.99,160.54,160.60,1951898
2018-01-25,161.12,161.75,160.62,160.79,1304833
2018-01-26,161.25,162.58,160.33,162.55,1950655
2018-01-29,162.33,162.60,160.97,161.19,1314847
2018-01-30,160.96,161.16,159.11,159.70,1685740
2018-01-31,160.09,160.94,159.73,160.70,1865280
2018-02-01,160.16,161.13,159.54,160.46,1689306
2018-02-02,159.98,160.27,156.63,156.90,2010055
2018-02-05,156.12,159.27,150.73,151.83,3688891
2018-02-06,150.29,155.18,149.43,154.69,3900559
2018-02-07,154.22,158.93,153.07,155.15,2913149
2018-02-08,155.31,155.47,150.37,150.51,2571324
2018-02-09,151.69,154.99,148.79,153.84,3656782
2018-02-12,154.67,156.47,153.90,154.95,2239177
2018-02-13,154.20,156.99,153.99,156.84,2033378
2018-02-14,156.01,160.12,155.15,159.79,2583153
2018-02-15,160.39,161.11,158.11,161.06,1824732
2018-02-16,160.96,163.60,160.84,162.66,1998555
2018-02-20,162.38,162.72,161.07,161.44,1421248
2018-02-21,161.59,163.76,160.42,160.46,1624900
2018-02-22,161.08,162.00,159.91,160.32,1507676
2018-02-23,161.10,163.05,160.32,162.95,1574903
2018-02-26,163.82,164.83,162.91,164.74,1782844
2018-02-27,164.80,165.58,162.55,162.55,1820815
2018-02-28,162.90,164.39,160.95,161.01,1999993
2018-03-01,161.28,161.59,155.88,156.15,3002912
2018-03-02,155.21,157.63,154.69,157.50,2957826
2018-03-05,157.17,159.66,156.99,158.85,1855959
2018-03-06,159.17,160.15,156.98,158.03,2048358
2018-03-07,156.98,158.96,156.52,158.55,3142639
2018-03-08,159.01,159.42,158.04,158.50,3172155
2018-03-09,159.65,161.83,159.21,161.51,2888740
2018-03-12,162.00,162.77,161.02,161.69,2105433
2018-03-13,162.12,164.30,162.06,162.49,2672575
2018-03-14,162.76,163.20,160.42,161.00,2214813
2018-03-15,161.29,163.49,160.89,162.86,1835405
2018-03-16,162.61,163.29,160.88,160.89,4017967
2018-03-19,160.56,161.50,159.37,160.62,1880391
2018-03-20,160.95,163.15,160.95,162.88,2249113
2018-03-21,163.20,163.72,161.93,162.03,3421678
2018-03-22,156.75,157.94,149.73,150.23,8121033
2018-03-23,151.33,152.47,147.16,147.35,4039794
2018-03-26,149.00,153.17,149.00,152.85,4230607
2018-03-27,153.23,153.66,147.80,148.86,3208528
2018-03-28,149.68,150.35,147.34,147.41,2965526
2018-03-29,148.29,153.50,147.82,153.50,3594396
2018-04-02,151.82,151.82,146.50,147.98,2842017
2018-04-03,148.49,148.97,146.05,148.79,2359781
2018-04-04,146.69,150.48,146.06,149.97,2161074
2018-04-05,151.10,152.07,150.01,151.57,2016982
2018-04-06,149.90,150.79,146.19,147.38,1921084
2018-04-09,148.26,150.43,148.01,148.25,1460584
2018-04-10,149.99,152.74,149.84,152.05,2262125
2018-04-11,149.40,149.87,148.16,148.40,1734752
2018-04-12,149.18,151.13,148.93,150.09,2005562
2018-04-13,151.00,151.41,149.46,150.13,1552669
2018-04-16,151.45,152.05,150.48,151.42,2149504
2018-04-17,152.65,154.59,152.08,154.24,2702290
2018-04-18,154.35,155.70,153.34,155.52,1934391
2018-04-19,155.00,155.21,153.62,154.59,1461497
2018-04-20,154.02,154.75,151.91,152.41,2298457
2018-04-23,153.23,153.46,152.11,153.04,1511287
2018-04-24,153.57,154.34,149.85,151.07,1922152
2018-04-25,151.50,151.50,148.43,150.09,1902348
2018-04-26,150.93,153.13,150.60,152.29,1624054
2018-04-27,152.29,152.97,151.19,152.39,1179514
2018-04-30,153.17,153.26,151.18,151.20,1495734
2018-05-01,151.09,151.95,150.12,151.92,1204794
2018-05-02,151.72,152.09,150.41,150.71,1504721
2018-05-03,150.30,152.04,149.14,151.73,1725045
2018-05-04,150.71,153.96,150.35,153.44,1503796
2018-05-07,152.95,153.08,151.84,152.30,2054777
2018-05-08,151.35,152.50,151.03,151.94,1725479
2018-05-09,152.90,154.98,152.20,154.62,1511418
2018-05-10,154.99,157.00,154.43,156.54,1299395
2018-05-11,156.54,157.62,155.82,157.08,1211574
2018-05-14,157.32,157.65,155.31,155.57,1636439
2018-05-15,154.73,154.80,153.38,154.07,1774297
2018-05-16,154.50,155.05,153.66,154.08,1799578
2018-05-17,154.41,155.72,153.82,154.93,1525569
2018-05-18,155.00,155.93,154.62,155.31,1516452
2018-05-21,156.02,157.42,156.02,156.94,1547463
2018-05-22,156.97,157.43,155.15,155.33,1757072
2018-05-23,155.29,156.06,154.09,155.31,1730515
2018-05-24,155.83,156.05,154.69,155.59,1907754
2018-05-25,155.39,156.48,155.05,155.99,1314942
2018-05-29,154.96,155.24,152.66,153.54,2047298
2018-05-30,154.80,156.54,154.53,156.03,1578172
2018-05-31,156.00,156.78,154.91,155.74,2745922
2018-06-01,156.94,159.28,156.56,158.89,1806179
2018-06-04,158.65,160.00,158.06,159.43,1476478
2018-06-05,159.16,160.36,159.05,159.92,1754607
2018-06-06,160.57,162.75,160.16,162.71,1730215
2018-06-07,162.74,162.85,159.60,160.61,1788085
2018-06-08,160.71,162.33,160.61,162.17,1725235
2018-06-11,161.53,163.62,161.53,162.75,1963933
2018-06-12,163.44,164.01,162.45,162.84,2870315
2018-06-13,163.09,164.25,162.61,163.02,2357630
2018-06-14,163.33,163.95,162.14,162.76,1912439
2018-06-15,161.84,163.70,160.64,163.48,8561518
2018-06-18,162.00,162.98,160.86,162.88,1789847
2018-06-19,162.12,163.34,161.30,163.31,2574366
2018-06-20,163.00,163.37,161.66,161.77,2026808
2018-06-21,161.37,161.93,159.63,160.03,1942307
2018-06-22,160.50,160.50,158.44,159.63,3657527
2018-06-25,157.99,158.06,155.35,156.16,3134549
2018-06-26,156.53,157.59,156.16,156.86,2163345
2018-06-27,157.16,158.70,155.30,155.34,3189517
2018-06-28,160.49,165.56,159.70,164.50,5797983
2018-06-29,164.19,165.56,163.03,163.59,3369919
2018-07-02,161.90,163.41,161.30,163.23,2275329
2018-07-03,163.91,165.42,163.02,163.34,1919106
2018-07-05,163.70,164.85,163.16,164.80,2406246
2018-07-06,164.77,165.17,163.01,164.51,1828371
2018-07-09,165.00,166.26,165.00,166.13,1623888
2018-07-10,166.50,167.77,166.34,166.46,2067813
2018-07-11,165.40,167.10,164.61,166.31,1286559
2018-07-12,167.52,168.15,166.98,168.03,1710302
2018-07-13,167.75,168.50,167.63,168.09,1420047
2018-07-16,168.15,168.47,167.38,167.64,1520221
2018-07-17,167.08,168.95,167.00,168.07,2248799
2018-07-18,167.47,167.47,165.97,166.38,2166213
2018-07-19,166.21,167.27,165.51,166.89,2037464
2018-07-20,166.59,166.99,166.32,166.52,1110210
2018-07-23,165.93,166.45,165.51,165.96,1739218
2018-07-24,166.33,166.52,164.31,165.17,2496822
2018-07-25,165.00,167.12,165.00,167.08,2283757
2018-07-26,167.40,168.11,165.06,165.17,2200429
2018-07-27,165.36,165.75,161.11,162.02,2691586
2018-07-30,162.24,162.42,158.08,159.42,2553162
2018-07-31,160.30,161.30,158.89,159.33,2706083
2018-08-01,160.31,161.39,159.09,159.71,2060582
2018-08-02,158.30,160.30,157.84,160.15,1774654
2018-08-03,160.49,160.94,158.96,160.37,1478506
2018-08-06,160.27,161.01,159.58,160.58,1135813
2018-08-07,161.18,161.91,161.00,161.20,1344943
2018-08-08,161.10,161.65,160.90,161.14,1123440
2018-08-09,161.13,161.74,160.54,160.64,1625712
2018-08-10,160.05,161.47,159.88,160.68,1353743
2018-08-13,160.73,161.90,160.05,160.23,1564675
2018-08-14,160.09,161.63,159.89,161.24,1574680
2018-08-15,160.56,161.44,159.76,160.41,1575582
2018-08-16,161.80,163.25,161.51,162.89,1890941
2018-08-17,163.47,165.17,163.06,164.89,2705571
2018-08-20,165.34,165.64,164.80,165.12,1202394
2018-08-21,165.50,165.90,164.52,164.61,1282088
2018-08-22,164.69,165.86,164.34,164.92,1177637
2018-08-23,164.98,166.47,164.98,165.20,1288553
2018-08-24,165.91,166.79,165.01,165.88,1768231
2018-08-27,166.78,167.25,166.14,166.87,1406780
2018-08-28,167.38,167.90,166.58,167.67,1658904
2018-08-29,167.55,169.92,167.55,169.77,1285870
2018-08-30,169.56,169.77,168.13,168.63,1343986
2018-08-31,168.71,169.56,168.20,169.07,2803263
2018-09-04,168.76,169.59,167.88,169.50,1599902
2018-09-05,169.05,169.29,167.50,168.64,1854569
2018-09-06,168.28,169.92,167.84,169.36,1812963
2018-09-07,168.87,169.67,168.46,169.07,1509934
2018-09-10,169.86,171.00,169.45,169.55,1717789
2018-09-11,169.71,171.01,169.23,170.69,1941262
2018-09-12,170.69,171.03,169.51,170.35,1741493
2018-09-13,171.16,172.51,170.85,172.07,1537720
2018-09-14,171.74,172.27,171.03,171.64,2150625
2018-09-17,171.45,171.72,170.76,171.04,1749004
2018-09-18,171.14,172.82,171.06,172.41,2032768
2018-09-19,172.82,173.31,171.85,173.14,1508814
2018-09-20,173.90,174.39,173.26,174.13,1692976
2018-09-21,174.75,175.64,173.87,174.19,4733791
2018-09-24,173.06,173.25,172.24,172.63,2067517
2018-09-25,173.54,174.50,172.43,172.82,1762813
2018-09-26,173.07,174.55,172.46,172.97,2607373
2018-09-27,168.93,173.93,168.70,170.05,3083329
2018-09-28,169.99,170.80,169.06,170.20,2384530
2018-10-01,171.14,174.18,171.10,173.51,2334803
2018-10-02,173.12,173.56,172.51,173.15,1762652
2018-10-03,173.72,174.82,173.66,174.14,1625010
2018-10-04,173.87,174.14,170.48,171.86,1779076
2018-10-05,171.53,172.15,170.11,171.23,1485784
2018-10-08,170.34,171.74,168.65,169.90,1635268
2018-10-09,169.21,169.88,168.11,168.80,2027861
2018-10-10,168.50,168.63,161.58,161.74,2737496
2018-10-11,161.12,161.54,155.11,156.00,4749318
2018-10-12,159.59,160.23,157.39,159.44,3368463
2018-10-15,158.94,159.62,157.84,157.92,1932821
2018-10-16,159.57,161.88,158.90,161.20,2830209
2018-10-17,159.15,160.36,157.80,158.90,2687245
2018-10-18,158.44,158.44,155.17,156.20,2195974
2018-10-19,156.01,158.65,155.43,158.28,2426068
2018-10-22,158.09,160.29,157.03,159.55,1958279
2018-10-23,156.70,159.31,155.58,158.09,2195844
2018-10-24,157.87,158.44,153.00,153.12,2470050
2018-10-25,155.40,157.96,154.88,156.92,2094974
2018-10-26,154.30,156.08,152.86,154.45,2472543
2018-10-29,156.05,156.64,150.63,152.74,1875989
2018-10-30,153.44,154.86,152.31,154.62,2293919
2018-10-31,156.22,159.45,156.03,157.62,2414225
2018-11-01,157.90,159.21,157.44,158.58,1756822
2018-11-02,158.94,160.67,155.99,157.39,1990435
2018-11-05,157.63,158.96,156.73,158.60,1705204
2018-11-06,158.96,159.97,158.70,159.42,1364695
2018-11-07,160.00,163.99,159.99,163.87,2278389
2018-11-08,162.87,164.54,162.87,164.50,1288676
2018-11-09,164.03,165.65,163.14,165.15,1882106
2018-11-12,164.52,164.95,162.32,162.44,2242524
2018-11-13,162.67,163.84,160.93,161.45,1486738
2018-11-14,163.22,163.40,159.38,160.29,2797491
2018-11-15,159.92,162.94,159.43,162.49,2553817
2018-11-16,161.71,165.83,161.69,165.00,3204915
2018-11-19,164.50,165.94,162.11,162.77,2116470
2018-11-20,160.20,160.97,157.74,158.90,2213039
2018-11-21,160.00,160.00,156.74,156.98,2525535
2018-11-23,155.85,157.87,155.25,156.93,938816
2018-11-26,158.54,159.48,157.38,158.40,2115589
2018-11-27,158.04,159.38,157.50,159.11,1929975
2018-11-28,160.01,162.36,159.29,162.21,2783119
2018-11-29,162.21,162.46,160.81,161.07,2411494
2018-11-30,161.77,164.54,160.98,164.52,5832783
2018-12-03,165.97,167.07,164.68,166.82,2284085
2018-12-04,166.46,168.37,164.09,164.21,3108890
2018-12-06,160.71,161.74,156.64,159.25,5964111
2018-12-07,158.88,160.78,156.24,157.45,2945692
2018-12-10,157.02,158.65,154.41,157.72,2279525
2018-12-11,160.00,160.83,157.41,158.30,1786296
2018-12-12,160.26,161.21,158.53,158.62,2410831
2018-12-13,159.79,161.09,159.22,160.25,1873551
2018-12-14,158.33,158.64,155.12,155.53,2336077
2018-12-17,154.73,154.98,150.88,151.67,2572130
2018-12-18,153.33,154.03,151.15,152.14,2572001
2018-12-19,152.29,156.21,149.58,150.96,3212796
2018-12-20,146.00,147.20,139.49,143.50,6409216
2018-12-21,141.02,144.85,136.93,137.20,6068599
2018-12-24,136.58,136.92,133.60,133.67,2305355
2018-12-26,134.80,139.02,132.63,139.01,2428586
2018-12-27,137.11,140.41,134.69,140.41,2682234
2018-12-28,141.01,141.80,138.81,139.82,1931372
2018-12-31,140.40,141.29,139.39,141.01,1826426
2019-01-02,138.93,141.19,138.28,140.59,2046040
2019-01-03,139.13,139.57,135.58,135.79,2727258
2019-01-04,138.12,141.34,137.50,141.07,2259366
2019-01-07,140.83,142.37,139.85,141.56,2280655
2019-01-08,144.63,146.81,142.69,145.14,2618969
2019-01-09,145.26,147.20,145.14,145.87,2169600
2019-01-10,144.66,147.13,144.27,147.02,1835659
2019-01-11,143.01,147.43,143.01,146.23,2004135
2019-01-14,144.78,145.66,144.15,144.93,1471503
2019-01-15,145.08,147.50,145.01,146.89,1539550
2019-01-16,148.78,149.46,147.72,147.88,2643178
2019-01-17,147.24,149.62,147.24,149.12,1698203
2019-01-18,150.00,151.40,149.11,150.45,2470548
2019-01-22,149.50,150.40,147.91,148.97,1950252
2019-01-23,149.86,150.93,147.44,148.42,1986619
2019-01-24,148.81,150.31,148.67,150.15,1947056
2019-01-25,151.58,152.22,150.96,151.85,1742762
2019-01-28,150.72,152.24,150.20,152.24,2030639
2019-01-29,152.02,152.41,151.11,152.02,1939050
2019-01-30,152.52,154.50,151.84,154.09,1679363
2019-01-31,153.50,154.90,153.12,153.55,1974173
2019-02-01,154.25,155.22,153.66,154.74,1957430
2019-02-04,155.00,156.64,154.23,156.55,1658869
2019-02-05,156.75,157.41,156.55,157.32,1764575
2019-02-06,157.15,158.03,156.89,157.16,1375103
2019-02-07,155.85,156.00,154.19,155.18,2108751
2019-02-08,154.15,155.95,154.02,155.59,2300033
2019-02-11,156.00,157.30,155.02,155.32,1410528
2019-02-12,156.03,157.03,155.64,156.63,1844869
2019-02-13,157.00,158.54,156.86,158.03,1851123
2019-02-14,157.72,158.84,156.74,157.85,1552928
2019-02-15,159.08,159.33,158.23,159.23,2395215
2019-02-19,158.61,160.10,158.19,159.48,1656522
2019-02-20,159.78,160.12,158.43,159.71,1918737
2019-02-21,159.58,160.05,158.88,159.53,1831328
2019-02-22,160.18,161.83,159.96,161.50,1679308
2019-02-25,162.06,162.41,161.53,161.67,1346974
2019-02-26,161.62,162.50,161.03,161.34,1508591
2019-02-27,160.85,161.26,160.13,160.63,1536250
2019-02-28,160.90,162.00,160.39,161.38,2017270
2019-03-01,163.00,164.90,162.68,164.20,2224943
2019-03-04,164.75,164.92,160.91,162.82,1808557
2019-03-05,162.97,163.91,162.52,163.67,1530313
2019-03-06,164.06,164.06,162.34,162.39,1720981
2019-03-07,162.21,162.45,160.78,161.85,1654983
2019-03-08,161.00,161.81,160.50,161.69,1458083
2019-03-11,162.48,164.07,161.99,163.94,1239927
2019-03-12,164.49,165.82,163.72,163.99,2351166
2019-03-13,164.97,165.28,163.66,164.11,2093119
2019-03-14,164.46,164.93,164.11,164.82,2270066
2019-03-15,165.00,167.04,164.90,166.39,3737186
2019-03-18,166.75,167.44,165.14,166.43,1592110
2019-03-19,167.11,167.63,165.53,166.20,1927370
2019-03-20,166.40,167.26,164.81,166.27,2126863
2019-03-21,165.18,168.92,165.18,168.24,1666367
2019-03-22,167.80,168.42,165.11,165.24,1602588
2019-03-25,164.98,165.47,164.00,165.08,1769893
2019-03-26,166.48,167.60,165.94,166.94,1777771
2019-03-27,167.00,167.80,165.37,166.47,2369877
2019-03-28,170.92,177.49,170.48,175.12,5213161
2019-03-29,175.30,176.97,174.95,176.02,2742315
2019-04-01,175.50,176.52,174.78,176.32,2863484
2019-04-02,175.83,176.55,174.56,175.37,1879568
2019-04-03,175.90,177.39,175.48,177.19,2001817
2019-04-04,177.19,177.44,175.86,177.16,2140855
2019-04-05,177.44,178.42,177.04,178.15,1861494
2019-04-08,177.67,179.07,177.37,178.91,1373342
2019-04-09,177.75,178.47,177.28,177.73,1813888
2019-04-10,176.80,177.75,176.10,177.00,1573263
2019-04-11,177.18,178.47,176.90,178.36,1417211
2019-04-12,178.50,179.36,177.80,178.64,2444603
2019-04-15,178.41,179.63,177.94,179.30,1496502
2019-04-16,179.80,179.90,178.26,179.06,1618099
2019-04-17,179.58,180.00,178.90,178.95,1597494
2019-04-18,178.72,179.00,177.39,178.61,1300302
2019-04-22,177.25,178.25,177.02,178.07,1393852
2019-04-23,178.20,180.55,177.96,180.48,1714646
2019-04-24,180.86,181.41,180.27,180.81,1463569
2019-04-25,180.58,180.58,178.61,179.95,1003789
2019-04-26,180.12,180.85,179.09,180.83,933434
2019-04-29,180.78,181.72,180.64,181.21,999471
2019-04-30,181.58,182.83,181.17,182.67,1535810
2019-05-01,183.20,183.35,181.29,181.31,1242440
2019-05-02,181.00,182.33,178.49,179.39,1889915
2019-05-03,177.03,177.96,176.52,176.98,2680151
2019-05-06,173.83,176.87,172.89,176.26,1630188
2019-05-07,174.92,175.15,172.36,173.94,2308518
2019-05-08,174.07,175.25,173.16,173.82,1984874
2019-05-09,172.10,174.58,171.39,174.46,2044771
2019-05-10,173.72,174.97,170.67,174.30,2139599
2019-05-13,171.39,172.00,170.35,171.02,1853848
2019-05-14,171.91,174.77,171.91,173.61,2181155
2019-05-15,172.21,176.14,172.18,175.40,2060834
2019-05-16,176.27,179.75,176.11,178.17,2232076
2019-05-17,176.39,179.19,176.39,178.33,1551054
2019-05-20,176.98,179.47,176.44,178.54,1566035
2019-05-21,179.61,180.00,178.81,179.57,1224851
2019-05-22,179.32,181.38,179.19,180.39,1212257
2019-05-23,178.94,178.94,176.44,178.27,1250242
2019-05-24,179.56,180.33,178.64,178.81,1288052
2019-05-28,179.26,180.11,177.80,178.39,2336466
2019-05-29,177.64,178.70,176.61,177.61,1547740
2019-05-30,177.66,179.46,177.66,178.82,1047890
2019-05-31,177.47,178.63,176.49,178.07,1799587
2019-06-03,177.87,178.36,174.23,175.16,1774584
2019-06-04,177.27,178.02,175.77,177.97,2269684
2019-06-05,179.42,180.35,178.39,179.56,1492153
2019-06-06,180.00,180.98,179.33,180.40,1737729
2019-06-07,181.63,184.23,181.27,182.92,1965930
2019-06-10,184.33,185.27,183.73,184.44,1524978
2019-06-11,185.76,186.68,183.07,183.37,1423354
2019-06-12,183.62,185.07,183.22,184.59,1402136
2019-06-13,185.87,186.10,184.24,184.95,1323687
2019-06-14,184.66,185.83,184.14,184.97,1864791
2019-06-17,185.00,185.33,183.78,183.90,1177874
2019-06-18,184.99,185.67,184.29,184.50,1972568
2019-06-19,184.73,185.38,183.51,183.95,2023532
2019-06-20,184.79,186.96,184.48,186.52,2121985
2019-06-21,187.10,187.31,185.19,185.56,3306585
2019-06-24,186.07,187.15,185.58,186.11,1703151
2019-06-25,186.52,186.66,184.48,184.90,1863549
2019-06-26,185.63,185.93,183.31,183.31,2395277
2019-06-27,178.80,183.11,177.99,183.00,3434646
2019-06-28,184.23,185.50,182.87,184.77,2937898
2019-07-01,184.83,186.96,184.43,186.87,2404744
2019-07-02,186.91,188.74,186.24,188.60,2123522
2019-07-03,189.33,190.97,188.10,190.97,1106937
2019-07-05,189.92,191.74,188.25,191.39,2111254
2019-07-08,191.06,191.14,189.86,190.31,1877198
2019-07-09,189.07,191.15,189.07,191.09,1732512
2019-07-10,191.51,192.09,190.98,191.71,1584398
2019-07-11,192.49,194.67,192.25,194.67,1922228
2019-07-12,195.00,196.23,193.82,196.21,2059365
2019-07-15,196.22,196.36,195.08,195.32,1267005
2019-07-16,195.15,195.60,193.38,194.25,1460054
2019-07-17,194.84,195.11,193.54,193.81,1557712
2019-07-18,193.69,195.64,193.19,194.82,1562376
2019-07-19,194.83,195.96,193.86,193.93,1583180
2019-07-22,194.65,195.40,194.31,194.44,1090004
2019-07-23,195.32,195.50,193.00,194.46,1111757
2019-07-24,194.00,194.55,192.88,194.47,1250881
2019-07-25,195.01,195.60,193.69,194.97,1531045
2019-07-26,195.10,197.03,194.58,196.93,1255354
2019-07-29,197.00,197.47,196.20,197.35,1319729
2019-07-30,196.37,197.23,195.35,195.65,1143875
2019-07-31,196.06,196.39,190.51,192.58,1566043
2019-08-01,193.33,197.22,193.23,194.16,1837094
2019-08-02,194.47,194.47,190.50,193.01,1833142
2019-08-05,189.58,191.00,184.23,185.55,2422017
2019-08-06,186.67,189.56,186.51,188.81,2055580
2019-08-07,187.21,189.36,184.40,188.87,2495136
2019-08-08,190.00,194.28,189.38,194.18,1804069
2019-08-09,193.61,193.68,190.21,191.48,1831838
2019-08-12,191.48,191.88,189.32,190.00,1597201
2019-08-13,188.76,193.02,188.76,192.88,2139683
2019-08-14,190.40,191.39,186.81,186.97,2316494
2019-08-15,187.35,190.23,186.70,189.56,1932571
2019-08-16,191.12,193.66,190.47,193.22,2526872
2019-08-19,195.00,196.29,194.52,195.18,1891034
2019-08-20,195.11,195.98,193.12,194.20,1423474
2019-08-21,195.69,196.84,195.07,195.73,1044737
2019-08-22,196.46,196.97,194.27,196.34,1160851
2019-08-23,195.00,197.93,191.57,192.81,2290363
2019-08-26,194.34,195.47,193.47,195.47,1642518
2019-08-27,196.02,197.40,195.24,197.16,1632696
2019-08-28,196.89,197.53,194.57,196.84,1326231
2019-08-29,198.00,199.91,197.44,198.74,1494242
2019-08-30,200.00,200.68,196.77,198.17,2176628
2019-09-03,196.36,197.76,195.44,195.75,1696454
2019-09-04,197.83,198.36,197.37,197.71,1250656
2019-09-05,199.80,199.80,198.45,199.49,2216109
2019-09-06,200.00,202.80,199.04,201.12,2184065
2019-09-09,200.97,201.12,192.84,194.83,2702837
2019-09-10,192.98,193.54,187.89,189.66,3630960
2019-09-11,190.00,192.47,189.24,191.37,2430280
2019-09-12,194.70,196.23,191.93,195.52,2122176
2019-09-13,196.00,196.00,193.96,194.62,1592554
2019-09-16,193.37,195.22,193.01,194.16,1359991
2019-09-17,193.36,195.79,193.36,194.95,1465897
2019-09-18,194.18,194.59,191.54,194.13,1895580
2019-09-19,194.48,196.13,194.22,194.67,1578574
2019-09-20,195.05,196.23,192.45,193.09,2654578
2019-09-23,192.33,193.94,192.01,192.84,1669831
2019-09-24,194.44,195.87,189.78,190.14,2964087
2019-09-25,191.60,192.00,188.71,190.87,2841660
2019-09-26,188.06,193.34,187.28,192.12,3729686
2019-09-27,193.56,193.58,190.39,191.38,2012577
2019-09-30,191.49,193.35,191.41,192.35,2027320
2019-10-01,192.60,193.37,189.41,189.62,2074618
2019-10-02,188.34,188.65,182.89,184.85,2945581
2019-10-03,185.32,186.09,182.85,185.81,2225685
2019-10-04,186.81,189.82,186.10,189.64,1582556
2019-10-07,188.29,188.70,186.79,186.81,1651509
2019-10-08,185.41,185.72,182.00,182.20,2283676
2019-10-09,183.79,185.29,183.22,184.34,1795494
2019-10-10,183.83,184.87,182.60,183.83,2145784
2019-10-11,185.71,187.71,184.74,184.97,2385165
2019-10-14,185.36,186.33,184.22,185.50,1350313
2019-10-15,185.82,187.38,185.56,187.00,1466912
2019-10-16,184.59,186.99,184.16,186.57,1925404
2019-10-17,186.96,187.33,185.16,186.04,1491370
2019-10-18,186.87,188.13,186.61,187.08,2896692
2019-10-21,186.95,187.53,185.39,187.34,1347967
2019-10-22,187.27,188.11,182.34,182.72,1773966
2019-10-23,182.39,184.84,181.97,184.07,2276462
2019-10-24,185.05,187.01,184.65,185.00,2017655
2019-10-25,184.67,184.83,183.02,183.07,1389245
2019-10-28,184.41,185.93,182.56,182.87,1832708
2019-10-29,182.55,185.75,182.37,184.80,1553999
2019-10-30,185.15,187.04,184.29,186.58,1243282
2019-10-31,186.16,188.06,184.34,185.42,1574829
2019-11-01,186.70,188.34,186.11,188.22,1502137
2019-11-04,188.51,189.17,187.39,187.80,1156782
2019-11-05,188.00,188.00,185.48,186.88,1536601
2019-11-06,186.99,189.27,186.91,189.23,1652201
2019-11-07,189.31,190.20,188.66,189.09,1676799
2019-11-08,188.66,189.71,188.27,189.70,1282384
2019-11-11,188.76,190.46,188.55,190.06,1167010
2019-11-12,190.17,191.65,189.87,191.43,1522849
2019-11-13,191.15,194.77,190.49,194.50,1922750
2019-11-14,194.00,196.41,193.83,196.25,1672930
2019-11-15,195.90,197.56,195.81,196.81,2426211
2019-11-18,197.43,198.95,196.76,198.02,1561030
2019-11-19,198.20,198.75,197.39,198.34,1342180
2019-11-20,198.73,199.76,196.77,197.71,1477345
2019-11-21,197.42,197.93,196.14,196.78,1217370
2019-11-22,198.05,198.42,195.10,196.66,1117880
2019-11-25,197.64,198.38,197.40,198.36,1951868
2019-11-26,198.36,201.00,197.77,200.92,2325325
2019-11-27,200.54,201.36,199.19,201.25,1205044
2019-11-29,201.24,201.66,200.00,201.16,750578
2019-12-02,201.44,201.69,198.05,199.59,1262291
2019-12-03,197.54,199.29,196.47,198.75,1539900
2019-12-04,199.76,200.39,199.24,199.58,1221849
2019-12-05,200.00,200.03,198.88,199.85,1816575
2019-12-06,201.40,202.82,200.49,202.55,1345728
2019-12-09,201.77,202.88,201.44,202.03,2001037
2019-12-10,202.03,202.26,200.87,201.88,1403363
2019-12-11,202.13,202.62,200.34,202.30,1669688
2019-12-12,202.16,204.43,201.24,203.92,1932584
2019-12-13,203.06,206.72,203.01,206.66,1648289
2019-12-16,207.12,208.66,204.97,205.00,2702455
2019-12-17,205.00,205.72,202.95,203.40,2377398
2019-12-18,203.60,206.17,203.51,205.76,3003776
2019-12-19,202.06,208.30,202.06,208.30,3944194
2019-12-20,211.11,213.25,209.07,211.10,4148819
2019-12-23,210.96,211.29,208.84,210.83,2220907
2019-12-24,210.71,211.67,210.56,211.61,998507
2019-12-26,211.61,212.12,211.26,212.05,1059826
2019-12-27,212.45,212.63,211.61,212.22,1292186
2019-12-30,212.24,212.24,209.05,210.64,1194083
2019-12-31,209.98,211.06,209.44,210.57,1371627
2020-01-02,210.86,211.92,208.81,210.15,2221991
2020-01-03,208.50,210.62,207.00,209.80,1802087
2020-01-06,208.27,208.79,206.81,208.43,2841444
2020-01-07,203.20,206.26,203.19,203.93,3098925
2020-01-08,204.00,205.45,203.53,204.33,2271506
2020-01-09,205.50,207.28,205.16,206.15,2910619
2020-01-10,206.93,208.31,206.72,207.66,1573086
2020-01-13,207.49,209.84,207.49,209.59,2202982
2020-01-14,209.55,211.00,207.03,207.73,2499150
2020-01-15,208.00,208.44,206.73,207.26,1985994
2020-01-16,208.14,209.09,207.90,208.98,2691624
2020-01-17,210.00,210.65,208.35,209.20,2584508
2020-01-21,207.50,210.16,207.00,209.15,2687176
2020-01-22,210.20,211.86,209.35,209.41,1873641
2020-01-23,209.40,210.81,208.87,210.68,2368512
2020-01-24,211.00,211.59,208.05,208.57,2348904
2020-01-27,205.18,207.84,204.85,206.55,1381344
2020-01-28,207.87,210.96,207.25,210.24,1810188
2020-01-29,210.68,211.21,207.79,207.96,1491605
2020-01-30,207.50,208.93,205.20,208.37,1579621
2020-01-31,208.50,209.63,204.00,205.21,1793599
2020-02-03,205.34,208.42,205.25,207.80,2345746
2020-02-04,210.00,213.79,209.75,212.53,2243007
2020-02-05,213.89,214.46,210.41,212.22,2102667
2020-02-06,213.00,214.38,212.31,214.16,1611488
2020-02-07,213.34,213.39,211.09,211.58,1447728
2020-02-10,210.19,212.97,210.19,212.55,1421591
2020-02-11,213.38,213.98,211.76,212.14,1321019
2020-02-12,212.20,212.87,211.54,211.99,1801311
2020-02-13,209.87,213.54,209.34,212.40,1721214
2020-02-14,213.25,213.53,211.35,212.37,2096562
2020-02-18,212.50,214.06,211.20,213.76,1699427
2020-02-19,215.00,216.39,214.38,215.92,1806042
2020-02-20,215.88,216.32,211.61,213.90,1481699
2020-02-21,212.59,213.55,210.49,211.89,2088815
2020-02-24,204.47,207.87,203.45,204.36,2600408
2020-02-25,204.78,205.48,195.86,197.10,2883563
2020-02-26,198.67,201.44,194.79,195.67,2671071
2020-02-27,192.20,194.35,186.37,186.44,3040446
2020-02-28,180.26,183.20,175.30,180.59,5785220
2020-03-02,182.00,189.82,178.02,189.55,4317919
2020-03-03,189.77,191.90,180.62,182.22,3514000
2020-03-04,185.80,189.71,184.30,188.86,3875483
2020-03-05,185.09,187.46,180.92,182.56,3548249
2020-03-06,177.45,180.31,173.92,178.75,3284386
2020-03-09,165.40,170.88,160.10,164.11,5112245
2020-03-10,171.08,174.74,166.04,174.56,4349451
2020-03-11,169.32,171.16,162.65,165.11,5188257
2020-03-12,153.00,158.75,147.08,152.53,6357925
2020-03-13,160.62,166.71,152.93,166.51,5742804
2020-03-16,148.29,166.51,143.51,152.54,5324876
2020-03-17,154.00,160.66,152.48,157.71,6081186
2020-03-18,151.57,159.80,142.00,151.15,5860155
2020-03-19,151.36,177.80,151.36,158.50,6338256
2020-03-20,157.53,159.47,147.42,149.94,6449708
2020-03-23,148.01,148.01,137.15,143.69,6173888
2020-03-24,152.26,157.63,149.49,156.85,4685083
2020-03-25,156.44,159.69,148.11,151.82,4795680
2020-03-26,153.40,171.60,150.00,171.34,5194535
2020-03-27,165.00,169.29,160.61,162.88,3802537
2020-03-30,164.12,170.37,163.78,169.82,2731346
2020-03-31,167.43,169.88,162.16,163.26,2963228
2020-04-01,158.57,160.82,152.58,154.68,2973098
2020-04-02,154.05,160.50,153.55,156.27,3030044
2020-04-03,155.60,158.72,148.28,152.15,3766837
2020-04-06,158.98,166.75,157.04,166.05,3089966
2020-04-07,171.08,171.49,163.93,164.12,3002732
2020-04-08,166.58,172.69,165.07,171.73,2466264
2020-04-09,173.23,179.87,172.51,177.92,3743781
2020-04-13,176.18,177.01,169.56,172.57,1918535
2020-04-14,177.00,178.89,176.02,178.10,2874967
2020-04-15,174.30,174.31,168.89,169.45,2504814
2020-04-16,171.26,172.05,167.52,167.95,3051768
2020-04-17,172.52,175.16,172.05,175.09,4759164
2020-04-20,172.59,176.90,171.76,174.74,2511870
2020-04-21,170.82,172.80,165.71,166.24,2711361
2020-04-22,170.04,173.34,169.21,172.31,1921231
2020-04-23,173.36,175.32,172.14,172.90,3027901
2020-04-24,176.40,176.40,172.57,175.46,2121085
2020-04-27,176.23,180.53,176.20,179.43,2457808
2020-04-28,182.08,183.26,176.91,178.36,2160133
2020-04-29,182.31,188.17,181.70,187.56,2957576
2020-04-30,185.53,186.48,184.19,185.19,2740854
2020-05-01,181.71,182.99,179.26,180.09,2064179
2020-05-04,177.98,180.64,176.88,179.53,1710513
2020-05-05,182.08,183.89,181.00,181.62,1621909
2020-05-06,182.10,182.50,179.05,180.38,1474938
2020-05-07,182.99,187.43,182.50,187.11,2295370
2020-05-08,188.99,189.85,187.68,188.56,1779220
2020-05-11,186.49,189.53,185.29,187.75,2013784
2020-05-12,187.84,189.99,185.69,185.72,1912272
2020-05-13,185.04,185.14,178.75,181.00,2349306
2020-05-14,178.70,180.01,174.94,179.99,2773299
2020-05-15,178.37,183.96,177.83,183.88,3630126
2020-05-18,189.00,194.14,188.11,192.75,2254702
2020-05-19,192.50,194.51,189.92,190.09,1784100
2020-05-20,192.50,195.67,192.23,195.18,2294780
2020-05-21,194.70,195.52,192.70,193.50,1372965
2020-05-22,194.08,194.89,191.13,193.71,1317533
2020-05-26,199.42,199.99,196.03,196.40,2408717
2020-05-27,198.38,199.95,196.21,199.93,2000474
2020-05-28,200.01,204.18,200.01,201.67,2280638
2020-05-29,201.49,202.41,198.69,201.62,2535390
2020-06-01,201.54,203.75,199.87,203.38,1530771
2020-06-02,204.09,205.79,202.34,205.78,1939214
2020-06-03,204.42,207.83,204.31,207.28,1605416
2020-06-04,206.09,207.79,202.33,203.10,2451544
2020-06-05,205.99,209.72,204.79,208.49,2538097
2020-06-08,207.51,211.32,207.00,211.28,1627109
2020-06-09,209.39,209.79,205.50,207.34,2269815
2020-06-10,207.26,210.83,205.90,209.43,2077205
2020-06-11,205.52,205.95,195.88,195.95,4046643
2020-06-12,201.10,202.43,197.31,201.59,2590135
2020-06-15,196.49,200.74,194.83,199.79,2311520
2020-06-16,203.36,206.88,202.12,204.40,2153970
2020-06-17,206.03,206.33,203.65,205.20,1594775
2020-06-18,201.73,203.17,199.29,202.93,2227958
2020-06-19,207.54,208.28,201.52,201.55,3709867
2020-06-22,200.80,204.08,199.47,202.60,2454492
2020-06-23,205.37,209.68,205.37,207.40,2204028
2020-06-24,205.51,207.40,200.50,201.84,2753697
2020-06-25,213.00,217.89,211.50,217.32,4690183
2020-06-26,216.78,216.93,211.07,212.47,3348789
2020-06-29,210.15,213.39,210.15,212.72,2247887
2020-06-30,212.37,215.64,212.13,214.72,3136366
2020-07-01,214.50,216.90,213.88,214.59,2124741
2020-07-02,216.57,218.45,214.90,215.72,2006247
2020-07-06,217.76,219.66,216.31,217.55,1934583
2020-07-07,216.32,219.87,216.12,216.33,1783845
2020-07-08,217.47,219.15,216.34,218.89,1750701
2020-07-09,218.47,220.61,216.23,219.31,1756734
2020-07-10,219.00,220.86,217.67,220.26,1373645
2020-07-13,221.33,221.87,215.23,215.74,2090141
2020-07-14,214.80,219.37,213.51,219.16,1747837
2020-07-15,220.00,222.75,218.46,219.76,2193668
2020-07-16,219.78,220.63,218.59,219.11,1408455
2020-07-17,219.69,222.64,218.30,221.94,2069734
2020-07-20,222.00,224.11,220.11,223.43,1371802
2020-07-21,224.90,225.74,222.44,222.75,1546170
2020-07-22,222.75,224.74,222.44,224.23,1488034
2020-07-23,224.08,225.51,221.37,222.30,1444898
2020-07-24,220.21,223.17,220.21,221.44,1542280
2020-07-27,221.50,224.52,220.82,223.32,1523192
2020-07-28,223.04,224.76,221.90,222.18,1422267
2020-07-29,221.98,225.40,221.93,224.38,1474142
2020-07-30,220.81,223.99,219.78,223.98,1408580
2020-07-31,223.89,224.95,220.90,224.78,1495514
2020-08-03,225.00,228.00,224.46,227.18,1631729
2020-08-04,226.29,227.78,225.55,227.15,1260453
2020-08-05,227.94,229.40,227.46,228.70,1155421
2020-08-06,227.68,230.97,227.68,230.89,1318042
2020-08-07,229.25,231.87,228.72,231.56,1275413
2020-08-10,229.69,231.26,229.52,230.34,1315745
2020-08-11,230.58,232.51,228.16,228.57,1757172
2020-08-12,230.30,231.32,229.25,229.75,1512854
2020-08-13,229.59,232.38,228.93,231.73,1745756
2020-08-14,230.57,231.93,229.41,230.25,1130457
2020-08-17,231.45,233.77,230.98,232.62,1395429
2020-08-18,233.35,234.93,232.58,234.23,1475804
2020-08-19,233.80,236.50,233.80,234.63,1671516
2020-08-20,233.94,236.95,233.58,236.61,1279294
2020-08-21,236.86,238.30,235.00,237.49,1976079
2020-08-24,238.06,239.36,235.85,237.75,1293235
2020-08-25,237.93,238.73,236.71,238.21,1501748
2020-08-26,238.67,241.25,238.11,240.45,2322181
2020-08-27,242.37,242.77,240.00,240.87,1295301
2020-08-28,241.97,243.22,240.26,242.99,1212222
2020-08-31,243.30,243.53,239.10,239.93,2001139
2020-09-01,238.49,240.02,237.20,240.02,1914529
2020-09-02,241.90,247.82,240.84,247.18,1702838
2020-09-03,245.10,246.14,237.13,238.98,2350609
2020-09-04,240.17,240.87,231.91,236.07,1946413
2020-09-08,231.05,236.00,230.62,232.65,2361218
2020-09-09,236.80,241.36,234.81,238.91,1670232
2020-09-10,241.00,243.99,232.11,233.65,2024101
2020-09-11,236.43,237.76,233.25,234.77,1301052
2020-09-14,237.60,240.99,236.81,238.83,1576394
2020-09-15,240.37,242.80,239.00,240.20,1297452
2020-09-16,241.46,244.90,239.17,239.42,1800765
2020-09-17,237.40,239.09,233.88,236.82,2002494
2020-09-18,234.62,238.40,233.43,236.18,3676439
2020-09-21,232.84,233.98,230.03,233.91,2305943
2020-09-22,234.14,237.07,231.79,236.92,1786180
2020-09-23,238.53,239.35,230.37,230.65,2688126
2020-09-24,218.87,220.45,213.15,214.42,4828701
2020-09-25,213.03,215.06,210.42,214.63,3691103
2020-09-28,219.09,223.89,218.30,222.78,2587689
2020-09-29,223.37,225.17,222.31,224.08,2589025
2020-09-30,225.27,228.29,224.62,225.99,2250157
2020-10-01,227.36,229.24,224.03,225.18,1928782
2020-10-02,222.05,224.92,221.35,222.40,1936069
2020-10-05,224.37,224.94,222.04,223.49,1446008
2020-10-06,223.59,225.27,220.09,220.35,2286278
2020-10-07,221.90,224.63,220.05,223.45,2005752
2020-10-08,226.04,226.79,223.97,225.61,1394410
2020-10-09,225.86,229.09,225.80,228.69,1312471
2020-10-12,229.69,231.76,227.58,230.59,1524276
2020-10-13,230.72,231.90,228.81,229.38,1634008
2020-10-14,228.88,231.90,228.32,229.43,1443841
2020-10-15,225.59,230.68,225.26,228.77,1273410
2020-10-16,229.03,231.94,228.68,230.05,1796451
2020-10-19,230.23,233.25,225.72,226.24,1904489
2020-10-20,226.70,232.28,226.45,230.39,1783836
2020-10-21,229.90,234.38,229.06,233.10,1701797
2020-10-22,233.10,234.71,227.85,228.14,1661281
2020-10-23,227.70,229.80,226.93,229.70,1187637
2020-10-26,225.36,227.99,218.35,219.23,2162125
2020-10-27,220.63,223.00,220.21,220.66,1567844
2020-10-28,216.81,217.93,212.92,213.94,2412275
2020-10-29,215.51,218.53,212.45,216.44,1499126
2020-10-30,215.28,217.81,213.64,216.91,1972663
2020-11-02,219.17,223.16,218.32,220.19,2087153
2020-11-03,222.00,227.77,221.43,225.71,1544039
2020-11-04,225.00,230.90,224.40,227.92,1724972
2020-11-05,233.37,236.12,232.41,233.99,1954847
2020-11-06,235.01,237.00,231.07,236.29,1417555
2020-11-09,239.89,248.00,239.66,240.22,3052075
2020-11-10,238.61,239.60,235.58,238.71,2818014
2020-11-11,240.96,244.08,240.13,242.75,1757203
2020-11-12,242.00,243.09,236.89,238.15,1672162
2020-11-13,239.99,242.42,238.09,241.78,1456207
2020-11-16,243.88,246.69,242.64,244.95,1631516
2020-11-17,243.37,245.49,241.28,243.82,1318080
2020-11-18,243.36,243.82,239.55,239.73,1613201
2020-11-19,241.51,243.47,238.69,243.20,1611716
2020-11-20,243.95,246.00,242.26,243.44,1771895
2020-11-23,244.71,246.67,242.57,246.20,1288696
2020-11-24,247.41,250.09,245.90,250.00,1899324
2020-11-25,250.00,250.41,248.32,249.33,1433966
2020-11-27,250.08,250.91,248.51,250.12,888139
2020-11-30,249.06,250.44,246.29,249.09,2441581
2020-12-01,251.51,253.93,250.22,252.27,2078643
2020-12-02,250.71,251.82,248.13,249.66,1671131
2020-12-03,250.00,251.71,248.86,249.93,1552320
2020-12-04,250.22,253.46,250.05,253.44,1852700
2020-12-07,249.85,251.00,248.36,249.30,1973409
2020-12-08,249.00,250.56,247.20,249.86,1825620
2020-12-09,250.12,250.52,245.56,246.77,2201530
2020-12-10,245.87,247.82,244.62,246.16,1873986
2020-12-11,245.89,246.92,244.55,245.83,1839033
2020-12-14,247.10,249.39,243.55,243.75,2412569
2020-12-15,248.91,248.91,245.06,247.05,2415774
2020-12-16,247.02,248.28,246.22,247.45,2247981
2020-12-17,263.78,271.18,263.30,264.47,4855599
2020-12-18,263.89,266.96,258.62,266.25,5948251
2020-12-21,261.12,263.33,257.74,261.42,2680524
2020-12-22,260.86,261.12,258.35,259.47,1602940
2020-12-23,260.83,261.92,257.32,257.44,1455854
2020-12-24,258.00,259.78,256.28,257.30,528132
2020-12-28,259.73,260.37,258.39,259.68,1057069
2020-12-29,260.89,261.03,257.23,257.76,1065161
2020-12-30,258.67,259.25,257.19,257.54,992768
2020-12-31,257.60,261.32,257.48,261.21,1325331
2021-01-04,261.00,261.66,254.05,256.46,2505131
2021-01-05,256.40,258.64,255.14,257.92,1809333
2021-01-06,259.20,263.59,256.95,260.74,2535648
2021-01-07,260.36,264.92,260.34,263.20,2068188
2021-01-08,263.81,266.53,261.29,264.16,2010661
2021-01-11,262.83,264.71,260.27,260.35,1745183
2021-01-12,260.12,261.22,256.02,258.40,1898175
2021-01-13,256.45,259.09,256.45,257.08,1870727
2021-01-14,257.25,257.25,254.12,255.00,2253238
2021-01-15,253.62,255.97,253.03,253.65,1915109
2021-01-19,254.41,257.30,253.75,255.84,2249461
2021-01-20,257.99,262.38,257.00,261.67,2081643
2021-01-21,260.46,261.81,256.91,257.94,1625568
2021-01-22,255.37,256.37,253.57,254.77,2049627
2021-01-25,251.86,253.79,249.06,252.04,1921644
2021-01-26,253.19,254.41,251.14,252.99,1345509
2021-01-27,248.66,251.22,244.39,246.10,1833069
2021-01-28,249.24,252.80,248.14,249.34,1794214
2021-01-29,248.24,249.23,241.73,241.92,2494447
2021-02-01,246.10,248.90,243.97,247.57,1559691
2021-02-02,250.00,251.43,248.62,248.75,2010561
2021-02-03,248.19,250.11,246.59,248.37,2470492
2021-02-04,249.56,253.03,246.91,253.01,1702175
2021-02-05,254.09,255.75,252.16,253.54,1497684
2021-02-08,253.92,257.35,253.76,257.31,1508696
2021-02-09,256.31,258.81,255.61,257.68,1542636
2021-02-10,258.02,259.19,255.86,256.94,1428345
2021-02-11,258.00,259.99,257.04,258.97,1285423
2021-02-12,257.45,258.59,255.41,257.47,1219178
2021-02-16,257.65,259.49,256.27,257.05,1606694
2021-02-17,256.65,261.61,255.77,258.78,1902244
2021-02-18,255.59,258.10,254.69,257.63,1664305
2021-02-19,258.46,258.50,254.16,254.29,2038413
2021-02-22,252.69,254.17,250.09,252.63,1476005
2021-02-23,251.56,257.93,250.59,256.19,2191308
2021-02-24,253.21,260.47,252.82,259.27,2476293
2021-02-25,258.98,259.11,252.58,253.78,2157711
2021-02-26,255.24,255.85,249.81,250.90,2712845
2021-03-01,254.00,259.80,254.00,258.16,1954679
2021-03-02,258.16,261.12,257.11,259.23,2099800
2021-03-03,259.90,260.00,254.05,254.18,2114420
2021-03-04,252.83,254.64,245.17,247.00,2590392
2021-03-05,249.24,250.68,244.44,249.51,3236464
2021-03-08,254.60,255.79,249.23,249.39,2856067
2021-03-09,252.52,257.46,251.64,254.37,2729187
2021-03-10,256.29,258.24,254.61,257.14,2045992
2021-03-11,260.00,268.11,260.00,266.37,2972037
2021-03-12,264.98,266.25,262.70,264.95,1828588
2021-03-15,263.69,266.59,263.48,266.26,2295775
2021-03-16,267.22,267.26,263.10,263.52,2185561
2021-03-17,263.53,266.28,261.63,264.27,2626454
2021-03-18,267.22,271.51,264.08,266.89,4089881
2021-03-19,266.35,269.11,261.12,263.78,4460510
2021-03-22,263.15,265.93,262.35,265.20,2295739
2021-03-23,265.50,267.13,264.37,266.03,2160255
2021-03-24,265.92,269.79,265.70,267.55,2160639
2021-03-25,266.18,269.50,265.81,268.61,1714724
2021-03-26,268.49,281.30,268.49,280.77,3171950
2021-03-29,278.22,281.29,277.74,279.54,2398744
2021-03-30,279.79,280.08,276.52,278.55,1763120
2021-03-31,278.50,279.27,276.10,276.25,2375794
2021-04-01,278.62,278.78,276.06,278.34,2301965
2021-04-05,279.01,282.69,278.80,281.13,2631275
2021-04-06,281.43,283.05,279.65,281.63,1786624
2021-04-07,281.97,283.63,281.10,282.57,2736294
2021-04-08,284.12,285.35,283.23,284.42,1600609
2021-04-09,285.00,287.82,283.60,287.71,1787837
2021-04-12,285.97,288.10,285.14,287.54,1437563
2021-04-13,286.60,287.06,284.08,285.22,2228040
2021-04-14,284.38,286.80,283.08,284.44,1903608
2021-04-15,286.26,287.18,284.41,285.15,2047477
2021-04-16,285.16,287.46,285.00,286.96,2625463
2021-04-19,287.10,287.23,284.91,286.54,1437060
2021-04-20,285.93,288.90,285.76,288.60,1889813
2021-04-21,289.67,291.15,287.79,290.72,1585981
2021-04-22,290.99,293.28,289.15,290.16,1460430
2021-04-23,290.19,292.89,289.70,291.74,1505286
2021-04-26,291.60,292.37,288.84,289.52,1420710
2021-04-27,290.07,290.89,288.06,290.25,1270917
2021-04-28,290.72,291.45,289.82,290.27,1159940
2021-04-29,292.08,293.28,290.60,292.54,1247772
2021-04-30,290.77,290.92,288.36,289.97,1969179
2021-05-03,292.93,293.42,291.37,292.17,1300351
2021-05-04,290.89,291.94,289.15,291.60,1810733
2021-05-05,292.34,292.83,289.12,289.52,1068486
2021-05-06,289.48,291.18,287.61,291.16,1863192
2021-05-07,292.20,294.09,291.04,291.53,1394227
2021-05-10,290.62,294.10,290.19,290.61,1620690
2021-05-11,288.44,288.46,284.56,287.95,1541786
2021-05-12,285.23,285.31,279.14,279.39,2116587
2021-05-13,281.12,287.25,281.12,285.32,1698244
2021-05-14,286.86,294.50,286.62,288.20,1285600
2021-05-17,287.64,288.55,286.10,287.00,1499964
2021-05-18,285.81,286.70,282.82,283.01,1438405
2021-05-19,279.93,281.07,276.88,280.97,1625345
2021-05-20,281.70,285.13,281.57,283.95,2094665
2021-05-21,285.00,287.14,282.67,283.38,2210223
2021-05-24,285.20,286.04,284.21,284.85,1231298
2021-05-25,285.80,286.20,283.61,285.99,1761287
2021-05-26,285.90,286.83,283.33,283.95,1873464
2021-05-27,284.17,285.28,279.15,280.05,7166344
2021-05-28,282.55,284.92,282.10,282.16,2005678
2021-06-01,285.58,285.58,280.61,280.88,1670861
2021-06-02,281.05,283.12,281.05,281.80,2090035
2021-06-03,280.00,280.79,277.38,279.63,1540642
2021-06-04,281.32,283.44,281.18,283.17,1146226
2021-06-07,283.17,284.25,281.06,282.19,1404048
2021-06-08,282.00,283.48,280.92,281.45,1321418
2021-06-09,283.10,283.27,281.54,282.11,1166539
2021-06-10,283.53,284.71,282.78,284.22,2007198
2021-06-11,285.00,285.57,283.94,285.28,1473088
2021-06-14,285.74,285.84,283.18,285.71,1672434
2021-06-15,286.85,287.95,285.37,286.19,1408250
2021-06-16,287.48,287.48,283.03,283.94,2350866
2021-06-17,282.50,285.43,282.50,284.77,1872084
2021-06-18,282.84,284.00,280.80,281.25,3134046
2021-06-21,283.96,287.50,282.01,285.56,1959400
2021-06-22,285.76,286.62,283.71,285.66,2019774
2021-06-23,287.75,288.40,285.59,285.70,2161301
2021-06-24,297.23,297.80,289.55,291.56,3004034
2021-06-25,292.33,295.22,290.42,294.66,4233646
2021-06-28,294.44,295.87,292.50,293.90,1662419
2021-06-29,294.79,297.65,294.60,296.43,2060957
2021-06-30,295.99,296.99,293.79,294.79,1595366
2021-07-01,295.48,300.06,295.00,300.00,3104089
2021-07-02,300.00,305.17,300.00,304.84,2280128
2021-07-06,304.86,306.85,301.69,305.40,1856213
2021-07-07,305.82,309.79,305.20,309.61,1889909
2021-07-08,305.03,309.24,302.66,309.15,1867663
2021-07-09,310.60,316.22,310.18,312.62,2054031
2021-07-12,311.84,312.18,310.73,311.57,1456879
2021-07-13,311.21,313.91,310.05,312.63,1570650
2021-07-14,313.05,315.52,312.53,314.39,1743806
2021-07-15,313.88,315.49,313.30,314.94,1927829
2021-07-16,317.12,317.12,311.30,311.91,2666146
2021-07-19,308.00,309.79,306.26,309.18,1851644
2021-07-20,310.00,314.17,308.99,312.06,1448684
2021-07-21,312.61,314.05,311.95,313.77,1180339
2021-07-22,314.77,315.00,312.77,314.26,1274805
2021-07-23,316.00,318.80,315.54,318.65,1220966
2021-07-26,318.80,319.74,316.85,318.98,1345845
2021-07-27,317.88,320.10,315.81,319.89,1641049
2021-07-28,320.85,321.00,316.12,316.31,2006264
2021-07-29,317.82,319.14,316.13,318.35,1863808
2021-07-30,317.71,319.18,316.90,317.68,2305415
2021-08-02,319.27,319.49,315.50,316.08,1507184
2021-08-03,317.77,319.60,315.50,318.52,1979647
2021-08-04,318.02,319.19,315.85,316.77,1448293
2021-08-05,317.91,320.56,317.04,320.31,1952359
2021-08-06,321.00,322.37,318.50,321.83,1392597
2021-08-09,322.01,322.26,319.38,319.52,1225133
2021-08-10,319.97,322.06,319.06,320.18,918957
2021-08-11,320.62,320.86,317.08,319.79,1841851
2021-08-12,319.70,321.83,318.64,321.76,910870
2021-08-13,322.19,324.04,321.58,323.45,970306
2021-08-16,324.00,328.50,323.14,328.25,1781709
2021-08-17,327.60,329.95,326.77,329.30,1531684
2021-08-18,327.37,329.18,324.38,324.55,1636931
2021-08-19,322.81,329.00,322.45,328.25,1294224
2021-08-20,329.81,333.55,328.33,332.65,1727098
2021-08-23,334.24,334.88,332.73,332.92,2017876
2021-08-24,333.14,334.00,330.75,330.91,1451317
2021-08-25,331.94,334.59,331.13,333.44,1613857
2021-08-26,334.47,334.47,331.24,333.23,1702327
2021-08-27,334.09,335.91,333.35,335.66,1126200
2021-08-30,335.00,338.65,332.92,337.00,973810
2021-08-31,337.20,337.41,335.10,336.56,1641335
2021-09-01,337.45,339.03,336.66,337.90,1621136
2021-09-02,338.46,342.05,338.25,341.00,1600529
2021-09-03,341.00,344.08,340.11,343.33,1566085
2021-09-07,343.33,344.43,340.21,341.49,1380697
2021-09-08,340.84,342.27,339.72,340.32,1392851
2021-09-09,341.46,342.55,339.90,341.10,1668221
2021-09-10,343.50,345.52,341.50,341.92,1725414
2021-09-13,345.00,345.47,335.87,339.44,1854238
2021-09-14,341.06,343.26,340.00,340.72,1758771
2021-09-15,340.24,345.50,339.83,344.43,1657263
2021-09-16,344.64,345.00,340.22,342.23,2252682
2021-09-17,340.03,341.51,334.57,335.40,4455591
2021-09-20,331.10,334.92,328.23,332.29,2650268
2021-09-21,333.79,335.46,330.87,331.15,2820305
2021-09-22,335.45,336.81,333.14,334.66,2441069
2021-09-23,337.62,344.74,337.13,343.00,4543452
2021-09-24,340.68,342.88,337.72,339.23,2035894
2021-09-27,337.52,337.72,333.08,334.51,2025350
2021-09-28,331.56,332.02,323.86,324.21,2300504
2021-09-29,326.30,326.41,323.06,323.53,1741309
2021-09-30,324.49,325.89,318.30,319.92,2382121
2021-10-01,323.37,326.89,319.59,324.86,1802326
2021-10-04,323.40,324.32,316.01,319.49,1774504
2021-10-05,320.96,327.33,320.81,325.12,1628835
2021-10-06,323.11,325.34,320.51,325.19,2166411
2021-10-07,328.00,329.53,325.80,326.25,1188408
2021-10-08,326.74,327.63,324.54,325.19,1229883
2021-10-11,324.73,328.73,324.51,326.50,1475983
2021-10-12,328.11,329.40,327.19,327.69,2054577
2021-10-13,328.25,331.55,325.86,330.18,1768743
2021-10-14,333.14,339.27,332.02,339.04,1638398
2021-10-15,341.18,341.91,339.20,341.82,2074904
2021-10-18,341.60,344.24,340.65,343.18,1636829
2021-10-19,345.00,350.76,344.49,349.74,2177841
2021-10-20,350.00,350.44,345.57,345.80,1740200
2021-10-21,345.80,347.50,344.72,347.12,1520226
2021-10-22,348.25,355.35,348.25,353.79,1459455
2021-10-25,353.27,357.15,351.48,356.44,1523866
2021-10-26,356.99,359.31,356.27,356.34,1547667
2021-10-27,355.02,356.92,353.79,354.05,1567799
2021-10-28,355.44,358.42,354.74,356.32,1500838
2021-10-29,354.58,359.62,354.10,358.79,1936436
2021-11-01,358.83,359.88,352.10,355.32,1600195
2021-11-02,357.04,363.24,356.59,361.50,2204341
2021-11-03,360.94,362.50,354.39,362.10,1727555
2021-11-04,362.94,366.92,361.47,366.80,1979260
2021-11-05,368.85,372.12,366.96,368.46,2110579
2021-11-08,370.00,370.66,366.12,366.93,1731557
2021-11-09,366.63,367.78,364.77,367.47,1865685
2021-11-10,364.97,367.32,362.68,364.74,1352463
2021-11-11,365.58,367.16,364.25,366.21,1184312
2021-11-12,368.00,371.61,366.37,371.23,1802087
2021-11-15,371.77,372.12,368.06,368.45,1957364
2021-11-16,367.30,373.11,367.02,371.16,2041595
2021-11-17,371.55,374.92,369.57,372.78,2254592
2021-11-18,371.32,372.75,369.28,370.78,2555923
2021-11-19,371.95,374.70,369.67,369.79,2563897
2021-11-22,371.42,372.70,363.08,363.30,2098421
2021-11-23,362.45,363.57,357.25,360.70,1999477
2021-11-24,359.23,362.93,358.70,362.37,2191461
2021-11-26,361.17,361.84,352.70,353.60,2649354
2021-11-29,359.14,369.52,359.14,365.82,2857131
2021-11-30,361.67,365.05,357.29,357.40,4761227
2021-12-01,365.27,369.58,359.95,360.14,2876805
2021-12-02,359.71,368.89,359.71,365.30,3183137
2021-12-03,369.41,370.76,357.34,361.42,2331948
2021-12-06,361.99,365.40,358.09,362.23,2100218
2021-12-07,370.00,373.14,365.98,371.34,1943846
2021-12-08,371.94,374.86,369.65,374.53,2270970
2021-12-09,372.80,373.88,370.58,371.45,1841412
2021-12-10,374.22,379.93,373.00,379.44,1983999
2021-12-13,379.44,381.15,377.26,377.72,2843916
2021-12-14,374.38,375.78,366.50,369.73,2475241
2021-12-15,370.21,375.88,367.29,375.30,2804930
2021-12-16,413.07,413.65,399.02,400.60,6298493
2021-12-17,396.36,404.61,391.32,396.24,4929171
2021-12-20,390.88,391.43,383.52,385.78,2690878
2021-12-21,388.00,393.15,384.85,392.89,2222377
2021-12-22,393.24,403.75,393.21,403.69,2282493
2021-12-23,402.30,406.85,400.96,403.31,1374100
2021-12-27,406.76,415.95,406.34,415.33,1906324
2021-12-28,415.00,417.15,413.68,415.27,1362596
2021-12-29,414.82,417.37,412.70,415.42,1041751
2021-12-30,416.26,416.66,411.88,413.83,1278044
2021-12-31,412.70,416.95,412.11,414.55,1163448
2022-01-03,414.66,415.53,405.04,407.21,2129954
2022-01-04,408.81,411.37,403.20,404.30,2516360
2022-01-05,403.93,403.97,397.10,397.18,2471434
2022-01-06,384.69,392.19,375.76,378.00,4386812
2022-01-07,379.09,379.99,370.14,370.75,3468954
2022-01-10,363.42,373.37,360.22,373.00,2952595
2022-01-11,369.51,375.78,363.86,375.11,2407022
2022-01-12,377.85,383.44,376.62,377.19,3143376
2022-01-13,378.22,379.28,360.75,361.37,2944219
2022-01-14,357.04,359.38,349.72,353.36,3949756
2022-01-18,348.61,351.02,344.97,348.28,3425637
2022-01-19,351.00,356.07,343.50,343.74,3374754
2022-01-20,345.45,355.94,342.04,342.69,2817368
2022-01-21,341.39,344.08,335.25,335.63,2830665
2022-01-24,328.30,339.58,319.10,339.00,4544635
2022-01-25,331.91,339.69,327.21,334.95,3625359
2022-01-26,341.42,343.96,328.05,329.89,4422198
2022-01-27,337.53,341.73,331.01,333.36,2778242
2022-01-28,333.90,343.06,327.17,342.85,2457439
2022-01-31,345.00,353.70,343.54,353.58,3159319
2022-02-01,354.22,356.70,348.88,353.42,2087227
2022-02-02,354.40,360.10,353.51,359.47,2603191
2022-02-03,345.27,351.93,343.98,345.55,2706285
2022-02-04,344.89,350.54,340.85,347.50,2142780
2022-02-07,346.18,348.27,343.01,343.96,1265190
2022-02-08,339.98,345.93,339.86,345.07,2197696
2022-02-09,351.63,356.53,351.51,355.53,2430466
2022-02-10,346.09,351.58,339.99,342.39,2457672
2022-02-11,343.94,344.98,327.29,329.18,3091555
2022-02-14,323.08,327.87,321.46,326.13,2689862
2022-02-15,332.72,333.33,327.35,329.41,2395619
2022-02-16,325.87,335.44,325.11,333.72,2867517
2022-02-17,332.92,332.92,322.25,322.91,2148023
2022-02-18,322.41,326.49,320.10,321.18,2421930
2022-02-22,320.01,327.98,317.79,321.11,2794291
2022-02-23,322.77,324.82,312.59,313.16,2192190
2022-02-24,302.35,316.58,300.71,316.17,3785939
2022-02-25,317.33,323.17,316.39,322.51,2552653
2022-02-28,318.69,319.45,311.91,316.02,3419370
2022-03-01,317.00,317.38,309.76,311.35,2525416
2022-03-02,315.42,320.26,312.55,318.33,2220801
2022-03-03,322.84,323.69,315.60,318.95,2120865
2022-03-04,314.55,316.31,310.00,314.16,1917250
2022-03-07,313.18,314.00,304.60,305.02,2908214
2022-03-08,303.71,309.01,297.36,301.62,2902566
2022-03-09,311.03,312.69,307.75,309.42,2825956
2022-03-10,305.00,310.16,304.02,309.52,2048963
2022-03-11,314.41,318.72,311.21,311.58,3811927
2022-03-14,309.07,313.15,303.90,307.68,3156644
2022-03-15,311.30,316.92,310.25,316.23,2695333
2022-03-16,320.67,325.46,315.54,324.91,3473078
2022-03-17,338.90,344.46,318.33,319.50,4661577
2022-03-18,321.87,324.48,316.51,323.95,7566208
2022-03-21,323.37,326.35,320.92,324.50,2290535
2022-03-22,324.00,328.75,323.26,327.47,2022841
2022-03-23,325.00,327.18,320.29,320.50,1837548
2022-03-24,320.36,325.42,320.00,325.29,1430383
2022-03-25,327.58,329.51,324.26,327.71,1813967
2022-03-28,326.58,330.89,325.33,330.74,1984417
2022-03-29,339.00,341.06,337.00,340.69,2223024
2022-03-30,336.57,340.70,336.48,338.46,1721592
2022-03-31,337.50,343.75,337.23,337.23,2752646
2022-04-01,338.59,341.30,336.35,340.64,2090296
2022-04-04,341.99,344.76,340.05,344.47,2317489
2022-04-05,341.50,345.30,341.50,342.82,3058275
2022-04-06,338.29,341.93,334.54,340.26,2299027
2022-04-07,338.99,344.81,337.81,341.77,2313131
2022-04-08,342.43,344.30,338.27,338.92,2169979
2022-04-11,336.10,337.42,324.86,327.27,2445443
2022-04-12,329.73,333.95,326.25,326.73,1834979
2022-04-13,324.34,327.35,323.24,325.59,2081424
2022-04-14,326.88,328.28,319.29,319.47,2964861
2022-04-18,318.52,321.00,310.83,313.60,2479446
2022-04-19,312.71,320.80,312.15,320.57,1758190
2022-04-20,324.03,328.38,322.62,323.67,2273615
2022-04-21,326.19,330.32,321.34,322.31,1910213
2022-04-22,321.02,323.84,310.31,310.80,1906809
2022-04-25,309.39,317.13,306.24,316.82,2049731
2022-04-26,311.62,315.11,302.10,303.10,2101493
2022-04-27,302.98,309.31,302.38,303.10,1821239
2022-04-28,308.16,316.14,305.62,313.84,2215301
2022-04-29,310.00,311.98,299.80,300.36,2972089
2022-05-02,300.46,306.05,297.25,304.60,2528925
2022-05-03,306.68,307.62,302.71,304.82,2121684
2022-05-04,303.15,315.88,300.81,314.86,1900152
2022-05-05,310.71,312.19,294.61,298.70,2231930
2022-05-06,295.65,297.06,289.71,295.74,2476987
2022-05-09,290.66,292.49,285.86,287.49,2584159
2022-05-10,290.00,292.40,283.75,287.59,2634603
2022-05-11,285.73,288.49,280.46,280.94,2398636
2022-05-12,278.00,281.66,274.79,281.21,2284602
2022-05-13,283.04,288.67,280.99,286.77,2373571
2022-05-16,284.68,288.97,282.05,286.17,1598017
2022-05-17,294.68,294.68,288.20,291.07,1598041
2022-05-18,286.87,287.25,272.42,274.16,2666113
2022-05-19,270.15,278.00,269.70,273.61,2679603
2022-05-20,275.58,278.40,268.17,276.65,3007904
2022-05-23,281.28,283.93,276.16,283.39,2128880
2022-05-24,279.82,281.03,273.05,279.31,2088661
2022-05-25,278.33,281.34,275.24,279.64,1812625
2022-05-26,282.44,292.88,281.11,291.55,2742760
2022-05-27,293.44,304.17,293.44,304.15,2759014
2022-05-31,302.40,303.32,296.70,298.46,4143704
2022-06-01,304.13,306.71,297.38,298.65,1784565
2022-06-02,299.96,306.76,297.88,306.62,1318522
2022-06-03,302.30,306.82,301.92,304.95,1714525
2022-06-06,310.00,312.32,303.77,304.73,1401045
2022-06-07,300.43,306.88,300.41,306.53,2311101
2022-06-08,305.00,307.41,301.73,302.64,1428637
2022-06-09,300.65,302.62,294.75,295.43,2497945
2022-06-10,290.89,291.22,285.98,286.01,2169887
2022-06-13,276.66,281.31,274.86,276.50,2414234
2022-06-14,274.65,277.25,272.61,275.12,2052592
2022-06-15,276.98,285.85,276.10,281.19,2536026
2022-06-16,275.35,275.40,269.09,270.90,2741772
2022-06-17,272.61,278.59,270.93,275.38,4446097
2022-06-21,278.15,284.31,277.67,282.73,2550168
2022-06-22,279.09,290.36,279.09,286.40,2940621
2022-06-23,276.00,286.28,275.00,285.83,3482141
2022-06-24,285.41,299.61,284.97,299.37,4648047
2022-06-27,298.94,301.00,291.64,292.62,2107487
2022-06-28,293.09,296.53,283.49,283.80,2167734
2022-06-29,278.42,281.15,275.25,279.81,2405773
2022-06-30,277.33,280.66,275.32,277.65,2562240
2022-07-01,277.58,282.37,276.28,280.65,2400164
2022-07-05,276.28,276.41,269.68,275.17,3182977
2022-07-06,277.96,279.21,274.96,275.94,2260433
2022-07-07,277.26,279.76,274.41,279.40,2169128
2022-07-08,277.65,279.81,275.18,279.07,1987602
2022-07-11,276.77,278.04,273.32,274.87,1854863
2022-07-12,274.60,279.29,272.44,273.67,2280420
2022-07-13,268.20,275.10,267.33,272.17,2185205
2022-07-14,268.51,270.00,261.77,268.67,1877705
2022-07-15,272.10,272.85,266.86,271.52,1741124
2022-07-18,273.00,275.30,267.99,268.65,2048906
2022-07-19,272.39,280.50,271.74,280.04,1942118
2022-07-20,280.00,283.66,279.45,281.66,2158496
2022-07-21,281.18,288.23,280.76,288.01,1546769
2022-07-22,287.50,291.08,285.80,288.01,1502371
2022-07-25,288.24,289.56,285.45,289.29,1354701
2022-07-26,287.91,288.71,283.66,285.18,1710752
2022-07-27,288.84,299.51,287.95,297.53,1821540
2022-07-28,296.98,304.50,294.77,303.68,1845552
2022-07-29,304.53,307.76,302.92,306.26,1868052
2022-08-01,302.53,306.78,301.04,304.74,1425811
2022-08-02,302.38,306.58,299.41,302.48,1772106
2022-08-03,302.08,309.41,301.62,308.17,1359766
2022-08-04,309.19,310.81,307.40,310.61,1624564
2022-08-05,304.87,309.59,304.31,309.35,1504520
2022-08-08,310.50,312.81,308.52,310.33,1604704
2022-08-09,308.10,311.08,307.82,309.79,1761134
2022-08-10,315.00,317.77,314.37,316.48,1474781
2022-08-11,317.75,319.87,313.79,314.42,1570214
2022-08-12,316.76,320.94,314.44,320.44,1774367
2022-08-15,317.68,320.96,317.59,320.33,1125314
2022-08-16,318.19,322.88,318.12,320.78,1596035
2022-08-17,317.42,320.33,315.62,318.45,1505964
2022-08-18,319.00,320.86,316.42,319.46,1386230
2022-08-19,316.90,317.75,313.57,315.29,1672549
2022-08-22,309.33,312.85,308.51,310.00,1648114
2022-08-23,308.08,311.27,306.50,306.70,1218114
2022-08-24,306.68,307.98,303.86,306.26,1695482
2022-08-25,307.12,310.69,305.88,309.77,1722854
2022-08-26,309.83,309.91,298.00,298.13,1701650
2022-08-29,295.00,297.87,293.20,295.14,1662795
2022-08-30,297.54,298.00,289.67,292.50,1661072
2022-08-31,294.65,295.92,287.43,288.46,2455043
2022-09-01,287.80,289.03,284.13,288.79,2021372
2022-09-02,292.57,293.16,282.82,284.07,1889398
2022-09-06,283.94,286.22,281.35,283.46,2354540
2022-09-07,282.16,288.04,279.39,286.76,1899330
2022-09-08,284.20,288.30,282.36,287.96,1790657
2022-09-09,289.40,292.09,288.90,290.55,2005137
2022-09-12,293.87,296.81,292.67,295.26,2026448
2022-09-13,288.10,289.94,280.34,281.52,1789250
2022-09-14,280.94,282.58,276.03,278.53,2397611
2022-09-15,277.23,280.49,271.63,273.86,2198703
2022-09-16,273.07,274.11,270.13,272.68,3838924
2022-09-19,270.38,275.34,270.19,274.98,2165221
2022-09-20,271.61,271.90,267.63,270.24,2390145
2022-09-21,270.00,274.94,265.24,265.42,2746518
2022-09-22,264.09,271.46,261.94,262.32,3462929
2022-09-23,259.14,260.36,256.20,259.98,3100118
2022-09-26,258.04,262.36,257.06,257.54,2349818
2022-09-27,259.47,263.20,254.27,256.34,2495929
2022-09-28,257.00,263.71,256.03,261.93,2552665
2022-09-29,258.92,261.11,255.69,258.27,2559159
2022-09-30,258.71,264.05,256.95,257.30,2924375
2022-10-03,260.27,267.10,258.67,264.89,1893933
2022-10-04,270.40,274.94,269.92,274.31,3143717
2022-10-05,271.35,276.94,269.58,274.34,1842985
2022-10-06,273.59,275.71,269.20,269.47,2336850
2022-10-07,266.48,266.86,258.29,259.71,1951239
2022-10-10,261.49,261.49,255.93,257.85,1526827
2022-10-11,256.20,257.31,251.26,252.98,2261821
2022-10-12,252.38,253.93,249.93,250.07,1699418
2022-10-13,243.67,259.17,242.95,257.46,3435082
2022-10-14,261.13,261.79,252.06,252.72,1723127
2022-10-17,257.91,262.87,257.62,262.22,2534868
2022-10-18,269.02,269.75,261.96,264.05,2114647
2022-10-19,262.18,264.68,259.78,264.06,2412622
2022-10-20,264.28,269.66,260.63,261.78,1970177
2022-10-21,261.53,269.89,260.68,269.57,3206640
2022-10-24,272.77,276.94,270.12,275.31,2201943
2022-10-25,275.49,281.15,275.49,280.61,1701468
2022-10-26,278.00,283.63,278.00,279.87,1772631
2022-10-27,281.18,282.80,278.45,278.84,1927756
2022-10-28,279.06,288.22,279.06,287.78,2306310
2022-10-31,283.48,287.93,283.27,283.90,2364570
2022-11-01,287.06,288.19,280.56,281.47,1537197
2022-11-02,279.77,283.21,272.10,272.45,1727229
2022-11-03,266.64,268.41,256.02,256.88,3225640
2022-11-04,259.93,264.16,256.13,261.16,2496320
2022-11-07,262.75,269.11,261.37,269.07,2169995
2022-11-08,271.09,274.90,266.12,269.03,2444020
2022-11-09,266.32,269.19,265.37,266.44,1831626
2022-11-10,278.18,287.31,277.37,287.02,3121393
2022-11-11,287.21,291.74,280.62,290.09,2620514
2022-11-14,286.15,292.82,284.98,288.91,2492962
2022-11-15,293.00,296.45,290.03,292.65,1960714
2022-11-16,292.75,293.07,290.11,291.51,1607897
2022-11-17,285.81,289.69,283.35,287.14,1556673
2022-11-18,290.61,290.90,283.04,286.50,1322919
2022-11-21,285.50,288.83,285.09,287.02,1308110
2022-11-22,288.85,293.75,287.16,292.89,1417484
2022-11-23,293.08,296.39,292.40,294.53,1229097
2022-11-25,294.30,297.52,294.30,296.40,677924
2022-11-28,293.26,294.97,289.78,290.60,1253096
2022-11-29,289.31,290.62,286.62,287.98,1055046
2022-11-30,286.62,300.97,286.23,300.93,2767161
2022-12-01,302.45,305.13,300.00,302.83,1767168
2022-12-02,299.05,302.15,296.46,300.13,1744558
2022-12-05,295.77,297.20,290.58,292.74,1800297
2022-12-06,291.27,292.48,282.27,285.41,1920253
2022-12-07,285.10,287.06,282.19,286.69,1861571
2022-12-08,288.00,294.06,286.84,292.15,2045993
2022-12-09,289.39,291.77,287.88,288.41,1827225
2022-12-12,286.14,292.95,284.48,292.34,2430068
2022-12-13,302.96,303.93,292.93,295.35,3516786
2022-12-14,294.05,297.29,287.86,291.45,2552242
2022-12-15,287.43,288.39,279.28,281.12,2870362
2022-12-16,274.67,275.00,263.25,264.48,6532642
2022-12-19,263.16,264.26,254.16,255.40,4147457
2022-12-20,253.74,262.43,253.50,261.90,3102485
2022-12-21,264.48,270.70,264.41,268.92,3580124
2022-12-22,264.44,265.93,260.63,264.76,2277210
2022-12-23,265.79,266.71,263.31,266.09,1213276
2022-12-27,265.92,267.22,263.70,265.31,1009563
2022-12-28,266.10,269.14,262.67,263.12,1387030
2022-12-29,265.59,270.87,265.59,268.38,1516780
2022-12-30,265.54,266.89,262.60,266.84,1339470
2023-01-03,269.20,273.42,267.05,270.26,2250061
2023-01-04,273.43,274.98,267.01,269.34,2052451
2023-01-05,267.42,268.13,261.40,262.98,2477085
2023-01-06,263.98,270.49,261.37,269.21,1587164
2023-01-09,271.92,278.49,271.50,273.75,2181538
2023-01-10,273.34,276.29,271.27,274.93,1852959
2023-01-11,274.93,281.19,274.70,281.08,2382462
2023-01-12,282.74,287.97,282.37,283.84,2482615
2023-01-13,280.32,282.66,278.98,282.14,2226788
2023-01-17,283.04,287.75,282.34,284.88,2863707
2023-01-18,284.58,287.28,276.98,277.90,2192710
2023-01-19,277.28,278.95,272.59,272.89,2212571
2023-01-20,274.50,281.07,272.81,280.47,3306557
2023-01-23,278.56,282.87,277.43,279.34,2593317
2023-01-24,276.71,278.12,272.98,274.87,2205270
2023-01-25,270.74,273.75,265.66,273.16,2576548
2023-01-26,277.17,277.33,270.87,274.26,1942631
2023-01-27,273.26,279.42,272.94,277.27,2101109
2023-01-30,273.57,277.45,273.31,274.32,1732929
2023-01-31,274.94,279.05,273.91,279.05,1841858
2023-02-01,276.60,285.27,275.70,283.60,1797090
2023-02-02,289.42,295.79,286.86,294.10,2715989
2023-02-03,288.22,289.68,286.76,289.22,2167994
2023-02-06,286.00,287.80,283.44,284.48,1262469
2023-02-07,282.70,288.85,282.50,287.82,1401144
2023-02-08,285.88,289.18,283.98,284.71,1381888
2023-02-09,287.42,289.38,284.42,285.16,1751955
2023-02-10,281.70,284.57,281.02,283.96,1347616
2023-02-13,284.37,288.41,284.37,288.35,1284530
2023-02-14,285.47,288.14,283.35,284.77,1821146
2023-02-15,282.00,287.83,281.97,287.65,1890200
2023-02-16,283.03,285.46,278.64,281.22,1899439
2023-02-17,278.78,279.40,274.91,277.05,2722647
2023-02-21,272.00,273.15,268.78,269.15,2446186
2023-02-22,270.63,272.49,268.16,269.63,1823870
2023-02-23,270.77,272.30,267.81,271.23,1885582
2023-02-24,267.40,267.40,264.24,266.53,1734977
2023-02-27,268.91,269.99,265.47,266.25,1512857
2023-02-28,264.69,268.49,262.75,265.55,2160426
2023-03-01,265.01,265.97,261.75,263.59,1700671
2023-03-02,263.88,266.19,261.62,265.26,2278272
2023-03-03,267.91,269.72,265.99,269.20,1596074
2023-03-06,270.20,272.05,269.08,269.63,1649147
2023-03-07,269.22,270.04,263.71,264.20,2219432
2023-03-08,263.43,265.59,262.49,263.66,1462724
2023-03-09,265.83,266.70,258.72,259.76,1949943
2023-03-10,260.14,260.34,251.60,252.95,2924582
2023-03-13,253.11,255.26,249.24,251.31,3232109
2023-03-14,256.37,256.73,249.96,252.48,2925630
2023-03-15,247.96,247.97,242.80,246.17,4507978
2023-03-16,244.95,253.80,243.53,252.92,4119719
2023-03-17,254.33,255.73,248.42,250.00,6470869
2023-03-20,250.72,253.89,250.01,252.55,3182150
2023-03-21,254.88,258.50,253.94,257.62,2831413
2023-03-22,257.26,261.32,253.03,253.27,3059543
2023-03-23,259.45,274.61,259.30,271.66,5166858
2023-03-24,270.45,272.08,264.82,272.00,4123582
2023-03-27,270.73,274.36,270.64,273.96,3743761
2023-03-28,273.92,276.16,272.60,275.00,2869463
2023-03-29,276.00,280.26,276.00,279.94,2431450
2023-03-30,281.00,283.04,280.78,282.66,2293610
2023-03-31,283.12,285.96,282.61,285.81,3009370
2023-04-03,283.39,286.45,283.16,285.84,2417506
2023-04-04,284.44,287.43,284.22,285.84,2331822
2023-04-05,286.24,286.90,280.91,281.33,2443241
2023-04-06,280.66,282.24,278.86,281.70,2125329
2023-04-10,277.99,281.73,276.36,281.68,1575864
2023-04-11,283.01,287.66,282.55,286.33,3122468
2023-04-12,288.39,288.65,282.94,283.76,2656005
2023-04-13,283.00,285.42,279.72,285.27,3164357
2023-04-14,283.29,284.95,277.78,279.25,2871702
2023-04-17,278.78,281.82,278.78,279.98,2899027
2023-04-18,281.36,281.41,278.41,279.96,1893836
2023-04-19,278.80,280.00,277.51,279.90,2204721
2023-04-20,277.28,277.57,274.00,275.55,2686079
2023-04-21,275.73,277.83,275.39,276.33,1600697
2023-04-24,275.80,277.62,274.86,277.25,1359774
2023-04-25,275.86,276.71,270.59,270.70,1935436
2023-04-26,271.85,273.57,270.20,271.21,2009408
2023-04-27,273.85,276.49,270.83,275.45,1983743
2023-04-28,273.72,280.43,273.72,280.29,2084465
2023-05-01,279.09,279.91,277.45,279.42,1165609
2023-05-02,279.86,280.38,274.03,276.74,1728391
2023-05-03,278.12,279.57,274.81,275.18,1951231
2023-05-04,273.28,273.78,265.68,266.50,2586187
2023-05-05,269.22,270.38,264.39,265.65,2592691
2023-05-08,266.02,267.00,263.46,264.82,1843035
2023-05-09,262.95,264.49,261.68,263.48,2712007
2023-05-10,265.85,269.91,264.42,268.89,2800252
2023-05-11,270.31,272.44,268.18,272.27,2915790
2023-05-12,273.13,277.30,272.50,277.19,2664437
2023-05-15,276.31,278.53,274.62,277.51,2762682
2023-05-16,277.09,280.70,276.36,279.19,2079192
2023-05-17,281.19,286.37,280.23,284.63,2486572
2023-05-18,284.54,287.92,284.26,287.48,1869905
2023-05-19,288.60,291.35,287.35,289.91,2213296
2023-05-22,289.37,291.77,288.87,290.95,2044094
2023-05-23,289.16,291.04,287.12,288.10,2219844
2023-05-24,286.03,288.29,284.90,286.82,2815328
2023-05-25,288.51,293.15,285.18,291.76,3689628
2023-05-26,294.00,308.60,293.64,303.60,4578873
2023-05-30,306.21,318.91,305.00,308.43,6238555
2023-05-31,304.68,310.35,303.00,305.92,5270111
2023-06-01,305.73,306.09,300.09,305.20,2393706
2023-06-02,307.50,312.20,306.62,311.39,2272721
2023-06-05,305.34,307.40,301.89,304.45,3008075
2023-06-06,302.88,309.31,301.76,308.04,2419382
2023-06-07,309.48,312.00,307.16,311.03,2489960
2023-06-08,310.87,310.87,306.71,307.33,1870305
2023-06-09,309.13,311.17,306.64,308.72,2202650
2023-06-12,307.83,311.85,307.54,311.48,2642413
2023-06-13,315.32,317.47,313.39,315.16,3982005
2023-06-14,316.02,318.36,313.30,315.05,2421079
2023-06-15,319.18,325.08,315.34,323.77,3288910
2023-06-16,325.92,327.93,319.09,319.54,5266481
2023-06-20,317.26,320.63,315.01,317.40,3349665
2023-06-21,316.49,317.67,313.09,313.20,3121416
2023-06-22,298.21,307.57,296.00,307.25,4889312
2023-06-23,300.02,302.69,297.70,298.43,4233954
2023-06-26,296.59,300.86,296.51,297.41,2826982
2023-06-27,297.12,301.03,296.11,300.81,2054196
2023-06-28,300.48,302.15,297.78,301.72,2061700
2023-06-29,301.40,310.57,300.10,308.33,2739388
2023-06-30,309.49,312.69,308.33,308.58,2668489
2023-07-03,308.00,311.27,307.41,310.97,1172814
2023-07-05,306.14,311.98,305.03,309.90,1924837
2023-07-06,306.92,308.45,304.65,307.97,1375813
2023-07-07,306.73,311.26,305.28,305.76,1902932
2023-07-10,305.21,309.11,304.12,308.45,1684492
2023-07-11,308.45,310.80,305.82,309.72,1347752
2023-07-12,312.34,314.68,310.75,313.88,1788271
2023-07-13,315.00,316.49,314.28,315.21,1822771
2023-07-14,316.07,317.88,315.01,315.77,1295528
2023-07-17,315.68,320.73,315.01,319.78,2033441
2023-07-18,319.52,322.74,319.40,322.43,1574476
2023-07-19,323.00,324.19,318.70,318.80,2170906
2023-07-20,316.25,316.25,310.72,312.47,2097081
2023-07-21,313.19,316.49,312.55,314.80,3265855
2023-07-24,314.61,316.86,312.68,313.29,1341629
2023-07-25,313.47,319.39,313.02,317.59,2163931
2023-07-26,316.39,318.56,314.38,316.51,1512505
2023-07-27,320.00,323.56,317.95,318.82,2981192
2023-07-28,319.73,322.15,313.97,315.55,1920960
2023-07-31,315.00,318.38,315.00,316.35,1351382
2023-08-01,315.44,321.38,314.25,320.97,1913805
2023-08-02,317.54,320.92,316.69,317.78,1799728
2023-08-03,316.08,318.36,314.14,317.13,1355857
2023-08-04,315.58,317.88,311.25,312.00,2140628
2023-08-07,314.09,316.13,312.05,315.87,1530766
2023-08-08,312.93,315.30,309.62,315.15,1550322
2023-08-09,314.58,315.19,310.21,311.53,1504532
2023-08-10,311.50,314.82,308.87,310.41,1862369
2023-08-11,307.97,310.50,306.13,309.05,1351392
2023-08-14,308.04,312.47,307.76,311.71,1334368
2023-08-15,310.85,311.50,306.50,307.40,1256124
2023-08-16,305.55,310.40,305.26,307.64,1212521
2023-08-17,308.34,309.21,304.77,305.64,1653682
2023-08-18,302.84,304.84,301.31,302.94,1997131
2023-08-21,304.22,307.29,303.04,306.51,1072382
2023-08-22,309.60,310.93,307.87,308.90,1139728
2023-08-23,310.00,316.69,309.25,315.34,1486190
2023-08-24,316.40,317.85,313.64,314.14,2077501
2023-08-25,316.67,319.74,314.16,318.76,1451550
2023-08-28,318.76,322.24,318.74,320.91,1236449
2023-08-29,320.39,324.37,319.56,323.45,1524980
2023-08-30,323.81,323.92,321.51,323.25,1470407
2023-08-31,324.87,326.23,323.71,323.77,1986297
2023-09-01,326.05,328.72,325.10,327.74,1732719
2023-09-05,327.74,328.88,324.48,326.16,1736641
2023-09-06,324.25,327.74,323.71,326.30,1247868
2023-09-07,323.90,329.04,323.23,328.20,1533029
2023-09-08,329.53,330.44,324.53,325.47,1416840
2023-09-11,327.49,328.23,324.49,325.87,1551265
2023-09-12,321.45,322.49,313.11,314.89,3205096
2023-09-13,314.23,316.71,312.92,313.91,2496302
2023-09-14,315.63,316.99,313.30,316.59,1903982
2023-09-15,316.23,316.69,311.46,312.53,3339266
2023-09-18,312.00,316.75,311.00,315.88,1350743
2023-09-19,311.10,317.78,311.00,317.33,1898803
2023-09-20,318.75,323.32,316.45,316.80,1693189
2023-09-21,314.33,316.52,311.67,312.00,1911647
2023-09-22,314.04,318.66,312.93,316.09,1994391
2023-09-25,315.56,318.68,314.88,316.99,2054716
2023-09-26,312.72,314.49,308.73,310.61,2343657
2023-09-27,312.21,314.98,310.65,314.38,2435563
2023-09-28,301.75,306.69,294.49,300.77,4326789
2023-09-29,304.35,309.30,302.87,307.11,3171682
2023-10-02,307.57,308.46,305.11,308.26,2063302
2023-10-03,307.06,311.55,305.55,306.23,2454880
2023-10-04,310.74,311.00,306.87,309.39,2153862
2023-10-05,308.81,310.41,305.37,309.66,2095480
2023-10-06,308.28,315.11,306.72,312.19,2441469
2023-10-09,309.82,313.09,308.36,312.01,1407636
2023-10-10,313.36,315.43,311.56,312.32,1904617
2023-10-11,312.32,314.75,309.95,312.54,1297987
2023-10-12,311.79,311.79,304.21,304.36,2295483
2023-10-13,302.30,306.00,300.10,301.83,1672526
2023-10-16,304.02,307.83,301.95,305.34,1491578
2023-10-17,302.78,309.83,302.42,308.25,1576176
2023-10-18,306.72,309.37,303.31,303.77,1373838
2023-10-19,304.93,307.00,301.58,302.94,1384711
2023-10-20,302.38,302.92,295.93,297.00,2385700
2023-10-23,295.00,298.49,294.70,294.94,1314920
2023-10-24,296.27,298.00,294.05,296.09,1849251
2023-10-25,293.53,295.50,291.12,292.68,2174965
2023-10-26,293.81,295.90,290.37,292.04,2692699
2023-10-27,291.93,293.04,288.46,290.04,1480336
2023-10-30,291.74,293.82,289.66,292.70,1843483
2023-10-31,293.08,297.28,293.08,297.09,1953516
2023-11-01,298.17,302.18,298.17,300.64,1972950
2023-11-02,303.67,308.88,301.30,308.12,2152782
2023-11-03,309.64,316.73,309.01,313.49,2145718
2023-11-06,312.32,314.18,311.04,313.09,1426201
2023-11-07,313.00,318.37,312.70,315.19,1860440
2023-11-08,316.87,319.46,315.38,317.82,1815036
2023-11-09,317.28,317.39,313.45,314.22,1574926
2023-11-10,315.54,320.27,314.76,319.69,1433611
2023-11-13,316.01,316.96,314.31,315.63,1448659
2023-11-14,319.82,322.19,318.83,320.49,1823672
2023-11-15,319.62,325.72,318.74,325.50,2347075
2023-11-16,327.10,329.67,326.08,327.32,2142100
2023-11-17,327.66,328.93,326.22,327.83,1561514
2023-11-20,326.46,332.05,326.22,330.90,1414009
2023-11-21,331.30,332.44,328.76,330.26,1602893
2023-11-22,334.24,335.53,332.81,333.13,1425832
2023-11-24,333.15,334.90,332.09,334.04,708478
2023-11-27,333.82,334.43,332.19,332.43,1586934
2023-11-28,331.60,333.19,329.99,332.56,1377838
2023-11-29,335.00,335.80,332.78,333.34,1307290
2023-11-30,334.20,335.00,332.15,333.14,4298156
2023-12-01,333.80,338.50,333.16,338.06,1688780
2023-12-04,335.19,338.81,334.17,336.43,2349476
2023-12-05,334.63,337.33,333.31,335.83,1516541
2023-12-06,337.77,339.46,334.98,335.41,1502095
2023-12-07,336.56,336.56,334.22,335.10,1870287
2023-12-08,335.10,337.71,334.56,337.23,1274525
2023-12-11,335.21,342.39,335.20,342.31,1814187
2023-12-12,341.93,343.25,341.20,343.22,1935316
2023-12-13,343.40,345.20,339.87,343.64,2460977
2023-12-14,342.74,345.39,340.74,342.73,2551254
2023-12-15,338.44,346.96,336.25,344.15,3880254
2023-12-18,342.66,343.98,340.64,341.85,3208034
2023-12-19,332.73,344.80,332.02,341.51,3252761
2023-12-20,345.56,346.63,339.21,339.50,3406235
2023-12-21,340.17,349.50,340.17,348.75,3304279
2023-12-22,350.00,354.82,347.91,354.45,2313932
2023-12-26,354.14,354.93,351.51,353.43,1535731
2023-12-27,354.50,355.38,351.63,353.82,1309685
2023-12-28,354.14,354.50,351.25,351.59,1300785
2023-12-29,351.79,352.91,349.43,350.91,1233533
2024-01-02,348.19,350.30,345.29,346.92,2319486
2024-01-03,342.53,343.77,337.53,337.92,3061007
2024-01-04,337.92,339.80,336.53,337.09,2750560
2024-01-05,338.00,339.75,335.54,336.62,1510825
2024-01-08,335.00,340.47,335.00,340.35,1909518
2024-01-09,339.27,342.76,338.03,342.75,1625934
2024-01-10,344.58,345.63,342.78,345.33,1569142
2024-01-11,343.50,348.43,343.05,347.97,1785867
2024-01-12,350.00,357.65,348.71,356.33,2406024
2024-01-16,352.37,356.48,351.11,354.56,2097583
2024-01-17,351.81,357.33,351.81,353.65,1917067
2024-01-18,356.02,359.78,355.17,359.55,2064213
2024-01-19,361.53,364.82,360.12,363.90,2506516
2024-01-22,364.00,368.65,363.50,367.21,2302481
2024-01-23,367.36,370.00,365.64,369.86,1693134
2024-01-24,371.00,372.24,367.83,368.90,2250111
2024-01-25,372.38,375.73,370.12,371.94,2227478
2024-01-26,371.92,374.14,369.81,371.07,1404798
2024-01-29,370.52,375.43,370.08,373.35,1683157
2024-01-30,374.00,375.25,370.98,371.30,1849667
2024-01-31,371.00,372.72,363.44,363.88,2320257
2024-02-01,364.00,371.21,363.45,370.91,1500135
2024-02-02,372.19,374.81,369.48,372.95,1590488
2024-02-05,372.50,374.00,369.07,370.34,1787377
2024-02-06,370.52,371.71,362.40,364.70,4012319
2024-02-07,365.00,369.92,364.12,366.65,2531941
2024-02-08,367.68,369.47,366.92,368.48,1680009
2024-02-09,369.25,372.48,367.95,371.67,1482651
2024-02-12,369.49,370.40,366.18,367.43,1325023
2024-02-13,361.41,365.76,360.00,362.81,1697041
2024-02-14,366.24,371.19,366.24,370.98,2114618
2024-02-15,372.59,374.56,370.14,371.51,2358868
2024-02-16,372.30,373.43,368.35,369.48,2410212
2024-02-20,369.88,370.00,361.44,362.95,1631068
2024-02-21,360.34,362.38,358.97,360.91,1758019
2024-02-22,369.72,372.19,368.40,371.31,1614699
2024-02-23,373.99,377.97,372.82,377.32,1614704
2024-02-26,376.86,380.30,376.86,377.48,1454956
2024-02-27,377.00,379.75,374.90,377.91,1083367
2024-02-28,378.24,379.49,375.21,378.03,1264183
2024-02-29,380.40,380.40,374.15,374.78,3329518
2024-03-01,375.80,382.00,375.80,380.99,2110504
2024-03-04,382.31,386.98,381.61,383.71,1642957
2024-03-05,381.54,384.16,373.96,376.88,1539453
2024-03-06,380.00,383.06,377.80,380.83,1451235
2024-03-07,384.65,387.51,383.70,386.91,1564463
2024-03-08,386.69,387.51,377.73,378.17,1641160
2024-03-11,374.38,375.56,367.07,373.22,2220098
2024-03-12,375.00,382.42,374.85,380.48,1793731
2024-03-13,379.50,381.18,377.71,378.72,1635918
2024-03-14,380.98,381.49,376.56,378.21,1706827
2024-03-15,368.79,375.14,366.87,374.60,3865405
2024-03-18,378.76,378.94,372.18,372.67,2164355
2024-03-19,373.49,378.33,371.02,378.08,2062912
2024-03-20,378.03,381.27,375.20,380.44,2877633
2024-03-21,363.99,369.03,342.28,345.03,9574841
2024-03-22,350.33,350.47,335.79,337.50,5899597
2024-03-25,336.01,336.01,329.69,333.82,5320123
2024-03-26,335.14,337.84,334.34,336.39,3006558
2024-03-27,337.88,342.36,337.88,340.94,3295226
2024-03-28,341.42,346.98,340.84,346.61,3614949
2024-04-01,344.86,345.00,338.06,339.17,2320290
2024-04-02,336.67,338.88,333.00,336.46,2453410
2024-04-03,336.24,337.19,331.89,332.28,1975675
2024-04-04,334.12,337.99,330.17,330.47,2272998
2024-04-05,331.53,333.82,330.33,333.00,3694783
2024-04-08,334.03,335.00,331.68,331.80,2431946
2024-04-09,333.65,334.87,329.82,334.45,2416637
2024-04-10,328.35,329.52,323.64,324.40,2156676
2024-04-11,326.05,327.00,323.26,325.19,2204402
2024-04-12,320.97,322.50,313.19,315.40,4207862
2024-04-15,316.05,321.60,312.18,313.27,2997919
2024-04-16,315.14,315.64,311.84,313.94,2900382
2024-04-17,316.87,317.02,312.61,314.54,2760011
2024-04-18,312.63,317.77,312.01,316.00,3025199
2024-04-19,317.86,318.55,314.60,316.88,3381612
2024-04-22,318.54,319.06,315.50,317.42,2433374
2024-04-23,318.48,319.81,316.49,316.83,2000291
2024-04-24,315.84,315.84,310.69,313.54,4133828
2024-04-25,309.19,310.24,305.35,309.00,3638978
2024-04-26,309.41,309.49,307.27,308.01,3371848
2024-04-29,307.06,308.62,302.50,303.16,4719334
2024-04-30,302.00,303.01,299.68,300.91,5224952
2024-05-01,300.13,303.49,298.10,298.66,2617356
2024-05-02,300.76,303.33,298.27,300.34,2684185
2024-05-03,302.52,304.96,301.67,303.71,2767141
2024-05-06,305.17,306.79,303.27,306.06,2361453
2024-05-07,307.90,312.14,307.60,310.66,2483629
2024-05-08,310.12,313.40,310.12,311.99,2296394
2024-05-09,307.00,308.20,302.92,306.61,3238246
2024-05-10,308.00,309.26,306.06,306.33,1786950
2024-05-13,308.15,308.80,306.88,307.41,1695055
2024-05-14,308.90,312.29,306.22,306.95,1813613
2024-05-15,305.00,308.52,301.44,308.52,4230864
2024-05-16,309.66,310.59,306.75,308.00,2583058
2024-05-17,309.74,310.00,300.01,303.59,4232001
2024-05-20,303.51,307.07,301.61,305.70,2418094
2024-05-21,306.79,307.15,302.96,303.64,1866555
2024-05-22,303.96,308.19,303.69,307.11,2432422
2024-05-23,310.14,310.99,304.56,305.93,2526304
2024-05-24,306.89,307.46,300.33,300.99,2048661
2024-05-28,299.37,300.32,295.82,297.73,3530301
2024-05-29,294.15,296.10,291.01,293.77,4479999
2024-05-30,289.97,290.50,284.29,284.80,5007994
2024-05-31,284.80,285.39,278.69,282.29,6882088
2024-06-03,286.35,287.52,280.71,281.76,3596609
2024-06-04,281.76,288.88,280.34,288.06,3498601
2024-06-05,288.26,292.31,288.06,291.02,3002215
2024-06-06,291.20,293.87,290.60,291.74,2363205
2024-06-07,291.44,291.81,288.15,288.40,2626974
2024-06-10,287.38,290.52,287.00,290.43,2510107
2024-06-11,290.12,294.31,288.79,294.22,2457624
2024-06-12,291.63,294.15,285.44,285.73,3749585
2024-06-13,287.67,289.55,282.09,282.32,3119248
2024-06-14,281.41,286.95,280.71,286.71,2966211
2024-06-17,286.23,288.60,283.95,285.53,3559587
2024-06-18,285.31,289.91,284.39,285.35,5314911
2024-06-20,314.63,317.73,298.00,306.16,11374570
2024-06-21,307.03,310.35,302.58,308.98,8481762
2024-06-24,305.36,312.37,304.68,307.21,4399601
2024-06-25,307.98,310.00,305.43,307.17,4498741
2024-06-26,299.92,305.74,299.43,304.62,3162079
2024-06-27,305.00,305.46,301.46,303.19,3162199
2024-06-28,303.54,305.55,301.65,303.41,14905690
2024-07-01,303.73,304.36,299.60,302.55,2411300
2024-07-02,300.93,304.00,300.93,303.83,2177192
2024-07-03,304.75,306.89,303.98,305.75,1751215
2024-07-05,304.91,305.70,297.68,299.14,3158944
2024-07-08,300.46,301.95,295.60,299.47,2557914
2024-07-09,299.09,299.15,294.48,298.06,2479254
2024-07-10,296.90,298.00,290.53,295.44,2283455
2024-07-11,295.44,302.18,293.98,297.99,2988052
2024-07-12,299.59,312.02,299.03,310.63,3951627
2024-07-15,312.67,319.37,312.67,317.87,3866301
2024-07-16,318.38,325.15,318.03,325.00,3640693
2024-07-17,325.95,328.57,323.62,325.60,4383856
2024-07-18,329.41,336.25,327.84,328.10,4563719
2024-07-19,331.09,335.79,327.71,329.19,5376237
2024-07-22,330.72,332.82,329.72,331.51,3419315
2024-07-23,331.43,332.20,327.97,330.33,1994169
2024-07-24,329.38,332.54,328.13,328.68,3286450
2024-07-25,325.59,335.69,323.34,330.12,2764639
2024-07-26,325.92,329.81,325.21,328.46,2438247
2024-07-29,328.66,328.98,323.87,326.20,1629266
2024-07-30,327.49,330.45,326.95,329.20,1985465
2024-07-31,331.64,333.93,329.04,330.62,2606401
2024-08-01,333.88,338.92,326.42,328.08,2538193
2024-08-02,324.99,326.68,320.35,323.15,2682736
2024-08-05,311.61,317.87,310.23,313.74,3186698
2024-08-06,317.00,322.66,315.72,318.68,2284261
2024-08-07,319.95,325.74,317.93,318.02,2327705
2024-08-08,315.30,319.51,314.47,315.88,2213725
2024-08-09,316.20,317.32,313.22,315.83,1851305
2024-08-12,315.47,317.47,312.74,313.96,2276546
2024-08-13,316.11,320.18,315.13,319.33,2269581
2024-08-14,320.00,322.07,318.02,319.83,1404627
2024-08-15,322.28,325.21,321.94,325.13,2271669
2024-08-16,324.91,327.70,323.27,326.92,2292799
2024-08-19,327.56,330.43,327.00,329.44,1678267
2024-08-20,329.93,330.57,328.05,330.37,1790106
2024-08-21,330.84,333.66,330.54,333.60,1233957
2024-08-22,333.89,334.07,329.65,330.57,1679226
2024-08-23,331.66,333.76,329.67,333.27,1518702
2024-08-26,333.08,337.21,331.77,336.78,1692174
2024-08-27,335.18,340.99,335.00,340.38,2154150
2024-08-28,340.56,343.60,335.11,337.39,1527981
2024-08-29,340.25,343.87,338.97,340.21,1612584
2024-08-30,341.00,343.45,338.64,341.95,2004144
2024-09-03,341.36,345.54,339.67,341.88,2049328
2024-09-04,340.00,344.91,338.98,343.99,1478410
2024-09-05,344.22,344.45,339.50,340.93,1195275
2024-09-06,340.70,342.44,336.76,339.84,1613563
2024-09-09,340.63,342.25,339.09,341.81,1569422
2024-09-10,343.81,348.00,342.22,347.70,1655717
2024-09-11,346.36,350.72,342.24,350.31,2121785
2024-09-12,350.48,352.42,345.20,349.89,2182279
2024-09-13,351.10,351.43,348.79,349.58,1812013
2024-09-16,350.84,354.98,349.63,354.12,2536398
2024-09-17,355.10,355.28,336.31,337.04,4528964
2024-09-18,335.00,339.00,332.96,336.18,2150899
2024-09-19,340.00,340.38,332.23,335.24,2645896
2024-09-20,332.32,336.35,331.87,336.22,5231021
2024-09-23,337.38,339.44,334.05,339.21,1998526
2024-09-24,337.94,340.62,335.28,339.62,2842859
2024-09-25,335.14,339.75,334.16,337.05,3552701
2024-09-26,355.01,363.99,349.70,355.81,4454991
2024-09-27,356.33,358.34,349.30,349.70,2575382
2024-09-30,348.50,354.06,347.72,353.48,2425021
2024-10-01,354.99,354.99,349.90,351.98,1827309
2024-10-02,352.71,357.19,351.34,356.29,2421257
2024-10-03,359.55,364.45,359.32,361.24,3646268
2024-10-04,364.20,367.79,359.82,362.24,2131552
2024-10-07,360.00,362.00,355.85,356.80,1536791
2024-10-08,359.53,360.65,357.52,360.38,2348284
2024-10-09,360.98,366.46,360.77,365.08,2046441
2024-10-10,363.56,364.47,358.91,361.07,2088152
2024-10-11,362.52,363.40,360.06,360.74,1436631
2024-10-14,361.58,365.62,361.16,364.60,2255799
2024-10-15,365.43,371.00,365.43,368.66,2956109
2024-10-16,365.69,372.87,364.88,372.26,2110724
2024-10-17,373.00,375.51,371.78,375.15,1906904
2024-10-18,375.51,377.33,373.65,376.86,1893296
2024-10-21,375.00,377.34,374.21,376.03,1785135
2024-10-22,374.62,374.86,371.13,371.79,1740279
2024-10-23,370.84,372.48,368.23,370.63,2211832
2024-10-24,367.50,373.44,363.75,364.23,2311975
2024-10-25,364.00,365.44,359.59,360.80,2129390
2024-10-28,364.00,366.99,360.39,361.32,2717787
2024-10-29,360.91,365.08,359.05,363.04,2643029
2024-10-30,358.00,358.83,345.34,346.57,3916762
2024-10-31,344.63,347.86,342.62,344.82,3078198
2024-11-01,346.94,347.95,344.83,345.67,2579809
2024-11-04,345.26,346.68,341.58,343.90,1931315
2024-11-05,342.79,347.42,342.21,345.49,1554297
2024-11-06,355.90,357.23,353.00,356.13,3009729
2024-11-07,358.00,362.00,356.29,360.71,2250537
2024-11-08,360.77,362.76,355.12,355.53,2289531
2024-11-11,355.00,360.64,354.10,357.30,2985383
2024-11-12,357.64,362.13,356.95,360.61,3233662
2024-11-13,359.54,370.64,359.04,370.22,3353988
2024-11-14,371.38,372.00,361.02,362.07,3503239
2024-11-15,360.28,360.31,348.85,353.57,3624539
2024-11-18,353.57,355.50,351.82,352.79,1760084
2024-11-19,351.25,353.97,349.99,353.95,2447247
2024-11-20,353.71,357.33,351.65,357.07,1792718
2024-11-21,359.52,363.50,358.31,361.05,2240117
2024-11-22,358.24,364.64,357.28,358.66,2211127
2024-11-25,360.00,364.15,358.50,361.29,3054821
2024-11-26,361.99,364.53,360.62,363.18,2106328
2024-11-27,364.08,365.67,360.88,362.16,1657040
2024-11-29,360.15,365.00,360.00,362.37,1311278
2024-12-02,362.77,363.36,356.96,361.38,2445661
2024-12-03,348.80,354.33,346.62,352.54,3044981
2024-12-04,353.67,362.11,353.11,360.03,2074025
2024-12-05,356.07,358.90,354.89,358.13,1821291
2024-12-06,365.30,371.88,361.55,362.70,2332307
2024-12-09,360.45,366.00,358.10,359.50,2185184
2024-12-10,358.52,366.35,357.09,362.90,2157906
2024-12-11,363.85,366.59,363.43,363.84,1541560
2024-12-12,361.31,362.00,355.40,360.18,1834173
2024-12-13,359.58,360.76,356.25,358.68,1808745
2024-12-16,359.55,361.02,356.45,357.06,2306717
2024-12-17,357.36,358.48,353.02,357.30,2479098
2024-12-18,357.30,359.40,347.12,347.61,3232909
2024-12-19,365.00,376.91,363.19,372.16,6075459
2024-12-20,370.70,372.07,362.00,366.37,7013200
2024-12-23,360.58,362.96,355.73,358.77,3549390
2024-12-24,359.95,361.95,358.54,361.63,1075396
2024-12-26,360.35,361.95,359.07,360.43,910457
2024-12-27,358.78,360.43,354.00,356.18,1195720
2024-12-30,352.61,354.63,349.23,352.49,1490172
2024-12-31,354.98,355.08,350.43,351.79,1748650
2025-01-02,353.10,354.81,346.11,348.82,2255167
2025-01-03,350.00,354.82,349.09,353.85,2029853
2025-01-06,352.81,354.49,349.65,351.33,2356428
2025-01-07,355.35,363.22,353.81,356.39,4663137
2025-01-08,361.00,363.60,355.35,357.73,2217337
2025-01-10,355.03,358.00,348.74,349.79,2830056
2025-01-13,345.13,350.91,344.37,349.14,2711293
2025-01-14,351.21,352.52,345.63,348.99,1825402
2025-01-15,352.35,355.20,349.06,349.73,2624034
2025-01-16,349.11,353.25,347.00,350.56,2025844
2025-01-17,354.92,357.00,351.91,352.59,4064786
2025-01-21,349.25,356.86,348.00,356.42,3098800
2025-01-22,358.24,360.17,354.83,359.11,3155962
2025-01-23,358.09,363.32,357.65,363.26,2111099
2025-01-24,362.14,364.00,360.15,362.41,1827829
2025-01-27,359.32,373.85,358.93,373.15,3855922
2025-01-28,372.00,382.01,370.75,378.39,4052934
2025-01-29,379.87,381.90,373.18,374.42,2345609
2025-01-30,378.00,385.91,376.72,380.75,2218868
2025-01-31,380.75,387.00,379.64,384.95,3106584
2025-02-03,381.14,386.66,378.54,385.21,2792940
2025-02-04,381.51,392.45,380.55,391.62,3166584
2025-02-05,390.82,398.35,390.42,398.25,3463369
2025-02-06,395.20,397.88,385.92,387.34,2828177
2025-02-07,389.00,390.53,385.36,385.98,2437376
2025-02-10,388.24,390.00,385.19,386.89,1771588
2025-02-11,385.00,390.35,383.88,390.01,2121376
2025-02-12,386.05,391.51,386.00,388.83,2251324
2025-02-13,388.61,390.91,384.73,389.53,3387284
2025-02-14,390.00,391.00,387.43,388.00,2024720
2025-02-18,384.63,390.49,381.49,387.56,3701100
2025-02-19,385.99,392.02,384.44,390.22,1438209
2025-02-20,387.87,390.00,384.25,384.84,2252397
2025-02-21,380.00,382.77,363.93,364.26,3751685
2025-02-24,364.41,366.93,361.06,363.91,2755807
2025-02-25,361.08,365.58,359.50,362.95,1947670
2025-02-26,362.70,363.01,356.86,358.35,2267552
2025-02-27,358.05,361.62,355.37,356.87,2735432
2025-02-28,357.15,359.13,342.41,348.50,5768387
2025-03-03,349.42,351.99,343.01,344.99,3011081
2025-03-04,342.18,349.24,342.00,345.78,3156307
2025-03-05,345.22,348.80,343.46,348.26,2578507
2025-03-06,344.52,347.10,339.82,341.84,3467603
2025-03-07,339.00,342.89,335.91,342.18,4459864
2025-03-10,338.89,339.90,332.52,335.30,3454769
2025-03-11,333.08,334.43,325.55,327.79,3389995
2025-03-12,328.50,330.00,322.89,324.33,3086325
2025-03-13,323.69,323.69,314.61,317.07,3667673
2025-03-14,316.41,318.90,314.29,318.82,4086087
2025-03-17,320.00,326.73,319.60,325.71,3518232
2025-03-18,323.64,325.05,319.49,324.07,2811562
2025-03-19,325.19,326.73,321.07,324.47,4314143
2025-03-20,296.15,306.85,291.51,300.91,10699550
2025-03-21,298.05,305.60,295.58,305.32,11735270
2025-03-24,308.10,310.46,305.18,307.18,3793173
2025-03-25,307.55,312.47,305.42,308.90,3890352
2025-03-26,309.03,312.75,309.02,311.16,3669823
2025-03-27,309.22,313.00,307.48,308.53,2871044
2025-03-28,308.38,310.07,303.84,304.33,2377611
2025-03-31,302.44,313.11,300.40,312.04,5511930
2025-04-01,311.60,316.02,310.98,313.58,3503908
2025-04-02,309.75,318.00,309.75,316.33,4122954
2025-04-03,308.00,311.79,300.97,301.46,3614753
2025-04-04,296.80,299.05,284.60,285.06,4658969
2025-04-07,278.94,293.04,275.01,284.72,6333638
2025-04-08,290.29,293.03,276.68,281.39,4730814
2025-04-09,280.00,300.45,278.92,299.94,6702221
2025-04-10,292.47,296.10,278.34,285.22,4578592
2025-04-11,282.58,286.30,276.73,284.34,5019507
2025-04-14,289.92,293.26,286.63,289.79,3299370
2025-04-15,288.91,292.08,287.34,288.66,3273310
2025-04-16,289.45,292.50,283.74,285.24,3183916
2025-04-17,285.52,286.67,281.76,282.35,2321537
2025-04-21,282.34,282.34,275.98,279.23,2835510
2025-04-22,281.40,285.10,280.15,283.96,2499900
2025-04-23,294.65,296.94,286.97,288.16,2763053
2025-04-24,285.00,291.76,284.74,291.41,3271401
2025-04-25,291.52,294.01,289.02,293.39,2919326
2025-04-28,294.52,296.06,289.89,293.25,1865246
2025-04-29,295.62,299.04,294.80,298.47,3251980
2025-04-30,295.27,299.55,291.71,299.15,2834724
2025-05-01,300.81,304.76,298.50,300.53,2848558
2025-05-02,305.00,306.34,303.87,305.33,1810083
2025-05-05,303.43,309.41,303.41,307.71,3548554
2025-05-06,303.86,305.95,303.20,303.80,2719419
2025-05-07,304.80,308.09,303.47,306.09,2647765
2025-05-08,309.00,313.25,308.00,308.88,2861634
2025-05-09,310.03,311.59,306.70,307.90,1844518
2025-05-12,316.47,322.47,315.36,322.09,3271417
2025-05-13,321.92,325.71,321.56,322.53,2775543
2025-05-14,321.54,322.10,317.90,320.41,2417203
2025-05-15,320.22,324.00,319.75,323.21,3050609
2025-05-16,317.42,318.06,309.73,317.69,3968036
2025-05-19,315.79,320.89,315.07,319.39,2247424
2025-05-20,318.46,320.33,317.39,320.18,2930525
2025-05-21,317.04,322.86,316.42,317.72,2788112
2025-05-22,317.51,319.19,316.04,316.45,2996617
2025-05-23,311.11,311.73,307.87,309.58,2947209
2025-05-27,313.52,315.70,312.01,315.43,3248899
2025-05-28,314.75,317.39,314.05,315.99,3437579
2025-05-29,317.52,318.42,314.78,317.73,2557880
2025-05-30,318.16,318.99,314.09,316.82,4012710
2025-06-02,313.62,314.94,311.21,314.47,2340485
2025-06-03,313.00,313.99,310.60,312.90,3678342
2025-06-04,315.11,316.79,314.38,316.40,2337778
2025-06-05,317.30,317.96,313.41,315.38,3787717
2025-06-06,318.42,320.15,316.38,317.65,2309566
2025-06-09,318.01,319.23,316.04,316.62,2291288
2025-06-10,317.57,321.69,317.00,320.92,2356102
2025-06-11,320.92,321.77,317.84,319.22,1859102
2025-06-12,317.50,318.62,316.11,318.13,2194459
2025-06-13,314.32,317.31,311.28,311.71,3102669
2025-06-16,314.33,317.05,312.81,314.33,2930017
2025-06-17,312.97,315.95,311.85,312.03,2533752
2025-06-18,314.20,314.20,305.87,306.38,4593070
2025-06-20,281.43,288.87,273.19,285.37,11697440
2025-06-23,286.00,295.33,284.23,295.00,5454927
2025-06-24,295.68,301.65,295.01,300.72,4940618
2025-06-25,301.00,301.65,294.35,294.60,3164580
2025-06-26,296.59,296.96,292.60,296.08,3634014
2025-06-27,295.88,296.70,292.99,295.46,4159536
2025-06-30,296.74,299.01,295.74,298.89,3136901
2025-07-01,298.12,304.19,297.93,302.62,3565707
2025-07-02,303.17,303.17,298.32,302.29,2748684
2025-07-03,303.00,305.30,302.29,304.78,1616133
2025-07-07,303.53,304.79,299.29,300.54,2753256
2025-07-08,301.75,307.77,300.51,303.33,2890515
2025-07-09,303.16,304.19,294.79,297.40,3177760
2025-07-10,292.04,292.60,285.79,288.36,5197475
2025-07-11,287.21,287.74,280.43,281.06,5077108
2025-07-14,280.69,280.94,276.95,279.99,4281770
2025-07-15,281.04,281.11,275.96,276.07,3970272
2025-07-16,276.75,280.27,276.03,279.67,3176628
2025-07-17,280.75,283.13,278.25,282.70,3513221
2025-07-18,283.24,283.82,280.64,282.44,4207481
2025-07-21,283.52,284.60,282.18,282.45,2955775
2025-07-22,281.80,287.07,281.80,286.96,3614707
2025-07-23,289.74,291.00,285.78,286.04,2953559
2025-07-24,281.78,284.39,279.27,281.71,3953005
2025-07-25,281.80,284.30,280.56,283.15,2632257
2025-07-28,280.19,280.99,275.71,277.04,3693889
2025-07-29,277.45,278.96,276.54,278.90,3492714
2025-07-30,278.50,278.69,272.39,274.00,4272743
2025-07-31,271.00,273.88,266.13,267.10,4794149
2025-08-01,264.63,265.11,254.20,255.37,6042413
2025-08-04,258.08,259.14,256.61,258.78,3470608
2025-08-05,255.74,255.80,245.74,247.07,10175890
2025-08-06,247.70,248.09,244.00,247.54,8064669
2025-08-07,248.20,251.33,239.81,241.72,7246256
2025-08-08,242.66,242.92,238.03,239.20,3811193
2025-08-11,238.00,241.82,236.96,238.61,4674953
2025-08-12,238.93,242.41,236.67,237.87,4832539
2025-08-13,238.75,246.72,237.31,245.68,5278399
2025-08-14,244.54,246.67,242.35,246.16,4928485
2025-08-15,245.74,249.40,245.74,247.01,4223700
2025-08-18,247.00,250.99,245.10,249.13,3776430
2025-08-19,250.53,257.62,250.40,255.88,4555710
2025-08-20,257.04,260.39,254.99,255.05,5069889
2025-08-21,255.00,255.00,250.72,253.99,2670597
2025-08-22,254.69,262.17,254.47,259.22,3102948
2025-08-25,259.22,259.73,255.04,256.05,2358756
2025-08-26,255.34,256.69,253.16,255.42,4884513
2025-08-27,256.12,258.29,255.44,257.12,2238979
2025-08-28,258.00,258.13,253.96,256.17,2984988
2025-08-29,256.92,260.38,256.09,259.97,2806195
2025-09-02,257.85,260.40,251.98,256.17,3537993
2025-09-03,253.21,254.81,251.32,254.15,2934837
2025-09-04,253.27,254.70,247.89,252.94,4165360
2025-09-05,252.93,258.65,250.19,254.95,4235989
2025-09-08,255.28,256.00,249.47,255.57,4707822
2025-09-09,255.00,255.96,249.84,251.99,3456433
2025-09-10,252.04,252.04,240.66,243.11,5117472
2025-09-11,243.21,244.56,242.35,244.15,4644524
2025-09-12,244.50,245.25,238.01,238.54,5637514
2025-09-15,240.67,242.25,235.92,237.87,5385897
2025-09-16,237.51,238.75,235.83,236.81,6464105
2025-09-17,237.73,245.20,236.99,241.24,5248152
2025-09-18,241.98,243.34,237.93,239.55,5698185
2025-09-19,239.52,240.97,234.18,239.70,11522620
2025-09-22,239.86,242.49,238.59,239.99,6070393
2025-09-23,240.51,241.20,234.10,235.50,6777829
2025-09-24,236.67,240.06,235.75,239.08,6855371
2025-09-25,238.49,242.00,229.40,232.56,10401070
2025-09-26,232.60,241.30,231.05,238.97,8163164
2025-09-29,240.50,249.13,237.25,247.00,7837461
2025-09-30,246.59,252.10,245.38,246.60,8966444
2025-10-01,245.26,248.99,239.71,243.71,6545095
2025-10-02,244.91,248.18,243.25,244.34,4323530
2025-10-03,244.88,246.46,242.66,245.32,3383997
2025-10-06,246.00,248.41,242.05,248.17,3400873
2025-10-07,249.13,252.83,248.21,251.23,5930393
2025-10-08,251.71,253.67,247.65,252.98,5672008
2025-10-09,253.51,254.17,249.61,252.04,4427619
2025-10-10,251.65,252.95,240.71,240.94,4548757
2025-10-13,242.23,243.96,239.87,243.56,3572509
2025-10-14,242.06,246.07,239.55,244.20,3788593
2025-10-15,243.91,247.31,239.06,239.71,4118068
2025-10-16,239.81,240.09,233.75,234.02,4800831
2025-10-17,234.35,239.12,233.60,238.39,4436403
2025-10-20,240.10,244.19,239.74,242.18,3495403
2025-10-21,242.52,252.09,242.52,250.51,4475512
2025-10-22,248.61,251.05,247.17,249.14,3899985
2025-10-23,246.06,250.09,245.44,249.81,2885744
2025-10-24,250.01,251.09,247.11,247.65,2794125
2025-10-27,249.44,252.25,247.19,250.77,3033478
2025-10-28,250.00,254.68,249.19,253.35,3425097
2025-10-29,253.15,255.44,247.50,247.75,5780655
2025-10-30,245.81,251.88,245.48,249.25,3982225
2025-10-31,249.66,250.88,248.06,250.10,3848001
2025-11-03,249.53,249.53,242.94,248.44,4196627
2025-11-04,246.97,248.57,241.07,242.90,3688348
2025-11-05,243.38,248.99,242.76,247.82,3631847
2025-11-06,247.73,248.67,240.18,241.34,3512582
2025-11-07,240.00,246.55,239.44,245.76,4047434
2025-11-10,247.34,248.26,240.40,244.55,2818924
2025-11-11,244.89,244.89,238.53,242.56,3766805
2025-11-12,244.00,246.97,242.31,246.53,3230935
2025-11-13,245.43,248.58,244.31,247.57,3703849
2025-11-14,245.77,249.15,244.09,245.21,2845068
2025-11-17,243.93,244.98,240.59,241.33,3187926
2025-11-18,241.06,241.75,237.43,240.00,3375269
2025-11-19,240.00,244.38,240.00,241.08,2554872
2025-11-20,242.79,244.75,239.54,240.79,2905498
2025-11-21,241.88,253.97,241.28,251.85,5959436
2025-11-24,250.99,251.33,243.24,243.62,5596861
2025-11-25,245.00,251.68,245.00,249.23,3664451
2025-11-26,250.28,251.94,246.89,247.85,2389202
2025-11-28,247.49,251.45,245.13,250.00,1493721
2025-12-01,253.13,258.89,251.02,257.43,5025137
2025-12-02,257.80,262.96,257.00,261.02,4966370
2025-12-03,261.98,274.06,261.75,272.85,6961886
2025-12-04,276.30,280.71,269.17,269.34,4119626
2025-12-05,268.10,271.00,266.07,266.59,3785500
2025-12-08,265.73,268.63,265.01,266.50,3218875
2025-12-09,267.93,272.40,267.25,269.53,3515049
2025-12-10,268.38,273.64,268.05,272.22,3580740
2025-12-11,273.17,277.65,269.71,270.37,4063216
2025-12-12,271.96,273.44,270.30,271.56,2984009
2025-12-15,276.00,276.40,271.02,274.66,4042066
2025-12-16,281.13,281.13,270.83,272.04,5503311
2025-12-17,272.65,279.38,272.00,273.74,5586769
2025-12-18,265.00,272.37,261.50,269.96,6923228
2025-12-19,270.00,276.81,270.00,272.25,8375775
2025-12-22,271.61,272.80,267.85,270.67,3289499
2025-12-23,269.82,271.67,268.78,270.77,2598777
2025-12-24,270.03,271.92,269.74,269.98,1062697
2025-12-26,269.90,271.75,269.50,271.09,1412215
2025-12-29,270.98,273.27,269.94,271.34,2753918
2025-12-30,270.43,272.42,269.52,270.00,1785092
2025-12-31,269.74,270.93,268.30,268.30,1973217
2026-01-02,268.79,269.84,258.00,259.95,4899872
2026-01-05,260.82,266.75,259.48,263.98,3538240
2026-01-06,263.03,275.99,262.09,275.93,4080539
2026-01-07,276.01,281.87,271.89,273.98,4303498
2026-01-08,272.25,286.57,272.12,281.82,5268854
2026-01-09,281.96,284.40,277.33,280.67,3135902
2026-01-12,279.54,281.39,276.61,280.96,4086673
2026-01-13,278.90,280.50,273.00,276.80,3622827
2026-01-14,276.61,291.09,276.18,288.54,6421748
2026-01-15,287.93,290.67,285.21,287.77,5743716
2026-01-16,285.43,289.16,280.74,286.21,5702518
2026-01-20,282.44,287.26,272.22,272.71,5656105
2026-01-21,275.00,285.54,274.95,280.72,4232162
2026-01-22,283.83,289.00,283.39,285.09,4379362
2026-01-23,284.34,285.94,279.68,281.07,2565374
2026-01-26,283.25,284.59,276.14,280.71,3169645
2026-01-27,280.00,280.00,274.16,275.80,2937159
2026-01-28,275.82,278.66,267.86,270.43,3735222
2026-01-29,269.47,271.20,257.37,261.22,8227783
2026-01-30,261.22,264.54,259.90,263.64,5458171
2026-02-02,263.54,269.15,262.15,266.79,3427461
2026-02-03,249.44,251.55,238.14,241.21,9119223
2026-02-04,237.84,245.07,231.85,241.65,7633977
2026-02-05,240.47,244.73,232.73,233.58,6108326
2026-02-06,232.30,241.09,232.00,240.62,5026376
2026-02-09,235.59,239.00,231.86,236.76,4770473
2026-02-10,237.47,243.60,235.00,240.86,5673321
2026-02-11,241.92,242.31,228.83,230.43,6076159
2026-02-12,230.25,230.25,215.16,222.05,9719925
2026-02-13,223.21,227.31,220.91,224.23,7644827
2026-02-17,225.62,229.11,217.33,219.89,7431746
2026-02-18,219.42,224.26,217.16,223.61,4968771
2026-02-19,215.00,216.28,211.06,214.95,8040727
2026-02-20,213.54,218.47,211.94,215.35,5932481
2026-02-23,212.12,214.02,199.10,201.18,10007270
2026-02-24,200.54,204.30,196.09,196.73,11119620
2026-02-25,196.36,196.82,188.73,191.50,14156520
2026-02-26,194.00,207.49,193.99,207.38,10833950
2026-02-27,204.17,208.86,199.26,208.72,7929670
2026-03-02,205.24,209.15,204.32,205.93,7263302
2026-03-03,203.00,213.25,203.00,209.89,5818916
2026-03-04,211.80,215.54,208.61,210.00,5549179
2026-03-05,209.80,216.66,209.30,214.00,7441049
2026-03-06,215.21,218.59,212.00,215.00,6495267
2026-03-09,212.84,215.65,205.83,209.36,7849318
2026-03-10,208.60,208.60,199.74,201.63,5163043
2026-03-11,203.45,206.68,197.66,201.48,5133317
2026-03-12,201.00,205.00,195.48,196.05,7049552
2026-03-13,197.34,200.41,195.07,196.65,4223284
2026-03-16,197.49,200.47,195.64,199.31,7832748
2026-03-17,200.25,204.94,198.07,198.66,5729468
2026-03-18,198.75,199.80,194.26,195.15,8070091
2026-03-19,187.00,207.98,187.00,203.55,10613710
2026-03-20,203.50,207.42,198.49,199.99,44335900
2026-03-23,203.63,204.45,198.72,200.02,4828319
2026-03-24,197.57,198.48,190.65,193.54,5113679
2026-03-25,195.49,197.24,188.67,192.29,4371161
2026-03-26,191.47,197.60,190.96,196.42,4916457
2026-03-27,195.00,195.54,190.27,192.60,4890544
2026-03-30,195.00,198.57,194.21,197.55,4636746
2026-03-31,200.00,201.50,195.93,198.29,6907342
2026-04-01,197.14,198.50,192.00,197.06,4810264
2026-04-02,197.62,201.33,195.29,201.33,5518989
2026-04-06,200.96,201.72,195.34,198.95,5501561
2026-04-07,198.98,200.27,196.51,197.30,3803002
2026-04-08,200.94,202.16,193.53,193.84,4952190
2026-04-09,190.75,190.75,182.38,186.03,6064929
2026-04-10,185.83,185.98,177.50,179.53,7261041
2026-04-13,180.98,192.04,180.37,191.95,6681765
2026-04-14,192.72,194.30,189.51,190.37,4629640
2026-04-15,193.01,196.45,191.51,194.00,4433603
2026-04-16,196.24,196.69,191.29,194.00,4849683
2026-04-17,195.86,199.65,195.81,197.65,4501519
2026-04-20,197.23,199.58,193.98,195.06,4626935
2026-04-21,195.15,199.53,193.78,194.42,4203134
2026-04-22,193.13,194.76,188.19,190.10,4081818
2026-04-23,181.00,181.39,174.87,178.28,7387156
2026-04-24,178.75,179.95,173.84,178.36,4568778
2026-04-27,178.00,181.94,176.63,176.97,4411997
2026-04-28,178.60,181.34,176.99,177.75,4427028
2026-04-29,176.57,180.48,175.57,180.26,5171857
2026-04-30,178.32,178.99,173.65,178.71,6033741
2026-05-01,181.30,183.90,177.01,179.83,3708956
2026-05-04,179.98,182.34,177.76,180.12,6087187
2026-05-05,180.43,180.43,173.56,179.01,5134450
2026-05-06,179.50,179.50,173.52,174.57,6812995
2026-05-07,176.07,180.74,175.63,180.19,6330372
2026-05-08,178.03,181.14,172.52,180.42,5695964
2026-05-11,180.49,181.29,172.22,172.35,4624410
2026-05-12,174.00,175.00,169.76,169.77,5451921
2026-05-13,167.52,168.15,155.81,159.64,13901850
2026-05-14,162.00,166.07,160.50,163.99,8723148
2026-05-15,167.47,169.60,164.93,168.82,4996747
2026-05-18,167.75,177.55,165.87,177.55,5367585
2026-05-19,180.00,184.79,176.17,176.80,7191771
2026-05-20,175.00,180.51,170.28,179.22,4239118
2026-05-21,176.82,178.47,173.13,177.87,3514633
2026-05-22,179.00,182.70,177.17,179.24,3452859
2026-05-26,178.00,178.65,173.84,177.00,3822680
2026-05-27,177.00,179.61,176.04,176.36,5272884
2026-05-28,178.14,179.84,175.33,178.40,4106682
2026-05-29,178.63,188.24,175.44,187.07,10781300
2026-06-01,193.44,198.00,188.99,196.59,7179547
2026-06-02,190.69,191.90,183.41,186.22,5282813
2026-06-03,183.16,184.00,176.37,177.43,4955540
2026-06-04,183.68,185.00,177.59,178.86,4395425
2026-06-05,180.91,183.18,176.33,178.25,3745661
2026-06-08,176.95,180.18,174.37,174.43,3795678
2026-06-09,173.46,176.36,170.33,173.47,4426857
2026-06-10,170.10,173.53,167.85,170.50,3320590
2026-06-11,167.10,170.84,163.58,167.52,5257548
2026-06-12,168.44,171.77,164.65,170.28,4040124
2026-06-15,167.60,172.59,165.05,165.36,6026514
2026-06-16,165.62,169.79,165.03,165.52,4422625
2026-06-17,164.90,166.87,155.91,156.01,7563197
2026-06-18,126.50,134.70,125.60,127.98,41744290
2026-06-22,125.00,125.84,118.15,124.83,27630910
2026-06-23,124.79,127.83,124.42,127.01,23534670
2026-06-24,126.49,131.88,125.80,129.15,13775250
2026-06-25,128.35,129.80,125.68,125.82,20982980
2026-06-26,126.25,129.25,125.71,128.98,14148710
2026-06-29,130.57,132.38,124.44,124.74,17088300
2026-06-30,123.26,125.47,121.78,124.44,10984430
2026-07-01,126.20,133.81,126.05,131.13,14977690
2026-07-02,133.14,138.90,132.94,137.35,13839150
2026-07-06,135.96,138.11,133.50,136.96,6974821
2026-07-07,140.40,143.97,140.39,142.14,8702651
2026-07-08,139.75,141.63,137.16,137.19,6861679
2026-07-09,130.94,139.13,129.50,139.06,7003091
2026-07-10,141.37,142.45,134.85,135.23,7632630
2026-07-13,139.09,141.74,136.10,138.52,5377439
2026-07-14,130.47,137.75,129.96,134.56,6876435
2026-07-15,137.01,139.54,135.93,137.02,10189090
2026-07-16,138.93,145.52,135.50,144.61,9515819
2026-07-17,145.00,147.42,139.72,143.57,10575540
2026-07-20,142.84,145.59,140.00,144.73,8070326
2026-07-21,141.33,144.42,140.31,140.86,4771049
2026-07-22,140.82,143.49,138.90,140.09,4768334
2026-07-23,139.00,139.29,135.96,138.74,10362540
2026-07-24,142.50,147.53,140.71,146.99,6570587
2026-07-27,150.20,156.84,149.58,154.06,7772860
2026-07-28,156.95,167.75,156.95,164.66,10617590
2026-07-29,165.00,176.40,163.85,173.17,10919940
2026-07-30,166.73,166.73,159.96,163.29,8645688
2026-07-31,160.82,166.94,159.20,165.92,9389191
2026-08-03,170.37,171.47,165.44,165.76,6741873
2026-08-04,160.64,171.30,160.40,170.43,5792918
2026-08-05,172.25,173.27,167.44,170.73,5396136
2026-08-06,160.21,171.47,157.76,171.11,5206045
2026-08-07,171.13,176.33,170.57,175.72,3678400
2026-08-10,174.46,179.66,172.55,178.25,3974666
2026-08-11,176.83,180.30,175.54,179.82,3900014
2026-08-12,176.03,180.15,173.82,180.14,5626882
2026-08-13,181.68,185.80,177.00,178.49,9336266
2026-08-14,180.04,180.50,173.91,176.89,6291119
2026-08-17,173.00,175.52,169.75,169.98,5041059
2026-08-18,172.86,176.93,170.43,172.93,5995914
2026-08-19,172.35,185.77,172.35,183.17,5660499
2026-08-20,182.21,187.14,181.17,181.35,4383308
2026-08-21,180.98,188.45,180.02,185.28,4837783
2026-08-24,184.64,188.08,183.43,186.53,7346426
2026-08-25,183.78,188.00,182.33,186.93,4071858
2026-08-26,182.35,185.84,180.79,181.38,4378174
2026-08-27,184.10,189.93,183.51,187.38,4932748
2026-08-28,189.34,191.90,188.67,189.61,4840890
2026-08-31,188.32,191.46,186.76,189.76,4194352
2026-09-01,187.32,190.50,186.99,188.09,3409775
2026-09-02,186.31,190.04,185.44,187.68,2876564
2026-09-03,190.00,195.32,189.09,193.12,5420377
2026-09-04,192.00,192.17,186.02,186.72,5104838
2026-09-08,184.35,184.35,177.04,179.03,6100503
2026-09-09,178.61,180.97,175.60,175.80,3982626
2026-09-10,177.63,179.39,175.49,177.91,3961384
2026-09-11,179.05,184.12,178.29,183.90,2887451
2026-09-14,190.55,195.47,187.78,195.00,5324372
2026-09-15,190.53,197.63,190.08,193.40,5749638
