date,open,high,low,close,volume
2016-09-15,15.64,15.74,15.58,15.67,67725620
2016-09-16,15.66,15.68,15.48,15.49,89639580
2016-09-19,15.55,15.78,15.55,15.59,66119120
2016-09-20,15.74,15.76,15.51,15.60,68163650
2016-09-21,15.71,15.83,15.39,15.65,95386000
2016-09-22,15.69,15.71,15.50,15.60,75441030
2016-09-23,15.53,15.67,15.50,15.52,51518640
2016-09-26,15.40,15.44,15.02,15.09,94896990
2016-09-27,15.01,15.34,14.81,15.29,81721530
2016-09-28,15.36,15.39,15.15,15.38,65917160
2016-09-29,15.38,15.50,15.06,15.16,78612500
2016-09-30,15.26,15.73,15.17,15.65,119282800
2016-10-03,15.59,15.73,15.50,15.63,69704340
2016-10-04,15.70,16.05,15.67,15.80,98258480
2016-10-05,15.96,16.23,15.96,16.11,85966080
2016-10-06,16.17,16.23,16.04,16.22,75810060
2016-10-07,16.19,16.25,15.98,16.13,99345410
2016-10-10,16.21,16.40,16.18,16.30,63424070
2016-10-11,16.26,16.33,16.02,16.11,76985220
2016-10-12,16.09,16.24,16.01,16.03,66732500
2016-10-13,16.09,16.09,15.60,15.83,78273640
2016-10-14,16.15,16.23,15.94,16.00,108415200
2016-10-17,16.17,16.20,15.90,16.05,101364400
2016-10-18,16.19,16.27,16.11,16.26,71285410
2016-10-19,16.30,16.53,16.28,16.47,97756510
2016-10-20,16.45,16.63,16.41,16.56,88018040
2016-10-21,16.46,16.67,16.40,16.67,77120540
2016-10-24,16.75,16.80,16.61,16.77,68020520
2016-10-25,16.71,16.82,16.68,16.72,49148130
2016-10-26,16.64,16.87,16.62,16.87,58374650
2016-10-27,16.95,17.10,16.86,16.91,97832340
2016-10-28,16.95,16.98,16.50,16.68,115048600
2016-10-31,16.68,16.73,16.50,16.50,70304620
2016-11-01,16.56,16.75,16.33,16.61,88459580
2016-11-02,16.46,16.56,16.28,16.48,83952210
2016-11-03,16.48,16.67,16.45,16.48,69544300
2016-11-04,16.53,16.71,16.35,16.55,82301190
2016-11-07,16.86,17.04,16.85,17.01,91477200
2016-11-08,16.82,17.11,16.71,17.00,95635490
2016-11-09,17.66,18.05,17.40,17.97,318931000
2016-11-10,18.26,18.99,18.25,18.76,304819000
2016-11-11,18.64,19.03,18.63,19.02,212847700
2016-11-14,19.41,20.20,19.40,20.08,320222800
2016-11-15,19.79,20.18,19.60,20.16,190083400
2016-11-16,19.78,19.96,19.68,19.75,126524800
2016-11-17,19.76,20.22,19.70,20.08,167830000
2016-11-18,20.06,20.14,19.87,20.00,120536900
2016-11-21,20.10,20.35,20.01,20.33,117361100
2016-11-22,20.45,20.47,20.12,20.30,104690400
2016-11-23,20.42,20.66,20.20,20.56,110899400
2016-11-25,20.62,20.88,20.50,20.86,62610390
2016-11-28,20.67,20.85,20.25,20.30,108381800
2016-11-29,20.38,20.54,20.25,20.29,114015300
2016-11-30,20.77,21.19,20.72,21.12,191511400
2016-12-01,21.42,21.94,21.34,21.50,199051800
2016-12-02,21.49,21.50,21.02,21.23,128408700
2016-12-05,21.47,21.87,21.46,21.84,130204600
2016-12-06,22.09,22.16,21.72,22.16,120622300
2016-12-07,22.19,22.57,21.95,22.57,167597600
2016-12-08,22.79,23.24,22.69,22.95,182468500
2016-12-09,22.95,23.17,22.78,23.09,130397900
2016-12-12,23.00,23.25,22.54,22.61,136773100
2016-12-13,22.80,22.88,22.29,22.61,117269200
2016-12-14,22.31,23.30,22.21,22.67,225157800
2016-12-15,22.90,23.39,22.80,23.16,161850000
2016-12-16,23.32,23.32,22.65,22.66,147387800
2016-12-19,22.60,22.72,22.33,22.48,97367320
2016-12-20,22.63,22.83,22.61,22.71,83755360
2016-12-21,22.72,22.72,22.47,22.63,62080960
2016-12-22,22.60,22.73,22.47,22.54,67051750
2016-12-23,22.51,22.65,22.43,22.60,38165870
2016-12-27,22.71,22.73,22.54,22.61,39927810
2016-12-28,22.62,22.67,22.26,22.33,52182500
2016-12-29,22.33,22.39,21.77,22.00,79109580
2016-12-30,22.02,22.26,21.95,22.10,72551680
2017-01-03,22.60,22.68,22.20,22.53,99227290
2017-01-04,22.72,22.96,22.60,22.95,76810200
2017-01-05,22.82,22.93,22.34,22.68,86766780
2017-01-06,22.78,22.85,22.56,22.68,65835780
2017-01-09,22.51,22.71,22.40,22.55,75869380
2017-01-10,22.59,23.14,22.54,22.94,100940600
2017-01-11,22.94,23.07,22.72,23.07,92242470
2017-01-12,23.01,23.12,22.61,22.92,120072400
2017-01-13,23.21,23.41,22.80,23.01,161764900
2017-01-17,22.68,22.79,22.01,22.05,152301300
2017-01-18,22.30,22.65,22.10,22.63,124296000
2017-01-19,22.73,22.81,22.41,22.53,75929210
2017-01-20,22.66,22.93,22.52,22.64,102483600
2017-01-23,22.62,22.76,22.41,22.56,61271670
2017-01-24,22.61,23.09,22.48,22.95,98428420
2017-01-25,23.32,23.42,23.10,23.37,99619220
2017-01-26,23.41,23.55,23.28,23.44,84066990
2017-01-27,23.43,23.45,23.28,23.36,54520740
2017-01-30,23.20,23.20,22.71,22.95,91502390
2017-01-31,22.77,23.02,22.50,22.64,90927020
2017-02-01,22.97,23.22,22.82,22.89,103539300
2017-02-02,22.74,22.79,22.51,22.72,88554810
2017-02-03,23.15,23.35,22.95,23.29,115917700
2017-02-06,23.15,23.38,23.07,23.12,92160620
2017-02-07,23.28,23.29,22.86,22.90,87912350
2017-02-08,22.73,22.73,22.45,22.67,102238400
2017-02-09,22.76,23.15,22.64,23.12,102556000
2017-02-10,23.19,23.24,22.96,23.08,90498870
2017-02-13,23.17,23.54,23.17,23.40,105216600
2017-02-14,23.40,24.17,23.33,24.06,139553400
2017-02-15,24.34,24.77,24.11,24.58,151015900
2017-02-16,24.54,24.62,24.30,24.58,98012910
2017-02-17,24.28,24.58,24.20,24.52,85735590
2017-02-21,24.59,24.80,24.58,24.78,78495040
2017-02-22,24.61,24.95,24.54,24.79,81281140
2017-02-23,24.79,24.89,24.51,24.58,85791080
2017-02-24,24.12,24.35,24.02,24.23,97028510
2017-02-27,24.20,24.66,24.19,24.57,68995310
2017-02-28,24.48,24.70,24.42,24.68,90011160
2017-03-01,25.37,25.61,25.22,25.50,143767100
2017-03-02,25.68,25.80,25.20,25.23,99585190
2017-03-03,25.30,25.65,25.30,25.44,92619050
2017-03-06,25.33,25.35,25.08,25.25,75597890
2017-03-07,25.22,25.36,25.10,25.21,63926260
2017-03-08,25.60,25.77,25.22,25.26,105192100
2017-03-09,25.35,25.53,25.23,25.35,78767540
2017-03-10,25.62,25.62,25.09,25.31,86902850
2017-03-13,25.30,25.41,25.13,25.30,56356360
2017-03-14,25.19,25.34,25.05,25.32,63143660
2017-03-15,25.39,25.55,24.96,25.18,114532700
2017-03-16,25.24,25.49,25.19,25.22,70181020
2017-03-17,25.22,25.27,24.83,24.86,105111000
2017-03-20,24.58,24.76,24.42,24.44,87228050
2017-03-21,24.50,24.56,22.95,23.02,259167700
2017-03-22,22.65,23.18,22.45,22.94,167788500
2017-03-23,23.04,23.49,22.91,23.07,111501500
2017-03-24,23.20,23.35,22.76,23.12,113329200
2017-03-27,22.28,23.05,22.16,23.03,119358700
2017-03-28,23.01,23.67,23.00,23.48,95587980
2017-03-29,23.51,23.65,23.31,23.35,67133920
2017-03-30,23.38,23.98,23.33,23.87,79073970
2017-03-31,23.83,23.97,23.59,23.59,77081440
2017-04-03,23.65,23.75,23.08,23.59,87909440
2017-04-04,23.20,23.51,23.20,23.44,75192590
2017-04-05,23.77,23.88,23.15,23.17,97215050
2017-04-06,23.17,23.46,22.96,23.26,82876860
2017-04-07,23.03,23.34,22.93,23.16,79450470
2017-04-10,23.13,23.28,22.91,23.02,63174070
2017-04-11,22.83,22.95,22.58,22.92,94168210
2017-04-12,22.88,22.94,22.61,22.65,76352650
2017-04-13,22.56,22.96,22.34,22.34,87945320
2017-04-17,22.36,22.83,22.26,22.81,84779880
2017-04-18,23.11,23.15,22.38,22.71,146318500
2017-04-19,22.92,23.15,22.68,22.74,101687400
2017-04-20,22.96,23.17,22.82,23.07,103664600
2017-04-21,23.03,23.08,22.59,22.71,127075100
2017-04-24,23.24,23.85,23.24,23.63,138479000
2017-04-25,23.99,24.35,23.91,23.98,131440200
2017-04-26,24.00,24.19,23.86,23.89,94950280
2017-04-27,23.90,23.93,23.46,23.65,79928130
2017-04-28,23.57,23.72,23.32,23.34,69248930
2017-05-01,23.52,23.77,23.35,23.61,72285350
2017-05-02,23.61,23.67,23.33,23.53,57073450
2017-05-03,23.37,23.78,23.34,23.77,64124530
2017-05-04,23.98,24.05,23.73,23.85,68100160
2017-05-05,23.98,23.99,23.60,23.74,56584370
2017-05-08,23.75,24.06,23.75,23.96,55958670
2017-05-09,24.03,24.31,23.87,23.98,61468760
2017-05-10,23.91,24.17,23.87,24.15,48462370
2017-05-11,24.09,24.23,23.84,24.07,68316170
2017-05-12,23.92,24.00,23.75,24.00,62552070
2017-05-15,24.06,24.14,23.98,24.06,50479070
2017-05-16,24.07,24.17,23.94,23.99,55574620
2017-05-17,23.37,23.45,22.46,22.57,189908000
2017-05-18,22.61,23.00,22.50,22.74,108158300
2017-05-19,22.91,23.30,22.87,23.05,88472220
2017-05-22,23.19,23.24,22.82,23.04,74661210
2017-05-23,23.03,23.50,22.84,23.39,78811320
2017-05-24,23.44,23.47,23.22,23.36,59100840
2017-05-25,23.41,23.58,23.22,23.25,60380180
2017-05-26,23.23,23.42,23.17,23.24,50312210
2017-05-30,23.13,23.21,22.88,22.91,60905320
2017-05-31,22.78,22.80,22.09,22.41,138620200
2017-06-01,22.48,22.64,22.30,22.63,69515160
2017-06-02,22.27,22.59,22.16,22.45,79662040
2017-06-05,22.44,22.70,22.39,22.41,51491670
2017-06-06,22.20,22.41,22.07,22.23,71639290
2017-06-07,22.30,22.62,22.27,22.60,66272300
2017-06-08,22.62,23.21,22.60,22.97,93287430
2017-06-09,23.22,23.67,23.21,23.67,108067200
2017-06-12,23.82,24.04,23.55,23.78,85746650
2017-06-13,23.95,24.11,23.66,23.77,67919570
2017-06-14,23.55,23.81,23.20,23.76,102010000
2017-06-15,23.55,23.95,23.47,23.54,69681060
2017-06-16,23.56,23.62,23.37,23.43,57341190
2017-06-19,23.61,24.00,23.60,23.91,58215530
2017-06-20,23.91,23.99,23.48,23.49,59524870
2017-06-21,23.49,23.57,23.07,23.13,72261230
2017-06-22,23.12,23.20,22.90,22.93,64547310
2017-06-23,23.11,23.11,22.74,22.82,85320770
2017-06-26,22.91,23.14,22.73,22.89,61238320
2017-06-27,23.10,23.60,23.00,23.27,88182970
2017-06-28,23.53,23.96,23.53,23.88,115577400
2017-06-29,24.58,24.67,24.04,24.32,150364000
2017-06-30,24.62,24.62,24.17,24.26,83810870
2017-07-03,24.46,24.91,24.44,24.68,58129710
2017-07-05,24.80,24.95,24.62,24.92,75953060
2017-07-06,24.90,25.11,24.69,24.71,84371180
2017-07-07,24.92,25.00,24.65,24.83,53526920
2017-07-10,24.72,24.99,24.64,24.89,54457570
2017-07-11,24.88,24.91,24.46,24.60,69323490
2017-07-12,24.42,24.60,24.30,24.35,68616530
2017-07-13,24.43,24.63,24.37,24.62,55336190
2017-07-14,24.20,24.32,23.82,24.21,92464390
2017-07-17,24.22,24.22,23.93,24.02,81244460
2017-07-18,23.91,24.06,23.61,23.90,107599900
2017-07-19,24.05,24.20,23.81,24.06,74095050
2017-07-20,24.02,24.12,23.83,23.94,62586090
2017-07-21,23.84,23.96,23.66,23.80,65844560
2017-07-24,23.74,24.03,23.73,23.91,51359610
2017-07-25,24.25,24.67,24.24,24.48,86062580
2017-07-26,24.67,24.67,24.14,24.21,65558320
2017-07-27,24.26,24.45,24.03,24.11,62296610
2017-07-28,24.05,24.21,23.96,24.03,49509430
2017-07-31,24.12,24.30,24.09,24.12,62247880
2017-08-01,24.29,24.49,24.27,24.45,52692050
2017-08-02,24.44,24.59,24.26,24.59,55295990
2017-08-03,24.55,24.60,24.32,24.37,53163620
2017-08-04,24.68,25.08,24.65,24.97,104907100
2017-08-07,25.01,25.05,24.90,24.96,41811710
2017-08-08,24.95,25.35,24.82,24.90,73275240
2017-08-09,24.60,24.77,24.46,24.74,56831410
2017-08-10,24.58,24.58,24.09,24.12,76728760
2017-08-11,24.07,24.24,23.80,23.86,68016820
2017-08-14,24.23,24.48,24.17,24.42,54832070
2017-08-15,24.75,24.85,24.45,24.47,45092400
2017-08-16,24.54,24.62,24.08,24.19,59069080
2017-08-17,24.07,24.17,23.62,23.64,77480820
2017-08-18,23.56,23.90,23.45,23.62,60254430
2017-08-21,23.58,23.64,23.14,23.38,68200820
2017-08-22,23.60,23.89,23.57,23.83,59145970
2017-08-23,23.61,23.97,23.59,23.76,39694500
2017-08-24,23.93,23.94,23.68,23.84,39106530
2017-08-25,23.89,24.07,23.75,23.77,43431220
2017-08-28,23.84,23.90,23.57,23.72,36793500
2017-08-29,23.22,23.70,23.12,23.58,60786040
2017-08-30,23.73,24.04,23.56,23.87,58370140
2017-08-31,24.03,24.04,23.78,23.89,62326760
2017-09-01,23.90,24.18,23.80,24.09,56209820
2017-09-05,23.83,23.83,23.23,23.31,108787700
2017-09-06,23.49,23.57,23.21,23.41,63175680
2017-09-07,23.38,23.41,22.75,22.97,103437900
2017-09-08,22.93,23.23,22.85,22.89,67469130
2017-09-11,23.22,23.41,23.08,23.36,73640670
2017-09-12,23.46,24.03,23.45,23.95,99592440
2017-09-13,23.92,24.35,23.87,24.33,86249830
2017-09-14,24.38,24.54,24.20,24.24,69783480
2017-09-15,24.21,24.41,24.15,24.38,85767250
2017-09-18,24.42,24.77,24.41,24.70,67960290
2017-09-19,24.70,24.99,24.62,24.86,56111750
2017-09-20,24.88,25.24,24.67,25.06,82224360
2017-09-21,25.05,25.28,24.92,25.16,57819200
2017-09-22,25.01,25.07,24.85,25.02,61355480
2017-09-25,24.94,25.08,24.58,24.76,62272900
2017-09-26,24.83,24.95,24.68,24.81,48608460
2017-09-27,25.31,25.64,25.18,25.41,92560680
2017-09-28,25.59,25.64,25.34,25.45,64927000
2017-09-29,25.41,25.48,25.31,25.34,63780050
2017-10-02,25.46,25.65,25.39,25.62,53916310
2017-10-03,25.75,25.93,25.62,25.86,55882290
2017-10-04,25.86,25.95,25.70,25.71,53304740
2017-10-05,25.77,26.23,25.66,26.13,62546480
2017-10-06,26.25,26.30,26.04,26.21,53754320
2017-10-09,26.26,26.27,25.76,25.85,55067210
2017-10-10,25.83,25.95,25.71,25.93,46093060
2017-10-11,25.93,25.93,25.65,25.83,51599570
2017-10-12,25.87,25.93,25.34,25.45,71570850
2017-10-13,25.38,26.00,25.12,25.83,104027000
2017-10-16,25.87,26.33,25.87,26.24,71849110
2017-10-17,26.37,26.43,26.11,26.20,48562680
2017-10-18,26.34,26.55,26.33,26.48,55320380
2017-10-19,26.20,26.59,26.15,26.58,54467190
2017-10-20,27.04,27.18,26.90,27.17,83581310
2017-10-23,27.22,27.43,27.09,27.16,69567640
2017-10-24,27.35,27.84,27.34,27.68,89903990
2017-10-25,27.89,27.92,27.34,27.63,81201170
2017-10-26,27.69,27.98,27.68,27.74,55251610
2017-10-27,27.68,27.96,27.62,27.80,58760610
2017-10-30,27.65,27.76,27.46,27.60,51285650
2017-10-31,27.64,27.72,27.34,27.39,50251580
2017-11-01,27.64,27.73,27.36,27.53,46424500
2017-11-02,27.51,27.93,27.27,27.87,59618060
2017-11-03,27.73,27.82,27.62,27.82,37777920
2017-11-06,27.74,27.82,27.62,27.75,37207720
2017-11-07,27.74,27.77,27.02,27.18,68280190
2017-11-08,26.96,26.96,26.49,26.79,82995130
2017-11-09,26.49,26.66,26.12,26.49,95366960
2017-11-10,26.59,26.74,26.46,26.51,61080860
2017-11-13,26.26,26.48,26.14,26.40,55874680
2017-11-14,26.26,26.35,26.08,26.24,61404750
2017-11-15,25.99,26.93,25.81,26.79,98205510
2017-11-16,26.91,27.05,26.74,26.76,54536360
2017-11-17,26.51,26.73,26.44,26.62,48404140
2017-11-20,26.74,26.84,26.54,26.74,46301020
2017-11-21,26.80,26.86,26.69,26.73,57715880
2017-11-22,26.77,26.90,26.59,26.66,38078860
2017-11-24,26.72,26.74,26.57,26.59,14273570
2017-11-27,26.52,26.92,26.51,26.59,44744570
2017-11-28,26.62,27.70,26.57,27.64,99108460
2017-11-29,28.02,28.49,27.84,28.28,119511000
2017-11-30,28.62,28.72,28.08,28.17,121866200
2017-12-01,28.25,28.51,27.50,28.10,136652000
2017-12-04,28.85,29.31,28.82,29.06,145532300
2017-12-05,29.27,29.30,28.85,28.93,91136060
2017-12-06,28.73,28.97,28.57,28.64,74256440
2017-12-07,28.45,28.97,28.37,28.78,80634300
2017-12-08,29.08,29.09,28.76,29.05,60940550
2017-12-11,29.05,29.17,28.90,28.94,53925360
2017-12-12,29.05,29.50,28.91,29.32,75874730
2017-12-13,29.31,29.44,28.83,28.84,78512960
2017-12-14,29.06,29.18,28.71,28.73,60511080
2017-12-15,28.91,29.18,28.74,29.04,129662100
2017-12-18,29.29,29.50,29.27,29.48,70474830
2017-12-19,29.60,29.64,29.37,29.45,65794720
2017-12-20,29.76,29.84,29.45,29.48,81175550
2017-12-21,29.59,29.98,29.58,29.82,72803250
2017-12-22,29.98,30.03,29.62,29.88,54152960
2017-12-26,29.74,29.94,29.58,29.78,42303190
2017-12-27,29.66,29.73,29.60,29.73,35047010
2017-12-28,29.73,29.82,29.66,29.80,37841530
2017-12-29,29.85,29.88,29.52,29.52,40578610
2018-01-02,29.75,29.90,29.61,29.90,57069460
2018-01-03,29.90,29.94,29.69,29.80,57837030
2018-01-04,29.97,30.44,29.88,30.19,76430790
2018-01-05,30.37,30.42,30.05,30.33,56227710
2018-01-08,30.23,30.27,30.05,30.12,42860700
2018-01-09,30.20,30.54,30.13,30.27,69375030
2018-01-10,30.37,30.73,30.31,30.55,63451480
2018-01-11,30.66,30.69,30.45,30.66,59164790
2018-01-12,30.88,31.20,30.77,31.19,66250780
2018-01-16,31.74,31.79,31.03,31.24,104329200
2018-01-17,31.00,31.29,30.34,31.18,124323000
2018-01-18,31.33,31.71,31.21,31.48,76371360
2018-01-19,31.58,31.74,31.46,31.72,66379330
2018-01-22,31.67,31.94,31.58,31.94,53762030
2018-01-23,31.86,32.13,31.79,31.92,56299730
2018-01-24,32.01,32.21,31.82,32.09,81516250
2018-01-25,32.24,32.25,31.93,32.09,62023140
2018-01-26,32.11,32.20,31.95,32.20,52662920
2018-01-29,32.25,32.45,32.18,32.28,59092420
2018-01-30,31.95,32.20,31.85,31.88,60489020
2018-01-31,32.05,32.29,31.95,32.00,65431620
2018-02-01,32.00,32.50,31.96,32.50,62242950
2018-02-02,32.44,32.67,31.86,31.95,96833450
2018-02-05,31.12,31.98,29.15,30.26,155123200
2018-02-06,29.41,31.29,29.30,31.20,165813100
2018-02-07,31.12,31.74,30.86,31.25,101126500
2018-02-08,31.31,31.38,29.73,29.74,128789700
2018-02-09,30.17,30.61,29.13,30.33,143012900
2018-02-12,30.62,31.44,30.54,31.12,95002880
2018-02-13,31.04,31.40,30.76,31.18,76614760
2018-02-14,31.17,32.03,31.05,32.00,97093160
2018-02-15,32.39,32.47,31.87,32.21,68086340
2018-02-16,32.00,32.26,31.92,31.97,62090730
2018-02-20,31.96,32.16,31.75,31.93,58527470
2018-02-21,31.80,32.37,31.77,31.87,72164950
2018-02-22,31.99,32.14,31.59,31.69,64702890
2018-02-23,31.80,32.06,31.76,32.03,53558650
2018-02-26,32.17,32.44,32.05,32.42,61752300
2018-02-27,32.32,32.85,32.32,32.33,69130980
2018-02-28,32.49,32.77,32.09,32.10,72008310
2018-03-01,32.07,32.34,31.36,31.48,90502310
2018-03-02,31.12,31.69,30.63,31.63,82674750
2018-03-05,31.35,32.35,31.16,32.13,70461110
2018-03-06,32.30,32.32,31.95,32.11,50387610
2018-03-07,31.70,32.23,31.58,32.18,52736280
2018-03-08,32.19,32.27,31.81,32.20,52662480
2018-03-09,32.47,32.73,32.40,32.72,73860460
2018-03-12,32.69,33.05,32.64,32.84,60271120
2018-03-13,32.97,32.99,32.30,32.36,63215190
2018-03-14,32.55,32.55,31.93,32.14,57954710
2018-03-15,32.29,32.34,31.93,32.10,41918180
2018-03-16,32.11,32.57,32.08,32.17,83399160
2018-03-19,32.13,32.22,31.68,31.98,57228400
2018-03-20,32.06,32.20,31.88,31.98,44724140
2018-03-21,32.00,32.45,31.68,31.87,64484560
2018-03-22,31.44,31.49,30.42,30.55,109591600
2018-03-23,30.69,30.82,29.05,29.17,115488600
2018-03-26,29.89,30.55,29.65,30.44,83204210
2018-03-27,30.65,30.67,29.21,29.52,85744500
2018-03-28,29.79,29.96,29.01,29.39,79199870
2018-03-29,29.57,30.14,29.31,29.99,65622270
2018-04-02,29.80,30.05,28.75,29.31,86495470
2018-04-03,29.54,29.65,29.10,29.59,69647160
2018-04-04,29.00,29.97,28.95,29.88,66580410
2018-04-05,30.18,30.55,30.11,30.32,55458350
2018-04-06,30.01,30.29,29.37,29.63,79644520
2018-04-09,29.82,30.62,29.76,29.87,65674100
2018-04-10,30.48,30.58,30.23,30.48,60608190
2018-04-11,30.15,30.24,29.89,29.90,62077580
2018-04-12,30.22,30.80,30.16,30.65,57757490
2018-04-13,31.13,31.17,29.56,29.80,99080540
2018-04-16,30.08,30.37,29.47,29.93,110449100
2018-04-17,30.17,30.37,29.88,30.04,82926740
2018-04-18,30.03,30.22,29.50,29.53,79616640
2018-04-19,29.55,30.24,29.54,30.18,80831190
2018-04-20,30.26,30.53,30.13,30.26,65403510
2018-04-23,30.27,30.40,30.12,30.32,50469970
2018-04-24,30.46,30.86,30.00,30.19,81324220
2018-04-25,30.09,30.34,29.80,30.14,65800680
2018-04-26,30.04,30.28,29.99,30.07,45835690
2018-04-27,29.99,30.21,29.97,30.15,47397380
2018-04-30,30.27,30.43,29.92,29.92,55086940
2018-05-01,29.92,29.96,29.62,29.95,52841620
2018-05-02,29.95,30.07,29.56,29.58,68144020
2018-05-03,29.51,29.52,28.43,29.20,110614500
2018-05-04,28.99,29.42,28.82,29.30,58245770
2018-05-07,29.44,29.79,29.33,29.64,46722860
2018-05-08,29.77,30.12,29.66,29.93,64968330
2018-05-09,30.10,30.79,30.08,30.72,72075500
2018-05-10,30.61,31.07,30.42,30.89,54697050
2018-05-11,30.91,31.03,30.81,30.92,41972530
2018-05-14,31.04,31.23,31.03,31.12,41748400
2018-05-15,30.92,31.36,30.85,31.22,64391440
2018-05-16,31.18,31.25,31.02,31.06,43431890
2018-05-17,31.04,31.08,30.67,30.81,45874490
2018-05-18,30.77,30.79,30.23,30.26,57703710
2018-05-21,30.52,30.68,30.48,30.55,34895670
2018-05-22,30.60,31.14,30.54,30.89,60936460
2018-05-23,30.71,30.76,30.08,30.44,73805110
2018-05-24,30.40,30.41,29.83,30.21,61955910
2018-05-25,30.01,30.19,29.88,30.16,44111200
2018-05-29,29.76,29.80,28.70,28.96,135756600
2018-05-30,29.29,29.60,29.16,29.49,79342240
2018-05-31,29.20,29.26,28.82,29.04,97463890
2018-06-01,29.49,29.66,29.31,29.40,64746020
2018-06-04,29.55,29.59,29.33,29.40,42498150
2018-06-05,29.31,29.34,29.06,29.12,47569120
2018-06-06,29.29,30.05,29.28,30.04,74924800
2018-06-07,30.20,30.31,29.89,30.09,68354510
2018-06-08,30.01,30.05,29.81,30.01,49516910
2018-06-11,30.13,30.41,30.06,30.06,46675340
2018-06-12,30.17,30.27,29.75,29.90,49572230
2018-06-13,29.98,30.36,29.70,29.84,68744430
2018-06-14,30.04,30.05,29.38,29.50,77752950
2018-06-15,29.25,29.41,28.86,29.28,103786900
2018-06-18,28.94,29.50,28.81,29.40,52512280
2018-06-19,29.04,29.37,28.95,29.26,65379360
2018-06-20,29.42,29.50,29.18,29.24,52208050
2018-06-21,29.21,29.45,29.00,29.29,68224720
2018-06-22,29.46,29.52,28.99,28.99,77116410
2018-06-25,28.86,28.91,28.26,28.48,73121460
2018-06-26,28.52,28.67,28.01,28.54,56324310
2018-06-27,28.51,28.84,28.24,28.24,61717700
2018-06-28,28.40,28.84,28.30,28.67,71026140
2018-06-29,29.09,29.17,28.18,28.19,102276900
2018-07-02,28.08,28.28,27.83,28.28,52140630
2018-07-03,28.33,28.43,27.74,27.78,40599020
2018-07-05,27.95,28.08,27.81,27.92,44158130
2018-07-06,27.81,28.15,27.63,28.03,39656130
2018-07-09,28.23,29.09,28.22,29.05,61535210
2018-07-10,29.22,29.33,28.75,28.83,58508090
2018-07-11,28.67,28.91,28.62,28.68,49494860
2018-07-12,28.90,28.97,28.66,28.77,51530640
2018-07-13,28.62,28.69,28.22,28.55,75130860
2018-07-16,28.78,29.85,28.73,29.78,128688700
2018-07-17,29.89,30.20,29.58,30.01,87133230
2018-07-18,29.92,30.29,29.84,30.13,58961790
2018-07-19,29.93,30.02,29.64,29.67,59170150
2018-07-20,29.62,30.16,29.46,30.13,80410380
2018-07-23,30.14,30.85,30.13,30.75,73929540
2018-07-24,30.85,31.11,30.65,30.83,64737390
2018-07-25,30.70,31.11,30.67,31.07,57564350
2018-07-26,31.19,31.21,30.89,30.94,46132490
2018-07-27,30.99,31.14,30.80,31.06,57198300
2018-07-30,31.14,31.45,31.13,31.31,58459710
2018-07-31,31.36,31.41,30.82,30.88,63951350
2018-08-01,31.22,31.55,31.17,31.25,68987840
2018-08-02,30.98,31.31,30.87,31.28,46389260
2018-08-03,31.18,31.51,31.16,31.51,50125590
2018-08-06,31.45,31.59,31.32,31.52,41243550
2018-08-07,31.55,31.80,31.49,31.51,43917890
2018-08-08,31.51,31.91,31.48,31.80,43644830
2018-08-09,31.73,31.79,31.55,31.60,38175720
2018-08-10,31.23,31.32,30.90,31.19,55660510
2018-08-13,31.08,31.12,30.45,30.48,63776350
2018-08-14,30.61,30.90,30.42,30.79,42505490
2018-08-15,30.48,30.62,30.16,30.36,59725100
2018-08-16,30.56,30.84,30.52,30.72,43983700
2018-08-17,30.66,30.86,30.55,30.74,39837920
2018-08-20,30.69,30.93,30.65,30.87,39996320
2018-08-21,30.91,31.25,30.83,31.02,53380530
2018-08-22,30.92,31.09,30.88,30.98,33053930
2018-08-23,30.94,30.98,30.74,30.84,38209340
2018-08-24,30.94,31.08,30.85,30.89,43579190
2018-08-27,31.03,31.49,30.99,31.31,47577510
2018-08-28,31.36,31.41,31.19,31.27,38499170
2018-08-29,31.24,31.31,31.07,31.14,46204350
2018-08-30,31.02,31.15,30.95,31.01,47340330
2018-08-31,30.88,30.95,30.62,30.93,49229910
2018-09-04,30.91,31.16,30.82,31.14,44703570
2018-09-05,31.07,31.24,30.97,31.18,48500300
2018-09-06,31.05,31.11,30.73,30.85,42643090
2018-09-07,31.00,31.12,30.63,30.86,49029550
2018-09-10,30.88,31.00,30.75,30.82,33490130
2018-09-11,30.72,30.90,30.70,30.85,53059460
2018-09-12,30.88,30.96,30.38,30.43,59449740
2018-09-13,30.53,30.67,30.08,30.14,59027570
2018-09-14,30.13,30.39,30.11,30.37,33443470
2018-09-17,30.34,30.49,30.15,30.28,35009350
2018-09-18,30.33,30.40,30.13,30.21,49884740
2018-09-19,30.13,31.20,30.13,31.00,92608710
2018-09-20,31.30,31.37,31.14,31.19,83303410
2018-09-21,31.34,31.37,30.97,31.03,85934990
2018-09-24,30.98,31.20,30.66,30.74,45574090
2018-09-25,30.85,31.04,30.60,30.67,40914910
2018-09-26,30.71,30.74,30.06,30.13,57758240
2018-09-27,30.24,30.31,29.93,29.94,45855670
2018-09-28,29.65,29.85,29.42,29.46,73564720
2018-10-01,29.68,29.94,29.54,29.65,53886620
2018-10-02,29.58,29.72,29.27,29.58,42895740
2018-10-03,29.81,30.18,29.72,30.00,61025160
2018-10-04,30.17,30.79,30.14,30.43,72267440
2018-10-05,30.60,30.65,30.05,30.23,51908130
2018-10-08,30.05,30.42,29.91,30.27,47448840
2018-10-09,30.03,30.19,29.87,29.98,58826640
2018-10-10,29.98,30.13,29.21,29.24,88281400
2018-10-11,28.89,29.25,28.26,28.36,111219000
2018-10-12,28.99,29.04,27.73,28.46,102090000
2018-10-15,28.49,28.62,27.64,27.92,114454700
2018-10-16,28.24,28.58,27.90,28.53,87812900
2018-10-17,28.37,29.19,28.16,28.90,78672460
2018-10-18,28.67,28.90,28.14,28.25,77307640
2018-10-19,28.14,28.52,27.97,28.32,64295560
2018-10-22,28.32,28.35,27.31,27.38,89889640
2018-10-23,26.39,27.20,26.11,27.02,102347300
2018-10-24,26.86,26.90,26.08,26.19,86335260
2018-10-25,26.38,26.93,26.18,26.59,73633990
2018-10-26,26.33,26.58,25.88,26.39,91072400
2018-10-29,26.69,27.18,26.29,26.61,88837750
2018-10-30,26.76,26.86,26.32,26.78,78981610
2018-10-31,27.10,27.88,27.06,27.50,92145080
2018-11-01,27.77,28.00,27.61,27.81,49601550
2018-11-02,28.01,28.38,27.52,27.89,68992860
2018-11-05,27.95,28.24,27.89,28.06,41093660
2018-11-06,28.02,28.25,27.74,28.21,43179650
2018-11-07,28.41,28.67,28.14,28.54,56652070
2018-11-08,28.50,29.12,28.43,28.87,49388580
2018-11-09,28.75,28.89,28.38,28.52,43261880
2018-11-12,28.38,28.52,27.64,27.75,50286300
2018-11-13,27.75,28.14,27.69,27.76,57353410
2018-11-14,27.95,28.10,26.78,27.21,69057850
2018-11-15,27.14,27.97,26.88,27.90,66152610
2018-11-16,27.69,27.89,27.42,27.75,52446010
2018-11-19,27.78,28.02,27.54,27.75,45959680
2018-11-20,27.42,27.57,26.97,27.38,92319520
2018-11-21,27.59,27.76,27.25,27.27,40347170
2018-11-23,27.08,27.17,26.88,26.97,22974140
2018-11-26,27.18,27.73,27.10,27.56,53106820
2018-11-27,27.43,27.90,27.39,27.74,43604030
2018-11-28,27.88,28.47,27.56,28.43,61341900
2018-11-29,28.18,28.35,27.97,28.04,46809150
2018-11-30,27.94,28.63,27.87,28.40,64262190
2018-12-03,28.99,29.04,28.36,28.54,59886620
2018-12-04,28.32,28.32,26.73,26.99,103461100
2018-12-06,26.23,26.32,25.53,26.28,133239900
2018-12-07,26.15,26.54,25.30,25.43,107395100
2018-12-10,25.18,25.23,24.29,24.76,110101100
2018-12-11,25.21,25.40,24.53,24.58,78446820
2018-12-12,24.87,24.99,24.37,24.52,87140040
2018-12-13,24.66,24.82,24.28,24.40,62687880
2018-12-14,24.18,24.87,24.12,24.48,92206030
2018-12-17,24.26,24.93,24.16,24.47,98558900
2018-12-18,24.67,25.09,24.31,24.47,88930240
2018-12-19,24.45,25.24,24.07,24.18,121634900
2018-12-20,23.85,24.43,23.76,24.11,112442300
2018-12-21,23.91,24.51,23.26,23.37,159084700
2018-12-24,22.76,23.21,22.66,22.73,64859060
2018-12-26,22.91,24.18,22.69,24.11,100593600
2018-12-27,23.78,24.37,23.39,24.37,91475760
2018-12-28,24.59,24.75,24.26,24.39,77977710
2018-12-31,24.57,24.97,24.37,24.64,56232800
2019-01-02,24.08,25.14,24.01,24.96,69051400
2019-01-03,24.94,25.04,24.45,24.56,66534980
2019-01-04,25.10,25.65,25.03,25.58,83760530
2019-01-07,25.56,25.78,25.29,25.56,56970110
2019-01-08,25.72,25.79,25.09,25.51,65536660
2019-01-09,25.67,25.84,25.39,25.76,69677670
2019-01-10,25.56,25.78,25.42,25.73,65221350
2019-01-11,25.53,26.04,25.46,26.03,63384560
2019-01-14,25.77,26.48,25.61,26.37,76569580
2019-01-15,26.21,26.81,26.05,26.55,80494350
2019-01-16,28.13,28.71,27.86,28.45,162891200
2019-01-17,28.34,29.00,28.09,28.99,106820000
2019-01-18,29.02,29.46,28.71,29.30,95297980
2019-01-22,28.98,29.30,28.89,29.09,84153380
2019-01-23,29.22,29.28,28.62,28.92,79401170
2019-01-24,28.75,29.20,28.74,29.08,59463710
2019-01-25,29.28,29.72,29.14,29.58,72159020
2019-01-28,29.32,29.67,29.29,29.63,59683760
2019-01-29,29.54,29.70,29.34,29.39,51403510
2019-01-30,29.42,29.47,28.95,29.07,66426160
2019-01-31,28.75,28.84,27.98,28.47,100087600
2019-02-01,28.60,28.84,28.31,28.38,64140980
2019-02-04,28.47,28.97,28.41,28.88,54995680
2019-02-05,28.85,28.88,28.57,28.78,46611950
2019-02-06,28.67,28.90,28.54,28.73,35594380
2019-02-07,28.54,28.64,27.90,28.24,62084180
2019-02-08,28.15,28.32,27.86,28.29,49610960
2019-02-11,28.34,28.46,28.21,28.41,47694820
2019-02-12,28.62,28.86,28.58,28.69,49149400
2019-02-13,28.87,28.99,28.66,28.70,48917410
2019-02-14,28.36,28.62,28.11,28.39,47306830
2019-02-15,28.76,29.31,28.67,29.11,65814640
2019-02-19,28.93,29.26,28.75,29.13,40835360
2019-02-20,29.10,29.45,29.01,29.41,42782600
2019-02-21,29.33,29.45,29.11,29.29,42707260
2019-02-22,29.05,29.27,28.96,29.08,47873790
2019-02-25,29.12,29.59,29.12,29.27,61112070
2019-02-26,29.02,29.63,28.96,29.29,53104290
2019-02-27,29.30,29.67,29.20,29.53,48090580
2019-02-28,29.50,29.55,29.01,29.08,62340460
2019-03-01,29.33,29.65,29.21,29.31,45748130
2019-03-04,29.33,29.54,28.77,29.03,56863550
2019-03-05,29.02,29.19,28.70,29.08,39221660
2019-03-06,29.01,29.16,28.80,28.84,41644670
2019-03-07,28.67,28.72,28.26,28.55,53897600
2019-03-08,28.06,28.67,28.01,28.65,40837820
2019-03-11,28.70,29.06,28.70,28.94,40518500
2019-03-12,29.00,29.12,28.89,28.94,34425770
2019-03-13,29.05,29.51,28.98,29.29,54154750
2019-03-14,29.31,29.64,29.24,29.46,43931280
2019-03-15,29.44,29.61,29.26,29.30,82232690
2019-03-18,29.38,29.96,29.33,29.82,58242300
2019-03-19,30.01,30.14,29.54,29.65,55282030
2019-03-20,29.62,29.66,28.60,28.64,81589500
2019-03-21,28.45,28.60,28.04,28.18,77199730
2019-03-22,27.91,28.07,26.71,27.01,118793200
2019-03-25,26.91,27.38,26.61,26.84,65490350
2019-03-26,27.15,27.35,26.88,27.21,59818250
2019-03-27,27.09,27.37,26.95,27.03,57587450
2019-03-28,27.20,27.41,27.02,27.33,45853290
2019-03-29,27.55,27.68,27.30,27.59,83419980
2019-04-01,27.90,28.74,27.85,28.54,90586490
2019-04-02,28.47,28.87,28.35,28.87,66492680
2019-04-03,29.07,29.24,28.70,28.84,63095170
2019-04-04,28.85,29.31,28.84,29.15,53657740
2019-04-05,29.32,29.50,28.98,29.08,46310670
2019-04-08,28.89,29.20,28.87,29.17,35265590
2019-04-09,29.00,29.07,28.74,28.89,40509750
2019-04-10,28.90,29.15,28.75,29.07,42617590
2019-04-11,29.25,29.49,28.99,29.07,50394290
2019-04-12,29.56,30.22,29.56,30.17,99480560
2019-04-15,30.10,30.14,29.66,29.84,57364800
2019-04-16,29.30,30.05,29.00,29.88,105128300
2019-04-17,29.83,30.12,29.46,30.03,94809870
2019-04-18,29.95,30.16,29.82,30.03,61506480
2019-04-22,29.93,30.10,29.78,30.05,34748720
2019-04-23,29.99,30.21,29.92,30.07,41880800
2019-04-24,29.95,30.17,29.85,30.02,40063210
2019-04-25,29.91,30.32,29.89,30.08,43142310
2019-04-26,30.17,30.39,30.05,30.35,40611210
2019-04-29,30.43,31.17,30.41,30.77,68266860
2019-04-30,30.80,30.88,30.41,30.58,47742930
2019-05-01,30.56,30.89,30.18,30.26,56160970
2019-05-02,30.26,30.56,30.15,30.50,40634130
2019-05-03,30.66,30.80,30.50,30.71,35256050
2019-05-06,30.11,30.61,30.07,30.47,39882040
2019-05-07,30.16,30.17,29.63,29.92,58528350
2019-05-08,29.73,30.11,29.66,29.80,39903370
2019-05-09,29.42,29.78,29.28,29.71,44173470
2019-05-10,29.46,29.71,29.19,29.58,59649940
2019-05-13,28.96,29.00,28.05,28.25,72546950
2019-05-14,28.36,28.99,28.21,28.62,52216080
2019-05-15,28.10,28.49,28.01,28.29,51973170
2019-05-16,28.46,28.83,28.43,28.59,42791460
2019-05-17,28.25,28.64,28.22,28.40,43772540
2019-05-20,28.40,28.52,28.23,28.40,41717560
2019-05-21,28.57,28.75,28.45,28.69,39258740
2019-05-22,28.51,28.63,28.35,28.49,29177630
2019-05-23,28.13,28.20,27.50,27.76,59772860
2019-05-24,27.93,28.26,27.86,28.18,35524410
2019-05-28,28.05,28.25,27.88,27.90,44273430
2019-05-29,27.53,27.85,27.38,27.75,49818900
2019-05-30,27.77,27.93,26.98,27.16,58649280
2019-05-31,26.50,26.87,26.48,26.60,68304180
2019-06-03,26.59,26.99,26.40,26.68,50109940
2019-06-04,27.18,27.95,27.14,27.92,58426410
2019-06-05,27.84,28.01,27.46,27.91,44874390
2019-06-06,27.76,28.04,27.54,27.88,38633630
2019-06-07,27.75,27.79,27.42,27.53,51317200
2019-06-10,27.86,28.47,27.84,28.07,48305840
2019-06-11,28.38,28.70,28.14,28.24,38691760
2019-06-12,28.20,28.27,27.86,27.95,33528940
2019-06-13,27.97,28.16,27.81,27.94,33404150
2019-06-14,27.91,28.17,27.78,28.04,37322100
2019-06-17,28.01,28.22,27.79,27.93,33410070
2019-06-18,28.02,28.80,27.83,28.62,60170660
2019-06-19,28.70,28.96,28.30,28.32,61953470
2019-06-20,28.59,28.61,27.85,28.27,60887200
2019-06-21,28.19,28.55,28.08,28.12,69444000
2019-06-24,28.08,28.38,27.89,27.98,40046380
2019-06-25,28.02,28.02,27.38,27.76,46901330
2019-06-26,27.94,28.18,27.85,27.91,42312290
2019-06-27,28.08,28.32,28.06,28.21,35575630
2019-06-28,29.01,29.27,28.73,29.00,101856900
2019-07-01,29.48,29.85,29.25,29.42,48143160
2019-07-02,29.34,29.43,28.93,29.15,32271510
2019-07-03,29.19,29.24,28.93,29.05,26642290
2019-07-05,29.36,29.57,29.15,29.26,33092030
2019-07-08,29.01,29.30,28.94,29.20,30924430
2019-07-09,28.97,29.42,28.94,29.35,28750090
2019-07-10,29.17,29.39,28.96,29.02,40574770
2019-07-11,29.10,29.50,29.03,29.36,37376800
2019-07-12,29.44,29.53,29.36,29.45,29632860
2019-07-15,29.50,29.53,29.08,29.22,46462060
2019-07-16,29.17,29.20,28.86,28.99,54920410
2019-07-17,29.10,29.62,29.00,29.19,84958260
2019-07-18,29.28,29.58,29.18,29.48,49503490
2019-07-19,29.54,29.61,29.38,29.40,44863160
2019-07-22,29.29,29.61,29.28,29.57,31227220
2019-07-23,29.75,30.28,29.70,30.25,64030350
2019-07-24,30.07,30.75,30.04,30.67,53171890
2019-07-25,30.74,30.89,30.21,30.34,43251940
2019-07-26,30.57,30.99,30.42,30.77,46978790
2019-07-29,30.72,30.85,30.49,30.52,39176660
2019-07-30,30.21,30.90,30.15,30.89,37598270
2019-07-31,30.83,31.06,30.59,30.68,60607630
2019-08-01,30.55,31.07,29.36,29.49,76913370
2019-08-02,29.36,29.50,28.91,29.38,57492340
2019-08-05,28.53,28.64,27.71,28.08,96207670
2019-08-06,28.41,28.49,27.69,28.42,65115830
2019-08-07,27.61,27.93,27.12,27.89,75388480
2019-08-08,28.11,28.49,28.07,28.38,53141860
2019-08-09,28.27,28.52,27.97,28.33,53499580
2019-08-12,27.83,27.85,27.46,27.64,55674710
2019-08-13,27.57,28.25,27.38,27.72,70027110
2019-08-14,26.94,27.08,26.28,26.42,106591700
2019-08-15,26.58,26.83,26.21,26.25,70192020
2019-08-16,26.53,27.12,26.44,27.03,70841690
2019-08-19,27.64,27.70,27.14,27.27,44964780
2019-08-20,27.02,27.06,26.70,26.72,47685950
2019-08-21,26.93,27.08,26.79,26.93,47802510
2019-08-22,27.09,27.30,26.96,27.19,49377990
2019-08-23,26.95,27.21,26.26,26.47,81898760
2019-08-26,26.70,26.80,26.49,26.78,41506450
2019-08-27,26.86,26.89,26.28,26.47,52548190
2019-08-28,26.22,27.08,26.21,26.85,45918290
2019-08-29,27.00,27.45,26.92,27.33,55565170
2019-08-30,27.50,27.69,27.35,27.51,41333690
2019-09-03,27.21,27.23,26.61,27.05,50759060
2019-09-04,27.32,27.58,27.16,27.49,40876720
2019-09-05,27.85,28.43,27.80,28.12,63430770
2019-09-06,28.02,28.09,27.57,27.73,56054060
2019-09-09,28.00,28.85,27.97,28.63,68629340
2019-09-10,28.89,29.35,28.81,29.35,71066220
2019-09-11,29.37,29.47,28.89,29.46,53982210
2019-09-12,29.22,29.80,28.91,29.67,72943880
2019-09-13,30.00,30.32,29.87,30.17,79657040
2019-09-16,29.68,30.17,29.64,30.13,43391340
2019-09-17,29.85,30.02,29.59,29.94,48556380
2019-09-18,29.77,30.15,29.55,30.00,66748930
2019-09-19,30.00,30.10,29.75,29.82,44107060
2019-09-20,29.97,30.13,29.57,29.59,167795100
2019-09-23,29.31,29.62,29.17,29.52,52237540
2019-09-24,29.60,29.64,28.74,28.94,65060030
2019-09-25,28.78,29.41,28.78,29.25,45957650
2019-09-26,29.21,29.33,29.05,29.13,33248030
2019-09-27,29.41,29.71,29.21,29.35,41350060
2019-09-30,29.49,29.52,29.07,29.17,39235030
2019-10-01,29.44,29.51,28.41,28.44,49797670
2019-10-02,28.20,28.30,27.81,27.84,52800110
2019-10-03,27.76,27.88,27.16,27.81,53873730
2019-10-04,27.85,28.39,27.84,28.37,42852570
2019-10-07,28.33,28.62,28.18,28.31,36830920
2019-10-08,27.87,27.91,27.46,27.63,58455480
2019-10-09,27.83,28.07,27.75,27.89,37764660
2019-10-10,28.04,28.75,28.04,28.45,49165470
2019-10-11,28.99,29.34,28.86,28.91,70586680
2019-10-14,28.74,29.16,28.73,29.14,36400880
2019-10-15,29.34,30.24,29.11,29.73,78988090
2019-10-16,30.37,30.72,30.15,30.17,87476260
2019-10-17,30.30,30.54,30.00,30.26,55656250
2019-10-18,30.13,30.49,30.10,30.35,48875810
2019-10-21,30.67,31.15,30.63,31.02,61675470
2019-10-22,30.97,31.37,30.75,31.20,58960330
2019-10-23,31.13,31.44,31.09,31.42,48098950
2019-10-24,31.45,31.52,31.20,31.36,39621560
2019-10-25,31.36,31.85,31.34,31.72,43701970
2019-10-28,31.97,32.23,31.74,31.84,58790310
2019-10-29,31.94,32.14,31.81,32.07,48266630
2019-10-30,32.01,32.01,31.53,31.62,45262380
2019-10-31,31.41,31.62,30.82,31.27,49430940
2019-11-01,31.70,31.84,31.37,31.80,41985310
2019-11-04,32.24,32.50,32.10,32.40,54228610
2019-11-05,32.51,33.09,32.50,32.82,68785600
2019-11-06,32.76,33.06,32.67,32.79,47524460
2019-11-07,33.11,33.60,33.01,33.23,68310710
2019-11-08,33.07,33.27,32.93,33.26,38728780
2019-11-11,33.03,33.25,32.97,33.18,27788180
2019-11-12,33.13,33.32,32.99,33.09,37282200
2019-11-13,32.72,32.89,32.48,32.79,48997670
2019-11-14,32.69,32.86,32.49,32.70,35578590
2019-11-15,32.92,32.96,32.70,32.93,36405440
2019-11-18,32.86,33.03,32.75,32.96,31146280
2019-11-19,33.12,33.15,32.82,32.94,33195390
2019-11-20,32.79,32.83,32.42,32.69,43618140
2019-11-21,32.78,33.04,32.63,32.84,42787630
2019-11-22,32.96,33.32,32.94,33.18,38783870
2019-11-25,33.33,33.51,33.26,33.47,50255110
2019-11-26,33.38,33.40,33.12,33.35,50660770
2019-11-27,33.49,33.60,33.31,33.42,32107350
2019-11-29,33.37,33.52,33.24,33.32,19503400
2019-12-02,33.45,33.75,33.34,33.43,47199600
2019-12-03,32.87,32.90,32.55,32.84,58987930
2019-12-04,33.08,33.30,32.85,33.15,46669010
2019-12-05,33.16,33.22,33.00,33.09,38309480
2019-12-06,33.68,33.80,33.57,33.67,50926190
2019-12-09,33.50,33.70,33.44,33.51,32999440
2019-12-10,33.40,33.63,33.30,33.53,41985790
2019-12-11,33.48,33.76,33.48,33.64,43125180
2019-12-12,33.78,34.80,33.68,34.68,64995470
2019-12-13,34.69,34.96,34.34,34.44,48548740
2019-12-16,34.95,35.09,34.70,34.70,50801110
2019-12-17,34.85,35.27,34.74,35.04,50843460
2019-12-18,35.11,35.27,35.05,35.11,48785480
2019-12-19,35.15,35.23,34.89,34.95,45415050
2019-12-20,35.24,35.24,34.91,34.96,109405600
2019-12-23,35.04,35.19,34.95,35.17,34016760
2019-12-24,35.19,35.28,35.12,35.22,13805370
2019-12-26,35.32,35.56,35.29,35.52,27007300
2019-12-27,35.70,35.72,35.26,35.35,28121040
2019-12-30,35.57,35.65,35.09,35.15,30718170
2019-12-31,35.03,35.26,34.97,35.22,29635700
2020-01-02,35.35,35.66,35.29,35.64,37643860
2020-01-03,34.98,35.15,34.76,34.90,50763660
2020-01-06,34.41,34.90,34.37,34.85,42233300
2020-01-07,34.70,34.92,34.53,34.62,34348580
2020-01-08,34.57,35.19,34.55,34.97,45336660
2020-01-09,35.30,35.33,34.94,35.03,39882760
2020-01-10,35.00,35.07,34.66,34.74,39740670
2020-01-13,34.84,35.07,34.66,35.06,38015940
2020-01-14,35.30,35.67,35.11,35.32,66786220
2020-01-15,34.77,34.79,34.34,34.67,74745460
2020-01-16,34.90,34.99,34.60,34.72,50368510
2020-01-17,34.92,34.95,34.60,34.71,54156070
2020-01-21,34.42,34.52,34.22,34.26,50811010
2020-01-22,34.37,34.45,34.23,34.36,38879690
2020-01-23,34.09,34.26,33.73,34.12,45717150
2020-01-24,34.12,34.14,33.27,33.54,47797210
2020-01-27,32.57,33.13,32.47,32.85,57096170
2020-01-28,33.02,33.49,32.95,33.24,38834590
2020-01-29,33.33,33.44,32.98,33.01,37428280
2020-01-30,32.70,33.52,32.67,33.48,50542760
2020-01-31,33.07,33.17,32.65,32.83,54845280
2020-02-03,33.00,33.40,32.91,32.97,48508200
2020-02-04,33.56,33.90,33.53,33.62,45061580
2020-02-05,34.10,34.81,34.07,34.71,54604760
2020-02-06,34.94,35.01,34.60,34.67,39511500
2020-02-07,34.32,34.66,34.24,34.61,31263030
2020-02-10,34.44,34.69,34.38,34.69,24373790
2020-02-11,34.85,35.04,34.76,34.77,32476330
2020-02-12,35.08,35.45,34.78,34.92,36656690
2020-02-13,34.76,35.03,34.55,34.91,31775120
2020-02-14,34.88,34.96,34.70,34.85,26447710
2020-02-18,34.77,34.83,34.01,34.27,40327240
2020-02-19,34.45,34.85,34.41,34.72,29632110
2020-02-20,34.46,35.08,34.46,34.85,42604080
2020-02-21,34.53,34.63,34.13,34.36,46675460
2020-02-24,33.18,33.21,32.52,32.73,79159580
2020-02-25,32.69,32.76,30.84,31.08,91586820
2020-02-26,31.39,31.60,30.56,30.63,80065690
2020-02-27,29.55,30.30,28.91,29.13,121148300
2020-02-28,28.00,28.75,27.70,28.50,171263600
2020-03-02,28.35,29.38,27.44,29.37,147776300
2020-03-03,29.37,29.75,27.62,27.75,138698500
2020-03-04,28.25,28.42,27.39,28.39,111239800
2020-03-05,27.24,27.35,26.40,26.78,110878700
2020-03-06,25.47,26.21,25.10,25.71,119121200
2020-03-09,22.23,23.49,21.51,21.93,145196000
2020-03-10,23.25,23.68,21.59,23.61,134863600
2020-03-11,22.84,23.96,22.26,22.67,127543800
2020-03-12,20.59,22.87,20.15,20.51,139552600
2020-03-13,22.19,24.25,21.48,24.16,128357400
2020-03-16,19.85,21.73,19.58,20.44,121688800
2020-03-17,21.06,22.68,20.03,21.98,120065700
2020-03-18,20.27,20.97,19.70,20.79,148272500
2020-03-19,20.26,21.75,19.00,21.20,122461300
2020-03-20,21.76,21.84,19.56,19.67,150910400
2020-03-23,19.26,19.67,17.95,18.08,181898500
2020-03-24,19.42,21.15,19.01,21.03,147882400
2020-03-25,21.71,22.10,20.41,21.10,146991300
2020-03-26,21.31,22.95,21.17,22.72,116271100
2020-03-27,21.68,22.20,21.10,21.60,91522850
2020-03-30,21.65,22.35,21.27,22.04,80449110
2020-03-31,21.82,22.49,20.96,21.23,95213700
2020-04-01,19.93,20.35,19.51,19.77,83961300
2020-04-02,19.65,20.79,19.59,20.57,70007360
2020-04-03,20.40,20.74,19.68,20.03,68293500
2020-04-06,21.03,21.60,20.81,21.39,97766160
2020-04-07,22.80,22.88,21.85,22.14,94560310
2020-04-08,22.41,23.60,22.41,23.45,81212300
2020-04-09,24.07,25.32,24.05,24.86,125414800
2020-04-13,24.78,24.85,23.78,23.92,83164720
2020-04-14,24.50,24.65,23.10,23.73,88991070
2020-04-15,22.16,22.65,21.91,22.19,99082220
2020-04-16,22.15,22.21,21.09,21.42,89213330
2020-04-17,22.34,23.40,22.31,23.28,92800270
2020-04-20,22.57,23.13,22.18,22.50,74446280
2020-04-21,21.90,22.36,21.50,21.64,78871340
2020-04-22,22.16,22.23,21.75,21.80,49759120
2020-04-23,21.96,22.39,21.85,21.87,50614820
2020-04-24,22.11,22.30,21.67,22.18,47675740
2020-04-27,22.52,23.65,22.45,23.47,66916690
2020-04-28,24.45,24.81,23.84,23.89,65504910
2020-04-29,24.91,25.11,24.51,24.78,73493910
2020-04-30,24.21,24.38,23.85,24.05,55244090
2020-05-01,23.38,23.46,22.81,23.08,51772620
2020-05-04,22.70,22.99,22.43,22.93,45886130
2020-05-05,23.48,23.52,22.62,22.66,45691920
2020-05-06,23.00,23.08,22.23,22.35,53874590
2020-05-07,22.66,23.37,22.61,22.84,51884260
2020-05-08,23.47,23.62,23.25,23.57,45250010
2020-05-11,23.11,23.12,22.56,22.58,68951800
2020-05-12,22.71,22.82,21.85,21.87,69588710
2020-05-13,21.66,21.75,20.72,20.87,112113400
2020-05-14,20.29,21.79,20.10,21.71,88359140
2020-05-15,21.40,21.70,21.23,21.44,64483960
2020-05-18,22.42,23.06,22.07,22.93,86699200
2020-05-19,22.66,23.00,22.18,22.21,62178970
2020-05-20,22.68,23.00,22.64,22.91,59789480
2020-05-21,22.81,23.27,22.78,22.90,57725990
2020-05-22,22.93,22.95,22.46,22.66,48107030
2020-05-26,23.75,24.60,23.67,24.28,119485500
2020-05-27,26.07,26.17,24.97,25.98,117672700
2020-05-28,26.08,26.14,24.79,24.86,84436770
2020-05-29,24.42,24.91,24.06,24.12,113923800
2020-06-01,24.28,24.87,24.05,24.61,58470230
2020-06-02,24.96,25.39,24.56,24.84,71118140
2020-06-03,25.50,26.14,25.39,25.99,86744560
2020-06-04,25.71,26.83,25.57,26.78,94545290
2020-06-05,28.95,29.01,27.88,28.11,118767900
2020-06-08,28.59,28.90,28.14,28.54,79598450
2020-06-09,27.72,28.54,27.55,28.22,77773380
2020-06-10,27.97,28.10,26.51,26.60,90415310
2020-06-11,24.98,25.69,23.68,23.93,149875500
2020-06-12,25.03,25.05,24.04,24.78,73729710
2020-06-15,23.76,25.17,23.69,25.15,76538950
2020-06-16,26.18,26.24,24.86,25.80,96796550
2020-06-17,25.90,25.90,24.92,25.00,58349480
2020-06-18,24.70,25.49,24.58,25.04,53419010
2020-06-19,25.44,25.49,24.49,25.25,127563600
2020-06-22,24.89,25.02,24.61,24.62,55484310
2020-06-23,25.01,25.41,24.76,24.79,46108280
2020-06-24,24.54,24.54,23.68,23.81,75437100
2020-06-25,23.70,24.77,23.55,24.72,65031930
2020-06-26,24.09,24.11,23.02,23.15,118139200
2020-06-29,23.41,23.84,23.10,23.39,66269230
2020-06-30,23.20,23.91,23.10,23.75,61716160
2020-07-01,24.03,24.07,23.23,23.26,57379920
2020-07-02,23.84,23.99,23.22,23.29,56000150
2020-07-06,23.82,24.08,23.46,23.66,59589040
2020-07-07,23.38,23.39,22.90,23.01,60645830
2020-07-08,23.03,23.19,22.70,23.10,52922610
2020-07-09,22.94,23.16,22.39,22.77,79385860
2020-07-10,22.71,24.05,22.68,24.02,81142930
2020-07-13,24.37,24.51,23.86,24.19,73598110
2020-07-14,23.89,24.14,23.45,24.14,67423070
2020-07-15,24.76,24.87,24.28,24.60,57384440
2020-07-16,23.75,24.22,23.54,23.93,78067080
2020-07-17,23.88,23.98,23.20,23.22,66920230
2020-07-20,23.19,23.70,23.11,23.58,61113960
2020-07-21,23.71,24.48,23.69,24.42,75546080
2020-07-22,24.24,24.33,23.96,24.31,52193710
2020-07-23,24.52,24.64,24.11,24.54,61047620
2020-07-24,24.56,24.83,24.27,24.35,50217640
2020-07-27,24.22,24.27,23.88,24.14,54721350
2020-07-28,24.13,24.56,24.07,24.36,48406510
2020-07-29,24.36,25.29,24.19,25.27,71393500
2020-07-30,24.72,24.95,24.34,24.84,61755890
2020-07-31,24.93,24.95,24.46,24.88,62039250
2020-08-03,25.03,25.31,24.69,24.99,58284030
2020-08-04,24.96,25.06,24.86,25.01,37985270
2020-08-05,25.32,25.59,25.25,25.39,51695570
2020-08-06,25.45,25.66,25.28,25.47,51999730
2020-08-07,25.34,26.19,25.26,26.11,63354500
2020-08-10,26.31,26.81,26.21,26.56,64051120
2020-08-11,27.28,27.75,26.78,26.92,81440970
2020-08-12,27.48,27.57,26.41,26.73,62023960
2020-08-13,26.49,26.67,26.14,26.35,55955480
2020-08-14,26.06,26.66,25.92,26.47,50931870
2020-08-17,26.31,26.41,25.84,25.90,57518710
2020-08-18,25.87,25.98,25.46,25.53,45850130
2020-08-19,25.66,26.08,25.39,25.50,59855950
2020-08-20,25.16,25.32,25.02,25.10,49403690
2020-08-21,24.98,25.43,24.90,24.98,55010690
2020-08-24,25.22,25.70,25.04,25.69,54579460
2020-08-25,26.04,26.19,25.73,26.00,57304730
2020-08-26,25.94,25.94,25.54,25.56,39477980
2020-08-27,25.49,26.22,25.44,26.05,52934790
2020-08-28,26.40,26.47,25.99,26.30,46466390
2020-08-31,26.09,26.14,25.69,25.74,49416220
2020-09-01,25.58,25.90,25.40,25.71,46152100
2020-09-02,25.53,26.16,25.48,26.02,57300860
2020-09-03,26.20,26.62,25.46,25.66,86192500
2020-09-04,26.26,26.76,25.80,26.54,99621410
2020-09-08,26.14,26.32,25.39,25.48,74978640
2020-09-09,25.64,25.72,25.23,25.51,53822650
2020-09-10,25.70,25.89,25.08,25.14,56609620
2020-09-11,25.22,25.58,25.09,25.50,47708340
2020-09-14,25.67,25.99,25.54,25.75,47802390
2020-09-15,25.77,25.82,25.19,25.28,63820150
2020-09-16,25.28,25.91,25.05,25.60,64623410
2020-09-17,25.13,25.48,25.10,25.35,48862040
2020-09-18,25.15,25.58,25.10,25.21,94055810
2020-09-21,24.57,24.78,24.03,24.47,75218580
2020-09-22,24.27,24.59,23.81,23.94,68665350
2020-09-23,24.10,24.26,23.26,23.26,59950330
2020-09-24,23.38,23.82,22.95,23.34,53570650
2020-09-25,23.28,23.55,23.13,23.49,42111340
2020-09-28,23.88,24.31,23.79,24.09,47996900
2020-09-29,23.98,23.99,23.52,23.77,45716130
2020-09-30,23.78,24.32,23.77,24.09,56226100
2020-10-01,24.27,24.41,23.86,24.10,44782150
2020-10-02,23.64,24.43,23.57,24.21,51682110
2020-10-05,24.52,24.71,24.38,24.62,44396750
2020-10-06,24.92,25.19,24.28,24.37,67541140
2020-10-07,24.63,25.11,24.60,24.88,47647960
2020-10-08,24.95,25.30,24.81,25.24,52080650
2020-10-09,25.34,25.49,25.04,25.36,44511470
2020-10-12,25.30,25.83,25.24,25.68,48362920
2020-10-13,25.64,25.68,24.84,24.95,61186940
2020-10-14,24.35,24.59,23.59,23.62,127563400
2020-10-15,23.59,24.20,23.48,24.15,66832400
2020-10-16,24.20,24.35,23.94,24.24,58357720
2020-10-19,24.30,24.32,23.69,23.72,51377930
2020-10-20,23.89,24.48,23.88,24.14,62476420
2020-10-21,24.22,24.34,24.01,24.05,41564910
2020-10-22,24.05,24.91,24.00,24.87,55401970
2020-10-23,25.24,25.26,24.71,24.90,51007410
2020-10-26,24.47,24.58,24.15,24.54,59450200
2020-10-27,24.29,24.39,23.81,23.85,55009290
2020-10-28,23.41,23.66,23.12,23.47,81942520
2020-10-29,23.36,23.75,23.12,23.54,57490450
2020-10-30,23.49,23.84,23.24,23.70,66499910
2020-11-02,23.89,24.26,23.47,24.08,59756370
2020-11-03,24.58,24.94,24.51,24.69,65106150
2020-11-04,23.89,24.14,23.27,23.68,88845450
2020-11-05,23.90,24.79,23.86,24.61,74722610
2020-11-06,24.93,24.96,24.23,24.31,55454490
2020-11-09,26.60,28.27,26.30,27.76,178378800
2020-11-10,27.48,27.76,27.18,27.66,77694590
2020-11-11,27.75,27.77,27.12,27.34,48360930
2020-11-12,26.84,26.90,26.31,26.69,67956940
2020-11-13,26.88,27.21,26.75,27.00,52453270
2020-11-16,27.86,28.00,27.18,27.58,57396670
2020-11-17,27.25,27.60,27.01,27.55,46402310
2020-11-18,27.63,27.93,26.96,26.98,54416690
2020-11-19,26.93,27.01,26.65,26.98,46422960
2020-11-20,26.74,26.95,26.63,26.81,40537950
2020-11-23,27.11,27.52,27.06,27.39,45421200
2020-11-24,27.93,28.99,27.92,28.98,80387850
2020-11-25,28.71,29.04,28.48,29.03,57249940
2020-11-27,28.97,29.10,28.81,28.99,25971560
2020-11-30,28.72,28.86,28.10,28.16,63567900
2020-12-01,28.74,29.04,28.67,28.69,50307330
2020-12-02,28.69,29.18,28.53,29.06,45257520
2020-12-03,28.94,29.10,28.63,28.91,54013740
2020-12-04,29.20,29.43,29.00,29.29,66188150
2020-12-07,28.90,29.15,28.68,29.09,42197780
2020-12-08,28.86,29.15,28.77,28.93,33869090
2020-12-09,29.25,29.25,28.75,28.80,54886290
2020-12-10,28.63,29.13,28.47,29.11,58859560
2020-12-11,28.68,28.75,28.30,28.57,40538420
2020-12-14,28.92,28.96,28.14,28.22,40267070
2020-12-15,28.35,28.82,28.25,28.64,43717800
2020-12-16,28.80,28.82,28.44,28.72,42463170
2020-12-17,28.71,28.92,28.53,28.83,43182680
2020-12-18,28.89,29.10,28.57,28.67,82817180
2020-12-21,29.10,29.99,28.73,29.74,93397350
2020-12-22,29.78,29.78,29.17,29.21,39140380
2020-12-23,29.39,30.35,29.33,30.05,52537150
2020-12-24,30.27,30.27,29.74,29.96,22632270
2020-12-28,30.23,30.55,29.98,30.13,32861180
2020-12-29,30.17,30.25,29.93,30.01,33291880
2020-12-30,30.00,30.22,29.94,29.98,26370150
2020-12-31,30.01,30.39,29.90,30.31,28716040
2021-01-04,30.46,30.57,29.75,30.03,51483910
2021-01-05,30.17,30.54,29.91,30.26,48507020
2021-01-06,31.90,32.62,31.36,32.15,107002800
2021-01-07,33.31,33.62,32.84,32.86,74358470
2021-01-08,32.92,33.00,32.11,32.53,44641360
2021-01-11,32.09,33.13,31.90,33.07,51899630
2021-01-12,33.42,33.97,33.20,33.66,68166190
2021-01-13,33.43,33.68,33.09,33.46,43172780
2021-01-14,33.48,34.37,33.42,33.99,48483460
2021-01-15,33.29,33.63,32.70,33.01,57684300
2021-01-19,32.50,33.60,32.20,32.77,78130240
2021-01-20,32.76,32.79,32.16,32.34,53920030
2021-01-21,32.34,32.48,31.73,31.77,49675880
2021-01-22,31.36,31.75,31.25,31.55,45314480
2021-01-25,31.27,31.30,30.57,31.16,48078410
2021-01-26,31.40,31.43,30.91,30.94,36373040
2021-01-27,30.31,30.43,29.67,29.83,63809180
2021-01-28,30.42,30.75,29.92,30.32,51223280
2021-01-29,30.40,30.50,29.59,29.65,64019080
2021-02-01,29.87,30.04,29.57,29.96,40985250
2021-02-02,30.58,31.20,30.54,31.03,53527000
2021-02-03,30.91,31.73,30.88,31.58,49404900
2021-02-04,31.80,32.53,31.78,32.50,51751930
2021-02-05,32.89,32.91,32.32,32.37,42008830
2021-02-08,32.43,33.28,32.40,33.09,46014140
2021-02-09,32.97,33.02,32.59,32.95,35868640
2021-02-10,33.12,33.42,32.86,32.98,45031900
2021-02-11,32.97,33.31,32.55,32.88,29479880
2021-02-12,33.00,33.45,32.91,33.37,37468260
2021-02-16,33.98,34.56,33.70,34.27,52802550
2021-02-17,34.04,34.56,33.79,34.41,46100800
2021-02-18,34.06,34.65,34.02,34.19,37541680
2021-02-19,34.20,34.73,34.18,34.54,54514130
2021-02-22,34.45,35.25,34.41,35.15,56783370
2021-02-23,35.42,35.89,35.14,35.52,67440700
2021-02-24,35.74,36.52,35.60,36.38,58139470
2021-02-25,36.96,37.03,35.76,35.93,74762030
2021-02-26,35.73,36.03,34.68,34.71,70933310
2021-03-01,35.52,36.05,35.24,35.79,45901660
2021-03-02,35.65,35.94,35.50,35.53,41167420
2021-03-03,35.97,36.97,35.84,36.42,66046960
2021-03-04,36.14,36.87,35.92,36.50,96512820
2021-03-05,37.03,37.60,36.17,36.93,74292330
2021-03-08,37.38,37.73,36.82,37.13,65335450
2021-03-09,36.55,37.16,35.81,36.32,63946000
2021-03-10,36.54,37.53,36.37,37.37,53365580
2021-03-11,37.27,37.79,36.85,37.24,45833980
2021-03-12,37.92,38.18,37.58,37.94,46069550
2021-03-15,38.03,38.07,37.22,37.75,50194920
2021-03-16,37.42,37.72,36.97,37.64,50300420
2021-03-17,38.00,38.36,37.33,37.95,63795960
2021-03-18,38.51,39.97,38.42,38.94,95439690
2021-03-19,38.29,38.92,37.53,38.53,106252700
2021-03-22,38.08,38.38,37.40,37.66,54701320
2021-03-23,37.36,37.82,36.78,36.90,49838040
2021-03-24,37.21,37.79,36.89,36.90,43896770
2021-03-25,36.87,37.75,36.63,37.66,47517930
2021-03-26,38.35,38.76,38.08,38.68,66846030
2021-03-29,38.05,38.62,37.86,38.31,45680020
2021-03-30,38.63,39.46,38.63,38.99,56705930
2021-03-31,38.62,38.99,38.46,38.69,49269960
2021-04-01,38.83,39.52,38.72,39.49,65586960
2021-04-05,40.00,40.28,39.60,39.80,50328510
2021-04-06,39.53,40.15,39.45,39.69,42590120
2021-04-07,39.77,40.15,39.59,40.05,43136430
2021-04-08,39.80,39.85,39.22,39.70,45285920
2021-04-09,39.91,40.18,39.51,39.99,45872880
2021-04-12,39.99,40.38,39.85,40.06,45544580
2021-04-13,39.81,39.82,39.20,39.32,46770430
2021-04-14,38.98,40.33,38.92,39.88,52023790
2021-04-15,39.73,39.84,38.05,38.74,118128900
2021-04-16,39.31,39.42,38.91,39.15,60633440
2021-04-19,39.39,39.43,39.03,39.17,42321110
2021-04-20,39.00,39.00,37.89,38.08,50834130
2021-04-21,37.75,38.78,37.41,38.72,37851800
2021-04-22,38.75,38.77,38.16,38.36,48093370
2021-04-23,38.32,39.34,38.22,39.18,48688100
2021-04-26,39.35,39.84,39.28,39.41,34699770
2021-04-27,39.67,39.92,39.51,39.88,34304850
2021-04-28,39.93,40.22,39.88,40.03,34084390
2021-04-29,40.55,41.13,40.46,41.11,44008650
2021-04-30,40.84,40.90,40.47,40.53,39203390
2021-05-03,40.87,41.05,40.42,40.56,41940540
2021-05-04,40.24,41.08,39.78,41.00,53879990
2021-05-05,41.20,41.56,40.76,41.39,23266920
2021-05-06,41.48,42.06,41.24,42.01,39044360
2021-05-07,41.13,42.25,41.11,42.18,39249230
2021-05-10,42.50,42.94,42.03,42.05,41271510
2021-05-11,41.55,42.34,41.34,41.57,42964650
2021-05-12,42.38,42.56,41.04,41.18,47532960
2021-05-13,40.86,42.09,40.78,41.84,42026130
2021-05-14,42.06,42.48,41.92,42.36,30932590
2021-05-17,42.24,42.85,42.16,42.74,32631780
2021-05-18,42.70,42.95,42.14,42.16,37880310
2021-05-19,41.65,42.00,41.31,41.97,42672760
2021-05-20,41.90,42.12,41.46,41.87,36871080
2021-05-21,42.02,42.60,41.89,42.40,40243780
2021-05-24,42.58,42.78,42.25,42.63,31390750
2021-05-25,42.69,43.26,41.93,42.01,52657670
2021-05-26,42.02,42.25,41.66,42.04,41332750
2021-05-27,42.48,42.84,42.12,42.55,52981100
2021-05-28,42.66,42.70,42.05,42.39,38509710
2021-06-01,42.95,43.28,42.77,42.92,42890650
2021-06-02,43.10,43.17,42.60,42.94,34180480
2021-06-03,42.77,43.49,42.68,43.25,46981200
2021-06-04,43.24,43.39,42.83,43.27,37192600
2021-06-07,43.27,43.39,43.06,43.12,28401880
2021-06-08,42.86,43.24,42.42,42.88,41871450
2021-06-09,42.47,42.73,42.11,42.32,42366330
2021-06-10,42.76,42.96,41.62,41.69,40123630
2021-06-11,41.81,41.89,41.51,41.86,31203610
2021-06-14,41.85,41.91,41.06,41.36,36050670
2021-06-15,41.28,41.56,40.90,41.39,39247940
2021-06-16,41.28,41.98,40.67,41.62,63859110
2021-06-17,42.02,42.10,39.72,39.80,80728190
2021-06-18,39.01,39.30,38.49,38.78,102774200
2021-06-21,39.12,39.78,39.03,39.75,48119370
2021-06-22,39.88,40.26,39.28,39.97,44113250
2021-06-23,40.16,40.42,40.07,40.20,32039930
2021-06-24,40.44,41.01,40.18,40.83,37161800
2021-06-25,41.27,41.83,40.84,41.62,53178850
2021-06-28,41.46,41.58,41.10,41.56,34416480
2021-06-29,41.63,41.95,40.75,40.89,38519610
2021-06-30,40.76,41.35,40.72,41.23,29159780
2021-07-01,41.56,41.70,41.20,41.54,28045090
2021-07-02,41.37,41.47,41.10,41.15,28993970
2021-07-06,40.81,40.88,39.87,40.07,47578660
2021-07-07,39.57,40.00,39.36,39.75,43499870
2021-07-08,38.62,39.23,38.48,38.78,52793080
2021-07-09,39.65,40.24,39.40,40.04,43887240
2021-07-12,39.79,40.81,39.64,40.63,42624450
2021-07-13,40.48,40.48,39.58,39.86,54338090
2021-07-14,39.11,39.55,37.79,38.86,105651700
2021-07-15,38.39,39.33,38.32,38.83,54697340
2021-07-16,39.22,39.29,37.59,37.92,60469680
2021-07-19,36.75,37.25,36.51,36.93,83251490
2021-07-20,36.86,38.12,36.61,37.69,59462870
2021-07-21,38.05,38.77,37.98,38.46,49907370
2021-07-22,38.36,38.40,37.68,37.96,52715590
2021-07-23,38.20,38.27,37.56,37.70,48659410
2021-07-26,37.66,38.24,37.66,38.13,32258000
2021-07-27,37.72,38.24,37.46,37.98,39121370
2021-07-28,38.19,38.50,37.75,38.13,43331090
2021-07-29,38.55,38.98,38.37,38.68,43039090
2021-07-30,38.51,38.83,38.05,38.36,46210140
2021-08-02,38.40,38.95,37.91,37.96,49894050
2021-08-03,38.06,38.63,37.55,38.55,39680560
2021-08-04,38.03,38.77,37.86,38.27,42289830
2021-08-05,38.57,39.06,38.55,39.02,34754520
2021-08-06,39.47,40.41,39.47,40.15,58022280
2021-08-09,40.05,40.96,39.80,40.67,56340110
2021-08-10,40.71,41.62,40.58,41.43,44987250
2021-08-11,41.60,42.19,41.48,41.95,58458230
2021-08-12,42.23,42.28,41.77,42.15,37412910
2021-08-13,42.09,42.23,41.43,41.63,41344940
2021-08-16,41.16,41.30,40.61,41.29,38607210
2021-08-17,41.05,41.56,40.62,41.09,43526920
2021-08-18,40.77,41.53,40.66,40.79,50342510
2021-08-19,40.12,40.66,40.01,40.19,51883940
2021-08-20,40.09,40.47,39.91,40.37,40414980
2021-08-23,40.63,41.10,40.60,40.91,35364530
2021-08-24,41.10,41.68,41.04,41.48,35579300
2021-08-25,41.66,42.45,41.53,42.15,51219940
2021-08-26,42.50,42.84,42.02,42.04,41184510
2021-08-27,42.12,42.65,41.94,42.49,46468550
2021-08-30,42.63,42.63,41.62,41.66,44855620
2021-08-31,41.67,42.07,41.36,41.75,54654600
2021-09-01,41.75,41.78,41.03,41.19,52361940
2021-09-02,41.11,41.48,40.64,41.02,44562370
2021-09-03,41.02,41.19,40.68,41.05,41818460
2021-09-07,41.25,41.85,41.18,41.32,43756170
2021-09-08,41.08,41.49,40.68,40.78,36064440
2021-09-09,40.66,41.35,40.56,40.93,36266420
2021-09-10,41.22,41.35,40.24,40.27,40514700
2021-09-13,40.60,40.96,40.34,40.94,42036330
2021-09-14,41.13,41.31,39.66,39.84,53820430
2021-09-15,39.73,40.34,39.67,40.14,52358200
2021-09-16,40.48,40.81,40.20,40.45,42922050
2021-09-17,40.34,40.66,40.08,40.50,92752610
2021-09-20,39.38,39.46,38.36,39.11,67566160
2021-09-21,39.27,39.60,38.94,39.13,38271080
2021-09-22,39.75,40.52,39.75,40.14,46261390
2021-09-23,40.76,41.88,40.65,41.69,49779810
2021-09-24,41.72,42.34,41.65,42.14,39042260
2021-09-27,42.68,43.43,42.64,43.26,49755390
2021-09-28,43.43,44.04,43.06,43.16,60781200
2021-09-29,43.18,43.32,42.74,43.07,44260240
2021-09-30,43.35,43.35,42.23,42.45,47410810
2021-10-01,42.48,43.43,42.39,43.08,40987060
2021-10-04,43.11,44.06,43.07,43.34,48273430
2021-10-05,43.77,44.75,43.67,44.22,54070660
2021-10-06,43.85,44.29,43.55,44.24,47031650
2021-10-07,44.79,44.87,44.03,44.12,46258840
2021-10-08,44.07,44.81,43.92,44.34,39389390
2021-10-11,44.60,44.80,43.75,43.78,36283510
2021-10-12,43.67,44.00,43.27,43.54,36898280
2021-10-13,43.55,43.63,42.33,43.14,43907980
2021-10-14,44.37,45.10,43.48,45.07,82201010
2021-10-15,45.77,46.67,45.36,46.37,64264900
2021-10-18,46.29,46.89,46.03,46.28,49542470
2021-10-19,46.50,46.62,46.20,46.48,32515490
2021-10-20,46.49,47.24,46.05,47.09,40410990
2021-10-21,47.10,47.48,46.61,46.83,36848580
2021-10-22,46.99,47.62,46.99,47.57,36225600
2021-10-25,47.80,47.98,47.20,47.51,31679520
2021-10-26,47.66,48.42,47.44,47.96,35674750
2021-10-27,47.48,48.17,47.02,47.04,45790790
2021-10-28,47.59,48.00,47.30,47.78,37209570
2021-10-29,47.75,48.13,47.52,47.78,31756200
2021-11-01,48.10,48.17,47.28,47.85,36937170
2021-11-02,47.57,48.42,47.35,47.88,36283360
2021-11-03,47.80,48.69,47.61,48.37,42552970
2021-11-04,48.15,48.15,46.88,47.33,47646280
2021-11-05,47.60,47.82,46.82,46.97,38271180
2021-11-08,47.35,47.80,47.25,47.34,33815460
2021-11-09,46.65,47.36,46.41,46.88,36900260
2021-11-10,46.75,47.52,46.65,47.23,39385610
2021-11-11,47.31,47.89,47.01,47.49,31194770
2021-11-12,47.51,47.53,46.76,46.91,44268510
2021-11-15,47.26,47.39,46.90,47.05,35335510
2021-11-16,47.18,47.28,46.69,47.08,35120790
2021-11-17,47.08,47.20,46.45,46.51,32963710
2021-11-18,46.71,46.81,46.21,46.32,30644330
2021-11-19,45.70,45.77,44.83,45.40,48429480
2021-11-22,46.72,46.87,45.91,46.28,53697130
2021-11-23,46.87,47.65,46.67,47.50,49362880
2021-11-24,47.42,47.98,47.21,47.63,40059950
2021-11-26,45.52,46.03,44.75,45.76,55110130
2021-11-29,46.42,46.70,45.17,45.59,50231120
2021-11-30,44.76,45.22,44.36,44.47,77193560
2021-12-01,45.22,45.70,43.81,43.84,60636840
2021-12-02,44.33,45.50,44.00,44.89,57821430
2021-12-03,45.00,45.07,43.60,43.87,74605310
2021-12-06,44.56,44.88,43.96,44.15,48193060
2021-12-07,44.56,44.91,44.43,44.71,40740780
2021-12-08,44.68,44.80,44.09,44.16,50560330
2021-12-09,43.91,44.73,43.65,44.49,37316660
2021-12-10,44.71,44.83,44.07,44.52,37700190
2021-12-13,44.27,44.40,43.39,43.58,38653900
2021-12-14,43.59,44.82,43.53,44.13,47099410
2021-12-15,44.37,44.45,43.62,43.94,60057120
2021-12-16,44.70,45.36,44.09,45.00,69487170
2021-12-17,44.50,44.70,43.62,43.88,124712200
2021-12-20,43.27,43.36,42.70,43.16,56455220
2021-12-21,43.54,44.48,43.54,44.19,47845610
2021-12-22,44.08,44.58,43.88,44.28,35715710
2021-12-23,44.68,45.06,44.40,44.42,34053480
2021-12-27,44.55,44.82,44.31,44.64,33888220
2021-12-28,44.47,45.08,44.42,44.70,32499240
2021-12-29,44.85,45.12,44.60,44.63,25294900
2021-12-30,44.75,45.09,44.48,44.53,23852170
2021-12-31,44.52,44.72,44.28,44.49,24253940
2022-01-03,45.09,46.49,44.98,46.18,58630070
2022-01-04,47.06,48.43,47.04,47.99,74606670
2022-01-05,48.14,48.37,47.16,47.18,57791630
2022-01-06,47.98,48.16,47.19,48.13,52040850
2022-01-07,48.15,49.31,48.06,49.18,59082560
2022-01-10,49.91,50.08,48.34,48.93,66839470
2022-01-11,48.99,49.25,48.64,49.21,40454360
2022-01-12,49.16,49.38,48.68,48.86,41377990
2022-01-13,48.92,49.49,48.63,48.76,46337480
2022-01-14,47.52,48.23,47.19,47.91,72953330
2022-01-18,47.85,47.92,46.05,46.26,65935010
2022-01-19,48.39,48.58,46.35,46.44,84451790
2022-01-20,46.69,47.05,45.66,45.75,46265260
2022-01-21,45.57,46.02,44.66,44.92,71303560
2022-01-24,43.90,44.69,42.59,44.55,90782210
2022-01-25,44.29,45.57,43.83,45.43,73555340
2022-01-26,45.77,46.46,45.26,45.90,63735820
2022-01-27,46.37,46.75,45.09,45.47,63402380
2022-01-28,45.33,45.89,44.45,45.87,51048300
2022-01-31,45.52,46.27,45.22,46.14,44793660
2022-02-01,46.20,47.10,45.90,46.94,40326640
2022-02-02,46.72,46.96,46.30,46.89,41125580
2022-02-03,47.22,47.29,46.35,46.43,35879930
2022-02-04,47.08,48.69,46.68,48.28,60297060
2022-02-07,48.56,48.76,47.98,48.51,44824810
2022-02-08,49.15,50.02,48.94,49.38,49560540
2022-02-09,49.22,49.79,49.03,49.28,33861090
2022-02-10,49.68,50.11,48.76,49.05,47082840
2022-02-11,48.63,49.44,47.50,47.92,61056050
2022-02-14,48.02,48.19,46.94,47.42,44791950
2022-02-15,48.00,48.37,47.57,47.79,42402240
2022-02-16,47.44,48.24,47.31,47.68,36664600
2022-02-17,47.00,47.29,45.95,46.07,49442410
2022-02-18,46.07,46.53,45.72,45.96,37856550
2022-02-22,45.17,45.98,45.04,45.56,51905580
2022-02-23,45.95,46.11,44.57,44.78,45704870
2022-02-24,43.00,43.67,42.05,43.60,80484790
2022-02-25,43.81,45.35,43.63,45.02,68530690
2022-02-28,43.72,44.26,43.44,44.20,69955300
2022-03-01,43.71,43.74,41.93,42.47,74895590
2022-03-02,42.74,43.53,42.62,43.16,70834630
2022-03-03,43.09,43.49,42.21,42.49,48733790
2022-03-04,41.43,41.44,40.32,40.95,75615520
2022-03-07,39.93,40.11,38.21,38.34,109779000
2022-03-08,39.07,39.66,38.17,38.59,76553810
2022-03-09,40.31,41.60,40.16,41.04,78207910
2022-03-10,40.29,41.48,40.11,40.67,48804380
2022-03-11,41.04,41.38,40.29,40.33,43946610
2022-03-14,40.90,42.18,40.90,41.20,54262360
2022-03-15,41.26,41.78,40.87,41.50,41395330
2022-03-16,42.24,43.05,41.92,42.80,59477630
2022-03-17,42.41,43.04,41.83,43.03,50260240
2022-03-18,42.76,42.93,42.26,42.90,74470560
2022-03-21,43.34,43.43,42.51,42.84,47106350
2022-03-22,43.82,44.63,43.70,44.18,52360580
2022-03-23,43.72,44.01,43.03,43.09,48539320
2022-03-24,43.38,43.43,42.88,43.07,30360800
2022-03-25,43.48,44.26,43.33,43.73,38968130
2022-03-28,43.71,43.75,42.83,43.55,37428600
2022-03-29,44.25,44.39,43.11,43.44,46355830
2022-03-30,43.44,43.65,42.75,43.00,36601760
2022-03-31,42.84,42.89,41.20,41.22,67902490
2022-04-01,41.69,41.74,40.35,40.90,61929180
2022-04-04,40.48,41.14,40.16,40.83,53789440
2022-04-05,40.44,40.76,40.04,40.14,51781680
2022-04-06,39.74,40.01,39.35,39.70,54159780
2022-04-07,39.89,39.98,38.84,39.39,54585010
2022-04-08,39.49,40.10,39.31,39.67,41018860
2022-04-11,39.48,40.40,39.39,39.59,34198720
2022-04-12,39.57,40.08,38.85,39.17,42855310
2022-04-13,38.50,39.01,38.36,38.82,45484230
2022-04-14,38.49,38.97,37.42,37.57,79032030
2022-04-18,37.42,39.31,37.22,38.85,80080290
2022-04-19,39.21,39.88,39.11,39.57,53714210
2022-04-20,40.15,40.37,39.61,39.66,47064330
2022-04-21,40.00,40.21,38.62,38.91,46245950
2022-04-22,38.81,38.85,37.50,37.56,50409830
2022-04-25,36.89,37.40,35.93,37.29,64301120
2022-04-26,36.88,37.54,36.42,36.45,44809900
2022-04-27,36.27,36.91,36.17,36.25,39824870
2022-04-28,36.73,36.95,36.16,36.81,39567840
2022-04-29,36.75,37.13,35.54,35.68,47420200
2022-05-02,36.03,36.28,35.40,36.14,46652230
2022-05-03,36.34,37.63,36.33,37.13,48926010
2022-05-04,37.37,38.75,37.28,38.62,57860340
2022-05-05,38.05,38.21,36.87,37.54,48860650
2022-05-06,37.37,37.62,36.61,37.45,50440080
2022-05-09,36.87,37.06,36.06,36.37,51241970
2022-05-10,36.75,37.12,35.18,35.76,60235260
2022-05-11,35.90,36.92,35.51,35.57,54969260
2022-05-12,35.01,35.43,34.26,35.07,61231470
2022-05-13,35.53,35.73,34.76,35.17,49117860
2022-05-16,35.00,35.17,34.41,34.81,39076460
2022-05-17,35.62,36.22,35.43,35.99,42635620
2022-05-18,35.62,35.69,34.60,34.88,47396920
2022-05-19,34.29,34.84,34.25,34.45,47002710
2022-05-20,34.80,34.98,32.96,33.86,62406550
2022-05-23,34.76,36.26,34.66,35.87,69081850
2022-05-24,35.47,35.96,34.96,35.65,46146670
2022-05-25,35.50,36.27,35.29,35.84,49343430
2022-05-26,36.50,36.84,36.34,36.67,60201240
2022-05-27,36.89,37.05,36.58,37.02,43365600
2022-05-31,36.81,37.53,36.61,37.20,71609160
2022-06-01,37.46,37.47,36.17,36.67,35237940
2022-06-02,36.41,36.71,36.06,36.70,35341880
2022-06-03,36.48,36.68,36.13,36.19,25235200
2022-06-06,36.70,37.21,36.10,36.15,40394050
2022-06-07,35.90,36.41,35.74,36.35,29152220
2022-06-08,35.92,36.11,35.52,35.89,33590630
2022-06-09,35.74,35.84,34.50,34.51,49464070
2022-06-10,33.68,34.04,33.02,33.17,49346170
2022-06-13,32.39,32.77,31.74,32.02,61216580
2022-06-14,31.92,32.59,31.23,31.46,49349750
2022-06-15,31.98,32.49,31.42,32.05,51540140
2022-06-16,31.50,32.00,30.86,31.85,61363410
2022-06-17,32.03,32.58,31.64,31.92,80470250
2022-06-21,32.89,33.29,32.62,32.85,53537220
2022-06-22,32.39,32.94,32.32,32.60,38335790
2022-06-23,32.38,32.41,31.26,32.08,44091460
2022-06-24,31.25,32.77,31.23,32.31,79504690
2022-06-27,32.41,32.60,31.91,32.35,47900290
2022-06-28,32.83,33.50,32.19,32.26,49915910
2022-06-29,32.23,32.44,31.66,31.86,35149750
2022-06-30,31.17,31.55,30.64,31.13,46312260
2022-07-01,30.98,31.67,30.63,31.56,40236080
2022-07-05,30.80,31.24,30.45,31.24,47442660
2022-07-06,31.01,31.25,30.64,30.98,35933730
2022-07-07,31.50,32.01,31.47,31.86,40137870
2022-07-08,32.01,32.25,31.56,31.79,31153760
2022-07-11,31.55,31.79,31.29,31.46,29342280
2022-07-12,31.02,32.03,30.98,31.36,39527040
2022-07-13,31.07,31.14,30.40,30.84,44153700
2022-07-14,30.09,30.21,29.67,30.13,51707790
2022-07-15,30.65,32.63,30.61,32.25,77801690
2022-07-18,33.08,33.38,32.10,32.26,56382920
2022-07-19,32.90,33.62,32.68,33.35,46874860
2022-07-20,33.18,33.45,32.95,33.36,35514910
2022-07-21,33.09,33.66,32.95,33.65,31243970
2022-07-22,33.60,33.94,33.09,33.43,27115350
2022-07-25,33.78,33.98,33.44,33.73,30380960
2022-07-26,33.41,33.78,32.96,33.05,30645740
2022-07-27,33.24,33.77,32.95,33.59,30344780
2022-07-28,33.50,33.75,32.90,33.32,40176470
2022-07-29,33.47,33.94,33.35,33.81,48152530
2022-08-01,33.62,33.89,33.22,33.71,32336670
2022-08-02,33.60,33.72,33.00,33.04,37884140
2022-08-03,33.42,33.75,33.16,33.64,30065780
2022-08-04,33.52,33.67,33.17,33.40,28404450
2022-08-05,33.28,34.33,33.23,33.96,35874540
2022-08-08,34.17,34.29,33.45,33.49,33474410
2022-08-09,33.65,33.96,33.41,33.92,40196920
2022-08-10,34.50,35.43,34.45,35.07,61415800
2022-08-11,35.77,36.06,35.65,35.91,50420770
2022-08-12,36.16,36.31,35.69,36.30,31821680
2022-08-15,35.84,36.30,35.67,36.25,24907960
2022-08-16,36.19,36.94,36.10,36.64,31870170
2022-08-17,36.20,36.59,36.08,36.41,27125580
2022-08-18,36.25,36.40,36.00,36.28,23138280
2022-08-19,35.96,36.03,35.31,35.48,36485440
2022-08-22,34.75,34.81,34.45,34.72,31210310
2022-08-23,34.67,34.97,34.36,34.41,26587950
2022-08-24,34.25,34.80,34.05,34.52,31389360
2022-08-25,34.60,35.28,34.45,35.14,40576730
2022-08-26,35.44,35.48,34.02,34.03,36152570
2022-08-29,33.86,34.15,33.61,33.90,34931030
2022-08-30,34.18,34.28,33.54,34.09,48194900
2022-08-31,34.14,34.37,33.60,33.61,44917580
2022-09-01,33.34,33.49,32.66,33.47,32848890
2022-09-02,33.93,34.48,33.27,33.43,44000790
2022-09-06,33.64,33.73,32.61,33.06,40762410
2022-09-07,32.81,33.67,32.63,33.57,40742640
2022-09-08,33.46,34.73,33.27,34.65,44361830
2022-09-09,34.98,35.25,34.84,34.94,37308710
2022-09-12,35.20,35.63,35.02,35.27,30533970
2022-09-13,34.58,34.72,33.81,34.00,40959630
2022-09-14,34.20,34.42,33.54,33.87,32004430
2022-09-15,33.79,34.90,33.70,34.51,44863250
2022-09-16,34.19,34.23,33.66,34.12,54281840
2022-09-19,33.72,34.87,33.63,34.69,29781990
2022-09-20,34.50,34.78,33.88,34.17,33591050
2022-09-21,34.31,34.40,33.12,33.15,51667810
2022-09-22,33.31,33.42,32.39,32.50,47527460
2022-09-23,31.93,32.09,31.21,31.73,55316070
2022-09-26,31.32,31.82,30.68,31.03,40360230
2022-09-27,31.27,31.37,30.30,30.57,43396580
2022-09-28,30.53,31.31,30.39,31.07,38372850
2022-09-29,30.69,30.90,30.21,30.66,35220880
2022-09-30,30.76,31.19,30.16,30.20,42294080
2022-10-03,30.59,31.28,30.20,31.09,34591710
2022-10-04,31.72,32.52,31.66,32.38,39758740
2022-10-05,31.54,32.03,31.45,31.92,35791140
2022-10-06,31.60,31.88,31.36,31.46,40891900
2022-10-07,31.17,31.24,30.52,30.75,52304650
2022-10-10,30.90,31.05,30.35,30.66,37669110
2022-10-11,30.37,30.47,29.57,29.77,58123990
2022-10-12,29.64,30.31,29.48,29.86,36137900
2022-10-13,29.41,31.77,29.31,31.69,67671020
2022-10-14,31.81,32.63,31.57,31.70,58172790
2022-10-17,33.36,33.87,32.87,33.62,88896790
2022-10-18,34.98,35.36,34.28,34.88,81937930
2022-10-19,34.58,34.83,33.77,33.92,43139850
2022-10-20,33.98,34.62,33.59,33.70,39549110
2022-10-21,33.56,35.04,33.56,34.95,54870270
2022-10-24,35.11,35.26,34.70,35.07,33765560
2022-10-25,34.74,35.58,34.53,35.39,37132260
2022-10-26,35.42,36.09,35.35,35.70,41113540
2022-10-27,36.15,36.37,35.77,35.87,35261850
2022-10-28,36.04,36.30,35.64,36.18,31659110
2022-10-31,36.00,36.33,35.81,36.04,32565540
2022-11-01,36.44,36.76,36.11,36.20,29913150
2022-11-02,36.07,37.27,35.95,36.09,57380610
2022-11-03,35.70,36.14,35.41,35.89,30046470
2022-11-04,36.50,37.00,36.22,36.79,39369360
2022-11-07,37.01,37.34,36.73,37.01,37533670
2022-11-08,37.09,37.42,36.75,37.11,32664340
2022-11-09,36.88,36.96,36.39,36.52,30164380
2022-11-10,37.30,38.22,37.14,38.13,45702790
2022-11-11,38.19,38.60,37.97,38.41,35688700
2022-11-14,38.09,38.26,37.75,37.76,35541400
2022-11-15,38.19,38.30,37.30,37.70,46082830
2022-11-16,37.61,37.73,37.20,37.36,23813030
2022-11-17,36.88,37.20,36.56,37.17,23693420
2022-11-18,37.79,37.85,36.92,37.19,32041750
2022-11-21,37.09,37.52,37.06,37.31,27935740
2022-11-22,37.59,37.80,37.43,37.49,23499320
2022-11-23,37.49,37.66,37.37,37.61,18934680
2022-11-25,37.72,37.87,37.56,37.70,16118500
2022-11-28,37.40,37.66,36.83,36.86,35446540
2022-11-29,36.98,37.15,36.72,37.00,27048800
2022-11-30,36.90,37.85,36.20,37.85,51747860
2022-12-01,37.50,37.69,36.40,36.55,46213200
2022-12-02,36.06,36.29,35.81,36.08,42295330
2022-12-05,35.81,35.89,34.14,34.47,71386650
2022-12-06,34.57,34.68,32.41,33.00,84085690
2022-12-07,32.59,32.92,32.35,32.74,49234140
2022-12-08,32.97,32.99,32.18,32.44,45491150
2022-12-09,32.11,32.60,32.08,32.38,36985550
2022-12-12,32.31,32.78,32.06,32.73,41060490
2022-12-13,33.55,33.67,32.56,32.75,54804800
2022-12-14,32.80,33.00,32.16,32.28,48819480
2022-12-15,31.75,31.99,31.49,31.77,49027580
2022-12-16,31.62,31.93,31.35,31.70,61795200
2022-12-19,31.76,32.23,31.73,32.06,38374110
2022-12-20,32.40,32.58,32.14,32.19,35561070
2022-12-21,32.52,32.87,32.41,32.68,32543960
2022-12-22,32.52,32.58,31.87,32.39,30234430
2022-12-23,32.40,32.58,32.19,32.47,21378580
2022-12-27,32.50,32.67,32.27,32.53,22776090
2022-12-28,32.57,32.97,32.53,32.77,30541000
2022-12-29,32.89,33.16,32.75,33.14,22252910
2022-12-30,33.10,33.30,32.86,33.12,28198920
2023-01-03,33.23,34.09,33.21,33.51,35221500
2023-01-04,33.90,34.82,33.83,34.14,41998550
2023-01-05,33.92,34.14,33.58,34.07,34177050
2023-01-06,34.09,34.58,33.54,34.41,34068730
2023-01-09,34.75,34.76,33.71,33.89,43818820
2023-01-10,33.74,34.27,33.64,34.12,35096020
2023-01-11,34.12,34.44,34.00,34.38,36783730
2023-01-12,34.60,34.87,34.36,34.47,44230400
2023-01-13,34.20,35.39,33.09,35.23,89667820
2023-01-17,34.69,34.83,34.15,34.52,56458390
2023-01-18,34.33,34.34,33.51,33.72,54517760
2023-01-19,33.28,33.55,32.89,33.23,42707120
2023-01-20,33.30,33.89,33.09,33.85,45004370
2023-01-23,33.81,34.51,33.75,34.32,33683310
2023-01-24,34.22,34.79,33.95,34.57,26716730
2023-01-25,34.30,34.96,34.25,34.87,28859720
2023-01-26,35.05,35.35,34.79,35.34,30035460
2023-01-27,35.44,35.77,35.27,35.45,29964910
2023-01-30,35.21,35.56,35.18,35.30,27353500
2023-01-31,35.17,35.48,35.00,35.48,38917440
2023-02-01,35.20,36.26,35.11,35.92,44438730
2023-02-02,36.10,36.38,35.44,36.13,33729060
2023-02-03,36.02,36.76,35.90,36.43,37411680
2023-02-06,36.25,36.44,35.98,36.37,29463200
2023-02-07,36.17,37.00,36.13,36.77,44100250
2023-02-08,36.41,36.84,36.34,36.50,28032760
2023-02-09,36.27,36.35,35.56,35.72,35257060
2023-02-10,35.55,35.59,35.03,35.58,32898900
2023-02-13,35.48,35.78,35.39,35.65,29163860
2023-02-14,35.63,35.99,35.46,35.62,33625200
2023-02-15,35.32,35.61,35.16,35.56,23516510
2023-02-16,35.42,35.66,35.22,35.28,22681070
2023-02-17,35.08,35.39,34.74,35.35,28562700
2023-02-21,34.91,35.05,34.27,34.52,37068850
2023-02-22,34.36,34.55,34.07,34.29,38550420
2023-02-23,34.40,34.60,33.86,34.26,28487970
2023-02-24,33.86,34.29,33.84,34.21,27046640
2023-02-27,34.45,34.69,34.16,34.21,30137550
2023-02-28,34.35,34.49,34.18,34.30,32620620
2023-03-01,34.15,34.49,33.98,34.14,29281550
2023-03-02,33.66,33.70,33.00,33.49,44623370
2023-03-03,33.65,34.29,33.65,34.16,39109090
2023-03-06,34.24,34.56,33.98,34.09,36646680
2023-03-07,33.85,33.90,32.80,33.00,52855290
2023-03-08,32.66,32.97,32.44,32.56,40045600
2023-03-09,32.28,32.39,30.31,30.54,112457900
2023-03-10,30.32,31.04,28.92,30.27,165330900
2023-03-13,28.92,29.71,27.87,28.51,218403300
2023-03-14,29.99,30.09,28.47,28.76,154255800
2023-03-15,27.88,28.56,27.68,28.49,131104400
2023-03-16,28.38,29.47,28.11,28.97,108449500
2023-03-17,28.66,28.66,27.62,27.82,130665500
2023-03-20,28.24,28.43,27.65,27.75,81441230
2023-03-21,28.63,28.98,28.51,28.59,84854840
2023-03-22,28.71,28.74,27.64,27.64,76925880
2023-03-23,28.00,28.09,26.79,26.97,105335900
2023-03-24,26.60,27.29,26.32,27.14,96978310
2023-03-27,27.93,28.64,27.91,28.49,102469800
2023-03-28,28.38,28.65,27.98,28.12,63416520
2023-03-29,28.49,28.77,28.24,28.67,62666370
2023-03-30,28.92,29.06,28.11,28.30,67427130
2023-03-31,28.62,28.68,28.26,28.60,56482080
2023-04-03,28.64,28.98,28.32,28.59,51996800
2023-04-04,28.55,28.65,27.66,27.98,56233300
2023-04-05,27.66,27.91,27.46,27.64,47799350
2023-04-06,27.72,28.01,27.62,27.84,41216580
2023-04-10,27.67,28.10,27.64,27.94,40572740
2023-04-11,28.02,28.75,27.96,28.71,58761190
2023-04-12,28.68,29.01,28.37,28.48,44313340
2023-04-13,28.56,28.64,28.24,28.56,52261420
2023-04-14,29.30,29.87,29.25,29.52,81110830
2023-04-17,29.77,30.41,29.40,30.37,83704410
2023-04-18,30.80,30.93,29.80,30.56,114498800
2023-04-19,30.13,30.20,29.79,30.06,65594190
2023-04-20,29.84,30.23,29.77,29.90,43193780
2023-04-21,29.75,29.98,29.41,29.87,44759020
2023-04-24,29.79,29.90,29.59,29.76,28020280
2023-04-25,29.45,29.53,28.82,28.84,49718810
2023-04-26,28.76,28.94,28.30,28.44,45848400
2023-04-27,28.52,29.08,28.52,28.89,33060080
2023-04-28,28.53,29.43,28.51,29.28,45592450
2023-05-01,29.50,29.54,29.00,29.04,34076800
2023-05-02,28.85,28.86,27.71,28.16,70797720
2023-05-03,28.16,28.50,27.81,27.86,51139530
2023-05-04,27.58,27.81,26.83,26.99,82173810
2023-05-05,27.62,27.89,27.47,27.71,50087050
2023-05-08,28.08,28.15,27.66,27.69,34245450
2023-05-09,27.42,27.83,27.24,27.66,32188820
2023-05-10,27.96,28.00,27.02,27.32,44446440
2023-05-11,27.01,27.49,26.88,27.39,34897270
2023-05-12,27.52,27.55,26.88,27.09,38142000
2023-05-15,27.10,27.82,27.03,27.65,38722800
2023-05-16,27.78,27.90,27.33,27.36,33347550
2023-05-17,27.73,28.66,27.73,28.57,61750410
2023-05-18,28.44,28.50,28.00,28.47,51146050
2023-05-19,28.45,28.67,28.03,28.11,50062480
2023-05-22,28.30,28.45,28.01,28.34,36473660
2023-05-23,28.32,29.08,28.30,28.58,51400420
2023-05-24,28.33,28.51,28.00,28.10,50606890
2023-05-25,27.99,28.24,27.88,28.17,40517780
2023-05-26,28.20,28.40,27.79,28.31,57879080
2023-05-30,28.32,28.49,27.95,28.26,41819580
2023-05-31,28.10,28.16,27.48,27.79,61905180
2023-06-01,27.76,27.98,27.34,27.78,57426130
2023-06-02,28.16,28.95,28.12,28.71,66578060
2023-06-05,28.82,28.71,28.30,28.54,34757750
2023-06-06,28.46,29.43,28.45,29.23,46297870
2023-06-07,29.30,29.65,29.01,29.48,44502590
2023-06-08,29.28,29.38,28.99,29.23,41483100
2023-06-09,29.20,29.40,29.08,29.27,32692010
2023-06-12,29.30,29.56,28.91,29.13,41062820
2023-06-13,29.13,29.80,29.03,29.40,42718760
2023-06-14,29.57,29.73,28.99,29.12,38322770
2023-06-15,28.90,29.47,28.69,29.37,42044890
2023-06-16,29.53,29.68,29.16,29.19,53050200
2023-06-20,29.01,29.04,28.58,28.87,39040910
2023-06-21,28.78,29.00,28.54,28.57,39553440
2023-06-22,28.50,28.53,27.90,27.96,50742900
2023-06-23,27.74,27.89,27.59,27.75,55181060
2023-06-26,27.80,28.28,27.79,28.09,47519250
2023-06-27,28.10,28.40,27.95,28.24,39081780
2023-06-28,28.25,28.27,27.90,28.07,37803820
2023-06-29,28.50,29.00,28.40,28.66,68376440
2023-06-30,28.94,29.11,28.67,28.69,50478950
2023-07-03,28.70,29.35,28.65,29.20,30995830
2023-07-05,29.14,29.42,28.95,29.08,37491980
2023-07-06,28.80,28.82,28.10,28.28,52162500
2023-07-07,28.30,28.82,28.29,28.53,34287960
2023-07-10,28.59,28.85,28.47,28.66,36086000
2023-07-11,28.66,29.08,28.42,29.02,40978720
2023-07-12,29.51,29.89,29.27,29.36,41855490
2023-07-13,29.52,29.87,29.41,29.67,39588950
2023-07-14,30.00,30.10,29.05,29.11,58720330
2023-07-17,29.15,29.55,29.12,29.40,49477160
2023-07-18,30.00,30.86,29.92,30.70,98253850
2023-07-19,30.89,31.70,30.68,31.53,70619790
2023-07-20,31.33,31.80,31.26,31.69,42128770
2023-07-21,31.87,32.11,31.42,31.98,70872360
2023-07-24,32.00,32.85,31.98,32.65,64548640
2023-07-25,32.76,32.79,32.07,32.15,51208840
2023-07-26,32.24,32.54,32.15,32.41,41814600
2023-07-27,32.43,32.74,31.82,31.95,45529460
2023-07-28,32.15,32.16,31.71,31.90,33296550
2023-07-31,31.90,32.25,31.78,32.00,29093390
2023-08-01,31.84,31.94,31.42,31.62,32735030
2023-08-02,31.16,31.28,30.78,31.19,38855120
2023-08-03,30.94,31.55,30.88,31.41,27952590
2023-08-04,31.36,31.67,31.17,31.30,30768120
2023-08-07,31.41,31.90,31.41,31.88,31745210
2023-08-08,31.30,31.31,30.48,31.27,45951800
2023-08-09,31.22,31.28,30.83,30.86,30732080
2023-08-10,31.01,31.32,30.80,30.94,26062600
2023-08-11,30.80,31.40,30.75,31.29,35720660
2023-08-14,31.05,31.11,30.75,30.93,32563690
2023-08-15,30.50,30.55,29.84,29.94,43406070
2023-08-16,29.75,29.84,29.21,29.29,47220400
2023-08-17,29.44,29.54,29.11,29.28,37202230
2023-08-18,29.04,29.35,28.98,29.11,31430360
2023-08-21,29.22,29.30,28.80,29.15,34958960
2023-08-22,29.13,29.24,28.42,28.44,37586410
2023-08-23,28.45,28.51,28.18,28.45,44686640
2023-08-24,28.40,28.79,28.37,28.62,31934780
2023-08-25,28.64,28.79,28.30,28.50,34253200
2023-08-28,28.69,29.00,28.57,28.76,33075190
2023-08-29,28.89,29.26,28.71,29.17,30428200
2023-08-30,29.22,29.27,28.93,29.04,33366350
2023-08-31,28.93,28.97,28.53,28.67,37242990
2023-09-01,28.76,29.13,28.76,28.98,35228580
2023-09-05,28.94,29.11,28.50,28.65,46543640
2023-09-06,28.40,28.56,28.12,28.39,45022590
2023-09-07,28.41,28.55,28.06,28.13,35023570
2023-09-08,28.12,28.38,27.96,28.36,36534550
2023-09-11,28.51,28.76,28.40,28.48,34168310
2023-09-12,28.46,29.14,28.40,28.97,42283960
2023-09-13,29.12,29.19,28.70,28.88,37215740
2023-09-14,29.17,29.44,29.10,29.20,44634810
2023-09-15,28.95,29.09,28.75,28.84,61661120
2023-09-18,28.80,28.80,28.49,28.76,25752310
2023-09-19,28.76,28.94,28.51,28.65,34888050
2023-09-20,28.81,28.97,28.53,28.55,26641100
2023-09-21,28.36,28.59,28.02,28.05,39906010
2023-09-22,28.07,28.18,27.60,27.64,41284440
2023-09-25,27.50,27.62,27.35,27.60,32749160
2023-09-26,27.34,27.50,27.01,27.17,42237430
2023-09-27,27.23,27.61,27.07,27.27,38296350
2023-09-28,27.17,27.64,27.17,27.56,36734310
2023-09-29,27.89,27.99,27.27,27.38,40645850
2023-10-02,27.27,27.36,26.58,26.70,50388610
2023-10-03,26.49,26.52,25.82,25.91,62144480
2023-10-04,25.88,26.01,25.58,25.94,55696420
2023-10-05,25.78,26.09,25.56,26.06,49044080
2023-10-06,25.77,26.23,25.46,26.07,58177260
2023-10-09,25.76,26.36,25.72,26.31,39953750
2023-10-10,26.61,27.30,26.57,27.01,51960100
2023-10-11,27.17,27.43,26.90,27.02,38508200
2023-10-12,26.97,27.07,26.61,26.90,44249790
2023-10-13,27.43,27.72,26.52,26.76,55118410
2023-10-16,27.16,27.18,26.77,26.99,56817510
2023-10-17,27.05,27.87,26.72,27.62,95344210
2023-10-18,27.54,28.04,27.21,27.31,68371130
2023-10-19,27.25,27.78,26.88,26.96,58610980
2023-10-20,26.80,26.94,26.24,26.31,62058410
2023-10-23,26.13,26.21,25.52,25.57,59857220
2023-10-24,25.74,25.87,25.40,25.47,55975710
2023-10-25,25.38,25.65,25.18,25.55,45522410
2023-10-26,25.49,26.36,25.44,26.12,60921020
2023-10-27,26.07,26.07,24.96,25.17,64709330
2023-10-30,25.32,25.78,25.28,25.69,41891930
2023-10-31,25.74,26.38,25.71,26.34,50106670
2023-11-01,26.44,26.61,26.15,26.40,44046280
2023-11-02,26.71,27.66,26.59,27.62,63278270
2023-11-03,28.16,28.93,28.13,28.42,62613630
2023-11-06,28.56,28.77,28.02,28.33,45547980
2023-11-07,28.05,28.25,27.95,28.16,33081860
2023-11-08,28.16,28.20,27.67,27.89,31896000
2023-11-09,28.07,28.08,27.40,27.53,32267870
2023-11-10,27.76,27.77,27.34,27.68,32870680
2023-11-13,27.54,27.85,27.42,27.70,28521770
2023-11-14,28.50,29.41,28.47,29.22,66676270
2023-11-15,29.20,29.73,29.20,29.62,46968930
2023-11-16,29.43,29.70,29.22,29.54,36952820
2023-11-17,29.71,30.00,29.55,29.98,38524430
2023-11-20,29.98,30.25,29.75,30.01,47050280
2023-11-21,29.99,29.99,29.55,29.66,41611850
2023-11-22,29.74,29.79,29.52,29.63,41427990
2023-11-24,29.48,29.89,29.48,29.73,15815610
2023-11-27,29.60,29.69,29.51,29.56,42039470
2023-11-28,29.53,29.65,29.32,29.53,29705780
2023-11-29,29.88,30.61,29.81,30.31,57954860
2023-11-30,30.21,30.55,30.04,30.49,52547730
2023-12-01,30.40,31.05,30.35,30.96,46133340
2023-12-04,30.53,31.00,30.52,30.82,37811350
2023-12-05,30.68,30.79,30.33,30.58,45723110
2023-12-06,30.78,31.52,30.44,30.53,49803140
2023-12-07,30.59,30.93,30.54,30.66,32699640
2023-12-08,30.67,31.14,30.61,30.96,34794310
2023-12-11,30.92,31.08,30.71,30.85,32253970
2023-12-12,30.77,30.86,30.45,30.74,34566690
2023-12-13,30.75,32.13,30.62,32.04,60311080
2023-12-14,32.62,34.07,32.57,33.94,107190000
2023-12-15,33.82,34.02,33.29,33.60,83771810
2023-12-18,33.71,33.79,33.41,33.43,40694710
2023-12-19,33.03,33.67,32.80,33.51,44534850
2023-12-20,33.38,33.70,32.95,32.98,44711430
2023-12-21,33.24,33.45,32.89,33.20,32325650
2023-12-22,33.21,33.67,33.20,33.43,37265860
2023-12-26,33.45,33.96,33.37,33.86,24845440
2023-12-27,33.80,33.95,33.66,33.84,24498580
2023-12-28,33.82,33.97,33.77,33.88,21799560
2023-12-29,33.94,33.99,33.55,33.67,28060740
2024-01-02,33.39,34.07,33.27,33.90,36668630
2024-01-03,33.65,33.77,33.24,33.53,45988750
2024-01-04,33.57,34.31,33.54,33.80,39834610
2024-01-05,33.80,34.69,33.71,34.43,49242360
2024-01-08,34.30,34.30,33.64,34.16,40253890
2024-01-09,33.82,33.84,33.51,33.63,39268840
2024-01-10,33.50,33.63,33.24,33.60,34904020
2024-01-11,33.36,33.50,32.78,33.15,48790560
2024-01-12,32.25,33.19,31.96,32.80,74344290
2024-01-16,32.41,32.51,31.82,32.12,58420790
2024-01-17,31.72,31.99,31.27,31.80,48811260
2024-01-18,31.75,31.77,31.40,31.73,35484420
2024-01-19,31.80,32.23,31.57,32.22,49493620
2024-01-22,32.36,32.99,32.32,32.55,43903360
2024-01-23,32.54,32.82,32.39,32.77,30003410
2024-01-24,33.03,33.34,32.91,32.98,36403860
2024-01-25,33.21,33.45,32.83,33.39,46203970
2024-01-26,33.40,33.67,33.32,33.43,30839830
2024-01-29,33.40,33.65,33.23,33.61,30269260
2024-01-30,33.90,34.89,33.84,34.79,60315750
2024-01-31,34.57,35.10,34.00,34.01,54715970
2024-02-01,33.93,34.25,32.93,33.55,57084760
2024-02-02,33.37,33.71,33.17,33.47,40416030
2024-02-05,33.11,33.29,32.86,32.99,43573020
2024-02-06,32.92,33.36,32.88,33.04,27194180
2024-02-07,33.06,33.26,32.63,33.18,29660100
2024-02-08,33.05,33.27,32.80,33.12,36852160
2024-02-09,33.10,33.25,32.84,33.07,36175990
2024-02-12,33.00,33.97,32.98,33.62,34160430
2024-02-13,33.12,33.31,32.35,32.75,43801480
2024-02-14,32.98,33.18,32.87,33.13,27833900
2024-02-15,33.32,34.24,33.32,34.07,41683110
2024-02-16,33.92,34.15,32.49,34.09,33290660
2024-02-20,33.78,34.09,33.77,33.96,30372880
2024-02-21,33.36,33.74,33.17,33.70,37878890
2024-02-22,33.37,34.07,33.37,33.61,42756850
2024-02-23,33.73,34.05,33.49,33.92,30586040
2024-02-26,33.79,34.22,33.53,33.61,31129150
2024-02-27,33.73,34.43,33.71,34.28,40536280
2024-02-28,34.22,34.60,34.11,34.31,39548560
2024-02-29,34.33,34.65,34.15,34.52,43863400
2024-03-01,34.53,34.65,34.03,34.35,38432320
2024-03-04,34.29,35.42,34.25,35.15,49136380
2024-03-05,34.93,35.72,34.87,35.39,47591600
2024-03-06,35.65,35.79,35.07,35.42,49149720
2024-03-07,35.60,35.90,35.25,35.63,35900670
2024-03-08,35.87,36.13,35.50,35.60,42769940
2024-03-11,35.39,35.93,35.27,35.89,34131530
2024-03-12,35.90,36.15,35.77,35.96,29260370
2024-03-13,35.96,36.45,35.96,36.08,38289550
2024-03-14,35.92,36.22,35.48,35.69,40178050
2024-03-15,35.28,36.01,35.24,35.41,69646390
2024-03-18,35.66,36.09,35.39,36.01,50617860
2024-03-19,35.89,36.39,35.85,36.03,46113770
2024-03-20,35.84,36.88,35.73,36.75,40518960
2024-03-21,36.93,37.60,36.88,37.51,43219490
2024-03-22,37.41,37.61,37.00,37.05,29001050
2024-03-25,37.10,37.27,36.84,36.86,30480250
2024-03-26,37.00,37.23,36.80,37.09,33673450
2024-03-27,37.25,37.84,37.24,37.81,36350230
2024-03-28,37.72,38.00,37.41,37.92,42262530
2024-04-01,37.94,38.35,37.44,37.52,33908010
2024-04-02,37.19,37.58,37.16,37.30,34806820
2024-04-03,37.40,38.02,37.27,37.44,33338470
2024-04-04,37.70,37.96,36.87,36.92,42888180
2024-04-05,36.81,37.34,36.73,37.11,30823540
2024-04-08,37.20,37.58,37.13,37.50,29470290
2024-04-09,37.51,37.77,37.20,37.73,30977650
2024-04-10,37.18,37.23,36.55,36.65,37610660
2024-04-11,36.75,36.75,36.05,36.35,38604030
2024-04-12,35.81,36.09,35.53,35.79,47126090
2024-04-15,36.33,36.76,35.76,35.95,44391990
2024-04-16,36.09,36.17,34.15,34.68,95566090
2024-04-17,34.89,35.75,34.75,35.23,65951380
2024-04-18,35.54,35.99,35.18,35.77,44506200
2024-04-19,36.10,37.12,36.06,36.97,56273680
2024-04-22,37.00,37.91,36.87,37.73,43867080
2024-04-23,37.94,38.42,37.83,38.37,39180330
2024-04-24,38.02,38.49,38.00,38.32,28670550
2024-04-25,37.93,38.27,37.38,37.91,41115960
2024-04-26,37.93,38.31,37.78,37.83,28668680
2024-04-29,37.84,38.06,37.45,37.55,26563910
2024-04-30,37.34,37.67,36.98,37.01,30283850
2024-05-01,37.21,37.51,36.77,36.95,32277500
2024-05-02,37.37,37.49,36.65,36.88,34860260
2024-05-03,37.25,37.53,37.08,37.25,34082660
2024-05-06,37.66,37.79,37.36,37.69,28422330
2024-05-07,37.70,38.15,37.70,37.84,29119480
2024-05-08,37.70,37.82,37.52,37.71,32803300
2024-05-09,37.53,38.42,37.46,38.28,26855360
2024-05-10,38.48,38.78,38.33,38.45,27359140
2024-05-13,38.62,38.78,38.18,38.21,24060650
2024-05-14,38.40,38.79,38.37,38.49,27594830
2024-05-15,38.80,39.24,38.77,38.91,34084390
2024-05-16,38.92,39.36,38.71,39.22,32554170
2024-05-17,39.45,39.49,39.16,39.29,25537350
2024-05-20,39.26,39.47,38.79,38.82,28369830
2024-05-21,38.77,39.75,38.77,39.65,31799160
2024-05-22,39.41,39.81,39.34,39.76,42837580
2024-05-23,39.77,39.84,38.94,39.17,39033930
2024-05-24,39.16,39.78,39.07,39.70,22166310
2024-05-28,39.65,39.74,39.11,39.32,31217890
2024-05-29,38.84,38.90,38.56,38.72,26677530
2024-05-30,38.73,39.12,37.59,38.63,51008630
2024-05-31,38.70,40.08,38.66,39.99,58188350
2024-06-03,40.04,40.19,39.36,39.88,31898570
2024-06-04,39.62,40.13,39.42,39.68,26974160
2024-06-05,39.82,39.99,39.52,39.96,34140350
2024-06-06,39.91,40.00,39.42,39.70,38676400
2024-06-07,39.28,39.96,39.28,39.78,25928690
2024-06-10,39.58,39.84,39.21,39.67,37182710
2024-06-11,39.33,39.35,38.46,38.86,44629050
2024-06-12,39.80,39.88,39.10,39.41,38964690
2024-06-13,39.29,39.35,38.93,39.26,40018720
2024-06-14,39.10,39.48,38.91,39.24,32347870
2024-06-17,39.09,39.53,38.98,39.51,26135370
2024-06-18,39.56,40.02,39.46,39.99,30804470
2024-06-20,39.78,40.31,39.75,39.99,29383290
2024-06-21,39.85,39.91,39.37,39.49,72251510
2024-06-24,39.77,40.34,39.65,40.02,31064890
2024-06-25,39.78,40.07,39.35,39.38,30928600
2024-06-26,39.17,39.35,38.47,39.00,44310220
2024-06-27,38.70,39.35,38.34,39.25,29464190
2024-06-28,39.74,40.05,39.31,39.77,52028200
2024-07-01,39.91,40.34,39.67,40.01,26770470
2024-07-02,40.00,40.96,39.96,40.93,35626090
2024-07-03,41.02,41.20,40.75,40.90,17100670
2024-07-05,40.93,40.95,40.29,40.41,23488970
2024-07-08,40.60,41.04,40.43,40.62,26728500
2024-07-09,40.76,41.83,40.60,41.42,34721690
2024-07-10,41.28,41.76,41.07,41.74,25333390
2024-07-11,41.77,41.90,41.39,41.81,33824580
2024-07-12,41.49,41.91,41.09,41.59,31856590
2024-07-15,41.85,42.23,41.70,41.89,36648100
2024-07-16,42.52,44.40,42.22,44.13,75953350
2024-07-17,43.65,44.44,43.65,43.98,65713650
2024-07-18,43.62,44.24,42.93,43.01,48549220
2024-07-19,42.86,43.56,42.69,42.90,43902970
2024-07-22,42.64,42.87,41.95,42.30,42838320
2024-07-23,42.22,42.78,42.15,42.41,36705130
2024-07-24,42.28,42.75,42.07,42.19,36567180
2024-07-25,42.02,42.30,41.66,41.68,41593860
2024-07-26,41.58,41.96,41.41,41.67,52049330
2024-07-29,41.78,41.88,40.98,41.09,37133080
2024-07-30,41.05,41.89,40.81,41.28,44163170
2024-07-31,41.23,41.38,40.22,40.31,50851580
2024-08-01,40.44,40.45,38.98,39.50,60107850
2024-08-02,38.00,38.53,37.18,37.58,76727990
2024-08-05,35.65,36.95,35.14,36.65,76075190
2024-08-06,36.65,37.31,36.54,36.92,40614120
2024-08-07,38.10,38.59,37.27,37.30,44952350
2024-08-08,37.82,38.41,37.66,38.21,36557830
2024-08-09,38.16,38.45,37.91,38.28,26411230
2024-08-12,38.50,38.73,38.01,38.17,33040640
2024-08-13,38.37,38.48,38.12,38.46,21553470
2024-08-14,38.52,38.91,38.43,38.81,25658860
2024-08-15,39.43,39.68,38.97,39.03,37379820
2024-08-16,39.00,39.42,38.99,39.34,26886620
2024-08-19,39.48,39.74,39.45,39.67,27268920
2024-08-20,39.12,39.24,38.34,38.69,44440760
2024-08-21,38.87,38.99,38.38,38.75,33751070
2024-08-22,38.78,39.29,38.56,39.24,35421640
2024-08-23,39.27,40.17,39.27,39.77,45616650
2024-08-26,40.00,40.20,39.66,39.92,44659530
2024-08-27,40.00,40.12,39.61,39.67,32323910
2024-08-28,39.34,40.27,39.33,39.95,40700530
2024-08-29,40.05,40.34,39.53,40.17,34810840
2024-08-30,40.17,40.86,40.13,40.75,49098180
2024-09-03,40.58,40.90,40.23,40.70,48489320
2024-09-04,40.66,40.95,40.28,40.50,39629640
2024-09-05,40.80,40.94,40.01,40.14,34214540
2024-09-06,39.77,39.88,38.56,38.76,47007590
2024-09-09,39.25,39.70,39.10,39.47,37610210
2024-09-10,39.84,39.84,38.33,39.28,53983880
2024-09-11,38.99,39.03,38.01,39.00,41190040
2024-09-12,39.05,39.33,38.53,38.78,39948810
2024-09-13,38.88,39.09,38.44,38.65,31887310
2024-09-16,38.81,39.21,38.79,39.10,26336360
2024-09-17,39.28,39.80,39.21,39.55,27769380
2024-09-18,39.62,40.12,39.41,39.62,42527830
2024-09-19,40.04,41.05,40.01,40.87,57977750
2024-09-20,40.62,40.73,40.24,40.27,70725040
2024-09-23,40.21,40.44,39.75,39.87,31714850
2024-09-24,39.85,39.98,39.25,39.45,32534880
2024-09-25,39.25,39.41,38.94,39.25,28866010
2024-09-26,39.39,39.72,39.11,39.52,39601420
2024-09-27,39.65,39.90,39.35,39.40,27861080
2024-09-30,39.23,39.79,39.02,39.68,35058350
2024-10-01,39.51,39.56,38.94,39.22,26291190
2024-10-02,39.25,39.54,39.05,39.23,23302750
2024-10-03,38.98,39.27,38.73,39.25,26030230
2024-10-04,39.93,40.25,39.62,40.11,34255930
2024-10-07,40.21,40.44,39.71,39.96,27177530
2024-10-08,40.05,40.15,39.80,39.93,26023650
2024-10-09,39.87,40.38,39.72,40.19,27421000
2024-10-10,40.01,40.13,39.77,39.97,26182260
2024-10-11,40.50,42.17,40.40,41.95,50660740
2024-10-14,41.96,42.18,41.72,41.91,28098950
2024-10-15,43.23,43.36,42.05,42.14,61489990
2024-10-16,42.21,43.10,42.15,42.80,42437820
2024-10-17,42.83,43.00,42.47,42.60,31708560
2024-10-18,42.43,42.65,42.11,42.32,30593530
2024-10-21,42.25,42.41,41.74,41.76,26589500
2024-10-22,41.65,42.41,41.57,42.30,37104410
2024-10-23,42.20,42.47,42.02,42.34,28569350
2024-10-24,42.32,42.66,41.97,42.65,28392010
2024-10-25,42.92,42.98,41.78,41.89,27466910
2024-10-28,42.07,42.74,42.01,42.62,24527600
2024-10-29,42.59,42.81,42.47,42.53,22313520
2024-10-30,41.71,42.90,41.64,42.31,38100540
2024-10-31,42.29,42.55,41.80,41.82,28138240
2024-11-01,42.15,42.43,41.75,41.76,31220000
2024-11-04,41.61,42.02,41.11,41.33,31110090
2024-11-05,41.51,42.01,41.38,41.88,30851410
2024-11-06,44.80,45.55,44.00,45.41,110086700
2024-11-07,45.04,45.23,44.51,44.77,48339730
2024-11-08,45.14,45.50,44.95,45.13,38331810
2024-11-11,45.60,46.52,45.58,46.08,43293530
2024-11-12,46.14,46.45,45.84,45.86,38155890
2024-11-13,46.20,46.48,45.83,45.87,36903860
2024-11-14,45.95,46.16,45.73,45.90,35733070
2024-11-15,45.62,46.84,45.62,46.75,40488860
2024-11-18,46.75,47.02,46.48,46.72,32371770
2024-11-19,45.99,46.62,45.95,46.41,28534100
2024-11-20,46.57,46.64,45.92,46.06,28021050
2024-11-21,46.39,47.05,46.30,46.46,45336460
2024-11-22,46.37,47.22,46.28,47.00,37996160
2024-11-25,47.26,47.74,47.16,47.50,42718560
2024-11-26,47.51,47.84,47.21,47.75,30301530
2024-11-27,47.82,47.98,47.65,47.77,23278390
2024-11-29,47.80,48.08,47.50,47.51,23262010
2024-12-02,47.74,47.82,46.85,47.04,35891500
2024-12-03,47.37,47.48,46.65,46.82,38123770
2024-12-04,46.69,46.78,46.13,46.37,24941280
2024-12-05,46.56,47.24,46.50,47.00,31572100
2024-12-06,47.06,47.06,46.40,46.75,28931690
2024-12-09,46.56,46.74,45.90,45.91,34660940
2024-12-10,45.91,46.29,45.59,45.75,35665760
2024-12-11,46.00,46.16,45.47,46.08,36790460
2024-12-12,46.14,46.47,45.92,46.08,24017310
2024-12-13,46.09,46.10,45.38,45.67,32902260
2024-12-16,45.59,45.68,45.16,45.47,27330400
2024-12-17,45.19,45.19,44.62,45.05,33054650
2024-12-18,45.14,45.43,43.35,43.50,41771890
2024-12-19,43.97,44.48,43.31,43.38,38583590
2024-12-20,43.20,44.40,43.10,44.17,74222240
2024-12-23,43.90,44.11,42.78,43.89,35374790
2024-12-24,43.93,44.41,43.93,44.38,12054350
2024-12-26,44.21,44.58,44.10,44.55,16079710
2024-12-27,44.24,44.78,44.06,44.34,17972490
2024-12-30,43.89,44.14,43.55,43.91,16109770
2024-12-31,44.04,44.23,43.70,43.95,16110350
2025-01-02,44.14,44.59,43.80,44.29,25610580
2025-01-03,44.75,44.85,44.15,44.81,23455710
2025-01-06,45.16,46.15,45.10,45.40,30518460
2025-01-07,46.28,46.65,45.65,46.08,41111200
2025-01-08,45.90,46.26,45.69,46.21,40246010
2025-01-10,46.00,46.05,44.73,45.11,40741350
2025-01-13,45.10,45.34,44.69,45.06,34353620
2025-01-14,45.60,45.92,45.23,45.78,36379010
2025-01-15,47.12,47.46,46.84,47.10,57154810
2025-01-16,47.00,47.51,45.82,46.64,56339290
2025-01-17,46.61,46.88,46.08,46.53,44486090
2025-01-21,46.62,47.15,46.54,46.66,52089090
2025-01-22,46.60,46.73,45.76,45.79,40296220
2025-01-23,46.05,46.89,46.05,46.39,35324070
2025-01-24,46.23,46.86,46.15,46.52,24655100
2025-01-27,46.55,47.14,46.38,47.09,44260050
2025-01-28,47.08,47.44,46.71,46.84,27156640
2025-01-29,46.75,47.39,46.64,46.75,23681530
2025-01-30,47.11,47.16,46.40,46.72,31199870
2025-01-31,46.70,46.83,46.16,46.30,30392920
2025-02-03,45.42,46.48,45.11,46.21,36497710
2025-02-04,46.35,47.13,46.27,46.71,32893990
2025-02-05,46.98,47.13,46.64,47.11,27696610
2025-02-06,47.44,47.98,47.17,47.74,39793390
2025-02-07,47.84,47.97,47.38,47.40,26504700
2025-02-10,47.48,47.55,46.40,46.67,26725210
2025-02-11,46.55,46.93,46.27,46.79,20314880
2025-02-12,46.57,46.58,45.94,46.21,29777070
2025-02-13,46.52,46.57,45.97,46.33,26815400
2025-02-14,46.48,47.09,46.48,46.96,25960500
2025-02-18,46.56,46.65,46.16,46.53,37824100
2025-02-19,45.88,46.05,45.42,46.01,38967820
2025-02-20,45.90,46.19,45.04,45.30,40001090
2025-02-21,45.25,45.51,44.53,44.81,43485870
2025-02-24,45.03,45.39,44.44,44.46,35512200
2025-02-25,44.53,44.84,43.35,43.94,38119010
2025-02-26,44.04,44.55,43.86,43.94,32251700
2025-02-27,44.09,44.78,43.94,44.12,28477730
2025-02-28,44.32,46.20,44.20,46.10,62621150
2025-03-03,46.21,46.96,45.22,45.56,46946020
2025-03-04,44.73,44.84,42.03,42.67,78278120
2025-03-05,42.65,42.73,41.70,42.29,52588900
2025-03-06,41.59,41.89,40.96,41.46,58103510
2025-03-07,41.31,41.73,40.61,41.40,50651430
2025-03-10,40.40,40.62,39.18,39.83,77498440
2025-03-11,39.70,40.66,39.27,39.61,50608380
2025-03-12,40.31,40.50,39.20,39.91,42290670
2025-03-13,39.97,40.19,39.33,39.67,37766080
2025-03-14,40.26,41.02,40.17,40.89,35979930
2025-03-17,40.92,41.77,40.59,41.44,37242800
2025-03-18,41.72,41.83,41.29,41.65,37644470
2025-03-19,41.72,42.70,41.30,42.21,42471120
2025-03-20,41.76,42.72,41.65,42.48,41018130
2025-03-21,42.16,42.66,41.89,42.47,65010970
2025-03-24,42.93,43.15,42.75,43.07,30646140
2025-03-25,43.35,43.53,43.04,43.28,25445350
2025-03-26,43.46,43.72,42.73,42.82,30064470
2025-03-27,42.82,43.09,42.52,42.56,25619240
2025-03-28,42.44,42.62,40.98,41.25,34252980
2025-03-31,40.78,41.90,40.60,41.73,36389950
2025-04-01,41.32,41.70,40.97,41.49,25578540
2025-04-02,40.88,41.97,40.81,41.85,28216130
2025-04-03,38.63,38.84,37.02,37.22,115497900
2025-04-04,35.29,35.79,33.67,34.39,107761200
2025-04-07,34.97,36.63,33.54,35.58,137329100
2025-04-08,36.86,37.33,34.33,35.03,79116310
2025-04-09,34.05,37.85,33.06,37.15,161173500
2025-04-10,36.32,36.40,34.63,35.85,90451850
2025-04-11,35.20,36.23,34.81,35.95,63671940
2025-04-14,36.49,36.99,36.27,36.67,46830590
2025-04-15,37.80,38.75,37.80,37.99,84677800
2025-04-16,37.86,38.16,36.97,37.33,52872670
2025-04-17,37.51,37.87,37.24,37.41,47144450
2025-04-21,37.07,37.28,36.49,36.92,34928350
2025-04-22,37.57,38.49,37.40,38.32,42288920
2025-04-23,39.41,40.13,38.67,38.75,54428410
2025-04-24,38.66,39.70,38.59,39.58,42457110
2025-04-25,39.54,39.79,39.31,39.69,32694150
2025-04-28,39.80,40.08,39.46,39.78,37428010
2025-04-29,39.63,40.14,39.48,39.99,33792540
2025-04-30,39.36,40.00,38.81,39.88,40994600
2025-05-01,39.82,40.44,39.58,40.17,33569140
2025-05-02,40.91,41.23,40.70,41.07,41613020
2025-05-05,40.85,41.49,40.62,41.12,32829240
2025-05-06,40.65,41.27,40.55,40.84,29541840
2025-05-07,41.04,41.34,40.86,40.93,30928610
2025-05-08,41.28,42.15,41.25,41.60,41861750
2025-05-09,41.73,41.98,41.69,41.79,27222760
2025-05-12,43.32,43.95,42.94,43.36,44875060
2025-05-13,43.42,44.48,43.42,44.28,43232540
2025-05-14,44.19,44.92,44.13,44.74,42419550
2025-05-15,44.60,44.98,44.01,44.38,47379370
2025-05-16,44.34,44.79,43.66,44.69,49488140
2025-05-19,44.11,45.14,44.11,44.77,37915720
2025-05-20,44.59,44.91,44.41,44.69,33424250
2025-05-21,44.37,44.49,43.15,43.25,55594060
2025-05-22,43.17,43.57,42.96,43.31,29026190
2025-05-23,42.48,43.43,42.35,43.20,34875060
2025-05-27,43.79,44.22,43.30,44.22,36322010
2025-05-28,44.21,44.44,43.96,44.06,35673750
2025-05-29,44.37,44.46,43.90,44.24,28553010
2025-05-30,44.19,44.30,43.72,44.13,66537470
2025-06-02,43.88,44.15,43.36,44.08,28582600
2025-06-03,44.01,44.73,43.94,44.65,31320150
2025-06-04,44.60,45.09,44.34,44.36,30591710
2025-06-05,44.45,44.58,44.01,44.38,32036160
2025-06-06,44.69,45.16,44.64,44.97,37013000
2025-06-09,45.11,45.40,44.78,44.87,32414030
2025-06-10,44.80,45.20,44.75,45.09,32229080
2025-06-11,45.20,45.41,44.55,44.73,47873460
2025-06-12,44.40,44.65,44.02,44.62,30165420
2025-06-13,43.99,44.46,43.66,44.09,43281740
2025-06-16,44.64,44.89,44.35,44.41,34103650
2025-06-17,44.27,44.67,44.06,44.23,27489630
2025-06-18,44.26,45.20,44.21,45.06,37684730
2025-06-20,45.30,45.65,45.27,45.50,64591570
2025-06-23,45.40,46.37,45.10,46.30,42683620
2025-06-24,46.75,47.19,46.56,46.66,45437590
2025-06-25,46.58,46.98,46.46,46.85,33532390
2025-06-26,46.95,47.58,46.90,47.46,40127020
2025-06-27,47.45,47.67,46.91,47.12,56705020
2025-06-30,47.62,47.62,47.03,47.32,47921180
2025-07-01,47.02,48.42,46.94,48.15,48540880
2025-07-02,48.36,48.73,48.06,48.71,48003610
2025-07-03,48.95,49.30,48.81,48.93,21620280
2025-07-07,48.73,49.21,48.37,48.66,35567880
2025-07-08,47.50,47.79,46.76,47.15,88086500
2025-07-09,47.16,47.45,46.71,46.84,46227860
2025-07-10,46.90,47.22,46.78,46.97,44224990
2025-07-11,46.64,46.81,46.25,46.73,31653010
2025-07-14,46.81,47.07,46.55,47.07,36381170
2025-07-15,46.88,47.01,45.95,46.15,55144990
2025-07-16,46.25,46.56,45.01,46.03,61296630
2025-07-17,45.63,47.22,45.44,47.02,56480730
2025-07-18,47.01,47.38,46.90,47.32,48314190
2025-07-21,47.54,48.04,47.20,47.48,32199670
2025-07-22,47.60,48.17,47.46,47.77,34749380
2025-07-23,48.01,48.30,47.80,48.14,31380100
2025-07-24,48.49,49.00,48.21,48.39,42967620
2025-07-25,48.39,48.55,47.94,48.45,24461230
2025-07-28,48.45,48.54,48.08,48.23,20590380
2025-07-29,48.39,48.51,47.89,47.95,26216480
2025-07-30,48.26,48.50,47.74,47.96,32265850
2025-07-31,47.76,48.03,47.19,47.27,40016310
2025-08-01,46.36,46.41,45.32,45.66,52310440
2025-08-04,45.96,46.10,45.63,45.85,31038900
2025-08-05,45.95,46.00,44.75,45.56,36798320
2025-08-06,45.71,45.94,45.38,45.42,27916770
2025-08-07,45.71,45.76,44.78,44.92,30609880
2025-08-08,45.15,46.30,44.98,46.01,37131560
2025-08-11,46.05,46.52,45.81,46.16,35559380
2025-08-12,46.48,47.66,46.36,47.50,35484470
2025-08-13,47.68,47.76,46.99,47.24,29465060
2025-08-14,47.09,47.73,46.89,47.71,21073790
2025-08-15,47.75,47.82,46.90,46.94,26276900
2025-08-18,46.92,48.04,46.79,47.92,43125120
2025-08-19,47.82,48.12,47.63,48.08,33783440
2025-08-20,48.16,48.50,47.87,48.35,30822220
2025-08-21,48.27,48.49,47.81,48.26,28713160
2025-08-22,48.52,49.66,48.46,49.48,45078910
2025-08-25,49.39,49.66,49.21,49.48,34715750
2025-08-26,49.25,50.26,49.25,50.25,40609300
2025-08-27,50.03,50.63,49.99,50.38,42428190
2025-08-28,50.55,50.64,50.28,50.49,32949400
2025-08-29,50.51,50.92,50.51,50.74,32496470
2025-09-02,50.22,50.47,49.67,50.42,52719780
2025-09-03,50.40,50.57,49.70,50.06,38344190
2025-09-04,50.24,50.83,50.12,50.62,34796900
2025-09-05,50.44,50.79,49.23,49.77,40063320
2025-09-08,49.80,49.91,48.88,49.46,48033140
2025-09-09,49.50,50.56,49.46,50.29,40060150
2025-09-10,50.37,50.62,49.97,50.13,31706340
2025-09-11,50.14,50.96,49.99,50.75,28055190
2025-09-12,50.70,50.93,50.45,50.58,27851110
2025-09-15,50.85,51.09,50.46,50.59,29043570
2025-09-16,50.64,50.88,50.21,50.66,31624440
2025-09-17,50.86,51.62,50.79,51.40,38337890
2025-09-18,51.49,52.19,51.30,52.13,35246870
2025-09-19,52.15,52.66,51.76,52.25,98970670
2025-09-22,51.76,52.35,51.76,51.92,27467950
2025-09-23,52.00,52.88,51.52,51.70,28278180
2025-09-24,51.85,52.25,51.45,51.70,27010390
2025-09-25,51.48,52.33,51.44,51.85,22957930
2025-09-26,52.11,52.62,51.98,52.21,20025760
2025-09-29,52.36,52.55,52.11,52.42,23700990
2025-09-30,52.48,52.56,51.02,51.59,29944960
2025-10-01,51.30,51.67,50.55,50.68,27709130
2025-10-02,50.65,50.84,50.07,50.48,22757210
2025-10-03,50.62,51.13,50.55,50.64,24565720
2025-10-06,50.93,51.32,49.89,50.39,25386320
2025-10-07,50.55,50.91,50.12,50.29,24107320
2025-10-08,50.40,50.51,49.78,49.84,24014170
2025-10-09,50.00,50.27,49.66,49.79,21816910
2025-10-10,49.92,50.14,48.55,48.65,31831920
2025-10-13,49.20,49.40,48.81,48.86,34462800
2025-10-14,48.85,50.49,48.52,50.09,42462600
2025-10-15,51.57,52.85,51.23,52.28,69992190
2025-10-16,52.60,52.76,50.00,50.44,49027710
2025-10-17,50.95,51.77,50.33,51.28,48915380
2025-10-20,51.44,52.28,51.37,52.04,25785990
2025-10-21,52.09,52.37,51.44,51.52,27303430
2025-10-22,51.49,51.58,50.44,51.10,34954970
2025-10-23,51.48,51.80,51.11,51.76,26028810
2025-10-24,51.85,52.81,51.85,52.57,38923900
2025-10-27,52.80,53.06,52.53,53.02,27345800
2025-10-28,53.00,53.27,52.34,52.87,29575220
2025-10-29,52.66,53.01,52.32,52.58,29158770
2025-10-30,52.67,53.44,52.56,53.03,37548590
2025-10-31,52.79,53.64,52.77,53.45,39295720
2025-11-03,53.26,53.64,52.71,53.56,31252320
2025-11-04,53.02,53.99,52.72,53.54,47226580
2025-11-05,52.96,53.07,51.73,52.45,54353590
2025-11-06,53.42,53.75,52.77,53.29,55296040
2025-11-07,53.15,53.58,52.71,53.20,40537660
2025-11-10,53.41,53.99,53.34,53.42,26094580
2025-11-11,53.75,53.98,53.28,53.63,22244350
2025-11-12,53.89,54.69,53.77,54.11,40536700
2025-11-13,53.79,54.21,52.77,52.87,37716060
2025-11-14,52.86,52.90,52.03,52.61,32363060
2025-11-17,52.58,52.58,51.39,51.48,35546830
2025-11-18,51.28,52.18,51.15,51.64,35189540
2025-11-19,51.67,52.48,51.67,52.02,28112350
2025-11-20,52.50,52.95,50.97,51.00,36661610
2025-11-21,51.29,51.78,50.70,51.56,43867160
2025-11-24,51.65,52.24,51.40,51.93,52852080
2025-11-25,52.25,52.88,51.86,52.48,41310130
2025-11-26,52.70,53.25,52.55,52.99,32045590
2025-11-28,53.11,53.94,53.05,53.65,18920780
2025-12-01,53.50,53.90,53.21,53.24,30536530
2025-12-02,53.53,53.64,52.97,53.19,46073510
2025-12-03,53.25,54.24,53.18,54.09,37134400
2025-12-04,54.21,54.69,54.00,54.16,38529590
2025-12-05,53.93,54.83,53.74,53.95,33986520
2025-12-08,53.90,54.21,53.48,53.90,34386640
2025-12-09,53.97,54.28,53.27,53.54,47189320
2025-12-10,53.59,54.55,53.34,54.08,54424440
2025-12-11,53.95,54.65,53.75,54.56,35686920
2025-12-12,54.78,55.30,54.35,55.14,40539410
2025-12-15,55.41,56.07,55.06,55.33,32881250
2025-12-16,55.14,55.35,54.69,54.81,32931920
2025-12-17,55.12,55.57,54.46,54.55,35304080
2025-12-18,54.80,55.15,53.77,54.26,87452700
2025-12-19,54.52,55.31,54.38,55.27,73001930
2025-12-22,55.37,56.11,55.34,55.88,33408770
2025-12-23,55.81,56.22,55.81,55.97,22274610
2025-12-24,56.13,56.50,55.89,56.25,13634410
2025-12-26,56.28,56.55,56.02,56.17,15259440
2025-12-29,56.10,56.24,55.27,55.35,21040100
2025-12-30,55.49,55.64,55.17,55.28,17427630
2025-12-31,55.32,55.42,54.93,55.00,16293030
2026-01-02,55.03,55.99,54.88,55.95,25503560
2026-01-05,56.17,57.55,56.14,56.89,36096600
2026-01-06,57.01,57.41,56.75,57.25,31791920
2026-01-07,56.69,56.80,55.44,55.64,49695550
2026-01-08,55.48,56.58,55.47,56.18,30933670
2026-01-09,56.17,56.61,55.79,55.85,30768760
2026-01-12,55.29,55.45,54.73,55.19,45860560
2026-01-13,55.27,55.52,54.30,54.54,43542230
2026-01-14,52.88,53.48,51.66,52.48,84750040
2026-01-15,52.72,53.04,52.23,52.59,51018270
2026-01-16,52.69,53.38,52.24,52.97,52178430
2026-01-20,52.31,53.48,51.96,52.10,49172650
2026-01-21,52.23,52.86,52.05,52.07,36339970
2026-01-22,52.47,53.13,52.33,52.45,31229210
2026-01-23,52.11,52.20,51.38,51.72,34553500
2026-01-26,51.80,52.27,51.67,52.02,27728400
2026-01-27,52.21,52.25,51.81,52.17,26494300
2026-01-28,51.95,52.14,51.31,51.81,35030160
2026-01-29,51.98,53.09,51.95,53.08,35200460
2026-01-30,52.87,53.41,52.77,53.20,34549130
2026-02-02,53.20,54.09,52.95,54.03,34624460
2026-02-03,54.20,55.12,53.67,54.45,41208440
2026-02-04,54.78,56.04,54.71,55.38,54522540
2026-02-05,55.02,55.29,54.25,54.94,32959670
2026-02-06,55.55,56.87,55.29,56.53,42467990
2026-02-09,56.39,56.72,56.18,56.41,31968380
2026-02-10,56.44,56.83,54.27,55.39,48304750
2026-02-11,55.97,56.11,53.24,53.85,48973510
2026-02-12,53.91,53.94,51.78,52.52,55481600
2026-02-13,51.91,52.82,51.44,52.55,31772100
2026-02-17,53.04,53.55,52.62,52.74,35542360
2026-02-18,52.99,53.61,52.79,53.36,30698900
2026-02-19,51.91,52.81,51.83,52.77,47148590
2026-02-20,52.53,53.09,51.83,53.06,33552010
2026-02-23,52.84,53.26,50.89,51.07,50602480
2026-02-24,50.74,50.88,49.47,50.41,53062700
2026-02-25,50.33,51.77,50.31,51.69,41375020
2026-02-26,51.88,52.67,51.74,52.30,52418500
2026-02-27,51.08,51.41,49.32,49.83,77728700
2026-03-02,48.78,50.42,48.58,49.81,40595190
2026-03-03,48.76,50.51,48.50,49.97,51242940
2026-03-04,49.89,50.41,49.21,50.30,34208500
2026-03-05,49.82,50.43,49.33,49.81,39073940
2026-03-06,48.55,48.70,47.62,48.64,47015990
2026-03-09,47.94,48.15,46.77,47.90,62752800
2026-03-10,48.28,49.15,47.59,48.56,50271140
2026-03-11,48.36,48.65,47.78,48.52,42185810
2026-03-12,47.70,47.78,46.79,47.13,58354530
2026-03-13,47.52,47.82,46.66,46.72,45473070
2026-03-16,47.12,47.68,46.90,47.06,38055610
2026-03-17,47.66,48.08,47.20,47.28,33427820
2026-03-18,47.22,47.88,46.69,46.83,40251810
2026-03-19,46.42,47.19,46.12,47.01,38601380
2026-03-20,47.13,47.46,46.69,47.16,78060880
2026-03-23,48.34,48.39,47.48,47.52,42333240
2026-03-24,47.05,48.46,47.02,48.14,39804100
2026-03-25,48.52,49.11,48.18,48.75,29988290
2026-03-26,48.71,48.87,48.02,48.24,32502600
2026-03-27,48.07,48.25,46.84,46.97,36781860
2026-03-30,47.55,47.85,46.93,47.23,43375850
2026-03-31,47.68,48.77,47.37,48.75,49060590
2026-04-01,49.70,50.05,48.77,49.27,32947020
2026-04-02,48.75,49.56,48.16,49.38,27548240
2026-04-06,49.43,50.12,49.25,50.06,28507200
2026-04-07,49.80,50.48,49.62,50.28,28473180
2026-04-08,51.94,52.26,51.37,51.88,36473550
2026-04-09,51.62,52.84,51.62,52.71,32007990
2026-04-10,52.80,52.83,52.20,52.54,25225330
2026-04-13,52.18,53.44,51.85,53.35,27835290
2026-04-14,53.10,53.57,52.80,53.35,40178470
2026-04-15,54.25,55.40,53.70,54.32,63838210
2026-04-16,54.04,54.51,53.47,53.51,35206730
2026-04-17,54.16,54.60,53.75,53.91,43484720
2026-04-20,53.50,53.95,53.17,53.95,43999190
2026-04-21,54.00,54.65,53.21,53.48,34266260
2026-04-22,53.67,53.80,53.00,53.12,24097640
2026-04-23,53.06,53.52,52.24,52.47,31956280
2026-04-24,52.32,52.51,51.93,52.05,30265400
2026-04-27,51.99,52.93,51.83,52.63,28043720
2026-04-28,53.02,53.43,52.62,52.66,21164120
2026-04-29,52.43,53.02,51.83,52.88,26250670
2026-04-30,52.61,53.66,52.15,53.46,27089210
2026-05-01,53.69,54.06,53.09,53.24,24824950
2026-05-04,53.07,53.07,52.00,52.19,42928960
2026-05-05,52.57,53.35,52.28,53.12,28458640
2026-05-06,53.82,54.20,53.47,53.60,27541190
2026-05-07,53.55,54.00,52.50,52.75,28682050
2026-05-08,52.98,53.01,51.09,51.31,36111180
2026-05-11,51.21,51.39,50.27,50.55,33132240
2026-05-12,50.86,51.08,49.84,50.78,33518840
2026-05-13,50.36,50.78,49.80,49.84,29838010
2026-05-14,50.06,50.47,49.49,49.85,37671760
2026-05-15,49.62,49.99,49.30,49.77,46282290
2026-05-18,49.72,50.92,49.72,50.69,33404080
2026-05-19,50.73,51.27,50.38,50.70,44154640
2026-05-20,50.99,51.58,50.49,51.23,47739420
2026-05-21,51.00,51.50,50.76,51.49,27461930
2026-05-22,51.69,52.15,51.65,51.80,26683680
2026-05-26,52.22,52.50,51.88,52.20,27397610
2026-05-27,52.39,52.49,50.76,51.10,48581470
2026-05-28,50.92,51.50,50.64,50.77,48550110
2026-05-29,50.97,51.80,50.60,51.60,57930560
2026-06-01,51.31,51.83,50.85,51.51,34303710
2026-06-02,51.26,52.71,51.26,52.48,42126490
2026-06-03,52.26,52.55,51.22,52.40,48065360
2026-06-04,53.13,54.33,52.80,54.17,51883550
2026-06-05,54.17,54.28,53.32,53.83,38829440
2026-06-08,53.72,54.35,53.57,53.63,30332130
2026-06-09,54.00,54.62,53.65,54.42,32328970
2026-06-10,54.54,55.30,54.22,54.54,37025460
2026-06-11,54.72,55.30,54.06,55.16,31746350
2026-06-12,55.36,56.19,55.26,56.02,32989020
2026-06-15,56.62,57.00,55.74,55.87,31666490
2026-06-16,56.50,57.07,56.23,56.84,33409760
2026-06-17,57.14,57.98,56.30,56.53,40439270
2026-06-18,57.23,57.33,56.03,56.20,70438840
2026-06-22,56.85,57.73,56.81,57.37,38653830
2026-06-23,57.52,58.01,57.20,57.91,30045720
2026-06-24,58.21,58.33,57.38,57.73,30324860
2026-06-25,57.85,59.20,57.85,58.19,33759460
2026-06-26,58.54,58.63,57.44,57.88,48757640
2026-06-29,57.76,58.34,57.61,57.88,28920850
2026-06-30,57.47,57.75,56.84,56.98,41324610
2026-07-01,57.13,58.48,56.84,58.36,35288360
2026-07-02,58.94,59.00,57.94,58.73,29330900
2026-07-06,59.14,59.94,58.92,59.90,34645420
2026-07-07,60.28,60.83,59.78,59.86,29306140
2026-07-08,59.37,59.56,58.30,58.30,29802440
2026-07-09,58.45,59.43,58.41,59.25,29203370
2026-07-10,59.64,59.87,59.39,59.67,21916580
2026-07-13,59.70,60.05,58.84,59.50,27837790
2026-07-14,59.00,61.21,58.67,60.62,49432690
2026-07-15,61.32,62.03,61.11,61.59,43361010
2026-07-16,61.98,62.00,60.99,61.49,37351890
2026-07-17,61.25,62.12,60.66,61.27,45045230
2026-07-20,61.35,61.49,60.37,60.42,30741100
2026-07-21,60.90,61.53,60.06,61.22,31631580
2026-07-22,61.40,61.90,61.15,61.62,51484900
2026-07-23,61.35,61.50,60.70,61.28,29253250
2026-07-24,61.53,62.27,61.28,62.05,29035420
2026-07-27,62.52,62.98,61.84,62.13,36903340
2026-07-28,62.30,62.66,61.90,62.62,28737890
2026-07-29,62.51,62.65,60.91,61.07,37919010
2026-07-30,61.52,61.93,61.03,61.73,24848600
2026-07-31,61.54,62.24,61.54,61.95,27301150
2026-08-03,62.26,62.51,61.71,62.48,24013690
2026-08-04,62.47,63.54,62.35,62.90,28242110
2026-08-05,63.00,63.56,62.83,63.25,30265950
2026-08-06,63.91,63.97,62.73,63.00,24482910
2026-08-07,62.71,63.22,62.39,63.17,22620520
2026-08-10,63.16,64.00,63.00,63.86,25400370
2026-08-11,63.98,64.27,63.71,64.00,20738590
2026-08-12,64.12,64.95,63.84,64.81,27541550
2026-08-13,65.20,65.20,63.90,64.09,27306410
2026-08-14,64.04,64.55,63.81,64.49,21847930
2026-08-17,64.40,65.22,63.88,63.89,27349450
2026-08-18,64.00,64.39,63.57,64.23,28773970
2026-08-19,64.20,64.43,62.98,63.17,24082610
2026-08-20,63.06,63.24,61.81,61.86,34979450
2026-08-21,62.33,62.52,61.52,61.69,33434830
2026-08-24,61.74,62.76,61.52,62.33,27351370
2026-08-25,62.20,62.75,61.87,62.43,23391390
2026-08-26,62.39,62.58,61.94,62.23,22537070
2026-08-27,61.75,62.02,61.10,61.17,49432090
2026-08-28,61.38,62.56,61.36,62.32,33517990
2026-08-31,62.25,62.49,61.90,61.94,43470370
2026-09-01,61.97,62.83,61.72,61.99,25056390
2026-09-02,62.28,63.55,61.94,62.60,28435760
2026-09-03,62.81,63.27,62.32,63.04,29951600
2026-09-04,62.56,62.92,61.96,62.68,26589400
2026-09-08,62.49,62.82,62.11,62.39,28339830
2026-09-09,61.97,63.19,61.42,62.67,36025060
2026-09-10,62.65,63.01,62.22,62.56,29364840
2026-09-11,63.23,63.83,62.38,62.69,28877550
2026-09-14,62.34,62.44,58.92,59.47,64773950
2026-09-15,59.37,59.92,58.77,59.52,50859670
