date,open,high,low,close,volume
2016-09-15,8.90,9.01,8.87,8.99,4554998
2016-09-16,8.70,8.73,8.55,8.58,7202715
2016-09-19,8.75,8.76,8.53,8.58,5952803
2016-09-20,8.65,8.68,8.59,8.62,4215974
2016-09-21,8.91,8.96,8.81,8.92,6234105
2016-09-22,9.08,9.11,8.98,9.03,4634457
2016-09-23,8.85,8.90,8.76,8.83,4993135
2016-09-26,8.68,8.74,8.66,8.68,5614795
2016-09-27,8.56,8.71,8.53,8.66,4686802
2016-09-28,8.73,8.75,8.61,8.72,4129419
2016-09-29,8.74,8.76,8.34,8.39,9386194
2016-09-30,8.52,8.74,8.49,8.69,7598867
2016-10-03,8.55,8.63,8.50,8.61,4895093
2016-10-04,8.71,8.74,8.59,8.63,7353646
2016-10-05,8.71,8.84,8.65,8.80,3651355
2016-10-06,8.84,8.88,8.79,8.80,10184270
2016-10-07,8.53,8.65,8.47,8.58,9858075
2016-10-10,8.49,8.57,8.48,8.53,7029764
2016-10-11,8.51,8.53,8.37,8.41,6328082
2016-10-12,8.31,8.38,8.20,8.22,6044716
2016-10-13,8.13,8.20,8.02,8.16,6721869
2016-10-14,8.40,8.45,8.23,8.28,5182051
2016-10-17,8.28,8.30,8.18,8.23,3395074
2016-10-18,8.51,8.58,8.46,8.56,5153306
2016-10-19,8.71,8.78,8.68,8.71,4828457
2016-10-20,8.87,8.98,8.84,8.91,8578086
2016-10-21,8.87,8.95,8.86,8.92,4366639
2016-10-24,8.99,9.00,8.88,8.92,3050359
2016-10-25,8.91,8.96,8.86,8.90,3490977
2016-10-26,8.78,8.89,8.77,8.85,5505362
2016-10-27,9.25,9.35,9.20,9.27,12032450
2016-10-28,9.27,9.34,9.17,9.25,4986049
2016-10-31,9.23,9.28,9.16,9.22,3785361
2016-11-01,9.24,9.25,9.00,9.10,4426523
2016-11-02,9.04,9.06,8.87,8.91,3986492
2016-11-03,9.27,9.30,9.10,9.15,5028635
2016-11-04,9.02,9.11,8.94,8.96,6057072
2016-11-07,9.11,9.19,9.10,9.18,3198451
2016-11-08,9.09,9.25,9.03,9.20,4204406
2016-11-09,9.33,9.65,9.32,9.60,10603560
2016-11-10,10.11,10.20,9.95,10.11,12031820
2016-11-11,10.13,10.17,10.02,10.16,9478504
2016-11-14,10.38,10.57,10.38,10.55,7833212
2016-11-15,10.45,10.60,10.38,10.60,5629764
2016-11-16,10.41,10.45,10.34,10.38,4123421
2016-11-17,10.45,10.59,10.43,10.55,3639271
2016-11-18,10.39,10.47,10.36,10.42,3716173
2016-11-21,10.47,10.53,10.46,10.52,3271502
2016-11-22,10.53,10.56,10.48,10.53,2123502
2016-11-23,10.39,10.63,10.39,10.58,3900872
2016-11-25,10.65,10.68,10.62,10.66,1683849
2016-11-28,10.55,10.59,10.36,10.38,4133076
2016-11-29,10.65,10.70,10.59,10.61,4035420
2016-11-30,10.67,10.79,10.67,10.75,3285038
2016-12-01,10.89,11.00,10.84,10.91,6605233
2016-12-02,10.70,10.79,10.64,10.70,4621032
2016-12-05,10.85,11.02,10.85,10.97,5789321
2016-12-06,11.42,11.60,11.29,11.59,9947939
2016-12-07,11.68,11.91,11.67,11.90,8965780
2016-12-08,11.95,12.05,11.88,11.99,7398389
2016-12-09,11.63,11.76,11.56,11.74,4749960
2016-12-12,11.60,11.63,11.42,11.47,4214093
2016-12-13,11.58,11.66,11.53,11.62,6802292
2016-12-14,11.35,11.37,11.12,11.15,7581822
2016-12-15,11.35,11.42,11.31,11.36,4274232
2016-12-16,11.33,11.38,11.28,11.29,3093172
2016-12-19,11.03,11.05,10.96,11.02,4212850
2016-12-20,11.18,11.27,11.15,11.25,3179740
2016-12-21,11.24,11.30,11.22,11.27,2088848
2016-12-22,11.15,11.20,11.03,11.07,4277789
2016-12-23,11.01,11.06,10.95,11.04,1895487
2016-12-27,11.05,11.12,11.03,11.09,1631569
2016-12-28,10.95,11.00,10.89,10.89,2431726
2016-12-29,10.84,10.87,10.80,10.85,1970782
2016-12-30,11.00,11.06,10.94,11.00,2596879
2017-01-03,11.38,11.45,11.31,11.37,3930470
2017-01-04,11.44,11.60,11.40,11.60,2314108
2017-01-05,11.57,11.61,11.45,11.54,3163155
2017-01-06,11.55,11.58,11.50,11.54,2369017
2017-01-09,11.34,11.42,11.28,11.33,2850270
2017-01-10,11.42,11.54,11.39,11.46,2248139
2017-01-11,11.24,11.49,11.23,11.48,4059889
2017-01-12,11.45,11.49,11.33,11.39,3034387
2017-01-13,11.36,11.47,11.34,11.38,3308248
2017-01-17,11.60,11.61,11.34,11.34,6651459
2017-01-18,11.18,11.22,11.11,11.21,4011966
2017-01-19,11.28,11.30,11.15,11.22,2349800
2017-01-20,11.18,11.22,11.13,11.19,2395791
2017-01-23,11.12,11.26,11.11,11.25,1818035
2017-01-24,11.35,11.53,11.34,11.46,2539798
2017-01-25,11.64,11.71,11.61,11.71,3026207
2017-01-26,11.74,11.76,11.63,11.69,3603684
2017-01-27,11.59,11.60,11.50,11.52,1363701
2017-01-30,11.25,11.26,11.13,11.19,3556463
2017-01-31,11.12,11.14,11.00,11.07,3463969
2017-02-01,11.26,11.30,11.20,11.23,3018676
2017-02-02,11.13,11.17,11.06,11.12,4241685
2017-02-03,11.39,11.50,11.36,11.45,4168995
2017-02-06,11.43,11.45,11.27,11.30,3033118
2017-02-07,11.31,11.31,11.22,11.30,2804847
2017-02-08,11.18,11.29,11.07,11.27,2765879
2017-02-09,11.37,11.51,11.36,11.46,2426596
2017-02-10,11.40,11.46,11.33,11.41,2029878
2017-02-13,11.51,11.65,11.51,11.57,2401556
2017-02-14,11.59,11.76,11.59,11.75,4495287
2017-02-15,11.89,11.93,11.86,11.89,2612241
2017-02-16,11.94,11.96,11.83,11.89,4420770
2017-02-17,11.64,11.77,11.63,11.77,2085130
2017-02-21,11.66,11.79,11.65,11.73,2351084
2017-02-22,11.60,11.73,11.60,11.70,2255480
2017-02-23,11.31,11.51,11.22,11.48,6291109
2017-02-24,11.16,11.28,11.12,11.23,4355603
2017-02-27,11.14,11.21,11.11,11.19,2241245
2017-02-28,11.09,11.26,11.09,11.19,2447371
2017-03-01,11.20,11.38,11.20,11.35,3584637
2017-03-02,11.32,11.34,11.15,11.17,2626704
2017-03-03,11.20,11.37,11.19,11.33,3697495
2017-03-06,11.19,11.20,11.07,11.08,2348487
2017-03-07,11.06,11.12,11.01,11.04,2405650
2017-03-08,11.26,11.32,11.21,11.21,3662029
2017-03-09,11.29,11.31,11.20,11.24,1701280
2017-03-10,11.27,11.31,11.17,11.26,2924743
2017-03-13,11.25,11.30,11.20,11.21,1700086
2017-03-14,11.01,11.05,10.95,11.02,2517282
2017-03-15,11.10,11.15,11.03,11.07,3390685
2017-03-16,11.27,11.38,11.27,11.36,3111988
2017-03-17,11.50,11.52,11.30,11.37,3341637
2017-03-20,11.32,11.36,11.18,11.19,2211651
2017-03-21,11.56,11.56,11.27,11.29,9857807
2017-03-22,11.13,11.24,11.09,11.18,5808986
2017-03-23,11.17,11.27,11.13,11.23,4656298
2017-03-24,11.27,11.31,11.18,11.26,3330343
2017-03-27,11.13,11.32,11.12,11.32,2985048
2017-03-28,11.26,11.41,11.26,11.37,2742825
2017-03-29,11.24,11.30,11.16,11.27,2217081
2017-03-30,11.27,11.42,11.26,11.40,1899968
2017-03-31,11.26,11.31,11.23,11.24,1882435
2017-04-03,11.16,11.19,10.97,11.10,3098078
2017-04-04,10.89,10.90,10.77,10.86,4301812
2017-04-05,10.90,10.96,10.78,10.80,3536518
2017-04-06,10.74,10.82,10.71,10.76,2708026
2017-04-07,10.66,10.75,10.62,10.68,3874157
2017-04-10,10.71,10.76,10.67,10.71,2164105
2017-04-11,10.76,10.78,10.64,10.77,2631373
2017-04-12,10.69,10.74,10.64,10.68,2445927
2017-04-13,10.53,10.65,10.49,10.50,3293204
2017-04-17,10.54,10.71,10.48,10.69,2325465
2017-04-18,10.51,10.63,10.48,10.59,3502291
2017-04-19,10.68,10.73,10.55,10.57,2667634
2017-04-20,10.60,10.67,10.60,10.64,2538942
2017-04-21,10.62,10.69,10.52,10.56,2709234
2017-04-24,11.14,11.22,11.12,11.18,4353039
2017-04-25,11.36,11.42,11.34,11.35,3226994
2017-04-26,11.37,11.54,11.37,11.46,3496992
2017-04-27,11.52,11.56,11.49,11.51,6007062
2017-04-28,10.99,10.99,10.80,10.81,6374903
2017-05-01,10.86,11.01,10.85,10.95,2628787
2017-05-02,10.82,10.85,10.75,10.79,4074029
2017-05-03,10.77,10.83,10.70,10.80,2460119
2017-05-04,10.87,10.94,10.86,10.89,3012823
2017-05-05,10.74,10.75,10.63,10.70,7460912
2017-05-08,10.67,10.68,10.57,10.60,3532755
2017-05-09,10.63,10.69,10.61,10.65,5899608
2017-05-10,10.74,10.88,10.74,10.85,2924593
2017-05-11,10.64,10.67,10.58,10.60,2690751
2017-05-12,10.56,10.65,10.54,10.63,2857798
2017-05-15,10.69,10.88,10.68,10.84,1943312
2017-05-16,10.98,10.99,10.88,10.94,2244377
2017-05-17,10.92,10.95,10.63,10.68,4992323
2017-05-18,10.89,11.04,10.84,11.00,4142971
2017-05-19,10.99,11.18,10.98,11.14,4137803
2017-05-22,11.18,11.21,11.05,11.14,2891558
2017-05-23,11.15,11.22,11.08,11.18,2415932
2017-05-24,11.17,11.19,11.13,11.16,2395756
2017-05-25,11.04,11.07,10.99,11.01,2466441
2017-05-26,10.80,10.82,10.75,10.78,2153471
2017-05-30,10.72,10.78,10.66,10.66,1824611
2017-05-31,10.87,10.88,10.71,10.77,5312820
2017-06-01,10.78,10.89,10.75,10.86,2533566
2017-06-02,10.83,10.87,10.79,10.83,2254622
2017-06-05,10.81,10.92,10.80,10.86,2350120
2017-06-06,10.78,10.81,10.70,10.75,2162865
2017-06-07,10.79,10.82,10.71,10.78,2796998
2017-06-08,10.52,10.64,10.50,10.62,4369963
2017-06-09,10.42,10.59,10.41,10.58,6987536
2017-06-12,10.44,10.50,10.36,10.42,4636859
2017-06-13,10.57,10.58,10.48,10.55,3100906
2017-06-14,10.52,10.53,10.40,10.50,4596437
2017-06-15,10.30,10.41,10.29,10.36,3546141
2017-06-16,10.37,10.42,10.33,10.40,3124188
2017-06-19,10.55,10.60,10.51,10.53,2085487
2017-06-20,10.41,10.42,10.16,10.18,3102362
2017-06-21,10.18,10.21,10.08,10.10,2996087
2017-06-22,9.96,9.97,9.86,9.92,7778119
2017-06-23,9.99,10.10,9.95,10.04,3228277
2017-06-26,10.20,10.26,10.15,10.18,2389562
2017-06-27,10.33,10.38,10.29,10.38,2893109
2017-06-28,10.43,10.56,10.43,10.53,2992930
2017-06-29,10.82,10.85,10.59,10.64,5151649
2017-06-30,10.63,10.63,10.48,10.59,2707974
2017-07-03,10.65,10.74,10.63,10.70,2553301
2017-07-05,10.62,10.66,10.52,10.65,3824616
2017-07-06,10.74,10.90,10.73,10.79,4076859
2017-07-07,10.74,10.77,10.67,10.75,2714403
2017-07-10,10.68,10.77,10.66,10.72,2384456
2017-07-11,10.67,10.68,10.55,10.64,2861665
2017-07-12,10.75,10.79,10.69,10.77,2861337
2017-07-13,10.98,10.98,10.91,10.96,2836169
2017-07-14,10.82,10.97,10.79,10.94,2056370
2017-07-17,10.86,10.95,10.85,10.90,1408717
2017-07-18,10.73,10.76,10.65,10.75,2530358
2017-07-19,10.72,10.77,10.72,10.73,1677674
2017-07-20,10.78,10.85,10.76,10.81,2038379
2017-07-21,10.67,10.68,10.59,10.65,2190010
2017-07-24,10.70,10.77,10.67,10.76,2013637
2017-07-25,10.95,11.01,10.89,10.91,2244791
2017-07-26,11.04,11.08,10.97,11.04,3589409
2017-07-27,10.98,11.05,10.82,10.87,3672405
2017-07-28,10.79,10.84,10.70,10.82,2606835
2017-07-31,10.67,10.74,10.57,10.73,2883241
2017-08-01,10.95,10.98,10.88,10.94,2705139
2017-08-02,10.92,10.98,10.90,10.96,1561602
2017-08-03,10.89,10.95,10.85,10.92,2346904
2017-08-04,10.96,10.99,10.88,10.90,2271988
2017-08-07,10.90,10.93,10.88,10.91,1197302
2017-08-08,10.88,10.90,10.81,10.82,1852995
2017-08-09,10.68,10.78,10.66,10.78,2097632
2017-08-10,10.68,10.70,10.52,10.52,2767026
2017-08-11,10.41,10.46,10.30,10.34,2671091
2017-08-14,10.34,10.43,10.31,10.33,2448964
2017-08-15,10.36,10.37,10.27,10.28,1942214
2017-08-16,10.33,10.35,10.27,10.29,1641425
2017-08-17,10.20,10.24,10.01,10.02,2855820
2017-08-18,10.01,10.10,9.97,10.05,1945035
2017-08-21,9.94,9.97,9.91,9.94,1642574
2017-08-22,9.90,9.95,9.88,9.93,1683733
2017-08-23,9.88,9.90,9.84,9.88,1605347
2017-08-24,9.98,10.01,9.92,9.96,1625238
2017-08-25,9.98,10.03,9.97,10.00,1552417
2017-08-28,10.05,10.06,9.91,9.94,1218073
2017-08-29,9.84,9.89,9.83,9.86,1172122
2017-08-30,9.89,9.90,9.83,9.83,1046560
2017-08-31,9.86,9.90,9.80,9.87,2316902
2017-09-01,9.89,9.97,9.88,9.94,1017091
2017-09-05,9.82,9.83,9.65,9.71,7307961
2017-09-06,9.70,9.74,9.65,9.69,2670372
2017-09-07,9.72,9.74,9.57,9.62,3209824
2017-09-08,9.90,9.92,9.83,9.83,2380068
2017-09-11,9.69,9.85,9.69,9.82,3517879
2017-09-12,10.11,10.19,10.10,10.13,4161068
2017-09-13,10.17,10.21,10.08,10.10,2298309
2017-09-14,10.17,10.20,10.04,10.09,2857005
2017-09-15,10.11,10.17,10.09,10.13,3071012
2017-09-18,10.13,10.15,10.08,10.13,1612617
2017-09-19,10.13,10.18,10.12,10.17,1818535
2017-09-20,10.04,10.15,10.01,10.09,2249727
2017-09-21,10.28,10.35,10.23,10.33,1889675
2017-09-22,10.27,10.38,10.25,10.36,1803524
2017-09-25,10.24,10.30,10.13,10.19,2936679
2017-09-26,10.13,10.17,10.07,10.15,1714519
2017-09-27,10.26,10.28,10.18,10.23,2279862
2017-09-28,10.34,10.36,10.29,10.34,2482783
2017-09-29,10.30,10.39,10.29,10.35,2105552
2017-10-02,10.17,10.27,10.16,10.24,2043484
2017-10-03,10.23,10.29,10.22,10.27,1319165
2017-10-04,10.25,10.27,10.18,10.18,1811520
2017-10-05,9.99,10.06,9.96,10.03,3229322
2017-10-06,9.95,10.01,9.93,9.98,2718351
2017-10-09,9.95,9.97,9.88,9.92,1468660
2017-10-10,10.02,10.12,10.01,10.11,1433198
2017-10-11,10.08,10.10,10.03,10.09,1395681
2017-10-12,10.15,10.22,10.13,10.15,2419542
2017-10-13,10.14,10.20,10.10,10.15,2044865
2017-10-16,10.05,10.07,9.98,10.03,1845638
2017-10-17,10.10,10.13,10.07,10.07,1824944
2017-10-18,10.08,10.17,10.07,10.15,1304004
2017-10-19,10.08,10.17,10.08,10.14,1897688
2017-10-20,10.28,10.35,10.26,10.31,2281798
2017-10-23,10.29,10.31,10.25,10.27,1804989
2017-10-24,10.33,10.41,10.32,10.37,2196719
2017-10-25,10.43,10.48,10.37,10.44,2407589
2017-10-26,9.83,9.84,9.43,9.45,13345450
2017-10-27,9.60,9.66,9.57,9.62,5522921
2017-10-30,9.66,9.69,9.63,9.66,3782541
2017-10-31,9.75,9.87,9.75,9.84,2771619
2017-11-01,9.76,9.81,9.69,9.69,2535451
2017-11-02,9.68,9.73,9.61,9.71,3213878
2017-11-03,9.60,9.60,9.55,9.57,1937231
2017-11-06,9.56,9.60,9.53,9.59,1444128
2017-11-07,9.61,9.61,9.47,9.48,2938715
2017-11-08,9.41,9.46,9.38,9.44,2161051
2017-11-09,9.38,9.44,9.35,9.44,2080386
2017-11-10,9.45,9.50,9.43,9.44,2865903
2017-11-13,9.31,9.40,9.29,9.36,3275196
2017-11-14,9.48,9.51,9.43,9.51,2640745
2017-11-15,9.47,9.60,9.45,9.58,2724866
2017-11-16,9.76,9.77,9.70,9.71,3413523
2017-11-17,9.70,9.77,9.66,9.76,2294567
2017-11-20,9.97,9.98,9.94,9.97,4058785
2017-11-21,10.03,10.03,9.96,10.00,3041391
2017-11-22,10.04,10.06,10.00,10.04,2327817
2017-11-24,10.09,10.10,10.06,10.08,1303822
2017-11-27,9.96,10.01,9.94,9.96,2413859
2017-11-28,9.84,10.04,9.83,10.04,3435642
2017-11-29,10.32,10.41,10.26,10.35,5809627
2017-11-30,10.44,10.48,10.32,10.35,4477245
2017-12-01,10.28,10.34,10.16,10.26,5453858
2017-12-04,10.49,10.53,10.37,10.38,4249609
2017-12-05,10.26,10.32,10.19,10.21,2217202
2017-12-06,10.15,10.22,10.12,10.14,2000280
2017-12-07,10.22,10.31,10.20,10.28,2394433
2017-12-08,10.52,10.54,10.46,10.51,2897389
2017-12-11,10.57,10.62,10.54,10.57,2528671
2017-12-12,10.62,10.70,10.60,10.65,2716843
2017-12-13,10.81,10.88,10.76,10.77,4799409
2017-12-14,10.89,10.91,10.81,10.82,2818747
2017-12-15,10.65,10.75,10.62,10.69,3002093
2017-12-18,10.89,10.93,10.82,10.85,5449264
2017-12-19,10.90,10.91,10.83,10.85,2602514
2017-12-20,10.92,10.93,10.81,10.84,2473242
2017-12-21,10.86,10.94,10.85,10.91,2000164
2017-12-22,10.84,10.87,10.80,10.85,1519759
2017-12-26,10.84,10.90,10.76,10.81,1259667
2017-12-27,10.84,10.86,10.79,10.82,1504723
2017-12-28,10.89,10.93,10.87,10.93,1380784
2017-12-29,10.95,10.97,10.87,10.90,1609393
2018-01-02,10.98,11.04,10.94,11.03,2479483
2018-01-03,10.96,11.01,10.93,10.99,2092922
2018-01-04,11.03,11.09,11.03,11.05,2435074
2018-01-05,10.97,10.97,10.75,10.77,3402861
2018-01-08,10.81,10.87,10.78,10.84,2317961
2018-01-09,10.86,10.94,10.86,10.91,1761292
2018-01-10,10.92,10.96,10.85,10.86,3132632
2018-01-11,10.60,10.71,10.53,10.68,5898562
2018-01-12,10.65,10.75,10.62,10.75,2869866
2018-01-16,10.95,11.02,10.90,10.96,3476425
2018-01-17,10.96,11.09,10.89,11.05,2048079
2018-01-18,11.01,11.10,10.99,11.07,1750043
2018-01-19,11.08,11.16,11.04,11.14,2155365
2018-01-22,11.61,11.75,11.57,11.74,5467585
2018-01-23,11.71,11.74,11.66,11.74,3499808
2018-01-24,11.90,11.97,11.79,11.86,3428482
2018-01-25,12.02,12.02,11.82,11.86,3514723
2018-01-26,11.93,11.96,11.86,11.91,2246951
2018-01-29,11.70,11.75,11.64,11.69,2293191
2018-01-30,11.38,11.43,11.31,11.39,2773242
2018-01-31,11.33,11.45,11.32,11.37,2859004
2018-02-01,11.26,11.36,11.22,11.36,3299422
2018-02-02,11.18,11.19,10.95,10.97,2660609
2018-02-05,10.88,10.96,10.43,10.52,5391768
2018-02-06,10.41,10.74,10.38,10.70,6606619
2018-02-07,10.68,10.78,10.54,10.62,5362940
2018-02-08,11.07,11.07,10.67,10.69,13124950
2018-02-09,10.71,10.83,10.41,10.75,9154179
2018-02-12,10.78,10.83,10.65,10.80,7745700
2018-02-13,10.79,10.86,10.76,10.85,4221387
2018-02-14,10.77,11.13,10.76,11.13,5199869
2018-02-15,11.25,11.28,11.14,11.27,4377638
2018-02-16,11.14,11.36,11.14,11.33,4679901
2018-02-20,11.30,11.36,11.24,11.28,3950339
2018-02-21,11.28,11.44,11.28,11.33,3335914
2018-02-22,11.79,11.82,11.63,11.68,4974933
2018-02-23,11.78,11.80,11.65,11.72,4012260
2018-02-26,11.75,11.75,11.61,11.72,3528554
2018-02-27,11.73,11.83,11.71,11.72,3884924
2018-02-28,11.88,11.91,11.73,11.75,4018139
2018-03-01,11.66,11.68,11.47,11.57,4351071
2018-03-02,11.36,11.52,11.27,11.52,4389221
2018-03-05,11.36,11.67,11.32,11.62,4840565
2018-03-06,11.81,11.90,11.78,11.86,2732325
2018-03-07,11.76,11.83,11.67,11.81,3678673
2018-03-08,11.82,11.85,11.75,11.85,4344639
2018-03-09,11.73,11.81,11.72,11.77,2948635
2018-03-12,11.80,11.92,11.77,11.87,2900361
2018-03-13,11.85,11.86,11.73,11.76,2277440
2018-03-14,11.71,11.73,11.61,11.65,5336601
2018-03-15,11.59,11.74,11.57,11.66,4053542
2018-03-16,11.73,11.83,11.72,11.76,4045340
2018-03-19,12.43,12.47,12.22,12.33,5569557
2018-03-20,12.25,12.28,12.17,12.20,2666302
2018-03-21,12.15,12.16,11.94,12.07,2674485
2018-03-22,11.83,11.88,11.69,11.73,4430120
2018-03-23,11.74,11.76,11.57,11.59,6314602
2018-03-26,11.89,11.97,11.78,11.97,4142185
2018-03-27,11.91,11.91,11.64,11.70,7929003
2018-03-28,11.72,11.81,11.65,11.76,4256492
2018-03-29,11.76,11.86,11.71,11.82,6197638
2018-04-02,11.83,11.86,11.60,11.68,4469488
2018-04-03,11.82,11.88,11.72,11.85,3695929
2018-04-04,11.74,11.96,11.74,11.93,3928883
2018-04-05,11.95,12.07,11.95,12.03,2462627
2018-04-06,12.00,12.05,11.85,11.90,2083531
2018-04-09,11.99,12.16,11.96,12.01,2041779
2018-04-10,12.25,12.32,12.22,12.29,1700036
2018-04-11,12.28,12.35,12.25,12.26,1643784
2018-04-12,12.32,12.47,12.32,12.45,1499334
2018-04-13,12.54,12.55,12.16,12.21,4282366
2018-04-16,12.38,12.43,12.31,12.33,3091543
2018-04-17,12.32,12.33,12.16,12.19,2828167
2018-04-18,12.26,12.30,12.20,12.22,1720867
2018-04-19,12.32,12.40,12.23,12.27,2240200
2018-04-20,12.20,12.27,12.17,12.22,1628830
2018-04-23,12.18,12.25,12.13,12.21,1354932
2018-04-24,12.17,12.24,12.06,12.10,2211715
2018-04-25,12.03,12.06,11.95,12.00,2198142
2018-04-26,11.81,11.91,11.79,11.85,3114914
2018-04-27,11.69,11.71,11.55,11.70,2815093
2018-04-30,11.56,11.63,11.54,11.54,3665140
2018-05-01,11.41,11.41,11.34,11.41,2433689
2018-05-02,11.35,11.42,11.32,11.35,2747614
2018-05-03,11.30,11.32,11.10,11.24,2809538
2018-05-04,11.19,11.38,11.18,11.36,3258679
2018-05-07,11.35,11.44,11.34,11.43,1504925
2018-05-08,11.30,11.39,11.29,11.38,2143007
2018-05-09,11.56,11.70,11.55,11.68,2219443
2018-05-10,11.68,11.77,11.62,11.76,1414495
2018-05-11,11.80,11.82,11.76,11.77,1240279
2018-05-14,11.72,11.74,11.68,11.69,1555479
2018-05-15,11.58,11.65,11.55,11.57,1723836
2018-05-16,11.48,11.51,11.43,11.47,1933033
2018-05-17,11.44,11.51,11.41,11.46,3268116
2018-05-18,11.43,11.45,11.33,11.39,1810940
2018-05-21,11.40,11.43,11.38,11.41,961125
2018-05-22,11.53,11.54,11.47,11.49,2166905
2018-05-23,11.36,11.38,11.22,11.33,1770120
2018-05-24,11.21,11.23,11.11,11.18,2205134
2018-05-25,11.01,11.17,11.00,11.16,2419649
2018-05-29,10.82,10.88,10.50,10.58,4219439
2018-05-30,10.64,10.78,10.61,10.74,2634288
2018-05-31,10.65,10.68,10.57,10.68,3787207
2018-06-01,10.92,10.97,10.85,10.89,3471531
2018-06-04,11.02,11.04,10.98,11.03,2190362
2018-06-05,10.86,10.87,10.68,10.75,2440826
2018-06-06,10.83,11.01,10.81,11.00,1786376
2018-06-07,10.96,10.98,10.86,10.93,1995604
2018-06-08,10.83,10.88,10.77,10.87,1903420
2018-06-11,10.87,10.95,10.86,10.94,2263825
2018-06-12,10.83,10.88,10.78,10.80,2370572
2018-06-13,10.82,10.87,10.75,10.79,1914292
2018-06-14,10.78,10.91,10.77,10.80,2251630
2018-06-15,10.53,10.62,10.51,10.58,2531548
2018-06-18,10.43,10.57,10.42,10.56,2314887
2018-06-19,10.37,10.40,10.32,10.38,2470777
2018-06-20,10.43,10.44,10.35,10.36,1717941
2018-06-21,10.30,10.30,10.18,10.24,1643580
2018-06-22,10.43,10.46,10.36,10.37,2665924
2018-06-25,10.31,10.31,10.23,10.24,1717986
2018-06-26,10.20,10.25,10.15,10.22,2621140
2018-06-27,10.03,10.09,9.94,9.95,2884216
2018-06-28,10.03,10.15,10.00,10.10,1767435
2018-06-29,10.11,10.19,10.02,10.03,1769873
2018-07-02,9.91,9.97,9.88,9.95,2258160
2018-07-03,9.96,9.98,9.89,9.90,1433039
2018-07-05,10.05,10.07,10.01,10.04,1921866
2018-07-06,10.00,10.09,9.97,10.05,1328454
2018-07-09,10.10,10.20,10.10,10.17,1860991
2018-07-10,10.09,10.11,10.01,10.07,2306496
2018-07-11,10.07,10.14,10.01,10.04,1982453
2018-07-12,10.17,10.21,10.12,10.17,2071743
2018-07-13,10.20,10.21,10.10,10.15,1439639
2018-07-16,10.23,10.36,10.22,10.34,2091257
2018-07-17,10.14,10.18,10.06,10.08,3257209
2018-07-18,10.05,10.07,9.99,10.04,2353804
2018-07-19,9.89,9.90,9.77,9.84,3724408
2018-07-20,9.86,9.99,9.85,9.96,1399959
2018-07-23,9.93,10.02,9.93,10.00,1852127
2018-07-24,10.10,10.22,10.09,10.14,2125336
2018-07-25,10.09,10.15,10.02,10.14,1477217
2018-07-26,10.14,10.17,10.05,10.06,1202962
2018-07-27,10.18,10.21,10.12,10.17,1418823
2018-07-30,10.29,10.36,10.29,10.30,1777582
2018-07-31,10.46,10.48,10.32,10.34,1466544
2018-08-01,10.23,10.27,10.18,10.24,1989128
2018-08-02,9.95,9.99,9.84,9.98,2663037
2018-08-03,10.01,10.06,9.97,10.05,1476238
2018-08-06,9.92,9.99,9.89,9.94,2123349
2018-08-07,10.02,10.04,9.94,9.95,1548157
2018-08-08,10.05,10.14,10.02,10.09,2509576
2018-08-09,10.02,10.03,9.96,9.97,1259583
2018-08-10,9.69,9.77,9.63,9.71,2273846
2018-08-13,9.61,9.64,9.54,9.55,2100833
2018-08-14,9.57,9.61,9.52,9.58,3330609
2018-08-15,9.32,9.36,9.25,9.34,3345076
2018-08-16,9.41,9.48,9.40,9.44,1959589
2018-08-17,9.45,9.56,9.43,9.54,1421599
2018-08-20,9.55,9.60,9.54,9.58,1187777
2018-08-21,9.68,9.73,9.65,9.68,1279836
2018-08-22,9.75,9.77,9.71,9.73,1295460
2018-08-23,9.65,9.66,9.55,9.56,1974142
2018-08-24,9.67,9.68,9.58,9.58,1345549
2018-08-27,9.62,9.77,9.62,9.75,1000187
2018-08-28,9.71,9.72,9.62,9.62,1872985
2018-08-29,9.52,9.65,9.47,9.63,1978604
2018-08-30,9.48,9.51,9.44,9.45,1700884
2018-08-31,9.32,9.37,9.26,9.36,2778620
2018-09-04,9.35,9.54,9.31,9.49,2330110
2018-09-05,9.46,9.50,9.35,9.40,2501119
2018-09-06,9.39,9.40,9.26,9.31,1555421
2018-09-07,9.21,9.25,9.18,9.21,2187680
2018-09-10,9.39,9.40,9.36,9.37,1383662
2018-09-11,9.31,9.32,9.20,9.27,1734283
2018-09-12,9.16,9.18,9.11,9.17,1992662
2018-09-13,9.22,9.24,9.12,9.14,2854383
2018-09-14,9.15,9.16,9.08,9.09,1744981
2018-09-17,9.18,9.20,9.14,9.16,1574974
2018-09-18,9.10,9.13,9.06,9.10,2131033
2018-09-19,9.26,9.37,9.24,9.33,3843177
2018-09-20,9.42,9.53,9.39,9.50,3239727
2018-09-21,9.39,9.44,9.32,9.42,3124377
2018-09-24,9.50,9.50,9.34,9.35,1895564
2018-09-25,9.39,9.41,9.32,9.36,13029300
2018-09-26,9.37,9.39,9.26,9.27,17868310
2018-09-27,9.31,9.38,9.27,9.28,2916397
2018-09-28,9.08,9.11,8.94,8.95,5995350
2018-10-01,9.14,9.16,9.00,9.02,19250220
2018-10-02,8.86,8.91,8.82,8.87,16299320
2018-10-03,8.94,9.07,8.93,9.01,4167878
2018-10-04,9.14,9.21,9.01,9.07,4207619
2018-10-05,9.21,9.21,8.98,9.02,3332775
2018-10-08,8.89,8.94,8.82,8.91,2820077
2018-10-09,8.84,8.88,8.76,8.83,5162610
2018-10-10,9.10,9.12,8.91,8.92,4499243
2018-10-11,9.01,9.03,8.72,8.74,4689991
2018-10-12,8.88,8.89,8.56,8.69,3923019
2018-10-15,8.63,8.72,8.56,8.65,3453861
2018-10-16,8.61,8.65,8.56,8.65,2328244
2018-10-17,8.68,8.84,8.63,8.73,2856561
2018-10-18,8.69,8.70,8.50,8.50,2443918
2018-10-19,8.51,8.60,8.49,8.53,2513355
2018-10-22,8.60,8.61,8.47,8.49,4015664
2018-10-23,8.54,8.69,8.50,8.62,5503781
2018-10-24,8.84,8.88,8.65,8.68,5277947
2018-10-25,8.79,8.84,8.74,8.77,2934653
2018-10-26,8.65,8.67,8.51,8.57,3471867
2018-10-29,8.85,8.92,8.70,8.76,6595332
2018-10-30,8.69,8.78,8.60,8.68,3365170
2018-10-31,8.74,8.89,8.72,8.79,2811563
2018-11-01,9.10,9.13,9.06,9.13,2461688
2018-11-02,9.23,9.25,9.04,9.14,2142916
2018-11-05,9.13,9.16,9.06,9.11,1672371
2018-11-06,9.04,9.09,9.01,9.08,2114224
2018-11-07,9.23,9.28,9.15,9.27,1798813
2018-11-08,9.35,9.41,9.26,9.29,2948341
2018-11-09,9.20,9.24,9.07,9.15,3410793
2018-11-12,8.88,8.89,8.73,8.73,4427115
2018-11-13,8.91,9.17,8.89,9.15,6876137
2018-11-14,9.13,9.14,8.83,9.00,7518326
2018-11-15,8.48,8.57,8.43,8.54,9527833
2018-11-16,8.49,8.50,8.41,8.45,7876223
2018-11-19,8.54,8.58,8.45,8.52,2867319
2018-11-20,8.34,8.35,8.21,8.23,3662418
2018-11-21,8.37,8.55,8.32,8.46,3088448
2018-11-23,8.38,8.44,8.34,8.38,1410124
2018-11-26,8.58,8.64,8.57,8.63,2319551
2018-11-27,8.47,8.61,8.45,8.60,2019778
2018-11-28,8.60,8.65,8.46,8.63,2837089
2018-11-29,8.53,8.57,8.48,8.56,3363386
2018-11-30,8.26,8.32,8.22,8.27,3907368
2018-12-03,8.35,8.36,8.26,8.33,3906950
2018-12-04,8.17,8.19,7.85,7.90,5733250
2018-12-06,7.84,7.88,7.75,7.87,8976779
2018-12-07,7.93,8.01,7.69,7.73,8191534
2018-12-10,7.75,7.79,7.60,7.64,8795185
2018-12-11,7.76,7.76,7.42,7.46,10055950
2018-12-12,7.92,8.09,7.86,7.96,10419690
2018-12-13,8.03,8.04,7.86,7.91,6239029
2018-12-14,7.87,7.93,7.83,7.85,4301378
2018-12-17,7.73,7.73,7.54,7.58,6388640
2018-12-18,7.72,7.76,7.55,7.60,6367620
2018-12-19,7.65,7.67,7.39,7.46,4860957
2018-12-20,7.50,7.52,7.33,7.41,6549787
2018-12-21,7.39,7.51,7.32,7.35,5954340
2018-12-24,7.36,7.36,7.17,7.25,2840417
2018-12-26,7.27,7.42,7.07,7.42,3886848
2018-12-27,7.38,7.43,7.21,7.43,5575357
2018-12-28,7.55,7.62,7.46,7.54,6101850
2018-12-31,7.59,7.64,7.46,7.54,4693991
2019-01-02,7.40,7.62,7.40,7.60,4504115
2019-01-03,7.61,7.65,7.52,7.57,2861255
2019-01-04,7.85,7.91,7.79,7.88,2985791
2019-01-07,7.89,7.99,7.85,7.96,3044982
2019-01-08,8.05,8.07,7.95,8.01,2109363
2019-01-09,8.00,8.02,7.93,8.01,2807662
2019-01-10,8.00,8.13,8.00,8.11,2047133
2019-01-11,7.99,8.13,7.97,8.11,5464553
2019-01-14,8.07,8.30,8.06,8.26,4804447
2019-01-15,8.12,8.23,8.01,8.22,5605436
2019-01-16,8.24,8.39,8.23,8.35,4512038
2019-01-17,8.28,8.43,8.23,8.37,3196282
2019-01-18,8.55,8.59,8.49,8.57,2832068
2019-01-22,8.39,8.47,8.38,8.41,2498120
2019-01-23,8.49,8.52,8.45,8.51,1569078
2019-01-24,8.44,8.50,8.39,8.48,2445048
2019-01-25,8.56,8.69,8.56,8.62,2424200
2019-01-28,8.37,8.51,8.37,8.47,4225436
2019-01-29,8.49,8.57,8.45,8.46,2791070
2019-01-30,8.46,8.55,8.42,8.48,1937026
2019-01-31,8.27,8.37,8.21,8.36,4055357
2019-02-01,8.25,8.35,8.22,8.27,4621451
2019-02-04,8.26,8.32,8.25,8.31,1541707
2019-02-05,8.33,8.37,8.28,8.34,1930071
2019-02-06,8.31,8.39,8.30,8.34,2133551
2019-02-07,8.27,8.29,8.13,8.15,2561313
2019-02-08,8.11,8.13,8.01,8.13,2898170
2019-02-11,8.09,8.12,8.02,8.05,2586357
2019-02-12,8.11,8.19,8.11,8.13,1937914
2019-02-13,8.16,8.19,8.10,8.10,1490095
2019-02-14,8.03,8.09,8.00,8.05,1730253
2019-02-15,8.13,8.22,8.12,8.19,1670213
2019-02-19,8.19,8.33,8.18,8.30,4247117
2019-02-20,8.34,8.43,8.31,8.39,3686839
2019-02-21,8.41,8.44,8.32,8.37,2743163
2019-02-22,8.22,8.22,8.11,8.16,3288367
2019-02-25,8.23,8.35,8.21,8.27,2582602
2019-02-26,8.61,8.73,8.58,8.65,4025388
2019-02-27,8.88,8.97,8.85,8.92,5661070
2019-02-28,8.71,8.80,8.63,8.66,3895288
2019-03-01,8.61,8.70,8.52,8.56,3096425
2019-03-04,8.65,8.70,8.55,8.60,2474192
2019-03-05,8.61,8.70,8.54,8.69,3854114
2019-03-06,8.71,8.72,8.59,8.62,3761525
2019-03-07,8.52,8.52,8.35,8.42,6343534
2019-03-08,8.22,8.29,8.21,8.29,3458912
2019-03-11,8.31,8.45,8.30,8.43,3429080
2019-03-12,8.55,8.57,8.48,8.51,3540603
2019-03-13,8.62,8.69,8.59,8.66,3453868
2019-03-14,8.74,8.75,8.69,8.70,1834821
2019-03-15,8.72,8.81,8.71,8.77,2172584
2019-03-18,8.75,8.80,8.72,8.77,2673193
2019-03-19,8.93,8.95,8.82,8.84,3768813
2019-03-20,8.76,8.77,8.58,8.60,4899713
2019-03-21,8.43,8.45,8.32,8.37,4152073
2019-03-22,8.23,8.26,8.13,8.17,3994328
2019-03-25,8.18,8.23,8.09,8.13,3317593
2019-03-26,8.13,8.17,8.07,8.12,3190457
2019-03-27,8.28,8.32,8.16,8.23,3562084
2019-03-28,8.06,8.08,7.97,8.02,4592091
2019-03-29,8.06,8.07,7.93,8.00,4050540
2019-04-01,8.22,8.34,8.20,8.31,3772967
2019-04-02,8.33,8.41,8.30,8.39,3579618
2019-04-03,8.56,8.62,8.55,8.59,4129136
2019-04-04,8.55,8.63,8.54,8.56,2499802
2019-04-05,8.46,8.47,8.41,8.45,2045781
2019-04-08,8.45,8.49,8.41,8.44,2577946
2019-04-09,8.41,8.42,8.35,8.38,2483587
2019-04-10,8.41,8.47,8.36,8.44,2226548
2019-04-11,8.50,8.59,8.48,8.52,1694784
2019-04-12,8.70,8.77,8.63,8.67,2538323
2019-04-15,8.77,8.78,8.71,8.74,2795723
2019-04-16,8.78,8.78,8.68,8.75,3101581
2019-04-17,8.81,8.86,8.74,8.86,4334115
2019-04-18,8.78,8.81,8.73,8.75,2159620
2019-04-22,8.72,8.73,8.64,8.70,1769714
2019-04-23,8.57,8.62,8.53,8.59,4809111
2019-04-24,8.53,8.59,8.46,8.51,3078305
2019-04-25,8.23,8.29,8.17,8.27,4150429
2019-04-26,8.26,8.34,8.25,8.34,1712200
2019-04-29,8.43,8.56,8.43,8.54,2607071
2019-04-30,8.50,8.57,8.46,8.56,2097655
2019-05-01,8.55,8.60,8.46,8.48,2068114
2019-05-02,8.56,8.58,8.50,8.54,1668734
2019-05-03,8.52,8.61,8.49,8.61,1691486
2019-05-06,8.33,8.52,8.33,8.49,2083821
2019-05-07,8.34,8.36,8.24,8.28,3046698
2019-05-08,8.19,8.30,8.19,8.26,3282568
2019-05-09,8.14,8.23,8.12,8.21,2132211
2019-05-10,8.25,8.29,8.15,8.28,3945209
2019-05-13,8.06,8.08,7.95,7.98,3038428
2019-05-14,8.08,8.13,8.05,8.11,1784303
2019-05-15,8.10,8.20,8.06,8.16,2632475
2019-05-16,8.16,8.22,8.16,8.20,1936386
2019-05-17,8.00,8.09,8.00,8.02,2345809
2019-05-20,7.92,7.97,7.90,7.94,2105725
2019-05-21,7.99,8.04,7.95,7.99,2511762
2019-05-22,7.76,7.79,7.70,7.73,3375380
2019-05-23,7.51,7.61,7.49,7.58,3438203
2019-05-24,7.61,7.68,7.53,7.63,4696821
2019-05-28,7.58,7.63,7.56,7.57,4950103
2019-05-29,7.58,7.65,7.55,7.65,2411788
2019-05-30,7.60,7.63,7.50,7.54,2468617
2019-05-31,7.48,7.53,7.45,7.47,2466575
2019-06-03,7.48,7.57,7.47,7.53,2208339
2019-06-04,7.72,7.83,7.70,7.82,2371877
2019-06-05,7.75,7.75,7.66,7.71,2211134
2019-06-06,7.67,7.68,7.58,7.65,1883782
2019-06-07,7.67,7.71,7.64,7.66,1387251
2019-06-10,7.69,7.77,7.69,7.70,1781238
2019-06-11,7.72,7.73,7.67,7.71,2079953
2019-06-12,7.65,7.66,7.57,7.58,2304091
2019-06-13,7.56,7.59,7.54,7.58,1717838
2019-06-14,7.50,7.53,7.47,7.52,2321209
2019-06-17,7.53,7.57,7.49,7.50,1646364
2019-06-18,7.53,7.63,7.52,7.60,2296132
2019-06-19,7.71,7.75,7.65,7.65,1744543
2019-06-20,7.66,7.66,7.60,7.65,1609816
2019-06-21,7.58,7.61,7.53,7.54,2485306
2019-06-24,7.55,7.59,7.51,7.52,1855999
2019-06-25,7.47,7.48,7.41,7.44,2007247
2019-06-26,7.53,7.56,7.51,7.54,1375589
2019-06-27,7.60,7.63,7.58,7.61,1090515
2019-06-28,7.58,7.63,7.55,7.61,1629450
2019-07-01,7.72,7.74,7.65,7.68,1878350
2019-07-02,7.74,7.76,7.68,7.70,1692694
2019-07-03,7.72,7.76,7.71,7.75,1025713
2019-07-05,7.85,7.89,7.81,7.84,1458223
2019-07-08,7.78,7.83,7.75,7.80,1348227
2019-07-09,7.75,7.80,7.71,7.75,3352801
2019-07-10,7.87,7.89,7.77,7.78,1451644
2019-07-11,7.87,7.94,7.85,7.91,2243275
2019-07-12,7.89,7.90,7.85,7.87,1124228
2019-07-15,7.82,7.86,7.79,7.80,2480325
2019-07-16,7.78,7.83,7.77,7.80,1243136
2019-07-17,7.73,7.74,7.69,7.71,1022921
2019-07-18,7.77,7.81,7.76,7.80,1113231
2019-07-19,7.74,7.78,7.73,7.77,1356861
2019-07-22,7.81,7.82,7.76,7.82,1336990
2019-07-23,7.93,7.98,7.91,7.91,2036723
2019-07-24,7.94,7.98,7.93,7.98,1800230
2019-07-25,7.92,8.02,7.83,7.83,3228693
2019-07-26,7.91,7.92,7.85,7.87,1886930
2019-07-29,7.84,7.85,7.76,7.77,1691497
2019-07-30,7.64,7.66,7.60,7.63,2950957
2019-07-31,7.51,7.55,7.41,7.48,5122126
2019-08-01,7.54,7.55,7.33,7.36,3752507
2019-08-02,7.40,7.41,7.33,7.39,3351499
2019-08-05,7.15,7.16,7.03,7.11,4764974
2019-08-06,7.22,7.22,7.11,7.19,3268740
2019-08-07,7.07,7.19,7.05,7.17,2287980
2019-08-08,7.00,7.05,6.98,7.02,2493795
2019-08-09,6.93,6.99,6.88,6.94,2566112
2019-08-12,6.84,6.85,6.78,6.80,2113563
2019-08-13,6.78,6.86,6.76,6.80,3435668
2019-08-14,6.67,6.68,6.61,6.62,3081367
2019-08-15,6.63,6.66,6.58,6.59,3538697
2019-08-16,6.69,6.77,6.69,6.74,2678668
2019-08-19,6.80,6.83,6.78,6.80,1658161
2019-08-20,6.69,6.71,6.63,6.69,2870252
2019-08-21,6.75,6.76,6.70,6.71,2485722
2019-08-22,6.80,6.82,6.74,6.79,1981688
2019-08-23,6.78,6.82,6.67,6.68,2264215
2019-08-26,6.72,6.74,6.63,6.69,1668368
2019-08-27,6.73,6.73,6.63,6.66,2943530
2019-08-28,6.58,6.63,6.54,6.62,1657864
2019-08-29,6.65,6.69,6.64,6.68,1895241
2019-08-30,6.66,6.67,6.58,6.64,3011643
2019-09-03,6.57,6.63,6.55,6.62,3303814
2019-09-04,6.68,6.69,6.63,6.69,2747094
2019-09-05,6.81,6.87,6.81,6.84,3044109
2019-09-06,6.87,6.89,6.85,6.87,2278138
2019-09-09,6.85,6.97,6.84,6.96,5794190
2019-09-10,7.34,7.35,7.25,7.31,5424325
2019-09-11,7.34,7.36,7.26,7.36,3140171
2019-09-12,7.26,7.41,7.22,7.36,3552246
2019-09-13,7.72,7.79,7.70,7.77,6099713
2019-09-16,7.60,7.64,7.58,7.61,2974748
2019-09-17,7.46,7.49,7.41,7.48,2617089
2019-09-18,7.38,7.42,7.31,7.36,4485687
2019-09-19,7.45,7.52,7.42,7.44,3176922
2019-09-20,7.52,7.58,7.46,7.50,4181564
2019-09-23,7.37,7.42,7.33,7.40,2206166
2019-09-24,7.33,7.34,7.23,7.25,2607096
2019-09-25,7.18,7.32,7.16,7.26,3117650
2019-09-26,7.32,7.36,7.30,7.31,2654180
2019-09-27,7.34,7.40,7.32,7.37,2142087
2019-09-30,7.39,7.41,7.33,7.34,1896502
2019-10-01,7.35,7.36,7.24,7.26,4834664
2019-10-02,7.12,7.13,7.03,7.05,2392097
2019-10-03,6.97,7.04,6.90,7.03,3432709
2019-10-04,6.97,7.11,6.94,7.11,2421189
2019-10-07,7.01,7.10,7.00,7.06,2624565
2019-10-08,6.97,7.05,6.95,7.00,2866206
2019-10-09,7.06,7.08,7.01,7.02,3437160
2019-10-10,7.16,7.43,7.14,7.41,7062087
2019-10-11,7.98,8.10,7.96,8.01,10302600
2019-10-14,7.87,7.97,7.86,7.89,3910044
2019-10-15,8.04,8.52,8.02,8.35,11564930
2019-10-16,8.41,8.47,8.34,8.35,4149394
2019-10-17,8.50,8.51,8.35,8.38,5378419
2019-10-18,8.46,8.50,8.42,8.48,4621209
2019-10-21,8.60,8.62,8.48,8.52,2900146
2019-10-22,8.50,8.59,8.41,8.42,7345537
2019-10-23,8.47,8.54,8.45,8.53,2903806
2019-10-24,8.55,8.56,8.44,8.47,3622210
2019-10-25,8.55,8.72,8.54,8.69,2881116
2019-10-28,8.72,8.77,8.70,8.71,2493140
2019-10-29,8.65,8.81,8.64,8.74,4435225
2019-10-30,8.60,8.70,8.54,8.70,3682217
2019-10-31,8.66,8.67,8.60,8.63,2740804
2019-11-01,8.57,8.67,8.55,8.67,3075359
2019-11-04,8.65,8.70,8.61,8.70,3118494
2019-11-05,8.66,8.71,8.65,8.69,2394240
2019-11-06,8.61,8.66,8.57,8.61,2214353
2019-11-07,8.66,8.72,8.64,8.65,1783351
2019-11-08,8.58,8.60,8.50,8.52,2594297
2019-11-11,8.73,8.84,8.69,8.79,4530933
2019-11-12,8.77,8.83,8.74,8.80,2510529
2019-11-13,8.67,8.76,8.64,8.71,3103687
2019-11-14,8.75,8.78,8.70,8.73,3598834
2019-11-15,8.83,8.83,8.73,8.78,2948082
2019-11-18,8.82,8.84,8.77,8.79,2015498
2019-11-19,8.85,8.87,8.74,8.78,2228753
2019-11-20,8.68,8.70,8.57,8.63,3932188
2019-11-21,8.64,8.74,8.59,8.65,3113721
2019-11-22,8.64,8.74,8.63,8.70,1916182
2019-11-25,8.81,8.87,8.77,8.82,3391770
2019-11-26,8.81,8.83,8.78,8.79,2106478
2019-11-27,8.92,8.97,8.90,8.95,2881188
2019-11-29,8.85,8.86,8.80,8.81,827000
2019-12-02,8.77,8.79,8.72,8.73,2524914
2019-12-03,8.59,8.64,8.53,8.64,2823629
2019-12-04,8.66,8.76,8.63,8.69,3884446
2019-12-05,8.81,8.83,8.76,8.78,2945501
2019-12-06,8.89,8.92,8.84,8.90,2061788
2019-12-09,8.99,9.02,8.96,8.98,2743349
2019-12-10,8.86,8.96,8.84,8.93,2113087
2019-12-11,8.85,9.01,8.84,8.97,4843722
2019-12-12,9.00,9.09,8.90,9.08,6957132
2019-12-13,9.80,9.88,9.69,9.74,11302070
2019-12-16,10.21,10.22,10.09,10.14,7270378
2019-12-17,9.73,9.86,9.73,9.81,4075369
2019-12-18,9.65,9.69,9.61,9.69,4197876
2019-12-19,9.55,9.58,9.49,9.56,4364150
2019-12-20,9.32,9.39,9.26,9.27,6012946
2019-12-23,9.28,9.32,9.25,9.30,2535648
2019-12-24,9.30,9.44,9.30,9.38,1610004
2019-12-26,9.40,9.45,9.39,9.42,1074755
2019-12-27,9.51,9.52,9.43,9.45,2187357
2019-12-30,9.50,9.51,9.41,9.42,1933416
2019-12-31,9.48,9.52,9.43,9.52,2113593
2020-01-02,9.69,9.76,9.65,9.76,3137564
2020-01-03,9.52,9.58,9.50,9.51,3269857
2020-01-06,9.37,9.51,9.37,9.49,2214846
2020-01-07,9.57,9.60,9.51,9.51,3672396
2020-01-08,9.52,9.57,9.47,9.53,3722937
2020-01-09,9.54,9.55,9.46,9.51,2633592
2020-01-10,9.45,9.46,9.39,9.41,3102202
2020-01-13,9.39,9.42,9.34,9.42,3608289
2020-01-14,9.38,9.42,9.35,9.36,3182350
2020-01-15,9.27,9.28,9.20,9.23,3010291
2020-01-16,9.21,9.29,9.17,9.26,3198228
2020-01-17,9.18,9.19,9.10,9.12,3448500
2020-01-21,9.12,9.12,9.04,9.04,2028088
2020-01-22,9.17,9.19,9.13,9.16,3349652
2020-01-23,9.10,9.10,8.93,9.02,6805808
2020-01-24,9.17,9.17,8.96,9.00,3990863
2020-01-27,8.86,8.91,8.82,8.84,3123400
2020-01-28,8.87,8.94,8.84,8.92,1980329
2020-01-29,8.88,8.95,8.87,8.89,2088712
2020-01-30,8.86,9.03,8.86,9.02,2850248
2020-01-31,8.86,8.87,8.77,8.80,2346040
2020-02-03,8.79,8.88,8.76,8.76,2654345
2020-02-04,8.92,8.98,8.87,8.87,4178266
2020-02-05,8.96,9.00,8.92,8.98,2100939
2020-02-06,9.13,9.15,9.07,9.08,2009025
2020-02-07,9.08,9.11,9.03,9.07,3135246
2020-02-10,9.11,9.14,9.06,9.10,2739116
2020-02-11,9.23,9.28,9.20,9.22,4521330
2020-02-12,9.28,9.29,9.18,9.21,5096327
2020-02-13,9.08,9.19,9.05,9.15,3792331
2020-02-14,9.14,9.14,9.05,9.08,2195771
2020-02-18,9.14,9.15,9.04,9.08,2752702
2020-02-19,9.10,9.13,9.06,9.08,4486685
2020-02-20,9.23,9.43,9.22,9.32,7849076
2020-02-21,9.31,9.31,9.20,9.27,4965777
2020-02-24,8.72,8.79,8.64,8.67,7959347
2020-02-25,8.69,8.70,8.43,8.46,5591375
2020-02-26,8.52,8.56,8.39,8.42,5333685
2020-02-27,7.87,8.05,7.77,7.84,10087620
2020-02-28,7.60,7.71,7.49,7.70,12150190
2020-03-02,7.40,7.52,7.28,7.51,13631900
2020-03-03,7.36,7.39,7.05,7.12,14492860
2020-03-04,7.20,7.23,7.03,7.20,5840139
2020-03-05,6.98,7.00,6.85,6.89,6890582
2020-03-06,6.75,6.91,6.69,6.74,6118485
2020-03-09,6.16,6.55,5.97,6.02,9491251
2020-03-10,6.34,6.37,5.95,6.18,15524260
2020-03-11,6.13,6.18,5.79,5.87,14686220
2020-03-12,5.17,5.19,4.85,5.00,12142080
2020-03-13,5.33,5.42,4.93,5.40,11193050
2020-03-16,4.08,4.45,4.03,4.22,10114190
2020-03-17,4.04,4.29,3.86,4.25,10747800
2020-03-18,3.84,3.96,3.77,3.87,9322713
2020-03-19,3.45,4.03,3.41,3.93,8524883
2020-03-20,4.19,4.29,3.99,4.01,6382585
2020-03-23,3.94,4.00,3.81,3.84,9579948
2020-03-24,4.32,4.46,4.17,4.42,7069356
2020-03-25,4.78,5.06,4.52,4.91,11579990
2020-03-26,4.87,5.22,4.87,5.17,8499124
2020-03-27,4.78,4.93,4.65,4.82,5277880
2020-03-30,4.60,4.66,4.52,4.65,4490243
2020-03-31,4.54,4.70,4.43,4.53,7351406
2020-04-01,4.27,4.28,4.03,4.05,6953325
2020-04-02,4.01,4.12,3.97,4.01,5990964
2020-04-03,4.00,4.01,3.82,3.89,6187568
2020-04-06,4.21,4.28,4.16,4.23,7389913
2020-04-07,4.84,4.87,4.50,4.53,12575930
2020-04-08,4.60,4.64,4.50,4.57,5293761
2020-04-09,4.74,4.90,4.72,4.88,7970415
2020-04-13,4.90,4.90,4.61,4.72,4083390
2020-04-14,4.76,4.81,4.65,4.69,6790809
2020-04-15,4.44,4.44,4.31,4.33,4701371
2020-04-16,4.30,4.37,4.24,4.30,5926891
2020-04-17,4.52,4.57,4.43,4.55,5523056
2020-04-20,4.44,4.55,4.40,4.44,4520170
2020-04-21,4.25,4.35,4.20,4.26,5407429
2020-04-22,4.32,4.32,4.25,4.27,4223241
2020-04-23,4.40,4.53,4.37,4.39,4301947
2020-04-24,4.44,4.45,4.34,4.42,2409487
2020-04-27,4.41,4.56,4.39,4.53,4988549
2020-04-28,4.90,4.92,4.75,4.87,5036622
2020-04-29,5.36,5.58,5.35,5.52,9317884
2020-04-30,5.38,5.41,5.23,5.29,6320410
2020-05-01,5.15,5.20,5.07,5.13,4345371
2020-05-04,4.92,5.00,4.88,5.00,4527605
2020-05-05,5.10,5.15,5.02,5.03,4605528
2020-05-06,5.05,5.07,4.90,4.93,4132924
2020-05-07,5.05,5.21,5.04,5.12,4509565
2020-05-08,5.23,5.28,5.17,5.27,2063998
2020-05-11,5.09,5.09,5.01,5.06,3606055
2020-05-12,5.09,5.11,4.89,4.90,5315591
2020-05-13,4.86,4.87,4.67,4.71,5614311
2020-05-14,4.54,4.78,4.44,4.76,6983621
2020-05-15,4.73,4.77,4.65,4.71,3461739
2020-05-18,5.00,5.18,4.95,5.17,5236754
2020-05-19,5.09,5.13,4.99,5.01,5921350
2020-05-20,5.11,5.20,5.10,5.17,3794108
2020-05-21,5.07,5.15,5.02,5.06,3360700
2020-05-22,5.11,5.11,4.97,5.03,3465233
2020-05-26,5.32,5.49,5.31,5.44,4474973
2020-05-27,5.88,5.92,5.72,5.83,6739138
2020-05-28,6.04,6.06,5.89,5.90,7558986
2020-05-29,5.68,5.77,5.58,5.66,5400257
2020-06-01,5.83,6.00,5.80,5.99,4073789
2020-06-02,6.05,6.07,5.92,5.95,5277093
2020-06-03,6.11,6.32,6.09,6.27,7209644
2020-06-04,6.17,6.29,6.07,6.23,8123212
2020-06-05,6.61,6.71,6.58,6.60,9884559
2020-06-08,6.79,6.81,6.57,6.72,7224563
2020-06-09,6.37,6.48,6.30,6.43,5291222
2020-06-10,6.41,6.42,6.22,6.23,5026276
2020-06-11,5.82,5.92,5.61,5.64,5810084
2020-06-12,5.99,6.06,5.75,5.92,4687125
2020-06-15,5.70,5.95,5.67,5.90,4767040
2020-06-16,6.25,6.28,6.01,6.12,5301045
2020-06-17,6.04,6.04,5.88,5.89,3564484
2020-06-18,5.82,5.92,5.80,5.82,3865612
2020-06-19,5.88,5.88,5.62,5.65,3813777
2020-06-22,5.72,5.77,5.66,5.72,5045728
2020-06-23,5.83,5.85,5.75,5.76,2525658
2020-06-24,5.65,5.66,5.46,5.50,3502041
2020-06-25,5.50,5.67,5.47,5.65,3904674
2020-06-26,5.58,5.60,5.38,5.38,3897571
2020-06-29,5.55,5.64,5.53,5.61,3352552
2020-06-30,5.56,5.68,5.54,5.66,3130027
2020-07-01,5.67,5.73,5.60,5.62,3391635
2020-07-02,5.90,5.94,5.79,5.80,3996469
2020-07-06,5.82,5.88,5.75,5.83,3684890
2020-07-07,5.77,5.78,5.65,5.65,2351814
2020-07-08,5.68,5.79,5.67,5.77,2449554
2020-07-09,5.76,5.77,5.59,5.60,3679500
2020-07-10,5.82,6.02,5.80,6.01,4192778
2020-07-13,6.05,6.05,5.89,5.91,5181810
2020-07-14,5.91,5.99,5.88,5.98,4558855
2020-07-15,6.10,6.11,6.00,6.08,3720403
2020-07-16,5.91,5.97,5.88,5.90,4175134
2020-07-17,5.78,5.84,5.74,5.78,3572364
2020-07-20,5.79,5.87,5.78,5.83,2977118
2020-07-21,5.88,5.94,5.85,5.88,3252669
2020-07-22,5.90,5.98,5.87,5.93,3470450
2020-07-23,5.90,5.93,5.83,5.85,3046238
2020-07-24,5.85,5.86,5.76,5.76,2256979
2020-07-27,5.70,5.74,5.66,5.69,2469827
2020-07-28,5.70,5.79,5.67,5.76,2652229
2020-07-29,5.47,5.53,5.41,5.51,4547835
2020-07-30,5.18,5.28,5.12,5.28,4141296
2020-07-31,5.38,5.39,5.21,5.24,5216450
2020-08-03,5.31,5.41,5.28,5.38,1687855
2020-08-04,5.39,5.47,5.38,5.46,1928786
2020-08-05,5.56,5.62,5.55,5.58,1461716
2020-08-06,5.50,5.56,5.49,5.54,2288297
2020-08-07,5.37,5.55,5.33,5.54,2970911
2020-08-10,5.51,5.59,5.50,5.58,2870856
2020-08-11,5.77,5.84,5.73,5.75,3392512
2020-08-12,5.85,5.85,5.72,5.74,1817796
2020-08-13,5.69,5.72,5.59,5.62,1819006
2020-08-14,5.63,5.71,5.63,5.65,1461842
2020-08-17,5.73,5.73,5.60,5.61,1999020
2020-08-18,5.72,5.75,5.64,5.65,2894125
2020-08-19,5.70,5.78,5.66,5.67,1859074
2020-08-20,5.58,5.63,5.55,5.62,2387503
2020-08-21,5.55,5.63,5.54,5.61,2839244
2020-08-24,5.60,5.74,5.58,5.74,2567131
2020-08-25,5.79,5.81,5.64,5.70,1738426
2020-08-26,5.75,5.81,5.74,5.78,1783777
2020-08-27,5.82,5.86,5.75,5.78,1756613
2020-08-28,5.91,5.97,5.87,5.95,2707963
2020-08-31,5.93,5.93,5.79,5.82,1599328
2020-09-01,5.69,5.73,5.58,5.60,3138670
2020-09-02,5.50,5.54,5.46,5.53,2800929
2020-09-03,5.68,5.72,5.50,5.52,3092990
2020-09-04,5.65,5.72,5.54,5.68,3478960
2020-09-08,5.41,5.43,5.35,5.36,3791035
2020-09-09,5.37,5.43,5.34,5.39,2086628
2020-09-10,5.44,5.47,5.29,5.30,2769624
2020-09-11,5.23,5.28,5.19,5.25,3435451
2020-09-14,5.29,5.33,5.27,5.29,1949161
2020-09-15,5.27,5.28,5.22,5.22,2767526
2020-09-16,5.21,5.35,5.18,5.29,2763404
2020-09-17,5.14,5.22,5.12,5.19,3343299
2020-09-18,5.08,5.08,5.00,5.02,3116158
2020-09-21,4.75,4.80,4.68,4.74,3860685
2020-09-22,4.76,4.79,4.64,4.68,2688406
2020-09-23,4.82,4.84,4.64,4.64,2414125
2020-09-24,4.78,4.80,4.68,4.75,5312419
2020-09-25,4.62,4.70,4.60,4.70,3185159
2020-09-28,4.93,5.03,4.92,4.99,3486319
2020-09-29,4.99,5.02,4.92,4.96,3701834
2020-09-30,5.06,5.10,4.99,5.01,3001480
2020-10-01,5.02,5.05,4.95,5.00,1994012
2020-10-02,4.94,5.11,4.94,5.08,3242606
2020-10-05,5.07,5.14,5.07,5.13,2599423
2020-10-06,5.34,5.39,5.25,5.28,6082454
2020-10-07,5.46,5.50,5.35,5.39,2723930
2020-10-08,5.51,5.55,5.46,5.54,1848940
2020-10-09,5.60,5.61,5.52,5.55,2272391
2020-10-12,5.48,5.55,5.46,5.55,2253012
2020-10-13,5.35,5.35,5.23,5.25,3911661
2020-10-14,5.30,5.32,5.22,5.23,3432727
2020-10-15,5.09,5.19,5.07,5.19,2291692
2020-10-16,5.21,5.27,5.17,5.26,2125450
2020-10-19,5.28,5.36,5.23,5.29,2097415
2020-10-20,5.34,5.43,5.33,5.37,2482488
2020-10-21,5.40,5.46,5.35,5.36,2165673
2020-10-22,5.35,5.52,5.34,5.50,3615551
2020-10-23,5.84,5.84,5.74,5.83,4961369
2020-10-26,5.80,5.82,5.68,5.74,4751992
2020-10-27,5.72,5.72,5.48,5.49,3881777
2020-10-28,5.36,5.41,5.30,5.33,4338670
2020-10-29,5.40,5.50,5.31,5.44,5498727
2020-10-30,5.51,5.54,5.39,5.53,4013878
2020-11-02,5.45,5.53,5.39,5.51,3434699
2020-11-03,5.81,5.92,5.78,5.88,3513558
2020-11-04,5.74,5.82,5.63,5.63,3868712
2020-11-05,5.63,5.79,5.61,5.77,3814966
2020-11-06,5.92,5.92,5.79,5.79,2568990
2020-11-09,6.67,6.94,6.61,6.88,9591171
2020-11-10,6.97,7.12,6.92,7.05,5982774
2020-11-11,7.19,7.19,6.99,7.05,6839196
2020-11-12,6.80,6.94,6.76,6.81,3486237
2020-11-13,6.99,7.07,6.97,7.07,2720455
2020-11-16,7.26,7.29,7.15,7.22,3991669
2020-11-17,7.15,7.32,7.12,7.30,2160116
2020-11-18,7.43,7.52,7.35,7.35,3333742
2020-11-19,7.30,7.38,7.26,7.35,3968336
2020-11-20,7.32,7.36,7.25,7.30,2585166
2020-11-23,7.43,7.53,7.38,7.49,3158839
2020-11-24,7.79,8.05,7.75,8.02,4775139
2020-11-25,7.64,7.68,7.53,7.64,3339946
2020-11-27,7.40,7.49,7.39,7.45,2756981
2020-11-30,7.27,7.30,7.12,7.12,5667658
2020-12-01,7.46,7.72,7.41,7.70,5165548
2020-12-02,7.65,7.84,7.63,7.82,3391313
2020-12-03,7.89,8.00,7.83,7.91,4407674
2020-12-04,8.05,8.11,7.96,8.06,6913765
2020-12-07,7.76,7.82,7.71,7.75,5990616
2020-12-08,7.77,7.84,7.72,7.80,4229636
2020-12-09,7.91,7.94,7.71,7.80,3232368
2020-12-10,7.38,7.72,7.37,7.55,8036407
2020-12-11,7.23,7.28,7.11,7.18,7501723
2020-12-14,7.65,7.68,7.50,7.51,5682593
2020-12-15,7.54,7.77,7.49,7.74,6471978
2020-12-16,7.81,7.82,7.71,7.75,4134738
2020-12-17,7.98,8.01,7.85,7.86,3434139
2020-12-18,7.81,7.84,7.75,7.80,3562214
2020-12-21,7.47,7.68,7.42,7.64,6505935
2020-12-22,7.76,7.79,7.68,7.73,5568184
2020-12-23,7.98,8.23,7.97,8.20,7377342
2020-12-24,8.36,8.39,8.09,8.11,3646465
2020-12-28,8.20,8.25,8.16,8.17,2337854
2020-12-29,8.11,8.12,8.01,8.04,4010822
2020-12-30,8.10,8.14,8.02,8.03,2652710
2020-12-31,7.99,8.01,7.92,7.99,2020926
2021-01-04,7.94,7.97,7.69,7.69,6499942
2021-01-05,7.65,7.84,7.64,7.81,4194691
2021-01-06,8.23,8.50,8.20,8.43,7469428
2021-01-07,8.39,8.47,8.33,8.36,4700012
2021-01-08,8.35,8.37,8.16,8.26,3898860
2021-01-11,8.07,8.22,8.04,8.20,3396048
2021-01-12,8.33,8.41,8.29,8.41,4159401
2021-01-13,8.29,8.33,8.23,8.28,3967323
2021-01-14,8.32,8.41,8.30,8.38,3317870
2021-01-15,8.16,8.17,7.95,8.03,4554801
2021-01-19,7.98,8.02,7.91,7.98,2841141
2021-01-20,7.91,7.96,7.88,7.94,2580295
2021-01-21,7.98,8.00,7.87,7.90,2281612
2021-01-22,7.77,7.83,7.72,7.81,2189053
2021-01-25,7.54,7.58,7.42,7.52,3801454
2021-01-26,7.62,7.67,7.57,7.60,2947389
2021-01-27,7.37,7.40,7.25,7.30,5729786
2021-01-28,7.33,7.61,7.32,7.54,7057274
2021-01-29,7.40,7.43,7.21,7.28,6075428
2021-02-01,7.39,7.42,7.32,7.40,3068459
2021-02-02,7.57,7.66,7.54,7.60,3571171
2021-02-03,7.67,7.77,7.65,7.73,3133691
2021-02-04,7.94,8.02,7.91,7.93,3825090
2021-02-05,8.07,8.11,7.96,8.03,3783756
2021-02-08,8.09,8.18,8.05,8.09,3615519
2021-02-09,8.13,8.18,8.08,8.14,2826071
2021-02-10,8.13,8.20,8.07,8.11,4179034
2021-02-11,7.99,8.04,7.93,8.02,4237008
2021-02-12,8.03,8.09,8.00,8.07,2916028
2021-02-16,8.48,8.68,8.46,8.67,6170509
2021-02-17,8.53,8.56,8.43,8.54,4020220
2021-02-18,8.19,8.24,8.04,8.20,6278859
2021-02-19,8.52,8.61,8.52,8.55,3098377
2021-02-22,8.49,8.68,8.47,8.57,3391549
2021-02-23,8.82,9.01,8.70,8.97,9402757
2021-02-24,9.09,9.31,9.06,9.26,4962698
2021-02-25,9.29,9.34,8.93,8.97,5504261
2021-02-26,8.90,8.93,8.76,8.83,5897139
2021-03-01,8.92,9.04,8.89,8.99,3738231
2021-03-02,9.02,9.10,8.99,9.04,3841742
2021-03-03,9.34,9.54,9.32,9.45,5608110
2021-03-04,9.34,9.43,9.07,9.21,6575352
2021-03-05,9.64,9.72,9.31,9.55,147612000
2021-03-08,9.77,9.86,9.67,9.75,9763233
2021-03-09,9.57,9.81,9.51,9.69,9080022
2021-03-10,9.65,9.75,9.57,9.74,5903087
2021-03-11,9.56,9.72,9.49,9.69,7120330
2021-03-12,9.90,10.10,9.87,10.10,6286152
2021-03-15,9.99,10.09,9.85,10.08,9059580
2021-03-16,10.21,10.22,10.05,10.15,7729579
2021-03-17,10.10,10.26,9.98,10.16,8060551
2021-03-18,10.10,10.29,9.97,10.00,8006991
2021-03-19,9.96,10.20,9.80,10.16,9678063
2021-03-22,10.14,10.15,9.97,9.99,4435747
2021-03-23,9.95,10.05,9.79,9.82,5740206
2021-03-24,10.02,10.20,9.94,9.95,7077174
2021-03-25,9.86,10.13,9.80,10.11,9874855
2021-03-26,10.10,10.16,9.91,10.06,8191065
2021-03-29,10.00,10.10,9.89,10.00,10099970
2021-03-30,10.16,10.39,10.16,10.36,6738232
2021-03-31,10.37,10.41,10.19,10.23,5680168
2021-04-01,10.19,10.21,10.10,10.19,4873410
2021-04-05,10.35,10.39,10.27,10.33,3204143
2021-04-06,10.28,10.37,10.21,10.26,6021323
2021-04-07,10.30,10.41,10.27,10.36,4171615
2021-04-08,10.29,10.37,10.21,10.34,4856429
2021-04-09,10.22,10.26,10.15,10.21,3051925
2021-04-12,10.35,10.42,10.30,10.35,3284647
2021-04-13,10.30,10.33,10.21,10.25,3569342
2021-04-14,10.22,10.43,10.21,10.31,4746719
2021-04-15,10.37,10.37,10.16,10.27,3980232
2021-04-16,10.41,10.51,10.39,10.50,3310243
2021-04-19,10.55,10.57,10.44,10.44,2743010
2021-04-20,10.31,10.32,10.09,10.13,5005695
2021-04-21,9.99,10.19,9.91,10.18,4885091
2021-04-22,10.10,10.15,10.00,10.00,3748445
2021-04-23,9.89,10.20,9.88,10.12,10506550
2021-04-26,10.23,10.37,10.23,10.29,11457400
2021-04-27,10.33,10.56,10.31,10.56,15152980
2021-04-28,10.47,10.63,10.46,10.63,12973750
2021-04-29,10.65,10.70,10.53,10.68,7388358
2021-04-30,9.89,9.89,9.55,9.57,15390200
2021-05-03,9.68,9.75,9.58,9.67,3153213
2021-05-04,9.54,9.67,9.41,9.65,9156881
2021-05-05,9.78,9.92,9.72,9.84,3821614
2021-05-06,9.90,9.97,9.77,9.97,6412636
2021-05-07,10.08,10.29,9.99,10.26,6239910
2021-05-10,10.47,10.54,10.32,10.33,6067809
2021-05-11,10.18,10.33,10.14,10.33,13726890
2021-05-12,10.30,10.38,10.07,10.09,9487890
2021-05-13,9.98,10.23,9.95,10.19,9867156
2021-05-14,10.27,10.42,10.24,10.39,5562000
2021-05-17,10.22,10.37,10.15,10.34,7611557
2021-05-18,10.34,10.39,10.28,10.28,6031505
2021-05-19,10.11,10.33,10.02,10.30,6221561
2021-05-20,10.22,10.31,10.14,10.28,4449711
2021-05-21,10.23,10.31,10.21,10.29,5596017
2021-05-24,10.25,10.39,10.21,10.36,4923443
2021-05-25,10.32,10.41,10.18,10.18,5204548
2021-05-26,10.11,10.35,10.07,10.31,6858449
2021-05-27,10.48,10.64,10.45,10.63,6481016
2021-05-28,10.57,10.62,10.46,10.58,5764789
2021-06-01,10.63,10.71,10.61,10.66,4115985
2021-06-02,10.66,10.74,10.59,10.73,5066921
2021-06-03,10.62,10.70,10.59,10.61,3556128
2021-06-04,10.63,10.63,10.52,10.62,2693317
2021-06-07,10.74,10.78,10.69,10.74,2982909
2021-06-08,10.60,10.67,10.54,10.63,4013050
2021-06-09,10.40,10.40,10.29,10.30,4437870
2021-06-10,10.34,10.38,10.24,10.24,4846652
2021-06-11,10.30,10.34,10.28,10.32,2471072
2021-06-14,10.27,10.33,10.20,10.24,3137508
2021-06-15,10.13,10.32,10.13,10.26,3541635
2021-06-16,10.10,10.25,10.03,10.20,3915350
2021-06-17,10.24,10.28,9.94,9.98,6337977
2021-06-18,9.73,9.78,9.56,9.56,6468281
2021-06-21,9.65,9.78,9.62,9.75,5127652
2021-06-22,9.69,9.79,9.64,9.75,4183344
2021-06-23,9.86,9.89,9.76,9.77,2470231
2021-06-24,9.84,9.92,9.78,9.90,2400815
2021-06-25,9.85,9.93,9.78,9.89,3229102
2021-06-28,9.81,9.81,9.66,9.77,7417649
2021-06-29,9.74,9.80,9.66,9.68,5579533
2021-06-30,9.57,9.66,9.55,9.65,2835811
2021-07-01,9.75,9.82,9.71,9.81,2664347
2021-07-02,9.76,9.76,9.63,9.70,2734850
2021-07-06,9.76,9.81,9.53,9.62,8711821
2021-07-07,9.56,9.67,9.52,9.61,4540682
2021-07-08,9.34,9.44,9.25,9.36,5040178
2021-07-09,9.66,9.79,9.58,9.79,5399592
2021-07-12,9.60,9.83,9.53,9.78,3463441
2021-07-13,9.67,9.71,9.54,9.59,3914845
2021-07-14,9.71,9.79,9.55,9.68,4179346
2021-07-15,9.47,9.57,9.40,9.47,4831579
2021-07-16,9.39,9.41,9.16,9.17,4835046
2021-07-19,8.89,8.93,8.71,8.79,6367004
2021-07-20,8.70,9.02,8.67,8.94,5415335
2021-07-21,9.19,9.36,9.19,9.30,4206650
2021-07-22,9.33,9.33,9.17,9.20,3547374
2021-07-23,9.36,9.40,9.27,9.28,2478642
2021-07-26,9.37,9.52,9.35,9.51,3935329
2021-07-27,9.43,9.55,9.36,9.49,4402713
2021-07-28,9.77,9.88,9.63,9.71,7459089
2021-07-29,10.01,10.05,9.91,9.96,6816387
2021-07-30,9.88,9.96,9.73,9.79,5257515
2021-08-02,9.95,10.06,9.75,9.78,6697002
2021-08-03,9.95,10.01,9.79,9.98,5522224
2021-08-04,10.00,10.08,9.96,10.00,3844509
2021-08-05,10.02,10.14,9.99,10.11,2824824
2021-08-06,10.26,10.32,10.24,10.30,3727901
2021-08-09,10.33,10.42,10.26,10.37,3951620
2021-08-10,10.32,10.43,10.30,10.43,3226031
2021-08-11,10.46,10.54,10.42,10.52,3463350
2021-08-12,10.42,10.45,10.31,10.39,2642304
2021-08-13,10.41,10.44,10.35,10.36,2220189
2021-08-16,10.27,10.31,10.18,10.27,2239267
2021-08-17,10.18,10.24,9.99,10.10,3403145
2021-08-18,10.01,10.19,9.98,10.05,3209792
2021-08-19,10.00,10.04,9.88,9.95,4816917
2021-08-20,9.86,9.97,9.83,9.96,4024448
2021-08-23,9.97,10.08,9.96,10.05,1980767
2021-08-24,10.01,10.15,10.01,10.13,1709998
2021-08-25,10.23,10.35,10.19,10.29,2029050
2021-08-26,10.30,10.35,10.15,10.17,2244541
2021-08-27,10.22,10.40,10.22,10.39,2088505
2021-08-30,10.39,10.39,10.18,10.19,1731557
2021-08-31,10.27,10.34,10.21,10.25,3166460
2021-09-01,10.32,10.33,10.23,10.25,2933581
2021-09-02,10.30,10.39,10.28,10.33,2221581
2021-09-03,10.33,10.44,10.32,10.38,3053751
2021-09-07,10.31,10.42,10.26,10.27,2633784
2021-09-08,10.20,10.24,10.09,10.09,2276364
2021-09-09,10.12,10.26,10.10,10.20,4196797
2021-09-10,10.17,10.20,10.07,10.07,4256175
2021-09-13,10.27,10.37,10.22,10.34,3834351
2021-09-14,10.36,10.38,10.05,10.07,3520277
2021-09-15,10.07,10.15,10.05,10.15,2572865
2021-09-16,10.21,10.28,10.12,10.25,2524797
2021-09-17,10.26,10.29,10.09,10.13,3109539
2021-09-20,9.81,9.82,9.57,9.72,5388706
2021-09-21,9.80,9.86,9.62,9.66,3303527
2021-09-22,9.91,10.08,9.91,9.93,2735131
2021-09-23,10.16,10.29,10.14,10.27,3218637
2021-09-24,10.19,10.29,10.18,10.21,2552866
2021-09-27,10.34,10.50,10.34,10.47,2777059
2021-09-28,10.31,10.36,10.19,10.20,4522664
2021-09-29,10.24,10.29,10.16,10.25,3413454
2021-09-30,10.41,10.45,10.28,10.32,3958153
2021-10-01,10.29,10.47,10.26,10.43,2780890
2021-10-04,10.41,10.55,10.33,10.38,2973692
2021-10-05,10.55,10.78,10.52,10.73,4177562
2021-10-06,10.56,10.75,10.51,10.75,4544484
2021-10-07,10.70,10.79,10.62,10.65,4214547
2021-10-08,10.77,10.85,10.73,10.80,2796184
2021-10-11,10.92,11.00,10.78,10.78,2020112
2021-10-12,10.87,10.93,10.81,10.89,2275356
2021-10-13,10.77,10.78,10.59,10.77,3344549
2021-10-14,10.93,10.94,10.80,10.84,2780998
2021-10-15,11.05,11.15,11.02,11.09,3896813
2021-10-18,11.02,11.15,11.01,11.11,2411746
2021-10-19,11.20,11.24,11.16,11.21,1747037
2021-10-20,11.02,11.26,11.00,11.24,3224988
2021-10-21,11.09,11.16,11.03,11.05,3578998
2021-10-22,11.16,11.26,11.05,11.20,3700418
2021-10-25,11.26,11.29,11.15,11.18,2913553
2021-10-26,11.32,11.40,11.26,11.27,2065448
2021-10-27,11.14,11.22,11.07,11.08,2674322
2021-10-28,11.11,11.20,11.09,11.20,2241836
2021-10-29,11.29,11.32,11.14,11.19,3185319
2021-11-01,11.09,11.18,11.06,11.18,4106032
2021-11-02,10.89,11.00,10.85,10.93,3462963
2021-11-03,11.04,11.18,11.01,11.15,2413814
2021-11-04,10.78,10.79,10.48,10.53,5897797
2021-11-05,10.62,10.66,10.49,10.55,2916866
2021-11-08,10.63,10.73,10.58,10.61,2233266
2021-11-09,10.54,10.57,10.45,10.48,1913912
2021-11-10,10.59,10.65,10.48,10.49,2256358
2021-11-11,10.67,10.73,10.63,10.67,2455227
2021-11-12,10.59,10.66,10.57,10.62,1453027
2021-11-15,10.75,10.77,10.66,10.68,1692034
2021-11-16,10.67,10.70,10.62,10.65,1901932
2021-11-17,10.76,10.78,10.66,10.74,2519069
2021-11-18,10.73,10.77,10.65,10.73,3278008
2021-11-19,10.48,10.50,10.38,10.42,2871862
2021-11-22,10.54,10.63,10.52,10.53,1739706
2021-11-23,10.59,10.63,10.52,10.56,2057657
2021-11-24,10.45,10.52,10.44,10.51,1977753
2021-11-26,10.02,10.03,9.85,9.98,4189465
2021-11-29,10.09,10.12,9.90,9.97,3010916
2021-11-30,10.01,10.05,9.85,9.90,5140890
2021-12-01,10.24,10.28,9.89,9.89,3766063
2021-12-02,10.00,10.20,9.98,10.14,3158971
2021-12-03,10.09,10.10,9.90,9.95,3671752
2021-12-06,10.04,10.13,10.00,10.00,3748373
2021-12-07,9.97,10.12,9.96,10.07,3556641
2021-12-08,10.03,10.09,9.96,9.99,3011553
2021-12-09,9.84,9.87,9.77,9.80,3469262
2021-12-10,9.88,9.90,9.79,9.83,2678878
2021-12-13,9.72,9.74,9.55,9.56,4695981
2021-12-14,9.64,9.78,9.63,9.63,3443922
2021-12-15,9.63,9.64,9.46,9.56,4555342
2021-12-16,9.87,9.95,9.75,9.78,5276882
2021-12-17,9.79,9.81,9.65,9.65,5272299
2021-12-20,9.67,9.69,9.52,9.60,5123928
2021-12-21,9.79,9.92,9.79,9.90,5964934
2021-12-22,10.05,10.15,10.00,10.13,8074583
2021-12-23,10.19,10.26,10.18,10.24,4915062
2021-12-27,10.27,10.36,10.19,10.36,2182164
2021-12-28,10.27,10.45,10.26,10.40,2599636
2021-12-29,10.32,10.41,10.30,10.37,8244427
2021-12-30,10.37,10.41,10.34,10.36,5853012
2021-12-31,10.32,10.38,10.28,10.35,1064654
2022-01-03,10.49,10.62,10.47,10.59,3174243
2022-01-04,10.76,10.91,10.74,10.81,4423606
2022-01-05,10.97,11.00,10.80,10.81,3284205
2022-01-06,10.96,11.16,10.91,11.16,3002265
2022-01-07,11.16,11.37,11.13,11.35,4457239
2022-01-10,11.52,11.56,11.41,11.55,5585986
2022-01-11,11.43,11.60,11.39,11.59,4753264
2022-01-12,11.76,11.86,11.73,11.84,3176542
2022-01-13,12.02,12.20,12.00,12.07,5071299
2022-01-14,11.92,12.10,11.88,12.09,7253085
2022-01-18,11.79,11.83,11.58,11.67,11826260
2022-01-19,11.58,11.59,11.41,11.44,10476900
2022-01-20,11.33,11.44,11.17,11.19,5188097
2022-01-21,11.04,11.06,10.80,10.86,7961477
2022-01-24,10.55,10.65,10.25,10.63,6335086
2022-01-25,10.73,11.03,10.55,10.95,5588939
2022-01-26,11.23,11.28,10.94,11.04,6105355
2022-01-27,11.26,11.30,10.93,11.05,8066167
2022-01-28,10.74,10.82,10.61,10.81,5982132
2022-01-31,10.77,10.89,10.72,10.89,3705424
2022-02-01,10.92,11.15,10.90,11.13,2890655
2022-02-02,11.24,11.35,11.17,11.31,3120103
2022-02-03,11.38,11.43,11.23,11.26,5032345
2022-02-04,10.96,11.24,10.88,11.19,5526378
2022-02-07,11.22,11.38,11.19,11.34,3497512
2022-02-08,11.35,11.45,11.33,11.45,4667577
2022-02-09,11.45,11.53,11.41,11.42,3298840
2022-02-10,11.43,11.62,11.38,11.40,3267794
2022-02-11,11.19,11.43,11.02,11.07,8563399
2022-02-14,10.91,10.95,10.55,10.68,17305770
2022-02-15,10.82,10.93,10.80,10.87,5480216
2022-02-16,10.74,10.87,10.74,10.78,3358228
2022-02-17,10.70,10.72,10.51,10.54,8473468
2022-02-18,10.56,10.65,10.47,10.49,3491666
2022-02-22,10.46,10.60,10.37,10.47,5768808
2022-02-23,11.07,11.19,10.72,10.74,5721577
2022-02-24,9.85,9.95,9.61,9.94,10617340
2022-02-25,10.20,10.38,10.20,10.35,6363002
2022-02-28,9.83,9.98,9.78,9.90,9436381
2022-03-01,9.71,9.74,9.23,9.31,9691922
2022-03-02,9.60,9.66,9.49,9.63,6782327
2022-03-03,9.41,9.43,9.11,9.13,6847156
2022-03-04,8.66,8.66,8.29,8.38,12397730
2022-03-07,8.22,8.31,7.88,7.94,12393320
2022-03-08,8.28,8.56,8.10,8.28,15067300
2022-03-09,8.61,8.75,8.57,8.66,8510474
2022-03-10,8.47,8.59,8.35,8.45,7257805
2022-03-11,8.63,8.69,8.42,8.42,5050471
2022-03-14,8.86,9.05,8.79,8.87,10170250
2022-03-15,8.97,9.03,8.80,8.94,9751486
2022-03-16,9.10,9.34,9.08,9.32,7336578
2022-03-17,9.14,9.27,9.03,9.25,8317276
2022-03-18,9.07,9.21,9.02,9.21,7320837
2022-03-21,9.07,9.12,9.00,9.05,6012514
2022-03-22,9.21,9.37,9.20,9.30,9037705
2022-03-23,9.17,9.22,9.07,9.10,4307753
2022-03-24,9.04,9.11,8.98,9.07,3419601
2022-03-25,9.00,9.06,8.96,9.05,6325195
2022-03-28,8.74,8.75,8.01,8.09,38775320
2022-03-29,8.35,8.42,8.26,8.38,17949020
2022-03-30,8.27,8.28,8.07,8.09,14777190
2022-03-31,8.00,8.05,7.88,7.90,23999900
2022-04-01,7.93,7.95,7.80,7.95,24500460
2022-04-04,7.79,7.90,7.73,7.83,18614960
2022-04-05,7.78,7.88,7.74,7.75,9744567
2022-04-06,7.63,7.74,7.54,7.66,12985400
2022-04-07,7.60,7.65,7.46,7.61,13641440
2022-04-08,7.62,7.72,7.60,7.67,8843763
2022-04-11,7.70,7.81,7.62,7.64,9995497
2022-04-12,7.61,7.67,7.51,7.54,8603672
2022-04-13,7.56,7.73,7.53,7.72,7668317
2022-04-14,7.75,7.79,7.64,7.66,10532930
2022-04-18,7.62,7.78,7.61,7.73,4699617
2022-04-19,7.65,7.79,7.64,7.79,9622379
2022-04-20,7.94,7.99,7.81,7.85,7392025
2022-04-21,7.98,8.03,7.82,7.82,7201657
2022-04-22,7.72,7.74,7.60,7.63,10696310
2022-04-25,7.52,7.66,7.41,7.64,11364590
2022-04-26,7.48,7.55,7.29,7.31,16267970
2022-04-27,7.26,7.33,7.19,7.28,13165400
2022-04-28,7.50,7.58,7.34,7.55,6334677
2022-04-29,7.58,7.64,7.43,7.45,9630785
2022-05-02,7.47,7.52,7.32,7.48,7658795
2022-05-03,7.68,7.77,7.66,7.75,8685832
2022-05-04,7.69,7.92,7.64,7.91,11553290
2022-05-05,7.63,7.67,7.48,7.58,12991540
2022-05-06,7.50,7.56,7.40,7.50,10151070
2022-05-09,7.37,7.45,7.29,7.36,9869858
2022-05-10,7.41,7.42,7.13,7.25,10691470
2022-05-11,7.35,7.47,7.14,7.15,7926241
2022-05-12,7.19,7.34,7.10,7.24,15769610
2022-05-13,7.38,7.52,7.36,7.50,5562278
2022-05-16,7.57,7.69,7.53,7.63,8631878
2022-05-17,7.89,7.97,7.85,7.96,6810225
2022-05-18,7.82,7.88,7.70,7.73,5510067
2022-05-19,7.72,7.88,7.71,7.84,8820888
2022-05-20,7.90,7.91,7.64,7.79,5759275
2022-05-23,7.99,8.26,7.94,8.10,9516165
2022-05-24,8.33,8.39,8.25,8.37,9105284
2022-05-25,8.30,8.49,8.30,8.42,5923847
2022-05-26,8.47,8.68,8.47,8.62,4534539
2022-05-27,8.75,8.79,8.69,8.74,4071148
2022-05-31,8.68,8.72,8.64,8.68,4591652
2022-06-01,8.69,8.70,8.44,8.54,4844860
2022-06-02,8.58,8.58,8.41,8.52,3747185
2022-06-03,8.47,8.49,8.37,8.42,2890520
2022-06-06,8.74,8.78,8.63,8.65,6316799
2022-06-07,8.54,8.67,8.51,8.67,4492980
2022-06-08,8.58,8.62,8.42,8.49,7475783
2022-06-09,8.46,8.49,8.28,8.28,7137325
2022-06-10,8.15,8.15,7.92,7.96,10950930
2022-06-13,7.71,7.78,7.62,7.68,9896922
2022-06-14,7.64,7.72,7.46,7.57,8442415
2022-06-15,7.90,8.06,7.83,7.99,7623472
2022-06-16,7.71,7.78,7.63,7.70,7496910
2022-06-17,7.77,7.86,7.67,7.77,5740898
2022-06-21,8.03,8.06,7.95,7.98,4474066
2022-06-22,7.98,8.14,7.96,8.04,5477019
2022-06-23,7.81,7.82,7.54,7.66,6255040
2022-06-24,7.84,7.96,7.83,7.94,5441959
2022-06-27,7.93,7.97,7.83,7.92,6074476
2022-06-28,7.98,8.06,7.84,7.85,5113410
2022-06-29,7.79,7.80,7.66,7.72,5117032
2022-06-30,7.48,7.63,7.41,7.60,5528750
2022-07-01,7.47,7.62,7.38,7.60,5082042
2022-07-05,7.21,7.31,7.10,7.31,13680760
2022-07-06,7.15,7.18,7.06,7.15,8723346
2022-07-07,7.33,7.41,7.33,7.36,5852240
2022-07-08,7.44,7.45,7.34,7.42,4634522
2022-07-11,7.31,7.34,7.25,7.27,7065384
2022-07-12,7.10,7.37,7.09,7.25,5682022
2022-07-13,7.22,7.26,7.10,7.23,6883292
2022-07-14,7.02,7.04,6.88,6.96,13819260
2022-07-15,7.11,7.28,7.07,7.25,9154525
2022-07-18,7.52,7.58,7.41,7.43,7373115
2022-07-19,7.65,7.75,7.62,7.73,7666771
2022-07-20,7.61,7.70,7.57,7.65,8651739
2022-07-21,7.58,7.73,7.57,7.73,5550002
2022-07-22,7.69,7.75,7.59,7.62,4184670
2022-07-25,7.78,7.90,7.77,7.87,4390820
2022-07-26,7.66,7.71,7.58,7.61,5533603
2022-07-27,7.72,7.89,7.68,7.89,6083433
2022-07-28,7.44,7.52,7.32,7.48,7205273
2022-07-29,7.60,7.80,7.58,7.79,8261930
2022-08-01,7.94,8.02,7.87,8.00,8475150
2022-08-02,8.00,8.02,7.86,7.86,5815705
2022-08-03,8.00,8.12,7.98,8.07,4784318
2022-08-04,7.97,8.02,7.95,8.00,4623470
2022-08-05,7.95,8.12,7.93,8.09,6814612
2022-08-08,8.17,8.22,8.12,8.13,3692034
2022-08-09,8.20,8.24,8.12,8.16,3788636
2022-08-10,8.33,8.52,8.33,8.47,7185071
2022-08-11,8.43,8.48,8.38,8.45,7587571
2022-08-12,8.47,8.57,8.45,8.57,5782408
2022-08-15,8.48,8.54,8.40,8.52,4771010
2022-08-16,8.37,8.45,8.36,8.44,5480503
2022-08-17,8.30,8.35,8.24,8.29,6581730
2022-08-18,8.26,8.26,8.17,8.21,4622579
2022-08-19,8.06,8.06,7.91,7.94,6519902
2022-08-22,7.80,7.83,7.75,7.79,6749005
2022-08-23,7.88,7.94,7.86,7.86,5462569
2022-08-24,7.73,7.87,7.71,7.81,5456143
2022-08-25,7.85,7.97,7.83,7.97,5195480
2022-08-26,7.98,8.00,7.70,7.70,5726940
2022-08-29,7.63,7.75,7.62,7.70,4211184
2022-08-30,7.90,7.92,7.75,7.80,4736253
2022-08-31,7.80,7.86,7.78,7.79,4853551
2022-09-01,7.63,7.65,7.51,7.61,5005492
2022-09-02,7.82,7.99,7.70,7.72,9484250
2022-09-06,7.96,7.97,7.79,7.83,7083129
2022-09-07,7.61,7.73,7.60,7.71,5454144
2022-09-08,7.62,7.84,7.59,7.84,5403146
2022-09-09,7.97,8.03,7.95,8.01,5260384
2022-09-12,8.21,8.35,8.20,8.25,5672548
2022-09-13,8.10,8.21,7.96,7.97,6344261
2022-09-14,7.98,8.04,7.90,7.94,8832121
2022-09-15,7.94,8.12,7.93,8.02,14564290
2022-09-16,7.96,7.99,7.85,7.92,7394631
2022-09-19,7.80,7.97,7.76,7.96,5646331
2022-09-20,7.92,7.96,7.78,7.83,5958201
2022-09-21,7.74,7.75,7.52,7.53,8797063
2022-09-22,7.70,7.72,7.50,7.53,8384384
2022-09-23,7.31,7.31,7.00,7.08,19018000
2022-09-26,7.00,7.11,6.84,6.90,15974690
2022-09-27,6.90,6.92,6.67,6.72,16851480
2022-09-28,6.38,6.68,6.36,6.66,17130580
2022-09-29,6.39,6.49,6.32,6.48,16090270
2022-09-30,6.39,6.52,6.36,6.40,11188880
2022-10-03,6.57,6.68,6.49,6.61,10682240
2022-10-04,6.86,7.02,6.84,6.96,10406340
2022-10-05,6.74,6.82,6.67,6.78,9704748
2022-10-06,6.61,6.64,6.50,6.52,8872665
2022-10-07,6.49,6.51,6.40,6.43,9565408
2022-10-10,6.46,6.49,6.31,6.35,12669090
2022-10-11,6.28,6.33,6.10,6.12,15950410
2022-10-12,5.91,6.12,5.88,6.05,14351960
2022-10-13,6.29,6.64,6.21,6.56,18177360
2022-10-14,6.61,6.67,6.42,6.43,15220190
2022-10-17,6.72,6.78,6.66,6.66,10242510
2022-10-18,6.82,6.84,6.71,6.77,11479290
2022-10-19,6.60,6.64,6.49,6.55,8265047
2022-10-20,6.63,6.74,6.52,6.57,9218572
2022-10-21,6.44,6.68,6.41,6.66,11073930
2022-10-24,6.84,6.91,6.80,6.82,9589211
2022-10-25,6.83,7.04,6.81,7.01,12368830
2022-10-26,6.98,7.07,6.96,7.00,6729070
2022-10-27,7.02,7.11,6.99,6.99,6679134
2022-10-28,6.85,6.94,6.79,6.92,6025199
2022-10-31,6.86,6.97,6.84,6.92,8394272
2022-11-01,7.07,7.09,7.00,7.02,6751945
2022-11-02,6.99,7.10,6.85,6.88,9515093
2022-11-03,6.69,6.80,6.66,6.74,9381298
2022-11-04,6.92,7.15,6.92,7.14,9273551
2022-11-07,7.09,7.18,7.06,7.16,7392820
2022-11-08,7.22,7.28,7.17,7.24,5296048
2022-11-09,7.12,7.17,7.06,7.07,7581672
2022-11-10,7.30,7.50,7.27,7.50,7676622
2022-11-11,7.53,7.67,7.51,7.63,5146718
2022-11-14,7.50,7.58,7.47,7.50,6614379
2022-11-15,7.63,7.63,7.43,7.50,7906653
2022-11-16,7.48,7.49,7.40,7.42,4947704
2022-11-17,7.39,7.57,7.38,7.54,6447713
2022-11-18,7.64,7.65,7.56,7.60,4944446
2022-11-21,7.58,7.59,7.49,7.58,5498917
2022-11-22,7.58,7.65,7.57,7.60,3622039
2022-11-23,7.66,7.74,7.66,7.70,3628257
2022-11-25,7.74,7.84,7.74,7.81,2841238
2022-11-28,7.79,7.82,7.61,7.63,4192497
2022-11-29,7.75,7.88,7.75,7.84,3822929
2022-11-30,7.88,7.95,7.74,7.95,5023279
2022-12-01,7.95,7.98,7.85,7.89,3950059
2022-12-02,7.80,7.83,7.78,7.82,3934446
2022-12-05,7.83,7.86,7.67,7.70,5280342
2022-12-06,7.88,7.94,7.75,7.81,7047960
2022-12-07,7.79,7.81,7.70,7.76,5021725
2022-12-08,7.79,7.81,7.72,7.75,4076983
2022-12-09,7.81,7.98,7.81,7.93,4355875
2022-12-12,7.84,7.93,7.79,7.93,4469242
2022-12-13,8.11,8.15,8.04,8.07,5996163
2022-12-14,8.06,8.10,7.96,7.98,7903532
2022-12-15,7.83,7.84,7.62,7.66,7581972
2022-12-16,7.57,7.63,7.50,7.61,5813492
2022-12-19,7.64,7.72,7.59,7.61,5274428
2022-12-20,7.61,7.72,7.61,7.69,5117203
2022-12-21,7.73,7.80,7.72,7.78,6597701
2022-12-22,7.72,7.72,7.60,7.69,4327277
2022-12-23,7.70,7.81,7.70,7.79,3365079
2022-12-27,7.77,7.83,7.75,7.81,2477700
2022-12-28,7.83,7.86,7.73,7.74,2826611
2022-12-29,7.75,7.82,7.74,7.80,3540006
2022-12-30,7.75,7.83,7.75,7.80,2742009
2023-01-03,7.93,8.01,7.90,7.97,6075388
2023-01-04,8.13,8.29,8.13,8.29,5913272
2023-01-05,8.32,8.40,8.30,8.38,4835129
2023-01-06,8.32,8.47,8.29,8.46,4293223
2023-01-09,8.54,8.56,8.47,8.49,3935867
2023-01-10,8.44,8.50,8.40,8.49,2515481
2023-01-11,8.53,8.58,8.53,8.57,2071282
2023-01-12,8.74,8.83,8.66,8.79,3687650
2023-01-13,8.78,8.96,8.77,8.96,3901096
2023-01-17,9.03,9.05,8.95,9.01,4409726
2023-01-18,9.14,9.18,9.00,9.01,4358760
2023-01-19,8.87,8.93,8.83,8.92,4413490
2023-01-20,8.92,8.97,8.90,8.96,2660437
2023-01-23,8.98,9.08,8.97,9.08,2925219
2023-01-24,9.00,9.04,8.94,8.94,2904604
2023-01-25,9.01,9.15,9.00,9.15,5172483
2023-01-26,9.28,9.31,9.21,9.31,3826896
2023-01-27,9.25,9.32,9.22,9.30,3172689
2023-01-30,9.30,9.36,9.27,9.27,3669748
2023-01-31,9.20,9.29,9.17,9.28,4471205
2023-02-01,9.18,9.40,9.15,9.35,6898292
2023-02-02,9.34,9.36,9.23,9.27,4336254
2023-02-03,9.17,9.24,9.12,9.14,4663993
2023-02-06,9.05,9.09,9.01,9.07,5111192
2023-02-07,9.15,9.26,9.12,9.23,5359463
2023-02-08,9.25,9.26,9.20,9.20,3931561
2023-02-09,9.42,9.44,9.18,9.20,5529223
2023-02-10,9.09,9.11,9.00,9.05,4402373
2023-02-13,9.06,9.15,9.03,9.14,2313348
2023-02-14,9.15,9.29,9.13,9.22,3664788
2023-02-15,8.37,8.48,8.29,8.45,8127228
2023-02-16,8.35,8.50,8.33,8.46,4282893
2023-02-17,8.42,8.44,8.36,8.43,5197732
2023-02-21,8.44,8.46,8.30,8.34,4375750
2023-02-22,8.35,8.43,8.33,8.36,5765904
2023-02-23,8.41,8.43,8.25,8.32,5932164
2023-02-24,8.20,8.24,8.18,8.23,3523491
2023-02-27,8.33,8.39,8.31,8.35,3836259
2023-02-28,8.48,8.55,8.45,8.46,4736082
2023-03-01,8.48,8.51,8.40,8.46,3801847
2023-03-02,8.29,8.33,8.25,8.32,3849862
2023-03-03,8.27,8.39,8.26,8.39,4223831
2023-03-06,8.31,8.39,8.31,8.38,2055123
2023-03-07,8.30,8.30,8.04,8.07,5475916
2023-03-08,8.06,8.12,8.03,8.06,3195662
2023-03-09,7.88,7.94,7.76,7.77,5379763
2023-03-10,7.60,7.71,7.43,7.53,12390320
2023-03-13,7.27,7.33,7.13,7.24,17722740
2023-03-14,7.61,7.66,7.34,7.40,12793940
2023-03-15,6.79,6.92,6.67,6.79,30257400
2023-03-16,6.82,7.02,6.78,6.98,25243910
2023-03-17,6.82,6.84,6.71,6.75,10231480
2023-03-20,6.69,6.75,6.63,6.67,20628140
2023-03-21,7.02,7.09,6.93,6.93,12517270
2023-03-22,7.11,7.11,6.85,6.86,14801900
2023-03-23,7.07,7.09,6.62,6.65,20967480
2023-03-24,6.42,6.60,6.38,6.60,17291320
2023-03-27,6.74,6.81,6.70,6.75,12985580
2023-03-28,6.70,6.78,6.67,6.72,7978467
2023-03-29,6.93,6.99,6.90,6.96,11205860
2023-03-30,7.19,7.21,7.06,7.09,9702673
2023-03-31,7.17,7.22,7.13,7.19,10106880
2023-04-03,7.33,7.40,7.30,7.37,8022433
2023-04-04,7.44,7.46,7.24,7.33,7271192
2023-04-05,7.43,7.46,7.31,7.40,7063613
2023-04-06,7.46,7.58,7.45,7.55,7650848
2023-04-10,7.49,7.62,7.47,7.56,5483501
2023-04-11,7.61,7.62,7.56,7.56,4398593
2023-04-12,7.67,7.69,7.59,7.59,5934011
2023-04-13,7.68,7.69,7.62,7.67,5425312
2023-04-14,7.86,7.90,7.81,7.84,6928311
2023-04-17,7.62,7.74,7.60,7.73,6543241
2023-04-18,7.79,7.80,7.71,7.77,7058302
2023-04-19,7.70,7.82,7.69,7.80,7081370
2023-04-20,7.66,7.71,7.60,7.62,12955550
2023-04-21,7.57,7.63,7.52,7.62,6438277
2023-04-24,7.63,7.75,7.62,7.73,8365807
2023-04-25,7.53,7.54,7.39,7.42,9314771
2023-04-26,7.58,7.71,7.58,7.61,9040956
2023-04-27,7.97,8.19,7.97,8.17,10596800
2023-04-28,7.94,8.07,7.92,8.07,7684359
2023-05-01,8.09,8.14,7.96,7.99,6839409
2023-05-02,7.92,7.93,7.67,7.77,13811030
2023-05-03,7.62,7.74,7.60,7.61,12237000
2023-05-04,7.52,7.57,7.36,7.47,15739450
2023-05-05,7.63,7.86,7.61,7.82,11865480
2023-05-08,7.86,7.89,7.79,7.82,8444006
2023-05-09,7.71,7.80,7.70,7.77,10435550
2023-05-10,7.79,7.79,7.65,7.75,11065550
2023-05-11,7.59,7.70,7.55,7.68,8929359
2023-05-12,7.74,7.75,7.64,7.66,7212928
2023-05-15,7.70,7.88,7.68,7.83,8743643
2023-05-16,7.76,7.80,7.65,7.65,8304776
2023-05-17,7.75,7.95,7.71,7.92,9754327
2023-05-18,7.88,7.92,7.82,7.92,8721783
2023-05-19,7.94,8.01,7.92,7.99,7782398
2023-05-22,7.98,8.02,7.91,8.01,8819530
2023-05-23,8.06,8.17,8.04,8.04,8455533
2023-05-24,7.91,7.92,7.82,7.84,8015810
2023-05-25,7.79,7.84,7.73,7.78,6726064
2023-05-26,7.76,7.83,7.73,7.81,8105098
2023-05-30,7.80,7.83,7.69,7.76,8754229
2023-05-31,7.58,7.58,7.44,7.52,9618545
2023-06-01,7.59,7.69,7.57,7.65,5900461
2023-06-02,7.77,7.89,7.76,7.86,8384463
2023-06-05,7.82,7.82,7.68,7.75,7892247
2023-06-06,7.75,7.93,7.73,7.91,9354640
2023-06-07,7.90,7.96,7.86,7.93,9780652
2023-06-08,7.95,7.97,7.88,7.95,7243564
2023-06-09,7.88,7.91,7.85,7.88,6616925
2023-06-12,7.86,7.89,7.74,7.81,10200140
2023-06-13,7.82,7.97,7.81,7.95,8970896
2023-06-14,8.02,8.08,7.95,7.97,10628330
2023-06-15,7.86,7.93,7.85,7.92,8073472
2023-06-16,7.94,7.96,7.89,7.93,8804828
2023-06-20,7.97,7.97,7.88,7.93,6077787
2023-06-21,7.78,7.82,7.72,7.72,8864404
2023-06-22,7.59,7.61,7.52,7.52,9207461
2023-06-23,7.40,7.44,7.38,7.41,6621781
2023-06-26,7.36,7.44,7.36,7.37,6560963
2023-06-27,7.44,7.50,7.38,7.49,5711970
2023-06-28,7.51,7.56,7.48,7.53,6467782
2023-06-29,7.59,7.68,7.58,7.67,4662291
2023-06-30,7.84,7.88,7.80,7.86,8613821
2023-07-03,7.89,8.00,7.88,7.97,5649981
2023-07-05,7.73,7.74,7.62,7.63,8270026
2023-07-06,7.53,7.55,7.45,7.54,9317883
2023-07-07,7.54,7.71,7.54,7.67,8791081
2023-07-10,7.62,7.69,7.61,7.65,10923260
2023-07-11,7.73,7.84,7.71,7.82,10699560
2023-07-12,8.01,8.14,8.01,8.09,11293980
2023-07-13,8.18,8.28,8.17,8.26,11111370
2023-07-14,8.30,8.30,8.16,8.16,11290220
2023-07-17,8.20,8.27,8.17,8.22,6069411
2023-07-18,8.20,8.41,8.20,8.40,7267037
2023-07-19,8.50,8.58,8.46,8.55,8002247
2023-07-20,8.55,8.60,8.49,8.52,9159195
2023-07-21,8.49,8.50,8.41,8.44,8661093
2023-07-24,8.41,8.53,8.41,8.48,7547258
2023-07-25,8.47,8.50,8.40,8.42,6716897
2023-07-26,8.40,8.63,8.39,8.60,8442603
2023-07-27,8.18,8.19,7.83,7.84,18376320
2023-07-28,7.99,8.04,7.96,8.00,8010480
2023-07-31,8.00,8.07,7.96,7.99,7227315
2023-08-01,7.86,7.88,7.73,7.79,7754542
2023-08-02,7.57,7.59,7.45,7.49,9257747
2023-08-03,7.58,7.67,7.54,7.65,9095068
2023-08-04,7.65,7.79,7.65,7.71,10566950
2023-08-07,7.77,7.80,7.71,7.77,8926219
2023-08-08,7.56,7.62,7.46,7.61,10683760
2023-08-09,7.64,7.71,7.55,7.58,12273240
2023-08-10,7.56,7.64,7.48,7.50,10434530
2023-08-11,7.47,7.54,7.44,7.51,10930320
2023-08-14,7.42,7.49,7.37,7.48,8412831
2023-08-15,7.41,7.42,7.30,7.32,13975580
2023-08-16,7.38,7.45,7.38,7.39,9997318
2023-08-17,7.44,7.48,7.38,7.41,8508741
2023-08-18,7.33,7.40,7.32,7.36,8974327
2023-08-21,7.41,7.42,7.34,7.39,7551037
2023-08-22,7.37,7.40,7.26,7.27,7545494
2023-08-23,7.27,7.37,7.26,7.34,6270203
2023-08-24,7.34,7.42,7.33,7.33,8758381
2023-08-25,7.39,7.40,7.25,7.34,11829180
2023-08-28,7.40,7.52,7.40,7.47,6690736
2023-08-29,7.51,7.66,7.50,7.66,5319416
2023-08-30,7.67,7.69,7.60,7.61,5524834
2023-08-31,7.59,7.60,7.47,7.51,7043903
2023-09-01,7.60,7.65,7.54,7.55,9857307
2023-09-05,7.64,7.67,7.50,7.51,8095454
2023-09-06,7.50,7.55,7.43,7.47,7132928
2023-09-07,7.43,7.48,7.35,7.36,11088430
2023-09-08,7.35,7.45,7.34,7.42,6337768
2023-09-11,7.53,7.58,7.51,7.54,6709850
2023-09-12,7.61,7.78,7.59,7.74,11193220
2023-09-13,7.85,7.90,7.82,7.85,8962463
2023-09-14,7.95,7.99,7.91,7.97,9679592
2023-09-15,7.98,8.04,7.96,8.00,9523998
2023-09-18,7.95,7.97,7.85,7.86,8123247
2023-09-19,7.90,7.97,7.89,7.94,9844033
2023-09-20,7.96,8.03,7.80,7.82,8146424
2023-09-21,7.68,7.79,7.67,7.71,9415118
2023-09-22,7.76,7.77,7.64,7.66,10705280
2023-09-25,7.57,7.63,7.52,7.62,7062838
2023-09-26,7.78,7.93,7.76,7.79,13005750
2023-09-27,7.79,7.80,7.66,7.75,10138910
2023-09-28,7.73,7.88,7.73,7.83,5922203
2023-09-29,7.84,7.89,7.77,7.79,6736774
2023-10-02,7.77,7.80,7.57,7.59,9308296
2023-10-03,7.57,7.58,7.47,7.50,7168896
2023-10-04,7.55,7.57,7.47,7.57,7859746
2023-10-05,7.46,7.54,7.45,7.53,8170968
2023-10-06,7.55,7.70,7.49,7.66,9833169
2023-10-09,7.48,7.55,7.45,7.52,8070068
2023-10-10,7.76,7.79,7.73,7.76,8217555
2023-10-11,7.83,7.87,7.75,7.82,8256125
2023-10-12,7.58,7.59,7.39,7.43,13524440
2023-10-13,7.49,7.56,7.40,7.41,10031630
2023-10-16,7.50,7.55,7.43,7.54,9930737
2023-10-17,7.52,7.65,7.51,7.59,9212032
2023-10-18,7.48,7.48,7.34,7.35,12835870
2023-10-19,7.22,7.34,7.16,7.18,14931220
2023-10-20,7.19,7.20,7.04,7.07,13550890
2023-10-23,7.04,7.14,7.01,7.02,14114000
2023-10-24,6.51,6.58,6.31,6.53,19529050
2023-10-25,6.46,6.54,6.40,6.51,12303230
2023-10-26,6.43,6.47,6.36,6.42,14095000
2023-10-27,6.35,6.36,6.23,6.24,15422760
2023-10-30,6.38,6.42,6.32,6.42,16745630
2023-10-31,6.43,6.46,6.38,6.43,13353960
2023-11-01,6.34,6.39,6.27,6.33,13463630
2023-11-02,6.48,6.60,6.48,6.60,12387890
2023-11-03,6.71,6.82,6.71,6.78,14052310
2023-11-06,6.86,6.87,6.73,6.75,13615200
2023-11-07,6.72,6.74,6.67,6.69,6372395
2023-11-08,6.70,6.75,6.67,6.68,8926636
2023-11-09,6.74,6.78,6.64,6.66,11944300
2023-11-10,6.63,6.73,6.58,6.71,13119970
2023-11-13,6.70,6.75,6.68,6.71,8506528
2023-11-14,6.84,6.96,6.83,6.91,11632690
2023-11-15,7.02,7.05,6.98,6.99,13395130
2023-11-16,6.93,6.96,6.91,6.94,13318880
2023-11-17,7.11,7.22,7.08,7.20,10877370
2023-11-20,7.13,7.18,7.12,7.18,9769529
2023-11-21,7.12,7.18,7.09,7.13,8416607
2023-11-22,7.06,7.08,7.03,7.07,13389380
2023-11-24,7.16,7.24,7.14,7.22,5112283
2023-11-27,7.17,7.20,7.10,7.14,15840480
2023-11-28,7.15,7.18,7.11,7.16,8280196
2023-11-29,7.15,7.28,7.14,7.22,17631450
2023-11-30,7.22,7.26,7.16,7.22,18402670
2023-12-01,7.22,7.42,7.20,7.40,18877680
2023-12-04,7.28,7.36,7.06,7.08,36337820
2023-12-05,7.11,7.13,7.02,7.04,19935570
2023-12-06,7.10,7.20,7.06,7.07,19214670
2023-12-07,7.08,7.17,7.06,7.16,14511550
2023-12-08,7.22,7.35,7.21,7.34,17508420
2023-12-11,7.28,7.31,7.24,7.29,17387100
2023-12-12,7.25,7.27,7.19,7.25,15806260
2023-12-13,7.20,7.46,7.15,7.45,21079030
2023-12-14,7.68,7.93,7.65,7.78,28311010
2023-12-15,7.55,7.61,7.48,7.48,11520620
2023-12-18,7.54,7.54,7.46,7.48,7139182
2023-12-19,7.61,7.66,7.61,7.62,11597410
2023-12-20,7.78,7.82,7.65,7.67,12674090
2023-12-21,7.75,7.79,7.71,7.76,8673358
2023-12-22,7.82,7.93,7.82,7.87,7117537
2023-12-26,7.86,8.00,7.85,7.97,11781420
2023-12-27,7.93,8.00,7.92,7.95,11009190
2023-12-28,7.90,7.95,7.88,7.89,11084090
2023-12-29,7.89,7.91,7.83,7.88,13868840
2024-01-02,7.91,8.03,7.87,7.92,21972830
2024-01-03,7.81,7.95,7.78,7.87,27234870
2024-01-04,7.88,8.05,7.87,7.94,21791940
2024-01-05,7.96,8.11,7.95,8.03,22603500
2024-01-08,8.01,8.11,7.97,8.10,21619060
2024-01-09,7.98,8.00,7.88,7.90,22304020
2024-01-10,7.91,7.95,7.87,7.93,21479070
2024-01-11,7.66,7.68,7.47,7.52,26340620
2024-01-12,7.65,7.70,7.47,7.52,27873260
2024-01-16,7.32,7.33,7.23,7.27,20099690
2024-01-17,7.18,7.25,7.16,7.22,17339940
2024-01-18,7.28,7.31,7.21,7.29,17159420
2024-01-19,7.26,7.37,7.23,7.36,17320170
2024-01-22,7.43,7.53,7.42,7.48,15352260
2024-01-23,7.56,7.61,7.50,7.58,16858200
2024-01-24,7.64,7.66,7.57,7.58,19274230
2024-01-25,7.58,7.61,7.46,7.54,21605920
2024-01-26,7.70,7.74,7.65,7.72,19452420
2024-01-29,7.61,7.67,7.54,7.66,15779100
2024-01-30,7.68,7.79,7.68,7.76,15670430
2024-01-31,7.73,7.78,7.54,7.54,23229440
2024-02-01,7.66,7.70,7.47,7.65,25513540
2024-02-02,7.76,7.79,7.66,7.70,21506360
2024-02-05,7.50,7.53,7.38,7.42,12147990
2024-02-06,7.46,7.51,7.44,7.50,9327033
2024-02-07,7.45,7.47,7.32,7.43,10773650
2024-02-08,7.39,7.41,7.29,7.35,6306953
2024-02-09,7.32,7.34,7.26,7.32,7542402
2024-02-12,7.26,7.39,7.26,7.32,10218400
2024-02-13,7.22,7.23,7.07,7.12,15359490
2024-02-14,7.24,7.28,7.20,7.24,10192290
2024-02-15,7.24,7.40,7.24,7.37,14937840
2024-02-16,7.50,7.54,7.44,7.47,14513080
2024-02-20,8.20,8.39,8.18,8.37,24253910
2024-02-21,8.33,8.45,8.29,8.45,20469160
2024-02-22,8.34,8.48,8.32,8.46,18882310
2024-02-23,8.46,8.51,8.41,8.50,15460850
2024-02-26,8.57,8.60,8.46,8.52,17649860
2024-02-27,8.59,8.62,8.54,8.56,11457230
2024-02-28,8.68,8.71,8.61,8.63,16063340
2024-02-29,8.52,8.55,8.37,8.50,15294800
2024-03-01,8.68,8.71,8.57,8.66,15270000
2024-03-04,8.67,8.78,8.67,8.71,13841230
2024-03-05,8.64,8.81,8.63,8.72,16261470
2024-03-06,8.87,8.88,8.78,8.86,18884630
2024-03-07,8.90,9.02,8.89,9.02,14487610
2024-03-08,9.03,9.09,8.93,8.97,15656000
2024-03-11,9.02,9.11,9.01,9.11,14785340
2024-03-12,9.18,9.25,9.12,9.22,14604920
2024-03-13,9.13,9.25,9.12,9.17,14901840
2024-03-14,9.17,9.20,8.94,8.98,19341510
2024-03-15,9.12,9.23,9.11,9.14,17230530
2024-03-18,9.12,9.14,9.07,9.08,11785100
2024-03-19,9.01,9.08,8.99,9.00,12131730
2024-03-20,9.02,9.27,9.01,9.27,15853020
2024-03-21,9.34,9.48,9.33,9.36,20584590
2024-03-22,9.34,9.38,9.23,9.25,13656610
2024-03-25,9.23,9.34,9.23,9.26,12399610
2024-03-26,9.30,9.33,9.23,9.25,10277060
2024-03-27,9.28,9.42,9.28,9.42,17262180
2024-03-28,9.46,9.55,9.41,9.45,22363450
2024-04-01,9.43,9.48,9.25,9.29,17423640
2024-04-02,9.39,9.45,9.35,9.42,25557700
2024-04-03,9.47,9.70,9.47,9.65,19424030
2024-04-04,9.95,9.98,9.70,9.71,25787230
2024-04-05,9.71,9.78,9.63,9.74,24878440
2024-04-08,9.82,9.94,9.82,9.87,20700490
2024-04-09,9.91,9.94,9.65,9.73,20359480
2024-04-10,9.61,9.72,9.53,9.59,22640210
2024-04-11,9.41,9.42,9.27,9.36,19524770
2024-04-12,9.26,9.33,9.16,9.18,21726340
2024-04-15,9.29,9.38,9.12,9.16,18983360
2024-04-16,9.05,9.09,8.95,9.00,21446760
2024-04-17,9.09,9.17,9.03,9.10,16828500
2024-04-18,9.17,9.31,9.14,9.24,21732870
2024-04-19,9.28,9.37,9.26,9.35,16301660
2024-04-22,9.42,9.54,9.40,9.52,13716070
2024-04-23,9.59,9.71,9.55,9.70,20748210
2024-04-24,9.63,9.64,9.55,9.60,19214750
2024-04-25,10.17,10.45,10.14,10.36,32294960
2024-04-26,10.29,10.46,10.27,10.42,20566340
2024-04-29,10.34,10.38,10.26,10.29,14370560
2024-04-30,10.30,10.36,10.23,10.24,17050760
2024-05-01,10.29,10.43,10.22,10.27,19280470
2024-05-02,10.26,10.30,10.15,10.25,15768760
2024-05-03,10.19,10.29,10.15,10.26,21807130
2024-05-06,10.39,10.45,10.35,10.39,6080849
2024-05-07,10.64,10.69,10.60,10.62,15378020
2024-05-08,10.61,10.73,10.58,10.72,13407620
2024-05-09,10.71,10.79,10.70,10.78,8629397
2024-05-10,10.82,10.85,10.78,10.79,12062560
2024-05-13,10.84,10.88,10.82,10.84,7211963
2024-05-14,10.97,11.06,10.92,11.04,11138400
2024-05-15,10.95,11.00,10.88,10.94,8322149
2024-05-16,10.99,11.02,10.93,10.94,10548320
2024-05-17,11.03,11.14,11.02,11.12,5822886
2024-05-20,11.12,11.15,11.01,11.02,7867816
2024-05-21,11.02,11.18,11.00,11.17,15289250
2024-05-22,11.09,11.11,10.78,10.84,13692210
2024-05-23,11.09,11.11,10.87,10.91,14207930
2024-05-24,11.02,11.14,11.01,11.08,8629542
2024-05-28,11.25,11.31,11.21,11.25,10424010
2024-05-29,11.07,11.08,10.97,10.98,10294940
2024-05-30,11.24,11.27,11.14,11.26,11676340
2024-05-31,11.30,11.36,11.24,11.35,8998482
2024-06-03,11.32,11.42,11.24,11.41,10611520
2024-06-04,11.16,11.20,11.02,11.09,12741220
2024-06-05,11.05,11.07,10.93,11.02,10128650
2024-06-06,11.07,11.15,11.07,11.12,10061800
2024-06-07,11.10,11.20,11.07,11.07,12457900
2024-06-10,10.94,11.08,10.88,11.05,9028124
2024-06-11,10.86,10.86,10.68,10.73,15692970
2024-06-12,10.82,10.89,10.72,10.77,16077450
2024-06-13,10.68,10.68,10.54,10.60,15003830
2024-06-14,10.18,10.45,10.17,10.41,17838650
2024-06-17,10.46,10.60,10.45,10.59,10166490
2024-06-18,10.55,10.63,10.54,10.56,10637440
2024-06-20,10.63,10.74,10.61,10.72,10914300
2024-06-21,10.45,10.50,10.37,10.44,10572450
2024-06-24,10.60,10.66,10.56,10.63,7884314
2024-06-25,10.55,10.58,10.49,10.54,7825324
2024-06-26,10.46,10.52,10.44,10.51,10063940
2024-06-27,10.72,10.79,10.63,10.68,12399010
2024-06-28,10.65,10.73,10.64,10.71,9966279
2024-07-01,10.86,10.93,10.81,10.87,10773790
2024-07-02,10.79,10.89,10.73,10.89,8115510
2024-07-03,11.13,11.22,11.12,11.18,6534335
2024-07-05,11.44,11.46,11.28,11.37,8921665
2024-07-08,11.50,11.56,11.38,11.48,10765760
2024-07-09,11.12,11.24,11.10,11.17,9763753
2024-07-10,11.27,11.40,11.23,11.40,11375700
2024-07-11,11.47,11.59,11.44,11.59,9931286
2024-07-12,11.60,11.64,11.53,11.60,8655714
2024-07-15,11.63,11.76,11.63,11.74,10732480
2024-07-16,11.71,11.90,11.69,11.90,7740990
2024-07-17,12.06,12.12,11.96,12.02,13552430
2024-07-18,12.01,12.05,11.68,11.74,13989200
2024-07-19,11.85,11.97,11.79,11.85,13011660
2024-07-22,11.93,11.99,11.87,11.99,6626242
2024-07-23,11.90,11.97,11.89,11.95,8867612
2024-07-24,11.89,11.92,11.70,11.70,9360026
2024-07-25,11.70,11.87,11.65,11.75,8078997
2024-07-26,11.89,12.01,11.86,11.98,11422560
2024-07-29,12.06,12.08,11.89,11.94,11375360
2024-07-30,11.94,12.06,11.93,11.99,13525960
2024-07-31,11.95,12.07,11.90,11.92,14951040
2024-08-01,11.90,11.90,11.24,11.31,14714530
2024-08-02,10.87,10.88,10.61,10.73,16034560
2024-08-05,10.32,10.75,10.22,10.59,30376950
2024-08-06,10.52,10.81,10.48,10.72,19953040
2024-08-07,11.09,11.12,10.76,10.84,17775470
2024-08-08,10.98,11.03,10.91,11.00,14050160
2024-08-09,11.07,11.27,11.05,11.26,16563100
2024-08-12,11.29,11.37,11.22,11.23,13215700
2024-08-13,11.23,11.42,11.21,11.40,15160690
2024-08-14,11.42,11.50,11.42,11.46,9212742
2024-08-15,11.81,11.94,11.74,11.86,13687090
2024-08-16,11.71,11.89,11.71,11.87,9924286
2024-08-19,11.88,11.99,11.88,11.98,10807390
2024-08-20,11.83,11.86,11.78,11.82,12074010
2024-08-21,11.87,11.89,11.76,11.87,12567210
2024-08-22,11.90,11.94,11.82,11.90,11658790
2024-08-23,11.99,12.25,11.99,12.22,9318751
2024-08-26,12.19,12.27,12.15,12.21,7992719
2024-08-27,12.15,12.49,12.15,12.45,20844770
2024-08-28,11.88,11.98,11.83,11.87,15384870
2024-08-29,12.05,12.11,11.93,12.06,10842000
2024-08-30,12.06,12.18,12.03,12.17,8887591
2024-09-03,11.84,11.90,11.68,11.73,17823680
2024-09-04,11.83,11.90,11.72,11.74,24428630
2024-09-05,12.17,12.21,12.02,12.12,28224790
2024-09-06,12.00,12.06,11.52,11.55,31590430
2024-09-09,11.75,11.88,11.74,11.79,13837020
2024-09-10,11.76,11.77,11.32,11.51,27349060
2024-09-11,11.42,11.51,11.22,11.49,28222830
2024-09-12,11.52,11.61,11.42,11.56,20542610
2024-09-13,11.65,11.77,11.64,11.74,24114270
2024-09-16,11.76,11.88,11.73,11.85,14553110
2024-09-17,11.98,12.02,11.86,11.91,15249610
2024-09-18,11.99,12.15,11.88,11.95,15363880
2024-09-19,12.10,12.28,12.01,12.25,16640090
2024-09-20,12.24,12.24,12.09,12.22,14706040
2024-09-23,12.05,12.12,12.00,12.03,10040190
2024-09-24,12.23,12.29,12.15,12.22,8107318
2024-09-25,12.20,12.21,11.96,11.97,8378351
2024-09-26,12.28,12.39,12.21,12.35,11713580
2024-09-27,12.33,12.40,12.28,12.30,6632238
2024-09-30,12.15,12.20,12.05,12.15,8063018
2024-10-01,12.13,12.13,11.74,11.77,16958590
2024-10-02,11.78,11.87,11.74,11.79,11549180
2024-10-03,11.58,11.69,11.47,11.64,9916203
2024-10-04,11.97,12.10,11.94,12.07,9382825
2024-10-07,12.09,12.16,12.04,12.12,10427770
2024-10-08,12.16,12.17,12.03,12.12,8261630
2024-10-09,12.07,12.23,12.05,12.19,6128621
2024-10-10,12.29,12.30,12.19,12.26,8384273
2024-10-11,12.21,12.48,12.21,12.45,9245409
2024-10-14,12.27,12.38,12.23,12.35,6906650
2024-10-15,12.37,12.44,12.28,12.29,11801030
2024-10-16,12.42,12.57,12.41,12.52,12047720
2024-10-17,12.75,12.96,12.72,12.94,13997300
2024-10-18,12.82,12.87,12.71,12.84,9332682
2024-10-21,12.78,12.81,12.58,12.61,7987312
2024-10-22,12.62,12.76,12.59,12.75,8913656
2024-10-23,12.51,12.58,12.39,12.47,11386610
2024-10-24,13.09,13.20,12.97,13.18,11844740
2024-10-25,12.90,12.97,12.57,12.59,9212057
2024-10-28,12.45,12.73,12.43,12.68,9169829
2024-10-29,12.61,12.65,12.51,12.55,10311190
2024-10-30,12.69,12.99,12.62,12.70,10030980
2024-10-31,12.68,12.71,12.34,12.41,13122940
2024-11-01,12.64,12.72,12.52,12.53,10123250
2024-11-04,12.88,12.89,12.67,12.68,10117700
2024-11-05,12.76,12.90,12.74,12.86,7802185
2024-11-06,13.10,13.50,13.06,13.49,14337200
2024-11-07,13.47,13.48,13.20,13.27,8243699
2024-11-08,13.13,13.16,12.99,13.09,9045901
2024-11-11,13.41,13.57,13.39,13.48,8741339
2024-11-12,13.36,13.37,13.13,13.22,10920810
2024-11-13,13.39,13.40,13.19,13.21,8170659
2024-11-14,13.16,13.19,12.91,12.96,11754920
2024-11-15,13.14,13.22,13.09,13.21,12471700
2024-11-18,13.20,13.32,13.16,13.26,8532504
2024-11-19,12.96,13.11,12.93,13.08,6432707
2024-11-20,13.21,13.26,13.09,13.24,9058785
2024-11-21,13.20,13.41,13.15,13.32,16163070
2024-11-22,12.88,13.04,12.84,12.97,12732930
2024-11-25,13.34,13.43,13.29,13.35,9495106
2024-11-26,13.26,13.29,13.12,13.14,8174098
2024-11-27,13.16,13.27,13.16,13.23,8522776
2024-11-29,13.43,13.52,13.37,13.48,8141629
2024-12-02,13.46,13.49,13.26,13.36,8851858
2024-12-03,13.51,13.54,13.42,13.45,7375404
2024-12-04,13.45,13.46,13.30,13.38,8678487
2024-12-05,13.60,13.71,13.57,13.60,9431415
2024-12-06,13.68,13.68,13.46,13.54,9795895
2024-12-09,13.72,13.76,13.52,13.53,7026489
2024-12-10,13.57,13.59,13.29,13.30,17134310
2024-12-11,13.62,13.68,13.51,13.65,18483850
2024-12-12,13.69,13.83,13.56,13.56,12548980
2024-12-13,13.62,13.65,13.51,13.55,12472850
2024-12-16,13.71,13.72,13.59,13.67,11257320
2024-12-17,13.52,13.53,13.32,13.33,17357100
2024-12-18,13.49,13.58,12.98,12.98,17577330
2024-12-19,13.01,13.08,12.91,12.92,18590000
2024-12-20,12.84,13.20,12.80,13.08,19854450
2024-12-23,13.05,13.21,13.01,13.19,15847870
2024-12-24,13.20,13.46,13.18,13.45,8216835
2024-12-26,13.36,13.45,13.35,13.43,8447020
2024-12-27,13.26,13.38,13.22,13.28,18529660
2024-12-30,13.26,13.35,13.18,13.29,11187050
2024-12-31,13.35,13.44,13.23,13.29,6475721
2025-01-02,13.17,13.24,13.06,13.13,16465310
2025-01-03,13.29,13.30,13.15,13.30,12154440
2025-01-06,13.49,13.75,13.49,13.61,17613620
2025-01-07,13.38,13.41,13.21,13.25,12093700
2025-01-08,13.01,13.22,12.97,13.19,16586150
2025-01-10,12.86,12.91,12.62,12.69,21049700
2025-01-13,12.58,12.84,12.55,12.83,17957490
2025-01-14,12.88,13.08,12.82,13.03,11929780
2025-01-15,13.72,14.07,13.66,14.04,21918370
2025-01-16,13.87,14.02,13.86,13.99,24297160
2025-01-17,14.16,14.29,14.13,14.26,20320200
2025-01-21,14.53,14.92,14.47,14.90,18347020
2025-01-22,14.60,14.64,14.45,14.48,16738180
2025-01-23,14.71,14.87,14.68,14.76,18055630
2025-01-24,14.66,14.77,14.60,14.62,12572160
2025-01-27,14.59,14.64,14.33,14.46,13653210
2025-01-28,14.41,14.60,14.38,14.59,13367540
2025-01-29,14.66,14.89,14.58,14.67,15227820
2025-01-30,14.81,14.90,14.66,14.80,17162980
2025-01-31,14.76,14.86,14.64,14.68,15276350
2025-02-03,14.31,14.54,14.22,14.39,19132810
2025-02-04,14.58,14.75,14.54,14.65,14292140
2025-02-05,14.72,14.88,14.66,14.86,9532088
2025-02-06,15.14,15.32,15.12,15.27,14285600
2025-02-07,15.18,15.27,15.04,15.07,11340910
2025-02-10,15.18,15.19,14.93,14.98,12417140
2025-02-11,15.12,15.27,15.06,15.23,12837830
2025-02-12,15.43,15.43,15.24,15.39,23267920
2025-02-13,14.62,14.73,14.46,14.54,23013070
2025-02-14,14.78,14.89,14.75,14.88,18505490
2025-02-18,15.45,15.65,15.38,15.65,17133260
2025-02-19,15.39,15.48,15.33,15.37,11465660
2025-02-20,15.38,15.43,15.06,15.17,11589040
2025-02-21,15.48,15.51,15.13,15.18,18200140
2025-02-24,15.27,15.29,14.90,15.11,34099720
2025-02-25,15.47,15.52,15.03,15.45,64545110
2025-02-26,15.50,15.92,15.48,15.78,38510820
2025-02-27,15.56,16.02,15.49,15.69,54890240
2025-02-28,15.62,15.95,15.51,15.84,100072800
2025-03-03,16.00,16.23,15.68,15.83,34899710
2025-03-04,15.39,16.08,14.97,15.71,38367730
2025-03-05,15.85,16.27,15.75,16.24,20728860
2025-03-06,16.20,16.32,15.89,16.02,19088720
2025-03-07,15.87,16.02,15.59,15.94,18084680
2025-03-10,15.01,15.12,14.51,14.79,20095440
2025-03-11,14.66,15.21,14.58,15.10,18782870
2025-03-12,15.42,15.60,15.22,15.56,15379760
2025-03-13,15.35,15.41,15.03,15.03,11533210
2025-03-14,15.32,15.73,15.25,15.72,19456730
2025-03-17,15.45,15.70,15.45,15.61,10570950
2025-03-18,15.97,16.16,15.86,16.06,15696030
2025-03-19,15.96,16.28,15.91,16.16,14276990
2025-03-20,15.79,16.03,15.78,15.97,16939900
2025-03-21,15.51,15.80,15.42,15.75,14020660
2025-03-24,15.94,16.09,15.92,15.99,12584270
2025-03-25,16.19,16.29,16.13,16.25,16347730
2025-03-26,16.18,16.34,16.01,16.06,10841900
2025-03-27,15.86,15.99,15.76,15.88,11370650
2025-03-28,15.61,15.67,15.34,15.39,14271410
2025-03-31,15.05,15.40,14.97,15.36,17801150
2025-04-01,15.49,15.52,15.26,15.40,17216480
2025-04-02,15.25,15.76,15.25,15.74,20434940
2025-04-03,14.48,14.64,14.28,14.31,25562230
2025-04-04,13.03,13.35,12.71,13.17,21119560
2025-04-07,12.18,13.34,12.14,12.78,19869820
2025-04-08,13.39,13.48,12.51,12.69,17669870
2025-04-09,12.61,14.18,12.33,13.96,20451760
2025-04-10,13.89,13.90,13.22,13.56,16888030
2025-04-11,13.54,14.01,13.42,13.94,17124150
2025-04-14,14.37,14.51,14.15,14.27,11882280
2025-04-15,14.70,14.94,14.67,14.71,18617590
2025-04-16,14.69,14.85,14.44,14.56,20201710
2025-04-17,14.68,14.91,14.62,14.72,17624100
2025-04-21,14.72,14.73,14.32,14.50,8142591
2025-04-22,15.02,15.29,14.96,15.23,19996720
2025-04-23,15.66,15.89,15.55,15.64,16071650
2025-04-24,15.46,15.70,15.42,15.63,13488990
2025-04-25,15.57,15.82,15.55,15.82,11103250
2025-04-28,16.00,16.08,15.83,15.97,9366611
2025-04-29,16.07,16.18,15.94,16.13,14447930
2025-04-30,15.59,16.11,15.52,16.06,18129810
2025-05-01,15.83,15.96,15.77,15.82,13920270
2025-05-02,16.20,16.36,16.07,16.25,15216570
2025-05-05,16.19,16.57,16.17,16.38,7006194
2025-05-06,16.04,16.22,16.02,16.11,12784080
2025-05-07,15.99,16.14,15.88,15.95,12556440
2025-05-08,16.34,16.41,16.19,16.35,14965670
2025-05-09,16.43,16.55,16.36,16.53,15504290
2025-05-12,16.77,16.85,16.57,16.70,12954640
2025-05-13,16.86,17.07,16.83,17.00,12880290
2025-05-14,17.09,17.31,17.06,17.23,21093630
2025-05-15,17.36,17.44,17.20,17.34,14796740
2025-05-16,17.34,17.48,17.33,17.42,13874550
2025-05-19,17.44,17.75,17.43,17.73,17246120
2025-05-20,17.77,17.87,17.72,17.85,12342830
2025-05-21,17.85,17.89,17.57,17.57,18457900
2025-05-22,17.45,17.76,17.43,17.64,15914730
2025-05-23,17.34,17.75,17.33,17.65,14515680
2025-05-27,17.87,17.96,17.82,17.91,8940811
2025-05-28,17.74,17.75,17.55,17.65,11603810
2025-05-29,17.92,17.94,17.66,17.80,18591480
2025-05-30,17.72,17.88,17.67,17.83,13084020
2025-06-02,17.81,17.93,17.63,17.93,10041820
2025-06-03,17.79,18.05,17.76,17.99,12663290
2025-06-04,17.80,17.91,17.69,17.69,14640990
2025-06-05,17.83,17.95,17.78,17.87,12639040
2025-06-06,18.13,18.23,18.09,18.21,12739100
2025-06-09,18.14,18.20,18.09,18.13,8379753
2025-06-10,17.83,17.93,17.56,17.58,11658130
2025-06-11,17.67,17.75,17.55,17.55,10240580
2025-06-12,17.70,17.84,17.64,17.76,13348000
2025-06-13,17.31,17.58,17.25,17.38,9992182
2025-06-16,17.72,17.91,17.68,17.73,10350380
2025-06-17,17.61,17.70,17.48,17.50,15083150
2025-06-18,17.54,17.76,17.51,17.66,12726260
2025-06-20,17.69,17.71,17.53,17.58,14488760
2025-06-23,17.29,17.60,17.22,17.60,14716630
2025-06-24,18.20,18.32,18.13,18.26,13713670
2025-06-25,18.10,18.22,18.04,18.17,11590730
2025-06-26,18.32,18.45,18.29,18.33,11435420
2025-06-27,18.73,18.75,18.45,18.61,23962860
2025-06-30,18.47,18.65,18.46,18.59,13833480
2025-07-01,18.34,18.40,18.13,18.33,19931200
2025-07-02,17.86,17.96,17.73,17.88,21953670
2025-07-03,18.30,18.32,18.20,18.26,15538490
2025-07-07,18.29,18.39,18.11,18.19,16514850
2025-07-08,18.32,18.36,18.14,18.31,21680870
2025-07-09,18.50,18.64,18.44,18.63,15751620
2025-07-10,18.66,18.82,18.66,18.81,14252850
2025-07-11,18.47,18.52,18.33,18.40,12656740
2025-07-14,18.49,18.68,18.44,18.64,15991700
2025-07-15,18.58,18.61,18.39,18.48,26192640
2025-07-16,18.68,18.76,18.48,18.73,31584970
2025-07-17,18.64,19.04,18.64,19.01,21239590
2025-07-18,18.85,19.02,18.79,18.88,23649190
2025-07-21,18.96,19.23,18.89,19.03,16583180
2025-07-22,18.91,19.02,18.68,18.94,19132030
2025-07-23,19.07,19.48,19.07,19.46,22996660
2025-07-24,19.57,19.66,19.39,19.40,20716620
2025-07-25,19.53,19.63,19.40,19.62,16139150
2025-07-28,19.62,19.65,19.30,19.41,28083860
2025-07-29,19.82,20.07,19.73,20.05,22739140
2025-07-30,19.96,20.07,19.74,19.86,12818630
2025-07-31,19.82,19.88,19.55,19.62,17397620
2025-08-01,19.13,19.24,18.79,19.10,16531210
2025-08-04,19.43,19.43,19.22,19.32,15013340
2025-08-05,19.49,19.52,19.15,19.39,15353130
2025-08-06,19.45,19.61,19.40,19.56,13475580
2025-08-07,19.77,19.80,19.57,19.75,17711750
2025-08-08,19.77,20.02,19.66,19.94,13365230
2025-08-11,19.91,20.08,19.89,20.05,9418918
2025-08-12,20.26,20.43,20.23,20.41,10968790
2025-08-13,20.52,20.52,20.24,20.45,11235050
2025-08-14,20.30,20.56,20.30,20.55,8518944
2025-08-15,20.50,20.52,20.17,20.27,12672930
2025-08-18,20.18,20.30,20.14,20.29,8177166
2025-08-19,20.35,20.38,20.08,20.12,10530440
2025-08-20,20.18,20.29,19.95,20.26,10693700
2025-08-21,20.11,20.25,20.07,20.22,8462736
2025-08-22,20.30,20.58,20.29,20.47,8055065
2025-08-25,20.40,20.55,20.38,20.40,7094815
2025-08-26,20.17,20.43,20.10,20.40,7264450
2025-08-27,19.96,20.19,19.95,20.13,8558796
2025-08-28,19.99,20.13,19.95,20.03,8176548
2025-08-29,19.37,19.73,19.37,19.63,8560554
2025-09-02,19.35,19.59,19.29,19.56,9791263
2025-09-03,19.52,19.70,19.49,19.68,8693406
2025-09-04,19.88,20.12,19.86,20.11,11460020
2025-09-05,20.08,20.12,19.62,19.71,11238570
2025-09-08,19.90,19.99,19.70,19.94,9129710
2025-09-09,20.00,20.39,19.96,20.31,11430470
2025-09-10,20.41,20.55,20.40,20.49,6825154
2025-09-11,20.58,20.81,20.57,20.79,8923720
2025-09-12,20.69,20.82,20.69,20.72,6550191
2025-09-15,21.10,21.13,20.98,21.05,7147130
2025-09-16,20.80,20.82,20.54,20.63,7290327
2025-09-17,20.73,20.94,20.59,20.77,7211253
2025-09-18,20.75,21.06,20.71,21.01,10687440
2025-09-19,20.85,20.94,20.71,20.72,6884195
2025-09-22,20.89,20.97,20.77,20.93,6363321
2025-09-23,21.05,21.22,20.93,20.97,7481433
2025-09-24,20.84,20.95,20.68,20.72,8844397
2025-09-25,20.33,20.38,20.16,20.31,7174609
2025-09-26,20.63,20.68,20.52,20.60,5530686
2025-09-29,20.74,20.80,20.52,20.63,5238994
2025-09-30,20.70,20.82,20.43,20.67,8123369
2025-10-01,20.64,20.74,20.54,20.60,6689247
2025-10-02,20.67,20.75,20.42,20.63,7427046
2025-10-03,20.91,21.00,20.83,20.97,5374100
2025-10-06,20.73,20.77,20.46,20.63,5917575
2025-10-07,20.60,20.70,20.41,20.44,6693253
2025-10-08,20.74,20.77,20.46,20.48,4952275
2025-10-09,20.36,20.37,19.89,19.93,6141667
2025-10-10,20.09,20.22,19.72,19.74,7168040
2025-10-13,19.93,20.11,19.91,20.08,5386997
2025-10-14,20.19,20.56,20.06,20.44,7707872
2025-10-15,20.28,20.44,20.19,20.33,6324770
2025-10-16,20.56,20.56,19.89,19.95,7880948
2025-10-17,19.48,19.70,19.29,19.36,11643210
2025-10-20,19.54,19.64,19.48,19.62,6586210
2025-10-21,19.62,19.75,19.49,19.49,5067488
2025-10-22,20.47,20.64,20.30,20.35,9632592
2025-10-23,20.75,20.81,20.51,20.61,6799058
2025-10-24,20.52,20.79,20.52,20.68,6808276
2025-10-27,21.14,21.31,21.07,21.27,6078832
2025-10-28,21.29,21.59,21.25,21.57,7774596
2025-10-29,21.55,21.61,21.24,21.36,6372735
2025-10-30,21.38,21.52,21.32,21.34,4944277
2025-10-31,21.31,21.55,21.27,21.49,5971355
2025-11-03,21.40,21.52,21.30,21.51,5505213
2025-11-04,20.98,21.33,20.94,21.11,4472808
2025-11-05,21.18,21.40,21.09,21.26,6564043
2025-11-06,21.60,21.68,21.41,21.59,4839349
2025-11-07,21.42,21.75,21.27,21.75,5487925
2025-11-10,22.00,22.28,21.89,22.21,5739683
2025-11-11,22.37,22.41,22.15,22.18,4637613
2025-11-12,22.40,22.59,22.38,22.51,5350249
2025-11-13,22.58,22.64,22.21,22.25,5245116
2025-11-14,21.79,21.91,21.66,21.70,5078104
2025-11-17,21.70,21.74,21.09,21.16,9296858
2025-11-18,20.83,21.29,20.81,21.09,7258803
2025-11-19,20.99,21.23,20.95,21.12,6285042
2025-11-20,21.16,21.22,20.50,20.53,6472787
2025-11-21,20.73,20.85,20.48,20.84,7365275
2025-11-24,21.00,21.17,20.95,21.12,4693384
2025-11-25,21.59,21.74,21.46,21.69,4531354
2025-11-26,22.40,22.54,22.29,22.38,5955150
2025-11-28,22.84,22.91,22.75,22.79,3841727
2025-12-01,22.78,22.85,22.71,22.75,4566431
2025-12-02,23.01,23.18,22.96,23.09,5359298
2025-12-03,22.98,23.30,22.95,23.26,5418925
2025-12-04,23.34,23.57,23.33,23.40,5485673
2025-12-05,23.50,23.50,23.16,23.22,4034287
2025-12-08,23.25,23.30,23.14,23.26,4918458
2025-12-09,23.35,23.49,23.08,23.14,4616997
2025-12-10,23.46,23.89,23.45,23.82,5615443
2025-12-11,23.95,24.22,23.93,24.19,6196835
2025-12-12,24.11,24.16,23.76,23.84,4146531
2025-12-15,24.41,24.51,24.26,24.34,5162839
2025-12-16,24.18,24.34,24.14,24.26,5514095
2025-12-17,24.71,24.83,24.36,24.37,7099902
2025-12-18,24.80,24.91,24.64,24.79,5507086
2025-12-19,25.06,25.26,25.03,25.14,5830896
2025-12-22,25.11,25.35,25.09,25.33,5723960
2025-12-23,25.34,25.57,25.33,25.48,4514396
2025-12-24,25.50,25.67,25.45,25.63,1938797
2025-12-26,25.68,25.76,25.60,25.74,2773630
2025-12-29,25.55,25.57,25.40,25.48,5454845
2025-12-30,25.78,25.82,25.43,25.59,7783673
2025-12-31,25.54,25.59,25.42,25.45,2819201
2026-01-02,25.99,26.05,25.75,26.05,6813887
2026-01-05,26.03,26.44,26.03,26.32,5512123
2026-01-06,26.58,26.64,26.21,26.25,6593236
2026-01-07,25.96,26.07,25.79,25.83,5365341
2026-01-08,25.95,26.12,25.93,26.07,4035356
2026-01-09,25.96,26.09,25.83,25.96,3828467
2026-01-12,25.46,25.70,25.44,25.63,5358798
2026-01-13,25.86,25.91,25.59,25.78,5700895
2026-01-14,25.93,25.99,25.73,25.89,5520664
2026-01-15,25.81,26.07,25.79,25.90,4155942
2026-01-16,26.03,26.30,25.95,26.17,3558588
2026-01-20,25.65,25.98,25.57,25.63,5259668
2026-01-21,25.62,25.92,25.46,25.84,6570594
2026-01-22,26.17,26.32,26.07,26.13,4521047
2026-01-23,26.21,26.24,26.00,26.20,4306073
2026-01-26,26.34,26.52,26.34,26.38,3855067
2026-01-27,26.97,27.20,26.86,27.19,3976768
2026-01-28,26.73,26.82,26.28,26.55,4973072
2026-01-29,26.96,27.08,26.38,26.88,5877622
2026-01-30,26.96,27.06,26.54,26.75,5065753
2026-02-02,26.94,27.54,26.94,27.51,4583438
2026-02-03,27.34,27.70,27.15,27.52,7131874
2026-02-04,26.95,27.15,26.34,26.52,8807851
2026-02-05,25.62,26.04,25.36,25.48,8887534
2026-02-06,26.16,26.45,26.14,26.41,5846673
2026-02-09,25.88,26.84,25.88,26.71,7073143
2026-02-10,26.10,26.27,25.75,26.16,7738754
2026-02-11,26.59,26.76,25.96,26.16,7473305
2026-02-12,26.19,26.32,25.15,25.54,8551258
2026-02-13,24.54,25.31,24.31,25.31,14524180
2026-02-17,25.35,26.02,25.35,25.96,9856889
2026-02-18,26.45,26.71,26.27,26.42,5913916
2026-02-19,25.87,25.92,25.61,25.91,6399358
2026-02-20,25.86,26.05,25.61,25.99,6523683
2026-02-23,26.07,26.17,25.00,25.11,7673438
2026-02-24,24.73,25.25,24.67,25.14,6417579
2026-02-25,25.31,25.75,25.26,25.63,5214945
2026-02-26,25.72,25.85,25.16,25.29,12608380
2026-02-27,24.88,24.92,24.05,24.28,12874020
2026-03-02,22.88,23.84,22.85,23.71,12053570
2026-03-03,22.31,23.20,22.21,23.07,15136240
2026-03-04,23.07,23.38,22.92,23.34,8822415
2026-03-05,22.85,23.06,22.18,22.43,10038650
2026-03-06,21.75,21.99,21.50,21.86,8625949
2026-03-09,21.20,22.01,20.96,21.96,10216760
2026-03-10,22.52,22.89,22.14,22.45,9655859
2026-03-11,22.21,22.37,22.00,22.20,7570257
2026-03-12,21.28,21.34,20.70,20.89,13477230
2026-03-13,20.81,20.98,20.39,20.47,10517160
2026-03-16,20.86,21.07,20.73,20.81,8986155
2026-03-17,21.28,21.39,21.08,21.14,8123978
2026-03-18,21.31,21.48,20.94,20.96,7339674
2026-03-19,20.08,20.93,20.08,20.80,12120730
2026-03-20,20.73,20.74,19.84,20.07,13441890
2026-03-23,20.79,21.15,20.54,20.68,10977860
2026-03-24,20.33,20.82,20.27,20.68,10088750
2026-03-25,21.39,21.44,20.91,21.14,7753411
2026-03-26,20.66,20.93,20.59,20.66,8215310
2026-03-27,20.35,20.58,20.14,20.24,6177662
2026-03-30,20.28,20.51,20.07,20.21,5283050
2026-03-31,20.88,21.23,20.61,21.16,10004150
2026-04-01,21.87,22.05,21.66,21.83,10670410
2026-04-02,21.13,21.88,21.09,21.80,7607468
2026-04-06,21.82,22.05,21.63,21.92,5146394
2026-04-07,21.70,21.96,21.43,21.91,8943412
2026-04-08,24.09,24.10,23.32,23.51,12176070
2026-04-09,23.20,23.59,23.09,23.40,5702543
2026-04-10,23.90,23.91,23.66,23.73,7405933
2026-04-13,23.35,23.86,23.23,23.83,7528851
2026-04-14,23.95,24.08,23.86,23.92,9166673
2026-04-15,23.92,24.06,23.83,23.91,6284171
2026-04-16,24.12,24.14,23.50,23.50,8071634
2026-04-17,24.43,24.73,24.26,24.30,9228161
2026-04-20,24.06,24.18,23.82,24.06,7047903
2026-04-21,23.98,24.10,23.36,23.41,7479531
2026-04-22,23.58,23.60,23.27,23.32,5324785
2026-04-23,23.07,23.17,22.50,22.77,6632892
2026-04-24,22.86,23.04,22.73,22.95,5211568
2026-04-27,23.08,23.25,23.05,23.09,5372724
2026-04-28,22.92,23.14,22.79,23.00,5376522
2026-04-29,23.10,23.28,22.85,23.00,7982757
2026-04-30,23.16,23.54,23.03,23.41,7459405
2026-05-01,23.42,23.73,23.33,23.43,6114543
2026-05-04,23.63,23.63,22.75,22.85,4465883
2026-05-05,22.96,23.06,22.53,22.83,6002376
2026-05-06,24.16,24.26,23.90,24.02,6001961
2026-05-07,24.05,24.08,23.26,23.29,6221185
2026-05-08,23.92,23.98,23.60,23.71,6329252
2026-05-11,23.59,23.60,23.05,23.17,8909490
2026-05-12,22.25,22.77,22.19,22.73,8203700
2026-05-13,22.56,22.96,22.54,22.84,5708917
2026-05-14,23.24,23.46,22.95,23.01,6516406
2026-05-15,22.53,22.66,22.43,22.53,5609403
2026-05-18,22.82,23.05,22.75,22.94,5893594
2026-05-19,22.85,22.96,22.60,22.63,4652012
2026-05-20,22.99,23.88,22.95,23.87,7062901
2026-05-21,23.51,24.11,23.44,23.97,4179465
2026-05-22,24.00,24.07,23.79,23.83,3667040
2026-05-26,24.52,24.64,24.28,24.53,4156898
2026-05-27,24.67,24.75,24.40,24.56,4357241
2026-05-28,24.15,24.45,24.00,24.34,4643695
2026-05-29,24.62,24.93,24.49,24.53,4924915
2026-06-01,24.19,24.55,24.11,24.52,5513156
2026-06-02,24.89,25.37,24.86,25.28,5288454
2026-06-03,25.01,25.01,24.58,24.69,4707189
2026-06-04,24.75,25.02,24.68,25.01,3569900
2026-06-05,24.67,24.81,24.13,24.27,5620388
2026-06-08,24.48,24.58,24.21,24.23,4371025
2026-06-09,24.74,24.81,23.77,24.32,5486199
2026-06-10,24.08,24.11,23.64,23.64,5834029
2026-06-11,23.96,24.80,23.83,24.75,6494531
2026-06-12,25.24,25.47,25.07,25.47,5597289
2026-06-15,25.93,25.98,25.61,25.64,3832806
2026-06-16,26.16,26.28,25.87,25.98,6744472
2026-06-17,26.85,27.11,26.17,26.33,7145984
2026-06-18,26.68,26.71,26.30,26.31,5875312
2026-06-22,27.21,27.41,27.12,27.29,4521600
2026-06-23,27.06,27.25,26.96,27.02,4506466
2026-06-24,26.88,26.92,26.52,26.60,4685773
2026-06-25,27.34,27.59,27.13,27.30,4548408
2026-06-26,26.95,27.05,26.62,26.72,4388150
2026-06-29,26.95,26.96,26.66,26.86,3755077
2026-06-30,26.97,27.07,26.70,26.86,4636405
2026-07-01,27.00,27.46,26.93,27.27,3479497
2026-07-02,27.89,28.00,27.47,27.77,5860817
2026-07-06,28.08,28.43,28.07,28.41,3524771
2026-07-07,27.86,28.02,27.39,27.41,3601647
2026-07-08,27.09,27.16,26.54,26.79,5195071
2026-07-09,27.19,27.36,27.08,27.24,2690625
2026-07-10,27.43,27.65,27.32,27.48,3838613
2026-07-13,27.32,27.37,27.07,27.29,3997092
2026-07-14,27.56,28.14,27.32,27.53,6623172
2026-07-15,28.00,28.40,27.93,28.35,4445263
2026-07-16,28.10,28.30,27.92,28.23,8135725
2026-07-17,27.24,27.94,27.14,27.82,7502196
2026-07-20,27.81,27.91,27.21,27.24,7045765
2026-07-21,27.75,28.13,27.52,27.93,5549668
2026-07-22,28.27,28.34,28.13,28.13,4048902
2026-07-23,27.38,27.81,27.34,27.66,5933474
2026-07-24,27.84,28.13,27.73,27.91,4887924
2026-07-27,28.60,28.67,28.05,28.56,7561630
2026-07-28,26.50,27.11,26.15,26.98,12004900
2026-07-29,26.28,26.57,26.02,26.05,7323749
2026-07-30,27.27,27.75,27.21,27.70,4814520
2026-07-31,27.49,27.67,27.11,27.50,4949258
2026-08-03,27.73,27.85,27.55,27.83,3396703
2026-08-04,28.03,28.26,27.97,28.02,4182898
2026-08-05,28.22,28.61,28.20,28.46,4940177
2026-08-06,28.62,28.68,28.11,28.18,2115558
2026-08-07,28.15,28.17,27.82,27.93,1939564
2026-08-10,27.87,28.06,27.80,27.98,2434292
2026-08-11,27.93,28.14,27.84,27.84,1829548
2026-08-12,28.01,28.14,27.92,28.04,2598344
2026-08-13,28.25,28.27,27.95,28.09,2708452
2026-08-14,28.25,28.29,28.05,28.14,2114883
2026-08-17,27.99,28.07,27.79,27.80,2766643
2026-08-18,27.47,27.59,27.25,27.37,2630022
2026-08-19,27.48,27.48,26.82,26.87,3178684
2026-08-20,26.89,26.95,26.47,26.49,2323053
2026-08-21,26.87,26.96,26.73,26.83,2401255
2026-08-24,26.87,27.03,26.84,26.97,2481301
2026-08-25,27.01,27.28,26.87,27.23,1663272
2026-08-26,27.30,27.30,27.05,27.13,2413275
2026-08-27,27.00,27.09,26.71,26.87,1824277
2026-08-28,26.74,26.98,26.68,26.86,2778896
2026-08-31,26.85,26.90,26.57,26.64,2356408
2026-09-01,26.21,26.49,26.07,26.15,2456353
2026-09-02,26.15,26.34,25.96,26.20,4315526
2026-09-03,26.65,26.91,26.55,26.90,6285692
2026-09-04,26.78,27.04,26.77,27.00,5756153
2026-09-08,27.03,27.11,26.77,26.80,3826620
2026-09-09,26.44,26.54,26.31,26.44,2939453
2026-09-10,26.27,26.38,26.05,26.21,3685823
2026-09-11,26.74,26.83,26.48,26.70,2758445
2026-09-14,26.05,26.08,25.51,25.86,5643161
2026-09-15,25.77,25.78,25.12,25.44,6500918
