date,open,high,low,close,volume
2016-09-15,23.15,23.77,23.14,23.62,13201250
2016-09-16,23.57,23.68,23.38,23.50,13251650
2016-09-19,23.60,23.77,23.45,23.51,7587829
2016-09-20,23.73,23.76,23.26,23.31,12077320
2016-09-21,23.36,23.78,23.35,23.73,6855950
2016-09-22,23.83,23.89,23.46,23.73,9681389
2016-09-23,23.64,23.82,23.54,23.71,7409316
2016-09-26,23.59,23.81,23.51,23.73,8161993
2016-09-27,23.73,23.78,23.41,23.72,12317210
2016-09-28,23.73,23.77,23.57,23.75,6611798
2016-09-29,23.74,23.82,23.16,23.30,7277699
2016-09-30,23.35,23.91,23.24,23.80,8829513
2016-10-03,23.68,23.69,23.39,23.50,4793062
2016-10-04,23.52,23.64,23.18,23.28,5918442
2016-10-05,23.28,23.51,23.27,23.43,5976084
2016-10-06,23.38,23.56,23.29,23.48,6142147
2016-10-07,23.58,23.65,23.37,23.48,5147868
2016-10-10,23.62,23.88,23.55,23.77,4034929
2016-10-11,23.62,23.74,23.01,23.16,9876325
2016-10-12,23.16,23.39,23.11,23.18,10648160
2016-10-13,23.05,23.25,22.88,23.15,10033360
2016-10-14,23.24,23.30,22.93,22.95,6897460
2016-10-17,22.91,22.95,22.76,22.82,5110817
2016-10-18,23.01,23.18,22.83,23.12,4979577
2016-10-19,23.24,23.27,22.87,22.87,6632064
2016-10-20,22.86,23.03,22.68,23.01,8655859
2016-10-21,22.84,22.91,22.62,22.82,7186803
2016-10-24,22.96,23.04,22.86,22.97,6670695
2016-10-25,22.97,22.97,22.37,22.44,12362580
2016-10-26,22.45,22.54,21.82,22.09,18703110
2016-10-27,22.17,22.19,21.43,21.49,16056470
2016-10-28,21.46,22.43,21.40,22.09,17381980
2016-10-31,21.93,22.19,21.80,22.00,10905040
2016-11-01,22.00,22.04,21.55,21.71,8187307
2016-11-02,21.71,21.80,21.58,21.60,7536588
2016-11-03,21.56,21.87,21.49,21.54,8039955
2016-11-04,21.49,21.88,21.21,21.56,8685008
2016-11-07,21.85,22.05,21.79,22.04,8110012
2016-11-08,21.96,22.33,21.78,22.25,8933356
2016-11-09,21.98,22.24,21.20,21.84,17142960
2016-11-10,22.06,22.34,21.78,21.88,11747000
2016-11-11,21.72,21.85,21.45,21.50,6699281
2016-11-14,21.47,21.55,20.64,20.79,14741320
2016-11-15,20.79,21.20,20.62,21.14,9575964
2016-11-16,21.15,21.46,21.14,21.36,6336887
2016-11-17,21.46,21.71,21.41,21.61,6227955
2016-11-18,21.59,21.68,21.29,21.34,5959456
2016-11-21,21.39,21.67,21.35,21.46,7208519
2016-11-22,20.88,21.00,20.42,20.84,16236700
2016-11-23,20.70,21.00,20.70,20.98,7279994
2016-11-25,21.05,21.30,21.05,21.15,3155127
2016-11-28,21.04,21.15,20.70,20.75,8099227
2016-11-29,20.74,20.98,20.71,20.77,6973346
2016-11-30,20.80,20.80,20.38,20.46,12496800
2016-12-01,20.46,20.53,19.67,20.09,15734320
2016-12-02,20.13,20.55,20.03,20.35,10982700
2016-12-05,20.46,20.76,20.36,20.71,12297080
2016-12-06,20.72,20.86,20.61,20.81,7757145
2016-12-07,20.70,20.78,20.36,20.61,11443190
2016-12-08,20.60,20.77,20.37,20.61,8718620
2016-12-09,20.69,20.95,20.69,20.81,6247211
2016-12-12,20.85,21.27,20.81,21.09,7306781
2016-12-13,21.10,21.37,21.04,21.34,7895676
2016-12-14,21.39,21.60,21.15,21.21,7927526
2016-12-15,21.20,21.30,21.03,21.26,5104859
2016-12-16,21.33,21.52,21.29,21.40,10688620
2016-12-19,21.40,21.58,21.34,21.47,7862630
2016-12-20,21.46,21.57,21.33,21.53,7519059
2016-12-21,21.58,21.60,21.41,21.48,5765079
2016-12-22,21.44,21.68,21.32,21.66,5825908
2016-12-23,21.68,21.93,21.63,21.81,4585686
2016-12-27,21.86,21.94,21.75,21.76,3371409
2016-12-28,21.77,21.81,21.58,21.62,3488937
2016-12-29,21.65,21.86,21.64,21.70,3767556
2016-12-30,21.77,21.81,21.56,21.63,4271477
2017-01-03,21.72,21.92,21.66,21.88,6822949
2017-01-04,21.96,22.11,21.78,22.08,6458620
2017-01-05,22.13,22.22,22.01,22.05,5990698
2017-01-06,22.10,22.17,21.95,22.15,7549357
2017-01-09,22.20,22.27,22.11,22.19,5602512
2017-01-10,22.25,23.84,22.19,23.61,24138790
2017-01-11,23.50,23.59,22.94,23.31,12706180
2017-01-12,23.24,23.53,23.03,23.52,7409619
2017-01-13,23.51,23.91,23.45,23.82,9486079
2017-01-17,23.66,23.96,23.63,23.90,8601121
2017-01-18,23.91,23.97,23.83,23.92,5926885
2017-01-19,23.84,23.99,23.71,23.88,7677146
2017-01-20,23.93,24.04,23.60,23.90,8583138
2017-01-23,23.79,23.88,23.54,23.68,7032928
2017-01-24,23.71,23.74,23.48,23.54,6206548
2017-01-25,23.59,23.78,23.54,23.58,9117322
2017-01-26,23.61,23.68,23.39,23.42,4715984
2017-01-27,23.54,23.93,23.48,23.87,6276036
2017-01-30,23.79,23.92,23.59,23.85,9373972
2017-01-31,23.76,24.07,23.69,24.06,6518903
2017-02-01,24.00,24.18,23.77,23.96,13129410
2017-02-02,24.40,25.24,24.37,25.10,19394350
2017-02-03,25.19,25.26,24.80,25.22,10992190
2017-02-06,25.09,25.18,24.85,25.14,8153852
2017-02-07,25.23,25.38,25.06,25.23,6873987
2017-02-08,25.20,25.32,25.15,25.24,7273230
2017-02-09,25.19,25.45,25.16,25.34,5370181
2017-02-10,25.36,25.43,25.20,25.20,4946291
2017-02-13,25.24,25.33,25.06,25.30,8187305
2017-02-14,25.20,25.29,24.98,25.18,8874360
2017-02-15,25.16,25.65,25.16,25.41,9378474
2017-02-16,25.43,25.52,25.13,25.36,6756856
2017-02-17,25.27,25.40,25.16,25.39,7363627
2017-02-21,25.51,25.58,25.26,25.28,7566480
2017-02-22,25.28,25.39,25.11,25.16,7959069
2017-02-23,23.37,24.63,23.29,24.48,41278720
2017-02-24,24.46,24.89,24.43,24.78,13499250
2017-02-27,24.56,24.90,24.53,24.81,8863892
2017-02-28,24.77,24.78,24.54,24.55,8463048
2017-03-01,24.79,25.03,24.67,24.96,9021058
2017-03-02,24.98,25.16,24.89,25.00,7144472
2017-03-03,25.09,25.13,24.83,24.98,6655813
2017-03-06,24.82,24.90,24.74,24.76,5732461
2017-03-07,24.61,24.73,24.46,24.48,8114265
2017-03-08,24.50,24.83,24.44,24.52,10503540
2017-03-09,24.60,24.75,24.40,24.69,5849759
2017-03-10,24.77,24.84,24.54,24.64,4288168
2017-03-13,24.63,24.75,24.51,24.74,4043496
2017-03-14,24.64,24.72,24.38,24.43,5892269
2017-03-15,24.49,24.69,24.44,24.65,5959328
2017-03-16,24.62,24.66,24.19,24.29,6779871
2017-03-17,24.32,24.61,24.28,24.43,6266722
2017-03-20,24.45,24.48,24.26,24.39,3707487
2017-03-21,24.52,24.59,24.10,24.14,4882542
2017-03-22,24.22,24.41,24.02,24.27,4848701
2017-03-23,24.24,24.39,24.14,24.25,4410127
2017-03-24,24.27,24.47,24.23,24.32,3852902
2017-03-27,24.16,24.70,24.12,24.58,7623370
2017-03-28,24.52,24.76,24.41,24.70,5243865
2017-03-29,24.64,24.83,24.43,24.71,6998731
2017-03-30,24.62,24.76,24.19,24.45,8448299
2017-03-31,24.35,24.93,24.30,24.87,13221700
2017-04-03,24.86,24.93,24.59,24.92,9197298
2017-04-04,24.90,24.91,24.49,24.63,8681421
2017-04-05,24.62,24.80,24.40,24.42,7996553
2017-04-06,24.42,24.66,24.29,24.60,8790109
2017-04-07,24.58,24.80,24.56,24.65,5748818
2017-04-10,24.66,24.79,24.45,24.52,6596330
2017-04-11,24.48,24.66,24.41,24.57,3990838
2017-04-12,24.49,24.61,24.39,24.53,4647525
2017-04-13,24.48,24.59,24.43,24.44,3427064
2017-04-17,24.52,24.68,24.43,24.62,2589543
2017-04-18,24.53,24.60,24.31,24.47,5355790
2017-04-19,24.33,24.81,24.32,24.81,8807808
2017-04-20,24.85,25.08,24.64,25.02,5639336
2017-04-21,25.00,25.04,24.76,24.86,4287405
2017-04-24,25.12,25.70,25.10,25.56,14799480
2017-04-25,25.73,25.91,25.64,25.74,10268050
2017-04-26,25.84,26.15,25.78,25.97,9473900
2017-04-27,25.97,26.41,25.79,26.18,12027350
2017-04-28,25.97,26.47,25.97,26.38,9033424
2017-05-01,26.37,26.48,26.30,26.40,8322974
2017-05-02,26.46,26.60,26.38,26.59,5664866
2017-05-03,26.58,26.58,26.32,26.46,3965713
2017-05-04,26.52,26.55,26.26,26.35,4620821
2017-05-05,26.45,26.53,26.31,26.51,3621716
2017-05-08,26.55,26.58,26.33,26.39,4093031
2017-05-09,26.42,26.69,26.27,26.38,5434978
2017-05-10,26.35,26.50,26.24,26.46,4490466
2017-05-11,26.37,26.47,26.14,26.37,6196376
2017-05-12,26.34,26.49,26.17,26.23,6206288
2017-05-15,26.23,26.46,26.16,26.42,8775266
2017-05-16,26.45,26.76,26.39,26.48,10521210
2017-05-17,26.30,26.34,25.93,25.94,7727029
2017-05-18,25.95,26.23,25.88,26.14,5673609
2017-05-19,26.18,26.56,26.18,26.41,7924635
2017-05-22,26.41,26.97,26.39,26.80,7684975
2017-05-23,26.78,26.87,26.61,26.67,4190900
2017-05-24,26.75,27.09,26.69,27.05,5641192
2017-05-25,27.13,27.39,27.04,27.26,4694753
2017-05-26,27.26,27.52,27.19,27.32,4828013
2017-05-30,27.24,27.42,27.15,27.36,4097128
2017-05-31,27.46,27.46,26.89,27.03,12841900
2017-06-01,27.10,27.70,27.10,27.61,13257680
2017-06-02,27.62,27.78,27.57,27.60,6431999
2017-06-05,27.58,27.70,27.44,27.51,4636246
2017-06-06,27.38,27.60,27.34,27.50,3772051
2017-06-07,27.61,27.84,27.54,27.84,4455452
2017-06-08,27.80,27.95,27.76,27.91,6634156
2017-06-09,27.99,28.20,27.69,27.82,6084180
2017-06-12,27.75,27.82,27.14,27.75,8737506
2017-06-13,27.80,28.02,27.73,27.92,5088132
2017-06-14,28.01,28.09,27.70,27.82,3727276
2017-06-15,27.77,27.84,27.57,27.75,3985894
2017-06-16,27.85,27.93,27.64,27.75,8520683
2017-06-19,27.83,28.51,27.80,28.25,10567190
2017-06-20,28.26,28.41,27.98,28.01,4828910
2017-06-21,28.10,28.19,27.76,27.91,9109326
2017-06-22,27.96,28.00,27.74,27.86,6819306
2017-06-23,27.92,28.12,27.71,28.10,8175158
2017-06-26,28.16,28.26,27.68,27.72,8288702
2017-06-27,27.78,28.16,27.61,27.81,10896620
2017-06-28,28.00,28.34,27.95,28.12,20242340
2017-06-29,28.11,28.11,27.47,27.82,7477557
2017-06-30,27.90,28.11,27.64,27.72,5193651
2017-07-03,27.85,27.97,27.58,27.63,2402803
2017-07-05,27.57,27.73,27.46,27.63,7685475
2017-07-06,27.44,27.56,27.26,27.31,5296388
2017-07-07,27.44,27.62,27.40,27.59,3981436
2017-07-10,27.56,27.65,27.44,27.56,4123515
2017-07-11,27.54,27.59,27.27,27.53,6114740
2017-07-12,27.68,27.93,27.53,27.82,3573738
2017-07-13,27.82,27.82,27.57,27.59,4206554
2017-07-14,27.67,27.86,27.63,27.78,3449809
2017-07-17,27.77,27.86,27.50,27.69,4078836
2017-07-18,27.71,27.84,27.57,27.79,3248990
2017-07-19,27.84,27.96,27.79,27.93,3121036
2017-07-20,27.94,28.06,27.73,27.73,6166281
2017-07-21,27.62,27.85,27.54,27.62,4648524
2017-07-24,27.62,27.70,27.44,27.62,5310518
2017-07-25,27.72,27.81,27.51,27.58,4477813
2017-07-26,27.53,27.62,27.35,27.42,4554291
2017-07-27,27.24,27.50,26.68,27.05,13914500
2017-07-28,27.08,27.17,26.90,27.01,5172041
2017-07-31,27.11,27.15,26.50,26.62,7327319
2017-08-01,26.80,26.80,26.48,26.48,5531298
2017-08-02,26.45,26.54,26.24,26.51,6324957
2017-08-03,26.48,26.79,26.40,26.74,5046578
2017-08-04,26.82,26.83,26.56,26.83,3568109
2017-08-07,26.80,26.80,26.65,26.76,3415622
2017-08-08,26.76,26.76,26.50,26.51,4580002
2017-08-09,26.36,26.57,26.31,26.57,3405143
2017-08-10,26.49,26.57,26.23,26.26,5853108
2017-08-11,26.39,26.50,26.26,26.41,3285998
2017-08-14,26.65,26.73,26.55,26.68,3835639
2017-08-15,26.66,26.70,26.46,26.47,5490216
2017-08-16,26.56,26.68,26.45,26.68,5930127
2017-08-17,26.69,26.87,26.60,26.64,5836917
2017-08-18,26.62,26.98,26.53,26.89,5850175
2017-08-21,26.91,27.00,26.75,26.89,4332023
2017-08-22,26.85,27.23,26.70,27.21,4223925
2017-08-23,27.06,27.17,26.71,26.84,3838696
2017-08-24,26.84,26.91,26.66,26.71,3998300
2017-08-25,26.79,26.92,26.71,26.72,3666381
2017-08-28,26.80,27.02,26.73,26.97,3326571
2017-08-29,26.88,27.07,26.83,27.05,3163069
2017-08-30,26.94,27.14,26.93,27.08,2767233
2017-08-31,27.18,27.61,27.12,27.55,6984100
2017-09-01,27.55,27.63,27.33,27.50,4527823
2017-09-05,27.35,27.64,27.31,27.57,4770123
2017-09-06,27.63,28.23,27.61,28.22,5904610
2017-09-07,28.26,28.79,28.09,28.54,5791431
2017-09-08,28.50,29.08,28.44,28.79,5336185
2017-09-11,29.05,29.40,28.89,28.95,5695704
2017-09-12,28.97,29.12,28.84,29.01,4499805
2017-09-13,29.05,29.12,28.89,29.08,5966605
2017-09-14,29.00,29.08,28.79,28.97,4784817
2017-09-15,29.00,29.03,28.85,28.93,7622312
2017-09-18,28.99,29.06,28.81,28.99,4706204
2017-09-19,29.04,29.10,28.61,28.69,3247846
2017-09-20,28.68,28.85,28.58,28.84,3924902
2017-09-21,28.76,28.89,28.51,28.76,5167395
2017-09-22,28.71,28.87,28.51,28.85,3131553
2017-09-25,28.86,29.04,28.59,28.75,4361861
2017-09-26,28.80,28.89,28.65,28.68,3098879
2017-09-27,28.72,28.94,28.68,28.86,4123545
2017-09-28,28.86,29.00,28.74,28.74,3712830
2017-09-29,28.74,29.18,28.64,29.17,4968631
2017-10-02,29.21,29.47,29.09,29.47,5908797
2017-10-03,29.43,29.50,28.93,29.02,3934094
2017-10-04,29.08,29.33,29.06,29.24,3681518
2017-10-05,29.27,29.45,29.15,29.43,3702266
2017-10-06,29.43,29.54,29.36,29.50,4980172
2017-10-09,29.41,29.54,29.27,29.33,4343509
2017-10-10,29.33,29.46,29.27,29.34,3214764
2017-10-11,29.29,29.38,29.14,29.27,2664677
2017-10-12,29.26,29.43,29.11,29.43,3647651
2017-10-13,29.46,29.48,29.33,29.44,3383917
2017-10-16,29.42,29.50,29.09,29.16,4441533
2017-10-17,29.19,29.43,29.08,29.40,4724876
2017-10-18,29.50,29.55,29.30,29.52,5313739
2017-10-19,29.52,29.60,29.36,29.57,2590834
2017-10-20,29.63,29.83,29.53,29.69,4708025
2017-10-23,29.64,29.93,29.51,29.61,4495603
2017-10-24,29.83,29.84,29.58,29.80,4442401
2017-10-25,29.75,29.82,29.47,29.61,7756919
2017-10-26,28.44,29.31,28.37,28.82,12223680
2017-10-27,28.93,29.09,28.25,28.50,10274640
2017-10-30,28.40,28.50,28.12,28.16,6885770
2017-10-31,28.16,28.27,27.82,28.14,8527816
2017-11-01,28.23,28.27,27.77,27.85,6185259
2017-11-02,27.89,28.02,27.22,27.44,13217210
2017-11-03,27.49,27.92,27.38,27.86,7182897
2017-11-06,27.85,27.90,27.60,27.81,7662024
2017-11-07,27.93,27.98,27.74,27.96,4884141
2017-11-08,27.82,28.13,27.64,28.10,7645584
2017-11-09,27.96,28.61,27.92,28.59,9620091
2017-11-10,28.50,28.55,27.97,28.36,6526094
2017-11-13,28.28,28.61,28.19,28.45,4722382
2017-11-14,28.43,28.50,28.23,28.32,6892846
2017-11-15,28.26,28.26,26.76,28.01,5375649
2017-11-16,28.10,28.49,28.05,28.28,3831982
2017-11-17,28.20,28.37,28.14,28.26,5264063
2017-11-20,28.28,28.37,28.18,28.35,3410638
2017-11-21,28.46,28.88,28.40,28.80,5964413
2017-11-22,28.77,28.81,28.46,28.47,5265186
2017-11-24,28.51,28.68,28.47,28.66,1236835
2017-11-27,28.69,28.69,28.45,28.51,3255106
2017-11-28,28.42,28.55,26.29,26.39,34257950
2017-11-29,26.70,27.11,25.64,25.95,25927960
2017-11-30,26.24,26.39,25.75,26.28,18527510
2017-12-01,26.21,26.36,25.73,26.15,16183180
2017-12-04,26.21,26.23,24.89,24.90,20707320
2017-12-05,24.90,25.45,24.90,24.94,15065690
2017-12-06,24.86,25.27,24.54,25.24,11675050
2017-12-07,25.30,25.34,24.98,25.04,9674608
2017-12-08,25.51,25.77,25.10,25.77,14286290
2017-12-11,25.64,25.77,25.49,25.50,8855121
2017-12-12,25.68,25.73,25.54,25.61,11033170
2017-12-13,25.62,26.00,25.60,25.71,9557059
2017-12-14,25.79,25.89,25.48,25.62,10489630
2017-12-15,25.67,25.90,25.54,25.78,12186960
2017-12-18,25.88,26.12,25.75,25.78,8356558
2017-12-19,25.74,25.88,25.45,25.49,8687467
2017-12-20,25.45,25.59,25.34,25.37,8204406
2017-12-21,25.50,25.51,25.14,25.14,5699929
2017-12-22,25.14,25.32,25.05,25.10,5358053
2017-12-26,25.15,25.28,25.09,25.13,2988159
2017-12-27,25.20,25.27,25.14,25.20,3796271
2017-12-28,25.20,25.30,25.06,25.19,6739975
2017-12-29,25.26,25.30,24.79,24.79,6146955
2018-01-02,24.94,25.52,24.84,25.28,9980310
2018-01-03,25.27,25.60,25.09,25.56,8543022
2018-01-04,25.40,25.61,25.21,25.32,7928638
2018-01-05,25.86,26.04,25.59,25.97,14260400
2018-01-08,25.91,26.07,25.55,25.81,10846630
2018-01-09,26.77,28.03,26.61,27.96,24980160
2018-01-10,27.70,27.75,27.15,27.52,13010530
2018-01-11,27.58,27.99,27.16,27.43,8984307
2018-01-12,27.46,27.70,27.25,27.46,8678287
2018-01-16,27.48,27.61,26.82,26.98,11087610
2018-01-17,27.13,27.36,27.02,27.25,5849169
2018-01-18,27.26,27.50,27.11,27.40,6903065
2018-01-19,27.54,28.15,27.42,27.65,10024390
2018-01-22,27.55,27.74,27.13,27.71,7973936
2018-01-23,27.79,27.99,27.50,27.82,5609745
2018-01-24,27.98,28.01,27.69,27.91,4387523
2018-01-25,28.07,28.39,27.96,28.26,5530492
2018-01-26,28.32,28.60,28.06,28.42,9553353
2018-01-29,28.40,28.64,28.21,28.33,5997779
2018-01-30,28.11,28.36,27.99,28.03,8567848
2018-01-31,28.14,28.23,27.79,27.96,10124890
2018-02-01,27.43,28.15,27.21,27.63,13692920
2018-02-02,27.47,27.78,27.39,27.39,9195081
2018-02-05,27.39,28.00,26.29,26.40,12710670
2018-02-06,25.87,26.82,25.60,26.72,14089130
2018-02-07,26.52,26.71,26.31,26.32,7962104
2018-02-08,26.26,26.33,25.19,25.20,12589090
2018-02-09,25.36,26.16,25.04,25.92,11061920
2018-02-12,26.16,26.52,25.93,26.18,8449844
2018-02-13,25.96,26.11,25.84,26.11,6223407
2018-02-14,25.98,26.91,25.93,26.81,8048659
2018-02-15,26.93,27.14,26.70,27.09,6334790
2018-02-16,27.10,27.48,27.06,27.20,6707715
2018-02-20,27.12,27.14,26.74,26.83,7059080
2018-02-21,26.87,27.28,26.74,26.77,4935014
2018-02-22,26.92,26.92,26.35,26.48,6050628
2018-02-23,26.74,27.20,26.50,27.20,5744172
2018-02-26,27.20,27.65,27.01,27.62,5492023
2018-02-27,27.65,27.88,27.44,27.45,6329990
2018-02-28,27.53,27.80,27.25,27.26,5561193
2018-03-01,27.30,27.30,26.41,26.50,8825174
2018-03-02,26.39,26.85,26.30,26.77,10021230
2018-03-05,26.59,27.48,26.53,27.41,5949318
2018-03-06,27.45,27.50,27.23,27.41,5066676
2018-03-07,27.19,27.67,27.19,27.59,3984072
2018-03-08,27.68,27.96,27.67,27.85,5091052
2018-03-09,28.01,28.55,27.89,28.54,7696957
2018-03-12,28.55,28.90,28.45,28.54,7920295
2018-03-13,28.62,28.72,28.29,28.43,3804683
2018-03-14,28.51,28.51,27.84,28.01,8571669
2018-03-15,28.07,28.20,27.68,27.84,6150497
2018-03-16,27.83,28.02,27.76,27.93,7856595
2018-03-19,27.92,28.02,27.36,27.62,5204697
2018-03-20,27.71,27.80,27.49,27.67,3722704
2018-03-21,27.67,27.91,27.55,27.66,4486684
2018-03-22,27.43,27.62,26.92,26.94,6249186
2018-03-23,27.00,27.21,26.27,26.30,7242832
2018-03-26,26.67,27.30,26.55,27.25,7374163
2018-03-27,27.31,27.53,26.85,27.03,8760032
2018-03-28,27.10,27.26,26.61,26.68,5372257
2018-03-29,26.83,27.77,26.82,27.32,11113650
2018-04-02,27.21,27.36,26.41,26.84,8455256
2018-04-03,26.89,27.61,26.88,27.46,9050553
2018-04-04,27.11,27.82,26.75,27.74,7775492
2018-04-05,27.96,28.40,27.81,28.09,5865233
2018-04-06,27.77,27.97,27.07,27.35,6426954
2018-04-09,27.59,27.96,27.39,27.51,4867147
2018-04-10,27.89,28.17,27.74,27.90,5434699
2018-04-11,27.62,27.96,27.61,27.93,4365842
2018-04-12,28.52,28.74,28.19,28.23,11798290
2018-04-13,28.49,28.71,28.19,28.31,7421802
2018-04-16,28.52,28.96,28.50,28.83,9003577
2018-04-17,29.00,29.08,28.53,28.86,9786226
2018-04-18,28.91,29.18,28.79,28.94,5319942
2018-04-19,28.94,29.13,28.79,28.89,5764900
2018-04-20,28.93,29.15,28.82,28.84,8660976
2018-04-23,29.04,29.04,28.62,28.82,5666382
2018-04-24,28.86,29.00,28.09,28.50,7931153
2018-04-25,28.35,29.45,27.91,29.42,14675770
2018-04-26,29.57,29.68,29.20,29.45,6867608
2018-04-27,29.45,29.48,29.21,29.23,7468757
2018-04-30,29.24,29.40,28.72,28.72,16514920
2018-05-01,28.74,29.48,28.71,29.48,9709196
2018-05-02,29.31,29.59,29.13,29.27,6948510
2018-05-03,29.09,29.60,28.87,29.43,7967709
2018-05-04,29.30,29.73,29.18,29.55,5070186
2018-05-07,29.58,30.16,29.57,29.94,4942496
2018-05-08,29.78,29.91,29.55,29.83,5554904
2018-05-09,29.93,30.00,29.64,29.83,3999158
2018-05-10,29.95,30.29,29.80,30.28,3894594
2018-05-11,30.13,30.41,29.82,29.97,6404913
2018-05-14,29.73,30.35,29.73,29.86,8854723
2018-05-15,29.70,29.77,29.41,29.62,5272139
2018-05-16,29.71,30.16,29.55,29.97,7237541
2018-05-17,29.95,30.48,29.84,30.32,7304374
2018-05-18,30.29,30.63,30.20,30.45,3984414
2018-05-21,30.55,30.84,30.45,30.65,6864164
2018-05-22,30.70,30.73,30.23,30.27,6462234
2018-05-23,30.20,30.46,30.18,30.46,4652451
2018-05-24,30.46,30.57,30.30,30.40,3234413
2018-05-25,30.38,30.48,30.24,30.31,2685722
2018-05-29,30.10,30.34,29.96,30.20,3882545
2018-05-30,30.32,30.58,30.21,30.51,4794154
2018-05-31,30.34,31.02,30.31,30.39,7302081
2018-06-01,30.64,30.66,30.30,30.59,7102776
2018-06-04,30.79,30.81,30.38,30.60,4085178
2018-06-05,30.62,30.83,30.49,30.72,6452443
2018-06-06,30.80,30.90,30.59,30.80,6337604
2018-06-07,30.91,31.18,30.43,31.03,10129270
2018-06-08,31.07,31.98,31.04,31.95,13644980
2018-06-11,31.97,37.30,31.77,34.32,34065470
2018-06-12,34.91,35.21,33.71,33.84,21954640
2018-06-13,31.67,32.66,31.55,31.73,21796000
2018-06-14,32.29,32.76,32.17,32.51,12398360
2018-06-15,32.59,32.98,32.35,32.96,12738310
2018-06-18,32.64,32.73,31.80,32.29,6274177
2018-06-19,31.97,32.10,31.79,31.92,6439865
2018-06-20,31.95,32.53,31.87,32.23,6642475
2018-06-21,32.28,32.58,32.05,32.15,4476979
2018-06-22,32.33,33.03,32.22,32.62,9684054
2018-06-25,32.61,32.62,31.88,32.12,4095774
2018-06-26,32.18,32.26,31.85,32.00,5636318
2018-06-27,32.21,32.65,31.85,31.85,5918321
2018-06-28,31.87,32.63,31.78,32.50,5674082
2018-06-29,32.50,32.88,32.42,32.70,8648289
2018-07-02,32.51,32.91,32.35,32.83,4860858
2018-07-03,32.94,33.35,32.85,33.21,4172956
2018-07-05,33.23,33.65,32.70,33.22,6534017
2018-07-06,33.39,33.76,33.31,33.61,4170625
2018-07-09,33.82,33.98,33.58,33.79,3759487
2018-07-10,33.94,34.09,33.52,33.56,6804519
2018-07-11,33.22,33.52,33.10,33.34,4035350
2018-07-12,33.69,33.78,33.32,33.34,4704207
2018-07-13,33.56,33.65,33.26,33.35,4994380
2018-07-16,33.15,33.35,32.91,33.15,7234801
2018-07-17,33.16,34.16,33.11,33.95,8603863
2018-07-18,33.95,34.15,33.48,33.74,6430876
2018-07-19,33.73,33.87,33.60,33.72,2756800
2018-07-20,33.54,33.99,33.54,33.77,5145321
2018-07-23,33.72,33.87,33.42,33.71,5740310
2018-07-24,33.79,33.86,33.23,33.57,9192767
2018-07-25,32.27,34.34,32.27,34.32,11988640
2018-07-26,34.50,34.63,34.08,34.33,6308340
2018-07-27,34.38,34.40,33.58,33.77,5458797
2018-07-30,33.72,33.74,32.87,32.93,9795950
2018-07-31,33.08,33.86,33.08,33.61,9438063
2018-08-01,33.55,33.73,33.30,33.39,5737242
2018-08-02,33.29,33.40,32.90,33.38,6234907
2018-08-03,33.42,33.55,33.12,33.53,4425877
2018-08-06,33.46,33.50,33.05,33.15,5421799
2018-08-07,33.15,33.30,33.02,33.22,4182060
2018-08-08,34.23,34.59,34.07,34.29,9790839
2018-08-09,34.22,34.42,33.76,33.85,8309138
2018-08-10,33.74,33.88,33.35,33.55,4482194
2018-08-13,33.58,33.84,33.29,33.30,4515313
2018-08-14,33.35,33.79,33.30,33.70,7462422
2018-08-15,33.60,35.26,33.52,34.89,15959920
2018-08-16,35.00,35.06,34.16,34.29,7195675
2018-08-17,34.35,34.62,34.12,34.41,4967210
2018-08-20,34.50,34.75,34.12,34.57,5176586
2018-08-21,34.70,34.86,34.49,34.49,6858677
2018-08-22,34.34,34.55,34.08,34.47,4152456
2018-08-23,34.41,34.66,34.26,34.35,3701950
2018-08-24,34.45,34.82,34.41,34.72,5511109
2018-08-27,34.87,35.05,34.65,34.94,4224902
2018-08-28,35.07,35.30,34.95,35.06,5536270
2018-08-29,35.16,35.69,35.16,35.54,6682556
2018-08-30,35.23,35.67,35.22,35.40,4209158
2018-08-31,35.40,35.58,35.40,35.56,5012795
2018-09-04,36.01,36.45,35.83,36.05,8512809
2018-09-05,36.02,36.02,35.38,35.75,5798674
2018-09-06,35.66,36.13,35.64,35.99,5033032
2018-09-07,36.32,36.38,35.81,35.85,4509852
2018-09-10,36.03,36.05,35.70,35.84,3764042
2018-09-11,35.80,36.24,35.43,36.14,5396389
2018-09-12,36.07,36.53,35.73,36.44,5693580
2018-09-13,37.11,37.72,37.09,37.62,14285320
2018-09-14,37.43,37.55,37.16,37.39,8077300
2018-09-17,37.48,37.68,37.16,37.27,6005071
2018-09-18,37.18,37.76,37.11,37.62,5835281
2018-09-19,37.57,37.62,37.16,37.49,4632604
2018-09-20,37.64,37.92,37.55,37.82,4683717
2018-09-21,37.88,37.92,37.62,37.77,7887691
2018-09-24,38.00,38.48,37.87,38.40,6871352
2018-09-25,38.29,38.76,38.09,38.61,8594442
2018-09-26,38.61,39.13,38.51,38.63,8109886
2018-09-27,38.65,38.72,38.24,38.34,5505565
2018-09-28,38.33,38.78,38.27,38.50,6482507
2018-10-01,38.74,39.42,38.60,38.98,8289743
2018-10-02,39.38,39.44,38.75,39.04,6064760
2018-10-03,39.03,39.35,38.42,38.61,5927203
2018-10-04,38.43,38.45,37.68,38.00,6461031
2018-10-05,38.06,38.33,37.65,37.85,5306135
2018-10-08,37.80,37.88,36.78,37.30,6896482
2018-10-09,37.22,37.58,37.11,37.41,6492136
2018-10-10,37.36,37.64,36.08,36.11,12187550
2018-10-11,36.11,36.98,35.84,36.00,11295260
2018-10-12,36.86,37.17,36.55,36.99,8737418
2018-10-15,37.14,37.14,36.35,36.43,5792659
2018-10-16,37.03,38.20,37.03,38.11,9194737
2018-10-17,37.61,38.62,37.48,38.00,9310963
2018-10-18,37.99,38.08,37.15,37.53,7008997
2018-10-19,37.37,37.70,36.34,36.54,8448536
2018-10-22,36.62,37.00,36.31,36.62,6459064
2018-10-23,36.19,36.31,35.28,36.03,10944970
2018-10-24,36.52,37.22,35.63,35.68,12602930
2018-10-25,35.85,36.65,35.20,36.39,8974345
2018-10-26,35.95,36.28,35.01,35.83,9468127
2018-10-29,36.36,36.62,34.74,35.38,11133730
2018-10-30,35.19,35.95,35.01,35.91,8167251
2018-10-31,36.32,36.86,35.97,36.14,9219727
2018-11-01,36.42,37.09,36.05,36.99,9390502
2018-11-02,37.24,37.59,36.54,36.81,4560849
2018-11-05,36.97,37.32,36.18,36.36,4755499
2018-11-06,36.26,36.87,36.21,36.85,4151040
2018-11-07,37.06,37.98,37.00,37.95,6746037
2018-11-08,37.94,38.44,37.77,38.44,5012162
2018-11-09,38.32,38.67,37.42,38.60,9188712
2018-11-12,38.47,38.50,36.79,36.93,6556668
2018-11-13,37.11,37.38,36.52,36.66,3619477
2018-11-14,36.87,36.98,36.06,36.21,5457542
2018-11-15,36.00,36.64,35.48,36.47,9055207
2018-11-16,36.34,37.73,36.34,37.21,7529365
2018-11-19,37.15,37.15,35.17,35.29,10475030
2018-11-20,33.24,34.75,31.58,34.05,19861850
2018-11-21,34.28,35.03,34.19,34.60,6832678
2018-11-23,34.40,35.13,34.32,34.80,2313434
2018-11-26,35.17,35.48,34.68,35.01,6857162
2018-11-27,34.96,35.47,34.68,35.26,7796953
2018-11-28,35.47,36.70,35.47,36.65,8445408
2018-11-29,36.43,37.30,36.38,37.04,5991599
2018-11-30,37.13,37.72,37.03,37.67,9795108
2018-12-03,38.09,38.69,37.79,38.51,8279726
2018-12-04,38.53,38.65,36.42,36.52,8905562
2018-12-06,36.00,36.77,35.28,36.77,9555274
2018-12-07,36.58,36.73,35.05,35.48,7395838
2018-12-10,35.41,36.20,34.95,36.15,5720144
2018-12-11,36.59,36.95,36.16,36.56,5678977
2018-12-12,37.15,37.64,37.00,37.10,6965442
2018-12-13,37.34,37.52,36.44,36.98,4992357
2018-12-14,36.60,36.60,35.54,35.80,6822494
2018-12-17,35.48,35.48,33.87,34.05,9894993
2018-12-18,34.61,35.05,33.99,34.31,9213847
2018-12-19,34.52,35.10,33.41,33.98,7302707
2018-12-20,33.82,33.95,32.86,33.26,9160888
2018-12-21,33.26,33.67,32.56,32.83,14293980
2018-12-24,32.60,32.78,31.56,31.73,4004958
2018-12-26,31.90,33.68,31.78,33.68,6560881
2018-12-27,33.15,34.48,33.01,34.48,7269068
2018-12-28,34.76,35.15,34.24,34.67,6441941
2018-12-31,34.92,35.34,34.79,35.34,4434571
2019-01-02,34.65,34.86,34.06,34.46,6295173
2019-01-03,34.24,34.32,32.73,32.91,10507730
2019-01-04,33.42,34.40,33.42,34.21,7971643
2019-01-07,34.34,34.95,34.19,34.42,6400683
2019-01-08,34.90,35.51,34.57,35.38,10244900
2019-01-09,35.67,36.33,35.52,35.88,7518091
2019-01-10,35.68,35.98,35.37,35.95,5073239
2019-01-11,35.64,35.77,35.19,35.56,5494504
2019-01-14,35.27,35.56,35.08,35.31,3799208
2019-01-15,35.42,36.89,35.41,36.72,10851320
2019-01-16,36.74,36.87,36.47,36.62,5518274
2019-01-17,36.55,37.24,36.42,36.81,6405165
2019-01-18,37.13,37.77,36.67,37.69,9410281
2019-01-22,37.14,37.52,36.92,37.26,5423319
2019-01-23,37.46,37.61,36.69,37.19,3786352
2019-01-24,37.27,37.54,37.15,37.23,5713650
2019-01-25,37.41,37.70,37.30,37.45,3919156
2019-01-28,37.20,37.20,36.68,36.85,5233969
2019-01-29,36.83,37.11,36.59,37.01,8032691
2019-01-30,37.15,37.62,37.00,37.42,13149580
2019-01-31,37.47,38.24,37.40,38.15,10805890
2019-02-01,38.15,38.38,37.71,37.93,5991669
2019-02-04,37.84,38.05,37.59,37.93,6778809
2019-02-05,38.07,38.14,37.58,37.75,10475560
2019-02-06,37.30,39.02,37.25,38.77,11375070
2019-02-07,38.39,39.09,38.15,38.85,9183495
2019-02-08,38.44,39.23,38.39,39.19,6384081
2019-02-11,39.31,39.59,39.10,39.31,5518015
2019-02-12,39.50,40.33,39.42,40.04,7507268
2019-02-13,40.11,40.24,39.39,39.60,6236562
2019-02-14,39.50,40.07,39.36,39.92,5203278
2019-02-15,40.32,40.32,39.70,40.01,10363270
2019-02-19,40.03,40.19,39.79,39.86,4050670
2019-02-20,39.86,40.30,39.61,40.11,7687454
2019-02-21,39.94,40.22,39.84,40.12,8367730
2019-02-22,40.27,40.81,40.17,40.52,9321437
2019-02-25,40.65,40.75,39.99,39.99,12094940
2019-02-26,40.00,40.00,39.55,39.86,4397267
2019-02-27,39.64,40.12,39.60,39.93,5260190
2019-02-28,39.88,40.32,39.76,40.12,5797281
2019-03-01,40.48,40.90,40.14,40.75,5819925
2019-03-04,40.93,41.00,39.67,40.30,7899171
2019-03-05,40.31,40.48,40.02,40.19,4187035
2019-03-06,40.25,40.27,39.66,39.78,3914206
2019-03-07,39.75,39.91,39.36,39.59,4793400
2019-03-08,39.33,39.56,38.98,39.51,4353403
2019-03-11,39.72,39.98,39.51,39.90,4470924
2019-03-12,39.99,40.39,39.85,40.26,3474188
2019-03-13,40.42,40.77,40.13,40.23,5915336
2019-03-14,40.19,40.23,39.88,40.05,6343308
2019-03-15,40.11,40.67,40.07,40.21,9811640
2019-03-18,39.98,40.00,37.69,37.97,19084970
2019-03-19,38.12,38.53,37.61,38.17,10485150
2019-03-20,38.11,38.27,37.63,37.86,9626767
2019-03-21,37.71,38.26,37.62,38.15,8093353
2019-03-22,38.10,38.13,37.28,37.30,6673561
2019-03-25,37.30,37.82,37.10,37.64,8377893
2019-03-26,38.07,38.59,37.74,37.84,7267440
2019-03-27,37.85,38.09,37.31,37.49,4750405
2019-03-28,37.64,37.95,37.41,37.92,4681171
2019-03-29,38.15,38.65,37.98,38.38,7767907
2019-04-01,38.82,39.00,38.50,38.66,10813170
2019-04-02,38.70,38.70,38.34,38.52,5694319
2019-04-03,38.70,38.74,38.15,38.33,6895779
2019-04-04,38.45,38.45,37.80,38.16,3748073
2019-04-05,38.23,38.31,37.93,38.16,4630085
2019-04-08,38.10,38.21,37.70,38.15,4870844
2019-04-09,38.06,38.35,37.94,38.21,4626662
2019-04-10,38.24,38.58,38.19,38.36,5748383
2019-04-11,38.50,38.51,37.87,37.92,4887600
2019-04-12,37.95,38.05,37.57,37.73,4400857
2019-04-15,37.81,37.91,37.49,37.81,4554843
2019-04-16,38.10,38.25,35.60,36.17,32944360
2019-04-17,35.80,36.33,34.85,34.91,15997020
2019-04-18,35.08,35.52,34.34,35.11,10139450
2019-04-22,34.90,35.42,34.63,34.93,7824217
2019-04-23,35.11,35.90,34.96,35.89,13699030
2019-04-24,35.00,36.14,34.78,35.44,19856010
2019-04-25,35.47,37.15,35.43,36.93,13157490
2019-04-26,37.17,37.49,36.80,37.38,9621611
2019-04-29,37.27,37.56,36.65,36.73,5924700
2019-04-30,36.78,37.19,36.59,37.12,7683488
2019-05-01,37.11,37.14,36.34,36.38,6080986
2019-05-02,36.25,36.89,36.11,36.89,10698570
2019-05-03,37.05,37.30,36.84,37.20,7869321
2019-05-06,36.57,37.47,36.51,37.37,7742255
2019-05-07,37.08,37.25,36.47,36.77,6402978
2019-05-08,36.75,37.21,36.37,36.70,7128881
2019-05-09,36.34,37.11,36.07,37.07,8510493
2019-05-10,36.82,36.90,35.88,36.58,7458652
2019-05-13,36.30,36.37,35.88,35.97,5475964
2019-05-14,36.20,37.12,36.10,36.76,6567209
2019-05-15,36.64,37.38,36.60,37.07,8536891
2019-05-16,37.21,38.31,37.21,37.62,7498805
2019-05-17,37.08,37.88,37.07,37.32,5482060
2019-05-20,37.15,37.38,36.81,37.29,5053399
2019-05-21,37.63,37.88,37.41,37.70,7933020
2019-05-22,37.65,37.89,37.45,37.73,3714170
2019-05-23,37.68,37.81,37.29,37.79,6282454
2019-05-24,37.70,38.65,37.67,38.47,8232433
2019-05-28,38.54,39.16,38.34,38.45,14470380
2019-05-29,38.40,38.50,37.70,38.07,6052452
2019-05-30,38.21,38.68,38.02,38.44,6964456
2019-05-31,38.16,38.59,37.62,38.41,6825941
2019-06-03,38.48,38.67,38.08,38.29,5730807
2019-06-04,38.76,39.14,38.21,39.05,6982019
2019-06-05,39.19,40.16,39.18,40.01,11081600
2019-06-06,40.12,40.94,39.63,40.54,12114690
2019-06-07,40.83,41.64,40.75,41.28,17415490
2019-06-10,41.18,41.79,41.18,41.45,8012411
2019-06-11,41.68,41.99,40.82,41.17,8341713
2019-06-12,41.14,41.48,40.45,40.80,7019089
2019-06-13,40.81,40.96,40.38,40.66,7260904
2019-06-14,40.76,40.95,40.33,40.42,5410026
2019-06-17,40.46,40.74,40.32,40.68,3746010
2019-06-18,41.04,41.69,40.88,40.94,5983033
2019-06-19,40.80,41.77,40.58,41.66,6328720
2019-06-20,41.99,42.40,41.49,41.86,6131648
2019-06-21,41.80,41.86,41.32,41.69,8605754
2019-06-24,41.57,42.03,41.52,42.01,5406961
2019-06-25,42.06,42.32,41.70,41.72,5624524
2019-06-26,41.69,41.71,40.67,41.39,6176854
2019-06-27,41.77,42.27,41.52,41.93,8356886
2019-06-28,41.95,43.02,41.87,42.98,12753860
2019-07-01,43.41,43.66,42.63,42.90,7523287
2019-07-02,43.05,43.27,42.35,42.69,7757278
2019-07-03,42.73,42.82,42.37,42.63,3683617
2019-07-05,42.42,42.70,42.30,42.62,4121651
2019-07-08,42.34,42.72,42.22,42.61,6206470
2019-07-09,42.45,43.10,42.42,43.06,5833922
2019-07-10,43.07,43.27,42.62,42.89,6689522
2019-07-11,43.16,43.21,42.64,43.20,4745296
2019-07-12,43.14,43.21,42.09,42.25,8970563
2019-07-15,42.27,42.67,42.10,42.45,4466068
2019-07-16,42.57,42.68,41.83,41.86,4966362
2019-07-17,42.12,42.45,42.03,42.24,6087708
2019-07-18,42.13,42.94,42.04,42.64,6095906
2019-07-19,42.85,42.95,42.17,42.25,6840053
2019-07-22,42.47,42.75,42.31,42.50,5290999
2019-07-23,42.70,42.88,42.34,42.88,6836699
2019-07-24,42.06,42.91,41.53,42.87,8422148
2019-07-25,42.88,43.00,41.97,42.01,6209420
2019-07-26,42.39,42.56,41.87,42.08,4943200
2019-07-29,42.00,42.40,41.88,42.29,3951645
2019-07-30,42.11,42.87,41.87,42.86,4635168
2019-07-31,42.84,43.16,42.06,42.46,6861531
2019-08-01,42.48,43.53,41.91,42.61,7800446
2019-08-02,42.66,42.83,42.16,42.75,5341256
2019-08-05,42.19,42.32,40.91,41.36,7200056
2019-08-06,41.63,42.33,41.40,42.33,4301469
2019-08-07,42.00,42.41,41.10,42.18,5671917
2019-08-08,42.25,42.86,42.24,42.76,5057700
2019-08-09,42.71,43.46,42.65,43.20,4827247
2019-08-12,43.10,43.15,42.26,42.33,3878639
2019-08-13,42.28,43.10,42.17,42.86,3449020
2019-08-14,42.43,42.52,41.41,41.43,5677036
2019-08-15,41.48,42.09,41.35,41.87,4467252
2019-08-16,42.18,42.42,41.87,42.15,3274945
2019-08-19,43.07,43.07,42.45,42.74,2755449
2019-08-20,42.74,43.20,42.47,42.50,4168875
2019-08-21,42.78,42.86,42.32,42.55,3742733
2019-08-22,42.69,42.94,42.32,42.69,3333786
2019-08-23,42.69,42.72,41.00,41.17,5308114
2019-08-26,41.53,41.87,41.28,41.85,3434774
2019-08-27,42.03,42.34,41.94,42.22,5996740
2019-08-28,42.00,42.72,41.95,42.49,4208132
2019-08-29,42.83,43.41,42.49,42.84,5804908
2019-08-30,43.03,43.23,42.50,42.73,3234418
2019-09-03,42.50,42.65,41.31,41.67,4695509
2019-09-04,42.04,42.09,41.37,42.05,3490907
2019-09-05,42.54,42.67,42.14,42.61,4867007
2019-09-06,42.95,43.84,42.63,43.45,6349373
2019-09-09,43.49,43.55,41.63,41.74,6171451
2019-09-10,41.28,41.36,39.83,41.30,10912250
2019-09-11,41.56,42.38,41.23,42.30,6370370
2019-09-12,42.67,43.05,42.20,42.24,5676761
2019-09-13,42.11,42.45,41.56,41.81,4535393
2019-09-16,41.73,42.02,41.45,41.94,3097038
2019-09-17,42.03,42.64,41.96,42.32,3943535
2019-09-18,42.42,42.94,42.27,42.90,3984372
2019-09-19,42.97,43.15,42.79,43.06,6475996
2019-09-20,43.29,43.40,42.85,43.29,8006073
2019-09-23,43.10,43.38,42.89,43.15,4314424
2019-09-24,43.45,43.65,42.05,42.33,6527504
2019-09-25,42.34,42.55,41.94,42.20,4454999
2019-09-26,42.44,42.76,42.02,42.35,5208332
2019-09-27,42.45,42.46,39.75,40.31,10846180
2019-09-30,40.41,41.06,40.22,40.69,8029296
2019-10-01,40.93,41.38,40.10,40.24,6123800
2019-10-02,39.77,39.91,38.90,39.15,8431489
2019-10-03,39.09,39.83,38.90,39.75,5536149
2019-10-04,40.04,40.72,39.89,40.53,6235817
2019-10-07,40.35,40.51,40.10,40.35,3616638
2019-10-08,40.05,40.23,37.78,37.87,19613370
2019-10-09,38.30,38.88,38.23,38.61,8652886
2019-10-10,38.29,38.57,37.65,37.98,17401250
2019-10-11,38.32,38.95,38.11,38.23,16058110
2019-10-14,38.28,38.52,37.95,37.97,5517352
2019-10-15,38.38,38.66,37.76,38.46,10241460
2019-10-16,38.22,38.40,37.87,38.18,14838160
2019-10-17,38.43,38.56,38.12,38.17,6337983
2019-10-18,38.25,38.66,38.01,38.47,10584810
2019-10-21,38.67,38.95,38.50,38.65,8770058
2019-10-22,38.90,38.94,38.09,38.18,9868865
2019-10-23,40.75,41.24,39.77,40.09,21369890
2019-10-24,40.22,40.72,39.89,40.54,10835350
2019-10-25,40.48,41.24,40.26,40.85,6548950
2019-10-28,40.85,41.68,40.81,41.57,6527825
2019-10-29,41.36,42.11,41.25,41.75,4831266
2019-10-30,41.86,42.04,41.37,42.01,4275049
2019-10-31,41.92,42.07,41.60,41.70,5321689
2019-11-01,42.05,42.42,41.41,41.51,7382379
2019-11-04,41.71,41.71,40.81,40.98,6187154
2019-11-05,40.90,40.96,40.16,40.59,5801154
2019-11-06,40.75,40.97,40.19,40.72,4296049
2019-11-07,40.76,41.03,40.33,40.72,4586078
2019-11-08,40.61,40.86,40.41,40.51,3235631
2019-11-11,40.32,40.79,40.04,40.17,5199655
2019-11-12,40.22,41.29,40.17,41.22,7076912
2019-11-13,41.28,41.55,41.01,41.42,5149881
2019-11-14,41.45,41.66,41.26,41.57,4674451
2019-11-15,41.89,42.32,41.56,42.31,7514497
2019-11-18,42.36,43.49,42.17,42.29,11969780
2019-11-19,42.36,42.73,42.07,42.63,5389692
2019-11-20,42.59,42.84,42.30,42.61,5274366
2019-11-21,42.49,42.56,41.87,42.36,3935791
2019-11-22,42.48,42.55,41.65,41.85,5655492
2019-11-25,42.10,42.89,41.99,42.85,5029907
2019-11-26,42.86,42.88,42.60,42.83,5847856
2019-11-27,43.00,43.33,42.87,43.21,4736007
2019-11-29,43.15,43.35,42.87,43.25,2375455
2019-12-02,43.33,43.40,42.35,42.72,4920773
2019-12-03,42.31,42.78,42.22,42.61,3262065
2019-12-04,42.82,43.12,42.71,43.01,3657669
2019-12-05,43.06,43.41,42.57,43.26,5409225
2019-12-06,43.50,44.22,43.36,44.08,7951403
2019-12-09,44.07,44.17,43.66,43.71,9853398
2019-12-10,43.73,44.31,43.50,44.01,5704839
2019-12-11,44.00,44.04,43.77,43.82,5844163
2019-12-12,43.81,44.85,43.78,44.67,7023052
2019-12-13,44.45,45.27,44.40,45.09,7538964
2019-12-16,45.45,45.68,45.14,45.20,8569449
2019-12-17,45.11,45.21,44.48,44.75,9109463
2019-12-18,44.87,44.91,44.64,44.74,4932617
2019-12-19,44.18,44.96,44.13,44.83,6883102
2019-12-20,45.26,46.62,45.08,45.37,14231760
2019-12-23,45.48,45.48,44.81,45.22,5062114
2019-12-24,45.22,45.41,45.14,45.31,1036798
2019-12-26,45.34,45.34,45.01,45.26,2009166
2019-12-27,45.40,45.42,45.11,45.22,2123408
2019-12-30,45.31,45.37,44.94,44.99,3868241
2019-12-31,44.95,45.23,44.72,45.22,3725817
2020-01-02,45.50,45.59,44.94,45.33,5761064
2020-01-03,44.52,45.21,44.35,44.98,4704213
2020-01-06,44.85,45.57,44.68,45.35,5768878
2020-01-07,45.12,45.58,44.97,45.40,4299106
2020-01-08,45.60,46.06,45.47,45.64,5071839
2020-01-09,45.96,46.13,45.49,45.71,7225830
2020-01-10,45.95,46.11,45.55,45.67,5492725
2020-01-13,45.65,45.73,45.36,45.47,4877623
2020-01-14,42.41,42.82,41.65,42.66,27589840
2020-01-15,42.81,42.83,42.34,42.57,12805570
2020-01-16,42.71,43.33,42.66,43.20,11654560
2020-01-17,43.20,44.31,43.14,44.28,15909750
2020-01-21,44.18,44.39,43.76,44.07,8589987
2020-01-22,44.41,44.44,43.96,44.05,6515217
2020-01-23,43.92,44.03,43.19,43.57,6366664
2020-01-24,43.60,43.70,43.03,43.21,4022279
2020-01-27,42.50,43.12,42.35,42.65,5672445
2020-01-28,42.75,43.59,42.63,43.45,7223118
2020-01-29,43.63,44.20,43.42,43.95,6629622
2020-01-30,43.50,43.77,43.12,43.41,8792451
2020-01-31,43.29,43.30,41.78,41.87,12425030
2020-02-03,42.17,42.56,42.10,42.23,8763371
2020-02-04,42.83,43.20,42.70,42.88,9126105
2020-02-05,43.05,43.33,42.44,42.62,13227110
2020-02-06,42.60,43.23,42.24,43.01,6994231
2020-02-07,42.75,42.95,41.95,42.19,8381663
2020-02-10,42.02,42.52,41.88,42.22,6151669
2020-02-11,42.32,42.66,42.10,42.57,4861097
2020-02-12,42.61,42.75,42.23,42.23,8374140
2020-02-13,42.17,42.47,41.81,42.18,6406653
2020-02-14,42.27,42.41,42.08,42.31,7289964
2020-02-18,42.25,42.37,41.65,42.16,8024501
2020-02-19,42.31,43.44,42.28,43.02,7412015
2020-02-20,43.02,43.16,42.03,42.50,6123492
2020-02-21,42.26,42.85,42.04,42.62,7282369
2020-02-24,41.48,41.90,40.92,41.08,6536660
2020-02-25,41.15,41.32,39.70,39.91,8745553
2020-02-26,40.37,40.60,39.37,39.39,10063280
2020-02-27,38.62,39.58,37.89,37.92,15338260
2020-02-28,37.09,37.54,36.26,37.39,19871240
2020-03-02,37.60,38.27,36.71,38.27,14333750
2020-03-03,38.30,39.36,36.56,37.23,13875540
2020-03-04,38.05,38.78,37.23,38.75,10112530
2020-03-05,37.99,37.99,36.35,37.46,20434810
2020-03-06,36.14,37.70,35.88,37.60,17949130
2020-03-09,34.92,35.10,33.67,34.09,15378750
2020-03-10,35.92,35.92,33.73,35.18,13372160
2020-03-11,34.17,34.79,33.47,33.86,20113340
2020-03-12,31.63,33.52,30.57,31.00,23545600
2020-03-13,32.54,32.71,29.35,32.33,17420960
2020-03-16,28.72,29.23,27.16,27.55,17232090
2020-03-17,28.10,29.04,26.34,28.79,18097290
2020-03-18,26.98,27.70,25.41,27.24,18167780
2020-03-19,26.74,28.87,25.51,28.27,12088640
2020-03-20,28.63,28.78,27.10,27.24,11223220
2020-03-23,26.90,27.19,24.10,25.83,17190920
2020-03-24,26.81,28.63,26.77,28.22,16752770
2020-03-25,28.12,31.24,27.28,29.92,19681680
2020-03-26,30.31,31.82,30.06,31.42,13137520
2020-03-27,30.32,31.39,29.47,30.61,11232800
2020-03-30,30.77,31.84,29.56,31.64,12193030
2020-03-31,31.54,33.25,31.03,32.63,14181010
2020-04-01,31.62,31.88,29.93,30.19,9990663
2020-04-02,30.01,31.46,29.65,31.05,12401930
2020-04-03,30.82,31.52,30.63,31.17,10895510
2020-04-06,32.91,33.19,32.49,32.88,13647060
2020-04-07,34.33,35.72,33.38,33.69,21342430
2020-04-08,33.99,35.70,33.70,35.13,13608700
2020-04-09,35.25,37.24,34.99,36.83,19098850
2020-04-13,36.58,36.75,34.40,35.21,11990390
2020-04-14,35.81,36.45,35.43,35.92,12337160
2020-04-15,35.19,35.24,34.19,34.79,9994269
2020-04-16,35.03,35.58,34.82,35.45,8086402
2020-04-17,36.65,38.47,36.65,38.29,19998040
2020-04-20,37.82,38.48,37.25,37.25,10392400
2020-04-21,36.19,36.63,35.00,35.05,11514940
2020-04-22,35.53,35.89,34.37,35.49,10398190
2020-04-23,35.89,36.76,35.80,36.40,8425173
2020-04-24,36.78,37.27,36.46,36.90,8100873
2020-04-27,37.18,37.44,36.64,37.00,10040410
2020-04-28,37.42,37.50,35.85,35.93,8984227
2020-04-29,36.80,37.88,36.29,37.43,12659950
2020-04-30,36.88,37.77,36.69,37.48,11143150
2020-05-01,36.95,36.97,35.76,35.99,7484876
2020-05-04,35.71,36.06,35.44,35.83,5631418
2020-05-05,36.06,37.37,36.06,36.81,7002236
2020-05-06,37.00,37.12,35.87,35.89,6826305
2020-05-07,36.55,37.09,36.38,37.00,8829250
2020-05-08,37.50,38.36,37.15,38.18,10191940
2020-05-11,37.86,38.33,37.01,37.78,7992349
2020-05-12,37.91,37.95,36.97,36.98,8027256
2020-05-13,36.85,36.94,35.48,35.77,8053475
2020-05-14,35.32,35.83,34.52,35.50,6564869
2020-05-15,35.28,35.32,34.22,34.83,10291660
2020-05-18,35.76,36.87,35.76,36.42,13687180
2020-05-19,36.39,36.57,35.40,35.43,11366800
2020-05-20,35.92,37.48,35.77,37.18,10708530
2020-05-21,35.52,36.13,34.45,34.79,24248280
2020-05-22,35.57,36.32,35.27,35.91,28426310
2020-05-26,37.03,37.03,35.86,36.19,12272250
2020-05-27,36.36,37.18,36.01,37.14,9472886
2020-05-28,37.45,37.99,37.11,37.47,8924318
2020-05-29,37.68,38.04,36.70,37.99,10062950
2020-06-01,37.71,38.18,37.42,37.50,6174670
2020-06-02,37.62,37.93,37.46,37.54,10371240
2020-06-03,37.75,38.03,37.23,37.91,12472100
2020-06-04,37.84,37.84,37.23,37.42,6797036
2020-06-05,38.15,39.33,38.00,38.83,12623040
2020-06-08,38.68,39.30,38.67,39.11,8499750
2020-06-09,38.86,38.86,38.13,38.26,11969650
2020-06-10,38.36,38.36,36.98,37.49,10655130
2020-06-11,36.44,36.70,34.69,35.05,16345550
2020-06-12,35.95,36.40,34.66,35.35,13770780
2020-06-15,34.70,36.14,34.10,35.87,11279720
2020-06-16,37.07,37.44,36.43,36.70,11106060
2020-06-17,36.68,37.21,36.44,36.89,7938748
2020-06-18,36.65,36.92,36.40,36.68,6465492
2020-06-19,37.32,37.35,36.48,36.59,20382280
2020-06-22,36.44,36.53,35.59,35.97,9613285
2020-06-23,36.31,36.70,36.20,36.25,7283204
2020-06-24,35.97,35.97,33.32,33.85,21114910
2020-06-25,33.72,33.99,33.13,33.89,12503330
2020-06-26,33.77,33.91,33.09,33.28,35516100
2020-06-29,33.56,34.65,33.00,34.65,13311020
2020-06-30,34.61,35.31,34.23,35.11,12027280
2020-07-01,35.17,35.52,34.76,35.28,7642651
2020-07-02,35.65,36.05,35.28,35.38,4738385
2020-07-06,35.87,35.96,35.34,35.59,6481569
2020-07-07,35.23,35.52,34.58,34.64,9826355
2020-07-08,34.67,34.73,34.20,34.55,13840450
2020-07-09,34.57,34.75,33.77,34.50,12329300
2020-07-10,34.43,34.75,34.28,34.68,9757294
2020-07-13,35.09,35.24,34.27,34.44,10120920
2020-07-14,34.38,35.27,34.24,35.22,10133240
2020-07-15,35.94,36.84,35.86,36.70,9442598
2020-07-16,36.87,37.05,36.19,36.37,9383255
2020-07-17,36.50,37.92,36.28,37.71,8714208
2020-07-20,37.57,37.90,36.80,37.17,8015335
2020-07-21,37.26,37.85,37.17,37.48,5778440
2020-07-22,37.57,38.76,37.51,38.39,7846173
2020-07-23,38.29,38.82,38.14,38.43,6623857
2020-07-24,38.53,38.66,38.11,38.60,6673635
2020-07-27,38.61,38.68,38.16,38.35,9552698
2020-07-28,38.23,38.68,37.95,38.27,8617621
2020-07-29,40.00,40.50,39.15,39.81,15966340
2020-07-30,39.16,39.33,38.38,38.94,7300795
2020-07-31,38.84,38.90,37.95,38.57,7060358
2020-08-03,38.69,38.88,37.98,38.00,6145807
2020-08-04,37.78,37.99,37.08,37.15,7749603
2020-08-05,37.30,38.02,37.17,37.73,6480622
2020-08-06,37.72,37.94,37.35,37.89,4367828
2020-08-07,37.77,38.99,37.63,38.97,8645594
2020-08-10,38.99,39.15,38.78,38.98,4329159
2020-08-11,39.46,39.87,39.24,39.31,7955080
2020-08-12,39.46,40.23,39.36,39.96,6500068
2020-08-13,39.74,39.92,39.32,39.75,4636596
2020-08-14,39.37,39.51,38.95,39.16,5708891
2020-08-17,39.12,39.75,39.12,39.35,4785939
2020-08-18,39.50,39.60,39.15,39.33,5267281
2020-08-19,39.41,39.74,39.26,39.35,5697756
2020-08-20,39.00,39.32,38.81,38.86,4661197
2020-08-21,38.71,38.72,37.95,38.43,8239718
2020-08-24,38.60,38.97,38.41,38.94,7824942
2020-08-25,39.32,39.74,39.11,39.64,8218242
2020-08-26,39.69,39.69,38.70,39.35,4574157
2020-08-27,39.40,41.01,39.40,40.78,8959687
2020-08-28,40.71,41.05,40.43,41.03,4542192
2020-08-31,40.93,41.24,40.74,41.02,7473602
2020-09-01,40.70,41.49,40.70,41.47,7997286
2020-09-02,41.50,42.29,41.47,42.23,9847296
2020-09-03,42.15,42.37,41.14,41.49,9762953
2020-09-04,41.59,41.96,40.85,41.48,9232451
2020-09-08,41.06,41.30,40.61,40.92,7104888
2020-09-09,41.27,41.94,41.14,41.53,5876943
2020-09-10,41.58,41.86,40.85,40.97,5182761
2020-09-11,40.95,41.05,39.98,40.29,7142897
2020-09-14,40.66,41.34,40.59,41.12,4797610
2020-09-15,41.33,41.55,40.88,41.02,3645144
2020-09-16,41.24,41.28,39.94,40.19,8529997
2020-09-17,39.92,39.92,39.09,39.67,10883970
2020-09-18,39.60,39.99,38.39,38.48,10720470
2020-09-21,37.83,38.55,37.52,38.55,10625600
2020-09-22,38.51,38.64,37.90,38.60,7024827
2020-09-23,38.66,38.76,37.64,37.72,7462105
2020-09-24,37.43,37.54,36.86,37.12,9270829
2020-09-25,36.89,37.65,36.80,37.34,7749143
2020-09-28,38.07,38.45,37.98,38.00,6436547
2020-09-29,38.18,38.26,37.54,37.76,5951336
2020-09-30,37.83,38.71,37.73,38.21,7711757
2020-10-01,38.56,38.94,38.19,38.42,6098403
2020-10-02,37.80,38.66,37.76,38.48,6271166
2020-10-05,38.75,39.34,38.66,39.24,4448907
2020-10-06,39.80,40.40,39.25,39.33,7833522
2020-10-07,39.58,40.44,39.58,40.18,5785088
2020-10-08,40.25,40.57,40.19,40.49,4484008
2020-10-09,41.04,41.25,40.70,41.14,6020281
2020-10-12,41.44,42.13,41.22,41.97,7690268
2020-10-13,41.82,41.92,40.70,40.92,7399736
2020-10-14,40.77,40.91,40.20,40.62,12537940
2020-10-15,40.12,40.67,38.50,39.00,15112230
2020-10-16,39.00,39.18,38.42,38.44,18559600
2020-10-19,38.51,38.64,37.71,37.77,11197190
2020-10-20,37.98,38.12,37.54,37.54,8140363
2020-10-21,37.51,37.72,37.12,37.15,11643960
2020-10-22,37.19,37.54,36.73,36.86,15048320
2020-10-23,37.00,37.41,36.71,37.17,12412630
2020-10-26,36.69,37.26,36.28,36.86,9594496
2020-10-27,36.86,36.99,35.99,36.05,12082070
2020-10-28,35.75,35.99,33.90,34.07,17957570
2020-10-29,33.98,34.25,33.14,33.50,27743340
2020-10-30,33.31,34.66,33.31,34.27,20324840
2020-11-02,34.66,34.91,34.34,34.55,14351820
2020-11-03,35.06,35.63,34.80,35.15,9313489
2020-11-04,35.50,35.75,34.24,35.29,14830870
2020-11-05,36.00,36.09,35.10,35.21,11132700
2020-11-06,35.31,35.87,35.09,35.70,11142840
2020-11-09,38.48,39.50,38.16,38.21,21385050
2020-11-10,38.25,38.52,37.92,38.20,10274660
2020-11-11,38.15,38.35,37.18,37.40,9713083
2020-11-12,37.17,37.39,36.53,36.74,15709510
2020-11-13,36.95,38.15,36.75,37.98,18923600
2020-11-16,38.67,38.77,37.70,38.03,7849749
2020-11-17,35.49,35.50,33.98,35.03,34678270
2020-11-18,35.21,35.21,33.86,34.26,22512340
2020-11-19,34.33,34.50,33.96,34.21,14816270
2020-11-20,34.08,34.32,33.64,33.70,15402500
2020-11-23,33.70,33.88,32.99,33.33,18823430
2020-11-24,33.69,34.08,33.61,33.79,18849650
2020-11-25,33.87,33.99,33.50,33.55,9814059
2020-11-27,33.90,33.90,33.44,33.60,6363646
2020-11-30,33.61,33.62,33.01,33.15,15588590
2020-12-01,33.50,33.95,33.37,33.65,14414630
2020-12-02,33.60,34.27,33.26,34.15,19584260
2020-12-03,34.15,34.21,33.70,33.81,21070880
2020-12-04,33.80,34.42,33.57,34.41,26383230
2020-12-07,34.36,34.49,33.91,34.25,18398500
2020-12-08,34.05,34.16,33.68,33.97,20816510
2020-12-09,34.03,34.34,33.72,34.13,14858410
2020-12-10,34.05,34.27,33.95,34.00,11028980
2020-12-11,33.76,34.14,33.43,33.60,14827300
2020-12-14,33.93,34.26,33.42,33.45,8712937
2020-12-15,33.82,34.97,33.75,34.67,16700680
2020-12-16,34.76,35.65,34.58,35.13,13985310
2020-12-17,35.19,35.41,35.02,35.39,10503040
2020-12-18,35.55,36.13,35.30,35.45,23166580
2020-12-21,34.93,35.00,34.16,34.82,10484830
2020-12-22,34.79,34.94,34.19,34.36,9425660
2020-12-23,34.51,34.91,34.36,34.37,7381419
2020-12-24,34.45,34.63,34.22,34.59,2608757
2020-12-28,34.76,35.06,34.70,34.92,4842128
2020-12-29,35.20,35.73,35.08,35.50,8787162
2020-12-30,35.50,35.73,35.38,35.55,6814040
2020-12-31,35.60,36.01,35.37,35.95,6214812
2021-01-04,36.08,36.10,35.03,35.27,14068970
2021-01-05,35.39,36.47,35.13,36.24,14812570
2021-01-06,35.97,36.93,35.87,36.76,13236490
2021-01-07,36.76,36.81,36.34,36.56,7267616
2021-01-08,36.58,37.04,36.52,36.75,7288865
2021-01-11,36.38,36.54,36.17,36.44,7228421
2021-01-12,36.30,36.37,34.58,35.33,19636540
2021-01-13,35.25,36.18,35.20,36.06,9942223
2021-01-14,36.10,36.46,35.90,36.16,10213170
2021-01-15,36.16,36.57,35.88,36.33,15109680
2021-01-19,36.89,36.89,35.94,36.27,8081343
2021-01-20,36.28,36.81,36.07,36.66,7617814
2021-01-21,36.70,37.74,36.50,37.52,12188190
2021-01-22,37.53,37.59,37.00,37.03,7405570
2021-01-25,36.89,37.13,36.44,36.78,6157878
2021-01-26,36.75,36.89,36.49,36.64,5869604
2021-01-27,36.25,36.38,35.66,35.82,15133830
2021-01-28,35.93,36.57,35.60,36.34,16495180
2021-01-29,36.12,36.69,35.05,35.44,18873500
2021-02-01,35.83,36.15,35.22,35.95,12285370
2021-02-02,36.05,37.06,35.97,36.64,12475850
2021-02-03,36.45,37.58,36.30,37.45,16681890
2021-02-04,37.50,39.06,37.41,38.76,16035400
2021-02-05,39.00,39.40,38.81,38.96,19216660
2021-02-08,38.92,39.68,38.92,39.57,10354760
2021-02-09,39.51,39.60,38.68,39.25,11600450
2021-02-10,39.25,39.50,38.52,38.85,8847502
2021-02-11,39.01,39.15,38.60,38.87,5546573
2021-02-12,38.75,38.82,38.18,38.39,12443870
2021-02-16,38.28,38.46,37.69,37.93,8842821
2021-02-17,37.62,37.77,37.37,37.50,6122959
2021-02-18,37.28,37.74,36.88,37.52,6390210
2021-02-19,37.60,38.06,37.19,38.03,9407964
2021-02-22,37.92,39.34,37.85,39.20,10922140
2021-02-23,39.20,39.62,38.73,38.75,10173880
2021-02-24,38.75,39.86,38.67,39.53,9267051
2021-02-25,39.54,39.95,39.31,39.67,11652250
2021-02-26,39.51,39.69,38.73,38.78,13454710
2021-03-01,39.12,39.18,38.47,38.90,7790741
2021-03-02,38.90,38.99,38.57,38.76,6064524
2021-03-03,38.69,39.01,38.31,38.82,6666902
2021-03-04,39.02,39.08,37.53,37.93,8514216
2021-03-05,38.36,39.71,38.19,39.54,12809410
2021-03-08,39.53,39.98,39.13,39.52,9616426
2021-03-09,39.50,40.12,39.43,39.55,13646710
2021-03-10,39.79,39.81,39.24,39.34,7696971
2021-03-11,39.29,39.34,38.62,38.65,6470724
2021-03-12,38.62,39.04,38.51,38.85,5276344
2021-03-15,39.00,39.48,38.56,39.40,7046169
2021-03-16,39.33,39.52,38.60,38.86,6172523
2021-03-17,38.95,39.23,38.67,38.88,6665617
2021-03-18,38.85,38.97,38.16,38.19,8349881
2021-03-19,38.19,38.62,37.61,38.17,12334390
2021-03-22,38.17,38.62,37.95,38.23,5845535
2021-03-23,38.22,38.22,37.15,37.24,6119593
2021-03-24,37.23,38.01,37.20,37.58,7334753
2021-03-25,37.68,37.98,37.13,37.92,5708623
2021-03-26,37.95,38.25,37.53,38.22,7624441
2021-03-29,38.04,38.82,38.00,38.59,6090996
2021-03-30,38.40,39.06,38.26,38.96,5900648
2021-03-31,39.00,39.10,38.53,38.65,5811171
2021-04-01,38.61,38.78,38.00,38.58,5615320
2021-04-05,38.87,39.13,38.73,39.04,4954706
2021-04-06,39.20,39.25,38.84,38.95,7676527
2021-04-07,38.96,39.22,38.74,38.85,4861625
2021-04-08,38.93,39.12,38.65,38.72,3992088
2021-04-09,38.77,39.33,38.55,39.32,5426070
2021-04-12,39.26,39.47,38.88,39.34,4140699
2021-04-13,39.22,39.48,39.10,39.41,6582068
2021-04-14,39.34,39.98,39.33,39.67,4093929
2021-04-15,39.88,41.06,39.84,40.86,8608131
2021-04-16,41.14,41.18,40.59,40.91,7527774
2021-04-19,40.79,40.97,40.52,40.88,6539365
2021-04-20,40.82,41.73,40.71,41.13,10522810
2021-04-21,41.24,42.54,41.00,42.31,14811370
2021-04-22,42.31,42.80,42.03,42.57,12019320
2021-04-23,42.60,42.94,42.58,42.73,9906018
2021-04-26,42.81,42.91,42.23,42.27,11175830
2021-04-27,41.99,42.76,41.59,42.41,8400876
2021-04-28,43.86,44.63,43.75,44.24,16088230
2021-04-29,44.28,44.30,43.63,44.10,8810742
2021-04-30,43.84,43.96,43.36,43.60,12645840
2021-05-03,43.60,43.79,43.44,43.63,7610605
2021-05-04,43.50,43.50,43.09,43.33,9076459
2021-05-05,43.47,43.67,43.05,43.09,4465118
2021-05-06,43.03,43.10,42.62,43.04,8257468
2021-05-07,43.10,43.83,42.99,43.13,6089420
2021-05-10,43.16,43.61,43.08,43.25,6078422
2021-05-11,43.15,43.38,42.37,42.53,10858520
2021-05-12,42.34,42.34,41.23,41.35,9882777
2021-05-13,41.51,41.88,41.33,41.61,5005882
2021-05-14,41.84,42.04,41.54,41.55,4447561
2021-05-17,41.50,41.82,41.23,41.72,5552056
2021-05-18,41.73,42.19,41.66,41.77,5212333
2021-05-19,41.26,41.49,41.04,41.43,5900636
2021-05-20,41.36,42.28,41.23,41.92,4427546
2021-05-21,42.14,42.64,42.07,42.11,5203747
2021-05-24,42.37,42.98,42.20,42.80,7751084
2021-05-25,43.01,43.34,42.68,43.03,5891519
2021-05-26,41.52,42.35,41.05,41.83,10531840
2021-05-27,42.05,42.23,41.78,41.96,8004476
2021-05-28,42.36,42.86,42.08,42.55,5720760
2021-06-01,42.82,43.20,42.50,42.93,8166472
2021-06-02,43.00,43.06,41.55,41.61,11253650
2021-06-03,41.36,41.54,40.87,41.35,5658902
2021-06-04,41.78,42.12,41.40,42.03,5465346
2021-06-07,42.21,42.70,42.01,42.14,7467356
2021-06-08,42.37,42.39,41.43,42.02,4840199
2021-06-09,42.05,42.40,42.02,42.33,3863518
2021-06-10,42.49,42.91,42.39,42.84,3992009
2021-06-11,42.76,42.93,42.38,42.91,5352775
2021-06-14,42.94,42.94,42.37,42.54,5034096
2021-06-15,42.70,42.93,42.39,42.75,6396220
2021-06-16,42.81,43.03,42.53,42.78,4910602
2021-06-17,42.72,43.50,42.70,43.35,6578656
2021-06-18,43.11,43.36,42.81,43.02,8845311
2021-06-21,43.30,43.82,43.17,43.60,6705991
2021-06-22,43.53,43.92,43.28,43.83,5623322
2021-06-23,43.79,43.97,43.62,43.79,3760378
2021-06-24,43.99,44.20,43.71,43.71,6324874
2021-06-25,43.87,44.27,43.84,44.10,6884251
2021-06-28,44.00,44.22,43.04,43.33,6763013
2021-06-29,43.37,43.50,42.98,43.23,5370271
2021-06-30,43.30,43.30,42.44,42.76,8902639
2021-07-01,42.78,43.51,42.69,43.36,5756424
2021-07-02,43.40,44.00,43.21,43.92,4997758
2021-07-06,43.79,43.80,43.25,43.62,6659727
2021-07-07,43.72,43.99,43.53,43.93,5358311
2021-07-08,43.46,43.54,42.79,43.34,6035237
2021-07-09,43.66,43.83,43.39,43.59,4137138
2021-07-12,43.36,43.62,43.36,43.49,3772667
2021-07-13,43.39,43.52,43.00,43.06,4137070
2021-07-14,43.24,43.34,42.65,42.74,4174478
2021-07-15,42.42,42.55,41.86,42.16,6079752
2021-07-16,42.31,42.43,41.98,42.10,5539678
2021-07-19,41.66,41.83,40.93,41.23,6268248
2021-07-20,41.32,43.00,41.31,42.79,8007672
2021-07-21,43.19,43.83,43.02,43.58,7571062
2021-07-22,43.63,43.92,43.18,43.55,4793715
2021-07-23,43.85,44.27,43.69,44.12,5204225
2021-07-26,43.87,44.08,43.68,43.97,5899489
2021-07-27,44.62,46.03,43.78,45.51,14100210
2021-07-28,45.41,45.80,44.83,45.43,8168066
2021-07-29,45.52,45.57,44.92,45.32,5214524
2021-07-30,45.19,45.93,45.01,45.60,9108233
2021-08-02,45.77,46.28,45.34,45.88,10041150
2021-08-03,45.90,45.92,45.16,45.54,7721539
2021-08-04,45.38,45.60,44.24,44.26,8099896
2021-08-05,44.45,44.66,44.06,44.65,6471048
2021-08-06,44.71,44.73,44.28,44.70,5607552
2021-08-09,44.70,44.87,43.67,43.81,5918454
2021-08-10,43.84,43.98,42.12,42.65,14862650
2021-08-11,42.81,43.95,42.71,43.63,7582839
2021-08-12,43.66,44.26,43.48,44.07,5013788
2021-08-13,44.00,44.37,43.85,44.33,3137363
2021-08-16,44.30,44.70,44.09,44.66,5261929
2021-08-17,44.63,45.38,44.37,45.15,8536511
2021-08-18,45.08,45.10,44.06,44.09,10536650
2021-08-19,43.99,44.57,43.80,44.27,4606938
2021-08-20,44.20,44.51,43.94,44.44,5214889
2021-08-23,44.50,44.60,43.81,43.99,10137970
2021-08-24,44.16,45.68,44.01,44.85,7916866
2021-08-25,44.68,45.31,44.45,44.81,4271365
2021-08-26,44.71,44.89,44.52,44.66,4011313
2021-08-27,44.85,45.04,44.59,44.80,4027465
2021-08-30,44.88,45.09,44.62,44.83,3659917
2021-08-31,44.89,45.27,44.67,45.15,6770035
2021-09-01,45.33,45.70,44.91,45.58,5408490
2021-09-02,45.80,45.87,44.95,45.06,7294906
2021-09-03,45.00,45.12,44.46,44.92,8244342
2021-09-07,44.66,45.16,44.27,45.10,3609979
2021-09-08,45.03,45.80,44.86,45.51,5470387
2021-09-09,45.50,45.95,45.27,45.41,4944472
2021-09-10,45.41,45.56,44.25,44.46,5105726
2021-09-13,44.72,44.88,43.82,44.21,5816059
2021-09-14,44.54,45.01,44.09,44.85,4638132
2021-09-15,44.88,45.37,44.62,45.01,5266688
2021-09-16,45.01,45.12,44.64,44.90,5313532
2021-09-17,44.53,44.71,43.92,44.37,8419640
2021-09-20,43.80,44.08,43.24,43.64,7566182
2021-09-21,44.02,44.35,43.34,43.36,6336410
2021-09-22,43.43,44.94,43.23,44.31,8946294
2021-09-23,44.51,45.40,44.32,45.00,8199614
2021-09-24,44.90,45.10,44.38,44.70,4332876
2021-09-27,44.51,44.81,44.23,44.46,4844915
2021-09-28,44.22,44.32,43.47,43.67,4867724
2021-09-29,43.84,44.20,43.72,43.89,5096885
2021-09-30,43.91,44.27,43.38,43.39,6738498
2021-10-01,43.49,44.03,43.20,43.80,4782109
2021-10-04,43.53,43.78,42.01,42.41,8878242
2021-10-05,42.52,43.23,42.43,42.44,5396334
2021-10-06,42.18,42.91,41.86,42.86,5274473
2021-10-07,43.20,44.24,43.20,43.62,6783042
2021-10-08,43.63,44.02,43.10,43.16,4163627
2021-10-11,42.98,43.23,42.09,42.14,3752052
2021-10-12,42.29,42.48,41.95,42.09,4114728
2021-10-13,42.15,42.33,41.75,41.79,5622445
2021-10-14,42.06,43.37,42.06,43.25,6771623
2021-10-15,43.58,43.68,43.05,43.40,5503455
2021-10-18,43.01,43.05,42.26,42.80,4144315
2021-10-19,43.23,44.47,43.11,44.13,6097989
2021-10-20,44.46,45.00,44.23,44.47,7840314
2021-10-21,44.30,44.93,44.05,44.87,5942938
2021-10-22,44.80,45.12,44.59,44.84,3715138
2021-10-25,44.99,45.02,44.44,44.49,5238934
2021-10-26,44.66,44.76,44.28,44.32,5314707
2021-10-27,45.12,45.43,43.58,43.73,6993045
2021-10-28,43.53,43.84,43.07,43.24,5732285
2021-10-29,43.08,43.28,42.58,43.13,7157688
2021-11-01,43.30,43.42,42.76,42.80,8231273
2021-11-02,43.06,43.50,42.56,43.21,12976860
2021-11-03,43.11,43.31,42.32,42.91,10404690
2021-11-04,42.98,43.19,42.08,42.50,7241374
2021-11-05,42.55,44.57,42.50,43.16,14638400
2021-11-08,43.30,43.53,42.72,43.35,7059410
2021-11-09,43.34,43.39,42.55,42.79,4935639
2021-11-10,42.62,43.02,42.34,42.45,4812943
2021-11-11,42.46,42.62,41.67,41.96,9437758
2021-11-12,42.12,42.27,41.62,42.07,9924321
2021-11-15,42.18,42.27,41.16,41.34,9649619
2021-11-16,41.31,41.64,40.88,41.42,9553769
2021-11-17,41.82,42.02,41.38,41.61,6719341
2021-11-18,41.65,41.65,40.82,41.21,7224559
2021-11-19,41.15,41.16,40.50,41.03,7955645
2021-11-22,41.12,41.21,40.45,40.70,6639276
2021-11-23,40.55,41.08,39.78,40.23,11577690
2021-11-24,40.22,40.77,40.13,40.70,7812226
2021-11-26,40.00,40.16,38.44,38.57,9260589
2021-11-29,38.85,39.20,38.44,38.59,9533542
2021-11-30,38.42,39.07,37.96,38.07,14717390
2021-12-01,38.71,39.41,38.11,38.14,10355940
2021-12-02,38.27,39.67,38.18,39.60,11094210
2021-12-03,39.83,40.09,38.98,39.46,8704034
2021-12-06,39.88,41.28,39.76,40.70,8951850
2021-12-07,41.24,42.06,41.05,41.40,10139240
2021-12-08,41.42,41.87,41.32,41.66,4619963
2021-12-09,41.38,41.87,40.95,41.28,5870468
2021-12-10,41.38,41.53,40.90,41.17,4602738
2021-12-13,41.05,41.74,41.00,41.43,5891249
2021-12-14,41.28,41.49,40.70,40.85,6571213
2021-12-15,40.83,41.09,39.77,40.24,14235230
2021-12-16,40.28,41.16,40.23,40.43,13248940
2021-12-17,40.38,41.48,40.12,40.86,11236110
2021-12-20,40.31,40.31,39.27,39.50,11673230
2021-12-21,39.97,41.15,39.83,41.11,9391699
2021-12-22,41.06,42.20,41.00,42.16,7722771
2021-12-23,42.53,43.04,42.24,42.72,6414886
2021-12-27,42.71,43.18,42.52,43.12,4106436
2021-12-28,43.11,43.59,43.02,43.24,5515023
2021-12-29,43.31,43.41,43.02,43.17,3398444
2021-12-30,43.17,43.42,42.95,42.99,3530538
2021-12-31,42.81,43.06,42.47,42.48,4174358
2022-01-03,42.59,43.15,42.10,43.12,5093518
2022-01-04,43.32,44.63,43.21,43.64,9134979
2022-01-05,43.50,44.14,43.04,43.05,6601215
2022-01-06,43.10,43.36,42.54,42.59,5510650
2022-01-07,42.41,42.76,42.07,42.11,5341314
2022-01-10,41.90,42.43,41.44,42.41,6454552
2022-01-11,42.65,43.65,42.38,43.40,6208579
2022-01-12,43.58,44.65,43.42,44.41,13543720
2022-01-13,44.24,45.31,44.07,44.57,11883580
2022-01-14,44.17,44.95,43.84,44.86,8674993
2022-01-18,44.29,44.50,43.93,44.22,10721500
2022-01-19,44.17,44.72,44.00,44.05,8721750
2022-01-20,44.08,45.04,43.38,43.45,9562486
2022-01-21,43.47,43.55,42.69,42.97,11278140
2022-01-24,42.18,42.75,41.08,42.66,8974595
2022-01-25,41.91,42.75,41.29,42.51,10837410
2022-01-26,42.81,43.68,42.47,43.04,16803560
2022-01-27,43.33,43.95,42.86,43.23,12172790
2022-01-28,43.14,43.44,41.74,42.74,12258170
2022-01-31,42.65,43.13,42.29,42.90,13622530
2022-02-01,42.88,43.56,42.62,43.50,10452020
2022-02-02,41.78,42.49,40.91,41.44,26586170
2022-02-03,41.30,42.87,41.27,42.61,16121830
2022-02-04,42.32,43.19,42.29,42.77,8924511
2022-02-07,42.64,43.51,42.54,42.91,7259545
2022-02-08,43.20,44.26,42.98,44.16,8019978
2022-02-09,44.62,45.00,44.27,44.75,9732078
2022-02-10,44.26,44.54,43.56,43.75,8719369
2022-02-11,43.84,44.00,42.90,43.11,6616116
2022-02-14,43.00,43.23,42.44,42.73,7963578
2022-02-15,43.38,44.01,43.28,44.01,8014998
2022-02-16,43.81,44.26,43.23,44.19,6510167
2022-02-17,43.80,44.04,42.59,42.83,7785450
2022-02-18,42.88,43.10,42.19,42.55,6878328
2022-02-22,42.55,43.37,42.45,42.98,7835967
2022-02-23,43.28,44.38,43.14,43.71,12624710
2022-02-24,42.75,44.02,42.28,43.95,8259159
2022-02-25,44.00,45.17,43.77,45.10,10716150
2022-02-28,44.49,44.69,43.66,44.17,10611070
2022-03-01,44.08,44.33,42.98,43.36,9789857
2022-03-02,43.96,44.44,43.64,43.90,11859580
2022-03-03,44.17,44.31,43.54,43.96,6980450
2022-03-04,43.29,44.07,43.08,43.96,7015738
2022-03-07,43.72,43.80,42.49,42.55,8479723
2022-03-08,42.46,42.53,40.80,40.90,11351230
2022-03-09,41.76,42.30,41.30,42.07,10484470
2022-03-10,41.45,41.86,41.27,41.74,9237456
2022-03-11,42.00,42.56,41.66,41.70,6175638
2022-03-14,42.19,42.39,41.64,41.90,8307525
2022-03-15,42.49,42.85,42.12,42.66,6925942
2022-03-16,43.12,44.01,43.00,43.84,7726660
2022-03-17,43.62,44.24,43.62,44.21,8114398
2022-03-18,44.19,44.33,43.63,44.22,10662300
2022-03-21,43.87,44.47,43.80,44.32,5302414
2022-03-22,44.33,44.59,43.67,43.74,6584340
2022-03-23,43.54,43.56,41.99,42.30,11794090
2022-03-24,42.36,42.99,42.11,42.87,5653405
2022-03-25,43.05,43.52,42.91,43.50,6033884
2022-03-28,43.68,44.30,43.50,44.27,4498434
2022-03-29,44.87,45.08,44.43,44.85,6133649
2022-03-30,44.65,45.08,44.42,44.70,6862600
2022-03-31,44.62,45.13,44.27,44.29,10142340
2022-04-01,44.55,45.03,44.21,44.99,5188861
2022-04-04,44.83,45.08,43.73,44.16,10642480
2022-04-05,44.05,44.64,44.02,44.35,11425870
2022-04-06,43.97,44.66,43.55,44.58,7256618
2022-04-07,44.44,45.17,44.32,44.96,5758744
2022-04-08,44.95,45.24,44.66,44.84,9615588
2022-04-11,44.70,44.91,44.15,44.22,6497875
2022-04-12,44.22,44.53,43.62,43.76,4156075
2022-04-13,43.86,44.53,43.65,44.43,4151778
2022-04-14,44.51,44.71,44.03,44.25,5172331
2022-04-18,44.13,44.56,43.55,43.74,4082718
2022-04-19,43.92,45.95,43.83,45.72,9196715
2022-04-20,45.93,47.49,45.62,47.10,14255700
2022-04-21,47.33,47.38,46.26,46.31,8062385
2022-04-22,45.80,45.97,43.73,43.90,11485500
2022-04-25,43.76,44.77,43.59,44.59,10329260
2022-04-26,43.85,44.17,42.54,42.60,14253450
2022-04-27,43.55,44.85,42.86,43.06,14686370
2022-04-28,43.44,43.61,42.00,42.73,8550060
2022-04-29,42.52,42.98,41.95,42.11,15072900
2022-05-02,42.36,42.65,40.78,41.63,9896173
2022-05-03,41.50,42.27,41.50,41.77,7410051
2022-05-04,41.78,42.90,41.40,42.75,6111495
2022-05-05,42.47,42.93,41.58,42.03,9579476
2022-05-06,41.84,41.91,40.62,40.85,9138291
2022-05-09,40.26,40.31,37.98,38.29,13411790
2022-05-10,38.69,39.24,37.99,38.65,10993760
2022-05-11,38.55,39.65,38.34,38.74,11574650
2022-05-12,38.57,39.00,38.02,38.79,9925061
2022-05-13,39.16,39.92,39.12,39.66,7768202
2022-05-16,39.43,40.05,39.34,39.82,5833667
2022-05-17,40.51,41.50,40.25,41.32,9315300
2022-05-18,40.85,41.12,40.12,40.23,10495410
2022-05-19,39.73,40.25,39.08,39.49,9555980
2022-05-20,39.25,39.57,38.24,39.22,12397590
2022-05-23,39.62,40.02,39.03,39.89,6662630
2022-05-24,39.77,40.34,39.29,40.15,5959556
2022-05-25,39.78,40.44,39.55,40.09,7417429
2022-05-26,40.12,40.37,39.57,40.14,6171328
2022-05-27,41.61,41.61,40.95,41.20,6968699
2022-05-31,40.75,41.32,40.57,41.01,7925295
2022-06-01,41.14,41.25,39.53,39.92,6546354
2022-06-02,39.92,40.71,39.04,40.67,4443951
2022-06-03,40.49,40.54,39.84,39.91,5823399
2022-06-06,40.17,40.36,39.22,39.38,6548541
2022-06-07,39.19,39.59,38.91,39.58,6725423
2022-06-08,39.40,39.48,39.01,39.11,6378447
2022-06-09,38.80,38.95,37.95,37.97,5868766
2022-06-10,37.29,37.60,36.91,37.23,11071620
2022-06-13,36.42,36.89,36.22,36.41,15115240
2022-06-14,36.31,36.41,35.09,35.24,12615070
2022-06-15,36.10,36.68,35.52,36.03,13548220
2022-06-16,35.17,35.63,34.98,35.51,9199919
2022-06-17,35.59,36.35,35.33,36.01,17432860
2022-06-21,36.48,36.67,36.02,36.30,10277440
2022-06-22,36.02,37.33,35.91,37.03,9569082
2022-06-23,37.16,37.50,36.72,36.94,6656832
2022-06-24,37.20,38.10,36.99,38.02,10453790
2022-06-27,37.98,38.10,37.56,37.82,4698965
2022-06-28,38.04,38.27,37.40,37.50,9890645
2022-06-29,37.55,37.90,37.27,37.80,5749598
2022-06-30,37.47,37.76,36.98,37.27,8127123
2022-07-01,37.22,38.12,37.09,38.01,5870032
2022-07-05,37.59,37.83,37.18,37.76,5790949
2022-07-06,38.02,38.05,37.38,37.66,5502851
2022-07-07,37.60,37.97,37.32,37.85,6992078
2022-07-08,37.79,38.63,37.79,37.84,6189198
2022-07-11,37.34,37.67,37.19,37.51,4102006
2022-07-12,37.39,37.80,36.70,36.88,6163236
2022-07-13,36.35,37.00,36.34,36.77,5890764
2022-07-14,36.30,36.76,36.15,36.71,5843477
2022-07-15,37.28,37.59,37.09,37.55,7124894
2022-07-18,37.67,38.01,37.12,37.17,5403703
2022-07-19,37.65,37.81,37.51,37.71,9995681
2022-07-20,37.56,37.81,37.04,37.28,10868060
2022-07-21,37.46,38.12,37.24,38.12,11814800
2022-07-22,38.18,38.61,37.84,38.12,4946826
2022-07-25,38.11,38.24,37.72,38.00,6280038
2022-07-26,38.18,38.23,37.70,37.96,10690100
2022-07-27,40.62,41.34,39.74,40.31,18838610
2022-07-28,40.26,41.42,40.04,41.16,9068826
2022-07-29,40.85,41.25,40.61,41.05,8815967
2022-08-01,40.65,41.26,40.61,41.05,5186772
2022-08-02,41.10,41.78,41.03,41.46,6411383
2022-08-03,41.63,41.83,41.29,41.62,5676803
2022-08-04,41.66,41.78,41.14,41.23,6390481
2022-08-05,40.94,41.19,40.84,40.94,5328859
2022-08-08,41.01,41.24,40.72,40.97,6010582
2022-08-09,40.90,41.16,40.80,41.03,5084549
2022-08-10,41.78,41.90,41.49,41.86,7066028
2022-08-11,41.99,42.19,41.62,41.76,3981254
2022-08-12,41.95,42.35,41.69,42.33,4019743
2022-08-15,42.10,42.38,41.92,42.15,2475417
2022-08-16,41.78,42.41,41.76,42.35,4230971
2022-08-17,42.10,42.50,41.96,42.43,6091611
2022-08-18,42.53,42.66,42.20,42.63,6058606
2022-08-19,42.69,42.80,41.86,42.02,5396832
2022-08-22,41.62,41.82,41.14,41.26,5436909
2022-08-23,41.21,41.23,40.58,40.86,6864900
2022-08-24,40.90,41.34,40.68,41.15,4552891
2022-08-25,41.38,41.82,41.07,41.78,8953004
2022-08-26,41.77,41.94,40.45,40.52,3921555
2022-08-29,40.22,40.52,40.05,40.39,8609086
2022-08-30,40.51,40.57,39.91,40.04,5274724
2022-08-31,40.39,40.96,40.28,40.31,6723860
2022-09-01,40.32,41.02,40.13,40.99,6870677
2022-09-02,41.42,41.43,40.27,40.49,5919641
2022-09-06,40.68,40.70,40.23,40.38,5416102
2022-09-07,40.31,41.59,40.28,41.47,5012045
2022-09-08,41.19,42.73,41.07,42.71,9980924
2022-09-09,42.80,43.16,42.64,42.94,4423477
2022-09-12,43.12,43.52,42.90,43.46,7514686
2022-09-13,42.56,42.80,42.14,42.18,6253310
2022-09-14,42.20,42.41,41.73,42.07,5768545
2022-09-15,42.22,42.75,42.11,42.20,6684545
2022-09-16,42.02,42.02,41.07,41.70,10650760
2022-09-19,41.39,41.43,40.53,41.18,7854167
2022-09-20,40.89,41.03,40.01,40.43,6257106
2022-09-21,40.56,40.86,39.75,39.76,6253151
2022-09-22,39.55,39.70,39.13,39.30,4690720
2022-09-23,38.88,39.08,38.24,38.90,6221909
2022-09-26,38.70,38.89,38.03,38.36,5123517
2022-09-27,38.71,38.80,37.74,38.14,6491864
2022-09-28,38.46,39.41,38.22,39.13,7736146
2022-09-29,38.92,39.49,38.54,39.34,7292062
2022-09-30,39.40,39.99,38.70,38.73,10030380
2022-10-03,39.21,39.98,38.94,39.88,6290712
2022-10-04,40.37,41.04,40.03,41.03,5953808
2022-10-05,40.60,41.56,40.57,41.30,4868466
2022-10-06,41.18,41.30,40.59,40.65,4657481
2022-10-07,40.27,40.43,39.60,39.76,9642935
2022-10-10,40.03,40.23,39.52,39.64,5682888
2022-10-11,39.68,40.09,38.96,39.56,6475891
2022-10-12,39.71,39.85,39.29,39.60,5625836
2022-10-13,38.97,40.79,38.79,40.35,9527500
2022-10-14,40.65,40.93,39.69,39.98,7765337
2022-10-17,40.37,41.01,40.31,40.86,6901243
2022-10-18,42.21,42.37,40.81,41.08,7190011
2022-10-19,40.73,41.00,40.34,40.96,7064624
2022-10-20,41.03,41.12,40.15,40.23,4851822
2022-10-21,40.23,40.66,39.52,40.57,8690890
2022-10-24,40.96,41.12,40.58,40.98,12287170
2022-10-25,40.99,41.55,40.89,41.30,12578220
2022-10-26,41.96,42.68,41.32,41.79,22188000
2022-10-27,41.81,41.92,41.10,41.58,7599827
2022-10-28,41.70,43.17,41.54,43.16,11131120
2022-10-31,43.09,43.33,42.72,43.11,8635786
2022-11-01,42.67,43.17,41.90,42.76,7741840
2022-11-02,42.53,43.73,41.92,41.93,12423960
2022-11-03,41.60,41.69,40.93,41.53,5802424
2022-11-04,42.04,42.28,40.96,41.59,5918141
2022-11-07,41.83,42.23,41.78,41.96,6261468
2022-11-08,41.84,42.26,41.28,41.92,4950962
2022-11-09,41.99,42.80,41.70,42.06,6168698
2022-11-10,43.43,43.87,43.12,43.76,7615864
2022-11-11,43.75,43.93,40.95,42.52,10478700
2022-11-14,42.44,42.84,42.23,42.24,7574892
2022-11-15,42.60,42.88,41.89,42.42,4696537
2022-11-16,42.51,43.15,42.51,42.98,5250687
2022-11-17,42.50,42.57,41.93,42.20,3875682
2022-11-18,42.64,43.18,42.49,42.96,4943695
2022-11-21,42.95,43.34,42.90,42.94,4082219
2022-11-22,43.04,43.66,42.73,43.54,5299435
2022-11-23,43.71,43.97,43.44,43.89,3264315
2022-11-25,44.08,44.29,44.00,44.15,1313151
2022-11-28,44.00,44.42,43.62,43.79,3661412
2022-11-29,43.87,44.65,43.84,44.50,5548497
2022-11-30,44.54,45.32,44.26,45.27,9665345
2022-12-01,45.50,46.22,45.33,46.12,6278007
2022-12-02,45.80,46.76,45.65,46.60,7148116
2022-12-05,46.13,46.35,45.37,45.42,5236151
2022-12-06,45.31,45.54,44.81,45.16,4515436
2022-12-07,45.53,45.91,45.34,45.63,5077155
2022-12-08,45.72,46.39,45.52,46.32,5930267
2022-12-09,46.12,46.56,45.95,46.23,7863637
2022-12-12,46.30,47.17,46.18,47.13,6350530
2022-12-13,47.78,47.95,47.02,47.20,8670675
2022-12-14,47.20,47.61,46.78,47.18,7322082
2022-12-15,46.50,46.80,46.02,46.32,8374376
2022-12-16,45.82,46.11,45.29,45.81,12154720
2022-12-19,45.77,46.03,45.47,45.80,6134726
2022-12-20,45.79,46.03,45.57,45.84,4403184
2022-12-21,46.05,46.62,45.94,46.08,6220000
2022-12-22,45.84,46.16,45.38,46.15,4236795
2022-12-23,46.00,46.18,45.78,46.06,4026161
2022-12-27,46.19,46.45,45.89,46.24,2836542
2022-12-28,46.41,46.77,45.76,45.78,3662727
2022-12-29,46.05,46.70,45.86,46.35,3282401
2022-12-30,46.19,46.42,45.87,46.27,3223814
2023-01-03,46.48,46.74,45.76,46.01,6282744
2023-01-04,46.41,46.68,46.05,46.50,6197601
2023-01-05,46.31,46.55,45.67,45.76,6346237
2023-01-06,46.15,46.37,45.47,46.33,8980864
2023-01-09,46.43,46.47,45.57,45.59,7688389
2023-01-10,45.70,46.19,45.59,46.06,5892271
2023-01-11,46.19,46.19,44.35,45.81,11767250
2023-01-12,45.85,46.73,45.76,46.71,10165530
2023-01-13,46.75,46.79,46.27,46.53,6060151
2023-01-17,46.47,46.55,45.99,46.04,6707467
2023-01-18,46.05,46.17,45.01,45.09,6572540
2023-01-19,44.79,45.81,44.79,45.46,7546084
2023-01-20,45.54,45.70,45.01,45.62,5414390
2023-01-23,45.62,46.07,45.55,45.85,5085154
2023-01-24,45.84,45.95,45.44,45.84,6100880
2023-01-25,45.51,46.13,45.44,46.12,5050280
2023-01-26,46.26,46.38,45.83,46.35,4858259
2023-01-27,46.21,46.35,45.73,45.91,7336490
2023-01-30,45.84,45.97,45.64,45.81,7455775
2023-01-31,45.88,46.36,45.57,46.25,10902460
2023-02-01,46.62,47.70,46.50,47.54,15305040
2023-02-02,47.65,48.19,47.10,48.07,12435210
2023-02-03,48.00,48.87,47.87,48.50,13028750
2023-02-06,48.23,48.23,47.55,47.66,6015478
2023-02-07,47.07,48.27,47.05,48.09,5284060
2023-02-08,47.94,48.25,47.39,47.59,6169465
2023-02-09,47.77,47.95,46.97,47.06,4633104
2023-02-10,47.09,47.34,46.86,47.23,5400498
2023-02-13,47.37,47.97,47.37,47.69,6177138
2023-02-14,47.64,47.97,46.98,47.28,5390043
2023-02-15,47.08,47.42,46.96,47.29,4057600
2023-02-16,46.79,46.98,46.42,46.48,6152224
2023-02-17,46.35,46.79,46.24,46.54,7973396
2023-02-21,46.15,46.37,45.92,46.23,8177309
2023-02-22,46.07,46.99,46.07,46.61,10653720
2023-02-23,46.61,47.27,46.38,47.18,7733972
2023-02-24,46.79,47.20,46.47,47.01,8910858
2023-02-27,47.29,47.48,46.69,46.82,7524551
2023-02-28,46.80,47.03,46.71,46.72,7207203
2023-03-01,46.76,46.88,46.44,46.82,7522624
2023-03-02,46.69,47.40,46.56,47.25,4591865
2023-03-03,47.38,47.95,47.22,47.82,8236845
2023-03-06,47.79,48.11,47.55,47.74,6288882
2023-03-07,47.77,47.95,46.80,47.02,7311539
2023-03-08,46.84,47.06,46.67,46.89,5738598
2023-03-09,47.19,47.52,46.72,47.06,6083591
2023-03-10,47.06,47.39,46.20,46.48,7840424
2023-03-13,46.33,48.05,46.21,47.60,10575730
2023-03-14,47.99,48.41,47.77,48.31,10208350
2023-03-15,47.70,48.00,47.41,47.97,10654270
2023-03-16,47.55,48.40,47.32,48.30,7845500
2023-03-17,48.18,48.29,47.80,47.95,10689320
2023-03-20,48.05,48.85,47.93,48.83,9053930
2023-03-21,48.83,48.95,48.38,48.84,6580585
2023-03-22,48.83,49.22,48.06,48.07,10462000
2023-03-23,47.97,48.40,47.63,47.94,7203649
2023-03-24,47.90,48.31,47.52,48.22,10069270
2023-03-27,48.41,48.61,48.15,48.33,5754235
2023-03-28,48.49,48.87,48.10,48.60,7820126
2023-03-29,49.00,49.46,48.92,49.08,9333250
2023-03-30,49.30,49.66,49.09,49.60,8146421
2023-03-31,49.80,50.20,49.69,50.03,11585750
2023-04-03,49.98,49.98,49.38,49.72,11373040
2023-04-04,49.77,50.39,49.67,50.07,9726853
2023-04-05,50.18,50.87,50.14,50.74,7175363
2023-04-06,50.80,50.80,49.74,50.08,9622888
2023-04-10,49.90,50.35,49.67,50.34,5185737
2023-04-11,50.46,50.86,50.44,50.73,5832841
2023-04-12,51.04,51.69,50.95,51.11,9666747
2023-04-13,51.30,51.76,51.20,51.50,6397661
2023-04-14,51.39,51.83,51.39,51.77,9464958
2023-04-17,51.98,52.21,51.51,51.74,5930754
2023-04-18,51.96,52.05,51.41,51.61,7082812
2023-04-19,52.25,52.92,52.06,52.89,10602310
2023-04-20,52.85,53.20,52.47,52.62,11486840
2023-04-21,53.05,53.21,50.59,51.11,24525080
2023-04-24,51.20,51.54,50.43,51.34,11731710
2023-04-25,51.45,51.78,50.98,51.11,14788080
2023-04-26,52.70,52.70,50.00,51.10,20199110
2023-04-27,50.90,52.07,50.64,52.03,9057276
2023-04-28,51.88,52.86,51.72,52.12,13505160
2023-05-01,52.20,52.86,52.09,52.80,7483554
2023-05-02,52.82,53.47,52.24,52.90,8739244
2023-05-03,53.13,53.48,52.58,52.69,7358701
2023-05-04,52.43,52.77,51.91,51.94,8878420
2023-05-05,52.05,52.12,51.12,51.54,9163108
2023-05-08,51.24,53.42,51.17,53.12,14045420
2023-05-09,53.14,53.52,52.75,53.09,11125200
2023-05-10,53.34,53.67,52.82,53.22,6123025
2023-05-11,53.16,53.65,52.99,53.39,9018361
2023-05-12,53.41,53.47,52.94,53.34,8251115
2023-05-15,53.37,53.99,53.37,53.68,11013720
2023-05-16,53.71,54.08,53.36,53.77,5515473
2023-05-17,53.93,54.04,52.86,53.41,7134403
2023-05-18,53.41,53.58,53.21,53.44,8038658
2023-05-19,53.53,53.78,53.18,53.64,8495921
2023-05-22,53.64,54.17,53.60,53.68,7007804
2023-05-23,53.26,53.58,51.38,51.50,12851260
2023-05-24,51.40,52.31,51.23,51.93,10569020
2023-05-25,51.96,51.96,51.34,51.54,8922771
2023-05-26,51.51,51.92,50.93,51.06,8497676
2023-05-30,51.22,51.53,50.41,50.49,9862892
2023-05-31,50.46,51.75,50.09,51.48,15443850
2023-06-01,51.30,51.84,50.98,51.50,8584089
2023-06-02,51.59,51.94,51.48,51.82,5608177
2023-06-05,51.96,52.05,51.23,51.40,6616814
2023-06-06,51.33,51.52,50.34,50.67,12634070
2023-06-07,50.58,50.84,50.43,50.70,6631414
2023-06-08,50.63,51.12,50.40,51.07,4288318
2023-06-09,51.13,51.54,50.91,51.28,5210575
2023-06-12,51.22,51.48,50.84,51.20,5694818
2023-06-13,51.05,51.45,50.93,51.16,5802075
2023-06-14,53.60,53.90,52.69,53.31,11002740
2023-06-15,53.23,54.09,52.91,53.98,7402995
2023-06-16,54.51,54.69,54.05,54.32,13022920
2023-06-20,53.79,54.23,53.55,54.04,7100947
2023-06-21,53.94,54.10,53.59,53.96,5770027
2023-06-22,54.13,54.66,54.00,54.64,4083613
2023-06-23,54.50,54.74,53.85,53.97,9538142
2023-06-26,53.92,53.97,53.20,53.50,6553068
2023-06-27,53.50,53.69,53.03,53.49,6084905
2023-06-28,53.58,53.92,53.34,53.45,5305955
2023-06-29,53.32,53.72,53.13,53.29,6896517
2023-06-30,53.79,54.45,53.65,54.09,7238826
2023-07-03,53.72,53.81,53.08,53.54,3017837
2023-07-05,53.10,53.28,52.68,53.25,9640359
2023-07-06,52.98,53.10,52.66,52.88,4461292
2023-07-07,52.65,52.91,52.17,52.29,6370297
2023-07-10,52.44,52.84,52.24,52.70,6054591
2023-07-11,52.63,53.12,52.13,52.45,5115876
2023-07-12,52.59,52.98,52.36,52.46,5522051
2023-07-13,52.37,53.01,52.07,52.79,5174175
2023-07-14,52.81,53.15,52.72,53.03,3515467
2023-07-17,52.98,53.24,52.43,52.61,4713860
2023-07-18,52.28,52.86,51.91,52.81,5491706
2023-07-19,52.98,53.20,52.21,52.34,7254025
2023-07-20,52.63,53.67,52.53,53.46,7127001
2023-07-21,53.58,53.78,53.15,53.16,6207431
2023-07-24,53.15,53.25,51.89,52.17,9391509
2023-07-25,51.70,53.15,51.51,52.41,7327430
2023-07-26,52.10,52.47,51.76,52.40,8374757
2023-07-27,53.20,53.96,52.03,52.64,11333830
2023-07-28,53.05,53.11,51.16,51.69,10509430
2023-07-31,51.87,52.27,51.60,51.85,6513695
2023-08-01,51.57,51.97,51.41,51.89,4859642
2023-08-02,51.73,51.84,50.55,50.62,8031733
2023-08-03,50.54,51.23,50.46,50.88,6174920
2023-08-04,50.80,51.41,50.65,50.72,6327421
2023-08-07,50.92,51.24,50.39,50.73,8710369
2023-08-08,50.03,50.69,49.69,50.58,10957080
2023-08-09,50.67,51.43,50.66,51.06,5878381
2023-08-10,51.10,51.54,50.83,50.86,4508141
2023-08-11,50.82,51.13,50.77,51.03,4816559
2023-08-14,51.08,51.67,50.97,51.33,4907521
2023-08-15,51.28,51.88,51.17,51.68,5613618
2023-08-16,51.70,52.05,51.44,51.46,5995963
2023-08-17,51.63,51.89,50.90,50.94,7076298
2023-08-18,50.91,50.97,50.03,50.19,7174700
2023-08-21,50.26,50.57,50.05,50.42,6199769
2023-08-22,50.44,50.62,50.18,50.41,6010652
2023-08-23,50.70,50.81,50.02,50.35,7909145
2023-08-24,50.32,51.15,50.12,50.43,7946314
2023-08-25,50.57,50.81,50.09,50.76,6581706
2023-08-28,53.20,53.97,52.91,53.79,21042880
2023-08-29,53.80,54.87,53.55,54.68,12856440
2023-08-30,54.75,54.99,54.20,54.27,9036957
2023-08-31,54.56,54.76,53.94,53.94,8083157
2023-09-01,54.26,54.26,53.34,53.62,6879849
2023-09-05,53.79,53.85,52.77,53.30,6330647
2023-09-06,53.12,54.20,52.81,53.86,7705042
2023-09-07,54.46,54.76,53.78,53.89,7994198
2023-09-08,53.59,54.41,53.54,53.87,4419340
2023-09-11,54.06,54.83,53.81,54.56,6415931
2023-09-12,54.47,54.57,53.35,53.42,5643940
2023-09-13,53.38,53.62,53.05,53.20,5710223
2023-09-14,53.38,53.46,52.67,52.92,5574932
2023-09-15,52.99,53.23,52.48,52.90,14535190
2023-09-18,52.85,53.70,52.80,53.00,8139689
2023-09-19,53.01,53.21,52.58,53.03,7549134
2023-09-20,54.70,55.38,53.53,54.10,15134160
2023-09-21,54.02,54.64,53.95,53.97,10507420
2023-09-22,54.00,54.10,53.47,53.60,9439902
2023-09-25,53.45,53.83,53.42,53.80,6747199
2023-09-26,53.48,53.89,52.70,52.83,7656016
2023-09-27,52.78,53.16,51.54,52.10,8483273
2023-09-28,52.42,53.50,52.14,53.37,6579614
2023-09-29,53.46,53.46,52.70,52.80,11501700
2023-10-02,52.49,52.81,52.27,52.81,5259833
2023-10-03,52.66,52.80,51.25,51.54,8414792
2023-10-04,51.70,51.90,51.00,51.55,10035700
2023-10-05,51.67,51.94,51.27,51.68,5477081
2023-10-06,51.50,52.50,51.25,52.12,6319143
2023-10-09,51.83,52.45,51.80,52.40,5006654
2023-10-10,52.46,53.98,52.30,53.80,10592690
2023-10-11,53.56,53.78,50.25,50.91,17763740
2023-10-12,50.90,51.03,48.57,48.64,19234740
2023-10-13,48.46,49.72,48.35,49.52,11188400
2023-10-16,49.81,50.62,49.51,50.10,7146982
2023-10-17,49.73,51.03,49.49,50.46,7423868
2023-10-18,51.35,51.38,50.12,50.71,7164662
2023-10-19,50.70,51.43,50.49,50.55,8528333
2023-10-20,50.55,50.80,50.03,50.05,6090909
2023-10-23,50.03,50.64,49.99,50.13,5745312
2023-10-24,50.04,51.23,49.97,50.96,10162430
2023-10-25,50.86,51.12,49.95,49.99,9612339
2023-10-26,50.75,51.90,49.77,49.78,12274230
2023-10-27,50.27,50.84,49.15,49.52,7452165
2023-10-30,49.82,50.35,49.55,50.05,8448179
2023-10-31,50.40,51.46,50.26,51.19,10120640
2023-11-01,51.29,51.84,51.03,51.66,7156141
2023-11-02,51.96,52.66,51.80,52.52,9901422
2023-11-03,53.00,53.10,52.09,52.53,9440527
2023-11-06,52.61,52.83,52.16,52.81,6054746
2023-11-07,52.77,52.92,52.08,52.17,6559534
2023-11-08,52.44,52.52,51.73,52.11,6989884
2023-11-09,52.05,52.16,51.31,51.43,7135166
2023-11-10,51.65,51.86,50.84,51.56,7496222
2023-11-13,53.50,54.70,52.99,53.71,12619450
2023-11-14,54.11,54.37,53.67,54.02,6031360
2023-11-15,54.01,54.56,53.84,53.85,5759851
2023-11-16,53.95,54.90,53.56,54.67,10876000
2023-11-17,54.70,55.02,54.20,54.34,5200225
2023-11-20,54.06,54.58,54.05,54.46,4708685
2023-11-21,54.66,55.35,54.48,55.32,7228661
2023-11-22,55.58,55.83,55.32,55.43,5601118
2023-11-24,55.50,55.68,55.20,55.63,2476836
2023-11-27,55.33,55.82,55.26,55.69,5313739
2023-11-28,55.56,55.74,54.91,54.93,6450749
2023-11-29,55.18,55.64,55.09,55.44,4780411
2023-11-30,55.46,55.95,54.94,55.89,8346178
2023-12-01,55.92,56.22,55.57,56.14,4730456
2023-12-04,55.85,55.85,54.52,54.77,9420893
2023-12-05,54.59,55.01,53.93,54.88,5393248
2023-12-06,55.03,55.22,54.31,54.82,4837545
2023-12-07,54.98,55.13,54.67,55.03,4027818
2023-12-08,54.87,55.05,54.52,54.95,4300356
2023-12-11,54.86,55.33,54.86,55.26,3653377
2023-12-12,55.41,55.98,55.13,55.95,4625547
2023-12-13,56.04,56.55,55.94,56.48,6764536
2023-12-14,56.89,56.90,55.78,56.18,8267793
2023-12-15,55.79,56.04,55.10,55.81,10461310
2023-12-18,55.80,56.03,55.45,55.51,6317604
2023-12-19,55.40,55.87,55.20,55.82,5898163
2023-12-20,55.56,55.73,54.95,54.98,5843955
2023-12-21,55.20,55.70,54.95,55.65,5138564
2023-12-22,55.85,56.03,55.60,55.90,5404295
2023-12-26,55.82,56.18,55.69,55.99,2834287
2023-12-27,55.86,56.09,55.75,56.02,3186590
2023-12-28,55.98,56.47,55.85,56.28,3382432
2023-12-29,57.00,58.34,56.77,57.81,10667450
2024-01-02,57.46,57.99,57.11,57.84,6775540
2024-01-03,57.90,58.14,57.33,57.60,6593969
2024-01-04,57.66,58.52,57.58,58.17,6083477
2024-01-05,57.99,58.48,57.79,58.16,6020532
2024-01-08,58.40,58.57,57.77,58.42,4699363
2024-01-09,58.20,59.40,58.09,59.23,8180799
2024-01-10,59.34,59.63,59.08,59.51,4853847
2024-01-11,59.61,59.95,59.39,59.61,4995897
2024-01-12,59.94,60.63,59.85,59.94,6386158
2024-01-16,59.81,60.48,59.61,60.25,5780052
2024-01-17,60.04,61.01,60.01,60.96,9442393
2024-01-18,60.94,61.46,60.35,61.05,8712282
2024-01-19,61.08,61.16,60.60,60.94,6584085
2024-01-22,61.30,61.40,60.55,60.74,6417822
2024-01-23,60.80,60.95,60.14,60.62,5119296
2024-01-24,60.51,60.81,59.85,59.92,11290570
2024-01-25,60.27,60.86,59.97,60.83,6908078
2024-01-26,61.08,61.31,60.72,61.13,5748411
2024-01-29,60.91,61.34,60.78,61.31,5560158
2024-01-30,61.32,61.47,61.09,61.42,7257091
2024-01-31,64.00,64.49,62.63,63.26,13910770
2024-02-01,64.47,64.91,63.39,64.82,10526970
2024-02-02,65.00,65.00,64.11,64.37,10866050
2024-02-05,64.43,65.00,64.14,64.46,7197561
2024-02-06,64.68,64.83,64.08,64.79,5522155
2024-02-07,64.85,65.43,64.78,65.23,6807876
2024-02-08,65.05,65.14,64.39,65.02,6823693
2024-02-09,65.06,65.61,64.85,65.50,7161773
2024-02-12,65.39,65.44,64.56,64.99,4659272
2024-02-13,64.81,65.41,64.55,64.97,6911675
2024-02-14,65.29,66.00,65.00,65.95,5498113
2024-02-15,66.12,66.23,65.48,66.09,5718561
2024-02-16,66.35,66.86,65.76,65.82,7300469
2024-02-20,65.86,66.66,65.79,66.22,7580418
2024-02-21,66.15,66.35,65.33,65.75,6759860
2024-02-22,65.76,66.91,65.75,66.74,4872379
2024-02-23,66.89,67.32,66.65,67.00,4599932
2024-02-26,67.07,67.32,66.64,66.67,4368914
2024-02-27,66.26,66.71,66.15,66.43,4021009
2024-02-28,66.46,67.00,66.30,66.99,4740486
2024-02-29,66.83,66.83,66.00,66.21,9710756
2024-03-01,66.35,67.40,66.30,67.13,5664190
2024-03-04,67.11,67.45,66.80,67.43,7853647
2024-03-05,67.60,67.67,66.77,67.02,7039289
2024-03-06,67.10,67.44,66.84,67.42,6401048
2024-03-07,67.70,68.00,67.42,67.82,5283101
2024-03-08,67.78,68.06,67.33,67.66,6257814
2024-03-11,67.53,67.69,66.03,66.12,7995762
2024-03-12,66.05,67.68,66.04,67.49,6462540
2024-03-13,67.60,67.60,65.98,66.04,9236134
2024-03-14,65.94,66.91,65.52,66.86,7327729
2024-03-15,66.06,66.91,65.87,66.23,8850950
2024-03-18,66.19,67.42,66.16,67.24,5833683
2024-03-19,67.44,67.84,67.03,67.79,5417145
2024-03-20,67.72,67.83,67.03,67.44,3882507
2024-03-21,67.43,67.84,67.31,67.56,4165681
2024-03-22,67.21,67.86,66.91,67.62,4463370
2024-03-25,67.65,67.85,67.28,67.29,3321802
2024-03-26,67.37,68.12,67.37,67.94,5308830
2024-03-27,68.26,68.66,67.90,68.62,4069747
2024-03-28,68.72,68.92,68.33,68.49,6533625
2024-04-01,68.42,68.54,67.90,68.10,2970096
2024-04-02,67.69,67.92,67.09,67.45,4895374
2024-04-03,67.70,68.57,67.56,68.13,6590938
2024-04-04,68.70,69.20,67.69,67.75,5834144
2024-04-05,67.98,68.78,67.83,68.56,5342333
2024-04-08,68.52,68.80,68.03,68.69,4912625
2024-04-09,68.94,68.94,67.95,68.66,4917465
2024-04-10,68.02,68.80,67.94,68.65,5200008
2024-04-11,68.93,69.21,68.53,68.84,6439168
2024-04-12,68.27,68.53,67.76,68.07,4995155
2024-04-15,68.73,68.96,67.40,67.44,6527104
2024-04-16,67.71,68.67,67.37,68.12,6619233
2024-04-17,68.17,68.33,67.45,67.96,6177611
2024-04-18,68.05,68.20,67.22,67.42,5946798
2024-04-19,67.87,68.08,66.91,67.33,6966282
2024-04-22,67.63,68.61,66.80,68.02,7659790
2024-04-23,68.32,69.00,67.80,68.99,9075682
2024-04-24,73.14,74.39,72.55,72.91,15276470
2024-04-25,73.13,73.64,72.91,73.26,8172200
2024-04-26,72.88,73.61,72.64,73.17,8786294
2024-04-29,73.08,73.12,71.75,72.50,9463878
2024-04-30,72.34,72.79,71.73,71.87,8718137
2024-05-01,71.61,72.99,71.14,72.21,6021096
2024-05-02,72.47,72.56,70.97,72.03,7610487
2024-05-03,72.22,73.08,71.82,72.85,7452084
2024-05-06,73.04,73.27,72.42,72.55,4922960
2024-05-07,72.70,73.50,72.62,73.43,4151544
2024-05-08,73.51,73.66,72.61,72.72,5054088
2024-05-09,72.74,74.14,72.74,74.10,6134777
2024-05-10,74.20,74.30,73.53,73.69,3790579
2024-05-13,73.68,73.83,72.66,72.81,6182025
2024-05-14,72.60,73.64,72.31,73.49,5848511
2024-05-15,73.86,74.67,73.86,74.45,4492569
2024-05-16,74.43,74.77,74.17,74.55,5636940
2024-05-17,74.94,74.94,74.06,74.65,6978299
2024-05-20,74.81,76.07,74.81,75.36,6534124
2024-05-21,75.56,76.11,75.45,75.67,5801543
2024-05-22,75.95,76.25,75.14,75.37,6390277
2024-05-23,75.47,75.52,74.29,74.38,5581323
2024-05-24,74.54,76.13,74.54,75.63,4786625
2024-05-28,75.59,75.82,74.86,75.17,4252437
2024-05-29,74.78,75.38,74.78,74.98,6809504
2024-05-30,75.11,75.50,74.62,75.00,5150739
2024-05-31,75.18,75.68,74.43,75.57,8825296
2024-06-03,75.36,75.92,74.84,75.50,3217224
2024-06-04,75.38,76.11,75.16,75.92,3245818
2024-06-05,76.00,76.04,75.48,75.89,5194012
2024-06-06,75.75,76.31,75.35,76.12,5979075
2024-06-07,76.60,77.56,76.35,77.11,6919038
2024-06-10,76.95,77.53,76.70,77.42,3471789
2024-06-11,77.44,77.47,76.75,77.15,3754702
2024-06-12,77.20,77.64,76.68,77.41,3219862
2024-06-13,77.11,77.30,76.25,76.96,4054303
2024-06-14,76.85,77.03,76.43,76.76,3540518
2024-06-17,76.38,76.72,75.96,76.19,6443574
2024-06-18,76.13,76.49,75.38,76.31,5365864
2024-06-20,76.60,77.26,76.40,77.00,8725728
2024-06-21,77.10,77.81,76.90,77.71,9938194
2024-06-24,77.70,77.99,76.54,76.71,5594645
2024-06-25,76.90,77.60,76.64,77.51,6238098
2024-06-26,77.17,77.42,76.76,77.10,6013179
2024-06-27,77.15,77.50,76.65,77.00,4196200
2024-06-28,77.01,77.44,76.70,77.01,7714856
2024-07-01,77.30,77.95,76.24,76.41,4234519
2024-07-02,76.39,76.73,75.91,76.55,3321846
2024-07-03,76.80,77.00,75.71,76.11,2144448
2024-07-05,76.56,76.68,75.77,76.40,4641155
2024-07-08,76.37,76.43,75.99,76.11,4537746
2024-07-09,76.45,76.75,76.07,76.51,3954708
2024-07-10,76.55,77.15,76.03,77.11,3335061
2024-07-11,77.08,77.23,76.61,76.89,5818465
2024-07-12,76.88,77.88,76.67,77.69,4430852
2024-07-15,78.00,78.98,77.71,78.02,6481831
2024-07-16,78.01,78.46,77.64,78.14,4243343
2024-07-17,78.07,78.39,77.08,77.41,5215180
2024-07-18,77.20,77.65,74.15,75.55,9579826
2024-07-19,76.90,77.69,76.22,77.56,7913032
2024-07-22,77.67,78.64,77.47,78.27,6471013
2024-07-23,78.56,79.43,78.19,78.59,6718960
2024-07-24,76.60,78.09,75.41,77.76,15546850
2024-07-25,78.25,78.76,74.13,74.26,10960810
2024-07-26,74.50,75.67,74.42,74.92,7973424
2024-07-29,75.22,75.70,74.46,75.59,6993250
2024-07-30,75.30,75.49,73.42,74.03,9997486
2024-07-31,74.50,74.57,73.47,73.88,8446689
2024-08-01,74.12,75.18,73.86,75.16,5946254
2024-08-02,75.12,75.36,73.34,74.50,5500518
2024-08-05,73.46,73.58,71.88,72.96,7241498
2024-08-06,73.58,74.77,73.02,73.76,5107344
2024-08-07,73.80,74.74,73.61,73.78,4624210
2024-08-08,74.28,75.78,74.01,75.55,4505035
2024-08-09,75.53,76.33,75.00,76.19,3835101
2024-08-12,75.96,76.25,75.44,75.94,4042970
2024-08-13,76.10,76.22,75.60,75.92,4011629
2024-08-14,75.94,76.55,75.53,76.42,3623263
2024-08-15,76.75,77.81,76.60,77.58,4730327
2024-08-16,77.68,78.31,77.29,78.25,4414404
2024-08-19,78.10,78.99,77.71,78.68,4277664
2024-08-20,78.90,79.05,78.08,78.48,3154194
2024-08-21,78.53,78.95,78.30,78.81,3232615
2024-08-22,79.36,79.92,79.00,79.58,3874343
2024-08-23,79.80,79.90,78.53,79.17,4006157
2024-08-26,79.09,79.94,78.90,79.47,2792071
2024-08-27,79.50,79.99,79.45,79.83,3240527
2024-08-28,80.00,80.02,79.03,79.52,4196085
2024-08-29,79.67,80.96,79.53,80.67,5519692
2024-08-30,80.83,82.09,80.70,81.79,7639891
2024-09-03,81.70,82.08,80.79,81.14,5456527
2024-09-04,81.35,82.47,81.18,81.96,4711777
2024-09-05,81.77,81.88,80.50,81.37,4462169
2024-09-06,81.40,81.97,80.79,81.60,4618961
2024-09-09,82.30,82.80,81.79,82.65,5436567
2024-09-10,82.90,83.22,82.47,83.06,5088678
2024-09-11,82.88,83.27,81.50,82.94,4832501
2024-09-12,82.95,83.84,82.46,83.83,3661534
2024-09-13,83.80,84.11,83.17,83.31,3602458
2024-09-16,83.80,84.00,82.86,83.51,4908256
2024-09-17,83.33,83.46,81.54,82.52,7092244
2024-09-18,82.50,83.38,81.82,82.57,7749476
2024-09-19,83.41,84.89,83.33,83.71,7860788
2024-09-20,83.56,84.05,83.10,83.92,6968191
2024-09-23,84.27,84.71,83.63,84.00,5657774
2024-09-24,83.46,83.73,83.05,83.51,5115206
2024-09-25,83.96,84.07,83.08,83.50,3239832
2024-09-26,83.57,83.69,82.59,83.08,4066935
2024-09-27,83.01,83.72,82.76,83.35,4915620
2024-09-30,83.32,83.86,82.92,83.80,3961900
2024-10-01,83.86,84.25,83.41,84.14,5537713
2024-10-02,84.00,84.58,83.16,84.49,4518164
2024-10-03,84.42,84.45,83.44,83.82,4580847
2024-10-04,84.04,84.66,83.20,84.54,4243643
2024-10-07,84.38,85.26,83.72,84.41,5806259
2024-10-08,85.12,86.09,84.71,85.84,5347769
2024-10-09,84.63,86.99,84.27,86.70,7039006
2024-10-10,86.77,86.77,85.77,86.20,4920999
2024-10-11,86.53,87.28,86.19,87.10,5960506
2024-10-14,87.60,87.79,86.92,87.55,5360992
2024-10-15,87.80,88.09,86.50,86.77,6087458
2024-10-16,86.54,87.43,86.44,87.00,4134614
2024-10-17,87.31,87.44,86.42,86.42,4560079
2024-10-18,86.12,88.70,85.50,88.07,6349645
2024-10-21,88.08,88.79,87.86,88.05,5616700
2024-10-22,87.31,88.43,87.12,88.01,5822506
2024-10-23,85.28,87.58,83.27,87.45,19619290
2024-10-24,88.37,88.70,85.03,85.10,10848650
2024-10-25,85.25,85.57,83.59,84.73,6297105
2024-10-28,85.00,85.57,84.66,84.76,8882736
2024-10-29,84.75,85.13,84.37,84.56,7465678
2024-10-30,84.51,84.66,80.64,83.99,12004160
2024-10-31,83.71,85.25,83.38,84.02,7444633
2024-11-01,84.33,84.77,83.50,83.62,7051533
2024-11-04,83.65,85.24,83.55,84.72,5853107
2024-11-05,84.54,85.69,84.13,85.54,5400651
2024-11-06,88.00,88.02,85.03,86.44,6203905
2024-11-07,86.83,87.34,86.11,86.88,4836499
2024-11-08,87.57,88.94,87.18,88.25,5242205
2024-11-11,88.65,88.90,88.21,88.48,4067317
2024-11-12,88.63,89.00,88.01,88.72,4989374
2024-11-13,88.75,89.30,88.66,88.77,4176533
2024-11-14,88.65,89.09,87.48,87.59,5120221
2024-11-15,87.12,87.80,86.01,86.99,10230150
2024-11-18,88.75,91.08,88.50,90.45,9011901
2024-11-19,90.03,90.75,89.37,90.33,5586227
2024-11-20,90.81,90.81,89.47,90.17,4786878
2024-11-21,90.65,91.72,90.23,91.50,4195288
2024-11-22,91.79,91.93,89.02,90.00,5571738
2024-11-25,89.69,90.30,87.95,89.25,10227540
2024-11-26,89.78,90.39,89.10,90.21,4284463
2024-11-27,90.40,91.03,90.05,90.75,3788570
2024-11-29,90.51,91.32,89.89,90.66,3446971
2024-12-02,90.78,91.34,90.20,90.43,3388073
2024-12-03,90.00,90.79,89.62,90.47,3192033
2024-12-04,90.38,91.31,90.05,90.84,3507289
2024-12-05,90.00,91.06,89.76,90.53,4173475
2024-12-06,90.36,90.80,89.96,90.07,3302016
2024-12-09,90.12,90.67,88.51,88.72,4877303
2024-12-10,89.29,90.47,88.73,90.20,4612138
2024-12-11,90.61,90.97,90.15,90.56,3168444
2024-12-12,90.71,91.37,90.32,90.42,4050926
2024-12-13,90.54,91.03,90.05,90.11,3181520
2024-12-16,90.78,91.59,89.49,90.46,5664964
2024-12-17,90.50,90.91,89.71,90.43,4903792
2024-12-18,90.14,90.21,87.95,88.03,5167885
2024-12-19,88.04,89.24,87.72,88.66,5620772
2024-12-20,88.00,89.67,87.25,88.95,15910020
2024-12-23,89.27,89.99,88.36,89.86,3833986
2024-12-24,89.86,91.09,89.66,91.07,1879976
2024-12-26,90.68,91.55,90.59,91.45,2601931
2024-12-27,90.90,91.50,90.23,90.66,3177692
2024-12-30,89.66,90.09,89.07,89.68,3411372
2024-12-31,89.78,90.21,89.01,89.32,3973044
2025-01-02,90.02,90.16,88.81,89.38,3369054
2025-01-03,89.79,90.96,89.50,90.69,3439787
2025-01-06,90.68,91.34,90.43,91.29,4981432
2025-01-07,91.70,92.42,90.52,91.99,4812189
2025-01-08,96.68,97.13,94.75,95.95,10747710
2025-01-10,95.47,96.69,94.56,94.88,5944484
2025-01-13,93.82,95.08,93.20,94.61,4219067
2025-01-14,95.08,96.25,94.83,95.65,5415828
2025-01-15,95.73,97.36,95.37,96.89,5328883
2025-01-16,97.04,98.31,96.97,98.17,5020833
2025-01-17,97.93,99.14,97.68,98.66,7064046
2025-01-21,100.21,101.14,99.77,100.91,6010213
2025-01-22,100.91,101.65,100.14,100.31,8171033
2025-01-23,100.50,101.75,99.75,101.64,7223578
2025-01-24,101.01,102.15,100.87,101.94,4324925
2025-01-27,101.60,102.32,100.50,102.27,6799269
2025-01-28,102.28,102.93,101.64,102.32,7905068
2025-01-29,102.74,103.17,102.33,102.71,4556862
2025-01-30,103.60,104.25,102.83,103.04,6344245
2025-01-31,103.40,103.60,102.32,102.36,6188160
2025-02-03,101.41,103.86,100.70,103.07,6263840
2025-02-04,103.28,103.99,102.85,103.54,9761159
2025-02-05,102.94,107.17,102.44,104.97,10668130
2025-02-06,105.72,105.90,104.73,105.02,6383814
2025-02-07,104.75,105.92,104.29,105.25,5538335
2025-02-10,105.72,106.32,105.27,106.18,5849467
2025-02-11,105.89,106.15,105.25,105.98,4830180
2025-02-12,105.24,106.20,104.75,105.77,5456560
2025-02-13,105.98,106.27,104.94,106.14,6268645
2025-02-14,106.10,106.72,105.77,106.11,3966659
2025-02-18,103.69,105.72,102.92,105.35,6505711
2025-02-19,105.35,105.70,104.76,105.67,4305812
2025-02-20,105.43,105.48,104.35,105.36,5977701
2025-02-21,104.64,105.65,103.98,104.49,5513271
2025-02-24,104.25,104.95,103.87,104.39,5214717
2025-02-25,104.00,104.50,97.08,100.72,18821600
2025-02-26,100.43,102.81,99.85,101.56,8148662
2025-02-27,101.64,103.99,100.55,100.80,9010507
2025-02-28,101.13,104.10,101.01,103.79,8833246
2025-03-03,104.85,105.57,103.83,104.87,6349110
2025-03-04,104.63,105.14,102.53,103.61,8374524
2025-03-05,103.24,105.21,103.07,104.71,6716353
2025-03-06,103.31,103.51,100.54,100.80,9723019
2025-03-07,100.61,100.61,97.04,99.13,12987190
2025-03-10,97.77,97.77,93.29,94.13,17009290
2025-03-11,94.13,96.27,93.91,95.52,11910730
2025-03-12,98.04,98.56,96.01,96.42,8790915
2025-03-13,96.64,96.64,94.85,95.37,8056893
2025-03-14,96.07,97.39,95.56,97.16,4924639
2025-03-17,96.76,99.41,96.52,98.90,5703044
2025-03-18,98.36,99.41,97.93,99.22,5370082
2025-03-19,99.93,101.49,98.94,100.73,5504731
2025-03-20,100.41,102.01,100.10,101.51,6282279
2025-03-21,100.85,101.00,99.30,100.69,8617197
2025-03-24,101.72,102.92,101.23,102.67,5831187
2025-03-25,102.86,104.35,102.60,103.08,9346683
2025-03-26,103.12,103.48,101.02,102.34,6645989
2025-03-27,102.23,102.24,100.26,100.80,7610638
2025-03-28,99.94,100.42,98.02,99.36,7404062
2025-03-31,98.56,101.25,97.85,100.88,8522514
2025-04-01,100.40,101.28,99.46,101.24,5958004
2025-04-02,99.71,101.02,98.44,100.05,11755570
2025-04-03,96.94,99.86,96.65,98.50,10996680
2025-04-04,94.73,95.89,89.65,89.70,22572500
2025-04-07,87.04,93.89,85.98,91.54,14289980
2025-04-08,94.50,95.05,89.05,90.64,10816090
2025-04-09,90.22,97.65,86.77,96.77,23603260
2025-04-10,95.23,95.57,91.01,92.64,11632210
2025-04-11,93.06,94.48,91.89,93.67,8303735
2025-04-14,95.28,95.63,93.65,94.27,7877155
2025-04-15,94.66,95.12,93.69,94.23,6615643
2025-04-16,94.78,96.69,94.04,95.25,7874220
2025-04-17,95.60,96.06,94.67,95.12,6673145
2025-04-21,95.05,95.18,92.70,93.58,9990446
2025-04-22,93.90,95.61,93.35,95.05,8610950
2025-04-23,100.00,102.37,98.42,98.92,12865360
2025-04-24,99.03,101.67,98.93,101.14,8984700
2025-04-25,101.39,102.15,100.82,101.90,5413082
2025-04-28,102.50,102.95,101.50,102.18,7815974
2025-04-29,102.40,103.20,101.61,102.74,5478918
2025-04-30,102.34,103.12,101.46,102.87,6702610
2025-05-01,102.76,103.83,101.51,103.19,8206056
2025-05-02,105.00,105.54,104.28,104.93,7363560
2025-05-05,104.54,104.81,103.54,104.24,4822898
2025-05-06,103.32,104.47,103.10,104.12,6123082
2025-05-07,104.49,105.05,103.83,104.80,4392739
2025-05-08,105.13,105.74,103.22,103.29,5275175
2025-05-09,102.97,103.66,102.53,102.86,3609594
2025-05-12,104.55,104.55,101.82,102.87,6974620
2025-05-13,103.19,103.68,102.26,102.95,7066936
2025-05-14,102.99,103.48,102.57,102.95,5738360
2025-05-15,103.21,105.06,102.78,104.86,6941095
2025-05-16,105.44,106.24,104.72,106.04,7292799
2025-05-19,105.69,106.72,105.52,106.66,7934193
2025-05-20,106.30,106.67,105.30,106.54,7906960
2025-05-21,106.42,107.06,104.37,104.64,8076237
2025-05-22,104.20,105.00,103.57,104.50,7716290
2025-05-23,103.86,104.86,103.58,104.50,5205961
2025-05-27,105.36,106.67,105.22,106.17,6910661
2025-05-28,104.26,105.72,103.50,104.51,6364744
2025-05-29,104.50,105.00,103.87,104.50,7129631
2025-05-30,104.52,105.36,104.08,105.26,10524960
2025-06-02,104.53,105.26,102.82,104.17,5005227
2025-06-03,104.00,104.20,102.32,103.10,8429884
2025-06-04,103.17,103.49,102.40,102.43,5682108
2025-06-05,102.96,103.24,102.13,102.83,8242923
2025-06-06,103.05,105.78,100.96,102.09,9114617
2025-06-09,101.46,101.54,99.62,100.04,8560569
2025-06-10,100.24,100.46,98.99,99.34,8711555
2025-06-11,99.16,100.08,98.78,99.40,8453844
2025-06-12,99.49,99.58,98.06,98.56,9101500
2025-06-13,98.19,100.88,98.00,99.74,10330960
2025-06-16,100.68,102.39,100.34,101.49,9288222
2025-06-17,101.32,102.41,101.20,101.73,6858096
2025-06-18,101.81,102.27,100.84,101.37,5188861
2025-06-20,101.62,102.29,101.24,101.30,11349630
2025-06-23,101.45,102.40,100.90,102.36,6203608
2025-06-24,102.74,104.30,102.05,104.12,7160828
2025-06-25,104.14,105.09,104.01,104.29,5691728
2025-06-26,104.57,105.20,104.16,104.58,5071755
2025-06-27,104.73,107.05,104.62,106.53,15637240
2025-06-30,106.50,107.53,106.25,107.41,7006513
2025-07-01,107.36,107.50,103.95,104.78,8531013
2025-07-02,104.73,105.39,102.67,103.63,6514693
2025-07-03,104.47,104.50,103.48,104.32,2931148
2025-07-07,104.62,104.69,103.29,103.83,5892221
2025-07-08,103.52,104.16,101.56,102.41,7751180
2025-07-09,102.95,103.21,101.60,102.96,6241376
2025-07-10,103.11,104.41,102.45,103.86,7226169
2025-07-11,104.08,104.08,102.85,103.20,5890261
2025-07-14,102.66,105.19,102.49,104.33,9819573
2025-07-15,104.38,104.55,102.91,103.48,7361611
2025-07-16,104.19,104.29,102.59,103.19,9259117
2025-07-17,102.98,104.74,102.69,104.65,9489149
2025-07-18,105.13,105.40,102.26,103.64,8571432
2025-07-21,103.02,104.96,103.01,103.78,5528759
2025-07-22,104.23,104.56,103.16,103.16,7924292
2025-07-23,107.06,108.94,105.75,107.76,15115160
2025-07-24,108.35,108.53,104.69,106.21,10261880
2025-07-25,106.18,107.25,105.94,106.14,5875146
2025-07-28,106.33,107.38,105.56,105.84,6624810
2025-07-29,106.68,107.25,106.10,106.47,6352582
2025-07-30,106.46,107.23,105.88,106.76,7166114
2025-07-31,106.13,106.43,104.58,104.92,6714968
2025-08-01,104.75,106.41,104.06,105.41,6339005
2025-08-04,105.64,106.80,105.33,106.79,4623932
2025-08-05,106.66,106.75,104.53,104.83,4834855
2025-08-06,105.00,105.38,101.60,102.95,9105256
2025-08-07,103.35,103.75,101.96,102.96,5406367
2025-08-08,103.27,104.46,103.11,103.14,5076192
2025-08-11,102.77,103.84,102.52,102.75,4166218
2025-08-12,102.90,103.58,101.62,102.64,6446986
2025-08-13,102.80,103.07,101.62,102.50,5859649
2025-08-14,102.64,104.33,102.11,104.15,7246265
2025-08-15,104.42,104.65,102.59,103.17,5342558
2025-08-18,103.00,103.36,102.18,103.05,8516993
2025-08-19,102.32,103.79,102.05,103.75,5229654
2025-08-20,103.90,106.33,103.88,106.05,6062816
2025-08-21,105.83,105.99,104.90,105.21,5926815
2025-08-22,105.71,106.69,105.42,106.17,9397527
2025-08-25,106.16,106.20,105.10,105.11,4507934
2025-08-26,105.05,106.46,104.67,106.39,5613693
2025-08-27,106.43,107.01,105.82,105.87,5706509
2025-08-28,105.70,105.90,104.80,105.75,3936165
2025-08-29,105.64,105.72,104.89,105.50,4066889
2025-09-02,105.47,106.87,104.24,106.66,7768098
2025-09-03,107.00,107.69,105.17,107.53,7518768
2025-09-04,107.59,108.47,106.60,107.29,7355307
2025-09-05,107.11,108.25,106.72,107.22,4063376
2025-09-08,107.45,108.68,106.80,108.14,7455477
2025-09-09,107.89,109.50,107.88,108.09,5241086
2025-09-10,108.00,108.07,103.69,105.23,10385080
2025-09-11,105.41,105.72,103.52,104.34,8283248
2025-09-12,103.76,104.43,102.48,102.71,10541920
2025-09-15,102.81,103.11,99.68,99.87,12020470
2025-09-16,99.56,99.86,98.20,98.98,20889920
2025-09-17,98.98,99.34,97.47,98.50,12061870
2025-09-18,98.82,98.82,97.15,98.23,13867420
2025-09-19,98.90,98.90,96.85,97.83,16834180
2025-09-22,97.85,97.89,96.38,97.03,11013330
2025-09-23,96.17,98.30,96.02,97.69,14592980
2025-09-24,97.78,98.80,96.97,98.06,14130580
2025-09-25,98.06,98.30,96.02,98.14,9434294
2025-09-26,98.95,100.00,98.11,98.18,8188453
2025-09-29,98.11,98.48,96.80,97.04,12025280
2025-09-30,97.35,98.89,95.84,97.63,13273920
2025-10-01,97.95,99.01,90.69,95.85,22363690
2025-10-02,95.73,97.25,94.89,96.22,11943280
2025-10-03,96.16,98.48,96.10,97.32,10768120
2025-10-06,97.50,97.58,96.07,96.70,7797257
2025-10-07,96.56,96.73,95.38,95.90,8180529
2025-10-08,96.29,96.82,95.50,96.79,7135896
2025-10-09,97.18,97.66,96.67,97.28,7724255
2025-10-10,97.30,97.78,95.37,95.41,8055978
2025-10-13,95.13,95.80,94.56,94.95,7105485
2025-10-14,94.71,96.41,94.53,96.24,6098268
2025-10-15,95.93,99.61,95.59,97.71,9149297
2025-10-16,98.01,99.30,97.25,97.78,8221041
2025-10-17,97.84,99.38,97.53,99.24,6499989
2025-10-20,99.70,101.02,99.59,100.53,9309729
2025-10-21,99.83,100.33,99.29,99.90,8955862
2025-10-22,103.10,105.00,101.52,103.85,17749320
2025-10-23,104.29,105.49,102.33,102.39,11114500
2025-10-24,102.85,102.99,101.03,101.11,6798369
2025-10-27,101.39,102.57,100.55,102.43,6858023
2025-10-28,102.31,102.86,100.92,100.97,5612362
2025-10-29,100.62,100.94,99.72,100.30,6969148
2025-10-30,100.76,102.27,100.49,100.57,6834579
2025-10-31,100.41,101.15,99.94,100.72,7273897
2025-11-03,100.75,100.80,98.06,98.59,8031638
2025-11-04,98.98,99.33,98.25,98.84,6945550
2025-11-05,98.38,99.22,97.72,98.90,6443625
2025-11-06,98.41,99.11,97.45,99.05,6809965
2025-11-07,99.00,100.31,98.71,100.02,7046469
2025-11-10,99.34,101.30,98.84,100.91,8236383
2025-11-11,101.40,102.61,101.33,102.50,6007084
2025-11-12,102.50,104.63,102.30,104.13,7530666
2025-11-13,103.30,105.65,102.61,104.98,10338340
2025-11-14,104.40,104.61,102.63,102.69,9709193
2025-11-17,102.27,102.70,101.26,101.76,6765389
2025-11-18,101.50,101.89,99.14,99.22,10109740
2025-11-19,99.34,99.44,95.98,97.01,16170280
2025-11-20,97.34,98.36,96.34,96.60,7939186
2025-11-21,96.45,98.34,96.07,96.88,13388510
2025-11-24,96.29,98.28,96.13,98.04,17698480
2025-11-25,98.85,101.77,98.74,101.36,8827638
2025-11-26,100.92,101.69,100.90,100.96,5310193
2025-11-28,101.55,101.73,100.50,101.58,2818974
2025-12-01,101.63,101.91,100.88,101.01,5614252
2025-12-02,101.06,101.82,98.99,99.02,7977843
2025-12-03,99.00,99.34,97.64,98.57,9868971
2025-12-04,98.65,99.27,97.15,97.72,9407689
2025-12-05,98.05,98.69,97.02,97.52,8145496
2025-12-08,96.91,97.07,92.72,93.84,14721270
2025-12-09,94.45,94.84,92.26,92.53,12670430
2025-12-10,92.35,93.55,91.86,92.70,11593550
2025-12-11,92.96,93.89,91.45,91.75,11749970
2025-12-12,92.21,93.38,91.53,92.58,7775384
2025-12-15,92.80,93.11,91.77,92.19,11765270
2025-12-16,91.59,93.17,90.42,92.95,14569690
2025-12-17,93.77,95.99,93.58,94.48,12335850
2025-12-18,95.00,97.05,94.66,96.11,15707070
2025-12-19,96.85,97.27,95.45,95.61,16423050
2025-12-22,95.76,96.57,95.20,96.43,8969245
2025-12-23,95.81,96.25,95.69,96.09,5824788
2025-12-24,95.92,96.25,95.55,96.13,2079616
2025-12-26,96.14,96.31,95.81,96.06,3295114
2025-12-29,96.46,96.64,95.53,95.76,5579430
2025-12-30,95.56,96.17,95.50,96.01,3991724
2025-12-31,96.12,96.33,95.27,95.35,4219651
2026-01-02,95.72,95.84,94.23,94.71,6030637
2026-01-05,94.28,95.78,93.86,95.48,7533493
2026-01-06,95.85,98.09,95.10,97.79,6651334
2026-01-07,98.28,99.15,98.12,98.65,9701126
2026-01-08,98.90,100.90,98.34,98.38,9736405
2026-01-09,98.95,99.09,97.23,97.64,9795705
2026-01-12,97.90,97.90,95.34,95.72,7209801
2026-01-13,95.35,95.45,92.69,94.14,11108180
2026-01-14,93.92,93.99,92.79,93.74,7270389
2026-01-15,88.25,90.91,87.22,90.03,27909050
2026-01-16,90.02,90.02,88.04,88.07,17377040
2026-01-20,88.21,91.54,87.03,91.20,20605190
2026-01-21,91.70,92.29,90.44,91.71,14160870
2026-01-22,91.92,93.06,90.92,91.29,11698700
2026-01-23,91.50,92.59,90.89,92.51,13613140
2026-01-26,92.15,94.75,91.92,93.55,14662700
2026-01-27,93.23,93.92,92.70,93.61,9610647
2026-01-28,93.32,94.46,92.94,93.79,8507214
2026-01-29,93.06,93.32,91.45,92.33,19051380
2026-01-30,93.05,94.25,92.02,93.53,14303370
2026-02-02,93.15,94.18,91.65,91.87,15424100
2026-02-03,91.54,93.13,90.83,91.62,20357380
2026-02-04,81.38,81.78,75.00,75.50,78234470
2026-02-05,77.35,78.63,74.86,77.64,38316880
2026-02-06,77.24,79.17,75.11,76.27,34885740
2026-02-09,75.61,75.79,74.08,74.12,21133730
2026-02-10,74.65,75.42,73.92,74.25,21080940
2026-02-11,74.12,74.50,72.69,73.47,20102920
2026-02-12,73.38,75.29,73.16,74.12,16871950
2026-02-13,74.82,76.37,74.43,74.73,13452420
2026-02-17,75.03,76.82,75.00,76.29,14259270
2026-02-18,76.22,76.36,75.31,76.28,9345226
2026-02-19,76.10,76.87,75.52,75.72,10979940
2026-02-20,75.46,75.58,74.46,74.58,12592650
2026-02-23,74.27,75.32,74.26,74.37,10224380
2026-02-24,74.50,75.70,73.81,75.15,14189180
2026-02-25,74.81,74.91,73.44,73.48,15587930
2026-02-26,74.00,75.87,73.66,75.75,13022360
2026-02-27,75.27,76.87,75.27,76.85,21487740
2026-03-02,76.28,76.68,75.33,76.22,11112100
2026-03-03,75.52,76.37,72.89,73.85,16684890
2026-03-04,73.53,73.77,71.83,72.21,15541720
2026-03-05,71.80,73.13,70.75,72.99,12824530
2026-03-06,72.90,72.94,71.08,71.35,10031310
2026-03-09,70.32,72.37,69.52,71.90,11651130
2026-03-10,71.39,71.71,69.78,69.96,14271240
2026-03-11,70.14,70.40,68.19,69.63,12535410
2026-03-12,69.63,69.87,67.56,68.55,12436590
2026-03-13,68.96,69.59,68.41,69.13,11660820
2026-03-16,69.22,70.03,69.02,69.79,8681587
2026-03-17,70.12,71.91,70.10,71.20,12769980
2026-03-18,70.73,71.94,70.12,71.28,8988268
2026-03-19,71.13,71.78,69.06,69.89,13040020
2026-03-20,69.77,70.64,69.38,69.48,20129800
2026-03-23,70.04,70.54,68.85,69.54,10959490
2026-03-24,69.12,69.25,68.03,68.15,11771970
2026-03-25,69.00,70.10,68.60,69.78,9440556
2026-03-26,69.40,71.20,69.35,70.17,12968350
2026-03-27,70.03,70.13,68.85,69.17,16012450
2026-03-30,64.20,65.71,61.24,62.93,43461800
2026-03-31,63.48,63.91,61.44,62.75,29867320
2026-04-01,63.72,64.23,61.95,62.00,19486640
2026-04-02,62.05,63.20,61.80,62.82,13895820
2026-04-06,62.32,63.30,62.18,62.59,11190140
2026-04-07,62.15,62.26,60.90,61.86,18325160
2026-04-08,62.84,63.55,62.12,62.56,14972720
2026-04-09,62.15,62.36,60.59,61.28,12702490
2026-04-10,61.52,61.79,60.84,61.79,14774150
2026-04-13,61.50,63.18,61.44,63.18,12227990
2026-04-14,63.50,64.48,63.14,63.82,12354690
2026-04-15,64.04,65.15,63.70,64.61,12030730
2026-04-16,64.77,65.56,63.35,63.42,10656920
2026-04-17,64.08,64.89,63.90,64.23,12090050
2026-04-20,63.16,63.66,60.60,60.99,16505560
2026-04-21,60.74,61.68,59.38,59.52,26846560
2026-04-22,62.51,65.32,61.78,64.87,40404750
2026-04-23,65.57,66.88,64.93,65.69,31271630
2026-04-24,65.80,65.97,61.96,62.07,17691300
2026-04-27,61.21,61.73,59.92,59.95,17643070
2026-04-28,60.21,60.52,58.02,58.45,16900210
2026-04-29,57.71,57.83,56.17,57.15,20669110
2026-04-30,57.08,57.90,56.05,57.61,21709370
2026-05-01,57.93,58.17,56.50,56.50,18311890
2026-05-04,56.65,57.69,56.53,56.85,13975260
2026-05-05,57.01,57.01,55.88,55.98,12544100
2026-05-06,55.81,56.10,54.98,56.00,18680180
2026-05-07,56.84,58.18,56.40,56.57,25541290
2026-05-08,56.33,56.62,53.63,53.93,20841330
2026-05-11,53.77,54.20,53.15,53.37,21607610
2026-05-12,53.95,54.48,53.48,54.10,15917840
2026-05-13,53.27,54.29,52.81,53.06,17994230
2026-05-14,53.27,53.69,52.75,53.55,14595130
2026-05-15,54.19,54.40,52.52,52.68,14843340
2026-05-18,53.56,56.33,53.45,55.92,16769060
2026-05-19,56.47,57.59,56.24,56.81,22605180
2026-05-20,56.68,56.94,55.33,56.67,15398850
2026-05-21,56.03,57.17,55.82,57.15,12841370
2026-05-22,57.60,58.51,57.39,57.78,11739980
2026-05-26,57.75,58.13,57.26,57.64,15258400
2026-05-27,53.13,53.20,50.04,50.46,52740460
2026-05-28,50.14,50.44,48.41,49.11,44935230
2026-05-29,48.72,49.30,48.12,48.31,37280150
2026-06-01,48.31,48.66,47.35,47.98,29188540
2026-06-02,48.00,48.43,47.37,47.68,21665430
2026-06-03,47.81,48.59,47.16,47.69,24677000
2026-06-04,48.56,49.47,48.27,48.85,22783740
2026-06-05,49.45,50.14,48.27,48.55,20257880
2026-06-08,48.05,49.07,47.88,48.70,15381640
2026-06-09,48.76,49.86,48.66,48.96,18210830
2026-06-10,48.88,48.92,47.81,48.34,22676580
2026-06-11,48.26,48.65,46.91,47.17,18903240
2026-06-12,47.60,47.80,45.99,46.91,16762410
2026-06-15,47.16,47.73,46.19,46.76,16285190
2026-06-16,47.25,47.25,46.20,46.92,11144140
2026-06-17,46.60,46.70,44.79,44.95,20824300
2026-06-18,45.06,45.48,44.44,45.29,30855000
2026-06-22,44.95,45.22,44.05,44.33,16784720
2026-06-23,44.63,45.69,44.40,45.60,18696070
2026-06-24,45.48,45.83,44.12,44.46,20964010
2026-06-25,44.21,45.28,43.89,44.20,19824830
2026-06-26,44.40,45.22,44.02,44.23,30011480
2026-06-29,44.74,44.92,43.37,43.48,21895440
2026-06-30,43.31,43.41,42.25,42.68,42986730
2026-07-01,43.21,43.76,42.70,43.06,25515450
2026-07-02,43.73,45.80,43.45,45.14,26355060
2026-07-06,44.81,45.30,43.84,44.60,17118470
2026-07-07,45.40,46.37,45.09,45.30,13000730
2026-07-08,44.70,44.98,44.01,44.81,13549490
2026-07-09,44.53,45.11,44.10,44.99,12400270
2026-07-10,45.47,45.51,44.23,44.77,12043070
2026-07-13,45.34,45.43,44.36,44.65,13165880
2026-07-14,43.50,43.50,42.28,42.63,20088280
2026-07-15,42.65,43.61,42.20,43.04,14531550
2026-07-16,44.18,45.45,43.76,44.62,18783110
2026-07-17,45.22,45.25,43.76,44.03,15522230
2026-07-20,43.79,44.34,43.46,43.77,13129890
2026-07-21,43.06,43.72,42.88,43.19,25009840
2026-07-22,43.77,43.77,42.69,42.97,11201170
2026-07-23,42.73,43.69,42.50,43.58,16535740
2026-07-24,43.97,44.71,43.72,44.25,20689850
2026-07-27,44.60,46.32,44.59,45.51,20044680
2026-07-28,46.42,47.16,45.81,46.06,26905670
2026-07-29,42.67,46.88,42.55,46.04,51286660
2026-07-30,45.27,46.20,44.55,46.00,25894480
2026-07-31,45.84,46.80,44.43,46.73,18691880
2026-08-03,47.82,48.92,47.50,48.43,20380000
2026-08-04,48.11,49.21,47.98,49.09,21565120
2026-08-05,49.47,49.49,47.10,47.74,16512150
2026-08-06,49.23,50.16,48.88,49.30,21398970
2026-08-07,49.50,50.12,49.06,49.31,11447000
2026-08-10,49.54,50.82,49.54,50.46,18994450
2026-08-11,50.27,51.50,50.13,51.19,13453110
2026-08-12,50.50,51.74,50.02,51.42,20673070
2026-08-13,51.57,52.34,51.22,51.69,15699990
2026-08-14,52.83,52.99,51.70,51.83,16297740
2026-08-17,51.71,52.06,51.24,51.43,18151330
2026-08-18,52.38,52.53,50.45,50.47,11724270
2026-08-19,50.80,52.56,50.66,52.01,16834160
2026-08-20,51.64,51.80,49.36,49.37,20390550
2026-08-21,49.22,50.90,49.01,50.37,35992160
2026-08-24,50.29,50.38,48.77,49.01,22027880
2026-08-25,48.79,50.04,48.54,49.86,17368920
2026-08-26,47.00,48.54,46.90,48.17,36584800
2026-08-27,48.00,48.07,46.61,46.67,16277170
2026-08-28,46.85,47.22,46.50,46.84,17148790
2026-08-31,46.40,48.97,46.09,48.30,18906230
2026-09-01,49.12,49.12,47.27,48.08,12004260
2026-09-02,47.91,49.66,47.91,48.37,17017970
2026-09-03,48.58,49.27,46.80,46.95,19732250
2026-09-04,46.92,48.06,46.83,47.80,15504230
2026-09-08,47.43,47.45,44.85,44.98,29028780
2026-09-09,45.10,46.27,44.89,44.96,17979920
2026-09-10,44.13,44.42,42.78,43.10,22690900
2026-09-11,43.19,43.55,42.80,42.98,26986790
2026-09-14,44.00,45.15,43.85,45.05,20521670
2026-09-15,44.32,44.99,43.68,43.87,16015360
