date,open,high,low,close,volume
2016-09-15,126.02,128.80,125.92,128.64,1213285
2016-09-16,128.94,132.78,128.00,131.99,2741707
2016-09-19,132.21,132.89,131.61,131.89,1092279
2016-09-20,132.24,132.76,131.07,131.57,1027598
2016-09-21,131.53,132.94,130.68,132.56,1240399
2016-09-22,132.64,132.97,130.95,132.00,738937
2016-09-23,129.46,131.52,129.37,131.00,1164764
2016-09-26,130.72,130.72,129.97,130.34,718295
2016-09-27,130.11,131.89,129.84,131.70,883185
2016-09-28,131.99,132.36,130.78,131.50,459724
2016-09-29,131.80,133.57,130.55,130.80,1206687
2016-09-30,131.28,131.43,129.60,130.32,1415939
2016-10-03,129.80,130.22,127.82,128.01,705574
2016-10-04,128.31,128.55,127.31,128.11,910346
2016-10-05,128.35,128.68,126.74,127.09,995010
2016-10-06,127.04,127.61,126.56,126.90,624108
2016-10-07,127.45,128.16,126.90,127.23,670218
2016-10-10,127.27,128.00,127.14,127.73,565983
2016-10-11,127.34,127.34,124.98,125.00,1085518
2016-10-12,125.10,125.75,121.31,121.96,2546147
2016-10-13,121.57,122.48,120.09,121.16,1194925
2016-10-14,121.56,122.25,120.68,120.90,570185
2016-10-17,120.63,120.90,116.30,118.64,1943938
2016-10-18,120.00,124.67,119.50,123.65,1640757
2016-10-19,123.65,123.98,122.51,123.55,1295742
2016-10-20,123.97,124.81,123.36,123.63,854352
2016-10-21,122.90,124.32,122.57,124.18,639700
2016-10-24,124.45,124.70,123.31,124.06,796185
2016-10-25,123.60,124.89,123.53,124.30,947682
2016-10-26,124.38,124.76,123.72,123.80,1117869
2016-10-27,124.16,124.72,122.40,123.06,738680
2016-10-28,123.16,123.63,121.18,121.62,1229628
2016-10-31,121.80,122.50,118.83,118.83,1414609
2016-11-01,119.55,120.84,115.03,116.03,1728572
2016-11-02,115.59,118.14,115.45,117.85,1828729
2016-11-03,119.50,123.33,117.23,117.31,2321020
2016-11-04,117.74,122.80,117.11,121.65,1735013
2016-11-07,122.57,126.92,122.35,126.25,1811859
2016-11-08,125.52,130.24,125.41,128.77,1386156
2016-11-09,127.46,136.77,124.48,135.80,2847244
2016-11-10,136.09,138.51,133.01,134.77,2572402
2016-11-11,134.62,136.42,131.89,133.67,1187202
2016-11-14,134.23,138.78,133.10,136.12,2048661
2016-11-15,136.08,138.66,134.29,137.80,1082952
2016-11-16,137.93,138.72,136.55,137.89,1049020
2016-11-17,137.23,140.20,136.26,140.00,1146271
2016-11-18,139.62,142.00,136.73,138.70,1172966
2016-11-21,138.13,139.95,136.04,137.08,1077588
2016-11-22,137.35,140.77,136.72,139.73,1458412
2016-11-23,139.70,140.50,136.81,139.53,843153
2016-11-25,139.88,141.48,138.53,138.67,306591
2016-11-28,138.83,139.34,136.20,136.77,1189865
2016-11-29,136.77,139.95,136.77,138.30,1391714
2016-11-30,137.96,138.05,134.53,134.74,2099674
2016-12-01,134.17,136.92,134.17,134.50,1638545
2016-12-02,135.08,135.95,132.63,133.44,1386371
2016-12-05,133.65,135.45,131.65,134.70,1085657
2016-12-06,135.51,137.74,134.13,137.25,1121753
2016-12-07,136.88,137.52,135.81,136.83,1694289
2016-12-08,136.51,138.57,135.10,137.13,1118893
2016-12-09,137.17,137.94,133.87,134.80,1416994
2016-12-12,134.03,134.40,131.03,132.38,1169464
2016-12-13,132.91,135.82,131.52,134.57,1278540
2016-12-14,135.23,135.84,132.31,133.24,879731
2016-12-15,133.19,134.56,131.26,133.99,921426
2016-12-16,134.86,137.70,134.85,136.76,2759505
2016-12-19,137.59,139.00,136.84,138.09,1214145
2016-12-20,138.10,139.74,136.55,137.11,1108093
2016-12-21,137.43,137.43,135.87,137.07,727858
2016-12-22,136.90,137.50,135.46,136.97,1097630
2016-12-23,137.43,138.64,136.45,138.61,431989
2016-12-27,138.26,140.70,138.26,139.39,481184
2016-12-28,139.61,140.30,137.00,137.00,818390
2016-12-29,137.54,138.68,135.19,135.50,641829
2016-12-30,135.57,135.89,133.11,133.39,1199702
2017-01-03,133.91,135.83,133.66,135.72,1443166
2017-01-04,136.08,138.89,133.70,138.72,1207762
2017-01-05,139.08,142.77,138.33,141.71,1446708
2017-01-06,141.00,143.15,140.99,141.81,983689
2017-01-09,141.31,142.61,140.05,142.35,986230
2017-01-10,141.24,142.00,140.20,140.23,1245075
2017-01-11,140.56,142.64,139.88,142.64,1418583
2017-01-12,141.54,145.79,141.03,144.67,1726106
2017-01-13,144.31,146.77,143.78,146.31,1488499
2017-01-17,145.95,145.96,144.02,144.77,1079795
2017-01-18,145.40,145.40,140.22,141.97,1974692
2017-01-19,141.33,146.31,133.52,144.16,2538379
2017-01-20,144.78,145.67,143.38,144.77,1302914
2017-01-23,144.32,145.70,142.25,145.31,1576413
2017-01-24,145.21,147.54,144.02,146.53,1260849
2017-01-25,147.02,149.23,146.63,148.57,1211613
2017-01-26,148.28,148.70,146.65,146.80,1017461
2017-01-27,147.56,148.00,145.42,146.81,1100900
2017-01-30,146.78,146.79,144.31,145.70,687385
2017-01-31,145.12,146.53,144.50,146.22,884367
2017-02-01,147.00,149.42,145.36,147.64,1254238
2017-02-02,149.70,150.69,144.03,148.29,1532129
2017-02-03,149.07,150.11,148.10,149.30,1222724
2017-02-06,148.67,149.56,145.98,147.03,1277481
2017-02-07,147.07,148.63,145.93,147.90,772545
2017-02-08,147.00,148.69,146.30,147.84,652475
2017-02-09,147.74,148.31,145.34,148.14,2312726
2017-02-10,147.55,149.32,145.50,145.55,1918335
2017-02-13,146.62,147.15,144.82,145.85,1067143
2017-02-14,145.22,148.08,144.50,146.68,1939318
2017-02-15,146.21,147.66,145.58,146.59,2248996
2017-02-16,146.84,146.94,143.87,145.33,1569438
2017-02-17,144.18,144.26,141.93,143.56,2018752
2017-02-21,144.01,147.24,143.66,146.97,1773376
2017-02-22,146.24,148.42,145.92,147.49,1625755
2017-02-23,147.62,147.75,147.11,147.51,1447380
2017-02-24,147.46,147.61,146.54,147.04,919270
2017-02-27,146.76,150.00,146.25,149.72,2660427
2017-02-28,149.72,149.86,148.41,148.90,1427813
2017-03-01,150.00,152.99,149.31,152.20,1520083
2017-03-02,152.10,152.38,151.10,151.58,817661
2017-03-03,150.89,152.62,149.00,151.99,749119
2017-03-06,150.88,153.11,150.85,152.96,1843981
2017-03-07,152.59,154.24,151.15,151.84,1653095
2017-03-08,151.74,153.02,150.68,152.24,832198
2017-03-09,152.80,153.05,151.46,152.20,980044
2017-03-10,153.16,153.34,151.41,151.92,1270637
2017-03-13,152.33,153.92,151.32,153.40,1138273
2017-03-14,152.97,154.31,152.33,153.54,1299281
2017-03-15,154.28,154.83,153.49,154.00,1452839
2017-03-16,153.99,154.27,151.60,151.79,1342497
2017-03-17,151.53,152.38,150.88,151.89,1562946
2017-03-20,152.16,153.02,150.71,151.13,1634617
2017-03-21,151.78,151.81,149.29,149.61,1416131
2017-03-22,150.08,151.33,148.34,150.37,1103775
2017-03-23,149.99,151.36,149.01,149.18,869690
2017-03-24,149.37,150.41,144.97,145.82,2130846
2017-03-27,144.22,146.36,143.85,146.04,2003584
2017-03-28,146.02,148.66,145.55,148.30,921079
2017-03-29,147.63,148.52,146.67,147.23,823087
2017-03-30,147.55,148.94,147.14,147.60,804835
2017-03-31,147.51,147.59,146.49,146.49,1440562
2017-04-03,146.70,151.00,146.70,149.39,1631029
2017-04-04,149.07,150.70,148.75,150.54,1222676
2017-04-05,151.01,152.00,149.43,149.91,1457600
2017-04-06,149.91,151.40,148.75,151.21,1502834
2017-04-07,151.10,152.27,150.04,152.04,1480878
2017-04-10,152.01,153.19,151.57,152.28,1491351
2017-04-11,151.47,151.86,150.64,151.57,829400
2017-04-12,150.90,151.39,149.87,150.59,791941
2017-04-13,150.25,151.07,149.77,150.41,754862
2017-04-17,150.67,151.23,150.25,151.17,823792
2017-04-18,151.17,151.43,149.10,149.82,1044375
2017-04-19,150.51,152.34,149.95,151.95,790014
2017-04-20,151.69,156.21,151.04,155.38,1756256
2017-04-21,155.21,155.36,153.94,155.08,971516
2017-04-24,156.41,157.31,155.50,155.96,911110
2017-04-25,155.47,159.07,155.47,157.18,1168432
2017-04-26,157.32,158.62,155.70,156.93,907741
2017-04-27,157.21,158.23,155.90,156.21,726951
2017-04-28,155.72,157.40,152.89,156.37,1578992
2017-05-01,156.68,158.47,156.48,157.52,942718
2017-05-02,157.89,158.81,156.23,158.38,1051323
2017-05-03,158.22,159.15,156.64,157.03,970255
2017-05-04,157.79,158.16,155.32,156.73,1407083
2017-05-05,159.00,161.57,158.24,160.25,1622632
2017-05-08,160.66,162.12,160.11,161.75,1435033
2017-05-09,161.86,163.48,161.78,162.65,1280827
2017-05-10,162.00,163.28,161.68,162.90,1447774
2017-05-11,163.04,164.29,161.70,163.82,989151
2017-05-12,163.50,164.88,161.53,162.03,1441420
2017-05-15,161.70,162.93,161.17,162.10,1575161
2017-05-16,162.00,162.17,160.41,161.34,1318993
2017-05-17,159.96,160.71,158.29,158.41,1633536
2017-05-18,158.89,160.67,158.41,160.10,1450305
2017-05-19,160.41,161.55,159.30,159.48,1607577
2017-05-22,159.76,160.14,158.79,159.35,1586573
2017-05-23,159.35,160.72,159.35,160.52,786147
2017-05-24,160.58,162.14,160.09,161.86,854671
2017-05-25,162.58,164.28,161.64,161.65,1316332
2017-05-26,161.87,162.13,159.91,161.32,1348799
2017-05-30,161.45,162.27,161.05,161.50,1084061
2017-05-31,161.42,162.37,160.76,161.23,1107621
2017-06-01,161.79,164.80,161.20,163.95,2235948
2017-06-02,164.00,165.16,163.78,164.46,1378322
2017-06-05,164.59,165.59,163.89,164.76,1590494
2017-06-06,164.50,167.06,164.23,165.50,1645353
2017-06-07,165.92,170.00,165.90,168.48,2572533
2017-06-08,168.49,169.50,165.67,166.51,3070789
2017-06-09,166.61,168.08,165.63,166.74,1746430
2017-06-12,166.50,166.95,163.46,166.80,1595287
2017-06-13,166.82,167.75,165.88,166.55,1383822
2017-06-14,167.00,168.36,166.44,168.11,1199632
2017-06-15,167.65,168.20,166.56,167.28,907158
2017-06-16,167.83,169.25,167.12,169.08,2009547
2017-06-19,169.08,170.50,169.08,170.26,1895069
2017-06-20,170.00,170.56,169.17,169.58,2130844
2017-06-21,169.52,171.62,169.52,170.18,1356021
2017-06-22,170.20,173.21,169.79,170.68,2193443
2017-06-23,171.00,171.15,168.90,169.61,3666172
2017-06-26,169.65,169.91,167.94,168.26,1407037
2017-06-27,168.65,169.36,166.89,167.05,1711335
2017-06-28,167.83,169.03,167.37,168.13,1272035
2017-06-29,168.50,168.86,166.06,166.70,1111941
2017-06-30,166.69,168.06,166.56,167.39,1751922
2017-07-03,168.27,168.44,166.81,167.50,854269
2017-07-05,167.55,169.32,167.25,169.16,2368269
2017-07-06,168.85,169.34,166.86,167.94,1049246
2017-07-07,168.50,170.39,168.11,169.61,1506833
2017-07-10,169.22,170.64,168.46,169.57,1723296
2017-07-11,169.65,171.34,169.18,171.16,1101008
2017-07-12,171.51,173.44,170.88,172.06,1474157
2017-07-13,172.24,174.20,171.99,173.05,1073688
2017-07-14,173.01,174.27,172.60,173.80,934986
2017-07-17,174.40,174.40,172.96,174.19,1019027
2017-07-18,174.23,174.46,170.81,172.10,1392267
2017-07-19,172.45,174.97,172.45,174.31,1240517
2017-07-20,174.31,175.05,173.58,174.49,871737
2017-07-21,174.24,175.17,173.99,174.23,726760
2017-07-24,174.14,174.91,173.63,174.53,940902
2017-07-25,175.28,175.80,173.56,173.81,1165810
2017-07-26,173.48,174.47,172.52,173.57,912963
2017-07-27,173.33,173.58,171.19,172.07,860195
2017-07-28,172.26,174.20,170.92,173.97,920279
2017-07-31,173.89,175.18,173.34,173.56,988781
2017-08-01,174.00,174.64,172.87,172.96,863873
2017-08-02,173.18,175.33,173.18,174.74,924313
2017-08-03,175.85,177.24,174.96,176.05,1567734
2017-08-04,177.99,178.50,170.55,172.55,2225508
2017-08-07,172.67,176.97,172.50,175.98,1692138
2017-08-08,175.67,176.79,174.68,175.63,1108714
2017-08-09,175.70,178.35,174.50,178.08,1508798
2017-08-10,177.38,178.57,175.12,175.36,1143729
2017-08-11,175.99,176.82,174.22,174.38,1174009
2017-08-14,175.61,177.19,175.61,176.35,795782
2017-08-15,176.83,179.50,176.62,179.16,1339135
2017-08-16,179.50,180.42,179.46,179.86,940872
2017-08-17,179.61,181.00,178.00,178.03,1047550
2017-08-18,177.90,178.27,176.01,177.03,1034211
2017-08-21,177.03,178.34,177.00,177.98,1068852
2017-08-22,178.00,180.39,178.00,179.82,1001691
2017-08-23,179.51,180.06,178.85,179.39,856588
2017-08-24,179.88,179.97,178.22,179.77,1242621
2017-08-25,179.95,181.15,179.30,179.30,844421
2017-08-28,180.04,181.56,179.83,180.50,895690
2017-08-29,179.77,180.61,179.76,180.09,960916
2017-08-30,179.65,180.15,179.41,179.67,905854
2017-08-31,180.01,182.18,179.86,182.06,1440680
2017-09-01,182.68,184.23,182.23,183.17,1018727
2017-09-05,182.20,185.51,182.11,185.31,1281605
2017-09-06,185.31,185.49,181.51,182.10,1297895
2017-09-07,182.26,185.18,181.86,184.98,1124111
2017-09-08,184.69,185.36,184.14,184.56,1353189
2017-09-11,185.01,186.32,184.65,186.32,1618631
2017-09-12,186.41,186.93,184.87,185.55,1178698
2017-09-13,185.46,188.36,185.46,187.62,1299512
2017-09-14,187.05,187.95,185.04,185.23,1394530
2017-09-15,185.81,186.70,185.02,186.05,2453291
2017-09-18,186.05,186.47,184.81,185.30,923660
2017-09-19,185.94,185.95,180.23,181.51,1931120
2017-09-20,181.68,182.24,180.59,181.82,1222826
2017-09-21,181.69,182.85,180.04,182.13,943648
2017-09-22,182.13,184.37,180.28,182.74,1628029
2017-09-25,183.06,184.31,181.36,181.44,948598
2017-09-26,182.28,183.78,181.75,183.64,1127249
2017-09-27,184.00,185.14,182.02,184.43,1106295
2017-09-28,184.00,187.91,183.90,187.00,1006598
2017-09-29,187.00,187.22,185.11,186.94,1113209
2017-10-02,187.71,189.03,186.33,189.01,1357922
2017-10-03,189.20,192.51,189.20,191.99,1458362
2017-10-04,192.01,193.00,190.60,190.75,1053002
2017-10-05,191.02,191.93,189.48,190.68,1056857
2017-10-06,191.01,192.72,190.25,190.95,879649
2017-10-09,190.37,190.90,188.86,189.09,781862
2017-10-10,189.09,189.44,186.89,188.07,979934
2017-10-11,187.84,188.07,186.31,186.95,1331248
2017-10-12,187.63,188.76,186.56,186.96,1152380
2017-10-13,184.00,186.43,183.08,186.15,1974110
2017-10-16,186.15,186.96,184.02,184.99,1218123
2017-10-17,185.39,188.76,185.28,187.20,2278966
2017-10-18,187.85,190.53,187.85,189.36,2458683
2017-10-19,189.07,189.07,186.10,188.22,2033372
2017-10-20,189.01,192.73,188.61,191.42,1709171
2017-10-23,191.73,194.29,191.29,193.38,1252032
2017-10-24,192.84,194.52,192.00,193.89,1221180
2017-10-25,193.40,195.84,192.48,195.70,1599071
2017-10-26,196.38,202.22,195.90,198.75,1765465
2017-10-27,198.69,202.50,198.60,201.94,1482322
2017-10-30,201.54,201.89,197.70,197.72,1127543
2017-10-31,198.64,198.64,196.51,197.22,1290659
2017-11-01,198.20,198.58,196.75,197.84,1678801
2017-11-02,205.75,205.75,197.60,198.39,1958528
2017-11-03,198.65,203.10,196.28,201.90,1238186
2017-11-06,201.90,205.18,201.44,205.00,1322126
2017-11-07,205.02,206.45,204.02,205.49,1128362
2017-11-08,205.00,205.00,200.48,200.50,1636811
2017-11-09,200.00,200.00,196.37,197.52,1774172
2017-11-10,197.56,198.54,196.90,197.98,991083
2017-11-13,197.80,198.27,195.90,197.61,1277904
2017-11-14,197.23,197.67,195.25,197.14,1263193
2017-11-15,196.62,197.41,196.12,196.50,1246382
2017-11-16,196.70,201.34,196.29,200.97,1128408
2017-11-17,199.91,200.21,197.77,197.97,980904
2017-11-20,198.66,199.84,197.88,199.41,826251
2017-11-21,200.00,202.09,199.73,201.99,1125137
2017-11-22,202.25,202.37,199.92,200.72,791410
2017-11-24,200.59,201.45,200.10,200.60,409817
2017-11-27,200.92,202.15,199.87,199.93,1477505
2017-11-28,200.77,201.51,199.17,200.55,1912484
2017-11-29,201.16,207.21,199.88,205.83,1530066
2017-11-30,206.28,212.46,205.51,211.73,2043247
2017-12-01,211.62,211.62,203.11,208.41,1442418
2017-12-04,211.04,211.96,203.51,204.11,1842770
2017-12-05,204.82,205.24,202.73,204.12,917252
2017-12-06,204.12,205.58,202.66,204.21,869765
2017-12-07,203.62,207.21,203.52,206.00,976114
2017-12-08,206.76,211.59,206.16,209.97,1250424
2017-12-11,209.35,210.71,208.31,209.16,1082240
2017-12-12,209.14,209.98,206.48,208.48,1044386
2017-12-13,208.44,209.37,207.14,207.92,1038705
2017-12-14,208.86,209.01,203.48,203.63,1032163
2017-12-15,205.18,205.28,202.88,204.14,3639780
2017-12-18,206.13,206.80,204.47,206.34,1643795
2017-12-19,206.45,208.47,205.54,207.26,920055
2017-12-20,207.49,210.26,205.81,206.03,1396188
2017-12-21,206.82,208.09,204.47,204.52,1578276
2017-12-22,205.55,205.55,202.41,203.39,1076440
2017-12-26,202.81,204.43,202.53,203.78,641343
2017-12-27,204.35,204.46,202.48,202.71,1107399
2017-12-28,203.24,205.50,202.24,205.24,611496
2017-12-29,206.00,206.16,203.05,203.09,734222
2018-01-02,204.14,204.98,202.34,202.56,1115909
2018-01-03,202.52,206.32,201.30,205.96,1362801
2018-01-04,206.07,208.04,206.07,207.04,888619
2018-01-05,207.91,211.08,207.60,210.55,753357
2018-01-08,209.77,210.49,207.71,208.22,1130862
2018-01-09,207.98,209.21,206.97,207.87,1278021
2018-01-10,205.68,207.18,205.05,207.09,1113568
2018-01-11,208.09,211.36,207.51,210.89,1196826
2018-01-12,212.96,213.72,211.88,213.39,1151291
2018-01-16,215.07,216.34,213.86,214.75,1442462
2018-01-17,215.70,221.13,215.15,220.36,1410864
2018-01-18,220.36,220.46,218.16,219.66,1380258
2018-01-19,220.66,221.23,218.57,220.15,1364015
2018-01-22,220.50,220.80,218.68,220.75,880890
2018-01-23,220.81,221.11,218.72,219.79,815993
2018-01-24,221.16,222.68,220.21,221.00,684028
2018-01-25,221.83,222.96,220.00,221.88,743402
2018-01-26,221.99,226.27,221.45,226.22,974899
2018-01-29,225.76,227.13,223.78,223.90,762017
2018-01-30,211.59,215.56,207.12,207.89,4518739
2018-01-31,214.36,219.87,208.34,208.35,2705388
2018-02-01,207.32,209.64,198.84,205.01,2738731
2018-02-02,204.13,209.60,203.21,204.46,1920042
2018-02-05,203.40,204.46,193.19,196.41,2223692
2018-02-06,193.02,200.00,191.59,197.59,2861459
2018-02-07,196.34,198.33,194.38,195.44,1729211
2018-02-08,195.25,198.11,189.15,189.27,1637057
2018-02-09,192.02,195.09,187.14,193.77,2866800
2018-02-12,195.03,196.78,192.88,193.56,943505
2018-02-13,192.01,195.58,191.07,195.44,835324
2018-02-14,193.96,196.02,193.47,195.55,645410
2018-02-15,196.36,197.31,190.72,191.94,1645042
2018-02-16,191.96,195.10,191.37,193.81,1019396
2018-02-20,192.57,193.42,190.68,192.60,919581
2018-02-21,192.94,195.31,191.61,191.65,684465
2018-02-22,192.80,194.90,191.16,191.90,1099476
2018-02-23,193.20,194.88,192.05,194.79,1116623
2018-02-26,195.28,196.83,194.11,195.88,971725
2018-02-27,196.17,199.09,195.59,196.85,1224907
2018-02-28,196.71,198.83,195.87,195.89,2074536
2018-03-01,195.41,196.13,191.69,193.42,1713481
2018-03-02,192.79,193.69,191.18,193.06,884418
2018-03-05,191.84,193.27,189.64,192.34,951732
2018-03-06,192.81,194.31,190.96,194.13,1065254
2018-03-07,192.50,194.43,192.03,194.25,1276652
2018-03-08,182.21,182.57,171.06,172.00,17327140
2018-03-09,173.10,174.69,172.06,173.36,6222378
2018-03-12,173.57,173.60,167.05,167.31,8342674
2018-03-13,167.52,168.00,163.02,164.39,7182722
2018-03-14,164.72,167.62,163.60,166.88,4869868
2018-03-15,167.71,169.58,166.77,166.90,4284674
2018-03-16,167.80,169.17,166.77,168.67,3912271
2018-03-19,168.38,169.02,165.47,166.44,3523063
2018-03-20,166.93,167.26,164.36,165.00,3734606
2018-03-21,165.61,169.56,164.31,167.05,5451655
2018-03-22,166.09,167.45,164.82,165.34,4213859
2018-03-23,165.82,166.84,164.00,164.00,3269331
2018-03-26,165.01,168.87,164.11,168.68,3100998
2018-03-27,169.12,170.13,164.28,165.54,3671517
2018-03-28,166.25,169.64,165.50,168.32,3036466
2018-03-29,168.86,169.39,167.02,167.74,2732111
2018-04-02,168.85,169.40,163.80,164.65,2754084
2018-04-03,165.25,168.60,165.25,167.85,1695825
2018-04-04,165.55,169.61,165.50,168.79,2454697
2018-04-05,169.67,169.98,167.88,169.03,1420242
2018-04-06,168.28,169.87,166.73,167.82,1618461
2018-04-09,168.71,169.90,167.79,167.94,1465987
2018-04-10,169.73,170.80,167.60,169.85,1759736
2018-04-11,168.66,169.88,168.16,169.00,1722384
2018-04-12,169.75,171.21,168.74,170.56,3035502
2018-04-13,171.67,172.53,170.76,171.65,2533733
2018-04-16,172.22,175.70,171.72,175.08,2199942
2018-04-17,176.82,177.81,174.28,174.38,1959939
2018-04-18,174.60,175.85,173.79,175.21,1462998
2018-04-19,174.56,174.62,171.47,171.73,1959863
2018-04-20,172.08,172.55,169.63,169.94,2566800
2018-04-23,170.40,173.86,170.25,172.35,2283303
2018-04-24,172.44,173.44,170.24,171.29,2017444
2018-04-25,171.68,172.38,168.86,171.70,1294812
2018-04-26,171.64,173.05,170.70,172.15,1245717
2018-04-27,172.23,174.98,172.18,173.95,1446764
2018-04-30,174.00,174.75,171.77,171.82,1493167
2018-05-01,172.01,172.97,170.80,171.07,1949422
2018-05-02,170.63,173.61,169.41,172.36,2128147
2018-05-03,172.73,174.00,166.25,172.88,3115612
2018-05-04,172.75,173.46,170.19,171.17,1851496
2018-05-07,171.50,172.67,168.35,172.59,2504470
2018-05-08,172.25,172.25,169.76,170.70,1799438
2018-05-09,170.57,170.78,168.79,169.58,2824831
2018-05-10,168.01,172.11,167.67,171.06,1940371
2018-05-11,170.50,174.27,169.67,173.73,2321020
2018-05-14,174.47,177.59,173.77,177.54,2667955
2018-05-15,177.18,177.43,175.14,176.06,1372040
2018-05-16,176.16,177.35,174.88,177.15,1487485
2018-05-17,177.65,179.99,176.69,178.91,1462383
2018-05-18,178.86,179.58,177.98,178.07,1034809
2018-05-21,179.00,179.29,176.85,177.45,1356985
2018-05-22,177.66,178.35,177.05,177.24,1239014
2018-05-23,176.70,177.38,175.15,177.09,1103588
2018-05-24,177.35,177.38,174.78,175.85,1330700
2018-05-25,175.98,176.98,175.04,175.90,1290192
2018-05-29,174.81,175.00,171.71,172.58,1448524
2018-05-30,172.60,173.97,171.34,173.32,1390334
2018-05-31,173.69,173.69,169.11,169.37,2019386
2018-06-01,170.21,171.09,169.40,170.82,1162154
2018-06-04,171.24,171.64,170.46,171.00,1011600
2018-06-05,171.24,172.67,170.00,170.83,1308664
2018-06-06,174.00,175.81,172.50,174.93,2680356
2018-06-07,175.23,177.89,175.04,177.11,1452573
2018-06-08,177.05,178.04,176.09,177.81,1667152
2018-06-11,178.41,182.10,177.99,180.95,1909169
2018-06-12,180.58,181.62,178.52,178.82,1482576
2018-06-13,179.50,179.50,174.63,176.18,3690310
2018-06-14,176.93,177.45,174.55,175.33,2237090
2018-06-15,175.66,177.00,174.80,175.05,3593534
2018-06-18,174.54,175.34,173.14,173.93,1583307
2018-06-19,173.10,174.40,172.92,173.36,2344161
2018-06-20,173.79,176.04,173.79,175.72,1420502
2018-06-21,175.28,176.09,172.64,175.00,1976592
2018-06-22,175.45,176.06,173.92,174.08,2526421
2018-06-25,174.06,175.99,172.35,173.85,1813861
2018-06-26,173.69,174.23,172.80,172.95,1505958
2018-06-27,172.12,174.98,172.00,172.81,1823535
2018-06-28,169.98,170.00,163.97,169.76,4021724
2018-06-29,170.40,171.06,169.90,169.95,1905934
2018-07-02,169.47,169.47,166.88,169.03,1396902
2018-07-03,169.29,170.37,168.86,170.25,941539
2018-07-05,171.17,172.30,170.25,171.98,1226902
2018-07-06,172.00,172.52,171.16,172.10,783851
2018-07-09,172.53,174.05,172.30,173.22,1147855
2018-07-10,173.68,174.11,172.59,173.45,968176
2018-07-11,173.08,173.45,171.70,171.79,1474357
2018-07-12,172.08,173.85,171.10,172.96,2201717
2018-07-13,172.44,173.74,172.43,173.09,700376
2018-07-16,173.09,173.30,172.27,172.35,1451582
2018-07-17,172.02,172.02,167.83,170.71,2265169
2018-07-18,170.81,179.48,170.72,177.75,5413463
2018-07-19,177.93,178.71,174.25,175.90,3488668
2018-07-20,174.49,179.47,174.30,178.09,3196785
2018-07-23,178.23,179.21,177.00,177.42,1676546
2018-07-24,177.47,178.96,175.79,176.43,1511305
2018-07-25,176.92,177.55,173.54,177.50,2717605
2018-07-26,178.08,179.12,176.68,177.94,1956242
2018-07-27,177.95,178.07,176.30,177.25,1277925
2018-07-30,177.18,178.14,175.70,176.80,1518983
2018-07-31,177.61,181.66,177.00,179.42,2848945
2018-08-01,179.89,188.60,178.57,182.93,6257174
2018-08-02,185.23,189.20,184.25,188.90,5030780
2018-08-03,189.61,193.37,188.91,189.25,2832844
2018-08-06,188.81,189.07,186.44,187.86,2211943
2018-08-07,188.91,190.35,187.00,188.27,3613079
2018-08-08,188.67,190.30,186.03,189.46,5721003
2018-08-09,190.03,190.30,184.92,185.42,2981756
2018-08-10,183.10,186.21,182.13,183.28,4441816
2018-08-13,183.40,183.81,180.13,181.76,1894567
2018-08-14,181.27,185.56,181.27,185.30,4105736
2018-08-15,185.00,186.41,183.12,185.48,2917435
2018-08-16,185.86,188.61,185.57,188.19,2600739
2018-08-17,189.13,189.38,187.38,188.34,1712241
2018-08-20,188.97,189.30,187.47,187.89,2405981
2018-08-21,187.34,187.55,185.75,186.05,2357786
2018-08-22,185.40,187.09,183.78,186.36,2201207
2018-08-23,186.44,187.07,185.06,185.80,1470581
2018-08-24,185.86,186.87,184.94,185.72,2258218
2018-08-27,186.00,187.99,185.85,187.00,1612437
2018-08-28,187.72,188.38,186.10,187.96,1808579
2018-08-29,188.31,190.95,187.99,190.46,2479448
2018-08-30,190.43,191.24,189.59,189.80,2241419
2018-08-31,189.22,189.57,187.76,188.34,1791140
2018-09-04,187.49,188.57,185.58,186.07,2098139
2018-09-05,186.14,186.85,181.78,184.93,3969952
2018-09-06,184.48,185.62,181.91,185.18,2712412
2018-09-07,185.56,189.15,185.31,188.59,2180522
2018-09-10,188.60,189.71,186.26,186.36,1743442
2018-09-11,186.00,186.00,183.00,184.87,1566668
2018-09-12,185.07,187.35,183.82,186.89,1981422
2018-09-13,187.63,193.41,186.88,193.21,2939399
2018-09-14,193.57,195.68,192.86,195.11,2350238
2018-09-17,196.50,201.69,194.82,197.84,6492739
2018-09-18,198.09,201.55,196.00,200.07,4366906
2018-09-19,200.42,201.72,197.91,199.19,2810825
2018-09-20,200.21,201.64,200.16,201.33,2499920
2018-09-21,202.14,203.06,197.41,202.23,3653089
2018-09-24,200.92,203.66,200.57,203.24,2836452
2018-09-25,203.05,203.29,199.80,201.50,3049108
2018-09-26,202.10,204.00,200.82,202.43,1920883
2018-09-27,203.36,206.63,202.96,206.35,2240444
2018-09-28,205.03,208.73,204.22,208.25,3272916
2018-10-01,209.22,211.98,208.55,210.93,2316034
2018-10-02,211.00,211.62,209.85,210.59,2113250
2018-10-03,213.01,213.58,210.38,212.33,2100402
2018-10-04,212.40,213.42,210.97,212.62,2321648
2018-10-05,213.00,216.00,212.81,215.72,2398969
2018-10-08,214.79,215.46,210.02,212.90,2587282
2018-10-09,212.00,215.28,211.52,214.04,1764007
2018-10-10,213.82,215.36,209.71,209.97,2335374
2018-10-11,209.59,210.77,202.73,206.00,3596973
2018-10-12,207.76,209.84,205.99,207.09,2600475
2018-10-15,205.81,207.07,203.83,203.92,1777539
2018-10-16,206.84,212.47,206.39,211.96,2762613
2018-10-17,211.19,212.21,209.21,211.20,1456685
2018-10-18,211.35,213.08,209.07,212.74,1874006
2018-10-19,213.70,214.91,209.00,210.00,2055314
2018-10-22,209.78,211.45,207.40,208.80,1396024
2018-10-23,206.17,211.08,205.02,210.34,1842491
2018-10-24,209.77,210.93,201.59,201.92,2870850
2018-10-25,202.61,211.92,201.22,210.37,3612040
2018-10-26,208.15,208.37,204.08,206.69,2859031
2018-10-29,208.43,214.00,204.05,206.87,1981265
2018-10-30,207.90,210.65,206.27,210.26,1977911
2018-10-31,212.00,214.45,209.28,213.81,2812429
2018-11-01,219.01,222.72,212.14,216.28,3885610
2018-11-02,216.76,218.00,212.07,213.13,2279425
2018-11-05,214.00,216.57,213.34,215.50,1355287
2018-11-06,215.05,215.96,213.48,214.24,2136815
2018-11-07,218.00,222.25,218.00,220.29,3235348
2018-11-08,220.60,221.19,219.32,220.49,3752874
2018-11-09,220.67,220.99,216.77,217.65,1794761
2018-11-12,217.08,219.16,216.45,217.42,1982209
2018-11-13,217.43,218.37,212.26,213.05,2848696
2018-11-14,213.56,214.66,210.92,212.35,2744878
2018-11-15,211.57,213.44,208.61,212.80,2404334
2018-11-16,213.21,215.10,212.39,213.72,1787911
2018-11-19,215.84,215.84,209.47,211.19,1384209
2018-11-20,211.23,211.83,207.24,207.78,1800451
2018-11-21,207.24,211.96,207.24,209.71,1838968
2018-11-23,208.84,213.16,207.19,211.16,535416
2018-11-26,213.12,218.38,211.53,216.28,2186118
2018-11-27,215.85,217.24,214.22,216.80,2278469
2018-11-28,216.58,222.52,215.47,221.72,2605477
2018-11-29,220.50,223.83,218.93,222.52,1885512
2018-11-30,223.19,223.96,219.93,223.38,2440948
2018-12-03,224.82,226.60,220.78,224.84,2703181
2018-12-04,225.45,226.19,217.29,217.84,2541673
2018-12-06,216.04,216.78,206.61,214.29,2840346
2018-12-07,213.39,215.11,204.27,206.11,2556413
2018-12-10,206.63,207.47,199.53,206.08,2017949
2018-12-11,207.73,210.12,204.06,205.94,1332285
2018-12-12,208.53,211.20,207.41,207.69,2026635
2018-12-13,210.02,213.71,207.35,211.95,3064815
2018-12-14,210.84,211.58,202.66,205.37,3632223
2018-12-17,201.00,202.87,197.54,198.66,3930695
2018-12-18,201.52,202.39,190.32,192.06,3709828
2018-12-19,192.04,201.13,190.70,193.30,4751838
2018-12-20,194.81,194.81,178.30,179.80,8708803
2018-12-21,178.54,187.26,177.11,181.30,7237677
2018-12-24,180.50,181.43,176.52,178.01,2588964
2018-12-26,179.74,187.90,177.19,187.63,5024587
2018-12-27,185.75,192.79,183.38,192.79,4600457
2018-12-28,192.94,194.21,188.74,190.65,2820163
2018-12-31,191.07,191.93,188.01,189.92,2614054
2019-01-02,187.69,188.95,184.30,187.17,3476343
2019-01-03,186.00,188.75,184.51,185.57,3614663
2019-01-04,186.89,191.13,185.30,188.69,2904260
2019-01-07,188.60,189.69,186.28,186.50,2307446
2019-01-08,187.52,190.27,185.01,189.93,2773355
2019-01-09,191.07,191.07,187.09,190.35,4109542
2019-01-10,190.13,191.95,188.21,191.78,2644271
2019-01-11,189.86,194.83,189.55,194.66,3923729
2019-01-14,193.68,194.59,191.68,192.05,2489914
2019-01-15,192.34,197.33,191.85,196.55,2937496
2019-01-16,196.39,198.38,195.83,196.73,2900841
2019-01-17,195.41,196.72,193.09,194.50,2500233
2019-01-18,196.45,197.98,194.62,194.83,2517902
2019-01-22,193.64,195.43,192.50,193.08,3236416
2019-01-23,194.50,197.71,193.95,196.92,2057446
2019-01-24,196.39,197.43,193.04,193.07,1922935
2019-01-25,194.94,196.87,194.53,196.28,1988719
2019-01-28,195.56,195.84,193.11,195.08,1361671
2019-01-29,194.51,198.48,194.29,198.39,1556029
2019-01-30,199.25,200.28,195.26,199.80,2713587
2019-01-31,199.48,202.05,198.86,199.81,2883958
2019-02-01,195.00,199.38,188.61,194.06,5547201
2019-02-04,192.33,193.38,189.53,192.07,3342170
2019-02-05,192.73,193.29,186.01,186.45,3696912
2019-02-06,185.90,188.00,185.22,187.48,2264409
2019-02-07,185.88,186.81,183.60,185.96,2347334
2019-02-08,185.33,185.60,180.50,181.37,2677546
2019-02-11,181.61,183.03,180.88,182.89,3735126
2019-02-12,183.56,186.32,182.22,185.12,2828295
2019-02-13,185.48,189.35,185.25,188.80,2230114
2019-02-14,188.45,192.32,187.29,192.22,2360460
2019-02-15,193.85,198.13,193.01,197.87,2842663
2019-02-19,197.74,199.13,196.04,198.28,3208170
2019-02-20,197.74,197.90,193.67,194.12,2856082
2019-02-21,194.00,194.99,190.63,191.87,1595793
2019-02-22,192.02,194.38,190.14,193.77,1734085
2019-02-25,194.56,195.54,191.17,191.62,1627011
2019-02-26,191.62,191.62,188.05,188.15,1890838
2019-02-27,186.95,187.38,179.50,180.72,4645594
2019-02-28,180.08,180.97,173.24,174.44,5242778
2019-03-01,176.00,180.34,175.37,178.25,3150369
2019-03-04,178.98,179.99,170.93,171.68,3045878
2019-03-05,171.91,172.64,168.23,170.11,3915282
2019-03-06,169.82,169.91,164.53,164.91,2440543
2019-03-07,165.11,165.97,162.42,163.81,3355850
2019-03-08,162.95,165.76,162.55,163.14,2011696
2019-03-11,163.31,164.97,162.44,163.63,2090786
2019-03-12,164.47,166.85,164.05,164.30,1997757
2019-03-13,165.48,169.60,164.95,168.00,2615788
2019-03-14,168.84,171.08,168.31,169.56,3755179
2019-03-15,169.50,170.60,166.23,166.45,3753106
2019-03-18,166.55,167.97,166.45,167.11,1663614
2019-03-19,167.88,173.41,167.46,172.78,3428665
2019-03-20,172.20,173.42,167.67,167.87,2314659
2019-03-21,167.00,169.71,167.00,168.87,1625007
2019-03-22,168.26,168.63,165.23,166.09,1595555
2019-03-25,165.38,165.38,162.45,163.77,1654394
2019-03-26,164.39,164.57,159.91,160.74,2614015
2019-03-27,160.45,161.77,158.58,159.79,1949752
2019-03-28,159.79,161.04,158.78,159.69,1682672
2019-03-29,160.08,161.79,158.71,160.82,3332028
2019-04-01,162.62,163.09,160.44,161.87,1855132
2019-04-02,162.45,162.49,158.53,158.62,2703369
2019-04-03,159.25,161.23,158.00,159.00,2286429
2019-04-04,159.00,161.66,158.36,161.48,1703747
2019-04-05,162.65,167.45,162.38,166.13,3692889
2019-04-08,166.17,167.53,164.65,167.40,2384918
2019-04-09,166.46,170.89,165.18,169.13,2742639
2019-04-10,168.44,169.69,166.89,168.20,2082265
2019-04-11,168.30,168.38,162.36,164.01,3367953
2019-04-12,164.94,165.00,159.73,160.60,3592734
2019-04-15,161.69,165.51,160.16,163.82,2669658
2019-04-16,166.70,167.26,150.51,151.04,6382079
2019-04-17,151.11,151.76,141.95,145.49,8647027
2019-04-18,145.95,149.05,144.24,149.00,5347209
2019-04-22,149.51,151.72,147.74,147.99,2654047
2019-04-23,148.77,155.79,148.70,153.82,4346620
2019-04-24,153.38,154.44,151.53,154.22,1820345
2019-04-25,153.24,157.72,152.13,156.81,2290851
2019-04-26,157.11,161.16,157.03,160.94,2343908
2019-04-29,160.94,161.38,158.31,160.67,1795010
2019-04-30,161.15,161.17,156.15,158.84,3430181
2019-05-01,158.92,162.83,158.29,162.00,3204364
2019-05-02,163.78,163.99,152.50,158.22,4885304
2019-05-03,158.17,158.74,149.81,152.83,5762416
2019-05-06,151.16,159.35,150.25,158.80,3249607
2019-05-07,157.60,158.90,153.21,155.16,2350494
2019-05-08,154.99,157.80,153.43,156.51,1800897
2019-05-09,154.84,157.37,154.01,155.86,1682201
2019-05-10,156.14,158.67,153.43,158.44,2195587
2019-05-13,155.46,157.66,154.17,157.32,2340963
2019-05-14,157.32,158.70,155.25,155.29,2778511
2019-05-15,155.15,155.99,151.22,155.27,2094069
2019-05-16,155.01,158.04,153.39,153.79,2208830
2019-05-17,153.38,157.00,153.13,154.86,1558450
2019-05-20,154.00,155.83,152.80,153.67,2028816
2019-05-21,154.19,156.23,152.94,154.66,2979592
2019-05-22,154.97,154.97,150.88,152.83,2530995
2019-05-23,151.35,152.40,149.01,150.01,2370558
2019-05-24,150.34,150.83,148.75,149.48,2269676
2019-05-28,149.22,150.23,146.26,146.49,4552404
2019-05-29,145.93,148.96,144.43,148.41,2054403
2019-05-30,148.21,149.67,147.00,147.99,1291679
2019-05-31,146.89,148.38,145.01,148.02,2375572
2019-06-03,147.61,151.25,147.50,150.41,2479212
2019-06-04,151.89,154.79,151.43,154.05,2251103
2019-06-05,155.38,155.38,152.14,153.81,2194031
2019-06-06,153.70,154.66,153.12,153.72,1300640
2019-06-07,154.44,158.00,153.93,157.47,1862386
2019-06-10,157.87,158.48,156.33,156.55,1465503
2019-06-11,156.90,158.38,156.06,156.36,1263346
2019-06-12,155.80,156.43,154.60,156.07,1241976
2019-06-13,156.51,158.20,155.52,158.11,952019
2019-06-14,158.34,159.91,156.69,158.41,1473559
2019-06-17,158.46,159.67,158.03,159.11,979020
2019-06-18,160.00,161.07,158.70,159.84,1561815
2019-06-19,160.00,161.70,157.97,160.20,2386491
2019-06-20,160.62,160.82,158.76,159.75,1546360
2019-06-21,160.28,162.61,158.62,161.15,3054999
2019-06-24,161.00,161.00,159.01,160.46,1404410
2019-06-25,159.56,160.82,158.84,160.08,1245786
2019-06-26,160.25,160.64,156.37,156.91,1530415
2019-06-27,157.28,158.71,156.36,157.89,1362252
2019-06-28,158.05,159.14,156.50,157.55,3249475
2019-07-01,158.92,159.84,157.91,158.75,1716282
2019-07-02,158.92,161.84,157.32,161.81,1737994
2019-07-03,162.32,165.94,162.00,164.83,1159499
2019-07-05,164.02,165.20,162.84,163.44,862809
2019-07-08,163.25,163.45,160.16,161.73,1202315
2019-07-09,160.19,161.32,159.45,159.73,1007105
2019-07-10,159.93,161.29,159.30,160.51,948594
2019-07-11,179.53,185.77,173.00,175.34,10064820
2019-07-12,174.90,179.70,174.25,179.21,3821900
2019-07-15,179.05,179.82,176.36,177.03,1806338
2019-07-16,177.54,182.12,176.66,179.96,3057657
2019-07-17,178.41,181.85,178.06,178.48,1529735
2019-07-18,177.79,179.32,174.30,176.94,1719640
2019-07-19,177.60,177.60,173.48,173.69,1120774
2019-07-22,173.78,173.78,170.46,170.61,1686998
2019-07-23,170.48,172.96,168.66,172.10,1642921
2019-07-24,170.90,171.54,165.51,171.28,1817118
2019-07-25,170.72,170.89,166.10,166.55,2040843
2019-07-26,167.42,167.63,165.94,167.30,1801887
2019-07-29,166.78,172.49,166.78,172.24,1563415
2019-07-30,170.57,172.44,169.18,172.25,878870
2019-07-31,173.54,173.66,169.27,169.92,2017285
2019-08-01,170.04,173.01,165.05,167.56,3175895
2019-08-02,167.87,169.15,162.34,164.58,1905886
2019-08-05,162.36,163.28,157.13,159.00,2570524
2019-08-06,163.00,164.43,159.59,163.72,3088120
2019-08-07,161.57,166.83,160.38,166.48,1806335
2019-08-08,166.62,167.99,164.88,166.60,1590851
2019-08-09,166.51,170.84,166.32,169.90,1664934
2019-08-12,168.38,169.65,165.04,165.61,1313844
2019-08-13,165.61,170.09,165.61,169.47,1328543
2019-08-14,166.60,166.86,160.04,160.18,2839117
2019-08-15,161.02,161.21,157.13,159.70,1748374
2019-08-16,160.33,163.17,160.33,161.24,1493937
2019-08-19,163.05,164.78,162.73,162.98,1265430
2019-08-20,162.56,164.03,160.70,161.15,1250456
2019-08-21,162.65,164.05,161.56,162.34,1263647
2019-08-22,162.40,162.40,155.41,155.78,2060732
2019-08-23,155.00,157.08,152.29,153.30,2202008
2019-08-26,154.23,154.51,152.20,152.91,1529258
2019-08-27,153.19,153.54,146.23,146.27,2794455
2019-08-28,146.28,149.38,145.50,147.45,2343284
2019-08-29,149.09,152.83,148.92,152.50,2045174
2019-08-30,153.30,155.37,152.54,153.97,1553481
2019-09-03,152.82,155.33,152.12,154.99,2993956
2019-09-04,156.44,157.58,152.53,152.94,1915701
2019-09-05,154.89,154.89,150.94,151.00,2092923
2019-09-06,150.86,154.72,150.00,153.80,2031315
2019-09-09,155.17,162.59,154.65,162.16,2945371
2019-09-10,162.39,166.96,160.27,164.99,2936459
2019-09-11,164.42,165.46,160.19,161.89,2194619
2019-09-12,165.13,165.28,158.75,158.98,3362675
2019-09-13,160.10,162.99,159.55,160.85,2194911
2019-09-16,159.98,165.62,159.98,165.50,1558633
2019-09-17,164.09,165.76,160.79,161.50,1625333
2019-09-18,160.53,161.96,159.38,160.44,1766919
2019-09-19,161.02,166.70,160.59,164.71,2015540
2019-09-20,165.54,166.72,161.32,161.38,2722888
2019-09-23,160.57,161.40,159.69,160.15,2202190
2019-09-24,160.79,161.61,156.73,157.91,1847763
2019-09-25,157.46,158.46,154.91,155.22,1787758
2019-09-26,155.91,156.30,149.46,149.79,3535456
2019-09-27,150.61,152.04,148.13,149.48,2464704
2019-09-30,150.53,152.89,148.23,151.79,2387678
2019-10-01,152.96,153.10,147.92,150.43,2234111
2019-10-02,149.21,152.05,148.41,149.24,2590261
2019-10-03,149.02,150.04,147.81,148.61,2089947
2019-10-04,148.37,151.26,148.00,150.74,2099391
2019-10-07,150.59,151.85,149.15,149.20,2219840
2019-10-08,147.98,148.78,146.50,147.19,2037336
2019-10-09,148.39,149.99,147.38,149.59,1851741
2019-10-10,149.10,152.46,148.55,150.83,2248162
2019-10-11,152.54,155.99,151.73,152.40,1951910
2019-10-14,152.21,152.80,150.79,151.58,1326013
2019-10-15,155.30,161.34,155.10,160.16,2801977
2019-10-16,159.74,161.68,157.81,161.47,1826415
2019-10-17,161.73,165.29,161.47,164.77,1808124
2019-10-18,165.84,167.38,163.83,166.88,2030322
2019-10-21,166.95,168.06,165.85,166.74,1969147
2019-10-22,166.08,172.23,166.08,170.38,2386879
2019-10-23,170.20,173.53,169.00,172.91,2098746
2019-10-24,172.87,173.67,168.00,170.11,1982029
2019-10-25,169.99,172.15,168.87,171.49,1325311
2019-10-28,171.68,175.74,171.37,174.79,2019282
2019-10-29,174.60,178.13,174.32,177.98,1926996
2019-10-30,176.55,177.65,175.44,176.44,2038949
2019-10-31,178.25,179.50,171.65,178.46,3971407
2019-11-01,179.21,184.56,178.00,179.51,3425808
2019-11-04,181.31,183.68,178.45,183.12,2490695
2019-11-05,184.00,184.74,181.68,181.85,2581108
2019-11-06,182.97,184.44,181.74,183.13,1763586
2019-11-07,184.03,186.50,183.46,185.34,1356015
2019-11-08,186.00,189.28,185.26,188.20,1461255
2019-11-11,185.90,187.47,185.07,187.16,1390361
2019-11-12,186.47,190.54,186.25,188.97,1831947
2019-11-13,187.95,191.74,187.22,190.25,1530383
2019-11-14,190.34,191.71,189.01,189.70,1534931
2019-11-15,190.39,198.64,188.28,196.01,3056940
2019-11-18,197.38,202.85,195.75,198.38,2819562
2019-11-19,198.73,200.39,196.33,200.02,1666103
2019-11-20,199.00,200.60,197.17,199.91,1633045
2019-11-21,200.27,201.43,198.10,201.21,1359150
2019-11-22,202.00,202.88,200.32,201.85,1492389
2019-11-25,202.00,205.24,201.84,203.87,2419744
2019-11-26,204.39,204.39,199.39,200.37,2201218
2019-11-27,200.50,202.59,198.50,200.03,2042015
2019-11-29,200.03,200.79,198.50,199.92,811994
2019-12-02,199.92,200.39,196.84,196.94,1498864
2019-12-03,193.94,195.98,192.54,195.33,2100817
2019-12-04,196.41,197.99,195.29,196.74,1820307
2019-12-05,196.70,196.82,193.58,195.59,1526315
2019-12-06,197.51,199.94,197.09,198.93,1658032
2019-12-09,198.08,198.84,195.85,195.95,1382644
2019-12-10,195.68,195.68,189.52,191.71,3335156
2019-12-11,191.49,193.50,189.83,191.75,1971141
2019-12-12,192.33,194.90,191.11,193.56,2013109
2019-12-13,193.91,194.96,188.80,189.87,2090943
2019-12-16,191.81,197.22,191.00,195.13,1867474
2019-12-17,194.58,196.33,192.08,193.52,1701674
2019-12-18,195.00,199.80,194.59,198.20,2439643
2019-12-19,198.21,199.99,197.81,198.72,1683506
2019-12-20,201.56,206.24,201.56,204.59,4943278
2019-12-23,203.97,207.28,203.37,206.47,1900969
2019-12-24,206.53,206.93,204.00,204.01,530988
2019-12-26,204.51,205.35,203.98,204.38,743145
2019-12-27,204.44,204.95,203.59,204.00,1053636
2019-12-30,203.70,204.59,202.38,202.97,954819
2019-12-31,202.88,204.71,202.01,204.49,1483566
2020-01-02,205.39,205.85,202.09,204.94,1349063
2020-01-03,202.01,204.39,200.80,203.18,1387296
2020-01-06,202.00,207.16,201.94,206.92,1243005
2020-01-07,206.18,208.78,205.28,207.93,1355532
2020-01-08,207.93,211.72,207.19,211.41,1483598
2020-01-09,210.03,212.23,209.00,210.85,2018217
2020-01-10,212.11,212.35,209.70,210.28,1034795
2020-01-13,208.51,209.00,201.96,203.51,2376732
2020-01-14,203.26,206.95,203.02,205.19,1499104
2020-01-15,205.19,210.42,205.19,208.23,1799666
2020-01-16,209.41,211.26,208.50,210.95,1387471
2020-01-17,210.96,212.64,209.23,212.52,1680010
2020-01-21,211.68,214.44,210.40,213.00,2192245
2020-01-22,213.30,213.80,210.37,211.26,1468743
2020-01-23,211.04,213.38,209.83,212.70,1511559
2020-01-24,212.71,212.99,204.74,206.01,1882224
2020-01-27,202.20,202.61,196.65,199.95,1498385
2020-01-28,201.35,206.12,200.63,205.33,1603356
2020-01-29,204.86,206.41,201.72,202.54,1850318
2020-01-30,200.51,201.53,194.87,196.99,3180044
2020-01-31,195.38,195.82,191.09,192.38,1816005
2020-02-03,193.82,196.08,191.18,191.77,2356216
2020-02-04,194.16,198.71,193.90,196.86,1955726
2020-02-05,200.09,207.50,200.09,206.48,2122610
2020-02-06,210.25,216.18,207.83,211.86,3006176
2020-02-07,210.67,212.79,208.01,208.92,2046800
2020-02-10,208.03,211.90,207.51,210.32,2041441
2020-02-11,212.35,215.33,210.40,215.18,1815091
2020-02-12,217.82,224.64,217.00,222.56,2720772
2020-02-13,220.33,224.25,220.33,221.89,2115889
2020-02-14,221.64,222.28,218.93,220.34,2077324
2020-02-18,220.34,224.57,219.43,221.95,1956094
2020-02-19,221.50,223.58,219.50,221.44,1615292
2020-02-20,219.31,221.74,216.21,220.41,2206246
2020-02-21,218.57,219.82,216.77,217.19,1469838
2020-02-24,207.87,210.12,200.05,200.36,3114549
2020-02-25,203.34,203.94,189.36,191.76,2824235
2020-02-26,193.72,195.50,188.54,188.92,2869676
2020-02-27,184.49,189.79,181.72,181.93,3101344
2020-02-28,176.25,184.59,174.22,182.94,5468825
2020-03-02,183.41,194.54,180.41,194.34,3901246
2020-03-03,194.34,203.88,186.90,189.25,3569998
2020-03-04,208.04,211.94,205.35,209.54,6127809
2020-03-05,203.03,206.35,198.63,200.93,3106851
2020-03-06,194.21,196.55,188.00,195.52,3447882
2020-03-09,181.26,186.35,173.90,181.60,3897811
2020-03-10,187.79,198.70,186.03,197.77,4188245
2020-03-11,191.24,196.54,183.54,187.23,4106634
2020-03-12,175.16,181.44,163.58,164.27,4830169
2020-03-13,172.69,180.00,164.23,179.87,5081760
2020-03-16,150.00,162.39,145.24,150.69,3340843
2020-03-17,154.21,162.75,148.28,155.09,3765555
2020-03-18,145.00,146.00,118.50,142.91,4199593
2020-03-19,141.60,149.57,134.10,146.52,3987466
2020-03-20,149.32,150.64,139.82,142.09,4711717
2020-03-23,140.25,140.46,126.00,130.06,4226373
2020-03-24,141.94,147.65,136.55,147.20,5464293
2020-03-25,145.00,165.54,143.00,156.82,4232894
2020-03-26,158.31,170.85,154.41,169.54,4059473
2020-03-27,160.74,167.79,159.80,161.29,3563369
2020-03-30,162.74,178.94,162.74,178.26,3677352
2020-03-31,176.98,181.98,173.50,177.18,4427678
2020-04-01,169.72,174.27,167.39,173.07,2993299
2020-04-02,168.44,172.93,164.29,168.81,2501590
2020-04-03,167.33,169.77,159.39,163.84,2271823
2020-04-06,171.68,176.70,170.40,173.49,3060644
2020-04-07,181.47,186.41,176.21,177.17,2351499
2020-04-08,179.64,189.25,175.14,186.22,2548721
2020-04-09,186.89,188.65,180.75,181.83,2485556
2020-04-13,180.51,182.00,174.05,177.48,1682815
2020-04-14,181.04,188.34,181.04,185.62,1799451
2020-04-15,182.76,187.62,179.23,182.60,2597739
2020-04-16,184.75,196.33,183.25,195.35,2678892
2020-04-17,198.63,199.35,190.70,194.13,3482692
2020-04-20,191.49,193.53,188.38,188.70,1861483
2020-04-21,184.04,188.00,177.75,177.91,2453009
2020-04-22,182.94,187.81,180.85,182.59,1756755
2020-04-23,183.00,186.45,182.65,184.28,1024045
2020-04-24,185.53,188.83,183.00,188.20,1346758
2020-04-27,190.37,193.94,190.00,192.81,1529725
2020-04-28,196.53,196.99,184.83,189.59,1347606
2020-04-29,192.91,197.32,187.80,195.87,1844487
2020-04-30,197.25,202.75,194.11,195.78,2732744
2020-05-01,192.00,194.88,185.36,187.09,1614226
2020-05-04,181.00,186.42,180.53,184.61,1525674
2020-05-05,187.03,192.79,186.61,190.39,1440267
2020-05-06,192.28,193.43,183.01,183.43,1438616
2020-05-07,185.52,187.69,183.30,184.18,1131521
2020-05-08,187.12,189.43,186.10,189.27,1300593
2020-05-11,187.63,191.54,187.56,188.99,1068084
2020-05-12,190.70,194.21,189.56,189.56,1334778
2020-05-13,188.33,189.00,178.68,181.01,1845766
2020-05-14,179.68,184.46,176.52,184.46,1838737
2020-05-15,183.67,190.41,183.26,190.15,1305168
2020-05-18,195.24,196.20,193.36,193.51,1257968
2020-05-19,192.86,194.98,190.50,191.78,997255
2020-05-20,193.94,194.55,187.50,188.27,1617333
2020-05-21,187.96,190.23,186.66,188.68,1072337
2020-05-22,189.46,189.75,186.88,189.00,818668
2020-05-26,193.76,198.00,192.86,195.92,1542652
2020-05-27,196.64,199.65,193.29,199.46,1288182
2020-05-28,200.00,205.00,199.56,200.57,1463028
2020-05-29,200.57,203.37,195.68,197.32,2306832
2020-06-01,196.44,198.81,194.62,198.10,1062928
2020-06-02,198.21,202.50,196.25,201.31,1964859
2020-06-03,203.56,204.87,200.58,201.36,1404688
2020-06-04,199.46,204.40,198.46,202.39,1259242
2020-06-05,205.00,213.56,203.41,209.48,1956177
2020-06-08,207.98,215.92,207.22,215.84,2092824
2020-06-09,213.99,217.30,211.50,214.50,1497623
2020-06-10,214.47,214.50,206.64,209.00,1433297
2020-06-11,204.18,204.78,189.33,191.56,2936342
2020-06-12,197.83,198.41,187.95,190.02,2005239
2020-06-15,185.27,189.39,182.36,187.13,2106067
2020-06-16,193.85,196.16,189.50,193.02,1349555
2020-06-17,194.52,194.99,190.83,191.80,1169543
2020-06-18,190.36,190.77,187.28,189.98,1881281
2020-06-19,194.08,196.85,190.75,191.40,2253022
2020-06-22,190.29,192.41,187.17,190.38,1450054
2020-06-23,192.14,193.99,189.64,192.31,1687243
2020-06-24,190.10,191.98,182.21,183.97,1658370
2020-06-25,183.10,185.96,181.06,185.48,1225479
2020-06-26,184.92,185.63,182.43,185.06,2410425
2020-06-29,186.68,187.75,183.69,187.55,1294407
2020-06-30,187.53,188.79,184.35,187.65,2146886
2020-07-01,187.96,192.35,187.48,190.50,2003962
2020-07-02,191.96,194.52,190.09,190.49,892489
2020-07-06,191.80,192.80,189.01,189.33,1571187
2020-07-07,186.95,188.20,181.53,182.05,2183880
2020-07-08,182.48,184.53,177.14,180.08,2534388
2020-07-09,179.50,180.32,171.77,173.90,2331483
2020-07-10,174.35,176.05,170.79,175.54,1520859
2020-07-13,176.35,180.13,176.21,177.37,1733660
2020-07-14,176.97,182.39,175.33,182.17,1798895
2020-07-15,183.10,184.72,180.19,181.04,1816634
2020-07-16,181.00,181.36,178.90,180.00,1706866
2020-07-17,181.28,181.91,179.29,179.81,2537482
2020-07-20,179.97,180.24,175.72,175.86,2002465
2020-07-21,178.00,178.48,176.26,178.30,2542716
2020-07-22,178.34,178.48,175.20,176.93,1608380
2020-07-23,177.05,181.19,176.80,179.12,2042377
2020-07-24,180.81,184.17,179.91,181.02,2263612
2020-07-27,179.90,180.09,175.39,175.50,1886225
2020-07-28,175.24,177.87,174.19,175.75,1816401
2020-07-29,177.12,183.34,176.60,181.80,2132210
2020-07-30,179.21,181.22,177.00,178.47,1730227
2020-07-31,177.04,177.13,171.01,172.69,2452731
2020-08-03,173.89,174.00,170.84,173.00,2063463
2020-08-04,172.49,175.79,171.77,173.50,1860297
2020-08-05,175.43,176.80,173.27,174.87,2430055
2020-08-06,173.21,175.62,171.41,173.07,1775820
2020-08-07,173.20,178.31,172.98,178.19,1800977
2020-08-10,177.14,183.23,177.14,183.00,2048284
2020-08-11,185.00,187.20,182.02,182.38,1928061
2020-08-12,185.14,186.77,181.75,184.32,2154231
2020-08-13,182.44,182.66,179.71,180.88,1210682
2020-08-14,179.66,184.66,178.74,183.40,1211920
2020-08-17,183.30,183.92,181.60,182.19,1522669
2020-08-18,182.00,183.52,180.76,181.93,1145099
2020-08-19,182.41,183.50,181.03,181.25,1688255
2020-08-20,180.05,180.52,177.45,178.01,1247819
2020-08-21,178.57,180.50,177.34,178.30,1385852
2020-08-24,179.43,179.74,175.61,177.68,1454160
2020-08-25,178.46,178.46,176.01,177.41,1337710
2020-08-26,177.03,177.03,172.16,174.10,1938836
2020-08-27,175.14,178.35,174.29,177.08,1647952
2020-08-28,177.41,181.44,175.96,181.15,1511333
2020-08-31,179.34,182.74,177.28,177.37,3040165
2020-09-01,176.00,177.30,174.50,176.15,1950745
2020-09-02,177.13,182.09,176.10,181.34,1692968
2020-09-03,182.60,185.25,176.81,178.43,1654879
2020-09-04,179.45,179.95,175.31,178.61,1813657
2020-09-08,178.00,178.00,172.96,173.98,1511725
2020-09-09,174.91,176.23,172.09,174.03,1667018
2020-09-10,174.42,175.80,169.69,169.74,1346273
2020-09-11,170.67,170.87,167.71,169.36,1500043
2020-09-14,170.33,173.49,169.28,171.85,1564799
2020-09-15,173.36,173.96,165.98,166.50,2858137
2020-09-16,168.60,171.66,167.03,168.59,5268761
2020-09-17,167.33,170.16,166.84,169.00,3159816
2020-09-18,167.87,169.46,166.67,167.92,3016713
2020-09-21,165.00,166.22,160.02,164.96,2527191
2020-09-22,164.65,166.60,161.56,161.74,2318472
2020-09-23,162.40,164.11,160.31,160.50,2879595
2020-09-24,160.00,163.01,158.84,160.88,1797353
2020-09-25,159.05,162.71,159.00,162.45,1853462
2020-09-28,164.91,166.71,163.89,164.29,1161841
2020-09-29,164.75,165.46,162.42,164.31,1460662
2020-09-30,164.08,170.81,163.66,169.41,2328103
2020-10-01,169.35,169.87,166.07,167.38,1341811
2020-10-02,164.46,170.15,164.04,167.23,1782063
2020-10-05,169.20,173.33,168.71,172.22,1891005
2020-10-06,173.29,175.60,170.76,170.88,1478247
2020-10-07,172.30,177.04,172.30,176.30,1587587
2020-10-08,176.40,178.15,175.13,177.87,1144619
2020-10-09,178.50,178.64,175.78,176.40,1158992
2020-10-12,176.13,179.01,175.49,177.46,1186682
2020-10-13,175.71,177.90,173.70,174.58,1094940
2020-10-14,174.69,176.82,173.13,174.49,1403711
2020-10-15,172.16,177.35,172.00,176.82,1350087
2020-10-16,176.70,179.39,175.62,177.90,1485763
2020-10-19,177.91,178.22,170.66,171.66,1939314
2020-10-20,172.64,173.60,170.87,171.09,2014152
2020-10-21,170.91,176.14,169.25,174.56,1902708
2020-10-22,174.98,179.94,174.75,179.33,1418628
2020-10-23,180.42,184.70,180.00,184.49,1716092
2020-10-26,182.76,184.11,179.93,181.88,1852712
2020-10-27,180.12,182.49,177.29,178.29,2008187
2020-10-28,174.29,176.40,168.05,168.33,2154452
2020-10-29,167.55,167.58,160.37,163.40,2375208
2020-10-30,163.46,167.51,163.22,166.97,2014482
2020-11-02,169.89,175.25,167.61,174.84,1930791
2020-11-03,177.46,185.23,177.27,183.88,2236722
2020-11-04,195.31,212.58,194.97,210.62,7051810
2020-11-05,208.50,217.75,207.95,214.16,4441391
2020-11-06,212.59,212.82,200.69,201.47,3648502
2020-11-09,215.16,217.21,206.00,211.20,2686261
2020-11-10,212.66,221.50,210.25,220.20,2840579
2020-11-11,220.30,224.96,220.00,221.11,2060146
2020-11-12,219.50,222.48,217.58,220.15,1514054
2020-11-13,220.00,221.63,218.22,219.69,1480291
2020-11-16,223.11,223.65,217.51,218.30,1740447
2020-11-17,215.83,217.00,208.15,214.81,2761990
2020-11-18,215.98,216.03,210.68,210.93,1665700
2020-11-19,208.64,210.08,203.36,204.74,2051057
2020-11-20,203.29,206.33,201.90,204.82,1453381
2020-11-23,206.54,209.50,205.43,206.94,1675499
2020-11-24,208.19,214.25,206.75,210.02,1592549
2020-11-25,209.93,210.19,205.10,207.01,1615610
2020-11-27,207.28,213.09,206.65,212.50,780934
2020-11-30,210.18,212.01,207.75,209.14,3792777
2020-12-01,213.53,214.88,207.40,207.51,1798097
2020-12-02,207.51,213.43,207.02,212.01,1368298
2020-12-03,211.00,215.22,211.00,213.39,1394813
2020-12-04,213.40,219.95,213.40,217.65,1629491
2020-12-07,216.27,219.03,213.50,218.59,1533378
2020-12-08,216.46,219.79,215.85,218.67,1369598
2020-12-09,218.80,220.38,215.50,217.00,1375684
2020-12-10,214.62,217.52,211.28,212.65,1500545
2020-12-11,211.70,212.59,208.26,209.35,1334148
2020-12-14,211.76,211.76,202.61,203.15,2027611
2020-12-15,206.29,206.83,202.26,205.51,1580959
2020-12-16,204.92,205.18,201.70,202.40,1583687
2020-12-17,203.31,205.37,201.17,202.63,2823811
2020-12-18,201.69,202.70,194.44,197.08,6149143
2020-12-21,193.09,198.02,191.53,197.38,1339225
2020-12-22,196.04,197.00,193.90,194.97,1402871
2020-12-23,196.58,200.54,196.50,198.98,1825170
2020-12-24,199.51,199.56,197.26,198.83,497628
2020-12-28,200.32,204.25,199.75,202.16,1259114
2020-12-29,203.93,206.28,203.64,204.05,1168696
2020-12-30,203.91,205.56,203.55,204.05,1194825
2020-12-31,204.05,208.61,203.42,208.18,1233429
2021-01-04,209.14,210.00,200.54,205.72,2614181
2021-01-05,205.53,207.40,203.07,203.43,1768460
2021-01-06,194.33,210.30,190.88,209.43,3488747
2021-01-07,213.00,220.51,210.25,220.50,2812335
2021-01-08,220.00,223.11,219.03,220.80,2346013
2021-01-11,219.26,222.83,218.34,219.92,1154516
2021-01-12,219.58,227.25,218.92,225.22,2124441
2021-01-13,225.80,226.78,223.37,223.81,1417600
2021-01-14,224.54,225.76,220.07,220.78,1175665
2021-01-15,220.06,220.06,216.43,218.90,1462527
2021-01-19,222.15,223.94,218.92,220.80,1759052
2021-01-20,221.29,229.12,219.03,228.42,2021958
2021-01-21,229.11,230.90,226.08,226.19,2094958
2021-01-22,225.52,227.42,223.23,223.42,1422914
2021-01-25,221.97,222.23,217.16,220.09,1858186
2021-01-26,220.11,221.55,215.16,215.76,1436980
2021-01-27,212.34,215.65,209.55,212.56,2235352
2021-01-28,215.17,222.78,213.41,218.79,1542000
2021-01-29,218.30,220.59,213.91,217.05,1308671
2021-02-01,218.11,219.05,213.45,216.80,1410545
2021-02-02,219.92,222.75,217.69,217.81,1230900
2021-02-03,217.73,221.53,216.29,219.43,1532467
2021-02-04,210.00,216.30,204.75,205.38,3797527
2021-02-05,207.49,209.07,203.35,203.43,2822345
2021-02-08,204.06,207.13,203.10,206.05,1898432
2021-02-09,207.10,211.92,206.59,210.99,2050394
2021-02-10,212.32,215.64,210.95,211.17,1556718
2021-02-11,212.40,213.00,207.79,208.46,1587170
2021-02-12,209.11,211.04,205.87,206.93,1695985
2021-02-16,206.84,207.51,202.95,203.27,2514365
2021-02-17,203.08,208.92,202.44,208.02,2055927
2021-02-18,207.99,209.29,205.51,205.65,1449214
2021-02-19,205.65,206.22,202.51,204.26,1699946
2021-02-22,202.94,209.89,201.63,209.15,1494100
2021-02-23,210.90,215.45,209.69,212.67,2443021
2021-02-24,211.64,215.96,211.64,214.94,1342811
2021-02-25,214.38,216.65,208.22,209.34,1590825
2021-02-26,210.01,212.49,208.12,209.90,2724644
2021-03-01,212.37,216.13,211.03,214.95,1833793
2021-03-02,216.52,220.47,215.12,219.51,2242511
2021-03-03,218.72,222.29,217.40,220.63,1428352
2021-03-04,221.00,227.99,220.51,224.58,2769151
2021-03-05,226.35,232.45,224.53,230.62,2355048
2021-03-08,231.46,237.49,231.20,235.86,2316604
2021-03-09,234.26,242.16,232.86,236.61,2326033
2021-03-10,238.58,240.84,235.62,238.22,2282712
2021-03-11,237.18,240.75,236.97,239.11,1638562
2021-03-12,240.40,243.90,239.19,243.46,1259616
2021-03-15,243.37,247.63,243.09,245.49,1955661
2021-03-16,245.48,245.48,241.62,241.69,1549722
2021-03-17,242.05,244.18,239.66,241.91,1772446
2021-03-18,241.94,248.39,241.94,243.82,2015864
2021-03-19,243.56,246.76,242.04,243.26,5060159
2021-03-22,243.26,243.37,239.00,242.40,1433505
2021-03-23,242.60,244.13,237.40,238.44,1559307
2021-03-24,238.99,244.02,238.57,240.54,1804464
2021-03-25,240.28,241.75,235.66,241.39,1733918
2021-03-26,243.18,244.00,240.36,243.78,1649078
2021-03-29,242.16,248.84,242.02,247.55,1802738
2021-03-30,246.68,248.52,243.69,245.80,1765713
2021-03-31,244.59,246.31,241.35,241.74,2151736
2021-04-01,242.35,243.55,238.17,241.83,1298656
2021-04-05,243.42,245.21,241.53,243.34,1149846
2021-04-06,242.73,244.19,238.71,239.13,1391135
2021-04-07,240.24,241.99,239.15,240.22,1358786
2021-04-08,239.58,240.97,237.87,238.25,1692813
2021-04-09,239.77,246.15,238.35,246.10,1654619
2021-04-12,245.64,248.50,245.57,245.82,2127238
2021-04-13,246.07,247.66,245.20,245.26,1423522
2021-04-14,245.61,250.32,245.61,249.44,1169130
2021-04-15,249.54,255.89,249.44,254.36,1670029
2021-04-16,254.77,255.41,250.40,252.57,1542922
2021-04-19,253.50,254.56,251.27,252.49,1321618
2021-04-20,252.12,254.50,251.17,253.37,1049007
2021-04-21,255.00,256.74,252.52,253.00,1447511
2021-04-22,252.00,252.97,248.01,252.54,1256621
2021-04-23,253.00,253.50,249.05,251.80,879227
2021-04-26,252.30,253.39,248.75,249.38,1133643
2021-04-27,248.74,250.97,247.46,250.44,1106569
2021-04-28,251.08,252.36,246.68,247.14,1213643
2021-04-29,249.11,251.42,248.15,250.24,1284628
2021-04-30,249.26,249.75,246.16,249.01,1428319
2021-05-03,250.50,254.31,250.00,252.05,1282619
2021-05-04,252.31,259.51,251.35,259.50,1873286
2021-05-05,258.83,259.98,256.20,258.42,964145
2021-05-06,258.42,259.81,254.88,256.93,1709291
2021-05-07,256.93,263.67,256.02,261.18,1761000
2021-05-10,262.90,272.81,262.17,266.91,2517361
2021-05-11,265.68,266.11,257.93,260.86,1381374
2021-05-12,261.10,262.16,258.53,258.72,1750443
2021-05-13,260.38,265.77,259.65,264.00,1471038
2021-05-14,264.41,265.00,263.24,263.52,1103762
2021-05-17,264.07,265.69,262.60,264.72,813021
2021-05-18,264.32,265.00,261.71,263.17,710892
2021-05-19,260.33,262.62,258.34,262.42,869765
2021-05-20,262.74,263.34,259.49,260.66,917114
2021-05-21,261.65,265.49,260.47,262.24,1020911
2021-05-24,263.39,264.06,261.28,261.53,954598
2021-05-25,261.68,262.18,259.03,259.60,1444692
2021-05-26,259.88,261.07,255.53,259.39,1245266
2021-05-27,260.26,260.48,257.92,259.50,2578779
2021-05-28,261.04,261.54,258.03,258.85,1054916
2021-06-01,260.07,260.63,255.07,257.68,1297911
2021-06-02,259.67,259.67,254.54,255.41,1259565
2021-06-03,255.19,259.15,254.19,256.97,1716373
2021-06-04,257.60,258.43,252.77,252.94,1487549
2021-06-07,254.03,254.03,245.25,247.60,2593014
2021-06-08,247.33,247.83,244.26,245.92,1661968
2021-06-09,246.24,246.71,241.87,242.01,1933216
2021-06-10,242.81,244.23,238.72,239.65,1679020
2021-06-11,241.64,243.93,240.37,241.85,1988230
2021-06-14,240.64,241.51,238.52,239.59,1471539
2021-06-15,240.19,240.25,235.90,239.08,2252091
2021-06-16,239.41,240.38,236.10,236.99,2040758
2021-06-17,237.34,237.50,233.37,236.69,2592103
2021-06-18,231.99,234.39,231.15,231.97,4244690
2021-06-21,232.95,236.87,232.48,236.48,2559478
2021-06-22,237.24,237.24,234.63,236.01,1816852
2021-06-23,235.24,235.92,232.70,232.93,1443883
2021-06-24,234.09,235.76,233.10,234.77,1743954
2021-06-25,235.97,238.33,234.26,237.10,3411109
2021-06-28,237.03,241.00,236.60,240.04,1864165
2021-06-29,240.30,242.50,236.46,236.69,1729549
2021-06-30,236.49,237.99,236.46,237.07,1203406
2021-07-01,238.33,239.14,236.85,238.30,2525902
2021-07-02,238.50,238.78,236.62,238.03,1475339
2021-07-06,237.20,238.02,233.32,235.24,2751342
2021-07-07,234.63,236.38,233.10,235.93,2032648
2021-07-08,234.16,234.16,230.50,231.41,1397848
2021-07-09,233.90,235.15,232.72,234.90,2193762
2021-07-12,233.22,235.93,232.00,235.22,2391023
2021-07-13,235.35,237.16,234.07,235.56,2542152
2021-07-14,236.35,236.81,234.10,236.02,1296967
2021-07-15,234.36,235.94,233.12,234.91,1646705
2021-07-16,235.92,235.92,233.04,233.83,1386995
2021-07-19,231.17,232.39,225.18,227.63,1707375
2021-07-20,228.79,233.20,228.23,232.02,2562817
2021-07-21,233.61,235.14,232.59,233.57,1482432
2021-07-22,234.06,234.48,231.25,232.24,915671
2021-07-23,234.00,234.12,232.09,232.88,1105353
2021-07-26,232.43,233.41,228.05,228.44,1675686
2021-07-27,227.00,229.00,224.66,228.88,3122625
2021-07-28,229.32,229.32,225.15,227.25,1912517
2021-07-29,228.61,229.95,227.63,228.95,1202897
2021-07-30,228.24,230.99,227.44,229.49,1782580
2021-08-02,230.00,230.84,228.50,229.35,1389070
2021-08-03,230.82,234.38,228.90,233.96,1447374
2021-08-04,232.78,233.49,230.80,231.48,1754706
2021-08-05,216.41,218.22,199.66,206.21,7961738
2021-08-06,207.15,211.13,205.37,209.30,3906135
2021-08-09,209.21,213.13,208.72,211.15,2352867
2021-08-10,211.39,211.91,209.34,210.95,2370437
2021-08-11,212.64,213.14,210.80,211.30,1314911
2021-08-12,209.97,211.55,209.25,209.68,1921063
2021-08-13,211.37,211.95,209.03,210.61,1161450
2021-08-16,209.10,211.50,208.30,210.90,1359977
2021-08-17,210.44,212.01,209.10,210.50,1539145
2021-08-18,209.43,209.98,205.41,205.60,3367717
2021-08-19,205.00,206.79,204.49,206.18,2650010
2021-08-20,206.69,208.91,205.69,207.53,1817902
2021-08-23,208.24,209.10,207.20,207.74,1201547
2021-08-24,210.19,213.50,209.50,211.89,1690848
2021-08-25,211.35,213.49,209.27,211.39,1740346
2021-08-26,210.25,211.61,207.61,207.79,2072198
2021-08-27,208.65,211.58,208.10,210.68,1533194
2021-08-30,210.64,210.90,207.25,207.47,1546116
2021-08-31,207.00,214.52,206.69,211.65,2791978
2021-09-01,212.86,212.86,208.54,211.05,1597996
2021-09-02,211.52,219.58,211.52,218.21,2520062
2021-09-03,218.11,218.24,213.33,216.92,1642695
2021-09-07,216.07,218.36,214.62,216.32,1841346
2021-09-08,216.03,217.01,212.65,213.36,1738579
2021-09-09,213.00,215.30,212.38,213.95,1545096
2021-09-10,208.99,209.99,203.20,204.69,4442622
2021-09-13,204.93,211.87,204.17,209.10,2524931
2021-09-14,209.90,210.79,203.35,203.65,2297021
2021-09-15,203.17,208.61,203.16,206.58,2666285
2021-09-16,207.28,209.25,203.50,205.52,2524899
2021-09-17,205.12,207.47,204.00,205.62,3717682
2021-09-20,203.06,204.24,200.83,202.53,2177507
2021-09-21,203.92,205.25,201.97,202.39,1939273
2021-09-22,204.46,205.17,201.53,201.99,2234988
2021-09-23,202.35,204.59,201.62,202.46,2370345
2021-09-24,202.30,205.41,202.30,203.89,1713005
2021-09-27,203.10,208.29,203.10,206.61,2053173
2021-09-28,206.45,208.02,203.00,203.28,1994058
2021-09-29,203.69,205.91,203.19,203.93,1457487
2021-09-30,206.04,207.55,200.10,200.16,1634091
2021-10-01,201.00,203.77,198.86,202.60,1786175
2021-10-04,202.50,204.77,198.70,199.45,1752089
2021-10-05,200.06,203.99,199.74,201.40,1528163
2021-10-06,199.41,203.39,197.29,203.25,1914507
2021-10-07,204.78,207.37,204.60,204.71,1731536
2021-10-08,207.50,209.00,204.31,205.18,1478868
2021-10-11,204.85,207.51,203.56,203.93,1048469
2021-10-12,204.20,205.12,201.77,202.10,1368644
2021-10-13,201.44,202.00,197.25,199.47,1962368
2021-10-14,204.89,207.22,202.88,203.04,2531624
2021-10-15,204.14,208.06,204.01,206.19,1439927
2021-10-18,205.46,205.87,203.23,204.57,1392244
2021-10-19,205.91,207.13,204.57,206.63,1145337
2021-10-20,208.42,216.00,207.33,214.76,2807503
2021-10-21,213.39,216.30,213.32,216.23,1491684
2021-10-22,216.07,219.12,214.71,216.40,1412479
2021-10-25,216.85,218.11,215.41,215.62,1710131
2021-10-26,215.76,216.37,213.49,215.67,1441792
2021-10-27,215.67,216.50,213.27,213.40,1354425
2021-10-28,213.38,216.15,212.97,215.75,1370132
2021-10-29,214.97,216.07,213.30,213.61,1499250
2021-11-01,213.82,217.53,213.78,216.13,1636612
2021-11-02,216.93,217.38,213.54,214.71,1704745
2021-11-03,212.52,218.34,209.21,218.25,2927951
2021-11-04,225.23,226.76,210.64,213.16,3722267
2021-11-05,214.66,222.82,213.69,214.12,2521832
2021-11-08,215.00,219.63,213.74,218.16,1976537
2021-11-09,217.50,218.92,216.08,216.20,1971078
2021-11-10,216.59,220.90,216.48,217.84,2420682
2021-11-11,217.45,219.69,216.98,217.70,1134122
2021-11-12,218.44,219.83,217.38,217.73,1459270
2021-11-15,217.98,218.42,215.14,215.53,1551063
2021-11-16,216.15,221.76,215.54,217.76,1701365
2021-11-17,219.00,220.72,216.91,216.98,1452554
2021-11-18,217.18,220.25,216.62,218.75,1918858
2021-11-19,218.40,218.40,208.89,210.51,2981403
2021-11-22,211.07,214.95,210.83,211.55,2005731
2021-11-23,211.53,214.10,211.22,213.24,2441905
2021-11-24,212.37,214.78,209.18,210.58,1738664
2021-11-26,208.01,208.35,200.68,202.03,1899314
2021-11-29,203.13,204.90,198.91,199.61,3474766
2021-11-30,198.00,198.72,191.74,191.90,3545778
2021-12-01,195.46,201.48,192.36,194.72,2785920
2021-12-02,194.69,199.04,193.63,197.79,2226614
2021-12-03,198.79,201.70,198.08,199.86,2363907
2021-12-06,202.71,208.56,201.62,206.59,1844567
2021-12-07,206.95,209.42,206.62,207.97,2028212
2021-12-08,207.86,209.00,206.44,208.31,1462558
2021-12-09,208.28,211.37,207.73,211.30,1518824
2021-12-10,212.78,215.46,211.97,214.94,2176635
2021-12-13,214.95,216.61,212.88,215.15,1857717
2021-12-14,213.38,217.85,212.86,216.62,2605474
2021-12-15,217.04,218.87,213.65,217.46,2513865
2021-12-16,216.54,220.38,216.51,218.67,2063688
2021-12-17,218.65,221.09,216.06,219.62,4056769
2021-12-20,216.77,219.54,213.03,217.00,1843659
2021-12-21,216.00,221.65,216.00,220.24,1570625
2021-12-22,220.00,223.14,219.93,222.33,1539793
2021-12-23,223.45,226.95,222.27,225.89,1286149
2021-12-27,227.59,228.67,225.91,227.86,932555
2021-12-28,227.78,230.97,227.78,230.54,864784
2021-12-29,230.60,232.31,230.49,231.65,821398
2021-12-30,231.47,232.89,230.59,230.75,768321
2021-12-31,231.11,232.28,229.60,229.63,923804
2022-01-03,229.49,234.40,228.65,234.20,1434455
2022-01-04,234.11,236.95,232.88,233.30,1614073
2022-01-05,234.82,239.59,233.39,236.52,1559279
2022-01-06,232.82,235.15,226.08,227.54,2258394
2022-01-07,227.14,234.09,225.20,233.18,2049761
2022-01-10,234.09,236.00,230.13,233.69,1675124
2022-01-11,235.73,241.19,232.60,240.14,1926451
2022-01-12,240.09,240.84,236.08,238.78,1352586
2022-01-13,237.93,242.21,237.39,240.55,1138997
2022-01-14,239.62,242.35,238.89,242.17,1327775
2022-01-18,241.33,241.75,236.89,239.98,1445794
2022-01-19,240.81,244.17,238.49,238.80,1452345
2022-01-20,238.40,244.68,237.74,240.39,1429163
2022-01-21,240.61,242.18,235.67,236.25,1781994
2022-01-24,233.87,236.83,228.34,236.42,1980327
2022-01-25,233.91,236.12,228.01,234.74,1557825
2022-01-26,235.36,238.96,230.75,234.02,1762039
2022-01-27,231.04,232.64,224.41,227.43,2338795
2022-01-28,227.66,234.46,226.01,233.45,2682816
2022-01-31,230.73,232.97,227.65,230.46,2622249
2022-02-01,229.46,229.91,223.49,225.91,2318881
2022-02-02,225.91,230.61,225.32,230.02,2044194
2022-02-03,225.00,225.00,217.27,217.56,3029446
2022-02-04,213.34,223.04,213.16,221.37,2036919
2022-02-07,218.16,226.60,218.01,224.48,1473260
2022-02-08,226.57,232.41,224.56,231.77,1613889
2022-02-09,232.73,233.90,230.44,232.38,1112649
2022-02-10,230.06,235.50,229.30,230.27,1358090
2022-02-11,230.00,233.44,226.78,227.50,1215475
2022-02-14,228.71,229.16,223.54,225.24,1471985
2022-02-15,226.93,229.74,226.16,228.41,1683433
2022-02-16,227.81,229.92,227.06,229.00,1241906
2022-02-17,227.49,229.87,226.12,227.11,1222774
2022-02-18,226.99,230.80,225.05,228.65,1339848
2022-02-22,227.35,229.34,225.40,227.73,1598320
2022-02-23,228.58,229.18,224.86,225.09,1596053
2022-02-24,220.94,224.88,218.52,224.43,3009939
2022-02-25,225.51,234.12,225.15,232.84,1863584
2022-02-28,228.70,239.13,228.10,237.78,3367876
2022-03-01,237.09,239.35,233.60,237.10,1546339
2022-03-02,239.00,241.95,237.87,240.51,1462284
2022-03-03,241.21,241.99,236.12,237.81,1285682
2022-03-04,234.32,241.94,232.48,241.63,1345698
2022-03-07,241.13,241.94,236.86,237.85,1733902
2022-03-08,235.08,236.72,229.00,229.10,1816094
2022-03-09,233.13,233.69,230.11,231.26,1298146
2022-03-10,229.02,230.03,225.49,229.46,2156162
2022-03-11,231.00,232.00,226.44,226.86,1757134
2022-03-14,229.57,229.57,224.22,226.20,1984020
2022-03-15,228.21,234.25,227.94,233.08,1683942
2022-03-16,234.50,238.20,233.30,237.50,1536134
2022-03-17,234.89,242.88,234.89,242.39,2136668
2022-03-18,241.71,243.71,239.16,241.16,3473885
2022-03-21,240.48,245.99,240.17,243.51,1519684
2022-03-22,244.74,246.78,243.44,243.53,1561584
2022-03-23,242.45,243.60,238.48,238.50,1530331
2022-03-24,238.97,242.91,238.50,242.10,1120725
2022-03-25,242.80,243.96,241.35,243.58,1327401
2022-03-28,244.00,244.00,241.37,243.66,1470830
2022-03-29,245.43,245.55,240.14,243.34,1238099
2022-03-30,243.88,246.07,243.14,245.83,943386
2022-03-31,243.08,244.90,239.50,239.61,1784248
2022-04-01,242.20,247.84,240.78,246.25,1584726
2022-04-04,244.95,246.19,241.36,242.26,1405169
2022-04-05,240.77,248.97,240.77,245.09,1433120
2022-04-06,243.69,250.32,243.04,249.61,1372941
2022-04-07,249.48,256.17,248.66,255.13,1647993
2022-04-08,256.29,259.30,254.79,257.90,1493021
2022-04-11,257.94,259.45,253.46,254.12,1172904
2022-04-12,254.37,257.45,253.41,254.82,1102501
2022-04-13,255.90,259.37,254.80,258.99,1500561
2022-04-14,260.00,265.22,258.87,259.21,1381120
2022-04-18,258.10,261.53,257.80,258.96,1157023
2022-04-19,260.13,262.31,258.66,261.03,1501891
2022-04-20,262.47,269.84,261.46,268.87,1463146
2022-04-21,269.14,269.97,264.35,264.61,1131997
2022-04-22,263.00,263.00,254.71,255.06,1262075
2022-04-25,255.17,255.17,246.78,254.36,1402184
2022-04-26,252.20,256.41,252.16,252.60,889087
2022-04-27,252.67,255.25,248.63,250.77,1208340
2022-04-28,252.90,254.74,249.76,254.24,917601
2022-04-29,252.59,253.68,246.06,246.78,1423838
2022-05-02,247.21,249.48,241.61,246.11,1497478
2022-05-03,246.74,250.65,246.31,247.29,1115853
2022-05-04,248.14,256.70,245.90,255.67,1130675
2022-05-05,253.90,255.81,249.79,252.08,1628528
2022-05-06,255.80,267.51,255.04,266.90,2208190
2022-05-09,266.80,268.47,259.72,261.41,2228521
2022-05-10,262.02,264.44,258.63,260.65,1612907
2022-05-11,260.11,267.53,259.69,260.20,1410698
2022-05-12,259.43,260.73,254.27,260.03,1675418
2022-05-13,261.05,261.98,258.03,259.19,1520115
2022-05-16,265.46,269.44,262.31,266.49,1542736
2022-05-17,268.57,271.71,267.51,271.35,1436254
2022-05-18,269.57,270.00,255.93,257.57,2387276
2022-05-19,255.46,259.15,253.13,256.88,1692008
2022-05-20,256.76,261.87,254.42,259.49,1623714
2022-05-23,262.27,265.76,261.36,263.37,1092268
2022-05-24,264.24,266.65,261.41,264.96,1383193
2022-05-25,265.35,266.54,263.44,265.75,1097479
2022-05-26,269.29,271.00,267.70,268.88,1695832
2022-05-27,268.11,272.97,266.29,272.40,1248133
2022-05-31,270.22,273.57,267.33,268.29,3557126
2022-06-01,271.29,271.58,262.14,264.58,2622862
2022-06-02,265.21,265.21,257.59,263.43,1656301
2022-06-03,262.82,263.31,253.69,253.97,2331399
2022-06-06,256.19,259.74,254.52,258.32,1615074
2022-06-07,257.18,262.82,255.15,262.28,1792292
2022-06-08,259.52,262.60,258.89,260.78,1235595
2022-06-09,260.20,262.54,257.45,257.58,1101581
2022-06-10,253.24,256.09,251.88,253.29,1402958
2022-06-13,248.88,249.80,241.15,242.23,2242025
2022-06-14,242.15,246.37,240.11,245.71,2205414
2022-06-15,247.05,249.71,243.96,247.10,1643374
2022-06-16,247.29,248.52,240.18,248.30,1904198
2022-06-17,250.17,251.82,241.54,244.52,3822924
2022-06-21,249.80,254.79,244.85,252.18,2324601
2022-06-22,252.83,259.02,250.25,255.90,1506290
2022-06-23,257.29,260.28,254.92,259.68,1774209
2022-06-24,261.47,265.80,255.91,265.13,3406211
2022-06-27,264.34,269.15,262.31,267.88,1637310
2022-06-28,268.46,271.40,264.76,266.21,1494893
2022-06-29,268.19,269.88,264.84,267.34,1439636
2022-06-30,264.50,266.07,261.45,263.52,2029725
2022-07-01,263.76,268.95,260.65,268.03,1302771
2022-07-05,264.52,265.23,256.37,264.84,2331912
2022-07-06,265.04,273.20,263.41,271.09,3259647
2022-07-07,272.05,277.45,272.05,275.78,5021185
2022-07-08,275.61,281.49,274.68,279.19,2325235
2022-07-11,277.19,281.91,276.80,279.91,1550508
2022-07-12,279.17,282.33,278.37,279.35,2599281
2022-07-13,276.86,279.52,273.46,273.75,1563413
2022-07-14,266.82,266.82,261.00,264.91,2260774
2022-07-15,269.02,274.38,267.29,274.11,1880627
2022-07-18,274.47,274.85,267.29,268.35,1597052
2022-07-19,270.20,276.38,270.08,274.60,2084776
2022-07-20,273.68,274.18,264.29,266.72,1669261
2022-07-21,264.79,267.75,263.46,266.35,1705941
2022-07-22,267.00,269.22,265.72,269.20,1787231
2022-07-25,270.25,274.92,270.25,272.63,1323480
2022-07-26,274.15,275.65,272.82,274.83,1731443
2022-07-27,274.01,276.60,270.04,274.73,1120093
2022-07-28,275.41,275.75,270.59,273.22,1650669
2022-07-29,273.14,277.72,272.42,275.36,1836899
2022-08-01,273.98,276.92,272.13,273.41,1434635
2022-08-02,274.95,275.03,270.77,271.44,1415574
2022-08-03,272.11,273.80,271.28,271.74,3549040
2022-08-04,280.63,284.46,279.26,280.10,3654716
2022-08-05,278.56,282.66,278.28,281.77,2039836
2022-08-08,282.00,283.85,280.73,281.77,2391959
2022-08-09,284.32,288.46,283.37,285.04,1690735
2022-08-10,287.05,289.25,285.70,287.07,1400383
2022-08-11,286.90,289.63,284.38,286.00,1844936
2022-08-12,286.15,291.39,286.15,290.92,4395459
2022-08-15,290.04,293.50,288.08,290.87,1057248
2022-08-16,291.04,293.20,289.23,290.61,1491726
2022-08-17,288.63,293.38,287.54,291.60,1107686
2022-08-18,292.00,292.16,287.96,290.89,1845013
2022-08-19,291.37,293.96,290.74,292.98,1162557
2022-08-22,290.59,292.65,290.39,291.50,1348756
2022-08-23,291.00,291.39,285.81,286.33,1255012
2022-08-24,286.69,289.60,285.83,288.76,1808358
2022-08-25,288.81,291.94,286.81,291.85,1443331
2022-08-26,292.00,292.17,284.65,284.87,1724164
2022-08-29,283.87,289.29,282.05,287.19,1158665
2022-08-30,287.68,288.51,283.61,285.07,1235758
2022-08-31,285.41,286.71,283.15,283.45,2452085
2022-09-01,284.84,288.43,283.51,288.04,1267775
2022-09-02,289.87,292.78,286.26,287.70,2035334
2022-09-06,286.58,290.22,283.78,285.25,1242633
2022-09-07,285.36,291.84,284.89,290.00,2674999
2022-09-08,289.77,291.45,286.90,290.71,1985320
2022-09-09,291.25,294.53,290.88,292.84,1362869
2022-09-12,292.76,296.29,291.97,294.15,3001404
2022-09-13,291.14,291.65,286.14,286.82,2276181
2022-09-14,288.76,289.29,281.63,284.08,2454326
2022-09-15,289.34,292.15,284.57,289.96,2369413
2022-09-16,289.96,291.10,287.36,290.35,4982723
2022-09-19,287.59,289.45,285.76,289.32,2042901
2022-09-20,289.56,290.39,285.69,288.08,1768534
2022-09-21,291.07,294.28,284.88,284.95,1802145
2022-09-22,284.76,285.36,281.37,282.90,1176009
2022-09-23,280.67,280.89,273.62,277.77,1892171
2022-09-26,277.00,278.60,273.13,276.80,1994056
2022-09-27,279.07,282.35,276.14,277.62,2295360
2022-09-28,279.55,284.26,277.00,282.55,1561785
2022-09-29,281.69,281.69,277.70,280.56,1472261
2022-09-30,279.82,283.99,277.35,277.47,2327218
2022-10-03,280.75,288.61,279.33,287.22,2315101
2022-10-04,289.15,293.07,288.50,293.02,1838260
2022-10-05,292.04,295.16,291.04,294.03,1220474
2022-10-06,292.39,294.68,291.72,293.08,1673135
2022-10-07,289.36,290.88,286.37,288.38,1956071
2022-10-10,288.00,289.68,283.79,285.73,2891154
2022-10-11,284.50,293.83,284.12,290.95,1815603
2022-10-12,291.99,294.91,288.20,288.36,2332940
2022-10-13,285.60,299.12,284.85,297.64,2205504
2022-10-14,300.00,300.75,293.10,295.30,2501594
2022-10-17,295.00,297.15,289.28,289.92,2596181
2022-10-18,295.00,296.23,290.40,293.74,2221862
2022-10-19,294.25,296.29,290.18,293.08,1548432
2022-10-20,292.80,296.98,291.92,294.31,1509523
2022-10-21,293.22,302.29,291.91,301.34,1881243
2022-10-24,303.50,308.28,303.44,306.95,1875203
2022-10-25,308.00,311.61,304.85,310.92,1650935
2022-10-26,313.02,317.73,312.82,314.95,1770286
2022-10-27,315.91,319.50,314.02,316.58,1422565
2022-10-28,318.35,325.16,318.35,324.76,1420014
2022-10-31,322.35,324.14,321.30,323.06,1835894
2022-11-01,323.20,326.32,320.62,325.12,1713600
2022-11-02,324.13,328.60,320.84,320.86,2190554
2022-11-03,321.23,328.51,317.38,324.24,2902589
2022-11-04,327.00,327.00,318.07,322.13,2230412
2022-11-07,324.00,327.37,321.48,324.37,1566577
2022-11-08,323.09,329.39,321.18,327.74,1349331
2022-11-09,328.71,331.05,324.59,324.99,1277996
2022-11-10,329.05,329.05,315.63,323.34,2063094
2022-11-11,324.39,324.50,289.61,303.82,5494617
2022-11-14,306.43,312.53,304.82,306.85,1960641
2022-11-15,308.32,308.66,301.40,305.17,2121148
2022-11-16,306.15,309.41,305.13,306.69,1374995
2022-11-17,305.45,312.88,305.45,312.10,1616447
2022-11-18,315.12,322.27,315.12,319.21,1909738
2022-11-21,319.54,322.14,314.50,315.29,1930744
2022-11-22,317.63,321.36,317.46,319.35,1519338
2022-11-23,319.10,322.00,318.98,319.84,1542837
2022-11-25,322.07,324.11,319.95,323.90,921442
2022-11-28,323.04,327.05,318.98,319.51,1989852
2022-11-29,318.58,322.96,318.58,320.70,2131459
2022-11-30,320.70,328.92,319.13,328.89,4833981
2022-12-01,328.60,329.57,322.59,323.45,2181458
2022-12-02,322.64,328.10,322.57,327.20,1301272
2022-12-05,323.82,328.27,323.36,327.39,1476903
2022-12-06,327.80,331.94,325.99,329.64,1300564
2022-12-07,329.50,332.90,328.64,332.19,1951768
2022-12-08,333.41,335.65,332.19,333.50,1039471
2022-12-09,333.22,336.31,332.08,332.12,1323686
2022-12-12,332.29,339.51,332.29,339.30,1566520
2022-12-13,340.00,340.11,330.07,330.25,2003887
2022-12-14,332.49,336.00,330.67,334.68,1217935
2022-12-15,332.49,334.00,329.35,331.45,2013501
2022-12-16,327.95,329.61,321.60,327.29,3188385
2022-12-19,327.80,331.96,326.72,330.78,1041380
2022-12-20,330.62,333.48,329.37,329.54,983596
2022-12-21,332.20,333.77,327.38,333.16,1283228
2022-12-22,333.23,334.55,329.65,333.28,888530
2022-12-23,333.28,335.81,331.76,334.31,618863
2022-12-27,335.40,335.86,333.19,334.10,563718
2022-12-28,335.01,336.00,331.49,331.85,553458
2022-12-29,333.74,334.05,330.39,330.72,583566
2022-12-30,330.70,331.82,327.37,331.34,699695
2023-01-03,327.36,327.91,318.04,321.48,1560384
2023-01-04,321.07,322.23,307.12,310.30,2482980
2023-01-05,308.93,309.12,303.30,304.19,1949859
2023-01-06,305.36,305.36,299.51,302.68,3554030
2023-01-09,302.75,304.63,299.49,303.04,2531486
2023-01-10,303.42,306.94,302.26,303.79,1393343
2023-01-11,303.45,311.27,303.26,309.23,1608301
2023-01-12,308.58,311.99,306.82,310.22,1278562
2023-01-13,309.47,317.44,309.47,314.21,1524968
2023-01-17,314.78,318.20,313.69,315.00,1813021
2023-01-18,314.43,316.26,307.96,308.36,1105993
2023-01-19,309.50,313.75,309.24,310.66,1207636
2023-01-20,310.69,312.34,306.01,308.36,1118319
2023-01-23,308.37,312.44,307.61,308.17,1482031
2023-01-24,308.54,309.07,303.84,308.99,1296708
2023-01-25,309.00,315.40,307.47,313.59,1193302
2023-01-26,314.15,315.43,311.60,313.20,1051107
2023-01-27,313.20,314.32,307.59,308.30,1217052
2023-01-30,309.79,311.85,308.64,310.36,1551214
2023-01-31,313.25,317.01,311.23,316.67,1583467
2023-02-01,315.00,316.15,311.27,313.28,1253736
2023-02-02,310.00,310.16,299.44,301.53,2146002
2023-02-03,304.38,309.75,291.35,292.59,2842054
2023-02-06,293.82,294.75,286.61,288.44,2245571
2023-02-07,286.98,289.70,284.27,289.00,2078513
2023-02-08,287.95,292.60,286.50,290.20,2000205
2023-02-09,290.20,293.17,287.60,291.51,1781188
2023-02-10,293.61,296.78,292.82,296.51,1267601
2023-02-13,296.16,300.62,295.45,298.56,1232526
2023-02-14,298.60,302.09,298.37,299.36,1347552
2023-02-15,298.84,303.88,298.26,298.58,1760224
2023-02-16,297.30,302.80,296.93,299.43,1525481
2023-02-17,299.14,302.70,298.01,301.06,2116956
2023-02-21,300.33,301.31,293.66,293.98,1191986
2023-02-22,294.39,296.45,292.77,294.92,1865341
2023-02-23,295.47,299.84,293.62,294.65,2163289
2023-02-24,293.31,296.35,292.19,293.73,1473776
2023-02-27,294.06,298.47,293.70,296.36,1275177
2023-02-28,295.79,296.50,290.38,292.10,1753491
2023-03-01,288.92,292.00,286.88,288.75,1557050
2023-03-02,289.00,290.46,286.94,287.59,1498670
2023-03-03,289.11,289.20,284.75,286.97,2179023
2023-03-06,286.33,289.19,284.40,288.47,1316448
2023-03-07,288.43,288.69,279.68,281.72,1234650
2023-03-08,281.68,283.63,277.32,279.32,1317829
2023-03-09,281.19,281.40,270.91,271.93,1807363
2023-03-10,271.67,280.13,271.66,275.64,2599908
2023-03-13,272.97,277.22,272.66,273.05,1404353
2023-03-14,273.96,274.77,268.46,272.13,1731228
2023-03-15,268.93,270.69,267.17,270.36,1585164
2023-03-16,269.42,274.93,268.89,274.43,1473126
2023-03-17,274.85,274.85,267.17,269.45,3738093
2023-03-20,270.32,274.50,270.32,272.90,1626460
2023-03-21,274.73,277.58,274.13,276.62,1704915
2023-03-22,277.54,279.47,270.25,270.44,1183927
2023-03-23,267.93,269.01,255.26,256.58,3386125
2023-03-24,254.99,261.05,251.74,260.21,2216560
2023-03-27,263.59,265.79,259.85,261.78,1666836
2023-03-28,261.41,262.48,255.26,256.50,2127517
2023-03-29,256.78,257.36,252.00,254.03,3023143
2023-03-30,256.34,256.97,250.61,254.09,2834001
2023-03-31,255.74,256.00,253.41,255.53,1876861
2023-04-03,259.74,264.35,258.18,262.00,2168762
2023-04-04,261.02,261.82,256.11,256.54,1417424
2023-04-05,258.70,266.98,257.15,265.88,2695779
2023-04-06,267.73,269.26,264.55,265.29,1709129
2023-04-10,264.34,264.98,261.22,263.10,1199045
2023-04-11,265.19,267.83,263.68,266.48,1496166
2023-04-12,264.54,264.67,258.58,260.77,2293445
2023-04-13,261.84,265.96,260.72,263.81,2994390
2023-04-14,264.15,264.89,258.71,259.10,2823971
2023-04-17,260.00,260.58,256.34,258.67,2468207
2023-04-18,260.00,260.28,257.05,259.69,1367721
2023-04-19,256.34,256.56,251.20,256.10,1960175
2023-04-20,256.46,257.65,255.48,255.78,1822472
2023-04-21,256.50,256.70,250.82,252.12,1449498
2023-04-24,253.51,256.60,252.12,256.10,1208751
2023-04-25,256.11,258.60,252.56,253.71,1606781
2023-04-26,252.15,253.98,247.03,248.17,1339127
2023-04-27,249.44,251.10,247.79,250.33,1138755
2023-04-28,249.62,253.82,249.22,253.29,1112096
2023-05-01,253.29,256.77,252.00,254.90,1133512
2023-05-02,252.99,254.45,247.63,250.42,1370661
2023-05-03,250.30,250.98,245.16,246.00,1540249
2023-05-04,243.59,244.51,241.06,243.69,1564004
2023-05-05,252.18,264.20,252.00,260.74,3768095
2023-05-08,259.06,266.19,257.51,264.69,2357871
2023-05-09,265.08,269.36,262.63,262.79,2177682
2023-05-10,265.41,268.64,262.51,263.45,2772541
2023-05-11,262.64,262.98,258.70,260.00,1964342
2023-05-12,261.08,261.08,255.27,256.57,1161460
2023-05-15,256.43,258.88,253.56,258.00,1979556
2023-05-16,258.87,260.06,255.28,255.48,1601276
2023-05-17,255.71,263.50,254.37,263.22,1639060
2023-05-18,260.92,260.92,253.60,256.49,1718898
2023-05-19,257.26,258.92,254.41,255.13,1079548
2023-05-22,256.56,257.63,251.83,255.52,1025572
2023-05-23,254.46,254.92,251.76,251.92,963905
2023-05-24,252.38,253.05,249.66,249.76,1013338
2023-05-25,247.86,248.84,243.44,247.07,1323209
2023-05-26,246.78,248.63,242.90,244.10,1683182
2023-05-30,241.55,245.56,240.50,242.64,1475375
2023-05-31,241.84,248.03,241.84,247.41,4134890
2023-06-01,248.86,255.99,248.86,253.39,1966476
2023-06-02,255.38,258.48,253.51,257.03,1282815
2023-06-05,257.56,263.30,257.71,262.74,1882166
2023-06-06,267.00,269.88,259.23,263.20,1606639
2023-06-07,261.99,262.55,255.24,261.79,1440131
2023-06-08,262.23,266.29,261.05,264.51,1285568
2023-06-09,264.00,267.81,262.63,265.88,1275354
2023-06-12,265.34,268.33,265.34,266.99,1167777
2023-06-13,267.35,272.82,266.34,272.25,1837881
2023-06-14,260.08,266.01,255.50,263.77,3507733
2023-06-15,266.29,274.05,265.75,269.49,2514092
2023-06-16,271.81,272.81,266.85,268.83,2896300
2023-06-20,268.85,272.01,267.26,270.05,1347142
2023-06-21,269.91,276.25,269.57,273.83,1825214
2023-06-22,274.35,276.19,272.04,275.33,1300179
2023-06-23,275.41,276.62,273.61,274.85,2060356
2023-06-26,275.41,278.66,274.01,276.41,1396213
2023-06-27,273.22,276.44,273.13,275.80,1168880
2023-06-28,275.68,276.06,273.09,274.74,803789
2023-06-29,275.13,278.53,273.40,277.25,1164535
2023-06-30,277.64,282.10,276.46,280.60,1525041
2023-07-03,278.95,280.93,277.67,280.33,627694
2023-07-05,279.91,282.37,278.60,280.75,1279590
2023-07-06,279.78,281.34,277.74,279.00,1794955
2023-07-07,277.66,280.38,276.72,277.12,999715
2023-07-10,277.61,280.78,275.63,278.34,994689
2023-07-11,279.35,282.35,278.41,281.74,934331
2023-07-12,277.50,278.00,268.51,268.69,2350970
2023-07-13,269.13,271.98,267.51,270.06,1940962
2023-07-14,277.94,284.90,277.94,282.76,2063798
2023-07-17,281.14,283.82,279.71,281.16,1154895
2023-07-18,283.75,288.00,281.01,284.82,1301872
2023-07-19,295.21,297.42,291.07,292.66,2197461
2023-07-20,293.18,295.10,289.01,294.22,1516824
2023-07-21,294.63,296.83,293.02,293.77,1497108
2023-07-24,293.07,294.57,290.41,292.06,1638231
2023-07-25,291.75,295.34,290.03,294.69,1291541
2023-07-26,294.46,295.55,289.74,290.69,1416104
2023-07-27,291.45,293.48,290.45,292.75,1283366
2023-07-28,293.25,293.25,284.93,292.10,1397374
2023-07-31,292.84,295.48,290.06,295.10,1245078
2023-08-01,295.79,297.99,294.29,295.64,1498107
2023-08-02,299.23,303.33,297.81,299.40,2040333
2023-08-03,292.62,293.30,281.88,287.64,2410935
2023-08-04,287.75,290.44,285.69,286.58,1213174
2023-08-07,287.11,291.89,287.11,291.82,1142071
2023-08-08,290.44,294.00,288.27,292.15,1152865
2023-08-09,290.70,291.42,287.98,288.33,899863
2023-08-10,290.00,292.93,288.01,288.91,1074744
2023-08-11,288.47,290.78,287.65,289.51,947939
2023-08-14,289.14,292.03,289.05,289.84,825139
2023-08-15,288.32,290.45,287.69,289.29,869730
2023-08-16,288.91,292.52,288.79,288.96,993445
2023-08-17,269.97,277.85,265.56,270.53,4554968
2023-08-18,270.66,276.30,270.50,276.01,2103744
2023-08-21,276.86,281.59,276.01,281.26,1345232
2023-08-22,280.80,282.57,279.54,280.07,1044223
2023-08-23,280.90,282.86,280.44,281.83,1203449
2023-08-24,281.37,284.64,280.38,282.38,1340779
2023-08-25,283.35,284.62,279.02,279.23,1209436
2023-08-28,280.59,282.62,280.25,281.55,531891
2023-08-29,282.22,283.94,279.00,281.64,1117429
2023-08-30,282.94,284.55,282.01,282.67,744950
2023-08-31,282.65,282.99,276.13,276.26,1747492
2023-09-01,277.81,280.12,276.17,276.67,1118598
2023-09-05,276.45,280.99,276.15,278.75,1236337
2023-09-06,277.30,278.14,274.90,275.63,1004092
2023-09-07,276.73,282.82,275.93,281.29,1029549
2023-09-08,280.47,284.19,279.38,281.48,1065206
2023-09-11,282.01,287.27,280.91,284.82,1191812
2023-09-12,283.34,288.39,281.00,286.53,970874
2023-09-13,287.41,287.82,282.50,285.21,1177920
2023-09-14,287.58,288.83,281.81,283.31,892738
2023-09-15,283.08,287.31,282.11,283.22,1595034
2023-09-18,285.00,286.20,282.82,285.34,626522
2023-09-19,284.66,286.63,283.56,284.64,735721
2023-09-20,285.81,288.90,284.29,287.33,768039
2023-09-21,287.30,292.48,286.09,290.84,1696188
2023-09-22,289.37,292.19,288.80,289.44,1170952
2023-09-25,289.44,294.36,289.19,294.34,806585
2023-09-26,293.70,293.81,287.97,288.47,1051365
2023-09-27,289.15,291.26,286.20,288.61,1217334
2023-09-28,289.41,293.56,289.41,290.32,1016998
2023-09-29,288.33,288.87,285.27,286.07,1358470
2023-10-02,285.71,288.18,283.57,287.54,978609
2023-10-03,286.11,286.88,283.75,284.41,989110
2023-10-04,284.35,285.56,281.69,285.08,992930
2023-10-05,285.30,288.06,283.05,285.35,1095384
2023-10-06,285.92,289.31,285.12,288.23,1051166
2023-10-09,287.18,290.35,286.99,289.67,762165
2023-10-10,289.22,292.42,288.32,291.76,1071030
2023-10-11,291.18,294.77,289.82,294.45,1220580
2023-10-12,295.00,298.31,292.36,295.80,1527590
2023-10-13,299.90,307.31,299.90,305.09,2387924
2023-10-16,306.99,312.71,305.97,312.13,2282988
2023-10-17,314.00,316.14,309.81,310.60,1183392
2023-10-18,313.57,315.00,309.90,311.94,1049408
2023-10-19,311.29,313.54,306.83,310.17,1190353
2023-10-20,310.44,312.02,306.04,306.78,1263136
2023-10-23,306.41,306.70,300.18,301.05,1595064
2023-10-24,303.10,307.80,302.51,304.64,864427
2023-10-25,305.14,305.66,300.41,303.89,1144605
2023-10-26,302.08,305.73,301.60,304.22,968986
2023-10-27,303.24,304.21,301.39,303.24,1269800
2023-10-30,303.97,306.46,301.78,305.22,1725228
2023-10-31,307.20,310.09,306.15,309.20,1592539
2023-11-01,307.75,311.84,305.65,309.41,1755410
2023-11-02,306.31,319.92,306.31,318.89,2231573
2023-11-03,317.71,319.25,310.48,310.65,1580423
2023-11-06,311.19,315.34,302.23,306.84,2272612
2023-11-07,307.71,307.80,293.30,295.03,3558072
2023-11-08,296.48,298.68,293.91,295.35,1565745
2023-11-09,295.55,296.84,288.51,288.91,1389668
2023-11-10,289.24,294.00,286.46,293.21,1224704
2023-11-13,293.73,295.99,291.72,294.12,1002933
2023-11-14,293.19,294.61,285.29,290.08,2766769
2023-11-15,289.96,290.79,281.04,282.98,2401916
2023-11-16,282.60,284.50,280.10,282.24,1774317
2023-11-17,282.97,282.97,277.06,282.56,1517505
2023-11-20,281.38,285.83,281.38,284.30,1394884
2023-11-21,285.21,286.89,280.72,286.49,1274465
2023-11-22,286.59,289.16,285.95,288.31,905931
2023-11-24,288.50,290.78,287.33,287.85,416247
2023-11-27,287.97,289.66,285.01,286.26,1220239
2023-11-28,287.03,289.04,285.35,286.08,1437048
2023-11-29,283.15,287.60,262.51,262.87,7568667
2023-11-30,263.89,266.91,259.42,262.88,7046791
2023-12-01,263.96,273.13,263.79,269.02,3401904
2023-12-04,268.25,269.88,261.10,262.91,3027834
2023-12-05,262.29,262.71,257.13,257.78,3120987
2023-12-06,258.70,259.99,255.77,257.49,2034955
2023-12-07,257.55,258.50,255.82,257.94,2919733
2023-12-08,259.47,259.70,253.95,258.80,2781362
2023-12-11,298.82,303.69,291.43,301.97,9029490
2023-12-12,301.97,301.97,296.32,296.71,2933261
2023-12-13,296.97,298.30,293.38,297.18,2443794
2023-12-14,293.49,300.00,290.39,298.64,2817466
2023-12-15,297.02,297.57,288.93,290.50,4357021
2023-12-18,291.49,293.76,288.88,292.07,1364725
2023-12-19,291.65,294.40,290.09,294.32,1182008
2023-12-20,297.00,299.39,294.56,295.85,2105512
2023-12-21,297.00,299.28,295.92,297.24,1089785
2023-12-22,297.41,299.75,297.17,298.09,1167473
2023-12-26,297.24,300.85,296.08,300.12,752499
2023-12-27,299.77,300.98,297.95,299.14,992160
2023-12-28,299.65,301.63,299.29,299.40,825804
2023-12-29,300.01,300.74,298.00,299.45,1187021
2024-01-02,301.29,311.01,300.32,310.10,2881950
2024-01-03,313.27,313.88,303.06,303.66,3004595
2024-01-04,305.09,308.91,304.31,306.22,1769806
2024-01-05,307.46,313.77,306.85,313.59,2341061
2024-01-08,314.00,314.90,308.75,313.63,1597909
2024-01-09,313.70,313.78,308.14,312.87,1215502
2024-01-10,312.39,312.39,305.90,307.72,1151698
2024-01-11,307.54,307.79,304.83,307.39,1226828
2024-01-12,303.00,306.70,301.53,305.01,1344442
2024-01-16,305.58,308.36,303.00,306.94,1143968
2024-01-17,308.23,312.71,307.73,308.48,1356532
2024-01-18,301.62,309.46,299.27,309.08,2249374
2024-01-19,309.84,311.05,301.00,302.06,1760590
2024-01-22,302.16,306.89,301.05,305.03,1234349
2024-01-23,304.95,307.83,303.25,304.40,1032484
2024-01-24,307.44,309.59,303.60,304.50,1697285
2024-01-25,297.00,301.24,291.44,298.57,2464258
2024-01-26,299.59,301.69,297.54,297.82,1157596
2024-01-29,297.00,298.98,295.60,298.88,1219236
2024-01-30,299.77,300.97,296.95,298.95,1080033
2024-01-31,300.14,303.06,295.54,300.95,2463538
2024-02-01,303.63,309.06,301.73,307.32,2981893
2024-02-02,315.84,328.37,315.05,323.84,3376579
2024-02-05,327.36,330.81,321.00,321.27,2305477
2024-02-06,322.00,329.27,321.52,327.58,1857980
2024-02-07,329.48,333.86,328.75,330.55,1809975
2024-02-08,330.51,333.50,329.91,332.29,1417040
2024-02-09,331.61,335.83,330.67,334.93,1508331
2024-02-12,334.53,337.88,333.16,337.25,1021076
2024-02-13,337.00,341.96,336.08,337.42,1140821
2024-02-14,338.90,340.06,335.63,338.61,1198366
2024-02-15,342.00,342.05,337.40,339.20,1572277
2024-02-16,340.18,342.74,338.54,341.09,1282607
2024-02-20,340.44,344.42,340.04,341.35,1624923
2024-02-21,342.03,344.38,339.71,343.38,1396187
2024-02-22,344.06,344.19,341.21,342.16,1373983
2024-02-23,343.16,345.66,341.38,344.24,998845
2024-02-26,344.74,347.13,342.14,342.31,2311185
2024-02-27,342.00,345.24,340.55,340.74,1697099
2024-02-28,340.44,340.44,332.51,335.13,1981188
2024-02-29,335.06,336.72,331.01,336.14,2184997
2024-03-01,336.00,336.00,330.71,332.96,1473261
2024-03-04,332.62,338.74,331.78,336.80,1294105
2024-03-05,336.21,336.97,332.01,332.73,1468188
2024-03-06,333.43,340.84,333.43,339.82,2449796
2024-03-07,343.76,347.99,338.73,342.74,2072799
2024-03-08,342.03,345.85,340.86,341.79,1485394
2024-03-11,340.87,344.43,339.62,342.27,1326493
2024-03-12,342.08,345.05,341.00,343.94,1313492
2024-03-13,345.80,349.13,344.44,348.72,1584250
2024-03-14,348.51,350.21,347.39,349.51,1527864
2024-03-15,346.03,353.10,345.85,352.05,3818806
2024-03-18,350.51,354.15,349.93,352.63,1499138
2024-03-19,353.98,354.43,351.31,352.37,1134633
2024-03-20,351.55,354.77,351.08,353.83,1049410
2024-03-21,354.11,355.35,352.71,353.72,1290842
2024-03-22,353.67,355.77,351.32,351.78,1102279
2024-03-25,353.08,355.81,352.30,355.55,1033993
2024-03-26,355.04,359.83,354.54,357.73,1205133
2024-03-27,359.99,364.71,359.44,363.34,1467557
2024-03-28,363.95,365.71,363.15,363.19,1162695
2024-04-01,362.69,364.35,359.93,364.08,1036780
2024-04-02,359.95,364.65,359.09,363.09,2054851
2024-04-03,364.37,364.52,360.33,361.07,1567480
2024-04-04,364.11,364.14,359.83,360.37,1147920
2024-04-05,360.84,364.26,359.37,362.45,992542
2024-04-08,360.89,361.87,357.33,357.98,1612544
2024-04-09,359.47,360.46,356.38,357.48,1129195
2024-04-10,356.25,359.72,355.51,357.84,1005709
2024-04-11,357.39,358.34,352.65,353.08,1081147
2024-04-12,351.78,353.33,348.50,349.84,1442009
2024-04-15,354.12,355.12,347.46,348.90,1356979
2024-04-16,356.13,356.13,346.44,346.85,1799903
2024-04-17,346.86,349.93,345.78,346.08,1426524
2024-04-18,349.71,353.38,347.00,348.78,1621669
2024-04-19,351.28,352.80,348.02,352.39,1305066
2024-04-22,352.75,356.38,352.64,353.18,1404009
2024-04-23,354.00,357.21,351.89,352.65,1188492
2024-04-24,351.04,353.99,350.06,352.28,1120735
2024-04-25,352.56,355.86,352.37,354.51,922193
2024-04-26,352.50,355.15,351.42,354.47,830527
2024-04-29,354.02,358.23,354.02,356.44,1144263
2024-04-30,356.59,357.95,355.70,357.04,1216228
2024-05-01,349.97,359.36,348.43,357.18,1904491
2024-05-02,360.00,361.71,342.68,344.50,3108825
2024-05-03,342.29,343.65,334.71,341.50,2413548
2024-05-06,342.46,344.38,339.44,342.41,1339270
2024-05-07,343.50,347.06,343.20,346.70,1567974
2024-05-08,348.59,348.79,345.44,347.35,1355254
2024-05-09,347.60,351.30,346.47,350.97,1388775
2024-05-10,351.60,352.02,347.35,348.39,1675308
2024-05-13,347.70,349.97,346.84,349.14,1361062
2024-05-14,348.47,351.15,345.65,346.42,1852987
2024-05-15,345.00,345.62,342.08,343.28,2244544
2024-05-16,343.91,344.80,338.16,339.26,2275031
2024-05-17,338.71,339.36,334.23,338.71,2010294
2024-05-20,338.55,338.60,332.23,333.37,1306751
2024-05-21,334.99,338.81,333.95,336.38,1176040
2024-05-22,335.43,337.38,334.17,336.47,968784
2024-05-23,335.72,339.43,335.48,337.83,1510860
2024-05-24,338.92,338.92,331.05,332.61,1311594
2024-05-28,332.87,335.65,331.62,333.21,1445841
2024-05-29,331.32,334.32,329.31,332.92,2931143
2024-05-30,331.54,334.70,330.63,331.00,3686558
2024-05-31,332.98,344.67,331.53,344.62,3915510
2024-06-03,340.61,344.73,339.22,341.49,1500548
2024-06-04,338.25,338.25,331.27,337.06,1654853
2024-06-05,337.62,338.58,329.52,334.18,1552024
2024-06-06,334.14,339.49,333.43,337.91,1632273
2024-06-07,338.44,341.40,336.92,338.10,1208098
2024-06-10,337.51,339.56,336.20,338.65,1002682
2024-06-11,337.81,339.67,335.77,337.94,896521
2024-06-12,338.08,339.00,333.94,336.05,1249626
2024-06-13,334.38,337.63,329.50,334.15,1177567
2024-06-14,332.49,334.81,328.61,333.29,907518
2024-06-17,331.38,334.11,329.28,333.90,1157006
2024-06-18,335.56,337.55,333.44,334.80,1206235
2024-06-20,334.80,338.15,331.35,337.88,1692630
2024-06-21,334.83,340.00,334.61,339.98,4076118
2024-06-24,342.16,345.95,340.11,343.14,1276146
2024-06-25,343.98,344.37,337.31,338.80,1268078
2024-06-26,338.59,338.59,332.91,337.58,1491555
2024-06-27,336.95,336.95,331.40,334.15,1300760
2024-06-28,339.50,340.00,328.26,330.57,2645258
2024-07-01,330.58,335.00,325.83,326.27,1386265
2024-07-02,326.96,327.33,324.22,325.91,1056374
2024-07-03,327.42,327.89,321.69,325.43,900742
2024-07-05,324.53,325.01,316.55,319.12,1611976
2024-07-08,320.09,324.02,318.01,323.78,1753494
2024-07-09,322.20,328.69,319.67,328.37,1379456
2024-07-10,329.51,332.81,323.27,329.91,1981992
2024-07-11,327.01,333.84,327.01,333.56,1144007
2024-07-12,333.56,335.61,330.53,334.79,820208
2024-07-15,336.60,338.77,330.55,331.42,1266462
2024-07-16,333.83,342.46,333.83,339.71,1166652
2024-07-17,339.59,345.49,339.39,344.76,1441943
2024-07-18,343.06,347.37,340.46,340.52,1028831
2024-07-19,343.67,343.67,335.53,335.84,1169194
2024-07-22,335.76,338.08,334.59,335.79,756286
2024-07-23,336.05,337.31,333.79,336.17,603380
2024-07-24,337.67,342.71,334.93,342.21,1029808
2024-07-25,343.99,349.27,340.45,341.15,775038
2024-07-26,342.69,346.66,342.49,343.64,1135664
2024-07-29,343.65,348.46,343.07,346.54,1021540
2024-07-30,346.01,355.56,346.01,352.77,909724
2024-07-31,349.25,354.00,347.62,348.67,1466143
2024-08-01,336.00,339.15,324.55,332.60,2495507
2024-08-02,333.27,338.70,321.51,337.33,3193740
2024-08-05,337.71,339.68,321.36,325.71,2507392
2024-08-06,323.69,329.91,323.14,329.29,2441879
2024-08-07,329.90,335.39,325.75,329.01,1933697
2024-08-08,329.06,337.27,328.27,335.02,1164913
2024-08-09,333.80,338.00,333.07,336.14,969003
2024-08-12,330.96,331.78,326.46,328.10,1720518
2024-08-13,328.74,333.38,328.45,332.72,1057580
2024-08-14,335.00,337.10,332.75,334.90,621091
2024-08-15,337.48,337.99,332.90,336.70,1003065
2024-08-16,336.82,342.91,335.74,342.32,865340
2024-08-19,342.68,343.70,341.26,342.33,907568
2024-08-20,341.70,344.40,339.68,342.60,900770
2024-08-21,343.99,345.00,340.21,342.40,694537
2024-08-22,343.19,346.82,338.82,346.47,733990
2024-08-23,347.50,354.49,346.15,353.99,1425818
2024-08-26,354.69,356.83,352.25,353.94,1361100
2024-08-27,354.75,355.51,352.38,353.89,1058167
2024-08-28,356.51,359.82,354.05,357.93,1314617
2024-08-29,360.09,361.71,355.12,361.06,1024703
2024-08-30,360.72,362.51,359.92,361.81,1148195
2024-09-03,362.28,367.08,360.71,365.48,1433539
2024-09-04,366.40,370.64,364.01,366.64,1194436
2024-09-05,362.06,364.41,348.80,355.12,2528316
2024-09-06,357.46,359.46,352.99,353.49,2363544
2024-09-09,356.55,359.32,351.45,357.61,1102418
2024-09-10,358.51,360.61,355.65,358.10,868399
2024-09-11,356.85,358.21,350.43,357.78,748689
2024-09-12,357.26,362.66,355.16,362.17,962242
2024-09-13,362.17,368.16,360.76,364.72,882661
2024-09-16,367.51,370.82,365.58,366.85,668049
2024-09-17,364.66,366.91,354.64,356.23,863318
2024-09-18,356.23,362.25,354.86,355.39,824419
2024-09-19,357.16,358.83,354.77,357.26,753277
2024-09-20,356.75,358.91,352.01,356.14,2900933
2024-09-23,357.03,358.71,354.59,354.94,807831
2024-09-24,354.39,355.44,350.00,353.17,968058
2024-09-25,354.99,355.34,347.74,348.86,892513
2024-09-26,344.82,346.52,342.01,344.99,1663131
2024-09-27,345.53,351.11,344.99,347.70,1379580
2024-09-30,349.68,349.68,343.99,346.44,1294763
2024-10-01,345.98,351.63,344.58,348.09,1005826
2024-10-02,348.46,348.91,339.81,340.71,1627864
2024-10-03,340.92,342.30,337.48,340.56,1145932
2024-10-04,341.18,342.21,339.32,341.70,720032
2024-10-07,339.98,342.90,338.69,340.27,851903
2024-10-08,341.72,345.13,339.27,343.93,1127736
2024-10-09,344.30,347.63,342.62,346.72,846650
2024-10-10,347.53,350.93,346.19,350.50,800612
2024-10-11,351.37,354.99,349.69,350.30,786700
2024-10-14,350.13,352.20,348.36,351.45,952477
2024-10-15,348.50,355.00,344.15,348.84,1317766
2024-10-16,348.84,358.88,348.84,358.58,970346
2024-10-17,351.41,358.72,350.00,353.12,1614441
2024-10-18,353.55,353.55,335.96,336.00,2712344
2024-10-21,333.32,333.32,318.24,320.23,4638585
2024-10-22,320.18,322.29,315.09,317.46,2636374
2024-10-23,316.86,320.73,315.00,317.57,1352849
2024-10-24,318.67,322.44,318.05,318.24,1646767
2024-10-25,319.07,321.34,315.51,316.85,1390535
2024-10-28,317.26,318.25,313.60,314.92,1545549
2024-10-29,314.83,315.11,307.86,308.23,2556345
2024-10-30,308.00,316.53,308.00,312.89,2412074
2024-10-31,333.38,342.39,313.95,314.81,3506849
2024-11-01,313.30,318.75,306.66,316.49,2810769
2024-11-04,316.72,317.98,311.40,312.32,1695664
2024-11-05,312.24,318.79,311.26,318.39,2046365
2024-11-06,324.84,326.04,308.58,315.22,2655277
2024-11-07,316.50,321.49,314.68,319.49,1752683
2024-11-08,319.69,321.75,317.48,319.77,1315168
2024-11-11,342.52,347.62,339.72,343.06,2585840
2024-11-12,342.00,346.73,339.48,339.87,2244581
2024-11-13,339.15,340.70,331.06,332.04,1675469
2024-11-14,331.50,332.01,322.73,323.88,1826974
2024-11-15,323.06,324.77,316.77,321.52,1650180
2024-11-18,321.25,323.65,320.55,322.45,1194622
2024-11-19,320.00,327.09,319.18,322.50,1322790
2024-11-20,322.69,324.39,319.44,323.39,1527324
2024-11-21,324.92,331.07,322.21,330.07,1520437
2024-11-22,330.34,330.94,325.47,328.45,1475200
2024-11-25,330.80,335.14,330.07,333.01,2588568
2024-11-26,333.70,335.23,329.67,335.00,1695335
2024-11-27,335.44,340.14,333.79,336.50,1770192
2024-11-29,335.21,339.60,335.01,337.80,900380
2024-12-02,336.17,338.78,334.89,337.06,1107929
2024-12-03,338.77,339.31,334.13,334.90,1524659
2024-12-04,333.30,336.55,329.84,330.12,1523741
2024-12-05,329.02,330.26,321.89,322.61,1460391
2024-12-06,323.47,323.92,315.10,317.81,1746122
2024-12-09,319.23,320.11,313.07,319.15,2146091
2024-12-10,319.15,319.53,310.59,311.37,2610470
2024-12-11,308.60,309.83,293.62,294.03,4301004
2024-12-12,293.00,296.83,282.27,282.96,4474066
2024-12-13,282.37,286.00,279.88,281.86,3277306
2024-12-16,281.92,283.70,271.88,273.26,4009271
2024-12-17,263.67,270.68,262.03,265.59,4483128
2024-12-18,276.45,284.29,272.24,282.41,4913398
2024-12-19,280.87,284.68,270.22,274.80,3826881
2024-12-20,276.60,280.37,273.26,276.92,3481214
2024-12-23,275.91,282.30,273.11,281.63,1945416
2024-12-24,280.09,280.75,277.03,280.06,669265
2024-12-26,280.06,281.87,278.13,281.58,1090241
2024-12-27,280.04,282.78,276.60,278.71,976968
2024-12-30,277.71,277.71,273.58,275.14,1271115
2024-12-31,276.00,277.99,273.85,276.14,1222384
2025-01-02,278.82,278.99,274.05,274.49,1020311
2025-01-03,275.53,282.02,273.73,280.70,1333151
2025-01-06,278.57,284.25,278.01,279.66,1373729
2025-01-07,281.38,282.94,278.19,279.93,1033470
2025-01-08,278.30,279.58,276.00,279.32,1013335
2025-01-10,277.06,281.69,275.00,278.99,1527171
2025-01-13,281.31,282.70,279.70,282.45,1892529
2025-01-14,282.00,285.70,280.85,285.03,2173540
2025-01-15,284.25,285.24,280.15,284.58,1711969
2025-01-16,280.07,281.64,275.46,280.97,2013297
2025-01-17,281.09,286.39,279.47,283.99,1899951
2025-01-21,283.99,288.60,283.00,288.59,1634384
2025-01-22,287.18,290.80,285.69,289.04,1383996
2025-01-23,291.83,296.60,288.67,294.99,1693119
2025-01-24,294.30,298.00,293.28,293.64,1398100
2025-01-27,295.00,306.43,294.75,305.72,1918097
2025-01-28,306.12,308.64,301.14,302.82,1610316
2025-01-29,303.29,305.76,301.47,303.31,1793785
2025-01-30,275.00,282.99,268.99,282.98,5487862
2025-01-31,284.71,299.72,282.03,294.21,3531997
2025-02-03,292.12,302.33,290.74,292.46,1966351
2025-02-04,289.32,296.00,286.70,291.46,1836864
2025-02-05,290.64,293.83,288.86,293.31,1781814
2025-02-06,289.49,291.18,286.12,287.23,1820775
2025-02-07,288.24,289.71,285.26,286.71,1271914
2025-02-10,288.40,293.83,286.93,292.82,2125909
2025-02-11,292.00,295.61,290.70,295.24,1202795
2025-02-12,295.61,302.97,290.18,292.69,1712699
2025-02-13,293.72,300.57,293.33,299.82,1670815
2025-02-14,299.12,301.60,291.85,292.32,1579582
2025-02-18,291.33,296.70,288.49,294.75,1791198
2025-02-19,294.18,299.63,293.32,297.23,1734597
2025-02-20,296.19,301.66,296.19,299.68,1269997
2025-02-21,294.49,304.01,293.85,299.81,2213915
2025-02-24,298.74,303.33,294.01,301.02,2494819
2025-02-25,302.21,315.16,301.31,313.90,3039591
2025-02-26,310.45,312.97,303.37,305.34,1910799
2025-02-27,307.16,309.23,302.63,302.92,1729067
2025-02-28,303.45,309.09,302.62,308.85,2025669
2025-03-03,308.12,314.65,307.11,311.51,2036290
2025-03-04,312.28,317.37,308.40,308.86,1547301
2025-03-05,305.87,312.23,305.76,309.83,1313843
2025-03-06,309.57,317.12,308.19,315.63,1607580
2025-03-07,314.14,325.21,313.90,321.02,2193493
2025-03-10,321.90,332.90,319.19,326.68,2746896
2025-03-11,327.65,327.65,316.33,317.87,1963989
2025-03-12,316.93,318.98,307.77,311.05,1844116
2025-03-13,312.46,315.06,309.70,311.99,1463357
2025-03-14,310.35,315.73,309.55,312.90,1352653
2025-03-17,313.05,318.18,312.05,316.80,1139455
2025-03-18,318.69,322.98,316.39,322.43,1348455
2025-03-19,320.81,323.00,317.28,320.83,1432112
2025-03-20,321.00,324.06,319.24,321.39,1181010
2025-03-21,321.71,324.00,316.01,316.65,3554964
2025-03-24,317.46,321.01,315.68,320.40,1287842
2025-03-25,321.46,321.51,313.40,316.84,1172138
2025-03-26,317.99,322.89,316.90,321.23,1200591
2025-03-27,322.50,327.26,319.82,324.74,1285358
2025-03-28,325.79,329.99,324.25,325.04,1105941
2025-03-31,325.89,332.24,325.62,329.00,2128613
2025-04-01,330.60,333.25,328.51,331.00,1669142
2025-04-02,329.63,332.65,327.48,331.92,1108320
2025-04-03,331.80,342.57,329.95,338.45,2403946
2025-04-04,336.27,343.91,321.00,322.40,3801021
2025-04-07,317.56,320.96,307.83,315.39,2918621
2025-04-08,324.81,326.00,311.29,313.84,2483640
2025-04-09,311.79,325.27,309.06,319.99,2463684
2025-04-10,320.67,331.57,318.07,327.27,2021432
2025-04-11,323.73,332.78,323.12,330.19,1728185
2025-04-14,329.83,331.15,326.03,329.20,1442405
2025-04-15,329.97,330.11,326.52,328.63,1082596
2025-04-16,330.01,335.16,327.74,329.44,1311509
2025-04-17,324.45,333.51,324.45,330.13,2847281
2025-04-21,330.80,331.87,322.11,324.77,1409139
2025-04-22,325.21,337.39,325.21,337.07,1852365
2025-04-23,336.58,341.59,333.40,336.69,1782706
2025-04-24,335.70,337.21,332.03,335.70,1341368
2025-04-25,336.76,336.76,331.21,335.36,1400119
2025-04-28,335.65,339.67,333.02,334.82,1347244
2025-04-29,335.22,338.93,333.57,337.21,1272156
2025-04-30,341.02,342.91,335.69,340.04,1562974
2025-05-01,339.71,341.40,334.65,335.18,1987791
2025-05-02,344.02,350.00,330.00,334.75,2471764
2025-05-05,337.01,337.05,332.62,333.01,1472607
2025-05-06,332.88,337.00,331.94,333.82,1825904
2025-05-07,335.00,335.87,331.32,334.44,1325064
2025-05-08,333.08,337.25,330.21,333.11,1322303
2025-05-09,333.19,335.42,331.84,333.46,787938
2025-05-12,324.08,328.25,309.59,315.74,3560738
2025-05-13,309.59,310.25,301.48,301.89,3144364
2025-05-14,305.25,307.16,302.11,303.35,2517211
2025-05-15,303.22,308.97,296.26,308.86,2723351
2025-05-16,309.40,320.97,307.78,320.94,2056251
2025-05-19,320.55,322.88,318.00,321.96,1242737
2025-05-20,323.85,325.48,322.36,325.00,1329732
2025-05-21,322.63,326.00,317.01,317.09,984422
2025-05-22,315.91,316.46,310.20,312.68,1699864
2025-05-23,314.20,316.59,310.51,315.99,1667846
2025-05-27,316.90,316.99,311.70,315.28,1573804
2025-05-28,314.98,315.80,310.29,310.86,1157468
2025-05-29,310.00,312.10,308.39,312.05,1745737
2025-05-30,312.28,319.25,310.05,316.64,2732238
2025-06-02,315.60,319.95,312.18,314.99,1247849
2025-06-03,312.31,315.00,310.30,311.67,1321064
2025-06-04,311.26,312.80,309.71,310.12,991227
2025-06-05,310.58,312.99,309.21,311.02,1682932
2025-06-06,311.64,312.51,309.50,312.18,2048289
2025-06-09,310.84,314.15,309.05,311.40,2313185
2025-06-10,312.80,318.13,311.05,313.62,2228284
2025-06-11,314.70,315.86,309.48,310.20,2210123
2025-06-12,311.06,315.82,308.38,315.37,2074449
2025-06-13,315.03,318.71,313.75,317.40,1866266
2025-06-16,317.33,318.03,309.81,314.44,1225918
2025-06-17,313.30,315.64,311.14,312.51,1114485
2025-06-18,312.26,316.04,311.08,314.40,1170309
2025-06-20,314.13,316.58,311.96,314.35,3249878
2025-06-23,315.00,317.45,313.10,316.97,1248232
2025-06-24,314.95,317.77,313.24,316.83,1328293
2025-06-25,314.88,317.27,310.82,316.00,1434891
2025-06-26,317.61,331.87,316.73,330.00,2453702
2025-06-27,329.00,332.57,325.96,326.31,3402335
2025-06-30,325.95,330.83,325.56,330.58,4328635
2025-07-01,331.92,338.89,330.62,334.39,2684077
2025-07-02,330.45,332.29,320.25,320.39,2925969
2025-07-03,320.34,323.10,318.68,319.75,852424
2025-07-07,320.92,320.92,310.54,313.63,1397186
2025-07-08,311.82,314.60,310.61,312.00,1599366
2025-07-09,312.49,312.49,306.78,309.78,983956
2025-07-10,308.00,311.82,306.33,308.78,989554
2025-07-11,306.00,307.23,302.07,303.27,1590773
2025-07-14,303.43,304.36,301.00,303.06,926317
2025-07-15,303.76,305.08,299.54,302.44,1139785
2025-07-16,301.64,306.46,300.01,305.82,1416213
2025-07-17,303.21,304.24,295.94,298.28,1696496
2025-07-18,298.79,298.79,293.27,295.71,2071591
2025-07-21,296.32,297.56,293.53,294.80,2004333
2025-07-22,295.80,302.89,295.36,300.05,1392397
2025-07-23,301.19,304.80,300.74,304.34,1443554
2025-07-24,300.00,303.00,293.04,293.93,1652520
2025-07-25,294.67,298.85,294.00,296.37,1326049
2025-07-28,294.69,296.01,290.92,292.39,1193704
2025-07-29,290.19,297.40,285.81,292.17,1808320
2025-07-30,289.81,298.71,287.46,297.86,2649670
2025-07-31,293.19,297.50,264.22,267.38,5452433
2025-08-01,269.49,271.00,256.89,262.23,3429121
2025-08-04,262.22,267.54,260.12,266.59,2498437
2025-08-05,268.25,276.59,267.31,270.74,3150026
2025-08-06,270.78,274.60,266.29,269.96,2153953
2025-08-07,270.00,272.19,267.57,271.00,1964191
2025-08-08,270.00,275.64,269.99,274.90,1518326
2025-08-11,275.43,279.52,274.71,277.04,1609656
2025-08-12,275.06,281.73,274.76,280.47,1600559
2025-08-13,282.97,287.39,281.34,287.10,1410109
2025-08-14,281.36,292.00,281.11,290.35,1990826
2025-08-15,295.25,300.18,293.92,296.86,2918171
2025-08-18,298.24,303.12,297.50,298.32,1961557
2025-08-19,299.05,302.59,298.00,302.11,1482105
2025-08-20,303.35,305.67,301.30,304.57,1588118
2025-08-21,304.39,305.29,300.69,300.95,999198
2025-08-22,302.66,308.42,302.42,304.35,1127505
2025-08-25,304.14,304.14,298.78,300.76,1051852
2025-08-26,300.14,301.11,297.94,300.32,2487041
2025-08-27,301.28,301.59,298.28,299.95,994843
2025-08-28,299.15,299.50,294.86,299.00,1949222
2025-08-29,299.84,302.97,298.35,300.87,1588857
2025-09-02,301.28,306.34,300.14,300.72,1431170
2025-09-03,299.99,301.12,297.77,300.48,1514099
2025-09-04,299.26,304.04,296.28,304.03,1556491
2025-09-05,303.63,307.55,303.28,305.31,1157710
2025-09-08,306.59,306.59,299.26,300.89,1210091
2025-09-09,302.67,304.77,300.15,302.01,1230151
2025-09-10,300.65,303.97,299.03,302.44,1574098
2025-09-11,304.48,307.58,303.00,305.87,1443954
2025-09-12,304.73,308.30,302.61,302.76,1107074
2025-09-15,302.99,303.50,295.73,297.14,1053812
2025-09-16,297.25,298.76,292.32,294.21,1661168
2025-09-17,294.97,299.70,294.84,296.59,1256569
2025-09-18,296.21,297.24,293.25,293.76,1179598
2025-09-19,293.83,294.94,287.06,290.36,2573933
2025-09-22,290.10,290.10,287.36,288.62,1340262
2025-09-23,288.77,292.08,287.02,290.08,1447404
2025-09-24,288.72,292.50,288.72,291.43,1348490
2025-09-25,292.97,293.01,282.80,284.06,1571430
2025-09-26,285.27,286.78,284.66,286.17,1468578
2025-09-29,285.10,287.73,283.57,286.64,1218014
2025-09-30,286.82,292.45,286.45,288.25,1692845
2025-10-01,287.98,292.53,286.37,291.65,1788285
2025-10-02,290.01,297.07,288.10,296.98,1699579
2025-10-03,296.77,315.47,295.95,311.00,2836998
2025-10-06,310.00,311.30,301.39,302.99,1555272
2025-10-07,302.79,309.25,302.79,307.14,1037937
2025-10-08,308.00,310.88,305.18,306.76,1172186
2025-10-09,307.69,312.18,305.12,306.13,1153887
2025-10-10,307.50,308.46,300.00,300.73,1108369
2025-10-13,298.75,301.35,295.12,295.41,845793
2025-10-14,296.33,303.88,296.12,302.13,1073899
2025-10-15,299.29,301.17,292.08,294.57,986610
2025-10-16,294.02,296.25,289.71,291.07,1029038
2025-10-17,291.75,299.92,290.52,299.27,1729881
2025-10-20,299.93,308.69,299.38,306.84,1608871
2025-10-21,306.51,309.60,304.11,307.50,1381152
2025-10-22,307.54,311.05,303.68,307.87,923345
2025-10-23,306.00,306.00,300.50,305.07,1214277
2025-10-24,306.43,306.43,300.08,301.78,1318276
2025-10-27,301.45,309.71,301.00,309.18,1374998
2025-10-28,309.63,311.34,306.24,308.41,1173587
2025-10-29,305.92,306.01,298.22,299.12,1992371
2025-10-30,265.00,273.32,245.61,247.10,9349022
2025-10-31,248.06,248.53,240.67,244.41,5144682
2025-11-03,242.74,261.06,239.51,258.62,5479629
2025-11-04,257.70,264.80,256.00,264.66,3686454
2025-11-05,261.46,266.18,259.46,259.58,3202224
2025-11-06,259.58,264.57,255.67,256.38,2882191
2025-11-07,257.00,265.88,255.53,264.58,3025532
2025-11-10,261.10,263.58,256.52,258.16,2543365
2025-11-11,260.25,269.15,259.51,268.00,3298603
2025-11-12,266.50,276.14,266.50,270.61,2459758
2025-11-13,270.75,275.41,270.29,270.89,2678116
2025-11-14,272.00,273.60,267.69,269.66,1960476
2025-11-17,269.95,274.61,268.35,271.33,2003422
2025-11-18,270.20,274.21,268.28,272.61,2048275
2025-11-19,274.75,276.00,271.02,271.99,1732776
2025-11-20,271.41,274.43,267.51,269.60,2005935
2025-11-21,271.61,280.09,270.22,278.09,1928691
2025-11-24,278.59,281.00,269.54,271.47,2640372
2025-11-25,273.69,280.19,271.24,278.20,1862085
2025-11-26,278.20,280.59,276.00,278.35,1103165
2025-11-28,278.94,280.24,277.05,277.28,562880
2025-12-01,277.07,278.69,273.27,273.57,1978681
2025-12-02,274.47,276.12,271.31,274.10,1534571
2025-12-03,276.00,277.96,270.06,270.32,1925820
2025-12-04,270.00,272.09,266.51,268.42,1551557
2025-12-05,268.46,269.08,263.87,265.44,1095906
2025-12-08,265.44,265.50,258.27,263.54,2547039
2025-12-09,265.17,266.50,262.44,262.71,1160273
2025-12-10,262.16,264.15,261.25,262.60,1373664
2025-12-11,264.91,273.53,263.79,272.26,2084132
2025-12-12,273.86,275.27,272.40,274.70,1758829
2025-12-15,276.01,278.00,274.21,277.15,1713732
2025-12-16,277.49,277.68,274.68,276.11,1600233
2025-12-17,275.58,277.51,273.68,273.84,1681148
2025-12-18,273.13,275.53,270.62,274.00,1678890
2025-12-19,273.48,275.39,270.72,271.89,4195394
2025-12-22,268.99,275.74,268.80,275.60,1420101
2025-12-23,275.43,275.94,273.29,273.75,1013024
2025-12-24,274.00,275.71,272.56,274.86,578409
2025-12-26,275.16,276.77,273.94,276.51,760231
2025-12-29,277.00,277.89,275.31,276.01,992389
2025-12-30,276.02,277.32,275.00,276.48,787666
2025-12-31,276.51,277.44,274.60,275.23,1200926
2026-01-02,276.66,280.50,274.00,279.12,1099441
2026-01-05,277.62,285.17,277.15,283.97,1499007
2026-01-06,284.94,289.03,280.75,284.76,1720031
2026-01-07,287.00,287.00,277.79,279.12,1947373
2026-01-08,280.31,286.73,279.51,283.91,1398780
2026-01-09,286.53,286.88,278.20,278.95,1696447
2026-01-12,279.50,279.50,270.56,276.02,1616634
2026-01-13,276.49,276.50,270.31,271.81,1014254
2026-01-14,272.19,276.67,270.96,271.00,1822650
2026-01-15,271.54,278.00,268.95,277.94,1656823
2026-01-16,276.32,276.96,270.77,272.21,1702745
2026-01-20,270.57,274.48,268.36,271.24,1512812
2026-01-21,271.54,276.43,270.62,274.91,1212771
2026-01-22,274.75,280.73,274.26,280.39,1427792
2026-01-23,279.99,281.03,277.74,279.20,1024035
2026-01-26,279.50,281.49,277.10,280.41,1323995
2026-01-27,279.00,281.38,269.57,270.09,2225375
2026-01-28,268.90,273.58,265.75,272.38,1583530
2026-01-29,273.52,276.09,270.17,271.27,1554578
2026-01-30,271.51,274.11,268.45,274.11,1752652
2026-02-02,272.09,275.84,268.76,271.54,1890562
2026-02-03,271.76,276.71,271.32,275.39,1419867
2026-02-04,269.80,281.87,269.16,271.71,4096185
2026-02-05,277.20,285.00,273.95,284.53,3927059
2026-02-06,283.72,297.80,283.50,292.05,2866219
2026-02-09,295.00,297.00,288.70,294.40,1731067
2026-02-10,296.65,296.90,287.49,287.81,1814212
2026-02-11,286.95,296.36,283.19,294.73,2434199
2026-02-12,294.73,297.00,286.50,287.61,1412705
2026-02-13,287.63,293.32,287.63,291.44,1071688
2026-02-17,294.43,297.25,289.41,290.71,1048203
2026-02-18,290.34,292.13,287.61,290.12,932766
2026-02-19,290.01,290.01,285.29,285.92,830393
2026-02-20,285.64,286.24,277.16,280.31,1943672
2026-02-23,279.10,284.36,278.72,283.18,1632388
2026-02-24,283.51,284.72,277.17,281.00,2287638
2026-02-25,283.82,287.09,281.82,284.44,1759538
2026-02-26,286.75,289.59,285.86,288.82,1215720
2026-02-27,287.78,290.38,284.71,289.82,2245831
2026-03-02,288.91,292.32,287.40,290.85,1295479
2026-03-03,283.00,286.43,271.78,283.93,2673700
2026-03-04,281.10,285.91,280.80,284.74,1422117
2026-03-05,280.84,282.59,279.11,281.27,1577814
2026-03-06,282.39,282.39,267.77,271.63,2109160
2026-03-09,268.67,271.25,264.47,269.66,1677709
2026-03-10,269.87,270.00,262.02,262.44,2045240
2026-03-11,262.41,263.55,258.14,260.87,2058027
2026-03-12,263.28,268.88,263.08,265.88,2086570
2026-03-13,270.00,270.96,265.36,267.19,1331753
2026-03-16,268.81,269.84,266.02,268.35,1166246
2026-03-17,270.67,271.60,261.13,263.47,2092625
2026-03-18,262.99,268.59,259.21,264.61,1650542
2026-03-19,266.44,268.70,263.33,264.57,1522563
2026-03-20,263.28,266.18,261.01,262.84,3839946
2026-03-23,265.21,265.50,259.00,261.49,2044862
2026-03-24,262.02,266.76,260.61,265.87,1319794
2026-03-25,266.37,270.95,264.29,270.36,1771939
2026-03-26,269.85,273.11,269.85,272.08,1676944
2026-03-27,271.79,271.79,259.82,261.96,2261616
2026-03-30,264.03,264.79,257.85,258.08,2392978
2026-03-31,259.50,267.00,258.01,266.75,1509517
2026-04-01,266.55,268.91,265.27,267.32,1158030
2026-04-02,267.48,271.19,265.65,270.02,904639
2026-04-06,271.19,276.64,269.63,275.69,1045078
2026-04-07,278.36,279.00,272.67,274.25,1515302
2026-04-08,275.96,277.79,272.48,277.56,1067747
2026-04-09,275.93,279.36,275.79,278.45,908052
2026-04-10,277.87,278.41,271.15,271.25,906749
2026-04-13,270.03,275.14,269.01,275.12,1173171
2026-04-14,273.86,276.30,271.51,272.60,939526
2026-04-15,270.97,271.53,264.89,268.63,1887345
2026-04-16,270.59,276.47,269.79,276.37,1270731
2026-04-17,275.55,279.93,274.81,278.64,1899095
2026-04-20,279.78,281.00,278.11,279.92,1271621
2026-04-21,284.00,285.67,275.91,276.69,1974996
2026-04-22,277.04,280.82,274.68,274.70,1357902
2026-04-23,276.27,280.36,275.42,279.72,1694581
2026-04-24,279.33,280.21,272.33,275.64,1594748
2026-04-27,275.31,284.44,275.31,282.58,1468039
2026-04-28,284.67,288.90,284.29,284.92,1800166
2026-04-29,283.37,293.26,283.37,292.32,2120362
2026-04-30,293.77,293.77,280.12,290.58,2412480
2026-05-01,289.08,290.14,281.31,282.90,1520049
2026-05-04,283.00,284.05,277.41,279.35,1597990
2026-05-05,279.24,280.77,274.01,275.66,1840354
2026-05-06,276.52,284.82,275.76,281.98,2579184
2026-05-07,283.30,285.57,280.75,284.04,1201206
2026-05-08,285.67,288.47,283.80,288.06,1659409
2026-05-11,290.39,293.00,287.00,289.07,1695802
2026-05-12,290.00,298.71,286.43,298.49,2291545
2026-05-13,298.29,303.33,296.51,300.71,2224480
2026-05-14,300.90,300.90,294.22,294.93,1409764
2026-05-15,294.00,296.27,284.91,285.27,2178005
2026-05-18,286.24,290.32,283.74,286.69,1375062
2026-05-19,286.08,293.25,281.33,291.28,1259694
2026-05-20,291.27,292.36,283.00,283.10,1291839
2026-05-21,281.52,285.48,279.67,282.02,1158419
2026-05-22,284.08,286.56,281.96,286.24,1435101
2026-05-26,283.00,284.24,279.67,280.83,2321896
2026-05-27,281.50,286.64,281.09,285.75,1422944
2026-05-28,286.13,288.67,284.00,284.33,1531892
2026-05-29,284.20,287.31,276.14,277.40,2400177
2026-06-01,275.62,277.98,273.07,274.19,1078030
2026-06-02,273.70,277.08,271.46,272.72,1300450
2026-06-03,272.49,274.76,270.43,270.73,1408497
2026-06-04,277.00,284.12,275.56,280.68,2551090
2026-06-05,283.00,290.32,283.00,289.48,1704089
2026-06-08,287.51,291.40,286.26,289.61,1512319
2026-06-09,290.80,295.04,289.38,295.00,1685635
2026-06-10,298.00,298.00,290.39,295.81,1472406
2026-06-11,296.87,297.22,293.40,294.84,1132600
2026-06-12,296.22,299.27,295.25,298.00,1324122
2026-06-15,296.60,298.00,291.49,293.83,1125096
2026-06-16,295.68,295.72,288.37,291.88,1081956
2026-06-17,290.13,291.14,284.11,285.09,1047636
2026-06-18,284.83,286.19,279.20,279.27,2445956
2026-06-22,282.26,284.25,279.39,282.08,1498645
2026-06-23,286.73,286.73,281.04,283.08,1402169
2026-06-24,283.64,283.64,275.29,279.46,2698140
2026-06-25,278.90,285.50,278.90,281.87,1264262
2026-06-26,284.16,289.00,280.71,282.79,3279723
2026-06-29,283.10,284.35,278.44,278.74,1370958
2026-06-30,279.47,279.64,275.61,275.68,1458632
2026-07-01,276.74,279.55,273.66,277.07,2225431
2026-07-02,280.38,287.77,278.79,287.77,2108856
2026-07-06,287.13,287.38,275.80,281.98,1771024
2026-07-07,286.53,289.91,284.34,286.62,1095729
2026-07-08,287.43,291.79,284.23,289.73,1196530
2026-07-09,290.26,296.60,288.68,291.80,1196800
2026-07-10,293.57,294.23,289.31,293.46,761546
2026-07-13,295.75,305.25,294.88,304.50,1283386
2026-07-14,304.50,305.44,298.52,303.35,1028069
2026-07-15,300.11,304.83,291.52,297.81,1655913
2026-07-16,290.00,291.94,278.86,283.82,3402457
2026-07-17,286.57,289.66,279.75,281.45,3033933
2026-07-20,281.23,285.75,281.14,283.94,1663454
2026-07-21,282.00,290.54,280.56,290.49,1353889
2026-07-22,291.68,293.21,284.66,284.85,1411505
2026-07-23,285.55,289.96,283.50,286.29,1039791
2026-07-24,288.08,290.56,285.93,289.57,1084218
2026-07-27,289.65,293.33,286.71,291.02,1313521
2026-07-28,293.58,304.69,291.89,301.06,1858952
2026-07-29,303.00,303.00,296.22,296.47,1719439
2026-07-30,286.00,291.95,281.03,287.66,2320638
2026-07-31,285.11,287.35,278.97,279.05,2189873
2026-08-03,279.05,283.83,276.71,282.06,1789386
2026-08-04,276.27,276.98,272.08,274.05,2799150
2026-08-05,268.24,272.52,263.11,270.50,4641099
2026-08-06,273.37,276.73,269.01,275.25,2978328
2026-08-07,274.49,283.30,273.03,282.49,2289088
2026-08-10,282.54,285.74,277.58,278.40,1458183
2026-08-11,279.48,279.89,270.91,273.87,1740672
2026-08-12,272.82,279.07,272.46,277.41,1532033
2026-08-13,278.59,280.32,277.24,277.99,1400043
2026-08-14,278.54,283.00,277.69,282.56,895887
2026-08-17,280.00,280.12,274.61,275.33,893509
2026-08-18,278.50,282.58,277.73,278.50,920789
2026-08-19,279.61,282.75,276.91,277.45,1126053
2026-08-20,277.24,278.80,274.04,274.41,1088692
2026-08-21,274.81,279.39,274.25,277.51,2057444
2026-08-24,278.51,281.73,276.96,280.45,1971809
2026-08-25,278.87,279.55,276.25,279.32,1644812
2026-08-26,279.70,286.01,279.40,280.87,1228396
2026-08-27,277.79,281.80,276.31,277.67,1229385
2026-08-28,280.68,280.68,277.65,278.88,1602418
2026-08-31,278.99,278.99,275.59,276.08,1421772
2026-09-01,279.66,283.56,278.71,283.06,1304790
2026-09-02,283.10,286.81,280.70,282.84,1493013
2026-09-03,284.05,286.53,280.95,286.26,1666409
2026-09-04,283.06,284.67,281.63,282.52,1204767
2026-09-08,279.10,279.37,275.26,275.83,1590295
2026-09-09,279.00,282.45,272.34,278.17,1551561
2026-09-10,280.56,285.50,278.94,280.91,1546804
2026-09-11,283.01,285.00,277.51,280.76,1342128
2026-09-14,284.60,290.94,284.60,290.05,1307228
2026-09-15,289.90,290.71,286.71,288.90,1257275
