date,open,high,low,close,volume
2016-09-15,73.52,74.30,73.36,73.99,4289307
2016-09-16,73.76,73.98,73.23,73.29,7311541
2016-09-19,73.72,73.78,72.59,73.00,3881558
2016-09-20,73.54,73.79,72.66,72.91,4832106
2016-09-21,73.22,74.26,72.11,74.18,6302845
2016-09-22,75.00,75.22,74.31,74.59,5144428
2016-09-23,73.09,73.20,70.09,70.39,23174030
2016-09-26,70.50,71.21,69.88,70.19,11719550
2016-09-27,69.97,70.65,69.81,70.05,8179026
2016-09-28,70.39,71.73,70.15,71.62,7455626
2016-09-29,71.60,72.12,71.14,71.20,5278561
2016-09-30,71.30,71.79,71.25,71.33,5806102
2016-10-03,71.15,71.50,70.03,70.52,4678196
2016-10-04,70.59,72.95,70.22,72.63,11217590
2016-10-05,68.21,69.60,66.77,68.42,48121120
2016-10-06,71.05,72.00,70.51,71.26,18504510
2016-10-07,71.25,71.43,70.21,70.91,6699380
2016-10-10,73.58,75.73,73.58,75.10,22518070
2016-10-11,73.90,73.92,71.55,72.42,16415300
2016-10-12,72.26,72.67,71.84,72.23,6291919
2016-10-13,71.38,71.38,70.50,70.63,6685936
2016-10-14,70.98,76.16,69.62,74.27,24990920
2016-10-17,74.10,74.74,72.74,72.83,8764508
2016-10-18,74.00,74.17,72.60,72.77,5247458
2016-10-19,72.61,75.50,72.44,72.82,3668917
2016-10-20,72.97,72.97,72.25,72.59,5054444
2016-10-21,72.34,74.27,72.23,74.00,6780335
2016-10-24,74.43,75.34,74.28,75.06,6328622
2016-10-25,75.15,75.26,74.57,75.06,4446679
2016-10-26,74.65,76.16,74.33,74.95,5742661
2016-10-27,75.49,76.16,74.62,74.74,4017757
2016-10-28,74.99,75.50,74.82,75.13,4827750
2016-10-31,75.32,76.00,74.87,75.16,4113500
2016-11-01,75.99,77.09,75.24,75.45,7133904
2016-11-02,75.15,75.65,74.92,75.00,4074355
2016-11-03,75.04,75.40,73.73,74.14,3883054
2016-11-04,74.14,75.18,73.86,74.37,4280732
2016-11-07,75.64,77.00,75.41,76.30,5969760
2016-11-08,76.36,77.04,76.00,76.55,4024272
2016-11-09,75.23,76.55,74.91,75.90,6880373
2016-11-10,76.22,76.73,72.27,73.63,10200130
2016-11-11,73.80,75.07,73.80,74.59,8874236
2016-11-14,74.91,75.04,72.54,72.76,7234240
2016-11-15,74.49,74.73,73.31,74.02,6214207
2016-11-16,74.21,74.61,73.14,73.31,10625060
2016-11-17,73.71,75.41,73.32,75.19,12376550
2016-11-18,79.57,80.37,77.26,77.77,19899470
2016-11-21,78.06,78.31,75.80,76.15,8537293
2016-11-22,75.74,76.66,75.10,75.57,7873184
2016-11-23,75.09,75.20,73.54,73.95,8514633
2016-11-25,73.96,74.17,73.50,73.73,2346501
2016-11-28,73.55,73.93,72.79,72.93,6436051
2016-11-29,72.76,73.32,72.41,72.93,7425641
2016-11-30,73.21,73.30,72.00,72.00,6260808
2016-12-01,72.14,72.22,68.21,68.46,10845710
2016-12-02,66.59,69.45,66.43,68.41,15960320
2016-12-05,69.09,71.47,69.03,70.80,10207630
2016-12-06,70.79,71.35,69.99,70.62,4233717
2016-12-07,70.73,72.00,70.27,71.78,4918865
2016-12-08,71.44,72.27,71.00,71.86,5422271
2016-12-09,72.00,72.22,70.61,71.17,5123742
2016-12-12,70.82,70.85,69.58,70.38,6100611
2016-12-13,70.44,72.13,70.35,71.61,5848388
2016-12-14,71.71,71.87,71.13,71.33,5061485
2016-12-15,71.20,71.95,70.15,70.23,4734482
2016-12-16,70.48,70.64,69.62,69.86,7223030
2016-12-19,70.00,70.07,69.13,69.51,4525445
2016-12-20,69.96,70.06,69.13,69.86,5256526
2016-12-21,69.96,70.35,69.31,70.11,3503935
2016-12-22,69.78,70.06,69.22,69.90,3432554
2016-12-23,69.69,70.01,69.31,69.87,2274233
2016-12-27,69.84,70.43,69.64,69.85,2939533
2016-12-28,69.85,70.06,68.85,69.09,4287720
2016-12-29,68.85,69.82,68.77,69.15,3228923
2016-12-30,69.36,69.38,68.23,68.46,4522585
2017-01-03,69.29,70.86,69.00,70.54,8112254
2017-01-04,71.08,73.06,70.76,72.80,9287120
2017-01-05,72.81,73.66,72.53,72.79,4686229
2017-01-06,72.89,74.13,72.55,73.80,4466085
2017-01-09,74.05,74.44,73.51,73.96,3923120
2017-01-10,74.12,74.30,73.44,73.98,3987856
2017-01-11,74.27,76.08,74.06,75.77,7571711
2017-01-12,75.17,75.75,74.00,75.21,4673603
2017-01-13,74.84,75.78,74.70,75.64,3689719
2017-01-17,75.30,75.30,74.37,75.02,3147552
2017-01-18,75.59,76.22,75.08,75.78,3964421
2017-01-19,75.72,76.17,75.34,75.57,3274256
2017-01-20,75.76,76.12,75.43,76.03,4593549
2017-01-23,75.70,76.95,75.70,76.16,3770356
2017-01-24,76.32,77.46,75.95,77.11,3712936
2017-01-25,77.53,78.59,77.25,78.47,5669555
2017-01-26,79.00,79.08,77.28,77.95,4121142
2017-01-27,78.19,78.57,77.92,78.21,2219281
2017-01-30,77.80,78.78,77.10,78.71,4962982
2017-01-31,78.45,80.00,78.17,79.10,7835219
2017-02-01,78.91,79.30,77.45,78.58,6199459
2017-02-02,78.33,80.26,77.89,80.13,7676102
2017-02-03,80.39,80.71,79.81,80.21,4975137
2017-02-06,80.02,80.12,79.35,79.75,2662392
2017-02-07,80.28,80.53,79.54,80.21,3627156
2017-02-08,80.00,80.83,79.63,80.70,2567045
2017-02-09,80.50,81.98,80.49,81.03,5147675
2017-02-10,81.41,82.00,80.54,80.64,3061931
2017-02-13,81.18,81.30,80.46,80.91,4327685
2017-02-14,80.95,81.30,80.56,80.92,4809219
2017-02-15,81.23,82.83,80.89,81.67,5270104
2017-02-16,81.52,81.72,80.50,80.82,5234116
2017-02-17,80.57,81.47,80.25,81.47,3674128
2017-02-21,81.68,82.42,81.29,82.18,4324431
2017-02-22,82.00,82.39,81.71,82.08,2731108
2017-02-23,82.33,83.12,81.83,82.07,5593346
2017-02-24,81.41,81.82,80.97,81.78,4432937
2017-02-27,81.63,81.92,80.90,81.54,3285840
2017-02-28,81.50,81.83,80.69,81.35,10403300
2017-03-01,82.87,84.40,82.11,83.81,14311600
2017-03-02,83.56,83.70,82.35,82.67,5884775
2017-03-03,82.00,82.59,81.65,82.22,6219339
2017-03-06,81.76,82.72,81.62,82.50,5297576
2017-03-07,83.36,84.39,82.81,82.97,5423827
2017-03-08,82.96,83.84,82.94,83.48,3733791
2017-03-09,83.19,83.58,82.81,83.28,3645980
2017-03-10,83.56,83.95,83.24,83.51,3927139
2017-03-13,83.47,83.74,83.08,83.61,3463655
2017-03-14,83.42,83.62,82.73,83.51,2932543
2017-03-15,83.56,83.77,83.00,83.48,3071038
2017-03-16,83.95,84.00,83.27,83.52,3761571
2017-03-17,83.94,83.98,83.02,83.03,7827806
2017-03-20,83.03,83.63,82.81,82.90,3428644
2017-03-21,83.00,83.18,81.37,81.55,4205711
2017-03-22,81.69,81.97,81.14,81.88,3055231
2017-03-23,82.00,82.40,81.46,81.52,3046935
2017-03-24,81.88,82.25,81.29,81.61,3701671
2017-03-27,81.00,81.79,80.50,81.61,3397448
2017-03-28,81.44,82.35,81.30,82.14,3215853
2017-03-29,82.04,82.44,81.66,82.38,2873656
2017-03-30,82.25,82.59,82.02,82.56,3480229
2017-03-31,82.27,82.93,82.19,82.49,3172151
2017-04-03,82.61,82.98,81.55,82.31,4224315
2017-04-04,82.74,83.12,82.53,82.97,4441431
2017-04-05,83.19,86.42,83.01,85.34,13286300
2017-04-06,85.42,85.45,84.37,85.00,5010345
2017-04-07,84.70,84.85,83.82,84.38,4875876
2017-04-10,84.13,84.61,83.86,84.24,3401148
2017-04-11,84.07,84.27,83.30,83.86,2536141
2017-04-12,83.83,84.08,83.20,83.37,3098349
2017-04-13,83.20,84.06,83.13,83.13,2591797
2017-04-17,83.25,84.23,83.00,84.20,2960869
2017-04-18,84.00,84.40,83.53,83.71,2498608
2017-04-19,84.08,84.21,83.35,83.50,2840595
2017-04-20,83.95,84.36,83.46,84.05,4012735
2017-04-21,84.01,84.40,83.65,83.79,2945968
2017-04-24,84.51,84.65,83.75,84.17,3193843
2017-04-25,84.57,85.13,84.35,84.75,3012295
2017-04-26,84.75,85.12,84.39,84.95,2159833
2017-04-27,85.38,86.32,85.29,85.85,2941547
2017-04-28,85.78,86.22,85.28,86.12,2918897
2017-05-01,86.25,86.88,86.25,86.66,3287253
2017-05-02,86.79,87.20,86.11,87.09,3491547
2017-05-03,86.97,87.06,86.19,86.55,2786668
2017-05-04,86.75,87.13,86.29,86.52,2140081
2017-05-05,86.44,86.98,86.22,86.97,2595773
2017-05-08,86.93,87.17,86.62,86.86,2150352
2017-05-09,87.03,87.62,86.90,87.13,2885314
2017-05-10,87.38,87.62,86.89,87.31,2920685
2017-05-11,87.38,87.95,86.57,87.71,2698025
2017-05-12,87.97,89.28,87.57,89.04,5585476
2017-05-15,89.27,89.94,89.05,89.80,4041425
2017-05-16,90.01,90.28,89.41,89.75,6415213
2017-05-17,89.06,89.33,87.57,87.84,5616521
2017-05-18,87.88,88.40,87.17,87.75,10054510
2017-05-19,90.95,91.00,86.44,87.40,15731980
2017-05-22,87.54,89.05,86.87,88.94,6056459
2017-05-23,88.73,89.25,88.16,88.49,4342235
2017-05-24,88.43,89.72,88.33,89.60,4700636
2017-05-25,89.97,91.81,89.91,91.27,7398457
2017-05-26,90.93,91.10,90.46,90.83,5276317
2017-05-30,90.50,91.07,90.47,90.86,4626053
2017-05-31,90.69,90.97,89.48,89.64,6028249
2017-06-01,90.00,90.64,89.32,90.05,4880351
2017-06-02,90.24,91.09,89.83,90.86,4968789
2017-06-05,91.00,91.88,90.75,91.38,5537311
2017-06-06,91.00,91.95,90.80,91.10,4291656
2017-06-07,91.45,91.99,90.62,91.39,3476110
2017-06-08,91.34,91.62,90.59,91.25,3794606
2017-06-09,91.09,91.22,85.23,87.27,11666410
2017-06-12,86.12,86.84,83.55,86.18,9274386
2017-06-13,87.83,88.31,86.80,87.27,5301168
2017-06-14,87.69,88.09,86.06,87.17,3544130
2017-06-15,85.99,86.38,84.89,86.27,6656293
2017-06-16,86.08,86.98,85.86,86.00,8000294
2017-06-19,86.69,87.71,86.62,87.54,4834676
2017-06-20,87.63,87.79,86.79,86.92,3083918
2017-06-21,87.50,87.80,86.43,87.56,3786824
2017-06-22,87.87,89.00,87.24,88.47,4412765
2017-06-23,88.29,88.86,87.51,88.62,4890724
2017-06-26,88.80,89.80,87.70,88.11,4865574
2017-06-27,88.00,89.28,87.11,87.68,5371431
2017-06-28,88.28,88.47,86.69,88.09,4247714
2017-06-29,87.65,87.67,85.83,86.80,5214119
2017-06-30,86.80,87.25,86.30,86.60,3943459
2017-07-03,87.01,87.10,85.12,86.10,2741255
2017-07-05,86.28,87.51,86.10,87.50,4719673
2017-07-06,86.62,87.47,86.34,86.85,3274744
2017-07-07,87.20,88.45,87.19,87.92,2394455
2017-07-10,87.86,88.64,87.47,88.50,2332566
2017-07-11,88.26,88.65,87.67,88.35,2411669
2017-07-12,89.22,90.41,88.85,90.40,4271463
2017-07-13,90.56,90.77,89.50,89.57,3210406
2017-07-14,89.79,90.17,89.54,90.00,1978030
2017-07-17,89.98,90.26,89.27,89.29,2480583
2017-07-18,89.00,89.40,88.62,89.27,3813143
2017-07-19,89.35,90.13,88.80,89.56,4461530
2017-07-20,89.71,90.63,89.42,90.54,3453773
2017-07-21,90.34,90.63,89.54,89.69,2928596
2017-07-24,89.65,89.81,88.96,89.67,2393543
2017-07-25,89.73,90.82,89.24,90.63,3345783
2017-07-26,90.63,91.20,90.15,91.07,3633916
2017-07-27,91.25,92.13,89.09,90.51,3572129
2017-07-28,90.00,91.12,89.70,90.62,2108822
2017-07-31,90.81,91.05,89.87,90.80,2954195
2017-08-01,91.37,91.78,90.89,91.22,3157288
2017-08-02,91.35,91.35,88.99,89.89,3631057
2017-08-03,90.00,90.43,89.42,90.35,2351327
2017-08-04,90.61,90.87,90.25,90.45,1987461
2017-08-07,90.55,90.70,90.12,90.50,1903297
2017-08-08,90.18,90.89,89.54,90.26,2366386
2017-08-09,89.64,90.47,89.62,90.12,3055415
2017-08-10,89.67,89.92,87.55,87.63,3951885
2017-08-11,87.55,88.66,87.26,88.29,2882037
2017-08-14,89.29,90.65,89.10,90.25,4902433
2017-08-15,90.35,91.11,90.09,90.70,2529909
2017-08-16,91.05,92.40,90.82,92.24,4268094
2017-08-17,92.00,92.49,90.75,90.88,3581089
2017-08-18,90.82,91.35,90.28,90.76,3046477
2017-08-21,90.95,91.80,90.57,91.76,3505113
2017-08-22,92.43,93.44,92.05,92.95,11006930
2017-08-23,92.14,94.63,91.30,93.07,12020470
2017-08-24,93.70,94.31,93.35,94.15,5489456
2017-08-25,94.00,95.23,93.87,94.10,5303203
2017-08-28,94.08,94.19,92.85,93.66,5533952
2017-08-29,92.75,94.12,92.50,93.83,3242010
2017-08-30,93.83,95.18,93.59,94.86,3808060
2017-08-31,94.94,95.66,94.35,95.49,5086500
2017-09-01,95.75,96.17,95.19,96.01,3679463
2017-09-05,95.36,96.49,95.13,96.18,4069944
2017-09-06,96.16,96.32,95.25,95.82,4105222
2017-09-07,96.09,97.52,95.88,96.73,4916770
2017-09-08,96.62,97.19,96.38,96.43,3316195
2017-09-11,96.95,98.22,96.95,97.71,4471343
2017-09-12,97.59,97.62,96.15,96.85,4743992
2017-09-13,96.89,96.90,95.36,95.61,5610209
2017-09-14,95.38,95.74,94.51,95.30,5048185
2017-09-15,95.51,95.62,94.17,94.63,6081636
2017-09-18,94.94,96.18,94.74,95.74,5990070
2017-09-19,95.97,96.21,95.16,95.35,3518819
2017-09-20,95.08,95.36,94.05,95.21,3362343
2017-09-21,94.82,95.10,94.17,94.86,2896050
2017-09-22,94.79,95.35,94.56,94.94,2254140
2017-09-25,94.87,94.89,92.11,92.47,5820879
2017-09-26,92.95,93.67,92.12,92.34,4558236
2017-09-27,92.91,93.66,92.62,93.21,2913708
2017-09-28,93.21,93.25,92.43,92.60,3017557
2017-09-29,92.77,93.47,92.62,93.42,4622036
2017-10-02,93.72,94.84,93.45,93.94,2755928
2017-10-03,94.17,95.45,93.95,95.36,4993116
2017-10-04,95.20,95.73,94.73,95.52,3125932
2017-10-05,95.50,95.88,94.68,95.73,3950981
2017-10-06,95.55,96.57,95.47,96.32,4402695
2017-10-09,96.33,96.76,95.98,96.27,2018951
2017-10-10,96.27,96.46,95.22,95.39,2029089
2017-10-11,95.39,96.01,94.83,96.01,2635571
2017-10-12,96.14,97.23,95.84,96.74,3145286
2017-10-13,97.15,97.63,96.69,96.94,2490787
2017-10-16,96.94,97.58,96.92,97.15,2540513
2017-10-17,96.96,97.00,95.93,96.72,2528308
2017-10-18,96.97,97.07,96.05,96.44,2865074
2017-10-19,96.40,97.23,96.11,97.19,2532745
2017-10-20,97.54,99.18,97.33,98.90,4586757
2017-10-23,99.07,99.44,98.30,98.44,4024937
2017-10-24,98.25,98.72,97.81,98.66,3638258
2017-10-25,98.40,99.63,98.31,99.59,4685274
2017-10-26,99.82,100.76,99.30,100.05,3861339
2017-10-27,100.72,101.98,100.18,100.70,4026573
2017-10-30,100.70,100.98,99.91,100.70,2374095
2017-10-31,101.13,102.44,100.84,102.34,5104862
2017-11-01,103.67,103.92,101.30,101.95,3760136
2017-11-02,102.05,103.37,101.76,102.60,3206710
2017-11-03,102.86,103.07,101.70,102.71,3264893
2017-11-06,102.92,103.14,101.58,102.42,7019507
2017-11-07,104.94,105.00,101.75,102.72,5273687
2017-11-08,102.95,105.25,102.90,105.03,6671750
2017-11-09,104.33,104.44,102.41,103.60,5122032
2017-11-10,103.41,105.38,102.83,105.24,4674766
2017-11-13,105.00,105.96,105.00,105.78,4606660
2017-11-14,105.64,106.38,105.06,106.23,4366277
2017-11-15,105.88,107.00,105.00,105.43,4147991
2017-11-16,106.23,107.36,106.17,107.03,3697331
2017-11-17,107.19,107.87,106.73,107.58,4403238
2017-11-20,108.70,109.00,107.01,107.37,5480974
2017-11-21,108.75,109.19,107.79,108.80,10503140
2017-11-22,106.85,107.49,106.05,106.83,9008720
2017-11-24,107.40,107.59,106.41,107.15,4000021
2017-11-27,106.79,107.28,105.86,106.58,5144047
2017-11-28,106.10,106.89,105.79,106.46,4792610
2017-11-29,105.75,105.88,102.79,103.53,6848264
2017-11-30,103.59,104.51,102.77,104.32,5200643
2017-12-01,103.86,104.83,102.83,103.83,4797537
2017-12-04,104.60,104.74,99.83,99.85,9115481
2017-12-05,99.55,101.66,98.68,100.69,5307639
2017-12-06,100.26,103.33,100.00,102.92,4343799
2017-12-07,103.13,104.14,102.64,104.07,3895722
2017-12-08,105.00,105.35,103.21,103.44,3990558
2017-12-11,103.71,104.72,103.37,104.54,2746601
2017-12-12,104.05,105.06,103.28,103.67,4647273
2017-12-13,103.82,104.60,103.70,103.94,4060405
2017-12-14,104.20,105.20,103.94,104.24,4464766
2017-12-15,104.76,105.65,103.31,105.48,7259822
2017-12-18,105.40,105.88,104.79,105.08,3931225
2017-12-19,104.59,105.17,103.47,104.26,3942028
2017-12-20,104.26,104.50,102.81,103.39,3672896
2017-12-21,103.73,104.04,103.33,103.62,2438260
2017-12-22,103.29,103.50,102.02,102.63,3507594
2017-12-26,102.16,102.60,101.32,102.54,2523470
2017-12-27,102.59,102.81,102.09,102.65,2038418
2017-12-28,102.64,102.90,102.36,102.79,2718951
2017-12-29,102.61,103.17,102.21,102.23,2478277
2018-01-02,102.88,104.70,102.27,104.41,4667384
2018-01-03,104.90,106.14,104.62,105.29,3888175
2018-01-04,106.00,107.66,105.77,106.68,4539414
2018-01-05,107.76,108.30,107.20,108.10,3367333
2018-01-08,108.00,109.14,107.57,108.86,2930231
2018-01-09,109.00,109.34,108.25,109.15,3302139
2018-01-10,108.67,109.49,108.22,108.80,3110089
2018-01-11,109.00,109.40,108.67,109.10,3668102
2018-01-12,109.23,110.71,108.91,110.24,5749234
2018-01-16,110.85,111.44,108.23,108.89,5277695
2018-01-17,109.75,110.38,109.23,110.04,4080216
2018-01-18,110.23,112.17,110.22,111.77,3838903
2018-01-19,112.21,112.40,111.61,111.93,3024267
2018-01-22,111.63,112.96,111.01,112.89,2207718
2018-01-23,113.18,113.76,112.68,113.24,2773688
2018-01-24,113.63,113.84,112.50,112.85,4018872
2018-01-25,113.28,113.47,111.90,111.96,4481256
2018-01-26,112.72,113.92,112.03,113.70,3925863
2018-01-29,113.70,114.41,112.85,113.30,3165874
2018-01-30,112.42,113.45,111.84,112.23,3734350
2018-01-31,113.06,114.52,112.64,113.91,4061880
2018-02-01,113.30,114.27,112.53,112.74,4075008
2018-02-02,112.03,112.35,110.71,110.78,4167610
2018-02-05,109.15,111.61,107.50,107.65,6058872
2018-02-06,105.01,109.62,103.69,109.57,6849751
2018-02-07,109.07,112.29,108.81,110.05,4498595
2018-02-08,110.10,110.18,104.00,104.03,6790836
2018-02-09,105.32,108.11,102.37,106.98,6589980
2018-02-12,107.70,109.48,106.26,108.55,4614168
2018-02-13,108.01,108.08,105.93,107.69,7529324
2018-02-14,106.73,109.22,106.73,109.02,7424015
2018-02-15,112.31,113.43,110.05,113.12,8331141
2018-02-16,112.84,114.15,112.67,112.86,4662219
2018-02-20,112.45,115.26,112.28,114.35,4286545
2018-02-21,114.77,115.67,114.17,114.48,4972437
2018-02-22,114.52,115.00,112.48,113.00,4763375
2018-02-23,113.63,114.96,112.74,114.96,4172209
2018-02-26,116.11,116.80,115.36,116.65,5392457
2018-02-27,117.30,117.61,115.76,116.47,5880376
2018-02-28,117.00,118.15,116.22,116.25,9389092
2018-03-01,120.91,122.47,118.05,119.43,15544550
2018-03-02,118.65,122.33,117.64,121.92,10595170
2018-03-05,120.00,122.94,119.66,122.50,10120160
2018-03-06,122.87,124.69,122.75,124.48,8129087
2018-03-07,123.38,125.77,123.18,125.33,6680896
2018-03-08,125.76,127.29,125.70,126.36,6210201
2018-03-09,127.19,127.50,126.25,127.41,5637352
2018-03-12,127.87,128.20,126.78,126.78,5586816
2018-03-13,127.89,128.11,125.73,126.73,4596199
2018-03-14,127.05,128.87,126.51,127.99,5400410
2018-03-15,128.00,128.46,126.67,127.22,4356007
2018-03-16,127.29,127.95,125.69,125.97,6658090
2018-03-19,125.03,125.76,123.47,124.98,6815305
2018-03-20,124.59,126.83,124.45,125.12,7085643
2018-03-21,121.56,124.02,120.20,121.70,14811850
2018-03-22,120.40,120.66,117.44,118.04,10606540
2018-03-23,118.01,118.31,114.31,114.43,10892730
2018-03-26,118.24,119.26,115.04,118.97,13159790
2018-03-27,120.09,120.16,112.72,113.81,8302950
2018-03-28,113.15,114.86,111.34,112.88,6486375
2018-03-29,113.91,117.26,112.52,116.30,7790686
2018-04-02,115.91,117.68,113.61,115.30,6460493
2018-04-03,116.76,117.45,114.60,116.49,5187961
2018-04-04,114.06,119.67,114.00,119.48,6381219
2018-04-05,120.40,121.03,118.67,119.04,5030513
2018-04-06,118.10,118.98,114.95,116.10,5359538
2018-04-09,117.14,119.23,117.14,117.19,4003520
2018-04-10,118.92,120.12,117.68,119.49,3700425
2018-04-11,119.33,120.71,118.87,119.16,3059289
2018-04-12,120.00,121.73,119.34,121.40,4413896
2018-04-13,121.94,121.94,118.50,119.01,4927660
2018-04-16,120.95,120.98,118.66,119.41,4464330
2018-04-17,120.40,123.86,120.01,123.35,5524175
2018-04-18,123.53,124.74,122.23,124.46,4321635
2018-04-19,124.04,124.52,123.18,124.06,3650167
2018-04-20,124.01,124.38,122.05,122.82,2968566
2018-04-23,123.19,124.57,121.24,121.89,3884083
2018-04-24,123.34,123.53,116.91,117.88,5317852
2018-04-25,117.77,118.23,115.04,117.32,4819777
2018-04-26,118.70,122.07,118.16,120.83,4978650
2018-04-27,121.63,121.64,119.55,120.22,3796920
2018-04-30,120.87,121.70,119.78,120.99,2775809
2018-05-01,120.88,123.32,120.42,123.11,3873506
2018-05-02,122.29,123.97,121.74,122.82,3517957
2018-05-03,122.62,125.00,121.67,124.41,4431624
2018-05-04,124.38,125.84,122.98,125.12,6335308
2018-05-07,125.79,127.69,125.46,126.97,4337758
2018-05-08,126.59,128.96,126.50,128.75,4419401
2018-05-09,128.88,129.74,127.33,129.73,4600396
2018-05-10,129.95,131.00,129.05,130.62,3769404
2018-05-11,130.00,130.85,128.89,130.63,3233052
2018-05-14,130.79,131.00,127.16,127.69,4057922
2018-05-15,126.93,128.59,126.09,128.13,2931245
2018-05-16,128.71,128.97,127.92,128.77,2433120
2018-05-17,129.19,129.46,125.55,126.05,5551020
2018-05-18,126.06,127.72,125.87,126.96,3561041
2018-05-21,128.00,128.35,126.00,126.37,2874259
2018-05-22,126.66,127.05,125.26,125.44,2785312
2018-05-23,124.88,128.09,124.58,128.09,4296240
2018-05-24,128.81,129.38,127.39,128.74,5960994
2018-05-25,128.73,129.25,127.62,127.96,4026675
2018-05-29,126.75,127.54,126.12,126.88,7942890
2018-05-30,132.30,132.55,127.84,129.30,14155870
2018-05-31,129.37,130.99,128.41,129.33,6403514
2018-06-01,129.88,130.87,128.35,130.52,6127512
2018-06-04,130.39,132.80,129.60,132.65,4852820
2018-06-05,133.14,134.63,132.97,134.12,5113233
2018-06-06,134.33,135.71,134.12,135.55,4763316
2018-06-07,135.55,135.75,130.73,132.91,6545364
2018-06-08,131.70,133.68,130.82,133.53,3292770
2018-06-11,133.88,134.67,133.26,133.98,3362514
2018-06-12,134.96,137.50,134.65,136.26,5206956
2018-06-13,136.37,137.49,135.59,136.50,5585545
2018-06-14,137.00,139.75,136.89,138.41,6486515
2018-06-15,138.07,138.95,136.80,138.41,7595643
2018-06-18,137.01,140.19,136.91,139.80,3934469
2018-06-19,138.08,139.71,137.23,139.52,4821088
2018-06-20,140.00,142.12,138.82,138.94,5266370
2018-06-21,139.07,140.06,137.12,137.88,3536332
2018-06-22,137.26,137.30,133.95,135.01,7512981
2018-06-25,134.24,134.89,131.67,133.19,6810419
2018-06-26,134.76,137.17,133.82,135.48,7039493
2018-06-27,136.68,137.42,133.10,133.22,6794678
2018-06-28,133.99,135.89,133.19,135.12,6330738
2018-06-29,136.28,137.71,135.90,136.40,5192750
2018-07-02,136.15,140.47,135.30,140.43,6288844
2018-07-03,140.60,140.75,137.71,137.84,3164659
2018-07-05,139.26,139.89,138.22,139.77,5245240
2018-07-06,140.19,141.73,139.01,141.40,4802894
2018-07-09,142.65,142.87,139.88,141.76,5116529
2018-07-10,142.30,143.51,141.51,142.45,3639485
2018-07-11,141.21,145.64,141.02,145.25,6133485
2018-07-12,145.80,148.70,145.80,148.16,4678678
2018-07-13,147.75,148.00,145.41,147.61,3941151
2018-07-16,147.84,148.69,146.82,146.96,3588390
2018-07-17,145.41,147.44,143.08,147.02,5077223
2018-07-18,147.02,148.19,145.76,147.84,2792220
2018-07-19,147.00,148.00,146.61,147.16,3589650
2018-07-20,147.44,147.92,146.69,146.87,2462185
2018-07-23,146.87,147.64,144.80,147.56,2534551
2018-07-24,148.55,148.85,145.18,146.00,3934700
2018-07-25,146.13,149.35,146.00,148.87,4053388
2018-07-26,147.98,148.75,145.68,147.57,3401261
2018-07-27,148.25,148.28,142.38,143.91,5924224
2018-07-30,143.54,143.73,135.52,138.03,9448828
2018-07-31,138.68,139.79,135.39,137.15,7362280
2018-08-01,138.00,140.90,137.51,137.68,5084472
2018-08-02,137.05,141.30,136.75,141.14,3774420
2018-08-03,141.53,141.74,138.42,141.04,3435560
2018-08-06,140.89,142.85,140.65,142.71,3229263
2018-08-07,143.53,144.61,142.73,144.44,3911041
2018-08-08,144.46,145.63,143.16,145.17,3026564
2018-08-09,145.30,146.85,145.09,145.82,3528543
2018-08-10,144.93,147.00,144.35,145.51,2747883
2018-08-13,145.63,147.18,144.22,144.45,2751689
2018-08-14,146.18,146.77,144.57,146.57,3340168
2018-08-15,146.08,147.88,143.60,145.04,4367917
2018-08-16,146.51,146.91,145.22,145.73,3637740
2018-08-17,145.50,146.01,143.95,145.02,2838561
2018-08-20,145.21,146.06,144.32,145.71,2848077
2018-08-21,146.41,148.79,145.36,145.53,4001166
2018-08-22,145.59,147.20,145.05,146.46,4240819
2018-08-23,146.83,148.34,146.07,147.83,6048064
2018-08-24,148.50,152.38,148.50,152.30,4848396
2018-08-27,154.71,154.88,150.20,151.68,5677654
2018-08-28,152.03,153.40,151.56,152.99,5107124
2018-08-29,153.33,154.97,153.05,154.80,8602035
2018-08-30,151.12,153.74,149.50,152.14,14330680
2018-08-31,152.14,153.87,151.90,152.68,6183864
2018-09-04,152.11,153.34,151.51,153.21,5220725
2018-09-05,152.39,152.78,147.08,148.65,7145871
2018-09-06,148.75,149.16,147.08,148.83,4189456
2018-09-07,147.84,151.41,147.50,150.43,3848177
2018-09-10,150.00,151.58,148.00,151.32,3751943
2018-09-11,151.08,153.75,150.62,152.84,4101310
2018-09-12,152.84,155.77,151.81,155.37,5171392
2018-09-13,155.87,158.78,155.82,158.18,6191130
2018-09-14,157.95,158.79,156.32,157.49,4593524
2018-09-17,157.00,158.43,154.62,154.92,3870774
2018-09-18,154.76,158.03,154.75,156.00,3701535
2018-09-19,156.37,157.33,152.39,152.90,5545831
2018-09-20,153.29,156.06,151.65,155.50,4655560
2018-09-21,157.07,157.96,154.96,155.52,17655640
2018-09-24,155.38,158.91,153.33,158.78,4941563
2018-09-25,159.00,159.14,157.17,158.87,5150900
2018-09-26,159.06,159.93,157.35,158.33,3985009
2018-09-27,159.05,161.08,158.93,160.43,3928626
2018-09-28,160.00,160.86,158.94,159.03,4575415
2018-10-01,160.11,161.19,159.02,159.86,4243509
2018-10-02,159.27,159.58,156.70,157.26,4135524
2018-10-03,158.56,159.76,157.02,159.10,3560685
2018-10-04,158.20,158.84,153.78,154.90,6199941
2018-10-05,154.86,156.60,152.47,155.07,4962699
2018-10-08,154.24,154.62,145.60,148.65,10228250
2018-10-09,148.32,150.87,147.21,148.50,5592575
2018-10-10,147.52,147.59,137.54,137.81,13599240
2018-10-11,137.44,142.16,136.45,139.24,10489550
2018-10-12,145.77,148.75,143.22,146.74,9138153
2018-10-15,146.70,146.70,141.32,141.95,5911513
2018-10-16,145.47,147.91,144.01,147.44,5266247
2018-10-17,148.35,148.35,145.42,147.01,3342874
2018-10-18,146.09,147.59,141.43,142.84,5320780
2018-10-19,143.61,145.37,140.38,140.49,5036877
2018-10-22,141.70,143.80,139.20,142.95,4193262
2018-10-23,139.32,141.97,137.78,140.66,6457744
2018-10-24,141.23,141.50,133.00,133.26,7242506
2018-10-25,133.69,141.69,133.67,140.80,7780612
2018-10-26,135.75,139.21,132.61,135.52,7454549
2018-10-29,138.10,139.55,128.53,130.99,9140471
2018-10-30,130.44,132.99,128.03,132.17,10029550
2018-10-31,134.92,138.71,134.77,137.24,6658246
2018-11-01,138.40,139.80,136.41,139.59,4607439
2018-11-02,140.14,140.55,136.10,136.79,4421741
2018-11-05,137.34,137.34,133.46,135.44,4625473
2018-11-06,135.40,138.00,132.98,133.95,4665727
2018-11-07,136.85,142.31,136.43,141.79,5797603
2018-11-08,143.22,143.63,140.68,141.87,3979737
2018-11-09,141.06,141.06,135.05,136.92,5250231
2018-11-12,135.74,136.66,130.08,130.50,7564148
2018-11-13,131.48,133.77,128.95,132.16,6170065
2018-11-14,134.21,134.94,128.58,129.35,5691665
2018-11-15,129.20,132.95,126.30,132.49,6461916
2018-11-16,131.85,133.47,130.08,132.55,4924165
2018-11-19,131.60,132.26,120.42,121.01,14201940
2018-11-20,114.33,124.94,113.60,120.67,13787240
2018-11-21,124.20,125.75,121.61,123.59,7299745
2018-11-23,121.33,123.71,120.71,122.03,3009553
2018-11-26,124.48,126.95,123.66,126.41,8383860
2018-11-27,125.15,127.61,123.72,127.54,10327030
2018-11-28,138.48,140.89,131.97,140.64,24712410
2018-11-29,139.85,142.88,139.27,139.72,7590408
2018-11-30,138.89,143.22,138.28,142.76,9394423
2018-12-03,146.30,147.07,142.56,144.15,7342218
2018-12-04,142.73,145.20,138.80,139.24,6969320
2018-12-06,134.80,142.06,132.75,142.06,9160894
2018-12-07,141.90,142.37,134.74,135.95,6222076
2018-12-10,135.16,139.49,133.18,137.27,5887030
2018-12-11,140.59,140.70,135.59,136.79,4544038
2018-12-12,141.79,144.03,139.55,140.09,6768183
2018-12-13,141.50,143.63,139.58,141.14,5107282
2018-12-14,138.88,140.71,136.38,137.04,5351727
2018-12-17,134.31,135.50,129.97,130.83,8338984
2018-12-18,132.14,133.68,130.13,132.32,6528982
2018-12-19,131.98,136.50,129.50,131.16,7346032
2018-12-20,129.25,132.33,122.64,127.73,12252420
2018-12-21,128.57,129.39,122.46,122.91,12470840
2018-12-24,121.14,124.84,120.16,121.33,4721514
2018-12-26,122.52,130.90,122.12,130.84,8053692
2018-12-27,128.80,135.20,127.84,135.20,7961442
2018-12-28,136.00,136.88,132.61,134.68,7223553
2018-12-31,136.00,137.97,134.49,136.97,5447078
2019-01-02,133.40,136.83,133.05,135.55,4765030
2019-01-03,133.48,134.78,130.10,130.40,6004050
2019-01-04,133.50,139.32,132.22,137.96,6608596
2019-01-07,141.02,143.39,138.79,142.22,9006712
2019-01-08,144.73,146.46,142.89,145.72,9038793
2019-01-09,146.89,147.50,144.53,145.99,5121719
2019-01-10,143.77,147.21,143.76,147.04,5067740
2019-01-11,146.56,148.03,145.61,147.55,5183669
2019-01-14,145.75,146.73,144.70,146.05,5575070
2019-01-15,146.35,149.86,145.80,149.19,5268814
2019-01-16,149.15,149.79,147.80,148.54,3925399
2019-01-17,148.54,150.72,147.69,149.82,3732596
2019-01-18,151.83,153.27,150.24,152.51,6043292
2019-01-22,150.34,151.38,147.40,148.95,5196349
2019-01-23,149.73,150.80,147.65,149.75,3333142
2019-01-24,149.95,150.50,146.52,146.87,6485313
2019-01-25,148.53,149.89,147.55,149.74,4600221
2019-01-28,148.17,148.20,146.10,147.33,4047626
2019-01-29,147.07,148.00,144.64,145.18,3912884
2019-01-30,147.19,149.69,146.08,149.16,4623294
2019-01-31,149.02,153.38,148.71,151.97,8612069
2019-02-01,152.40,155.95,151.07,155.87,5925597
2019-02-04,156.02,158.90,155.41,157.72,5253231
2019-02-05,158.34,159.88,157.81,158.99,4570860
2019-02-06,159.00,159.10,155.08,158.13,4203296
2019-02-07,155.96,157.06,153.36,154.93,4505042
2019-02-08,152.91,156.70,152.71,156.67,3005509
2019-02-11,158.20,161.50,157.57,159.91,7112684
2019-02-12,161.25,163.39,160.03,162.79,5627056
2019-02-13,163.44,163.57,160.27,160.40,5291005
2019-02-14,159.47,160.44,156.71,159.47,5059897
2019-02-15,160.99,161.22,158.09,159.05,5281182
2019-02-19,159.66,161.48,159.14,160.61,3881911
2019-02-20,160.33,161.49,157.21,158.54,6800552
2019-02-21,157.70,160.48,157.30,159.63,4334943
2019-02-22,160.47,161.71,160.20,161.31,4172510
2019-02-25,162.51,163.06,160.93,161.36,5073931
2019-02-26,160.81,163.38,159.87,163.00,4473896
2019-02-27,162.29,163.53,160.50,163.12,4276729
2019-02-28,163.00,164.60,162.17,163.65,6849387
2019-03-01,165.15,166.15,161.75,164.53,6815175
2019-03-04,165.56,165.79,155.42,158.50,17516710
2019-03-05,159.92,160.88,154.80,156.97,15832300
2019-03-06,157.13,160.25,156.28,156.79,7432476
2019-03-07,156.09,157.59,154.81,155.60,6906480
2019-03-08,152.02,155.41,150.25,155.06,4798594
2019-03-11,155.90,157.77,153.43,157.65,5674220
2019-03-12,158.00,159.37,157.16,158.28,4077409
2019-03-13,158.85,162.00,158.61,159.81,5157184
2019-03-14,160.95,161.59,159.74,160.67,3243784
2019-03-15,160.64,162.18,159.19,161.51,6743626
2019-03-18,161.40,163.33,160.88,161.95,3575338
2019-03-19,162.52,164.62,161.60,163.93,4322584
2019-03-20,163.84,164.95,161.51,163.51,4390447
2019-03-21,163.17,166.99,162.75,166.95,4273075
2019-03-22,165.96,166.49,161.35,161.50,5575945
2019-03-25,160.23,161.60,159.22,160.88,3794183
2019-03-26,161.43,162.07,157.39,159.40,6905979
2019-03-27,159.00,159.30,152.37,155.12,8202593
2019-03-28,155.69,156.48,153.51,155.18,4422449
2019-03-29,156.87,158.50,155.43,158.37,4911537
2019-04-01,160.10,161.68,158.51,161.18,4518327
2019-04-02,160.86,160.99,158.91,160.51,3151813
2019-04-03,161.78,163.14,160.65,162.62,3819107
2019-04-04,162.71,162.80,155.83,158.52,6283763
2019-04-05,159.63,160.24,158.02,158.56,4315039
2019-04-08,158.40,158.79,156.45,158.47,2848381
2019-04-09,157.04,158.35,156.65,156.97,5638543
2019-04-10,158.20,160.38,157.65,160.24,3398800
2019-04-11,160.16,160.83,159.02,160.73,2577728
2019-04-12,162.00,162.50,159.50,160.71,2843196
2019-04-15,161.00,162.03,159.49,160.09,2606067
2019-04-16,160.04,160.26,157.75,158.69,3002300
2019-04-17,159.05,159.05,155.07,155.34,4753549
2019-04-18,154.90,156.21,153.17,155.99,4390972
2019-04-22,155.45,159.14,155.28,158.76,2941253
2019-04-23,159.76,161.40,158.41,161.23,3409970
2019-04-24,161.88,162.49,159.40,159.56,3378475
2019-04-25,162.00,163.89,161.00,163.09,5495957
2019-04-26,162.42,166.06,161.28,165.96,3342777
2019-04-29,166.71,167.56,165.33,165.36,4508634
2019-04-30,165.19,166.44,163.62,165.35,3511783
2019-05-01,166.01,166.22,162.14,162.15,2707730
2019-05-02,161.69,162.70,159.63,161.83,3181073
2019-05-03,162.58,163.50,160.86,163.34,3131437
2019-05-06,158.62,162.84,157.86,162.50,2520943
2019-05-07,161.33,161.67,154.75,156.90,6541888
2019-05-08,157.11,157.93,155.04,156.86,4061339
2019-05-09,154.65,157.10,152.39,156.31,5809346
2019-05-10,156.28,160.61,154.38,159.94,4462213
2019-05-13,154.92,156.90,152.78,153.15,5694582
2019-05-14,155.05,158.59,152.92,158.07,4954034
2019-05-15,153.82,156.38,151.70,155.06,7783774
2019-05-16,156.76,159.45,155.90,158.48,5048088
2019-05-17,156.18,157.16,153.17,154.57,5314319
2019-05-20,152.47,156.09,151.70,155.98,5437590
2019-05-21,157.36,157.84,155.18,155.78,3803459
2019-05-22,155.87,158.19,155.84,157.64,3170058
2019-05-23,156.03,156.34,152.15,153.71,4508215
2019-05-24,154.89,156.93,154.16,154.51,3151662
2019-05-28,155.35,157.81,154.39,155.19,4934063
2019-05-29,153.76,154.06,151.20,152.89,4359454
2019-05-30,154.32,155.87,153.90,155.66,4418092
2019-05-31,152.66,154.48,151.26,151.41,5326907
2019-06-03,150.70,150.70,143.39,145.10,8835249
2019-06-04,146.05,150.92,142.51,150.81,12375090
2019-06-05,157.15,158.50,154.55,158.44,12072390
2019-06-06,158.50,160.00,157.33,159.31,5601246
2019-06-07,159.84,162.99,159.50,161.27,7175301
2019-06-10,153.48,157.45,150.83,152.79,29856330
2019-06-11,155.31,155.71,148.79,150.15,15214320
2019-06-12,151.11,152.32,150.15,151.28,7161291
2019-06-13,152.16,152.24,150.25,151.34,5173787
2019-06-14,151.04,151.98,149.48,150.01,6248150
2019-06-17,150.20,151.28,149.87,150.29,4491845
2019-06-18,151.88,152.95,150.50,150.59,7317839
2019-06-19,151.69,154.47,150.51,154.14,8095299
2019-06-20,156.29,158.29,155.42,157.20,10153610
2019-06-21,156.67,157.79,155.94,156.84,9706930
2019-06-24,157.39,157.73,152.51,152.56,6378206
2019-06-25,152.83,152.97,148.59,149.34,7362484
2019-06-26,151.28,151.38,148.92,149.04,5844938
2019-06-27,149.89,150.76,148.47,150.69,6832817
2019-06-28,150.42,151.77,149.60,151.73,6936576
2019-07-01,154.57,154.74,151.85,154.06,6483352
2019-07-02,154.29,154.36,152.58,154.12,4738611
2019-07-03,154.54,155.75,154.16,155.59,3885430
2019-07-05,153.95,154.81,152.57,154.58,3940940
2019-07-08,153.52,153.69,152.04,152.81,4717368
2019-07-09,152.08,154.19,151.68,153.95,4979273
2019-07-10,154.57,156.40,154.57,156.27,4966261
2019-07-11,156.82,159.30,156.62,158.90,7083235
2019-07-12,159.40,159.62,157.40,158.08,4348123
2019-07-15,158.76,159.84,157.48,159.65,3603693
2019-07-16,159.96,161.61,156.80,157.13,6913066
2019-07-17,157.68,159.92,157.66,158.24,4160523
2019-07-18,157.00,158.58,156.21,157.98,3726542
2019-07-19,159.73,160.74,156.29,156.75,5218844
2019-07-22,157.65,159.05,157.15,157.70,2910733
2019-07-23,157.98,158.45,155.28,156.25,4865763
2019-07-24,155.98,160.25,155.70,159.75,4110516
2019-07-25,160.12,161.13,158.67,159.35,6934549
2019-07-26,159.56,160.82,158.73,159.97,4979078
2019-07-29,160.40,161.20,155.52,156.21,8880457
2019-07-30,155.34,158.22,154.62,156.96,4241587
2019-07-31,157.39,157.89,152.30,154.50,7454174
2019-08-01,154.73,157.78,150.41,150.81,26124660
2019-08-02,149.80,149.90,145.31,145.70,13138900
2019-08-05,141.34,143.75,139.80,142.82,13070090
2019-08-06,143.79,144.96,141.96,142.80,6693998
2019-08-07,140.93,143.10,139.06,141.64,7635513
2019-08-08,143.52,144.96,142.32,143.82,8670253
2019-08-09,143.61,144.47,141.69,143.37,5286734
2019-08-12,141.55,141.97,140.05,140.72,4389544
2019-08-13,140.93,145.00,140.43,143.88,5242772
2019-08-14,141.29,142.36,137.87,139.72,8607780
2019-08-15,141.10,143.30,139.75,142.13,6647733
2019-08-16,143.06,145.34,142.52,143.89,5341106
2019-08-19,145.60,146.14,142.88,143.67,4635177
2019-08-20,144.16,146.50,143.06,145.54,6262572
2019-08-21,146.90,148.39,146.16,147.38,6153669
2019-08-22,149.49,149.90,145.47,148.24,11885310
2019-08-23,157.70,158.42,150.65,151.57,26540020
2019-08-26,153.51,155.21,151.52,155.14,8978657
2019-08-27,154.26,155.90,152.53,153.57,6520653
2019-08-28,152.50,152.78,150.87,151.83,5328744
2019-08-29,153.40,156.00,152.66,155.93,5981501
2019-08-30,156.42,158.22,153.70,156.07,7593232
2019-09-03,154.21,155.32,151.76,152.73,4954246
2019-09-04,154.09,154.92,152.32,152.46,3607077
2019-09-05,154.64,154.74,151.95,153.77,5067024
2019-09-06,153.97,154.05,150.77,151.07,4722273
2019-09-09,151.66,152.15,148.09,149.54,6265476
2019-09-10,148.77,151.66,147.74,149.65,6249683
2019-09-11,150.09,154.65,149.04,154.09,6242421
2019-09-12,155.04,156.80,154.41,154.75,4993526
2019-09-13,154.32,154.91,152.74,152.98,3763493
2019-09-16,151.65,154.10,151.36,153.01,2592259
2019-09-17,153.00,153.45,151.73,152.82,3060345
2019-09-18,152.35,152.91,150.57,152.77,2973703
2019-09-19,153.52,154.25,152.77,153.60,2985482
2019-09-20,154.69,156.88,153.62,155.20,11762950
2019-09-23,154.15,155.20,152.96,154.65,3827133
2019-09-24,154.28,156.27,151.09,152.05,4158839
2019-09-25,152.05,153.21,148.90,152.99,3459570
2019-09-26,152.42,153.40,151.84,152.34,3839378
2019-09-27,153.12,153.15,146.75,148.26,5909440
2019-09-30,147.95,148.97,147.41,148.44,3733867
2019-10-01,149.49,150.16,147.25,147.69,3213561
2019-10-02,146.06,146.50,143.20,144.22,4486555
2019-10-03,144.00,147.06,142.08,147.00,3768480
2019-10-04,148.28,148.92,146.21,148.03,3274199
2019-10-07,147.28,149.33,147.00,148.80,2738198
2019-10-08,147.54,148.34,145.81,145.91,2670470
2019-10-09,147.27,147.85,146.61,147.05,2310243
2019-10-10,146.84,147.56,145.51,146.41,2738583
2019-10-11,148.14,150.71,148.09,149.37,4690874
2019-10-14,149.40,150.28,148.80,149.37,1583842
2019-10-15,149.66,152.97,149.62,152.74,3947786
2019-10-16,147.26,150.84,145.82,146.97,9007266
2019-10-17,147.58,148.04,145.51,146.17,5072069
2019-10-18,146.30,146.44,142.40,144.09,6080531
2019-10-21,144.10,145.19,143.00,144.55,3376519
2019-10-22,145.05,145.96,142.14,142.33,5284014
2019-10-23,142.11,145.57,141.49,145.13,4941561
2019-10-24,146.59,148.79,146.40,148.12,5376741
2019-10-25,147.05,150.66,146.30,150.49,4991422
2019-10-28,151.20,154.92,149.43,154.79,7576726
2019-10-29,154.78,156.13,154.42,155.09,5477303
2019-10-30,155.74,158.42,155.01,158.28,4724478
2019-10-31,156.56,158.28,155.21,156.49,4578255
2019-11-01,157.91,160.09,156.75,159.74,4771053
2019-11-04,160.94,161.25,156.69,157.60,5748077
2019-11-05,157.59,159.12,155.47,158.15,4014981
2019-11-06,158.94,160.00,157.75,158.93,4207428
2019-11-07,158.93,161.13,158.08,159.50,3802312
2019-11-08,159.25,161.21,158.91,161.11,3265364
2019-11-11,161.22,162.23,160.25,161.78,3541597
2019-11-12,162.00,164.37,161.59,162.86,3710757
2019-11-13,163.05,164.42,162.02,162.60,5499804
2019-11-14,163.03,163.58,162.39,163.05,3823268
2019-11-15,163.72,163.93,160.99,163.21,3693235
2019-11-18,164.00,164.00,161.89,162.77,5558132
2019-11-19,163.64,164.45,161.84,163.96,4956475
2019-11-20,163.44,166.34,162.25,164.20,8454931
2019-11-21,165.32,165.91,162.21,162.88,5724203
2019-11-22,162.98,163.49,161.38,162.81,3761891
2019-11-25,163.78,164.65,161.45,161.71,5509549
2019-11-26,161.56,162.61,161.31,162.54,5882383
2019-11-27,161.92,162.83,161.11,161.51,4015939
2019-11-29,161.61,163.41,161.32,162.89,2432473
2019-12-02,163.10,163.21,158.10,161.00,5140087
2019-12-03,156.96,161.85,156.19,161.57,6622651
2019-12-04,160.38,160.69,154.50,156.43,17805510
2019-12-05,155.74,158.92,155.25,158.22,7127977
2019-12-06,158.10,159.50,157.59,158.01,4754316
2019-12-09,157.38,158.90,157.06,157.48,3754080
2019-12-10,157.01,157.67,156.17,156.40,4075754
2019-12-11,156.84,156.88,155.48,156.39,4869175
2019-12-12,155.77,158.99,155.31,158.59,5355489
2019-12-13,158.86,161.49,158.55,161.13,5742818
2019-12-16,160.85,162.74,160.82,161.96,5371494
2019-12-17,162.00,162.37,159.74,161.63,4789823
2019-12-18,161.80,163.28,161.48,161.48,4145091
2019-12-19,161.59,163.34,160.83,163.33,4186371
2019-12-20,164.73,165.17,163.63,164.55,8586884
2019-12-23,164.04,164.87,163.35,163.74,4373626
2019-12-24,163.31,163.84,162.88,163.25,1237991
2019-12-26,163.40,164.53,163.27,164.51,2156316
2019-12-27,164.86,165.46,163.90,164.98,3410032
2019-12-30,164.86,164.94,161.20,162.44,3197087
2019-12-31,162.04,163.26,161.80,162.64,3273515
2020-01-02,163.92,167.07,163.58,166.99,5094557
2020-01-03,165.06,166.77,165.00,166.17,3205583
2020-01-06,165.00,173.67,164.45,173.45,8843581
2020-01-07,173.23,176.87,172.09,176.00,8310525
2020-01-08,175.23,178.85,174.75,177.33,7226234
2020-01-09,178.84,179.90,177.29,179.60,5954966
2020-01-10,179.84,180.68,178.69,180.20,5112302
2020-01-13,181.26,184.45,181.13,183.85,6205333
2020-01-14,183.50,183.85,182.04,182.12,4347509
2020-01-15,181.68,183.09,180.62,181.06,3886843
2020-01-16,182.23,183.11,180.96,182.69,3485298
2020-01-17,183.23,183.34,181.36,182.23,4577245
2020-01-21,181.51,186.00,181.50,185.27,6302448
2020-01-22,185.39,186.44,182.69,182.75,4781769
2020-01-23,183.21,184.30,181.30,183.98,4369337
2020-01-24,185.00,186.13,181.13,182.11,4653931
2020-01-27,178.77,181.73,177.30,180.71,4239357
2020-01-28,181.14,183.85,180.35,182.85,3445530
2020-01-29,184.00,184.10,181.62,181.77,2789482
2020-01-30,180.90,185.94,180.54,185.67,3716140
2020-01-31,184.86,186.03,180.79,182.31,4193259
2020-02-03,183.26,185.87,181.85,185.42,4755709
2020-02-04,188.00,189.69,186.65,188.34,3983248
2020-02-05,190.40,190.55,182.86,185.49,6162711
2020-02-06,186.83,187.56,184.24,186.73,4102926
2020-02-07,186.85,188.65,185.65,185.72,3713079
2020-02-10,186.17,189.27,185.56,189.12,3873498
2020-02-11,191.48,192.60,188.65,189.11,4299231
2020-02-12,189.71,190.52,186.77,189.46,4535367
2020-02-13,188.50,191.05,188.42,188.64,3132057
2020-02-14,189.35,190.25,188.10,189.95,3599445
2020-02-18,190.95,191.50,188.92,191.09,4957450
2020-02-19,192.00,193.92,191.80,192.87,3903153
2020-02-20,194.00,195.72,189.77,193.36,5451154
2020-02-21,191.84,192.04,186.72,189.50,5244259
2020-02-24,178.79,187.15,178.79,185.94,8463256
2020-02-25,188.47,189.98,179.43,181.27,11361120
2020-02-26,176.54,182.66,174.25,178.87,13926480
2020-02-27,172.21,178.33,170.05,172.15,9927314
2020-02-28,164.99,171.77,163.12,170.40,12643590
2020-03-02,172.20,176.79,168.59,176.76,7761040
2020-03-03,178.41,178.42,167.09,169.37,8323455
2020-03-04,172.25,175.81,169.63,175.69,5846719
2020-03-05,172.57,173.75,168.10,169.60,5797479
2020-03-06,165.67,167.57,158.54,164.08,9757735
2020-03-09,151.70,157.71,150.64,151.21,9657064
2020-03-10,157.23,161.47,151.00,161.34,11443930
2020-03-11,157.68,159.62,150.15,154.57,10345330
2020-03-12,144.34,151.23,140.10,140.59,13212960
2020-03-13,149.47,149.50,135.32,147.78,13765420
2020-03-16,134.01,141.55,123.39,124.30,13845250
2020-03-17,127.00,138.01,122.92,135.42,12191540
2020-03-18,125.54,133.42,115.29,132.24,12988160
2020-03-19,131.59,144.00,128.86,139.46,10444040
2020-03-20,140.42,146.20,134.60,139.35,12450120
2020-03-23,138.76,143.72,134.09,140.52,11898210
2020-03-24,144.63,154.14,143.18,153.64,11834350
2020-03-25,152.67,158.02,146.96,147.06,10639270
2020-03-26,148.30,155.08,147.73,154.73,8578887
2020-03-27,150.63,151.45,144.91,146.00,8273549
2020-03-30,147.72,153.00,146.56,149.85,7650429
2020-03-31,149.03,151.95,142.78,143.98,10431480
2020-04-01,138.32,139.06,133.10,134.06,8737615
2020-04-02,134.01,135.39,130.04,134.32,8150532
2020-04-03,134.45,136.19,131.66,134.31,6004409
2020-04-06,139.00,149.85,138.30,147.55,12296770
2020-04-07,150.33,150.80,144.51,145.07,7859451
2020-04-08,146.30,152.16,145.00,151.12,7665521
2020-04-09,152.39,156.10,151.68,154.55,7094576
2020-04-13,154.12,155.31,150.00,152.50,5138591
2020-04-14,155.71,158.79,155.15,157.71,7334310
2020-04-15,155.08,157.27,154.00,155.63,4042624
2020-04-16,157.00,158.00,154.25,157.06,4391510
2020-04-17,160.00,163.26,157.63,162.62,7312872
2020-04-20,160.75,164.31,160.52,162.76,4685993
2020-04-21,160.00,160.09,148.00,150.56,13737880
2020-04-22,154.00,155.70,150.67,154.14,6665468
2020-04-23,153.50,156.47,151.50,151.72,6281430
2020-04-24,153.59,154.50,151.30,153.98,6712013
2020-04-27,155.54,158.44,154.20,157.63,5036448
2020-04-28,159.50,160.81,154.18,154.46,4731803
2020-04-29,157.88,161.89,156.52,160.43,5256730
2020-04-30,161.63,165.30,160.01,161.95,6830654
2020-05-01,158.49,160.17,155.26,156.37,4277134
2020-05-04,155.58,162.02,155.08,161.47,5974158
2020-05-05,162.53,164.14,160.25,163.25,5264761
2020-05-06,164.44,165.71,162.92,163.67,4112567
2020-05-07,166.50,171.27,166.02,169.90,6461957
2020-05-08,172.95,176.08,171.15,175.90,5405882
2020-05-11,175.56,183.30,174.16,182.67,8695960
2020-05-12,183.00,183.02,177.01,177.54,5904630
2020-05-13,175.17,175.21,166.27,169.64,12534950
2020-05-14,168.44,168.57,164.57,167.00,7442262
2020-05-15,167.27,171.72,166.18,171.33,5673821
2020-05-18,174.00,177.00,172.13,172.50,6399484
2020-05-19,172.75,178.20,172.75,176.04,5264042
2020-05-20,178.57,179.14,174.90,176.93,4951152
2020-05-21,176.93,178.29,174.93,175.26,4429652
2020-05-22,176.60,178.64,175.45,177.85,4965119
2020-05-26,182.00,182.00,176.22,176.52,8353577
2020-05-27,176.29,176.61,171.37,176.60,6340206
2020-05-28,180.00,184.80,177.10,181.10,10363610
2020-05-29,174.30,175.00,170.69,174.79,19645390
2020-06-01,173.10,177.52,172.68,176.36,5719312
2020-06-02,174.85,174.90,171.22,174.23,8571769
2020-06-03,174.83,175.93,172.84,174.99,6004048
2020-06-04,175.00,175.43,170.00,171.44,7301551
2020-06-05,170.11,174.19,167.00,173.88,8232167
2020-06-08,173.63,176.57,172.66,176.55,4592583
2020-06-09,176.00,176.00,173.53,174.56,4025596
2020-06-10,176.25,182.50,176.05,182.10,8127243
2020-06-11,176.64,178.43,172.00,172.05,6521167
2020-06-12,175.90,177.69,171.86,175.11,5443819
2020-06-15,172.00,178.90,171.27,178.61,6001846
2020-06-16,180.01,182.50,178.01,180.48,5825189
2020-06-17,180.97,182.75,180.68,181.40,5038626
2020-06-18,181.91,189.00,181.62,187.66,8677753
2020-06-19,189.50,191.25,185.49,186.95,11840970
2020-06-22,187.03,192.50,187.00,191.65,6252237
2020-06-23,192.00,194.09,188.59,189.06,6950841
2020-06-24,187.51,189.30,184.04,185.55,4903134
2020-06-25,186.14,188.77,184.44,188.34,4022421
2020-06-26,188.00,188.22,183.02,183.17,7595666
2020-06-29,183.32,183.71,180.00,183.33,3972149
2020-06-30,183.45,187.89,183.13,187.33,4478900
2020-07-01,188.10,192.82,187.46,191.89,4754613
2020-07-02,193.16,195.39,192.29,192.53,4200292
2020-07-06,194.44,199.45,193.84,197.72,5794241
2020-07-07,197.66,200.22,196.21,196.38,5431497
2020-07-08,198.00,201.20,197.35,200.28,4233731
2020-07-09,202.02,202.82,195.64,200.74,6062761
2020-07-10,200.06,200.72,197.08,198.88,3783209
2020-07-13,200.00,200.26,188.03,188.34,5555350
2020-07-14,185.99,189.96,183.30,189.56,5854719
2020-07-15,191.03,192.10,186.75,188.09,7681765
2020-07-16,186.42,186.86,181.93,185.51,7350001
2020-07-17,187.14,188.40,183.36,187.78,4325636
2020-07-20,187.90,195.31,187.27,195.09,5728974
2020-07-21,196.00,196.50,189.48,190.80,5377815
2020-07-22,190.78,191.87,188.87,191.31,2833242
2020-07-23,191.48,194.57,187.51,188.54,3639519
2020-07-24,186.06,188.94,184.38,188.49,3908386
2020-07-27,189.90,191.56,188.65,190.96,3015701
2020-07-28,191.00,192.97,189.05,189.50,3114398
2020-07-29,190.15,194.56,189.75,193.61,3747754
2020-07-30,190.09,191.92,187.37,191.70,3587429
2020-07-31,193.00,194.99,190.67,194.85,3734611
2020-08-03,197.80,204.79,196.57,203.19,6561007
2020-08-04,203.00,203.39,198.90,201.41,4438519
2020-08-05,202.80,203.90,201.58,202.64,3615762
2020-08-06,202.97,209.95,202.40,207.79,5113305
2020-08-07,206.62,206.94,198.58,201.05,5423414
2020-08-10,200.40,201.48,195.72,197.16,5528192
2020-08-11,193.62,195.84,191.72,191.99,5015367
2020-08-12,193.00,195.42,192.12,192.62,3982152
2020-08-13,193.32,198.07,193.23,195.14,4711598
2020-08-14,195.22,195.48,192.52,193.46,2833235
2020-08-17,195.34,197.07,194.42,196.74,3574549
2020-08-18,199.33,204.80,199.00,204.01,7284820
2020-08-19,204.00,207.10,200.03,205.11,7080746
2020-08-20,203.85,210.11,203.51,209.51,5175146
2020-08-21,209.94,210.00,206.25,207.53,5727827
2020-08-24,208.88,209.29,205.15,208.46,5698981
2020-08-25,213.22,218.35,210.80,216.05,27096460
2020-08-26,251.96,277.97,249.47,272.32,63253350
2020-08-27,267.00,278.28,260.84,276.32,22817090
2020-08-28,271.28,275.75,267.40,271.10,28067960
2020-08-31,270.00,274.71,265.91,272.65,16010100
2020-09-01,271.00,281.93,270.58,281.25,13303240
2020-09-02,283.47,284.50,268.57,276.69,12963780
2020-09-03,270.58,271.75,257.41,265.01,14000570
2020-09-04,262.98,265.67,243.20,254.70,14374290
2020-09-08,240.56,253.68,240.14,241.27,15229590
2020-09-09,246.40,253.45,242.96,250.43,9988571
2020-09-10,254.81,256.51,246.97,247.80,5944965
2020-09-11,250.72,251.30,239.45,243.10,5455231
2020-09-14,246.31,248.87,244.04,246.64,4255201
2020-09-15,251.37,251.94,248.51,251.68,4133574
2020-09-16,254.67,255.43,250.23,250.60,5443037
2020-09-17,246.12,248.81,241.31,244.53,5279535
2020-09-18,245.13,248.11,238.71,242.78,6595560
2020-09-21,238.97,245.13,236.80,245.05,5561603
2020-09-22,246.74,248.57,241.26,247.78,3600779
2020-09-23,248.49,248.77,235.35,235.99,7507921
2020-09-24,235.84,239.96,233.63,237.55,4166772
2020-09-25,237.39,243.94,235.05,242.74,5117842
2020-09-28,247.56,248.58,242.21,246.67,4088330
2020-09-29,245.26,247.90,244.50,247.45,4009932
2020-09-30,246.65,255.41,246.22,251.32,8188533
2020-10-01,253.18,254.67,250.81,253.45,4318011
2020-10-02,249.75,254.95,247.21,247.85,4494464
2020-10-05,250.00,253.28,249.00,251.53,3403534
2020-10-06,252.73,257.29,249.00,250.14,4448122
2020-10-07,252.20,260.74,252.20,259.98,4963168
2020-10-08,264.20,264.62,257.08,260.22,4150423
2020-10-09,262.90,266.05,261.50,265.98,4225023
2020-10-12,270.00,270.00,265.29,267.07,4317010
2020-10-13,266.42,268.79,264.23,266.83,3713230
2020-10-14,270.00,270.16,258.75,261.83,5133096
2020-10-15,258.11,260.52,254.02,257.72,5262379
2020-10-16,259.24,262.52,258.49,258.55,3098043
2020-10-19,259.76,261.48,254.50,255.01,3242263
2020-10-20,256.12,259.18,254.05,255.97,2989655
2020-10-21,256.45,258.31,251.85,254.23,2794023
2020-10-22,253.89,255.22,246.13,249.67,3688499
2020-10-23,250.10,250.57,246.81,250.52,3159644
2020-10-26,245.30,248.11,237.38,241.98,5864144
2020-10-27,248.00,251.75,245.76,250.30,4285593
2020-10-28,244.60,245.45,238.01,238.43,4425446
2020-10-29,242.52,242.52,237.13,237.14,4588957
2020-10-30,235.82,237.75,228.66,232.27,5743182
2020-11-02,235.12,238.50,228.99,232.45,3953394
2020-11-03,235.10,240.94,233.28,237.13,4151377
2020-11-04,246.02,252.88,243.24,250.74,6505415
2020-11-05,258.11,260.92,255.44,260.22,8961728
2020-11-06,260.00,261.75,254.49,260.15,3798638
2020-11-09,260.95,270.92,257.25,259.28,8777470
2020-11-10,258.06,259.00,242.90,247.66,6863193
2020-11-11,253.51,256.74,251.21,254.18,4163391
2020-11-12,247.40,254.97,246.36,249.42,5612679
2020-11-13,252.84,253.79,247.56,249.51,5162933
2020-11-16,249.52,253.49,248.18,249.89,5712565
2020-11-17,253.74,258.27,250.46,256.17,5090667
2020-11-18,256.40,262.66,255.85,257.16,5880543
2020-11-19,256.84,267.09,255.66,264.65,8084559
2020-11-20,263.59,265.02,257.82,258.04,7289605
2020-11-23,261.23,261.74,254.61,257.64,5385625
2020-11-24,260.00,262.31,257.82,260.84,5802107
2020-11-25,263.73,266.10,245.05,246.82,26394900
2020-11-27,251.00,251.84,247.03,247.63,7395034
2020-11-30,245.48,247.63,236.07,245.80,18966440
2020-12-01,245.00,246.70,238.70,241.35,19349100
2020-12-02,225.48,226.00,215.63,220.78,52225540
2020-12-03,226.11,226.11,220.13,220.97,21395320
2020-12-04,223.82,228.60,221.82,225.86,20504770
2020-12-07,228.11,229.87,226.25,227.70,12864070
2020-12-08,228.65,229.50,225.66,227.86,12116750
2020-12-09,228.05,228.84,220.07,220.57,15651840
2020-12-10,220.57,224.31,220.16,222.92,9258643
2020-12-11,221.92,222.74,219.98,222.42,8214441
2020-12-14,223.09,223.47,220.45,221.27,8508542
2020-12-15,222.07,222.14,218.20,220.15,10775830
2020-12-16,221.48,224.00,220.25,223.62,8821387
2020-12-17,224.90,226.73,224.50,225.92,9946888
2020-12-18,227.02,227.82,224.40,227.43,11845440
2020-12-21,224.90,227.44,224.71,226.47,9219003
2020-12-22,227.00,231.87,226.60,231.17,10367340
2020-12-23,232.50,233.18,227.11,227.43,7090526
2020-12-24,228.30,229.19,224.83,225.78,6146282
2020-12-28,227.22,227.84,222.05,224.64,6422513
2020-12-29,224.97,225.30,220.86,222.46,6122445
2020-12-30,223.13,223.64,221.58,222.40,4724009
2020-12-31,222.27,222.79,220.17,222.53,6011121
2021-01-04,222.64,223.75,215.72,220.31,10319920
2021-01-05,219.49,223.00,217.99,221.52,8657235
2021-01-06,218.00,220.46,215.78,216.15,9789849
2021-01-07,217.03,220.66,216.50,217.98,8443142
2021-01-08,220.00,222.32,219.22,222.04,7301710
2021-01-11,219.63,220.58,216.23,218.25,7206463
2021-01-12,218.00,218.30,214.09,215.52,10735960
2021-01-13,217.00,218.90,215.53,218.18,6839171
2021-01-14,218.23,219.50,215.55,215.60,6548025
2021-01-15,216.17,217.87,212.99,213.14,8525598
2021-01-19,215.35,217.28,213.70,216.76,7753752
2021-01-20,221.99,224.64,219.97,223.44,9857747
2021-01-21,223.69,224.74,220.82,222.17,6800810
2021-01-22,224.90,227.79,223.75,225.77,10186080
2021-01-25,229.69,230.30,221.32,225.92,8213455
2021-01-26,227.80,227.91,224.54,226.26,5021036
2021-01-27,223.70,227.81,221.58,224.78,7641060
2021-01-28,225.00,229.60,225.00,226.50,7246045
2021-01-29,224.66,228.79,223.02,225.56,6472983
2021-02-01,227.21,229.90,224.75,228.46,5696684
2021-02-02,231.47,235.95,231.38,234.20,7134891
2021-02-03,235.00,236.00,232.26,234.82,5357550
2021-02-04,235.52,238.23,235.47,237.98,4770722
2021-02-05,239.15,239.36,236.41,238.89,5019976
2021-02-08,239.51,241.11,237.13,238.93,4336360
2021-02-09,239.56,240.08,236.24,236.70,5157234
2021-02-10,237.45,238.22,233.96,236.72,5535571
2021-02-11,238.93,242.89,238.58,241.24,6091619
2021-02-12,240.95,241.56,238.91,240.37,4314439
2021-02-16,245.00,251.23,243.80,248.59,10837610
2021-02-17,248.59,249.50,245.50,247.66,5907885
2021-02-18,245.97,248.01,242.57,247.01,4159075
2021-02-19,248.00,249.39,245.98,246.56,4647670
2021-02-22,244.26,244.52,240.38,240.95,5055001
2021-02-23,235.26,238.96,229.01,235.64,8641607
2021-02-24,235.53,241.50,231.51,240.47,6128260
2021-02-25,238.53,240.35,229.77,231.08,8828937
2021-02-26,229.39,230.50,216.34,216.50,20372920
2021-03-01,219.90,220.20,215.03,217.54,14027680
2021-03-02,218.40,218.60,213.34,213.47,10211490
2021-03-03,212.83,213.32,205.40,206.00,11459020
2021-03-04,206.84,209.09,201.51,205.33,12800550
2021-03-05,210.01,212.35,203.22,210.76,11405950
2021-03-08,213.62,214.90,207.57,207.72,9576414
2021-03-09,212.18,215.79,211.17,211.53,9732242
2021-03-10,214.72,216.15,211.77,211.96,7186394
2021-03-11,215.00,218.17,214.35,215.95,6430984
2021-03-12,213.45,213.85,209.30,212.21,6114641
2021-03-15,211.85,212.94,209.50,212.80,5741240
2021-03-16,214.84,216.69,213.47,214.48,5311048
2021-03-17,213.52,214.81,210.86,213.12,5805143
2021-03-18,210.70,211.38,208.40,209.48,5583153
2021-03-19,209.81,212.75,209.07,212.20,7088442
2021-03-22,211.48,216.98,211.37,215.17,5002466
2021-03-23,214.76,217.43,214.33,215.00,4578046
2021-03-24,215.13,215.28,209.41,209.53,4617736
2021-03-25,206.17,208.17,204.37,205.44,7977209
2021-03-26,205.64,209.41,204.77,209.09,7333155
2021-03-29,209.01,211.65,205.99,210.77,5686945
2021-03-30,208.64,211.29,207.35,210.00,4717943
2021-03-31,210.44,213.67,210.11,211.87,6837964
2021-04-01,213.60,218.93,213.37,218.72,7763501
2021-04-05,219.61,221.84,218.93,220.29,5553185
2021-04-06,219.82,221.55,218.25,221.09,5448464
2021-04-07,221.96,222.68,219.39,220.79,4403436
2021-04-08,223.00,225.71,222.45,224.45,6169133
2021-04-09,224.33,231.31,223.63,231.28,7319270
2021-04-12,229.52,229.85,227.15,228.76,6205676
2021-04-13,229.00,233.49,228.50,232.00,5397052
2021-04-14,232.85,233.14,227.66,228.02,4617597
2021-04-15,229.87,233.08,229.50,233.00,5073856
2021-04-16,234.00,234.00,229.89,231.91,5088749
2021-04-19,230.83,232.20,228.87,230.50,4257749
2021-04-20,230.00,231.45,226.89,227.96,4081214
2021-04-21,227.11,230.79,226.67,230.56,4024031
2021-04-22,230.00,233.89,229.01,231.35,4975361
2021-04-23,232.94,235.49,231.75,233.51,5448503
2021-04-26,234.04,235.80,232.42,235.46,3459634
2021-04-27,235.46,235.90,231.91,234.21,3445222
2021-04-28,235.00,238.33,233.53,236.88,4274512
2021-04-29,237.32,237.67,232.17,234.36,4140803
2021-04-30,232.80,234.50,229.52,230.32,5024797
2021-05-03,230.77,231.46,223.07,223.76,5835707
2021-05-04,221.67,222.00,214.36,217.18,6727513
2021-05-05,218.82,219.57,214.84,215.40,2676876
2021-05-06,215.81,218.28,213.50,218.05,5200021
2021-05-07,220.51,221.25,215.09,216.50,5774748
2021-05-10,215.50,215.96,213.23,213.89,5263698
2021-05-11,209.00,216.56,208.91,215.56,6097853
2021-05-12,213.34,213.37,209.00,210.54,5482463
2021-05-13,212.97,215.64,210.47,211.86,5337992
2021-05-14,214.19,218.27,214.15,217.66,4429018
2021-05-17,216.59,217.72,212.82,215.06,3811563
2021-05-18,215.44,217.35,213.79,214.33,3540556
2021-05-19,215.85,221.60,214.51,221.34,8092067
2021-05-20,222.98,226.83,222.36,223.78,6705464
2021-05-21,225.21,225.78,222.44,222.58,4913623
2021-05-24,225.00,227.60,224.21,226.99,5288324
2021-05-25,228.00,229.72,226.28,227.71,6256329
2021-05-26,228.48,230.24,228.29,229.68,5807104
2021-05-27,229.52,229.52,225.39,225.83,15344060
2021-05-28,239.22,243.50,237.83,238.10,17814520
2021-06-01,238.00,238.40,232.46,236.20,8103888
2021-06-02,234.40,238.29,233.90,234.62,5543876
2021-06-03,232.89,233.18,229.43,230.84,5109029
2021-06-04,231.63,237.89,231.52,237.48,6177588
2021-06-07,236.60,239.47,235.84,238.14,3510776
2021-06-08,238.80,241.79,235.67,236.42,5827260
2021-06-09,238.87,238.87,235.51,236.09,3350916
2021-06-10,236.00,240.29,235.15,240.19,4659511
2021-06-11,239.03,240.37,238.41,240.31,4624184
2021-06-14,240.70,246.64,240.48,246.26,6764691
2021-06-15,245.21,245.35,242.01,242.58,5135289
2021-06-16,242.00,245.01,239.48,242.39,5099349
2021-06-17,242.00,247.18,241.20,244.43,5170176
2021-06-18,241.85,246.01,241.06,242.78,7822172
2021-06-21,243.45,244.72,238.89,244.48,5895120
2021-06-22,243.80,244.72,240.89,243.11,4457165
2021-06-23,243.75,244.50,240.85,241.84,4482408
2021-06-24,243.35,247.69,242.70,243.77,4987330
2021-06-25,244.19,244.20,240.99,241.87,15409270
2021-06-28,244.21,247.59,243.60,244.57,4274889
2021-06-29,244.44,246.78,242.43,245.81,3871917
2021-06-30,245.48,246.62,243.50,244.27,4168762
2021-07-01,244.50,246.59,242.62,244.98,3899605
2021-07-02,246.92,248.96,245.84,248.20,4056827
2021-07-06,249.00,252.92,248.38,250.25,5590223
2021-07-07,253.00,253.50,247.86,248.44,5101415
2021-07-08,244.84,246.58,241.74,245.80,5159623
2021-07-09,245.59,248.00,244.09,245.06,4213545
2021-07-12,247.22,247.26,241.85,242.91,5604490
2021-07-13,242.29,247.16,241.68,244.02,6699829
2021-07-14,244.50,246.15,239.87,242.43,6375745
2021-07-15,241.22,242.03,235.82,237.58,7912574
2021-07-16,238.30,240.88,237.77,238.43,7288104
2021-07-19,236.51,238.50,234.31,237.55,8842963
2021-07-20,238.70,243.18,236.27,240.11,8486974
2021-07-21,241.44,242.98,238.27,242.11,15323130
2021-07-22,243.50,248.70,243.34,248.28,7868703
2021-07-23,250.00,250.56,246.68,248.25,5877259
2021-07-26,248.20,248.48,245.82,247.60,3960897
2021-07-27,247.21,248.13,241.19,243.51,6352540
2021-07-28,243.82,246.08,243.00,243.96,4100237
2021-07-29,243.49,246.16,243.49,244.04,3271103
2021-07-30,243.00,244.24,241.63,241.93,3748445
2021-08-02,242.31,242.47,238.88,240.86,3525726
2021-08-03,241.38,243.05,239.04,241.13,3077919
2021-08-04,241.62,244.65,239.67,244.17,4121614
2021-08-05,244.68,250.90,243.54,250.56,5235193
2021-08-06,249.23,252.08,249.22,250.59,4045384
2021-08-09,251.42,252.42,247.85,249.32,3312170
2021-08-10,250.87,251.25,243.04,243.39,4430617
2021-08-11,244.67,246.15,240.10,242.28,3999205
2021-08-12,242.50,248.43,241.93,248.39,4468390
2021-08-13,251.71,253.77,248.87,251.56,5986436
2021-08-16,250.17,251.00,244.47,249.20,4048733
2021-08-17,248.26,249.20,245.94,246.99,3472597
2021-08-18,248.00,256.80,247.72,251.22,8306650
2021-08-19,249.17,255.44,248.38,253.07,6600793
2021-08-20,253.00,257.87,252.61,256.13,5510730
2021-08-23,257.00,261.86,256.57,260.52,7603867
2021-08-24,261.92,262.50,259.06,259.66,6685164
2021-08-25,260.86,261.90,258.75,260.85,9700952
2021-08-26,269.80,275.22,267.36,267.79,18986970
2021-08-27,267.86,270.91,265.43,266.53,7992509
2021-08-30,265.81,267.58,264.75,264.97,5729953
2021-08-31,264.77,266.77,262.70,265.27,5901518
2021-09-01,266.27,273.26,265.59,268.32,7189035
2021-09-02,269.00,269.26,263.92,264.15,4499608
2021-09-03,263.60,267.41,261.80,267.08,7357515
2021-09-07,266.54,267.90,264.07,265.21,4673779
2021-09-08,263.62,264.34,261.58,262.62,3851513
2021-09-09,261.82,263.71,260.45,260.74,4126467
2021-09-10,261.00,261.59,256.50,257.20,5280883
2021-09-13,257.00,257.69,252.19,254.11,5258184
2021-09-14,254.11,255.11,253.00,254.37,4097542
2021-09-15,254.54,256.75,252.95,256.16,4764574
2021-09-16,255.53,261.22,255.00,260.36,5122575
2021-09-17,259.27,261.70,258.68,260.53,7053537
2021-09-20,256.59,259.21,254.94,258.22,5985544
2021-09-21,259.47,262.55,257.77,257.97,6040565
2021-09-22,258.90,260.36,256.21,259.17,4355561
2021-09-23,270.00,279.39,266.40,277.86,15617210
2021-09-24,278.50,286.36,278.21,285.63,13368310
2021-09-27,282.44,283.76,279.04,279.68,5941145
2021-09-28,275.11,276.70,270.04,272.28,7127081
2021-09-29,273.49,274.68,269.24,270.50,4361850
2021-09-30,270.65,274.26,270.44,271.22,5226998
2021-10-01,271.50,276.34,268.77,275.26,4756004
2021-10-04,275.22,275.30,266.14,270.86,6393840
2021-10-05,272.11,273.55,271.03,271.77,4050404
2021-10-06,269.67,275.49,267.50,275.27,4745485
2021-10-07,276.90,279.50,274.08,274.58,5374204
2021-10-08,275.54,276.92,272.27,272.48,2683286
2021-10-11,271.78,276.27,271.51,273.75,2693021
2021-10-12,276.42,280.75,276.02,279.00,5970095
2021-10-13,280.00,285.10,278.60,284.41,6575213
2021-10-14,286.00,290.64,284.66,290.02,5435676
2021-10-15,292.49,292.87,289.32,291.66,5119331
2021-10-18,290.78,293.25,288.71,291.70,5163348
2021-10-19,292.10,295.53,291.36,292.34,3631164
2021-10-20,293.11,295.41,287.95,290.09,4487918
2021-10-21,289.47,291.57,288.27,289.81,2828499
2021-10-22,289.00,293.00,288.18,292.56,2927049
2021-10-25,293.30,295.13,291.72,293.92,2993500
2021-10-26,295.78,298.36,293.62,295.11,3601447
2021-10-27,296.53,299.19,295.09,295.15,3742741
2021-10-28,295.07,298.81,293.53,298.38,3450407
2021-10-29,298.00,300.78,296.27,299.69,4251850
2021-11-01,301.50,304.86,299.72,302.76,3825097
2021-11-02,301.72,303.44,299.41,302.95,4177512
2021-11-03,303.95,303.95,298.19,302.89,3260169
2021-11-04,303.50,308.41,302.40,308.04,3833787
2021-11-05,308.50,311.40,303.34,307.25,4681990
2021-11-08,307.20,311.39,305.90,309.96,3893014
2021-11-09,310.00,311.75,307.22,309.71,3126523
2021-11-10,306.57,308.59,297.88,299.67,4350924
2021-11-11,301.50,305.75,301.50,302.98,2681892
2021-11-12,304.50,307.22,301.63,306.65,3803734
2021-11-15,306.90,307.76,303.23,305.49,3595625
2021-11-16,304.08,307.58,302.72,307.09,2989383
2021-11-17,307.78,309.90,307.25,308.02,3864656
2021-11-18,306.16,306.99,299.58,302.99,4444339
2021-11-19,305.71,306.00,301.10,301.17,4758869
2021-11-22,301.84,305.49,296.72,296.84,4476157
2021-11-23,293.65,296.47,288.31,291.42,6432469
2021-11-24,286.04,289.45,283.20,289.17,5091437
2021-11-26,284.50,287.57,283.04,284.21,4195279
2021-11-29,289.52,298.39,284.70,296.74,8215565
2021-11-30,296.19,299.27,283.40,284.96,13597640
2021-12-01,271.26,276.94,251.46,251.50,30744430
2021-12-02,252.82,262.58,252.14,261.20,12200790
2021-12-03,261.55,261.75,251.70,258.32,8944026
2021-12-06,256.10,259.23,250.71,258.75,7122951
2021-12-07,265.47,270.23,263.60,266.99,7401230
2021-12-08,268.31,268.50,264.57,266.31,4586480
2021-12-09,266.04,266.68,262.64,264.32,3966956
2021-12-10,266.10,270.57,264.44,266.03,3480091
2021-12-13,265.80,270.56,264.61,265.76,3625721
2021-12-14,262.00,262.15,253.30,255.59,7227339
2021-12-15,254.85,260.19,251.90,260.04,6484942
2021-12-16,260.00,261.35,252.22,253.12,6556672
2021-12-17,251.24,253.90,246.79,252.93,12170270
2021-12-20,249.89,251.54,246.50,247.21,5580059
2021-12-21,248.00,253.01,245.25,252.55,5428209
2021-12-22,253.42,254.26,249.51,252.80,4982392
2021-12-23,251.23,254.31,249.34,253.14,3769478
2021-12-27,253.39,258.43,253.24,258.30,3532542
2021-12-28,259.73,260.78,254.94,255.45,3296365
2021-12-29,256.00,256.43,253.12,254.54,2592745
2021-12-30,255.30,257.90,254.46,255.33,2950573
2021-12-31,254.47,256.49,253.63,254.13,3169312
2022-01-03,255.01,256.70,248.65,255.46,4318489
2022-01-04,256.85,256.87,243.40,248.23,7240729
2022-01-05,236.17,238.20,227.31,227.67,18882470
2022-01-06,228.04,234.48,226.05,229.15,9376094
2022-01-07,228.50,232.28,226.05,228.31,6286718
2022-01-10,225.50,229.83,218.89,229.63,7803784
2022-01-11,228.80,236.35,226.56,234.84,7635332
2022-01-12,237.00,239.28,235.76,237.83,6718884
2022-01-13,237.50,238.79,227.92,228.63,6680317
2022-01-14,228.03,233.29,227.61,231.23,5805137
2022-01-18,228.45,230.73,225.30,226.06,6034024
2022-01-19,227.47,232.21,226.17,226.27,5332617
2022-01-20,229.07,231.40,222.49,222.94,5663652
2022-01-21,223.06,224.77,218.25,218.63,9128418
2022-01-24,212.39,223.38,207.51,223.03,11674760
2022-01-25,221.00,223.90,214.67,215.39,9092713
2022-01-26,219.61,221.46,209.07,211.00,10029560
2022-01-27,214.08,223.15,212.06,212.74,9468583
2022-01-28,214.30,222.29,210.88,222.13,8254892
2022-01-31,222.95,232.91,222.26,232.63,7084216
2022-02-01,232.37,232.78,226.32,232.12,6387115
2022-02-02,233.74,234.49,223.02,225.01,9378866
2022-02-03,218.07,220.79,210.40,212.77,12826600
2022-02-04,214.99,221.67,213.19,219.23,6176474
2022-02-07,219.00,221.44,216.66,216.97,3922259
2022-02-08,215.60,217.94,212.15,217.43,5628683
2022-02-09,221.14,222.19,215.57,222.04,6107708
2022-02-10,217.70,221.99,215.81,217.67,5312607
2022-02-11,217.62,219.93,206.11,207.90,8165623
2022-02-14,205.80,209.90,204.63,206.40,7005942
2022-02-15,209.75,214.57,208.52,214.25,6355740
2022-02-16,211.00,212.42,208.21,211.74,7072715
2022-02-17,208.33,209.75,199.50,200.03,8820050
2022-02-18,200.40,202.60,195.79,196.84,6691812
2022-02-22,195.53,201.46,193.53,195.13,8434762
2022-02-23,196.35,199.00,190.13,190.54,7784294
2022-02-24,184.74,204.90,184.44,204.29,11792610
2022-02-25,204.72,208.47,201.61,208.09,5853614
2022-02-28,207.79,211.67,206.95,210.53,7904654
2022-03-01,213.40,214.39,208.46,208.89,12587320
2022-03-02,216.10,217.31,201.15,210.39,16670100
2022-03-03,210.39,211.63,204.22,204.75,6559852
2022-03-04,204.70,206.38,199.26,203.01,6816423
2022-03-07,203.45,204.93,196.04,196.23,7043501
2022-03-08,194.28,197.20,189.20,192.08,8229049
2022-03-09,198.35,205.23,197.22,203.16,6881263
2022-03-10,199.10,201.20,197.53,200.15,5604161
2022-03-11,204.77,204.77,197.63,197.90,5196914
2022-03-14,198.24,200.16,191.82,193.12,5665470
2022-03-15,198.53,199.96,192.74,196.14,5276325
2022-03-16,198.66,205.90,197.33,205.57,6043359
2022-03-17,204.62,210.68,202.56,210.41,5842555
2022-03-18,209.23,219.58,208.31,218.80,12220550
2022-03-21,218.19,219.10,210.61,213.72,6448739
2022-03-22,213.72,221.85,212.62,218.21,7018788
2022-03-23,213.87,213.93,208.31,211.11,8404667
2022-03-24,212.35,214.11,209.87,213.98,4150252
2022-03-25,214.27,215.86,208.48,211.03,3657994
2022-03-28,210.38,215.38,209.30,215.28,4290886
2022-03-29,218.62,222.16,216.77,221.29,5370373
2022-03-30,219.71,219.85,213.40,214.94,4951199
2022-03-31,214.50,216.79,211.79,212.32,7141260
2022-04-01,212.48,214.03,210.04,212.25,6007859
2022-04-04,214.63,221.00,214.10,218.85,7845801
2022-04-05,218.00,218.27,208.67,210.14,7304637
2022-04-06,205.21,205.47,198.08,200.82,7171285
2022-04-07,199.12,202.72,198.19,200.16,5245971
2022-04-08,198.64,200.14,196.62,197.17,3897664
2022-04-11,194.21,197.10,192.16,195.45,5173760
2022-04-12,199.75,201.12,194.58,194.81,4832184
2022-04-13,191.99,197.10,189.32,195.72,8733017
2022-04-14,196.32,196.45,189.22,189.41,5126676
2022-04-18,188.30,189.35,185.53,187.01,4899472
2022-04-19,187.24,192.20,185.52,191.39,6120405
2022-04-20,192.89,193.30,186.08,186.23,6015364
2022-04-21,188.78,190.17,176.74,177.23,9119512
2022-04-22,177.70,179.05,171.10,171.43,8843906
2022-04-25,169.69,174.76,169.23,174.57,7988936
2022-04-26,172.62,173.72,167.55,170.08,8073280
2022-04-27,171.00,177.23,170.62,174.68,9644616
2022-04-28,181.41,186.93,178.98,185.74,10617860
2022-04-29,182.57,185.36,175.30,175.94,7110752
2022-05-02,175.09,177.78,173.12,177.57,6278442
2022-05-03,176.95,180.38,176.13,178.36,5047686
2022-05-04,179.71,185.98,174.74,185.48,7563074
2022-05-05,180.49,182.24,169.82,172.30,8379395
2022-05-06,169.49,172.43,165.58,169.70,7232666
2022-05-09,166.72,170.29,162.13,163.60,9997769
2022-05-10,167.42,171.26,163.28,167.15,8598717
2022-05-11,165.50,169.98,160.83,161.27,7220076
2022-05-12,156.93,166.85,154.64,160.42,10187550
2022-05-13,163.55,168.68,162.01,166.91,6499749
2022-05-16,164.74,166.11,161.88,164.12,5065837
2022-05-17,167.33,169.10,158.27,163.73,7317728
2022-05-18,162.82,164.52,156.19,157.33,7454376
2022-05-19,155.23,159.25,154.73,155.60,8382193
2022-05-20,158.74,160.73,154.55,159.65,9068740
2022-05-23,159.84,160.73,155.91,160.32,6148844
2022-05-24,157.77,158.39,154.55,156.93,6928394
2022-05-25,155.32,161.89,155.32,159.65,7436776
2022-05-26,159.69,163.69,157.57,162.46,6697678
2022-05-27,160.67,165.23,160.25,165.10,7883615
2022-05-31,166.96,167.28,159.35,160.24,18114610
2022-06-01,178.01,184.42,174.37,176.07,37037410
2022-06-02,175.00,190.13,174.70,188.40,19231220
2022-06-03,185.00,189.64,183.80,184.91,9223960
2022-06-06,188.93,190.42,181.70,182.87,5811718
2022-06-07,181.71,188.60,181.71,187.15,6331089
2022-06-08,187.00,190.56,185.39,189.19,6226152
2022-06-09,188.53,192.68,186.61,187.11,8486282
2022-06-10,183.63,183.95,177.20,178.45,7857553
2022-06-13,170.55,172.68,165.06,166.03,10726190
2022-06-14,168.73,169.63,162.15,164.45,8576172
2022-06-15,166.73,171.50,164.68,168.55,7740676
2022-06-16,163.73,166.90,158.62,159.85,8090882
2022-06-17,158.56,166.23,158.17,163.26,13074630
2022-06-21,165.05,169.35,164.90,166.83,6736788
2022-06-22,164.70,170.45,164.21,167.45,5865254
2022-06-23,169.09,173.39,167.12,173.05,7257956
2022-06-24,177.72,186.41,176.55,185.92,12107110
2022-06-27,186.11,186.58,180.47,181.31,6170845
2022-06-28,180.29,182.33,171.44,171.46,6682362
2022-06-29,172.50,173.78,168.06,170.61,5430441
2022-06-30,165.05,167.50,161.11,165.04,9539418
2022-07-01,164.76,169.15,164.05,168.20,4561576
2022-07-05,166.10,172.35,164.61,172.20,4618069
2022-07-06,173.52,175.06,170.83,172.73,4085109
2022-07-07,174.17,176.94,173.17,176.64,4000121
2022-07-08,174.05,176.61,172.84,175.50,2869242
2022-07-11,174.00,176.32,171.26,174.36,3697537
2022-07-12,172.21,173.38,164.35,166.33,7072984
2022-07-13,162.41,165.84,161.17,163.49,6225916
2022-07-14,161.03,161.71,157.65,161.04,6096089
2022-07-15,163.71,167.61,162.22,167.38,6037651
2022-07-18,168.95,172.64,167.11,167.89,3818189
2022-07-19,170.92,174.10,167.81,173.81,4373417
2022-07-20,176.10,183.50,175.61,182.45,5654028
2022-07-21,180.66,185.53,179.91,185.35,3885958
2022-07-22,185.07,187.56,180.93,182.47,3804734
2022-07-25,181.83,181.99,175.07,177.29,4407891
2022-07-26,177.11,177.13,169.76,170.46,3886477
2022-07-27,174.86,182.23,174.35,180.30,4960877
2022-07-28,178.41,181.88,175.93,181.29,4562052
2022-07-29,181.82,184.42,180.22,184.02,4751359
2022-08-01,181.30,185.18,179.76,182.98,3997132
2022-08-02,180.81,185.14,179.43,183.79,4317852
2022-08-03,185.53,190.68,185.37,189.65,5786256
2022-08-04,188.56,191.58,187.25,191.27,3759666
2022-08-05,187.00,191.80,186.28,190.17,4090307
2022-08-08,191.09,194.37,189.08,189.75,3398638
2022-08-09,186.30,187.13,179.82,182.24,5851671
2022-08-10,188.16,189.57,186.21,188.61,4179165
2022-08-11,192.13,192.50,186.32,186.73,4175064
2022-08-12,186.63,190.02,185.50,189.89,3846152
2022-08-15,189.05,192.10,188.90,191.06,2768479
2022-08-16,189.55,190.85,186.36,189.59,3835945
2022-08-17,187.72,189.43,186.47,187.96,3181278
2022-08-18,188.42,188.57,186.61,187.93,2791624
2022-08-19,185.22,185.44,181.58,183.77,4346139
2022-08-22,180.00,180.59,176.06,176.98,5182913
2022-08-23,175.88,178.11,174.91,176.00,5076836
2022-08-24,176.67,181.23,176.06,180.01,11438810
2022-08-25,168.58,174.14,165.56,173.91,24025590
2022-08-26,173.96,176.30,164.63,165.23,11074720
2022-08-29,164.28,165.81,160.05,160.21,9329900
2022-08-30,162.14,163.85,158.38,159.67,8079359
2022-08-31,159.79,161.21,155.97,156.12,9166083
2022-09-01,154.87,155.33,150.87,153.53,9924037
2022-09-02,156.46,158.67,152.96,153.69,7315696
2022-09-06,152.88,154.43,150.82,151.72,6373733
2022-09-07,151.29,154.06,150.48,153.28,6211356
2022-09-08,152.32,157.03,151.78,156.90,6659237
2022-09-09,158.60,163.29,158.47,162.59,5645429
2022-09-12,163.69,165.66,162.74,165.63,6353354
2022-09-13,158.25,161.25,157.81,158.10,5463179
2022-09-14,158.59,161.65,158.01,160.28,6037309
2022-09-15,156.80,159.84,154.31,154.78,7012150
2022-09-16,151.92,152.21,149.56,151.51,9882285
2022-09-19,150.71,153.54,150.40,152.83,4874836
2022-09-20,151.00,151.58,148.85,149.80,5505747
2022-09-21,151.22,153.30,147.51,147.63,6164388
2022-09-22,149.51,152.86,149.15,150.15,12405070
2022-09-23,148.07,149.84,144.79,147.01,9175754
2022-09-26,147.00,151.19,145.35,146.32,7862409
2022-09-27,148.37,150.61,146.25,148.89,7046635
2022-09-28,146.00,150.88,145.67,150.17,7908447
2022-09-29,148.45,148.98,145.01,146.81,8602480
2022-09-30,146.01,148.63,143.75,143.84,7575618
2022-10-03,144.98,148.96,143.90,147.90,6819910
2022-10-04,151.70,157.41,151.22,155.73,8017945
2022-10-05,152.20,156.96,151.94,156.23,4256243
2022-10-06,155.72,158.25,154.44,155.46,3853938
2022-10-07,151.80,153.17,149.27,150.29,5956733
2022-10-10,150.62,150.96,144.58,145.64,5497767
2022-10-11,144.51,144.97,139.52,142.57,7414980
2022-10-12,142.31,143.44,139.58,142.29,5707135
2022-10-13,138.96,146.34,137.59,145.44,6548552
2022-10-14,147.33,147.70,142.00,142.22,5738358
2022-10-17,146.07,149.00,145.94,147.18,6288211
2022-10-18,156.45,158.97,151.90,153.53,16354760
2022-10-19,151.86,155.95,150.64,153.67,6220490
2022-10-20,155.00,161.30,153.60,157.50,9203368
2022-10-21,157.50,160.43,154.82,160.17,8335482
2022-10-24,161.18,161.57,158.40,160.65,6259152
2022-10-25,161.70,166.03,161.69,165.27,5804513
2022-10-26,159.80,164.12,158.70,159.91,6623009
2022-10-27,161.80,164.66,159.32,159.75,4987716
2022-10-28,159.51,163.09,158.17,163.02,5055359
2022-10-31,162.12,164.00,161.00,162.59,4878097
2022-11-01,165.00,165.70,159.64,159.82,4545909
2022-11-02,159.51,159.77,149.96,150.01,7242215
2022-11-03,149.00,150.41,146.13,146.33,5999352
2022-11-04,146.50,146.95,136.04,139.77,14265340
2022-11-07,140.62,144.93,138.77,144.59,7379946
2022-11-08,145.09,151.56,145.08,147.10,9101759
2022-11-09,145.85,146.33,141.94,142.06,5588538
2022-11-10,151.00,156.37,149.73,156.30,8777927
2022-11-11,156.49,159.92,155.58,157.73,7382476
2022-11-14,155.82,160.16,154.65,158.66,6580055
2022-11-15,162.68,165.25,160.75,162.07,8116050
2022-11-16,160.00,160.82,153.83,155.12,6454684
2022-11-17,150.19,151.76,148.34,149.69,7357904
2022-11-18,151.84,152.32,145.65,148.04,7556035
2022-11-21,146.02,147.34,143.40,144.85,8015886
2022-11-22,145.20,149.38,142.92,149.25,7017708
2022-11-23,147.62,152.91,147.55,152.24,5558886
2022-11-25,152.07,154.04,151.38,153.35,3023746
2022-11-28,152.00,155.32,152.00,153.69,7935615
2022-11-29,152.72,154.02,151.26,151.68,6398123
2022-11-30,150.75,160.25,150.13,160.25,14591530
2022-12-01,147.55,147.59,142.08,147.00,33721470
2022-12-02,144.29,145.21,142.78,144.56,15086660
2022-12-05,142.80,144.39,132.88,133.93,20294600
2022-12-06,132.71,134.55,130.91,133.27,16981800
2022-12-07,132.50,133.75,130.02,130.48,12915930
2022-12-08,128.43,131.46,127.02,130.13,15156910
2022-12-09,129.74,133.37,128.36,131.11,10287480
2022-12-12,131.10,134.09,130.95,133.11,11852360
2022-12-13,137.39,139.88,134.04,135.62,12579840
2022-12-14,135.01,137.27,133.23,134.75,9611766
2022-12-15,131.67,134.12,129.68,130.44,10810350
2022-12-16,128.92,129.88,126.89,128.27,15464710
2022-12-19,127.77,129.58,127.20,129.01,9441407
2022-12-20,127.50,129.99,127.19,128.45,8455518
2022-12-21,127.96,132.16,126.60,130.30,9313242
2022-12-22,128.67,129.54,126.34,129.19,9972880
2022-12-23,128.73,129.86,127.59,129.44,5821329
2022-12-27,128.56,131.75,127.65,130.66,8300844
2022-12-28,129.71,131.14,128.17,128.47,6249841
2022-12-29,129.70,132.95,129.50,132.54,7628826
2022-12-30,130.61,132.64,130.36,132.59,5630216
2023-01-03,135.19,136.95,133.03,134.78,8196354
2023-01-04,141.22,141.85,137.62,139.59,14322580
2023-01-05,137.64,138.59,134.24,136.34,8493489
2023-01-06,137.58,141.65,135.55,140.51,9145711
2023-01-09,142.59,149.20,142.59,147.10,13679740
2023-01-10,145.81,149.28,145.60,147.44,6527711
2023-01-11,145.28,147.04,143.56,144.90,13595040
2023-01-12,147.84,149.82,143.94,149.60,11678020
2023-01-13,146.20,149.96,146.09,149.51,8378111
2023-01-17,149.60,150.49,146.10,148.47,9407610
2023-01-18,148.86,149.54,145.29,145.45,7812580
2023-01-19,143.52,146.68,143.16,146.41,7070135
2023-01-20,144.30,151.53,144.30,151.25,10127050
2023-01-23,157.35,157.87,153.23,155.87,19922870
2023-01-24,154.61,160.21,154.50,154.86,6390216
2023-01-25,151.21,156.40,149.82,156.17,9390506
2023-01-26,158.19,165.17,158.10,165.09,13354590
2023-01-27,165.05,167.24,163.60,164.52,9872265
2023-01-30,164.07,166.44,163.40,164.75,8169797
2023-01-31,164.28,168.01,164.28,167.97,6421297
2023-02-01,167.73,173.08,167.00,171.82,8853905
2023-02-02,175.71,178.84,172.90,174.64,10667080
2023-02-03,170.02,175.08,169.86,171.04,6481708
2023-02-06,168.00,171.17,167.35,169.05,4310553
2023-02-07,167.57,171.73,166.61,171.28,6179220
2023-02-08,170.00,172.45,169.23,169.63,7694533
2023-02-09,173.33,175.38,172.01,173.66,11512320
2023-02-10,167.66,169.74,165.33,167.03,11273740
2023-02-13,168.28,171.16,166.95,171.08,8820334
2023-02-14,168.22,172.79,167.85,169.96,8393074
2023-02-15,168.85,171.60,168.24,171.10,4998274
2023-02-16,168.99,170.37,167.96,168.11,7483541
2023-02-17,165.03,167.11,162.74,165.17,8084490
2023-02-21,163.74,164.51,161.45,161.62,5210800
2023-02-22,163.11,165.00,162.11,163.36,4343685
2023-02-23,165.29,165.47,161.57,164.12,4679419
2023-02-24,160.59,162.39,159.66,162.20,6569915
2023-02-27,163.84,164.77,162.22,163.14,6891182
2023-02-28,162.53,164.45,161.53,163.61,6912624
2023-03-01,162.99,167.98,162.98,167.35,15841220
2023-03-02,193.12,193.91,185.20,186.59,37719870
2023-03-03,188.07,189.77,184.29,186.43,12087190
2023-03-06,185.07,189.00,183.62,183.80,10770250
2023-03-07,184.46,186.16,183.03,183.32,9024333
2023-03-08,183.30,184.90,181.80,182.95,6749072
2023-03-09,183.10,183.84,178.54,178.72,7102401
2023-03-10,178.50,179.36,171.71,173.18,14108960
2023-03-13,171.00,177.10,170.00,175.51,9154758
2023-03-14,180.00,185.31,179.11,182.89,10138050
2023-03-15,179.16,183.86,178.21,182.91,7716870
2023-03-16,183.30,187.65,182.98,187.30,8370712
2023-03-17,186.04,187.66,184.18,184.85,10493250
2023-03-20,184.21,185.52,182.65,185.25,5513205
2023-03-21,185.87,189.28,184.89,188.68,6982001
2023-03-22,190.00,191.44,186.41,186.51,6575610
2023-03-23,187.40,190.56,185.58,187.44,8685007
2023-03-24,186.50,190.32,186.09,190.06,6104529
2023-03-27,188.92,192.11,188.91,191.26,7776500
2023-03-28,191.18,192.83,191.18,192.30,4899041
2023-03-29,193.14,197.43,192.88,196.64,8085228
2023-03-30,197.77,198.17,195.49,196.60,6932465
2023-03-31,197.49,200.00,196.99,199.78,6634260
2023-04-03,198.22,198.93,195.53,196.49,5340770
2023-04-04,198.15,198.70,196.62,197.20,4659099
2023-04-05,198.00,198.29,193.73,195.31,3953707
2023-04-06,194.00,194.07,189.60,192.55,6304734
2023-04-10,190.59,192.55,189.28,191.49,5263845
2023-04-11,189.06,190.46,187.31,188.89,4907689
2023-04-12,190.30,191.88,189.53,190.32,5033376
2023-04-13,190.45,194.38,190.45,194.02,4716442
2023-04-14,191.85,195.17,191.19,194.65,5073782
2023-04-17,195.16,197.52,195.03,197.08,5413475
2023-04-18,199.08,200.12,197.06,198.50,4679040
2023-04-19,196.30,199.07,195.73,198.92,3665103
2023-04-20,197.18,200.08,196.82,197.51,3619971
2023-04-21,197.03,199.12,196.47,199.03,4860102
2023-04-24,198.45,198.77,194.06,194.92,4449683
2023-04-25,193.97,194.12,190.63,190.67,5009990
2023-04-26,192.62,194.37,190.57,191.52,4007551
2023-04-27,194.17,197.51,193.27,195.94,4794364
2023-04-28,196.15,198.65,195.27,198.37,4094567
2023-05-01,197.76,199.05,197.12,197.79,2882931
2023-05-02,198.02,198.41,192.93,193.84,6051017
2023-05-03,194.21,195.79,192.56,192.61,3779878
2023-05-04,191.90,194.56,190.76,192.38,4386506
2023-05-05,193.95,198.11,193.25,197.59,4284371
2023-05-08,198.72,200.50,196.08,197.90,4169404
2023-05-09,196.78,203.80,196.78,201.18,6996781
2023-05-10,204.94,206.28,203.04,204.85,6535555
2023-05-11,202.91,203.80,198.55,203.47,5366315
2023-05-12,203.43,203.96,200.13,201.81,4733643
2023-05-15,203.75,205.40,202.47,203.33,4518205
2023-05-16,201.93,205.67,201.75,204.56,4424764
2023-05-17,206.50,209.49,204.80,209.38,5772221
2023-05-18,209.50,213.88,209.33,213.32,5165465
2023-05-19,212.96,213.24,209.93,210.36,6091604
2023-05-22,209.17,212.82,209.04,210.26,3890834
2023-05-23,207.74,209.64,206.47,206.64,4256810
2023-05-24,206.04,210.21,205.42,209.06,4894012
2023-05-25,212.02,212.33,208.44,209.91,6496676
2023-05-26,212.80,216.15,212.55,215.44,6933320
2023-05-30,219.27,222.14,215.73,218.87,10421050
2023-05-31,219.55,225.00,217.06,223.38,19624030
2023-06-01,208.22,215.36,206.06,212.90,20907360
2023-06-02,212.90,216.14,210.43,213.03,11026890
2023-06-05,210.47,212.32,207.06,209.86,7804410
2023-06-06,208.55,213.40,208.37,212.85,6795996
2023-06-07,214.88,216.66,204.78,205.73,9323896
2023-06-08,205.38,210.38,204.85,209.53,5551699
2023-06-09,210.69,218.66,210.69,215.31,7679636
2023-06-12,216.15,220.39,212.14,213.69,11585180
2023-06-13,215.50,216.23,207.92,208.98,11698920
2023-06-14,207.70,211.71,205.02,209.40,8963393
2023-06-15,207.95,213.32,207.37,211.92,7905381
2023-06-16,213.54,213.65,210.60,211.76,13672660
2023-06-20,208.65,217.05,208.61,216.97,9527235
2023-06-21,216.52,217.79,208.07,209.59,7971632
2023-06-22,209.63,213.96,209.09,213.29,5694224
2023-06-23,210.50,211.00,208.07,210.09,14037590
2023-06-26,209.02,211.75,207.35,207.36,4771543
2023-06-27,208.14,210.48,207.52,208.82,4014756
2023-06-28,208.41,212.20,207.60,212.17,4775913
2023-06-29,211.90,212.65,209.72,210.43,3838304
2023-06-30,211.86,213.85,210.96,211.26,5984203
2023-07-03,210.57,211.96,209.92,211.65,2399966
2023-07-05,210.49,214.62,210.09,213.82,5071608
2023-07-06,211.20,212.50,207.83,210.14,4254061
2023-07-07,209.77,212.11,209.28,209.59,3022151
2023-07-10,209.00,212.87,208.31,212.81,3820076
2023-07-11,222.06,222.35,217.24,221.17,10030520
2023-07-12,221.90,228.09,221.61,227.28,8923503
2023-07-13,228.26,230.96,227.60,230.37,5800286
2023-07-14,229.70,232.20,228.15,229.33,4278735
2023-07-17,229.24,230.28,227.81,228.00,3558250
2023-07-18,227.05,229.62,225.47,227.63,5094240
2023-07-19,233.98,238.22,231.23,234.37,8516287
2023-07-20,231.10,233.50,227.32,228.16,5302994
2023-07-21,230.00,230.81,227.29,228.06,3529741
2023-07-24,227.26,227.59,223.54,225.66,5363244
2023-07-25,225.88,227.52,225.19,226.03,3203658
2023-07-26,224.46,227.51,223.12,225.58,4856673
2023-07-27,228.04,230.14,224.01,225.15,4299574
2023-07-28,226.00,227.31,223.98,225.60,4239278
2023-07-31,222.35,225.38,221.75,225.01,5573114
2023-08-01,223.89,224.81,221.63,224.27,4214465
2023-08-02,221.98,222.85,218.79,220.50,5129661
2023-08-03,216.20,218.21,214.60,215.56,5517079
2023-08-04,216.41,217.25,213.07,214.59,4800357
2023-08-07,215.31,216.89,214.37,216.06,3615192
2023-08-08,213.55,214.19,211.14,211.58,4843817
2023-08-09,211.65,211.66,204.91,205.86,7847512
2023-08-10,208.18,210.34,206.44,208.25,4004728
2023-08-11,206.13,209.50,205.50,208.70,2930776
2023-08-14,207.90,212.10,207.12,212.06,3304673
2023-08-15,210.33,212.37,207.84,208.78,4076371
2023-08-16,208.00,209.69,206.95,206.99,2759603
2023-08-17,206.57,206.93,203.39,203.84,4062741
2023-08-18,200.97,205.50,200.20,204.83,4267165
2023-08-21,206.00,209.42,204.22,209.03,4023325
2023-08-22,209.85,210.10,206.00,206.76,3153623
2023-08-23,208.00,210.99,207.14,209.13,3833154
2023-08-24,211.01,211.99,205.44,205.51,3960326
2023-08-25,205.51,210.79,205.48,209.47,3068820
2023-08-28,210.45,213.48,209.64,211.72,4086852
2023-08-29,206.75,212.46,206.52,211.96,5850364
2023-08-30,211.77,215.59,209.43,215.04,9946011
2023-08-31,228.00,228.79,221.20,221.46,19268400
2023-09-01,223.50,223.97,220.52,221.53,5600939
2023-09-05,219.33,220.32,217.61,218.69,5807335
2023-09-06,219.47,222.21,219.02,221.62,5066665
2023-09-07,219.77,222.73,219.31,222.53,4201915
2023-09-08,223.32,225.47,222.86,224.76,4580356
2023-09-11,226.01,226.82,222.79,225.31,4417969
2023-09-12,223.45,224.79,221.26,221.66,4002279
2023-09-13,221.18,221.86,218.29,218.80,4173592
2023-09-14,219.42,220.57,218.34,218.78,4297203
2023-09-15,218.87,219.19,213.46,214.61,9939044
2023-09-18,214.56,216.38,214.18,215.00,4279576
2023-09-19,214.39,216.06,212.26,215.70,4002204
2023-09-20,215.20,217.18,212.92,213.03,2991594
2023-09-21,209.80,211.89,208.07,208.61,4957895
2023-09-22,209.31,209.72,205.88,206.43,3848593
2023-09-25,205.00,206.53,203.87,206.34,4067309
2023-09-26,205.47,206.44,201.28,202.49,5404503
2023-09-27,202.99,203.93,200.94,202.73,4123766
2023-09-28,200.76,205.15,199.55,203.20,4344035
2023-09-29,205.08,207.79,202.10,202.78,4405143
2023-10-02,200.80,205.11,200.52,203.71,3745684
2023-10-03,202.75,203.56,197.42,199.83,4622359
2023-10-04,200.88,202.74,199.51,201.87,3656350
2023-10-05,202.00,202.15,198.49,202.01,3592613
2023-10-06,200.48,208.27,199.89,207.36,4989189
2023-10-09,204.89,208.28,204.69,207.22,2781322
2023-10-10,207.64,209.22,206.26,206.88,4503470
2023-10-11,207.23,209.20,204.41,206.85,3971001
2023-10-12,207.83,208.58,203.27,205.68,3548635
2023-10-13,205.11,207.14,203.21,204.59,3678409
2023-10-16,205.84,209.49,205.04,208.53,3623223
2023-10-17,206.49,211.94,206.00,209.84,4006090
2023-10-18,208.88,209.63,204.19,204.83,3380758
2023-10-19,206.45,210.95,205.53,208.32,4995930
2023-10-20,207.36,208.11,202.12,203.73,5539077
2023-10-23,199.90,203.57,197.85,202.00,4564116
2023-10-24,203.73,204.64,200.93,204.22,3959708
2023-10-25,203.20,203.74,195.43,197.06,4489976
2023-10-26,197.42,199.66,193.68,196.25,5149060
2023-10-27,197.30,198.31,195.41,196.57,3168554
2023-10-30,199.00,200.58,197.08,199.27,3438456
2023-10-31,200.42,201.91,198.66,200.83,3425426
2023-11-01,200.92,204.49,200.49,203.91,3593561
2023-11-02,206.31,208.26,205.95,208.11,4963628
2023-11-03,209.39,210.18,207.20,207.47,3861880
2023-11-06,208.21,208.48,204.69,207.42,3729658
2023-11-07,209.50,213.34,208.96,211.84,5467113
2023-11-08,212.42,212.52,209.65,211.47,3433465
2023-11-09,213.57,213.58,209.07,210.01,4731434
2023-11-10,209.40,214.26,208.84,213.63,4113413
2023-11-13,212.57,216.14,211.76,215.28,3306626
2023-11-14,219.00,221.25,217.95,221.18,4743828
2023-11-15,220.75,221.37,217.66,219.42,4800679
2023-11-16,220.00,222.77,218.94,221.45,3712533
2023-11-17,221.17,222.79,220.38,221.22,3636397
2023-11-20,221.43,226.10,220.62,225.13,4600980
2023-11-21,224.00,225.97,223.54,224.32,3852324
2023-11-22,224.30,225.69,223.21,223.84,3894413
2023-11-24,224.36,224.49,222.12,224.38,1869111
2023-11-27,225.50,226.22,224.25,224.79,4885506
2023-11-28,223.61,225.53,222.23,224.92,5535336
2023-11-29,228.61,231.50,227.26,230.35,12327440
2023-11-30,249.05,252.50,243.65,251.90,24425720
2023-12-01,250.00,263.43,249.70,260.00,14538230
2023-12-04,252.80,255.12,249.85,250.66,11429250
2023-12-05,249.99,251.67,248.64,251.02,5771514
2023-12-06,251.52,253.98,248.85,249.13,5374769
2023-12-07,248.75,250.73,246.89,248.85,6568249
2023-12-08,248.55,252.09,248.00,250.81,4605805
2023-12-11,250.00,253.52,249.71,252.10,4765980
2023-12-12,251.80,256.58,251.02,256.45,5827551
2023-12-13,257.51,259.12,255.16,257.32,6567630
2023-12-14,256.50,258.77,253.22,257.21,6613211
2023-12-15,255.01,262.31,254.51,261.60,13739530
2023-12-18,259.82,265.59,259.68,263.59,7498521
2023-12-19,265.47,266.58,263.74,264.34,4665500
2023-12-20,261.66,264.92,260.08,260.25,4510533
2023-12-21,264.75,268.36,264.24,267.25,5160697
2023-12-22,267.26,268.15,265.30,266.34,3110591
2023-12-26,265.53,266.53,264.62,266.22,3219024
2023-12-27,265.94,267.01,265.40,266.72,3386951
2023-12-28,266.50,266.92,265.30,265.58,2958714
2023-12-29,265.01,265.65,262.65,263.14,3706552
2024-01-02,260.54,260.56,253.77,256.13,4741418
2024-01-03,253.50,254.16,251.77,251.84,5097120
2024-01-04,251.83,252.64,249.84,251.24,4489773
2024-01-05,251.21,253.91,250.17,251.12,3675979
2024-01-08,252.21,261.56,251.39,260.87,6626012
2024-01-09,259.50,263.93,258.78,261.34,4571839
2024-01-10,263.27,266.46,262.75,264.13,5128300
2024-01-11,268.00,272.96,265.10,271.38,9012600
2024-01-12,271.23,275.24,271.06,271.93,4847604
2024-01-16,269.70,271.56,267.72,269.19,5858670
2024-01-17,268.29,271.90,264.13,271.44,4706498
2024-01-18,273.00,275.69,272.14,274.46,4752437
2024-01-19,276.51,282.00,275.53,280.88,7413577
2024-01-22,283.79,285.72,280.17,280.30,6735912
2024-01-23,280.83,281.71,275.71,276.77,6573810
2024-01-24,279.98,280.96,276.69,276.88,7037765
2024-01-25,278.61,279.85,276.86,279.03,4178020
2024-01-26,279.28,283.34,278.69,279.94,4877365
2024-01-29,281.40,288.15,281.00,287.86,5762263
2024-01-30,287.63,289.29,286.52,287.73,4810928
2024-01-31,284.05,285.63,280.82,281.09,4557283
2024-02-01,282.01,285.05,281.36,283.80,3218346
2024-02-02,285.20,288.16,283.16,285.66,3629843
2024-02-05,286.25,289.05,281.36,288.11,5274790
2024-02-06,287.94,288.64,281.91,285.83,4207846
2024-02-07,287.35,289.80,285.20,288.84,3621376
2024-02-08,289.30,293.11,288.98,291.95,4488432
2024-02-09,293.25,295.24,291.05,291.30,4376347
2024-02-12,290.82,291.00,287.00,287.32,3750035
2024-02-13,280.41,283.43,276.42,281.15,4956553
2024-02-14,285.00,289.46,284.64,289.15,3850721
2024-02-15,291.34,292.00,288.01,291.94,3986522
2024-02-16,292.00,292.07,287.88,289.72,4159391
2024-02-20,289.50,290.85,284.15,286.39,4285328
2024-02-21,280.07,283.57,278.36,283.55,3799041
2024-02-22,292.00,294.63,291.40,293.65,5264297
2024-02-23,298.00,298.00,291.08,292.80,4416764
2024-02-26,295.59,303.83,295.00,300.39,8719272
2024-02-27,301.58,301.75,296.60,299.50,6178811
2024-02-28,299.58,300.88,296.61,299.77,12490780
2024-02-29,300.00,310.54,294.79,308.82,21737810
2024-03-01,307.00,318.71,306.62,316.88,9366647
2024-03-04,314.57,317.65,313.54,314.64,9349980
2024-03-05,311.31,312.55,296.14,298.75,9015308
2024-03-06,304.64,305.89,302.74,303.77,8270036
2024-03-07,306.00,306.77,301.75,302.42,6788862
2024-03-08,302.20,308.87,302.20,305.28,4851635
2024-03-11,302.64,307.61,300.25,306.00,4895493
2024-03-12,306.71,309.04,303.87,306.62,4831976
2024-03-13,305.00,307.73,303.11,304.68,5548843
2024-03-14,305.00,309.49,302.00,303.32,4828755
2024-03-15,298.96,300.05,293.77,294.33,11885110
2024-03-18,299.62,300.97,296.02,300.51,5240467
2024-03-19,298.18,301.77,296.62,301.45,3329873
2024-03-20,301.97,307.02,300.69,306.08,4946571
2024-03-21,307.94,311.80,306.35,308.39,6083853
2024-03-22,309.32,310.23,306.65,307.77,3779208
2024-03-25,303.70,307.71,302.54,306.06,4141223
2024-03-26,307.48,307.98,304.89,305.83,3893853
2024-03-27,307.44,309.30,298.63,301.38,3859858
2024-03-28,300.00,302.80,299.63,301.18,4892275
2024-04-01,301.69,303.51,299.99,302.26,2918140
2024-04-02,297.50,304.46,294.89,304.00,4746113
2024-04-03,303.99,307.16,303.10,304.74,3047382
2024-04-04,308.26,311.30,292.10,294.14,8351020
2024-04-05,293.54,303.42,293.30,301.91,4918179
2024-04-08,301.10,303.50,299.52,301.73,3142901
2024-04-09,303.32,305.60,299.25,302.37,2998100
2024-04-10,298.45,300.92,298.15,299.62,3036384
2024-04-11,299.47,301.09,296.41,299.15,3468596
2024-04-12,296.87,297.85,293.50,294.32,3819966
2024-04-15,282.94,286.48,271.66,272.90,18365090
2024-04-16,274.78,280.56,272.44,277.41,7624347
2024-04-17,277.74,278.97,274.84,276.32,4199384
2024-04-18,276.32,276.33,269.75,271.92,5918155
2024-04-19,272.49,273.15,268.73,270.37,4913553
2024-04-22,279.39,279.70,269.56,273.81,6747204
2024-04-23,274.95,276.70,270.41,276.68,6285237
2024-04-24,278.00,278.94,274.11,276.19,3938845
2024-04-25,271.60,273.58,269.28,273.14,4811919
2024-04-26,275.00,276.90,273.46,274.29,3754585
2024-04-29,274.89,277.29,273.22,275.74,3608840
2024-04-30,274.51,274.61,268.36,268.94,5217985
2024-05-01,269.02,274.00,266.55,268.69,3761619
2024-05-02,270.43,273.08,267.94,272.13,3859883
2024-05-03,276.82,277.67,273.35,273.66,4041636
2024-05-06,276.17,277.13,274.06,275.63,3744763
2024-05-07,275.59,278.88,274.07,277.18,3507733
2024-05-08,275.73,279.94,275.73,278.97,3283270
2024-05-09,272.17,275.35,271.07,275.17,4709740
2024-05-10,276.10,279.64,274.97,276.67,2912308
2024-05-13,277.14,277.80,275.19,277.52,2998662
2024-05-14,276.96,278.86,275.04,276.80,3056843
2024-05-15,279.74,287.80,279.73,287.54,5828547
2024-05-16,289.42,290.02,284.58,284.68,3559188
2024-05-17,287.04,287.34,284.26,285.61,3478869
2024-05-20,286.00,287.72,285.11,287.07,2799272
2024-05-21,286.79,287.22,283.29,283.76,3492113
2024-05-22,283.41,287.09,282.83,283.82,3309164
2024-05-23,286.68,287.00,277.46,278.57,5456632
2024-05-24,270.93,274.96,268.53,272.29,8325132
2024-05-28,273.10,273.23,267.16,269.83,9294119
2024-05-29,268.00,272.87,267.77,271.62,13397850
2024-05-30,223.40,225.09,212.00,218.01,66860910
2024-05-31,219.11,234.62,216.06,234.44,36807430
2024-06-03,234.62,240.99,230.21,236.62,19962740
2024-06-04,235.72,240.59,232.20,234.86,11197480
2024-06-05,235.64,236.92,231.55,236.53,10772090
2024-06-06,239.88,246.75,239.45,242.76,11693760
2024-06-07,242.33,243.93,240.29,241.85,6883831
2024-06-10,241.79,243.64,240.43,241.84,7660118
2024-06-11,241.16,243.75,236.26,240.99,7264354
2024-06-12,240.56,242.20,234.89,235.80,10260120
2024-06-13,235.52,235.65,228.66,229.03,13566710
2024-06-14,229.35,235.25,229.20,231.94,8833734
2024-06-17,230.28,231.84,227.77,230.48,10563680
2024-06-18,230.48,232.29,229.23,231.81,7119770
2024-06-20,232.85,243.77,232.85,241.80,14809630
2024-06-21,240.57,245.37,240.19,245.06,15928790
2024-06-24,243.19,244.41,239.81,239.94,7545685
2024-06-25,241.78,243.10,239.87,241.76,6216627
2024-06-26,241.47,243.61,239.90,243.15,4524735
2024-06-27,245.00,258.60,244.45,252.85,12869020
2024-06-28,253.50,260.18,253.18,257.10,12619300
2024-07-01,258.15,259.48,254.53,256.21,5871685
2024-07-02,255.05,257.73,254.06,256.19,5130593
2024-07-03,256.98,261.22,256.94,260.95,4755729
2024-07-05,262.72,265.81,261.31,263.19,6562111
2024-07-08,261.38,262.84,257.19,257.37,6539287
2024-07-09,256.09,257.00,251.09,252.43,7017109
2024-07-10,251.20,254.80,246.11,252.59,8947679
2024-07-11,252.60,255.42,250.92,251.12,5343727
2024-07-12,251.62,255.29,249.69,253.97,4705492
2024-07-15,256.02,256.39,252.12,252.86,4404270
2024-07-16,253.78,256.78,252.67,256.03,4780386
2024-07-17,254.00,255.57,249.61,251.22,5625254
2024-07-18,252.14,252.45,245.72,247.35,6351643
2024-07-19,248.65,248.99,245.17,247.63,4468875
2024-07-22,248.75,255.58,248.00,254.08,5647588
2024-07-23,256.59,257.33,253.75,256.06,3905543
2024-07-24,253.63,255.91,248.90,249.78,5204088
2024-07-25,254.74,264.08,251.72,256.52,7155846
2024-07-26,258.17,264.49,257.07,262.71,6127323
2024-07-29,262.71,266.07,258.52,258.59,5101425
2024-07-30,259.62,260.75,255.12,257.93,3944295
2024-07-31,256.21,261.83,255.35,258.80,4647690
2024-08-01,259.90,263.36,249.74,253.06,5527395
2024-08-02,247.79,248.00,241.12,243.97,6504544
2024-08-05,232.32,241.82,232.21,239.01,6899342
2024-08-06,241.09,243.85,238.03,238.42,5673889
2024-08-07,242.61,246.53,239.66,240.04,4035549
2024-08-08,243.24,249.43,243.08,249.12,4474252
2024-08-09,248.70,252.95,248.45,252.53,2975285
2024-08-12,252.60,254.09,249.02,251.31,3679904
2024-08-13,253.00,255.78,253.00,254.60,4031818
2024-08-14,255.39,257.71,253.86,255.32,4145248
2024-08-15,257.90,262.89,256.24,262.79,5167930
2024-08-16,261.75,263.60,259.68,262.91,3494863
2024-08-19,263.10,265.39,261.63,265.38,4501262
2024-08-20,264.95,265.50,261.03,261.84,5731309
2024-08-21,261.10,262.14,259.18,261.09,4648204
2024-08-22,261.50,263.26,257.27,258.59,5111442
2024-08-23,261.99,265.60,260.70,264.00,4711326
2024-08-26,263.94,267.30,263.24,265.28,3818271
2024-08-27,259.65,264.46,259.40,264.20,5276384
2024-08-28,261.83,265.18,257.36,258.90,10981900
2024-08-29,271.01,271.95,256.28,257.01,14301690
2024-08-30,257.44,259.13,251.00,252.90,10507700
2024-09-03,252.62,253.69,246.64,248.06,6190352
2024-09-04,246.47,249.48,245.16,247.68,4706546
2024-09-05,245.98,248.50,245.00,246.12,4083624
2024-09-06,247.74,250.00,241.44,243.97,6259431
2024-09-09,246.50,249.36,244.77,245.76,4588809
2024-09-10,247.13,247.34,243.31,246.16,3544808
2024-09-11,244.81,250.02,242.01,249.57,4822215
2024-09-12,251.39,254.14,249.57,253.37,5221397
2024-09-13,252.54,256.83,252.44,254.57,4998901
2024-09-16,254.57,257.81,254.57,256.91,5367024
2024-09-17,258.72,259.37,254.76,255.19,5423388
2024-09-18,256.00,256.12,250.96,252.43,4436734
2024-09-19,260.72,269.54,258.05,265.99,11022830
2024-09-20,266.01,270.32,261.32,266.80,11463170
2024-09-23,267.25,268.06,262.24,264.21,6033986
2024-09-24,269.83,272.46,266.29,270.44,7154459
2024-09-25,270.45,277.05,269.38,274.09,7920044
2024-09-26,276.13,278.64,272.71,275.76,5253376
2024-09-27,276.26,277.84,275.06,276.64,5220075
2024-09-30,273.95,275.74,269.14,273.71,5062226
2024-10-01,274.14,274.70,269.69,270.87,4369918
2024-10-02,273.72,282.00,270.85,279.48,8512272
2024-10-03,278.99,281.12,277.73,280.91,3868447
2024-10-04,283.86,287.89,281.47,287.75,6131284
2024-10-07,286.58,288.17,283.38,284.57,4794652
2024-10-08,286.00,292.63,284.10,291.57,5211209
2024-10-09,290.82,291.57,287.08,287.92,4850952
2024-10-10,287.92,290.23,284.62,290.17,3965512
2024-10-11,289.21,290.24,286.30,288.10,3597035
2024-10-14,289.92,292.45,288.25,291.64,3642540
2024-10-15,293.46,293.58,288.00,288.35,3850782
2024-10-16,287.55,290.92,284.23,290.86,3496969
2024-10-17,291.96,293.34,290.10,291.11,2830025
2024-10-18,292.04,294.71,290.15,292.94,3087902
2024-10-21,289.00,292.92,288.04,291.29,2712571
2024-10-22,289.75,291.94,287.65,288.33,3100125
2024-10-23,287.73,288.30,282.62,284.43,3227071
2024-10-24,286.56,288.91,285.18,286.76,3210656
2024-10-25,290.00,294.38,288.83,290.46,3351560
2024-10-28,293.60,296.07,292.49,293.77,3867816
2024-10-29,294.00,300.60,292.81,298.89,4280743
2024-10-30,297.07,299.54,296.35,296.40,2826545
2024-10-31,292.60,296.09,289.55,291.37,4301838
2024-11-01,290.23,296.99,290.00,294.72,3527502
2024-11-04,297.99,300.18,292.92,298.01,5108329
2024-11-05,297.44,298.81,294.74,297.49,4456064
2024-11-06,305.00,308.56,303.07,306.90,5874885
2024-11-07,307.50,312.19,306.00,310.78,5722636
2024-11-08,310.03,322.81,309.44,321.95,8484970
2024-11-11,325.25,344.88,325.25,341.73,13954200
2024-11-12,339.29,348.86,338.51,341.15,7659675
2024-11-13,345.50,348.19,338.77,341.72,6902936
2024-11-14,342.44,346.00,330.82,331.65,7630619
2024-11-15,326.93,330.26,324.18,325.26,7093003
2024-11-18,327.00,327.00,320.20,322.25,4251074
2024-11-19,319.00,324.70,316.00,323.43,5469892
2024-11-20,325.29,327.26,322.01,325.70,3763500
2024-11-21,331.35,342.94,328.60,335.78,8364165
2024-11-22,338.95,342.81,335.78,342.02,5649365
2024-11-25,345.00,347.85,338.29,339.11,7117192
2024-11-26,341.98,343.81,339.14,343.18,4492772
2024-11-27,336.46,337.38,328.88,330.01,7471475
2024-11-29,329.34,331.99,327.25,329.99,3517586
2024-12-02,332.00,334.50,330.11,331.01,6063387
2024-12-03,327.40,332.80,323.65,331.43,12632360
2024-12-04,366.81,369.00,356.65,367.87,24733140
2024-12-05,360.78,365.45,356.67,361.38,10942120
2024-12-06,364.99,367.15,361.09,361.99,5738864
2024-12-09,361.70,361.70,350.79,351.57,6475001
2024-12-10,351.35,355.49,347.43,348.82,6032962
2024-12-11,353.49,360.20,351.88,354.85,7546604
2024-12-12,355.00,360.00,352.92,358.03,5422002
2024-12-13,364.00,364.80,352.50,354.31,5538020
2024-12-16,350.78,358.07,350.56,357.23,5482323
2024-12-17,356.90,357.23,349.11,350.97,6910983
2024-12-18,354.50,354.77,335.24,337.23,8400030
2024-12-19,341.69,343.53,335.43,336.23,7423351
2024-12-20,332.74,346.45,331.14,343.65,14932310
2024-12-23,342.25,343.85,336.68,342.90,5330267
2024-12-24,343.00,344.95,340.83,344.43,1810961
2024-12-26,344.88,344.88,341.03,341.72,3484545
2024-12-27,340.35,342.27,335.27,338.45,3220402
2024-12-30,333.47,338.11,331.61,335.74,3411528
2024-12-31,336.27,337.15,332.41,334.33,3026017
2025-01-02,336.31,338.92,327.81,330.66,4807138
2025-01-03,332.10,333.44,329.27,332.90,4102503
2025-01-06,334.02,336.60,327.28,330.53,5785333
2025-01-07,330.50,331.50,322.91,324.93,4643133
2025-01-08,327.74,328.80,323.11,326.90,3788206
2025-01-10,322.76,322.76,316.02,317.85,6539973
2025-01-13,314.60,320.55,313.80,319.07,4583023
2025-01-14,325.00,329.94,321.50,323.54,5935221
2025-01-15,329.88,331.53,320.78,321.16,6042674
2025-01-16,322.94,327.72,319.55,320.00,5051487
2025-01-17,328.72,329.57,323.07,324.56,6303558
2025-01-21,329.40,329.52,322.45,326.84,6397166
2025-01-22,331.25,335.23,327.28,332.62,7259285
2025-01-23,332.33,335.46,329.60,334.66,4355877
2025-01-24,336.30,338.65,331.79,333.88,3299074
2025-01-27,332.36,353.15,330.50,347.10,15661110
2025-01-28,354.77,367.09,350.45,359.95,12099290
2025-01-29,358.76,360.18,351.50,354.00,6266724
2025-01-30,340.90,348.00,340.00,343.57,7591129
2025-01-31,348.00,349.50,340.10,341.70,5781541
2025-02-03,335.97,341.46,331.26,339.24,4549415
2025-02-04,345.62,346.93,338.67,344.14,4965602
2025-02-05,345.72,348.04,338.87,347.93,4521009
2025-02-06,337.48,337.48,329.10,330.81,13240640
2025-02-07,332.00,333.82,323.72,325.83,7626090
2025-02-10,327.92,331.75,326.65,327.20,5981915
2025-02-11,324.02,326.44,321.26,324.40,5455939
2025-02-12,319.55,327.00,316.97,326.12,5643373
2025-02-13,326.20,330.35,323.22,329.85,4312066
2025-02-14,328.03,328.50,322.62,326.54,5879716
2025-02-18,328.59,329.16,323.00,328.96,5262109
2025-02-19,329.74,329.74,322.87,324.53,5012019
2025-02-20,322.24,324.45,318.21,318.43,6393050
2025-02-21,318.97,318.97,306.86,309.80,7353214
2025-02-24,311.51,312.73,303.52,308.32,6652863
2025-02-25,306.25,308.42,300.62,305.88,7360070
2025-02-26,312.66,313.70,306.45,307.33,12638450
2025-02-27,296.34,304.92,292.67,294.90,16691440
2025-02-28,295.95,301.98,292.15,297.85,10863110
2025-03-03,301.00,303.07,291.06,293.06,6298208
2025-03-04,290.00,291.65,282.24,287.34,9096260
2025-03-05,287.22,292.68,285.62,291.97,6612561
2025-03-06,288.23,298.08,284.83,286.05,10396810
2025-03-07,283.18,288.31,275.17,282.89,8248082
2025-03-10,276.97,278.35,270.72,272.90,10040220
2025-03-11,273.72,280.45,272.00,277.05,8313375
2025-03-12,281.85,285.93,279.09,284.58,7463894
2025-03-13,282.05,282.56,269.75,271.74,9494522
2025-03-14,275.00,279.89,272.68,279.40,6976916
2025-03-17,277.37,282.73,276.08,280.75,4484727
2025-03-18,280.02,280.50,275.94,278.73,5882123
2025-03-19,277.50,282.22,277.29,279.39,5245412
2025-03-20,277.06,282.88,277.06,279.03,5504720
2025-03-21,276.21,281.85,274.05,280.62,9804132
2025-03-24,283.74,286.76,283.22,285.96,6763802
2025-03-25,285.61,290.45,285.61,288.61,4301704
2025-03-26,288.34,289.04,279.58,280.99,5073391
2025-03-27,280.54,280.90,276.01,277.81,3757245
2025-03-28,276.71,277.20,269.19,269.97,4973419
2025-03-31,264.55,268.45,259.19,268.36,7585804
2025-04-01,268.86,270.82,265.82,270.20,4598153
2025-04-02,265.96,273.63,265.75,271.54,5396853
2025-04-03,260.14,262.57,254.45,255.23,8872602
2025-04-04,247.70,250.29,239.53,240.76,9704996
2025-04-07,230.00,252.95,230.00,244.21,11965180
2025-04-08,253.95,257.39,240.27,243.99,9340310
2025-04-09,240.90,268.17,240.90,265.17,12491150
2025-04-10,260.00,261.24,248.13,255.12,9692344
2025-04-11,254.27,256.41,247.68,255.00,6089003
2025-04-14,260.00,260.00,253.14,254.55,6038546
2025-04-15,254.37,256.72,253.80,254.93,5227671
2025-04-16,251.93,256.61,246.69,249.84,7190940
2025-04-17,249.77,251.56,246.80,247.26,5566857
2025-04-21,240.43,242.48,232.77,236.26,9240009
2025-04-22,238.23,244.22,235.60,243.39,7145288
2025-04-23,252.61,257.79,249.50,250.48,5818895
2025-04-24,258.20,264.98,257.00,264.70,7857563
2025-04-25,264.72,269.03,264.20,267.85,5651651
2025-04-28,268.14,269.50,263.33,265.64,4977724
2025-04-29,265.40,268.57,265.17,267.76,3140601
2025-04-30,264.80,268.87,263.00,268.71,4624088
2025-05-01,273.40,274.60,269.00,269.33,5208927
2025-05-02,274.46,276.32,272.25,275.08,4323760
2025-05-05,273.37,276.17,272.31,272.63,4219639
2025-05-06,269.82,274.80,268.54,273.36,4681552
2025-05-07,273.71,278.79,273.71,278.23,4268307
2025-05-08,279.21,283.05,278.38,279.74,4789858
2025-05-09,281.62,282.48,273.88,275.42,4324188
2025-05-12,285.00,288.97,283.23,288.82,5937370
2025-05-13,291.00,292.74,288.93,289.17,6711550
2025-05-14,293.50,296.05,289.26,290.74,7926186
2025-05-15,289.57,291.97,287.95,290.76,4635862
2025-05-16,291.09,292.17,289.72,291.15,3845977
2025-05-19,288.10,289.90,286.91,287.63,5781196
2025-05-20,288.09,288.44,285.21,288.06,4032283
2025-05-21,284.41,287.63,281.11,282.28,5689839
2025-05-22,282.50,286.35,281.03,283.42,6642690
2025-05-23,279.00,280.74,271.65,273.13,8887815
2025-05-27,273.17,278.58,270.29,277.19,10958030
2025-05-28,277.71,278.81,273.58,276.03,12758640
2025-05-29,263.59,267.79,254.50,266.92,28074950
2025-05-30,268.08,269.74,260.70,265.37,12388510
2025-06-02,263.11,263.79,259.14,261.62,9213476
2025-06-03,262.00,264.75,261.36,264.47,7838480
2025-06-04,264.19,265.50,261.62,263.17,7372529
2025-06-05,263.71,268.75,263.63,267.14,8647080
2025-06-06,269.97,274.90,268.21,274.51,7507040
2025-06-09,272.85,274.20,269.66,272.25,5728297
2025-06-10,272.07,273.75,266.84,268.22,6309748
2025-06-11,268.50,269.51,265.41,265.91,6568118
2025-06-12,264.70,269.02,263.40,266.91,8054033
2025-06-13,263.48,265.70,258.00,258.40,7659317
2025-06-16,260.39,263.98,259.96,263.88,7177005
2025-06-17,263.85,270.50,262.10,262.76,9110069
2025-06-18,264.80,265.07,257.47,259.50,7628009
2025-06-20,260.69,262.87,259.26,260.63,12859180
2025-06-23,260.64,264.74,258.75,263.41,9283842
2025-06-24,265.71,273.38,265.44,271.17,9713901
2025-06-25,272.00,274.00,266.98,267.76,6074324
2025-06-26,268.78,271.01,265.16,270.74,6707978
2025-06-27,271.86,274.17,269.43,273.42,21741380
2025-06-30,274.46,276.38,270.40,272.69,8541909
2025-07-01,272.08,274.00,270.64,271.91,6256810
2025-07-02,271.52,271.71,265.65,269.21,6115241
2025-07-03,269.70,274.73,269.31,272.15,5031804
2025-07-07,271.51,274.00,268.21,269.80,6283544
2025-07-08,270.79,276.80,269.73,273.65,6661156
2025-07-09,274.36,275.56,269.37,270.92,6373573
2025-07-10,270.90,271.49,263.21,263.97,7252495
2025-07-11,262.58,262.95,257.26,258.07,7011161
2025-07-14,258.60,262.23,257.50,259.68,6533856
2025-07-15,261.00,261.81,257.23,257.58,5201492
2025-07-16,258.93,258.98,254.52,257.95,5649489
2025-07-17,257.99,260.20,256.65,259.88,5837430
2025-07-18,260.30,262.98,259.12,262.38,6381212
2025-07-21,263.62,264.31,261.64,262.28,6714731
2025-07-22,263.00,265.89,262.00,263.59,5001439
2025-07-23,263.92,268.48,262.50,267.22,5620704
2025-07-24,267.98,269.30,265.64,267.70,5877061
2025-07-25,268.01,271.10,267.01,269.11,4015439
2025-07-28,269.50,270.34,266.59,270.25,4533658
2025-07-29,271.60,274.00,267.31,267.39,5137094
2025-07-30,266.87,267.77,263.33,264.81,3928206
2025-07-31,265.00,265.04,257.86,258.33,7340250
2025-08-01,254.99,255.99,250.13,250.74,7646866
2025-08-04,251.00,253.50,250.64,252.32,4403485
2025-08-05,253.01,253.29,247.01,247.49,6760966
2025-08-06,249.37,250.26,247.02,249.17,5834652
2025-08-07,250.69,253.00,236.97,240.88,10010180
2025-08-08,241.29,242.95,237.83,240.51,8812027
2025-08-11,238.92,241.87,231.57,232.68,10740080
2025-08-12,233.00,233.67,226.48,231.66,13183190
2025-08-13,233.01,237.35,229.60,237.03,10209170
2025-08-14,237.00,237.00,232.87,233.37,7544771
2025-08-15,236.15,244.50,234.63,242.44,12942820
2025-08-18,239.77,244.52,239.49,243.97,8809192
2025-08-19,245.00,248.50,243.44,246.00,8642172
2025-08-20,245.70,247.57,244.45,246.45,8195052
2025-08-21,245.04,246.29,240.02,245.83,5646824
2025-08-22,245.78,249.53,244.11,248.29,6694286
2025-08-25,249.37,249.37,246.79,247.87,4957726
2025-08-26,246.70,248.83,242.85,243.74,8862311
2025-08-27,245.75,250.37,245.61,250.16,6506877
2025-08-28,252.48,255.65,250.29,254.53,8461229
2025-08-29,255.40,257.64,252.87,256.25,7363207
2025-09-02,254.82,254.99,248.75,252.86,9312525
2025-09-03,255.06,258.00,250.54,256.45,17417950
2025-09-04,240.06,245.22,234.62,244.01,30967510
2025-09-05,244.83,251.13,244.36,250.76,13029440
2025-09-08,250.80,252.94,247.30,252.27,12602240
2025-09-09,251.32,255.34,251.21,252.06,10901940
2025-09-10,252.75,253.99,241.73,242.57,11363640
2025-09-11,243.70,247.17,243.50,246.28,6944891
2025-09-12,246.09,247.59,241.25,242.76,8386354
2025-09-15,243.25,244.71,240.84,242.52,7244575
2025-09-16,242.52,242.68,237.24,239.31,8779787
2025-09-17,239.97,243.00,239.38,242.21,10123960
2025-09-18,244.16,247.29,242.95,244.28,9344384
2025-09-19,246.02,247.20,243.35,247.09,11813950
2025-09-22,245.28,250.48,243.16,249.69,7523794
2025-09-23,249.74,251.36,244.13,244.56,7669787
2025-09-24,245.66,248.84,243.01,245.89,6707081
2025-09-25,244.50,244.66,239.49,240.95,8145495
2025-09-26,240.69,244.53,240.35,243.43,4974641
2025-09-29,244.72,245.82,242.87,245.10,6373506
2025-09-30,245.05,245.21,235.81,237.00,10801100
2025-10-01,236.49,242.47,233.51,235.69,10016630
2025-10-02,235.43,239.40,233.60,238.88,7679234
2025-10-03,238.75,242.81,238.50,240.36,8849786
2025-10-06,239.33,250.47,235.41,245.78,13922570
2025-10-07,246.48,247.36,237.55,239.74,8387424
2025-10-08,239.74,241.32,235.65,240.43,7120245
2025-10-09,239.27,245.96,237.15,245.33,7929056
2025-10-10,246.52,249.05,240.72,241.68,7988316
2025-10-13,242.89,249.35,242.37,248.75,8276527
2025-10-14,248.11,248.28,239.55,239.77,9123850
2025-10-15,240.87,241.32,235.90,236.58,8389242
2025-10-16,253.19,256.74,242.67,246.00,24869700
2025-10-17,246.57,250.78,242.16,243.08,10851170
2025-10-20,245.00,255.40,244.30,254.28,9963869
2025-10-21,254.50,267.12,254.00,263.41,13354740
2025-10-22,262.20,262.40,256.51,256.64,9369960
2025-10-23,257.60,258.56,254.12,255.05,6110051
2025-10-24,257.42,258.50,254.00,254.83,5490805
2025-10-27,257.08,258.10,254.92,255.47,4942412
2025-10-28,255.47,258.84,254.14,254.26,6435589
2025-10-29,252.00,253.57,249.04,251.46,7904176
2025-10-30,250.50,259.28,250.00,256.65,7767832
2025-10-31,254.79,261.82,252.63,260.41,6878316
2025-11-03,260.00,261.56,255.10,261.34,7054310
2025-11-04,258.15,259.26,253.46,254.44,6792207
2025-11-05,254.70,256.83,252.01,252.68,5241235
2025-11-06,250.53,250.53,234.48,239.27,11041830
2025-11-07,236.15,240.97,235.79,239.88,5741472
2025-11-10,240.00,241.91,235.08,241.71,6486584
2025-11-11,241.90,245.70,241.16,244.50,5762752
2025-11-12,245.74,248.43,243.68,246.02,4278214
2025-11-13,245.25,245.90,239.91,240.43,5542078
2025-11-14,238.31,245.18,237.42,243.66,5512886
2025-11-17,242.07,242.83,235.59,237.03,5280850
2025-11-18,236.24,237.79,230.27,233.50,8045145
2025-11-19,232.00,232.28,225.06,227.88,9710689
2025-11-20,229.25,231.07,223.30,225.37,7521103
2025-11-21,224.86,228.68,221.96,227.11,7479250
2025-11-24,227.34,228.84,225.04,226.82,8563304
2025-11-25,226.80,234.63,226.52,234.12,10232970
2025-11-26,230.51,232.82,226.00,228.15,8506615
2025-11-28,229.00,232.56,228.62,230.54,3691505
2025-12-01,228.67,234.25,228.60,232.83,5634655
2025-12-02,233.02,236.65,231.62,234.71,7626188
2025-12-03,235.36,239.26,233.16,238.72,13782000
2025-12-04,243.69,248.97,237.60,247.46,20912130
2025-12-05,250.83,261.88,249.50,260.57,15852440
2025-12-08,261.88,264.28,256.34,259.53,10805450
2025-12-09,260.00,262.25,259.00,261.02,8045882
2025-12-10,260.75,265.93,259.15,264.20,8894682
2025-12-11,263.50,267.90,260.77,262.35,7783785
2025-12-12,263.52,264.49,260.91,262.23,6006578
2025-12-15,261.21,262.28,253.09,254.58,10271790
2025-12-16,254.00,255.86,252.11,254.91,6145269
2025-12-17,256.33,261.97,256.25,258.14,6268965
2025-12-18,258.42,260.07,256.16,257.85,5654161
2025-12-19,260.68,262.04,255.50,259.91,20732080
2025-12-22,260.62,264.63,258.40,264.63,5664201
2025-12-23,262.71,264.24,260.52,263.43,4745113
2025-12-24,263.23,266.30,262.55,265.26,2076637
2025-12-26,264.80,267.91,264.80,266.08,2456402
2025-12-29,264.71,269.11,264.71,266.23,4300077
2025-12-30,266.66,268.28,265.33,265.92,3291837
2025-12-31,265.29,266.10,264.39,264.91,3367930
2026-01-02,265.00,265.38,252.48,253.62,9680584
2026-01-05,253.62,259.59,252.31,256.26,6421470
2026-01-06,255.20,263.55,255.00,262.90,6103321
2026-01-07,263.50,267.82,263.50,266.12,5976201
2026-01-08,264.40,265.20,260.41,260.53,5243453
2026-01-09,260.00,261.02,256.51,259.94,5174372
2026-01-12,259.00,261.56,255.77,259.40,4927734
2026-01-13,257.66,260.91,240.35,241.06,13660960
2026-01-14,239.18,242.24,236.46,239.57,10149310
2026-01-15,237.02,238.84,231.67,233.53,11489590
2026-01-16,232.95,232.95,226.44,227.11,13902610
2026-01-20,223.54,227.94,219.35,220.07,13050760
2026-01-21,220.15,223.39,218.96,221.58,12616560
2026-01-22,222.24,228.72,221.11,228.09,9482971
2026-01-23,226.78,230.85,226.65,228.05,9408048
2026-01-26,229.43,230.95,227.59,229.40,7239632
2026-01-27,231.94,235.74,226.27,228.53,9838362
2026-01-28,229.39,231.86,227.67,227.96,8465904
2026-01-29,216.67,217.28,208.78,214.08,18555570
2026-01-30,214.16,215.55,211.03,212.29,11090430
2026-02-02,214.35,216.89,209.80,210.81,7950855
2026-02-03,205.00,205.56,193.11,196.38,20194180
2026-02-04,193.31,200.67,187.28,199.44,23009970
2026-02-05,193.99,199.56,188.79,189.97,21956300
2026-02-06,191.63,194.60,187.12,191.35,13652620
2026-02-09,189.30,195.20,185.73,194.03,12112030
2026-02-10,191.90,199.10,190.75,193.45,13392990
2026-02-11,193.15,193.66,181.81,185.00,16350190
2026-02-12,185.96,188.32,180.24,185.43,16849110
2026-02-13,186.44,193.45,184.30,189.72,14822880
2026-02-17,190.97,193.00,183.17,184.29,13692930
2026-02-18,183.88,188.14,181.86,187.79,9852893
2026-02-19,186.60,186.95,183.23,185.29,9565134
2026-02-20,185.32,191.73,183.73,185.16,10816220
2026-02-23,181.27,182.47,174.57,178.16,15498630
2026-02-24,177.64,188.67,176.28,185.42,15564730
2026-02-25,183.00,192.60,182.26,191.75,21875070
2026-02-26,196.76,201.03,191.33,199.47,26680490
2026-02-27,191.91,195.92,189.92,194.79,16346540
2026-03-02,192.50,195.94,190.68,192.95,9932748
2026-03-03,190.75,198.67,189.58,196.05,13208920
2026-03-04,195.10,196.47,192.10,193.08,11583730
2026-03-05,194.36,204.42,194.24,201.39,15860910
2026-03-06,200.79,202.96,197.37,202.11,9657395
2026-03-09,198.56,203.67,195.87,198.79,10754800
2026-03-10,197.26,199.57,190.60,194.91,14467400
2026-03-11,196.40,199.55,191.29,194.13,9580004
2026-03-12,194.13,204.85,193.15,199.28,26309730
2026-03-13,199.73,201.00,191.75,192.83,14834720
2026-03-16,195.15,198.63,195.15,198.34,13419640
2026-03-17,198.22,202.38,194.45,195.31,11559320
2026-03-18,193.40,196.15,192.64,194.34,10525100
2026-03-19,195.59,200.40,193.30,194.99,9254295
2026-03-20,193.21,195.67,190.00,195.38,20201080
2026-03-23,197.09,198.05,192.00,195.18,13976240
2026-03-24,192.14,192.14,182.29,183.02,18631390
2026-03-25,185.70,187.38,179.85,181.96,12565190
2026-03-26,181.18,187.47,179.53,185.64,10330720
2026-03-27,184.00,184.11,178.82,179.31,9901975
2026-03-30,180.10,186.39,179.58,185.03,11617720
2026-03-31,184.90,188.50,182.31,186.67,11041380
2026-04-01,186.85,188.98,183.01,186.24,11677680
2026-04-02,185.30,187.58,181.57,187.18,11635450
2026-04-06,187.50,188.14,183.60,185.03,14390960
2026-04-07,184.95,186.58,182.02,182.96,12344590
2026-04-08,186.50,186.77,175.78,176.37,13472050
2026-04-09,173.17,174.29,167.12,170.85,20855390
2026-04-10,171.26,171.26,163.52,164.96,18109340
2026-04-13,167.05,173.40,165.77,172.82,12390750
2026-04-14,175.21,177.50,170.50,171.31,13123640
2026-04-15,174.22,179.62,172.88,177.60,14340260
2026-04-16,184.00,184.55,178.57,181.22,11866660
2026-04-17,185.43,187.98,181.03,182.14,17225680
2026-04-20,182.50,189.00,182.12,186.27,14382260
2026-04-21,186.60,193.56,184.10,187.11,12073660
2026-04-22,188.20,191.15,187.03,189.80,14565950
2026-04-23,177.56,178.87,170.65,173.30,22719940
2026-04-24,175.62,178.45,174.40,178.16,10817610
2026-04-27,178.26,184.29,177.51,180.18,11906970
2026-04-28,182.43,184.42,181.32,181.32,8711743
2026-04-29,179.20,181.78,177.35,181.22,6882845
2026-04-30,178.30,178.69,173.00,176.53,14408280
2026-05-01,182.19,186.04,178.75,183.82,12324380
2026-05-04,184.24,190.31,183.97,185.48,8444726
2026-05-05,185.55,187.39,181.10,186.99,9740802
2026-05-06,185.52,187.10,179.58,181.19,11303440
2026-05-07,184.60,188.58,184.00,186.34,13955120
2026-05-08,179.68,181.87,176.88,181.82,15123890
2026-05-11,179.91,182.50,176.31,177.49,11145020
2026-05-12,177.57,177.57,170.58,171.31,10214010
2026-05-13,169.78,169.78,164.75,165.84,11951930
2026-05-14,166.00,169.35,164.33,167.58,9749385
2026-05-15,169.25,175.97,169.00,173.51,13883380
2026-05-18,172.89,180.78,171.80,179.48,13671180
2026-05-19,185.00,187.44,178.81,179.42,17510820
2026-05-20,176.04,180.31,173.34,180.10,13025260
2026-05-21,175.38,177.34,171.99,176.31,10949100
2026-05-22,179.84,183.35,177.68,180.07,10184790
2026-05-26,178.43,182.36,177.68,179.08,13617240
2026-05-27,178.00,183.92,176.89,177.51,18524940
2026-05-28,178.43,182.48,171.65,176.17,22559430
2026-05-29,180.24,194.14,180.02,191.10,33998870
2026-06-01,198.75,211.34,198.21,209.60,27594800
2026-06-02,201.02,204.39,195.76,200.84,19216630
2026-06-03,197.27,197.68,189.73,190.61,14154390
2026-06-04,197.81,198.09,186.11,188.75,14453550
2026-06-05,189.80,192.51,184.83,185.66,13183930
2026-06-08,183.91,185.02,181.71,182.55,11177770
2026-06-09,179.50,182.46,171.56,175.35,15427790
2026-06-10,170.60,175.53,170.03,170.92,10820540
2026-06-11,168.27,168.98,163.31,166.45,16666030
2026-06-12,164.74,166.54,161.40,165.89,13589400
2026-06-15,166.03,169.95,164.17,164.55,13541810
2026-06-16,164.06,166.30,160.50,161.71,16385310
2026-06-17,160.25,161.43,154.23,155.02,19986160
2026-06-18,152.73,154.47,149.80,151.78,57940830
2026-06-22,150.16,153.87,146.32,150.12,20502830
2026-06-23,151.65,155.18,150.85,153.42,20720690
2026-06-24,151.81,157.06,150.40,152.76,13146830
2026-06-25,150.01,154.00,148.78,150.19,11334730
2026-06-26,151.49,158.46,151.49,158.37,21267940
2026-06-29,160.27,161.76,157.70,157.93,12664070
2026-06-30,155.09,157.69,154.07,156.66,13690520
2026-07-01,162.22,165.81,161.20,163.23,14164640
2026-07-02,163.00,167.21,162.00,166.11,10493200
2026-07-06,163.99,167.72,162.37,165.65,10595530
2026-07-07,169.22,172.38,167.68,169.52,13057950
2026-07-08,167.37,167.53,164.78,166.58,9792382
2026-07-09,158.33,163.80,156.48,162.50,13858610
2026-07-10,165.60,166.30,162.42,163.32,8321511
2026-07-13,165.92,172.76,165.92,171.22,14020680
2026-07-14,162.49,171.35,161.47,167.56,13507930
2026-07-15,170.52,172.80,166.56,167.00,13328090
2026-07-16,170.84,174.54,166.88,172.68,12057490
2026-07-17,171.50,175.43,169.75,170.77,10191470
2026-07-20,167.86,175.39,166.50,173.79,13426530
2026-07-21,167.06,172.43,166.93,170.06,12831760
2026-07-22,169.47,169.57,162.21,163.00,12194510
2026-07-23,165.05,165.88,155.15,156.93,12774980
2026-07-24,160.38,164.45,159.55,163.66,10899070
2026-07-27,168.00,176.95,167.14,173.60,17317430
2026-07-28,176.91,184.54,176.91,181.50,17204650
2026-07-29,182.01,190.18,182.01,188.38,18139480
2026-07-30,180.99,182.51,175.90,180.71,12189410
2026-07-31,177.69,184.45,177.03,184.02,9691524
2026-08-03,188.99,193.70,185.90,185.95,12908030
2026-08-04,183.09,191.28,183.00,190.99,9326930
2026-08-05,193.28,194.94,190.43,192.98,9605450
2026-08-06,183.44,187.02,183.00,186.77,13297640
2026-08-07,191.09,194.70,190.60,192.74,11392790
2026-08-10,190.17,198.18,190.00,197.51,9706611
2026-08-11,196.94,199.39,195.50,197.47,11171640
2026-08-12,192.00,196.50,191.78,193.32,12787900
2026-08-13,196.84,202.99,191.39,201.37,15058680
2026-08-14,202.75,204.40,195.32,196.21,8664790
2026-08-17,193.83,194.94,189.91,190.97,14378800
2026-08-18,194.09,199.41,193.23,196.14,14152940
2026-08-19,194.21,207.95,194.21,206.09,17843610
2026-08-20,205.22,207.88,203.00,205.43,11482300
2026-08-21,205.58,211.07,204.73,209.17,9685429
2026-08-24,208.42,213.17,207.39,209.06,9586822
2026-08-25,205.85,210.31,204.76,205.69,10089510
2026-08-26,199.94,206.44,198.95,205.62,14888870
2026-08-27,230.05,254.48,230.05,252.05,55517470
2026-08-28,250.47,263.53,249.00,256.00,34362720
2026-08-31,254.39,262.28,254.39,257.54,22471490
2026-09-01,255.01,262.32,254.25,258.11,15897530
2026-09-02,259.38,264.55,253.60,256.93,14393710
2026-09-03,261.98,268.27,261.60,264.43,16037830
2026-09-04,263.36,263.60,257.82,259.23,10498290
2026-09-08,253.72,254.00,245.89,249.12,17482730
2026-09-09,249.78,254.80,243.45,244.16,11858960
2026-09-10,245.35,248.50,241.75,243.00,10735740
2026-09-11,242.02,250.55,242.02,247.72,9741017
2026-09-14,255.75,260.18,251.50,259.43,12966100
2026-09-15,256.89,262.33,255.08,255.65,11502820
