date,open,high,low,close,volume
2016-09-15,9.66,9.77,9.58,9.74,28491279
2016-09-16,9.71,9.80,9.62,9.78,33671343
2016-09-19,9.82,9.86,9.73,9.76,13695112
2016-09-20,9.83,9.84,9.70,9.70,17615786
2016-09-21,9.75,9.92,9.74,9.90,20013644
2016-09-22,9.98,10.04,9.85,9.86,16092008
2016-09-23,9.79,9.90,9.77,9.88,14987179
2016-09-26,9.81,9.97,9.80,9.90,20652137
2016-09-27,9.92,9.97,9.86,9.87,15769691
2016-09-28,9.92,10.02,9.87,10.00,13267309
2016-09-29,10.02,10.08,9.93,10.00,21440471
2016-09-30,10.05,10.20,10.00,10.17,21422795
2016-10-03,10.11,10.17,10.08,10.14,12856948
2016-10-04,10.16,10.22,10.05,10.06,17589206
2016-10-05,10.12,10.26,10.08,10.24,15875309
2016-10-06,10.26,10.38,10.20,10.35,39909844
2016-10-07,10.32,10.38,10.27,10.35,31770543
2016-10-10,10.37,10.44,10.26,10.28,27704460
2016-10-11,10.27,10.27,10.10,10.16,29700384
2016-10-12,10.14,10.15,10.04,10.07,36997444
2016-10-13,10.21,10.43,10.09,10.38,45014765
2016-10-14,10.48,10.58,10.34,10.34,29777985
2016-10-17,10.34,10.40,10.27,10.34,19760624
2016-10-18,10.45,10.48,10.32,10.34,20653511
2016-10-19,10.17,10.43,10.17,10.36,18733937
2016-10-20,10.28,10.31,10.07,10.11,41074234
2016-10-21,10.04,10.13,10.01,10.10,22243160
2016-10-24,10.19,10.23,10.13,10.14,26415900
2016-10-25,10.11,10.34,10.05,10.28,26911032
2016-10-26,10.26,10.28,10.11,10.13,26519346
2016-10-27,10.13,10.15,10.07,10.10,17811074
2016-10-28,10.07,10.23,10.00,10.09,20961797
2016-10-31,10.15,10.29,10.13,10.17,17608802
2016-11-01,10.21,10.25,10.05,10.14,19679840
2016-11-02,10.18,10.29,10.14,10.25,32578233
2016-11-03,10.29,10.40,10.21,10.38,36024814
2016-11-04,10.31,10.46,10.31,10.31,28010556
2016-11-07,10.43,10.69,10.43,10.68,31806273
2016-11-08,10.69,10.71,10.54,10.69,31755843
2016-11-09,10.80,11.43,10.80,11.29,71203057
2016-11-10,11.35,11.58,11.31,11.51,46715405
2016-11-11,11.40,11.54,11.35,11.53,37237474
2016-11-14,11.57,11.71,11.52,11.59,33306663
2016-11-15,11.55,11.59,11.33,11.51,29041086
2016-11-16,11.49,11.49,11.28,11.29,36627364
2016-11-17,11.30,11.36,11.26,11.32,32841963
2016-11-18,11.30,11.38,11.27,11.33,26159391
2016-11-21,11.34,11.60,11.34,11.54,22201922
2016-11-22,11.54,11.69,11.53,11.67,26283273
2016-11-23,11.68,11.74,11.61,11.64,16398038
2016-11-25,11.67,11.74,11.61,11.73,7549441
2016-11-28,11.60,11.65,11.48,11.56,20452916
2016-11-29,11.55,11.73,11.49,11.60,16645718
2016-11-30,11.80,12.03,11.78,11.94,33953073
2016-12-01,12.02,12.29,12.01,12.21,36244474
2016-12-02,12.23,12.23,12.06,12.16,45174035
2016-12-05,12.23,12.24,12.10,12.18,36483754
2016-12-06,12.08,12.13,11.95,12.02,38371894
2016-12-07,12.01,12.38,11.95,12.38,38256274
2016-12-08,12.38,12.44,12.26,12.41,19930217
2016-12-09,12.40,12.47,12.31,12.42,17111810
2016-12-12,12.42,12.46,12.20,12.34,18579731
2016-12-13,12.34,12.40,12.21,12.35,23128313
2016-12-14,12.33,12.36,12.15,12.16,23122220
2016-12-15,12.14,12.33,12.03,12.22,21127187
2016-12-16,12.20,12.23,11.96,12.01,36524464
2016-12-19,12.06,12.10,11.99,12.08,13419514
2016-12-20,12.14,12.21,12.12,12.21,12770983
2016-12-21,12.21,12.28,12.17,12.17,13721890
2016-12-22,12.13,12.23,12.08,12.23,14655994
2016-12-23,12.23,12.27,12.19,12.22,6810328
2016-12-27,12.27,12.33,12.21,12.29,7873285
2016-12-28,12.27,12.34,12.17,12.17,10449883
2016-12-29,12.20,12.21,12.05,12.08,10418779
2016-12-30,12.12,12.13,11.93,11.98,16361351
2017-01-03,12.05,12.21,11.86,11.96,19606307
2017-01-04,12.02,12.24,11.98,12.21,21767786
2017-01-05,12.14,12.46,12.13,12.33,32669913
2017-01-06,12.24,12.57,11.99,12.51,37050244
2017-01-09,12.52,12.55,12.33,12.33,22220726
2017-01-10,12.30,12.52,12.26,12.47,24490505
2017-01-11,12.44,12.70,12.44,12.68,29646558
2017-01-12,12.69,12.80,12.60,12.79,24402179
2017-01-13,12.74,12.94,12.70,12.93,41480404
2017-01-17,12.92,12.93,12.62,12.70,54717185
2017-01-18,12.18,12.47,12.07,12.29,60283536
2017-01-19,14.41,15.20,14.22,15.17,295421880
2017-01-20,14.83,14.90,14.29,14.78,136018904
2017-01-23,14.89,15.36,14.85,15.33,70442707
2017-01-24,15.30,15.76,15.29,15.56,50471495
2017-01-25,15.75,15.95,15.63,15.93,54100595
2017-01-26,15.93,16.38,15.85,16.20,54605975
2017-01-27,16.28,16.31,15.89,16.02,38439394
2017-01-30,15.93,16.03,15.57,15.83,45541955
2017-01-31,15.66,15.83,15.35,15.46,53927255
2017-02-01,15.52,15.73,15.47,15.70,35426524
2017-02-02,15.56,15.64,15.37,15.44,31131003
2017-02-03,15.41,15.65,15.39,15.60,25423047
2017-02-06,15.52,15.75,15.51,15.75,26631729
2017-02-07,15.76,16.10,15.76,15.89,44321224
2017-02-08,15.86,16.02,15.65,15.99,25803141
2017-02-09,16.03,16.05,15.84,15.92,18324869
2017-02-10,16.17,16.31,15.80,15.92,46284965
2017-02-13,16.04,16.15,15.92,15.97,20086964
2017-02-14,15.88,16.07,15.87,16.00,19199135
2017-02-15,15.66,15.95,15.59,15.78,37597864
2017-02-16,15.84,15.90,15.41,15.90,53134295
2017-02-17,15.84,16.21,15.83,16.18,35298364
2017-02-21,16.18,16.33,16.14,16.30,22586510
2017-02-22,16.26,16.26,16.01,16.13,24943859
2017-02-23,16.19,16.23,15.85,15.97,25501281
2017-02-24,15.87,16.16,15.86,16.16,25135668
2017-02-27,16.09,16.27,16.00,16.24,25855293
2017-02-28,16.48,16.53,16.12,16.19,24099020
2017-03-01,16.40,16.60,16.39,16.40,28384014
2017-03-02,16.40,16.42,16.16,16.19,24664625
2017-03-03,16.17,16.54,16.08,16.49,34890153
2017-03-06,16.37,16.65,16.32,16.60,35422984
2017-03-07,16.57,16.77,16.12,16.15,53740115
2017-03-08,16.10,16.22,15.84,15.88,35387944
2017-03-09,15.89,16.07,15.83,15.86,31911333
2017-03-10,16.02,16.04,15.85,15.93,21674684
2017-03-13,15.97,16.14,15.96,16.03,51505205
2017-03-14,16.01,16.06,15.80,15.94,14536036
2017-03-15,16.04,16.06,15.87,15.98,26179791
2017-03-16,15.97,16.03,15.83,15.87,22782629
2017-03-17,15.94,15.94,15.63,15.63,46598165
2017-03-20,15.65,15.73,15.50,15.63,20607869
2017-03-21,15.68,15.68,15.14,15.21,51952655
2017-03-22,15.21,15.57,15.14,15.48,26949399
2017-03-23,15.47,15.55,15.33,15.37,17906690
2017-03-24,15.42,15.60,15.35,15.44,17227697
2017-03-27,15.29,15.50,15.18,15.40,16295762
2017-03-28,15.40,15.85,15.40,15.78,25941165
2017-03-29,15.73,15.76,15.62,15.76,10466935
2017-03-30,15.75,15.90,15.74,15.78,14283166
2017-03-31,15.70,15.83,15.51,15.52,18881165
2017-04-03,15.55,15.68,15.46,15.53,19452749
2017-04-04,15.53,15.77,15.50,15.76,9467443
2017-04-05,15.84,16.06,15.64,15.71,15309935
2017-04-06,15.76,15.97,15.74,15.90,13143457
2017-04-07,15.85,15.98,15.73,15.81,16871897
2017-04-10,15.87,15.97,15.82,15.89,17039675
2017-04-11,15.82,15.86,15.50,15.74,18523046
2017-04-12,15.84,15.84,15.44,15.47,16845173
2017-04-13,15.46,15.66,15.35,15.47,13975375
2017-04-17,15.55,15.75,15.46,15.74,11698999
2017-04-18,15.65,15.78,15.51,15.54,15871490
2017-04-19,15.66,15.77,15.56,15.64,20510600
2017-04-20,16.73,17.09,16.45,16.52,76071068
2017-04-21,16.61,16.93,16.50,16.92,48698105
2017-04-24,17.16,17.22,16.69,16.71,33590283
2017-04-25,16.73,17.03,16.70,16.98,33280143
2017-04-26,17.02,17.19,16.88,16.93,24515351
2017-04-27,16.93,17.21,16.90,17.08,23585354
2017-04-28,17.17,17.19,16.92,16.95,19829822
2017-05-01,16.96,17.19,16.95,17.17,23309807
2017-05-02,17.26,17.26,17.03,17.16,20003558
2017-05-03,17.18,17.21,17.07,17.17,13817890
2017-05-04,17.20,17.28,17.13,17.24,17878193
2017-05-05,17.26,17.50,17.22,17.50,20248553
2017-05-08,17.50,17.55,17.25,17.27,20021294
2017-05-09,17.23,17.40,17.22,17.27,13054714
2017-05-10,17.28,17.31,17.17,17.24,13496080
2017-05-11,17.17,17.44,17.12,17.38,26627754
2017-05-12,17.36,17.48,17.26,17.38,11511949
2017-05-15,17.37,17.42,17.10,17.11,26025438
2017-05-16,17.18,17.21,16.98,17.04,28437216
2017-05-17,16.84,16.86,16.39,16.49,31027143
2017-05-18,16.33,16.87,16.26,16.74,28664607
2017-05-19,16.72,16.99,16.71,16.79,20142089
2017-05-22,16.88,17.17,16.83,17.15,21784082
2017-05-23,17.14,17.38,17.03,17.27,26849142
2017-05-24,17.28,17.50,17.28,17.44,19861535
2017-05-25,17.23,18.02,17.23,17.93,21303764
2017-05-26,17.88,18.08,17.82,17.99,32313003
2017-05-30,17.99,18.14,17.94,18.07,22868507
2017-05-31,18.11,18.14,17.92,18.06,30419763
2017-06-01,18.07,18.24,17.97,18.20,23746991
2017-06-02,18.26,18.35,18.12,18.18,16053884
2017-06-05,18.20,18.33,17.91,18.01,23671940
2017-06-06,18.03,18.14,17.97,17.98,18179963
2017-06-07,17.95,17.99,17.77,17.92,23596649
2017-06-08,17.96,17.99,17.84,17.92,15889754
2017-06-09,17.94,17.98,17.46,17.68,25799322
2017-06-12,17.69,17.85,17.50,17.84,21229376
2017-06-13,17.78,17.98,17.75,17.96,13317196
2017-06-14,18.02,18.04,17.64,17.73,17783465
2017-06-15,17.52,17.80,17.51,17.76,18662342
2017-06-16,17.68,17.72,17.50,17.58,32763753
2017-06-19,17.67,17.89,17.58,17.75,33689373
2017-06-20,17.69,17.69,17.35,17.38,21355481
2017-06-21,17.43,17.46,17.25,17.40,13007641
2017-06-22,17.37,17.57,17.32,17.53,12700267
2017-06-23,17.51,17.69,17.43,17.55,67876657
2017-06-26,17.70,17.92,17.60,17.71,14298364
2017-06-27,17.71,17.88,17.65,17.77,26725710
2017-06-28,17.90,18.22,17.81,18.19,17403101
2017-06-29,18.19,18.25,17.84,17.94,19627607
2017-06-30,18.25,18.29,18.00,18.19,17277023
2017-07-03,18.25,18.33,18.13,18.16,10439722
2017-07-05,18.17,18.44,18.16,18.36,13810699
2017-07-06,18.21,18.35,18.15,18.20,14380945
2017-07-07,18.24,18.43,18.12,18.28,12170974
2017-07-10,18.22,18.41,18.13,18.30,14888731
2017-07-11,18.28,18.29,17.97,18.05,13640710
2017-07-12,18.24,18.48,18.19,18.40,13066624
2017-07-13,18.37,18.49,18.27,18.28,8247475
2017-07-14,18.33,18.40,18.28,18.36,11792131
2017-07-17,18.33,18.33,18.12,18.21,11723353
2017-07-18,18.16,18.28,18.05,18.21,22566218
2017-07-19,17.68,17.72,16.89,17.29,89758689
2017-07-20,17.29,17.38,16.78,16.96,66956467
2017-07-21,16.91,17.28,16.84,17.23,35927194
2017-07-24,17.18,17.32,16.85,16.94,41985574
2017-07-25,16.99,17.26,16.97,17.19,25020879
2017-07-26,17.15,17.47,16.95,17.35,28435569
2017-07-27,17.36,17.37,16.44,16.67,46643045
2017-07-28,16.46,16.75,16.29,16.66,29755185
2017-07-31,16.65,16.70,16.43,16.45,20150168
2017-08-01,16.43,16.47,16.14,16.20,36151234
2017-08-02,16.12,16.21,16.00,16.05,26523030
2017-08-03,16.00,16.43,16.00,16.42,25681506
2017-08-04,16.49,16.49,16.21,16.25,19450532
2017-08-07,16.27,16.57,16.15,16.54,19189325
2017-08-08,16.48,16.74,16.41,16.71,22329668
2017-08-09,16.68,16.90,16.61,16.90,20279909
2017-08-10,16.82,16.92,16.57,16.61,21245282
2017-08-11,16.69,16.91,16.69,16.76,14357458
2017-08-14,16.89,16.98,16.83,16.92,18119618
2017-08-15,16.96,17.05,16.88,17.04,16530863
2017-08-16,17.12,17.13,16.78,16.79,17381861
2017-08-17,16.70,16.79,16.29,16.29,22311215
2017-08-18,16.22,16.43,16.05,16.26,20732270
2017-08-21,16.23,16.27,16.04,16.23,17164280
2017-08-22,16.36,16.67,16.32,16.64,17530193
2017-08-23,16.52,16.57,16.17,16.29,15514199
2017-08-24,16.36,16.40,16.04,16.13,16229477
2017-08-25,16.14,16.37,16.14,16.28,12877189
2017-08-28,16.33,16.52,16.30,16.50,16556480
2017-08-29,16.33,16.64,16.30,16.59,17738954
2017-08-30,16.56,16.89,16.50,16.80,18591737
2017-08-31,16.80,16.95,16.60,16.73,17755043
2017-09-01,16.79,16.86,16.59,16.59,13597441
2017-09-05,16.56,16.56,16.23,16.33,23559827
2017-09-06,16.38,17.11,16.36,16.74,27790929
2017-09-07,16.75,17.19,16.70,17.16,25928664
2017-09-08,17.14,17.18,16.93,17.05,16886408
2017-09-11,17.15,17.37,17.14,17.36,16225562
2017-09-12,17.35,17.47,17.24,17.31,13155460
2017-09-13,17.33,17.37,17.16,17.36,11757499
2017-09-14,17.28,17.50,17.23,17.36,17142806
2017-09-15,17.30,17.50,17.29,17.49,28030059
2017-09-18,17.48,17.56,17.28,17.28,16813709
2017-09-19,17.32,17.39,17.06,17.26,18912452
2017-09-20,17.27,17.61,17.21,17.60,13387069
2017-09-21,17.59,17.67,17.46,17.62,11077927
2017-09-22,17.52,17.74,17.44,17.70,11387875
2017-09-25,17.68,17.79,17.56,17.78,12483316
2017-09-26,17.78,17.92,17.70,17.86,15162509
2017-09-27,17.93,18.08,17.88,17.94,14488276
2017-09-28,17.88,18.03,17.87,17.90,13648855
2017-09-29,17.88,18.10,17.73,18.09,13710556
2017-10-02,17.60,17.82,17.46,17.59,24166280
2017-10-03,17.56,17.68,17.32,17.37,20764952
2017-10-04,17.33,17.40,17.21,17.27,14468023
2017-10-05,17.30,17.46,17.17,17.45,14939893
2017-10-06,17.42,17.46,17.26,17.45,13337956
2017-10-09,17.48,17.63,17.45,17.60,9181753
2017-10-10,17.63,17.65,17.45,17.46,9039385
2017-10-11,17.38,17.70,17.34,17.69,13800730
2017-10-12,17.73,17.95,17.71,17.86,15540155
2017-10-13,17.91,17.98,17.58,17.61,11836639
2017-10-16,17.60,17.76,17.54,17.61,19781147
2017-10-17,17.42,18.09,17.37,18.08,29343960
2017-10-18,18.10,18.33,17.87,17.89,22397876
2017-10-19,17.72,18.04,17.66,18.02,15522194
2017-10-20,18.15,18.31,18.04,18.17,18243470
2017-10-23,18.18,18.25,18.04,18.04,13510600
2017-10-24,18.05,18.32,18.05,18.11,11992696
2017-10-25,18.16,18.33,17.57,17.64,23290106
2017-10-26,17.48,17.65,16.89,17.45,39015304
2017-10-27,17.37,17.73,17.33,17.51,19315943
2017-10-30,17.47,17.52,17.09,17.20,18961211
2017-10-31,17.19,17.20,16.80,16.81,22292957
2017-11-01,16.91,16.99,16.59,16.72,18347393
2017-11-02,16.74,17.21,16.70,17.21,18351323
2017-11-03,17.21,17.25,17.06,17.10,12006487
2017-11-06,17.02,17.08,16.86,17.05,13734832
2017-11-07,17.04,17.47,16.96,17.27,16384613
2017-11-08,17.05,17.29,17.01,17.16,11689864
2017-11-09,17.06,17.08,16.72,16.74,16365989
2017-11-10,16.66,16.79,16.59,16.69,10387237
2017-11-13,16.45,16.66,16.26,16.58,14364040
2017-11-14,16.49,16.54,16.33,16.47,13259218
2017-11-15,16.42,16.45,16.09,16.21,14839108
2017-11-16,16.24,16.72,16.11,16.71,21506195
2017-11-17,16.65,16.69,16.50,16.64,18522941
2017-11-20,16.58,16.64,16.43,16.57,14320855
2017-11-21,16.59,16.75,16.52,16.74,11095447
2017-11-22,16.80,17.07,16.71,17.00,13995940
2017-11-24,16.96,17.11,16.89,16.97,7338763
2017-11-27,16.97,17.03,16.74,16.89,13575916
2017-11-28,16.90,17.39,16.81,17.38,19756784
2017-11-29,17.30,18.24,17.17,18.15,33466863
2017-11-30,18.13,18.72,18.05,18.58,43608124
2017-12-01,18.41,18.77,18.27,18.71,30217713
2017-12-04,18.82,19.42,18.81,19.00,35067004
2017-12-05,19.09,19.13,18.56,18.60,24310937
2017-12-06,18.61,18.78,18.52,18.54,17198525
2017-12-07,18.49,18.81,18.46,18.72,14973037
2017-12-08,18.79,18.92,18.73,18.82,11751253
2017-12-11,18.80,19.00,18.73,18.99,19396358
2017-12-12,19.03,19.13,18.80,18.99,16875962
2017-12-13,19.10,19.45,19.02,19.23,19812938
2017-12-14,19.25,19.44,19.05,19.10,21375545
2017-12-15,17.35,17.86,17.21,17.64,149615265
2017-12-18,17.23,17.90,17.17,17.86,85688649
2017-12-19,17.98,18.32,17.80,18.28,29014176
2017-12-20,18.45,18.63,18.33,18.47,30912153
2017-12-21,18.62,18.69,18.27,18.29,27635151
2017-12-22,18.29,18.43,18.20,18.33,16940780
2017-12-26,18.36,18.45,18.26,18.29,13165660
2017-12-27,18.36,18.47,18.25,18.38,20741642
2017-12-28,18.45,18.49,18.16,18.33,12419917
2017-12-29,18.33,18.46,18.31,18.34,9406966
2018-01-02,18.54,18.88,18.34,18.78,17642009
2018-01-03,18.72,19.08,18.69,19.02,23139269
2018-01-04,19.12,19.32,18.88,18.93,17450219
2018-01-05,19.19,19.32,18.97,19.24,18891749
2018-01-08,19.11,19.66,19.11,19.58,18674177
2018-01-09,19.59,19.92,19.53,19.75,17584670
2018-01-10,19.71,19.75,19.41,19.49,19415435
2018-01-11,19.54,19.66,19.48,19.56,16376501
2018-01-12,19.54,19.79,19.54,19.75,14228845
2018-01-16,19.96,20.01,19.32,19.38,30078333
2018-01-17,19.05,19.41,18.87,19.23,32916753
2018-01-18,19.24,19.41,19.20,19.35,20370656
2018-01-19,19.36,19.39,19.09,19.16,22470572
2018-01-22,19.21,19.27,18.98,19.24,17999807
2018-01-23,19.15,19.20,18.79,19.03,29502579
2018-01-24,19.10,19.10,18.71,18.96,19643645
2018-01-25,18.76,18.91,18.62,18.71,28206774
2018-01-26,18.79,19.34,18.72,19.30,18225638
2018-01-29,19.19,19.34,19.01,19.08,12263149
2018-01-30,19.07,19.25,18.83,18.95,19127612
2018-01-31,19.06,19.24,18.80,18.92,18560345
2018-02-01,18.70,19.03,18.68,18.86,12169576
2018-02-02,18.73,18.78,18.40,18.42,27668934
2018-02-05,18.30,18.35,17.32,17.33,26906358
2018-02-06,17.09,18.00,16.71,17.94,31648143
2018-02-07,17.79,18.12,17.65,17.66,19245461
2018-02-08,17.64,17.72,16.82,16.82,23392439
2018-02-09,16.94,17.12,16.14,16.96,36817654
2018-02-12,17.19,17.87,17.11,17.72,33434133
2018-02-13,17.56,17.90,17.40,17.85,22407347
2018-02-14,17.75,18.41,17.71,18.38,28342797
2018-02-15,18.57,18.64,18.24,18.52,16722665
2018-02-16,18.54,18.81,18.45,18.70,22788863
2018-02-20,18.58,18.66,18.11,18.20,19095365
2018-02-21,18.20,18.79,18.15,18.32,17432177
2018-02-22,18.42,18.56,18.18,18.33,15482192
2018-02-23,18.48,18.62,18.19,18.61,13663780
2018-02-26,18.74,18.90,18.55,18.74,20032502
2018-02-27,18.75,19.00,18.36,18.37,20988596
2018-02-28,18.34,18.47,17.88,17.91,29761989
2018-03-01,17.98,18.58,17.71,18.17,39935104
2018-03-02,18.13,18.45,17.86,18.35,33686313
2018-03-05,18.28,18.82,17.93,18.79,28975788
2018-03-06,18.83,19.05,18.60,18.71,23107766
2018-03-07,18.65,18.91,18.56,18.75,16532399
2018-03-08,18.79,18.92,18.44,18.75,14206096
2018-03-09,18.94,19.33,18.87,19.33,18429812
2018-03-12,19.33,19.35,19.12,19.20,11997919
2018-03-13,19.36,19.47,19.11,19.16,14761747
2018-03-14,19.29,19.31,18.83,18.94,15627242
2018-03-15,18.95,19.02,18.75,18.92,15026183
2018-03-16,18.93,19.17,18.85,18.97,24974933
2018-03-19,18.86,18.99,18.64,18.90,11794210
2018-03-20,19.00,19.15,18.93,18.99,10783270
2018-03-21,18.97,19.25,18.85,18.97,11420440
2018-03-22,18.81,18.88,18.39,18.43,15139412
2018-03-23,18.44,18.74,18.06,18.09,15771503
2018-03-26,18.40,18.62,18.11,18.55,16629866
2018-03-27,18.65,18.85,18.12,18.23,16051115
2018-03-28,18.29,18.33,17.90,18.10,22892279
2018-03-29,18.17,18.80,18.10,18.57,14845897
2018-04-02,18.49,18.67,17.97,18.25,17268113
2018-04-03,18.36,18.68,18.30,18.58,18082082
2018-04-04,18.28,18.58,18.13,18.49,18138554
2018-04-05,18.59,18.68,18.34,18.53,14394481
2018-04-06,18.35,18.45,17.84,18.12,15984029
2018-04-09,18.21,18.48,18.12,18.14,13813624
2018-04-10,18.44,18.60,18.33,18.42,15370691
2018-04-11,18.32,18.45,18.22,18.34,14640088
2018-04-12,18.47,18.82,18.41,18.70,22317389
2018-04-13,18.78,18.87,18.46,18.53,14868031
2018-04-16,18.73,18.89,18.65,18.80,25862823
2018-04-17,18.83,19.05,18.70,18.86,20717198
2018-04-18,19.73,20.39,19.73,20.34,60769296
2018-04-19,20.37,20.47,20.11,20.40,21391187
2018-04-20,20.33,20.50,19.98,20.01,16362512
2018-04-23,20.06,20.23,19.98,20.11,15961292
2018-04-24,20.21,20.37,19.52,19.73,15603908
2018-04-25,19.76,20.06,19.64,20.00,18170051
2018-04-26,19.84,20.08,19.62,19.75,19970441
2018-04-27,19.67,20.12,19.67,20.09,13303831
2018-04-30,20.19,20.36,19.79,19.80,15673145
2018-05-01,19.76,20.03,19.68,19.95,14810668
2018-05-02,19.88,20.13,19.74,19.79,15289010
2018-05-03,19.70,19.84,19.32,19.70,15726725
2018-05-04,19.56,20.14,19.52,19.99,12558325
2018-05-07,20.09,20.25,20.04,20.17,10868884
2018-05-08,20.11,20.39,20.05,20.19,14799679
2018-05-09,20.29,20.82,20.21,20.75,18439721
2018-05-10,20.93,21.01,20.69,20.94,12967873
2018-05-11,20.99,21.29,20.93,21.03,13797652
2018-05-14,21.26,21.26,20.90,20.97,10078312
2018-05-15,20.78,20.94,20.63,20.87,9943195
2018-05-16,20.88,21.21,20.87,21.09,12642919
2018-05-17,21.03,21.36,21.01,21.17,9158725
2018-05-18,21.18,21.33,21.04,21.25,8107153
2018-05-21,21.35,21.56,21.30,21.34,9313972
2018-05-22,21.37,21.51,21.14,21.16,10342792
2018-05-23,21.00,21.20,20.87,21.18,9157267
2018-05-24,21.21,21.55,21.18,21.48,11096221
2018-05-25,21.48,21.61,21.44,21.56,11542906
2018-05-29,21.37,21.49,21.21,21.41,11384515
2018-05-30,21.46,21.98,21.43,21.88,14109547
2018-05-31,21.85,21.97,21.49,21.55,20043629
2018-06-01,21.74,21.98,21.71,21.81,13277266
2018-06-04,21.87,21.94,21.46,21.56,11710612
2018-06-05,21.56,21.65,21.25,21.56,10730845
2018-06-06,21.58,21.78,21.38,21.78,8592802
2018-06-07,21.78,21.93,21.70,21.92,16922978
2018-06-08,21.97,22.38,21.92,22.36,15487901
2018-06-11,22.36,22.55,22.20,22.43,15307871
2018-06-12,22.42,22.56,22.22,22.25,12599059
2018-06-13,22.25,22.36,21.95,22.04,14645821
2018-06-14,22.13,22.21,21.88,21.96,12164869
2018-06-15,21.99,22.26,21.75,22.22,24088928
2018-06-18,22.01,22.18,21.95,22.04,10431904
2018-06-19,21.76,21.84,21.57,21.61,17890583
2018-06-20,21.67,21.73,21.53,21.62,10010974
2018-06-21,21.58,21.65,21.29,21.35,13945258
2018-06-22,21.56,21.74,21.52,21.59,25930953
2018-06-25,21.56,21.64,21.15,21.36,14053342
2018-06-26,21.33,21.52,21.33,21.39,10959034
2018-06-27,21.39,21.81,21.26,21.26,15345626
2018-06-28,21.29,21.37,20.91,21.20,15881240
2018-06-29,21.31,21.52,21.22,21.26,15006536
2018-07-02,21.18,21.50,21.09,21.42,9548275
2018-07-03,21.47,21.56,21.25,21.28,5216389
2018-07-05,21.43,21.54,21.29,21.45,10994644
2018-07-06,21.53,21.77,21.39,21.67,8359936
2018-07-09,21.77,22.22,21.76,22.17,13548268
2018-07-10,22.23,22.23,21.76,22.02,11242477
2018-07-11,21.90,21.90,21.45,21.60,12480628
2018-07-12,21.79,21.86,21.49,21.56,19041893
2018-07-13,21.54,21.79,21.49,21.57,14810965
2018-07-16,21.63,21.74,21.10,21.33,24924062
2018-07-17,21.25,21.53,21.08,21.48,26016291
2018-07-18,22.22,23.04,22.10,23.00,49707275
2018-07-19,22.84,23.18,22.24,23.05,32551893
2018-07-20,22.91,23.30,22.86,23.15,25993260
2018-07-23,22.91,23.48,22.91,23.43,18194417
2018-07-24,23.32,23.63,22.93,23.05,27708519
2018-07-25,23.01,23.69,22.93,23.65,19963769
2018-07-26,23.89,24.07,23.57,23.63,13148134
2018-07-27,23.62,23.75,23.31,23.42,17736230
2018-07-30,23.44,23.75,23.39,23.43,19908227
2018-07-31,23.49,23.75,23.47,23.56,24218411
2018-08-01,23.58,23.72,23.38,23.54,12631597
2018-08-02,23.36,23.79,23.36,23.70,14670358
2018-08-03,23.71,23.81,23.48,23.75,12797938
2018-08-06,23.79,24.14,23.77,24.05,15152771
2018-08-07,24.11,24.30,24.07,24.20,9259537
2018-08-08,24.20,24.28,24.06,24.18,9410218
2018-08-09,24.24,24.29,24.02,24.06,9888139
2018-08-10,23.84,24.26,23.84,24.13,10070638
2018-08-13,24.15,24.35,24.10,24.20,11654245
2018-08-14,24.28,24.66,24.28,24.57,15935282
2018-08-15,24.31,24.52,24.21,24.39,14173297
2018-08-16,24.46,24.56,24.22,24.48,15800897
2018-08-17,24.51,24.70,24.41,24.56,10654360
2018-08-20,24.63,24.92,24.56,24.59,18263867
2018-08-21,24.61,25.05,24.60,24.90,14716921
2018-08-22,24.79,24.90,24.57,24.58,9284377
2018-08-23,24.63,24.85,24.58,24.65,13247524
2018-08-24,24.67,25.00,24.66,24.88,12875998
2018-08-27,25.00,25.21,24.95,25.17,10892872
2018-08-28,25.31,25.41,25.02,25.07,9406144
2018-08-29,25.12,25.17,24.90,24.94,10145110
2018-08-30,24.78,24.90,24.64,24.74,12686140
2018-08-31,24.63,24.83,24.60,24.72,14754511
2018-09-04,24.72,24.96,24.68,24.95,17745782
2018-09-05,24.64,24.89,24.47,24.77,14277853
2018-09-06,24.72,24.97,24.67,24.69,13715893
2018-09-07,24.58,24.79,24.53,24.54,15774689
2018-09-10,24.69,24.93,24.55,24.77,15332918
2018-09-11,24.76,24.90,24.55,24.70,15547661
2018-09-12,24.72,24.92,24.64,24.71,10578565
2018-09-13,24.67,24.71,24.30,24.39,15486092
2018-09-14,24.43,24.71,24.32,24.49,12238993
2018-09-17,24.54,24.62,24.40,24.45,13274437
2018-09-18,24.65,24.88,24.52,24.70,15437720
2018-09-19,24.76,24.89,24.63,24.66,16476053
2018-09-20,24.75,24.84,24.31,24.35,15950819
2018-09-21,24.25,24.71,24.23,24.66,54815735
2018-09-24,24.53,24.65,24.35,24.43,14199364
2018-09-25,24.51,24.56,24.33,24.44,11799565
2018-09-26,24.49,24.83,24.48,24.63,12136522
2018-09-27,24.74,24.96,24.42,24.74,8312350
2018-09-28,24.67,24.80,24.59,24.68,9373333
2018-10-01,24.79,25.12,24.78,25.01,12445531
2018-10-02,25.03,25.03,24.71,24.78,14474227
2018-10-03,24.88,25.22,24.81,25.00,12136999
2018-10-04,25.01,25.13,24.59,24.89,13567279
2018-10-05,25.22,25.22,24.66,24.85,13014367
2018-10-08,24.82,25.00,24.46,24.92,11675374
2018-10-09,25.03,25.11,24.85,24.87,17420102
2018-10-10,24.85,24.87,23.18,23.19,32320413
2018-10-11,23.15,23.52,22.87,22.92,34360893
2018-10-12,23.54,23.78,23.26,23.40,23163611
2018-10-15,23.36,23.73,23.31,23.62,16422149
2018-10-16,23.72,24.15,23.59,24.07,27210417
2018-10-17,24.33,24.35,23.28,23.57,32289303
2018-10-18,23.46,23.52,22.82,22.88,32625123
2018-10-19,22.92,23.09,22.61,22.65,29722608
2018-10-22,22.59,22.98,22.45,22.77,20344004
2018-10-23,22.32,22.44,21.91,22.27,23575583
2018-10-24,22.28,22.57,21.94,21.97,23405003
2018-10-25,22.05,22.49,21.92,22.13,21223577
2018-10-26,21.35,22.17,21.22,21.97,18987254
2018-10-29,22.32,22.50,21.55,21.90,23476268
2018-10-30,21.99,22.99,21.98,22.94,24468347
2018-10-31,23.22,23.33,22.94,22.95,23138636
2018-11-01,23.04,23.30,22.96,23.20,17720492
2018-11-02,23.35,23.50,22.86,23.06,15239234
2018-11-05,23.25,23.38,23.03,23.03,16387835
2018-11-06,23.04,23.49,23.02,23.46,12711922
2018-11-07,23.73,24.16,23.58,24.10,16020491
2018-11-08,24.01,24.26,23.74,23.89,11693929
2018-11-09,23.69,23.84,23.29,23.55,16847378
2018-11-12,23.55,23.76,23.17,23.21,12057634
2018-11-13,23.37,23.78,23.21,23.43,13707622
2018-11-14,23.71,23.95,23.37,23.50,16728524
2018-11-15,23.29,24.17,23.16,24.07,15657659
2018-11-16,24.08,24.54,23.99,24.20,13983064
2018-11-19,24.14,24.27,23.75,24.03,22417982
2018-11-20,23.95,24.05,22.98,23.07,20650913
2018-11-21,23.18,23.56,23.11,23.40,10804084
2018-11-23,23.13,23.41,23.00,23.26,6587776
2018-11-26,23.46,23.69,23.39,23.47,10775152
2018-11-27,23.32,23.58,23.29,23.47,11987404
2018-11-28,23.47,24.26,23.37,24.25,15326879
2018-11-29,24.05,24.23,23.85,23.92,11566432
2018-11-30,23.92,24.36,23.88,24.21,20460296
2018-12-03,24.60,24.63,24.27,24.38,25534392
2018-12-04,24.41,24.49,23.48,23.53,20458805
2018-12-06,23.11,23.28,22.74,23.27,27029169
2018-12-07,23.14,23.47,22.66,22.68,24646736
2018-12-10,22.57,22.86,22.14,22.77,15681326
2018-12-11,23.17,23.30,22.55,22.70,11160508
2018-12-12,23.09,23.46,22.95,22.96,16613750
2018-12-13,23.10,23.21,22.65,22.95,13565203
2018-12-14,22.76,22.76,21.86,21.94,17166401
2018-12-17,21.82,21.85,21.35,21.56,26478789
2018-12-18,21.72,21.91,21.11,21.30,19323782
2018-12-19,21.19,21.85,20.57,20.68,21963476
2018-12-20,20.63,20.81,20.28,20.54,25472673
2018-12-21,20.61,20.91,20.15,20.23,29399547
2018-12-24,20.14,20.17,19.56,19.59,9111925
2018-12-26,19.72,20.58,19.49,20.57,14895640
2018-12-27,20.30,20.70,19.88,20.69,12510904
2018-12-28,20.84,20.99,20.58,20.69,10248166
2018-12-31,20.83,20.92,20.51,20.71,10335124
2019-01-02,20.25,20.75,20.01,20.65,14905318
2019-01-03,20.45,20.60,20.12,20.33,23527133
2019-01-04,20.33,20.94,20.18,20.93,18493475
2019-01-07,20.81,21.02,20.45,20.82,18504632
2019-01-08,21.26,21.39,20.88,21.12,15237854
2019-01-09,21.24,21.43,21.04,21.33,13292149
2019-01-10,21.27,21.66,21.12,21.56,16209167
2019-01-11,21.49,21.86,21.44,21.74,11508271
2019-01-14,21.63,21.85,21.57,21.76,13347319
2019-01-15,21.76,21.81,21.44,21.70,12505153
2019-01-16,21.72,21.89,21.61,21.79,17251319
2019-01-17,21.32,21.75,21.05,21.70,33748173
2019-01-18,21.80,22.59,21.79,22.45,23051021
2019-01-22,22.37,22.42,21.81,21.94,18840887
2019-01-23,22.03,22.14,21.37,21.69,15826361
2019-01-24,21.85,21.90,21.54,21.68,21290090
2019-01-25,21.85,22.32,21.77,22.07,24128876
2019-01-28,21.79,21.97,21.67,21.87,12826681
2019-01-29,21.95,22.03,21.78,21.81,13218595
2019-01-30,21.88,22.22,21.77,22.10,18738602
2019-01-31,22.14,22.14,21.79,21.90,17485832
2019-02-01,21.87,22.17,21.80,22.07,12988780
2019-02-04,22.02,22.49,22.02,22.47,15541358
2019-02-05,22.46,22.76,22.18,22.76,18015950
2019-02-06,22.69,22.81,22.62,22.70,16090946
2019-02-07,22.56,22.81,22.47,22.74,14533132
2019-02-08,22.58,22.92,22.56,22.92,13009987
2019-02-11,23.00,23.50,22.98,23.07,18643829
2019-02-12,23.33,23.74,23.29,23.71,16365257
2019-02-13,23.78,23.84,23.59,23.71,13917583
2019-02-14,23.56,23.95,23.53,23.88,9740383
2019-02-15,24.07,24.21,23.84,24.18,17407631
2019-02-19,23.78,24.29,23.74,24.17,14123767
2019-02-20,24.20,24.44,24.20,24.42,11444866
2019-02-21,24.45,24.47,24.09,24.19,9753523
2019-02-22,24.22,24.45,24.21,24.44,8269072
2019-02-25,24.49,24.50,24.25,24.27,15275849
2019-02-26,24.26,24.41,24.21,24.25,20536718
2019-02-27,24.11,24.30,24.02,24.22,10801591
2019-02-28,24.16,24.29,24.10,24.22,15432425
2019-03-01,24.43,24.45,24.13,24.15,14705359
2019-03-04,24.27,24.51,24.06,24.28,12411709
2019-03-05,24.31,24.38,24.14,24.15,11102578
2019-03-06,23.98,24.14,23.83,24.02,16049510
2019-03-07,23.94,24.09,23.87,24.01,17881409
2019-03-08,23.82,23.94,23.52,23.92,16813835
2019-03-11,23.88,24.32,23.74,24.32,12840514
2019-03-12,24.37,24.45,24.09,24.22,16726919
2019-03-13,24.35,24.80,24.18,24.66,14209669
2019-03-14,24.70,24.72,24.26,24.33,12792676
2019-03-15,24.29,24.57,24.20,24.27,40900684
2019-03-18,24.46,24.71,24.27,24.62,11299630
2019-03-19,24.68,24.79,24.27,24.32,13459438
2019-03-20,24.27,24.55,24.12,24.27,14347855
2019-03-21,24.11,24.60,24.08,24.55,6537835
2019-03-22,24.48,24.50,24.14,24.17,9971365
2019-03-25,24.08,24.42,24.08,24.25,8034721
2019-03-26,24.40,24.53,24.16,24.35,8594845
2019-03-27,24.31,24.52,24.23,24.47,5697862
2019-03-28,24.52,24.83,24.47,24.81,9522061
2019-03-29,24.97,25.05,24.89,24.94,11729686
2019-04-01,25.12,25.59,25.04,25.57,13177747
2019-04-02,25.64,25.72,25.37,25.39,10793587
2019-04-03,25.44,25.53,25.03,25.07,19855724
2019-04-04,25.01,25.08,24.86,24.93,17816888
2019-04-05,24.92,25.08,24.73,24.81,13231399
2019-04-08,24.85,25.25,24.79,25.21,12559270
2019-04-09,25.03,25.11,24.70,24.90,12418249
2019-04-10,24.94,25.08,24.75,25.02,6799087
2019-04-11,25.07,25.17,24.96,25.13,6002200
2019-04-12,25.26,25.61,25.18,25.55,11159602
2019-04-15,25.47,25.55,25.18,25.29,10252963
2019-04-16,25.37,25.44,25.19,25.30,10293319
2019-04-17,26.47,26.84,26.23,26.31,24571499
2019-04-18,26.61,26.61,26.16,26.32,13835962
2019-04-22,26.23,26.42,26.07,26.27,10434265
2019-04-23,26.27,26.36,26.07,26.34,10245664
2019-04-24,26.36,26.79,26.36,26.44,9957994
2019-04-25,26.29,26.35,26.01,26.18,7823620
2019-04-26,26.22,26.44,26.21,26.39,6910711
2019-04-29,26.36,26.52,26.24,26.46,7705840
2019-04-30,26.45,26.61,26.17,26.54,9929278
2019-05-01,26.52,26.60,26.30,26.38,10839274
2019-05-02,26.33,26.39,26.02,26.30,8423938
2019-05-03,26.44,26.91,26.38,26.84,7392001
2019-05-06,26.37,26.77,26.35,26.69,8651866
2019-05-07,26.40,26.41,25.75,26.09,16264799
2019-05-08,26.09,26.37,26.00,26.07,9931738
2019-05-09,25.86,26.12,25.64,26.06,8523076
2019-05-10,25.97,26.31,25.59,26.23,8969998
2019-05-13,25.73,25.86,25.47,25.59,14757295
2019-05-14,25.65,26.26,25.63,26.08,9666295
2019-05-15,25.86,26.17,25.78,25.80,12555685
2019-05-16,25.86,26.19,25.78,26.07,10867726
2019-05-17,25.96,26.26,25.81,26.13,10568152
2019-05-20,26.00,26.18,25.84,26.02,8156308
2019-05-21,26.12,26.23,25.98,26.11,24703868
2019-05-22,26.05,26.05,25.77,25.81,11738512
2019-05-23,25.50,25.53,24.93,25.13,24498347
2019-05-24,25.26,25.30,24.84,24.97,13645837
2019-05-28,25.13,25.22,24.79,24.84,22530635
2019-05-29,24.58,24.74,24.40,24.65,16341125
2019-05-30,24.65,25.08,24.60,25.00,13039267
2019-05-31,24.69,25.01,24.50,24.82,17480924
2019-06-03,24.84,25.18,24.74,24.84,13186483
2019-06-04,25.05,25.57,25.03,25.55,13176661
2019-06-05,25.58,26.13,25.57,26.01,14114056
2019-06-06,26.06,26.13,25.70,25.84,9966688
2019-06-07,25.98,26.15,25.89,26.02,7832938
2019-06-10,26.13,26.46,26.00,26.22,7642771
2019-06-11,26.38,26.57,26.02,26.20,7960543
2019-06-12,26.18,26.30,26.04,26.08,8306518
2019-06-13,26.10,26.10,25.78,25.88,11366290
2019-06-14,25.90,25.98,25.59,25.72,8396827
2019-06-17,25.70,25.80,25.53,25.57,8949697
2019-06-18,25.80,26.12,25.66,25.91,10408477
2019-06-19,25.88,25.95,25.54,25.80,7638784
2019-06-20,26.16,26.43,26.07,26.35,15308579
2019-06-21,26.30,26.57,26.21,26.22,15156287
2019-06-24,26.22,26.27,25.78,25.84,8069002
2019-06-25,25.88,25.94,25.29,25.36,13604401
2019-06-26,25.46,25.59,25.39,25.39,8106718
2019-06-27,25.40,25.72,25.40,25.48,6834058
2019-06-28,25.60,25.89,25.47,25.79,13873756
2019-07-01,26.19,26.47,26.02,26.21,10456057
2019-07-02,26.17,26.20,25.91,26.09,8983507
2019-07-03,26.12,26.31,26.11,26.23,3918471
2019-07-05,26.08,26.18,25.80,26.13,7467712
2019-07-08,26.03,26.08,25.63,25.74,8682823
2019-07-09,25.66,25.68,25.44,25.57,10184476
2019-07-10,25.63,25.71,25.43,25.53,9113782
2019-07-11,25.55,25.93,25.46,25.75,8189962
2019-07-12,25.83,26.25,25.78,26.19,10250797
2019-07-15,26.18,26.20,25.98,26.17,10299373
2019-07-16,26.13,26.74,26.13,26.52,25891689
2019-07-17,24.45,24.55,23.35,23.79,103769470
2019-07-18,23.81,23.98,23.17,23.94,41015314
2019-07-19,24.00,24.22,23.40,23.44,23911772
2019-07-22,23.40,23.71,23.33,23.64,17126738
2019-07-23,23.78,23.78,23.24,23.31,20503520
2019-07-24,23.06,23.45,22.76,23.07,23083469
2019-07-25,23.00,23.38,22.89,23.17,18660641
2019-07-26,23.17,23.25,22.95,22.99,17419217
2019-07-29,22.93,23.31,22.92,23.21,12546814
2019-07-30,23.02,23.45,22.97,23.40,13571542
2019-07-31,23.49,23.75,23.24,23.47,19799339
2019-08-01,23.32,23.47,22.43,22.59,23556590
2019-08-02,22.55,22.58,22.14,22.37,18967283
2019-08-05,21.98,21.98,21.54,21.70,24290378
2019-08-06,21.89,22.28,21.75,22.16,16497932
2019-08-07,21.74,22.10,21.60,21.96,22192148
2019-08-08,21.94,22.32,21.91,22.25,10826302
2019-08-09,22.07,22.28,21.99,22.19,11877664
2019-08-12,22.01,22.08,21.75,21.94,13603477
2019-08-13,21.81,22.40,21.72,22.12,15221048
2019-08-14,21.81,21.96,21.49,21.53,13392172
2019-08-15,21.53,21.63,21.32,21.47,9139393
2019-08-16,21.68,21.83,21.55,21.70,11607157
2019-08-19,22.04,22.14,21.72,21.76,10706923
2019-08-20,21.69,21.78,21.58,21.60,9933994
2019-08-21,21.74,21.86,21.62,21.78,10250956
2019-08-22,21.91,22.25,21.80,22.05,16617782
2019-08-23,21.90,22.08,21.42,21.54,15991652
2019-08-26,21.75,21.88,21.51,21.68,11855962
2019-08-27,21.84,21.88,21.47,21.47,10580815
2019-08-28,21.42,21.80,21.36,21.80,11109658
2019-08-29,21.97,22.33,21.95,22.17,14009743
2019-08-30,22.38,22.56,22.30,22.34,11693062
2019-09-03,22.11,22.24,21.81,22.12,11383888
2019-09-04,22.18,22.52,22.18,22.50,18197744
2019-09-05,22.67,22.93,22.65,22.69,17301707
2019-09-06,22.81,22.86,22.38,22.51,16259768
2019-09-09,22.64,23.02,22.51,23.02,14672494
2019-09-10,23.01,23.60,23.01,23.56,19832042
2019-09-11,23.56,23.74,23.25,23.66,24364703
2019-09-12,23.68,23.94,23.49,23.85,20018768
2019-09-13,23.99,24.25,23.99,24.16,16533989
2019-09-16,23.90,24.28,23.85,24.13,15569915
2019-09-17,24.12,24.12,23.58,23.73,9357289
2019-09-18,23.64,23.75,23.36,23.72,11034415
2019-09-19,23.78,23.82,23.52,23.60,8573224
2019-09-20,23.57,23.67,22.80,22.87,40212874
2019-09-23,22.87,23.02,22.66,22.95,12431185
2019-09-24,23.07,23.46,22.78,22.88,16192448
2019-09-25,22.95,23.06,22.74,22.96,9331177
2019-09-26,22.96,23.25,22.89,23.14,8890078
2019-09-27,23.23,23.33,22.85,22.97,7793230
2019-09-30,22.98,23.31,22.98,23.09,9413044
2019-10-01,23.20,23.33,22.23,22.34,16023461
2019-10-02,22.20,22.44,22.03,22.09,20860610
2019-10-03,22.04,22.41,21.79,22.32,14905393
2019-10-04,22.11,22.34,21.98,22.24,19607093
2019-10-07,22.19,22.47,22.08,22.26,10561396
2019-10-08,22.02,22.27,21.88,21.95,12186415
2019-10-09,22.06,22.29,22.01,22.07,12130630
2019-10-10,22.08,22.34,22.07,22.31,18769253
2019-10-11,22.67,23.21,22.52,23.02,13197595
2019-10-14,22.87,22.98,22.67,22.85,11892091
2019-10-15,22.85,23.20,22.80,23.06,12674869
2019-10-16,23.31,23.31,22.84,23.00,14001802
2019-10-17,23.65,24.04,23.18,23.26,34647153
2019-10-18,22.85,23.07,22.77,22.89,60796746
2019-10-21,22.97,23.60,22.97,23.58,26106084
2019-10-22,23.59,24.11,23.33,24.10,22920545
2019-10-23,24.00,24.14,23.85,24.09,21241748
2019-10-24,24.18,24.25,23.75,23.89,9241894
2019-10-25,23.98,24.16,23.86,24.11,8026402
2019-10-28,24.18,24.20,23.77,23.84,16538039
2019-10-29,23.70,23.81,23.56,23.61,11802871
2019-10-30,23.63,23.76,23.35,23.68,8098672
2019-10-31,23.58,23.68,23.21,23.42,11595535
2019-11-01,23.65,24.10,23.50,24.09,13942003
2019-11-04,24.23,24.51,24.12,24.50,12687106
2019-11-05,24.44,24.78,24.39,24.63,10254790
2019-11-06,24.60,24.60,24.26,24.55,9375856
2019-11-07,24.64,24.91,24.59,24.69,10401751
2019-11-08,24.69,24.74,24.53,24.68,6776518
2019-11-11,24.55,24.68,24.41,24.63,4008006
2019-11-12,24.51,24.54,24.18,24.25,8154679
2019-11-13,24.07,24.12,23.92,23.98,7421407
2019-11-14,23.98,24.04,23.81,23.95,4819260
2019-11-15,24.10,24.10,23.79,23.87,8582809
2019-11-18,23.72,23.84,23.59,23.67,13538875
2019-11-19,23.85,23.85,23.63,23.67,7097731
2019-11-20,23.52,23.55,23.14,23.19,10097986
2019-11-21,23.20,23.29,23.06,23.13,8387920
2019-11-22,23.05,23.53,23.05,23.50,7578064
2019-11-25,23.46,23.98,23.37,23.93,10466602
2019-11-26,23.89,24.14,23.81,23.98,13686331
2019-11-27,23.90,24.00,23.81,23.96,5918452
2019-11-29,23.87,23.96,23.75,23.85,4502841
2019-12-02,23.81,23.91,23.33,23.34,13358224
2019-12-03,23.19,23.25,22.70,23.24,22176563
2019-12-04,23.38,23.57,23.29,23.48,14705962
2019-12-05,23.52,23.58,23.27,23.55,14498935
2019-12-06,23.76,23.98,23.71,23.76,13095229
2019-12-09,23.68,23.69,23.43,23.47,11405461
2019-12-10,23.30,23.53,23.14,23.47,10450891
2019-12-11,23.61,23.93,23.51,23.91,15489080
2019-12-12,23.86,24.47,23.74,24.09,19882778
2019-12-13,24.19,24.37,23.88,24.26,14104735
2019-12-16,24.39,24.52,24.24,24.26,9321682
2019-12-17,24.24,24.49,23.90,24.03,23308895
2019-12-18,24.10,24.53,24.04,24.31,14110834
2019-12-19,24.29,24.40,24.10,24.20,9977215
2019-12-20,24.19,24.41,24.05,24.39,35541484
2019-12-23,24.30,24.41,24.16,24.24,11421454
2019-12-24,24.29,24.37,24.26,24.33,2587011
2019-12-26,24.33,24.41,24.13,24.29,5034025
2019-12-27,24.31,24.37,24.20,24.28,6152617
2019-12-30,24.28,24.33,24.03,24.11,5676700
2019-12-31,24.06,24.26,24.03,24.12,6238423
2020-01-02,24.27,24.40,24.08,24.40,8490538
2020-01-03,24.00,24.31,23.88,24.30,9979024
2020-01-06,24.06,24.25,23.91,24.17,14636458
2020-01-07,24.23,24.51,24.05,24.33,14361052
2020-01-08,24.49,24.61,24.36,24.46,8612587
2020-01-09,24.47,24.58,24.41,24.58,6462907
2020-01-10,24.57,24.62,24.42,24.45,6109582
2020-01-13,24.46,24.92,24.38,24.90,10656403
2020-01-14,24.83,25.11,24.74,24.89,9250036
2020-01-15,24.84,25.19,24.79,25.00,14355571
2020-01-16,25.22,25.62,25.22,25.58,21106628
2020-01-17,25.17,25.73,25.06,25.47,31340463
2020-01-21,25.24,25.35,24.88,24.94,14781577
2020-01-22,25.04,25.06,24.74,24.87,12779740
2020-01-23,24.85,25.57,24.65,25.55,13105801
2020-01-24,25.56,25.68,25.35,25.57,10812151
2020-01-27,25.00,25.28,24.87,25.06,11033830
2020-01-28,25.24,25.54,25.10,25.41,10960069
2020-01-29,25.58,26.13,25.50,25.84,14833705
2020-01-30,25.47,25.95,25.45,25.93,9677380
2020-01-31,25.76,25.79,25.29,25.45,13946962
2020-02-03,25.73,25.86,25.56,25.70,10319035
2020-02-04,26.08,26.18,25.85,25.92,8813473
2020-02-05,26.27,26.27,25.96,26.06,10797142
2020-02-06,26.17,26.22,25.93,26.11,6786304
2020-02-07,26.31,26.40,25.89,25.96,9293065
2020-02-10,25.80,26.30,25.77,26.29,9853663
2020-02-11,26.32,26.48,26.14,26.17,8935228
2020-02-12,26.36,26.50,26.15,26.50,8284834
2020-02-13,26.43,26.66,26.30,26.61,7331359
2020-02-14,26.56,26.65,26.38,26.53,7025080
2020-02-18,26.45,26.70,26.33,26.50,8205166
2020-02-19,26.60,26.75,26.53,26.72,6755317
2020-02-20,26.69,26.87,26.53,26.82,6725833
2020-02-21,26.63,26.81,26.49,26.52,11560699
2020-02-24,25.99,26.20,25.87,26.02,22547783
2020-02-25,26.04,26.21,25.13,25.19,26703378
2020-02-26,25.38,25.58,24.91,25.10,20588009
2020-02-27,24.55,25.15,24.06,24.09,26091531
2020-02-28,23.36,23.65,22.81,23.48,34617123
2020-03-02,23.44,23.80,22.99,23.58,31954023
2020-03-03,23.41,24.35,22.85,22.97,24367154
2020-03-04,23.29,24.08,23.13,24.00,16729010
2020-03-05,23.31,23.53,22.88,22.99,14684233
2020-03-06,21.98,22.94,21.91,22.75,15568604
2020-03-09,20.98,21.24,19.86,20.13,25397184
2020-03-10,20.77,21.05,19.78,20.96,24699665
2020-03-11,20.30,20.61,19.35,19.44,32617383
2020-03-12,17.85,18.80,17.29,17.80,36770194
2020-03-13,18.83,19.60,18.00,19.31,36819934
2020-03-16,16.34,17.79,15.85,16.31,33835923
2020-03-17,16.50,18.31,16.06,18.09,26466201
2020-03-18,16.89,17.49,16.02,16.99,23636867
2020-03-19,16.84,18.73,16.26,18.34,18277562
2020-03-20,18.17,18.39,16.53,16.62,29586033
2020-03-23,16.48,16.93,15.60,15.89,22894706
2020-03-24,16.99,18.56,16.50,18.50,22835939
2020-03-25,18.37,20.19,18.34,18.84,22974560
2020-03-26,19.04,19.71,18.61,19.52,19098575
2020-03-27,18.76,19.27,18.34,18.76,16765577
2020-03-30,18.70,19.42,18.58,19.34,15088037
2020-03-31,19.24,19.38,18.77,19.10,16775270
2020-04-01,18.03,18.41,17.75,18.28,14111179
2020-04-02,18.06,19.04,17.88,18.95,16377353
2020-04-03,18.87,19.22,18.63,18.92,15815468
2020-04-06,20.22,20.56,19.74,20.42,19460450
2020-04-07,21.44,21.61,20.27,20.38,16942337
2020-04-08,20.74,21.29,20.60,21.17,11314831
2020-04-09,21.30,21.60,21.03,21.33,15451805
2020-04-13,21.10,21.29,20.31,20.52,12558214
2020-04-14,20.71,21.13,20.68,20.85,9734644
2020-04-15,20.12,20.34,19.97,20.30,9541705
2020-04-16,20.40,20.40,19.66,20.21,14782375
2020-04-17,20.97,21.22,20.68,20.92,20512661
2020-04-20,20.34,20.86,20.09,20.33,14391472
2020-04-21,19.78,20.10,19.60,19.83,13695538
2020-04-22,20.22,20.80,19.82,20.30,15823214
2020-04-23,21.30,21.38,20.43,20.49,13986571
2020-04-24,20.86,21.33,20.46,21.27,11973721
2020-04-27,21.83,22.26,21.59,22.14,21595889
2020-04-28,22.39,22.55,21.94,22.28,18007085
2020-04-29,22.79,23.09,22.59,22.72,12202759
2020-04-30,22.34,22.61,22.00,22.08,25137468
2020-05-01,21.86,21.86,21.52,21.67,22737833
2020-05-04,21.57,21.57,21.02,21.25,11614393
2020-05-05,21.45,21.66,21.19,21.26,13025653
2020-05-06,21.32,21.41,20.84,20.88,15869723
2020-05-07,21.20,21.47,21.06,21.31,10083847
2020-05-08,21.58,22.10,21.56,22.04,8490019
2020-05-11,21.73,22.23,21.71,21.97,9438106
2020-05-12,22.07,22.07,21.38,21.39,8679511
2020-05-13,21.36,21.36,20.56,20.78,12432196
2020-05-14,20.64,21.03,20.00,20.99,11680036
2020-05-15,20.68,20.87,20.54,20.67,15776966
2020-05-18,21.50,22.30,21.35,22.13,11988406
2020-05-19,22.21,22.52,21.99,21.99,13604623
2020-05-20,22.95,23.27,22.70,22.79,15504224
2020-05-21,22.70,22.76,22.31,22.60,10073359
2020-05-22,22.50,22.88,22.47,22.84,8170840
2020-05-26,23.49,24.05,23.35,24.05,17253743
2020-05-27,24.26,24.64,24.24,24.53,16760210
2020-05-28,24.66,24.67,23.57,23.75,16441136
2020-05-29,23.65,24.12,23.34,23.86,15854438
2020-06-01,23.66,23.86,23.44,23.62,8249662
2020-06-02,23.89,24.16,23.71,24.06,9105490
2020-06-03,24.47,24.96,24.33,24.89,11758399
2020-06-04,24.70,24.83,24.57,24.68,9409027
2020-06-05,25.32,25.64,24.98,25.03,17776328
2020-06-08,24.94,25.33,24.61,24.78,13896064
2020-06-09,24.52,24.74,24.35,24.55,10312441
2020-06-10,24.55,24.71,24.12,24.43,12241621
2020-06-11,23.93,24.13,22.74,22.76,14913154
2020-06-12,23.50,23.56,22.69,23.19,12513454
2020-06-15,22.64,23.52,22.48,23.38,11767069
2020-06-16,24.19,24.19,23.20,23.45,11665336
2020-06-17,23.69,23.69,23.28,23.30,9176110
2020-06-18,23.08,23.37,23.03,23.16,8368405
2020-06-19,23.47,23.49,22.58,22.66,21278060
2020-06-22,22.58,22.89,22.36,22.87,9679981
2020-06-23,23.11,23.29,22.92,23.14,9317038
2020-06-24,22.81,22.95,22.48,22.50,11214988
2020-06-25,22.44,22.78,22.14,22.74,8755822
2020-06-26,22.67,22.76,21.79,21.97,28192161
2020-06-29,22.19,22.84,22.11,22.83,10683328
2020-06-30,22.72,23.44,22.66,23.25,10864315
2020-07-01,23.29,23.43,22.62,22.75,9850141
2020-07-02,23.05,23.29,22.89,22.95,7629733
2020-07-06,23.24,23.56,23.23,23.42,8323078
2020-07-07,23.14,23.34,22.78,22.84,8724004
2020-07-08,22.88,23.08,22.72,23.03,8927263
2020-07-09,22.76,23.02,22.49,22.62,12826174
2020-07-10,22.56,22.70,22.39,22.51,11002645
2020-07-13,22.74,23.32,22.53,22.88,12059446
2020-07-14,22.69,23.15,22.60,23.11,11623459
2020-07-15,23.50,23.67,23.13,23.55,13189897
2020-07-16,23.43,23.96,23.40,23.69,8339488
2020-07-17,23.88,24.15,23.67,24.05,8843467
2020-07-20,23.95,24.01,23.63,23.85,8920873
2020-07-21,23.97,24.20,23.87,24.14,7623832
2020-07-22,24.17,24.59,24.10,24.42,12628078
2020-07-23,24.02,24.32,23.64,23.84,15308522
2020-07-24,23.92,24.20,23.75,23.78,8862568
2020-07-27,23.66,24.07,23.64,23.86,10236205
2020-07-28,23.77,23.78,23.32,23.37,8943571
2020-07-29,23.56,24.04,23.46,23.97,11649283
2020-07-30,23.66,23.77,23.35,23.41,9651097
2020-07-31,23.30,23.80,22.69,23.78,16729109
2020-08-03,23.73,23.88,23.43,23.45,8228062
2020-08-04,23.39,23.59,23.27,23.59,9359593
2020-08-05,23.72,23.84,23.60,23.81,6515788
2020-08-06,23.82,24.22,23.74,24.09,7129621
2020-08-07,23.98,24.41,23.95,24.31,10284199
2020-08-10,24.45,24.81,24.31,24.69,11712064
2020-08-11,25.03,25.49,24.89,25.05,16438382
2020-08-12,25.19,25.44,24.98,25.01,9075373
2020-08-13,24.84,24.99,24.58,24.67,7675768
2020-08-14,24.56,24.89,24.50,24.75,7149364
2020-08-17,24.81,25.09,24.78,25.00,8965999
2020-08-18,25.06,25.06,24.77,24.80,7244785
2020-08-19,24.91,24.95,24.64,24.68,8141764
2020-08-20,24.43,24.72,24.42,24.64,7644457
2020-08-21,24.63,24.75,24.47,24.71,9075115
2020-08-24,24.86,25.06,24.79,25.04,7807849
2020-08-25,25.20,25.31,24.94,25.28,7600594
2020-08-26,25.16,25.26,24.99,25.14,8460427
2020-08-27,25.33,25.58,25.09,25.40,7626061
2020-08-28,25.32,25.73,25.26,25.69,7963645
2020-08-31,25.73,25.85,25.38,25.49,9646546
2020-09-01,25.40,26.02,25.25,26.01,9957595
2020-09-02,25.98,26.22,25.72,25.89,24348290
2020-09-03,26.11,26.14,25.03,25.22,14156137
2020-09-04,25.41,25.66,24.80,25.17,12536791
2020-09-08,25.12,25.52,24.71,25.09,12302473
2020-09-09,25.24,25.96,25.23,25.55,10990042
2020-09-10,25.45,25.67,25.09,25.27,11175289
2020-09-11,25.42,25.81,25.35,25.72,8678224
2020-09-14,25.95,26.46,25.75,26.32,10494565
2020-09-15,26.58,27.03,26.42,26.76,14988706
2020-09-16,27.07,27.13,26.38,26.45,14956399
2020-09-17,26.00,26.67,25.79,26.50,13855906
2020-09-18,26.58,26.86,26.42,26.61,20217401
2020-09-21,26.10,26.25,25.44,25.86,13075570
2020-09-22,25.88,26.09,25.71,25.98,10902871
2020-09-23,26.22,26.33,25.36,25.50,13460905
2020-09-24,25.36,25.85,25.13,25.53,12737620
2020-09-25,25.75,26.11,25.55,26.03,10377658
2020-09-28,26.39,26.57,26.17,26.44,8690560
2020-09-29,26.32,26.49,25.86,25.87,11483941
2020-09-30,26.13,26.41,25.79,25.89,14632873
2020-10-01,26.12,26.12,25.42,25.62,12747652
2020-10-02,25.59,25.96,25.44,25.72,10648279
2020-10-05,25.83,26.10,25.77,25.91,8595760
2020-10-06,25.99,26.13,25.49,25.57,9891454
2020-10-07,25.70,26.38,25.68,26.23,10489396
2020-10-08,26.31,26.40,25.73,25.90,10333849
2020-10-09,25.99,26.31,25.99,26.16,6371959
2020-10-12,26.31,26.74,26.14,26.52,14096608
2020-10-13,26.84,27.00,26.32,26.40,12970432
2020-10-14,26.49,27.08,26.49,26.82,12395554
2020-10-15,26.52,27.05,26.42,27.01,8218819
2020-10-16,26.98,27.11,26.69,26.70,15870980
2020-10-19,26.60,26.95,26.27,26.35,9325876
2020-10-20,26.43,27.07,26.39,26.71,8415067
2020-10-21,26.40,26.69,26.21,26.24,14052856
2020-10-22,27.39,28.27,27.00,27.24,21459032
2020-10-23,27.23,27.53,26.79,27.10,9535483
2020-10-26,26.78,26.80,26.11,26.29,9995296
2020-10-27,26.33,26.49,25.87,26.03,16386212
2020-10-28,25.49,25.85,25.25,25.31,18601889
2020-10-29,25.22,26.31,25.13,25.96,16518512
2020-10-30,25.88,26.34,25.83,26.31,17652353
2020-11-02,26.77,27.37,26.42,27.25,17485436
2020-11-03,27.54,28.26,27.41,28.07,16795313
2020-11-04,28.49,29.18,28.19,28.28,19347383
2020-11-05,28.50,29.30,28.33,29.01,18311918
2020-11-06,29.06,29.23,28.54,28.73,8671654
2020-11-09,30.12,31.23,29.34,29.40,17890571
2020-11-10,29.25,30.63,29.06,30.47,21492158
2020-11-11,30.53,30.63,29.77,30.01,13179025
2020-11-12,29.83,30.18,29.64,29.91,12211846
2020-11-13,30.04,30.55,29.91,30.20,10227808
2020-11-16,30.74,31.03,30.43,31.00,10768495
2020-11-17,30.61,30.97,30.48,30.83,7368454
2020-11-18,30.95,31.21,30.43,30.44,7898557
2020-11-19,30.28,30.62,30.06,30.57,8326891
2020-11-20,30.51,30.76,30.31,30.51,6396199
2020-11-23,30.65,30.89,30.42,30.69,9232660
2020-11-24,31.15,31.15,30.74,30.97,23318459
2020-11-25,31.00,31.04,30.52,30.75,7125667
2020-11-27,30.83,30.91,30.38,30.43,4140720
2020-11-30,30.36,30.61,29.99,30.02,19928459
2020-12-01,30.31,30.69,30.12,30.21,14906608
2020-12-02,30.01,30.45,30.01,30.23,15218735
2020-12-03,30.33,30.53,29.99,30.14,15362861
2020-12-04,30.21,30.66,30.15,30.62,14024542
2020-12-07,30.48,30.77,30.37,30.68,13370074
2020-12-08,30.38,30.70,30.33,30.50,11121364
2020-12-09,30.56,30.76,30.40,30.58,8512414
2020-12-10,29.85,30.18,29.85,30.00,13001560
2020-12-11,29.74,30.23,29.67,30.14,10037944
2020-12-14,30.40,30.44,29.63,29.64,7836991
2020-12-15,29.96,30.17,29.61,30.07,11944975
2020-12-16,30.02,30.12,29.66,29.70,9122629
2020-12-17,29.78,30.32,29.78,30.18,8842300
2020-12-18,30.16,30.33,29.82,30.22,16911701
2020-12-21,29.59,30.12,29.52,29.90,8289289
2020-12-22,29.75,30.06,29.70,29.85,14629240
2020-12-23,29.96,30.17,29.74,29.89,12082000
2020-12-24,29.93,30.07,29.72,30.02,2629167
2020-12-28,30.19,30.42,30.12,30.21,5016313
2020-12-29,30.32,30.41,29.56,29.78,8220532
2020-12-30,29.90,30.16,29.83,30.11,5934997
2020-12-31,29.99,30.30,29.89,30.25,9063655
2021-01-04,30.22,30.34,29.13,29.33,15560825
2021-01-05,29.29,30.03,29.27,29.83,10363900
2021-01-06,29.76,30.68,29.75,30.62,13464157
2021-01-07,30.90,31.49,30.69,31.34,11685460
2021-01-08,31.29,32.09,31.29,31.95,12530677
2021-01-11,31.81,32.51,31.71,32.00,12277096
2021-01-12,31.71,32.15,31.58,31.96,9510886
2021-01-13,31.92,31.99,31.35,31.55,15406859
2021-01-14,31.57,31.62,31.09,31.16,9858616
2021-01-15,31.06,31.28,30.63,31.14,12513454
2021-01-19,31.24,31.45,30.85,30.89,9317110
2021-01-20,31.00,31.11,30.70,31.07,13134022
2021-01-21,30.86,30.93,30.40,30.54,12921928
2021-01-22,29.82,30.16,29.18,29.21,19846187
2021-01-25,29.24,29.36,28.63,29.29,15135623
2021-01-26,29.32,29.58,28.87,28.94,11301643
2021-01-27,28.45,28.64,27.70,27.96,20651261
2021-01-28,28.46,29.27,28.14,28.90,15337520
2021-01-29,28.67,29.17,28.51,28.59,16789022
2021-02-01,28.73,29.19,28.73,29.02,12804433
2021-02-02,29.19,30.05,29.05,29.88,11835628
2021-02-03,29.85,30.01,29.69,29.77,9593113
2021-02-04,29.78,29.93,29.29,29.47,12042076
2021-02-05,29.81,29.84,29.50,29.52,9338347
2021-02-08,29.42,29.51,28.99,29.09,15169577
2021-02-09,28.94,29.57,28.67,29.49,11108002
2021-02-10,29.72,29.80,29.21,29.39,9537061
2021-02-11,29.65,29.72,29.22,29.58,11757283
2021-02-12,29.53,30.14,29.53,30.05,10036552
2021-02-16,30.14,30.37,30.03,30.25,14850205
2021-02-17,30.10,30.23,29.70,30.00,9963379
2021-02-18,29.77,30.16,29.53,30.01,10865878
2021-02-19,30.07,30.78,30.03,30.70,9882925
2021-02-22,30.53,31.19,30.44,30.86,13260967
2021-02-23,30.91,31.24,30.34,30.56,11358394
2021-02-24,30.36,31.30,30.32,31.12,8136787
2021-02-25,31.11,31.11,30.58,30.73,13516513
2021-02-26,30.85,30.97,30.36,30.52,11532502
2021-03-01,31.00,31.18,30.82,30.98,7704775
2021-03-02,30.98,31.01,30.53,30.72,6810148
2021-03-03,30.69,30.74,30.35,30.36,7253674
2021-03-04,30.36,30.49,29.05,29.42,12982108
2021-03-05,29.85,30.62,29.31,30.54,9233122
2021-03-08,30.60,31.48,30.53,30.84,10493125
2021-03-09,31.11,31.35,30.89,30.91,8565760
2021-03-10,31.00,31.39,30.83,31.20,7676875
2021-03-11,31.37,31.63,31.22,31.27,11390797
2021-03-12,31.19,31.43,31.16,31.28,6711322
2021-03-15,31.22,31.33,30.75,31.16,8145040
2021-03-16,31.26,31.29,30.48,30.65,9074035
2021-03-17,30.60,30.90,30.34,30.71,11624914
2021-03-18,30.49,31.06,30.47,30.84,12426802
2021-03-19,30.95,31.00,30.16,30.26,32357853
2021-03-22,31.60,31.73,31.08,31.26,20960786
2021-03-23,31.16,31.63,30.87,30.97,10693177
2021-03-24,31.06,31.76,31.01,31.39,12278164
2021-03-25,31.32,31.94,31.01,31.85,9774655
2021-03-26,31.91,32.58,31.80,32.55,9407038
2021-03-29,32.64,32.70,32.01,32.20,13755919
2021-03-30,32.00,32.43,31.99,32.12,10415611
2021-03-31,31.89,32.36,31.89,32.14,10265749
2021-04-01,32.36,32.45,32.12,32.42,8038879
2021-04-05,32.71,32.95,32.55,32.86,7239085
2021-04-06,32.77,32.84,32.36,32.37,9061057
2021-04-07,32.53,32.54,32.16,32.32,6040957
2021-04-08,32.40,32.40,32.11,32.16,7561921
2021-04-09,32.28,32.83,32.22,32.76,6457078
2021-04-12,32.55,32.93,32.37,32.87,6730501
2021-04-13,32.69,32.82,32.40,32.60,6452806
2021-04-14,32.67,32.86,32.55,32.79,9633514
2021-04-15,32.90,33.11,32.77,32.96,8825713
2021-04-16,33.22,33.25,32.73,32.88,11430754
2021-04-19,32.80,32.95,32.66,32.90,8116747
2021-04-20,33.39,33.78,32.69,32.82,15406784
2021-04-21,32.98,34.45,32.92,34.23,21643571
2021-04-22,33.91,34.58,33.77,33.94,15464513
2021-04-23,33.93,34.54,33.82,34.37,9547396
2021-04-26,34.34,34.55,34.07,34.11,9794128
2021-04-27,34.03,34.10,33.80,33.97,10035754
2021-04-28,33.86,34.16,33.78,33.83,12767827
2021-04-29,34.00,34.00,33.30,33.73,13470376
2021-04-30,33.69,33.92,33.52,33.58,13802887
2021-05-03,33.85,34.03,33.75,33.79,7163377
2021-05-04,33.69,34.01,33.63,33.88,12131518
2021-05-05,33.98,34.12,33.67,33.73,8781997
2021-05-06,33.94,34.20,33.85,34.19,8334802
2021-05-07,34.11,34.51,33.95,34.38,7383184
2021-05-10,34.54,34.96,34.37,34.39,10261042
2021-05-11,34.28,34.29,33.77,33.85,13913125
2021-05-12,33.65,33.83,33.16,33.21,11357434
2021-05-13,33.17,33.75,33.09,33.58,15173456
2021-05-14,33.85,34.17,33.74,33.90,10779475
2021-05-17,33.94,34.11,33.28,33.47,16106417
2021-05-18,33.43,33.50,32.95,32.97,11467660
2021-05-19,32.62,32.86,32.36,32.79,11724496
2021-05-20,32.69,32.94,32.48,32.76,10016839
2021-05-21,32.85,33.19,32.61,32.76,12012622
2021-05-24,33.07,33.20,32.86,33.12,8430793
2021-05-25,33.12,33.46,32.95,33.02,8172100
2021-05-26,33.04,33.54,33.02,33.48,13306042
2021-05-27,33.52,33.71,33.27,33.29,12263896
2021-05-28,33.37,33.47,33.25,33.37,6052624
2021-06-01,33.52,33.72,33.40,33.43,9130369
2021-06-02,33.49,33.58,33.16,33.19,7934527
2021-06-03,32.93,33.51,32.85,33.23,9493495
2021-06-04,33.50,33.50,32.98,33.21,7880731
2021-06-07,33.26,33.37,32.68,32.69,9384778
2021-06-08,32.69,32.89,32.36,32.72,14946067
2021-06-09,32.71,32.82,32.51,32.61,8712514
2021-06-10,32.68,32.79,32.21,32.22,11526955
2021-06-11,32.42,32.49,32.27,32.41,8883373
2021-06-14,32.46,32.57,32.20,32.43,8617108
2021-06-15,32.68,32.87,32.47,32.80,12713773
2021-06-16,32.83,32.85,32.30,32.41,11285185
2021-06-17,32.41,32.49,31.88,32.08,10155880
2021-06-18,31.81,31.89,31.51,31.58,19734530
2021-06-21,31.77,32.12,31.73,31.94,10646314
2021-06-22,31.91,32.00,31.72,31.76,8943589
2021-06-23,31.68,31.77,31.50,31.55,10493305
2021-06-24,31.63,31.77,31.43,31.72,12421720
2021-06-25,31.75,32.14,31.75,31.97,10498597
2021-06-28,31.95,32.08,31.64,31.77,13197739
2021-06-29,32.32,32.43,31.36,31.56,18270790
2021-06-30,31.95,32.13,31.57,32.08,15063360
2021-07-01,32.21,32.45,32.06,32.28,10988320
2021-07-02,32.38,32.80,32.23,32.58,11422700
2021-07-06,32.47,32.56,31.97,32.40,10507460
2021-07-07,32.30,33.04,32.29,32.98,12646660
2021-07-08,32.10,32.20,30.84,30.95,24349190
2021-07-09,31.62,31.95,31.59,31.83,15171260
2021-07-12,31.86,32.00,31.52,31.74,8437942
2021-07-13,31.58,31.92,31.58,31.70,8716580
2021-07-14,31.82,31.96,31.57,31.64,11147210
2021-07-15,31.45,31.96,31.45,31.81,12351030
2021-07-16,31.76,31.97,31.41,31.51,13642510
2021-07-19,31.13,31.17,30.64,30.82,13505340
2021-07-20,30.88,31.43,30.86,31.18,11295900
2021-07-21,31.24,31.72,31.24,31.57,11236590
2021-07-22,32.78,33.27,32.59,32.67,14926800
2021-07-23,32.38,32.86,32.38,32.81,10394960
2021-07-26,32.80,32.99,32.51,32.89,10950030
2021-07-27,32.73,33.01,32.31,32.38,9081293
2021-07-28,32.25,32.46,31.85,31.91,10612200
2021-07-29,32.08,32.29,32.03,32.09,6283029
2021-07-30,32.03,32.35,32.02,32.32,7802748
2021-08-02,32.45,32.63,31.96,32.09,6722776
2021-08-03,32.21,32.54,32.03,32.43,5371694
2021-08-04,32.25,32.39,31.70,31.92,8051036
2021-08-05,32.02,32.33,31.96,32.15,6037420
2021-08-06,32.20,32.47,32.14,32.30,5975831
2021-08-09,32.28,32.48,32.16,32.39,6174854
2021-08-10,32.55,33.20,32.44,32.95,10382800
2021-08-11,33.01,33.99,33.00,33.98,15003920
2021-08-12,34.00,34.17,33.61,34.13,8370357
2021-08-13,34.17,34.28,33.69,33.87,5625484
2021-08-16,33.80,33.89,33.46,33.87,6929038
2021-08-17,33.84,33.85,33.26,33.74,6734551
2021-08-18,33.67,34.21,33.63,33.76,8526304
2021-08-19,33.68,33.92,33.39,33.59,7632352
2021-08-20,33.74,33.86,33.59,33.73,6301587
2021-08-23,33.78,34.33,33.77,33.87,7973329
2021-08-24,33.99,34.01,33.32,33.37,8914403
2021-08-25,33.41,33.56,33.27,33.46,7536686
2021-08-26,33.46,33.66,33.10,33.28,6249232
2021-08-27,33.31,33.55,33.28,33.45,6921391
2021-08-30,33.28,33.36,33.03,33.10,5398485
2021-08-31,33.10,33.22,32.34,32.53,14636680
2021-09-01,32.58,32.84,32.23,32.54,12680890
2021-09-02,32.62,32.77,32.42,32.58,11128200
2021-09-03,32.43,32.55,31.94,32.00,9727989
2021-09-07,31.88,32.00,31.47,31.51,11167360
2021-09-08,31.45,31.76,31.27,31.69,10216540
2021-09-09,31.70,31.72,31.21,31.35,8042958
2021-09-10,31.30,31.58,30.91,30.95,9316196
2021-09-13,31.23,31.27,30.66,30.90,12953970
2021-09-14,30.96,30.96,30.43,30.50,9952190
2021-09-15,30.68,31.01,30.53,30.85,11871440
2021-09-16,30.99,31.06,30.73,30.91,12604120
2021-09-17,30.83,31.00,30.20,30.31,24017610
2021-09-20,29.90,29.99,29.48,29.77,15750230
2021-09-21,30.10,30.34,29.61,29.71,10219070
2021-09-22,29.87,30.16,29.81,29.86,8814953
2021-09-23,29.87,30.41,29.87,30.21,9476415
2021-09-24,30.11,30.69,30.06,30.42,10131220
2021-09-27,30.34,30.82,30.25,30.56,10214110
2021-09-28,30.54,30.66,30.18,30.50,16501280
2021-09-29,30.41,30.62,30.23,30.36,11565930
2021-09-30,30.47,30.55,29.72,29.74,10401130
2021-10-01,29.78,30.55,29.78,30.34,12352200
2021-10-04,30.38,30.84,30.28,30.51,16652420
2021-10-05,30.43,31.66,30.43,31.43,16226360
2021-10-06,31.17,32.59,31.16,32.54,17573760
2021-10-07,32.80,32.85,32.12,32.18,11944490
2021-10-08,32.19,32.80,32.10,32.71,9871586
2021-10-11,32.71,32.98,32.49,32.50,8718252
2021-10-12,32.56,32.56,32.05,32.13,7468883
2021-10-13,32.27,32.71,31.98,32.58,8349564
2021-10-14,32.83,33.44,32.79,33.43,11005630
2021-10-15,33.60,34.42,33.57,34.16,20535120
2021-10-18,33.99,34.34,33.80,34.23,10913360
2021-10-19,34.34,34.43,33.95,34.11,10274290
2021-10-20,34.12,34.55,33.87,34.46,14134650
2021-10-21,35.33,35.89,34.95,35.01,21688810
2021-10-22,35.12,35.66,34.76,35.42,14922160
2021-10-25,35.58,36.06,35.33,35.73,11664550
2021-10-26,35.79,36.00,35.59,35.69,10596770
2021-10-27,36.00,36.28,35.69,35.86,10844440
2021-10-28,35.85,36.30,35.85,36.24,8995107
2021-10-29,36.02,36.45,35.92,36.17,9951272
2021-11-01,36.14,36.19,35.45,35.69,10976060
2021-11-02,35.76,35.83,35.41,35.69,12068080
2021-11-03,35.73,35.78,35.27,35.68,8398733
2021-11-04,35.49,35.75,35.29,35.43,9697374
2021-11-05,35.75,35.93,35.39,35.41,9028090
2021-11-08,35.67,35.76,35.30,35.47,10883290
2021-11-09,35.37,35.59,35.15,35.54,10849720
2021-11-10,35.59,35.80,35.34,35.47,8920660
2021-11-11,35.41,35.50,34.95,35.12,8109790
2021-11-12,35.23,35.53,35.05,35.23,7348349
2021-11-15,35.30,35.45,35.16,35.19,13052570
2021-11-16,35.35,35.55,35.10,35.15,9157658
2021-11-17,35.12,35.62,34.94,35.54,11951490
2021-11-18,35.36,36.43,35.36,36.21,17516590
2021-11-19,36.17,36.31,35.80,36.08,10882540
2021-11-22,36.18,36.52,36.03,36.05,10025690
2021-11-23,36.01,36.57,35.89,36.48,16304980
2021-11-24,36.30,36.52,36.10,36.25,16542350
2021-11-26,35.66,35.80,34.76,35.57,11401660
2021-11-29,35.98,36.24,35.58,35.62,13836420
2021-11-30,35.28,35.74,34.58,34.66,23366500
2021-12-01,35.27,35.62,34.42,34.44,15993880
2021-12-02,34.49,35.73,34.43,35.57,12215210
2021-12-03,35.95,36.49,35.47,35.84,21822910
2021-12-06,36.21,37.02,36.16,36.76,14666810
2021-12-07,37.00,37.35,36.85,37.09,10565670
2021-12-08,37.16,37.29,36.57,36.95,11080680
2021-12-09,36.81,37.05,36.55,36.61,10872790
2021-12-10,36.95,36.98,36.54,36.74,12150710
2021-12-13,36.78,36.92,35.97,36.01,14655240
2021-12-14,35.83,36.30,35.71,35.92,11096900
2021-12-15,36.28,36.53,35.89,36.47,11198430
2021-12-16,36.37,36.90,36.37,36.57,11190480
2021-12-17,36.48,36.55,35.63,35.72,29595690
2021-12-20,35.20,35.44,34.94,35.31,11861850
2021-12-21,35.61,36.10,35.55,35.95,9657165
2021-12-22,35.96,36.10,35.81,36.08,6111497
2021-12-23,36.30,36.94,36.13,36.79,11146120
2021-12-27,36.86,37.27,36.83,37.19,6070317
2021-12-28,37.16,37.60,37.16,37.42,5301977
2021-12-29,37.42,37.76,37.32,37.58,5866602
2021-12-30,37.41,37.67,37.20,37.32,6479637
2021-12-31,37.26,37.82,37.16,37.60,6413499
2022-01-03,37.46,37.74,36.84,37.08,8723007
2022-01-04,37.11,38.01,37.08,37.63,8150986
2022-01-05,37.71,37.92,37.40,37.44,9791152
2022-01-06,37.48,37.87,37.27,37.71,10031390
2022-01-07,37.58,37.78,37.33,37.51,9770255
2022-01-10,37.58,37.60,36.29,36.54,16150480
2022-01-11,36.55,36.60,35.47,36.30,15075370
2022-01-12,36.43,36.74,36.26,36.64,11545030
2022-01-13,36.68,36.98,36.58,36.74,9293110
2022-01-14,36.43,36.74,36.21,36.44,13695680
2022-01-18,36.05,36.09,35.07,35.25,20631530
2022-01-19,35.33,35.56,34.96,35.25,17662350
2022-01-20,34.92,36.12,34.92,35.24,18196580
2022-01-21,35.05,35.14,33.41,34.10,34378810
2022-01-24,34.44,34.50,33.39,34.36,29000320
2022-01-25,33.65,34.01,33.15,33.72,19911870
2022-01-26,33.95,34.82,33.36,33.65,21782510
2022-01-27,33.90,34.15,33.39,33.56,16046280
2022-01-28,33.54,34.46,33.21,34.43,15047490
2022-01-31,33.89,34.37,33.89,34.22,14354800
2022-02-01,34.24,34.77,34.22,34.72,12299610
2022-02-02,34.72,35.28,34.62,35.21,10085560
2022-02-03,34.87,35.29,34.54,34.61,13095620
2022-02-04,34.08,34.55,33.95,34.30,13627170
2022-02-07,34.42,34.52,33.50,33.65,12304880
2022-02-08,33.78,34.51,33.66,34.11,13581220
2022-02-09,34.21,34.82,34.18,34.74,11172990
2022-02-10,34.01,34.66,33.80,33.99,10937670
2022-02-11,33.92,34.19,33.10,33.37,12043650
2022-02-14,33.42,34.04,33.37,33.92,14018240
2022-02-15,34.25,34.97,34.25,34.55,18213310
2022-02-16,34.68,35.27,34.47,35.17,10911390
2022-02-17,35.00,35.41,34.89,35.10,14982960
2022-02-18,35.05,35.40,34.61,34.66,14074440
2022-02-22,34.84,35.10,34.07,34.24,20566760
2022-02-23,34.37,34.52,33.34,33.40,13017110
2022-02-24,33.17,33.65,32.72,33.60,13506000
2022-02-25,33.67,34.50,33.56,34.31,11361600
2022-02-28,33.70,34.08,33.47,33.91,18286700
2022-03-01,33.77,34.26,33.17,33.34,17105010
2022-03-02,33.50,34.75,33.36,34.61,15046000
2022-03-03,34.70,35.90,34.70,35.29,20974970
2022-03-04,35.04,37.48,34.92,37.43,30152570
2022-03-07,37.21,38.63,36.96,37.01,25773990
2022-03-08,36.72,37.28,34.94,34.99,27806080
2022-03-09,35.69,35.73,34.27,34.61,21741830
2022-03-10,34.28,35.14,33.88,34.89,24267690
2022-03-11,35.30,35.59,34.63,34.69,21957300
2022-03-14,34.79,35.02,34.02,34.23,14321460
2022-03-15,34.63,34.80,33.98,34.36,24581360
2022-03-16,34.65,35.62,34.45,35.61,23601090
2022-03-17,36.05,36.33,35.34,36.30,17775150
2022-03-18,36.26,36.35,35.92,36.31,23024130
2022-03-21,36.08,37.09,36.08,36.86,15313810
2022-03-22,36.90,37.05,36.49,36.78,20471970
2022-03-23,36.77,36.93,36.34,36.39,19368830
2022-03-24,36.57,37.04,36.34,36.68,11401930
2022-03-25,36.72,36.94,36.45,36.92,8588795
2022-03-28,36.88,37.56,36.62,37.53,15776350
2022-03-29,37.72,37.84,37.16,37.68,15244560
2022-03-30,37.75,37.99,37.42,37.80,8796946
2022-03-31,37.83,38.05,37.44,37.45,16183720
2022-04-01,37.76,37.77,35.24,35.51,21039280
2022-04-04,35.42,35.66,34.84,35.61,11727150
2022-04-05,35.59,36.73,35.22,35.27,14895090
2022-04-06,34.96,35.27,34.45,34.67,14482430
2022-04-07,34.48,34.89,33.86,34.74,13719880
2022-04-08,34.48,34.68,33.91,34.33,11181690
2022-04-11,34.12,34.84,34.04,34.24,11151380
2022-04-12,34.37,34.89,34.19,34.41,13771920
2022-04-13,34.43,35.00,34.43,34.89,8527010
2022-04-14,34.90,35.19,34.86,35.06,12727140
2022-04-18,34.70,35.19,34.59,34.75,10228000
2022-04-19,34.83,35.32,34.73,35.29,12754070
2022-04-20,35.49,35.82,35.20,35.30,13958120
2022-04-21,37.40,38.17,36.00,36.30,17399020
2022-04-22,36.05,36.27,34.50,34.52,21027930
2022-04-25,34.52,34.70,33.82,34.64,11718200
2022-04-26,34.68,34.70,34.09,34.11,10713440
2022-04-27,34.21,34.92,34.11,34.48,13241620
2022-04-28,34.52,35.36,34.41,35.21,12859480
2022-04-29,35.05,35.22,34.17,34.34,16045890
2022-05-02,34.44,34.63,33.65,34.29,13671160
2022-05-03,34.35,34.83,34.10,34.53,12127290
2022-05-04,34.58,35.55,34.40,35.50,14403200
2022-05-05,35.09,35.31,34.32,34.65,14006870
2022-05-06,34.74,35.03,33.69,34.78,23166730
2022-05-09,34.48,34.55,33.48,33.62,17607470
2022-05-10,34.02,34.07,32.56,32.78,24685480
2022-05-11,32.72,33.77,32.72,33.17,16936590
2022-05-12,33.05,33.38,32.36,33.00,20225430
2022-05-13,33.12,33.88,33.08,33.43,11309510
2022-05-16,33.18,33.63,32.99,33.26,17849220
2022-05-17,33.69,33.99,33.34,33.76,26286350
2022-05-18,33.69,33.78,32.21,32.32,20443950
2022-05-19,31.42,31.77,30.61,30.94,33489230
2022-05-20,31.11,31.28,30.30,30.94,21816760
2022-05-23,31.15,31.36,30.83,31.23,17331040
2022-05-24,30.98,31.11,30.58,30.91,18649210
2022-05-25,30.90,31.25,30.74,31.15,22264030
2022-05-26,31.38,32.05,31.05,31.58,19762150
2022-05-27,31.83,32.15,31.67,32.05,12497310
2022-05-31,32.02,32.04,31.53,31.79,31840130
2022-06-01,31.99,32.23,31.79,32.00,15230050
2022-06-02,32.06,32.63,31.78,32.59,13838440
2022-06-03,32.39,32.50,32.06,32.11,17055910
2022-06-06,32.28,32.34,31.86,32.14,12707000
2022-06-07,31.65,32.63,31.40,32.56,11283090
2022-06-08,32.27,32.42,31.67,31.81,14814860
2022-06-09,31.65,31.96,31.16,31.17,11128400
2022-06-10,30.75,30.84,30.12,30.30,13214800
2022-06-13,29.85,30.01,29.35,29.46,18695550
2022-06-14,29.82,30.15,29.11,29.34,14891450
2022-06-15,29.68,29.97,28.98,29.42,15410970
2022-06-16,28.93,29.38,28.76,29.05,16523780
2022-06-17,28.91,29.16,28.66,28.93,28779920
2022-06-21,29.29,29.39,28.96,28.99,17013940
2022-06-22,28.74,29.16,28.50,28.83,17127170
2022-06-23,29.05,29.05,28.44,28.71,16883250
2022-06-24,28.83,29.68,28.82,29.57,24261780
2022-06-27,29.59,29.64,29.05,29.32,16602440
2022-06-28,29.82,30.14,29.08,29.14,13123870
2022-06-29,29.29,29.29,28.70,29.12,17330080
2022-06-30,28.94,29.24,28.57,29.06,16745540
2022-07-01,29.09,29.54,28.82,29.34,13838790
2022-07-05,28.99,28.99,28.09,28.51,23077640
2022-07-06,28.70,29.06,28.58,28.89,13716390
2022-07-07,28.95,29.35,28.82,29.24,13955320
2022-07-08,29.22,29.34,28.59,28.99,9779745
2022-07-11,28.75,29.17,28.69,28.85,11972050
2022-07-12,28.57,28.64,28.14,28.42,14560410
2022-07-13,28.06,28.50,27.95,28.23,22263630
2022-07-14,27.85,28.29,27.59,28.18,12467250
2022-07-15,28.73,28.94,28.57,28.86,15870800
2022-07-18,28.88,29.30,28.80,28.83,13425190
2022-07-19,29.18,29.77,29.09,29.72,19617870
2022-07-20,29.50,29.83,29.39,29.73,14328650
2022-07-21,30.27,31.25,30.07,30.99,26968660
2022-07-22,30.83,31.63,30.81,30.89,21023680
2022-07-25,30.95,31.42,30.82,31.35,10861250
2022-07-26,31.26,31.50,31.12,31.16,12999710
2022-07-27,31.15,31.89,31.11,31.83,16271630
2022-07-28,31.82,31.93,31.49,31.71,13342610
2022-07-29,31.86,32.37,31.68,32.33,11526850
2022-08-01,31.95,32.69,31.90,32.60,11749140
2022-08-02,32.65,32.65,32.14,32.15,12985850
2022-08-03,32.21,32.60,32.12,32.50,9168233
2022-08-04,32.75,33.07,32.55,32.83,10669350
2022-08-05,32.54,33.15,32.54,33.11,11474120
2022-08-08,33.40,33.43,32.79,32.82,14688840
2022-08-09,32.96,33.00,32.64,32.67,14140890
2022-08-10,33.21,34.18,33.16,34.06,16833180
2022-08-11,34.14,34.71,34.11,34.16,14382260
2022-08-12,34.25,34.38,34.11,34.35,11880990
2022-08-15,34.30,34.37,33.91,34.14,13192750
2022-08-16,34.00,34.52,33.98,34.44,12763170
2022-08-17,34.20,34.67,33.93,34.48,12172240
2022-08-18,34.61,34.70,34.23,34.35,13585880
2022-08-19,34.09,34.19,33.78,33.83,12433860
2022-08-22,33.41,33.66,33.38,33.56,20808140
2022-08-23,33.55,33.85,33.41,33.63,12986500
2022-08-24,33.53,33.90,33.48,33.62,13376140
2022-08-25,33.90,34.03,33.66,33.98,6782785
2022-08-26,33.92,34.08,32.58,32.63,13515230
2022-08-29,32.51,33.05,32.37,32.72,9410780
2022-08-30,32.54,32.62,31.53,31.67,15548210
2022-08-31,31.90,31.90,31.39,31.65,13664600
2022-09-01,31.51,31.72,31.21,31.61,10492980
2022-09-02,31.95,31.97,31.05,31.24,10934080
2022-09-06,31.24,31.77,31.16,31.49,16149010
2022-09-07,31.49,32.11,31.39,31.89,11452760
2022-09-08,31.74,32.23,31.63,32.21,15374460
2022-09-09,32.34,32.75,32.29,32.63,13841320
2022-09-12,32.75,32.92,32.48,32.84,13870900
2022-09-13,32.29,32.34,31.43,31.56,14156300
2022-09-14,31.18,31.33,30.42,31.23,23037150
2022-09-15,31.30,31.46,30.04,30.17,34773820
2022-09-16,29.40,29.80,28.90,29.49,48494390
2022-09-19,29.32,29.91,29.26,29.88,19382410
2022-09-20,29.47,29.66,29.07,29.47,17563120
2022-09-21,29.71,30.00,29.14,29.14,12784550
2022-09-22,28.98,29.05,28.51,28.57,17156170
2022-09-23,28.54,28.59,27.48,27.68,23944250
2022-09-26,27.56,27.79,27.23,27.43,17252060
2022-09-27,27.45,27.74,26.90,27.22,18481510
2022-09-28,26.91,27.77,26.86,27.63,18306630
2022-09-29,27.36,27.40,26.78,27.19,15427260
2022-09-30,27.16,27.26,26.61,26.64,24138740
2022-10-03,27.03,27.63,26.91,27.42,16035040
2022-10-04,27.78,28.20,27.78,28.12,15531490
2022-10-05,27.77,28.06,27.42,27.82,16028680
2022-10-06,27.79,27.89,27.33,27.36,15166340
2022-10-07,27.09,27.24,26.63,26.77,14487830
2022-10-10,26.93,27.24,26.57,26.59,16063080
2022-10-11,26.48,26.82,26.34,26.51,18070720
2022-10-12,26.57,27.18,26.50,26.65,13763200
2022-10-13,26.16,27.76,25.80,27.50,18585950
2022-10-14,27.85,27.90,27.19,27.31,15482480
2022-10-17,27.86,28.26,27.83,28.15,17761670
2022-10-18,28.68,28.93,28.12,28.41,16408670
2022-10-19,28.02,28.24,27.70,27.92,15446530
2022-10-20,27.32,27.84,26.79,27.08,20922910
2022-10-21,27.74,28.48,26.96,27.54,29374740
2022-10-24,27.75,28.54,27.74,28.16,21072020
2022-10-25,28.23,28.83,28.17,28.76,19664220
2022-10-26,29.09,29.37,28.66,28.77,21083350
2022-10-27,28.93,29.34,28.77,28.81,14100600
2022-10-28,29.03,29.36,28.86,29.22,14182780
2022-10-31,29.27,29.36,28.96,29.06,15539090
2022-11-01,29.33,29.44,28.90,29.07,16785180
2022-11-02,29.09,29.74,28.52,28.53,15289820
2022-11-03,28.25,29.23,28.12,29.00,19382030
2022-11-04,29.21,29.77,29.21,29.63,13867710
2022-11-07,29.81,30.02,29.66,29.96,9927455
2022-11-08,29.97,30.12,29.45,29.98,14559090
2022-11-09,29.73,29.91,29.36,29.43,10546610
2022-11-10,30.50,31.30,30.24,31.22,18324720
2022-11-11,31.77,32.06,31.35,31.94,14690850
2022-11-14,31.67,32.41,31.54,31.80,12305080
2022-11-15,32.15,32.52,30.89,31.31,16846280
2022-11-16,31.23,31.43,31.04,31.24,10016310
2022-11-17,30.85,30.95,30.46,30.95,12225380
2022-11-18,31.13,31.24,30.52,30.88,15351510
2022-11-21,30.75,31.34,30.42,31.29,19909430
2022-11-22,31.52,32.20,31.50,31.92,15708210
2022-11-23,31.92,32.19,31.81,32.07,9659038
2022-11-25,32.28,32.34,31.98,32.02,5838389
2022-11-28,31.91,32.04,31.57,31.70,16922900
2022-11-29,31.88,32.21,31.51,32.17,13413670
2022-11-30,32.28,32.73,31.70,32.69,24182460
2022-12-01,32.87,32.99,32.38,32.68,11298050
2022-12-02,32.11,32.33,31.74,32.05,11178540
2022-12-05,31.81,31.83,31.28,31.35,18867490
2022-12-06,31.39,31.46,30.73,31.16,14309780
2022-12-07,31.16,31.41,30.86,30.91,14573940
2022-12-08,31.03,31.64,31.02,31.52,11740220
2022-12-09,31.54,31.64,31.33,31.42,10533180
2022-12-12,31.50,32.25,31.41,32.22,14105980
2022-12-13,33.25,33.33,32.37,32.74,15518000
2022-12-14,32.71,33.14,32.43,32.67,11698410
2022-12-15,32.27,32.27,31.45,31.77,14795060
2022-12-16,31.44,31.76,31.07,31.65,33977070
2022-12-19,31.63,31.79,30.88,31.18,10633210
2022-12-20,31.08,31.21,30.54,30.73,17911210
2022-12-21,31.08,31.25,30.90,31.22,11474620
2022-12-22,30.95,31.02,30.52,30.97,8421295
2022-12-23,31.04,31.32,30.86,31.25,6855073
2022-12-27,31.31,31.36,31.05,31.24,10152270
2022-12-28,31.24,31.39,30.84,30.84,7626980
2022-12-29,31.06,31.36,30.98,31.24,5542879
2022-12-30,31.02,31.12,30.73,30.98,7328771
2023-01-03,31.08,31.17,30.55,30.88,8329505
2023-01-04,31.01,31.49,30.90,31.28,9543235
2023-01-05,31.11,31.28,30.80,30.91,11660800
2023-01-06,31.11,32.36,31.10,32.20,10799360
2023-01-09,32.19,32.63,32.05,32.14,14682600
2023-01-10,31.89,32.41,31.89,32.40,11177050
2023-01-11,32.59,32.63,32.04,32.45,10993470
2023-01-12,32.43,32.70,32.25,32.49,10568690
2023-01-13,32.26,32.48,32.08,32.42,7459801
2023-01-17,32.57,32.87,32.24,32.60,13345600
2023-01-18,32.57,33.04,32.22,32.23,11891730
2023-01-19,31.96,32.08,31.52,31.55,10024270
2023-01-20,31.50,32.03,31.26,32.01,24049090
2023-01-23,32.10,32.49,31.77,32.05,9323419
2023-01-24,31.73,31.91,31.05,31.86,12999580
2023-01-25,31.47,31.52,30.26,31.05,22213500
2023-01-26,30.59,30.67,29.39,30.15,25564740
2023-01-27,30.14,30.73,29.89,30.08,19432560
2023-01-30,29.89,30.39,29.71,29.88,13657390
2023-01-31,30.12,30.97,30.03,30.92,15414050
2023-02-01,30.77,31.84,30.74,31.59,15597350
2023-02-02,31.70,32.88,31.66,32.64,15828610
2023-02-03,32.39,32.70,32.22,32.27,9577077
2023-02-06,32.09,32.45,31.96,32.05,9061718
2023-02-07,31.82,32.41,31.68,32.29,10300630
2023-02-08,32.21,32.42,31.87,31.95,8305218
2023-02-09,32.13,32.30,31.09,31.13,10854450
2023-02-10,31.04,31.66,30.87,31.57,10760920
2023-02-13,31.27,32.06,31.27,31.63,18021550
2023-02-14,31.50,31.68,30.84,31.44,13794220
2023-02-15,31.22,31.79,30.98,31.67,11797030
2023-02-16,31.21,31.61,31.08,31.11,14411470
2023-02-17,31.01,31.39,30.80,31.21,12394330
2023-02-21,30.94,31.00,30.56,30.59,16185950
2023-02-22,30.66,30.87,29.76,29.99,18353800
2023-02-23,30.31,30.77,30.16,30.65,16513560
2023-02-24,30.39,30.82,30.21,30.75,12648010
2023-02-27,31.32,31.79,30.64,30.77,18854630
2023-02-28,30.75,31.00,30.43,30.49,12607680
2023-03-01,30.39,30.97,30.35,30.86,10816420
2023-03-02,30.68,31.34,30.45,31.28,9548058
2023-03-03,31.39,31.44,31.00,31.15,14602650
2023-03-06,31.14,31.15,30.48,30.54,15042550
2023-03-07,30.61,30.61,29.67,29.69,19224390
2023-03-08,29.77,30.39,29.76,30.27,12528000
2023-03-09,30.45,30.48,29.70,29.76,12299830
2023-03-10,29.76,30.52,29.41,29.49,18598770
2023-03-13,29.15,29.85,29.00,29.06,17488360
2023-03-14,29.33,29.69,28.80,29.26,13376800
2023-03-15,29.08,29.32,28.70,28.98,15821500
2023-03-16,28.75,29.40,28.63,29.33,14007700
2023-03-17,29.33,29.33,28.74,28.91,21490860
2023-03-20,28.98,29.40,28.96,29.18,11786880
2023-03-21,29.44,29.61,29.02,29.32,13456560
2023-03-22,29.36,29.45,28.26,28.29,24089560
2023-03-23,28.35,28.51,27.98,28.08,17661650
2023-03-24,27.78,28.32,27.60,28.25,13728610
2023-03-27,28.43,28.88,28.28,28.75,11472360
2023-03-28,28.78,29.18,28.73,29.11,10687900
2023-03-29,29.32,29.68,29.32,29.59,11877260
2023-03-30,29.77,29.94,29.39,29.50,10652780
2023-03-31,29.61,29.98,29.46,29.94,11340780
2023-04-03,29.76,30.21,29.73,29.85,8281604
2023-04-04,29.95,30.01,29.36,29.51,10742690
2023-04-05,29.47,29.69,29.17,29.29,13043160
2023-04-06,29.34,30.10,29.15,30.02,18372720
2023-04-10,29.83,30.04,29.76,29.99,16722820
2023-04-11,30.08,30.43,30.08,30.31,13468400
2023-04-12,30.43,30.48,30.10,30.16,11862310
2023-04-13,30.20,30.47,29.94,30.42,11801270
2023-04-14,30.50,30.73,30.24,30.46,16727540
2023-04-17,30.60,30.73,30.27,30.45,16325520
2023-04-18,30.44,30.73,30.33,30.41,12721460
2023-04-19,30.29,30.61,30.23,30.56,9847097
2023-04-20,30.48,31.21,30.48,30.81,21944340
2023-04-21,31.89,32.27,31.41,31.82,25062030
2023-04-24,31.80,31.84,31.18,31.38,14661190
2023-04-25,31.06,31.14,30.67,30.90,13623890
2023-04-26,30.59,30.80,30.02,30.14,13958140
2023-04-27,30.20,30.53,29.93,30.39,14161090
2023-04-28,30.37,30.96,30.33,30.64,12036920
2023-05-01,30.64,31.55,30.64,31.30,11293130
2023-05-02,31.30,31.34,30.69,31.07,9846478
2023-05-03,31.15,31.50,30.90,30.93,8549601
2023-05-04,30.84,31.37,30.80,31.31,12353090
2023-05-05,31.57,32.03,31.42,31.86,8863260
2023-05-08,32.00,32.25,31.68,31.88,8938076
2023-05-09,31.69,32.14,31.44,32.02,9081044
2023-05-10,32.25,32.33,31.40,31.81,9976355
2023-05-11,31.75,31.91,31.48,31.79,6927529
2023-05-12,31.80,32.05,31.62,31.82,6915294
2023-05-15,31.86,32.22,31.80,32.01,6837503
2023-05-16,31.90,31.96,31.65,31.68,7801564
2023-05-17,31.77,32.15,31.71,31.95,16734930
2023-05-18,31.85,32.41,31.56,32.39,10551480
2023-05-19,32.56,32.68,32.00,32.31,9766078
2023-05-22,32.99,33.07,31.52,31.90,14019780
2023-05-23,31.69,31.98,31.48,31.61,11195570
2023-05-24,31.48,31.50,30.64,30.89,15527440
2023-05-25,30.70,31.07,30.55,30.92,11791080
2023-05-26,30.92,31.00,30.62,30.81,12295640
2023-05-30,30.72,31.12,30.40,30.97,9079422
2023-05-31,30.96,30.96,30.42,30.67,14024720
2023-06-01,31.14,31.44,31.05,31.38,17447460
2023-06-02,31.61,32.19,31.53,31.92,10738140
2023-06-05,31.97,32.20,31.93,32.13,10404380
2023-06-06,32.05,32.08,31.79,31.94,10984790
2023-06-07,31.94,32.62,31.81,32.58,12490200
2023-06-08,32.59,32.65,32.05,32.56,8662841
2023-06-09,32.55,32.72,32.15,32.31,9226144
2023-06-12,32.29,32.49,31.73,32.40,11769380
2023-06-13,32.56,32.96,32.39,32.66,16266020
2023-06-14,32.80,33.49,32.71,33.09,14398220
2023-06-15,33.11,33.58,32.98,33.56,11338300
2023-06-16,33.67,33.75,33.12,33.21,30050010
2023-06-20,33.22,33.37,32.85,32.91,9430774
2023-06-21,32.77,33.21,32.54,33.13,8878386
2023-06-22,33.06,33.15,32.86,33.11,6223680
2023-06-23,32.78,32.89,32.62,32.74,13571430
2023-06-26,32.80,33.27,32.74,33.11,8465118
2023-06-27,33.14,33.65,33.14,33.47,8861592
2023-06-28,33.48,33.63,33.38,33.59,9303960
2023-06-29,33.44,33.87,33.34,33.87,6311211
2023-06-30,34.00,34.18,33.71,34.10,9416301
2023-07-03,33.86,34.38,33.53,34.34,4291909
2023-07-05,34.12,34.15,33.73,33.87,9974297
2023-07-06,33.47,33.75,33.33,33.46,13812940
2023-07-07,33.40,33.69,33.25,33.30,16723050
2023-07-10,33.30,33.66,33.30,33.61,12307960
2023-07-11,33.78,33.86,33.55,33.77,10103490
2023-07-12,34.03,34.03,33.47,33.53,11777340
2023-07-13,33.56,33.80,33.45,33.72,9960840
2023-07-14,33.60,33.72,33.45,33.63,7892210
2023-07-17,33.43,33.44,32.79,33.22,14879310
2023-07-18,33.19,33.76,33.11,33.75,12822960
2023-07-19,33.68,33.92,33.59,33.80,10626500
2023-07-20,33.98,34.10,33.66,33.71,15919930
2023-07-21,31.94,32.63,31.83,32.46,48304240
2023-07-24,32.37,32.84,32.32,32.52,13605400
2023-07-25,32.34,33.31,32.34,33.17,13887770
2023-07-26,33.31,33.31,32.83,32.95,23107440
2023-07-27,33.10,33.45,32.88,33.03,12733840
2023-07-28,33.29,33.99,33.19,33.80,12014160
2023-07-31,33.44,33.60,33.14,33.32,13774150
2023-08-01,33.32,33.42,33.09,33.31,11443900
2023-08-02,33.09,33.10,32.66,32.96,9710835
2023-08-03,32.86,33.22,32.74,32.91,7892481
2023-08-04,32.42,32.56,31.44,31.52,32864660
2023-08-07,31.53,31.80,31.50,31.78,12071030
2023-08-08,31.50,31.73,31.23,31.31,10594120
2023-08-09,31.21,31.31,30.95,31.11,10967620
2023-08-10,31.24,31.37,30.90,30.92,9687409
2023-08-11,30.81,31.02,30.70,30.75,12305130
2023-08-14,30.70,30.90,30.57,30.82,12786220
2023-08-15,30.69,30.74,30.16,30.28,10972150
2023-08-16,30.32,30.62,30.12,30.19,8296083
2023-08-17,30.26,30.52,30.19,30.27,8545738
2023-08-18,30.21,31.00,30.14,30.87,13792040
2023-08-21,30.76,30.95,30.56,30.71,9629674
2023-08-22,30.65,30.91,30.43,30.51,7457186
2023-08-23,30.66,31.05,30.60,31.00,12092460
2023-08-24,30.95,31.07,30.55,30.56,14328600
2023-08-25,30.66,31.08,30.64,30.91,10905760
2023-08-28,30.95,31.29,30.70,30.86,12167500
2023-08-29,30.93,31.07,30.63,30.75,10469860
2023-08-30,30.73,30.99,30.66,30.73,8916529
2023-08-31,30.71,30.73,30.18,30.20,11113410
2023-09-01,30.48,30.76,30.34,30.63,12304600
2023-09-05,30.63,30.63,29.78,29.92,11426180
2023-09-06,29.91,30.23,29.68,29.73,16137100
2023-09-07,29.65,29.95,29.45,29.49,10474100
2023-09-08,30.37,30.54,29.76,29.95,32686880
2023-09-11,30.11,30.30,30.03,30.18,13313910
2023-09-12,30.19,30.84,30.11,30.59,12738630
2023-09-13,30.60,30.66,30.08,30.50,11156820
2023-09-14,30.80,31.19,30.69,31.04,12407360
2023-09-15,31.05,31.20,30.68,30.85,25501240
2023-09-18,30.98,31.25,30.73,31.10,13835320
2023-09-19,31.02,31.10,30.44,30.91,15039810
2023-09-20,31.22,31.57,31.17,31.31,13149990
2023-09-21,31.14,31.39,30.96,31.02,15185440
2023-09-22,31.00,31.51,30.97,31.20,16176620
2023-09-25,31.05,31.33,30.96,31.15,8789047
2023-09-26,31.04,31.05,30.58,30.62,9247073
2023-09-27,30.66,30.70,30.02,30.28,13493090
2023-09-28,30.28,30.82,30.22,30.57,12098860
2023-09-29,30.99,31.17,30.70,30.75,15052380
2023-10-02,30.60,30.69,30.16,30.54,16786120
2023-10-03,30.42,30.96,30.33,30.77,17736920
2023-10-04,30.79,30.96,30.46,30.85,11907680
2023-10-05,30.84,30.87,30.23,30.41,13856990
2023-10-06,30.23,31.11,30.13,30.91,11781900
2023-10-09,30.76,31.18,30.73,31.08,11418400
2023-10-10,31.18,31.57,31.14,31.54,11805530
2023-10-11,31.93,32.00,31.43,31.61,10968270
2023-10-12,31.66,31.68,30.80,31.16,12984910
2023-10-13,31.10,31.57,31.05,31.14,9054076
2023-10-16,31.33,31.71,31.29,31.41,11420170
2023-10-17,31.41,31.64,31.23,31.37,8664682
2023-10-18,31.06,31.09,30.63,30.67,14342220
2023-10-19,30.89,31.16,30.49,30.54,22045620
2023-10-20,31.23,31.50,30.39,30.76,21527110
2023-10-23,30.71,30.95,30.14,30.16,11479820
2023-10-24,30.27,30.41,29.56,29.68,14734500
2023-10-25,29.51,29.80,29.05,29.60,15522980
2023-10-26,29.52,30.10,29.52,29.59,14729630
2023-10-27,29.57,29.69,29.03,29.24,14364060
2023-10-30,29.39,29.56,29.26,29.40,10692730
2023-10-31,29.38,29.94,29.28,29.85,11067760
2023-11-01,29.85,29.99,29.38,29.57,16273450
2023-11-02,29.80,30.48,29.64,30.39,16593260
2023-11-03,30.55,30.69,30.27,30.40,9469206
2023-11-06,30.42,30.58,30.15,30.38,8744582
2023-11-07,30.20,30.38,30.00,30.35,11292010
2023-11-08,30.46,30.59,30.20,30.37,7847137
2023-11-09,30.44,30.52,30.12,30.17,9203536
2023-11-10,30.39,30.78,30.23,30.70,11374220
2023-11-13,30.59,30.67,30.30,30.45,10154870
2023-11-14,30.94,31.38,30.94,31.11,13300620
2023-11-15,31.11,31.32,30.89,30.99,14571850
2023-11-16,31.18,31.39,30.86,31.33,13475090
2023-11-17,31.44,31.76,31.43,31.62,13336920
2023-11-20,31.50,32.12,31.45,32.06,13216000
2023-11-21,32.10,32.33,31.93,32.25,14009600
2023-11-22,32.43,32.61,32.26,32.55,13128620
2023-11-24,32.54,32.64,32.38,32.64,7221878
2023-11-27,32.52,32.55,31.91,31.94,9971787
2023-11-28,31.91,32.27,31.88,32.05,11123170
2023-11-29,32.09,32.16,31.64,31.73,9414131
2023-11-30,31.76,32.33,31.72,32.30,17186820
2023-12-01,32.41,33.43,32.37,33.40,12861600
2023-12-04,33.31,33.83,33.27,33.66,16935740
2023-12-05,33.45,33.45,33.13,33.29,7736011
2023-12-06,33.52,33.57,33.23,33.52,10669660
2023-12-07,33.73,33.80,33.44,33.50,10666580
2023-12-08,33.45,33.49,32.93,32.96,15756850
2023-12-11,33.24,33.32,33.11,33.20,11108910
2023-12-12,33.39,33.44,33.13,33.22,9729104
2023-12-13,33.17,33.34,32.77,33.24,19160690
2023-12-14,33.52,34.04,33.41,33.84,17306150
2023-12-15,33.76,34.08,33.55,34.00,32750550
2023-12-18,34.18,34.55,34.12,34.33,10947770
2023-12-19,34.31,34.61,34.19,34.58,9939906
2023-12-20,34.31,34.84,34.22,34.36,9863969
2023-12-21,34.44,34.49,34.20,34.46,9828791
2023-12-22,34.55,34.81,34.53,34.63,6262838
2023-12-26,34.63,35.09,34.57,34.95,6058566
2023-12-27,34.77,34.89,34.56,34.65,9632229
2023-12-28,34.72,34.82,34.60,34.74,4795134
2023-12-29,34.69,34.78,34.55,34.67,6712075
2024-01-02,34.64,34.98,34.45,34.62,9285276
2024-01-03,34.64,34.92,34.52,34.66,10827260
2024-01-04,34.59,34.98,34.50,34.72,9283370
2024-01-05,34.67,34.91,34.56,34.62,7118852
2024-01-08,34.74,34.77,34.40,34.69,8977677
2024-01-09,34.37,34.64,34.23,34.61,7855281
2024-01-10,34.62,34.75,34.51,34.70,6448021
2024-01-11,34.66,34.66,34.25,34.57,7752009
2024-01-12,34.72,34.89,34.48,34.86,5727483
2024-01-16,34.78,34.96,34.57,34.74,9755417
2024-01-17,34.40,34.55,34.18,34.39,10484580
2024-01-18,34.37,34.59,34.21,34.45,17670860
2024-01-19,34.42,34.77,34.31,34.55,18313440
2024-01-22,34.69,34.98,34.51,34.75,15175190
2024-01-23,34.77,34.94,34.59,34.89,10098700
2024-01-24,35.00,35.00,34.33,34.39,17803440
2024-01-25,34.52,35.01,33.45,35.00,19979360
2024-01-26,35.07,35.50,34.81,35.39,21484730
2024-01-29,35.18,35.63,35.05,35.59,11223900
2024-01-30,35.30,35.99,35.27,35.85,13619160
2024-01-31,35.96,36.12,35.66,35.70,15551050
2024-02-01,35.75,36.28,35.64,36.28,13146720
2024-02-02,36.24,36.75,36.07,36.53,13400780
2024-02-05,36.23,36.93,36.20,36.73,11621720
2024-02-06,36.83,37.15,36.65,37.02,9139148
2024-02-07,37.20,37.37,36.99,36.99,9536072
2024-02-08,37.06,37.15,36.72,37.07,8489062
2024-02-09,37.12,37.22,36.74,36.89,9439225
2024-02-12,36.79,36.93,36.42,36.87,11684720
2024-02-13,36.77,36.84,36.34,36.61,11241600
2024-02-14,36.63,37.06,36.59,37.00,8318356
2024-02-15,37.18,37.39,36.88,37.00,9581408
2024-02-16,36.89,37.02,36.65,36.72,12668430
2024-02-20,36.76,36.92,36.45,36.86,14300470
2024-02-21,37.00,37.16,36.83,37.10,10010100
2024-02-22,37.21,38.03,37.09,37.89,17846500
2024-02-23,37.94,40.12,37.86,38.33,26652720
2024-02-26,38.27,38.70,38.15,38.18,13371170
2024-02-27,38.20,38.23,37.80,37.96,8876763
2024-02-28,37.84,38.10,37.66,37.68,10889970
2024-02-29,37.86,38.10,37.73,37.94,14362680
2024-03-01,37.79,38.25,37.63,38.23,7890967
2024-03-04,38.17,38.40,38.09,38.38,7901456
2024-03-05,38.44,38.61,38.08,38.25,11336890
2024-03-06,38.21,38.51,38.04,38.09,8585972
2024-03-07,38.41,38.46,37.87,37.92,8116238
2024-03-08,37.94,38.33,37.89,38.19,7684456
2024-03-11,38.24,38.35,37.85,38.04,5975402
2024-03-12,37.92,38.14,37.71,37.82,10346930
2024-03-13,37.86,37.92,37.50,37.78,12440910
2024-03-14,37.86,37.86,36.70,37.03,13671040
2024-03-15,37.12,37.37,36.92,36.97,17757970
2024-03-18,37.00,37.33,36.91,37.31,9414095
2024-03-19,37.32,37.44,36.87,36.98,14900350
2024-03-20,36.94,37.68,36.79,37.61,13891880
2024-03-21,37.82,37.88,37.46,37.87,10512500
2024-03-22,37.97,38.03,37.34,37.35,10437200
2024-03-25,37.34,37.40,36.75,36.84,9664456
2024-03-26,35.86,36.68,35.70,36.13,14861010
2024-03-27,36.34,36.86,36.24,36.84,8578309
2024-03-28,36.93,37.17,36.69,37.07,8659560
2024-04-01,36.98,37.00,36.56,36.78,12179890
2024-04-02,36.71,36.84,36.30,36.51,10635600
2024-04-03,36.51,36.82,36.28,36.42,9199496
2024-04-04,36.62,36.77,35.96,36.12,12437290
2024-04-05,36.28,36.51,36.15,36.30,8863336
2024-04-08,36.13,36.40,36.00,36.05,12537430
2024-04-09,36.00,36.14,35.66,35.95,12472910
2024-04-10,35.54,35.66,35.27,35.41,13709480
2024-04-11,35.36,35.70,35.14,35.43,10695420
2024-04-12,35.16,35.48,35.10,35.34,15163700
2024-04-15,35.71,35.83,34.98,35.14,15632650
2024-04-16,35.25,35.25,34.76,34.84,12794280
2024-04-17,34.75,34.78,33.92,34.16,24343510
2024-04-18,34.75,35.08,34.08,34.39,25707080
2024-04-19,34.45,34.61,34.20,34.34,13615440
2024-04-22,34.57,34.76,34.23,34.62,14638420
2024-04-23,34.62,34.97,34.51,34.72,19272520
2024-04-24,34.43,34.43,33.41,33.67,23767920
2024-04-25,33.81,34.20,33.64,34.03,11992120
2024-04-26,33.64,34.17,33.57,33.99,10661950
2024-04-29,33.89,34.16,33.75,33.95,11084570
2024-04-30,33.90,33.97,33.13,33.22,17483870
2024-05-01,33.21,33.52,32.96,33.20,12227700
2024-05-02,33.31,33.76,33.16,33.57,9457548
2024-05-03,33.82,33.97,33.66,33.85,6618097
2024-05-06,33.87,33.98,33.55,33.68,8992945
2024-05-07,33.87,34.14,33.85,33.96,9546294
2024-05-08,33.89,34.25,33.84,34.22,8092288
2024-05-09,34.22,34.65,34.08,34.50,11379550
2024-05-10,34.60,34.69,34.24,34.38,7834533
2024-05-13,34.58,34.62,34.13,34.52,10039170
2024-05-14,34.52,34.68,33.81,33.93,14001310
2024-05-15,34.07,34.34,33.79,33.84,12532090
2024-05-16,33.89,34.00,33.73,33.93,10161700
2024-05-17,33.92,33.94,33.47,33.52,8218484
2024-05-20,33.53,33.63,33.15,33.41,7800386
2024-05-21,33.35,33.36,32.94,33.07,9165645
2024-05-22,33.11,34.05,33.10,34.01,17390910
2024-05-23,34.04,34.12,33.44,33.50,12453700
2024-05-24,33.59,33.82,33.51,33.78,8854602
2024-05-28,33.77,33.92,33.45,33.48,9949300
2024-05-29,33.21,33.47,33.08,33.24,8656433
2024-05-30,33.24,33.52,33.20,33.30,12463870
2024-05-31,33.33,33.83,33.12,33.75,30345070
2024-06-03,33.66,33.87,32.87,33.18,9721652
2024-06-04,33.21,33.21,32.74,32.77,8229364
2024-06-05,32.80,33.13,32.59,33.05,8531407
2024-06-06,32.98,33.14,32.84,32.99,7093187
2024-06-07,32.86,33.25,32.66,32.75,8944850
2024-06-10,32.67,32.93,32.46,32.93,8326754
2024-06-11,32.68,32.83,32.56,32.67,6757437
2024-06-12,32.79,33.12,32.51,32.76,8229691
2024-06-13,32.54,32.68,32.22,32.53,7840447
2024-06-14,32.42,32.42,31.74,32.18,13292010
2024-06-17,32.01,32.71,31.92,32.61,14397940
2024-06-18,32.71,33.06,32.60,33.03,12603750
2024-06-20,32.83,33.37,32.77,33.31,10799800
2024-06-21,33.44,33.53,33.11,33.41,18688150
2024-06-24,33.54,33.81,33.19,33.21,9553529
2024-06-25,33.09,33.09,32.30,32.71,11303330
2024-06-26,32.71,33.22,32.58,33.01,15753800
2024-06-27,33.16,33.22,32.94,33.03,14253320
2024-06-28,33.16,33.60,33.08,33.45,15864930
2024-07-01,33.48,33.81,33.30,33.59,11091070
2024-07-02,33.62,33.87,33.54,33.76,11763050
2024-07-03,33.70,33.74,33.46,33.55,4523228
2024-07-05,33.53,33.55,33.10,33.30,9545346
2024-07-08,32.84,33.42,32.80,33.39,7970855
2024-07-09,33.17,33.27,32.07,32.48,14924580
2024-07-10,32.50,32.96,32.37,32.92,8585594
2024-07-11,32.90,33.80,32.87,33.74,9850417
2024-07-12,33.82,34.05,33.63,33.79,6764400
2024-07-15,33.90,34.88,33.76,34.60,13872270
2024-07-16,34.60,35.63,34.47,35.33,13257080
2024-07-17,35.16,35.52,35.07,35.45,11175570
2024-07-18,35.23,35.46,34.94,35.02,8452868
2024-07-19,35.05,35.17,34.41,34.69,7383288
2024-07-22,34.79,34.82,34.10,34.51,10739650
2024-07-23,34.28,34.32,33.61,33.64,10978380
2024-07-24,33.64,33.64,33.11,33.20,16504730
2024-07-25,33.32,34.08,33.09,33.60,14530750
2024-07-26,33.72,34.65,33.70,34.32,9975650
2024-07-29,34.37,34.80,34.21,34.40,10706180
2024-07-30,34.43,35.10,34.36,35.02,12364600
2024-07-31,35.06,35.44,34.71,35.10,9983129
2024-08-01,35.10,35.25,34.39,34.77,9642478
2024-08-02,34.77,34.85,33.49,34.08,13305920
2024-08-05,34.43,34.43,32.77,33.00,18635240
2024-08-06,32.14,34.50,32.12,33.86,18679480
2024-08-07,33.84,34.44,33.60,33.62,10019920
2024-08-08,33.71,34.38,33.62,34.25,8516445
2024-08-09,34.10,34.31,33.73,34.00,7875230
2024-08-12,34.04,34.12,33.39,33.50,8740471
2024-08-13,33.58,33.67,32.97,33.22,14386500
2024-08-14,33.19,33.48,33.11,33.36,12555270
2024-08-15,33.60,33.83,33.46,33.63,12358950
2024-08-16,33.59,33.67,33.28,33.42,9870518
2024-08-19,33.42,33.68,33.28,33.64,8893100
2024-08-20,33.55,33.68,33.49,33.58,6113306
2024-08-21,33.84,33.93,33.66,33.79,7231422
2024-08-22,33.83,33.87,32.98,33.23,14439570
2024-08-23,33.59,33.85,33.41,33.69,10397910
2024-08-26,33.88,33.94,33.61,33.67,5857334
2024-08-27,33.67,33.77,33.50,33.58,7487685
2024-08-28,33.60,33.91,33.42,33.72,9524426
2024-08-29,33.95,34.23,33.60,33.94,7526056
2024-08-30,33.99,34.32,33.71,34.27,9050356
2024-09-03,34.20,34.71,34.14,34.58,13197890
2024-09-04,34.59,35.08,34.48,34.86,9862096
2024-09-05,34.79,34.89,33.91,34.02,9514070
2024-09-06,33.98,34.07,33.33,33.37,10912320
2024-09-09,33.55,33.86,33.25,33.76,9874012
2024-09-10,33.82,33.83,33.28,33.51,9706990
2024-09-11,33.40,33.40,32.50,33.30,9594809
2024-09-12,33.31,33.50,32.45,33.45,14227790
2024-09-13,33.56,33.95,33.39,33.52,7680966
2024-09-16,33.75,34.13,33.56,33.81,8007078
2024-09-17,33.95,34.27,33.93,34.07,6839245
2024-09-18,34.09,34.35,33.80,34.05,8448965
2024-09-19,34.53,34.97,34.31,34.80,12032000
2024-09-20,34.66,34.96,34.27,34.93,31214840
2024-09-23,34.86,34.93,33.77,34.02,13003300
2024-09-24,34.02,34.41,33.89,34.14,10494020
2024-09-25,34.20,34.22,33.47,33.52,8278047
2024-09-26,33.67,34.10,33.62,33.90,8115896
2024-09-27,34.27,35.03,34.12,34.53,11446660
2024-09-30,34.57,34.91,34.23,34.53,9407632
2024-10-01,34.42,34.66,34.01,34.52,10638520
2024-10-02,34.47,34.76,34.16,34.17,7030869
2024-10-03,34.11,34.28,33.64,34.12,14237030
2024-10-04,34.79,35.08,34.11,34.49,10243430
2024-10-07,34.24,34.27,33.53,33.65,10763240
2024-10-08,33.71,34.13,33.60,33.87,9186604
2024-10-09,33.92,34.35,33.84,34.26,7715664
2024-10-10,34.15,34.57,33.98,34.53,6551867
2024-10-11,34.65,35.01,34.59,34.96,6766466
2024-10-14,34.96,35.35,34.67,35.29,11825370
2024-10-15,35.42,35.94,35.28,35.50,12259110
2024-10-16,35.79,36.19,35.42,35.47,17623950
2024-10-17,33.90,34.28,33.09,33.09,28487950
2024-10-18,33.20,34.33,33.13,34.12,21248590
2024-10-21,34.07,34.20,33.61,33.66,10142800
2024-10-22,33.55,33.88,33.34,33.85,11223540
2024-10-23,33.64,33.70,33.33,33.59,11925140
2024-10-24,33.37,33.57,32.84,33.10,15051440
2024-10-25,33.21,33.35,32.96,33.27,14067080
2024-10-28,33.44,33.54,33.19,33.26,8016599
2024-10-29,33.18,33.67,33.12,33.25,13083310
2024-10-30,33.19,33.77,33.19,33.54,11865100
2024-10-31,33.56,34.00,33.42,33.64,11551520
2024-11-01,33.69,33.92,33.34,33.39,11062320
2024-11-04,33.47,33.87,33.32,33.36,12458230
2024-11-05,33.41,34.04,33.35,34.02,7946394
2024-11-06,36.05,37.10,35.95,36.88,25958990
2024-11-07,36.64,36.72,35.23,35.56,22333170
2024-11-08,35.63,36.06,35.30,36.00,13095640
2024-11-11,36.29,36.95,36.25,36.52,10200250
2024-11-12,36.40,36.58,36.03,36.13,11421690
2024-11-13,35.98,36.53,35.92,36.48,8668103
2024-11-14,36.33,36.45,35.50,35.63,14939860
2024-11-15,35.56,35.69,35.00,35.13,10597930
2024-11-18,35.35,35.49,34.95,34.97,7652189
2024-11-19,34.52,34.88,34.50,34.60,10463110
2024-11-20,34.68,34.78,34.41,34.57,7939260
2024-11-21,34.70,35.36,34.60,35.34,12036180
2024-11-22,35.47,35.91,35.37,35.78,10783270
2024-11-25,35.97,36.75,35.97,36.62,13877200
2024-11-26,36.47,36.81,36.03,36.69,9605848
2024-11-27,36.76,36.91,36.51,36.58,6371091
2024-11-29,36.46,36.76,36.41,36.55,5129485
2024-12-02,36.51,36.55,35.80,36.34,12161450
2024-12-03,36.27,36.50,35.79,36.00,9960382
2024-12-04,35.95,35.95,34.89,35.30,17536100
2024-12-05,35.37,35.37,34.58,34.62,12745800
2024-12-06,34.63,34.90,34.44,34.45,10495000
2024-12-09,34.23,34.63,33.91,33.97,10630180
2024-12-10,33.89,34.46,33.71,34.17,11245280
2024-12-11,34.06,34.23,33.58,33.61,12464860
2024-12-12,33.67,33.93,33.52,33.68,9636026
2024-12-13,33.59,33.74,33.23,33.24,10139350
2024-12-16,33.25,33.33,32.86,32.94,12673020
2024-12-17,32.78,33.15,32.69,32.93,12487760
2024-12-18,32.81,33.06,32.04,32.08,15794340
2024-12-19,32.12,32.46,31.56,31.58,11038770
2024-12-20,31.46,32.20,31.43,31.85,20229190
2024-12-23,31.69,32.28,31.65,32.22,11998890
2024-12-24,32.24,32.61,32.17,32.57,4777567
2024-12-26,32.44,32.57,32.33,32.52,6745287
2024-12-27,32.20,32.68,32.13,32.46,10431570
2024-12-30,32.27,32.34,31.91,32.15,6599099
2024-12-31,32.22,32.40,32.18,32.27,8424323
2025-01-02,32.55,32.68,32.06,32.16,13997250
2025-01-03,32.40,32.51,32.12,32.34,17511790
2025-01-06,32.27,32.49,31.96,32.00,13509050
2025-01-07,32.01,32.41,31.96,32.19,12814180
2025-01-08,32.20,32.30,31.88,32.20,9682989
2025-01-10,31.93,32.14,31.71,31.78,13644240
2025-01-13,31.66,31.96,31.53,31.89,16634150
2025-01-14,32.01,32.19,31.92,32.14,12878380
2025-01-15,32.68,32.73,32.43,32.46,13694350
2025-01-16,32.33,32.98,32.02,32.97,21673560
2025-01-17,33.36,33.39,32.66,32.73,20685960
2025-01-21,33.02,33.28,32.77,33.27,9344359
2025-01-22,33.22,33.50,33.05,33.24,13745500
2025-01-23,33.88,34.10,33.48,33.67,17405680
2025-01-24,32.05,33.02,32.00,32.69,25130370
2025-01-27,32.85,33.83,32.57,33.64,20309250
2025-01-28,33.35,33.68,32.65,32.68,14548630
2025-01-29,32.75,33.62,32.75,32.98,16394000
2025-01-30,32.94,33.19,32.63,32.86,12090300
2025-01-31,32.85,33.40,32.77,32.87,21654190
2025-02-03,32.48,32.95,32.05,32.51,15172200
2025-02-04,32.35,32.97,32.33,32.87,12211900
2025-02-05,32.98,33.06,32.76,32.88,7455011
2025-02-06,33.04,33.12,32.64,32.74,6585105
2025-02-07,32.78,32.83,32.36,32.59,16936690
2025-02-10,32.75,33.11,32.69,33.08,9929040
2025-02-11,32.95,33.24,32.92,33.11,9177247
2025-02-12,32.63,33.05,32.62,32.92,7723101
2025-02-13,33.09,33.14,32.83,33.10,11026870
2025-02-14,33.25,33.48,33.17,33.37,10739950
2025-02-18,33.40,33.74,33.27,33.64,15001030
2025-02-19,33.53,33.55,32.31,32.41,13733090
2025-02-20,32.32,32.55,32.12,32.46,11703430
2025-02-21,32.47,32.47,31.79,32.30,23611920
2025-02-24,32.47,32.49,31.72,31.81,16202210
2025-02-25,31.97,32.26,31.88,32.09,13040860
2025-02-26,32.05,32.17,31.81,31.98,8666099
2025-02-27,31.82,32.25,31.68,32.01,9325478
2025-02-28,32.15,32.27,31.61,32.01,21083310
2025-03-03,32.15,32.40,31.74,31.93,11273020
2025-03-04,31.82,31.91,31.17,31.20,19833280
2025-03-05,31.06,31.55,30.61,30.92,21618390
2025-03-06,30.95,31.07,30.55,30.93,22952160
2025-03-07,30.76,31.40,30.70,31.26,19422400
2025-03-10,31.26,31.53,30.56,30.65,20051780
2025-03-11,30.71,30.71,29.50,29.52,15102240
2025-03-12,29.50,29.74,29.29,29.55,13936170
2025-03-13,29.60,29.74,28.98,29.13,16509030
2025-03-14,29.34,30.05,29.22,30.01,16382760
2025-03-17,29.99,30.40,29.92,30.33,9204350
2025-03-18,30.36,30.50,29.99,30.26,11511620
2025-03-19,30.21,30.37,29.99,30.07,12103580
2025-03-20,29.90,30.16,29.75,29.98,16138670
2025-03-21,29.69,29.83,29.46,29.57,25369610
2025-03-24,29.83,29.94,29.57,29.85,13230190
2025-03-25,29.73,29.84,29.47,29.53,10847000
2025-03-26,29.56,29.95,29.26,29.90,13968890
2025-03-27,29.85,30.00,29.57,29.92,10440740
2025-03-28,29.86,29.93,29.09,29.11,9596898
2025-03-31,29.11,29.66,29.01,29.43,23507120
2025-04-01,29.17,29.57,29.04,29.54,11174240
2025-04-02,29.28,29.76,29.14,29.74,9470286
2025-04-03,28.97,28.98,27.90,27.99,21170850
2025-04-04,27.57,27.73,26.95,27.21,26481150
2025-04-07,27.23,27.99,26.22,27.09,32102900
2025-04-08,27.49,27.97,26.31,26.69,22201120
2025-04-09,26.43,28.78,26.29,28.66,26939260
2025-04-10,28.23,28.36,27.13,27.82,16572320
2025-04-11,27.75,28.08,27.35,28.01,15001960
2025-04-14,28.20,28.45,27.96,28.27,17079740
2025-04-15,28.22,28.45,27.84,27.90,15163550
2025-04-16,27.59,27.96,27.16,27.35,25311460
2025-04-17,27.29,28.02,27.27,27.68,21437660
2025-04-21,27.39,27.54,27.00,27.46,28499450
2025-04-22,27.62,27.91,27.47,27.78,16208590
2025-04-23,28.27,28.51,27.46,27.59,15917930
2025-04-24,27.40,28.18,27.18,28.14,13572780
2025-04-25,27.90,28.07,27.67,27.84,14351480
2025-04-28,27.84,28.02,27.59,27.87,12632510
2025-04-29,27.75,28.11,27.70,28.05,9907327
2025-04-30,27.89,28.12,27.52,28.07,12723550
2025-05-01,28.00,28.24,27.74,28.11,13020860
2025-05-02,28.37,28.80,28.36,28.70,11526560
2025-05-05,28.54,28.77,28.39,28.47,9480956
2025-05-06,28.32,28.43,28.05,28.09,8753712
2025-05-07,28.25,28.50,28.13,28.37,11504060
2025-05-08,28.57,29.19,28.33,28.96,13770270
2025-05-09,28.92,29.17,28.66,28.74,9630192
2025-05-12,29.98,30.56,29.75,30.31,15707680
2025-05-13,30.33,30.72,30.25,30.54,16825350
2025-05-14,30.43,31.12,30.32,31.03,21883790
2025-05-15,30.96,31.42,30.86,31.30,15563370
2025-05-16,31.27,31.40,31.03,31.32,11394260
2025-05-19,31.09,31.23,30.98,31.21,10553640
2025-05-20,31.02,31.35,31.02,31.23,14966210
2025-05-21,31.12,31.12,30.43,30.49,13769290
2025-05-22,30.52,30.88,30.32,30.64,18430540
2025-05-23,30.26,30.96,30.17,30.82,21149210
2025-05-27,31.10,31.57,30.93,31.43,17934920
2025-05-28,31.50,31.67,31.32,31.34,13834450
2025-05-29,31.47,31.66,31.21,31.42,15013340
2025-05-30,31.26,31.77,31.18,31.59,22998720
2025-06-02,31.38,31.42,30.85,31.24,25167760
2025-06-03,31.24,31.91,31.15,31.86,18163200
2025-06-04,31.84,32.06,31.66,31.93,13669380
2025-06-05,31.91,31.92,31.64,31.74,11821450
2025-06-06,31.97,32.35,31.97,32.23,16163900
2025-06-09,32.34,32.38,31.91,31.98,14841690
2025-06-10,32.12,33.09,31.92,32.61,24562850
2025-06-11,32.59,32.65,32.16,32.32,12114180
2025-06-12,32.23,32.40,31.99,32.39,9380522
2025-06-13,32.28,32.48,32.02,32.12,9032825
2025-06-16,32.23,32.62,32.16,32.56,11703840
2025-06-17,32.49,32.52,32.04,32.12,12951510
2025-06-18,32.19,32.52,32.08,32.24,12808440
2025-06-20,32.43,32.48,31.84,32.06,31011220
2025-06-23,32.19,32.48,31.94,32.42,12350480
2025-06-24,32.41,32.60,32.29,32.48,12913900
2025-06-25,32.46,32.52,32.10,32.49,11235070
2025-06-26,32.60,32.80,32.45,32.57,12448040
2025-06-27,32.58,32.98,32.45,32.91,20445470
2025-06-30,32.80,32.81,32.56,32.63,12112570
2025-07-01,32.74,33.82,32.63,33.47,12863090
2025-07-02,33.45,33.70,33.32,33.61,8596867
2025-07-03,33.61,33.77,33.53,33.60,5638784
2025-07-07,33.49,33.59,32.97,33.05,11868850
2025-07-08,33.11,33.62,32.98,33.39,11249680
2025-07-09,33.43,33.48,33.16,33.33,9174756
2025-07-10,33.28,33.98,33.21,33.54,9782589
2025-07-11,33.40,34.59,33.28,34.10,27261970
2025-07-14,33.94,34.17,33.65,33.98,15304120
2025-07-15,33.92,34.06,33.45,33.48,16506340
2025-07-16,33.59,33.70,33.12,33.26,11556330
2025-07-17,34.37,34.80,34.04,34.50,28892740
2025-07-18,35.34,35.62,34.24,34.39,24854130
2025-07-21,34.74,34.74,34.27,34.36,12531920
2025-07-22,34.84,35.26,34.68,35.23,20966990
2025-07-23,35.29,35.34,34.91,34.97,32168300
2025-07-24,36.37,36.38,34.94,35.00,34910280
2025-07-25,35.38,36.00,35.04,35.76,31707890
2025-07-28,35.76,36.16,35.51,35.71,21514850
2025-07-29,35.99,36.04,34.68,35.42,42665920
2025-07-30,35.48,35.65,35.12,35.29,12823640
2025-07-31,35.10,36.05,35.01,35.54,26361320
2025-08-01,35.27,35.30,34.66,35.01,19266540
2025-08-04,35.10,35.67,35.07,35.46,13546400
2025-08-05,35.50,35.66,35.33,35.65,11480940
2025-08-06,35.62,36.10,35.51,36.01,12126120
2025-08-07,36.10,36.19,35.17,35.25,14530840
2025-08-08,35.40,35.82,35.31,35.43,10864520
2025-08-11,35.43,35.60,34.89,35.23,14318350
2025-08-12,35.49,36.03,34.86,35.82,20812440
2025-08-13,35.98,36.11,35.66,36.08,21515190
2025-08-14,35.92,36.53,35.73,36.35,23862380
2025-08-15,36.42,36.45,36.01,36.32,17898230
2025-08-18,36.15,36.30,35.72,35.99,19415580
2025-08-19,35.96,37.25,35.96,36.52,42854360
2025-08-20,36.46,36.73,35.97,35.99,16379540
2025-08-21,35.87,36.15,35.70,35.87,9251804
2025-08-22,36.13,37.21,33.58,34.58,81210870
2025-08-25,34.79,34.91,32.28,32.81,64361380
2025-08-26,32.31,32.60,32.04,32.41,34655280
2025-08-27,32.28,32.56,32.07,32.54,25271070
2025-08-28,32.79,33.20,32.51,32.66,19026370
2025-08-29,32.59,32.77,32.26,32.51,13465740
2025-09-02,32.16,32.30,31.96,32.19,10978660
2025-09-03,32.15,32.28,31.91,32.28,18564750
2025-09-04,32.23,32.70,32.05,32.66,10947570
2025-09-05,32.61,32.76,32.17,32.53,9677388
2025-09-08,32.50,32.58,32.00,32.43,16025680
2025-09-09,32.37,32.52,32.19,32.20,9822626
2025-09-10,32.07,32.34,31.80,32.05,8497169
2025-09-11,32.03,32.89,31.96,32.85,10280590
2025-09-12,32.74,32.90,32.45,32.47,9255257
2025-09-15,32.56,32.71,32.18,32.50,7725240
2025-09-16,32.59,32.81,32.41,32.47,12186410
2025-09-17,32.54,33.07,32.48,32.77,11842730
2025-09-18,33.11,33.56,32.71,33.43,14664460
2025-09-19,33.51,33.59,32.89,32.98,27076310
2025-09-22,32.98,33.46,32.84,33.20,22444950
2025-09-23,33.35,34.32,33.30,34.07,27739540
2025-09-24,33.91,34.30,33.46,33.82,13993740
2025-09-25,34.04,34.22,33.71,33.78,20535870
2025-09-26,33.78,34.11,33.58,34.01,12939910
2025-09-29,34.93,35.92,34.85,35.83,34268130
2025-09-30,35.74,35.75,35.26,35.51,17212000
2025-10-01,34.92,35.17,34.45,35.00,19306460
2025-10-02,34.84,35.59,34.84,35.57,15787760
2025-10-03,35.59,36.05,35.41,36.01,13727190
2025-10-06,36.05,36.27,35.89,36.25,13126330
2025-10-07,36.20,36.47,35.73,35.99,13839400
2025-10-08,35.78,36.05,35.60,35.95,13221460
2025-10-09,36.00,36.55,35.81,36.05,14202010
2025-10-10,36.23,36.43,35.43,35.49,18129430
2025-10-13,35.50,35.84,35.40,35.57,10039990
2025-10-14,35.31,36.16,35.18,36.13,12399270
2025-10-15,36.21,36.34,35.89,36.24,10636360
2025-10-16,36.67,36.67,35.93,35.99,19802340
2025-10-17,36.88,37.19,36.43,36.60,24137330
2025-10-20,36.86,36.95,36.53,36.67,14729550
2025-10-21,36.62,36.65,35.70,35.73,20938210
2025-10-22,36.05,36.44,35.84,35.92,12466300
2025-10-23,35.87,35.95,35.41,35.53,10268200
2025-10-24,35.63,36.20,35.53,36.13,11235210
2025-10-27,36.33,36.34,35.66,36.00,10314870
2025-10-28,35.94,35.98,35.37,35.68,9642578
2025-10-29,35.44,35.62,35.05,35.30,9817616
2025-10-30,35.37,35.88,35.14,35.64,8405120
2025-10-31,35.53,36.12,35.31,36.02,13209440
2025-11-03,35.88,35.94,35.41,35.83,13064650
2025-11-04,35.62,35.91,35.20,35.84,12453930
2025-11-05,35.73,35.99,35.24,35.32,13966570
2025-11-06,35.28,35.41,35.10,35.16,9007001
2025-11-07,35.16,35.35,34.92,35.34,11267290
2025-11-10,35.20,35.48,34.78,35.12,13101530
2025-11-11,35.18,35.30,34.89,34.98,8098966
2025-11-12,34.98,35.45,34.90,35.39,11818410
2025-11-13,35.31,35.42,34.74,34.88,13447000
2025-11-14,34.89,35.05,34.52,34.90,12121100
2025-11-17,34.90,34.92,33.98,34.01,17850940
2025-11-18,34.01,34.45,33.92,33.99,21187330
2025-11-19,34.02,34.31,33.91,33.96,15198930
2025-11-20,34.23,34.56,33.63,33.68,14227990
2025-11-21,33.76,34.51,33.74,34.28,17221020
2025-11-24,34.26,34.44,33.97,34.39,19363320
2025-11-25,34.45,34.99,34.33,34.90,12472840
2025-11-26,34.89,35.55,34.81,35.30,10105860
2025-11-28,35.14,35.42,35.05,35.36,4953285
2025-12-01,35.09,35.34,34.79,34.85,15959380
2025-12-02,34.63,35.01,34.33,34.97,11803560
2025-12-03,35.01,35.96,34.97,35.95,14606320
2025-12-04,36.00,36.33,35.85,36.18,15587640
2025-12-05,36.13,36.55,36.09,36.30,10499830
2025-12-08,36.32,36.84,36.29,36.35,9128082
2025-12-09,36.23,36.48,36.15,36.37,8389539
2025-12-10,36.39,37.27,36.37,37.09,11325960
2025-12-11,37.11,37.18,36.73,37.15,10058710
2025-12-12,37.38,37.39,37.03,37.39,9394726
2025-12-15,37.52,37.54,36.82,37.18,19986700
2025-12-16,37.29,37.36,36.77,36.80,9268421
2025-12-17,36.68,36.86,36.31,36.50,12040620
2025-12-18,36.61,36.80,36.44,36.61,13115320
2025-12-19,36.63,36.75,36.41,36.50,27163130
2025-12-22,36.67,36.77,36.20,36.54,11488110
2025-12-23,36.54,36.62,36.35,36.59,7413073
2025-12-24,36.58,36.85,36.53,36.78,5294815
2025-12-26,36.78,36.86,36.57,36.62,5008559
2025-12-29,36.65,36.76,36.53,36.72,7667172
2025-12-30,36.62,36.71,36.08,36.42,9548687
2025-12-31,36.46,36.52,36.24,36.25,7161444
2026-01-02,36.40,36.44,35.94,36.27,10167400
2026-01-05,36.09,36.35,35.61,35.91,18680260
2026-01-06,35.77,36.14,35.64,36.07,18494930
2026-01-07,36.01,36.18,34.87,35.05,16600440
2026-01-08,34.84,35.58,34.81,35.32,15216750
2026-01-09,35.16,35.37,34.97,35.20,14253680
2026-01-12,34.88,35.24,34.78,35.22,12812450
2026-01-13,35.18,35.72,35.16,35.63,11479020
2026-01-14,35.54,36.24,35.37,36.18,20339230
2026-01-15,36.26,36.50,36.16,36.30,11667400
2026-01-16,36.34,36.45,36.02,36.25,18018230
2026-01-20,35.61,35.84,35.21,35.51,17309370
2026-01-21,35.64,36.85,35.51,36.53,13440930
2026-01-22,36.60,36.77,35.62,35.78,23645240
2026-01-23,36.96,37.55,36.61,36.64,24041290
2026-01-26,36.66,37.66,36.56,37.47,17340300
2026-01-27,37.47,38.11,37.33,37.67,12329360
2026-01-28,37.65,37.80,37.33,37.38,13056790
2026-01-29,37.50,37.91,37.23,37.87,12084260
2026-01-30,37.61,37.77,37.23,37.76,11117490
2026-02-02,37.69,38.50,37.38,38.39,11491990
2026-02-03,38.37,39.45,38.25,39.15,16071320
2026-02-04,39.35,40.01,39.35,39.85,17477950
2026-02-05,39.91,40.22,39.60,39.87,14302300
2026-02-06,40.12,40.71,39.77,40.61,13555480
2026-02-09,40.20,40.88,39.94,40.72,11659160
2026-02-10,40.50,41.30,40.35,40.90,13866160
2026-02-11,40.93,41.51,40.87,41.34,15645590
2026-02-12,41.55,41.78,40.49,40.70,16611150
2026-02-13,40.22,41.10,40.02,40.87,10547880
2026-02-17,40.57,41.09,40.52,41.03,12159450
2026-02-18,40.99,41.43,40.84,41.36,10626480
2026-02-19,41.27,41.77,41.02,41.68,10273960
2026-02-20,41.31,42.35,41.31,42.31,14162980
2026-02-23,42.18,42.52,41.55,41.97,11093310
2026-02-24,41.87,42.59,41.80,42.47,10184550
2026-02-25,42.43,42.69,42.05,42.22,10098360
2026-02-26,42.22,42.81,42.11,42.65,10894600
2026-02-27,42.12,42.77,42.07,42.69,17413430
2026-03-02,42.66,43.34,42.26,43.17,11788980
2026-03-03,42.87,42.93,42.03,42.66,12365890
2026-03-04,42.92,42.97,42.51,42.78,8559251
2026-03-05,42.34,42.48,40.83,41.15,19520900
2026-03-06,40.45,40.56,39.75,39.95,14453520
2026-03-09,39.95,40.84,39.34,40.60,13194390
2026-03-10,40.53,41.46,40.41,40.91,12622370
2026-03-11,40.77,40.86,40.19,40.34,13544270
2026-03-12,39.57,39.89,39.17,39.22,12850110
2026-03-13,39.31,39.64,38.97,39.30,11890550
2026-03-16,39.59,39.99,39.44,39.78,11235890
2026-03-17,40.18,40.46,39.78,40.30,9241460
2026-03-18,40.12,40.33,39.42,39.64,10255610
2026-03-19,39.17,39.26,38.36,38.49,16647000
2026-03-20,38.48,38.64,37.88,38.17,20249120
2026-03-23,38.82,39.30,38.71,38.94,13744330
2026-03-24,38.65,39.26,38.51,38.87,6489899
2026-03-25,39.22,39.72,39.03,39.57,13698280
2026-03-26,39.41,39.91,39.39,39.55,11140650
2026-03-27,39.28,39.94,39.19,39.67,13127020
2026-03-30,40.20,40.45,39.65,39.77,19504440
2026-03-31,40.11,41.14,39.92,41.05,19809820
2026-04-01,41.33,42.00,41.27,41.44,15696960
2026-04-02,40.36,41.31,40.34,41.22,13641460
2026-04-06,41.00,41.51,40.82,41.48,7475347
2026-04-07,41.02,41.51,41.02,41.42,13208280
2026-04-08,41.69,42.18,41.38,42.14,16988050
2026-04-09,42.15,43.01,42.10,42.49,12394780
2026-04-10,42.51,42.72,42.00,42.24,8941344
2026-04-13,42.10,42.40,41.94,42.35,7474420
2026-04-14,42.34,42.61,41.89,42.51,9372347
2026-04-15,42.51,42.51,41.77,42.10,9339633
2026-04-16,42.12,42.89,42.09,42.72,11641150
2026-04-17,43.22,43.61,42.78,43.32,12917580
2026-04-20,43.29,43.80,42.95,43.71,7852832
2026-04-21,43.64,43.80,43.23,43.37,11445610
2026-04-22,43.77,43.80,42.88,43.18,14731170
2026-04-23,45.47,46.55,44.81,46.18,26657010
2026-04-24,45.86,46.36,45.34,45.41,18891160
2026-04-27,45.33,45.77,45.06,45.46,10648540
2026-04-28,45.70,45.77,44.98,45.23,10822660
2026-04-29,45.07,45.41,44.57,44.68,10060050
2026-04-30,44.88,45.54,44.77,45.43,13271610
2026-05-01,45.48,45.54,45.03,45.09,6244810
2026-05-04,44.77,45.33,44.47,44.72,12078450
2026-05-05,44.95,45.24,44.62,45.03,9604813
2026-05-06,45.02,45.81,45.02,45.60,9802379
2026-05-07,45.49,45.62,44.38,44.46,14880450
2026-05-08,44.49,44.98,44.45,44.83,9501111
2026-05-11,44.70,45.16,44.60,44.74,10583900
2026-05-12,44.74,44.88,44.23,44.53,21916350
2026-05-13,44.38,45.10,44.24,44.40,13360750
2026-05-14,44.50,45.93,44.26,45.92,15599370
2026-05-15,45.80,45.89,45.24,45.66,12868190
2026-05-18,45.76,46.31,45.69,46.20,7560942
2026-05-19,45.94,46.53,45.71,46.08,8785707
2026-05-20,46.21,46.73,45.87,45.94,13304750
2026-05-21,45.83,46.26,45.64,45.90,12087360
2026-05-22,46.01,46.19,45.45,45.52,10761310
2026-05-26,45.47,46.66,45.47,46.61,12670610
2026-05-27,46.69,47.17,46.64,47.14,10073060
2026-05-28,46.80,46.94,45.33,45.81,15806370
2026-05-29,45.50,45.91,44.91,45.26,26469320
2026-06-01,44.86,46.01,44.79,45.86,15184650
2026-06-02,45.97,46.25,45.41,46.14,10663590
2026-06-03,46.10,46.85,45.90,46.44,12529500
2026-06-04,47.25,47.25,45.86,46.23,11095350
2026-06-05,46.37,47.21,46.20,46.99,13615430
2026-06-08,46.91,47.40,46.86,47.11,9096429
2026-06-09,47.26,47.55,46.72,47.28,10091530
2026-06-10,47.02,47.34,46.38,46.41,9500665
2026-06-11,46.75,47.66,46.54,47.37,11141400
2026-06-12,47.80,48.03,47.44,47.57,11393890
2026-06-15,47.67,47.74,46.82,47.39,13765250
2026-06-16,47.63,47.83,46.79,46.90,10392760
2026-06-17,46.91,46.96,45.15,45.57,14051850
2026-06-18,45.91,46.61,45.43,45.63,22557890
2026-06-22,45.67,46.34,45.51,46.20,8668758
2026-06-23,46.23,46.52,46.02,46.16,13016600
2026-06-24,46.16,46.90,45.93,46.06,12564680
2026-06-25,46.26,47.59,46.01,47.44,11379020
2026-06-26,47.80,47.94,47.19,47.66,19419610
2026-06-29,47.82,48.41,47.62,48.01,10033600
2026-06-30,47.91,47.91,47.17,47.53,11563060
2026-07-01,47.87,48.58,47.48,48.33,12747070
2026-07-02,48.59,49.21,48.53,48.89,13746930
2026-07-06,49.26,49.29,48.71,48.81,9837823
2026-07-07,49.02,49.09,48.10,48.51,11434160
2026-07-08,48.83,48.96,48.06,48.69,9683781
2026-07-09,48.84,49.55,48.80,49.35,9821068
2026-07-10,49.38,49.66,49.20,49.41,7753692
2026-07-13,49.58,49.90,49.42,49.64,8526067
2026-07-14,49.91,50.31,49.65,49.92,11198410
2026-07-15,49.86,49.96,48.91,49.43,8881649
2026-07-16,49.87,50.98,49.52,50.89,15678200
2026-07-17,51.00,51.28,50.30,50.75,17453200
2026-07-20,50.88,50.96,49.83,50.11,13199210
2026-07-21,50.35,50.35,49.35,49.89,12668400
2026-07-22,50.03,50.20,49.53,49.93,17181050
2026-07-23,51.96,53.31,51.62,52.81,29160930
2026-07-24,52.77,53.41,52.59,53.23,14305610
2026-07-27,53.60,53.60,51.34,51.80,17856130
2026-07-28,52.03,52.42,50.81,50.84,15421410
2026-07-29,50.66,51.00,50.30,50.74,14676710
2026-07-30,51.53,51.53,49.78,50.19,13348420
2026-07-31,50.30,50.57,49.85,50.40,17243380
2026-08-03,50.63,50.74,49.60,49.83,12822800
2026-08-04,49.73,51.09,49.42,51.03,14455850
2026-08-05,51.03,51.22,50.67,51.12,9884237
2026-08-06,51.50,51.59,50.61,50.70,11464640
2026-08-07,50.38,50.88,50.06,50.27,7239391
2026-08-10,50.00,50.45,49.93,50.12,9207224
2026-08-11,50.16,50.67,49.77,49.94,8394191
2026-08-12,50.04,50.27,49.71,50.08,10918950
2026-08-13,50.44,50.68,50.10,50.14,10769130
2026-08-14,50.05,50.77,50.02,50.16,5625298
2026-08-17,50.14,50.99,50.00,50.58,7751492
2026-08-18,50.98,51.00,50.19,50.24,8956565
2026-08-19,50.37,51.56,50.37,50.68,9325063
2026-08-20,50.45,51.45,50.33,50.97,7754496
2026-08-21,51.30,51.76,51.09,51.59,12906450
2026-08-24,52.00,52.00,51.23,51.44,10378260
2026-08-25,51.42,51.88,51.12,51.51,6419540
2026-08-26,51.27,52.15,51.13,51.76,6906506
2026-08-27,51.31,51.70,51.15,51.54,7311381
2026-08-28,51.82,51.95,50.98,51.28,6722319
2026-08-31,51.05,51.24,50.35,50.51,11822830
2026-09-01,50.11,50.49,47.83,48.70,15946250
2026-09-02,48.83,48.85,47.91,48.65,9864873
2026-09-03,48.75,49.32,48.31,48.99,9896979
2026-09-04,48.91,49.68,48.78,49.41,7816516
2026-09-08,48.98,49.55,48.98,49.00,7455023
2026-09-09,48.63,48.92,48.27,48.37,9039290
2026-09-10,48.36,49.50,48.15,49.04,10386800
2026-09-11,49.65,49.65,48.70,48.95,7113826
2026-09-14,48.64,48.96,48.30,48.91,8260554
2026-09-15,48.94,49.00,48.40,48.66,8395285
