date,open,high,low,close,volume
2016-09-15,28.25,28.64,28.14,28.52,2735340
2016-09-16,28.39,28.49,28.23,28.33,4370844
2016-09-19,28.39,28.57,28.27,28.33,1578596
2016-09-20,28.53,28.57,28.34,28.46,2008096
2016-09-21,28.48,28.72,28.25,28.68,2166636
2016-09-22,28.75,29.06,28.68,28.77,1570108
2016-09-23,28.75,28.96,28.49,28.54,1412772
2016-09-26,28.46,28.50,28.27,28.30,1738420
2016-09-27,28.30,28.43,28.08,28.36,2902616
2016-09-28,29.72,29.73,28.91,29.04,5900824
2016-09-29,28.89,29.02,27.77,27.84,6044944
2016-09-30,27.98,28.20,27.83,28.15,5656000
2016-10-03,28.19,28.47,28.04,28.11,3141804
2016-10-04,28.11,28.19,27.61,27.87,3357188
2016-10-05,27.84,27.98,27.65,27.73,3086124
2016-10-06,27.60,28.00,27.58,27.94,2028024
2016-10-07,28.01,28.01,27.59,27.61,2357984
2016-10-10,27.71,27.84,27.62,27.70,1871868
2016-10-11,27.58,27.73,27.25,27.33,2055712
2016-10-12,27.39,27.53,27.31,27.44,1553524
2016-10-13,27.34,27.44,27.10,27.33,1660396
2016-10-14,27.36,27.54,27.31,27.31,1298256
2016-10-17,27.25,27.39,27.04,27.06,1678636
2016-10-18,27.32,27.76,27.07,27.10,2204312
2016-10-19,27.05,27.20,26.95,27.02,2196424
2016-10-20,26.98,27.00,26.54,26.64,3856788
2016-10-21,26.53,26.69,26.46,26.61,2665540
2016-10-24,26.77,26.90,26.64,26.74,1520080
2016-10-25,26.66,26.73,26.52,26.68,2392668
2016-10-26,26.58,26.71,26.44,26.65,1853756
2016-10-27,26.71,26.75,26.36,26.42,1653064
2016-10-28,26.38,26.68,26.32,26.48,1884940
2016-10-31,26.61,26.78,26.44,26.67,2907460
2016-11-01,26.61,26.64,25.99,26.09,3372184
2016-11-02,25.73,25.87,25.62,25.64,2933304
2016-11-03,25.68,25.78,25.52,25.75,2328292
2016-11-04,25.81,25.96,25.72,25.77,1975084
2016-11-07,26.04,26.21,25.94,26.20,1752236
2016-11-08,26.20,26.49,26.09,26.41,1649784
2016-11-09,25.88,26.96,25.71,26.87,3264852
2016-11-10,26.93,27.10,26.84,27.00,3221616
2016-11-11,26.82,27.21,26.75,27.18,2598536
2016-11-14,27.29,27.49,27.05,27.26,2839072
2016-11-15,27.34,27.39,27.09,27.29,2519564
2016-11-16,27.18,27.27,26.99,27.25,1768588
2016-11-17,27.25,27.68,27.25,27.60,2325132
2016-11-18,27.59,27.94,27.43,27.93,6091540
2016-11-21,28.00,28.20,27.75,28.20,2371860
2016-11-22,28.20,28.75,28.20,28.71,2892332
2016-11-23,28.77,28.93,28.64,28.83,2333412
2016-11-25,28.94,29.12,28.77,29.12,1143620
2016-11-28,29.04,29.15,28.95,29.03,2686380
2016-11-29,29.05,29.07,28.88,28.89,2168020
2016-11-30,28.90,28.94,28.59,28.65,2870192
2016-12-01,28.65,29.00,28.55,28.97,2525084
2016-12-02,28.93,29.20,28.84,29.16,2213228
2016-12-05,29.25,29.55,29.18,29.51,2728776
2016-12-06,29.47,29.63,29.41,29.60,2153796
2016-12-07,29.66,30.12,29.61,30.09,2127120
2016-12-08,30.02,30.23,29.84,30.14,1919140
2016-12-09,30.09,30.24,30.01,30.18,1925828
2016-12-12,30.18,30.32,30.01,30.09,2829696
2016-12-13,30.15,30.22,29.92,30.14,2516760
2016-12-14,30.20,30.36,29.86,29.88,2625824
2016-12-15,30.25,30.55,29.92,30.00,2610208
2016-12-16,30.05,30.15,29.80,29.92,14390736
2016-12-19,30.09,30.29,30.00,30.04,3230408
2016-12-20,30.05,30.12,29.86,29.95,1902176
2016-12-21,29.99,30.06,29.82,29.88,2211072
2016-12-22,30.02,30.05,29.77,30.02,4018976
2016-12-23,29.27,29.35,28.25,29.09,9567264
2016-12-27,29.09,29.25,29.00,29.14,2516248
2016-12-28,29.14,29.23,28.87,28.90,1855916
2016-12-29,28.88,29.13,28.86,29.08,2053488
2016-12-30,29.14,29.23,28.85,28.89,2791960
2017-01-03,29.09,29.27,28.98,29.08,3436316
2017-01-04,29.06,29.43,29.02,29.33,2493688
2017-01-05,29.22,29.43,29.01,29.07,2394672
2017-01-06,29.13,29.24,28.95,29.18,1718896
2017-01-09,29.12,29.12,28.76,28.87,2098852
2017-01-10,28.80,28.86,28.68,28.70,3579672
2017-01-11,28.70,28.89,28.66,28.83,1864192
2017-01-12,28.77,28.81,28.30,28.60,2343960
2017-01-13,28.57,28.72,28.45,28.64,1795932
2017-01-17,28.45,28.57,28.33,28.42,1222424
2017-01-18,28.50,28.53,28.31,28.49,1698708
2017-01-19,28.49,28.57,28.31,28.43,1529728
2017-01-20,28.57,28.59,28.33,28.47,1487680
2017-01-23,28.44,28.52,28.24,28.46,1069976
2017-01-24,28.44,28.89,28.44,28.88,2437080
2017-01-25,28.94,29.25,28.85,29.19,3135500
2017-01-26,29.22,29.49,29.16,29.35,1741996
2017-01-27,29.33,29.40,29.18,29.32,1912648
2017-01-30,29.28,29.28,28.82,29.05,1553484
2017-01-31,29.04,29.13,28.79,29.03,2589036
2017-02-01,28.95,29.33,28.63,28.71,3098248
2017-02-02,28.62,28.87,28.56,28.80,2364048
2017-02-03,28.92,29.17,28.58,29.03,1538408
2017-02-06,28.94,28.96,28.68,28.74,1962228
2017-02-07,28.83,28.84,28.59,28.70,2251312
2017-02-08,28.63,28.73,28.45,28.59,1708600
2017-02-09,28.64,28.87,28.60,28.84,1896460
2017-02-10,28.87,29.25,28.79,29.18,2047640
2017-02-13,29.31,29.41,29.16,29.25,1793080
2017-02-14,29.14,29.25,29.02,29.25,1449228
2017-02-15,29.18,29.65,29.12,29.60,2030708
2017-02-16,29.61,29.88,29.51,29.88,1856532
2017-02-17,29.74,29.84,29.52,29.65,5742140
2017-02-21,29.66,29.80,29.51,29.61,1781804
2017-02-22,29.53,29.71,29.41,29.70,1942116
2017-02-23,29.75,29.75,29.40,29.61,1580936
2017-02-24,29.52,29.77,29.32,29.77,1578324
2017-02-27,29.72,29.81,29.64,29.78,995812
2017-02-28,29.75,29.75,29.46,29.50,1653392
2017-03-01,29.67,30.00,29.63,29.91,2343652
2017-03-02,29.82,29.83,29.58,29.64,1666568
2017-03-03,29.66,29.71,29.47,29.60,1687836
2017-03-06,29.52,29.68,29.36,29.65,1148100
2017-03-07,29.55,29.75,29.45,29.57,1672028
2017-03-08,29.53,29.69,29.49,29.59,1304436
2017-03-09,29.65,29.69,29.30,29.47,1331776
2017-03-10,29.66,29.82,29.56,29.76,1799584
2017-03-13,29.72,29.84,29.69,29.78,1346776
2017-03-14,29.75,29.82,29.46,29.61,1293732
2017-03-15,29.71,29.89,29.61,29.86,1661620
2017-03-16,29.91,30.00,29.73,29.81,1204368
2017-03-17,30.58,31.48,30.21,31.22,8882148
2017-03-20,31.20,31.36,30.93,31.08,4105816
2017-03-21,31.25,31.42,30.91,30.95,3991452
2017-03-22,31.02,31.30,30.93,31.09,3410948
2017-03-23,31.08,32.21,30.68,31.49,5657436
2017-03-24,31.60,31.61,31.21,31.28,2838020
2017-03-27,31.23,31.44,30.86,31.28,2448400
2017-03-28,31.23,31.61,31.05,31.55,2009668
2017-03-29,31.40,31.64,31.40,31.61,2749152
2017-03-30,31.55,31.86,31.55,31.75,1807288
2017-03-31,31.72,31.77,31.56,31.64,2571244
2017-04-03,31.71,31.74,31.18,31.19,2756560
2017-04-04,31.13,31.27,30.98,31.21,1757348
2017-04-05,31.24,31.43,30.91,30.94,1799984
2017-04-06,30.91,30.96,30.71,30.80,2068248
2017-04-07,30.77,30.87,30.60,30.64,2824512
2017-04-10,30.59,30.95,30.49,30.66,2416636
2017-04-11,30.51,30.74,30.42,30.74,1924732
2017-04-12,30.82,30.93,30.43,30.59,1256256
2017-04-13,30.63,30.71,30.37,30.42,1216056
2017-04-17,30.54,30.75,30.49,30.75,1238884
2017-04-18,30.67,30.76,30.43,30.59,1383120
2017-04-19,30.59,30.80,30.54,30.66,1327584
2017-04-20,30.84,30.89,30.66,30.77,1512508
2017-04-21,30.80,30.97,30.73,30.79,1746868
2017-04-24,31.05,31.38,31.01,31.36,2202756
2017-04-25,31.42,31.57,31.21,31.28,2009972
2017-04-26,31.29,31.34,31.05,31.06,2100892
2017-04-27,31.04,31.26,30.91,30.98,1735748
2017-04-28,31.00,31.00,30.60,30.62,2637344
2017-05-01,30.40,30.68,30.21,30.39,2937272
2017-05-02,30.41,30.70,30.30,30.45,1732636
2017-05-03,30.44,30.48,29.99,30.22,2045076
2017-05-04,30.29,30.49,30.18,30.48,1382168
2017-05-05,30.59,30.75,30.43,30.75,1284164
2017-05-08,30.67,30.71,30.18,30.23,1858928
2017-05-09,30.19,30.41,30.14,30.38,1411380
2017-05-10,30.36,30.46,30.22,30.36,1693528
2017-05-11,30.30,30.64,30.18,30.64,1810640
2017-05-12,30.55,30.64,30.37,30.57,1556796
2017-05-15,30.55,30.71,30.33,30.59,1239628
2017-05-16,30.56,30.65,30.44,30.64,1921332
2017-05-17,30.42,30.52,30.03,30.04,2073516
2017-05-18,30.09,30.29,29.89,30.14,1969132
2017-05-19,30.16,30.35,29.93,30.25,7110164
2017-05-22,30.29,30.48,30.21,30.43,1611912
2017-05-23,30.49,30.63,30.35,30.60,1452648
2017-05-24,30.69,31.22,30.60,31.17,1884760
2017-05-25,31.27,31.47,31.16,31.39,1186912
2017-05-26,31.29,31.40,31.12,31.29,1113328
2017-05-30,31.15,31.24,30.94,31.19,1335544
2017-05-31,31.26,31.48,31.13,31.47,2689744
2017-06-01,31.53,31.73,31.19,31.73,1568036
2017-06-02,31.80,32.18,31.75,32.07,1276828
2017-06-05,32.12,32.13,31.62,31.65,1440888
2017-06-06,31.62,31.70,31.14,31.16,1435076
2017-06-07,31.26,31.34,31.00,31.12,1338116
2017-06-08,31.09,31.11,30.75,30.92,2049808
2017-06-09,30.94,31.01,30.82,30.93,1644528
2017-06-12,30.88,31.59,30.88,31.57,1883812
2017-06-13,31.56,31.91,31.50,31.81,1506844
2017-06-14,31.97,32.17,31.71,31.99,1780800
2017-06-15,31.85,32.01,31.61,31.95,1307056
2017-06-16,31.75,32.62,31.75,32.61,3897992
2017-06-19,32.70,32.85,32.40,32.84,2053264
2017-06-20,32.84,32.84,32.45,32.52,1277052
2017-06-21,32.50,32.55,32.23,32.40,1194844
2017-06-22,32.43,32.43,32.27,32.29,1227664
2017-06-23,32.33,32.57,32.26,32.35,1495040
2017-06-26,32.50,32.62,32.28,32.38,746868
2017-06-27,32.00,32.22,31.43,31.45,2519460
2017-06-28,31.71,31.88,31.45,31.69,1339756
2017-06-29,31.62,31.62,30.91,31.09,1818732
2017-06-30,31.32,31.63,31.27,31.51,1873568
2017-07-03,31.69,31.78,31.48,31.50,1104612
2017-07-05,31.52,32.06,31.36,31.53,2922272
2017-07-06,31.35,31.37,30.86,30.93,2441148
2017-07-07,31.01,31.66,31.01,31.53,2003020
2017-07-10,31.45,31.75,31.37,31.64,2184508
2017-07-11,31.50,31.61,31.21,31.46,1349232
2017-07-12,31.74,31.86,31.60,31.79,1236228
2017-07-13,31.84,31.97,31.45,31.62,1137948
2017-07-14,31.68,31.73,31.57,31.61,1722416
2017-07-17,31.59,31.65,31.40,31.55,1560724
2017-07-18,31.54,31.58,31.34,31.36,1356752
2017-07-19,31.41,31.54,31.26,31.52,1939756
2017-07-20,31.64,31.74,31.34,31.70,1932712
2017-07-21,32.81,34.85,32.78,34.61,9365260
2017-07-24,34.60,34.81,34.12,34.55,4464976
2017-07-25,34.67,34.67,34.18,34.33,3291448
2017-07-26,34.30,34.49,34.17,34.28,2092944
2017-07-27,34.26,34.26,33.80,33.95,2518784
2017-07-28,33.96,34.08,33.77,33.90,2280660
2017-07-31,33.92,33.98,33.63,33.71,2561944
2017-08-01,34.42,34.94,33.59,33.88,2365844
2017-08-02,33.78,33.90,33.44,33.75,2641444
2017-08-03,33.76,33.90,33.41,33.53,1938724
2017-08-04,33.66,33.82,33.37,33.75,1421376
2017-08-07,33.71,33.84,33.54,33.61,1773068
2017-08-08,33.60,33.74,33.27,33.35,3050208
2017-08-09,33.31,33.43,33.13,33.33,2211104
2017-08-10,33.22,33.27,32.67,32.70,2817760
2017-08-11,32.83,32.93,32.52,32.58,1898532
2017-08-14,32.85,33.34,32.80,33.24,1602256
2017-08-15,33.20,33.45,33.05,33.29,1702008
2017-08-16,33.33,33.53,33.29,33.34,1310768
2017-08-17,33.29,33.29,32.73,32.80,1714172
2017-08-18,32.73,33.22,32.54,33.15,3703596
2017-08-21,33.15,33.72,33.02,33.47,3514072
2017-08-22,33.48,33.86,33.48,33.81,1487400
2017-08-23,33.74,33.74,33.50,33.51,1663332
2017-08-24,33.52,33.52,32.91,33.30,2363380
2017-08-25,33.48,33.77,33.34,33.45,1817612
2017-08-28,33.59,33.68,33.30,33.47,1654780
2017-08-29,33.28,33.40,33.15,33.24,1585912
2017-08-30,33.22,33.50,33.12,33.44,1207008
2017-08-31,33.48,33.82,33.39,33.75,1865200
2017-09-01,33.91,33.91,33.57,33.64,1283100
2017-09-05,33.55,33.68,33.15,33.32,1713416
2017-09-06,33.44,33.54,33.21,33.35,2093288
2017-09-07,33.39,33.39,33.04,33.28,1596388
2017-09-08,33.18,33.46,32.94,33.43,1302552
2017-09-11,33.49,33.81,33.38,33.75,1279108
2017-09-12,33.73,33.90,33.60,33.67,1690928
2017-09-13,33.65,33.83,33.39,33.81,1439900
2017-09-14,33.70,33.70,33.38,33.65,1571052
2017-09-15,33.65,33.77,33.43,33.54,3529280
2017-09-18,33.55,33.63,33.42,33.58,1731132
2017-09-19,33.61,33.70,33.48,33.69,1912976
2017-09-20,33.75,34.18,33.71,34.13,2417796
2017-09-21,34.10,34.41,33.88,34.36,1815632
2017-09-22,34.34,34.75,34.12,34.16,2251952
2017-09-25,34.21,34.37,34.08,34.22,3276860
2017-09-26,34.23,34.28,34.02,34.02,3020936
2017-09-27,35.85,36.25,35.59,36.00,10910204
2017-09-28,35.92,35.97,35.44,35.69,3384516
2017-09-29,35.62,36.16,35.57,36.07,3748912
2017-10-02,36.12,36.41,36.01,36.36,2987580
2017-10-03,36.37,36.86,36.33,36.84,3153860
2017-10-04,36.72,36.91,36.55,36.80,3082824
2017-10-05,36.87,37.05,36.62,37.00,2437088
2017-10-06,37.00,37.37,36.87,37.27,2458920
2017-10-09,37.32,37.49,37.27,37.40,1600704
2017-10-10,37.38,37.61,37.38,37.56,2304552
2017-10-11,37.51,37.68,37.40,37.67,1633616
2017-10-12,37.62,37.94,37.62,37.88,2223800
2017-10-13,37.97,38.12,37.85,37.98,2089852
2017-10-16,38.12,38.12,37.72,37.80,1469544
2017-10-17,37.94,38.10,37.58,37.76,1599556
2017-10-18,37.85,37.95,37.77,37.79,1722936
2017-10-19,37.62,37.74,37.36,37.74,2797464
2017-10-20,37.95,38.21,37.76,38.05,1870128
2017-10-23,38.03,38.05,37.84,37.87,1047996
2017-10-24,37.88,37.98,37.60,37.71,1567608
2017-10-25,37.67,37.77,37.38,37.54,1672420
2017-10-26,37.72,37.92,37.66,37.89,1539080
2017-10-27,37.71,37.91,37.53,37.89,1503544
2017-10-30,37.81,37.81,37.29,37.30,1228548
2017-10-31,37.48,37.56,37.23,37.26,1904560
2017-11-01,37.21,37.26,36.39,36.78,2780588
2017-11-02,36.77,37.09,36.53,36.89,2041768
2017-11-03,36.90,37.13,36.77,37.09,1503548
2017-11-06,37.01,37.09,36.74,36.89,2318248
2017-11-07,37.02,37.11,36.83,36.97,1343648
2017-11-08,36.86,37.41,36.83,37.40,1616636
2017-11-09,36.87,36.93,36.10,36.36,2131616
2017-11-10,36.20,36.53,36.20,36.52,1660708
2017-11-13,36.47,36.94,36.44,36.84,2638020
2017-11-14,36.64,37.37,36.64,37.30,2412640
2017-11-15,37.10,37.41,36.91,37.38,2810156
2017-11-16,37.38,37.66,37.31,37.53,2096040
2017-11-17,37.45,37.52,37.08,37.23,1523196
2017-11-20,37.19,37.29,37.01,37.06,1921112
2017-11-21,37.19,37.22,36.80,36.90,2339860
2017-11-22,36.89,36.93,36.64,36.84,1710384
2017-11-24,36.98,37.05,36.87,36.93,1093980
2017-11-27,36.98,37.27,36.90,36.99,2098660
2017-11-28,37.05,38.05,36.95,38.01,2297692
2017-11-29,37.99,38.47,37.88,38.43,2824752
2017-11-30,38.34,39.45,38.25,39.36,8772724
2017-12-01,39.30,39.61,38.76,39.38,2995060
2017-12-04,39.60,39.92,39.38,39.68,3188860
2017-12-05,39.72,39.88,39.02,39.07,2448596
2017-12-06,39.22,39.40,39.03,39.12,1476732
2017-12-07,39.01,39.72,39.00,39.50,1585420
2017-12-08,39.63,39.80,39.46,39.80,1308404
2017-12-11,39.74,39.96,39.49,39.58,1841380
2017-12-12,39.58,39.60,39.24,39.30,1271288
2017-12-13,39.40,39.72,39.26,39.32,2021908
2017-12-14,39.51,39.53,39.23,39.30,2050520
2017-12-15,39.47,39.73,39.17,39.50,4752392
2017-12-18,39.75,40.05,39.65,39.97,3438920
2017-12-19,40.25,40.25,39.60,39.75,2680916
2017-12-20,39.83,40.01,39.72,39.77,2050756
2017-12-21,40.13,40.15,39.42,39.91,3721484
2017-12-22,40.50,40.86,38.25,39.21,8629472
2017-12-26,39.13,39.41,38.85,38.88,2011688
2017-12-27,38.99,39.12,38.82,39.01,1527280
2017-12-28,38.99,39.18,38.70,39.16,1763168
2017-12-29,39.25,39.27,38.95,38.96,1667524
2018-01-02,39.31,39.38,38.98,39.21,1908084
2018-01-03,39.05,39.67,39.05,39.60,2119316
2018-01-04,39.67,40.32,39.60,40.29,2273108
2018-01-05,40.33,40.44,40.17,40.41,2351068
2018-01-08,40.34,40.65,39.96,40.48,2608964
2018-01-09,40.50,40.56,40.29,40.30,1796764
2018-01-10,40.24,40.33,39.95,40.08,1612320
2018-01-11,40.08,40.56,39.96,40.51,2119568
2018-01-12,40.45,40.56,40.02,40.12,1796232
2018-01-16,40.28,40.53,40.20,40.30,2619604
2018-01-17,40.33,40.76,40.33,40.67,3109356
2018-01-18,40.22,40.74,40.00,40.45,2312688
2018-01-19,40.48,41.04,40.32,41.02,1784476
2018-01-22,41.00,41.30,40.80,41.28,1887780
2018-01-23,41.22,41.32,40.87,41.23,1637572
2018-01-24,41.34,41.45,41.16,41.24,1579828
2018-01-25,41.48,41.89,41.45,41.65,1985864
2018-01-26,41.71,41.95,41.51,41.94,1483752
2018-01-29,41.84,41.89,41.39,41.50,1934924
2018-01-30,41.53,41.74,41.28,41.45,1743428
2018-01-31,41.58,42.49,41.56,42.11,4129992
2018-02-01,41.97,42.08,41.00,41.30,2421364
2018-02-02,41.09,41.24,40.42,40.45,1781568
2018-02-05,40.58,40.84,39.11,39.12,3015128
2018-02-06,38.60,39.33,37.98,39.09,4221840
2018-02-07,38.93,39.87,38.87,39.15,2654256
2018-02-08,39.10,39.20,37.31,37.33,2878872
2018-02-09,37.70,38.52,36.84,38.18,3965324
2018-02-12,38.36,38.91,38.11,38.60,1939188
2018-02-13,38.41,39.15,38.25,39.02,1103460
2018-02-14,38.72,41.12,38.64,41.09,5001324
2018-02-15,41.31,41.77,40.82,41.73,2596712
2018-02-16,41.84,41.97,41.58,41.78,2351168
2018-02-20,41.59,42.13,41.38,41.66,2158208
2018-02-21,41.61,42.43,41.56,41.84,2024796
2018-02-22,41.80,42.27,41.66,41.77,1988436
2018-02-23,42.11,42.53,41.66,42.50,1903144
2018-02-26,42.67,42.75,42.25,42.70,3060052
2018-02-27,42.75,42.89,42.58,42.75,3102768
2018-02-28,42.96,43.23,42.66,42.66,3388552
2018-03-01,42.82,43.17,42.09,42.39,2883248
2018-03-02,42.05,42.66,41.77,42.48,2245368
2018-03-05,42.15,42.94,41.80,42.85,1535292
2018-03-06,42.91,43.03,42.58,43.00,1881444
2018-03-07,42.79,43.20,42.79,43.05,2233372
2018-03-08,43.06,43.19,42.69,43.06,1809352
2018-03-09,43.27,44.59,43.12,44.58,1827360
2018-03-12,44.48,44.48,43.70,44.15,2543244
2018-03-13,44.50,44.57,43.94,44.03,1395024
2018-03-14,44.16,44.16,43.35,43.40,1509824
2018-03-15,43.53,43.62,43.16,43.33,1486592
2018-03-16,43.51,43.71,43.14,43.32,3745668
2018-03-19,43.24,43.33,42.81,43.25,2239840
2018-03-20,43.29,43.63,43.11,43.13,1775980
2018-03-21,43.22,43.85,43.15,43.32,2076336
2018-03-22,42.74,43.01,40.53,40.78,4483452
2018-03-23,41.68,43.67,41.25,41.96,5795692
2018-03-26,42.65,43.20,42.06,42.74,3458516
2018-03-27,43.57,43.73,42.16,42.40,2454400
2018-03-28,42.41,42.77,42.12,42.26,2274408
2018-03-29,42.38,43.03,42.14,42.65,2301808
2018-04-02,42.53,42.75,41.37,41.87,2336204
2018-04-03,42.12,42.52,41.92,42.46,2561976
2018-04-04,41.99,42.56,41.72,42.37,2182784
2018-04-05,42.64,43.16,42.40,42.92,1986700
2018-04-06,42.52,42.79,41.33,41.69,1397144
2018-04-09,42.01,42.56,41.88,41.92,1573840
2018-04-10,42.50,42.87,42.32,42.58,2014732
2018-04-11,42.31,42.69,42.22,42.53,1687984
2018-04-12,42.66,43.26,42.66,43.04,1687648
2018-04-13,43.19,43.19,42.40,42.54,1423680
2018-04-16,42.91,43.26,42.68,43.23,1379784
2018-04-17,43.43,43.77,43.38,43.49,1671540
2018-04-18,43.57,43.69,43.02,43.59,1202556
2018-04-19,43.55,43.70,43.23,43.54,1012028
2018-04-20,43.44,43.66,43.07,43.28,1322620
2018-04-23,43.48,43.52,43.09,43.28,1378620
2018-04-24,43.62,43.75,42.47,42.88,1653860
2018-04-25,42.77,43.07,42.44,42.80,1355452
2018-04-26,42.98,43.37,42.66,43.22,1393944
2018-04-27,43.23,43.46,42.98,43.33,1175888
2018-04-30,43.31,43.66,42.56,42.58,3033612
2018-05-01,42.40,43.16,42.25,43.09,1927196
2018-05-02,43.07,43.28,42.53,42.72,1416060
2018-05-03,42.51,43.60,42.50,43.25,2152928
2018-05-04,43.08,43.91,42.97,43.81,1667804
2018-05-07,43.91,44.12,43.63,43.94,2441032
2018-05-08,43.90,44.19,43.75,44.16,1513940
2018-05-09,44.16,44.75,43.86,44.72,1286080
2018-05-10,44.94,45.54,44.79,45.49,1210308
2018-05-11,45.36,46.00,45.33,45.98,1352536
2018-05-14,45.91,46.05,45.66,45.82,1347140
2018-05-15,45.59,45.81,45.41,45.79,1349592
2018-05-16,45.71,45.91,45.43,45.54,1175080
2018-05-17,45.61,45.87,45.46,45.56,1548020
2018-05-18,45.64,45.84,45.34,45.71,1309248
2018-05-21,45.75,45.91,45.65,45.86,1702732
2018-05-22,45.88,45.91,45.16,45.22,1536752
2018-05-23,45.08,45.22,44.79,45.19,1584780
2018-05-24,45.29,45.50,44.98,45.41,1278656
2018-05-25,45.27,45.49,45.02,45.21,1155892
2018-05-29,44.95,45.40,44.77,45.16,1423700
2018-05-30,45.31,45.80,45.15,45.79,1294256
2018-05-31,45.81,46.01,45.41,45.56,4642148
2018-06-01,45.72,46.17,45.55,46.14,1838152
2018-06-04,46.25,46.80,46.24,46.70,1559060
2018-06-05,46.84,47.48,46.83,47.46,1685764
2018-06-06,47.49,47.84,47.38,47.73,1703708
2018-06-07,47.70,47.80,46.95,47.27,1643748
2018-06-08,47.30,47.90,47.17,47.87,1154772
2018-06-11,47.81,47.98,47.49,47.63,1305168
2018-06-12,47.81,48.19,47.79,48.08,1192788
2018-06-13,48.04,48.52,48.04,48.08,1421520
2018-06-14,48.27,48.27,47.70,47.89,1947968
2018-06-15,47.93,47.93,47.33,47.63,3722668
2018-06-18,47.66,47.86,47.33,47.76,1598904
2018-06-19,47.44,47.69,46.97,47.64,1387840
2018-06-20,47.76,47.84,47.38,47.57,1355936
2018-06-21,47.53,47.65,47.00,47.37,1253536
2018-06-22,47.61,47.75,47.09,47.16,1911176
2018-06-25,47.09,47.21,46.17,46.40,2347276
2018-06-26,46.49,46.85,46.46,46.65,1701472
2018-06-27,46.51,46.99,46.04,46.09,1561644
2018-06-28,46.12,46.57,46.05,46.39,1004412
2018-06-29,46.45,47.04,46.26,46.27,1753356
2018-07-02,46.06,47.22,45.80,47.16,1802420
2018-07-03,47.24,47.45,46.74,46.77,975940
2018-07-05,46.96,47.40,46.80,47.35,1617336
2018-07-06,47.33,47.97,47.18,47.82,1098204
2018-07-09,47.98,48.25,47.88,48.23,2296648
2018-07-10,48.27,48.58,48.10,48.32,1675844
2018-07-11,48.02,48.58,47.99,48.39,1900840
2018-07-12,48.64,48.80,48.27,48.77,1425912
2018-07-13,48.86,49.07,48.74,48.93,1280036
2018-07-16,48.95,49.01,48.04,48.12,2043452
2018-07-17,48.41,48.65,48.15,48.56,1885040
2018-07-18,48.47,48.75,48.04,48.13,2157924
2018-07-19,48.15,48.48,47.87,48.42,2669636
2018-07-20,49.12,51.07,48.77,50.89,5272472
2018-07-23,50.94,51.99,50.86,51.28,4103284
2018-07-24,51.14,51.99,51.14,51.75,3283620
2018-07-25,51.66,52.35,51.53,52.31,2458452
2018-07-26,52.49,52.59,51.86,52.20,2047124
2018-07-27,52.24,52.30,50.85,51.26,2052376
2018-07-30,51.23,51.25,50.34,50.68,2559300
2018-07-31,50.97,51.24,50.68,51.12,2999368
2018-08-01,51.00,51.66,51.00,51.49,2470948
2018-08-02,51.35,52.12,51.28,52.05,2135192
2018-08-03,52.02,52.16,51.29,51.73,1524304
2018-08-06,51.78,52.75,51.76,52.55,1727296
2018-08-07,52.73,53.07,52.63,52.81,1428120
2018-08-08,52.80,53.01,52.61,52.70,1671460
2018-08-09,52.82,53.15,52.76,52.85,1826260
2018-08-10,52.30,52.95,52.29,52.75,1431652
2018-08-13,52.78,52.98,52.28,52.42,1098560
2018-08-14,52.42,52.89,52.12,52.57,2199740
2018-08-15,52.38,52.91,52.17,52.85,1917784
2018-08-16,53.05,53.26,52.83,52.98,1275784
2018-08-17,53.17,53.27,52.91,53.20,1669324
2018-08-20,53.41,53.49,53.08,53.22,1787164
2018-08-21,53.28,53.46,52.97,52.98,1931676
2018-08-22,52.89,53.43,52.75,53.10,1100752
2018-08-23,52.99,53.20,52.78,53.10,988540
2018-08-24,53.17,53.42,52.88,53.16,913504
2018-08-27,53.34,53.48,52.92,53.01,1438956
2018-08-28,53.17,53.38,53.03,53.27,1014264
2018-08-29,53.38,53.69,53.10,53.57,1180988
2018-08-30,53.42,53.57,53.09,53.33,834152
2018-08-31,53.23,53.43,53.14,53.34,1564168
2018-09-04,53.30,54.04,53.30,53.88,1639148
2018-09-05,53.62,54.21,53.35,53.66,2059412
2018-09-06,53.65,54.16,53.56,54.10,1107584
2018-09-07,53.92,54.34,53.61,54.06,1034552
2018-09-10,54.10,54.10,53.52,53.61,1570708
2018-09-11,53.42,54.22,53.12,53.80,1329700
2018-09-12,53.31,53.84,52.99,53.23,1883868
2018-09-13,53.56,53.60,53.23,53.34,1759868
2018-09-14,53.34,53.77,53.17,53.62,1212628
2018-09-17,53.62,53.62,52.93,53.12,1647412
2018-09-18,53.29,53.86,53.19,53.72,2129816
2018-09-19,53.68,53.71,52.46,52.70,1746884
2018-09-20,52.88,53.06,52.45,52.92,1674136
2018-09-21,53.07,53.48,52.79,52.92,3373424
2018-09-24,53.00,53.11,52.52,52.78,1865536
2018-09-25,53.03,53.41,52.83,53.24,3259584
2018-09-26,51.55,52.25,50.03,50.29,9082312
2018-09-27,50.34,50.50,49.21,49.40,4508440
2018-09-28,49.16,49.55,48.77,49.45,4429736
2018-10-01,49.75,49.91,49.26,49.51,4577992
2018-10-02,49.28,49.59,48.90,48.96,4164332
2018-10-03,49.17,49.35,48.82,49.01,4172096
2018-10-04,48.98,49.23,48.57,48.72,3514360
2018-10-05,48.82,49.31,48.51,48.98,3424068
2018-10-08,48.92,49.12,48.12,48.62,1541592
2018-10-09,48.66,49.13,48.54,48.83,2677452
2018-10-10,48.84,48.84,46.72,46.78,3320428
2018-10-11,46.72,47.32,45.87,46.01,4832532
2018-10-12,46.41,47.01,46.13,46.74,3216152
2018-10-15,46.69,46.69,46.00,46.10,2162020
2018-10-16,46.48,47.63,46.25,47.48,2067864
2018-10-17,47.68,47.68,46.35,46.55,2872664
2018-10-18,46.58,46.75,44.92,45.24,3169128
2018-10-19,45.45,45.52,44.45,44.66,2566692
2018-10-22,44.73,45.03,44.20,44.66,2248304
2018-10-23,44.00,44.24,42.69,43.67,4209136
2018-10-24,43.65,44.05,42.01,42.09,3506764
2018-10-25,42.50,43.62,42.15,43.42,3282248
2018-10-26,42.56,43.49,42.05,42.87,2546936
2018-10-29,43.37,43.80,42.25,42.98,2744740
2018-10-30,43.28,44.59,43.28,44.47,4808148
2018-10-31,44.75,45.97,44.75,45.47,4223488
2018-11-01,45.59,45.66,44.62,45.19,3191212
2018-11-02,45.50,45.94,44.52,44.91,2020996
2018-11-05,45.01,45.23,44.07,44.42,2632956
2018-11-06,44.52,44.81,44.03,44.35,2965816
2018-11-07,44.84,45.42,44.53,45.35,2839552
2018-11-08,44.86,45.30,44.62,45.29,1607256
2018-11-09,45.17,45.17,44.29,44.80,1648112
2018-11-12,44.67,45.00,44.02,44.21,1723908
2018-11-13,44.34,45.10,44.18,44.53,1808772
2018-11-14,44.85,45.00,43.94,44.31,1621100
2018-11-15,44.16,45.61,44.00,45.55,2254380
2018-11-16,45.54,45.99,45.11,45.80,1803360
2018-11-19,45.75,45.85,44.57,44.90,2580248
2018-11-20,44.50,44.78,44.12,44.45,2816004
2018-11-21,44.88,45.53,44.58,45.17,1954948
2018-11-23,44.93,45.26,44.70,45.01,1137824
2018-11-26,45.46,45.82,45.02,45.56,2751500
2018-11-27,45.30,45.88,45.20,45.84,1823296
2018-11-28,45.69,47.08,45.69,47.06,2754488
2018-11-29,46.95,47.21,46.44,47.01,1716836
2018-11-30,47.20,47.45,46.73,46.84,3189704
2018-12-03,47.48,47.81,46.91,47.34,2197956
2018-12-04,47.50,47.50,44.87,44.87,2744840
2018-12-06,44.30,44.58,43.40,44.46,3461312
2018-12-07,44.20,44.63,42.60,42.85,3265536
2018-12-10,42.85,43.09,42.27,42.88,2603692
2018-12-11,43.48,43.67,42.47,42.61,2212828
2018-12-12,43.28,44.02,43.15,43.29,2143420
2018-12-13,43.45,43.53,42.67,42.96,1715516
2018-12-14,42.62,42.92,42.33,42.44,2387152
2018-12-17,42.47,42.72,41.33,41.55,4194548
2018-12-18,41.84,41.98,41.22,41.65,3932000
2018-12-19,41.68,42.76,41.20,41.27,5040540
2018-12-20,40.85,41.05,38.99,39.76,5553444
2018-12-21,40.26,41.54,39.74,39.99,9139052
2018-12-24,40.03,40.10,38.99,39.01,2248568
2018-12-26,39.23,41.02,39.01,41.01,3980604
2018-12-27,40.45,41.82,40.25,41.81,2739188
2018-12-28,41.94,42.26,41.26,41.73,2603936
2018-12-31,41.99,42.13,41.44,42.00,2257356
2019-01-02,41.38,41.90,41.15,41.87,2326992
2019-01-03,41.98,42.50,41.12,41.20,3674112
2019-01-04,41.80,43.19,41.42,43.14,3475156
2019-01-07,43.12,43.54,42.68,43.21,2898844
2019-01-08,43.63,43.88,42.78,43.68,3104320
2019-01-09,43.87,44.30,43.54,44.06,2433252
2019-01-10,43.98,44.40,43.88,44.37,2241232
2019-01-11,44.24,44.48,43.85,44.45,1763156
2019-01-14,44.16,44.36,43.87,44.16,1544288
2019-01-15,44.34,44.53,44.02,44.38,1759800
2019-01-16,44.47,44.66,44.10,44.57,1934420
2019-01-17,44.45,45.31,44.32,45.23,1637512
2019-01-18,45.66,46.34,45.40,46.23,2552380
2019-01-22,46.02,46.16,45.33,45.69,1578988
2019-01-23,45.90,45.96,45.14,45.53,1849548
2019-01-24,45.59,45.66,45.11,45.63,1119864
2019-01-25,46.12,46.33,46.00,46.24,1695220
2019-01-28,45.82,45.90,45.29,45.75,1534512
2019-01-29,45.93,46.01,45.58,45.77,1365604
2019-01-30,46.03,46.86,45.66,46.66,1737716
2019-01-31,46.68,46.98,46.48,46.88,2798364
2019-02-01,46.88,47.24,46.54,47.15,2257364
2019-02-04,47.15,47.60,46.73,47.59,1418068
2019-02-05,47.62,48.01,47.50,47.95,1394368
2019-02-06,47.88,47.97,47.68,47.89,1574912
2019-02-07,47.63,48.02,47.48,47.94,1635420
2019-02-08,47.71,48.56,47.66,48.56,1335408
2019-02-11,48.85,49.44,48.70,49.40,2680964
2019-02-12,49.78,50.23,49.51,50.15,2459952
2019-02-13,50.17,50.72,50.15,50.44,2154884
2019-02-14,50.00,50.59,50.00,50.35,1808976
2019-02-15,50.84,50.97,50.32,50.95,2094980
2019-02-19,50.74,50.97,50.71,50.87,1446620
2019-02-20,50.70,50.91,50.26,50.77,1054176
2019-02-21,50.82,50.89,50.26,50.74,1181848
2019-02-22,50.88,51.25,50.75,51.10,1170528
2019-02-25,51.33,51.48,51.10,51.12,1252820
2019-02-26,50.92,51.25,50.77,50.80,1199868
2019-02-27,50.70,51.35,50.30,51.24,1311288
2019-02-28,51.28,51.83,51.09,51.65,1748720
2019-03-01,52.01,52.36,51.63,52.09,1568880
2019-03-04,52.28,52.41,51.37,51.65,1528684
2019-03-05,51.73,51.77,51.33,51.34,2097228
2019-03-06,51.30,51.46,50.79,50.80,1731716
2019-03-07,50.79,50.88,50.05,50.63,2295728
2019-03-08,50.27,50.42,49.93,50.33,1895784
2019-03-11,50.44,51.16,49.99,51.08,1888624
2019-03-12,51.13,51.23,50.62,51.02,1937688
2019-03-13,51.17,51.53,51.02,51.38,2170708
2019-03-14,51.28,51.38,50.93,51.22,1742128
2019-03-15,51.23,51.80,51.13,51.39,4487160
2019-03-18,51.50,51.97,51.41,51.88,1839560
2019-03-19,51.97,52.08,51.50,51.63,1675868
2019-03-20,51.80,51.97,51.16,51.30,1865076
2019-03-21,51.00,52.11,51.00,52.03,3332440
2019-03-22,50.73,51.00,48.44,48.64,6197772
2019-03-25,48.53,49.34,47.98,49.26,4686424
2019-03-26,49.62,49.90,49.44,49.84,1808488
2019-03-27,49.89,50.32,49.52,49.77,1552456
2019-03-28,49.88,50.23,49.64,50.16,1044176
2019-03-29,50.51,50.63,50.01,50.53,1555884
2019-04-01,51.05,51.34,50.84,51.24,2027460
2019-04-02,51.30,51.59,51.17,51.52,1589308
2019-04-03,51.70,52.02,51.58,51.85,1630272
2019-04-04,52.04,52.04,51.19,51.34,1120052
2019-04-05,51.53,51.89,51.36,51.59,879708
2019-04-08,51.35,51.63,50.94,51.58,1360220
2019-04-09,51.30,51.65,51.06,51.18,1202112
2019-04-10,51.24,51.44,50.87,51.24,1096484
2019-04-11,51.26,51.43,50.87,51.37,1282084
2019-04-12,51.59,51.88,50.99,51.85,1613408
2019-04-15,51.88,52.16,51.63,52.06,1694792
2019-04-16,52.10,52.44,52.08,52.33,1111192
2019-04-17,52.51,52.70,52.12,52.48,1652700
2019-04-18,52.74,53.44,52.48,53.42,2350636
2019-04-22,52.97,53.24,52.59,52.69,1175048
2019-04-23,52.88,53.42,52.59,53.35,1324256
2019-04-24,53.42,54.00,53.27,53.95,1901088
2019-04-25,53.57,53.85,53.33,53.70,2193316
2019-04-26,54.05,54.37,53.62,54.20,1078248
2019-04-29,54.15,54.46,54.01,54.22,1860120
2019-04-30,54.12,54.31,53.93,54.28,2284184
2019-05-01,54.40,54.76,54.01,54.02,1533892
2019-05-02,53.85,54.99,53.85,54.95,1943448
2019-05-03,54.84,55.78,54.60,55.73,1825760
2019-05-06,54.59,56.00,54.59,55.73,1666244
2019-05-07,55.07,55.56,54.41,54.71,2171392
2019-05-08,54.90,55.55,54.65,54.98,2151736
2019-05-09,54.55,55.48,54.10,55.38,1406104
2019-05-10,54.95,55.90,54.44,55.71,1604136
2019-05-13,54.49,55.04,53.97,54.12,2326388
2019-05-14,54.30,55.38,54.09,55.02,1462732
2019-05-15,54.61,55.61,54.50,55.39,1695172
2019-05-16,55.48,56.22,55.41,55.93,1416980
2019-05-17,55.62,56.33,55.45,55.85,1403544
2019-05-20,55.37,56.01,55.32,55.84,1086636
2019-05-21,56.26,56.91,56.14,56.75,2280036
2019-05-22,56.65,56.84,56.47,56.57,1351048
2019-05-23,56.15,56.26,55.80,56.05,1451364
2019-05-24,56.22,56.43,55.59,55.62,1739172
2019-05-28,55.73,55.98,55.15,55.17,2746692
2019-05-29,55.24,55.61,54.93,55.48,1570600
2019-05-30,55.52,56.19,55.49,55.90,1383176
2019-05-31,55.36,55.74,55.25,55.46,1367212
2019-06-03,55.54,56.16,55.47,55.85,1726384
2019-06-04,56.25,56.72,55.98,56.62,2084172
2019-06-05,56.88,57.76,56.78,57.63,2181120
2019-06-06,57.54,57.98,57.41,57.88,1495420
2019-06-07,58.29,58.37,57.97,58.16,2739304
2019-06-10,58.38,58.82,58.25,58.63,2466724
2019-06-11,58.81,59.10,57.81,58.07,1775204
2019-06-12,58.10,58.81,58.10,58.67,1447172
2019-06-13,58.62,59.16,58.41,58.99,1945416
2019-06-14,59.03,59.36,58.79,59.09,1344548
2019-06-17,58.99,59.15,58.02,58.07,2710540
2019-06-18,58.46,58.75,57.63,57.86,3213676
2019-06-19,57.79,59.12,57.67,58.77,3256324
2019-06-20,59.22,59.39,57.51,58.16,3254904
2019-06-21,58.17,58.53,57.72,58.09,3697760
2019-06-24,58.12,58.43,57.82,58.28,1766256
2019-06-25,58.46,58.47,57.67,57.86,2146648
2019-06-26,58.27,58.60,58.05,58.19,2179700
2019-06-27,58.26,58.98,58.12,58.92,1519644
2019-06-28,59.02,59.38,58.79,59.32,2622360
2019-07-01,60.00,60.00,58.98,59.72,2223288
2019-07-02,59.72,59.80,59.44,59.50,1778188
2019-07-03,59.60,60.04,59.58,59.88,1134316
2019-07-05,59.58,59.95,59.10,59.88,2320816
2019-07-08,59.65,59.88,59.33,59.56,1195804
2019-07-09,59.29,59.65,59.23,59.60,1448576
2019-07-10,59.84,60.04,59.61,59.67,1240928
2019-07-11,59.81,60.15,59.37,60.00,1803484
2019-07-12,60.16,60.68,60.01,60.61,1623244
2019-07-15,60.50,60.94,60.00,60.81,1468044
2019-07-16,61.05,61.15,59.78,59.86,3542644
2019-07-17,63.48,65.50,62.88,65.09,8521892
2019-07-18,65.00,65.64,64.47,65.16,4120032
2019-07-19,65.62,65.95,64.42,64.46,2592460
2019-07-22,64.60,65.37,64.54,64.76,2751236
2019-07-23,65.02,65.25,64.10,65.20,2157348
2019-07-24,64.73,65.49,64.56,65.48,2261824
2019-07-25,64.99,65.66,64.90,65.19,1696568
2019-07-26,65.14,65.65,64.63,65.42,3108548
2019-07-29,65.27,65.64,64.42,65.17,1527820
2019-07-30,65.04,65.76,64.66,65.71,1631404
2019-07-31,65.69,66.07,64.13,65.11,3514696
2019-08-01,65.27,66.00,64.54,64.76,2238888
2019-08-02,64.64,65.16,64.03,64.60,1916016
2019-08-05,63.40,64.25,62.19,62.78,2473096
2019-08-06,63.00,64.45,63.00,64.30,1941528
2019-08-07,63.35,64.88,62.99,64.61,2875556
2019-08-08,64.86,66.12,64.66,66.07,1969528
2019-08-09,66.64,66.64,65.19,65.86,1566556
2019-08-12,65.83,66.00,65.20,65.35,1582556
2019-08-13,65.14,66.68,65.09,66.54,1955852
2019-08-14,65.61,66.42,64.15,64.18,1783528
2019-08-15,64.30,65.29,64.04,65.00,1842720
2019-08-16,65.67,66.31,65.35,66.10,1967468
2019-08-19,66.95,67.24,66.25,66.95,1879012
2019-08-20,67.31,67.59,66.64,66.96,1422984
2019-08-21,66.97,67.26,66.60,66.91,2638864
2019-08-22,67.17,67.17,65.87,66.13,1294136
2019-08-23,65.88,66.04,63.67,64.01,2151292
2019-08-26,64.93,65.11,64.38,65.08,2269696
2019-08-27,65.81,65.86,65.21,65.29,2128004
2019-08-28,64.95,65.64,64.56,65.55,1550532
2019-08-29,66.00,66.50,65.94,66.15,1461652
2019-08-30,65.86,66.67,65.70,65.95,1568544
2019-09-03,65.65,66.00,64.63,64.98,1568888
2019-09-04,65.54,66.33,65.00,66.00,2592176
2019-09-05,66.73,67.56,66.59,66.81,1523124
2019-09-06,66.80,67.32,66.49,66.55,1153664
2019-09-09,66.89,66.89,63.81,63.91,3720244
2019-09-10,63.39,63.54,61.74,62.24,4191408
2019-09-11,62.50,62.50,61.20,61.51,3514888
2019-09-12,61.95,62.44,61.59,61.63,2861680
2019-09-13,61.65,61.91,61.15,61.67,3434664
2019-09-16,61.38,62.25,61.00,61.87,3082368
2019-09-17,61.99,62.59,61.99,62.49,1545688
2019-09-18,62.53,62.53,61.72,62.42,2188336
2019-09-19,62.22,63.24,62.22,62.85,1979048
2019-09-20,63.18,64.22,62.98,63.45,4540672
2019-09-23,63.61,63.84,63.09,63.66,2820216
2019-09-24,64.06,64.47,62.81,63.03,2497948
2019-09-25,65.50,66.97,65.04,66.66,6921576
2019-09-26,66.58,67.17,66.27,67.00,2826972
2019-09-27,67.04,67.53,66.05,66.53,3589832
2019-09-30,66.80,67.39,66.36,67.03,2265740
2019-10-01,67.13,67.20,65.59,65.60,2080856
2019-10-02,65.48,65.50,64.19,64.74,2744332
2019-10-03,64.52,64.85,63.47,64.66,1847236
2019-10-04,65.03,65.80,64.87,65.72,1781552
2019-10-07,65.59,65.74,64.94,65.24,1234844
2019-10-08,64.72,65.70,64.31,65.08,2814904
2019-10-09,65.29,66.11,65.22,65.89,1104288
2019-10-10,65.84,66.67,65.53,66.52,1578136
2019-10-11,67.58,67.94,66.83,66.90,1777660
2019-10-14,66.92,67.07,66.45,66.48,2076364
2019-10-15,66.66,67.38,66.50,67.36,1892948
2019-10-16,67.30,67.30,66.44,66.74,1684204
2019-10-17,67.19,67.41,66.54,67.08,1509576
2019-10-18,67.14,67.50,66.70,67.33,1824456
2019-10-21,67.51,67.99,67.11,67.50,1218856
2019-10-22,67.58,67.66,66.48,66.53,1078260
2019-10-23,66.47,67.04,66.17,67.03,1169048
2019-10-24,67.16,68.16,66.98,68.08,1615736
2019-10-25,68.08,68.16,67.46,67.58,1098116
2019-10-28,67.87,68.14,67.64,67.95,1354712
2019-10-29,67.64,69.07,67.62,68.63,1814056
2019-10-30,68.78,69.12,68.33,69.06,1417220
2019-10-31,69.12,69.46,67.11,67.17,2676876
2019-11-01,67.72,67.89,66.76,67.22,2512324
2019-11-04,67.45,68.00,66.81,67.43,1697844
2019-11-05,67.75,67.75,66.36,66.75,1790944
2019-11-06,66.92,66.92,65.85,66.24,2294316
2019-11-07,66.07,66.18,65.44,65.50,2289428
2019-11-08,65.47,65.99,65.03,65.22,2520120
2019-11-11,64.99,65.47,64.92,65.15,1742472
2019-11-12,65.08,65.56,64.56,64.71,4773756
2019-11-13,63.09,63.91,61.92,63.81,6775016
2019-11-14,63.48,64.89,63.04,64.84,2440628
2019-11-15,64.61,65.01,63.88,64.03,2638340
2019-11-18,63.81,64.54,63.53,64.03,2400168
2019-11-19,64.22,64.85,63.80,64.47,1970788
2019-11-20,64.20,65.32,64.17,64.86,2533432
2019-11-21,64.83,64.97,63.34,63.41,2023368
2019-11-22,64.09,64.36,63.21,63.52,1978044
2019-11-25,63.41,63.73,62.55,62.72,2629048
2019-11-26,62.92,64.11,62.75,64.01,4252344
2019-11-27,63.95,65.14,63.55,65.08,3428608
2019-11-29,64.76,64.85,63.97,64.27,1160444
2019-12-02,64.08,64.50,63.59,63.97,2455820
2019-12-03,63.50,64.11,63.36,63.84,2290848
2019-12-04,64.13,64.70,63.68,63.74,1609960
2019-12-05,63.78,63.94,63.40,63.67,1628188
2019-12-06,64.40,64.94,63.97,64.06,1737920
2019-12-09,64.11,64.11,63.41,63.45,1760824
2019-12-10,63.56,64.18,63.49,63.98,1720896
2019-12-11,64.14,64.56,63.57,64.51,1750240
2019-12-12,64.45,65.03,64.16,64.81,1731588
2019-12-13,64.82,65.64,64.62,65.45,2865752
2019-12-16,66.53,66.75,64.53,65.18,2917188
2019-12-17,65.45,65.61,64.80,65.19,3600780
2019-12-18,65.79,68.69,65.75,66.47,6230064
2019-12-19,66.31,67.26,66.24,67.00,2797724
2019-12-20,67.25,67.92,66.85,67.88,5223208
2019-12-23,67.69,68.03,67.53,67.72,2498444
2019-12-24,67.80,67.92,66.83,67.20,566956
2019-12-26,67.27,67.45,66.61,67.03,1079348
2019-12-27,67.13,67.40,66.86,67.25,1156604
2019-12-30,67.26,67.34,66.56,67.09,1209332
2019-12-31,67.08,67.40,66.69,67.27,1478520
2020-01-02,67.47,67.71,66.65,67.70,2027164
2020-01-03,67.02,68.00,66.77,67.39,1972416
2020-01-06,67.03,67.59,66.69,67.57,1637488
2020-01-07,67.03,67.81,66.83,67.52,1553552
2020-01-08,67.69,68.95,67.23,68.82,2808244
2020-01-09,68.27,70.72,68.27,69.84,3243236
2020-01-10,70.03,70.28,69.38,69.71,1280808
2020-01-13,69.96,70.83,69.87,70.71,1638124
2020-01-14,70.50,70.97,70.30,70.38,1788900
2020-01-15,70.49,71.47,70.49,71.16,1702032
2020-01-16,71.14,71.86,71.09,71.63,1416548
2020-01-17,71.92,71.94,70.61,71.06,1955296
2020-01-21,71.05,71.31,70.44,70.51,1879148
2020-01-22,70.89,71.12,70.54,70.63,1302776
2020-01-23,70.57,71.54,70.30,71.50,1291140
2020-01-24,71.81,71.92,70.31,70.86,976692
2020-01-27,69.51,70.26,69.01,69.66,2067360
2020-01-28,69.56,70.17,69.46,69.49,1341420
2020-01-29,69.71,70.56,68.70,70.06,1920860
2020-01-30,68.87,70.88,68.80,70.80,1338572
2020-01-31,70.53,71.16,69.59,69.74,2787672
2020-02-03,70.10,71.20,69.83,70.50,1920008
2020-02-04,71.34,71.72,70.76,71.49,2119572
2020-02-05,72.45,72.97,72.10,72.83,2305928
2020-02-06,73.12,73.69,72.83,73.41,1754888
2020-02-07,72.91,73.56,72.67,72.89,1464228
2020-02-10,72.90,73.21,72.30,73.16,1539876
2020-02-11,73.51,73.69,73.07,73.37,1052568
2020-02-12,73.63,74.47,73.31,74.28,1668448
2020-02-13,73.85,75.03,73.85,74.53,1768352
2020-02-14,74.68,75.31,74.34,75.22,1055512
2020-02-18,75.23,75.67,74.71,75.63,1546552
2020-02-19,75.95,76.20,75.68,76.06,1183908
2020-02-20,75.63,76.14,74.18,74.42,2340272
2020-02-21,73.72,74.18,73.06,73.34,2001188
2020-02-24,71.41,72.58,71.11,72.04,2369088
2020-02-25,72.03,72.42,69.83,69.97,3501536
2020-02-26,70.46,71.77,70.40,70.98,2829552
2020-02-27,69.45,70.11,67.33,67.39,3731176
2020-02-28,63.88,66.88,63.75,66.69,5569104
2020-03-02,66.52,69.94,66.12,69.90,4232224
2020-03-03,69.35,71.66,67.72,68.09,3583240
2020-03-04,70.14,71.53,68.87,71.53,2727216
2020-03-05,69.56,70.81,68.03,68.76,2607460
2020-03-06,66.22,68.44,65.90,68.08,3341892
2020-03-09,64.74,64.94,62.16,62.71,4453684
2020-03-10,64.31,67.22,63.31,67.11,3646496
2020-03-11,65.00,65.58,61.42,62.60,2660132
2020-03-12,57.99,59.00,53.56,56.42,7770732
2020-03-13,58.31,61.02,55.90,60.90,5014160
2020-03-16,49.39,51.92,49.39,50.63,6964044
2020-03-17,51.64,52.66,48.96,52.28,7512972
2020-03-18,43.39,45.60,40.80,44.49,7657196
2020-03-19,44.06,46.34,40.10,45.75,5723632
2020-03-20,45.04,47.35,41.84,43.77,10294740
2020-03-23,44.30,44.30,38.58,39.27,6571504
2020-03-24,41.45,44.69,41.33,43.45,5502892
2020-03-25,43.55,50.14,42.22,48.08,6708860
2020-03-26,48.59,49.49,45.63,48.15,6926296
2020-03-27,46.86,46.94,45.00,45.39,4022476
2020-03-30,45.48,45.90,43.84,45.11,4295008
2020-03-31,44.62,44.90,42.98,43.30,6454692
2020-04-01,41.36,41.84,40.14,40.67,4456680
2020-04-02,40.06,41.82,39.72,41.30,5749240
2020-04-03,40.81,41.88,40.55,41.06,4031732
2020-04-06,42.25,45.15,42.07,44.87,5372452
2020-04-07,47.70,48.83,46.34,46.48,6444976
2020-04-08,47.12,48.49,46.38,48.10,3772300
2020-04-09,49.48,51.79,49.38,49.69,3737744
2020-04-13,49.69,49.71,47.87,48.77,3046640
2020-04-14,50.16,50.99,49.66,50.42,3379992
2020-04-15,49.19,49.25,46.53,46.77,3660792
2020-04-16,47.33,47.78,46.62,47.66,3053636
2020-04-17,49.75,51.19,49.15,51.04,3248032
2020-04-20,50.01,50.64,48.30,48.48,3100568
2020-04-21,47.46,47.97,46.99,47.62,2793756
2020-04-22,48.40,49.70,48.20,49.36,2676928
2020-04-23,49.54,50.89,49.54,49.85,3823116
2020-04-24,50.32,50.67,49.57,50.05,3043748
2020-04-27,50.42,53.27,50.00,53.12,2598136
2020-04-28,54.82,55.80,53.60,54.54,4865776
2020-04-29,55.77,58.02,55.32,57.74,3988360
2020-04-30,57.00,57.06,55.25,55.46,3309044
2020-05-01,54.24,54.54,52.74,52.95,3226652
2020-05-04,52.33,52.56,51.59,52.41,2827124
2020-05-05,52.90,53.72,52.59,52.69,2101312
2020-05-06,53.00,53.17,52.04,52.54,1988100
2020-05-07,53.17,54.16,52.83,53.35,1606132
2020-05-08,54.01,54.75,53.53,54.55,1499408
2020-05-11,53.94,54.19,53.26,53.59,1782832
2020-05-12,53.75,54.03,51.43,51.44,3001064
2020-05-13,50.55,50.87,49.28,49.87,5439644
2020-05-14,51.23,57.31,51.06,57.18,9572204
2020-05-15,56.46,57.66,55.72,56.85,5839536
2020-05-18,58.03,59.86,58.03,59.11,3996820
2020-05-19,59.35,61.09,59.01,59.74,4217252
2020-05-20,60.15,60.87,59.69,60.13,3810172
2020-05-21,60.40,61.43,60.20,60.64,2185840
2020-05-22,60.39,60.53,59.92,60.16,1745352
2020-05-26,62.28,63.75,61.79,63.18,3417776
2020-05-27,63.74,64.24,61.83,62.90,3001116
2020-05-28,63.02,63.66,62.52,62.93,1936068
2020-05-29,62.88,62.88,60.77,61.99,4987192
2020-06-01,62.12,63.04,61.78,62.73,1925604
2020-06-02,62.87,63.84,62.36,63.75,3508552
2020-06-03,64.73,67.97,64.16,67.70,2931136
2020-06-04,67.12,67.68,66.53,67.30,2106864
2020-06-05,69.03,71.65,68.99,71.62,4194004
2020-06-08,72.50,73.03,71.34,72.88,3021840
2020-06-09,71.47,71.73,70.45,70.73,2447992
2020-06-10,70.94,70.94,68.77,69.55,2424868
2020-06-11,66.67,67.92,65.47,66.00,3545988
2020-06-12,67.85,68.24,65.11,66.55,2257168
2020-06-15,64.65,66.89,64.33,66.63,2302196
2020-06-16,69.73,69.73,67.42,68.41,1808860
2020-06-17,68.24,69.10,67.86,68.32,1473376
2020-06-18,67.82,69.30,67.62,68.95,1610472
2020-06-19,70.17,70.64,67.36,67.54,3893224
2020-06-22,66.69,67.76,66.30,67.52,2409708
2020-06-23,68.19,68.66,67.56,68.14,1620888
2020-06-24,67.26,67.75,64.69,65.41,2601832
2020-06-25,65.07,65.85,64.72,65.64,1959044
2020-06-26,65.94,65.94,63.52,64.12,4209040
2020-06-29,64.49,65.96,63.84,65.90,1750104
2020-06-30,65.40,66.96,65.00,66.59,2741116
2020-07-01,67.93,68.01,66.55,66.99,2640316
2020-07-02,67.83,69.12,67.55,67.66,1818792
2020-07-06,68.85,69.25,68.16,68.41,1938772
2020-07-07,67.72,68.23,67.27,67.50,1769456
2020-07-08,67.12,68.00,67.02,67.83,1619128
2020-07-09,67.34,67.69,65.45,66.53,1736348
2020-07-10,65.98,67.03,65.93,66.72,1121836
2020-07-13,67.45,68.15,66.38,66.59,2162820
2020-07-14,65.63,67.70,65.41,67.58,1382924
2020-07-15,67.83,69.80,67.82,69.60,1654620
2020-07-16,69.34,69.69,68.64,69.36,1811136
2020-07-17,69.98,70.16,68.75,70.02,1163304
2020-07-20,69.98,70.19,69.18,69.45,1667872
2020-07-21,70.79,71.47,70.13,71.02,1416580
2020-07-22,71.19,72.50,70.96,72.34,2026148
2020-07-23,71.25,77.75,70.67,75.75,4265240
2020-07-24,75.97,76.77,73.87,75.65,2924816
2020-07-27,75.66,75.95,74.20,74.57,2187720
2020-07-28,74.70,74.89,73.33,73.39,2032752
2020-07-29,74.31,76.64,73.96,76.45,2593036
2020-07-30,75.36,75.97,73.88,75.45,2280680
2020-07-31,75.41,75.54,74.25,75.47,2946412
2020-08-03,75.43,75.78,74.59,74.69,2175128
2020-08-04,74.66,76.00,74.26,75.41,2393912
2020-08-05,76.18,76.50,74.37,74.99,1639480
2020-08-06,74.93,75.88,74.50,75.76,1433160
2020-08-07,75.67,77.59,75.00,77.50,1766552
2020-08-10,77.61,79.13,77.40,79.10,2168868
2020-08-11,80.09,81.10,79.14,79.58,2674276
2020-08-12,79.80,81.09,79.80,79.97,1376976
2020-08-13,79.43,80.31,79.36,79.75,1015024
2020-08-14,79.19,80.32,78.74,79.11,1512080
2020-08-17,79.61,80.37,79.46,80.25,1440836
2020-08-18,80.25,80.54,79.56,79.69,1074828
2020-08-19,80.21,80.25,79.32,79.62,820320
2020-08-20,78.83,80.45,78.83,80.01,882676
2020-08-21,79.73,80.25,79.13,80.10,1601480
2020-08-24,80.96,81.47,80.50,81.34,1018784
2020-08-25,81.89,81.94,80.87,81.18,1173228
2020-08-26,81.00,81.92,80.54,81.49,954392
2020-08-27,81.97,82.97,81.74,82.19,1080000
2020-08-28,82.17,83.65,82.17,83.47,1382408
2020-08-31,83.31,83.68,82.70,83.31,1437112
2020-09-01,83.10,84.22,82.51,83.83,1318788
2020-09-02,84.39,85.84,83.78,85.59,1297332
2020-09-03,86.06,86.24,81.70,82.67,2136328
2020-09-04,83.07,83.52,81.37,82.78,2417148
2020-09-08,82.22,82.22,79.47,79.69,2565488
2020-09-09,80.45,82.02,79.79,81.48,1963568
2020-09-10,81.46,81.48,78.71,79.37,1856324
2020-09-11,79.55,80.96,79.30,80.24,1231200
2020-09-14,81.08,82.23,80.94,81.95,1334276
2020-09-15,82.28,82.85,81.80,82.04,1473440
2020-09-16,82.80,82.80,81.44,81.55,1555440
2020-09-17,79.41,81.86,79.25,81.25,2173616
2020-09-18,83.01,83.22,79.29,79.57,4855696
2020-09-21,78.38,79.21,76.91,79.15,1993708
2020-09-22,79.35,81.68,79.22,81.00,2409876
2020-09-23,84.99,84.99,78.33,79.18,3300344
2020-09-24,80.48,80.50,78.77,79.66,2348916
2020-09-25,78.97,82.12,78.69,81.79,1703428
2020-09-28,82.50,84.34,82.50,84.00,2186636
2020-09-29,81.94,83.79,81.94,82.57,1318664
2020-09-30,83.69,84.29,82.60,83.21,2102120
2020-10-01,85.34,86.04,83.25,85.48,2043260
2020-10-02,83.56,84.99,83.44,83.76,1835880
2020-10-05,84.57,84.94,83.73,84.10,1296788
2020-10-06,84.10,84.84,81.05,82.68,2283284
2020-10-07,83.95,84.40,83.41,83.92,1237496
2020-10-08,84.73,85.06,84.03,84.50,1414680
2020-10-09,84.89,85.65,84.28,84.88,1417664
2020-10-12,84.74,87.83,84.74,87.25,2352096
2020-10-13,87.08,88.42,86.67,88.17,1702872
2020-10-14,88.78,89.67,87.52,87.80,1727516
2020-10-15,86.69,87.53,85.90,87.09,1343512
2020-10-16,87.50,88.36,87.05,87.10,1347084
2020-10-19,87.02,87.52,85.00,85.33,1317860
2020-10-20,85.85,87.12,85.76,85.92,1290124
2020-10-21,85.43,86.27,84.62,84.67,1789104
2020-10-22,85.07,85.41,83.64,84.62,1349424
2020-10-23,84.89,84.99,83.49,84.52,1193288
2020-10-26,83.52,83.75,81.17,82.23,1323568
2020-10-27,82.67,83.00,80.75,81.00,2167180
2020-10-28,78.65,80.34,78.65,78.89,2123668
2020-10-29,78.61,80.92,77.92,79.98,1556416
2020-10-30,79.58,80.11,77.95,78.64,2308396
2020-11-02,80.41,80.87,79.02,80.09,1426308
2020-11-03,81.12,83.01,81.12,82.50,1172752
2020-11-04,86.84,87.30,84.18,84.34,2234280
2020-11-05,84.83,86.36,84.09,84.77,1628712
2020-11-06,84.64,85.55,84.17,85.23,1323888
2020-11-09,90.00,92.03,89.59,90.86,4173504
2020-11-10,88.52,91.50,87.85,89.67,2025604
2020-11-11,90.22,90.36,88.52,90.01,1493636
2020-11-12,89.05,89.78,87.02,87.42,1206336
2020-11-13,87.85,89.15,87.52,89.00,1051216
2020-11-16,89.00,92.30,89.00,92.17,1548412
2020-11-17,90.69,91.42,89.34,90.35,1456100
2020-11-18,90.51,91.56,89.82,90.12,1001300
2020-11-19,89.68,92.12,89.44,91.97,1032944
2020-11-20,91.28,91.90,90.11,90.46,1033092
2020-11-23,90.97,91.13,89.00,89.57,1316528
2020-11-24,90.56,91.19,89.62,90.49,1570220
2020-11-25,90.52,91.07,89.59,90.12,769632
2020-11-27,89.81,91.28,89.73,90.27,448664
2020-11-30,90.44,90.60,88.53,88.83,2084628
2020-12-01,89.76,90.88,89.17,89.77,1546396
2020-12-02,90.05,90.70,89.06,90.23,2159252
2020-12-03,89.76,91.37,88.58,89.92,1759144
2020-12-04,90.17,91.70,90.00,90.87,1868320
2020-12-07,90.14,91.00,88.08,88.28,1463204
2020-12-08,88.28,90.15,87.76,89.94,1438032
2020-12-09,90.28,90.72,88.04,88.51,2113532
2020-12-10,88.61,88.73,86.63,86.84,1461000
2020-12-11,86.57,87.84,86.11,87.28,1487396
2020-12-14,87.55,87.93,86.58,86.81,1357748
2020-12-15,87.10,88.64,86.38,88.23,1834380
2020-12-16,88.68,88.83,87.96,88.53,1096480
2020-12-17,88.69,88.88,87.25,88.00,1631116
2020-12-18,88.47,88.88,87.41,88.59,3817592
2020-12-21,87.68,87.87,85.06,86.53,2322220
2020-12-22,84.50,87.16,83.53,87.00,3051308
2020-12-23,88.74,88.74,84.84,84.86,2019808
2020-12-24,85.28,85.56,84.10,84.60,742308
2020-12-28,85.53,89.55,85.53,88.55,3551372
2020-12-29,89.41,89.49,85.91,86.84,1654200
2020-12-30,87.53,88.33,86.69,87.56,1214664
2020-12-31,87.63,88.50,87.22,88.36,1118084
2021-01-04,88.48,88.69,85.58,85.90,3400372
2021-01-05,85.55,87.26,84.61,87.22,2029872
2021-01-06,87.50,89.15,87.31,87.75,1658872
2021-01-07,87.97,89.31,87.26,88.77,2804660
2021-01-08,88.48,89.61,87.23,87.54,1593652
2021-01-11,87.16,87.83,84.64,84.88,1972964
2021-01-12,84.57,85.34,83.80,84.87,1556704
2021-01-13,84.78,84.92,83.56,83.95,1977940
2021-01-14,84.12,84.12,81.63,81.78,2753288
2021-01-15,80.94,82.22,80.40,81.52,2507464
2021-01-19,81.42,81.65,79.92,80.51,2281348
2021-01-20,79.86,83.34,79.86,83.05,2397256
2021-01-21,82.80,84.15,82.25,82.86,1746692
2021-01-22,82.72,82.72,81.02,81.12,1290920
2021-01-25,80.58,82.84,80.25,82.03,2286128
2021-01-26,82.56,82.62,80.66,80.79,1435140
2021-01-27,80.00,80.62,78.66,79.55,2635968
2021-01-28,79.92,82.21,79.92,81.11,1570428
2021-01-29,79.95,80.84,79.36,79.53,3231244
2021-02-01,80.16,81.57,80.00,81.37,2028164
2021-02-02,82.14,83.51,81.55,82.81,2240936
2021-02-03,82.75,83.20,82.08,82.90,1674968
2021-02-04,83.04,85.05,82.92,84.56,1644820
2021-02-05,85.06,86.42,83.99,86.25,1677788
2021-02-08,86.39,87.33,85.92,87.29,1356336
2021-02-09,86.95,87.85,86.78,87.33,1390408
2021-02-10,87.99,88.44,86.67,87.25,1716412
2021-02-11,87.44,87.57,84.83,85.27,1626708
2021-02-12,84.94,85.77,84.94,85.61,799824
2021-02-16,86.48,87.49,85.86,86.28,1445672
2021-02-17,85.90,86.42,84.61,84.78,1461440
2021-02-18,84.56,85.36,83.42,85.11,1401448
2021-02-19,85.42,86.15,84.90,85.87,1649208
2021-02-22,85.75,85.91,84.61,85.12,1365068
2021-02-23,85.13,85.56,82.71,84.18,1818892
2021-02-24,84.02,84.83,82.82,84.58,2176028
2021-02-25,84.24,84.83,81.51,82.01,1697440
2021-02-26,82.43,83.10,80.94,81.08,2248964
2021-03-01,82.33,86.97,81.25,86.22,2141488
2021-03-02,85.83,86.73,85.51,85.60,1605256
2021-03-03,85.53,86.40,84.01,84.08,2630200
2021-03-04,84.29,84.47,80.35,81.68,2538140
2021-03-05,82.60,85.36,80.88,84.84,2279644
2021-03-08,85.33,86.11,84.50,85.15,1703948
2021-03-09,86.15,87.43,85.11,86.46,2133432
2021-03-10,86.89,89.23,86.49,88.26,1819488
2021-03-11,88.88,90.86,88.00,90.01,2277068
2021-03-12,90.00,90.69,89.37,89.57,1658876
2021-03-15,89.50,89.97,87.58,87.90,2106280
2021-03-16,87.66,87.82,86.02,86.99,1706040
2021-03-17,87.05,87.37,84.12,85.81,2317972
2021-03-18,85.56,86.17,83.61,84.31,2008052
2021-03-19,84.11,84.50,83.23,83.26,2973692
2021-03-22,83.58,84.46,82.89,84.08,1487020
2021-03-23,84.13,84.79,82.84,83.25,1301396
2021-03-24,82.71,85.16,82.71,83.99,1661868
2021-03-25,83.86,84.69,82.14,84.27,1246524
2021-03-26,83.97,86.78,83.86,86.65,1441960
2021-03-29,86.06,86.51,85.08,85.30,1397980
2021-03-30,84.95,85.26,83.65,84.33,1033652
2021-03-31,84.67,86.13,84.47,85.33,1787040
2021-04-01,86.10,87.76,85.69,87.08,1608516
2021-04-05,87.50,88.88,87.45,88.51,1456692
2021-04-06,87.90,88.58,87.00,87.22,1356792
2021-04-07,86.70,87.67,86.33,87.58,1132728
2021-04-08,87.72,88.19,86.23,86.43,1750808
2021-04-09,86.60,88.33,86.37,88.12,1670944
2021-04-12,88.27,89.28,87.70,88.79,1098212
2021-04-13,88.35,88.98,87.80,88.87,993204
2021-04-14,88.89,89.17,87.17,87.52,1305564
2021-04-15,88.36,88.54,87.56,87.97,1120836
2021-04-16,88.30,88.62,87.35,87.63,1554340
2021-04-19,87.22,87.28,85.46,85.94,1411748
2021-04-20,86.23,86.50,84.80,85.42,1251512
2021-04-21,86.14,87.17,85.74,86.91,1880112
2021-04-22,86.51,88.25,86.13,87.14,1081192
2021-04-23,87.58,88.91,87.49,88.43,1006072
2021-04-26,88.52,88.91,87.22,87.34,1020712
2021-04-27,87.19,88.06,86.74,87.54,1492068
2021-04-28,87.72,87.88,86.06,86.30,880512
2021-04-29,86.59,88.19,86.56,87.77,888360
2021-04-30,87.13,87.23,85.53,86.28,1599712
2021-05-03,87.16,88.14,86.85,87.66,1524028
2021-05-04,87.40,88.03,87.22,87.69,1555116
2021-05-05,88.25,88.71,86.75,87.15,1678092
2021-05-06,87.76,87.76,86.78,87.56,1065696
2021-05-07,87.56,90.73,87.56,90.17,2268400
2021-05-10,90.02,91.10,89.64,90.19,2308320
2021-05-11,89.16,89.40,87.93,88.67,1538084
2021-05-12,87.37,87.84,85.75,85.94,1859236
2021-05-13,86.08,88.65,86.08,88.30,1456904
2021-05-14,88.81,90.02,88.36,89.52,1273260
2021-05-17,88.47,89.50,87.23,88.01,1151620
2021-05-18,87.64,88.32,86.83,87.00,2349024
2021-05-19,85.88,86.65,84.50,85.62,1905728
2021-05-20,85.68,87.71,85.04,87.36,1587244
2021-05-21,87.91,88.52,86.90,87.11,1264736
2021-05-24,87.91,89.11,87.55,88.64,1521412
2021-05-25,88.65,89.50,88.63,88.88,1321720
2021-05-26,88.95,89.24,88.08,88.55,1247772
2021-05-27,88.92,89.45,88.12,88.54,2645120
2021-05-28,88.90,89.21,88.31,88.39,1382844
2021-06-01,89.08,89.87,87.99,88.25,1459396
2021-06-02,88.15,88.67,87.97,88.07,1325940
2021-06-03,87.26,88.00,86.72,87.72,1336256
2021-06-04,88.18,88.52,87.45,88.05,1443224
2021-06-07,88.00,88.29,86.33,86.70,1549460
2021-06-08,86.99,87.19,86.40,86.86,1319168
2021-06-09,87.11,87.21,86.67,86.97,976564
2021-06-10,87.08,87.89,86.71,87.78,1402812
2021-06-11,87.92,88.32,87.83,88.21,944624
2021-06-14,87.93,88.31,87.55,88.31,1095864
2021-06-15,88.61,89.71,88.51,89.45,1373900
2021-06-16,89.75,90.00,88.64,89.21,1425660
2021-06-17,88.91,91.10,88.91,90.42,1774784
2021-06-18,89.41,90.53,88.06,88.72,3110024
2021-06-21,89.34,90.84,88.90,90.70,1370352
2021-06-22,91.26,93.74,90.75,93.62,2494980
2021-06-23,93.20,94.62,92.73,93.94,2598200
2021-06-24,93.85,94.50,93.38,94.45,1675324
2021-06-25,94.44,94.89,93.80,94.56,2013912
2021-06-28,94.80,95.43,94.38,94.90,1540140
2021-06-29,94.71,95.94,94.71,95.63,1219940
2021-06-30,95.79,95.93,95.36,95.50,1462544
2021-07-01,95.67,95.97,95.03,95.23,1449560
2021-07-02,95.47,96.17,95.23,95.88,2150748
2021-07-06,96.00,96.16,94.47,95.69,1823944
2021-07-07,95.84,97.54,95.68,97.40,1204464
2021-07-08,96.30,97.56,96.17,96.70,1518008
2021-07-09,97.42,97.42,95.95,97.08,1010532
2021-07-12,96.83,98.06,96.82,98.02,986288
2021-07-13,98.02,98.02,95.08,95.25,4658356
2021-07-14,95.40,95.64,94.21,94.74,4199620
2021-07-15,93.75,94.58,91.26,92.29,4606352
2021-07-16,93.28,96.97,93.28,96.56,3083080
2021-07-19,95.75,96.80,93.83,94.64,3202760
2021-07-20,94.76,97.77,94.61,97.30,2069652
2021-07-21,97.43,98.11,97.03,98.04,1283284
2021-07-22,98.14,98.14,97.31,97.77,1072304
2021-07-23,98.00,98.96,97.58,98.83,1381352
2021-07-26,98.42,98.94,96.63,97.20,1716892
2021-07-27,95.99,98.12,95.73,97.22,1347832
2021-07-28,97.75,98.36,97.29,97.59,1210196
2021-07-29,98.42,99.09,97.70,98.28,1731504
2021-07-30,97.91,98.71,97.76,98.55,1772308
2021-08-02,98.17,99.06,97.16,97.34,1390564
2021-08-03,97.63,97.84,96.55,97.61,3218624
2021-08-04,97.37,97.82,96.60,96.95,1652252
2021-08-05,97.12,98.06,96.52,98.00,1773520
2021-08-06,98.13,98.47,97.44,97.83,1308404
2021-08-09,97.81,98.24,97.42,98.11,1179936
2021-08-10,98.15,98.48,97.50,97.71,996668
2021-08-11,98.02,98.02,96.52,97.53,1321252
2021-08-12,97.00,97.28,96.14,97.16,1080240
2021-08-13,97.06,97.53,96.39,97.35,753856
2021-08-16,97.17,98.69,96.88,98.36,2724964
2021-08-17,97.90,98.66,97.22,98.55,1087328
2021-08-18,98.25,98.67,96.99,97.06,1451252
2021-08-19,96.69,98.33,96.49,97.84,1784040
2021-08-20,98.19,98.75,97.26,97.95,1726332
2021-08-23,98.19,98.72,97.66,97.98,945888
2021-08-24,98.17,98.31,97.48,97.72,855328
2021-08-25,97.59,98.22,97.36,98.04,912764
2021-08-26,98.03,98.03,97.28,97.52,660760
2021-08-27,97.72,98.75,97.03,97.92,827812
2021-08-30,97.86,98.83,97.43,98.38,992776
2021-08-31,98.59,99.09,97.86,98.94,1420396
2021-09-01,99.21,99.67,98.49,99.03,895488
2021-09-02,99.64,99.79,98.37,99.09,1222168
2021-09-03,98.84,99.52,98.67,99.13,1338520
2021-09-07,98.56,99.00,97.76,97.86,1003520
2021-09-08,97.84,99.61,97.56,99.58,890220
2021-09-09,99.79,100.37,99.39,100.02,1194036
2021-09-10,100.42,102.31,100.22,100.93,1732204
2021-09-13,101.87,102.45,101.00,101.63,2989980
2021-09-14,102.28,102.28,98.88,99.03,2690232
2021-09-15,99.08,100.00,98.75,99.69,1814352
2021-09-16,99.69,100.09,98.89,99.89,1085832
2021-09-17,99.65,99.96,97.95,98.22,4992012
2021-09-20,97.30,98.52,96.82,98.40,2108948
2021-09-21,98.68,99.27,97.89,98.33,1366832
2021-09-22,99.26,99.59,97.90,99.05,1182364
2021-09-23,99.22,100.71,98.93,100.44,964728
2021-09-24,99.58,100.61,99.45,100.37,982588
2021-09-27,99.84,100.95,98.64,98.85,1577868
2021-09-28,98.22,98.46,96.28,96.52,1918092
2021-09-29,98.34,99.81,96.22,97.31,1904064
2021-09-30,97.64,97.72,95.11,95.17,1872704
2021-10-01,95.72,97.19,94.33,96.83,1709568
2021-10-04,97.50,97.62,95.58,96.53,2492604
2021-10-05,96.66,98.71,96.53,97.96,1489972
2021-10-06,97.19,99.08,96.60,98.98,1287868
2021-10-07,99.66,100.92,99.43,100.20,1373956
2021-10-08,100.50,101.10,99.85,100.70,1271076
2021-10-11,100.74,102.03,100.58,100.59,1072384
2021-10-12,100.64,101.48,100.49,101.00,1396216
2021-10-13,101.41,102.32,100.68,101.33,1269356
2021-10-14,102.50,104.21,101.95,104.11,1376588
2021-10-15,104.50,104.92,103.70,104.01,1374172
2021-10-18,103.69,105.35,103.38,105.27,1058040
2021-10-19,105.67,105.97,104.91,105.97,727160
2021-10-20,106.23,106.74,105.70,105.92,1055268
2021-10-21,105.94,106.61,105.43,106.16,1171768
2021-10-22,106.60,107.23,106.52,106.71,1070036
2021-10-25,106.60,107.52,106.20,107.15,1161604
2021-10-26,107.55,108.20,107.04,107.62,1330992
2021-10-27,107.82,107.82,105.67,105.73,806704
2021-10-28,105.88,106.64,105.20,106.52,883092
2021-10-29,106.28,109.08,106.11,108.28,1482076
2021-11-01,108.64,109.02,107.39,107.68,869984
2021-11-02,108.36,108.96,107.15,108.83,1097736
2021-11-03,108.83,109.62,107.61,109.48,1203624
2021-11-04,109.38,110.98,109.05,110.15,1131972
2021-11-05,111.01,112.25,110.38,110.49,1165400
2021-11-08,110.97,111.42,108.07,109.22,1408048
2021-11-09,109.28,109.68,108.50,109.24,1003636
2021-11-10,108.87,109.63,108.11,108.48,1515472
2021-11-11,108.86,109.20,108.21,108.50,998296
2021-11-12,108.93,109.95,108.18,109.65,874716
2021-11-15,109.82,110.38,108.98,109.73,682372
2021-11-16,109.60,110.91,109.10,110.84,967036
2021-11-17,110.84,111.27,109.85,111.14,708724
2021-11-18,111.36,111.75,110.37,110.69,999620
2021-11-19,111.47,112.30,110.55,111.51,1326704
2021-11-22,111.65,113.19,110.88,110.92,1295492
2021-11-23,111.17,111.53,109.35,109.79,1246500
2021-11-24,109.52,110.60,108.54,110.39,1280268
2021-11-26,109.03,110.05,106.47,107.07,1354000
2021-11-29,108.45,109.40,107.17,108.68,1350268
2021-11-30,108.68,109.54,105.12,105.55,3877472
2021-12-01,107.11,108.62,104.29,104.41,1725628
2021-12-02,104.61,108.70,104.41,108.04,3072508
2021-12-03,108.24,110.14,105.11,106.82,2494228
2021-12-06,108.58,109.56,107.77,108.83,1783020
2021-12-07,110.19,112.43,109.63,111.50,2109024
2021-12-08,111.50,113.12,111.47,112.75,1574624
2021-12-09,112.75,112.98,111.88,112.28,1209440
2021-12-10,112.97,114.80,112.66,114.61,1810736
2021-12-13,114.50,115.36,113.53,114.36,2166120
2021-12-14,113.29,115.22,110.41,112.15,2087340
2021-12-15,112.42,114.62,112.40,114.43,2061100
2021-12-16,115.19,115.19,112.96,113.70,2080652
2021-12-17,113.47,113.73,109.32,109.63,3678388
2021-12-20,107.90,108.25,106.19,107.48,3312416
2021-12-21,108.01,109.61,107.59,109.20,2707524
2021-12-22,107.50,107.50,105.30,107.22,2951812
2021-12-23,107.95,110.61,107.94,108.75,2487244
2021-12-27,109.56,110.68,108.52,110.52,1287168
2021-12-28,110.75,111.26,110.41,111.03,1093588
2021-12-29,111.19,111.80,110.72,111.23,836336
2021-12-30,111.31,111.94,109.69,109.89,1003888
2021-12-31,109.46,111.27,109.46,110.79,1278784
2022-01-03,110.58,110.67,105.75,106.02,2569856
2022-01-04,106.53,106.94,105.75,106.28,2774048
2022-01-05,106.00,106.47,101.39,101.50,2980988
2022-01-06,101.49,102.45,100.28,100.75,2905960
2022-01-07,100.62,100.62,99.35,99.36,2430220
2022-01-10,98.65,99.94,97.68,99.81,3103136
2022-01-11,99.79,101.47,98.09,101.28,2096456
2022-01-12,102.33,102.50,101.23,101.55,2118436
2022-01-13,101.69,102.05,101.02,101.19,2821596
2022-01-14,100.12,100.66,98.69,99.36,1707624
2022-01-18,97.91,98.61,97.35,97.77,2628996
2022-01-19,98.15,98.87,96.86,96.96,2254244
2022-01-20,98.06,98.27,94.80,95.08,2146700
2022-01-21,95.23,96.48,94.80,94.88,3220108
2022-01-24,93.74,96.72,92.92,96.58,3718444
2022-01-25,94.58,96.59,94.31,95.31,2951256
2022-01-26,95.88,98.09,94.24,95.33,3700640
2022-01-27,96.27,96.99,94.13,94.43,2407744
2022-01-28,94.17,96.62,93.21,96.58,2047484
2022-01-31,96.22,98.03,96.00,97.88,2883772
2022-02-01,97.65,98.33,95.62,96.83,2679792
2022-02-02,97.07,98.10,97.01,97.86,1739800
2022-02-03,97.50,98.30,96.09,96.27,1856536
2022-02-04,95.75,96.65,95.06,95.45,1823684
2022-02-07,95.66,96.38,94.81,94.97,1679256
2022-02-08,95.25,96.53,94.25,95.89,1015020
2022-02-09,97.35,98.17,97.26,97.89,1279800
2022-02-10,96.11,97.02,94.78,95.41,2078500
2022-02-11,95.81,95.95,93.67,93.88,1563240
2022-02-14,94.00,94.35,92.10,92.62,1651960
2022-02-15,93.83,94.64,93.34,94.44,1754436
2022-02-16,94.33,94.92,93.11,94.64,1812844
2022-02-17,94.09,94.39,92.50,92.66,2598088
2022-02-18,92.52,93.62,92.24,92.89,2808984
2022-02-22,93.14,93.97,91.97,92.50,2354868
2022-02-23,92.94,93.96,90.87,90.98,2333220
2022-02-24,89.50,93.68,89.15,93.50,2962716
2022-02-25,93.61,94.60,92.18,94.33,1722632
2022-02-28,93.20,94.13,92.35,93.83,1717836
2022-03-01,93.66,93.94,92.19,93.04,1745432
2022-03-02,93.28,95.84,93.07,95.25,2033356
2022-03-03,95.70,96.13,94.38,94.60,1554240
2022-03-04,94.52,95.42,93.88,94.74,1280976
2022-03-07,94.64,95.03,92.61,92.75,1929572
2022-03-08,92.23,93.69,91.10,91.88,3335340
2022-03-09,93.95,94.10,92.68,93.54,1842608
2022-03-10,92.14,92.72,90.84,92.44,1949740
2022-03-11,93.62,93.88,92.22,92.33,1487620
2022-03-14,94.74,94.74,92.82,93.75,1446676
2022-03-15,94.72,95.86,94.23,95.53,1458792
2022-03-16,96.11,97.53,95.12,97.28,1496392
2022-03-17,97.23,98.75,96.28,98.75,1214064
2022-03-18,98.76,100.66,98.03,100.09,2633900
2022-03-21,99.47,100.08,96.64,97.83,4003916
2022-03-22,98.47,98.93,97.79,98.25,2745608
2022-03-23,98.61,101.15,97.88,100.33,2786952
2022-03-24,101.24,102.60,99.70,102.60,2978216
2022-03-25,103.25,103.44,101.72,103.33,2333804
2022-03-28,103.00,105.84,102.94,105.81,2581792
2022-03-29,106.50,108.41,105.80,107.88,2710828
2022-03-30,108.58,108.79,107.59,108.00,1491336
2022-03-31,108.33,108.86,106.12,106.35,2049860
2022-04-01,106.40,107.12,105.33,105.97,1846176
2022-04-04,106.02,107.90,105.83,107.31,1645620
2022-04-05,106.71,109.16,106.71,107.85,1981612
2022-04-06,107.27,108.01,106.47,107.79,1563444
2022-04-07,107.53,108.95,106.91,108.56,1436272
2022-04-08,108.47,108.70,107.07,107.28,1335692
2022-04-11,106.82,107.11,104.34,104.50,1916272
2022-04-12,105.34,106.31,103.51,103.94,1606044
2022-04-13,104.50,105.50,104.25,104.84,1658388
2022-04-14,105.39,105.87,103.22,103.42,1383332
2022-04-18,102.93,104.38,102.62,103.30,1211488
2022-04-19,103.07,105.22,103.07,104.74,1491200
2022-04-20,105.27,105.95,105.03,105.36,1314860
2022-04-21,105.67,106.54,104.60,104.72,1556932
2022-04-22,104.66,106.53,101.81,102.00,1692384
2022-04-25,102.03,102.58,99.93,102.49,2235552
2022-04-26,101.80,102.22,99.90,99.90,1566172
2022-04-27,99.99,101.85,99.55,100.25,2414940
2022-04-28,101.28,103.14,100.44,102.67,2318968
2022-04-29,101.67,102.28,99.03,99.31,2439360
2022-05-02,99.55,100.20,96.50,97.86,2922112
2022-05-03,98.03,98.41,97.18,97.58,1937288
2022-05-04,97.61,100.68,96.76,100.26,1803088
2022-05-05,99.12,99.67,96.03,96.69,1835060
2022-05-06,96.25,96.47,94.34,95.98,1798832
2022-05-09,94.82,95.41,93.34,93.56,2171104
2022-05-10,95.58,95.64,92.97,94.56,2180964
2022-05-11,93.87,95.33,92.64,92.73,2103504
2022-05-12,92.50,93.27,90.55,91.79,2467192
2022-05-13,92.61,94.65,91.16,93.99,1718992
2022-05-16,93.58,94.64,92.73,94.43,1637064
2022-05-17,95.75,95.91,94.50,95.33,1791460
2022-05-18,94.24,94.36,89.18,89.56,2626304
2022-05-19,88.91,90.72,88.00,89.70,2506612
2022-05-20,90.48,90.99,88.84,90.91,1821820
2022-05-23,91.36,92.82,91.01,92.57,1250128
2022-05-24,92.42,93.25,91.65,92.73,1866728
2022-05-25,92.03,93.23,91.56,91.91,2655988
2022-05-26,93.11,96.46,92.69,95.86,1993336
2022-05-27,96.29,99.38,96.29,99.23,2185556
2022-05-31,98.39,100.04,97.50,99.58,4401420
2022-06-01,99.69,99.91,97.61,97.70,2336596
2022-06-02,97.84,99.61,97.33,99.56,1907340
2022-06-03,98.65,99.30,98.13,99.02,2010948
2022-06-06,99.92,100.40,99.15,99.36,1481572
2022-06-07,98.80,101.38,98.58,100.90,1426880
2022-06-08,100.39,101.08,98.80,99.84,1798472
2022-06-09,99.02,99.94,97.73,97.73,1515052
2022-06-10,96.08,96.37,93.67,93.69,1778500
2022-06-13,91.80,92.11,88.97,89.46,2680180
2022-06-14,89.80,89.94,87.27,88.11,2742152
2022-06-15,89.77,90.12,87.06,88.71,3137076
2022-06-16,87.95,87.95,85.97,87.22,2901368
2022-06-17,87.12,88.58,86.58,86.84,4245624
2022-06-21,87.70,89.95,87.65,89.61,2569088
2022-06-22,89.00,90.56,87.98,89.81,1742960
2022-06-23,90.54,91.94,89.64,91.63,2039684
2022-06-24,92.18,94.89,92.18,94.80,3197060
2022-06-27,94.89,95.79,93.90,94.98,1248108
2022-06-28,95.23,96.00,92.63,92.87,1198496
2022-06-29,93.41,93.56,92.19,93.11,984272
2022-06-30,91.95,93.93,91.89,93.38,1473064
2022-07-01,93.38,94.59,92.89,94.18,1723656
2022-07-05,93.39,93.98,90.90,93.84,1875636
2022-07-06,94.71,95.64,93.78,95.03,1405544
2022-07-07,94.44,95.60,94.44,95.22,1608020
2022-07-08,95.08,95.57,94.30,95.27,1728476
2022-07-11,95.16,95.97,94.95,95.19,1845768
2022-07-12,95.02,96.44,93.89,94.36,1876620
2022-07-13,93.19,95.11,91.41,94.39,1883064
2022-07-14,97.64,97.64,93.38,96.78,2525596
2022-07-15,97.98,98.33,96.44,97.07,3144228
2022-07-18,97.52,97.53,94.50,94.73,2393884
2022-07-19,95.68,96.88,95.17,96.67,2764916
2022-07-20,97.28,98.40,96.47,98.02,1617832
2022-07-21,98.32,100.00,98.06,100.00,1883960
2022-07-22,100.46,100.75,98.57,99.18,1144420
2022-07-25,99.50,99.50,98.39,99.17,852304
2022-07-26,99.10,99.62,98.45,99.46,1434244
2022-07-27,99.97,102.84,99.66,102.31,1888520
2022-07-28,102.66,105.25,101.85,105.00,1776036
2022-07-29,105.00,106.65,104.54,106.37,1921232
2022-08-01,105.71,106.18,105.14,105.98,1134888
2022-08-02,105.91,106.46,104.53,105.69,1385928
2022-08-03,105.89,107.02,105.63,106.52,1219576
2022-08-04,106.62,107.29,106.05,106.80,2014628
2022-08-05,105.99,106.47,105.24,105.90,1177120
2022-08-08,106.58,106.83,105.70,106.40,1741056
2022-08-09,106.70,106.71,105.89,106.18,1524524
2022-08-10,108.22,108.48,107.12,107.94,1357532
2022-08-11,108.31,108.75,106.97,107.41,826200
2022-08-12,108.03,108.76,107.39,108.56,1028196
2022-08-15,107.81,109.92,107.81,109.76,1111608
2022-08-16,109.23,109.83,108.70,109.45,1300232
2022-08-17,108.46,109.91,108.44,109.78,1179256
2022-08-18,109.78,110.44,109.50,110.11,1117960
2022-08-19,109.75,110.23,108.74,109.13,1076372
2022-08-22,108.15,108.54,107.44,107.57,1124052
2022-08-23,107.00,107.62,106.67,107.00,1159956
2022-08-24,107.02,107.61,106.60,107.28,997236
2022-08-25,108.35,108.38,107.18,108.33,960368
2022-08-26,108.46,108.62,104.86,105.00,2014124
2022-08-29,104.20,104.96,103.59,104.00,1170488
2022-08-30,104.39,104.52,101.62,102.42,1304316
2022-08-31,103.27,103.29,101.39,101.71,1793032
2022-09-01,101.06,101.89,100.50,101.89,1167820
2022-09-02,102.40,103.09,100.77,101.45,2032528
2022-09-06,101.72,103.56,101.72,103.41,1919056
2022-09-07,103.78,107.28,103.78,107.05,1958196
2022-09-08,106.89,107.97,106.50,107.35,1285316
2022-09-09,107.44,108.81,107.22,107.84,1594268
2022-09-12,108.17,108.41,106.26,107.23,2017980
2022-09-13,105.08,105.81,101.74,102.16,2427440
2022-09-14,102.50,102.50,99.81,100.72,2366868
2022-09-15,101.06,101.22,99.22,99.64,1849348
2022-09-16,98.83,101.38,97.98,101.08,3721580
2022-09-19,100.65,102.04,100.06,101.96,1352040
2022-09-20,101.02,101.96,100.48,101.50,1539040
2022-09-21,102.32,102.70,99.90,99.96,1844756
2022-09-22,99.45,99.58,97.13,97.19,1721008
2022-09-23,97.19,97.56,96.26,97.47,1681328
2022-09-26,97.09,98.26,96.66,96.79,1578556
2022-09-27,97.68,98.23,95.65,95.88,1769980
2022-09-28,98.86,99.77,95.25,98.64,2893524
2022-09-29,97.56,98.26,96.64,97.39,2595636
2022-09-30,97.67,98.72,96.38,97.05,2230376
2022-10-03,98.17,100.60,97.69,100.21,1896024
2022-10-04,101.40,103.33,101.40,102.75,2437132
2022-10-05,102.29,103.82,101.53,102.98,2344604
2022-10-06,102.86,103.51,102.25,102.65,1382072
2022-10-07,101.25,102.45,99.23,99.60,2049988
2022-10-10,99.94,100.55,99.07,99.43,1201824
2022-10-11,99.11,99.35,97.57,98.38,1732260
2022-10-12,98.75,99.32,96.80,96.87,1583244
2022-10-13,94.73,98.75,92.73,98.20,2745680
2022-10-14,99.38,99.69,94.90,95.34,1711328
2022-10-17,97.23,99.53,97.23,98.51,1691884
2022-10-18,100.74,101.10,99.09,100.52,1717792
2022-10-19,98.94,100.32,98.76,100.06,1157500
2022-10-20,100.22,100.74,97.64,98.17,1598704
2022-10-21,97.81,100.31,97.37,99.98,1545604
2022-10-24,101.15,101.99,99.89,101.58,1331032
2022-10-25,101.53,102.73,101.23,102.60,1362772
2022-10-26,102.89,104.14,102.16,102.97,1776860
2022-10-27,103.24,104.36,102.84,103.66,1416792
2022-10-28,104.06,107.00,103.72,106.91,1354452
2022-10-31,106.04,107.25,105.87,106.89,1832204
2022-11-01,107.22,107.48,106.03,107.07,1466164
2022-11-02,106.85,108.37,103.92,103.95,1627044
2022-11-03,102.93,104.72,102.55,102.73,1742740
2022-11-04,103.75,103.97,101.41,102.66,2229968
2022-11-07,103.94,105.01,102.80,104.97,2813348
2022-11-08,105.78,108.88,105.31,107.75,1677416
2022-11-09,106.75,107.67,104.94,105.01,1594312
2022-11-10,109.84,111.46,108.89,111.13,2388292
2022-11-11,111.03,112.63,110.11,110.97,1823832
2022-11-14,110.62,112.92,110.38,110.97,1834956
2022-11-15,112.97,113.10,110.53,111.20,1350408
2022-11-16,111.48,112.53,111.04,111.43,1105452
2022-11-17,110.25,111.35,109.53,110.82,1287720
2022-11-18,112.17,112.79,111.26,112.34,1060376
2022-11-21,112.85,113.61,112.11,112.42,960256
2022-11-22,112.52,114.36,112.50,113.83,1440808
2022-11-23,114.22,114.42,113.09,113.85,1074244
2022-11-25,114.43,114.73,113.72,114.07,453132
2022-11-28,114.38,114.60,113.00,113.58,1022112
2022-11-29,113.00,113.32,111.56,112.67,1095196
2022-11-30,112.67,115.93,111.89,115.44,3275024
2022-12-01,115.81,115.81,114.23,115.61,1483468
2022-12-02,114.25,115.90,113.69,115.63,1143868
2022-12-05,114.56,114.94,113.68,114.85,1020616
2022-12-06,114.16,114.59,112.39,113.16,1181096
2022-12-07,113.18,114.02,112.69,113.32,1745828
2022-12-08,113.32,114.55,113.00,113.78,1458484
2022-12-09,113.64,114.25,113.02,113.36,947332
2022-12-12,113.80,114.65,113.10,114.36,1409820
2022-12-13,116.87,117.56,114.47,115.61,2089000
2022-12-14,115.69,116.92,113.74,114.82,1145300
2022-12-15,113.37,114.52,110.70,111.13,2366352
2022-12-16,109.89,111.69,109.89,111.32,3419852
2022-12-19,111.09,112.06,110.30,110.88,1343728
2022-12-20,110.64,111.52,110.19,110.98,1742852
2022-12-21,113.34,116.17,111.92,116.10,2119472
2022-12-22,115.09,115.18,111.62,113.12,1756928
2022-12-23,112.76,114.37,112.00,114.31,820364
2022-12-27,114.78,115.51,113.98,114.76,1270320
2022-12-28,115.21,116.16,112.74,112.76,1062948
2022-12-29,113.56,114.83,113.38,114.24,1009940
2022-12-30,113.37,113.86,111.47,112.91,1250536
2023-01-03,113.48,113.73,111.50,112.25,1226216
2023-01-04,113.24,113.57,110.19,110.96,1393420
2023-01-05,109.68,110.14,107.87,108.38,1853312
2023-01-06,108.75,111.38,108.65,110.48,1719844
2023-01-09,110.61,112.00,109.76,110.33,1529288
2023-01-10,109.92,111.27,109.58,111.24,1127860
2023-01-11,111.90,113.55,111.53,113.49,1767932
2023-01-12,112.94,113.26,110.38,111.56,1647044
2023-01-13,111.47,112.32,110.86,112.23,1840468
2023-01-17,111.94,113.37,111.08,111.22,1567792
2023-01-18,112.06,112.78,109.46,109.55,1751764
2023-01-19,109.17,109.81,106.83,106.90,1399556
2023-01-20,106.28,109.43,105.77,109.14,1577616
2023-01-23,109.19,110.37,108.59,109.44,1262952
2023-01-24,109.61,110.16,107.92,110.06,1098300
2023-01-25,108.74,109.28,107.74,109.22,935400
2023-01-26,109.57,110.29,108.93,110.27,1026804
2023-01-27,109.69,110.22,108.97,109.32,898744
2023-01-30,109.22,110.30,108.70,109.01,1296000
2023-01-31,109.41,110.99,109.21,110.94,1752456
2023-02-01,110.81,112.26,108.71,111.59,1714000
2023-02-02,111.11,111.86,110.11,111.20,1655324
2023-02-03,110.46,111.06,108.52,110.61,1594172
2023-02-06,109.92,110.69,109.16,109.73,1201432
2023-02-07,109.62,111.16,107.89,110.77,1276756
2023-02-08,110.50,110.55,109.40,109.93,1253172
2023-02-09,110.50,111.25,109.12,109.52,1552252
2023-02-10,109.45,111.15,109.05,110.72,1284580
2023-02-13,110.92,112.12,110.76,112.00,1095456
2023-02-14,111.38,111.62,109.12,110.77,1396780
2023-02-15,110.30,111.39,109.60,111.16,821948
2023-02-16,109.77,111.30,109.50,110.34,1217616
2023-02-17,110.52,111.36,110.06,111.03,1373240
2023-02-21,110.50,110.62,108.44,108.93,1550340
2023-02-22,109.13,110.21,109.01,109.39,1125220
2023-02-23,109.80,109.97,108.28,109.29,847540
2023-02-24,107.96,109.06,107.34,108.76,1021640
2023-02-27,109.72,110.05,108.67,109.13,1085800
2023-02-28,108.77,110.21,108.61,109.62,1940468
2023-03-01,108.98,109.55,106.81,107.28,1272344
2023-03-02,107.08,109.48,106.72,108.82,1063140
2023-03-03,109.21,110.99,108.81,110.46,1387552
2023-03-06,110.30,111.46,110.23,111.15,999932
2023-03-07,111.34,111.50,108.57,109.01,1091692
2023-03-08,109.33,110.10,108.75,109.80,829616
2023-03-09,110.45,110.89,108.47,108.57,1191896
2023-03-10,108.38,109.19,106.72,107.08,1242380
2023-03-13,106.42,109.00,106.25,107.72,1358604
2023-03-14,108.33,110.75,108.03,110.44,1530756
2023-03-15,109.44,109.87,106.70,108.08,1647712
2023-03-16,107.65,109.50,106.96,108.90,1381512
2023-03-17,108.90,109.92,107.28,108.18,2310036
2023-03-20,108.69,110.56,108.62,110.45,1293996
2023-03-21,111.12,111.42,109.67,110.78,1197896
2023-03-22,110.53,111.27,108.88,109.01,1766084
2023-03-23,108.51,109.75,107.25,108.29,1369944
2023-03-24,108.18,109.43,107.17,109.09,1128508
2023-03-27,109.41,110.43,109.28,110.17,1065072
2023-03-28,109.14,111.49,109.14,110.91,1914708
2023-03-29,114.39,116.96,114.19,116.29,3032248
2023-03-30,116.79,117.25,115.61,116.91,1788208
2023-03-31,115.84,116.47,115.10,115.67,2310256
2023-04-03,114.93,115.38,113.98,115.22,1444192
2023-04-04,115.08,115.50,113.14,113.73,1270020
2023-04-05,113.25,114.36,112.61,112.94,1326920
2023-04-06,112.88,113.24,112.39,112.93,955420
2023-04-10,112.34,112.54,111.77,112.50,1155996
2023-04-11,113.26,113.76,112.35,112.56,1338504
2023-04-12,113.06,114.25,112.92,113.48,1077800
2023-04-13,113.82,115.10,113.17,114.94,1518512
2023-04-14,114.52,115.28,113.90,114.65,1211208
2023-04-17,115.36,115.66,114.38,115.50,1257112
2023-04-18,116.43,116.88,114.69,114.97,1489612
2023-04-19,114.55,114.94,113.53,113.58,1115188
2023-04-20,112.91,115.19,112.88,114.72,1159980
2023-04-21,114.55,115.28,114.38,114.97,938336
2023-04-24,115.16,115.40,114.22,114.49,1456796
2023-04-25,113.82,113.82,111.53,111.75,1542768
2023-04-26,110.63,110.86,109.65,109.91,1525660
2023-04-27,110.72,113.00,110.00,112.70,1340416
2023-04-28,112.94,114.57,112.94,113.94,1119272
2023-05-01,113.67,115.66,113.67,115.58,1251688
2023-05-02,115.53,115.66,113.67,114.72,1410760
2023-05-03,115.13,115.96,114.41,114.50,1086960
2023-05-04,114.84,115.86,114.14,114.48,1229088
2023-05-05,115.14,116.97,114.75,116.59,1229140
2023-05-08,116.31,116.66,114.90,115.06,1302880
2023-05-09,114.71,115.91,114.14,115.39,1594224
2023-05-10,116.21,118.34,115.72,118.26,1554468
2023-05-11,118.43,118.81,117.57,118.56,1603864
2023-05-12,118.78,119.60,117.98,118.59,1020776
2023-05-15,118.58,118.58,116.92,117.27,912528
2023-05-16,116.86,117.41,115.00,116.49,1145396
2023-05-17,117.12,117.44,115.72,116.33,1048076
2023-05-18,116.04,118.17,115.58,118.05,1346812
2023-05-19,118.57,119.20,117.20,117.62,1108796
2023-05-22,118.28,119.07,117.39,117.91,1147480
2023-05-23,117.56,117.56,115.07,115.14,1048108
2023-05-24,114.78,116.18,114.50,115.57,1073632
2023-05-25,115.24,116.36,114.58,116.05,1348144
2023-05-26,116.00,117.66,115.57,117.18,1054656
2023-05-30,117.58,118.54,116.83,117.90,946836
2023-05-31,117.80,118.38,116.40,118.03,3281944
2023-06-01,118.38,119.42,117.39,119.00,1702664
2023-06-02,119.21,120.52,118.56,120.39,1812980
2023-06-05,120.69,121.41,120.29,121.06,1032304
2023-06-06,120.95,121.57,120.14,121.15,1339308
2023-06-07,121.22,121.53,118.92,119.27,1742456
2023-06-08,118.87,120.94,118.75,120.79,1102840
2023-06-09,120.28,120.67,119.39,120.11,1253816
2023-06-12,120.11,121.37,119.89,121.13,1264980
2023-06-13,121.40,121.43,120.38,120.82,1244748
2023-06-14,120.95,121.85,120.67,121.52,1081248
2023-06-15,121.50,123.57,121.24,123.09,1160332
2023-06-16,124.42,124.42,122.39,122.84,2503888
2023-06-20,122.06,122.28,120.83,121.11,1592588
2023-06-21,120.72,122.54,120.23,121.62,1885540
2023-06-22,121.78,122.00,121.15,121.82,964568
2023-06-23,120.62,121.29,119.57,120.65,2160984
2023-06-26,120.40,122.08,120.17,121.34,1117752
2023-06-27,121.59,122.92,121.59,122.80,1150804
2023-06-28,122.72,122.73,121.84,122.33,1220124
2023-06-29,122.29,122.51,121.64,122.51,1088764
2023-06-30,123.50,124.49,123.49,124.27,1837904
2023-07-03,122.74,123.38,120.00,121.86,1081456
2023-07-05,121.42,122.01,120.17,121.69,1654232
2023-07-06,120.71,121.86,120.10,121.69,1534748
2023-07-07,121.46,121.51,119.97,120.06,1800400
2023-07-10,120.60,123.45,120.25,122.37,2855808
2023-07-11,122.46,123.61,122.46,123.19,2041832
2023-07-12,123.86,124.14,122.84,123.26,1801992
2023-07-13,122.40,124.69,121.36,123.62,2868448
2023-07-14,123.55,124.58,123.08,124.09,1881360
2023-07-17,124.19,126.25,123.22,125.92,1734348
2023-07-18,125.87,126.55,125.32,125.93,1802388
2023-07-19,125.40,126.09,124.39,126.02,2288528
2023-07-20,126.50,127.45,125.82,126.77,1921924
2023-07-21,127.75,128.58,126.77,126.86,7308956
2023-07-24,126.22,127.85,126.09,127.64,1869252
2023-07-25,127.47,129.31,127.01,129.11,2386476
2023-07-26,128.75,129.68,128.26,129.13,1249464
2023-07-27,129.06,129.49,126.05,126.14,2134104
2023-07-28,127.38,127.38,125.23,125.66,1769332
2023-07-31,125.98,126.03,125.05,125.51,1769200
2023-08-01,125.66,126.45,125.00,125.94,1486856
2023-08-02,124.49,125.50,124.34,124.89,1539340
2023-08-03,124.44,125.05,123.96,124.23,1098664
2023-08-04,124.66,124.66,122.40,122.52,1239060
2023-08-07,123.25,124.25,122.89,123.60,1158460
2023-08-08,123.20,123.62,121.67,122.68,1269464
2023-08-09,122.66,123.70,122.66,123.04,1151568
2023-08-10,123.21,124.30,122.29,122.54,914404
2023-08-11,122.50,122.96,122.11,122.50,1090164
2023-08-14,122.30,123.51,122.00,123.36,1122968
2023-08-15,122.58,122.97,122.00,122.17,979128
2023-08-16,122.45,124.27,122.30,122.57,1392872
2023-08-17,122.43,123.09,120.89,120.98,1482408
2023-08-18,120.88,121.84,120.37,121.36,2611968
2023-08-21,121.40,121.98,120.61,121.50,994792
2023-08-22,121.35,121.80,121.03,121.40,805424
2023-08-23,122.15,122.94,121.56,122.81,1091792
2023-08-24,122.98,123.99,121.86,121.97,1008284
2023-08-25,122.40,124.30,122.25,124.00,1149200
2023-08-28,124.16,125.11,123.93,124.77,1257208
2023-08-29,124.50,125.75,124.33,125.58,1054428
2023-08-30,125.77,126.81,125.77,126.50,1532272
2023-08-31,126.13,126.94,126.00,126.04,1406536
2023-09-01,127.14,127.14,125.81,126.31,694180
2023-09-05,125.83,126.15,124.14,124.19,953736
2023-09-06,123.88,124.78,123.56,123.93,894528
2023-09-07,123.98,124.86,123.45,124.38,1376680
2023-09-08,124.71,124.93,123.56,123.78,981824
2023-09-11,123.70,124.56,123.67,124.46,1423276
2023-09-12,125.79,128.03,125.00,127.95,1827148
2023-09-13,127.88,128.79,126.94,128.70,1375508
2023-09-14,129.51,131.14,129.47,130.84,1841448
2023-09-15,131.09,131.19,128.67,128.77,3367560
2023-09-18,128.61,129.37,128.41,128.68,1055800
2023-09-19,128.53,129.04,127.89,128.81,1089636
2023-09-20,129.38,130.57,128.56,128.63,895560
2023-09-21,128.22,128.24,126.09,126.11,1465372
2023-09-22,126.23,127.50,126.05,126.19,1565620
2023-09-25,125.72,126.44,125.50,126.38,1270872
2023-09-26,124.96,125.98,119.64,119.72,3437360
2023-09-27,120.48,121.19,118.69,120.27,2873976
2023-09-28,120.30,122.24,120.04,120.97,2260108
2023-09-29,121.35,122.13,120.08,120.25,1999220
2023-10-02,120.20,121.42,119.69,121.22,1997164
2023-10-03,120.47,121.60,119.72,120.22,1946264
2023-10-04,120.57,121.67,119.98,120.98,1385864
2023-10-05,121.00,121.12,119.86,120.46,1206684
2023-10-06,120.01,123.84,120.00,123.31,2452472
2023-10-09,122.88,125.61,122.60,125.56,1535896
2023-10-10,125.66,127.41,124.75,126.66,1993040
2023-10-11,126.78,128.37,126.78,128.13,1414784
2023-10-12,129.79,131.34,127.81,128.75,2039132
2023-10-13,129.40,129.70,127.74,128.16,1048664
2023-10-16,129.46,130.24,128.74,129.17,1135096
2023-10-17,129.17,129.17,127.80,128.57,1308448
2023-10-18,128.55,128.62,126.89,127.05,1002456
2023-10-19,127.20,127.54,125.19,125.70,1248680
2023-10-20,125.78,125.96,124.29,124.55,1626216
2023-10-23,124.72,125.91,124.72,124.87,1092704
2023-10-24,125.28,126.64,124.83,126.45,1540748
2023-10-25,125.96,127.04,125.18,125.38,1548320
2023-10-26,125.26,126.59,124.62,124.66,1645944
2023-10-27,124.86,124.98,123.65,124.10,1858524
2023-10-30,125.00,126.26,124.07,125.70,1211124
2023-10-31,125.74,127.21,125.62,126.78,1397812
2023-11-01,127.18,127.97,126.16,127.25,1310096
2023-11-02,127.38,128.56,126.74,127.77,1912052
2023-11-03,128.50,130.24,128.39,129.61,1174660
2023-11-06,130.15,130.23,128.92,129.68,1110428
2023-11-07,129.96,132.06,129.15,131.56,2436168
2023-11-08,131.89,132.24,131.01,131.80,1155160
2023-11-09,132.16,132.67,131.24,131.58,967532
2023-11-10,132.44,133.52,131.37,133.37,1243812
2023-11-13,133.22,134.40,132.65,134.07,952724
2023-11-14,135.96,137.06,135.06,136.63,1563680
2023-11-15,137.23,137.89,136.59,136.81,2107304
2023-11-16,137.37,139.27,136.68,138.36,1971228
2023-11-17,139.00,139.22,136.86,136.99,1377076
2023-11-20,137.00,138.24,136.50,137.71,1174624
2023-11-21,137.89,138.76,137.67,138.31,1052812
2023-11-22,139.00,139.75,138.44,138.71,825588
2023-11-24,137.74,139.01,136.88,138.72,456516
2023-11-27,138.87,139.61,138.60,138.69,863728
2023-11-28,138.72,139.99,138.18,138.59,1108812
2023-11-29,139.02,139.02,137.04,137.27,1202020
2023-11-30,137.64,138.47,136.88,138.31,1699964
2023-12-01,138.31,139.76,138.28,139.56,1115496
2023-12-04,138.26,139.45,137.91,138.76,1214312
2023-12-05,137.88,138.49,136.95,137.77,1140720
2023-12-06,138.74,139.21,137.06,137.73,1070296
2023-12-07,138.23,138.88,136.87,138.44,2513644
2023-12-08,137.37,138.52,137.15,138.33,1315160
2023-12-11,139.12,140.83,138.71,139.90,1636360
2023-12-12,140.50,141.15,139.18,141.13,1345496
2023-12-13,141.89,144.15,141.14,143.72,1554388
2023-12-14,144.12,144.12,140.52,140.85,2452884
2023-12-15,140.56,141.72,139.40,139.68,4521684
2023-12-18,141.50,141.50,140.09,140.16,1489472
2023-12-19,140.34,141.00,139.85,140.07,1445232
2023-12-20,139.85,140.78,138.39,138.41,2087964
2023-12-21,144.25,147.81,142.18,147.49,2683084
2023-12-22,148.04,149.44,147.62,148.81,1873108
2023-12-26,149.24,150.95,148.95,150.61,1287956
2023-12-27,150.47,151.95,150.47,151.55,1065548
2023-12-28,151.01,151.80,150.26,150.27,1175392
2023-12-29,150.06,151.12,149.91,150.66,1136252
2024-01-02,150.22,150.89,147.01,147.98,1556052
2024-01-03,147.91,148.30,144.89,145.07,1530868
2024-01-04,144.88,146.85,144.88,145.59,1291588
2024-01-05,145.59,146.12,143.64,144.31,1160840
2024-01-08,144.51,146.18,143.98,146.03,1703396
2024-01-09,144.64,146.16,144.13,146.13,855744
2024-01-10,146.02,146.87,145.41,146.75,938128
2024-01-11,147.04,147.23,145.91,147.06,1117192
2024-01-12,147.77,148.34,146.94,148.25,914524
2024-01-16,147.79,148.33,146.51,147.14,1218076
2024-01-17,146.48,147.43,146.29,147.22,1122568
2024-01-18,147.22,148.47,146.63,148.16,1082356
2024-01-19,148.56,150.15,147.90,149.76,1259952
2024-01-22,150.81,151.00,150.05,150.38,967372
2024-01-23,151.14,151.78,149.88,150.92,864148
2024-01-24,151.26,151.59,149.28,149.49,1372372
2024-01-25,149.72,150.43,148.75,149.63,1080320
2024-01-26,150.34,150.34,148.75,149.45,685720
2024-01-29,148.87,151.15,148.87,150.50,1270280
2024-01-30,149.70,152.27,149.70,152.20,1209376
2024-01-31,152.25,152.92,150.48,151.14,2575552
2024-02-01,151.69,154.60,150.96,154.38,1486436
2024-02-02,154.08,155.66,152.99,154.82,1349056
2024-02-05,154.22,154.27,152.78,153.91,1423660
2024-02-06,154.50,154.98,153.62,154.47,1342348
2024-02-07,155.53,156.54,155.15,155.41,1089532
2024-02-08,155.12,155.49,153.99,154.29,1715980
2024-02-09,154.73,155.09,153.52,154.56,1123448
2024-02-12,154.25,154.31,152.98,153.42,1157312
2024-02-13,152.75,152.96,150.70,151.49,1777164
2024-02-14,151.62,153.30,150.94,153.17,1427204
2024-02-15,154.02,155.48,153.37,155.25,1214044
2024-02-16,155.22,155.44,153.19,153.66,1358720
2024-02-20,153.67,154.79,152.77,153.66,1694140
2024-02-21,154.31,154.78,153.44,154.66,1236036
2024-02-22,155.68,157.15,155.68,156.78,1359120
2024-02-23,156.99,158.57,156.99,158.28,711976
2024-02-26,158.05,159.09,157.82,158.49,1778100
2024-02-27,157.89,157.89,156.63,157.04,1094752
2024-02-28,157.37,158.09,156.94,157.68,846360
2024-02-29,158.25,158.25,156.81,157.15,1613404
2024-03-01,155.04,157.66,154.98,157.09,1186400
2024-03-04,157.37,157.96,156.86,157.31,893060
2024-03-05,156.78,157.17,155.29,156.35,1320800
2024-03-06,156.78,157.66,156.00,156.45,1309104
2024-03-07,157.56,158.01,156.81,157.09,1022412
2024-03-08,156.91,157.50,155.93,156.34,1213380
2024-03-11,156.85,156.94,154.16,156.11,812616
2024-03-12,155.60,156.99,155.22,156.68,1039916
2024-03-13,156.57,156.57,154.82,155.82,1886088
2024-03-14,156.55,157.83,155.51,157.43,1297996
2024-03-15,157.15,157.55,155.85,156.84,2752916
2024-03-18,157.80,158.32,156.11,156.24,1423656
2024-03-19,156.52,157.06,155.89,156.92,1426432
2024-03-20,156.82,159.12,156.82,158.75,1088096
2024-03-21,159.59,161.24,159.11,160.54,1207764
2024-03-22,161.12,161.12,159.19,159.85,1202196
2024-03-25,159.94,161.12,158.82,158.91,1248080
2024-03-26,158.93,159.79,158.10,158.35,1331344
2024-03-27,164.63,176.21,164.63,171.41,4429032
2024-03-28,172.07,172.32,170.10,171.76,2289752
2024-04-01,171.41,171.64,168.92,170.13,1866480
2024-04-02,169.98,170.41,168.88,168.94,2093392
2024-04-03,169.50,170.21,168.41,169.71,1615684
2024-04-04,171.94,172.37,165.82,166.13,1552864
2024-04-05,167.02,168.74,166.52,168.42,1395852
2024-04-08,168.42,169.82,167.50,169.35,1445900
2024-04-09,169.40,170.53,168.03,169.43,1076340
2024-04-10,167.07,168.47,166.75,167.74,1128872
2024-04-11,167.96,168.81,166.77,167.78,1238028
2024-04-12,166.43,167.69,166.43,167.10,1297200
2024-04-15,169.67,169.69,165.51,166.18,1848604
2024-04-16,167.25,167.49,166.13,166.64,1361172
2024-04-17,167.97,169.06,166.22,167.13,1183060
2024-04-18,166.99,167.94,165.43,165.61,848672
2024-04-19,166.50,167.30,164.75,165.32,1560220
2024-04-22,166.67,167.42,165.85,166.25,1606532
2024-04-23,166.57,167.38,166.29,166.58,2171312
2024-04-24,165.93,166.72,165.19,166.03,3008240
2024-04-25,166.22,166.93,164.62,166.31,1159140
2024-04-26,165.28,167.25,165.28,166.56,1096656
2024-04-29,165.84,166.72,165.41,166.46,1077800
2024-04-30,166.68,167.81,164.17,164.59,1674200
2024-05-01,164.17,167.62,164.17,165.90,1234828
2024-05-02,165.96,166.15,162.16,165.57,1559304
2024-05-03,167.18,168.96,166.44,168.51,1682860
2024-05-06,169.24,171.61,169.24,171.43,1800448
2024-05-07,172.90,174.02,172.28,173.19,1590428
2024-05-08,173.28,173.60,172.23,172.63,1196612
2024-05-09,172.63,174.32,172.63,174.06,1146460
2024-05-10,174.62,175.67,174.34,175.07,879452
2024-05-13,175.75,175.76,172.48,172.53,1083492
2024-05-14,172.26,172.71,171.12,171.93,1456420
2024-05-15,172.45,173.57,172.45,173.10,1165820
2024-05-16,173.13,173.69,172.50,172.84,1011548
2024-05-17,172.59,173.06,171.22,173.03,1206212
2024-05-20,173.00,174.51,172.07,174.37,776120
2024-05-21,174.88,174.99,173.16,174.99,1105456
2024-05-22,174.87,175.69,174.10,175.45,747808
2024-05-23,176.05,176.44,173.29,174.02,2042564
2024-05-24,173.32,174.07,170.28,170.70,1996720
2024-05-28,170.01,170.46,166.77,167.58,1808296
2024-05-29,166.40,166.79,164.93,165.88,1709748
2024-05-30,165.81,167.36,165.06,167.31,2023452
2024-05-31,167.26,169.80,166.37,169.49,2588664
2024-06-03,170.30,170.44,167.71,168.64,1708892
2024-06-04,168.11,171.49,168.11,170.62,1559732
2024-06-05,170.62,172.29,169.89,171.46,1196988
2024-06-06,170.60,171.50,169.89,170.54,916092
2024-06-07,170.42,171.67,170.13,170.54,834684
2024-06-10,169.46,171.35,169.46,171.04,1163608
2024-06-11,170.95,171.77,169.96,171.74,913816
2024-06-12,172.25,173.63,171.47,173.12,1038568
2024-06-13,172.34,173.33,170.93,172.99,992776
2024-06-14,171.26,174.04,171.26,173.92,864708
2024-06-17,173.75,177.01,172.67,176.86,1575272
2024-06-18,176.79,178.42,176.14,177.75,1828268
2024-06-20,177.64,178.17,176.03,176.63,1486540
2024-06-21,177.26,177.76,175.97,177.13,2529412
2024-06-24,177.25,178.26,176.62,177.75,1671016
2024-06-25,179.12,180.00,176.87,178.73,1173964
2024-06-26,177.71,178.14,175.75,176.87,1664100
2024-06-27,177.09,178.06,176.40,177.91,1470812
2024-06-28,178.00,178.68,173.57,175.06,10214168
2024-07-01,176.07,177.34,173.20,173.53,1559964
2024-07-02,172.94,176.17,172.20,176.09,1426792
2024-07-03,175.81,176.15,175.04,175.67,828064
2024-07-05,175.72,178.23,174.44,177.93,1351048
2024-07-08,178.21,178.66,176.60,177.76,1547252
2024-07-09,178.58,178.64,177.62,177.82,811196
2024-07-10,177.87,179.05,177.33,178.94,1098688
2024-07-11,179.46,180.91,178.68,178.97,1412772
2024-07-12,180.29,181.50,179.86,180.44,1069404
2024-07-15,180.35,181.05,178.42,178.71,1380696
2024-07-16,178.88,181.76,178.88,181.36,1544856
2024-07-17,180.97,181.62,179.87,179.94,2183360
2024-07-18,192.43,193.44,185.42,189.74,3636988
2024-07-19,189.69,192.18,188.71,189.64,2181220
2024-07-22,191.41,193.01,189.92,193.01,1649704
2024-07-23,193.14,193.25,188.14,189.01,2449368
2024-07-24,189.96,191.88,187.89,188.51,2342068
2024-07-25,189.27,191.00,188.32,188.71,1287496
2024-07-26,189.93,191.32,188.85,190.35,1065720
2024-07-29,190.76,192.09,190.01,191.22,931724
2024-07-30,191.97,192.97,190.44,191.54,1701028
2024-07-31,192.81,193.49,190.31,190.99,2177736
2024-08-01,190.22,191.83,188.51,190.48,1816856
2024-08-02,189.06,190.35,186.06,189.19,1940644
2024-08-05,191.24,191.24,183.92,184.96,2306496
2024-08-06,185.06,188.54,185.06,186.35,1543652
2024-08-07,187.64,189.38,184.84,185.05,1202984
2024-08-08,185.40,188.37,185.05,187.61,1417420
2024-08-09,186.87,188.99,185.97,188.91,826804
2024-08-12,187.92,189.93,187.49,189.91,1286780
2024-08-13,190.68,191.75,188.17,189.78,1458712
2024-08-14,189.29,191.53,189.29,190.79,998516
2024-08-15,191.55,193.19,191.03,191.94,1239824
2024-08-16,192.07,192.07,190.23,191.22,1070588
2024-08-19,191.22,193.33,191.22,193.25,1875996
2024-08-20,193.00,194.38,191.87,193.66,1576064
2024-08-21,194.74,195.99,194.18,195.74,1418320
2024-08-22,195.84,197.46,194.52,196.16,1538476
2024-08-23,196.51,197.91,196.07,197.12,1028976
2024-08-26,197.62,198.71,196.86,198.41,952800
2024-08-27,198.75,199.96,198.48,199.90,1187280
2024-08-28,201.12,201.48,198.32,199.45,1408460
2024-08-29,200.47,202.00,199.35,199.81,1126260
2024-08-30,200.05,201.75,198.85,201.28,1583912
2024-09-03,201.28,203.00,198.82,199.85,1341836
2024-09-04,200.00,201.44,199.23,201.19,1051848
2024-09-05,200.10,200.10,196.84,199.73,1568416
2024-09-06,199.38,200.08,194.72,195.47,1502932
2024-09-09,196.42,201.77,196.42,201.18,2057432
2024-09-10,201.75,204.50,201.28,204.10,1100428
2024-09-11,203.47,205.24,198.84,204.96,1446948
2024-09-12,205.50,207.49,201.92,206.02,1340598
2024-09-13,205.92,209.12,205.34,207.77,1030142
2024-09-16,208.05,208.69,204.29,204.95,1116367
2024-09-17,205.53,206.86,203.37,203.77,1194895
2024-09-18,203.95,204.78,201.04,201.38,1333986
2024-09-19,204.97,205.38,202.30,203.74,1243835
2024-09-20,203.79,204.70,202.65,204.16,3160626
2024-09-23,204.45,204.78,203.05,203.99,1239358
2024-09-24,203.99,205.63,202.46,204.85,1689413
2024-09-25,208.10,209.59,204.16,207.21,1944068
2024-09-26,208.82,211.57,206.48,207.01,2056542
2024-09-27,207.67,208.00,202.29,202.35,2332491
2024-09-30,203.48,206.18,203.30,205.88,1819872
2024-10-01,205.19,205.48,202.18,203.86,1518701
2024-10-02,203.24,205.50,202.38,205.30,1114376
2024-10-03,204.39,204.91,203.14,204.55,1390005
2024-10-04,205.74,206.12,202.84,204.91,1747411
2024-10-07,203.00,206.01,202.80,204.47,1261591
2024-10-08,206.00,207.33,205.46,207.02,1050969
2024-10-09,207.00,209.31,206.51,209.14,977008
2024-10-10,208.61,209.27,205.61,206.13,1015326
2024-10-11,207.40,208.05,206.19,208.05,1347619
2024-10-14,208.52,212.22,208.25,211.50,944793
2024-10-15,212.25,213.05,210.03,210.70,1318357
2024-10-16,210.82,213.40,210.82,212.93,1141127
2024-10-17,214.77,215.37,212.77,213.82,1157246
2024-10-18,213.91,214.20,212.83,214.02,1248001
2024-10-21,212.90,213.55,210.86,211.55,824529
2024-10-22,210.07,212.76,209.67,211.54,1054041
2024-10-23,209.16,211.47,209.16,209.71,839225
2024-10-24,210.13,210.77,208.36,209.13,898199
2024-10-25,210.14,210.95,207.20,207.41,1241806
2024-10-28,208.54,209.49,207.77,208.59,960931
2024-10-29,208.18,209.84,206.98,209.14,1286193
2024-10-30,209.06,209.33,207.38,207.85,885602
2024-10-31,207.46,208.00,205.65,205.81,1166233
2024-11-01,205.95,207.11,204.88,205.62,1099834
2024-11-04,205.24,207.70,205.01,207.56,926737
2024-11-05,207.70,210.21,207.14,208.99,1065087
2024-11-06,215.33,217.51,213.24,217.02,2157539
2024-11-07,217.00,219.87,216.72,219.52,1380405
2024-11-08,221.65,227.24,220.20,225.72,1648330
2024-11-11,225.72,227.35,223.80,224.11,1185311
2024-11-12,224.11,225.44,223.59,224.73,900372
2024-11-13,224.25,225.61,223.25,223.62,1049147
2024-11-14,223.00,223.07,216.68,217.05,1542872
2024-11-15,216.10,216.64,213.89,215.20,1792986
2024-11-18,215.32,218.29,214.66,216.20,1610541
2024-11-19,215.33,218.58,214.50,217.97,1231507
2024-11-20,217.17,218.77,216.21,218.75,1016232
2024-11-21,219.23,221.83,218.12,221.49,1060945
2024-11-22,221.50,222.77,220.88,221.76,1414450
2024-11-25,222.69,224.05,221.50,223.90,2751977
2024-11-26,225.29,228.12,225.12,226.47,1369662
2024-11-27,228.08,228.08,222.74,224.05,1261266
2024-11-29,224.80,226.61,224.33,225.79,981446
2024-12-02,225.42,225.79,221.75,222.64,1965318
2024-12-03,223.66,225.26,220.30,222.65,1391688
2024-12-04,221.86,224.24,221.86,223.60,1495123
2024-12-05,223.37,224.53,221.64,223.22,1015241
2024-12-06,223.57,225.03,223.41,223.71,1329064
2024-12-09,220.15,221.29,206.34,208.30,4021397
2024-12-10,209.16,210.81,206.86,210.14,1982410
2024-12-11,210.14,212.49,209.79,210.97,1518992
2024-12-12,210.67,211.75,209.34,211.59,1466522
2024-12-13,210.75,211.98,209.40,211.22,1370666
2024-12-16,211.40,213.89,211.12,211.80,3075311
2024-12-17,210.00,212.41,208.03,208.38,3241438
2024-12-18,207.97,210.31,204.31,204.39,3568500
2024-12-19,192.66,193.69,182.21,182.79,6209806
2024-12-20,181.59,187.74,181.15,186.94,6170253
2024-12-23,187.13,188.28,185.34,187.12,2663202
2024-12-24,187.15,188.39,186.66,188.35,908655
2024-12-26,186.95,187.89,184.97,185.13,1526660
2024-12-27,183.32,185.19,182.14,183.37,1572727
2024-12-30,182.56,184.55,180.78,183.68,1867274
2024-12-31,183.88,184.15,181.92,182.70,2041043
2025-01-02,183.59,184.07,180.98,182.09,1754371
2025-01-03,182.76,186.46,182.76,185.85,2105637
2025-01-06,185.65,187.03,184.08,185.10,2589566
2025-01-07,187.52,192.89,186.47,188.72,3618460
2025-01-08,189.34,193.11,188.33,192.65,3206403
2025-01-10,191.50,194.24,189.19,189.30,2331026
2025-01-13,188.60,191.18,187.67,190.60,1587843
2025-01-14,190.04,192.36,189.37,192.28,1585371
2025-01-15,194.86,196.05,194.00,195.70,1466838
2025-01-16,196.40,199.24,196.25,198.05,1417892
2025-01-17,201.31,201.31,197.55,198.31,1673347
2025-01-21,198.96,202.32,198.96,201.23,2237797
2025-01-22,201.23,201.45,198.95,199.02,1578125
2025-01-23,198.53,198.78,196.94,197.80,1114217
2025-01-24,197.06,198.42,197.01,197.39,874024
2025-01-27,195.50,202.94,195.22,202.56,2637912
2025-01-28,202.75,203.12,200.36,200.43,1471178
2025-01-29,201.45,201.72,198.42,198.56,836269
2025-01-30,199.42,202.32,199.42,202.18,883858
2025-01-31,201.13,202.54,200.06,200.57,1321576
2025-02-03,202.42,203.00,198.59,202.21,1789100
2025-02-04,201.01,202.39,199.66,200.61,1452077
2025-02-05,201.30,202.17,198.96,201.60,2009292
2025-02-06,202.12,204.54,201.16,204.29,1343958
2025-02-07,205.00,205.63,201.84,202.06,2114635
2025-02-10,203.55,205.19,201.87,203.97,1530464
2025-02-11,204.29,205.67,202.41,205.40,1093615
2025-02-12,203.31,205.54,202.13,204.61,1309096
2025-02-13,205.18,206.84,204.92,205.99,1272975
2025-02-14,206.00,207.22,204.20,204.22,1062603
2025-02-18,202.72,204.01,201.62,203.74,1388110
2025-02-19,204.36,208.66,204.21,208.14,2326370
2025-02-20,206.90,207.22,204.63,205.93,1340292
2025-02-21,205.93,206.33,203.62,204.43,2302597
2025-02-24,204.62,206.47,203.20,203.35,1613660
2025-02-25,202.24,207.49,202.24,205.82,2205974
2025-02-26,203.39,207.52,202.57,204.31,1519566
2025-02-27,204.93,206.87,203.29,203.37,1688784
2025-02-28,204.52,207.67,204.41,207.50,1839518
2025-03-03,206.86,210.16,206.28,207.43,1685275
2025-03-04,208.30,209.72,204.35,204.56,1661992
2025-03-05,202.30,206.65,202.26,205.29,1281754
2025-03-06,203.80,203.80,198.45,200.60,1947931
2025-03-07,199.84,203.69,198.34,203.06,1805054
2025-03-10,201.88,205.65,199.72,200.61,1823966
2025-03-11,201.45,201.57,195.71,196.56,1887604
2025-03-12,197.09,197.66,191.87,192.21,2339470
2025-03-13,191.86,192.19,189.37,190.58,1609728
2025-03-14,190.25,193.46,189.52,192.84,1509848
2025-03-17,191.94,195.52,191.18,195.17,1532188
2025-03-18,194.00,194.97,192.38,193.41,1656579
2025-03-19,193.36,196.82,193.08,196.37,1470805
2025-03-20,194.91,196.50,192.82,194.46,1583196
2025-03-21,192.13,192.40,189.91,191.17,2574800
2025-03-24,191.92,194.81,191.28,194.57,2049895
2025-03-25,194.43,195.05,192.14,193.46,2092415
2025-03-26,204.54,212.70,204.01,204.71,3688493
2025-03-27,202.59,207.87,202.59,206.25,2324758
2025-03-28,206.48,206.48,202.53,203.22,1685080
2025-03-31,203.85,206.74,202.55,205.53,2595703
2025-04-01,205.55,208.20,204.28,207.87,1637965
2025-04-02,206.19,209.21,205.83,208.67,1613671
2025-04-03,202.83,209.40,201.60,204.85,2244348
2025-04-04,204.57,204.57,190.14,190.33,3969734
2025-04-07,187.62,196.38,184.61,190.54,5369356
2025-04-08,194.38,195.72,188.40,190.11,3735056
2025-04-09,188.36,205.18,187.43,203.99,4053904
2025-04-10,204.21,205.31,197.76,202.73,2869502
2025-04-11,203.23,207.72,200.13,206.04,2116153
2025-04-14,206.72,210.58,206.07,209.62,2183278
2025-04-15,210.13,211.91,207.67,208.20,1843902
2025-04-16,207.34,208.39,202.94,204.72,1967671
2025-04-17,205.97,207.51,204.59,205.76,1712169
2025-04-21,204.49,204.60,197.31,200.41,1405339
2025-04-22,202.46,206.57,201.67,205.84,1565065
2025-04-23,207.22,210.35,206.06,207.69,1786522
2025-04-24,207.28,210.33,205.11,209.75,1507105
2025-04-25,209.43,209.91,206.32,208.40,1172851
2025-04-28,208.23,209.00,205.78,208.28,1716181
2025-04-29,207.15,209.54,206.73,209.26,1380396
2025-04-30,208.37,212.00,205.59,211.68,2053655
2025-05-01,210.33,210.88,206.78,209.55,1439760
2025-05-02,211.30,214.18,209.99,211.55,1373143
2025-05-05,211.00,212.54,210.10,211.82,1069170
2025-05-06,210.75,213.66,209.86,213.31,1351427
2025-05-07,213.33,216.20,212.98,215.11,1970000
2025-05-08,216.25,218.20,214.82,214.96,1542063
2025-05-09,215.17,215.48,214.00,214.74,965225
2025-05-12,218.01,218.01,212.67,216.99,1913414
2025-05-13,217.40,218.26,215.22,215.33,1395035
2025-05-14,214.36,214.89,212.84,214.19,1330297
2025-05-15,214.37,218.71,214.25,218.49,1376758
2025-05-16,218.49,220.93,217.26,220.85,1431482
2025-05-19,220.85,223.30,220.00,223.03,1137237
2025-05-20,219.17,223.01,218.90,222.87,1400360
2025-05-21,221.17,222.77,220.65,221.05,1298007
2025-05-22,220.39,222.93,219.90,221.66,1210405
2025-05-23,220.00,223.06,219.01,222.29,1296336
2025-05-27,224.43,226.16,223.34,225.88,1603878
2025-05-28,226.01,226.87,224.89,225.08,994865
2025-05-29,225.09,225.94,223.21,224.75,974193
2025-05-30,225.48,227.79,224.43,226.50,2393746
2025-06-02,225.00,226.72,223.65,226.69,1135169
2025-06-03,226.48,227.76,225.04,227.58,1390968
2025-06-04,228.25,228.66,226.82,227.37,1302916
2025-06-05,227.57,228.12,226.12,226.90,1286201
2025-06-06,228.78,229.24,226.99,227.66,1010279
2025-06-09,226.94,227.17,222.67,224.60,1154904
2025-06-10,224.16,224.38,221.03,222.22,2099871
2025-06-11,221.94,222.64,219.82,221.72,1520878
2025-06-12,221.53,223.61,220.97,223.57,1467200
2025-06-13,221.99,224.78,221.45,221.98,1253128
2025-06-16,223.53,224.84,222.13,222.47,699531
2025-06-17,222.10,222.63,220.30,221.32,1451115
2025-06-18,221.32,222.31,219.77,220.42,1841059
2025-06-20,221.62,221.82,217.80,218.65,2667493
2025-06-23,220.02,220.94,218.31,220.90,1238499
2025-06-24,222.02,223.26,219.55,223.20,1467713
2025-06-25,222.68,222.68,218.09,219.24,1280275
2025-06-26,220.06,220.53,218.28,220.44,1106955
2025-06-27,220.92,222.85,219.79,220.75,1565530
2025-06-30,220.84,223.50,220.41,222.87,1378789
2025-07-01,224.30,225.01,222.79,224.31,1282352
2025-07-02,222.69,223.19,214.86,215.66,2717116
2025-07-03,215.86,219.89,215.48,219.36,942340
2025-07-07,219.34,220.28,216.87,217.54,1385528
2025-07-08,216.87,217.97,215.04,215.29,1454195
2025-07-09,215.44,216.75,214.13,216.64,1066448
2025-07-10,216.21,217.65,214.87,216.56,1002313
2025-07-11,216.55,216.55,214.69,215.44,1035342
2025-07-14,215.59,217.92,215.04,216.90,923487
2025-07-15,216.47,216.47,213.06,213.24,1219783
2025-07-16,213.53,214.07,211.42,214.02,1619510
2025-07-17,211.47,222.34,209.50,221.92,3454404
2025-07-18,224.08,225.62,221.29,221.94,2528223
2025-07-21,221.23,223.18,220.50,221.32,1523620
2025-07-22,221.28,223.55,219.44,219.68,1318867
2025-07-23,219.68,221.28,218.10,221.20,1355387
2025-07-24,221.63,224.59,220.17,222.88,1453180
2025-07-25,222.82,224.43,222.25,223.56,1074819
2025-07-28,222.13,222.46,220.09,220.38,984886
2025-07-29,221.56,223.10,220.11,222.68,1101325
2025-07-30,222.87,224.34,221.67,223.13,1539774
2025-07-31,223.40,225.87,221.46,222.55,1456385
2025-08-01,222.61,222.61,219.03,221.50,1304414
2025-08-04,220.92,225.44,220.65,225.09,1431851
2025-08-05,225.08,225.49,222.40,222.86,1343632
2025-08-06,223.50,224.53,221.72,224.28,1336034
2025-08-07,225.96,225.98,222.97,223.40,1069476
2025-08-08,223.43,226.75,223.41,226.27,1739751
2025-08-11,225.92,226.67,223.38,223.88,1108313
2025-08-12,223.90,224.26,221.80,223.31,1468244
2025-08-13,223.65,225.43,222.98,225.10,1118644
2025-08-14,225.21,225.85,221.28,221.36,1057347
2025-08-15,221.28,221.36,216.17,216.55,1398802
2025-08-18,216.62,216.62,214.11,214.28,1762363
2025-08-19,214.30,217.01,214.01,216.43,1994269
2025-08-20,217.79,219.87,216.32,216.73,1915528
2025-08-21,216.73,217.52,215.00,216.11,922028
2025-08-22,217.12,218.70,215.05,215.59,1449077
2025-08-25,214.83,215.30,210.80,211.86,3863129
2025-08-26,211.80,213.55,211.35,212.99,3073094
2025-08-27,212.59,213.72,211.24,213.20,2115406
2025-08-28,213.13,213.37,206.54,208.32,2326400
2025-08-29,208.76,210.22,207.67,210.03,1768788
2025-09-02,207.54,208.70,205.08,205.51,2451638
2025-09-03,204.59,205.71,203.50,205.61,2298853
2025-09-04,206.08,207.07,205.15,206.84,1369548
2025-09-05,207.06,207.68,203.25,204.50,1413775
2025-09-08,204.36,204.59,201.19,202.78,2668536
2025-09-09,201.76,202.74,200.05,202.07,1889768
2025-09-10,201.18,203.36,199.96,201.40,2003683
2025-09-11,201.40,205.07,201.12,204.50,1977856
2025-09-12,204.42,205.23,201.80,202.37,1371359
2025-09-15,202.37,202.99,199.43,199.71,1698123
2025-09-16,198.95,200.18,198.01,199.29,1983856
2025-09-17,199.76,202.90,199.57,199.98,2054147
2025-09-18,199.93,201.10,199.40,199.51,1914838
2025-09-19,200.34,200.67,198.85,200.13,4117926
2025-09-22,199.91,203.32,199.56,202.59,2784871
2025-09-23,201.56,202.48,199.49,200.59,2992251
2025-09-24,197.03,202.30,192.50,200.04,3362544
2025-09-25,200.12,203.59,199.29,202.05,2066221
2025-09-26,202.75,204.73,201.53,204.24,1792368
2025-09-29,205.70,205.70,203.04,203.91,1809365
2025-09-30,202.60,205.93,201.75,205.26,1822738
2025-10-01,204.07,204.74,202.50,203.64,1288527
2025-10-02,201.99,203.47,201.44,202.91,1713322
2025-10-03,202.88,203.56,201.78,202.61,1566859
2025-10-06,202.45,202.71,198.36,199.04,1565154
2025-10-07,199.04,199.69,197.01,199.17,1826478
2025-10-08,199.39,199.39,197.55,198.81,1507728
2025-10-09,198.40,198.86,191.37,191.75,2600735
2025-10-10,191.21,192.06,187.29,187.96,3428216
2025-10-13,187.47,189.44,186.94,187.94,2094800
2025-10-14,186.97,189.47,185.52,188.23,2702481
2025-10-15,188.33,189.57,186.97,187.45,1506775
2025-10-16,187.98,187.98,183.95,184.36,1593886
2025-10-17,184.93,189.40,184.88,188.10,2511652
2025-10-20,188.26,193.81,188.19,192.33,3569281
2025-10-21,192.29,197.62,191.59,196.49,3360187
2025-10-22,196.56,197.00,193.30,193.54,1322597
2025-10-23,194.00,195.73,192.19,192.34,1842323
2025-10-24,192.76,192.95,190.57,190.83,1309149
2025-10-27,190.61,191.25,188.22,188.68,2021944
2025-10-28,188.11,190.61,187.16,189.89,1812753
2025-10-29,186.85,187.59,182.65,183.90,2327511
2025-10-30,184.21,186.86,183.40,183.98,1975740
2025-10-31,183.98,184.80,182.70,183.27,2362687
2025-11-03,183.00,183.22,180.39,182.04,2437235
2025-11-04,184.13,184.36,181.13,184.11,1771202
2025-11-05,182.72,186.44,182.72,185.81,2179939
2025-11-06,185.69,186.81,184.07,184.89,2945779
2025-11-07,186.10,186.76,184.19,185.07,2526782
2025-11-10,183.56,185.55,182.44,185.25,2700924
2025-11-11,185.64,187.24,184.84,185.76,1642626
2025-11-12,185.58,186.52,184.73,185.28,1865312
2025-11-13,185.28,189.69,184.78,187.91,2323846
2025-11-14,188.22,189.04,186.09,186.72,3416974
2025-11-17,186.02,186.87,183.31,183.76,2429937
2025-11-18,184.39,185.83,182.85,183.91,1840068
2025-11-19,183.52,184.40,180.88,183.47,2532581
2025-11-20,184.46,184.51,182.00,183.20,4148417
2025-11-21,183.62,186.95,183.51,185.80,1997181
2025-11-24,184.20,184.69,181.40,182.16,4125628
2025-11-25,182.14,184.44,181.79,183.67,2282800
2025-11-26,183.12,185.68,182.85,184.60,1779887
2025-11-28,184.86,186.36,184.31,186.02,738749
2025-12-01,185.12,187.04,184.87,185.43,1598572
2025-12-02,185.24,185.78,183.64,184.19,1588364
2025-12-03,184.19,185.21,183.35,184.71,1515304
2025-12-04,185.45,186.55,183.28,184.03,1226978
2025-12-05,184.12,186.98,183.80,186.75,1709170
2025-12-08,186.14,186.14,182.82,182.98,1792182
2025-12-09,183.17,184.30,182.75,183.15,1268971
2025-12-10,183.15,186.10,182.69,185.54,1490318
2025-12-11,185.73,189.12,185.62,188.83,1451710
2025-12-12,188.91,189.29,186.31,187.53,2842367
2025-12-15,189.48,190.82,187.53,188.45,3705255
2025-12-16,189.16,189.32,186.67,187.62,2215807
2025-12-17,186.98,189.56,186.77,187.37,2531891
2025-12-18,192.07,196.04,186.52,189.89,3081195
2025-12-19,189.60,189.60,186.86,187.57,7257446
2025-12-22,186.61,193.31,186.38,191.99,1773650
2025-12-23,191.99,192.79,189.86,190.66,1380481
2025-12-24,190.19,191.54,190.19,191.18,598723
2025-12-26,190.75,191.86,190.29,191.14,604654
2025-12-29,191.57,192.22,190.20,191.04,960996
2025-12-30,190.25,191.32,189.68,190.35,792033
2025-12-31,190.26,190.62,188.03,188.07,969685
2026-01-02,187.58,187.59,184.46,184.88,1372304
2026-01-05,184.15,187.25,183.14,185.46,1394046
2026-01-06,184.86,188.16,184.25,187.38,1484834
2026-01-07,187.86,189.19,186.14,186.70,1760785
2026-01-08,185.88,190.32,185.72,190.26,1642569
2026-01-09,189.66,194.47,189.66,193.12,1814500
2026-01-12,192.50,194.73,192.17,193.03,1601293
2026-01-13,193.34,194.27,190.04,192.72,1649152
2026-01-14,194.54,195.66,192.02,194.23,1745483
2026-01-15,195.41,197.22,194.10,195.58,1830551
2026-01-16,196.13,196.13,193.68,195.42,2712074
2026-01-20,193.54,194.78,192.65,193.74,2582401
2026-01-21,193.70,197.47,192.89,195.41,2125156
2026-01-22,195.78,196.47,192.45,193.07,1810952
2026-01-23,193.07,195.05,192.44,192.96,1404174
2026-01-26,192.74,194.82,192.53,193.89,1581571
2026-01-27,192.42,193.23,190.84,191.21,1053491
2026-01-28,190.54,190.98,188.80,189.16,1379122
2026-01-29,188.97,191.05,188.04,189.65,1414135
2026-01-30,189.15,191.68,188.51,191.39,1782459
2026-02-02,190.97,192.39,188.65,190.91,1883036
2026-02-03,187.70,191.14,186.14,190.73,3030601
2026-02-04,191.85,194.85,190.39,192.61,2962465
2026-02-05,193.62,196.90,192.38,194.11,2261049
2026-02-06,194.28,196.33,193.93,195.87,1689819
2026-02-09,196.05,196.80,194.62,194.76,1540980
2026-02-10,194.35,202.10,194.35,199.31,2558414
2026-02-11,199.47,202.50,199.40,200.36,1831467
2026-02-12,200.24,202.35,194.73,196.10,2261234
2026-02-13,196.10,197.49,192.35,193.44,1913769
2026-02-17,193.74,197.27,193.74,194.92,1392358
2026-02-18,195.25,196.53,193.19,196.41,1032877
2026-02-19,196.55,198.15,196.26,197.97,1613387
2026-02-20,195.86,200.13,195.86,200.02,1800438
2026-02-23,199.94,200.70,197.72,198.33,1339658
2026-02-24,197.90,199.72,197.20,198.55,1858468
2026-02-25,198.43,199.21,196.31,196.78,2807242
2026-02-26,198.07,200.07,196.94,198.28,2107763
2026-02-27,198.90,203.00,196.95,201.13,2116430
2026-03-02,200.29,202.42,198.58,201.60,1200616
2026-03-03,201.40,203.00,198.66,201.55,1502711
2026-03-04,201.24,202.78,199.75,200.12,1398067
2026-03-05,199.20,209.08,196.50,204.53,3985412
2026-03-06,204.94,206.53,200.76,203.61,2395989
2026-03-09,203.20,203.44,198.10,200.77,1949046
2026-03-10,199.31,199.97,194.41,196.28,2041181
2026-03-11,194.72,203.43,191.35,198.34,5047444
2026-03-12,198.04,200.08,193.00,193.26,3086869
2026-03-13,194.38,195.62,192.12,194.28,2265035
2026-03-16,194.46,195.44,192.27,192.74,1732920
2026-03-17,193.64,195.14,192.00,192.84,1687699
2026-03-18,190.90,192.43,185.02,185.44,3467624
2026-03-19,185.39,186.53,178.64,181.83,2912869
2026-03-20,181.81,183.53,177.94,179.34,3838454
2026-03-23,181.70,184.33,180.00,181.21,2692467
2026-03-24,181.26,181.26,177.53,178.13,2328491
2026-03-25,184.18,186.05,173.59,176.85,3210872
2026-03-26,176.47,176.47,168.02,168.85,3606985
2026-03-27,167.98,168.78,165.60,165.71,2689065
2026-03-30,167.11,170.31,166.25,168.66,3084638
2026-03-31,169.44,169.97,166.23,169.14,3685114
2026-04-01,167.80,172.68,167.55,172.04,2962609
2026-04-02,170.58,175.27,170.24,174.34,2387546
2026-04-06,173.43,174.97,171.56,171.69,1697412
2026-04-07,172.03,172.46,168.99,170.28,2484212
2026-04-08,171.57,176.78,171.57,174.59,2474629
2026-04-09,173.28,174.32,172.15,174.15,1795489
2026-04-10,173.99,175.65,173.16,174.93,2351648
2026-04-13,174.93,176.39,173.62,175.68,1869631
2026-04-14,175.68,176.64,174.81,176.14,2061806
2026-04-15,175.96,177.28,174.83,176.46,2253394
2026-04-16,176.49,178.74,176.44,177.52,1754261
2026-04-17,179.33,180.70,177.50,179.17,1619488
2026-04-20,178.46,180.24,177.67,178.69,1681377
2026-04-21,177.90,179.17,175.28,176.26,1991036
2026-04-22,176.31,176.85,173.54,174.66,1405077
2026-04-23,174.23,178.25,174.00,177.62,2310057
2026-04-24,176.05,177.03,173.42,175.90,1589931
2026-04-27,175.27,176.52,173.61,174.04,1771786
2026-04-28,174.76,175.73,172.24,174.22,1798979
2026-04-29,173.21,174.37,170.71,173.95,1601947
2026-04-30,173.70,175.43,173.12,174.71,2808517
2026-05-01,175.91,176.86,169.30,169.61,1574390
2026-05-04,168.72,169.26,165.73,166.89,1730836
2026-05-05,166.89,170.26,165.46,169.25,1639466
2026-05-06,169.31,172.21,168.71,169.36,3358117
2026-05-07,168.74,171.89,168.06,170.04,1837009
2026-05-08,170.04,171.03,166.77,166.97,1565488
2026-05-11,166.78,167.10,163.45,164.67,2055693
2026-05-12,166.22,167.77,164.67,165.42,1986402
2026-05-13,164.17,165.64,161.16,163.55,1873449
2026-05-14,163.74,166.09,163.66,165.95,1691332
2026-05-15,167.48,169.46,166.26,168.31,2762923
2026-05-18,168.35,175.14,168.35,174.51,2192227
2026-05-19,174.29,176.00,171.76,172.20,1943188
2026-05-20,171.39,171.67,169.30,171.36,1705501
2026-05-21,171.26,174.19,169.79,172.36,1863765
2026-05-22,172.31,174.99,171.50,172.93,1338510
2026-05-26,172.38,172.72,170.23,171.09,1384296
2026-05-27,171.09,172.79,168.66,169.86,2775262
2026-05-28,169.09,173.84,168.71,173.06,2147526
2026-05-29,171.60,173.00,170.32,171.26,4257452
2026-06-01,170.75,174.25,169.65,172.90,1904438
2026-06-02,171.09,173.61,168.34,173.31,2775540
2026-06-03,172.12,174.81,171.94,174.72,1934717
2026-06-04,178.75,180.44,177.72,179.96,2498653
2026-06-05,181.46,182.73,179.19,179.85,2508744
2026-06-08,177.86,178.67,173.50,173.65,2410127
2026-06-09,173.67,180.27,173.41,179.87,1950417
2026-06-10,180.13,182.27,178.60,180.40,2538017
2026-06-11,180.95,184.48,178.49,181.88,2455434
2026-06-12,181.88,182.50,174.98,176.28,2055329
2026-06-15,174.47,176.97,173.48,174.74,1914310
2026-06-16,175.98,176.94,174.24,176.71,2756258
2026-06-17,174.88,177.36,168.85,169.64,2588573
2026-06-18,169.19,172.20,168.38,170.85,4135728
2026-06-22,169.38,171.15,168.58,169.45,1363445
2026-06-23,172.58,172.74,167.86,168.80,1687195
2026-06-24,169.56,172.68,169.01,170.93,1889315
2026-06-25,170.32,173.40,168.91,169.09,1250598
2026-06-26,170.42,172.45,170.28,171.90,2942016
2026-06-29,172.15,172.71,168.15,169.08,1707725
2026-06-30,168.35,170.51,167.82,170.08,1859939
2026-07-01,171.57,176.86,170.87,174.23,1763214
2026-07-02,175.11,181.71,174.82,181.37,2421564
2026-07-06,181.34,181.34,177.28,178.24,1941001
2026-07-07,181.34,183.36,180.49,181.83,1954494
2026-07-08,181.83,183.15,180.00,180.17,2385594
2026-07-09,178.20,179.09,176.29,177.69,2244499
2026-07-10,177.96,179.87,177.54,179.64,1333636
2026-07-13,181.09,184.14,181.08,183.75,1955347
2026-07-14,181.55,184.67,180.85,184.33,3092744
2026-07-15,187.99,196.69,186.00,192.37,4510882
2026-07-16,198.74,207.09,197.12,206.25,4245301
2026-07-17,207.17,209.72,201.56,204.45,3134485
2026-07-20,203.50,204.38,200.16,201.80,2337274
2026-07-21,199.19,201.07,196.00,200.41,2463896
2026-07-22,202.60,202.60,198.75,201.36,2591909
2026-07-23,200.53,204.05,199.88,203.25,2454689
2026-07-24,202.28,206.65,202.03,205.91,2003516
2026-07-27,207.01,211.72,206.34,210.98,2261092
2026-07-28,214.37,218.64,213.57,214.90,3662712
2026-07-29,214.90,219.16,213.54,216.53,2759751
2026-07-30,210.68,211.06,204.83,206.79,3292122
2026-07-31,205.25,206.22,202.47,204.63,2233687
2026-08-03,207.47,208.78,203.67,204.01,2093636
2026-08-04,203.26,204.67,200.97,203.65,2653222
2026-08-05,204.00,204.75,199.70,201.40,2460910
2026-08-06,202.86,203.93,199.39,202.15,1680860
2026-08-07,200.63,204.00,200.23,203.05,1569019
2026-08-10,201.69,203.58,200.90,202.71,1834304
2026-08-11,202.09,206.92,202.09,205.28,1785762
2026-08-12,202.62,205.21,200.04,203.51,1266915
2026-08-13,204.62,205.39,200.58,200.70,1310186
2026-08-14,200.49,201.02,198.84,199.52,1612775
2026-08-17,197.88,199.87,196.50,197.82,2248962
2026-08-18,200.95,201.31,199.07,199.45,1837122
2026-08-19,200.62,205.88,200.03,203.08,1606816
2026-08-20,202.42,204.31,201.44,203.52,2028415
2026-08-21,203.52,204.86,202.34,203.79,1731704
2026-08-24,205.37,207.51,204.53,207.40,1820541
2026-08-25,206.68,207.09,203.61,204.76,2440945
2026-08-26,204.88,206.77,204.60,205.78,1516477
2026-08-27,204.74,204.74,202.79,204.15,1282057
2026-08-28,205.50,205.81,204.00,204.18,1344090
2026-08-31,203.30,203.70,200.67,201.79,1726543
2026-09-01,202.89,203.61,199.66,200.59,1522645
2026-09-02,200.59,200.61,197.57,198.09,2173229
2026-09-03,198.66,201.26,198.66,201.05,1210812
2026-09-04,198.24,201.10,198.01,200.47,1320838
2026-09-08,198.36,201.38,198.26,200.50,1625500
2026-09-09,199.00,200.14,197.29,200.04,2301259
2026-09-10,200.50,201.00,197.60,198.44,2122579
2026-09-11,200.51,202.98,199.55,201.50,1573074
2026-09-14,203.41,204.62,199.87,200.82,1747664
2026-09-15,200.31,201.62,198.69,198.95,1919378
