date,open,high,low,close,volume
2016-09-15,14.52,14.83,14.48,14.76,3161069
2016-09-16,13.38,13.48,13.27,13.38,13473080
2016-09-19,13.22,13.23,12.91,12.97,8453249
2016-09-20,12.80,12.80,12.40,12.42,11561670
2016-09-21,12.46,12.68,12.44,12.68,8827449
2016-09-22,13.14,13.23,12.97,13.00,8554670
2016-09-23,12.75,12.83,12.68,12.75,6148246
2016-09-26,12.01,12.05,11.23,11.85,20670580
2016-09-27,11.59,11.97,11.57,11.92,17139470
2016-09-28,12.32,12.32,12.01,12.30,14522520
2016-09-29,12.19,12.35,11.19,11.48,51898260
2016-09-30,12.07,13.28,12.06,13.09,70098620
2016-10-03,13.04,13.14,12.60,12.98,21433460
2016-10-04,13.19,13.40,13.03,13.33,25095160
2016-10-05,13.42,13.62,13.40,13.59,11986280
2016-10-06,13.66,13.68,13.27,13.53,14727040
2016-10-07,13.67,13.96,13.40,13.64,20570610
2016-10-10,13.70,14.04,13.70,13.90,11462590
2016-10-11,13.80,13.84,13.53,13.62,5908755
2016-10-12,13.62,13.73,13.54,13.60,4078474
2016-10-13,13.23,13.42,13.05,13.36,6856171
2016-10-14,13.60,13.69,13.25,13.43,8907842
2016-10-17,13.54,13.54,13.37,13.39,3675413
2016-10-18,13.63,13.75,13.55,13.72,4324827
2016-10-19,13.72,13.89,13.65,13.86,4778696
2016-10-20,14.01,14.60,14.00,14.37,18021170
2016-10-21,14.16,14.35,14.15,14.31,5306913
2016-10-24,14.60,14.65,14.42,14.48,5679732
2016-10-25,14.14,14.38,14.10,14.27,6613818
2016-10-26,14.51,14.59,14.33,14.56,7970994
2016-10-27,14.62,14.66,14.43,14.49,8305710
2016-10-28,14.54,14.74,14.49,14.62,7391536
2016-10-31,14.54,14.55,14.29,14.39,5776995
2016-11-01,14.35,14.36,13.78,13.93,7727146
2016-11-02,13.67,13.74,13.54,13.60,8438499
2016-11-03,13.69,13.81,13.54,13.57,4141609
2016-11-04,13.45,13.62,13.32,13.45,4065450
2016-11-07,14.20,14.27,14.09,14.22,5696383
2016-11-08,14.09,14.30,13.95,14.24,5217902
2016-11-09,14.04,14.87,14.00,14.76,13960200
2016-11-10,15.16,15.89,15.15,15.73,16938840
2016-11-11,15.98,16.24,15.93,16.19,9324902
2016-11-14,16.07,16.67,16.06,16.64,11145950
2016-11-15,16.32,16.57,16.16,16.55,7296413
2016-11-16,16.15,16.24,16.00,16.07,5796149
2016-11-17,15.95,16.11,15.80,16.09,6562966
2016-11-18,16.08,16.10,15.83,15.91,5179869
2016-11-21,15.98,16.14,15.86,16.03,4345334
2016-11-22,15.85,15.96,15.76,15.92,4780094
2016-11-23,15.58,15.85,15.49,15.79,5313062
2016-11-25,15.62,15.78,15.56,15.75,1821114
2016-11-28,15.55,15.59,15.09,15.11,6198541
2016-11-29,15.51,15.65,15.35,15.54,6046384
2016-11-30,15.62,15.84,15.62,15.80,4732197
2016-12-01,16.04,16.20,15.93,16.06,6872321
2016-12-02,15.84,15.97,15.67,15.74,5249059
2016-12-05,16.09,16.68,16.09,16.66,11887400
2016-12-06,17.33,18.30,17.20,18.29,20056940
2016-12-07,18.11,18.93,18.10,18.67,19453640
2016-12-08,19.02,19.23,18.69,19.04,14927030
2016-12-09,18.44,18.48,18.15,18.28,11820040
2016-12-12,18.41,18.52,18.15,18.31,7374524
2016-12-13,18.70,18.86,18.51,18.66,8696295
2016-12-14,18.54,18.89,18.27,18.67,13281340
2016-12-15,18.69,19.12,18.67,18.94,9860976
2016-12-16,19.26,19.30,18.99,19.01,7158039
2016-12-19,18.57,18.79,18.13,18.26,14044870
2016-12-20,18.52,19.04,18.50,19.01,8572666
2016-12-21,18.77,18.84,18.64,18.71,4276427
2016-12-22,18.70,18.76,18.48,18.54,3574393
2016-12-23,18.73,18.79,18.44,18.63,8606778
2016-12-27,18.31,18.44,18.20,18.37,4749333
2016-12-28,18.20,18.26,17.90,17.92,5005202
2016-12-29,18.02,18.06,17.79,17.82,4440305
2016-12-30,18.07,18.23,17.88,18.10,4277310
2017-01-03,18.44,18.54,18.28,18.43,6175828
2017-01-04,19.02,19.63,18.94,19.57,11138830
2017-01-05,19.46,19.57,19.05,19.26,6169897
2017-01-06,19.15,19.39,19.12,19.27,4631131
2017-01-09,18.95,19.18,18.83,19.05,3668609
2017-01-10,18.60,18.78,18.58,18.67,7019520
2017-01-11,18.77,19.16,18.70,19.13,6323961
2017-01-12,19.02,19.09,18.56,18.72,5370542
2017-01-13,19.22,19.40,19.04,19.18,6959240
2017-01-17,19.03,19.06,18.54,18.56,5972717
2017-01-18,18.55,18.77,18.41,18.74,5018982
2017-01-19,18.97,19.02,18.71,18.88,3644188
2017-01-20,19.13,19.29,19.07,19.18,5365163
2017-01-23,19.33,19.38,19.03,19.24,5004646
2017-01-24,19.45,19.96,19.42,19.83,8014355
2017-01-25,20.62,20.94,20.60,20.85,8156149
2017-01-26,20.67,20.86,20.61,20.80,4618346
2017-01-27,20.67,20.70,20.41,20.46,4030018
2017-01-30,20.08,20.12,19.85,20.11,5283304
2017-01-31,20.17,20.23,19.82,19.91,5102967
2017-02-01,20.46,20.68,20.39,20.47,6908964
2017-02-02,19.50,19.77,19.36,19.73,12769350
2017-02-03,19.91,20.39,19.90,20.20,8481435
2017-02-06,19.90,20.04,19.71,19.74,5781747
2017-02-07,19.73,19.86,19.49,19.52,5048676
2017-02-08,19.07,19.30,18.86,19.21,6417940
2017-02-09,19.06,19.29,19.02,19.26,7226064
2017-02-10,18.91,18.99,18.80,18.94,4697707
2017-02-13,19.13,19.29,19.11,19.21,3482714
2017-02-14,19.17,19.57,19.14,19.53,5636461
2017-02-15,19.82,20.09,19.80,19.98,5154048
2017-02-16,20.03,20.06,19.69,19.78,4340040
2017-02-17,19.22,19.42,19.20,19.41,5811071
2017-02-21,19.56,19.69,19.51,19.58,3193668
2017-02-22,19.41,19.68,19.36,19.65,3389520
2017-02-23,19.85,19.86,19.53,19.71,4408159
2017-02-24,19.15,19.28,19.04,19.13,4842435
2017-02-27,19.41,19.61,19.36,19.58,3874935
2017-02-28,19.62,19.80,19.56,19.69,4118748
2017-03-01,20.47,20.71,20.44,20.66,7163854
2017-03-02,20.61,20.64,20.20,20.21,4695285
2017-03-03,20.03,20.35,19.30,19.35,22530890
2017-03-06,19.01,19.01,18.51,18.61,23279150
2017-03-07,18.26,18.48,18.21,18.47,9081059
2017-03-08,18.81,18.90,18.39,18.47,11787960
2017-03-09,18.87,19.06,18.78,19.05,8267449
2017-03-10,19.53,19.68,19.33,19.63,9245804
2017-03-13,19.58,19.65,19.52,19.62,5243015
2017-03-14,19.34,19.35,19.20,19.26,5050374
2017-03-15,19.47,19.57,19.16,19.27,5999615
2017-03-16,19.58,19.70,19.36,19.60,6237751
2017-03-17,19.45,19.45,19.02,19.03,6849209
2017-03-20,18.51,18.84,18.33,18.38,20232460
2017-03-21,17.71,17.75,17.01,17.08,17996120
2017-03-22,17.04,17.18,16.88,17.05,11348210
2017-03-23,16.90,17.06,16.84,16.91,7948647
2017-03-24,16.88,16.94,16.57,16.83,6941047
2017-03-27,16.51,17.01,16.46,16.95,8706776
2017-03-28,17.18,17.51,17.14,17.38,13191800
2017-03-29,17.30,17.49,17.24,17.43,6281399
2017-03-30,17.04,17.40,16.92,17.26,10961750
2017-03-31,17.09,17.29,17.03,17.16,8169728
2017-04-03,16.99,17.00,16.60,16.70,10404340
2017-04-04,16.46,16.76,16.40,16.65,7556381
2017-04-05,16.93,16.95,16.50,16.50,5066637
2017-04-06,16.59,16.76,16.52,16.60,4793677
2017-04-07,16.48,16.59,16.34,16.46,6535602
2017-04-10,16.47,16.57,16.41,16.47,4043220
2017-04-11,16.39,16.43,16.13,16.32,5948431
2017-04-12,16.27,16.29,16.11,16.19,6118693
2017-04-13,16.02,16.19,15.85,15.86,6574664
2017-04-17,15.93,16.16,15.79,16.12,4836864
2017-04-18,15.91,16.05,15.86,15.96,5343707
2017-04-19,16.33,16.39,15.96,16.08,7579150
2017-04-20,16.51,16.62,16.44,16.55,5897505
2017-04-21,16.57,16.70,16.48,16.50,6066347
2017-04-24,18.17,18.44,18.13,18.37,18239060
2017-04-25,18.62,18.66,18.44,18.49,7732981
2017-04-26,18.73,18.94,18.69,18.84,7379740
2017-04-27,18.32,18.32,18.00,18.15,9196594
2017-04-28,18.17,18.22,18.00,18.07,6600279
2017-05-01,18.20,18.36,18.18,18.22,4163851
2017-05-02,18.25,18.33,18.15,18.27,3451830
2017-05-03,18.25,18.48,18.24,18.47,5841496
2017-05-04,18.74,18.87,18.71,18.78,4574991
2017-05-05,19.07,19.36,18.95,19.35,5777418
2017-05-08,19.03,19.15,19.00,19.07,4357894
2017-05-09,19.17,19.22,18.77,18.85,4945473
2017-05-10,18.98,19.09,18.94,19.01,3084650
2017-05-11,18.90,18.94,18.66,18.81,3042739
2017-05-12,18.81,18.87,18.65,18.77,2472940
2017-05-15,19.14,19.32,19.03,19.03,5368632
2017-05-16,19.48,19.48,19.16,19.27,6534825
2017-05-17,18.92,18.99,18.53,18.64,8554308
2017-05-18,18.72,18.86,18.58,18.68,4817402
2017-05-19,18.89,19.21,18.86,19.04,5412313
2017-05-22,19.28,19.34,19.02,19.12,3776078
2017-05-23,19.25,19.30,19.10,19.25,3645023
2017-05-24,19.09,19.12,18.81,18.94,5418232
2017-05-25,18.87,19.03,18.73,18.85,4318012
2017-05-26,18.56,18.61,18.38,18.46,3519982
2017-05-30,18.10,18.16,17.95,17.97,4651387
2017-05-31,18.05,18.05,17.45,17.48,8561130
2017-06-01,17.53,17.68,17.42,17.65,5371619
2017-06-02,17.72,17.72,17.51,17.66,4691288
2017-06-05,17.44,17.64,17.44,17.50,1832403
2017-06-06,17.29,17.42,17.24,17.33,3065470
2017-06-07,17.41,17.56,17.38,17.46,3078257
2017-06-08,17.30,17.65,17.27,17.57,4579804
2017-06-09,17.57,17.79,17.53,17.67,4285232
2017-06-12,17.48,17.56,17.25,17.36,4202899
2017-06-13,17.44,17.53,17.37,17.47,3027481
2017-06-14,17.40,17.40,17.12,17.34,4971291
2017-06-15,16.83,16.98,16.78,16.79,6185528
2017-06-16,16.85,16.86,16.66,16.82,3985220
2017-06-19,17.10,17.25,17.06,17.22,2588222
2017-06-20,17.23,17.24,16.83,16.85,3314485
2017-06-21,16.91,17.02,16.82,16.90,2322793
2017-06-22,16.73,16.81,16.65,16.74,2203575
2017-06-23,16.74,16.89,16.62,16.64,2375066
2017-06-26,16.88,17.02,16.80,16.88,2991819
2017-06-27,17.41,17.64,17.36,17.51,5384545
2017-06-28,17.62,17.94,17.62,17.91,5761087
2017-06-29,18.43,18.47,17.89,18.07,7194387
2017-06-30,18.13,18.16,17.68,17.79,4101619
2017-07-03,18.17,18.29,18.08,18.15,3012055
2017-07-05,18.67,18.68,18.42,18.63,4733872
2017-07-06,18.89,19.13,18.85,18.89,5355288
2017-07-07,19.00,19.09,18.90,19.05,4585739
2017-07-10,18.86,19.03,18.83,18.97,2483101
2017-07-11,19.05,19.09,18.91,19.07,2537127
2017-07-12,18.73,18.88,18.69,18.81,3791991
2017-07-13,18.83,18.95,18.78,18.93,2500387
2017-07-14,18.67,18.93,18.56,18.86,2914226
2017-07-17,18.75,18.82,18.66,18.79,1910762
2017-07-18,18.44,18.54,18.39,18.50,2971905
2017-07-19,18.38,18.43,18.29,18.38,2539450
2017-07-20,18.50,18.53,18.37,18.46,2625750
2017-07-21,18.21,18.25,18.10,18.22,2561618
2017-07-24,18.47,18.74,18.47,18.67,3435879
2017-07-25,19.13,19.22,18.99,19.04,4355853
2017-07-26,19.35,19.36,19.00,19.06,5084200
2017-07-27,18.53,18.54,17.93,18.03,9867498
2017-07-28,18.21,18.25,18.09,18.19,3561231
2017-07-31,17.76,17.92,17.62,17.84,5255416
2017-08-01,18.14,18.21,18.02,18.13,3513444
2017-08-02,18.09,18.11,17.91,18.01,2346737
2017-08-03,18.01,18.18,17.95,18.06,2516419
2017-08-04,18.36,18.43,18.29,18.33,2405413
2017-08-07,18.31,18.32,18.21,18.23,1454284
2017-08-08,18.03,18.23,17.95,17.99,3437731
2017-08-09,17.46,17.59,17.39,17.58,4724077
2017-08-10,17.17,17.22,16.86,16.86,5681211
2017-08-11,16.93,17.06,16.69,17.05,8678632
2017-08-14,17.20,17.39,17.18,17.29,6611518
2017-08-15,17.30,17.31,17.05,17.13,2966915
2017-08-16,17.23,17.25,17.02,17.04,2232610
2017-08-17,16.58,16.72,16.42,16.44,7891887
2017-08-18,16.45,16.62,16.41,16.52,3975769
2017-08-21,16.34,16.35,16.15,16.17,5085457
2017-08-22,16.19,16.32,16.17,16.30,7791046
2017-08-23,16.24,16.36,16.16,16.27,3025735
2017-08-24,16.34,16.36,16.22,16.28,1675399
2017-08-25,16.43,16.55,16.38,16.42,2001537
2017-08-28,16.47,16.48,16.36,16.40,1856963
2017-08-29,16.01,16.10,15.99,16.04,3623703
2017-08-30,16.04,16.12,15.99,16.01,2760048
2017-08-31,16.06,16.08,15.92,15.99,3340924
2017-09-01,15.93,16.15,15.90,16.06,3135544
2017-09-05,15.88,15.89,15.59,15.66,4859918
2017-09-06,16.00,16.09,15.95,15.99,4133742
2017-09-07,16.24,16.26,15.86,15.92,4486048
2017-09-08,16.08,16.15,16.00,16.00,2306026
2017-09-11,16.25,16.47,16.25,16.34,3591161
2017-09-12,16.98,17.10,16.91,16.98,5561635
2017-09-13,16.93,16.95,16.75,16.78,1872532
2017-09-14,16.78,16.85,16.61,16.68,2377909
2017-09-15,16.60,16.66,16.51,16.54,3023054
2017-09-18,16.57,16.62,16.52,16.57,2287582
2017-09-19,16.48,16.59,16.43,16.56,2750379
2017-09-20,16.28,16.44,16.21,16.38,4920845
2017-09-21,16.56,16.73,16.54,16.69,4043971
2017-09-22,16.55,16.68,16.51,16.63,1929460
2017-09-25,16.28,16.37,15.99,16.04,8176905
2017-09-26,16.20,16.21,16.01,16.02,4717933
2017-09-27,16.37,16.65,16.31,16.57,10232940
2017-09-28,17.01,17.06,16.89,16.98,4979726
2017-09-29,17.11,17.29,17.10,17.28,5439993
2017-10-02,16.97,17.12,16.91,17.09,3225556
2017-10-03,17.10,17.13,17.01,17.07,2240680
2017-10-04,16.83,16.95,16.77,16.79,3076111
2017-10-05,16.90,17.24,16.88,17.22,3656197
2017-10-06,17.18,17.27,17.11,17.21,3485981
2017-10-09,17.03,17.04,16.81,16.87,3761383
2017-10-10,16.91,17.02,16.81,16.99,2545179
2017-10-11,16.92,16.98,16.83,16.92,2366034
2017-10-12,16.82,16.82,16.67,16.70,2793254
2017-10-13,16.63,16.73,16.55,16.58,4184512
2017-10-16,16.71,16.76,16.62,16.72,3207983
2017-10-17,16.72,16.82,16.69,16.71,3342985
2017-10-18,16.84,16.96,16.84,16.89,2527442
2017-10-19,16.81,16.88,16.74,16.87,2711369
2017-10-20,16.98,17.04,16.88,16.98,2944956
2017-10-23,16.73,16.75,16.59,16.63,3578483
2017-10-24,17.16,17.26,17.13,17.18,6602010
2017-10-25,17.33,17.35,17.02,17.12,5516992
2017-10-26,16.80,16.90,16.70,16.72,6483385
2017-10-27,16.46,16.52,16.30,16.32,5698360
2017-10-30,16.35,16.41,16.20,16.26,4408429
2017-10-31,16.33,16.38,16.22,16.27,2181349
2017-11-01,16.28,16.58,16.26,16.56,5090053
2017-11-02,16.81,17.09,16.75,17.06,7032482
2017-11-03,16.95,16.96,16.76,16.82,2476033
2017-11-06,16.63,16.86,16.60,16.83,3684374
2017-11-07,16.96,17.04,16.66,16.68,3516142
2017-11-08,16.93,17.11,16.84,17.04,6890785
2017-11-09,17.28,17.47,17.25,17.41,6491907
2017-11-10,17.87,18.05,17.85,17.94,5854228
2017-11-13,17.87,17.98,17.80,17.93,4344535
2017-11-14,18.10,18.23,18.07,18.19,5284869
2017-11-15,18.29,18.67,18.17,18.48,7096481
2017-11-16,18.91,19.11,18.85,19.04,6042588
2017-11-17,19.02,19.20,18.99,19.13,3857349
2017-11-20,19.23,19.23,19.10,19.17,3455800
2017-11-21,19.16,19.21,18.97,19.01,3395237
2017-11-22,19.06,19.11,18.83,18.91,2619489
2017-11-24,19.09,19.20,19.09,19.19,1581614
2017-11-27,18.85,19.03,18.72,18.74,3509142
2017-11-28,18.49,18.92,18.44,18.88,4281813
2017-11-29,18.95,19.08,18.86,19.00,4202391
2017-11-30,19.09,19.09,18.81,18.86,3463117
2017-12-01,18.91,19.06,18.73,18.98,3862635
2017-12-04,19.13,19.18,19.00,19.12,2915543
2017-12-05,18.85,18.93,18.73,18.76,3220136
2017-12-06,18.53,18.66,18.47,18.50,2881567
2017-12-07,18.65,18.89,18.62,18.85,2271566
2017-12-08,19.39,19.42,19.26,19.38,6232265
2017-12-11,19.33,19.35,19.24,19.30,2150558
2017-12-12,19.25,19.44,19.22,19.38,2658838
2017-12-13,19.48,19.48,19.32,19.33,2734276
2017-12-14,19.45,19.50,19.20,19.23,2568147
2017-12-15,19.50,19.54,19.38,19.43,3309523
2017-12-18,19.86,20.23,19.84,20.10,5953034
2017-12-19,20.09,20.09,19.84,19.85,3695568
2017-12-20,19.99,19.99,19.68,19.71,2263986
2017-12-21,19.54,19.76,19.52,19.70,4690654
2017-12-22,19.45,19.46,19.27,19.38,2434194
2017-12-26,19.37,19.40,19.18,19.23,1618616
2017-12-27,19.26,19.26,19.03,19.06,2427518
2017-12-28,19.14,19.17,19.00,19.10,1704921
2017-12-29,19.07,19.10,18.99,19.03,1548660
2018-01-02,19.27,19.33,19.16,19.33,2307430
2018-01-03,19.09,19.21,19.00,19.16,4234959
2018-01-04,19.62,19.79,19.62,19.77,4408090
2018-01-05,19.34,19.40,18.50,18.55,16504550
2018-01-08,18.33,18.42,18.27,18.30,5009517
2018-01-09,17.99,18.16,17.97,18.13,4672036
2018-01-10,18.50,18.65,18.43,18.50,4390204
2018-01-11,18.53,18.64,18.44,18.56,3278464
2018-01-12,18.53,18.70,18.48,18.70,4427248
2018-01-16,18.75,18.75,18.43,18.51,3106620
2018-01-17,18.52,18.61,18.30,18.52,2585030
2018-01-18,18.66,18.67,18.52,18.53,1964642
2018-01-19,18.65,18.80,18.58,18.78,2981295
2018-01-22,19.29,19.40,19.21,19.39,7125139
2018-01-23,19.46,19.52,19.36,19.47,2752964
2018-01-24,19.93,19.98,19.57,19.74,4057264
2018-01-25,19.91,19.93,19.57,19.64,3504754
2018-01-26,19.55,19.58,19.45,19.51,2386103
2018-01-29,19.28,19.29,19.05,19.10,3574263
2018-01-30,18.70,18.72,18.32,18.38,5353597
2018-01-31,18.45,18.50,18.31,18.34,2885969
2018-02-01,18.35,18.65,18.32,18.65,3088457
2018-02-02,17.69,17.74,17.03,17.09,15240760
2018-02-05,17.02,17.14,16.30,16.39,10177060
2018-02-06,16.25,16.63,16.18,16.52,12388590
2018-02-07,15.73,16.22,15.67,16.09,9774080
2018-02-08,16.36,16.37,15.48,15.49,9364618
2018-02-09,15.45,15.63,15.06,15.58,8652936
2018-02-12,16.11,16.20,15.78,16.01,6412395
2018-02-13,15.96,16.02,15.82,15.90,3246253
2018-02-14,15.72,16.29,15.66,16.26,4768088
2018-02-15,16.25,16.26,15.97,16.11,3499946
2018-02-16,15.88,16.15,15.87,16.08,3255659
2018-02-20,16.31,16.55,16.29,16.46,3808354
2018-02-21,16.72,16.83,16.56,16.57,4413750
2018-02-22,16.45,16.63,16.38,16.43,4052872
2018-02-23,16.44,16.45,16.33,16.43,3094991
2018-02-26,16.44,16.51,16.33,16.48,2322148
2018-02-27,16.42,16.52,16.37,16.40,3047272
2018-02-28,16.39,16.40,15.93,15.94,4368136
2018-03-01,15.86,15.93,15.55,15.70,4869111
2018-03-02,15.48,15.86,15.40,15.79,7563205
2018-03-05,15.56,15.98,15.55,15.89,3884875
2018-03-06,16.03,16.09,15.91,16.06,2398077
2018-03-07,16.08,16.35,16.07,16.33,3749575
2018-03-08,16.22,16.30,16.05,16.18,4004412
2018-03-09,16.07,16.14,16.02,16.12,3112106
2018-03-12,16.11,16.16,16.02,16.11,2833041
2018-03-13,16.06,16.11,15.78,15.79,4469244
2018-03-14,15.92,15.92,15.59,15.70,4117305
2018-03-15,15.71,15.82,15.64,15.70,2183562
2018-03-16,15.70,15.87,15.69,15.82,3689009
2018-03-19,15.75,15.78,15.40,15.54,4183977
2018-03-20,15.56,15.63,15.47,15.52,2196611
2018-03-21,14.75,14.96,14.57,14.79,12844440
2018-03-22,14.24,14.37,14.17,14.19,11711860
2018-03-23,13.99,14.12,13.73,13.75,9431202
2018-03-26,13.99,14.09,13.78,14.07,6867752
2018-03-27,14.05,14.10,13.69,13.77,6660051
2018-03-28,13.87,13.93,13.67,13.76,5219893
2018-03-29,13.97,14.03,13.87,13.98,3322869
2018-04-02,13.89,13.99,13.52,13.68,3621168
2018-04-03,13.65,13.77,13.52,13.72,2798774
2018-04-04,13.53,13.90,13.53,13.88,3795667
2018-04-05,14.06,14.34,14.04,14.32,4649376
2018-04-06,14.02,14.06,13.82,13.87,4373711
2018-04-09,14.21,14.23,14.00,14.01,4975612
2018-04-10,14.10,14.13,14.03,14.08,3297873
2018-04-11,14.30,14.36,14.18,14.19,3200458
2018-04-12,14.32,14.45,14.29,14.41,2759865
2018-04-13,14.68,14.69,14.33,14.38,2673098
2018-04-16,14.37,14.42,14.31,14.33,2210430
2018-04-17,14.37,14.47,14.35,14.38,2934047
2018-04-18,14.51,14.55,14.43,14.44,2326817
2018-04-19,14.41,14.53,14.35,14.46,3643570
2018-04-20,14.19,14.29,14.09,14.26,3019991
2018-04-23,14.33,14.35,14.21,14.25,2482481
2018-04-24,14.69,14.92,14.66,14.78,6235338
2018-04-25,14.59,14.67,14.44,14.60,3656988
2018-04-26,14.32,14.40,14.19,14.34,3544088
2018-04-27,13.83,13.91,13.65,13.89,6033783
2018-04-30,13.68,13.76,13.66,13.66,2705751
2018-05-01,13.70,13.70,13.52,13.59,2585302
2018-05-02,13.73,13.76,13.60,13.63,2712797
2018-05-03,13.66,13.68,13.50,13.63,1968925
2018-05-04,13.53,13.82,13.51,13.78,1779818
2018-05-07,13.62,13.79,13.62,13.78,2265617
2018-05-08,13.52,13.63,13.52,13.59,3481616
2018-05-09,13.69,13.81,13.67,13.78,3072798
2018-05-10,13.72,13.92,13.68,13.88,2297397
2018-05-11,13.95,13.98,13.86,13.86,1324874
2018-05-14,13.75,13.78,13.64,13.65,3035493
2018-05-15,13.31,13.43,13.23,13.29,5819223
2018-05-16,12.95,13.06,12.90,13.00,6995001
2018-05-17,13.01,13.07,12.96,12.99,2617935
2018-05-18,12.75,12.80,12.66,12.71,4731074
2018-05-21,12.80,12.80,12.68,12.71,2851171
2018-05-22,12.90,13.00,12.87,12.97,4480060
2018-05-23,12.76,12.90,12.68,12.88,5843294
2018-05-24,12.25,12.35,11.99,12.25,11034160
2018-05-25,12.06,12.13,11.95,12.05,6438457
2018-05-29,11.52,11.56,11.18,11.30,15498810
2018-05-30,11.51,11.62,11.38,11.57,10296570
2018-05-31,10.93,11.16,10.57,11.08,31962730
2018-06-01,11.11,11.14,10.94,11.04,10875410
2018-06-04,11.22,11.25,11.13,11.21,5856835
2018-06-05,11.12,11.14,10.95,11.03,5909145
2018-06-06,11.08,11.35,11.08,11.35,7626045
2018-06-07,11.41,11.65,11.25,11.51,11833180
2018-06-08,11.22,11.33,11.11,11.25,6514152
2018-06-11,11.37,11.48,11.33,11.43,3975919
2018-06-12,11.48,11.52,11.34,11.41,3139139
2018-06-13,11.36,11.46,11.30,11.37,3601514
2018-06-14,11.27,11.34,11.19,11.22,4669331
2018-06-15,10.96,11.15,10.94,11.10,4681880
2018-06-18,10.96,11.09,10.92,11.08,4490047
2018-06-19,10.90,11.19,10.81,11.17,6547608
2018-06-20,11.12,11.17,11.08,11.08,2359263
2018-06-21,10.99,11.00,10.81,10.89,5428227
2018-06-22,11.04,11.08,10.99,11.01,3469189
2018-06-25,10.89,10.92,10.81,10.89,3652269
2018-06-26,10.85,10.86,10.69,10.78,4242256
2018-06-27,10.48,10.61,10.36,10.38,9556058
2018-06-28,10.46,10.53,10.38,10.47,5778337
2018-06-29,10.65,10.81,10.62,10.62,5749876
2018-07-02,10.57,10.69,10.53,10.64,5513018
2018-07-03,10.79,10.81,10.70,10.70,2371812
2018-07-05,11.16,11.19,11.09,11.13,5825195
2018-07-06,11.42,11.55,11.42,11.46,6942554
2018-07-09,11.46,11.55,11.44,11.54,4405195
2018-07-10,11.41,11.45,11.35,11.43,4404553
2018-07-11,11.27,11.32,11.12,11.15,5418679
2018-07-12,11.12,11.22,11.08,11.20,4057714
2018-07-13,11.23,11.27,11.10,11.24,2724509
2018-07-16,11.95,12.20,11.93,12.14,17660730
2018-07-17,11.84,11.91,11.80,11.87,6890036
2018-07-18,11.98,12.12,11.95,12.08,5493930
2018-07-19,12.02,12.06,11.91,12.02,5335753
2018-07-20,11.88,12.07,11.86,12.03,4881821
2018-07-23,12.10,12.19,12.09,12.18,6766048
2018-07-24,12.20,12.35,12.20,12.28,7631283
2018-07-25,12.08,12.18,11.95,12.18,7154478
2018-07-26,12.30,12.33,12.19,12.20,4124005
2018-07-27,12.35,12.44,12.30,12.42,6186255
2018-07-30,12.71,12.89,12.69,12.79,8793037
2018-07-31,13.17,13.17,13.06,13.06,6396500
2018-08-01,12.95,13.04,12.87,12.95,4698320
2018-08-02,12.47,12.54,12.36,12.54,6118030
2018-08-03,12.47,12.54,12.38,12.50,2517226
2018-08-06,12.42,12.55,12.34,12.52,3651472
2018-08-07,12.69,12.71,12.60,12.62,2495333
2018-08-08,12.56,12.60,12.47,12.52,2837764
2018-08-09,12.45,12.49,12.37,12.40,3225078
2018-08-10,11.59,11.82,11.58,11.82,11365260
2018-08-13,11.49,11.55,11.44,11.45,10257890
2018-08-14,11.46,11.51,11.37,11.49,4532318
2018-08-15,11.11,11.21,11.04,11.19,6391242
2018-08-16,11.24,11.30,11.20,11.21,4142550
2018-08-17,11.09,11.22,11.06,11.20,3637084
2018-08-20,11.14,11.23,11.12,11.22,3377366
2018-08-21,11.47,11.59,11.42,11.54,4689794
2018-08-22,11.61,11.64,11.54,11.61,3145408
2018-08-23,11.35,11.41,11.30,11.30,3277299
2018-08-24,11.41,11.43,11.33,11.39,2881530
2018-08-27,11.49,11.77,11.49,11.73,4689243
2018-08-28,11.63,11.65,11.55,11.55,3292817
2018-08-29,11.58,11.69,11.54,11.66,2215250
2018-08-30,11.44,11.48,11.34,11.42,3807741
2018-08-31,11.31,11.35,11.19,11.26,3252600
2018-09-04,11.26,11.46,11.19,11.42,3729902
2018-09-05,11.60,11.63,11.45,11.47,2961878
2018-09-06,11.41,11.47,11.31,11.38,3689899
2018-09-07,11.11,11.20,11.05,11.13,3630295
2018-09-10,11.20,11.22,11.09,11.11,2486262
2018-09-11,10.99,11.24,10.97,11.24,8142472
2018-09-12,11.02,11.34,10.99,11.24,10676290
2018-09-13,11.43,11.53,11.31,11.36,3963086
2018-09-14,11.30,11.42,11.29,11.40,2203662
2018-09-17,11.46,11.56,11.46,11.51,2540654
2018-09-18,11.51,11.63,11.51,11.58,1990386
2018-09-19,11.68,12.01,11.67,11.95,4892643
2018-09-20,12.22,12.35,12.16,12.25,5555604
2018-09-21,12.23,12.40,12.15,12.34,7138022
2018-09-24,12.50,12.52,12.22,12.24,3688219
2018-09-25,12.34,12.36,12.12,12.15,2886821
2018-09-26,12.03,12.06,11.90,11.90,3002104
2018-09-27,11.86,11.97,11.79,11.81,3011900
2018-09-28,11.36,11.49,11.33,11.36,4743214
2018-10-01,11.30,11.35,11.19,11.25,5698098
2018-10-02,11.15,11.16,11.02,11.13,3368654
2018-10-03,11.22,11.35,11.19,11.32,3722622
2018-10-04,11.34,11.39,11.09,11.20,5948624
2018-10-05,11.26,11.26,11.08,11.12,3556093
2018-10-08,10.95,11.08,10.92,11.05,3373158
2018-10-09,10.94,11.09,10.87,11.03,2947774
2018-10-10,11.17,11.19,10.91,10.92,3917786
2018-10-11,11.02,11.05,10.80,10.83,7649150
2018-10-12,11.00,11.02,10.72,10.84,4014302
2018-10-15,10.99,11.13,10.96,11.03,4591591
2018-10-16,11.14,11.20,11.07,11.16,3348592
2018-10-17,11.29,11.43,11.21,11.26,4259212
2018-10-18,11.23,11.28,10.91,10.97,6980382
2018-10-19,10.86,11.09,10.81,10.92,6010390
2018-10-22,10.86,10.88,10.70,10.72,4185080
2018-10-23,10.64,10.79,10.57,10.70,5965353
2018-10-24,10.32,10.34,10.00,10.00,11894010
2018-10-25,10.06,10.07,9.95,10.00,8575488
2018-10-26,9.72,9.78,9.60,9.67,6821714
2018-10-29,9.84,9.86,9.60,9.64,5834719
2018-10-30,9.79,9.84,9.65,9.74,4905736
2018-10-31,9.77,9.87,9.74,9.77,4550663
2018-11-01,10.16,10.30,10.10,10.25,7276692
2018-11-02,10.52,10.58,10.40,10.52,7073554
2018-11-05,10.50,10.55,10.42,10.46,2808927
2018-11-06,10.36,10.45,10.30,10.44,2828249
2018-11-07,10.60,10.64,10.47,10.61,3320638
2018-11-08,10.56,10.62,10.30,10.34,3444634
2018-11-09,10.25,10.27,10.06,10.12,3218764
2018-11-12,9.95,9.96,9.72,9.73,6436880
2018-11-13,9.80,9.97,9.80,9.86,4386806
2018-11-14,10.02,10.03,9.73,9.87,3321604
2018-11-15,9.72,9.91,9.66,9.90,3794008
2018-11-16,9.77,9.88,9.72,9.81,3238365
2018-11-19,9.78,9.90,9.71,9.78,3841191
2018-11-20,9.42,9.45,9.20,9.23,9329686
2018-11-21,9.41,9.52,9.36,9.44,3657372
2018-11-23,9.28,9.34,9.24,9.25,2568397
2018-11-26,9.57,9.75,9.56,9.73,8449159
2018-11-27,9.75,9.86,9.71,9.84,4419475
2018-11-28,9.78,9.89,9.63,9.89,4036428
2018-11-29,9.57,9.60,9.36,9.42,11464320
2018-11-30,9.16,9.19,9.10,9.16,6697914
2018-12-03,9.47,9.50,9.38,9.39,5626035
2018-12-04,9.29,9.31,9.02,9.06,6668061
2018-12-06,8.87,8.93,8.73,8.90,11253810
2018-12-07,8.92,8.98,8.70,8.73,5792442
2018-12-10,8.69,8.73,8.23,8.38,10544670
2018-12-11,8.56,8.58,8.31,8.33,6394828
2018-12-12,8.55,9.17,8.47,9.03,19017030
2018-12-13,8.84,8.95,8.81,8.87,6442292
2018-12-14,8.78,8.91,8.75,8.80,4706078
2018-12-17,8.73,8.76,8.57,8.60,6013943
2018-12-18,8.77,8.83,8.62,8.69,4683274
2018-12-19,8.74,8.77,8.34,8.37,7190508
2018-12-20,8.09,8.15,7.97,8.06,11049050
2018-12-21,7.98,8.09,7.84,7.87,8670684
2018-12-24,7.87,7.94,7.76,7.91,6395506
2018-12-26,7.91,8.17,7.71,8.16,6902348
2018-12-27,7.75,7.83,7.62,7.81,13974830
2018-12-28,7.98,8.16,7.93,8.05,6147640
2018-12-31,8.21,8.29,8.02,8.15,5790920
2019-01-02,7.87,8.20,7.86,8.20,7038186
2019-01-03,8.16,8.18,8.05,8.09,5310065
2019-01-04,8.33,8.54,8.29,8.52,4844075
2019-01-07,8.58,8.75,8.52,8.70,5661706
2019-01-08,8.89,8.90,8.68,8.74,4386276
2019-01-09,8.61,8.67,8.48,8.56,3805689
2019-01-10,8.51,8.64,8.48,8.61,2943288
2019-01-11,8.53,8.62,8.47,8.56,3844614
2019-01-14,8.44,8.63,8.44,8.58,2833954
2019-01-15,8.52,8.63,8.47,8.63,5263244
2019-01-16,8.90,9.33,8.88,9.29,14123920
2019-01-17,8.96,8.98,8.84,8.92,7327888
2019-01-18,9.08,9.14,9.00,9.14,6793297
2019-01-22,8.86,8.97,8.84,8.85,3406494
2019-01-23,9.06,9.11,8.98,9.05,3861667
2019-01-24,8.88,8.91,8.78,8.86,3004843
2019-01-25,9.12,9.34,9.12,9.24,4561756
2019-01-28,9.23,9.28,9.18,9.27,3612394
2019-01-29,9.27,9.36,9.22,9.23,3155016
2019-01-30,9.22,9.34,9.17,9.29,2825227
2019-01-31,8.84,8.90,8.78,8.88,9423411
2019-02-01,8.58,8.93,8.57,8.85,12558870
2019-02-04,8.70,8.80,8.63,8.80,4122016
2019-02-05,8.86,8.92,8.83,8.90,3870506
2019-02-06,8.87,8.99,8.87,8.95,2495574
2019-02-07,8.69,8.70,8.33,8.36,8585150
2019-02-08,8.20,8.22,8.04,8.19,7255995
2019-02-11,8.30,8.35,8.27,8.32,4371188
2019-02-12,8.46,8.55,8.46,8.54,3343985
2019-02-13,8.58,8.63,8.52,8.54,3023558
2019-02-14,8.34,8.41,8.28,8.34,3751211
2019-02-15,8.61,8.80,8.59,8.80,5859299
2019-02-19,8.51,8.62,8.48,8.61,4876832
2019-02-20,8.64,8.76,8.63,8.74,3599860
2019-02-21,8.70,8.73,8.64,8.66,2664740
2019-02-22,8.74,8.74,8.61,8.65,2297182
2019-02-25,8.81,8.88,8.76,8.77,4322295
2019-02-26,8.86,8.94,8.85,8.92,3522742
2019-02-27,9.03,9.15,9.00,9.11,5233090
2019-02-28,9.28,9.36,9.23,9.24,5317259
2019-03-01,9.39,9.47,9.27,9.29,3363795
2019-03-04,9.32,9.33,9.07,9.20,5242986
2019-03-05,9.14,9.17,9.01,9.16,2621726
2019-03-06,9.24,9.27,9.15,9.17,3166626
2019-03-07,8.85,8.88,8.63,8.66,7611631
2019-03-08,8.56,8.66,8.56,8.64,3056026
2019-03-11,9.00,9.15,8.99,9.12,8796589
2019-03-12,8.92,8.97,8.80,8.86,5442739
2019-03-13,8.96,9.06,8.93,9.06,3636774
2019-03-14,8.96,8.99,8.87,8.91,3831294
2019-03-15,8.86,8.90,8.80,8.88,3586225
2019-03-18,9.22,9.31,9.19,9.26,8077863
2019-03-19,9.11,9.13,9.01,9.05,5656972
2019-03-20,8.86,8.93,8.76,8.78,7836239
2019-03-21,8.50,8.52,8.42,8.43,7013212
2019-03-22,8.32,8.35,8.18,8.21,6524758
2019-03-25,8.16,8.22,8.10,8.17,8126929
2019-03-26,8.15,8.32,8.15,8.28,6966211
2019-03-27,8.57,8.64,8.40,8.46,6263743
2019-03-28,8.17,8.21,8.11,8.19,11895410
2019-03-29,8.21,8.22,8.08,8.12,6337839
2019-04-01,8.33,8.55,8.33,8.55,7807072
2019-04-02,8.54,8.58,8.47,8.50,4754153
2019-04-03,8.60,8.65,8.54,8.59,5368327
2019-04-04,8.47,8.56,8.41,8.50,5605790
2019-04-05,8.46,8.50,8.35,8.35,3678153
2019-04-08,8.30,8.34,8.23,8.32,4820807
2019-04-09,8.29,8.29,8.21,8.24,3606329
2019-04-10,8.23,8.25,8.12,8.21,5164713
2019-04-11,8.35,8.50,8.31,8.39,5381426
2019-04-12,8.67,8.75,8.58,8.61,5602280
2019-04-15,8.75,8.77,8.60,8.64,4914130
2019-04-16,8.77,8.88,8.73,8.87,5743223
2019-04-17,8.95,8.97,8.84,8.93,6183276
2019-04-18,8.83,8.86,8.75,8.78,3712461
2019-04-22,8.70,8.78,8.68,8.75,2035174
2019-04-23,8.62,8.67,8.50,8.54,9597584
2019-04-24,8.52,8.57,8.42,8.50,5034438
2019-04-25,8.38,8.43,8.21,8.35,7279299
2019-04-26,8.14,8.22,8.08,8.19,4815642
2019-04-29,8.19,8.32,8.14,8.32,4494406
2019-04-30,8.33,8.35,8.24,8.28,2539626
2019-05-01,8.29,8.37,8.15,8.15,3354900
2019-05-02,8.28,8.30,8.20,8.22,2711622
2019-05-03,8.21,8.24,8.12,8.22,2487228
2019-05-06,8.01,8.14,7.96,8.11,4349591
2019-05-07,7.94,7.95,7.81,7.82,7877369
2019-05-08,7.84,7.95,7.83,7.87,3412497
2019-05-09,7.68,7.80,7.63,7.78,4581534
2019-05-10,7.78,7.91,7.75,7.87,3726620
2019-05-13,7.66,7.70,7.60,7.64,6126177
2019-05-14,7.65,7.74,7.61,7.68,3611277
2019-05-15,7.54,7.70,7.51,7.67,4830036
2019-05-16,7.67,7.73,7.65,7.66,5072845
2019-05-17,7.55,7.68,7.54,7.58,2929461
2019-05-20,7.43,7.48,7.39,7.43,5135213
2019-05-21,7.46,7.54,7.41,7.52,3427551
2019-05-22,7.39,7.42,7.34,7.34,4292959
2019-05-23,7.17,7.25,7.12,7.23,6561139
2019-05-24,7.16,7.19,7.13,7.18,3116470
2019-05-28,7.10,7.13,7.00,7.02,5371881
2019-05-29,6.88,6.92,6.82,6.92,5100040
2019-05-30,6.84,6.95,6.84,6.91,6444355
2019-05-31,6.78,6.84,6.73,6.77,5815676
2019-06-03,6.67,6.75,6.63,6.73,5905007
2019-06-04,6.91,7.08,6.87,7.07,7800670
2019-06-05,6.96,6.96,6.86,6.92,4270086
2019-06-06,6.76,6.78,6.61,6.75,6551897
2019-06-07,6.77,6.81,6.75,6.76,2998977
2019-06-10,6.80,6.93,6.80,6.89,3794737
2019-06-11,6.96,7.03,6.92,6.98,9798940
2019-06-12,6.89,6.95,6.87,6.88,4000016
2019-06-13,6.90,6.93,6.85,6.87,2624594
2019-06-14,6.80,6.82,6.74,6.79,2474313
2019-06-17,6.88,6.91,6.80,6.82,4518820
2019-06-18,6.93,7.12,6.92,7.08,7085404
2019-06-19,7.23,7.29,7.17,7.17,5500893
2019-06-20,7.20,7.20,7.09,7.17,5568743
2019-06-21,7.18,7.23,7.15,7.18,3267910
2019-06-24,7.20,7.22,7.10,7.10,3541070
2019-06-25,7.10,7.16,7.06,7.12,4534656
2019-06-26,7.33,7.40,7.29,7.37,4736119
2019-06-27,7.53,7.58,7.46,7.54,7590435
2019-06-28,7.71,7.77,7.58,7.63,7631767
2019-07-01,7.82,7.83,7.58,7.64,5434683
2019-07-02,7.62,7.65,7.58,7.59,2643913
2019-07-03,7.75,7.83,7.73,7.81,3955932
2019-07-05,8.19,8.28,8.01,8.03,9271316
2019-07-08,7.61,7.70,7.46,7.54,19868970
2019-07-09,7.34,7.38,7.28,7.28,10129550
2019-07-10,7.46,7.54,7.34,7.40,7037146
2019-07-11,7.39,7.50,7.33,7.48,4952288
2019-07-12,7.59,7.68,7.55,7.67,6487439
2019-07-15,7.74,7.79,7.70,7.77,5487547
2019-07-16,7.95,8.10,7.94,7.97,9816481
2019-07-17,8.03,8.04,7.87,7.88,5059081
2019-07-18,7.91,7.94,7.83,7.93,3810977
2019-07-19,7.70,7.78,7.67,7.72,5424883
2019-07-22,7.81,7.83,7.73,7.80,2857103
2019-07-23,7.91,7.98,7.90,7.95,5412018
2019-07-24,7.76,7.93,7.72,7.92,8203519
2019-07-25,7.95,8.00,7.78,7.90,7564959
2019-07-26,7.93,7.95,7.88,7.93,4561788
2019-07-29,7.93,7.93,7.83,7.83,3211373
2019-07-30,7.68,7.75,7.62,7.75,5938421
2019-07-31,7.89,7.92,7.76,7.81,5692782
2019-08-01,7.77,7.84,7.53,7.61,8559416
2019-08-02,7.77,7.89,7.71,7.89,5538160
2019-08-05,7.74,7.75,7.61,7.65,5814069
2019-08-06,7.64,7.67,7.52,7.63,5752743
2019-08-07,7.40,7.48,7.33,7.47,7232523
2019-08-08,7.53,7.75,7.52,7.66,6809795
2019-08-09,7.57,7.58,7.46,7.53,4678215
2019-08-12,7.17,7.19,6.88,6.95,15671640
2019-08-13,6.97,7.22,6.94,7.21,11060110
2019-08-14,6.85,6.88,6.69,6.69,10756800
2019-08-15,6.61,6.68,6.44,6.44,11136560
2019-08-16,6.51,6.95,6.51,6.94,14495990
2019-08-19,7.03,7.06,7.00,7.05,6734287
2019-08-20,6.95,7.02,6.90,6.97,8859515
2019-08-21,7.05,7.07,7.00,7.01,8909331
2019-08-22,7.18,7.21,7.11,7.17,5746068
2019-08-23,7.09,7.19,6.96,6.97,6324776
2019-08-26,7.10,7.12,7.00,7.07,4324488
2019-08-27,7.16,7.19,7.07,7.13,6217069
2019-08-28,7.07,7.21,7.05,7.16,2734712
2019-08-29,7.21,7.26,7.20,7.22,3394042
2019-08-30,7.25,7.30,7.20,7.25,3045287
2019-09-03,7.27,7.32,7.21,7.30,6163443
2019-09-04,7.46,7.49,7.38,7.48,3907944
2019-09-05,7.74,7.85,7.71,7.82,8565596
2019-09-06,7.82,7.88,7.78,7.85,3480447
2019-09-09,8.01,8.18,7.99,8.13,6726318
2019-09-10,8.25,8.32,8.21,8.30,6733783
2019-09-11,8.20,8.29,8.14,8.29,8082270
2019-09-12,8.15,8.35,8.09,8.32,10229170
2019-09-13,8.48,8.53,8.40,8.45,6939022
2019-09-16,8.29,8.32,8.21,8.23,9456245
2019-09-17,8.06,8.22,7.99,8.19,5765615
2019-09-18,8.08,8.10,7.96,8.06,4687165
2019-09-19,8.13,8.16,8.06,8.07,3333706
2019-09-20,8.09,8.12,7.98,7.99,3955076
2019-09-23,7.78,7.82,7.69,7.79,8361188
2019-09-24,7.75,7.76,7.54,7.58,6455383
2019-09-25,7.43,7.62,7.42,7.58,5208932
2019-09-26,7.48,7.52,7.39,7.42,3182142
2019-09-27,7.54,7.60,7.49,7.56,3823686
2019-09-30,7.53,7.53,7.44,7.50,3486982
2019-10-01,7.44,7.47,7.21,7.25,6236926
2019-10-02,7.25,7.33,7.15,7.19,5478547
2019-10-03,7.14,7.20,7.02,7.15,5521199
2019-10-04,7.12,7.20,7.04,7.19,3282273
2019-10-07,7.04,7.15,7.01,7.09,4054766
2019-10-08,6.94,6.99,6.87,6.92,6914716
2019-10-09,6.93,6.97,6.88,6.94,4323571
2019-10-10,7.06,7.17,7.04,7.13,5630712
2019-10-11,7.42,7.55,7.41,7.46,6574615
2019-10-14,7.54,7.58,7.51,7.55,3399671
2019-10-15,7.60,7.82,7.57,7.78,5774185
2019-10-16,7.90,7.95,7.84,7.84,5183900
2019-10-17,7.96,8.02,7.90,7.90,5470012
2019-10-18,7.94,7.96,7.85,7.92,5034929
2019-10-21,8.15,8.16,8.06,8.08,5714394
2019-10-22,8.04,8.05,7.89,7.91,10237310
2019-10-23,7.96,8.00,7.91,7.99,3547745
2019-10-24,8.01,8.05,7.79,7.90,5754759
2019-10-25,7.89,7.97,7.88,7.97,2985147
2019-10-28,8.02,8.05,8.00,8.05,5531480
2019-10-29,8.05,8.05,7.97,7.98,3999745
2019-10-30,7.50,7.51,7.31,7.36,19220610
2019-10-31,7.33,7.34,7.19,7.25,5244930
2019-11-01,7.33,7.41,7.33,7.39,3906175
2019-11-04,7.63,7.68,7.58,7.66,5264076
2019-11-05,7.70,7.72,7.61,7.61,5683251
2019-11-06,7.68,7.72,7.60,7.65,4469444
2019-11-07,7.80,7.84,7.75,7.76,5334812
2019-11-08,7.65,7.69,7.61,7.63,5744329
2019-11-11,7.53,7.63,7.51,7.61,2959726
2019-11-12,7.62,7.68,7.59,7.63,3211791
2019-11-13,7.36,7.39,7.26,7.28,5801618
2019-11-14,7.29,7.31,7.17,7.21,4273927
2019-11-15,7.30,7.33,7.25,7.31,3548143
2019-11-18,7.26,7.35,7.23,7.35,2018986
2019-11-19,7.36,7.39,7.27,7.35,4584525
2019-11-20,7.27,7.32,7.22,7.30,5301043
2019-11-21,7.37,7.41,7.32,7.38,4026833
2019-11-22,7.37,7.43,7.34,7.36,3158082
2019-11-25,7.36,7.39,7.32,7.38,3589583
2019-11-26,7.31,7.32,7.27,7.29,3178929
2019-11-27,7.35,7.37,7.33,7.36,2867185
2019-11-29,7.26,7.26,7.20,7.21,2807378
2019-12-02,7.23,7.25,7.16,7.19,3894963
2019-12-03,7.07,7.08,7.01,7.06,4884211
2019-12-04,7.06,7.22,7.05,7.17,4000233
2019-12-05,7.20,7.23,7.14,7.18,2930596
2019-12-06,7.24,7.26,7.18,7.22,2117499
2019-12-09,7.25,7.31,7.21,7.21,3807540
2019-12-10,7.19,7.22,7.15,7.19,3888091
2019-12-11,7.28,7.31,7.26,7.26,2721794
2019-12-12,7.43,7.60,7.41,7.57,12541340
2019-12-13,7.57,7.71,7.46,7.48,5662689
2019-12-16,7.69,7.78,7.67,7.69,4439177
2019-12-17,7.73,7.82,7.72,7.81,4468116
2019-12-18,7.80,7.83,7.75,7.75,2734306
2019-12-19,7.82,7.92,7.81,7.89,2935502
2019-12-20,7.79,7.84,7.76,7.77,3000069
2019-12-23,7.70,7.72,7.65,7.67,3270148
2019-12-24,7.64,7.67,7.61,7.62,940979
2019-12-26,7.61,7.68,7.61,7.66,2243933
2019-12-27,7.75,7.77,7.69,7.69,2525156
2019-12-30,7.74,7.78,7.69,7.72,2841443
2019-12-31,7.70,7.79,7.67,7.78,2234429
2020-01-02,8.11,8.33,8.04,8.33,11434850
2020-01-03,8.08,8.18,8.06,8.12,5744472
2020-01-06,7.89,8.08,7.88,8.06,5566954
2020-01-07,8.17,8.29,8.14,8.25,4535477
2020-01-08,8.52,8.63,8.46,8.57,8386132
2020-01-09,8.62,8.63,8.55,8.61,4905222
2020-01-10,8.54,8.59,8.51,8.52,3734118
2020-01-13,8.43,8.49,8.39,8.48,4841393
2020-01-14,8.50,8.67,8.50,8.58,5661484
2020-01-15,8.51,8.51,8.40,8.41,5260750
2020-01-16,8.49,8.54,8.46,8.54,3089016
2020-01-17,8.46,8.47,8.41,8.42,4388864
2020-01-21,8.36,8.39,8.27,8.27,3883590
2020-01-22,8.34,8.42,8.32,8.40,3243180
2020-01-23,8.45,8.57,8.38,8.56,6494843
2020-01-24,8.67,8.69,8.51,8.57,8226052
2020-01-27,8.50,8.59,8.47,8.54,5431067
2020-01-28,8.60,8.67,8.54,8.67,3801326
2020-01-29,8.75,8.81,8.69,8.77,5691275
2020-01-30,9.06,9.31,9.02,9.30,11896530
2020-01-31,9.30,9.34,9.09,9.15,8241772
2020-02-03,9.00,9.09,8.95,8.96,5670330
2020-02-04,9.04,9.05,8.98,8.99,4721952
2020-02-05,9.12,9.12,9.02,9.11,5814911
2020-02-06,10.17,10.45,10.10,10.37,23345350
2020-02-07,10.39,10.47,10.32,10.41,5954297
2020-02-10,10.23,10.35,10.12,10.30,8158472
2020-02-11,10.43,10.65,10.37,10.50,7890221
2020-02-12,10.86,10.90,10.79,10.85,5476615
2020-02-13,10.99,11.13,10.95,11.02,8443364
2020-02-14,11.09,11.16,11.00,11.04,5973885
2020-02-18,10.73,10.79,10.68,10.71,6397484
2020-02-19,10.59,10.73,10.56,10.67,7628259
2020-02-20,10.70,10.81,10.58,10.67,6287826
2020-02-21,10.58,10.58,10.16,10.24,11119140
2020-02-24,9.68,9.77,9.59,9.64,10693840
2020-02-25,9.64,9.66,9.29,9.33,16133060
2020-02-26,9.58,9.73,9.44,9.45,8695382
2020-02-27,9.13,9.26,8.88,8.98,12148440
2020-02-28,8.66,8.80,8.47,8.72,9583771
2020-03-02,8.46,8.60,8.29,8.59,12264640
2020-03-03,8.58,8.65,8.07,8.14,15845560
2020-03-04,8.15,8.25,7.96,8.20,10606180
2020-03-05,7.83,7.95,7.70,7.75,11179990
2020-03-06,7.60,7.78,7.50,7.59,10970250
2020-03-09,6.60,6.93,6.59,6.62,13790370
2020-03-10,7.21,7.28,6.65,6.96,11166080
2020-03-11,6.77,6.88,6.40,6.51,18292360
2020-03-12,6.10,6.10,5.40,5.53,16434760
2020-03-13,6.15,6.17,5.55,5.97,10609870
2020-03-16,5.03,5.67,4.99,5.48,12521290
2020-03-17,5.49,5.85,5.38,5.79,11880610
2020-03-18,5.56,5.73,5.31,5.56,15663600
2020-03-19,5.77,6.05,5.62,5.86,13403120
2020-03-20,6.00,6.13,5.66,5.76,12969960
2020-03-23,6.00,6.08,5.84,5.84,11118950
2020-03-24,6.46,6.75,6.30,6.58,9838860
2020-03-25,6.77,7.12,6.53,6.88,10449070
2020-03-26,6.87,7.06,6.79,6.99,8199547
2020-03-27,6.50,6.62,6.41,6.47,6165211
2020-03-30,6.34,6.52,6.21,6.51,5937723
2020-03-31,6.36,6.59,6.33,6.42,5113991
2020-04-01,6.10,6.21,5.95,5.96,5716223
2020-04-02,6.02,6.32,5.92,6.02,6539395
2020-04-03,5.92,5.97,5.79,5.90,4594293
2020-04-06,6.34,6.40,6.21,6.38,5750318
2020-04-07,6.82,6.84,6.55,6.64,7775573
2020-04-08,6.59,6.62,6.44,6.54,4605047
2020-04-09,6.74,6.78,6.54,6.69,7326863
2020-04-13,6.66,6.67,6.44,6.52,3851730
2020-04-14,6.83,6.98,6.73,6.85,6054047
2020-04-15,6.31,6.38,6.14,6.23,7404076
2020-04-16,6.24,6.26,6.11,6.22,2359206
2020-04-17,6.50,6.56,6.38,6.54,4337295
2020-04-20,6.26,6.47,6.23,6.33,5056080
2020-04-21,6.10,6.26,6.03,6.08,6791261
2020-04-22,6.15,6.17,6.06,6.09,4357372
2020-04-23,6.10,6.41,6.08,6.18,5646148
2020-04-24,6.08,6.10,5.83,5.95,6439824
2020-04-27,6.47,6.72,6.43,6.69,9091582
2020-04-28,6.94,6.97,6.76,6.85,7676040
2020-04-29,7.48,7.76,7.41,7.67,12885530
2020-04-30,7.32,7.51,7.17,7.41,6193381
2020-05-01,7.30,7.30,7.10,7.15,5636558
2020-05-04,7.04,7.18,7.00,7.05,7268500
2020-05-05,7.09,7.14,6.95,6.97,4709581
2020-05-06,7.04,7.06,6.79,6.80,5273281
2020-05-07,6.97,7.12,6.96,6.99,5227232
2020-05-08,7.12,7.15,7.05,7.13,2759094
2020-05-11,6.93,6.97,6.83,6.93,4329837
2020-05-12,7.02,7.12,6.90,6.91,5591775
2020-05-13,6.82,6.82,6.53,6.60,5082177
2020-05-14,6.37,6.68,6.25,6.66,5277182
2020-05-15,6.47,6.50,6.39,6.44,5979838
2020-05-18,6.94,7.17,6.88,7.13,8496321
2020-05-19,7.15,7.22,7.04,7.06,7553232
2020-05-20,7.35,7.57,7.34,7.51,6453003
2020-05-21,7.42,7.50,7.33,7.36,2832432
2020-05-22,7.40,7.42,7.28,7.32,3174901
2020-05-26,7.96,8.28,7.96,8.21,9982457
2020-05-27,8.59,8.68,8.40,8.68,9086473
2020-05-28,8.72,8.78,8.49,8.51,8666587
2020-05-29,8.46,8.53,8.33,8.40,5230577
2020-06-01,8.47,8.72,8.44,8.69,4256390
2020-06-02,8.91,9.01,8.84,8.90,6240397
2020-06-03,8.97,9.26,8.94,9.22,7084000
2020-06-04,9.36,9.62,9.29,9.49,8666640
2020-06-05,9.87,9.90,9.67,9.69,8949277
2020-06-08,10.33,10.40,10.02,10.20,10254810
2020-06-09,9.81,9.91,9.64,9.82,7490265
2020-06-10,10.13,10.15,9.76,9.78,7838478
2020-06-11,9.36,9.50,8.95,9.00,9508308
2020-06-12,9.48,9.54,9.20,9.39,7074688
2020-06-15,9.09,9.54,9.06,9.47,4497694
2020-06-16,9.74,9.76,9.32,9.55,4582310
2020-06-17,9.57,9.61,9.34,9.34,5251399
2020-06-18,9.08,9.31,9.04,9.24,5371288
2020-06-19,9.45,9.47,9.15,9.22,3718869
2020-06-22,9.30,9.46,9.24,9.35,5747380
2020-06-23,9.76,9.80,9.54,9.55,4365652
2020-06-24,9.37,9.40,9.08,9.12,3926216
2020-06-25,9.29,9.58,9.28,9.57,4898414
2020-06-26,9.35,9.36,8.99,9.00,6531881
2020-06-29,9.45,9.56,9.34,9.46,4163992
2020-06-30,9.36,9.56,9.35,9.52,3566447
2020-07-01,9.48,9.58,9.30,9.32,4649692
2020-07-02,9.71,9.81,9.51,9.53,4819496
2020-07-06,10.02,10.07,9.88,9.95,5252569
2020-07-07,9.94,9.98,9.82,9.82,2921972
2020-07-08,9.83,10.00,9.83,10.00,3390353
2020-07-09,9.96,9.98,9.68,9.72,4721587
2020-07-10,9.76,10.10,9.76,10.10,4689165
2020-07-13,9.92,9.95,9.70,9.73,5412898
2020-07-14,9.88,10.04,9.85,10.02,5456954
2020-07-15,10.24,10.26,10.10,10.19,4563502
2020-07-16,10.02,10.13,9.96,10.04,3959741
2020-07-17,9.94,10.02,9.91,9.97,3163154
2020-07-20,10.02,10.18,10.01,10.18,2580601
2020-07-21,9.81,9.86,9.70,9.74,4770865
2020-07-22,9.88,9.93,9.78,9.83,3463961
2020-07-23,9.64,9.70,9.55,9.62,3074057
2020-07-24,9.68,9.74,9.59,9.61,2643070
2020-07-27,9.53,9.57,9.48,9.55,1890791
2020-07-28,9.40,9.47,9.32,9.45,3287678
2020-07-29,8.98,9.25,8.94,9.22,11404410
2020-07-30,8.68,9.03,8.61,9.00,7392671
2020-07-31,9.14,9.20,8.90,8.92,3462399
2020-08-03,9.06,9.24,9.01,9.22,2546694
2020-08-04,9.16,9.25,9.14,9.25,2497276
2020-08-05,9.34,9.41,9.33,9.34,3754763
2020-08-06,9.17,9.25,9.12,9.22,1708529
2020-08-07,9.02,9.23,9.00,9.22,2508662
2020-08-10,9.35,9.43,9.34,9.42,2065312
2020-08-11,9.64,9.74,9.55,9.56,3508447
2020-08-12,9.86,9.87,9.64,9.71,3164574
2020-08-13,9.55,9.68,9.53,9.55,2497889
2020-08-14,9.38,9.59,9.37,9.52,2105670
2020-08-17,9.56,9.58,9.43,9.46,1870135
2020-08-18,9.50,9.52,9.38,9.40,1701625
2020-08-19,9.52,9.67,9.52,9.54,2161675
2020-08-20,9.34,9.39,9.31,9.34,2331830
2020-08-21,9.09,9.22,9.07,9.18,2635384
2020-08-24,9.36,9.60,9.29,9.59,4158631
2020-08-25,9.78,9.83,9.59,9.64,2338099
2020-08-26,9.81,9.86,9.74,9.81,2984751
2020-08-27,9.78,9.82,9.71,9.73,2388633
2020-08-28,9.91,9.93,9.74,9.89,4900404
2020-08-31,9.79,9.80,9.52,9.53,3877354
2020-09-01,9.47,9.59,9.41,9.52,3344698
2020-09-02,9.35,9.46,9.29,9.45,2765204
2020-09-03,9.51,9.58,9.23,9.29,3552813
2020-09-04,9.66,9.79,9.49,9.73,4747384
2020-09-08,9.39,9.46,9.27,9.41,8427258
2020-09-09,9.41,9.50,9.37,9.42,3082867
2020-09-10,9.63,9.68,9.35,9.35,2899590
2020-09-11,9.28,9.32,9.18,9.26,3161740
2020-09-14,9.34,9.41,9.29,9.34,2016691
2020-09-15,9.27,9.27,9.10,9.10,2069730
2020-09-16,9.11,9.33,9.06,9.29,3078306
2020-09-17,9.12,9.26,9.10,9.24,2295581
2020-09-18,9.12,9.19,9.04,9.09,3089016
2020-09-21,8.37,8.45,8.19,8.34,12788890
2020-09-22,8.32,8.39,8.10,8.14,4681059
2020-09-23,8.24,8.32,8.00,8.05,5217430
2020-09-24,8.08,8.22,8.01,8.11,3842216
2020-09-25,7.90,8.01,7.84,8.00,5571021
2020-09-28,8.29,8.51,8.26,8.43,4359602
2020-09-29,8.35,8.39,8.22,8.27,4034016
2020-09-30,8.40,8.57,8.36,8.40,4516292
2020-10-01,8.34,8.42,8.28,8.36,4289997
2020-10-02,8.30,8.55,8.29,8.50,3401567
2020-10-05,8.56,8.71,8.55,8.70,5380463
2020-10-06,9.07,9.20,8.99,9.01,7807205
2020-10-07,9.18,9.27,9.14,9.23,4203936
2020-10-08,9.37,9.40,9.29,9.36,4654976
2020-10-09,9.39,9.39,9.22,9.28,2246446
2020-10-12,9.24,9.35,9.22,9.34,2491167
2020-10-13,9.28,9.29,9.07,9.11,2696182
2020-10-14,9.10,9.14,9.06,9.06,2282592
2020-10-15,8.85,9.03,8.83,9.02,2347743
2020-10-16,9.10,9.29,9.07,9.25,3416349
2020-10-19,9.33,9.49,9.26,9.28,2905228
2020-10-20,9.60,9.78,9.59,9.60,3616456
2020-10-21,9.55,9.61,9.38,9.41,3921804
2020-10-22,9.30,9.48,9.29,9.45,3170032
2020-10-23,9.74,9.74,9.55,9.65,4096478
2020-10-26,9.65,9.66,9.45,9.54,4411538
2020-10-27,9.51,9.53,9.24,9.25,3404929
2020-10-28,9.30,9.32,9.05,9.25,8499931
2020-10-29,9.18,9.41,9.08,9.24,4710349
2020-10-30,9.24,9.28,9.12,9.25,4411337
2020-11-02,9.50,9.68,9.48,9.64,4668430
2020-11-03,9.87,10.00,9.86,9.96,9659465
2020-11-04,10.05,10.08,9.89,9.92,4692451
2020-11-05,9.94,10.14,9.94,10.05,4483912
2020-11-06,10.21,10.23,10.11,10.15,2799631
2020-11-09,10.85,10.89,10.41,10.62,10897180
2020-11-10,10.72,10.80,10.58,10.72,10802620
2020-11-11,10.54,10.58,10.45,10.48,4805650
2020-11-12,10.36,10.55,10.34,10.41,2860748
2020-11-13,10.61,10.75,10.60,10.73,3894949
2020-11-16,10.87,10.88,10.72,10.79,4010849
2020-11-17,10.81,10.85,10.75,10.82,8973125
2020-11-18,10.89,10.91,10.71,10.72,6422223
2020-11-19,10.61,10.76,10.56,10.75,2535629
2020-11-20,10.67,10.74,10.61,10.69,2925937
2020-11-23,10.98,11.09,10.95,11.04,5469344
2020-11-24,11.15,11.51,11.15,11.46,4063461
2020-11-25,11.34,11.41,11.22,11.37,2412971
2020-11-27,11.35,11.42,11.30,11.36,1208860
2020-11-30,11.43,11.44,11.11,11.12,3192618
2020-12-01,11.31,11.50,11.29,11.45,5011714
2020-12-02,11.42,11.60,11.38,11.58,2519493
2020-12-03,11.78,11.89,11.74,11.77,3703313
2020-12-04,11.92,11.96,11.72,11.77,3220895
2020-12-07,11.68,11.69,11.52,11.58,2127321
2020-12-08,11.48,11.52,11.40,11.44,1671027
2020-12-09,11.35,11.43,11.16,11.23,2750743
2020-12-10,11.00,11.10,10.96,11.00,3543601
2020-12-11,10.79,10.81,10.61,10.62,2789983
2020-12-14,10.79,10.86,10.60,10.61,3397844
2020-12-15,10.80,10.91,10.72,10.85,2656412
2020-12-16,11.07,11.09,10.86,10.95,2361738
2020-12-17,11.13,11.17,11.10,11.13,2649095
2020-12-18,11.10,11.12,10.99,11.07,2592037
2020-12-21,10.53,10.68,10.48,10.65,3684910
2020-12-22,10.72,10.74,10.61,10.62,2217256
2020-12-23,10.75,10.96,10.74,10.93,1987046
2020-12-24,10.96,10.97,10.80,10.85,699674
2020-12-28,11.20,11.28,11.17,11.19,2879146
2020-12-29,11.12,11.17,10.90,10.94,2174615
2020-12-30,10.95,11.00,10.86,10.89,965464
2020-12-31,10.85,10.91,10.81,10.90,1244414
2021-01-04,10.89,10.97,10.68,10.74,2363028
2021-01-05,10.84,10.99,10.81,10.94,2260149
2021-01-06,11.34,11.62,11.32,11.53,4083529
2021-01-07,11.56,11.76,11.54,11.68,2812686
2021-01-08,11.82,11.82,11.52,11.66,2706789
2021-01-11,11.45,11.66,11.42,11.65,2184340
2021-01-12,11.82,11.85,11.73,11.81,2561750
2021-01-13,11.63,11.73,11.57,11.72,1650494
2021-01-14,12.00,12.15,11.99,12.13,3516515
2021-01-15,11.77,11.82,11.57,11.62,2754711
2021-01-19,11.49,11.51,11.23,11.25,3484582
2021-01-20,11.23,11.26,11.07,11.11,1900383
2021-01-21,11.25,11.26,11.08,11.18,1788709
2021-01-22,10.88,10.96,10.82,10.89,1905686
2021-01-25,10.57,10.60,10.22,10.50,5735610
2021-01-26,10.71,10.74,10.62,10.67,2288748
2021-01-27,10.35,10.40,10.10,10.29,3177369
2021-01-28,10.40,10.58,10.40,10.49,1979870
2021-01-29,10.32,10.34,10.08,10.12,2844308
2021-02-01,10.28,10.37,10.22,10.37,2324894
2021-02-02,10.37,10.47,10.35,10.45,2948643
2021-02-03,10.41,10.57,10.38,10.54,3147398
2021-02-04,10.38,10.53,10.36,10.41,3654652
2021-02-05,10.43,10.44,10.28,10.32,2370830
2021-02-08,10.46,10.63,10.46,10.56,2265492
2021-02-09,10.50,10.51,10.41,10.47,1340147
2021-02-10,10.68,10.72,10.54,10.59,2823952
2021-02-11,10.72,10.77,10.61,10.68,1701535
2021-02-12,10.75,10.92,10.73,10.89,3024866
2021-02-16,11.14,11.38,11.08,11.35,4335344
2021-02-17,11.43,11.44,11.18,11.27,2118828
2021-02-18,11.31,11.32,11.07,11.17,2607838
2021-02-19,11.42,11.66,11.41,11.63,3508068
2021-02-22,11.74,12.06,11.73,11.99,4548911
2021-02-23,12.07,12.11,11.77,12.03,4717562
2021-02-24,12.10,12.45,12.09,12.44,4557401
2021-02-25,13.04,13.19,12.71,12.75,8832199
2021-02-26,12.60,12.61,12.26,12.27,5145674
2021-03-01,12.58,12.69,12.52,12.63,3783101
2021-03-02,12.64,12.72,12.60,12.63,2778975
2021-03-03,12.72,13.01,12.69,12.83,4599778
2021-03-04,12.44,12.56,12.18,12.34,5420702
2021-03-05,12.82,12.89,12.56,12.71,5257246
2021-03-08,13.17,13.37,13.03,13.15,8215779
2021-03-09,12.65,12.84,12.56,12.69,6059775
2021-03-10,12.69,12.84,12.61,12.82,4021295
2021-03-11,12.51,12.63,12.36,12.54,3920162
2021-03-12,12.69,12.83,12.67,12.72,3060900
2021-03-15,12.58,12.60,12.33,12.50,3226309
2021-03-16,12.49,12.50,12.30,12.38,2850217
2021-03-17,12.51,12.63,12.44,12.60,3917213
2021-03-18,12.93,13.20,12.88,12.94,5506353
2021-03-19,12.64,12.74,12.44,12.66,3570220
2021-03-22,12.59,12.64,12.46,12.61,2853349
2021-03-23,12.46,12.49,12.27,12.29,3240033
2021-03-24,12.45,12.59,12.40,12.40,3279351
2021-03-25,12.28,12.39,12.06,12.34,9969399
2021-03-26,12.43,12.54,12.23,12.35,3118997
2021-03-29,11.98,12.05,11.89,11.95,7228349
2021-03-30,12.05,12.14,12.02,12.11,9162871
2021-03-31,12.07,12.28,11.95,12.00,6214594
2021-04-01,12.06,12.16,12.01,12.12,2568640
2021-04-05,12.20,12.25,12.13,12.21,2024153
2021-04-06,12.29,12.35,12.21,12.26,2426367
2021-04-07,12.34,12.48,12.33,12.47,2993905
2021-04-08,12.28,12.38,12.16,12.36,2369206
2021-04-09,12.28,12.34,12.23,12.32,1739523
2021-04-12,12.32,12.40,12.32,12.40,2407700
2021-04-13,12.29,12.32,12.20,12.28,2771331
2021-04-14,12.34,12.52,12.31,12.37,2225142
2021-04-15,12.37,12.37,12.20,12.29,2208375
2021-04-16,12.50,12.55,12.43,12.55,1592314
2021-04-19,12.54,12.65,12.49,12.52,2845335
2021-04-20,12.32,12.32,11.95,11.97,3196474
2021-04-21,11.69,11.97,11.66,11.97,2472517
2021-04-22,11.79,11.82,11.68,11.69,2032842
2021-04-23,11.72,11.93,11.70,11.88,2348448
2021-04-26,12.06,12.18,12.06,12.14,1991683
2021-04-27,12.19,12.36,12.13,12.35,2852242
2021-04-28,13.57,13.75,13.45,13.72,11250450
2021-04-29,13.87,14.20,13.86,14.20,7843907
2021-04-30,14.10,14.17,13.95,14.00,3172714
2021-05-03,13.78,13.85,13.68,13.74,3420047
2021-05-04,13.37,13.53,13.16,13.40,6193704
2021-05-05,13.56,13.66,13.46,13.59,1848880
2021-05-06,13.71,13.88,13.57,13.87,3804046
2021-05-07,13.76,14.15,13.73,14.14,4765129
2021-05-10,13.94,14.11,13.83,13.84,5560687
2021-05-11,13.67,13.86,13.56,13.80,5260127
2021-05-12,13.94,14.13,13.78,13.83,5487605
2021-05-13,13.84,14.12,13.83,14.09,3068288
2021-05-14,14.28,14.43,14.28,14.40,3560378
2021-05-17,14.17,14.34,14.11,14.32,4054449
2021-05-18,14.37,14.42,14.29,14.29,3922339
2021-05-19,14.18,14.32,13.99,14.27,3612752
2021-05-20,14.35,14.41,14.20,14.37,3743786
2021-05-21,14.59,14.75,14.56,14.73,3775211
2021-05-24,14.70,15.22,14.70,15.03,6481984
2021-05-25,15.18,15.34,14.82,14.82,7435798
2021-05-26,14.70,14.94,14.65,14.88,3545253
2021-05-27,14.95,15.05,14.87,15.03,3078513
2021-05-28,14.89,15.15,14.84,15.09,3409642
2021-06-01,15.17,15.28,15.13,15.16,2696322
2021-06-02,15.19,15.22,15.09,15.18,2693223
2021-06-03,15.15,15.26,15.14,15.19,2426083
2021-06-04,15.12,15.15,15.00,15.12,2480881
2021-06-07,15.01,15.17,14.97,15.08,2461167
2021-06-08,14.87,15.02,14.77,14.92,2730609
2021-06-09,14.73,14.75,14.53,14.60,3556187
2021-06-10,14.64,14.69,14.32,14.32,3337005
2021-06-11,14.21,14.27,14.10,14.17,4031008
2021-06-14,14.15,14.21,13.96,13.99,2806837
2021-06-15,13.97,14.17,13.96,14.14,2893237
2021-06-16,13.81,13.87,13.61,13.75,4880208
2021-06-17,13.91,13.94,13.33,13.40,5803273
2021-06-18,13.10,13.18,12.93,12.94,6287746
2021-06-21,13.05,13.20,13.04,13.18,3346477
2021-06-22,12.95,13.06,12.91,13.00,3044223
2021-06-23,13.00,13.08,12.93,12.96,2298265
2021-06-24,13.06,13.24,13.00,13.23,2441376
2021-06-25,13.21,13.33,13.15,13.31,4149916
2021-06-28,13.19,13.21,12.97,13.09,4187224
2021-06-29,13.25,13.30,13.09,13.11,2792689
2021-06-30,12.96,13.12,12.94,13.08,2647519
2021-07-01,13.15,13.21,13.10,13.15,2621774
2021-07-02,13.09,13.10,12.92,13.00,1803351
2021-07-06,12.87,12.87,12.52,12.56,4142311
2021-07-07,12.39,12.49,12.25,12.35,3552904
2021-07-08,12.09,12.16,11.97,12.01,5072769
2021-07-09,12.36,12.57,12.27,12.55,3359078
2021-07-12,12.41,12.64,12.30,12.56,3161279
2021-07-13,12.37,12.40,12.21,12.32,2639155
2021-07-14,12.45,12.51,12.24,12.34,2921791
2021-07-15,12.17,12.37,12.13,12.25,2717044
2021-07-16,12.19,12.20,11.89,11.91,3588248
2021-07-19,11.68,11.71,11.54,11.71,3451706
2021-07-20,11.59,11.94,11.54,11.87,3233046
2021-07-21,12.27,12.48,12.27,12.45,3605392
2021-07-22,12.45,12.46,12.19,12.28,2851346
2021-07-23,12.51,12.53,12.37,12.43,3321991
2021-07-26,12.47,12.65,12.46,12.55,3077321
2021-07-27,12.40,12.58,12.36,12.52,3384213
2021-07-28,12.55,12.62,12.32,12.54,3568074
2021-07-29,12.89,13.08,12.78,12.90,7145128
2021-07-30,12.72,12.82,12.46,12.51,3834841
2021-08-02,12.60,12.77,12.38,12.40,3915851
2021-08-03,12.49,12.50,12.27,12.46,3099280
2021-08-04,12.36,12.47,12.30,12.32,3140335
2021-08-05,12.46,12.63,12.44,12.55,2388989
2021-08-06,12.68,12.74,12.63,12.70,2470213
2021-08-09,12.66,12.92,12.59,12.80,4087969
2021-08-10,12.67,12.79,12.64,12.72,2285825
2021-08-11,12.89,12.96,12.84,12.95,2374364
2021-08-12,12.92,12.98,12.76,12.85,2349115
2021-08-13,12.96,12.99,12.86,12.96,2810664
2021-08-16,12.81,12.81,12.67,12.73,2356529
2021-08-17,12.50,12.56,12.29,12.45,4100644
2021-08-18,12.51,12.67,12.45,12.45,3188754
2021-08-19,12.34,12.40,12.20,12.25,5251635
2021-08-20,12.14,12.29,12.10,12.28,2465728
2021-08-23,12.31,12.41,12.28,12.38,2037044
2021-08-24,12.45,12.55,12.45,12.53,1958362
2021-08-25,12.64,12.73,12.56,12.68,1804907
2021-08-26,12.51,12.56,12.28,12.28,2280448
2021-08-27,12.22,12.44,12.22,12.42,1670903
2021-08-30,12.39,12.41,12.22,12.23,2769576
2021-08-31,12.35,12.43,12.29,12.35,2617705
2021-09-01,12.50,12.57,12.43,12.50,2819583
2021-09-02,12.49,12.55,12.41,12.45,1501172
2021-09-03,12.55,12.62,12.47,12.56,2181930
2021-09-07,12.75,12.88,12.74,12.80,2972004
2021-09-08,12.84,12.89,12.70,12.73,3186992
2021-09-09,12.69,12.89,12.65,12.72,3424720
2021-09-10,12.93,12.95,12.71,12.72,4325349
2021-09-13,12.93,13.15,12.87,13.11,5026021
2021-09-14,13.12,13.20,12.83,12.85,4482075
2021-09-15,12.95,13.07,12.92,13.04,3381395
2021-09-16,13.10,13.13,13.02,13.12,2152785
2021-09-17,13.18,13.24,12.88,12.91,3424880
2021-09-20,12.23,12.25,11.85,11.96,7870208
2021-09-21,12.04,12.09,11.80,11.86,3787870
2021-09-22,12.19,12.41,12.18,12.26,4481420
2021-09-23,12.39,12.52,12.34,12.49,2925013
2021-09-24,12.59,12.72,12.59,12.70,2864272
2021-09-27,12.87,13.06,12.86,13.00,3697385
2021-09-28,12.98,13.06,12.64,12.73,3657199
2021-09-29,12.71,12.81,12.60,12.79,3176241
2021-09-30,12.84,12.89,12.65,12.70,3294199
2021-10-01,12.52,12.63,12.44,12.59,3105246
2021-10-04,12.47,12.63,12.31,12.34,3821902
2021-10-05,12.55,12.85,12.48,12.79,3716585
2021-10-06,12.65,12.81,12.53,12.80,3323793
2021-10-07,13.12,13.29,13.07,13.08,3944762
2021-10-08,13.20,13.29,13.14,13.22,3017643
2021-10-11,13.32,13.38,13.16,13.16,3309003
2021-10-12,13.16,13.22,13.06,13.10,4859895
2021-10-13,12.86,12.87,12.59,12.71,3896994
2021-10-14,12.95,12.97,12.78,12.92,4353975
2021-10-15,13.28,13.38,13.16,13.28,4990544
2021-10-18,13.29,13.38,13.21,13.29,3891412
2021-10-19,13.32,13.37,13.20,13.36,4501062
2021-10-20,13.14,13.50,13.07,13.50,5345853
2021-10-21,13.50,13.63,13.42,13.49,3256870
2021-10-22,13.55,13.64,13.44,13.63,3240447
2021-10-25,13.58,13.64,13.46,13.53,3531896
2021-10-26,13.62,13.84,13.61,13.80,4381951
2021-10-27,13.13,13.15,12.75,12.76,10079550
2021-10-28,12.93,13.02,12.86,12.99,3875391
2021-10-29,12.95,13.01,12.77,12.82,2704856
2021-11-01,13.10,13.22,13.06,13.21,3676916
2021-11-02,13.01,13.16,12.95,13.13,2548273
2021-11-03,13.14,13.40,13.12,13.37,2904052
2021-11-04,13.12,13.12,12.69,12.75,4629251
2021-11-05,12.93,12.99,12.80,12.86,2934031
2021-11-08,12.93,13.07,12.87,12.90,2582859
2021-11-09,12.83,12.88,12.69,12.76,3230709
2021-11-10,12.79,12.86,12.64,12.66,2250027
2021-11-11,12.76,12.89,12.74,12.87,2104959
2021-11-12,12.66,12.80,12.62,12.76,2391443
2021-11-15,12.81,12.85,12.69,12.72,2003969
2021-11-16,12.80,12.83,12.68,12.71,1297657
2021-11-17,12.92,13.00,12.87,12.96,2594174
2021-11-18,12.92,12.97,12.80,12.88,2557053
2021-11-19,12.31,12.31,12.13,12.17,5966805
2021-11-22,12.17,12.27,12.12,12.14,2877750
2021-11-23,12.52,12.61,12.48,12.57,4079210
2021-11-24,12.72,12.84,12.71,12.83,6104063
2021-11-26,12.29,12.31,12.10,12.24,4814988
2021-11-29,12.24,12.30,12.00,12.18,4510132
2021-11-30,12.13,12.23,11.90,12.02,4779890
2021-12-01,12.36,12.43,12.02,12.02,3739556
2021-12-02,12.27,12.48,12.22,12.41,3646704
2021-12-03,12.30,12.30,12.02,12.09,3327486
2021-12-06,12.44,12.67,12.38,12.52,4829844
2021-12-07,12.72,12.89,12.71,12.79,3676149
2021-12-08,12.85,12.95,12.69,12.90,4174534
2021-12-09,12.52,12.56,12.42,12.43,3186872
2021-12-10,12.41,12.43,12.31,12.41,1749645
2021-12-13,12.34,12.36,12.17,12.20,2282366
2021-12-14,12.29,12.49,12.28,12.31,2821912
2021-12-15,12.31,12.33,12.15,12.23,2770914
2021-12-16,12.56,12.60,12.39,12.45,2807469
2021-12-17,12.36,12.37,12.21,12.25,2734014
2021-12-20,12.16,12.23,11.98,12.16,3973677
2021-12-21,12.33,12.45,12.32,12.40,3112435
2021-12-22,12.33,12.47,12.28,12.45,2285847
2021-12-23,12.62,12.70,12.62,12.62,1791343
2021-12-27,12.67,12.79,12.60,12.78,1390023
2021-12-28,12.71,12.79,12.67,12.70,1581791
2021-12-29,12.62,12.65,12.57,12.59,1762949
2021-12-30,12.52,12.66,12.50,12.52,1305742
2021-12-31,12.49,12.54,12.43,12.50,1155121
2022-01-03,12.72,12.86,12.71,12.82,3078166
2022-01-04,13.17,13.28,13.15,13.22,3269159
2022-01-05,13.45,13.52,13.16,13.17,3990500
2022-01-06,13.78,13.90,13.61,13.84,6002922
2022-01-07,13.98,14.12,13.94,14.09,3620888
2022-01-10,14.09,14.12,13.65,13.88,7580717
2022-01-11,13.91,14.14,13.86,14.13,3529262
2022-01-12,14.01,14.07,13.92,14.01,3013575
2022-01-13,13.89,14.07,13.83,13.85,3433826
2022-01-14,13.52,13.79,13.51,13.79,3061113
2022-01-18,13.62,13.63,13.39,13.50,2426584
2022-01-19,13.54,13.58,13.23,13.24,3441628
2022-01-20,13.22,13.33,13.04,13.06,4472268
2022-01-21,12.98,13.03,12.81,12.81,5837976
2022-01-24,12.29,12.45,11.95,12.43,6643953
2022-01-25,12.36,12.68,12.18,12.59,4586529
2022-01-26,12.94,13.31,12.79,12.94,6210748
2022-01-27,13.37,13.42,12.99,13.18,5776050
2022-01-28,13.30,13.49,13.18,13.49,4303062
2022-01-31,13.72,13.91,13.68,13.89,4053637
2022-02-01,14.04,14.40,14.00,14.39,4878059
2022-02-02,14.47,14.51,14.27,14.41,4368009
2022-02-03,15.04,15.28,14.93,15.12,9375605
2022-02-04,15.37,15.89,15.35,15.75,8195797
2022-02-07,15.51,15.75,15.45,15.66,7064677
2022-02-08,16.31,16.47,16.03,16.42,9712380
2022-02-09,16.26,16.54,16.23,16.39,5760238
2022-02-10,16.45,16.70,16.37,16.50,5966838
2022-02-11,16.14,16.41,15.54,15.70,9589135
2022-02-14,15.76,15.82,15.45,15.63,7438656
2022-02-15,15.77,16.00,15.75,15.95,4136311
2022-02-16,15.68,15.88,15.67,15.77,3350076
2022-02-17,15.60,15.65,15.35,15.45,3349254
2022-02-18,15.44,15.54,15.26,15.31,4607122
2022-02-22,14.87,15.15,14.66,14.86,8492944
2022-02-23,14.63,14.77,14.29,14.36,6280950
2022-02-24,12.70,12.97,12.27,12.77,22927140
2022-02-25,13.43,13.47,13.26,13.44,9151000
2022-02-28,12.32,12.73,12.32,12.43,10572720
2022-03-01,11.92,11.99,11.27,11.36,13200980
2022-03-02,11.51,11.78,11.35,11.60,9863444
2022-03-03,11.60,11.62,11.09,11.17,8341278
2022-03-04,10.27,10.29,9.85,9.98,14439540
2022-03-07,9.94,10.08,9.46,9.53,12196150
2022-03-08,10.37,10.63,9.88,10.23,17509830
2022-03-09,10.72,11.06,10.59,10.87,14426350
2022-03-10,10.81,10.93,10.54,10.74,9925781
2022-03-11,10.72,10.81,10.24,10.25,9061260
2022-03-14,11.19,11.40,10.99,11.13,12142620
2022-03-15,11.33,11.52,11.17,11.37,9220480
2022-03-16,11.91,12.29,11.85,12.21,11252630
2022-03-17,11.96,12.27,11.88,12.27,6480540
2022-03-18,12.00,12.29,11.96,12.28,5129658
2022-03-21,12.35,12.43,12.15,12.25,4155973
2022-03-22,12.74,12.98,12.74,12.98,5310952
2022-03-23,12.66,12.82,12.57,12.68,6070398
2022-03-24,12.64,12.81,12.60,12.75,4556251
2022-03-25,12.83,12.99,12.78,12.89,3491226
2022-03-28,12.97,13.00,12.68,12.91,5660184
2022-03-29,13.30,13.36,13.14,13.23,4992257
2022-03-30,13.11,13.14,12.87,12.93,4205898
2022-03-31,12.95,13.00,12.64,12.65,4490283
2022-04-01,13.17,13.20,12.89,13.10,6761549
2022-04-04,12.99,13.13,12.90,13.04,3770894
2022-04-05,12.97,12.99,12.75,12.79,3427645
2022-04-06,12.40,12.52,12.26,12.44,4642506
2022-04-07,12.71,12.79,12.39,12.63,5354901
2022-04-08,12.69,12.91,12.69,12.81,3372868
2022-04-11,12.95,13.12,11.94,11.99,20860230
2022-04-12,11.86,11.96,11.60,11.69,11347500
2022-04-13,11.58,11.93,11.55,11.92,4733789
2022-04-14,11.88,11.92,11.69,11.75,5115834
2022-04-18,11.71,11.93,11.69,11.82,2472972
2022-04-19,11.79,11.97,11.78,11.93,4069871
2022-04-20,12.19,12.23,12.04,12.09,5786733
2022-04-21,12.49,12.54,12.10,12.17,8674933
2022-04-22,12.04,12.09,11.70,11.78,8505094
2022-04-25,11.42,11.48,11.07,11.43,6878741
2022-04-26,11.02,11.15,10.76,10.88,10402560
2022-04-27,10.11,10.24,9.96,10.13,11462750
2022-04-28,10.21,10.29,9.98,10.24,8006943
2022-04-29,10.09,10.20,9.85,9.88,7422022
2022-05-02,10.03,10.11,9.87,10.08,6098471
2022-05-03,10.34,10.47,10.30,10.43,5456113
2022-05-04,10.32,10.70,10.30,10.64,6445133
2022-05-05,10.25,10.26,9.81,9.89,8218660
2022-05-06,9.88,9.95,9.72,9.84,6045416
2022-05-09,9.65,9.68,9.43,9.50,6421077
2022-05-10,9.79,9.82,9.51,9.73,6605096
2022-05-11,9.72,9.94,9.50,9.51,4923346
2022-05-12,9.27,9.55,9.16,9.44,5600489
2022-05-13,9.62,9.82,9.62,9.71,4665853
2022-05-16,9.67,9.74,9.55,9.68,3005510
2022-05-17,10.04,10.15,10.01,10.12,3355224
2022-05-18,10.05,10.09,9.79,9.83,3784124
2022-05-19,9.86,10.17,9.86,10.10,5664341
2022-05-20,9.94,9.97,9.69,9.91,3941220
2022-05-23,10.52,10.75,10.42,10.65,6446985
2022-05-24,10.91,11.00,10.76,10.89,9832324
2022-05-25,10.76,11.13,10.76,11.02,4555953
2022-05-26,11.05,11.26,11.03,11.19,4582625
2022-05-27,11.19,11.25,11.10,11.25,2469970
2022-05-31,11.16,11.24,11.12,11.18,2634708
2022-06-01,11.13,11.16,10.88,10.97,4070958
2022-06-02,10.99,11.06,10.90,11.05,2328466
2022-06-03,10.95,10.99,10.87,10.93,1666730
2022-06-06,11.17,11.26,11.08,11.14,2089681
2022-06-07,10.91,11.14,10.91,11.13,2731211
2022-06-08,10.87,10.96,10.74,10.79,2638130
2022-06-09,10.73,10.75,10.52,10.54,3663234
2022-06-10,10.14,10.15,9.88,9.98,6600995
2022-06-13,9.61,9.77,9.57,9.63,5535868
2022-06-14,9.73,9.78,9.50,9.59,3498261
2022-06-15,9.85,10.08,9.78,9.99,3995933
2022-06-16,9.79,9.93,9.69,9.83,4448561
2022-06-17,9.90,9.99,9.80,9.91,2896741
2022-06-21,10.25,10.35,10.18,10.22,2968203
2022-06-22,10.16,10.33,10.13,10.22,2538628
2022-06-23,9.43,9.56,8.96,9.08,13343610
2022-06-24,9.21,9.46,9.17,9.46,5243691
2022-06-27,9.47,9.49,9.25,9.39,3768392
2022-06-28,9.38,9.55,9.19,9.21,5005812
2022-06-29,9.12,9.12,8.89,8.97,4879361
2022-06-30,8.60,8.81,8.46,8.74,5274880
2022-07-01,8.32,8.48,8.22,8.46,6398670
2022-07-05,7.94,8.19,7.84,8.18,9360645
2022-07-06,7.92,7.97,7.82,7.95,7356862
2022-07-07,8.04,8.18,8.02,8.07,5274793
2022-07-08,8.31,8.35,8.17,8.31,4093738
2022-07-11,8.04,8.05,7.89,7.94,5476385
2022-07-12,7.68,8.03,7.67,7.87,5351043
2022-07-13,7.80,7.90,7.66,7.81,6917861
2022-07-14,7.68,7.74,7.54,7.67,7861702
2022-07-15,7.74,7.94,7.67,7.91,6200711
2022-07-18,8.20,8.29,8.12,8.15,5355822
2022-07-19,8.44,8.72,8.41,8.63,9483473
2022-07-20,8.58,8.60,8.35,8.42,6562494
2022-07-21,8.51,8.70,8.49,8.70,5026790
2022-07-22,8.47,8.52,8.34,8.40,4584995
2022-07-25,8.56,8.68,8.48,8.57,4950430
2022-07-26,8.23,8.30,8.19,8.26,6107692
2022-07-27,8.09,8.37,8.04,8.34,6751560
2022-07-28,8.49,8.63,8.44,8.62,5159218
2022-07-29,8.59,8.74,8.55,8.71,3757045
2022-08-01,8.69,8.76,8.56,8.63,3066341
2022-08-02,8.61,8.64,8.50,8.51,2341642
2022-08-03,8.65,8.77,8.60,8.73,3749049
2022-08-04,8.77,8.83,8.71,8.82,4335570
2022-08-05,8.82,8.96,8.82,8.91,3065383
2022-08-08,8.93,9.03,8.91,8.93,2476625
2022-08-09,8.96,9.01,8.88,8.91,1914028
2022-08-10,9.04,9.18,9.04,9.11,3558189
2022-08-11,9.21,9.28,9.13,9.14,3161518
2022-08-12,9.32,9.37,9.26,9.37,2555236
2022-08-15,9.14,9.17,9.06,9.15,1820442
2022-08-16,9.14,9.24,9.11,9.21,4011220
2022-08-17,8.99,9.07,8.95,8.99,2980961
2022-08-18,9.01,9.02,8.90,8.96,2227801
2022-08-19,8.68,8.68,8.49,8.53,5161110
2022-08-22,8.37,8.40,8.24,8.39,4311128
2022-08-23,8.35,8.44,8.28,8.32,5029610
2022-08-24,8.20,8.37,8.17,8.31,3313381
2022-08-25,8.29,8.43,8.29,8.41,2958724
2022-08-26,8.47,8.48,8.09,8.11,5279036
2022-08-29,8.19,8.28,8.13,8.24,2740912
2022-08-30,8.46,8.49,8.31,8.41,4528386
2022-08-31,8.39,8.44,8.30,8.31,3415310
2022-09-01,8.18,8.21,8.00,8.20,5161991
2022-09-02,8.42,8.64,8.19,8.27,7062352
2022-09-06,8.31,8.34,8.13,8.23,7164396
2022-09-07,8.00,8.30,7.97,8.28,5051717
2022-09-08,8.27,8.72,8.23,8.71,10418760
2022-09-09,8.96,9.04,8.94,8.96,5764618
2022-09-12,9.31,9.40,9.27,9.31,6709666
2022-09-13,8.98,9.15,8.93,8.98,8043837
2022-09-14,8.95,9.04,8.88,8.97,4071887
2022-09-15,9.07,9.30,9.07,9.18,5700108
2022-09-16,9.05,9.14,8.97,9.09,4446862
2022-09-19,8.99,9.17,8.99,9.15,3473088
2022-09-20,9.05,9.05,8.79,8.88,4200744
2022-09-21,8.75,8.88,8.59,8.60,6782546
2022-09-22,9.07,9.09,8.78,8.87,8308721
2022-09-23,8.57,8.58,8.24,8.34,7853000
2022-09-26,8.28,8.34,8.06,8.12,6712585
2022-09-27,7.96,8.04,7.62,7.73,10366300
2022-09-28,7.39,7.69,7.36,7.66,9357626
2022-09-29,7.34,7.48,7.26,7.46,8306711
2022-09-30,7.38,7.53,7.34,7.40,6887154
2022-10-03,7.36,7.57,7.25,7.53,7333546
2022-10-04,7.77,8.16,7.76,8.14,9668976
2022-10-05,7.89,7.95,7.78,7.83,6298673
2022-10-06,7.76,7.82,7.65,7.70,5479815
2022-10-07,7.70,7.76,7.57,7.67,6351750
2022-10-10,7.86,7.88,7.65,7.75,6692133
2022-10-11,7.60,7.62,7.39,7.44,7751197
2022-10-12,7.48,7.67,7.44,7.61,6133722
2022-10-13,7.69,8.32,7.64,8.24,11303100
2022-10-14,8.51,8.59,8.31,8.32,6659223
2022-10-17,8.48,8.55,8.38,8.41,5693754
2022-10-18,8.85,8.86,8.65,8.68,13081750
2022-10-19,8.67,8.74,8.57,8.67,5417391
2022-10-20,8.70,8.82,8.62,8.68,4818880
2022-10-21,8.61,8.93,8.57,8.92,7517092
2022-10-24,9.01,9.16,8.98,9.06,7114191
2022-10-25,9.07,9.37,9.07,9.29,6394100
2022-10-26,9.28,9.52,9.28,9.37,6877256
2022-10-27,9.68,9.92,9.62,9.72,9880346
2022-10-28,9.77,9.81,9.68,9.80,6056317
2022-10-31,9.58,9.63,9.54,9.58,4616033
2022-11-01,9.73,9.77,9.58,9.61,5519498
2022-11-02,9.68,9.86,9.54,9.56,5576062
2022-11-03,9.37,9.45,9.35,9.41,3902213
2022-11-04,9.66,9.78,9.57,9.72,5288832
2022-11-07,9.72,9.84,9.72,9.80,3743133
2022-11-08,9.82,9.95,9.79,9.89,4247592
2022-11-09,9.66,9.76,9.62,9.64,5122205
2022-11-10,10.03,10.19,9.95,10.18,5359088
2022-11-11,10.50,10.66,10.42,10.62,5999940
2022-11-14,10.54,10.60,10.46,10.47,3094350
2022-11-15,10.81,10.81,10.38,10.55,10875290
2022-11-16,10.57,10.59,10.47,10.53,3639644
2022-11-17,10.33,10.52,10.32,10.52,3362878
2022-11-18,10.52,10.58,10.46,10.50,5170541
2022-11-21,10.44,10.54,10.40,10.44,3373099
2022-11-22,10.45,10.53,10.42,10.48,2543615
2022-11-23,10.53,10.66,10.53,10.65,3220711
2022-11-25,10.73,10.82,10.72,10.81,2334955
2022-11-28,10.76,10.79,10.52,10.54,2890167
2022-11-29,10.53,10.66,10.53,10.58,2516911
2022-11-30,10.55,10.64,10.34,10.63,5195299
2022-12-01,10.60,10.63,10.35,10.42,3474063
2022-12-02,10.46,10.56,10.44,10.55,3392724
2022-12-05,10.75,10.82,10.58,10.60,3983987
2022-12-06,10.64,10.66,10.40,10.46,3785737
2022-12-07,10.53,10.57,10.42,10.44,3690916
2022-12-08,10.55,10.62,10.52,10.57,2932878
2022-12-09,10.58,10.72,10.57,10.66,3131497
2022-12-12,10.56,10.62,10.49,10.61,2645757
2022-12-13,10.93,10.96,10.83,10.91,4413479
2022-12-14,10.79,10.81,10.62,10.67,4419565
2022-12-15,10.52,10.55,10.23,10.27,4506003
2022-12-16,10.47,10.57,10.35,10.49,5812725
2022-12-19,10.53,10.60,10.47,10.52,2545889
2022-12-20,11.05,11.18,11.03,11.17,7077212
2022-12-21,11.30,11.38,11.27,11.34,3406191
2022-12-22,11.39,11.41,11.12,11.27,3729967
2022-12-23,11.27,11.39,11.26,11.38,2803747
2022-12-27,11.38,11.44,11.35,11.40,2297991
2022-12-28,11.36,11.38,11.23,11.24,2501500
2022-12-29,11.36,11.44,11.32,11.43,2318639
2022-12-30,11.32,11.62,11.28,11.52,3856789
2023-01-03,11.71,11.79,11.60,11.71,4901899
2023-01-04,12.27,12.54,12.24,12.48,8714519
2023-01-05,12.16,12.18,12.04,12.14,4718340
2023-01-06,12.15,12.44,12.09,12.44,3279896
2023-01-09,12.53,12.65,12.43,12.44,5638741
2023-01-10,12.44,12.64,12.38,12.63,7224951
2023-01-11,12.63,12.68,12.57,12.67,2425790
2023-01-12,12.74,12.82,12.63,12.82,3449908
2023-01-13,12.50,12.76,12.49,12.73,3007382
2023-01-17,12.96,13.08,12.84,12.91,2976712
2023-01-18,13.05,13.06,12.82,12.85,3267338
2023-01-19,12.77,12.82,12.65,12.80,3629883
2023-01-20,12.85,13.04,12.82,13.04,2823714
2023-01-23,12.96,13.04,12.92,12.99,3691281
2023-01-24,12.92,13.07,12.88,13.03,2475646
2023-01-25,12.90,13.08,12.88,13.07,2761400
2023-01-26,13.17,13.31,13.09,13.31,3540544
2023-01-27,13.36,13.45,13.30,13.43,2629309
2023-01-30,13.38,13.47,13.28,13.29,2470037
2023-01-31,13.25,13.38,13.20,13.38,2520021
2023-02-01,13.35,13.57,13.27,13.49,4228332
2023-02-02,12.88,12.91,12.46,12.58,9039255
2023-02-03,12.50,12.57,12.38,12.43,4644318
2023-02-06,12.23,12.25,12.12,12.22,3742459
2023-02-07,12.24,12.51,12.24,12.48,3712340
2023-02-08,12.52,12.58,12.50,12.55,2773923
2023-02-09,12.67,12.70,12.44,12.49,2886850
2023-02-10,12.17,12.18,12.03,12.11,4345771
2023-02-13,12.19,12.29,12.14,12.27,2155903
2023-02-14,12.26,12.51,12.24,12.40,5066936
2023-02-15,12.21,12.28,12.15,12.28,1849183
2023-02-16,12.50,12.68,12.48,12.57,3197135
2023-02-17,12.61,12.72,12.58,12.72,3251066
2023-02-21,12.33,12.44,12.22,12.28,3223203
2023-02-22,12.14,12.23,12.05,12.18,2211006
2023-02-23,12.21,12.24,12.08,12.16,2274514
2023-02-24,11.97,12.03,11.89,11.97,2870538
2023-02-27,12.28,12.32,12.21,12.25,2197524
2023-02-28,12.50,12.56,12.45,12.46,2556723
2023-03-01,12.47,12.52,12.31,12.42,3129813
2023-03-02,12.15,12.21,12.08,12.20,2427164
2023-03-03,12.29,12.48,12.29,12.48,2506319
2023-03-06,12.47,12.60,12.46,12.52,1647165
2023-03-07,12.45,12.46,12.11,12.13,3566146
2023-03-08,12.24,12.38,12.22,12.30,2114015
2023-03-09,12.16,12.23,11.90,11.91,3920247
2023-03-10,11.28,11.45,11.04,11.12,13494730
2023-03-13,10.65,11.04,10.59,10.87,7881946
2023-03-14,11.32,11.43,11.18,11.26,5447658
2023-03-15,10.16,10.61,10.06,10.50,13714150
2023-03-16,10.00,10.32,9.80,10.32,10225230
2023-03-17,9.97,9.99,9.71,9.89,6843703
2023-03-20,9.82,10.13,9.80,9.91,10486280
2023-03-21,10.54,10.64,10.50,10.59,6433177
2023-03-22,10.59,10.64,10.27,10.28,4743170
2023-03-23,10.39,10.43,9.51,9.65,19565210
2023-03-24,9.12,9.43,8.85,9.35,36889390
2023-03-27,9.82,9.85,9.68,9.79,10415860
2023-03-28,9.56,9.74,9.52,9.65,5027557
2023-03-29,9.96,9.98,9.85,9.94,3688538
2023-03-30,10.21,10.23,10.00,10.04,4617682
2023-03-31,10.16,10.23,10.15,10.21,3479976
2023-04-03,10.35,10.45,10.27,10.38,5708837
2023-04-04,10.40,10.41,10.16,10.30,4149943
2023-04-05,10.18,10.22,10.05,10.20,2943606
2023-04-06,10.25,10.40,10.24,10.39,4171198
2023-04-10,10.36,10.41,10.25,10.32,2025031
2023-04-11,10.42,10.54,10.42,10.50,3408448
2023-04-12,10.59,10.63,10.50,10.54,1693236
2023-04-13,10.51,10.59,10.47,10.58,1903897
2023-04-14,10.96,11.00,10.87,10.95,3780568
2023-04-17,10.65,10.81,10.59,10.79,4373786
2023-04-18,10.95,10.96,10.84,10.90,2447680
2023-04-19,10.87,11.09,10.85,11.04,2876307
2023-04-20,10.89,10.94,10.84,10.90,2785138
2023-04-21,10.86,10.90,10.80,10.88,2428473
2023-04-24,10.96,11.01,10.91,10.99,1906450
2023-04-25,10.63,10.64,10.27,10.28,4047082
2023-04-26,10.50,10.66,10.46,10.64,5018074
2023-04-27,10.81,10.94,10.74,10.91,4234819
2023-04-28,10.88,11.03,10.85,11.01,4189360
2023-05-01,10.94,11.04,10.77,10.80,2029636
2023-05-02,10.92,10.93,10.55,10.71,5524306
2023-05-03,10.53,10.69,10.45,10.47,4476926
2023-05-04,10.42,10.45,10.06,10.28,8002529
2023-05-05,10.56,10.75,10.54,10.67,3816228
2023-05-08,10.67,10.70,10.61,10.65,2412409
2023-05-09,10.51,10.68,10.48,10.63,1265944
2023-05-10,10.77,10.79,10.53,10.64,2042493
2023-05-11,10.47,10.55,10.40,10.51,1759033
2023-05-12,10.59,10.59,10.42,10.46,2084364
2023-05-15,10.50,10.65,10.47,10.63,1753480
2023-05-16,10.49,10.57,10.38,10.40,2421143
2023-05-17,10.43,10.64,10.38,10.60,3413697
2023-05-18,10.57,10.59,10.46,10.58,2189452
2023-05-19,10.65,10.68,10.54,10.60,1978920
2023-05-22,10.68,10.70,10.60,10.68,1442358
2023-05-23,10.64,10.75,10.59,10.60,1670196
2023-05-24,10.52,10.53,10.42,10.44,1984534
2023-05-25,10.40,10.49,10.35,10.45,1947085
2023-05-26,10.43,10.49,10.37,10.47,3137020
2023-05-30,10.44,10.48,10.30,10.44,2281716
2023-05-31,10.20,10.20,10.05,10.13,2598907
2023-06-01,10.23,10.37,10.23,10.32,2490645
2023-06-02,10.54,10.63,10.51,10.60,2275214
2023-06-05,10.48,10.48,10.30,10.39,1296025
2023-06-06,10.31,10.63,10.31,10.57,4171182
2023-06-07,10.52,10.56,10.47,10.55,2697760
2023-06-08,10.63,10.69,10.57,10.68,2155392
2023-06-09,10.61,10.64,10.58,10.61,1255792
2023-06-12,10.62,10.70,10.58,10.65,1692243
2023-06-13,10.63,10.70,10.61,10.63,1840611
2023-06-14,10.74,10.83,10.66,10.70,2923664
2023-06-15,10.56,10.65,10.50,10.61,3002351
2023-06-16,10.34,10.43,10.27,10.42,3685226
2023-06-20,10.23,10.23,10.14,10.20,1822039
2023-06-21,10.22,10.36,10.22,10.30,1633763
2023-06-22,10.22,10.26,10.16,10.19,2491049
2023-06-23,9.97,10.01,9.90,9.95,4171513
2023-06-26,9.97,10.06,9.96,10.00,2009900
2023-06-27,10.09,10.27,10.03,10.26,2573117
2023-06-28,10.19,10.27,10.16,10.24,1533171
2023-06-29,10.27,10.39,10.25,10.37,1459832
2023-06-30,10.53,10.59,10.49,10.53,2626130
2023-07-03,10.57,10.69,10.53,10.68,2230938
2023-07-05,10.38,10.39,10.23,10.24,2771904
2023-07-06,10.06,10.07,9.82,9.94,4684784
2023-07-07,10.05,10.25,10.04,10.22,2647920
2023-07-10,10.28,10.39,10.25,10.31,2808229
2023-07-11,10.38,10.45,10.36,10.43,2667222
2023-07-12,10.40,10.52,10.39,10.49,2220027
2023-07-13,10.72,10.80,10.70,10.80,2377805
2023-07-14,10.95,10.95,10.75,10.75,3422905
2023-07-17,10.92,11.05,10.88,11.03,4105661
2023-07-18,10.97,11.13,10.96,11.07,2937516
2023-07-19,11.23,11.28,11.20,11.25,2604976
2023-07-20,11.38,11.41,11.26,11.28,2139979
2023-07-21,11.35,11.38,11.28,11.32,2007228
2023-07-24,11.27,11.40,11.27,11.35,1776552
2023-07-25,11.50,11.74,11.43,11.61,7210509
2023-07-26,11.60,11.75,11.59,11.66,4243549
2023-07-27,11.36,11.36,11.03,11.06,4945393
2023-07-28,11.19,11.22,11.07,11.11,2501288
2023-07-31,11.09,11.18,11.09,11.13,1137980
2023-08-01,11.05,11.10,10.95,11.00,1799808
2023-08-02,10.79,10.79,10.65,10.73,2094321
2023-08-03,10.77,10.97,10.74,10.96,1488539
2023-08-04,11.01,11.13,10.98,11.02,1573668
2023-08-07,11.09,11.15,11.07,11.10,1063416
2023-08-08,10.62,10.77,10.56,10.75,2680174
2023-08-09,10.85,10.96,10.79,10.82,1778139
2023-08-10,11.09,11.16,10.94,10.96,1871670
2023-08-11,10.90,11.01,10.86,10.95,2038911
2023-08-14,10.80,10.91,10.77,10.90,1684185
2023-08-15,10.88,10.90,10.77,10.78,1924452
2023-08-16,10.77,10.85,10.69,10.69,1544521
2023-08-17,10.82,10.84,10.69,10.72,1814829
2023-08-18,10.62,10.76,10.61,10.72,1514226
2023-08-21,10.74,10.74,10.63,10.73,1002003
2023-08-22,10.74,10.76,10.61,10.61,1284179
2023-08-23,10.62,10.72,10.60,10.71,1021385
2023-08-24,10.71,10.82,10.71,10.71,1405400
2023-08-25,10.78,10.80,10.64,10.72,1615272
2023-08-28,10.90,10.99,10.90,10.96,2182934
2023-08-29,11.06,11.18,11.06,11.17,1694157
2023-08-30,11.18,11.22,11.12,11.15,1148953
2023-08-31,11.03,11.05,10.85,10.89,1857200
2023-09-01,10.91,10.98,10.86,10.89,2048259
2023-09-05,10.60,10.65,10.40,10.40,2432373
2023-09-06,10.27,10.32,10.21,10.27,1824462
2023-09-07,10.28,10.32,10.21,10.22,2244850
2023-09-08,10.30,10.36,10.24,10.33,1446989
2023-09-11,10.60,10.65,10.55,10.56,1493621
2023-09-12,10.50,10.62,10.48,10.57,1355595
2023-09-13,10.82,10.88,10.78,10.84,2701406
2023-09-14,10.98,11.04,10.96,11.01,1735669
2023-09-15,10.90,10.98,10.89,10.93,1743632
2023-09-18,10.93,10.93,10.71,10.73,2441361
2023-09-19,10.76,10.79,10.70,10.73,1209546
2023-09-20,10.87,10.91,10.69,10.70,1429010
2023-09-21,10.70,10.78,10.65,10.71,2438291
2023-09-22,10.86,10.87,10.71,10.72,2012106
2023-09-25,10.67,10.71,10.56,10.69,1712558
2023-09-26,10.53,10.70,10.53,10.60,2479565
2023-09-27,10.81,10.93,10.74,10.90,3673754
2023-09-28,10.86,10.99,10.84,10.94,3379335
2023-09-29,11.08,11.11,10.97,10.99,1861631
2023-10-02,10.87,10.88,10.58,10.61,3418715
2023-10-03,10.49,10.50,10.35,10.37,4178033
2023-10-04,10.42,10.51,10.35,10.49,2047561
2023-10-05,10.42,10.56,10.42,10.54,2333912
2023-10-06,10.57,10.75,10.49,10.70,2908426
2023-10-09,10.45,10.57,10.45,10.55,1599612
2023-10-10,10.81,10.87,10.76,10.78,2041756
2023-10-11,10.77,10.85,10.73,10.82,2704713
2023-10-12,10.70,10.71,10.54,10.60,1752856
2023-10-13,10.51,10.57,10.39,10.42,3236247
2023-10-16,10.65,10.75,10.62,10.70,2445760
2023-10-17,10.56,10.72,10.55,10.65,2126868
2023-10-18,10.45,10.47,10.29,10.33,3357003
2023-10-19,10.25,10.39,10.21,10.23,3197288
2023-10-20,10.22,10.25,10.05,10.11,2509247
2023-10-23,10.10,10.27,10.07,10.15,3143861
2023-10-24,10.06,10.12,10.00,10.06,3327792
2023-10-25,10.73,10.92,10.70,10.80,8092889
2023-10-26,10.96,11.01,10.83,10.93,4752127
2023-10-27,11.07,11.09,10.90,10.93,3493627
2023-10-30,11.09,11.12,11.00,11.09,3269126
2023-10-31,11.05,11.10,10.91,11.01,2890097
2023-11-01,11.05,11.14,10.98,11.06,4567732
2023-11-02,11.21,11.35,11.19,11.34,4353338
2023-11-03,11.45,11.53,11.40,11.48,4029518
2023-11-06,11.47,11.47,11.36,11.39,1757620
2023-11-07,11.18,11.26,11.15,11.25,1750712
2023-11-08,11.26,11.32,11.23,11.28,1818686
2023-11-09,11.29,11.34,11.15,11.18,2218295
2023-11-10,11.22,11.29,11.13,11.29,2169650
2023-11-13,11.25,11.36,11.23,11.34,2139339
2023-11-14,11.45,11.67,11.45,11.63,2260510
2023-11-15,11.80,11.88,11.80,11.84,1977854
2023-11-16,11.85,11.88,11.80,11.85,2060855
2023-11-17,12.08,12.22,12.07,12.20,2675778
2023-11-20,12.30,12.36,12.29,12.34,1580164
2023-11-21,12.30,12.32,12.17,12.19,1435386
2023-11-22,12.13,12.14,12.06,12.09,1103582
2023-11-24,12.16,12.20,12.13,12.15,917828
2023-11-27,12.14,12.17,12.05,12.09,1492916
2023-11-28,12.12,12.20,12.09,12.16,1480960
2023-11-29,12.27,12.43,12.26,12.37,2421767
2023-11-30,12.48,12.53,12.42,12.45,3163340
2023-12-01,12.42,12.60,12.42,12.59,2234700
2023-12-04,12.47,12.56,12.43,12.49,2355177
2023-12-05,12.47,12.54,12.44,12.46,2710788
2023-12-06,12.54,12.65,12.44,12.45,2566573
2023-12-07,12.40,12.54,12.36,12.53,2565820
2023-12-08,12.61,12.78,12.59,12.77,2664356
2023-12-11,12.79,12.84,12.70,12.81,2230976
2023-12-12,12.83,12.90,12.80,12.88,1985976
2023-12-13,12.79,13.02,12.67,12.99,3191113
2023-12-14,13.00,13.23,12.98,13.13,4240854
2023-12-15,13.15,13.21,13.11,13.14,2602405
2023-12-18,13.10,13.12,13.03,13.07,1924061
2023-12-19,13.17,13.26,13.15,13.25,1829206
2023-12-20,13.47,13.50,13.29,13.30,3001610
2023-12-21,13.53,13.54,13.41,13.52,4336124
2023-12-22,13.62,13.68,13.58,13.66,2388408
2023-12-26,13.70,13.75,13.65,13.73,1475635
2023-12-27,13.71,13.81,13.69,13.77,1707865
2023-12-28,13.69,13.72,13.61,13.62,1443342
2023-12-29,13.64,13.65,13.51,13.55,1187854
2024-01-02,13.60,13.71,13.55,13.61,2093623
2024-01-03,13.37,13.42,13.29,13.34,2716885
2024-01-04,13.61,13.72,13.60,13.62,2475383
2024-01-05,13.68,13.88,13.68,13.73,2588742
2024-01-08,13.90,14.01,13.86,14.01,2714841
2024-01-09,13.89,13.91,13.80,13.81,2595997
2024-01-10,13.91,14.02,13.89,13.97,2673626
2024-01-11,13.60,13.65,13.28,13.43,5607846
2024-01-12,13.27,13.36,13.01,13.09,5847688
2024-01-16,12.85,12.94,12.77,12.83,3335089
2024-01-17,12.71,12.85,12.70,12.80,2610565
2024-01-18,12.97,13.01,12.88,13.01,2260452
2024-01-19,12.91,13.01,12.82,13.01,2654571
2024-01-22,13.00,13.05,12.92,12.96,2008000
2024-01-23,13.03,13.07,12.96,13.05,1803252
2024-01-24,13.27,13.35,13.19,13.20,2080994
2024-01-25,13.22,13.22,13.04,13.13,2167183
2024-01-26,13.16,13.20,13.09,13.11,1577906
2024-01-29,12.98,12.98,12.88,12.98,1969444
2024-01-30,13.06,13.16,13.05,13.12,2072506
2024-01-31,13.14,13.15,12.84,12.85,4867572
2024-02-01,13.68,13.74,13.32,13.60,7655485
2024-02-02,13.71,13.89,13.65,13.83,5325925
2024-02-05,13.60,13.61,13.35,13.48,3737664
2024-02-06,13.25,13.30,13.16,13.19,3650335
2024-02-07,12.76,12.78,12.47,12.58,8548925
2024-02-08,12.61,12.65,12.49,12.58,3443099
2024-02-09,12.50,12.56,12.43,12.54,2829964
2024-02-12,12.66,12.89,12.66,12.85,3698655
2024-02-13,12.74,12.75,12.58,12.66,2906004
2024-02-14,12.81,12.89,12.72,12.83,3001788
2024-02-15,12.78,13.00,12.75,12.98,2661695
2024-02-16,13.01,13.04,12.85,12.87,1752243
2024-02-20,12.82,12.97,12.79,12.97,2428980
2024-02-21,12.92,13.01,12.87,12.97,2114692
2024-02-22,13.26,13.34,13.20,13.22,2866012
2024-02-23,13.39,13.46,13.36,13.38,2620859
2024-02-26,13.38,13.43,13.22,13.27,2279966
2024-02-27,13.31,13.47,13.30,13.45,2506217
2024-02-28,13.42,13.47,13.38,13.38,1949941
2024-02-29,13.47,13.51,13.31,13.43,2335305
2024-03-01,13.56,13.63,13.43,13.59,3280380
2024-03-04,13.59,13.70,13.59,13.59,2413806
2024-03-05,13.57,13.79,13.57,13.67,2685415
2024-03-06,13.77,13.79,13.63,13.68,2690725
2024-03-07,13.76,13.95,13.76,13.94,2583302
2024-03-08,14.01,14.11,13.91,13.97,3408419
2024-03-11,14.07,14.29,14.05,14.29,3562793
2024-03-12,14.79,14.95,14.63,14.88,6143274
2024-03-13,14.95,15.02,14.83,14.85,3689324
2024-03-14,14.77,14.82,14.62,14.69,3580328
2024-03-15,14.85,14.96,14.79,14.82,5891774
2024-03-18,14.74,14.75,14.61,14.63,5011217
2024-03-19,14.99,15.04,14.86,14.89,3586537
2024-03-20,14.71,15.02,14.68,14.99,3590210
2024-03-21,15.08,15.23,15.08,15.22,5183356
2024-03-22,15.28,15.36,15.24,15.30,3246925
2024-03-25,15.30,15.39,15.26,15.27,2483951
2024-03-26,15.46,15.49,15.36,15.36,2425243
2024-03-27,15.80,15.97,15.78,15.96,4392423
2024-03-28,15.78,15.82,15.71,15.77,4021155
2024-04-01,15.77,15.85,15.65,15.71,3387199
2024-04-02,15.65,15.71,15.62,15.69,3585664
2024-04-03,15.90,16.17,15.89,16.15,2761775
2024-04-04,16.26,16.34,15.94,15.95,3263593
2024-04-05,15.90,16.04,15.85,15.94,2459709
2024-04-08,16.12,16.19,16.09,16.16,2237633
2024-04-09,16.12,16.15,15.82,15.90,2152326
2024-04-10,15.94,16.20,15.90,15.99,4822600
2024-04-11,15.78,15.79,15.50,15.73,4076480
2024-04-12,15.77,15.84,15.57,15.65,3642109
2024-04-15,15.91,15.96,15.46,15.51,3196846
2024-04-16,15.41,15.47,15.27,15.37,3454618
2024-04-17,15.54,15.72,15.42,15.67,8767499
2024-04-18,15.64,15.88,15.61,15.80,7554653
2024-04-19,15.90,16.01,15.84,15.91,4599647
2024-04-22,16.06,16.26,16.03,16.24,2203762
2024-04-23,16.28,16.50,16.28,16.50,3042809
2024-04-24,16.39,16.51,16.30,16.48,3032618
2024-04-25,17.52,17.95,17.50,17.92,6901827
2024-04-26,17.85,17.89,17.60,17.77,4159247
2024-04-29,16.14,16.33,15.94,16.24,6114323
2024-04-30,16.13,16.25,16.02,16.05,1611203
2024-05-01,16.05,16.40,16.05,16.17,2151613
2024-05-02,16.18,16.24,16.06,16.19,1717072
2024-05-03,16.35,16.49,16.30,16.47,1853987
2024-05-06,16.79,16.91,16.76,16.90,2093066
2024-05-07,17.31,17.41,17.19,17.29,2483101
2024-05-08,17.14,17.28,17.12,17.26,1553161
2024-05-09,17.27,17.32,17.12,17.18,1329195
2024-05-10,17.14,17.20,17.07,17.14,2351524
2024-05-13,17.12,17.16,17.02,17.04,1450854
2024-05-14,17.26,17.45,17.20,17.45,1514214
2024-05-15,17.46,17.53,17.41,17.53,2247505
2024-05-16,17.27,17.29,17.14,17.17,2205061
2024-05-17,16.89,17.09,16.85,17.08,1417352
2024-05-20,16.97,17.04,16.89,16.95,1400139
2024-05-21,16.80,16.91,16.73,16.88,1693468
2024-05-22,16.91,16.94,16.69,16.73,1172740
2024-05-23,16.90,16.94,16.66,16.70,1327549
2024-05-24,16.82,17.08,16.80,17.05,1354068
2024-05-28,17.01,17.11,16.92,17.00,1308643
2024-05-29,16.59,16.65,16.52,16.56,914210
2024-05-30,16.70,16.81,16.66,16.74,1783628
2024-05-31,16.48,16.70,16.32,16.68,1840635
2024-06-03,16.69,16.86,16.53,16.85,2316402
2024-06-04,16.30,16.51,16.30,16.40,1709181
2024-06-05,16.44,16.49,16.28,16.38,1125203
2024-06-06,16.55,16.69,16.53,16.58,1166290
2024-06-07,16.57,16.62,16.50,16.55,979487
2024-06-10,16.28,16.45,16.20,16.43,1120603
2024-06-11,15.96,15.98,15.76,15.89,1829880
2024-06-12,16.28,16.32,16.11,16.16,1393494
2024-06-13,15.90,15.90,15.59,15.70,1891591
2024-06-14,15.18,15.47,15.14,15.47,1782975
2024-06-17,15.66,15.79,15.59,15.79,1432379
2024-06-18,15.75,15.83,15.73,15.79,1143071
2024-06-20,15.76,15.84,15.74,15.80,1076211
2024-06-21,15.53,15.59,15.40,15.47,1265803
2024-06-24,15.76,15.96,15.73,15.90,1387599
2024-06-25,15.67,15.72,15.62,15.68,794078
2024-06-26,15.62,15.73,15.62,15.71,972945
2024-06-27,15.84,15.91,15.78,15.79,932768
2024-06-28,15.87,15.98,15.84,15.94,1265254
2024-07-01,16.49,16.62,16.43,16.61,2201094
2024-07-02,16.38,16.51,16.30,16.41,1202945
2024-07-03,16.89,17.05,16.89,17.03,1313924
2024-07-05,17.00,17.04,16.86,16.96,1304866
2024-07-08,16.90,16.95,16.71,16.73,1406800
2024-07-09,16.52,16.75,16.50,16.66,1182793
2024-07-10,16.64,16.73,16.63,16.71,956739
2024-07-11,16.68,16.72,16.55,16.60,1794682
2024-07-12,16.65,16.73,16.61,16.64,1044878
2024-07-15,16.65,16.67,16.55,16.57,920021
2024-07-16,16.46,16.56,16.39,16.54,1262164
2024-07-17,16.63,16.73,16.59,16.64,1372400
2024-07-18,16.80,16.84,16.49,16.52,1602428
2024-07-19,16.32,16.41,16.25,16.30,1242106
2024-07-22,16.78,16.96,16.72,16.93,1789359
2024-07-23,16.77,17.06,16.72,17.04,1769882
2024-07-24,15.98,16.04,15.43,15.43,4504812
2024-07-25,15.59,15.79,15.51,15.62,2189662
2024-07-26,15.61,15.74,15.57,15.67,1781104
2024-07-29,15.58,15.62,15.43,15.48,1260673
2024-07-30,15.78,15.86,15.73,15.79,1929855
2024-07-31,15.66,15.72,15.54,15.56,1799728
2024-08-01,15.52,15.53,15.01,15.08,3898467
2024-08-02,14.59,14.63,14.34,14.38,3155970
2024-08-05,13.78,14.24,13.70,14.08,3596107
2024-08-06,13.83,14.22,13.82,14.15,2548391
2024-08-07,14.40,14.46,14.05,14.08,1952907
2024-08-08,14.28,14.35,14.19,14.31,1428553
2024-08-09,14.32,14.55,14.31,14.53,1212942
2024-08-12,14.55,14.61,14.43,14.49,1455169
2024-08-13,14.45,14.68,14.42,14.67,1290150
2024-08-14,14.77,14.85,14.71,14.79,2243549
2024-08-15,15.12,15.24,15.09,15.15,1533859
2024-08-16,15.29,15.51,15.29,15.50,1735998
2024-08-19,15.59,15.71,15.55,15.69,970056
2024-08-20,15.47,15.48,15.39,15.44,1116540
2024-08-21,15.60,15.71,15.53,15.67,1997789
2024-08-22,16.18,16.25,16.07,16.20,2546386
2024-08-23,16.21,16.46,16.21,16.45,1467655
2024-08-26,16.32,16.36,16.25,16.32,1501363
2024-08-27,16.46,16.50,16.39,16.48,1516804
2024-08-28,16.33,16.38,16.22,16.28,1381424
2024-08-29,16.37,16.38,16.24,16.24,1538530
2024-08-30,16.31,16.43,16.27,16.40,1652470
2024-09-03,16.13,16.16,15.88,15.92,2153138
2024-09-04,15.98,16.15,15.93,15.97,1602303
2024-09-05,16.67,16.72,16.53,16.61,2183837
2024-09-06,16.57,16.61,16.12,16.16,1927071
2024-09-09,16.60,16.71,16.55,16.63,2026272
2024-09-10,16.25,16.25,15.65,15.86,2607643
2024-09-11,15.55,15.68,15.21,15.67,3520031
2024-09-12,15.64,15.87,15.57,15.82,1856356
2024-09-13,16.03,16.30,16.03,16.21,2250594
2024-09-16,16.05,16.31,16.04,16.30,1707670
2024-09-17,16.54,16.71,16.54,16.60,2802804
2024-09-18,16.69,16.86,16.54,16.62,2122076
2024-09-19,16.87,17.05,16.79,17.01,1777960
2024-09-20,16.92,16.95,16.75,16.92,1428146
2024-09-23,16.96,17.02,16.84,16.90,1642481
2024-09-24,16.98,17.05,16.94,17.02,1732701
2024-09-25,17.13,17.15,16.91,16.92,1454976
2024-09-26,17.28,17.39,17.27,17.36,1737919
2024-09-27,17.40,17.44,17.31,17.33,1520075
2024-09-30,17.21,17.31,17.14,17.31,1079087
2024-10-01,17.29,17.31,16.73,16.95,1911513
2024-10-02,16.97,17.07,16.92,16.99,1268836
2024-10-03,16.87,16.98,16.79,16.90,1041444
2024-10-04,17.31,17.46,17.27,17.42,1567810
2024-10-07,17.50,17.62,17.40,17.48,1281907
2024-10-08,17.38,17.40,17.27,17.39,947091
2024-10-09,17.32,17.55,17.32,17.50,1005537
2024-10-10,17.57,17.61,17.46,17.59,1310934
2024-10-11,17.55,17.80,17.55,17.77,1132491
2024-10-14,17.67,17.83,17.38,17.45,4945486
2024-10-15,17.47,17.48,17.23,17.24,1886757
2024-10-16,17.45,17.54,17.41,17.53,896185
2024-10-17,17.57,17.62,17.48,17.50,941116
2024-10-18,17.65,17.68,17.58,17.64,1134417
2024-10-21,17.61,17.63,17.43,17.47,967481
2024-10-22,17.44,17.65,17.41,17.57,1549078
2024-10-23,17.41,17.46,17.27,17.32,2097468
2024-10-24,17.09,17.16,16.99,17.12,1412079
2024-10-25,17.20,17.24,16.83,16.84,1531531
2024-10-28,16.91,17.18,16.89,17.13,1445213
2024-10-29,17.06,17.10,16.94,17.00,1498265
2024-10-30,16.64,16.89,16.63,16.75,1619227
2024-10-31,17.00,17.04,16.72,16.94,2081747
2024-11-01,17.22,17.26,17.05,17.05,1810617
2024-11-04,17.27,17.27,17.07,17.12,1967221
2024-11-05,17.18,17.39,17.15,17.38,1101467
2024-11-06,17.32,17.44,17.25,17.31,3596191
2024-11-07,17.41,17.48,17.14,17.23,2763835
2024-11-08,16.77,16.79,16.54,16.65,2247468
2024-11-11,16.97,17.21,16.97,17.19,1791181
2024-11-12,16.92,16.94,16.67,16.76,1282824
2024-11-13,16.64,16.64,16.30,16.40,2938837
2024-11-14,16.81,16.86,16.68,16.73,1923992
2024-11-15,16.92,16.98,16.87,16.98,1798730
2024-11-18,16.96,17.14,16.96,17.10,1222182
2024-11-19,16.61,16.84,16.58,16.79,1814896
2024-11-20,16.86,16.89,16.68,16.77,1314167
2024-11-21,16.77,16.87,16.68,16.80,1715155
2024-11-22,16.07,16.25,16.02,16.20,2147337
2024-11-25,16.45,16.52,16.37,16.48,1575232
2024-11-26,16.45,16.50,16.22,16.30,979956
2024-11-27,16.24,16.36,16.23,16.29,649079
2024-11-29,16.79,17.02,16.78,17.01,1185030
2024-12-02,17.10,17.14,16.88,17.08,1804172
2024-12-03,17.49,17.63,17.37,17.59,2055188
2024-12-04,17.60,17.61,17.44,17.47,1164925
2024-12-05,17.83,17.99,17.82,17.93,1101891
2024-12-06,18.07,18.07,17.75,17.79,794680
2024-12-09,17.89,17.93,17.70,17.70,785162
2024-12-10,17.89,17.92,17.82,17.84,1886496
2024-12-11,17.89,17.91,17.71,17.89,1051326
2024-12-12,17.80,17.94,17.68,17.68,1215205
2024-12-13,17.96,17.96,17.79,17.89,1120891
2024-12-16,17.97,18.05,17.88,17.97,1221822
2024-12-17,17.76,17.77,17.59,17.61,1107511
2024-12-18,17.75,17.82,17.11,17.18,1623344
2024-12-19,17.28,17.32,17.09,17.12,921728
2024-12-20,16.61,17.02,16.60,16.93,1448260
2024-12-23,16.95,17.05,16.88,17.04,907405
2024-12-24,17.03,17.22,16.99,17.18,246697
2024-12-26,17.15,17.25,17.09,17.22,512734
2024-12-27,17.19,17.26,17.09,17.18,743403
2024-12-30,17.12,17.22,17.00,17.12,682543
2024-12-31,17.08,17.19,16.96,17.05,726531
2025-01-02,17.20,17.25,17.05,17.16,1543144
2025-01-03,17.53,17.53,17.34,17.49,2172241
2025-01-06,17.42,17.73,17.41,17.50,1530027
2025-01-07,17.68,17.68,17.36,17.42,1499079
2025-01-08,17.30,17.39,17.20,17.33,1515629
2025-01-10,17.75,17.87,17.45,17.48,1520405
2025-01-13,17.21,17.42,17.17,17.40,1978189
2025-01-14,17.91,18.24,17.82,18.23,2330951
2025-01-15,18.68,18.85,18.62,18.77,2291029
2025-01-16,18.76,18.83,18.66,18.77,1120901
2025-01-17,19.00,19.14,19.00,19.08,1048866
2025-01-21,19.46,19.65,19.42,19.62,1706768
2025-01-22,19.55,19.58,19.44,19.45,1333743
2025-01-23,19.78,19.90,19.74,19.90,2449422
2025-01-24,20.01,20.07,19.95,20.00,1990118
2025-01-27,20.00,20.05,19.85,20.05,1908300
2025-01-28,20.02,20.18,20.00,20.11,1543076
2025-01-29,20.22,20.45,19.96,20.11,2468017
2025-01-30,19.72,19.91,19.59,19.74,3479263
2025-01-31,19.57,19.73,19.46,19.53,1618790
2025-02-03,18.68,18.93,18.56,18.83,2389264
2025-02-04,18.80,18.95,18.75,18.88,1581080
2025-02-05,18.87,18.96,18.73,18.94,1996962
2025-02-06,19.22,19.43,19.03,19.41,2152377
2025-02-07,19.41,19.43,19.12,19.17,1794625
2025-02-10,19.34,19.34,19.08,19.14,1317157
2025-02-11,19.32,19.70,19.28,19.65,2955481
2025-02-12,19.89,20.12,19.82,20.12,2019887
2025-02-13,19.86,20.04,19.80,19.95,1959067
2025-02-14,20.24,20.32,20.16,20.20,1288021
2025-02-18,20.68,20.96,20.63,20.94,2650904
2025-02-19,20.46,20.53,20.17,20.25,1883389
2025-02-20,20.51,20.53,20.20,20.39,2242924
2025-02-21,20.62,20.62,20.29,20.30,1981977
2025-02-24,20.92,20.92,20.41,20.60,2036290
2025-02-25,21.42,21.46,21.02,21.39,7278002
2025-02-26,21.61,21.96,21.56,21.70,6735192
2025-02-27,21.27,21.44,21.07,21.39,5578894
2025-02-28,21.39,21.58,21.18,21.49,12248920
2025-03-03,22.00,22.14,21.41,21.58,4055903
2025-03-04,20.82,21.44,20.32,20.99,8728732
2025-03-05,22.91,23.96,22.89,23.88,10998590
2025-03-06,24.26,24.44,23.57,24.00,7937902
2025-03-07,23.97,24.17,23.68,24.16,4385795
2025-03-10,23.03,23.29,22.69,23.22,8360866
2025-03-11,23.06,23.37,22.55,23.17,6936925
2025-03-12,23.49,23.64,23.30,23.39,4649232
2025-03-13,23.29,23.36,22.96,22.98,3158843
2025-03-14,23.90,24.23,23.86,24.22,4613629
2025-03-17,23.86,24.12,23.84,23.95,4609326
2025-03-18,24.78,25.03,24.62,24.93,5342541
2025-03-19,24.51,24.93,24.35,24.78,3573766
2025-03-20,23.96,24.27,23.96,24.15,3450343
2025-03-21,23.90,24.30,23.90,24.23,2522766
2025-03-24,24.65,24.84,24.61,24.76,2720397
2025-03-25,25.10,25.33,25.01,25.25,2676084
2025-03-26,25.11,25.25,24.57,24.69,3262940
2025-03-27,24.41,24.66,24.26,24.50,3235484
2025-03-28,24.12,24.14,23.76,23.96,2502886
2025-03-31,23.38,23.91,23.18,23.83,2970022
2025-04-01,24.07,24.16,23.73,24.02,2498798
2025-04-02,23.89,24.47,23.86,24.34,2362184
2025-04-03,23.19,23.34,22.79,22.88,3572525
2025-04-04,20.92,21.07,20.19,20.47,7214233
2025-04-07,19.62,21.13,18.89,19.50,19945610
2025-04-08,20.94,20.95,19.64,19.85,7218640
2025-04-09,20.01,22.25,19.70,22.05,7876742
2025-04-10,21.63,21.77,20.96,21.50,5658337
2025-04-11,21.74,22.48,21.62,22.42,4228953
2025-04-14,23.02,23.30,22.88,23.10,3883972
2025-04-15,23.44,23.66,23.33,23.54,2773082
2025-04-16,23.34,23.65,23.18,23.34,2692945
2025-04-17,23.38,23.66,23.33,23.47,2701079
2025-04-21,23.50,23.56,22.99,23.27,1774958
2025-04-22,23.92,24.36,23.89,24.33,3312367
2025-04-23,24.90,25.18,24.73,24.87,3855286
2025-04-24,24.91,25.23,24.87,25.20,2674660
2025-04-25,25.37,25.71,25.35,25.69,2555143
2025-04-28,25.66,25.77,25.48,25.74,2839814
2025-04-29,26.64,26.96,26.60,26.78,5351242
2025-04-30,25.83,26.27,25.62,26.21,4049505
2025-05-01,26.50,26.68,26.32,26.40,2325590
2025-05-02,26.58,26.81,26.51,26.80,3231673
2025-05-05,27.10,27.25,26.98,26.99,3150739
2025-05-06,26.66,26.97,26.66,26.74,2440813
2025-05-07,26.73,26.84,26.59,26.67,2297299
2025-05-08,26.86,26.89,26.62,26.71,3075655
2025-05-09,27.10,27.38,27.08,27.38,1878799
2025-05-12,27.38,27.50,27.19,27.49,2952415
2025-05-13,27.60,27.73,27.48,27.51,2949725
2025-05-14,27.74,27.82,27.59,27.78,2344008
2025-05-15,28.08,28.34,27.95,28.23,4237270
2025-05-16,27.75,27.96,27.70,27.87,2374075
2025-05-19,28.37,28.61,28.29,28.56,5011364
2025-05-20,28.40,28.54,28.34,28.47,2123969
2025-05-21,28.91,29.07,28.43,28.45,3612385
2025-05-22,28.22,28.66,28.22,28.46,4355066
2025-05-23,27.16,27.49,27.13,27.25,4170329
2025-05-27,28.08,28.27,27.93,28.01,3269045
2025-05-28,27.59,27.64,27.39,27.51,2691996
2025-05-29,27.85,27.85,27.60,27.77,1878138
2025-05-30,27.79,27.87,27.50,27.78,2623455
2025-06-02,27.56,27.81,27.46,27.73,1864871
2025-06-03,27.61,27.91,27.48,27.82,1924913
2025-06-04,27.43,27.61,27.31,27.31,2226715
2025-06-05,27.71,28.11,27.65,28.03,3412670
2025-06-06,28.15,28.34,28.09,28.13,1542719
2025-06-09,28.12,28.23,28.07,28.14,2042840
2025-06-10,27.98,28.24,27.83,27.91,2248289
2025-06-11,28.13,28.42,27.95,28.34,2117983
2025-06-12,28.16,28.41,28.16,28.22,1885259
2025-06-13,27.30,27.66,27.13,27.54,2805710
2025-06-16,28.00,28.35,27.88,28.12,8185983
2025-06-17,27.77,27.84,27.34,27.43,3314888
2025-06-18,27.61,27.93,27.52,27.74,2442749
2025-06-20,27.69,27.72,27.54,27.61,2452866
2025-06-23,27.27,27.82,27.26,27.80,2846403
2025-06-24,28.76,29.34,28.73,29.31,3498457
2025-06-25,28.97,29.32,28.94,29.28,2645862
2025-06-26,29.89,29.98,29.78,29.95,2612921
2025-06-27,30.31,30.50,30.12,30.40,2350833
2025-06-30,29.21,29.64,29.19,29.28,4334248
2025-07-01,28.88,28.95,28.44,28.71,4204570
2025-07-02,28.89,29.09,28.76,29.09,2938210
2025-07-03,29.15,29.28,29.10,29.25,1829662
2025-07-07,29.06,29.23,28.79,28.91,2557281
2025-07-08,29.43,29.52,29.18,29.40,2858800
2025-07-09,30.07,30.44,29.98,30.38,3355026
2025-07-10,30.12,30.25,29.91,29.99,1876429
2025-07-11,29.50,29.73,29.39,29.64,2171604
2025-07-14,29.56,29.84,29.53,29.82,1338889
2025-07-15,29.84,29.89,29.38,29.43,1961230
2025-07-16,29.70,30.17,29.61,30.15,2588857
2025-07-17,29.65,30.19,29.65,30.12,1918612
2025-07-18,30.12,30.19,29.86,29.93,1731117
2025-07-21,30.12,30.59,30.06,30.32,2242405
2025-07-22,30.21,30.47,29.89,30.42,1762078
2025-07-23,30.75,31.39,30.75,31.28,4707917
2025-07-24,33.76,34.14,33.48,33.73,6113063
2025-07-25,33.26,33.51,33.10,33.48,3090512
2025-07-28,32.95,32.97,32.50,32.56,3044885
2025-07-29,33.18,33.23,32.94,33.09,2103311
2025-07-30,33.14,33.51,33.09,33.26,2854890
2025-07-31,33.12,33.23,32.89,32.98,2799870
2025-08-01,32.65,32.73,32.27,32.53,3210911
2025-08-04,33.53,33.73,33.36,33.68,3259393
2025-08-05,33.92,34.00,33.44,33.78,2343442
2025-08-06,34.59,34.78,34.49,34.73,2717899
2025-08-07,35.72,35.79,35.31,35.62,3771672
2025-08-08,35.95,36.30,35.77,36.26,2776246
2025-08-11,36.00,36.21,35.86,36.21,1915953
2025-08-12,36.30,36.46,36.18,36.30,1936471
2025-08-13,36.51,36.51,36.00,36.17,2609531
2025-08-14,36.38,36.80,36.37,36.78,2435523
2025-08-15,36.98,36.99,36.47,36.56,2464764
2025-08-18,36.45,36.70,36.39,36.59,2264144
2025-08-19,36.98,36.98,36.33,36.36,2751392
2025-08-20,36.48,36.59,36.13,36.56,2792918
2025-08-21,36.51,36.84,36.50,36.67,2069981
2025-08-22,36.76,37.36,36.66,37.15,2415909
2025-08-25,37.28,37.55,36.93,36.94,2056517
2025-08-26,36.17,36.84,36.09,36.82,2451282
2025-08-27,35.41,35.52,34.88,35.04,4136240
2025-08-28,35.12,35.44,35.06,35.35,2405020
2025-08-29,34.99,35.22,34.84,35.13,1827768
2025-09-02,34.31,34.73,34.13,34.73,3160428
2025-09-03,34.43,34.84,34.35,34.81,2303400
2025-09-04,35.14,35.38,35.03,35.32,1829177
2025-09-05,35.51,35.56,34.77,35.20,3154824
2025-09-08,35.27,35.45,35.06,35.20,2624068
2025-09-09,35.21,35.80,35.21,35.70,2464441
2025-09-10,36.26,36.49,36.12,36.20,2331436
2025-09-11,36.34,37.09,36.34,37.05,2210167
2025-09-12,36.67,37.20,36.67,37.16,1553893
2025-09-15,37.58,37.86,37.42,37.46,2086428
2025-09-16,36.84,36.90,36.35,36.58,3517455
2025-09-17,36.36,36.66,36.23,36.47,2477922
2025-09-18,35.72,35.99,35.55,35.94,2300637
2025-09-19,35.99,36.57,35.95,36.24,5107221
2025-09-22,36.17,36.52,35.92,36.43,2079250
2025-09-23,36.59,36.69,36.18,36.27,2187375
2025-09-24,36.08,36.25,35.85,35.95,1926345
2025-09-25,35.18,35.38,35.00,35.22,2401833
2025-09-26,35.70,35.85,35.55,35.68,1227413
2025-09-29,35.49,35.56,35.16,35.31,1711734
2025-09-30,35.26,35.42,34.99,35.41,2275725
2025-10-01,35.54,35.61,35.18,35.51,2378712
2025-10-02,35.50,35.55,35.07,35.27,1524834
2025-10-03,35.58,35.69,35.45,35.64,1810613
2025-10-06,35.20,35.23,34.83,34.94,1966789
2025-10-07,35.03,35.10,34.71,34.78,1874305
2025-10-08,35.49,35.52,35.19,35.33,1917441
2025-10-09,35.51,35.54,35.01,35.24,1997686
2025-10-10,35.33,35.59,34.52,34.56,2030574
2025-10-13,34.96,35.34,34.95,35.30,1511580
2025-10-14,35.00,35.51,34.85,35.28,1771320
2025-10-15,35.17,35.28,34.67,34.93,1683091
2025-10-16,35.31,35.61,35.03,35.10,2380402
2025-10-17,33.96,34.08,33.33,33.59,3444746
2025-10-20,33.86,33.96,33.66,33.90,1456922
2025-10-21,33.54,33.56,33.16,33.18,1932863
2025-10-22,33.33,33.40,32.95,33.19,1986046
2025-10-23,33.54,33.56,33.33,33.38,1499433
2025-10-24,33.46,33.77,33.43,33.62,1509374
2025-10-27,33.87,34.03,33.82,33.94,1938471
2025-10-28,34.30,34.59,34.25,34.51,2622387
2025-10-29,35.98,36.83,35.77,35.94,5038253
2025-10-30,35.95,36.13,35.70,35.96,2322811
2025-10-31,35.60,35.80,35.09,35.77,2359087
2025-11-03,36.00,36.28,35.74,36.17,2100510
2025-11-04,35.75,36.26,35.65,35.86,2209406
2025-11-05,35.93,36.47,35.87,36.42,1792117
2025-11-06,36.45,36.54,36.01,36.20,2340170
2025-11-07,35.90,36.48,35.61,36.48,2404906
2025-11-10,37.09,37.84,37.09,37.83,3108028
2025-11-11,37.84,37.95,37.59,37.73,2758628
2025-11-12,38.21,38.66,38.21,38.64,2563934
2025-11-13,38.74,38.78,37.74,37.90,3591179
2025-11-14,36.88,37.19,36.69,36.93,2799615
2025-11-17,36.34,36.38,34.93,35.12,3860083
2025-11-18,34.09,34.37,33.83,34.09,3595047
2025-11-19,34.56,34.77,34.30,34.60,2642359
2025-11-20,34.69,34.98,33.52,33.55,2769436
2025-11-21,33.97,34.23,33.59,34.17,2969684
2025-11-24,33.80,34.06,33.76,33.91,2314112
2025-11-25,34.60,34.84,34.30,34.76,1937801
2025-11-26,35.29,35.59,35.25,35.48,1893128
2025-11-28,35.45,35.62,35.38,35.57,1406523
2025-12-01,35.31,35.55,35.19,35.34,2568882
2025-12-02,36.09,36.30,36.04,36.16,1824935
2025-12-03,35.86,36.02,35.55,35.98,2637428
2025-12-04,35.87,36.26,35.87,36.03,1754695
2025-12-05,36.26,36.42,36.19,36.26,2524418
2025-12-08,36.58,36.78,36.48,36.63,2283074
2025-12-09,37.05,37.51,37.01,37.15,2686248
2025-12-10,37.24,37.79,37.19,37.67,2397921
2025-12-11,37.98,38.68,37.94,38.55,2952198
2025-12-12,38.01,38.04,36.95,37.31,2865912
2025-12-15,37.59,37.78,37.51,37.59,2295176
2025-12-16,37.56,37.68,37.27,37.46,2054326
2025-12-17,37.11,37.35,36.99,37.05,2362344
2025-12-18,37.80,38.36,37.64,38.22,2898690
2025-12-19,38.33,38.76,38.29,38.62,2565983
2025-12-22,38.65,38.87,38.59,38.68,2073340
2025-12-23,38.99,39.42,38.99,39.36,1947373
2025-12-24,39.36,39.62,39.34,39.52,812807
2025-12-26,39.65,39.78,39.54,39.66,1005307
2025-12-29,39.01,39.06,38.44,38.62,2299480
2025-12-30,38.99,38.99,38.69,38.81,1478184
2025-12-31,38.83,38.83,38.55,38.56,811112
2026-01-02,39.34,39.63,39.23,39.59,1884397
2026-01-05,39.39,39.82,39.31,39.69,2686687
2026-01-06,39.69,39.69,38.91,38.94,3154576
2026-01-07,38.70,38.71,38.43,38.60,2486026
2026-01-08,38.64,38.87,38.53,38.83,2139229
2026-01-09,38.50,38.52,38.02,38.35,2452031
2026-01-12,39.14,39.51,39.08,39.39,2116356
2026-01-13,39.42,39.50,39.08,39.13,1968758
2026-01-14,39.23,39.27,39.02,39.19,2087541
2026-01-15,38.90,39.20,38.81,38.87,3466756
2026-01-16,38.92,39.12,38.76,38.88,1991766
2026-01-20,37.91,38.15,37.48,37.49,3105909
2026-01-21,37.30,37.97,37.12,37.89,3758495
2026-01-22,38.76,39.26,38.62,39.14,3290415
2026-01-23,38.68,39.08,38.51,39.08,2023659
2026-01-26,39.41,39.56,39.34,39.40,2040952
2026-01-27,39.63,40.43,39.63,40.33,2997214
2026-01-28,39.61,40.03,38.93,39.54,4924378
2026-01-29,39.45,39.68,38.39,39.12,4328824
2026-01-30,39.38,39.73,39.03,39.22,3724839
2026-02-02,39.33,39.80,39.32,39.60,2586749
2026-02-03,39.72,40.02,39.20,39.85,3664293
2026-02-04,38.09,38.31,37.42,37.90,5254133
2026-02-05,36.68,36.96,35.92,36.13,4157160
2026-02-06,36.73,37.26,36.73,37.22,2560400
2026-02-09,37.49,38.06,37.36,37.98,2478564
2026-02-10,37.94,38.07,37.27,37.61,2972954
2026-02-11,37.33,37.45,36.85,37.30,2847376
2026-02-12,37.49,37.59,36.41,36.67,3624368
2026-02-13,35.19,35.41,34.90,35.28,5020401
2026-02-17,35.51,36.02,35.51,35.94,3720624
2026-02-18,36.42,36.78,36.18,36.27,3810964
2026-02-19,35.87,35.97,35.62,35.80,2876120
2026-02-20,36.32,36.76,36.18,36.72,3408754
2026-02-23,36.88,37.02,35.84,36.00,2888255
2026-02-24,35.31,35.67,35.21,35.55,2191259
2026-02-25,35.73,36.24,35.71,36.14,2422356
2026-02-26,36.55,36.76,36.30,36.72,2267498
2026-02-27,36.29,36.41,35.26,35.42,3122692
2026-03-02,33.78,34.54,33.73,34.23,4183809
2026-03-03,31.93,33.23,31.59,33.05,6655316
2026-03-04,33.35,33.50,33.07,33.36,3044437
2026-03-05,32.84,33.10,32.07,32.46,3032186
2026-03-06,31.03,31.48,30.77,31.25,3893311
2026-03-09,30.38,31.65,29.98,31.60,5486626
2026-03-10,32.19,32.32,31.64,31.78,4416622
2026-03-11,31.61,31.95,31.26,31.53,2959416
2026-03-12,29.55,29.79,28.93,29.44,6645014
2026-03-13,29.55,29.77,28.87,28.96,3327724
2026-03-16,29.74,30.13,29.67,29.75,3642271
2026-03-17,29.97,30.12,29.64,29.97,5119765
2026-03-18,29.79,29.95,29.18,29.23,5461467
2026-03-19,28.53,29.61,28.53,29.40,4296061
2026-03-20,29.21,29.27,28.20,28.47,3982533
2026-03-23,29.17,29.89,28.91,29.27,5363155
2026-03-24,28.62,29.17,28.58,28.95,3592507
2026-03-25,29.86,30.00,29.43,29.73,3105093
2026-03-26,29.16,29.49,28.94,28.98,2690298
2026-03-27,28.77,29.02,28.27,28.37,2787091
2026-03-30,28.47,28.75,28.12,28.39,2564174
2026-03-31,29.04,29.82,28.79,29.78,3433589
2026-04-01,30.63,30.75,30.24,30.48,3211790
2026-04-02,29.05,29.93,28.95,29.77,3947118
2026-04-06,30.15,30.15,29.82,30.06,1489897
2026-04-07,29.61,30.23,29.34,30.14,3246978
2026-04-08,32.54,32.56,31.82,32.16,5847611
2026-04-09,32.18,32.72,31.92,32.53,2296379
2026-04-10,32.85,32.87,32.34,32.44,2210507
2026-04-13,31.92,32.81,31.76,32.75,2301284
2026-04-14,33.35,33.77,33.30,33.67,2434290
2026-04-15,33.31,33.58,33.27,33.51,5264629
2026-04-16,33.50,33.55,32.80,32.81,3229547
2026-04-17,33.95,34.32,33.59,33.69,6153243
2026-04-20,33.39,33.56,33.16,33.39,1906378
2026-04-21,33.30,33.46,32.46,32.57,2286084
2026-04-22,32.70,32.74,32.38,32.44,1932862
2026-04-23,31.88,31.95,31.06,31.39,3523466
2026-04-24,31.53,31.89,31.39,31.81,2577606
2026-04-27,31.98,32.22,31.73,31.92,1986567
2026-04-28,31.84,32.03,31.71,31.95,1912276
2026-04-29,31.07,31.43,30.63,30.67,6480478
2026-04-30,30.93,31.31,30.84,31.05,5008702
2026-05-01,30.92,31.50,30.73,31.11,2087194
2026-05-04,30.59,30.89,30.12,30.22,3386032
2026-05-05,30.62,30.77,30.36,30.64,2175640
2026-05-06,32.07,32.16,31.88,32.02,2872932
2026-05-07,32.36,32.43,31.45,31.48,2601495
2026-05-08,32.07,32.17,31.85,32.07,2221877
2026-05-11,31.89,31.99,31.66,31.77,2319557
2026-05-12,31.29,31.81,31.15,31.77,2146089
2026-05-13,31.39,31.96,31.30,31.86,1663612
2026-05-14,32.15,32.18,31.70,31.73,1756353
2026-05-15,31.26,31.31,30.88,30.90,2242309
2026-05-18,31.21,31.63,31.04,31.36,3245665
2026-05-19,31.42,31.56,30.93,30.97,3743623
2026-05-20,31.50,32.88,31.41,32.87,5100069
2026-05-21,32.33,33.13,32.22,32.90,3818892
2026-05-22,32.77,32.81,32.34,32.43,2051241
2026-05-26,33.92,33.94,33.24,33.49,3012777
2026-05-27,33.52,33.60,33.12,33.36,3519368
2026-05-28,32.72,33.31,32.66,33.11,3079500
2026-05-29,32.41,32.78,32.30,32.30,3473164
2026-06-01,31.66,32.23,31.57,32.19,3552656
2026-06-02,32.40,32.58,32.28,32.32,2089264
2026-06-03,31.65,31.65,31.14,31.26,2635999
2026-06-04,32.10,32.31,31.96,32.20,2337714
2026-06-05,32.09,32.12,31.34,31.51,2781299
2026-06-08,31.75,31.94,31.35,31.35,2397610
2026-06-09,32.46,32.49,31.29,31.90,4581902
2026-06-10,31.58,31.71,30.97,30.99,3617354
2026-06-11,31.04,32.22,30.93,32.21,3436270
2026-06-12,33.06,33.33,32.78,33.31,3483506
2026-06-15,34.80,34.86,34.45,34.50,4070456
2026-06-16,35.10,35.17,34.84,34.88,3085294
2026-06-17,35.59,35.97,34.90,35.05,4704653
2026-06-18,35.44,35.60,35.26,35.27,3246901
2026-06-22,35.93,36.16,35.78,36.09,2639533
2026-06-23,35.26,35.41,35.16,35.18,2083539
2026-06-24,34.76,34.77,33.95,34.00,3225618
2026-06-25,34.55,34.74,34.27,34.38,2142667
2026-06-26,33.98,33.99,33.50,33.53,1909106
2026-06-29,33.73,33.89,33.61,33.81,1986255
2026-06-30,33.60,33.93,33.42,33.76,2056424
2026-07-01,33.71,33.99,33.65,33.86,1897623
2026-07-02,36.18,36.44,35.48,35.86,3499618
2026-07-06,36.54,37.10,36.49,37.04,2171116
2026-07-07,37.47,37.49,36.62,36.64,2252634
2026-07-08,35.60,35.81,34.92,35.27,2049727
2026-07-09,35.43,35.59,35.31,35.40,1817678
2026-07-10,35.93,35.97,35.51,35.77,1377318
2026-07-13,35.71,35.83,35.12,35.24,1531413
2026-07-14,35.64,36.25,35.47,35.64,2947204
2026-07-15,36.01,36.64,35.94,36.56,1698739
2026-07-16,36.27,36.29,35.84,36.06,1925207
2026-07-17,34.74,35.38,34.58,35.20,2050293
2026-07-20,35.04,35.07,34.59,34.69,1771796
2026-07-21,35.19,35.59,35.01,35.37,1441912
2026-07-22,35.65,35.72,35.52,35.59,1047282
2026-07-23,33.99,34.43,33.87,34.14,2874064
2026-07-24,34.49,34.96,34.41,34.66,1645052
2026-07-27,35.70,35.84,35.14,35.50,1615313
2026-07-28,35.07,35.48,34.80,35.36,2378709
2026-07-29,35.75,36.19,35.41,35.47,3248885
2026-07-30,36.22,37.05,36.03,37.03,2207299
2026-07-31,36.58,36.81,36.21,36.70,1602545
2026-08-03,37.27,37.29,36.84,37.17,1812659
2026-08-04,37.48,37.79,37.44,37.47,1662218
2026-08-05,37.74,38.10,37.70,38.04,1412051
2026-08-06,38.27,38.39,37.56,37.63,1834949
2026-08-07,38.28,38.31,37.91,38.06,1429798
2026-08-10,38.04,38.43,37.99,38.27,1352912
2026-08-11,38.43,38.56,38.20,38.23,1338469
2026-08-12,38.44,38.55,38.33,38.51,1509434
2026-08-13,38.55,38.56,38.15,38.38,1274852
2026-08-14,38.41,38.65,38.33,38.56,1194161
2026-08-17,38.33,38.38,38.09,38.12,1452269
2026-08-18,38.14,38.29,37.94,38.09,1575753
2026-08-19,38.38,38.41,37.88,38.03,3164654
2026-08-20,38.06,38.10,37.52,37.56,2515066
2026-08-21,37.60,37.84,37.54,37.82,1202199
2026-08-24,38.09,38.70,38.06,38.42,1308523
2026-08-25,38.70,39.07,38.40,39.04,1918978
2026-08-26,40.53,40.65,40.10,40.23,2997070
2026-08-27,40.37,40.52,39.98,40.07,1692244
2026-08-28,40.42,40.69,40.28,40.36,1850287
2026-08-31,40.34,40.36,40.01,40.06,1754056
2026-09-01,39.55,40.09,39.46,39.58,2205580
2026-09-02,40.27,40.57,39.98,40.50,1655076
2026-09-03,41.06,41.56,41.06,41.56,2416195
2026-09-04,41.32,41.49,41.24,41.33,1092287
2026-09-08,41.56,41.62,41.05,41.06,1234062
2026-09-09,40.74,40.85,40.42,40.66,1554700
2026-09-10,40.44,40.71,40.23,40.35,1472704
2026-09-11,40.66,40.68,40.27,40.48,1690869
2026-09-14,39.41,39.79,39.00,39.37,3481582
2026-09-15,38.73,38.92,38.38,38.69,1299086
