date,open,high,low,close,volume
2016-09-15,92.12,92.75,91.19,92.50,7562150
2016-09-16,92.27,92.74,91.80,92.56,10550750
2016-09-19,92.80,93.32,92.34,92.63,5400752
2016-09-20,92.70,93.30,92.68,92.95,6194648
2016-09-21,93.00,93.08,91.70,92.39,12015780
2016-09-22,92.73,93.71,92.64,93.41,6470416
2016-09-23,93.07,93.52,93.00,93.27,4399982
2016-09-26,92.47,92.68,91.40,91.96,10420650
2016-09-27,91.93,92.18,91.50,91.72,9151725
2016-09-28,91.75,92.30,91.48,92.20,8268318
2016-09-29,92.14,93.10,91.53,91.80,7469687
2016-09-30,92.28,93.49,92.21,92.86,8725559
2016-10-03,92.47,92.72,92.05,92.49,5821032
2016-10-04,92.45,92.99,92.11,92.59,5894710
2016-10-05,92.94,93.28,92.38,92.45,5351482
2016-10-06,92.75,93.58,92.39,92.83,7483486
2016-10-07,93.06,93.29,92.02,92.49,6141462
2016-10-10,92.70,93.21,92.40,92.49,4222427
2016-10-11,92.33,92.38,91.57,91.86,6639429
2016-10-12,91.88,92.08,91.39,91.41,6835025
2016-10-13,90.95,91.36,90.31,91.12,5724015
2016-10-14,91.77,91.77,91.29,91.30,4335374
2016-10-17,91.35,91.47,90.56,90.83,5122933
2016-10-18,91.40,91.74,90.98,91.17,4884212
2016-10-19,91.27,92.14,91.00,91.93,6116049
2016-10-20,91.66,92.32,91.44,92.03,6143074
2016-10-21,91.33,94.19,90.60,93.03,13788160
2016-10-24,93.49,94.15,92.80,93.37,7277953
2016-10-25,93.14,93.36,92.64,92.75,6368264
2016-10-26,92.39,93.72,91.90,93.49,7143285
2016-10-27,93.80,94.34,93.31,94.02,6638712
2016-10-28,93.89,94.40,93.53,93.85,7307423
2016-10-31,93.72,93.82,92.31,92.69,9952718
2016-11-01,92.78,92.99,91.66,92.39,6449776
2016-11-02,91.91,92.56,91.69,91.91,6671473
2016-11-03,92.26,94.13,92.24,93.37,7750763
2016-11-04,93.50,93.79,92.36,92.45,7447245
2016-11-07,93.77,94.48,92.95,94.43,6951140
2016-11-08,94.53,94.85,93.90,94.38,6218890
2016-11-09,92.29,94.92,92.11,94.64,8626004
2016-11-10,94.89,96.06,94.23,94.96,13259970
2016-11-11,97.18,98.32,95.78,97.68,23000390
2016-11-14,97.56,98.31,97.45,97.92,13204620
2016-11-15,97.90,98.14,97.42,97.70,7180098
2016-11-16,98.33,99.17,98.10,99.12,9696856
2016-11-17,99.05,99.50,98.27,99.37,8662027
2016-11-18,99.05,99.37,98.14,98.24,8586038
2016-11-21,98.11,98.27,97.00,97.63,10768970
2016-11-22,97.50,97.93,97.27,97.71,5319510
2016-11-23,97.67,98.28,97.59,98.26,6165966
2016-11-25,98.71,99.07,98.50,98.82,4396763
2016-11-28,98.52,99.20,98.32,98.97,7079120
2016-11-29,99.23,99.68,98.97,99.67,8392543
2016-11-30,99.40,100.29,99.00,99.12,11360840
2016-12-01,99.13,99.75,98.62,98.94,9954331
2016-12-02,98.79,99.08,98.25,98.50,7731051
2016-12-05,98.98,100.27,98.68,99.96,11328660
2016-12-06,99.95,100.72,99.82,100.66,8426734
2016-12-07,100.51,102.07,100.44,101.99,12255470
2016-12-08,101.47,103.96,101.47,103.38,16523080
2016-12-09,103.49,105.52,103.18,104.86,12155940
2016-12-12,104.61,104.70,103.73,104.06,7871518
2016-12-13,104.20,104.31,103.71,103.85,7287235
2016-12-14,103.62,104.41,103.50,104.05,7955553
2016-12-15,103.85,105.64,103.82,104.39,8738641
2016-12-16,104.71,104.72,103.75,103.91,12634870
2016-12-19,105.70,106.26,105.06,105.30,11448820
2016-12-20,105.64,106.20,105.06,105.46,8914773
2016-12-21,104.61,105.91,104.51,105.56,5200039
2016-12-22,104.96,105.49,104.70,105.42,5230184
2016-12-23,105.24,105.34,104.75,105.15,3238705
2016-12-27,104.85,105.56,104.78,105.17,3638989
2016-12-28,104.99,105.32,104.06,104.30,5120737
2016-12-29,104.23,104.77,103.87,104.56,5896576
2016-12-30,104.57,105.00,103.96,104.22,6982266
2017-01-03,105.30,106.90,105.20,106.08,8881466
2017-01-04,106.64,107.50,106.25,107.44,8321301
2017-01-05,107.17,107.62,106.79,107.38,6300952
2017-01-06,108.02,109.35,107.75,108.98,9543027
2017-01-09,108.58,108.83,108.11,108.36,6194248
2017-01-10,107.90,108.82,107.35,108.38,7901480
2017-01-11,108.54,109.49,108.38,109.44,7616192
2017-01-12,108.12,109.00,107.43,107.53,8213146
2017-01-13,107.16,108.35,106.90,108.06,6487493
2017-01-17,107.91,108.93,107.65,107.97,7586081
2017-01-18,106.93,108.40,106.81,108.16,7162612
2017-01-19,107.92,108.01,107.08,107.28,5349555
2017-01-20,107.35,107.82,107.18,107.66,5645414
2017-01-23,107.34,107.68,106.57,107.12,5710327
2017-01-24,107.20,108.06,107.08,107.90,5455802
2017-01-25,108.23,108.42,108.00,108.04,6174952
2017-01-26,108.21,108.62,107.98,108.06,6079434
2017-01-27,108.49,109.40,108.15,109.30,5576393
2017-01-30,109.86,111.05,108.96,110.94,13787360
2017-01-31,110.59,110.80,109.98,110.65,8483170
2017-02-01,110.71,111.99,110.67,111.30,10490800
2017-02-02,111.21,111.54,110.55,110.61,6510461
2017-02-03,110.90,111.15,110.21,110.30,7919045
2017-02-06,109.92,110.15,109.30,109.57,6872752
2017-02-07,109.65,109.73,108.77,109.00,10032550
2017-02-08,109.56,111.42,108.98,109.00,13612850
2017-02-09,109.07,109.85,109.00,109.49,6369210
2017-02-10,109.35,109.80,108.58,109.26,6524557
2017-02-13,108.95,109.90,108.90,109.65,5653854
2017-02-14,109.80,110.33,109.53,110.33,4768143
2017-02-15,109.91,110.68,109.80,110.18,7072407
2017-02-16,110.34,110.87,110.09,110.71,7179046
2017-02-17,110.24,110.50,109.52,110.06,6287837
2017-02-21,109.94,110.21,109.80,110.01,5431635
2017-02-22,109.69,110.28,109.53,110.12,5477635
2017-02-23,110.30,110.49,109.59,109.73,5470604
2017-02-24,109.62,110.32,109.10,110.32,4786296
2017-02-27,109.93,110.47,109.83,110.23,3547249
2017-02-28,110.00,110.40,109.83,110.09,4765692
2017-03-01,110.66,111.80,110.66,111.04,7417549
2017-03-02,111.00,111.20,110.45,110.59,4713500
2017-03-03,110.34,111.50,110.04,111.24,5841690
2017-03-06,110.77,110.98,110.09,110.67,4983056
2017-03-07,110.70,110.93,110.16,110.86,5114359
2017-03-08,110.87,111.32,110.66,110.84,4929006
2017-03-09,110.90,111.32,110.69,111.03,4005486
2017-03-10,111.40,111.50,110.69,110.92,4025889
2017-03-13,110.92,111.68,110.82,111.52,5201750
2017-03-14,111.73,112.89,111.72,112.31,7273192
2017-03-15,112.43,112.45,111.15,111.87,5319302
2017-03-16,112.18,112.32,111.40,111.71,4406126
2017-03-17,111.87,112.09,111.17,111.76,9060161
2017-03-20,112.07,113.16,112.05,112.71,8156298
2017-03-21,112.97,113.10,111.54,111.75,7109985
2017-03-22,111.85,112.18,111.35,112.08,5038725
2017-03-23,111.71,112.98,111.66,112.24,8307012
2017-03-24,112.40,112.58,111.68,112.14,4695741
2017-03-27,111.81,112.55,111.45,112.38,4464854
2017-03-28,112.60,113.24,112.02,113.05,6280443
2017-03-29,112.66,112.94,112.31,112.53,3780986
2017-03-30,112.53,113.30,112.28,113.18,4191633
2017-03-31,113.00,113.71,112.95,113.39,4616113
2017-04-03,113.18,113.65,112.43,113.20,4643309
2017-04-04,113.15,113.55,112.83,113.04,3385946
2017-04-05,113.58,113.84,112.79,113.00,4793390
2017-04-06,112.85,113.42,112.39,113.05,4743870
2017-04-07,112.82,113.28,112.53,112.58,4300437
2017-04-10,112.80,112.89,112.04,112.43,4053401
2017-04-11,113.68,113.83,112.59,113.07,5230104
2017-04-12,113.03,113.28,112.76,113.04,4086233
2017-04-13,113.04,114.25,112.99,113.20,6503641
2017-04-17,113.33,113.94,113.22,113.78,5119703
2017-04-18,113.48,114.75,113.00,114.19,6190162
2017-04-19,114.56,115.00,113.54,113.73,5302941
2017-04-20,114.17,115.05,113.87,114.79,5278010
2017-04-21,114.38,115.12,114.27,114.44,6653986
2017-04-24,115.26,115.38,113.66,113.70,7290671
2017-04-25,113.73,115.52,113.68,115.18,6917798
2017-04-26,115.40,115.96,114.86,115.58,4799575
2017-04-27,115.80,116.10,115.39,115.84,3910646
2017-04-28,115.87,115.90,115.24,115.60,3984564
2017-05-01,115.59,115.61,114.72,114.73,4953784
2017-05-02,114.87,114.99,113.68,114.37,6536122
2017-05-03,114.03,114.09,111.18,111.62,11513320
2017-05-04,110.58,111.30,109.06,111.17,10684250
2017-05-05,111.49,112.15,110.92,111.99,5867324
2017-05-08,112.39,112.39,111.00,111.42,5976672
2017-05-09,111.55,112.15,110.35,112.07,9271192
2017-05-10,109.00,109.66,108.13,109.66,17055020
2017-05-11,109.74,110.00,108.50,109.58,8010021
2017-05-12,109.80,109.89,109.27,109.69,5067067
2017-05-15,109.73,110.08,109.12,109.13,5944901
2017-05-16,109.12,109.23,107.82,107.98,10038660
2017-05-17,106.00,106.63,105.23,106.31,12757180
2017-05-18,105.98,107.31,105.98,106.68,6531603
2017-05-19,106.76,107.86,106.70,107.52,6241954
2017-05-22,107.65,108.20,107.41,107.63,5486637
2017-05-23,107.68,107.80,106.91,107.02,7537389
2017-05-24,107.15,107.83,106.93,107.71,4399033
2017-05-25,108.13,108.13,106.78,107.27,7614028
2017-05-26,107.71,108.49,107.48,108.41,6236432
2017-05-30,108.49,108.60,107.95,108.34,4808046
2017-05-31,108.40,108.65,107.64,107.94,9970731
2017-06-01,107.73,108.21,107.17,108.21,5854347
2017-06-02,108.46,108.64,106.95,107.18,10868530
2017-06-05,107.04,107.22,106.11,106.52,6371240
2017-06-06,106.17,106.19,104.61,105.50,9589107
2017-06-07,105.79,106.25,105.54,105.92,5777162
2017-06-08,105.47,105.56,104.16,104.32,10978340
2017-06-09,104.28,105.92,104.08,105.62,9391201
2017-06-12,105.89,107.20,105.89,107.04,8045588
2017-06-13,107.14,107.26,106.16,106.56,4918331
2017-06-14,106.95,107.01,105.76,106.14,4780293
2017-06-15,105.94,106.16,105.23,105.98,4894202
2017-06-16,106.28,106.35,104.77,105.51,8552931
2017-06-19,105.60,106.00,105.19,105.37,5862958
2017-06-20,105.07,105.30,103.81,103.94,7895045
2017-06-21,104.39,105.08,103.54,104.80,7758490
2017-06-22,104.71,104.77,104.09,104.22,6108726
2017-06-23,103.83,104.58,103.17,104.36,18142180
2017-06-26,104.60,105.85,104.56,105.57,5861306
2017-06-27,105.33,106.14,105.14,105.41,5694262
2017-06-28,106.02,107.54,104.52,106.86,7873570
2017-06-29,106.80,107.41,105.33,105.71,7266818
2017-06-30,106.25,106.56,105.50,106.25,5113768
2017-07-03,106.76,108.62,106.76,107.46,5399537
2017-07-05,107.83,107.85,105.29,105.63,8043511
2017-07-06,104.61,104.69,102.94,103.35,8690234
2017-07-07,103.51,103.73,102.72,103.32,5897828
2017-07-10,103.30,103.91,102.87,103.59,4412367
2017-07-11,103.60,104.19,103.19,103.84,4557328
2017-07-12,104.34,104.65,103.64,104.38,5202430
2017-07-13,104.45,105.34,104.04,104.29,5339082
2017-07-14,104.43,105.25,104.41,105.09,4370211
2017-07-17,105.17,105.42,104.71,104.79,3972731
2017-07-18,104.60,105.80,104.31,105.75,5730057
2017-07-19,106.13,106.87,106.05,106.82,5786280
2017-07-20,106.99,107.71,106.75,107.36,6115429
2017-07-21,107.10,107.33,106.81,107.09,4328216
2017-07-24,107.31,107.53,106.90,107.00,4615188
2017-07-25,107.60,107.74,106.20,106.42,5391690
2017-07-26,106.55,107.03,106.31,106.94,4148277
2017-07-27,107.69,110.00,107.44,110.00,10272070
2017-07-28,109.98,110.19,109.67,109.96,4864139
2017-07-31,110.02,110.14,109.34,109.93,6815344
2017-08-01,109.98,110.83,109.95,110.61,5968280
2017-08-02,109.88,109.88,107.52,108.67,8810713
2017-08-03,108.52,109.17,108.05,109.12,6889887
2017-08-04,108.23,108.50,107.32,107.69,8499249
2017-08-07,107.59,107.65,106.11,106.35,8089963
2017-08-08,106.55,107.14,106.17,106.98,9638993
2017-08-09,100.71,103.00,100.50,102.83,27866300
2017-08-10,102.50,102.82,101.22,101.35,11360010
2017-08-11,101.25,102.51,101.03,101.99,9409799
2017-08-14,102.80,102.81,101.26,101.40,9703180
2017-08-15,101.63,102.10,101.36,101.51,8852605
2017-08-16,101.84,102.65,101.72,102.20,6690269
2017-08-17,102.24,102.58,101.34,101.38,6498338
2017-08-18,101.32,101.74,100.66,100.70,6893646
2017-08-21,100.64,101.42,100.53,101.17,6478368
2017-08-22,101.41,102.91,101.17,102.77,6882887
2017-08-23,102.48,102.98,101.48,101.50,5948203
2017-08-24,101.82,102.03,101.43,101.52,6971595
2017-08-25,101.69,102.69,101.56,102.41,6178298
2017-08-28,102.49,102.85,102.08,102.56,5624256
2017-08-29,102.00,102.99,101.82,102.57,6007380
2017-08-30,102.48,103.45,102.48,102.87,6571706
2017-08-31,103.00,103.19,101.00,101.20,9815244
2017-09-01,101.65,101.92,101.36,101.50,7825946
2017-09-05,102.00,102.55,100.90,101.60,9580231
2017-09-06,101.76,102.03,100.89,101.50,7401740
2017-09-07,101.55,101.86,96.20,97.06,26410470
2017-09-08,96.49,97.49,96.26,97.07,13136610
2017-09-11,97.90,98.02,96.96,97.09,9601251
2017-09-12,97.59,98.36,97.12,97.89,9141010
2017-09-13,98.24,98.95,98.02,98.82,7606945
2017-09-14,98.79,98.84,97.54,97.90,9708470
2017-09-15,98.05,98.93,98.00,98.52,23831550
2017-09-18,98.39,98.72,97.72,98.10,7001934
2017-09-19,98.23,98.67,98.08,98.43,6966427
2017-09-20,98.76,99.28,98.62,99.21,6451239
2017-09-21,99.19,99.39,98.75,98.89,4957942
2017-09-22,98.55,98.99,98.53,98.60,6350943
2017-09-25,98.60,99.64,98.42,99.57,7483322
2017-09-26,99.64,99.74,98.61,98.63,5982392
2017-09-27,98.97,99.53,98.02,99.24,7539175
2017-09-28,98.77,99.05,98.00,98.05,7146545
2017-09-29,97.89,98.59,97.66,98.57,8168014
2017-10-02,99.31,100.44,99.11,99.86,6784301
2017-10-03,100.05,100.85,99.91,100.79,5442208
2017-10-04,100.74,100.93,100.20,100.55,5125096
2017-10-05,100.64,100.87,100.02,100.11,4735862
2017-10-06,99.95,100.27,99.34,100.07,4359795
2017-10-09,100.81,100.98,99.45,99.57,5427336
2017-10-10,99.99,100.07,98.66,99.58,7704136
2017-10-11,99.58,99.58,98.05,98.55,7981394
2017-10-12,97.56,97.82,96.81,96.93,11080790
2017-10-13,96.80,97.68,96.80,97.38,6855188
2017-10-16,97.64,98.27,97.54,98.13,4904795
2017-10-17,98.40,98.47,97.86,98.36,5926574
2017-10-18,98.36,98.49,97.55,98.25,5402116
2017-10-19,98.19,99.30,98.11,99.01,5633396
2017-10-20,99.45,99.66,98.94,99.40,5937751
2017-10-23,99.12,99.18,98.63,98.70,5886488
2017-10-24,98.52,98.86,98.06,98.29,4932829
2017-10-25,98.05,98.22,97.45,97.80,5143260
2017-10-26,97.58,99.48,97.25,98.56,6167069
2017-10-27,97.90,98.36,96.89,98.31,7863405
2017-10-30,98.12,98.33,97.70,98.04,7092729
2017-10-31,97.94,98.09,97.38,97.81,5659262
2017-11-01,98.13,99.46,98.00,99.03,6876442
2017-11-02,98.87,99.12,98.02,98.35,6798181
2017-11-03,98.36,99.38,97.90,98.64,5417454
2017-11-06,98.37,101.13,98.35,100.64,14723980
2017-11-07,101.29,102.90,100.74,101.61,12156410
2017-11-08,101.88,102.00,100.42,101.18,8022068
2017-11-09,100.83,103.91,100.80,102.68,13059230
2017-11-10,104.99,106.24,104.08,104.78,16697490
2017-11-13,104.14,105.14,103.98,104.74,7852657
2017-11-14,104.57,104.57,103.00,103.17,6926466
2017-11-15,102.75,103.96,102.45,103.69,5625676
2017-11-16,103.63,103.98,102.76,103.60,6361591
2017-11-17,103.22,103.99,102.97,103.44,7500828
2017-11-20,103.42,103.42,102.70,102.75,5112033
2017-11-21,102.97,103.17,102.79,103.00,5592920
2017-11-22,103.22,103.32,102.69,102.74,4139148
2017-11-24,102.91,102.92,102.45,102.64,2217591
2017-11-27,102.63,102.97,102.38,102.79,3985997
2017-11-28,102.56,103.88,102.17,103.41,8398284
2017-11-29,103.50,106.26,103.43,105.24,14490930
2017-11-30,105.36,105.71,104.47,104.82,9943095
2017-12-01,104.58,105.85,103.87,105.25,9256319
2017-12-04,106.50,112.67,106.50,110.22,17821880
2017-12-05,109.53,110.04,106.52,107.22,13050540
2017-12-06,107.17,107.99,105.36,105.46,8106390
2017-12-07,105.74,106.00,104.49,105.26,9937572
2017-12-08,104.91,104.98,104.08,104.23,6529811
2017-12-11,104.87,106.84,104.77,106.83,7426367
2017-12-12,107.60,107.83,106.58,107.43,8110677
2017-12-13,108.15,108.19,106.75,107.61,10358970
2017-12-14,107.29,111.54,107.20,110.57,27563120
2017-12-15,111.98,112.00,110.60,111.27,19970450
2017-12-18,111.84,111.99,110.31,111.03,12267770
2017-12-19,111.33,112.39,110.77,111.81,10545970
2017-12-20,111.62,112.30,109.69,109.69,8659605
2017-12-21,109.72,111.09,109.19,109.57,9365887
2017-12-22,109.49,109.69,108.45,108.67,7372060
2017-12-26,108.49,109.37,107.89,108.12,3982180
2017-12-27,108.42,108.55,107.45,107.64,5623743
2017-12-28,108.00,108.05,107.06,107.77,3477571
2017-12-29,108.05,108.34,107.51,107.51,4532112
2018-01-02,108.95,111.81,108.56,111.80,11010460
2018-01-03,112.19,113.19,111.45,112.28,9237466
2018-01-04,112.95,113.00,111.63,112.23,7416370
2018-01-05,112.68,112.68,111.24,111.62,6007940
2018-01-08,110.89,111.28,109.54,110.02,8044543
2018-01-09,110.13,110.86,109.86,109.94,5835893
2018-01-10,109.96,110.50,109.01,109.47,6055617
2018-01-11,110.25,111.08,109.51,110.99,6419985
2018-01-12,111.32,112.72,111.00,112.47,5899422
2018-01-16,113.07,113.16,110.62,110.69,8033795
2018-01-17,111.20,112.21,110.56,111.97,7030437
2018-01-18,111.74,111.99,110.20,110.42,8057530
2018-01-19,110.97,111.09,109.84,110.59,9955225
2018-01-22,110.27,111.56,110.06,111.10,8073335
2018-01-23,110.27,111.14,109.89,110.41,7472767
2018-01-24,110.96,111.43,110.29,110.50,7208618
2018-01-25,110.60,111.82,110.12,110.55,6285589
2018-01-26,110.81,112.53,110.67,112.19,7736049
2018-01-29,112.10,112.45,111.24,111.54,6843300
2018-01-30,111.42,112.42,110.10,110.11,8390369
2018-01-31,110.08,110.12,108.47,108.67,9835073
2018-02-01,108.62,110.65,107.36,110.49,9517385
2018-02-02,109.95,110.58,108.45,108.70,9932488
2018-02-05,107.10,108.63,104.01,104.70,14940890
2018-02-06,102.88,106.20,101.76,106.17,17653260
2018-02-07,107.83,108.03,104.41,104.76,12426020
2018-02-08,105.47,105.82,101.19,101.35,12644280
2018-02-09,102.55,103.75,100.26,103.09,12479160
2018-02-12,103.93,104.64,102.10,103.39,9581884
2018-02-13,102.64,104.31,102.40,104.12,8441422
2018-02-14,103.49,104.76,102.69,104.60,7424169
2018-02-15,105.36,105.57,103.93,105.18,6481424
2018-02-16,105.19,107.34,105.19,106.53,8738586
2018-02-20,106.37,107.56,105.52,105.98,6729847
2018-02-21,106.00,106.91,105.02,105.05,6741225
2018-02-22,105.31,106.01,104.93,105.24,4458040
2018-02-23,105.75,107.36,105.43,107.25,6100071
2018-02-26,108.00,109.81,107.67,109.81,8136386
2018-02-27,108.00,108.16,104.85,104.87,14168080
2018-02-28,105.45,105.57,103.14,103.16,10755750
2018-03-01,103.20,104.03,101.33,102.57,10485300
2018-03-02,102.00,103.17,101.44,102.99,7834550
2018-03-05,102.71,103.97,102.42,103.41,5734211
2018-03-06,104.00,104.95,103.51,104.94,6206677
2018-03-07,103.72,104.24,102.77,103.59,6025175
2018-03-08,103.99,104.58,103.47,104.03,6552751
2018-03-09,104.43,104.75,103.64,104.73,5611026
2018-03-12,104.72,105.94,104.72,105.17,6479305
2018-03-13,105.83,105.83,103.42,103.73,6716283
2018-03-14,104.53,104.65,103.47,103.90,6235571
2018-03-15,104.00,104.28,103.24,103.24,5156891
2018-03-16,103.56,104.27,102.84,102.87,10465650
2018-03-19,102.80,102.95,101.00,101.48,6517946
2018-03-20,101.54,102.15,100.75,101.35,8330259
2018-03-21,101.50,102.94,101.42,101.82,6134726
2018-03-22,101.29,101.64,100.41,100.60,8887010
2018-03-23,100.85,101.11,98.45,98.54,7485407
2018-03-26,99.86,100.78,99.08,100.65,7337473
2018-03-27,100.88,101.18,98.89,99.36,7188546
2018-03-28,99.50,100.08,98.15,98.54,9095081
2018-03-29,99.01,101.28,98.86,100.44,9339322
2018-04-02,100.18,100.99,97.78,98.66,8196011
2018-04-03,98.80,99.49,97.70,99.42,8474391
2018-04-04,98.43,101.15,97.76,100.95,8758912
2018-04-05,101.36,102.38,100.98,102.11,6558198
2018-04-06,101.63,102.19,99.45,100.35,7109207
2018-04-09,100.70,101.51,99.58,99.70,7084279
2018-04-10,100.92,101.53,100.32,101.37,8138656
2018-04-11,100.78,101.65,100.41,100.80,6304545
2018-04-12,101.42,101.51,99.68,100.39,7330362
2018-04-13,101.00,101.52,100.16,100.35,6323286
2018-04-16,100.69,101.00,99.73,100.24,10326890
2018-04-17,101.20,102.59,100.75,102.17,9573086
2018-04-18,102.67,102.71,101.20,101.21,5815699
2018-04-19,101.00,101.58,100.22,100.89,6795903
2018-04-20,101.18,101.40,99.91,100.24,6170865
2018-04-23,100.55,100.72,99.53,100.15,5871979
2018-04-24,100.58,100.85,98.86,99.46,6566874
2018-04-25,99.50,101.49,99.05,101.15,8640972
2018-04-26,101.23,101.38,99.74,99.84,8018948
2018-04-27,99.78,99.99,98.94,99.23,8034716
2018-04-30,100.41,101.37,100.12,100.33,8556996
2018-05-01,100.18,100.70,98.93,100.06,6712117
2018-05-02,100.17,100.72,99.25,99.62,8950670
2018-05-03,99.11,99.25,97.68,98.76,10443720
2018-05-04,98.71,101.35,98.58,101.15,9970331
2018-05-07,102.35,102.68,101.72,102.48,10098340
2018-05-08,101.20,102.64,100.84,101.79,14002710
2018-05-09,102.25,102.27,99.30,99.97,18322660
2018-05-10,100.43,102.07,100.30,101.68,8918961
2018-05-11,101.89,102.21,101.26,102.07,7030827
2018-05-14,102.44,103.49,101.98,102.44,9882962
2018-05-15,102.44,103.31,102.10,102.92,5718845
2018-05-16,103.25,105.04,103.15,105.04,8106950
2018-05-17,105.23,105.48,104.09,104.34,7317655
2018-05-18,104.34,104.79,103.56,103.93,5422030
2018-05-21,104.22,104.68,103.61,104.06,5825190
2018-05-22,104.40,105.49,103.99,104.07,6971540
2018-05-23,103.20,103.34,102.07,102.89,8044952
2018-05-24,102.81,102.86,101.21,102.11,7473175
2018-05-25,102.25,103.00,101.97,102.20,6975112
2018-05-29,100.55,101.65,99.38,99.69,11254110
2018-05-30,100.50,100.55,99.42,99.98,7215552
2018-05-31,99.76,100.14,98.81,99.47,9617602
2018-06-01,99.69,100.05,99.20,99.36,6845946
2018-06-04,99.76,100.50,99.70,100.24,6593432
2018-06-05,100.36,100.51,99.78,99.94,5965829
2018-06-06,100.06,101.94,99.76,101.91,7830116
2018-06-07,101.91,102.96,101.81,102.47,7545942
2018-06-08,102.09,103.99,101.83,103.98,7089514
2018-06-11,103.93,104.79,103.75,104.35,8121471
2018-06-12,104.73,105.22,103.96,104.33,8962589
2018-06-13,103.20,107.88,102.67,106.31,21940600
2018-06-14,106.45,109.49,106.45,108.75,18052030
2018-06-15,108.17,109.42,107.85,108.85,16164850
2018-06-18,107.00,107.47,106.50,107.06,9285170
2018-06-19,105.87,106.99,105.76,106.10,8869199
2018-06-20,107.00,107.90,105.81,107.15,18623610
2018-06-21,107.01,107.25,105.79,105.89,7653302
2018-06-22,106.07,106.80,105.81,106.34,9282337
2018-06-25,106.00,106.08,103.74,104.45,7995045
2018-06-26,104.46,104.71,103.91,104.26,6548414
2018-06-27,104.50,105.88,103.48,103.96,8796398
2018-06-28,103.91,105.12,103.68,104.77,6303456
2018-06-29,104.93,105.68,104.65,104.81,6774015
2018-07-02,104.15,105.37,103.90,105.33,5487420
2018-07-03,105.88,105.95,103.50,104.04,2406267
2018-07-05,104.70,105.60,104.43,105.34,6176000
2018-07-06,104.50,105.04,104.04,104.78,4134347
2018-07-09,105.01,106.07,104.75,106.02,4723177
2018-07-10,106.25,106.57,104.83,106.03,4215252
2018-07-11,105.32,109.34,105.32,108.04,11748510
2018-07-12,108.05,109.20,107.82,108.25,5929772
2018-07-13,108.00,110.24,107.66,110.00,8188639
2018-07-16,109.82,110.45,108.77,110.20,8237098
2018-07-17,110.26,112.62,110.08,110.30,9072256
2018-07-18,110.31,111.06,109.65,110.69,6404069
2018-07-19,111.54,114.68,111.30,112.13,17792120
2018-07-20,112.15,112.20,110.83,111.48,11787600
2018-07-23,111.05,111.21,110.33,111.09,5442663
2018-07-24,111.84,111.89,110.54,110.70,5648544
2018-07-25,110.64,111.42,109.63,111.18,6755258
2018-07-26,112.15,114.56,111.68,113.51,9465115
2018-07-27,114.00,114.05,111.92,112.62,5716918
2018-07-30,112.20,113.33,112.05,112.63,5193185
2018-07-31,112.55,114.05,112.36,113.56,8405379
2018-08-01,113.68,113.83,112.59,112.97,6465168
2018-08-02,112.50,113.32,111.68,112.75,4027304
2018-08-03,113.20,114.09,112.40,114.09,4731861
2018-08-06,114.66,116.84,114.16,115.94,12676090
2018-08-07,116.57,117.90,116.24,116.56,15356460
2018-08-08,115.90,116.41,113.90,113.98,11718450
2018-08-09,114.05,114.80,112.81,114.16,6982725
2018-08-10,113.58,113.80,112.40,112.68,5737656
2018-08-13,112.66,112.84,111.72,112.12,6080497
2018-08-14,112.38,113.19,111.94,112.75,4324373
2018-08-15,112.18,113.12,111.47,112.85,5182906
2018-08-16,113.30,113.33,112.39,112.48,5081565
2018-08-17,112.51,112.86,111.89,112.48,4763966
2018-08-20,112.93,113.00,111.91,111.99,5163778
2018-08-21,112.25,113.00,112.00,112.39,4726622
2018-08-22,112.44,112.75,111.94,111.94,3212261
2018-08-23,111.94,112.14,111.53,112.00,4256888
2018-08-24,111.63,112.70,111.44,111.93,5048870
2018-08-27,112.49,112.89,112.07,112.33,4767379
2018-08-28,112.57,112.79,112.20,112.58,3131570
2018-08-29,112.58,112.72,112.02,112.45,4000791
2018-08-30,112.07,112.42,111.59,111.92,3481633
2018-08-31,111.90,112.28,111.56,112.02,4636917
2018-09-04,111.80,112.00,110.65,110.85,6390091
2018-09-05,110.58,110.82,109.70,109.87,6388128
2018-09-06,110.00,110.41,109.36,110.26,5266386
2018-09-07,110.08,111.35,110.01,110.97,4754708
2018-09-10,111.44,111.91,110.37,110.68,4636306
2018-09-11,110.50,110.61,109.51,109.60,5488384
2018-09-12,109.25,110.25,109.18,109.46,5233859
2018-09-13,109.55,110.72,109.37,110.67,5094676
2018-09-14,110.92,111.25,108.88,109.26,5966640
2018-09-17,109.58,109.88,108.61,109.36,5592132
2018-09-18,108.89,109.75,108.23,109.53,4936921
2018-09-19,109.63,110.18,109.48,109.79,5964582
2018-09-20,110.58,111.95,109.94,111.62,7121048
2018-09-21,111.95,111.98,110.40,110.40,25571560
2018-09-24,112.27,113.14,111.70,112.77,9105845
2018-09-25,113.31,114.71,112.65,113.63,12118710
2018-09-26,114.01,116.32,114.01,115.21,11129410
2018-09-27,115.19,116.60,115.10,116.04,5193355
2018-09-28,115.65,117.46,115.35,116.94,7361065
2018-10-01,117.28,117.40,115.68,116.24,8628812
2018-10-02,115.55,117.70,115.30,117.66,6367492
2018-10-03,117.95,118.10,116.74,116.91,6106291
2018-10-04,117.00,117.17,115.12,116.13,6441379
2018-10-05,116.00,116.58,114.73,114.78,5835214
2018-10-08,114.83,116.16,114.12,116.02,5630076
2018-10-09,116.61,117.77,116.04,116.89,6760260
2018-10-10,116.84,117.23,112.73,112.86,8808268
2018-10-11,112.50,113.25,110.32,111.15,10032250
2018-10-12,111.97,113.27,111.23,112.61,5946757
2018-10-15,111.93,114.62,111.89,113.44,6599276
2018-10-16,114.34,116.37,113.84,116.19,7617817
2018-10-17,116.10,117.22,115.43,117.13,7118527
2018-10-18,116.75,117.13,115.58,116.18,6049496
2018-10-19,117.42,119.17,117.22,118.90,10427800
2018-10-22,119.05,119.69,117.72,118.27,8404366
2018-10-23,116.94,118.49,115.41,117.85,8605640
2018-10-24,117.06,117.06,111.25,111.61,11620120
2018-10-25,112.62,114.69,112.12,114.16,7404707
2018-10-26,112.84,114.14,112.10,113.19,7971695
2018-10-29,114.45,114.94,111.96,113.04,9229443
2018-10-30,113.39,114.89,112.41,114.76,7337523
2018-10-31,116.23,116.52,114.68,114.83,9189266
2018-11-01,115.20,116.28,114.90,116.10,6777469
2018-11-02,116.83,116.95,114.37,115.18,6365960
2018-11-05,115.74,116.22,115.12,115.45,7920295
2018-11-06,115.74,116.84,115.45,116.71,5035633
2018-11-07,116.57,117.28,115.16,117.05,8239470
2018-11-08,117.45,117.83,115.21,116.00,11008440
2018-11-09,118.20,120.20,117.18,118.00,16875190
2018-11-12,118.00,118.46,116.60,116.70,9169862
2018-11-13,117.11,117.78,116.18,116.85,4645737
2018-11-14,117.44,118.22,116.44,117.12,7102031
2018-11-15,116.49,117.43,115.70,117.11,7087355
2018-11-16,116.53,117.34,115.99,116.19,7123863
2018-11-19,116.00,117.83,114.79,115.42,9712526
2018-11-20,113.52,114.59,111.52,111.87,11193550
2018-11-21,112.50,113.98,112.30,113.03,7242441
2018-11-23,112.24,112.79,111.74,112.08,3242322
2018-11-26,113.18,113.18,111.92,112.55,6996014
2018-11-27,113.61,114.10,112.41,113.90,7357404
2018-11-28,114.32,116.30,114.05,116.10,9033987
2018-11-29,115.75,117.14,115.21,116.61,10259160
2018-11-30,116.84,117.06,115.06,115.49,16855210
2018-12-03,116.65,116.92,114.91,115.74,9264250
2018-12-04,115.62,116.29,112.66,112.87,10804640
2018-12-06,112.06,114.34,111.16,114.33,10503440
2018-12-07,113.86,113.99,111.61,111.98,8304231
2018-12-10,111.99,112.29,109.53,111.86,7329130
2018-12-11,112.97,113.72,111.43,111.97,6861110
2018-12-12,113.00,113.98,112.15,112.21,7716351
2018-12-13,112.87,113.59,112.34,113.39,6570562
2018-12-14,112.37,113.92,112.05,112.20,7601873
2018-12-17,112.29,112.89,110.03,110.62,7711632
2018-12-18,110.87,111.08,108.90,109.45,6673748
2018-12-19,110.00,112.13,108.95,109.22,9344297
2018-12-20,108.75,109.21,106.13,107.00,9382722
2018-12-21,106.47,108.75,103.86,104.22,15523620
2018-12-24,103.23,103.90,100.35,100.35,7132955
2018-12-26,100.49,105.85,100.38,105.83,9311869
2018-12-27,104.41,106.55,102.80,106.52,8078455
2018-12-28,107.28,108.52,106.19,107.30,7598070
2018-12-31,109.11,109.67,107.55,109.65,7240290
2019-01-02,108.10,109.14,107.73,108.97,9711276
2019-01-03,108.48,108.65,105.94,106.33,10744350
2019-01-04,107.94,110.75,107.25,109.61,10073780
2019-01-07,109.91,111.40,109.30,110.56,6352180
2019-01-08,111.80,112.56,111.17,111.42,8689079
2019-01-09,111.80,112.80,111.56,112.67,5920728
2019-01-10,111.99,112.91,111.50,112.80,6097125
2019-01-11,112.18,112.92,111.73,112.65,4749165
2019-01-14,111.65,112.69,111.43,112.42,6980508
2019-01-15,112.30,113.18,110.61,111.76,9663624
2019-01-16,111.45,112.01,110.81,110.91,5854799
2019-01-17,110.72,111.25,110.16,111.01,5119995
2019-01-18,111.86,111.93,110.83,111.04,8552678
2019-01-22,110.62,111.33,109.75,110.60,6948627
2019-01-23,111.19,111.84,110.00,111.12,6845002
2019-01-24,111.00,111.11,109.93,110.55,6713263
2019-01-25,111.47,111.50,110.66,111.09,5706862
2019-01-28,110.76,110.99,109.95,110.81,6123045
2019-01-29,110.65,110.93,110.00,110.90,5250366
2019-01-30,110.30,110.58,108.96,110.13,7852571
2019-01-31,110.10,111.54,110.01,111.52,8248752
2019-02-01,111.97,112.05,110.93,111.30,6510114
2019-02-04,111.41,111.98,110.68,111.80,7005285
2019-02-05,112.02,112.74,111.45,112.66,13361840
2019-02-06,113.85,113.92,111.07,111.41,14220800
2019-02-07,111.05,111.11,109.81,110.95,8638374
2019-02-08,110.46,111.54,110.06,111.51,6343478
2019-02-11,111.77,111.81,109.25,109.44,10864230
2019-02-12,110.21,110.83,109.15,109.20,7606635
2019-02-13,109.24,110.48,109.23,110.20,6919052
2019-02-14,109.85,111.50,109.54,110.66,6324271
2019-02-15,111.40,112.63,111.03,112.59,8188106
2019-02-19,112.91,113.77,112.83,113.51,8166889
2019-02-20,113.60,114.08,113.28,113.68,7078067
2019-02-21,113.40,114.54,112.87,114.29,9431197
2019-02-22,114.63,115.77,113.95,115.25,8734616
2019-02-25,115.62,115.80,113.46,113.59,8788890
2019-02-26,113.65,114.01,112.85,113.50,8858402
2019-02-27,113.09,113.51,112.46,112.78,7249002
2019-02-28,112.90,113.43,112.75,112.84,6711621
2019-03-01,113.45,114.44,113.45,114.01,6877406
2019-03-04,114.42,114.42,113.09,114.33,6006333
2019-03-05,114.23,114.54,113.76,114.00,5121970
2019-03-06,114.00,115.05,114.00,114.85,7344958
2019-03-07,114.85,114.90,113.47,114.01,6321843
2019-03-08,113.46,113.84,112.90,113.81,6546022
2019-03-11,114.04,115.00,114.03,114.75,6909175
2019-03-12,114.72,115.30,114.04,114.73,9920237
2019-03-13,114.84,114.85,113.72,114.09,17909880
2019-03-14,114.12,114.77,113.93,114.48,17409280
2019-03-15,114.50,115.48,113.68,114.96,14861300
2019-03-18,113.03,114.00,112.46,113.12,21707930
2019-03-19,112.95,113.71,109.80,110.00,44801760
2019-03-20,110.31,110.88,108.05,109.99,35206080
2019-03-21,110.10,110.15,108.37,108.66,26929340
2019-03-22,108.33,109.00,107.51,108.23,22973940
2019-03-25,108.49,109.07,107.32,107.79,18011550
2019-03-26,108.40,110.34,108.27,110.14,16651500
2019-03-27,110.45,111.09,109.73,110.28,10639410
2019-03-28,110.60,111.27,110.24,110.71,10942750
2019-03-29,111.56,111.60,110.39,111.03,15963900
2019-04-01,111.59,112.86,111.38,112.51,10591290
2019-04-02,113.15,113.31,111.92,111.96,9035226
2019-04-03,112.70,113.11,112.21,112.52,10414210
2019-04-04,113.24,114.86,113.03,114.75,13609210
2019-04-05,114.97,115.13,114.31,115.00,10905620
2019-04-08,115.00,115.83,114.64,114.96,11050980
2019-04-09,115.61,117.16,115.28,116.86,17195390
2019-04-10,117.58,118.03,116.28,117.16,13990730
2019-04-11,117.73,117.86,116.32,116.60,12754290
2019-04-12,127.91,130.90,126.36,130.06,65178990
2019-04-15,131.05,132.70,129.79,132.04,32592110
2019-04-16,131.75,132.13,129.56,129.90,14536250
2019-04-17,129.81,132.36,129.28,131.75,14196520
2019-04-18,131.77,132.87,131.11,132.45,11877420
2019-04-22,131.90,132.20,131.03,131.68,10193730
2019-04-23,133.39,134.24,132.65,133.36,11924630
2019-04-24,133.11,135.75,132.72,135.10,11437480
2019-04-25,135.36,138.88,134.84,137.24,16359590
2019-04-26,138.70,140.04,137.51,139.92,14132900
2019-04-29,142.19,142.37,137.61,139.30,25730810
2019-04-30,139.12,139.39,136.03,136.97,15228550
2019-05-01,137.49,138.17,136.24,136.38,8906731
2019-05-02,135.38,135.69,132.38,134.14,16580400
2019-05-03,135.22,135.31,133.78,134.33,8874413
2019-05-06,132.54,135.33,132.30,135.00,9955629
2019-05-07,135.35,135.97,132.76,133.44,10972650
2019-05-08,133.50,135.70,133.31,134.99,15423530
2019-05-09,135.03,136.48,132.84,133.59,15297050
2019-05-10,133.01,134.32,131.23,134.04,9858487
2019-05-13,131.50,132.66,130.55,131.34,11389900
2019-05-14,133.52,134.66,132.05,133.20,12001740
2019-05-15,132.55,135.21,132.04,134.68,9734068
2019-05-16,135.29,136.40,134.81,135.50,9689397
2019-05-17,134.26,135.98,134.03,135.04,8964178
2019-05-20,134.25,134.40,133.25,133.91,8009000
2019-05-21,134.57,134.57,133.11,134.09,7050294
2019-05-22,133.82,134.17,133.39,133.85,5093746
2019-05-23,132.71,133.55,131.95,132.73,6743329
2019-05-24,133.10,133.29,132.22,132.79,4570132
2019-05-28,133.21,134.04,132.59,132.62,8938370
2019-05-29,131.96,132.15,130.78,131.57,7749591
2019-05-30,131.88,132.68,131.34,132.20,5273987
2019-05-31,130.96,132.93,130.78,132.04,7420899
2019-06-03,132.02,132.95,131.49,132.47,7901387
2019-06-04,133.45,134.88,132.92,134.82,8247513
2019-06-05,135.41,136.00,134.94,135.94,6842759
2019-06-06,136.51,137.44,135.73,137.21,6027316
2019-06-07,137.60,138.76,137.33,138.04,7026269
2019-06-10,138.88,138.88,136.07,137.07,8479526
2019-06-11,137.59,137.75,134.94,135.08,6352215
2019-06-12,135.09,136.28,134.82,135.72,5536986
2019-06-13,137.95,141.85,137.61,141.74,17939540
2019-06-14,142.05,142.95,140.53,141.65,11125200
2019-06-17,140.81,141.48,139.11,140.97,8542717
2019-06-18,141.99,143.51,138.97,139.24,11231410
2019-06-19,139.51,141.07,138.58,140.92,6877141
2019-06-20,141.97,142.23,139.91,142.02,8485793
2019-06-21,141.95,142.00,140.00,140.23,14150040
2019-06-24,140.12,140.47,137.80,139.22,10497420
2019-06-25,139.02,140.41,138.67,139.94,14675360
2019-06-26,140.36,140.74,139.51,140.40,8842136
2019-06-27,141.00,141.74,138.92,139.30,6466261
2019-06-28,139.41,140.21,138.61,139.64,20078800
2019-07-01,140.45,141.95,139.22,141.65,8996454
2019-07-02,141.40,142.86,141.27,142.53,7557314
2019-07-03,142.70,143.00,142.00,142.98,4150852
2019-07-05,141.42,142.89,140.70,142.45,5595988
2019-07-08,142.18,142.23,140.97,141.02,4993865
2019-07-09,140.06,141.72,139.75,141.61,7396283
2019-07-10,142.40,144.25,142.01,143.54,9533663
2019-07-11,144.01,145.34,143.54,143.56,10471130
2019-07-12,144.15,145.43,144.00,144.88,8510020
2019-07-15,145.13,145.36,143.97,145.06,5289248
2019-07-16,144.75,144.99,143.81,144.30,5854707
2019-07-17,144.60,144.68,142.37,142.57,5296353
2019-07-18,142.46,142.46,140.17,141.63,8035481
2019-07-19,142.24,142.24,139.74,139.85,6109874
2019-07-22,141.25,141.44,140.01,140.84,7707699
2019-07-23,141.65,142.54,140.27,141.26,7514525
2019-07-24,141.40,141.59,140.40,141.29,5896610
2019-07-25,141.40,143.23,141.04,143.21,7294375
2019-07-26,143.74,145.19,143.05,144.65,8139402
2019-07-29,145.59,147.15,145.17,146.39,11674110
2019-07-30,145.76,146.80,144.61,144.93,6563058
2019-07-31,144.99,145.00,142.34,143.01,9710669
2019-08-01,143.34,144.53,141.26,141.85,8911657
2019-08-02,140.99,142.22,139.94,141.71,6539050
2019-08-05,139.14,140.23,137.03,138.30,10669680
2019-08-06,140.41,141.95,138.37,141.87,18818880
2019-08-07,134.93,135.87,132.26,134.86,29084490
2019-08-08,137.90,138.00,136.01,137.89,14054760
2019-08-09,137.10,139.24,136.76,138.52,8811869
2019-08-12,137.31,137.57,135.23,135.75,7918904
2019-08-13,135.00,137.92,135.00,137.01,8196997
2019-08-14,135.06,135.15,132.68,132.85,11797670
2019-08-15,133.50,134.28,132.47,133.41,7590114
2019-08-16,134.02,135.50,133.83,135.20,6353770
2019-08-19,136.79,137.62,134.28,135.29,11741800
2019-08-20,133.33,136.04,133.26,135.13,8628920
2019-08-21,134.61,136.06,134.05,135.76,6326629
2019-08-22,136.20,136.67,134.69,136.08,6968278
2019-08-23,135.51,136.44,131.02,131.67,10197690
2019-08-26,134.19,134.64,132.55,134.61,8101688
2019-08-27,135.77,135.99,134.19,134.49,6015348
2019-08-28,134.06,136.73,133.52,136.55,5957541
2019-08-29,138.12,138.68,137.42,137.84,6536300
2019-08-30,138.29,138.50,136.76,137.26,5624066
2019-09-03,136.37,136.42,135.06,136.31,5998686
2019-09-04,136.74,138.20,136.39,137.89,4302805
2019-09-05,138.92,139.27,138.32,138.84,5145232
2019-09-06,139.13,139.81,138.25,139.55,4089995
2019-09-09,139.58,140.08,138.48,138.83,5458689
2019-09-10,138.12,138.44,134.58,135.79,10974580
2019-09-11,135.56,136.24,134.93,136.19,7896359
2019-09-12,136.84,138.67,136.54,137.50,7333931
2019-09-13,137.85,138.22,137.11,138.02,5209146
2019-09-16,136.29,137.24,135.30,135.80,6329260
2019-09-17,135.80,136.72,135.67,136.31,4759951
2019-09-18,136.41,137.06,135.72,136.80,6894548
2019-09-19,137.00,137.36,133.00,133.30,12585400
2019-09-20,133.03,133.23,131.61,132.27,25640030
2019-09-23,131.99,132.89,131.89,132.46,6146871
2019-09-24,134.01,134.15,131.50,131.97,11940340
2019-09-25,131.79,133.42,131.22,133.09,6613058
2019-09-26,133.14,133.30,129.06,131.27,11851670
2019-09-27,130.10,131.00,128.92,129.96,8402934
2019-09-30,130.35,130.86,129.82,130.32,5845989
2019-10-01,130.80,131.78,129.51,129.55,6011451
2019-10-02,128.51,129.22,127.57,129.14,8343560
2019-10-03,128.60,129.43,127.54,128.15,8683717
2019-10-04,128.69,130.44,128.61,130.27,6803210
2019-10-07,130.27,131.56,129.04,130.90,5842436
2019-10-08,129.90,130.04,128.37,128.47,6778174
2019-10-09,129.10,129.85,128.06,129.33,5037437
2019-10-10,129.22,130.14,128.88,129.34,4581018
2019-10-11,130.30,130.99,129.59,130.02,6809765
2019-10-14,130.13,130.30,129.48,129.70,3753018
2019-10-15,130.01,130.89,129.40,129.76,5937287
2019-10-16,129.76,131.83,129.70,130.86,7671898
2019-10-17,132.53,133.44,130.51,132.37,8037035
2019-10-18,132.37,133.16,130.89,130.89,8695515
2019-10-21,131.44,131.73,130.02,130.26,7391094
2019-10-22,133.15,133.68,132.10,132.40,10540840
2019-10-23,132.45,132.68,130.76,131.13,7075669
2019-10-24,131.52,131.70,129.63,130.26,6792298
2019-10-25,130.50,131.76,130.03,130.90,6696035
2019-10-28,131.45,132.08,130.14,130.53,8940309
2019-10-29,130.50,130.77,129.44,129.48,9305072
2019-10-30,129.69,130.31,129.15,129.60,10880050
2019-10-31,129.53,130.15,128.75,129.92,9628296
2019-11-01,130.99,132.80,130.51,132.75,8507567
2019-11-04,134.12,134.14,132.47,132.92,7631780
2019-11-05,132.77,132.77,130.89,131.45,7404474
2019-11-06,131.60,131.66,130.66,131.27,9132465
2019-11-07,132.35,133.70,131.75,132.96,18047600
2019-11-08,140.22,140.25,136.74,137.96,24187460
2019-11-11,137.50,138.56,136.21,136.74,10144900
2019-11-12,138.03,139.34,136.74,138.58,17283990
2019-11-13,138.58,149.92,136.84,148.72,46491400
2019-11-14,148.00,150.63,146.28,147.15,28414290
2019-11-15,147.14,147.20,144.21,144.67,13749340
2019-11-18,144.75,149.04,143.69,147.65,15356970
2019-11-19,148.18,149.48,146.80,148.38,11508730
2019-11-20,148.09,148.99,146.03,146.93,9451314
2019-11-21,147.16,147.47,146.26,146.90,6241359
2019-11-22,147.21,149.44,146.68,148.29,9639428
2019-11-25,148.80,150.21,147.70,149.69,11329310
2019-11-26,151.75,153.41,150.61,151.64,24973010
2019-11-27,152.30,152.57,151.15,151.48,6166318
2019-11-29,151.48,152.47,151.01,151.58,6284938
2019-12-02,152.94,152.97,149.10,150.62,10365740
2019-12-03,147.74,149.11,146.87,148.58,9392732
2019-12-04,149.30,149.33,148.18,148.28,7686996
2019-12-05,148.69,148.83,147.10,147.44,7369731
2019-12-06,148.40,148.61,147.18,147.66,7087551
2019-12-09,147.96,148.51,145.40,146.21,11642040
2019-12-10,145.26,146.85,145.05,146.10,7089746
2019-12-11,147.39,147.89,146.76,147.59,8260750
2019-12-12,147.92,148.93,147.25,147.76,7763316
2019-12-13,147.43,147.80,146.31,146.38,9353254
2019-12-16,147.59,148.65,146.55,148.46,9146339
2019-12-17,148.10,148.46,147.62,147.73,8779665
2019-12-18,147.77,147.95,146.19,146.26,9472498
2019-12-19,146.18,146.80,145.32,146.15,10249310
2019-12-20,147.15,147.88,145.77,146.88,12631870
2019-12-23,145.91,146.33,144.33,144.68,9318682
2019-12-24,144.58,145.43,144.45,145.29,3508541
2019-12-26,145.40,145.86,145.17,145.70,4431113
2019-12-27,146.05,146.51,145.45,145.75,5497500
2019-12-30,145.75,145.87,143.40,143.77,6605481
2019-12-31,143.67,144.77,143.26,144.63,5663965
2020-01-02,145.29,148.20,145.10,148.20,9504711
2020-01-03,146.40,147.90,146.05,146.50,7321837
2020-01-06,145.54,146.03,144.31,145.65,8268374
2020-01-07,145.99,146.87,145.42,145.70,6972813
2020-01-08,145.49,146.13,144.82,145.40,6986395
2020-01-09,146.47,146.62,144.61,144.83,6668201
2020-01-10,145.30,145.50,144.26,144.62,5154850
2020-01-13,144.75,144.75,143.36,143.88,9926387
2020-01-14,143.41,146.72,142.29,145.20,14846350
2020-01-15,145.71,145.71,143.93,144.32,6818180
2020-01-16,145.09,145.43,144.44,145.12,6948369
2020-01-17,145.54,145.64,144.01,144.33,10355330
2020-01-21,144.24,144.59,143.01,143.56,9250157
2020-01-22,144.45,144.79,143.54,144.01,7549950
2020-01-23,143.60,143.61,140.65,142.20,11081970
2020-01-24,141.40,142.25,139.20,140.08,13076330
2020-01-27,135.86,137.73,135.00,135.90,12831820
2020-01-28,136.50,138.93,135.86,138.37,10390020
2020-01-29,138.60,138.68,135.79,136.06,9389202
2020-01-30,135.09,137.85,134.83,137.81,11847330
2020-01-31,138.40,138.67,137.06,138.31,12379080
2020-02-03,139.79,141.82,139.75,141.32,12659960
2020-02-04,145.49,145.59,143.25,144.73,23519730
2020-02-05,146.60,147.30,138.57,141.37,27824120
2020-02-06,141.92,143.94,141.22,142.70,9504618
2020-02-07,141.89,141.99,140.12,141.02,10948880
2020-02-10,141.03,142.59,140.46,142.59,8162055
2020-02-11,142.85,142.99,140.46,141.01,10790080
2020-02-12,141.34,142.22,140.87,141.85,8168150
2020-02-13,141.17,141.90,140.82,140.90,7543117
2020-02-14,141.10,141.28,139.13,139.54,9110543
2020-02-18,139.02,139.66,138.10,139.14,8223909
2020-02-19,139.63,141.87,139.23,141.30,7080871
2020-02-20,141.63,141.63,138.85,140.37,5981715
2020-02-21,139.86,139.88,138.58,138.97,7725829
2020-02-24,132.90,134.44,131.21,133.01,19336450
2020-02-25,133.75,133.94,127.98,128.19,21032490
2020-02-26,126.12,128.37,122.13,123.36,31227000
2020-02-27,119.81,122.90,117.92,118.04,30827530
2020-02-28,114.51,118.31,113.21,117.65,35453800
2020-03-02,119.13,119.98,116.03,119.98,21775920
2020-03-03,121.15,121.78,115.15,116.45,19529720
2020-03-04,118.96,119.24,115.48,119.18,13842100
2020-03-05,116.86,116.96,112.11,113.98,22397240
2020-03-06,110.76,115.87,110.32,115.27,22899620
2020-03-09,108.69,110.43,104.28,104.35,26233570
2020-03-10,108.10,111.58,102.43,111.46,24083650
2020-03-11,108.42,108.90,102.86,105.51,24794290
2020-03-12,97.62,100.00,91.64,91.81,40392870
2020-03-13,100.78,102.87,92.25,102.52,40960060
2020-03-16,91.80,98.28,90.00,95.01,35379530
2020-03-17,95.80,97.46,91.15,93.53,27526240
2020-03-18,87.59,89.34,79.07,88.80,43592470
2020-03-19,88.00,97.40,85.11,94.93,30866820
2020-03-20,95.99,96.99,85.84,85.98,31957770
2020-03-23,84.49,87.28,81.09,85.76,32246580
2020-03-24,92.33,99.17,91.80,98.12,32538100
2020-03-25,100.66,105.92,95.51,100.73,28533050
2020-03-26,100.83,107.73,100.80,105.36,24532410
2020-03-27,100.45,101.49,95.54,96.40,30591530
2020-03-30,96.00,100.46,92.10,99.80,23119210
2020-03-31,100.22,103.16,96.16,96.60,21563220
2020-04-01,93.50,97.40,92.56,94.92,18303940
2020-04-02,94.20,97.25,94.20,96.97,13936520
2020-04-03,96.31,96.92,92.71,93.88,14814620
2020-04-06,97.26,100.19,94.52,99.58,20407360
2020-04-07,104.86,105.89,100.25,101.24,22899570
2020-04-08,100.53,102.35,98.65,101.07,22562540
2020-04-09,107.92,107.99,103.53,104.50,31485590
2020-04-13,104.71,104.87,99.61,103.50,17305980
2020-04-14,105.50,107.64,103.90,106.03,19866910
2020-04-15,104.39,104.88,102.70,103.37,14157640
2020-04-16,103.53,103.72,100.89,102.02,18029330
2020-04-17,106.21,106.79,104.35,106.63,17926940
2020-04-20,103.58,104.86,102.00,102.26,17020980
2020-04-21,100.01,101.51,99.13,100.54,16101430
2020-04-22,101.80,102.63,100.89,100.99,11491990
2020-04-23,100.65,102.53,99.46,101.00,17132150
2020-04-24,101.78,101.92,99.52,101.19,13621100
2020-04-27,102.00,106.52,101.61,106.06,15518290
2020-04-28,108.79,110.06,105.98,106.21,16503670
2020-04-29,109.94,112.70,108.56,112.25,20139800
2020-04-30,109.44,110.31,106.86,108.15,18638720
2020-05-01,106.36,106.91,104.47,105.50,13209150
2020-05-04,102.01,103.83,100.55,103.18,19514840
2020-05-05,101.51,105.18,100.90,101.06,30169820
2020-05-06,101.48,105.27,98.86,100.88,51992370
2020-05-07,101.85,105.61,101.83,105.57,20868770
2020-05-08,109.05,109.18,106.63,109.16,24101680
2020-05-11,108.40,108.81,106.41,107.77,20555870
2020-05-12,109.06,109.44,104.49,104.56,17049740
2020-05-13,104.50,104.54,101.60,102.92,21085770
2020-05-14,101.98,105.92,99.66,105.91,22002220
2020-05-15,104.98,109.38,104.27,109.05,29765970
2020-05-18,114.47,119.78,114.47,116.85,40075680
2020-05-19,115.10,116.47,113.42,114.37,20332580
2020-05-20,116.42,120.87,116.04,119.92,25749910
2020-05-21,119.34,120.30,116.50,117.83,17578300
2020-05-22,117.50,118.57,116.83,118.02,9288238
2020-05-26,121.05,122.50,120.43,120.95,16466400
2020-05-27,123.68,123.78,119.71,121.53,19345390
2020-05-28,121.60,121.98,116.00,116.75,18625660
2020-05-29,116.19,117.75,114.12,117.30,17845760
2020-06-01,117.26,119.65,116.93,118.77,10548790
2020-06-02,119.00,119.85,117.83,118.75,10753110
2020-06-03,119.99,122.45,119.32,122.18,12584300
2020-06-04,121.95,124.50,121.85,123.69,14195120
2020-06-05,126.31,127.82,124.28,124.82,16581600
2020-06-08,125.10,127.44,123.94,127.28,13858100
2020-06-09,125.63,125.79,123.51,123.89,10882800
2020-06-10,124.02,124.10,120.93,122.18,11497110
2020-06-11,117.60,118.00,112.25,112.64,26078850
2020-06-12,115.17,117.00,112.89,115.49,18361940
2020-06-15,112.08,118.12,111.71,117.08,14156380
2020-06-16,121.24,121.50,116.05,118.44,12951190
2020-06-17,118.64,119.23,117.14,117.65,8921557
2020-06-18,116.88,118.53,115.93,118.37,9577324
2020-06-19,119.98,120.12,114.35,114.35,23496270
2020-06-22,114.19,116.19,113.11,115.92,12868010
2020-06-23,116.96,117.45,115.97,116.59,10187620
2020-06-24,115.85,116.00,110.03,112.07,22252540
2020-06-25,108.99,111.51,108.50,111.36,17240440
2020-06-26,110.95,111.20,108.02,109.10,15270850
2020-06-29,109.00,111.57,108.10,111.52,12584330
2020-06-30,111.50,112.05,109.93,111.51,10565920
2020-07-01,112.82,115.60,112.29,113.01,11930870
2020-07-02,115.00,115.10,112.00,112.18,10311970
2020-07-06,113.83,114.53,112.90,114.43,11933430
2020-07-07,113.63,115.08,112.61,113.63,10836470
2020-07-08,113.48,117.13,112.81,116.66,13629530
2020-07-09,116.51,117.85,115.38,116.81,13582870
2020-07-10,116.83,119.44,116.21,119.34,14207920
2020-07-13,119.94,120.13,115.89,116.22,15620190
2020-07-14,115.23,119.08,114.54,118.66,12425140
2020-07-15,121.63,122.09,119.70,120.90,15314200
2020-07-16,117.72,119.99,117.60,119.43,10210150
2020-07-17,118.90,119.56,117.06,118.65,9848857
2020-07-20,118.05,118.48,116.82,117.79,8947906
2020-07-21,118.05,120.39,117.66,118.62,8955973
2020-07-22,118.19,119.30,117.92,119.03,7063295
2020-07-23,118.86,119.35,117.01,118.12,7255832
2020-07-24,115.70,118.21,115.53,117.61,8233263
2020-07-27,117.20,117.42,115.68,116.31,9412967
2020-07-28,115.46,116.84,114.68,116.18,6821077
2020-07-29,116.22,116.71,115.11,115.61,9496463
2020-07-30,114.91,116.29,113.37,115.66,9713524
2020-07-31,115.22,117.05,114.12,116.94,9623821
2020-08-03,116.17,117.12,115.35,116.35,10229170
2020-08-04,115.96,118.35,115.76,117.29,17293920
2020-08-05,123.37,130.31,123.28,127.61,53122390
2020-08-06,126.96,131.63,125.61,130.82,27238000
2020-08-07,130.22,131.94,128.66,129.93,16088580
2020-08-10,129.75,131.32,128.49,128.79,8529151
2020-08-11,130.53,132.76,130.00,130.49,13885680
2020-08-12,130.67,133.00,130.49,131.79,12205200
2020-08-13,130.64,132.35,130.45,130.96,6468610
2020-08-14,130.01,131.08,129.74,130.53,6507571
2020-08-17,130.10,130.14,128.54,129.37,7492155
2020-08-18,129.44,129.59,128.36,128.92,6714570
2020-08-19,129.25,130.22,127.43,127.77,7624193
2020-08-20,126.80,128.45,126.53,128.12,4918122
2020-08-21,127.72,128.31,127.23,127.44,6064709
2020-08-24,128.15,130.88,127.93,130.69,7613610
2020-08-25,130.83,131.09,129.31,129.79,5494391
2020-08-26,130.00,132.60,129.52,132.18,8447779
2020-08-27,133.00,136.36,132.82,133.73,13667640
2020-08-28,134.50,136.80,133.58,135.54,11020070
2020-08-31,135.25,135.54,131.25,131.87,11617510
2020-09-01,131.92,133.61,130.89,133.55,8344079
2020-09-02,133.63,135.92,133.26,135.39,8187761
2020-09-03,135.24,137.24,132.02,133.24,12079180
2020-09-04,133.75,134.88,129.42,131.99,11248300
2020-09-08,131.99,137.14,130.86,134.20,17257350
2020-09-09,134.28,135.55,132.26,133.36,8891787
2020-09-10,133.58,136.75,132.74,133.22,9853420
2020-09-11,133.74,133.74,131.09,131.75,7165255
2020-09-14,132.53,132.93,130.90,131.25,8391896
2020-09-15,131.46,132.54,131.00,131.24,7289104
2020-09-16,132.17,133.62,131.40,132.09,6605949
2020-09-17,130.55,131.77,128.60,130.22,6723544
2020-09-18,129.50,130.79,128.12,128.63,9916267
2020-09-21,125.98,126.89,123.59,125.41,10352690
2020-09-22,125.26,127.47,124.70,127.21,6978779
2020-09-23,127.07,127.30,122.90,123.28,8323568
2020-09-24,121.93,123.80,120.78,122.49,8479997
2020-09-25,121.36,124.19,120.98,124.00,6851806
2020-09-28,125.75,126.86,125.37,125.99,6283678
2020-09-29,125.92,126.29,123.67,125.40,7432567
2020-09-30,123.24,125.55,123.24,124.08,13642450
2020-10-01,124.94,125.47,122.42,123.31,8908316
2020-10-02,121.99,123.68,121.69,122.55,6490237
2020-10-05,123.26,123.59,122.33,123.37,5919150
2020-10-06,123.13,124.19,120.61,120.93,9051995
2020-10-07,121.95,123.31,120.93,122.91,10187810
2020-10-08,123.58,123.75,122.42,123.09,7404570
2020-10-09,123.85,125.55,123.33,124.98,11502210
2020-10-12,124.90,125.94,123.73,124.97,10958230
2020-10-13,129.80,131.36,127.90,128.96,22388970
2020-10-14,129.14,129.50,125.29,126.59,11536580
2020-10-15,125.00,127.40,124.43,127.36,7748617
2020-10-16,127.81,128.12,126.33,126.81,6295112
2020-10-19,127.37,127.40,123.71,124.23,6576923
2020-10-20,124.58,125.73,123.64,124.95,6166070
2020-10-21,124.36,127.56,123.83,126.63,6591520
2020-10-22,126.67,128.10,125.97,127.56,5180071
2020-10-23,128.10,128.50,126.35,128.35,5439906
2020-10-26,127.11,127.11,122.95,124.06,8578901
2020-10-27,124.03,124.61,123.03,123.31,6813840
2020-10-28,121.01,121.53,118.32,118.47,11654680
2020-10-29,118.16,122.63,117.23,121.54,9583749
2020-10-30,120.64,121.75,119.09,121.25,8098891
2020-11-02,122.24,122.93,119.81,120.13,9186007
2020-11-03,121.61,125.07,121.37,124.02,8144940
2020-11-04,123.58,126.86,123.41,125.07,7483043
2020-11-05,126.78,128.62,125.80,126.96,7654761
2020-11-06,126.25,128.04,124.61,127.46,6259697
2020-11-09,140.26,147.68,138.06,142.59,35634680
2020-11-10,139.97,142.37,137.67,142.11,18115410
2020-11-11,141.47,142.00,136.62,137.82,9600863
2020-11-12,136.34,138.49,134.10,135.52,13893300
2020-11-13,140.90,141.19,136.52,138.36,21074460
2020-11-16,141.57,144.74,141.57,144.67,16382490
2020-11-17,144.40,144.83,142.56,144.50,9354936
2020-11-18,144.50,145.48,143.35,143.90,9456229
2020-11-19,142.57,143.30,141.70,141.72,8892462
2020-11-20,141.71,142.61,140.86,141.07,8485920
2020-11-23,142.45,147.75,141.70,145.98,12887050
2020-11-24,148.16,151.86,147.85,151.49,16711740
2020-11-25,150.27,150.27,147.24,149.09,9551978
2020-11-27,149.00,150.35,146.53,147.13,5306365
2020-11-30,147.06,148.69,146.29,148.01,9710134
2020-12-01,149.57,151.40,149.00,149.44,8827829
2020-12-02,149.49,154.01,148.34,153.61,10601880
2020-12-03,153.45,154.44,152.13,153.24,9063241
2020-12-04,153.69,154.68,152.81,154.14,6033271
2020-12-07,153.18,153.88,152.26,153.68,6815460
2020-12-08,152.42,154.88,152.25,153.72,7900575
2020-12-09,156.29,157.46,153.89,154.43,10804340
2020-12-10,153.32,155.34,152.50,154.69,8993216
2020-12-11,169.68,179.45,165.33,175.72,87410700
2020-12-14,173.80,177.30,168.81,169.30,30939390
2020-12-15,170.49,174.47,167.82,173.94,18817190
2020-12-16,173.99,174.85,171.62,173.12,11105790
2020-12-17,173.81,174.84,171.96,173.55,9004574
2020-12-18,173.60,175.84,172.28,172.89,21172080
2020-12-21,170.09,171.94,168.19,170.69,11424230
2020-12-22,170.00,171.45,169.16,170.45,6424901
2020-12-23,172.96,175.95,172.30,173.55,9994045
2020-12-24,173.99,174.58,172.38,173.73,2720964
2020-12-28,175.75,179.92,175.05,178.86,13145440
2020-12-29,180.01,180.20,176.22,177.30,6875370
2020-12-30,178.50,183.40,178.37,181.17,11680440
2020-12-31,181.22,183.40,180.27,181.18,7073495
2021-01-04,182.25,182.59,174.73,177.68,13426600
2021-01-05,176.20,180.34,176.20,178.44,7771802
2021-01-06,178.32,181.61,177.28,179.12,7517758
2021-01-07,179.50,179.95,177.57,178.58,7300815
2021-01-08,178.81,180.02,176.60,178.69,7894454
2021-01-11,177.75,181.25,177.35,179.09,6464144
2021-01-12,177.30,178.32,174.86,175.99,8349839
2021-01-13,174.40,177.73,173.74,176.12,6839540
2021-01-14,177.01,178.35,173.40,173.43,8951171
2021-01-15,172.95,174.19,170.17,171.44,12232540
2021-01-19,172.10,173.71,171.44,172.26,7834738
2021-01-20,175.22,177.88,173.00,173.64,9809232
2021-01-21,173.24,175.00,171.02,171.28,8423916
2021-01-22,174.00,175.25,171.89,172.78,9517202
2021-01-25,171.89,173.11,168.77,171.89,7833745
2021-01-26,173.00,173.34,169.05,169.56,7523199
2021-01-27,165.01,166.34,160.52,163.03,18239250
2021-01-28,166.17,172.88,165.95,171.88,14449100
2021-01-29,168.80,169.81,165.79,168.17,12848830
2021-02-01,170.84,171.73,168.03,170.97,8140399
2021-02-02,173.77,179.75,172.80,176.96,12215220
2021-02-03,177.00,178.43,175.76,176.43,5508576
2021-02-04,177.59,181.38,176.49,180.23,9035407
2021-02-05,181.71,182.32,179.33,181.16,6640514
2021-02-08,183.85,190.64,183.30,190.00,16085700
2021-02-09,188.17,189.25,186.04,188.21,11270810
2021-02-10,189.98,190.70,185.81,189.63,11464640
2021-02-11,189.18,191.25,188.07,190.91,17507890
2021-02-12,193.00,193.85,186.56,187.67,27233780
2021-02-16,187.30,188.44,184.86,186.35,11630730
2021-02-17,185.36,187.63,182.16,186.44,11406370
2021-02-18,184.79,186.40,182.84,183.00,12390770
2021-02-19,184.27,184.78,182.79,183.65,8834497
2021-02-22,181.74,194.02,181.53,191.76,18799610
2021-02-23,193.59,198.94,188.66,197.09,23191450
2021-02-24,197.58,200.60,195.33,197.51,16205920
2021-02-25,197.73,197.96,190.38,190.98,12712040
2021-02-26,190.07,191.61,185.45,189.04,15843970
2021-03-01,193.23,196.90,191.39,194.98,10709920
2021-03-02,196.10,197.96,193.49,193.94,8371357
2021-03-03,194.63,196.81,192.21,192.26,8750307
2021-03-04,189.90,192.48,184.12,188.03,12542620
2021-03-05,189.15,190.57,183.34,189.99,10266390
2021-03-08,197.31,203.02,193.79,201.91,25093170
2021-03-09,200.19,201.70,194.37,194.51,23331040
2021-03-10,197.31,198.80,194.68,195.06,13662050
2021-03-11,197.38,199.05,195.40,196.75,11933920
2021-03-12,196.53,198.41,195.18,197.16,13249120
2021-03-15,198.54,198.54,194.81,196.76,10319670
2021-03-16,196.10,196.59,192.88,194.24,9680745
2021-03-17,193.44,196.19,191.78,195.24,14418680
2021-03-18,194.95,195.08,191.74,192.28,9644461
2021-03-19,190.92,194.00,189.76,191.14,28354580
2021-03-22,193.26,196.33,192.00,192.86,8838532
2021-03-23,191.59,192.34,187.97,188.73,10701240
2021-03-24,190.06,190.50,184.64,184.72,13549130
2021-03-25,181.85,187.71,181.01,186.91,9609238
2021-03-26,188.83,188.97,182.57,185.92,10196130
2021-03-29,185.24,185.94,183.15,184.85,7544714
2021-03-30,183.83,186.32,183.56,185.53,5929698
2021-03-31,185.83,186.90,184.42,184.52,8478002
2021-04-01,186.43,189.10,185.59,188.97,7749378
2021-04-05,191.47,191.67,188.09,188.50,7405334
2021-04-06,188.50,191.28,187.87,189.73,7926185
2021-04-07,189.80,190.33,186.94,187.56,6238712
2021-04-08,187.20,188.05,185.63,187.32,7762950
2021-04-09,188.17,188.22,186.15,187.89,6089323
2021-04-12,187.75,187.85,185.48,186.49,6662530
2021-04-13,185.59,186.44,184.60,185.49,6826463
2021-04-14,185.97,190.40,185.71,187.46,9089939
2021-04-15,188.09,188.90,185.69,185.93,7262535
2021-04-16,187.57,189.47,186.20,187.26,9453501
2021-04-19,187.51,190.33,185.65,187.43,7625755
2021-04-20,187.29,188.08,181.82,182.79,10765800
2021-04-21,181.29,183.38,178.86,183.11,8400197
2021-04-22,184.22,184.88,181.26,182.76,7378274
2021-04-23,182.35,183.90,181.96,183.02,6078995
2021-04-26,183.96,185.60,183.26,184.27,6178311
2021-04-27,184.99,185.81,184.15,184.64,4869989
2021-04-28,184.79,184.79,182.82,183.39,5199290
2021-04-29,184.80,185.55,182.75,185.33,5958302
2021-04-30,184.29,186.32,183.54,186.02,7866277
2021-05-03,187.69,189.22,185.25,185.51,7542779
2021-05-04,184.87,185.63,182.31,184.25,7069321
2021-05-05,185.01,185.05,181.36,181.51,4056789
2021-05-06,182.78,182.99,179.81,181.79,6944863
2021-05-07,182.00,185.12,181.51,184.84,6888401
2021-05-10,185.70,186.97,184.03,184.30,8260306
2021-05-11,181.80,182.25,178.43,181.67,10865550
2021-05-12,180.70,182.46,177.58,177.85,8988117
2021-05-13,178.37,180.75,175.80,178.34,12332220
2021-05-14,172.93,174.91,168.78,173.70,33149430
2021-05-17,172.70,172.99,168.57,170.08,17739780
2021-05-18,170.26,171.26,169.45,169.68,10400960
2021-05-19,167.71,169.40,167.09,169.27,9250998
2021-05-20,169.21,171.90,168.97,171.36,7400700
2021-05-21,172.22,173.12,171.52,172.40,8105719
2021-05-24,172.45,175.11,171.75,174.31,7346737
2021-05-25,175.60,177.45,175.40,176.17,8089738
2021-05-26,176.62,177.90,176.20,176.47,8086203
2021-05-27,177.20,179.59,176.79,179.04,13567830
2021-05-28,179.51,180.14,178.08,178.65,7130259
2021-06-01,180.18,181.01,178.74,178.84,7475585
2021-06-02,179.04,179.10,176.93,177.00,7851747
2021-06-03,176.27,176.97,175.42,176.24,5583852
2021-06-04,175.93,177.52,175.61,177.18,6343364
2021-06-07,177.97,178.07,176.40,176.99,5178102
2021-06-08,175.97,177.12,175.19,176.33,5356212
2021-06-09,176.31,177.33,175.88,176.04,5082352
2021-06-10,176.44,177.61,175.55,176.57,5252999
2021-06-11,177.45,178.49,176.81,177.38,5476308
2021-06-14,177.65,178.87,176.90,178.18,10169970
2021-06-15,178.18,178.70,175.62,175.86,7894959
2021-06-16,176.01,176.26,173.55,174.66,8335986
2021-06-17,174.59,176.26,173.84,174.65,8905994
2021-06-18,173.14,173.86,172.12,172.42,12357540
2021-06-21,172.13,174.26,171.31,173.97,9196930
2021-06-22,174.37,174.70,172.35,173.50,8097070
2021-06-23,173.62,175.45,172.94,175.33,9174184
2021-06-24,176.13,178.24,175.78,177.93,7549422
2021-06-25,178.83,179.09,177.49,178.35,7431816
2021-06-28,178.50,178.66,174.99,176.57,9881440
2021-06-29,176.64,177.02,173.80,173.93,13498290
2021-06-30,173.89,175.98,173.34,175.77,7481883
2021-07-01,175.35,177.60,174.60,177.26,5887078
2021-07-02,177.86,178.36,174.62,177.11,11102750
2021-07-06,176.76,177.00,172.22,173.69,11557860
2021-07-07,172.86,174.32,171.99,172.82,6757282
2021-07-08,170.18,173.75,169.81,172.80,6960105
2021-07-09,174.70,177.52,173.93,177.04,7873266
2021-07-12,177.71,184.99,177.37,184.38,21835510
2021-07-13,184.09,185.67,181.84,183.65,12534550
2021-07-14,185.20,186.29,182.08,183.42,8787307
2021-07-15,183.45,185.42,183.05,184.15,7866968
2021-07-16,184.94,185.29,178.92,179.31,8348797
2021-07-19,175.71,176.48,172.16,172.95,14651780
2021-07-20,173.70,177.51,172.87,176.75,8372402
2021-07-21,176.50,177.90,175.32,176.89,6302229
2021-07-22,176.70,176.72,173.90,175.13,5713745
2021-07-23,175.66,176.50,174.03,176.14,5126271
2021-07-26,175.62,178.78,175.34,178.74,5641039
2021-07-27,178.25,179.56,176.56,179.50,6684123
2021-07-28,179.69,180.35,177.55,179.10,5926934
2021-07-29,179.81,181.42,178.27,178.35,6209059
2021-07-30,177.53,179.20,175.14,176.02,6813443
2021-08-02,177.22,178.82,175.31,175.55,5847175
2021-08-03,176.02,176.13,170.92,172.99,9931347
2021-08-04,172.50,173.25,171.34,172.58,5665827
2021-08-05,172.49,177.12,172.49,176.71,8864174
2021-08-06,177.43,178.81,176.63,177.13,5505241
2021-08-09,177.00,177.31,175.06,176.72,5338969
2021-08-10,176.25,177.40,175.58,177.07,5184959
2021-08-11,177.36,178.49,176.51,178.09,5359894
2021-08-12,178.09,179.72,176.45,179.29,11266420
2021-08-13,186.29,187.58,180.88,181.08,32504620
2021-08-16,180.50,180.59,176.51,179.09,8755051
2021-08-17,177.15,178.45,174.92,175.83,8534526
2021-08-18,175.90,176.79,174.50,174.74,7063511
2021-08-19,174.00,174.68,172.56,173.25,8478606
2021-08-20,173.00,175.21,172.65,175.12,6239617
2021-08-23,177.08,178.31,175.91,177.66,7395878
2021-08-24,177.92,180.08,177.76,178.47,5886947
2021-08-25,178.16,178.59,176.88,178.31,4842077
2021-08-26,178.34,178.94,176.34,176.56,4563000
2021-08-27,176.28,180.54,176.28,180.14,8696960
2021-08-30,180.50,181.39,178.87,179.98,6421287
2021-08-31,179.25,182.98,178.53,181.30,8620017
2021-09-01,181.96,184.21,181.78,183.48,7302824
2021-09-02,184.16,185.30,181.55,181.86,6497070
2021-09-03,181.82,181.82,179.13,181.00,6848827
2021-09-07,181.02,185.55,180.05,184.34,10705000
2021-09-08,184.34,187.46,183.92,185.15,8633959
2021-09-09,185.15,187.58,184.57,185.91,7190666
2021-09-10,186.36,187.10,184.01,184.12,5572248
2021-09-13,185.12,185.80,183.50,184.98,6818241
2021-09-14,184.96,185.13,182.15,182.40,6185890
2021-09-15,182.06,184.66,181.10,184.41,5933400
2021-09-16,183.97,184.64,182.12,183.34,5678224
2021-09-17,182.91,185.90,182.73,183.47,10039200
2021-09-20,179.74,180.88,176.55,178.61,8056648
2021-09-21,180.32,182.23,169.03,171.17,23216030
2021-09-22,172.94,175.34,171.66,173.65,14214530
2021-09-23,174.94,177.19,174.37,176.25,8052869
2021-09-24,175.30,176.70,175.08,176.00,5712778
2021-09-27,176.63,179.45,175.96,178.26,7754953
2021-09-28,177.75,178.00,173.86,174.52,9133118
2021-09-29,174.25,174.96,172.59,172.68,6240771
2021-09-30,173.10,173.68,169.10,169.17,13977980
2021-10-01,172.28,177.32,171.97,176.01,12165020
2021-10-04,175.56,175.96,172.66,173.46,7200589
2021-10-05,173.83,176.24,173.61,174.61,6798224
2021-10-06,173.00,175.71,171.55,175.48,6005169
2021-10-07,177.70,179.63,177.33,177.71,7779997
2021-10-08,177.93,178.60,176.40,176.74,4132182
2021-10-11,176.02,176.52,173.48,173.52,8046270
2021-10-12,173.62,174.49,172.54,173.13,5188380
2021-10-13,173.63,173.70,170.94,172.96,8918152
2021-10-14,174.07,176.02,174.00,174.41,7453306
2021-10-15,175.69,178.89,174.10,176.46,13943890
2021-10-18,172.36,173.34,169.80,171.14,20494790
2021-10-19,171.44,171.58,170.18,171.18,9669482
2021-10-20,170.97,171.02,169.88,170.55,9737626
2021-10-21,170.20,172.50,170.10,171.34,7508956
2021-10-22,170.57,170.80,168.60,169.42,7854323
2021-10-25,169.90,172.57,169.03,172.01,9798688
2021-10-26,172.95,173.12,170.71,172.04,5850210
2021-10-27,171.77,172.04,169.43,169.55,7054716
2021-10-28,169.48,170.35,168.60,169.68,7884519
2021-10-29,169.02,170.46,168.15,169.07,7598849
2021-11-01,169.21,171.25,169.09,170.19,8182898
2021-11-02,170.03,170.85,168.98,169.83,6777230
2021-11-03,169.70,170.19,168.37,170.08,6829310
2021-11-04,170.03,170.42,168.67,170.28,7505507
2021-11-05,173.50,176.99,172.33,175.63,16859180
2021-11-08,178.69,179.25,176.10,176.87,10584590
2021-11-09,176.95,177.12,173.21,175.11,7293301
2021-11-10,174.69,176.87,173.87,174.45,11045830
2021-11-11,162.89,163.96,158.33,162.11,62366500
2021-11-12,163.52,163.61,158.93,159.63,25638370
2021-11-15,160.09,160.72,157.66,158.43,21285350
2021-11-16,159.06,160.24,158.55,158.83,15516160
2021-11-17,158.73,158.89,156.75,157.33,14695530
2021-11-18,157.09,157.30,153.71,155.58,14487740
2021-11-19,155.02,155.21,152.77,154.00,16776490
2021-11-22,153.22,155.82,152.57,154.16,12790410
2021-11-23,153.84,154.25,150.19,151.03,17382890
2021-11-24,150.69,151.41,148.80,151.34,14123740
2021-11-26,146.80,148.85,145.85,148.11,12027680
2021-11-29,148.81,149.30,144.25,147.81,21231320
2021-11-30,146.72,147.28,143.11,144.90,26011110
2021-12-01,146.70,148.37,142.04,142.15,16503230
2021-12-02,142.84,147.65,142.77,147.20,18177710
2021-12-03,147.81,148.31,144.32,146.22,14975620
2021-12-06,147.28,150.74,146.67,150.37,14333930
2021-12-07,151.84,152.76,149.72,150.81,14661070
2021-12-08,150.91,153.66,150.56,153.34,12886260
2021-12-09,152.27,154.29,151.70,152.94,11862330
2021-12-10,153.58,154.66,151.45,152.71,10247890
2021-12-13,152.12,152.50,149.29,150.43,10195820
2021-12-14,149.26,151.62,148.52,149.10,10872030
2021-12-15,148.76,150.92,147.35,150.40,12231480
2021-12-16,151.35,152.06,148.58,148.75,11145620
2021-12-17,148.51,149.84,146.57,148.76,13878800
2021-12-20,146.98,147.73,145.08,146.47,11201920
2021-12-21,147.56,151.43,147.39,151.05,10781410
2021-12-22,150.42,152.20,149.87,151.88,7820439
2021-12-23,152.32,154.19,151.93,153.63,6572351
2021-12-27,152.88,154.02,151.40,152.80,7765470
2021-12-28,152.62,156.50,152.41,155.20,12198680
2021-12-29,154.56,155.92,154.18,154.87,8737004
2021-12-30,155.71,157.07,155.51,155.93,7228438
2021-12-31,155.87,156.57,154.74,154.89,6410235
2022-01-03,155.83,157.56,155.36,156.76,10228260
2022-01-04,158.59,160.32,155.55,155.73,16582040
2022-01-05,156.52,159.38,155.10,155.19,12272100
2022-01-06,156.24,157.77,153.68,156.90,11095330
2022-01-07,156.90,159.30,156.29,157.83,9554622
2022-01-10,157.98,158.27,154.65,156.60,8672855
2022-01-11,156.62,158.22,155.95,157.89,8042556
2022-01-12,158.50,158.99,156.33,157.80,6995649
2022-01-13,157.70,158.53,155.17,155.44,9680583
2022-01-14,152.35,152.62,148.41,151.94,16831960
2022-01-18,151.11,153.13,149.83,152.27,10425770
2022-01-19,150.84,152.86,149.96,150.11,10413250
2022-01-20,150.91,152.66,147.15,147.62,11760370
2022-01-21,141.23,141.87,136.63,137.38,34491850
2022-01-24,134.82,137.68,129.26,137.46,31523850
2022-01-25,135.29,137.75,132.38,136.51,14694410
2022-01-26,137.71,138.20,132.26,133.60,14569920
2022-01-27,135.07,137.91,134.02,135.42,11913900
2022-01-28,135.21,138.69,133.56,138.63,10011670
2022-01-31,138.86,143.15,138.47,142.97,10185500
2022-02-01,143.02,144.69,142.25,144.49,8573340
2022-02-02,144.19,144.59,141.38,142.62,9529884
2022-02-03,140.00,142.04,139.25,140.03,9820585
2022-02-04,140.04,143.19,139.53,142.02,8061075
2022-02-07,143.39,144.09,141.61,142.51,10937520
2022-02-08,141.79,142.89,140.74,142.48,9231697
2022-02-09,144.37,147.35,143.25,147.23,22877400
2022-02-10,156.02,157.50,151.11,152.16,42500320
2022-02-11,153.54,154.69,148.56,149.47,17975210
2022-02-14,149.37,153.73,149.21,150.85,14694680
2022-02-15,153.54,154.85,152.51,154.72,12730920
2022-02-16,154.98,156.73,153.75,156.35,10656350
2022-02-17,154.69,155.36,152.61,152.95,8110299
2022-02-18,152.91,153.68,150.05,151.36,10785500
2022-02-22,150.19,150.79,147.61,148.09,12227210
2022-02-23,149.50,149.74,145.50,145.87,9300697
2022-02-24,140.00,149.57,140.00,149.40,12475490
2022-02-25,149.56,150.28,147.22,149.53,10149520
2022-02-28,147.83,149.48,146.46,148.46,10834720
2022-03-01,147.86,148.15,143.78,145.70,8943991
2022-03-02,146.31,148.47,145.92,147.34,7851027
2022-03-03,147.31,148.65,144.45,145.57,8048440
2022-03-04,144.01,144.26,139.55,140.72,12925360
2022-03-07,140.28,140.89,133.44,133.50,14549670
2022-03-08,133.02,135.49,129.29,131.75,16552010
2022-03-09,135.49,135.50,133.36,133.65,14673080
2022-03-10,132.36,134.20,131.62,133.64,8447238
2022-03-11,135.08,136.16,131.57,131.75,7058388
2022-03-14,130.98,133.07,128.38,129.03,9971526
2022-03-15,129.74,134.56,129.51,134.20,9834809
2022-03-16,135.65,138.98,134.94,138.14,10638740
2022-03-17,137.44,139.47,136.56,139.47,6816024
2022-03-18,139.55,140.72,138.30,140.30,11308780
2022-03-21,138.90,139.30,136.88,138.62,9090316
2022-03-22,139.06,142.19,138.90,140.11,8511566
2022-03-23,139.07,139.76,137.54,137.64,8761269
2022-03-24,138.58,139.27,137.41,138.96,5858789
2022-03-25,139.28,140.38,138.12,139.14,5952130
2022-03-28,138.88,139.63,136.28,138.72,8456087
2022-03-29,140.96,144.46,140.96,142.38,11280680
2022-03-30,141.31,143.27,140.08,140.96,7922426
2022-03-31,140.14,140.88,137.11,137.16,12306460
2022-04-01,137.34,138.10,135.53,137.00,10341040
2022-04-04,136.97,139.26,136.89,138.58,8182004
2022-04-05,137.74,139.20,135.13,135.62,8694095
2022-04-06,133.75,133.93,130.81,132.57,11679730
2022-04-07,133.01,133.21,130.02,131.87,9858728
2022-04-08,132.00,133.12,130.63,131.87,6701966
2022-04-11,130.04,132.43,130.04,130.65,9915280
2022-04-12,131.81,133.21,130.15,130.84,7885640
2022-04-13,131.05,132.89,130.75,132.35,7694467
2022-04-14,132.81,133.59,130.35,130.47,7283466
2022-04-18,130.07,130.22,126.82,127.77,10571010
2022-04-19,128.09,133.19,127.79,131.90,12767220
2022-04-20,126.05,127.35,124.11,124.57,36465680
2022-04-21,125.54,126.45,121.28,121.66,18688640
2022-04-22,120.01,121.89,118.15,118.27,19472840
2022-04-25,117.66,120.33,116.75,119.95,16490970
2022-04-26,119.15,119.15,115.64,115.77,16116020
2022-04-27,115.43,116.90,113.39,115.21,15553010
2022-04-28,115.22,116.00,112.69,115.29,23192140
2022-04-29,115.20,115.99,111.36,111.63,16907020
2022-05-02,111.71,113.66,111.01,113.50,14300710
2022-05-03,114.05,114.83,112.69,113.55,11149540
2022-05-04,113.37,116.44,111.83,116.19,11488270
2022-05-05,114.74,115.27,111.48,112.61,12720190
2022-05-06,111.77,112.09,108.30,110.29,12525170
2022-05-09,108.11,110.74,106.48,106.98,17941600
2022-05-10,109.83,110.70,106.14,107.68,15657720
2022-05-11,107.90,110.07,104.79,105.21,26933330
2022-05-12,102.90,105.00,99.47,104.31,36298830
2022-05-13,105.36,107.69,105.31,107.33,16782630
2022-05-16,107.46,107.62,104.85,105.18,11993640
2022-05-17,107.73,108.79,106.30,108.64,11847640
2022-05-18,107.38,107.66,103.88,104.30,11793980
2022-05-19,103.43,105.30,102.96,103.14,11284950
2022-05-20,104.49,104.80,100.05,102.42,15650430
2022-05-23,103.76,106.03,101.56,105.83,14402430
2022-05-24,103.71,103.84,100.13,101.59,13970240
2022-05-25,101.43,103.81,101.16,103.26,11026600
2022-05-26,104.22,106.13,103.96,105.61,11297800
2022-05-27,106.89,109.37,106.53,109.32,13671310
2022-05-31,110.00,111.23,107.91,110.44,20274630
2022-06-01,112.01,112.85,108.27,109.19,11829740
2022-06-02,109.43,110.95,107.91,110.87,8829877
2022-06-03,109.17,109.85,107.92,108.67,6767601
2022-06-06,109.75,110.19,107.65,107.83,7575890
2022-06-07,106.79,107.92,106.00,107.79,7279062
2022-06-08,107.43,109.36,106.96,107.34,7019489
2022-06-09,106.53,107.06,103.25,103.30,8271206
2022-06-10,101.43,102.12,99.38,99.40,15386010
2022-06-13,97.61,97.61,94.83,95.71,15239650
2022-06-14,96.27,96.27,93.10,94.22,12443660
2022-06-15,94.61,97.30,94.09,95.88,11751580
2022-06-16,94.01,95.38,93.41,94.28,15298480
2022-06-17,94.01,95.97,93.47,94.34,15403770
2022-06-21,94.90,95.45,93.27,93.29,16649790
2022-06-22,92.17,94.61,92.01,93.50,11415080
2022-06-23,93.96,94.65,92.07,94.30,11348820
2022-06-24,95.45,98.57,95.40,97.78,11681150
2022-06-27,98.22,98.23,95.80,96.61,10793750
2022-06-28,99.74,100.40,95.78,95.92,16838240
2022-06-29,95.95,96.20,94.53,95.65,8653197
2022-06-30,94.42,95.44,92.54,94.40,10983520
2022-07-01,94.24,96.31,93.98,96.14,10543380
2022-07-05,94.26,97.23,92.31,97.18,10674620
2022-07-06,97.53,98.19,95.40,96.08,8640229
2022-07-07,96.90,97.53,95.93,97.43,7813050
2022-07-08,96.57,97.12,95.35,95.86,7717297
2022-07-11,95.00,95.34,93.43,93.64,7650632
2022-07-12,93.58,95.25,93.31,93.60,8665299
2022-07-13,92.12,93.25,91.01,92.94,12006430
2022-07-14,91.48,92.04,90.23,91.84,11146430
2022-07-15,92.91,95.32,92.70,95.20,14946730
2022-07-18,96.36,97.27,95.31,95.70,10430410
2022-07-19,96.68,99.85,96.68,99.61,13683360
2022-07-20,100.25,104.26,99.95,103.35,15112720
2022-07-21,102.71,104.25,101.61,104.18,8611311
2022-07-22,103.28,104.57,102.11,102.72,7803460
2022-07-25,102.78,103.39,101.81,102.69,6726685
2022-07-26,102.14,102.36,99.56,99.78,6346629
2022-07-27,100.97,103.65,100.81,103.50,9445183
2022-07-28,103.25,104.97,102.71,104.90,7970282
2022-07-29,105.14,106.34,103.37,106.10,10320040
2022-08-01,104.87,106.65,103.86,106.22,7769658
2022-08-02,105.74,106.36,104.62,104.71,9093020
2022-08-03,105.73,109.70,105.73,109.02,11243030
2022-08-04,108.92,109.45,107.66,108.12,7322411
2022-08-05,106.81,107.70,105.37,106.63,10099980
2022-08-08,108.20,111.23,107.90,109.11,13045410
2022-08-09,109.22,109.22,107.03,108.13,8776524
2022-08-10,112.48,112.67,109.91,112.43,26398690
2022-08-11,122.21,123.27,117.33,117.69,50375020
2022-08-12,119.00,121.61,118.92,121.57,21964790
2022-08-15,121.00,125.96,120.99,124.26,24628320
2022-08-16,124.73,126.48,123.45,124.96,14607300
2022-08-17,123.45,124.48,122.57,122.81,9140896
2022-08-18,123.01,123.13,121.71,122.67,7343934
2022-08-19,121.25,121.39,119.48,120.14,8702520
2022-08-22,117.70,118.21,115.69,115.94,11575840
2022-08-23,115.98,116.37,114.62,114.86,7180690
2022-08-24,114.67,117.16,114.10,116.41,7840514
2022-08-25,117.02,117.77,116.11,117.46,6920927
2022-08-26,117.47,118.37,113.89,114.07,7807402
2022-08-29,112.54,114.47,112.41,113.53,6882736
2022-08-30,114.28,114.75,111.45,112.43,8059967
2022-08-31,112.87,113.75,111.85,112.08,7352967
2022-09-01,111.79,112.59,110.03,112.53,7718715
2022-09-02,113.05,113.89,110.84,111.20,8465130
2022-09-06,111.77,111.78,108.52,110.09,9537290
2022-09-07,109.87,112.95,109.87,112.69,8193947
2022-09-08,111.07,112.99,110.36,112.33,8443278
2022-09-09,113.27,115.53,113.19,115.18,9573346
2022-09-12,116.14,117.49,115.27,116.39,7923353
2022-09-13,113.05,113.82,111.17,111.76,10504580
2022-09-14,111.85,112.74,109.88,112.50,8610446
2022-09-15,112.39,114.41,110.71,110.77,9739754
2022-09-16,109.21,109.58,106.96,108.25,15978830
2022-09-19,107.53,109.22,107.04,109.17,7979457
2022-09-20,108.28,108.41,106.86,107.57,6957409
2022-09-21,107.39,108.04,104.49,104.49,9776355
2022-09-22,104.21,104.66,102.02,102.16,10953390
2022-09-23,100.62,101.18,98.02,99.50,11976930
2022-09-26,98.95,100.66,98.06,98.12,9760467
2022-09-27,99.53,99.64,95.43,95.85,13360190
2022-09-28,95.79,99.87,95.45,99.40,12895460
2022-09-29,98.53,98.60,96.23,97.45,9435058
2022-09-30,96.50,97.48,94.28,94.33,12094940
2022-10-03,95.73,97.78,94.50,97.13,9468403
2022-10-04,98.68,101.52,98.23,101.44,10229000
2022-10-05,100.04,101.22,98.70,100.80,7562771
2022-10-06,100.43,101.46,99.87,100.04,6728200
2022-10-07,98.51,98.80,96.45,97.16,7051019
2022-10-10,97.59,97.74,94.42,95.16,9532334
2022-10-11,94.81,95.06,92.65,93.10,8900901
2022-10-12,93.16,94.07,92.20,93.41,6156217
2022-10-13,91.57,96.97,90.71,96.64,11025430
2022-10-14,97.47,98.09,94.33,94.45,8208884
2022-10-17,96.38,97.97,96.26,97.33,7083842
2022-10-18,99.87,100.37,97.64,98.48,8533516
2022-10-19,100.44,101.86,98.50,98.99,11730990
2022-10-20,98.23,100.75,98.11,98.59,8212442
2022-10-21,98.35,102.30,97.89,102.04,10193360
2022-10-24,102.12,103.19,100.12,101.72,8221477
2022-10-25,102.16,104.73,102.03,104.36,7687535
2022-10-26,103.53,107.43,103.53,104.63,9223759
2022-10-27,105.81,106.87,104.31,104.44,8673519
2022-10-28,104.08,106.09,103.53,105.95,7250889
2022-10-31,105.66,106.90,104.82,106.54,8814813
2022-11-01,107.70,108.84,105.64,106.00,7955761
2022-11-02,105.45,106.08,101.78,101.82,9591406
2022-11-03,100.20,100.70,98.56,99.25,8978373
2022-11-04,101.15,101.16,98.11,99.58,11035800
2022-11-07,100.88,101.56,98.99,100.43,11355240
2022-11-08,100.74,101.97,98.05,99.90,27130260
2022-11-09,90.55,91.10,86.28,86.75,62029830
2022-11-10,89.75,90.50,87.61,90.46,36968130
2022-11-11,91.58,95.58,91.10,95.01,22373290
2022-11-14,95.85,96.62,94.21,94.28,20505720
2022-11-15,96.00,97.18,93.69,95.51,15801910
2022-11-16,95.22,95.22,93.72,93.95,11137670
2022-11-17,92.12,92.27,90.85,91.45,12306390
2022-11-18,92.86,93.16,90.91,91.80,10011730
2022-11-21,100.12,100.89,96.32,97.58,70273510
2022-11-22,97.00,97.67,94.68,96.21,25753740
2022-11-23,96.00,99.34,95.78,98.88,15503230
2022-11-25,98.81,99.81,98.08,98.87,6664281
2022-11-28,98.21,99.13,95.43,95.69,13668650
2022-11-29,96.00,96.43,93.92,94.69,13205330
2022-11-30,94.95,97.94,93.87,97.87,15368110
2022-12-01,97.87,98.83,96.58,98.59,13855680
2022-12-02,97.46,99.69,97.01,99.43,12608100
2022-12-05,98.24,99.16,95.67,95.93,10764540
2022-12-06,95.73,96.00,91.98,92.29,11492370
2022-12-07,92.66,92.79,91.26,92.15,10353420
2022-12-08,92.50,93.43,91.67,92.55,9351229
2022-12-09,92.37,94.91,91.90,93.38,10111880
2022-12-12,93.73,94.66,92.61,94.66,14140680
2022-12-13,96.49,97.39,93.57,94.70,22882080
2022-12-14,94.54,95.47,92.62,94.15,11505450
2022-12-15,92.47,93.12,90.11,90.49,15957670
2022-12-16,90.19,91.08,88.81,90.08,26383880
2022-12-19,89.44,89.46,85.41,85.78,19225290
2022-12-20,86.08,87.84,85.76,87.02,14918400
2022-12-21,87.19,88.10,86.48,86.92,11004830
2022-12-22,86.03,86.73,84.69,86.67,15487370
2022-12-23,86.06,88.07,85.77,88.01,11171610
2022-12-27,87.42,87.94,85.96,86.37,11561450
2022-12-28,86.08,86.69,84.07,84.17,12399510
2022-12-29,85.25,88.24,84.97,87.18,13045070
2022-12-30,85.73,87.12,85.22,86.88,23230970
2023-01-03,88.98,89.97,87.83,88.97,14997140
2023-01-04,90.00,92.75,89.36,91.98,14957210
2023-01-05,91.66,92.48,90.51,91.92,11622620
2023-01-06,92.66,94.69,91.32,93.92,9828145
2023-01-09,94.43,95.70,93.45,94.77,11675840
2023-01-10,94.28,95.64,93.82,95.56,6914633
2023-01-11,95.92,96.55,95.05,96.33,8757251
2023-01-12,98.50,100.63,97.57,99.81,19764320
2023-01-13,99.38,99.60,98.01,99.40,12230200
2023-01-17,100.32,100.99,99.00,99.91,14914200
2023-01-18,100.28,101.13,98.72,99.04,11384540
2023-01-19,98.12,99.45,97.12,99.08,10973550
2023-01-20,100.34,103.59,99.30,103.48,14549880
2023-01-23,103.29,105.95,102.92,105.69,11479080
2023-01-24,105.39,108.44,102.00,106.00,8606723
2023-01-25,104.96,108.16,104.18,108.12,10008040
2023-01-26,108.17,109.76,107.57,109.70,9204417
2023-01-27,109.26,110.58,109.16,109.54,10249680
2023-01-30,108.26,108.97,107.48,107.59,8548547
2023-01-31,107.58,108.72,107.45,108.49,8251663
2023-02-01,108.50,109.94,106.90,109.39,9975481
2023-02-02,110.67,113.53,109.69,113.21,13093210
2023-02-03,111.47,113.14,110.37,110.71,12472480
2023-02-06,110.17,110.43,108.53,109.87,11956540
2023-02-07,109.30,112.12,108.86,111.63,10843980
2023-02-08,112.20,113.33,110.29,111.78,27719920
2023-02-09,118.04,118.18,109.81,110.36,46137150
2023-02-10,108.96,109.74,107.21,108.06,15565990
2023-02-13,108.10,108.29,106.55,107.66,12341480
2023-02-14,106.82,108.44,105.82,107.66,10768100
2023-02-15,107.09,109.27,106.70,109.24,8163490
2023-02-16,107.55,108.02,105.70,105.83,9479922
2023-02-17,105.03,105.80,103.88,105.22,9492184
2023-02-21,103.55,103.73,101.83,102.09,10648210
2023-02-22,101.33,102.56,101.09,101.68,9885101
2023-02-23,101.45,102.05,99.61,101.73,10974750
2023-02-24,99.53,100.43,98.96,100.30,8523000
2023-02-27,100.73,101.47,100.06,100.45,6641212
2023-02-28,100.45,100.75,99.57,99.61,8233743
2023-03-01,99.19,99.63,98.10,98.54,7898251
2023-03-02,97.74,99.29,97.42,98.92,7783130
2023-03-03,99.67,101.18,98.88,101.14,7434264
2023-03-06,101.61,102.69,100.49,100.66,6773261
2023-03-07,100.40,100.94,98.89,99.06,6951340
2023-03-08,99.00,99.62,98.30,99.30,5668738
2023-03-09,99.45,100.05,95.92,96.14,8275586
2023-03-10,95.60,95.90,92.83,93.57,13978850
2023-03-13,91.89,94.02,90.46,92.60,11915320
2023-03-14,94.00,94.30,92.34,93.36,10323630
2023-03-15,91.63,93.36,91.41,93.10,9543836
2023-03-16,92.67,94.56,91.89,94.29,9946678
2023-03-17,94.05,94.27,92.91,93.20,12943190
2023-03-20,93.43,94.92,93.00,94.22,6657152
2023-03-21,95.17,96.85,95.17,96.54,7285766
2023-03-22,97.45,97.93,94.82,94.90,8811105
2023-03-23,95.28,97.02,94.76,95.83,9527009
2023-03-24,94.81,95.00,93.02,94.08,9544154
2023-03-27,94.78,96.02,94.38,95.62,7487900
2023-03-28,95.51,96.00,94.59,94.82,5426053
2023-03-29,96.08,96.91,95.35,96.87,5889123
2023-03-30,98.73,98.92,97.67,98.10,7669482
2023-03-31,98.89,100.20,98.50,100.13,8919965
2023-04-03,100.21,100.43,99.27,99.76,7313201
2023-04-04,100.30,100.42,98.76,99.57,6794168
2023-04-05,99.70,100.18,98.63,99.91,7747230
2023-04-06,99.44,100.32,98.55,99.97,7042486
2023-04-10,99.30,100.81,98.90,100.81,8016576
2023-04-11,101.16,101.91,100.29,100.42,7504624
2023-04-12,101.25,102.22,97.70,97.94,9289196
2023-04-13,98.51,101.07,98.51,100.84,8744977
2023-04-14,100.50,100.86,98.93,99.90,7337250
2023-04-17,99.57,100.57,99.15,100.30,6705269
2023-04-18,100.61,101.15,99.59,100.93,8180148
2023-04-19,99.78,99.83,98.36,98.75,11523310
2023-04-20,97.75,98.58,97.39,98.07,7762736
2023-04-21,98.16,99.72,97.72,99.57,9467979
2023-04-24,100.14,100.73,98.67,99.68,8540571
2023-04-25,99.38,99.71,98.01,98.01,6511394
2023-04-26,97.84,98.48,96.45,96.61,8634531
2023-04-27,97.13,100.06,96.71,99.93,8166466
2023-04-28,99.37,102.56,99.08,102.50,11329690
2023-05-01,102.41,102.61,101.61,102.21,6909535
2023-05-02,101.33,101.69,99.62,100.60,6955902
2023-05-03,101.06,102.58,100.64,100.86,7772064
2023-05-04,99.54,99.54,96.61,97.45,13260720
2023-05-05,98.59,100.85,98.11,100.52,9300109
2023-05-08,101.70,103.91,101.69,102.97,10810140
2023-05-09,102.91,102.98,102.09,102.18,6829880
2023-05-10,103.00,103.25,100.04,101.14,19525150
2023-05-11,94.80,95.11,91.88,92.31,57127240
2023-05-12,92.34,92.88,91.24,91.99,21837450
2023-05-15,91.54,92.87,90.70,92.86,16792050
2023-05-16,92.04,92.42,90.78,90.98,17013310
2023-05-17,91.02,93.05,90.85,92.77,12461590
2023-05-18,92.84,94.24,92.46,93.76,15014820
2023-05-19,93.00,93.00,91.31,91.35,16429040
2023-05-22,91.33,91.94,89.89,91.82,14150640
2023-05-23,91.10,92.03,89.81,89.82,14778700
2023-05-24,89.44,89.49,88.41,89.07,15350770
2023-05-25,89.56,89.56,87.79,88.14,13605760
2023-05-26,88.49,89.24,88.10,88.29,12892700
2023-05-30,88.97,88.97,87.01,87.82,14800730
2023-05-31,87.58,88.17,87.15,87.96,11440580
2023-06-01,88.40,89.06,87.11,88.59,11993170
2023-06-02,89.63,91.34,89.60,90.77,14350250
2023-06-05,91.20,91.76,89.44,91.00,18506710
2023-06-06,91.10,92.51,91.02,92.16,12109080
2023-06-07,92.78,93.08,91.86,92.52,11082430
2023-06-08,92.52,92.68,91.30,92.53,9030165
2023-06-09,92.78,92.92,91.55,91.93,9634420
2023-06-12,92.25,93.22,91.77,93.14,12357610
2023-06-13,94.12,94.44,93.44,93.85,12964430
2023-06-14,94.26,94.52,91.92,92.45,15877380
2023-06-15,92.06,93.52,91.61,92.94,13354610
2023-06-16,92.88,92.97,90.86,91.32,22683390
2023-06-20,90.29,90.78,89.74,89.75,14939190
2023-06-21,89.55,89.67,88.11,88.64,17872960
2023-06-22,88.44,89.19,88.12,88.49,10915330
2023-06-23,88.02,88.39,87.61,88.10,13538010
2023-06-26,88.04,89.49,87.77,88.70,13132680
2023-06-27,88.90,89.66,88.49,89.06,10032650
2023-06-28,89.39,89.40,88.53,88.83,12118270
2023-06-29,87.80,89.12,87.34,88.95,13402580
2023-06-30,89.18,89.60,88.61,89.28,12837550
2023-07-03,89.11,90.95,88.91,90.50,7979547
2023-07-05,90.11,90.39,89.25,89.79,11028780
2023-07-06,88.67,88.83,87.78,88.74,12108530
2023-07-07,88.31,89.73,88.08,88.64,9705123
2023-07-10,88.25,88.68,87.86,88.10,13642620
2023-07-11,88.19,89.59,88.15,89.49,13735510
2023-07-12,90.11,90.71,89.57,90.15,14912080
2023-07-13,90.55,90.81,89.08,90.47,15325520
2023-07-14,90.41,90.49,88.42,88.62,17769990
2023-07-17,88.42,88.49,85.30,85.56,34503440
2023-07-18,85.51,87.30,85.31,85.95,21915530
2023-07-19,86.20,87.89,86.19,87.04,17177010
2023-07-20,86.84,87.18,86.03,86.21,15277530
2023-07-21,86.30,87.90,85.88,87.18,19900960
2023-07-24,87.49,87.96,86.55,86.60,13911900
2023-07-25,85.73,86.31,85.16,85.63,15335410
2023-07-26,85.67,86.27,85.45,85.86,14983700
2023-07-27,86.60,86.88,85.19,85.36,16691370
2023-07-28,85.86,86.58,85.44,86.13,13638330
2023-07-31,87.00,89.36,86.88,88.89,20837790
2023-08-01,89.12,89.73,88.46,89.03,13745080
2023-08-02,88.26,88.33,86.26,86.30,15162660
2023-08-03,85.82,86.46,85.45,85.49,14194140
2023-08-04,85.94,87.11,85.45,86.30,11533910
2023-08-07,86.66,87.23,85.99,86.83,10818370
2023-08-08,86.50,88.33,86.10,88.13,16767890
2023-08-09,89.20,89.56,87.04,87.49,32517920
2023-08-10,89.97,92.53,87.75,91.76,56716750
2023-08-11,91.32,91.35,88.86,89.02,21998920
2023-08-14,88.99,89.30,87.99,88.81,13676380
2023-08-15,87.99,88.23,86.89,87.06,13677870
2023-08-16,86.54,87.06,86.08,86.35,12182720
2023-08-17,86.92,86.96,85.80,85.92,14206020
2023-08-18,85.37,86.72,85.37,85.96,12364390
2023-08-21,85.81,86.25,85.41,85.88,11214990
2023-08-22,85.71,86.09,85.37,85.79,9845852
2023-08-23,85.81,86.33,85.64,85.83,7575953
2023-08-24,85.51,85.95,82.46,82.47,27531020
2023-08-25,83.07,83.65,82.46,83.36,16050880
2023-08-28,83.83,84.69,83.53,84.16,12166440
2023-08-29,83.79,84.55,83.73,84.40,11210670
2023-08-30,84.40,84.68,83.83,84.28,11816640
2023-08-31,84.46,84.61,83.64,83.68,10447960
2023-09-01,82.11,82.23,80.53,81.64,27701890
2023-09-05,81.42,82.39,81.17,81.19,12741680
2023-09-06,80.79,82.09,80.53,80.98,15518540
2023-09-07,80.82,80.85,79.75,80.57,14767970
2023-09-08,80.54,81.67,80.17,81.58,16233620
2023-09-11,81.94,83.85,81.17,82.52,26579060
2023-09-12,83.03,84.67,82.57,83.68,16594610
2023-09-13,83.35,84.05,83.12,83.48,9772692
2023-09-14,84.00,84.74,83.04,84.48,22371920
2023-09-15,85.22,86.19,84.61,85.58,21631240
2023-09-18,85.24,85.92,84.98,85.02,11894180
2023-09-19,83.92,84.79,81.71,81.94,21478920
2023-09-20,82.03,83.20,81.64,82.56,12715170
2023-09-21,82.06,83.67,81.92,82.73,14378030
2023-09-22,82.91,83.35,81.20,81.25,11495300
2023-09-25,81.56,81.77,80.56,81.01,11034440
2023-09-26,80.50,80.73,79.79,80.05,14867860
2023-09-27,80.12,80.56,79.22,79.90,14662510
2023-09-28,80.28,80.92,79.65,80.13,12229820
2023-09-29,80.66,81.33,80.41,81.05,11261370
2023-10-02,80.92,81.77,80.79,81.67,9128074
2023-10-03,81.25,81.89,79.46,79.54,12586240
2023-10-04,79.61,79.79,78.73,79.32,12010510
2023-10-05,79.10,80.94,78.88,80.81,15466570
2023-10-06,81.05,83.53,80.49,82.94,15391070
2023-10-09,84.30,84.88,83.13,84.70,13604410
2023-10-10,84.79,85.28,83.93,84.99,9450609
2023-10-11,85.37,85.72,84.25,84.85,9499170
2023-10-12,84.83,85.06,83.51,84.35,9554881
2023-10-13,83.94,84.58,83.38,84.35,10813090
2023-10-16,84.31,85.92,84.31,85.71,10275140
2023-10-17,85.34,86.28,85.31,86.20,9985651
2023-10-18,85.69,86.26,84.60,84.68,10047020
2023-10-19,85.26,85.27,83.17,83.25,14316810
2023-10-20,82.90,83.44,82.61,82.65,10436990
2023-10-23,82.08,84.03,80.91,83.10,10772520
2023-10-24,83.41,84.20,81.74,82.56,11499470
2023-10-25,82.13,82.55,80.52,80.59,9372522
2023-10-26,80.08,80.61,79.42,79.78,11650990
2023-10-27,79.75,81.03,79.23,79.33,10300560
2023-10-30,79.72,80.93,79.53,80.68,10291180
2023-10-31,80.69,81.67,80.33,81.59,8672234
2023-11-01,81.53,81.58,80.18,81.07,9092974
2023-11-02,81.85,83.30,81.82,83.29,11518450
2023-11-03,84.17,85.93,84.16,85.07,11331780
2023-11-06,85.08,85.80,83.59,84.02,14160920
2023-11-07,84.16,84.68,83.95,84.59,10540200
2023-11-08,84.14,84.92,83.95,84.50,26942600
2023-11-09,87.84,91.21,87.60,90.34,51062700
2023-11-10,90.13,90.16,86.94,88.27,25200000
2023-11-13,88.42,89.90,87.41,89.44,12834440
2023-11-14,90.03,91.54,89.99,91.07,13152030
2023-11-15,92.99,94.56,92.74,93.93,20593050
2023-11-16,93.89,94.61,93.63,94.51,12923920
2023-11-17,94.75,95.38,93.92,94.15,12201300
2023-11-20,93.98,95.58,93.87,95.03,14114770
2023-11-21,94.73,94.96,93.96,94.45,7654843
2023-11-22,94.91,95.71,94.76,95.07,7330932
2023-11-24,94.90,96.51,94.90,96.06,5440468
2023-11-27,95.74,95.74,94.52,95.17,11049470
2023-11-28,95.00,95.14,92.44,92.50,18660310
2023-11-29,92.60,93.24,91.44,92.50,13857040
2023-11-30,93.55,93.86,92.20,92.69,13396700
2023-12-01,92.74,92.84,91.77,92.58,11898170
2023-12-04,91.90,92.41,91.61,92.01,12602810
2023-12-05,91.61,91.78,89.93,90.79,12356990
2023-12-06,91.11,92.55,90.62,91.50,10462040
2023-12-07,91.80,93.39,91.65,92.35,10264680
2023-12-08,92.06,93.54,92.06,92.82,9498155
2023-12-11,92.73,93.08,91.97,92.20,10810960
2023-12-12,92.12,92.20,90.86,91.07,13218430
2023-12-13,91.17,92.87,90.78,92.83,10173240
2023-12-14,93.21,94.83,93.21,93.94,12439330
2023-12-15,93.05,93.95,92.93,93.46,17551600
2023-12-18,92.70,93.71,92.70,92.86,9083570
2023-12-19,92.64,93.99,92.61,93.93,8803962
2023-12-20,93.24,94.27,91.25,91.27,13060570
2023-12-21,91.93,92.08,91.06,92.02,13037180
2023-12-22,91.62,92.24,90.75,91.02,9419816
2023-12-26,90.84,91.27,90.60,90.95,8086935
2023-12-27,90.91,90.94,90.04,90.38,11123510
2023-12-28,90.09,90.98,89.97,90.40,8479648
2023-12-29,90.12,90.60,89.86,90.29,9210954
2024-01-02,90.10,91.47,89.73,90.71,10587630
2024-01-03,90.23,92.08,90.00,91.65,11929770
2024-01-04,91.94,91.94,90.00,90.56,12087430
2024-01-05,90.41,91.32,90.36,90.90,9092069
2024-01-08,91.55,91.94,91.00,91.55,11103720
2024-01-09,91.05,91.10,89.60,89.67,11255050
2024-01-10,89.82,89.82,88.88,89.29,15091570
2024-01-11,89.39,89.78,88.69,89.45,9642176
2024-01-12,89.65,90.83,89.65,90.35,11919450
2024-01-16,90.29,93.09,89.45,93.05,16780870
2024-01-17,92.58,93.76,90.10,90.34,15735220
2024-01-18,90.66,92.51,90.41,92.21,12203200
2024-01-19,92.32,93.58,91.63,93.06,19790080
2024-01-22,92.87,95.23,92.87,95.08,15119380
2024-01-23,95.43,95.89,93.17,93.77,11559410
2024-01-24,94.42,95.25,93.25,93.50,10454900
2024-01-25,93.92,94.94,93.75,94.86,8661572
2024-01-26,95.00,95.53,94.70,95.36,7812755
2024-01-29,95.42,97.50,95.00,97.49,13422220
2024-01-30,96.52,97.54,96.01,96.94,9139614
2024-01-31,96.42,97.57,95.81,96.05,9592304
2024-02-01,96.37,97.93,95.90,97.06,8484801
2024-02-02,96.28,97.41,95.82,97.13,9321343
2024-02-05,96.70,97.37,96.49,96.65,11679340
2024-02-06,96.92,99.32,96.79,99.29,16498480
2024-02-07,97.39,99.28,96.64,99.14,28886280
2024-02-08,107.08,112.77,106.80,110.54,60558410
2024-02-09,109.60,110.15,107.69,108.39,21509090
2024-02-12,107.88,111.06,107.83,109.29,13423960
2024-02-13,108.28,110.65,108.21,110.46,14594480
2024-02-14,110.58,111.68,109.67,111.56,11405490
2024-02-15,111.08,112.92,111.08,112.45,9961907
2024-02-16,112.02,112.56,111.16,111.60,8782223
2024-02-20,110.85,111.13,109.35,109.44,9770911
2024-02-21,108.48,109.22,107.23,107.67,10454430
2024-02-22,107.99,108.49,107.41,107.64,9266195
2024-02-23,107.57,108.00,105.83,107.74,11723950
2024-02-26,107.52,108.76,107.38,107.68,8694150
2024-02-27,107.78,109.58,107.78,109.42,7594956
2024-02-28,108.78,111.04,108.66,110.80,10773050
2024-02-29,111.14,112.75,110.97,111.58,11658290
2024-03-01,111.44,112.14,111.03,111.95,7242396
2024-03-04,112.67,114.13,111.80,113.69,11558850
2024-03-05,113.61,115.19,112.27,112.87,14929580
2024-03-06,113.08,113.30,109.25,110.06,14743880
2024-03-07,110.70,111.08,109.20,110.18,8609290
2024-03-08,110.18,111.31,109.34,110.32,10009190
2024-03-11,110.09,112.91,110.03,112.31,8794307
2024-03-12,112.52,112.95,111.64,112.46,8084958
2024-03-13,112.74,114.13,112.44,112.50,7267902
2024-03-14,111.74,112.35,109.51,112.06,10520460
2024-03-15,111.60,112.96,111.40,111.95,15364180
2024-03-18,112.29,114.43,112.29,113.85,11820760
2024-03-19,113.41,115.17,113.24,114.51,10999740
2024-03-20,114.61,116.51,114.36,116.46,11699650
2024-03-21,116.99,117.36,115.86,116.70,10353550
2024-03-22,116.92,117.66,115.84,115.87,7144785
2024-03-25,116.97,119.41,116.87,119.36,12103550
2024-03-26,119.63,120.40,118.19,119.93,11870040
2024-03-27,120.95,122.03,120.02,120.98,10782840
2024-03-28,121.25,123.74,121.20,122.36,15367420
2024-04-01,122.06,122.40,120.78,121.53,8419727
2024-04-02,120.22,123.53,120.16,122.82,15517070
2024-04-03,122.27,123.69,118.38,118.98,22480440
2024-04-04,119.22,120.19,116.96,117.09,13815400
2024-04-05,116.60,118.86,116.30,118.38,9653915
2024-04-08,118.02,118.52,116.82,117.35,6266011
2024-04-09,117.38,118.51,116.89,117.97,7455367
2024-04-10,116.60,117.56,116.37,117.19,6746282
2024-04-11,117.59,118.28,116.37,117.15,6559411
2024-04-12,116.39,116.70,113.73,114.01,12155170
2024-04-15,114.88,115.55,112.77,112.95,9637095
2024-04-16,112.82,114.50,112.52,113.88,9291419
2024-04-17,114.00,114.21,112.89,112.94,7378993
2024-04-18,113.18,114.25,112.19,112.43,8235636
2024-04-19,111.72,112.72,111.08,112.61,9436023
2024-04-22,113.10,113.64,111.75,111.99,6901689
2024-04-23,112.83,114.24,112.80,113.71,6839318
2024-04-24,113.14,114.18,113.14,113.92,6157230
2024-04-25,111.22,112.89,110.39,112.77,8045906
2024-04-26,111.85,113.02,111.32,112.73,6304843
2024-04-29,113.04,113.88,110.34,112.08,7169209
2024-04-30,112.00,112.04,110.80,111.10,8156575
2024-05-01,111.29,111.99,110.21,110.48,6346109
2024-05-02,111.43,112.87,110.56,112.62,6799805
2024-05-03,113.54,114.11,112.80,113.66,7411112
2024-05-06,114.80,116.94,114.15,116.47,16303230
2024-05-07,107.25,107.88,104.21,105.39,55084620
2024-05-08,104.90,106.48,104.44,105.44,15238110
2024-05-09,104.62,106.13,104.39,105.80,15095970
2024-05-10,106.92,107.02,105.42,105.79,15884570
2024-05-13,105.59,106.64,105.59,105.83,9666409
2024-05-14,105.30,105.99,104.95,105.35,11278420
2024-05-15,105.62,105.88,101.39,102.77,20745620
2024-05-16,103.04,104.03,102.84,103.37,9476686
2024-05-17,103.63,103.82,103.04,103.25,7355999
2024-05-20,103.33,103.67,102.52,102.90,7667435
2024-05-21,102.99,103.70,102.72,103.01,7333306
2024-05-22,102.98,103.83,102.75,103.02,7190343
2024-05-23,102.98,103.01,100.27,100.66,10503990
2024-05-24,100.85,102.09,100.69,101.76,6451579
2024-05-28,101.36,102.86,100.94,102.44,7813094
2024-05-29,101.76,102.08,100.77,100.88,7376258
2024-05-30,101.14,102.07,100.97,101.70,7303708
2024-05-31,101.52,104.08,101.41,103.91,14735790
2024-06-03,104.17,104.22,102.48,102.77,6908604
2024-06-04,102.11,103.49,101.63,103.33,7269109
2024-06-05,103.00,103.08,101.03,101.50,10796880
2024-06-06,101.05,101.93,100.81,101.21,10294710
2024-06-07,100.86,102.27,100.55,101.54,6047828
2024-06-10,101.25,102.84,100.64,102.74,7633073
2024-06-11,102.64,102.88,100.74,100.87,9134218
2024-06-12,101.20,101.69,100.25,100.80,9041768
2024-06-13,100.61,101.07,99.61,100.09,10164570
2024-06-14,99.81,100.38,99.25,99.97,7087573
2024-06-17,100.98,101.92,100.62,101.52,10388990
2024-06-18,101.12,101.76,100.61,101.50,7044674
2024-06-20,100.57,101.94,100.38,101.84,7886934
2024-06-21,101.80,102.54,101.58,102.27,14144920
2024-06-24,102.25,103.08,101.91,101.98,7393608
2024-06-25,102.66,103.68,101.77,102.20,10343710
2024-06-26,101.90,102.37,101.43,102.18,10122310
2024-06-27,102.04,102.28,101.81,102.17,8365165
2024-06-28,102.02,102.58,98.38,99.29,21439420
2024-07-01,99.40,99.74,97.88,98.04,15298970
2024-07-02,97.94,97.99,96.95,97.99,13340320
2024-07-03,97.84,99.08,97.83,98.61,5029969
2024-07-05,98.31,98.31,97.58,97.99,8550759
2024-07-08,97.69,98.29,96.89,97.37,8167589
2024-07-09,97.47,97.53,96.15,97.05,9048576
2024-07-10,96.95,97.28,96.25,96.97,7761123
2024-07-11,97.01,97.58,96.30,96.60,7432590
2024-07-12,97.09,97.83,96.98,97.13,6465736
2024-07-15,97.33,97.49,96.60,96.87,7417699
2024-07-16,97.02,98.72,96.54,98.47,10755510
2024-07-17,98.30,98.61,96.53,97.31,9456087
2024-07-18,97.36,98.06,96.67,96.79,7529378
2024-07-19,96.82,96.82,95.44,95.74,9300963
2024-07-22,95.11,95.16,93.49,94.13,13377040
2024-07-23,90.70,91.69,89.83,90.94,22534730
2024-07-24,90.22,90.75,89.58,89.80,11768550
2024-07-25,90.08,90.50,89.21,89.21,10765290
2024-07-26,90.00,90.55,89.33,89.93,11301860
2024-07-29,90.39,92.55,90.19,92.14,13024850
2024-07-30,91.67,94.04,91.67,93.79,9896054
2024-07-31,93.78,94.83,93.64,93.69,10241830
2024-08-01,93.86,93.95,92.60,93.05,9263596
2024-08-02,92.16,92.20,89.00,89.57,15433550
2024-08-05,86.89,89.56,86.42,87.78,19103160
2024-08-06,88.23,91.91,87.96,89.97,21717510
2024-08-07,88.00,89.24,85.75,85.96,30581930
2024-08-08,85.15,86.33,83.91,85.96,21890470
2024-08-09,86.13,86.25,84.71,86.21,16008400
2024-08-12,85.86,86.38,85.48,85.95,11754600
2024-08-13,86.46,86.46,85.31,85.60,14615210
2024-08-14,86.01,86.54,85.56,86.30,9475119
2024-08-15,87.25,88.92,87.21,88.79,12400990
2024-08-16,88.96,89.67,88.34,89.30,10277740
2024-08-19,89.41,90.95,89.41,90.82,9723589
2024-08-20,90.39,90.67,89.31,89.74,8863436
2024-08-21,90.22,90.78,89.43,90.72,7637566
2024-08-22,90.99,91.38,89.69,89.92,7613030
2024-08-23,90.15,90.75,89.68,90.56,7369239
2024-08-26,90.92,91.80,90.92,91.78,8043757
2024-08-27,91.43,91.72,90.75,90.90,7237353
2024-08-28,90.33,90.62,88.76,89.49,8569690
2024-08-29,90.45,90.70,89.63,89.81,6181750
2024-08-30,89.98,90.45,89.40,90.38,8403632
2024-09-03,89.61,90.49,88.53,89.13,8465469
2024-09-04,88.95,90.02,88.82,89.25,6317221
2024-09-05,89.67,89.67,88.34,88.65,6234114
2024-09-06,88.45,89.09,87.72,87.94,7791503
2024-09-09,88.22,88.89,87.81,88.34,8750247
2024-09-10,88.33,88.89,87.98,88.40,6858313
2024-09-11,88.05,88.43,86.59,88.32,10779000
2024-09-12,88.22,89.33,88.18,89.30,7181709
2024-09-13,89.45,90.72,89.39,90.55,7084239
2024-09-16,91.10,92.37,90.95,91.85,9028572
2024-09-17,92.37,93.25,92.17,92.86,8193075
2024-09-18,93.52,94.07,92.69,93.58,10289770
2024-09-19,94.82,95.29,93.32,93.45,10912450
2024-09-20,93.20,94.01,92.82,93.75,19251540
2024-09-23,93.69,93.70,92.16,92.97,7338661
2024-09-24,93.34,93.79,92.46,93.69,7860272
2024-09-25,93.64,94.44,93.35,93.92,8408242
2024-09-26,94.46,95.78,94.17,95.20,10061550
2024-09-27,95.48,96.90,95.28,96.01,10155420
2024-09-30,96.85,97.57,95.44,96.19,7988690
2024-10-01,95.19,95.85,93.32,94.05,10099230
2024-10-02,93.59,94.58,93.59,94.15,6144176
2024-10-03,93.61,94.09,93.13,93.63,6180349
2024-10-04,94.30,95.34,93.89,95.15,6317333
2024-10-07,95.09,95.14,91.76,92.39,11043610
2024-10-08,92.52,93.74,91.69,92.51,10209060
2024-10-09,91.86,94.01,91.46,93.60,8654470
2024-10-10,93.72,93.88,92.69,92.99,6698039
2024-10-11,92.85,94.61,92.80,94.13,8089133
2024-10-14,94.18,95.19,93.80,94.97,6261964
2024-10-15,95.25,95.65,93.68,94.22,6535756
2024-10-16,93.73,96.79,93.63,96.75,9936286
2024-10-17,96.93,97.33,95.61,96.54,9542501
2024-10-18,97.01,97.54,96.05,97.28,8609692
2024-10-21,97.20,97.45,95.95,96.62,8189949
2024-10-22,96.20,97.25,96.20,96.74,5344307
2024-10-23,96.93,97.14,95.98,96.24,5388501
2024-10-24,96.60,96.80,95.25,95.40,5015263
2024-10-25,95.81,96.85,95.01,95.03,6638148
2024-10-28,95.22,96.69,95.21,96.20,8146379
2024-10-29,96.26,96.62,95.67,96.13,6834439
2024-10-30,95.70,96.71,94.94,95.08,7718201
2024-10-31,95.27,96.63,95.00,96.20,8147709
2024-11-01,95.70,96.39,94.83,95.81,7944869
2024-11-04,95.83,96.02,95.03,95.79,6088036
2024-11-05,95.60,96.67,95.25,96.63,6561725
2024-11-06,98.21,99.55,98.21,98.89,11325090
2024-11-07,98.78,99.52,98.13,98.93,7805138
2024-11-08,98.73,99.26,97.61,99.02,7982113
2024-11-11,99.00,100.90,99.00,100.86,9137854
2024-11-12,100.55,101.29,99.50,100.99,9366216
2024-11-13,100.78,103.20,100.35,102.72,17701280
2024-11-14,110.33,114.81,108.40,109.12,47436050
2024-11-15,110.25,115.19,110.25,115.08,32048030
2024-11-18,113.33,115.44,112.89,113.54,14236560
2024-11-19,112.05,112.50,110.82,112.42,12166780
2024-11-20,112.26,114.37,111.47,114.26,9319270
2024-11-21,114.15,116.25,113.83,114.72,10260980
2024-11-22,113.85,116.34,113.60,115.65,10098040
2024-11-25,115.68,116.58,114.93,116.00,10397810
2024-11-26,116.00,116.42,115.44,115.45,6808149
2024-11-27,115.44,118.20,115.44,117.60,8142388
2024-11-29,117.25,117.74,116.73,117.47,5095150
2024-12-02,117.78,118.63,116.55,117.16,8390465
2024-12-03,117.00,117.23,115.45,116.45,9193973
2024-12-04,115.97,117.29,115.84,116.99,7996244
2024-12-05,116.55,117.27,116.06,116.50,9823556
2024-12-06,116.55,117.26,116.22,116.73,6677906
2024-12-09,116.39,117.18,113.91,114.61,8666121
2024-12-10,114.65,114.95,113.72,114.73,7526428
2024-12-11,114.64,115.05,113.98,114.61,6426831
2024-12-12,114.70,115.01,114.16,114.90,5285116
2024-12-13,114.32,114.96,113.30,113.34,6864475
2024-12-16,113.00,113.07,111.73,112.11,10528530
2024-12-17,111.03,114.04,110.80,113.02,12238620
2024-12-18,113.34,116.12,111.24,111.35,12292780
2024-12-19,111.66,112.91,111.25,111.37,9468516
2024-12-20,110.61,112.97,110.43,112.03,17955330
2024-12-23,111.61,111.85,110.31,111.40,6037212
2024-12-24,111.25,112.74,111.19,112.56,2474994
2024-12-26,112.12,113.32,111.86,112.55,4782814
2024-12-27,111.82,112.12,110.86,111.55,4523820
2024-12-30,110.42,111.54,109.83,110.80,5716337
2024-12-31,110.78,111.59,110.67,111.35,4757538
2025-01-02,111.70,112.20,110.17,110.82,5688086
2025-01-03,111.37,111.53,110.18,111.16,5394318
2025-01-06,111.47,112.85,110.87,111.05,6274419
2025-01-07,112.15,113.74,111.29,111.39,7878807
2025-01-08,111.00,111.11,108.64,109.76,7805312
2025-01-10,110.00,110.54,107.62,108.65,8835518
2025-01-13,107.93,108.61,106.72,108.08,6690232
2025-01-14,108.68,108.96,107.61,108.12,5501600
2025-01-15,109.17,109.60,107.99,108.18,6296861
2025-01-16,108.29,108.60,106.16,106.46,7872767
2025-01-17,106.83,107.74,106.54,107.02,7144263
2025-01-21,107.10,109.45,106.80,108.70,8643694
2025-01-22,109.55,109.55,108.23,108.81,8781705
2025-01-23,108.50,111.07,108.49,111.04,7608265
2025-01-24,111.16,113.39,110.63,112.16,8304478
2025-01-27,111.68,114.08,111.46,113.34,10176940
2025-01-28,112.84,112.96,111.56,112.14,6516763
2025-01-29,113.50,114.38,112.76,113.19,7607068
2025-01-30,114.08,115.18,113.12,113.43,6236187
2025-01-31,113.30,114.01,112.76,113.06,7797690
2025-02-03,111.35,114.60,110.86,114.00,8870666
2025-02-04,113.80,114.66,112.51,113.30,13521150
2025-02-05,115.70,118.59,110.23,110.54,23309980
2025-02-06,111.88,112.68,109.15,112.09,12470790
2025-02-07,111.61,112.55,110.81,110.86,8669320
2025-02-10,111.14,111.38,108.69,109.28,8239512
2025-02-11,108.38,109.05,107.69,109.02,7456717
2025-02-12,108.25,109.53,107.75,109.23,6521246
2025-02-13,108.92,109.76,108.56,109.59,6553224
2025-02-14,109.86,110.51,109.59,110.38,5964541
2025-02-18,109.78,109.92,108.71,109.56,8362898
2025-02-19,109.14,111.76,109.14,111.35,8452114
2025-02-20,111.24,111.52,109.38,110.55,5970106
2025-02-21,111.00,111.76,107.92,108.66,9082075
2025-02-24,108.84,111.56,108.65,111.20,7093298
2025-02-25,111.43,111.90,109.07,110.53,7288975
2025-02-26,110.06,113.25,110.06,111.83,7831584
2025-02-27,112.32,113.12,111.06,111.31,7854650
2025-02-28,111.46,113.99,111.00,113.80,14609400
2025-03-03,114.07,115.55,112.00,112.79,7884746
2025-03-04,111.70,112.25,108.27,109.01,12658020
2025-03-05,109.34,110.94,108.22,109.31,9956143
2025-03-06,108.38,108.83,105.02,105.43,11618750
2025-03-07,105.00,105.77,103.31,105.51,12715900
2025-03-10,104.43,104.80,102.11,103.08,10947070
2025-03-11,99.79,101.04,97.45,97.90,16906010
2025-03-12,98.68,99.49,96.38,98.76,11891790
2025-03-13,97.77,98.65,95.92,96.87,11059480
2025-03-14,97.44,99.10,97.42,98.64,10199760
2025-03-17,98.74,100.12,98.66,99.36,8332119
2025-03-18,99.27,99.72,98.47,99.35,6727404
2025-03-19,99.66,100.96,99.47,100.29,8614622
2025-03-20,99.57,100.05,98.64,98.86,7836515
2025-03-21,98.38,99.89,97.75,99.46,15089870
2025-03-24,100.22,100.44,98.86,100.18,8224405
2025-03-25,100.65,101.76,100.41,101.61,7365249
2025-03-26,101.70,102.27,100.26,100.78,6316413
2025-03-27,100.71,101.03,99.58,100.45,6598776
2025-03-28,100.05,100.39,97.74,98.07,7679702
2025-03-31,96.83,98.85,95.70,98.70,10554040
2025-04-01,98.32,98.59,96.84,97.68,8762675
2025-04-02,96.61,98.31,96.45,97.88,7959946
2025-04-03,94.51,94.78,88.61,88.84,19353390
2025-04-04,86.00,87.54,83.08,83.53,22580890
2025-04-07,80.99,86.63,80.10,83.30,20455990
2025-04-08,85.95,86.95,80.85,81.72,14845640
2025-04-09,81.29,92.25,81.19,91.44,24970930
2025-04-10,88.92,89.01,83.07,85.23,16376960
2025-04-11,85.11,85.67,83.35,84.89,10204360
2025-04-14,85.83,86.45,84.03,84.66,10841310
2025-04-15,84.75,85.98,84.52,85.01,7840454
2025-04-16,84.28,84.80,82.01,82.77,10144290
2025-04-17,83.37,85.78,83.36,84.81,14810890
2025-04-21,84.91,85.23,82.98,84.00,14166830
2025-04-22,85.01,86.56,84.60,86.09,9578470
2025-04-23,89.03,89.87,87.03,87.29,12089120
2025-04-24,87.45,90.24,86.77,90.01,10309950
2025-04-25,90.07,90.34,89.07,90.28,7749630
2025-04-28,90.45,91.36,89.64,90.16,8491785
2025-04-29,89.83,91.66,89.76,91.17,6359924
2025-04-30,89.89,91.19,88.56,90.95,8474834
2025-05-01,91.27,91.61,90.36,90.81,7790638
2025-05-02,91.84,93.19,91.84,92.49,7594041
2025-05-05,89.70,93.08,89.61,92.11,10231010
2025-05-06,91.20,92.74,91.00,92.17,11839410
2025-05-07,102.42,103.31,100.14,102.09,36174940
2025-05-08,103.97,106.19,103.86,105.12,19265440
2025-05-09,105.25,106.19,104.76,105.94,10438190
2025-05-12,109.87,110.94,108.66,110.49,18366640
2025-05-13,110.25,112.20,110.15,111.38,14076720
2025-05-14,111.38,113.41,110.83,112.94,15352210
2025-05-15,112.23,112.85,111.58,112.22,8322383
2025-05-16,111.92,113.44,111.42,113.42,10961000
2025-05-19,112.12,112.99,111.90,112.66,7209681
2025-05-20,112.44,113.40,111.81,112.36,6433281
2025-05-21,111.69,112.48,110.13,110.46,10150620
2025-05-22,109.97,111.80,109.97,111.13,7903694
2025-05-23,109.60,110.34,108.78,109.72,8086103
2025-05-27,111.03,112.89,110.15,112.36,10201110
2025-05-28,112.20,112.47,111.17,111.52,5787948
2025-05-29,112.01,112.26,110.52,112.02,9683748
2025-05-30,112.00,113.35,111.37,113.04,12881060
2025-06-02,112.68,113.60,112.25,112.95,7546839
2025-06-03,112.72,114.69,112.52,113.60,9738804
2025-06-04,113.86,114.05,112.98,113.49,5614893
2025-06-05,113.73,114.34,111.84,112.53,8550153
2025-06-06,113.36,114.22,113.21,113.90,5790664
2025-06-09,113.98,116.11,113.98,115.66,7960389
2025-06-10,115.53,120.50,115.53,118.73,18948440
2025-06-11,118.38,119.55,117.65,119.52,10439190
2025-06-12,118.87,119.39,117.66,118.61,7980313
2025-06-13,117.31,118.32,117.30,117.94,13204930
2025-06-16,118.02,120.34,117.87,119.48,9592056
2025-06-17,118.99,119.33,117.64,118.13,9241183
2025-06-18,117.88,118.75,116.84,117.86,8181181
2025-06-20,118.25,119.05,116.90,117.63,17180440
2025-06-23,116.66,117.99,115.02,117.75,8347998
2025-06-24,117.75,119.08,117.75,118.65,8350221
2025-06-25,118.77,119.72,118.63,119.42,6976323
2025-06-26,119.98,121.67,119.68,121.46,10439600
2025-06-27,121.85,122.94,121.48,122.34,13435550
2025-06-30,124.31,124.69,123.18,124.01,13456210
2025-07-01,123.50,123.75,122.45,123.49,9815654
2025-07-02,123.31,123.70,122.53,122.98,7317075
2025-07-03,123.06,124.24,122.90,124.00,4252305
2025-07-07,123.21,124.61,122.58,123.16,7023455
2025-07-08,123.22,123.71,121.82,121.82,6622889
2025-07-09,121.83,122.35,120.61,120.61,6724923
2025-07-10,120.62,121.95,120.62,121.56,6893444
2025-07-11,120.64,121.23,119.73,119.87,6112433
2025-07-14,119.78,120.50,119.60,119.97,6853279
2025-07-15,120.23,120.23,118.88,118.98,7943647
2025-07-16,119.36,120.57,118.88,119.82,6747531
2025-07-17,119.75,122.39,119.75,122.21,9933689
2025-07-18,121.97,122.16,120.29,121.42,9486785
2025-07-21,121.07,121.97,120.78,120.84,6392470
2025-07-22,120.75,121.43,120.56,121.06,5614473
2025-07-23,121.52,123.18,121.50,122.94,8258934
2025-07-24,122.85,123.40,121.81,121.95,6702242
2025-07-25,122.25,122.45,120.87,121.47,5656575
2025-07-28,121.03,121.40,119.89,120.37,6042152
2025-07-29,120.58,120.81,119.36,119.91,6283748
2025-07-30,119.95,120.50,119.17,119.54,5281457
2025-07-31,119.45,119.91,118.58,119.11,7235003
2025-08-01,117.58,117.89,115.57,116.59,8637815
2025-08-04,117.72,119.52,117.72,119.35,8845043
2025-08-05,119.25,119.57,117.33,118.32,15365680
2025-08-06,115.78,116.12,112.20,115.17,22153700
2025-08-07,115.75,116.40,111.82,112.88,15484440
2025-08-08,113.30,114.29,112.02,112.43,9490971
2025-08-11,112.91,113.15,111.54,112.55,8532602
2025-08-12,113.31,114.40,112.49,113.72,7275374
2025-08-13,114.23,117.23,114.15,116.64,9025741
2025-08-14,115.48,116.71,114.62,116.31,6800884
2025-08-15,116.57,116.84,115.19,115.39,6768603
2025-08-18,115.19,117.00,115.16,116.55,5798370
2025-08-19,116.50,116.99,115.72,116.27,5913959
2025-08-20,116.08,117.89,116.00,117.04,7046680
2025-08-21,116.57,116.66,115.53,116.21,6337059
2025-08-22,117.58,119.78,117.12,118.86,7161725
2025-08-25,118.49,119.05,117.70,117.71,5424937
2025-08-26,117.43,118.38,117.16,117.65,5787377
2025-08-27,117.53,118.46,117.29,118.09,4377994
2025-08-28,118.10,118.37,116.61,117.64,5687698
2025-08-29,117.39,118.64,117.25,118.38,5212602
2025-09-02,117.02,118.28,116.00,118.27,6015871
2025-09-03,117.83,118.62,116.35,117.38,6288650
2025-09-04,117.08,119.67,116.76,118.81,6949291
2025-09-05,118.91,119.78,117.70,117.91,6669126
2025-09-08,117.96,118.88,116.74,118.84,6450670
2025-09-09,118.53,119.05,117.22,117.37,5444265
2025-09-10,116.85,117.51,114.50,115.79,7484866
2025-09-11,115.45,117.17,114.63,117.08,8399064
2025-09-12,116.26,117.01,115.10,115.96,7640875
2025-09-15,116.11,116.75,115.00,115.62,7150935
2025-09-16,115.45,115.85,114.71,115.23,6844852
2025-09-17,115.24,116.66,115.22,116.10,7333899
2025-09-18,115.33,115.78,114.05,114.86,9460509
2025-09-19,114.60,114.60,111.93,113.76,23398420
2025-09-22,111.76,113.63,111.52,112.56,15479830
2025-09-23,112.72,113.62,111.60,112.25,13145050
2025-09-24,112.41,114.15,112.20,113.43,8755235
2025-09-25,112.71,114.05,112.65,112.99,6365502
2025-09-26,113.13,113.57,112.76,113.47,6145725
2025-09-29,113.47,115.01,113.33,114.78,9304136
2025-09-30,114.53,114.88,113.33,114.50,9303666
2025-10-01,114.08,116.06,112.79,112.95,9736341
2025-10-02,112.97,113.17,110.78,112.14,8695136
2025-10-03,112.03,113.57,111.56,112.47,7148378
2025-10-06,112.69,113.11,111.45,112.75,6141223
2025-10-07,112.63,113.40,111.80,112.53,5409754
2025-10-08,112.81,113.20,111.65,111.89,7074442
2025-10-09,111.82,113.00,110.88,110.99,6502403
2025-10-10,111.53,112.68,109.11,109.19,9635211
2025-10-13,110.39,110.96,109.38,110.27,7435054
2025-10-14,109.65,111.84,109.20,111.17,7897966
2025-10-15,111.47,112.67,111.14,111.71,7012557
2025-10-16,111.79,112.08,108.51,109.88,7531191
2025-10-17,109.74,111.46,109.44,110.67,10090540
2025-10-20,111.03,112.25,110.60,111.96,8047473
2025-10-21,112.25,114.54,112.04,114.30,8163164
2025-10-22,114.00,114.28,112.98,113.08,7569242
2025-10-23,113.17,113.83,111.90,113.03,6945407
2025-10-24,113.23,113.65,111.59,111.68,6235183
2025-10-27,111.94,112.60,111.31,112.34,6029584
2025-10-28,111.91,112.48,111.46,111.65,6839375
2025-10-29,111.18,111.53,110.01,110.24,7097056
2025-10-30,110.13,113.58,109.55,111.84,8311279
2025-10-31,111.58,113.10,110.53,112.62,8700619
2025-11-03,112.55,112.81,111.03,112.12,8542271
2025-11-04,110.97,111.78,110.64,111.47,7950075
2025-11-05,111.35,111.97,110.60,111.36,5746038
2025-11-06,111.17,111.71,109.18,110.49,10291780
2025-11-07,110.25,111.42,110.04,110.74,8782121
2025-11-10,111.14,112.79,111.03,112.24,9158709
2025-11-11,112.65,114.97,112.42,114.85,9713347
2025-11-12,114.57,117.09,114.39,116.65,15248740
2025-11-13,108.89,109.36,104.91,107.61,44045360
2025-11-14,107.52,108.73,105.30,105.80,16691360
2025-11-17,105.75,107.67,105.12,105.69,12296420
2025-11-18,105.10,107.08,105.00,106.28,11796190
2025-11-19,106.08,107.59,104.08,104.67,12790000
2025-11-20,105.37,105.80,102.50,102.70,12609880
2025-11-21,103.48,104.78,102.69,104.28,10785420
2025-11-24,104.08,104.33,101.89,101.94,15024850
2025-11-25,102.49,103.92,102.00,103.31,10574460
2025-11-26,103.31,104.25,102.88,103.43,10130220
2025-11-28,103.30,104.74,103.24,104.47,6525548
2025-12-01,104.92,106.83,104.47,106.77,12628910
2025-12-02,106.53,106.57,104.82,104.83,8548213
2025-12-03,104.90,105.85,104.47,105.74,10177760
2025-12-04,105.84,106.22,104.51,105.47,11471410
2025-12-05,105.18,106.17,104.56,105.30,10680060
2025-12-08,105.30,108.05,104.83,107.63,13727700
2025-12-09,107.59,107.75,106.55,107.02,8549401
2025-12-10,107.12,109.67,106.58,108.83,11237890
2025-12-11,109.20,111.56,109.11,111.46,13281380
2025-12-12,111.73,113.34,111.15,111.60,13059070
2025-12-15,110.70,111.55,108.55,110.49,14317990
2025-12-16,111.22,112.85,110.86,111.62,15580200
2025-12-17,111.06,112.13,110.45,110.63,12142520
2025-12-18,110.53,112.80,110.42,111.87,12913870
2025-12-19,112.32,113.48,110.92,111.24,21138380
2025-12-22,111.41,112.80,111.15,112.38,8803331
2025-12-23,112.29,113.31,112.04,113.22,7634453
2025-12-24,112.94,114.53,112.80,114.48,4606746
2025-12-26,114.15,114.74,113.27,113.56,5428886
2025-12-29,113.31,114.49,113.31,114.19,7966017
2025-12-30,114.10,115.28,114.10,114.79,6883851
2025-12-31,114.77,114.89,113.55,113.77,6607973
2026-01-02,113.44,113.44,111.62,111.85,8906211
2026-01-05,111.42,116.03,111.38,114.07,12028970
2026-01-06,113.78,114.76,113.11,114.57,7388341
2026-01-07,114.46,114.97,112.51,112.91,8296293
2026-01-08,112.55,114.99,112.55,114.17,9778203
2026-01-09,114.31,115.98,113.90,115.88,8935207
2026-01-12,114.63,114.94,112.55,112.82,10833810
2026-01-13,112.84,113.22,111.61,112.98,8945659
2026-01-14,112.81,113.59,112.26,113.53,8951292
2026-01-15,113.71,114.11,112.17,113.41,7958518
2026-01-16,113.20,113.85,111.12,111.20,12049610
2026-01-20,109.66,111.09,108.80,110.34,9818195
2026-01-21,110.57,113.25,110.50,113.19,10041420
2026-01-22,113.17,114.29,112.17,113.21,12437710
2026-01-23,112.69,112.95,110.55,110.98,10819750
2026-01-26,111.68,112.41,111.13,111.31,8859849
2026-01-27,111.50,111.80,110.03,110.61,8956915
2026-01-28,110.28,111.43,109.00,109.56,9016629
2026-01-29,109.63,111.67,108.76,111.58,11078960
2026-01-30,111.36,112.94,110.99,112.80,17895220
2026-02-02,104.01,108.61,103.75,104.45,37778500
2026-02-03,104.78,104.99,102.34,104.22,24827090
2026-02-04,104.20,108.60,103.63,107.05,19070370
2026-02-05,107.05,108.33,104.81,104.97,11859530
2026-02-06,106.13,108.96,105.37,108.70,12105610
2026-02-09,108.69,108.92,106.77,107.13,10515410
2026-02-10,107.60,111.11,107.60,109.96,9815529
2026-02-11,108.93,109.87,107.80,108.12,9374912
2026-02-12,107.93,108.16,101.02,102.38,25319620
2026-02-13,101.40,105.52,101.20,105.45,12845330
2026-02-17,106.57,107.28,104.37,105.44,10467370
2026-02-18,105.96,107.73,105.81,107.10,8791935
2026-02-19,107.11,107.77,105.45,106.00,7492923
2026-02-20,105.61,106.19,104.65,105.58,9043632
2026-02-23,104.98,105.19,102.96,104.41,10626490
2026-02-24,104.45,107.23,103.98,106.05,13594760
2026-02-25,106.00,106.72,104.51,105.05,8556478
2026-02-26,105.47,106.77,105.31,105.55,9578521
2026-02-27,104.78,106.34,103.93,106.04,13954010
2026-03-02,104.61,104.61,102.86,104.33,14178580
2026-03-03,102.84,104.31,102.15,103.30,13608360
2026-03-04,103.17,103.83,102.64,103.04,9672313
2026-03-05,103.10,104.55,101.59,102.41,11761030
2026-03-06,101.39,101.81,99.95,101.54,10448620
2026-03-09,100.55,101.87,98.45,101.66,11715050
2026-03-10,101.75,102.24,100.24,101.32,7833149
2026-03-11,101.40,101.89,100.40,100.89,8161816
2026-03-12,100.10,100.88,99.37,99.43,10309390
2026-03-13,99.83,100.77,99.16,99.29,9551465
2026-03-16,99.47,99.69,98.46,98.66,11578530
2026-03-17,99.17,100.71,99.02,100.30,11785560
2026-03-18,99.84,101.02,99.00,99.42,12615140
2026-03-19,99.03,100.78,98.44,99.20,14793760
2026-03-20,99.01,100.03,98.39,99.51,27544220
2026-03-23,100.22,100.60,97.86,97.95,11373010
2026-03-24,97.74,98.05,96.25,96.39,9155717
2026-03-25,96.82,97.18,95.06,95.95,8467460
2026-03-26,95.12,96.40,94.58,94.75,8548801
2026-03-27,94.19,94.19,92.19,92.42,12475880
2026-03-30,92.89,95.19,92.89,94.32,10592640
2026-03-31,95.34,96.89,94.19,96.38,11180160
2026-04-01,97.25,98.36,96.49,96.56,8518600
2026-04-02,96.00,97.17,95.09,96.61,6379090
2026-04-06,96.50,97.16,96.12,96.28,5882227
2026-04-07,95.80,96.78,95.33,95.78,7913016
2026-04-08,98.10,99.19,97.69,99.18,10820970
2026-04-09,98.66,100.22,97.67,99.79,8918282
2026-04-10,99.84,100.16,98.81,99.17,6359602
2026-04-13,98.53,101.27,98.53,101.18,6790349
2026-04-14,101.34,103.10,100.90,102.59,9997361
2026-04-15,102.60,103.38,101.79,103.04,7035321
2026-04-16,103.62,104.53,102.78,103.90,8145920
2026-04-17,104.69,106.33,104.69,106.29,10506160
2026-04-20,105.91,107.11,105.91,106.30,6423418
2026-04-21,106.19,106.88,103.97,104.29,7784483
2026-04-22,105.03,106.28,104.23,104.82,6886600
2026-04-23,104.94,105.20,102.55,103.65,6146952
2026-04-24,103.59,103.64,101.97,102.60,5974471
2026-04-27,102.62,103.81,102.06,102.35,6524285
2026-04-28,102.66,103.29,100.61,101.47,6409294
2026-04-29,100.94,101.48,100.60,101.30,5533717
2026-04-30,100.91,104.12,100.42,103.75,9203503
2026-05-01,104.40,104.83,102.97,103.08,5956945
2026-05-04,102.74,103.05,101.27,101.31,8400068
2026-05-05,101.53,101.73,100.06,100.48,14314680
2026-05-06,106.52,109.14,105.31,108.06,23219530
2026-05-07,109.05,110.48,107.09,108.66,14309210
2026-05-08,109.03,109.21,107.54,108.02,8369970
2026-05-11,108.00,108.39,104.38,104.72,10562320
2026-05-12,104.99,106.27,104.22,106.16,8178525
2026-05-13,105.35,105.88,103.86,104.90,7605943
2026-05-14,105.54,106.29,104.84,105.42,6144555
2026-05-15,105.03,105.42,102.30,102.72,9258603
2026-05-18,102.69,104.70,102.55,103.91,9037187
2026-05-19,103.71,103.93,101.97,102.29,7032570
2026-05-20,102.91,104.86,101.60,104.08,7941447
2026-05-21,103.61,104.62,102.58,103.58,8611206
2026-05-22,104.04,104.50,102.98,103.00,5700791
2026-05-26,103.10,103.80,102.34,103.28,6717873
2026-05-27,103.30,105.25,103.26,104.18,7362127
2026-05-28,103.81,104.41,103.10,103.73,6514066
2026-05-29,103.63,103.76,101.83,101.83,13340320
2026-06-01,101.66,103.00,100.30,102.85,8218974
2026-06-02,102.34,102.49,100.09,101.41,8397356
2026-06-03,100.44,101.27,99.25,99.39,7471644
2026-06-04,100.54,101.47,99.01,99.34,9568022
2026-06-05,99.68,100.20,99.09,99.71,9501571
2026-06-08,99.52,99.83,98.41,98.87,7559159
2026-06-09,99.05,100.09,98.51,99.33,8616301
2026-06-10,99.49,99.75,97.95,98.61,7041376
2026-06-11,98.83,100.74,98.10,100.34,9264363
2026-06-12,101.06,101.77,99.53,100.04,8257240
2026-06-15,100.88,102.40,100.59,101.69,10265100
2026-06-16,101.43,101.93,100.05,101.28,10694560
2026-06-17,100.67,102.36,100.44,100.86,11168740
2026-06-18,101.80,104.22,100.80,103.89,22943610
2026-06-22,103.41,104.31,101.51,102.45,17396270
2026-06-23,102.02,104.04,101.80,103.53,14457420
2026-06-24,103.10,104.53,101.04,101.12,12215540
2026-06-25,101.11,101.58,97.99,98.05,12066380
2026-06-26,98.05,99.45,97.90,98.79,13921360
2026-06-29,99.71,100.03,98.50,98.63,10418070
2026-06-30,97.41,97.60,95.99,96.25,12717810
2026-07-01,96.55,97.76,95.65,95.71,11590420
2026-07-02,96.40,99.52,95.77,99.50,11308070
2026-07-06,98.85,99.44,97.02,97.41,10171870
2026-07-07,98.14,99.03,96.92,97.48,9936369
2026-07-08,97.30,97.66,96.64,96.70,8720822
2026-07-09,96.34,96.55,94.78,96.17,11448120
2026-07-10,96.89,97.05,95.52,95.62,10678890
2026-07-13,96.10,97.54,95.83,96.00,9304173
2026-07-14,95.51,96.69,95.13,95.87,7651562
2026-07-15,96.10,97.90,96.10,97.15,10219180
2026-07-16,97.28,99.84,97.28,99.71,7480013
2026-07-17,99.00,99.79,97.05,97.67,10496510
2026-07-20,97.85,98.39,96.00,96.41,9861720
2026-07-21,96.00,96.89,95.84,96.14,9745415
2026-07-22,97.12,97.30,95.64,95.87,9119247
2026-07-23,94.81,94.82,92.49,92.83,13562490
2026-07-24,93.26,96.29,93.00,94.85,12153050
2026-07-27,95.51,97.19,95.51,96.65,10595410
2026-07-28,97.00,99.23,96.97,98.89,11395090
2026-07-29,98.34,99.41,97.99,98.48,11070140
2026-07-30,97.41,97.48,94.46,96.16,21112370
2026-07-31,96.08,96.59,95.60,96.19,11193030
2026-08-03,97.62,99.05,97.21,98.14,11480310
2026-08-04,97.87,98.57,97.38,98.18,16796760
2026-08-05,101.99,103.21,99.69,101.76,20809010
2026-08-06,102.54,104.73,102.52,104.68,14047180
2026-08-07,104.42,105.25,103.70,104.91,10929700
2026-08-10,104.61,104.80,102.80,103.18,8631939
2026-08-11,102.95,104.08,102.79,103.53,6781574
2026-08-12,103.29,103.68,102.03,103.22,6717517
2026-08-13,103.80,104.94,103.46,104.80,7099963
2026-08-14,104.99,107.11,104.91,106.85,8176896
2026-08-17,106.33,106.64,103.46,103.50,7635031
2026-08-18,104.19,105.21,103.62,103.95,6149934
2026-08-19,104.06,107.06,103.96,106.93,8046144
2026-08-20,106.88,108.69,106.42,107.32,7971488
2026-08-21,107.57,108.41,106.97,107.78,6840800
2026-08-24,108.39,111.87,108.08,110.61,12662630
2026-08-25,110.50,111.59,109.76,111.25,6748597
2026-08-26,111.30,111.52,109.45,109.63,8528613
2026-08-27,108.78,108.87,106.74,106.82,8704359
2026-08-28,107.25,108.19,107.03,108.10,5467425
2026-08-31,107.78,108.09,106.97,107.55,8731191
2026-09-01,107.24,108.95,106.14,106.22,7034768
2026-09-02,106.71,108.99,106.33,107.98,7556681
2026-09-03,108.62,109.20,106.90,107.16,6242524
2026-09-04,106.49,106.88,105.17,105.31,6112016
2026-09-08,104.68,105.11,103.71,105.06,7397791
2026-09-09,104.45,104.93,102.99,104.18,7042559
2026-09-10,103.69,106.12,103.57,105.82,7609754
2026-09-11,106.74,107.36,105.64,106.55,7257809
2026-09-14,107.09,109.42,107.09,108.59,7172192
2026-09-15,108.11,108.31,105.92,106.42,8919501
