date,open,high,low,close,volume
2016-09-15,36.40,36.85,36.24,36.76,87633190
2016-09-16,36.46,36.56,36.17,36.51,92611650
2016-09-19,36.97,37.10,36.74,36.80,55847730
2016-09-20,37.09,37.09,36.81,36.82,48531170
2016-09-21,37.18,37.90,37.06,37.85,123872900
2016-09-22,38.18,38.31,37.98,38.12,73863890
2016-09-23,37.81,37.91,37.61,37.63,55395340
2016-09-26,37.29,37.38,37.08,37.08,47249420
2016-09-27,37.35,37.61,37.19,37.61,60877240
2016-09-28,37.67,37.98,37.33,37.95,82411260
2016-09-29,37.75,37.85,37.18,37.29,74658450
2016-09-30,37.45,37.59,37.28,37.45,84149150
2016-10-03,37.53,37.78,37.38,37.71,77690290
2016-10-04,37.73,37.81,37.16,37.29,95339790
2016-10-05,37.67,37.88,37.55,37.83,61950140
2016-10-06,37.63,37.89,37.54,37.86,45412110
2016-10-07,37.91,37.96,37.40,37.69,76909130
2016-10-10,37.94,38.19,37.88,38.10,56113400
2016-10-11,37.44,37.46,37.03,37.22,79646700
2016-10-12,37.10,37.28,36.98,37.15,48482940
2016-10-13,36.58,36.96,36.38,36.82,67497160
2016-10-14,37.13,37.21,36.81,36.88,54235810
2016-10-17,36.83,36.98,36.80,36.84,37742250
2016-10-18,37.47,37.56,37.34,37.49,50174860
2016-10-19,37.67,37.80,37.53,37.72,49171180
2016-10-20,37.59,37.77,37.47,37.61,55283920
2016-10-21,37.39,37.63,37.34,37.60,33058480
2016-10-24,37.90,37.93,37.66,37.76,28142240
2016-10-25,37.73,37.87,37.67,37.80,32233890
2016-10-26,37.38,37.58,37.28,37.40,50715460
2016-10-27,37.43,37.43,37.05,37.08,47286970
2016-10-28,37.12,37.28,36.75,36.93,69557910
2016-10-31,37.10,37.27,37.05,37.14,60223100
2016-11-01,37.28,37.29,36.55,36.84,90112670
2016-11-02,36.70,36.80,36.23,36.40,82318750
2016-11-03,36.44,36.55,36.17,36.30,67400000
2016-11-04,36.01,36.18,35.88,35.93,78505780
2016-11-07,36.80,37.27,36.75,37.23,85294060
2016-11-08,37.06,37.67,36.97,37.47,83961300
2016-11-09,36.34,36.69,36.09,36.25,193275800
2016-11-10,35.92,36.05,35.04,35.22,206182300
2016-11-11,34.55,34.84,34.12,34.55,182113700
2016-11-14,34.32,34.50,34.03,34.30,107879700
2016-11-15,34.57,35.05,34.55,34.99,88279200
2016-11-16,34.58,34.79,34.52,34.70,65381350
2016-11-17,34.82,35.02,34.69,34.75,80828680
2016-11-18,34.82,34.89,34.57,34.59,51490540
2016-11-21,34.90,35.03,34.83,34.93,45251730
2016-11-22,35.44,35.48,35.20,35.46,61501780
2016-11-23,34.96,35.13,34.88,35.08,43495180
2016-11-25,35.28,35.31,35.20,35.25,28572720
2016-11-28,35.39,35.53,35.34,35.39,50952160
2016-11-29,35.28,35.55,35.24,35.44,36456790
2016-11-30,35.60,35.65,35.48,35.50,86199270
2016-12-01,35.40,35.48,35.07,35.08,80895610
2016-12-02,35.08,35.29,35.06,35.12,58721960
2016-12-05,35.29,35.44,35.27,35.41,53273510
2016-12-06,35.52,35.61,35.43,35.60,48356890
2016-12-07,35.82,36.24,35.76,36.20,61773190
2016-12-08,36.10,36.41,36.08,36.36,60291730
2016-12-09,36.14,36.28,36.07,36.17,60173350
2016-12-12,35.97,36.10,35.83,35.93,40765320
2016-12-13,36.14,36.41,36.13,36.33,48943060
2016-12-14,36.04,36.17,35.24,35.25,95187470
2016-12-15,35.27,35.45,35.17,35.31,68896950
2016-12-16,35.23,35.34,35.05,35.15,75465950
2016-12-19,35.17,35.18,34.91,34.91,44955420
2016-12-20,35.01,35.09,34.94,35.03,38730890
2016-12-21,34.69,34.70,34.46,34.49,51888280
2016-12-22,34.12,34.14,33.94,34.08,48802270
2016-12-23,34.11,34.28,34.08,34.28,32062610
2016-12-27,34.36,34.47,34.35,34.43,25959880
2016-12-28,34.72,34.76,34.60,34.69,33745610
2016-12-29,35.04,35.30,35.02,35.26,48465180
2016-12-30,35.25,35.27,34.91,35.01,60136800
2017-01-03,35.39,35.65,35.30,35.43,64485140
2017-01-04,35.63,35.77,35.61,35.70,83072520
2017-01-05,35.96,36.15,35.94,36.09,60303200
2017-01-06,35.97,36.00,35.84,35.94,33129670
2017-01-09,35.92,36.00,35.87,35.91,33950790
2017-01-10,36.13,36.32,36.10,36.12,46613680
2017-01-11,36.19,36.58,36.05,36.55,92506210
2017-01-12,36.70,36.71,36.52,36.71,38308030
2017-01-13,36.57,36.71,36.53,36.68,35241130
2017-01-17,36.60,36.72,36.55,36.66,38366230
2017-01-18,36.68,36.69,36.39,36.46,36961550
2017-01-19,36.47,36.48,36.20,36.35,52877040
2017-01-20,36.39,36.47,36.22,36.42,59292440
2017-01-23,36.67,36.97,36.65,36.96,51401730
2017-01-24,37.12,37.33,37.10,37.19,45508220
2017-01-25,37.45,37.62,37.36,37.60,42659770
2017-01-26,37.59,37.60,37.41,37.44,43298450
2017-01-27,37.44,37.52,37.32,37.47,30454010
2017-01-30,37.20,37.28,37.11,37.27,34434920
2017-01-31,37.31,37.41,37.20,37.34,67215410
2017-02-01,37.49,37.56,37.26,37.36,54321420
2017-02-02,37.48,37.56,37.42,37.52,26814050
2017-02-03,37.69,37.82,37.60,37.75,34305130
2017-02-06,37.71,37.75,37.63,37.66,30250120
2017-02-07,37.58,37.62,37.43,37.47,31693710
2017-02-08,37.49,37.74,37.48,37.70,37862940
2017-02-09,37.86,37.94,37.81,37.87,38286650
2017-02-10,37.96,38.22,37.94,38.22,38794260
2017-02-13,38.22,38.38,38.21,38.34,33976930
2017-02-14,38.34,38.38,38.03,38.38,55327230
2017-02-15,38.39,38.71,38.35,38.69,49526560
2017-02-16,38.73,38.73,38.52,38.55,42986820
2017-02-17,38.25,38.40,38.22,38.39,54880650
2017-02-21,38.62,38.82,38.59,38.81,42602290
2017-02-22,38.75,38.93,38.73,38.93,39077220
2017-02-23,39.13,39.15,38.88,38.94,46763060
2017-02-24,38.47,38.56,38.42,38.48,44570130
2017-02-27,38.37,38.48,38.27,38.36,53625480
2017-02-28,38.32,38.33,37.98,37.99,68478710
2017-03-01,38.30,38.60,38.28,38.58,92916180
2017-03-02,38.20,38.27,37.89,37.90,63516660
2017-03-03,38.08,38.23,37.96,38.19,54969580
2017-03-06,38.25,38.26,38.09,38.21,30421760
2017-03-07,38.33,38.35,38.18,38.25,43470410
2017-03-08,38.16,38.22,37.86,37.89,60549730
2017-03-09,37.70,37.76,37.39,37.59,64157120
2017-03-10,37.89,38.01,37.80,38.01,45184900
2017-03-13,38.41,38.57,38.37,38.54,42391440
2017-03-14,38.42,38.47,38.29,38.32,56600250
2017-03-15,38.52,39.39,38.41,39.32,124076900
2017-03-16,39.60,39.65,39.44,39.56,137910800
2017-03-17,39.60,39.62,39.46,39.49,68257140
2017-03-20,39.74,40.06,39.68,39.98,70309470
2017-03-21,40.15,40.23,39.48,39.51,71692790
2017-03-22,39.48,39.79,39.38,39.70,70126720
2017-03-23,39.55,39.85,39.55,39.71,53876350
2017-03-24,39.68,39.88,39.67,39.81,68871300
2017-03-27,39.55,39.77,39.43,39.70,52896130
2017-03-28,39.67,39.93,39.67,39.81,51798010
2017-03-29,39.72,39.91,39.64,39.88,36856980
2017-03-30,39.72,39.84,39.64,39.67,33281530
2017-03-31,39.42,39.48,39.31,39.39,94330190
2017-04-03,39.51,39.65,39.37,39.61,60046590
2017-04-04,39.53,39.69,39.45,39.63,44136510
2017-04-05,39.80,39.90,39.49,39.51,44098870
2017-04-06,39.47,39.54,39.32,39.44,35544730
2017-04-07,39.36,39.55,39.33,39.37,40355760
2017-04-10,39.22,39.26,39.09,39.21,33853800
2017-04-11,39.20,39.25,38.89,39.12,46002250
2017-04-12,39.29,39.32,39.06,39.31,55148580
2017-04-13,39.40,39.50,39.13,39.14,48181480
2017-04-17,39.32,39.55,39.26,39.55,29826300
2017-04-18,39.10,39.24,38.96,39.05,50887400
2017-04-19,39.15,39.16,38.71,38.81,58744850
2017-04-20,39.23,39.30,39.11,39.29,46722890
2017-04-21,39.30,39.35,39.22,39.29,32949550
2017-04-24,39.87,39.93,39.75,39.85,63543650
2017-04-25,40.14,40.31,40.10,40.20,50915610
2017-04-26,40.13,40.25,40.00,40.05,56451830
2017-04-27,40.13,40.14,39.88,40.00,42297810
2017-04-28,40.04,40.13,39.93,40.06,56534160
2017-05-01,40.24,40.40,40.15,40.29,41131280
2017-05-02,40.46,40.63,40.41,40.58,55181050
2017-05-03,40.41,40.45,40.20,40.31,58333150
2017-05-04,40.09,40.11,39.83,39.86,81077780
2017-05-05,39.80,40.19,39.79,40.19,52581020
2017-05-08,40.30,40.40,40.15,40.18,35941220
2017-05-09,40.49,40.81,40.46,40.69,70126200
2017-05-10,40.81,40.96,40.76,40.96,47598030
2017-05-11,41.01,41.12,40.81,41.05,37364740
2017-05-12,41.11,41.26,41.10,41.22,65417600
2017-05-15,41.43,41.66,41.40,41.64,50571630
2017-05-16,41.61,41.70,41.53,41.68,41933540
2017-05-17,41.32,41.37,40.95,40.97,63228530
2017-05-18,39.98,40.65,39.82,40.29,121232600
2017-05-19,40.88,41.23,40.87,41.15,63699490
2017-05-22,41.19,41.32,41.15,41.19,46333640
2017-05-23,41.22,41.28,41.12,41.23,39495570
2017-05-24,41.23,41.46,41.20,41.39,49376680
2017-05-25,41.61,41.73,41.51,41.59,39606850
2017-05-26,41.67,41.76,41.62,41.74,31372240
2017-05-30,41.51,41.58,41.44,41.52,35122800
2017-05-31,41.40,41.42,41.13,41.20,80187850
2017-06-01,41.31,41.56,41.21,41.55,46798890
2017-06-02,41.70,41.79,41.60,41.76,43699110
2017-06-05,41.75,41.85,41.67,41.71,39244340
2017-06-06,41.66,41.82,41.64,41.73,34184460
2017-06-07,41.60,41.76,41.45,41.68,34744340
2017-06-08,41.96,41.98,41.77,41.93,48939660
2017-06-09,41.96,42.03,41.38,41.61,73660120
2017-06-12,41.37,41.42,41.19,41.39,52374140
2017-06-13,41.60,41.64,41.45,41.59,38327820
2017-06-14,41.90,41.92,41.44,41.58,70452030
2017-06-15,41.08,41.17,40.90,41.15,87660190
2017-06-16,41.24,41.29,41.04,41.22,53875920
2017-06-19,41.47,41.70,41.44,41.63,66883590
2017-06-20,41.32,41.33,40.95,40.98,71370810
2017-06-21,41.17,41.27,41.00,41.07,54840130
2017-06-22,41.29,41.45,41.19,41.28,50400700
2017-06-23,41.35,41.58,41.32,41.50,46141190
2017-06-26,41.89,42.01,41.76,41.90,44379880
2017-06-27,41.67,41.77,41.40,41.41,54898380
2017-06-28,41.53,41.77,41.43,41.73,33600760
2017-06-29,41.52,41.54,40.92,41.20,65622620
2017-06-30,41.45,41.57,41.36,41.39,75919340
2017-07-03,41.62,41.76,41.53,41.63,38427040
2017-07-05,41.39,41.57,41.19,41.55,49490960
2017-07-06,41.25,41.33,40.99,41.05,50426340
2017-07-07,41.16,41.23,40.95,41.13,69253990
2017-07-10,41.27,41.55,41.24,41.52,38229470
2017-07-11,41.74,41.91,41.62,41.86,41916800
2017-07-12,42.45,42.76,42.42,42.67,80105480
2017-07-13,42.74,42.90,42.70,42.88,38697690
2017-07-14,43.17,43.45,43.15,43.42,51171050
2017-07-17,43.25,43.28,43.13,43.22,44222330
2017-07-18,43.14,43.39,43.08,43.35,49194270
2017-07-19,43.75,43.80,43.61,43.71,37949690
2017-07-20,43.74,43.76,43.56,43.66,35977260
2017-07-21,43.67,43.68,43.51,43.63,35835620
2017-07-24,43.81,43.82,43.63,43.76,37613820
2017-07-25,43.81,43.87,43.64,43.65,37103510
2017-07-26,43.72,44.06,43.66,44.01,49001470
2017-07-27,44.15,44.16,43.46,43.77,61915220
2017-07-28,43.61,43.76,43.49,43.75,46072610
2017-07-31,43.84,43.84,43.68,43.80,60076460
2017-08-01,44.00,44.03,43.88,43.93,37136780
2017-08-02,44.01,44.05,43.74,43.97,29234830
2017-08-03,43.76,43.79,43.57,43.79,45351350
2017-08-04,43.89,43.98,43.69,43.95,48442700
2017-08-07,44.11,44.28,44.08,44.25,22879480
2017-08-08,44.37,44.58,44.20,44.26,33930560
2017-08-09,43.75,43.89,43.62,43.86,29006850
2017-08-10,43.49,43.50,42.80,42.82,104331300
2017-08-11,42.87,43.10,42.72,42.92,52964600
2017-08-14,43.39,43.57,43.31,43.36,37268440
2017-08-15,43.33,43.44,43.24,43.41,29467670
2017-08-16,43.77,43.89,43.70,43.86,43240490
2017-08-17,43.76,43.83,43.24,43.30,66038870
2017-08-18,43.47,43.85,43.29,43.67,67014060
2017-08-21,43.77,43.92,43.67,43.83,27750990
2017-08-22,44.14,44.38,44.10,44.32,30935750
2017-08-23,44.24,44.57,44.21,44.53,48476990
2017-08-24,44.73,44.77,44.53,44.67,52140080
2017-08-25,44.92,45.07,44.84,44.93,55530340
2017-08-28,44.91,44.91,44.68,44.77,37289310
2017-08-29,44.33,44.70,44.26,44.69,45403680
2017-08-30,44.63,44.79,44.60,44.76,46686000
2017-08-31,44.77,44.93,44.72,44.83,61413320
2017-09-01,45.01,45.18,44.95,45.16,55193020
2017-09-05,44.81,44.90,44.34,44.57,49129280
2017-09-06,44.74,44.91,44.66,44.86,44733480
2017-09-07,45.08,45.19,45.02,45.19,39109310
2017-09-08,45.12,45.12,44.81,44.89,41973570
2017-09-11,45.26,45.52,45.25,45.49,45264570
2017-09-12,45.40,45.53,45.37,45.44,49494030
2017-09-13,45.26,45.33,45.10,45.20,54756370
2017-09-14,45.09,45.34,45.05,45.32,36036720
2017-09-15,45.40,45.65,45.31,45.59,47471600
2017-09-18,45.88,45.96,45.69,45.75,37632880
2017-09-19,45.77,45.86,45.64,45.85,63740470
2017-09-20,45.87,45.94,45.21,45.64,77422600
2017-09-21,45.77,45.79,45.54,45.64,32668250
2017-09-22,45.39,45.47,45.31,45.38,39264180
2017-09-25,45.00,45.00,44.44,44.61,85660580
2017-09-26,44.70,44.76,44.42,44.49,62885340
2017-09-27,44.36,44.45,44.09,44.33,79931550
2017-09-28,44.09,44.36,44.09,44.30,54957520
2017-09-29,44.64,44.92,44.55,44.81,69861120
2017-10-02,44.80,45.02,44.79,44.82,68123010
2017-10-03,45.18,45.54,45.13,45.53,54081900
2017-10-04,45.51,45.63,45.46,45.52,45568160
2017-10-05,45.71,45.99,45.70,45.86,38758630
2017-10-06,45.44,45.66,45.31,45.63,44870090
2017-10-09,45.51,45.60,45.43,45.60,25021430
2017-10-10,45.95,46.08,45.89,46.05,45691360
2017-10-11,46.04,46.28,46.03,46.26,48797750
2017-10-12,46.27,46.37,46.20,46.24,35546570
2017-10-13,46.66,46.75,46.60,46.66,61897250
2017-10-16,46.77,46.82,46.62,46.63,34088250
2017-10-17,46.51,46.53,46.30,46.39,38828210
2017-10-18,46.55,46.65,46.41,46.50,36185660
2017-10-19,46.02,46.12,45.89,46.09,51486070
2017-10-20,46.32,46.35,46.18,46.26,46370100
2017-10-23,46.18,46.19,45.88,45.89,47461740
2017-10-24,45.98,46.14,45.88,45.89,40212590
2017-10-25,46.07,46.13,45.43,45.79,57306840
2017-10-26,45.82,45.91,45.47,45.48,55318380
2017-10-27,45.72,46.19,45.58,46.14,55225620
2017-10-30,45.98,46.11,45.79,45.85,35732440
2017-10-31,46.13,46.28,46.06,46.28,62897070
2017-11-01,46.70,46.85,46.49,46.52,51925280
2017-11-02,46.59,46.62,46.36,46.58,38021660
2017-11-03,46.54,46.56,46.09,46.34,42909920
2017-11-06,46.56,46.87,46.54,46.86,30828420
2017-11-07,46.81,46.87,46.49,46.56,46904260
2017-11-08,46.70,46.80,46.62,46.78,35006330
2017-11-09,46.46,46.59,46.14,46.49,39894900
2017-11-10,46.43,46.45,46.19,46.29,32464360
2017-11-13,46.13,46.29,46.02,46.19,52239660
2017-11-14,46.11,46.16,45.82,45.88,56678520
2017-11-15,45.65,45.77,45.45,45.64,48805980
2017-11-16,46.31,46.73,46.30,46.59,46315730
2017-11-17,46.73,47.02,46.70,46.82,46258930
2017-11-20,46.77,47.10,46.75,47.06,45493020
2017-11-21,47.63,47.88,47.61,47.69,62965420
2017-11-22,47.84,47.93,47.65,47.81,60764040
2017-11-24,47.66,47.74,47.61,47.71,25838320
2017-11-27,47.31,47.33,46.99,47.01,47639060
2017-11-28,47.39,47.52,47.18,47.36,54357610
2017-11-29,47.17,47.17,46.50,46.61,66269840
2017-11-30,46.47,46.48,46.07,46.10,118052200
2017-12-01,45.98,46.06,45.62,45.84,88356400
2017-12-04,46.35,46.42,45.89,45.93,67381510
2017-12-05,45.96,46.21,45.85,45.90,32126030
2017-12-06,45.18,45.38,45.06,45.28,81862780
2017-12-07,45.10,45.53,45.05,45.41,70815690
2017-12-08,45.92,46.00,45.74,45.94,42789980
2017-12-11,46.12,46.26,46.10,46.17,46492230
2017-12-12,45.74,45.95,45.66,45.86,47157660
2017-12-13,46.15,46.56,46.14,46.41,75944810
2017-12-14,46.26,46.38,46.07,46.07,50716940
2017-12-15,46.16,46.26,45.93,46.17,67880930
2017-12-18,46.57,46.85,46.53,46.69,60846050
2017-12-19,46.07,46.07,45.68,45.75,49455030
2017-12-20,45.96,46.02,45.80,45.81,42825910
2017-12-21,46.00,46.27,45.97,46.11,40489210
2017-12-22,46.29,46.51,46.23,46.50,39914390
2017-12-26,46.42,46.47,46.26,46.46,29614110
2017-12-27,46.52,46.64,46.45,46.58,35373190
2017-12-28,47.01,47.05,46.79,46.90,33857180
2017-12-29,47.28,47.32,47.06,47.12,46459720
2018-01-02,47.78,48.07,47.73,48.01,68967770
2018-01-03,48.28,48.53,48.27,48.47,56226480
2018-01-04,48.59,48.78,48.57,48.71,52149090
2018-01-05,48.82,49.14,48.77,49.13,50025940
2018-01-08,49.06,49.22,49.02,49.13,36996040
2018-01-09,49.12,49.13,48.83,49.05,42131400
2018-01-10,48.68,48.84,48.53,48.74,72183020
2018-01-11,48.67,49.05,48.66,49.04,38717970
2018-01-12,49.14,49.54,49.01,49.51,69357800
2018-01-16,49.70,49.85,49.23,49.32,80416310
2018-01-17,49.70,50.09,49.63,49.97,65860330
2018-01-18,49.96,50.10,49.89,50.03,33743740
2018-01-19,50.28,50.44,50.12,50.44,60502950
2018-01-22,50.41,50.73,50.30,50.73,49190720
2018-01-23,50.73,50.99,50.65,50.97,61267230
2018-01-24,51.30,51.52,51.04,51.40,63831190
2018-01-25,51.45,51.83,51.21,51.37,61526510
2018-01-26,51.73,52.08,51.61,52.08,80565060
2018-01-29,51.45,51.51,51.22,51.29,58883650
2018-01-30,50.74,50.80,50.38,50.59,87599780
2018-01-31,51.28,51.34,50.63,51.03,96849780
2018-02-01,50.57,50.85,50.30,50.34,72067250
2018-02-02,49.82,49.85,49.01,49.05,116821200
2018-02-05,48.98,49.48,47.33,47.33,150864000
2018-02-06,47.32,49.28,47.18,48.87,183538100
2018-02-07,48.00,48.52,47.30,47.33,156297200
2018-02-08,47.63,47.67,45.63,45.69,163200400
2018-02-09,46.31,46.78,45.03,46.42,153142500
2018-02-12,47.08,47.49,46.66,47.15,103129100
2018-02-13,47.22,47.65,47.17,47.51,55737810
2018-02-14,47.41,48.82,47.39,48.70,95691500
2018-02-15,49.56,49.86,48.99,49.70,93877730
2018-02-16,49.34,49.99,49.33,49.54,70806200
2018-02-20,48.66,49.03,48.59,48.86,78659670
2018-02-21,49.30,49.86,48.78,48.82,66590220
2018-02-22,48.97,49.35,48.81,48.85,62433850
2018-02-23,49.45,49.74,49.24,49.72,43622640
2018-02-26,49.85,50.18,49.57,50.18,51739170
2018-02-27,49.53,49.59,48.72,48.72,90050320
2018-02-28,48.83,48.88,48.02,48.02,102169200
2018-03-01,48.37,48.75,47.50,47.93,112690500
2018-03-02,47.35,48.23,47.10,48.13,72755400
2018-03-05,47.61,48.29,47.55,48.20,55904630
2018-03-06,49.01,49.03,48.52,48.65,57149520
2018-03-07,48.34,48.73,48.12,48.70,46554680
2018-03-08,48.79,48.84,48.48,48.71,46707200
2018-03-09,49.11,49.77,49.07,49.75,58816500
2018-03-12,49.81,49.97,49.61,49.87,52944460
2018-03-13,50.10,50.18,49.24,49.42,60348980
2018-03-14,49.79,49.86,49.23,49.50,50975970
2018-03-15,49.66,49.73,49.14,49.32,65778890
2018-03-16,49.14,49.35,49.12,49.21,65655020
2018-03-19,48.89,49.00,48.39,48.68,65393730
2018-03-20,49.09,49.34,48.98,49.22,59442710
2018-03-21,49.16,49.70,49.01,49.51,76968310
2018-03-22,48.37,48.61,47.78,47.86,87618630
2018-03-23,47.94,48.02,46.87,46.89,82777990
2018-03-26,48.10,48.47,47.55,48.41,73319590
2018-03-27,48.45,48.52,47.42,47.53,84232080
2018-03-28,47.38,47.55,46.97,47.29,78140850
2018-03-29,47.63,48.45,47.57,48.28,84235940
2018-04-02,47.95,48.17,46.96,47.41,72280290
2018-04-03,47.84,47.94,47.46,47.88,52171210
2018-04-04,46.59,47.93,46.54,47.90,66744750
2018-04-05,48.09,48.26,47.83,48.02,47901360
2018-04-06,47.54,47.87,46.80,47.08,74901370
2018-04-09,47.42,47.66,47.12,47.13,55351570
2018-04-10,47.82,48.12,47.61,48.05,90098400
2018-04-11,47.75,48.18,47.74,48.07,51568300
2018-04-12,47.97,48.19,47.89,48.05,52966900
2018-04-13,48.01,48.06,47.44,47.57,56518000
2018-04-16,47.50,47.66,47.35,47.63,43005830
2018-04-17,47.42,47.87,47.40,47.73,57386440
2018-04-18,47.91,48.31,47.84,48.14,78715340
2018-04-19,48.26,48.29,47.70,47.86,67581050
2018-04-20,47.59,47.62,47.05,47.26,79516600
2018-04-23,47.17,47.30,46.77,46.88,74337100
2018-04-24,47.26,47.36,46.43,46.66,72196820
2018-04-25,46.31,46.41,46.01,46.30,69106630
2018-04-26,46.57,46.99,46.53,46.97,45045600
2018-04-27,47.24,47.34,46.97,47.26,33544850
2018-04-30,47.43,47.49,46.91,46.92,48582270
2018-05-01,46.64,46.76,46.10,46.69,75839280
2018-05-02,46.74,46.84,46.28,46.32,66834560
2018-05-03,46.29,46.35,45.60,46.22,83449060
2018-05-04,45.77,46.59,45.73,46.43,60098440
2018-05-07,46.05,46.35,46.02,46.16,58885890
2018-05-08,46.27,46.44,45.98,46.42,58782500
2018-05-09,46.56,46.61,46.27,46.51,46123320
2018-05-10,47.07,47.65,46.99,47.48,115801300
2018-05-11,47.68,47.73,47.27,47.40,68835790
2018-05-14,47.66,47.78,47.39,47.46,34352910
2018-05-15,46.58,46.70,46.28,46.48,78377320
2018-05-16,46.92,47.27,46.92,47.18,59834240
2018-05-17,46.67,46.80,46.30,46.46,73012080
2018-05-18,46.05,46.19,45.94,46.07,59258640
2018-05-21,46.45,46.54,46.16,46.35,59316290
2018-05-22,46.55,46.75,46.45,46.51,32582720
2018-05-23,45.96,46.53,45.95,46.49,70643660
2018-05-24,46.24,46.33,45.73,46.24,79761590
2018-05-25,46.23,46.50,46.19,46.43,39374470
2018-05-29,45.74,45.88,45.12,45.35,111917300
2018-05-30,45.36,45.76,45.16,45.71,72807250
2018-05-31,45.65,45.92,45.46,45.69,91547990
2018-06-01,46.06,46.35,46.00,46.33,66761220
2018-06-04,46.72,46.91,46.70,46.80,36099590
2018-06-05,46.66,46.74,46.42,46.44,40049480
2018-06-06,46.84,47.15,46.74,47.14,46796580
2018-06-07,46.97,47.02,46.13,46.42,89750980
2018-06-08,46.17,46.53,45.99,46.33,73944720
2018-06-11,46.38,46.50,46.26,46.33,38301220
2018-06-12,46.31,46.37,46.03,46.21,57184760
2018-06-13,46.29,46.36,45.62,45.90,95537660
2018-06-14,45.90,45.99,45.54,45.59,76092660
2018-06-15,45.17,45.29,44.92,45.23,86064840
2018-06-18,44.59,44.74,44.34,44.68,83516420
2018-06-19,43.57,43.98,43.41,43.90,122637000
2018-06-20,44.30,44.35,44.03,44.09,69822700
2018-06-21,43.82,43.84,43.41,43.47,86208590
2018-06-22,44.10,44.12,43.77,43.92,55925680
2018-06-25,43.51,43.55,42.90,43.33,110853700
2018-06-26,43.35,43.42,43.05,43.16,69228640
2018-06-27,43.10,43.11,42.20,42.33,95337010
2018-06-28,42.29,42.71,42.15,42.69,105341700
2018-06-29,43.23,43.45,43.20,43.33,108538600
2018-07-02,42.62,42.97,42.52,42.90,78844880
2018-07-03,43.18,43.22,42.87,42.93,28637230
2018-07-05,43.05,43.09,42.65,42.82,67376660
2018-07-06,42.95,43.58,42.92,43.41,69933820
2018-07-09,44.01,44.20,43.79,44.19,80530680
2018-07-10,44.05,44.11,43.74,44.09,63040400
2018-07-11,43.37,43.58,43.06,43.23,58670120
2018-07-12,43.76,43.91,43.60,43.82,53240260
2018-07-13,43.77,43.95,43.62,43.85,40515270
2018-07-16,43.64,43.70,43.45,43.61,31716370
2018-07-17,43.44,44.01,43.39,43.93,46911480
2018-07-18,43.69,43.92,43.56,43.88,41181440
2018-07-19,43.20,43.52,43.05,43.34,72547160
2018-07-20,43.77,44.04,43.74,43.96,75114340
2018-07-23,43.76,43.77,43.53,43.67,57677380
2018-07-24,44.39,44.57,44.17,44.31,65581110
2018-07-25,44.60,45.06,44.48,45.03,77819990
2018-07-26,44.65,44.78,44.49,44.53,68704010
2018-07-27,44.86,44.95,44.45,44.69,63743400
2018-07-30,44.79,44.86,44.48,44.62,41540330
2018-07-31,44.62,44.93,44.51,44.86,88162970
2018-08-01,44.47,44.69,44.34,44.46,61753870
2018-08-02,43.55,43.94,43.46,43.87,68678400
2018-08-03,44.02,44.26,43.97,44.21,41043700
2018-08-06,43.89,44.02,43.77,43.87,33153760
2018-08-07,44.38,44.55,44.30,44.32,38712980
2018-08-08,44.23,44.32,44.09,44.26,30610070
2018-08-09,44.32,44.42,44.10,44.13,35013860
2018-08-10,43.14,43.33,43.05,43.19,86607120
2018-08-13,42.79,42.89,42.37,42.48,75167020
2018-08-14,42.64,42.86,42.56,42.74,56724500
2018-08-15,41.54,41.71,41.13,41.51,138633100
2018-08-16,41.92,42.11,41.75,41.77,78112150
2018-08-17,41.62,42.31,41.52,42.21,75847760
2018-08-20,42.31,42.44,42.17,42.40,50762670
2018-08-21,42.83,43.11,42.80,42.94,70056040
2018-08-22,42.98,43.35,42.98,43.28,45602040
2018-08-23,43.13,43.26,42.53,42.58,68877160
2018-08-24,43.22,43.40,43.08,43.37,69304240
2018-08-27,43.77,44.16,43.76,43.99,96399040
2018-08-28,44.11,44.18,43.74,43.83,50090740
2018-08-29,43.73,44.12,43.64,44.10,58165350
2018-08-30,43.42,43.42,42.80,42.95,120203100
2018-08-31,42.89,43.31,42.84,43.17,87817840
2018-09-04,42.49,42.49,42.23,42.33,76719760
2018-09-05,41.84,41.91,41.59,41.72,77831960
2018-09-06,41.80,41.91,41.48,41.76,73102980
2018-09-07,41.63,41.94,41.38,41.55,61320870
2018-09-10,41.54,41.54,41.09,41.14,61115030
2018-09-11,40.74,41.24,40.63,41.23,74607450
2018-09-12,41.04,41.69,40.89,41.44,116606200
2018-09-13,42.06,42.28,41.81,42.00,96304070
2018-09-14,42.23,42.28,41.76,41.96,64852170
2018-09-17,41.65,41.81,41.52,41.58,74576010
2018-09-18,41.78,42.05,41.77,41.98,51999630
2018-09-19,42.33,42.61,42.32,42.56,55892180
2018-09-20,42.93,43.06,42.69,43.03,93426420
2018-09-21,43.09,43.30,43.02,43.23,102665200
2018-09-24,42.73,42.79,42.59,42.74,54053340
2018-09-25,42.81,43.01,42.76,42.91,49461430
2018-09-26,42.98,43.51,42.94,43.00,84073640
2018-09-27,43.13,43.35,43.09,43.21,45282510
2018-09-28,42.89,43.15,42.78,42.92,64128410
2018-10-01,43.13,43.16,42.83,42.93,31030490
2018-10-02,42.37,42.60,42.26,42.39,57718680
2018-10-03,42.69,42.72,41.92,42.04,76327920
2018-10-04,41.61,41.62,40.81,40.99,131604600
2018-10-05,41.01,41.08,40.46,40.84,80578020
2018-10-08,40.56,40.99,40.48,40.90,59448620
2018-10-09,40.57,40.96,40.43,40.75,60971650
2018-10-10,40.54,40.55,39.52,39.54,98995900
2018-10-11,39.32,39.74,38.77,39.14,168914300
2018-10-12,40.26,40.36,39.74,40.29,116477800
2018-10-15,39.94,40.14,39.78,39.86,52500500
2018-10-16,40.36,40.90,40.29,40.86,65949480
2018-10-17,40.55,40.58,40.16,40.36,69714220
2018-10-18,39.93,39.96,39.16,39.30,106983200
2018-10-19,39.91,40.16,39.58,39.67,81173240
2018-10-22,40.34,40.42,39.92,40.10,67724790
2018-10-23,39.15,39.89,38.93,39.66,89864180
2018-10-24,39.46,39.51,38.36,38.38,87551980
2018-10-25,38.82,39.39,38.71,39.12,80578560
2018-10-26,38.30,38.97,38.13,38.67,139198700
2018-10-29,39.01,39.07,37.58,38.00,101851400
2018-10-30,38.23,38.75,38.15,38.74,99879720
2018-10-31,39.16,39.39,39.00,39.16,92666290
2018-11-01,39.78,40.59,39.56,40.56,120452500
2018-11-02,41.25,41.40,40.41,40.82,111323000
2018-11-05,40.81,41.02,40.70,40.93,58319600
2018-11-06,40.73,40.93,40.64,40.86,40847770
2018-11-07,41.41,41.70,41.15,41.63,81008050
2018-11-08,41.09,41.23,40.42,40.55,90608870
2018-11-09,39.93,39.98,39.49,39.80,82942360
2018-11-12,39.66,39.74,39.14,39.24,68535160
2018-11-13,39.62,40.08,39.44,39.69,106302700
2018-11-14,40.06,40.19,39.57,39.93,96450470
2018-11-15,40.14,41.05,40.06,40.82,146472900
2018-11-16,40.49,41.11,40.37,40.90,135075700
2018-11-19,40.62,40.68,40.24,40.35,77725010
2018-11-20,39.72,39.91,39.34,39.48,98266160
2018-11-21,40.21,40.48,40.13,40.21,68104090
2018-11-23,39.74,39.95,39.71,39.74,32048230
2018-11-26,40.30,40.42,40.08,40.23,76317290
2018-11-27,40.09,40.51,40.03,40.51,81066740
2018-11-28,40.79,41.51,40.47,41.48,121002200
2018-11-29,41.19,41.40,40.92,41.12,104192500
2018-11-30,40.96,41.17,40.80,41.08,92958320
2018-12-03,42.13,42.15,41.70,41.91,124400700
2018-12-04,41.95,42.02,40.92,41.02,134695300
2018-12-06,39.93,40.68,39.68,40.64,164665100
2018-12-07,40.58,40.85,39.78,39.88,134303200
2018-12-10,39.61,39.68,38.97,39.46,104458000
2018-12-11,40.02,40.03,39.48,39.76,103998300
2018-12-12,40.50,40.78,40.38,40.41,89671840
2018-12-13,40.56,40.68,40.35,40.40,72434290
2018-12-14,39.89,40.18,39.80,39.83,94915580
2018-12-17,39.89,40.04,39.33,39.46,108519400
2018-12-18,39.17,39.38,39.03,39.14,100289700
2018-12-19,39.33,39.73,38.17,38.49,204042800
2018-12-20,38.88,39.13,38.46,38.79,183778900
2018-12-21,38.90,39.11,38.32,38.52,143371300
2018-12-24,38.44,38.72,38.16,38.16,50709480
2018-12-26,38.41,38.96,38.04,38.92,96231120
2018-12-27,38.40,38.91,38.24,38.87,79322460
2018-12-28,39.19,39.45,39.00,39.24,71054500
2018-12-31,39.50,39.54,38.93,39.06,72969670
2019-01-02,38.59,39.19,38.58,39.16,56881060
2019-01-03,38.73,38.76,38.30,38.45,62766930
2019-01-04,39.01,39.86,38.92,39.69,103048400
2019-01-07,39.72,39.95,39.49,39.78,76003940
2019-01-08,39.80,40.00,39.57,39.93,70506580
2019-01-09,40.34,40.86,40.33,40.64,125115200
2019-01-10,40.42,40.96,40.42,40.93,85113250
2019-01-11,40.60,40.80,40.50,40.73,63136210
2019-01-14,40.21,40.58,40.14,40.39,76212960
2019-01-15,40.62,40.89,40.55,40.67,78913000
2019-01-16,40.96,41.31,40.95,41.17,82541760
2019-01-17,40.84,41.55,40.80,41.35,85492940
2019-01-18,41.52,41.72,41.42,41.55,98036890
2019-01-22,41.06,41.15,40.65,40.83,101286300
2019-01-23,41.21,41.28,40.90,41.25,66624710
2019-01-24,41.28,41.68,41.28,41.65,75948060
2019-01-25,42.10,42.31,42.04,42.20,105778600
2019-01-28,41.57,41.79,41.44,41.76,85541350
2019-01-29,41.97,41.99,41.73,41.83,56516660
2019-01-30,42.08,42.83,41.88,42.74,127777800
2019-01-31,42.79,43.14,42.78,43.10,118763600
2019-02-01,42.78,42.84,42.63,42.76,65763900
2019-02-04,42.62,42.95,42.54,42.83,45769520
2019-02-05,43.03,43.46,42.96,43.42,81669270
2019-02-06,43.22,43.25,42.74,42.83,58099210
2019-02-07,42.49,42.71,42.03,42.40,101054800
2019-02-08,42.09,42.23,41.84,42.16,64210950
2019-02-11,42.24,42.26,42.00,42.02,42212930
2019-02-12,42.37,42.55,42.31,42.37,66072320
2019-02-13,42.39,42.47,41.97,42.07,82311410
2019-02-14,41.82,42.30,41.74,42.15,91302480
2019-02-15,42.13,42.13,41.95,42.09,72359110
2019-02-19,41.93,42.51,41.93,42.42,64391000
2019-02-20,42.65,42.93,42.54,42.66,73214750
2019-02-21,42.63,42.67,42.37,42.57,48092230
2019-02-22,42.93,43.16,42.84,43.04,58021020
2019-02-25,43.52,43.73,43.42,43.52,66531290
2019-02-26,43.22,43.52,43.19,43.37,58329810
2019-02-27,43.09,43.16,42.85,43.00,69463050
2019-02-28,42.72,42.74,42.44,42.44,87427050
2019-03-01,42.78,42.80,42.41,42.49,94261660
2019-03-04,42.72,42.78,42.18,42.55,94166480
2019-03-05,42.75,43.04,42.66,42.97,54576730
2019-03-06,42.99,43.05,42.66,42.73,61237330
2019-03-07,42.48,42.49,41.87,41.94,83413170
2019-03-08,41.44,41.67,41.39,41.64,97742070
2019-03-11,42.01,42.47,42.01,42.42,62972490
2019-03-12,42.64,42.75,42.55,42.64,42715650
2019-03-13,42.66,42.75,42.55,42.69,61436780
2019-03-14,42.52,42.54,42.29,42.46,58460140
2019-03-15,42.85,43.14,42.82,43.08,139862800
2019-03-18,43.39,43.58,43.33,43.56,42149070
2019-03-19,43.61,43.74,43.48,43.58,53171230
2019-03-20,43.44,44.01,43.14,43.65,90677440
2019-03-21,43.42,43.72,43.32,43.71,71393210
2019-03-22,43.05,43.15,42.39,42.43,118616100
2019-03-25,42.34,42.66,42.30,42.53,53284630
2019-03-26,42.67,42.78,42.43,42.66,57145100
2019-03-27,42.44,42.53,42.06,42.20,72803230
2019-03-28,42.34,42.53,42.19,42.48,41052530
2019-03-29,42.95,43.00,42.72,42.92,70343020
2019-04-01,43.50,43.67,43.40,43.63,70452660
2019-04-02,43.67,43.69,43.35,43.49,48683940
2019-04-03,43.91,44.14,43.73,43.79,73639340
2019-04-04,43.78,44.14,43.76,44.06,47027330
2019-04-05,44.18,44.42,44.14,44.40,50360830
2019-04-08,44.18,44.44,44.10,44.40,30208510
2019-04-09,44.43,44.45,44.27,44.31,49529700
2019-04-10,44.50,44.64,44.41,44.52,51068640
2019-04-11,44.20,44.23,43.92,44.04,55153180
2019-04-12,44.48,44.52,44.26,44.36,54692890
2019-04-15,44.32,44.34,43.96,44.13,37957810
2019-04-16,44.32,44.52,44.32,44.46,43859310
2019-04-17,44.77,44.84,44.48,44.59,56930400
2019-04-18,44.43,44.65,44.30,44.56,56639750
2019-04-22,44.14,44.32,44.06,44.27,35916450
2019-04-23,44.20,44.45,44.15,44.37,32829280
2019-04-24,44.07,44.08,43.63,43.77,68958410
2019-04-25,43.50,43.72,43.37,43.71,61165740
2019-04-26,43.78,43.96,43.64,43.88,55441690
2019-04-29,44.00,44.05,43.88,43.97,34397630
2019-04-30,43.85,44.02,43.63,43.93,69577010
2019-05-01,44.01,44.35,43.54,43.60,98629110
2019-05-02,43.70,43.85,43.45,43.70,53101890
2019-05-03,44.02,44.28,43.95,44.22,56642030
2019-05-06,42.84,43.39,42.79,43.31,80976980
2019-05-07,42.86,42.86,42.21,42.46,94189030
2019-05-08,42.58,42.76,42.38,42.40,73548620
2019-05-09,41.45,41.93,41.15,41.73,130849000
2019-05-10,41.85,42.11,41.34,41.98,90343270
2019-05-13,40.68,40.87,40.38,40.58,154670900
2019-05-14,41.13,41.30,40.98,41.15,89406840
2019-05-15,40.90,41.30,40.84,41.23,79039530
2019-05-16,41.17,41.42,41.01,41.03,60101130
2019-05-17,40.35,40.63,40.25,40.29,83972520
2019-05-20,40.17,40.30,39.97,40.12,53810040
2019-05-21,40.39,40.64,40.29,40.63,59832630
2019-05-22,40.58,40.62,40.39,40.43,44117580
2019-05-23,39.88,40.08,39.75,39.91,86731080
2019-05-24,40.22,40.27,39.91,39.95,66379670
2019-05-28,40.37,40.42,40.01,40.09,98395200
2019-05-29,39.93,40.37,39.88,40.35,82060440
2019-05-30,40.48,40.73,40.45,40.57,69626270
2019-05-31,40.38,40.80,40.35,40.71,85220610
2019-06-03,41.05,41.30,40.97,41.08,75619910
2019-06-04,40.91,41.20,40.82,41.17,64141930
2019-06-05,41.22,41.23,40.73,40.84,64072150
2019-06-06,40.84,40.95,40.69,40.86,47722550
2019-06-07,41.08,41.52,41.06,41.18,63584410
2019-06-10,41.56,41.81,41.47,41.61,57245780
2019-06-11,42.15,42.22,41.96,42.08,69040640
2019-06-12,41.78,41.81,41.55,41.63,55120580
2019-06-13,41.69,41.76,41.43,41.56,59717510
2019-06-14,41.29,41.31,41.08,41.10,71468270
2019-06-17,40.82,41.03,40.81,40.95,48715630
2019-06-18,41.40,42.03,41.39,41.94,112482400
2019-06-19,42.02,42.50,41.92,42.29,105746200
2019-06-20,43.18,43.21,42.73,42.91,89200410
2019-06-21,42.74,42.87,42.67,42.77,55543970
2019-06-24,42.74,42.82,42.66,42.71,37025570
2019-06-25,42.54,42.59,42.21,42.27,62167460
2019-06-26,42.60,42.82,42.57,42.67,45126650
2019-06-27,42.85,42.99,42.78,42.97,42358150
2019-06-28,42.97,42.99,42.78,42.91,66236040
2019-07-01,43.70,43.74,43.26,43.42,73395990
2019-07-02,43.38,43.41,43.19,43.31,67518950
2019-07-03,43.11,43.23,43.05,43.23,31218530
2019-07-05,42.93,43.03,42.71,42.93,51678010
2019-07-08,42.63,42.73,42.56,42.67,37679410
2019-07-09,42.33,42.59,42.32,42.54,28227610
2019-07-10,42.97,43.13,42.86,42.90,53673060
2019-07-11,43.05,43.05,42.70,42.82,44486090
2019-07-12,42.86,42.89,42.68,42.85,30512210
2019-07-15,43.03,43.10,42.97,43.01,28026460
2019-07-16,43.06,43.18,42.91,42.95,37093690
2019-07-17,42.93,43.01,42.77,42.82,32866050
2019-07-18,42.80,43.13,42.78,43.08,63380470
2019-07-19,43.20,43.22,42.82,42.86,81774910
2019-07-22,42.97,43.03,42.84,42.87,29826350
2019-07-23,42.92,43.02,42.75,42.92,37246380
2019-07-24,42.87,43.02,42.87,42.99,40358790
2019-07-25,42.90,43.11,42.53,42.61,55327730
2019-07-26,42.78,42.82,42.58,42.70,33068630
2019-07-29,42.56,42.65,42.41,42.62,31912380
2019-07-30,42.29,42.43,42.16,42.29,57335800
2019-07-31,42.27,42.30,41.28,41.77,98764740
2019-08-01,41.78,42.10,40.84,40.95,139325900
2019-08-02,40.79,40.88,40.43,40.55,92796260
2019-08-05,39.43,39.51,38.85,39.05,131194100
2019-08-06,39.72,39.81,39.35,39.61,88071480
2019-08-07,39.20,39.81,39.05,39.79,106772500
2019-08-08,40.04,40.30,39.94,40.28,81187740
2019-08-09,40.03,40.09,39.70,39.87,64703990
2019-08-12,39.37,39.52,39.28,39.39,78559800
2019-08-13,39.09,40.11,39.02,39.89,110812100
2019-08-14,39.09,39.19,38.72,38.74,102911500
2019-08-15,39.10,39.16,38.81,39.00,78403200
2019-08-16,39.36,39.63,39.36,39.54,53443370
2019-08-19,40.04,40.05,39.67,39.70,43331560
2019-08-20,39.83,39.97,39.73,39.78,44922940
2019-08-21,40.20,40.20,39.97,40.16,41678150
2019-08-22,39.86,39.92,39.53,39.64,41603820
2019-08-23,39.55,39.92,38.99,39.05,80562620
2019-08-26,39.33,39.38,39.16,39.26,58145020
2019-08-27,39.53,39.67,39.30,39.33,62905350
2019-08-28,39.26,39.51,39.16,39.44,49484640
2019-08-29,39.69,39.91,39.55,39.88,43360550
2019-08-30,40.21,40.22,39.96,40.19,57071300
2019-09-03,39.73,39.95,39.73,39.94,50339950
2019-09-04,40.49,40.66,40.40,40.61,65960010
2019-09-05,41.09,41.22,41.05,41.07,72705310
2019-09-06,41.30,41.39,41.20,41.25,48716200
2019-09-09,41.36,41.50,41.25,41.38,38554200
2019-09-10,41.34,41.48,41.17,41.41,48449550
2019-09-11,41.56,41.73,41.48,41.70,62563890
2019-09-12,41.97,42.25,41.82,42.00,74590050
2019-09-13,42.25,42.35,42.16,42.24,58403450
2019-09-16,41.91,42.11,41.81,41.91,62905790
2019-09-17,41.53,41.94,41.50,41.91,98987770
2019-09-18,41.84,41.90,41.41,41.74,71023400
2019-09-19,41.74,41.88,41.50,41.57,52530280
2019-09-20,41.88,41.93,41.44,41.61,86133210
2019-09-23,41.41,41.67,41.41,41.65,43554750
2019-09-24,41.63,41.64,41.16,41.21,57469840
2019-09-25,40.94,41.27,40.79,41.18,43467160
2019-09-26,41.25,41.30,41.05,41.17,38031300
2019-09-27,41.17,41.27,40.49,40.64,79886690
2019-09-30,40.98,41.10,40.82,40.87,44218630
2019-10-01,40.90,40.91,40.55,40.58,48907570
2019-10-02,40.28,40.34,40.07,40.27,41850830
2019-10-03,40.41,40.79,40.30,40.79,62375080
2019-10-04,40.67,41.05,40.62,40.97,54334700
2019-10-07,40.72,40.93,40.59,40.63,57119510
2019-10-08,40.55,40.60,40.31,40.34,58679980
2019-10-09,40.67,40.81,40.60,40.65,41483870
2019-10-10,40.80,41.24,40.79,41.07,52315050
2019-10-11,41.70,42.05,41.62,41.73,96068250
2019-10-14,41.68,41.74,41.54,41.55,29268600
2019-10-15,41.67,42.01,41.65,41.92,51167120
2019-10-16,41.88,42.08,41.79,42.04,40793930
2019-10-17,42.37,42.39,42.14,42.20,56583810
2019-10-18,42.11,42.22,41.87,41.98,78863520
2019-10-21,42.16,42.37,42.09,42.36,38550630
2019-10-22,42.39,42.53,42.33,42.39,59633620
2019-10-23,42.22,42.45,42.19,42.40,43371620
2019-10-24,42.58,42.59,42.37,42.40,61730300
2019-10-25,42.40,42.73,42.38,42.70,49443680
2019-10-28,42.90,43.06,42.88,42.95,56279120
2019-10-29,42.73,42.86,42.69,42.73,33949800
2019-10-30,42.63,42.92,42.45,42.92,60881020
2019-10-31,42.76,42.77,42.36,42.58,56057750
2019-11-01,43.03,43.25,43.01,43.22,72772360
2019-11-04,43.77,43.82,43.58,43.65,62191560
2019-11-05,43.91,43.94,43.70,43.90,62354450
2019-11-06,43.87,43.91,43.62,43.76,61670500
2019-11-07,44.09,44.25,44.02,44.08,97598190
2019-11-08,43.73,43.83,43.59,43.68,68673670
2019-11-11,43.14,43.41,43.09,43.37,47092850
2019-11-12,43.26,43.28,43.01,43.09,57454900
2019-11-13,42.66,42.84,42.60,42.76,63195300
2019-11-14,42.72,42.85,42.57,42.79,48737670
2019-11-15,43.07,43.22,43.03,43.13,67670690
2019-11-18,43.14,43.22,43.02,43.06,52550520
2019-11-19,43.38,43.38,43.09,43.15,40854430
2019-11-20,43.00,43.16,42.78,42.96,51992570
2019-11-21,42.79,42.89,42.68,42.87,43842640
2019-11-22,42.95,42.99,42.77,42.87,23519910
2019-11-25,43.14,43.34,43.10,43.30,57053840
2019-11-26,43.06,43.19,42.89,43.17,49571230
2019-11-27,43.09,43.24,43.01,43.22,30402270
2019-11-29,42.64,42.72,42.54,42.54,35476630
2019-12-02,42.66,42.68,42.37,42.53,59779440
2019-12-03,42.16,42.32,41.97,42.31,50646620
2019-12-04,42.63,42.70,42.57,42.63,47026120
2019-12-05,42.72,42.88,42.65,42.82,43346780
2019-12-06,43.07,43.13,42.98,43.07,56768680
2019-12-09,43.03,43.17,42.88,42.90,38944670
2019-12-10,42.99,43.13,42.91,43.05,34791260
2019-12-11,43.29,43.72,43.27,43.68,60086470
2019-12-12,43.81,44.50,43.77,44.44,132214600
2019-12-13,44.55,44.87,44.30,44.42,160527000
2019-12-16,43.89,44.01,43.82,43.86,81834030
2019-12-17,44.20,44.31,44.12,44.26,79061250
2019-12-18,44.46,44.51,44.36,44.50,67065060
2019-12-19,44.36,44.53,44.33,44.52,59364930
2019-12-20,44.57,44.67,44.50,44.61,69297000
2019-12-23,44.59,44.67,44.54,44.67,29479480
2019-12-24,44.58,44.62,44.48,44.57,18951480
2019-12-26,44.74,44.91,44.72,44.89,24948040
2019-12-27,45.18,45.20,44.95,45.07,48408340
2019-12-30,45.18,45.18,44.71,44.77,44528120
2019-12-31,44.80,44.92,44.67,44.87,47295480
2020-01-02,45.36,45.78,45.35,45.78,78491560
2020-01-03,45.03,45.26,44.91,44.93,79002400
2020-01-06,44.60,44.87,44.59,44.82,40087900
2020-01-07,44.79,44.90,44.69,44.79,65784050
2020-01-08,44.73,45.30,44.69,45.05,86913290
2020-01-09,45.48,45.48,45.26,45.35,53200700
2020-01-10,45.64,45.77,45.53,45.59,67573810
2020-01-13,45.91,46.32,45.81,46.30,79596940
2020-01-14,46.03,46.07,45.82,46.04,75762000
2020-01-15,45.87,45.92,45.60,45.68,60620610
2020-01-16,45.98,46.04,45.83,45.97,50712670
2020-01-17,46.12,46.26,46.01,46.23,72382090
2020-01-21,45.27,45.35,45.03,45.06,106662600
2020-01-22,45.56,45.58,45.30,45.43,57585050
2020-01-23,44.72,45.10,44.48,44.96,88714280
2020-01-24,45.02,45.03,44.39,44.60,88654520
2020-01-27,42.74,44.97,42.66,43.06,129321800
2020-01-28,43.22,43.50,43.03,43.42,82396720
2020-01-29,43.76,43.79,43.50,43.63,51815670
2020-01-30,42.66,43.03,42.43,42.98,105864200
2020-01-31,42.30,42.33,41.88,42.11,99532170
2020-02-03,42.27,42.68,42.26,42.58,71311720
2020-02-04,43.68,43.93,43.65,43.68,73939340
2020-02-05,44.46,44.47,43.90,43.93,74350800
2020-02-06,44.33,44.34,43.96,43.97,80118760
2020-02-07,43.53,43.55,43.25,43.36,58449870
2020-02-10,43.38,43.63,43.38,43.60,45350820
2020-02-11,44.14,44.41,44.08,44.17,58708610
2020-02-12,44.59,44.84,44.50,44.77,41641130
2020-02-13,44.29,44.45,44.16,44.18,64757520
2020-02-14,44.46,44.47,44.04,44.20,45095610
2020-02-18,43.89,44.05,43.81,43.91,40181700
2020-02-19,44.25,44.33,44.19,44.23,45651530
2020-02-20,43.88,44.34,43.40,43.54,109316300
2020-02-21,43.44,43.53,43.23,43.29,70553460
2020-02-24,41.46,41.91,41.43,41.67,101505600
2020-02-25,42.28,42.34,41.34,41.34,118601300
2020-02-26,41.83,42.24,41.64,41.67,109412600
2020-02-27,41.21,41.52,40.66,40.67,151063200
2020-02-28,39.55,40.62,39.28,40.52,201191200
2020-03-02,40.64,41.41,40.40,41.40,135152300
2020-03-03,41.41,42.08,40.83,41.12,141798700
2020-03-04,41.74,41.93,41.51,41.85,80064750
2020-03-05,41.52,41.68,40.80,40.97,107474200
2020-03-06,40.27,40.38,39.80,40.13,104006900
2020-03-09,37.23,38.10,36.60,37.39,143376900
2020-03-10,38.95,39.33,38.17,39.29,142773700
2020-03-11,38.20,38.33,37.22,37.46,137908400
2020-03-12,34.13,34.67,32.89,33.71,171341200
2020-03-13,36.61,36.70,34.38,36.14,128272900
2020-03-16,32.00,33.48,31.59,31.63,101553900
2020-03-17,32.56,33.81,32.02,33.81,92310860
2020-03-18,30.91,32.02,30.15,30.89,101136100
2020-03-19,30.80,31.55,30.25,31.13,68919730
2020-03-20,32.59,32.72,31.25,31.36,100290300
2020-03-23,31.06,31.16,30.09,30.61,97833110
2020-03-24,32.61,32.97,32.35,32.91,84450500
2020-03-25,33.51,34.53,33.19,34.07,79589230
2020-03-26,34.36,35.45,34.28,35.36,89991490
2020-03-27,33.45,33.96,33.19,33.35,74103900
2020-03-30,33.47,33.93,33.22,33.90,47544930
2020-03-31,33.98,34.55,33.92,34.13,64137380
2020-04-01,33.10,33.33,32.62,32.67,65580760
2020-04-02,33.29,33.94,33.20,33.77,55784010
2020-04-03,33.69,33.86,32.95,33.13,68672540
2020-04-06,34.44,34.95,34.30,34.94,82394800
2020-04-07,36.09,36.12,35.05,35.12,74322610
2020-04-08,35.21,35.57,34.94,35.48,47113150
2020-04-09,35.86,36.09,35.26,35.35,67239260
2020-04-13,35.34,35.45,35.00,35.40,38193420
2020-04-14,36.21,36.48,36.01,36.21,52817420
2020-04-15,35.35,35.46,35.12,35.28,60775470
2020-04-16,35.78,35.82,35.35,35.47,37215110
2020-04-17,36.43,36.48,36.00,36.26,40870250
2020-04-20,35.88,36.23,35.73,35.80,44402670
2020-04-21,34.98,35.18,34.74,34.81,46166680
2020-04-22,35.78,35.87,35.69,35.76,37455870
2020-04-23,36.04,36.29,35.61,35.63,40733110
2020-04-24,35.69,35.74,35.25,35.58,30553940
2020-04-27,36.05,36.37,35.99,36.30,30617350
2020-04-28,36.82,36.85,36.35,36.37,34463920
2020-04-29,36.99,37.50,36.92,37.43,45483070
2020-04-30,37.24,37.36,36.40,36.64,59181730
2020-05-01,35.75,35.88,35.20,35.32,56828980
2020-05-04,35.46,35.74,35.32,35.70,37036200
2020-05-05,36.06,36.24,35.86,35.90,41772740
2020-05-06,36.12,36.16,35.77,35.79,36584460
2020-05-07,36.13,36.24,35.91,36.08,36885440
2020-05-08,36.54,36.95,36.51,36.84,60613600
2020-05-11,36.62,36.84,36.56,36.60,31053700
2020-05-12,36.90,37.16,36.45,36.46,49641420
2020-05-13,36.87,36.95,36.15,36.39,55002890
2020-05-14,35.69,36.59,35.55,36.53,58633690
2020-05-15,35.96,36.20,35.84,36.03,40401990
2020-05-18,36.92,37.52,36.91,37.44,47488160
2020-05-19,37.38,37.56,37.12,37.14,36152590
2020-05-20,37.73,37.91,37.42,37.63,43140510
2020-05-21,37.40,37.53,37.02,37.20,42845510
2020-05-22,36.62,36.62,36.31,36.43,47354950
2020-05-26,37.58,37.73,37.19,37.23,54511250
2020-05-27,37.40,37.43,36.91,37.35,47182420
2020-05-28,37.47,37.65,37.07,37.09,53396100
2020-05-29,37.35,37.80,37.09,37.73,63740740
2020-06-01,38.08,38.63,38.01,38.60,49360710
2020-06-02,39.07,39.57,38.98,39.52,54010480
2020-06-03,40.05,40.52,39.99,40.44,60769340
2020-06-04,39.91,40.18,39.67,39.87,50969340
2020-06-05,40.90,41.16,40.81,40.92,52467920
2020-06-08,40.80,41.19,40.55,41.17,39777060
2020-06-09,40.58,40.98,40.43,40.89,44389770
2020-06-10,41.01,41.31,40.67,41.19,81172710
2020-06-11,39.86,40.08,38.98,39.04,91271390
2020-06-12,40.02,40.10,39.28,39.87,73779520
2020-06-15,38.62,39.51,38.50,39.28,76869650
2020-06-16,40.27,40.27,39.25,39.53,79638030
2020-06-17,39.87,40.11,39.79,39.91,61471150
2020-06-18,39.81,40.08,39.80,39.93,48131410
2020-06-19,40.47,40.48,39.78,39.92,72411350
2020-06-22,40.19,40.50,40.10,40.41,39024210
2020-06-23,40.89,41.06,40.76,40.80,32995810
2020-06-24,40.63,40.76,39.98,40.26,51150250
2020-06-25,40.12,40.44,39.98,40.43,48198960
2020-06-26,40.31,40.33,39.77,39.94,53901480
2020-06-29,39.95,40.14,39.72,40.12,34712670
2020-06-30,40.05,40.09,39.74,39.99,67644620
2020-07-01,40.20,40.59,40.18,40.44,51766170
2020-07-02,41.31,41.60,41.18,41.36,42240180
2020-07-06,42.78,43.15,42.78,43.14,69159910
2020-07-07,42.59,42.88,42.40,42.42,34004170
2020-07-08,43.00,43.52,42.95,43.52,42278150
2020-07-09,43.90,43.96,43.13,43.52,64950430
2020-07-10,43.23,43.30,42.95,43.24,45293850
2020-07-13,43.54,43.85,42.87,42.95,47039640
2020-07-14,42.45,43.12,42.35,43.01,56528030
2020-07-15,43.27,43.35,42.97,43.14,48309080
2020-07-16,42.31,42.57,42.24,42.53,36511980
2020-07-17,42.84,42.86,42.55,42.77,40912970
2020-07-20,43.01,43.37,42.89,43.32,23319270
2020-07-21,44.00,44.02,43.70,43.72,44423420
2020-07-22,43.71,43.71,43.28,43.53,31232170
2020-07-23,43.50,43.66,42.97,43.18,39243610
2020-07-24,42.72,43.14,42.63,43.14,30184760
2020-07-27,43.44,43.84,43.31,43.81,39112170
2020-07-28,43.73,43.78,43.40,43.45,31219090
2020-07-29,43.85,44.27,43.85,44.15,37830930
2020-07-30,43.63,43.76,43.19,43.59,47900310
2020-07-31,43.63,43.64,42.96,43.29,62457740
2020-08-03,43.45,43.69,43.41,43.59,30603770
2020-08-04,43.78,44.17,43.77,44.17,40597390
2020-08-05,44.56,44.85,44.53,44.65,36771100
2020-08-06,44.52,44.81,44.36,44.79,33523690
2020-08-07,43.99,44.15,43.64,43.87,35759270
2020-08-10,43.94,44.07,43.64,43.98,26964730
2020-08-11,44.27,44.35,43.81,43.86,34166430
2020-08-12,44.31,44.58,44.21,44.45,30741320
2020-08-13,44.40,44.47,44.13,44.32,26509220
2020-08-14,44.21,44.31,44.15,44.24,24593860
2020-08-17,44.57,44.82,44.49,44.80,26422330
2020-08-18,44.80,44.87,44.46,44.75,34464940
2020-08-19,44.61,44.62,44.19,44.20,28391130
2020-08-20,43.46,44.07,43.37,44.06,38399470
2020-08-21,43.98,44.30,43.79,44.28,34658130
2020-08-24,44.94,44.97,44.59,44.77,26576630
2020-08-25,44.92,45.26,44.82,45.22,27608360
2020-08-26,45.23,45.39,45.16,45.34,31465270
2020-08-27,45.46,45.46,44.77,44.96,31947440
2020-08-28,45.24,45.56,45.12,45.55,24151750
2020-08-31,44.71,44.72,44.25,44.54,52790020
2020-09-01,44.96,45.33,44.91,45.30,34212360
2020-09-02,45.36,45.37,44.78,45.18,50638430
2020-09-03,44.94,44.95,44.04,44.32,82433300
2020-09-04,44.42,44.66,43.58,44.34,62284850
2020-09-08,43.56,43.96,43.43,43.57,50051350
2020-09-09,44.01,44.31,43.90,44.22,49010480
2020-09-10,44.27,44.34,43.51,43.51,54276170
2020-09-11,44.11,44.25,43.71,43.93,49400720
2020-09-14,44.51,44.71,44.45,44.64,38892310
2020-09-15,45.19,45.23,45.02,45.11,30541000
2020-09-16,45.25,45.41,45.03,45.05,38180410
2020-09-17,44.51,44.94,44.48,44.87,38231120
2020-09-18,44.91,44.95,44.45,44.52,34270520
2020-09-21,43.77,44.14,43.39,44.11,42901540
2020-09-22,43.95,43.97,43.42,43.78,44883950
2020-09-23,43.65,43.73,43.06,43.10,40836950
2020-09-24,42.50,43.20,42.43,42.90,46493840
2020-09-25,42.54,42.96,42.29,42.94,44165700
2020-09-28,43.51,43.60,43.21,43.42,45528490
2020-09-29,43.29,43.53,43.24,43.39,25333160
2020-09-30,43.73,44.21,43.70,44.09,48674280
2020-10-01,44.42,44.53,44.16,44.50,51521060
2020-10-02,43.83,44.38,43.78,43.99,32647060
2020-10-05,44.23,44.58,44.23,44.58,36059120
2020-10-06,44.72,45.00,44.51,44.66,43464760
2020-10-07,45.07,45.29,44.94,45.15,45691050
2020-10-08,45.31,45.57,44.95,45.52,29670160
2020-10-09,45.63,45.95,45.50,45.83,31902150
2020-10-12,46.08,46.34,45.98,46.23,40037700
2020-10-13,46.07,46.10,45.80,46.04,35584960
2020-10-14,46.02,46.14,45.71,45.73,42300460
2020-10-15,45.07,45.44,45.02,45.40,41126350
2020-10-16,45.56,45.69,45.41,45.56,31611530
2020-10-19,45.70,45.89,45.34,45.43,30869540
2020-10-20,45.71,46.17,45.69,45.93,51631320
2020-10-21,46.00,46.31,45.94,46.06,42909730
2020-10-22,46.13,46.17,45.82,46.05,41884140
2020-10-23,46.09,46.32,45.87,46.32,36931740
2020-10-26,45.77,46.04,45.35,45.72,53574290
2020-10-27,45.85,46.05,45.70,45.92,41828640
2020-10-28,45.19,45.25,44.73,44.77,67047160
2020-10-29,44.94,45.37,44.78,45.22,44763530
2020-10-30,44.85,44.92,44.41,44.71,66155380
2020-11-02,45.18,45.30,44.92,45.28,51001570
2020-11-03,45.36,45.60,45.18,45.48,49744330
2020-11-04,46.09,47.09,46.00,46.91,81110200
2020-11-05,47.71,47.91,47.31,47.71,78029320
2020-11-06,47.67,48.11,47.54,47.93,57353250
2020-11-09,49.48,49.53,48.24,48.26,74889430
2020-11-10,48.07,48.19,47.50,47.71,68735570
2020-11-11,47.63,48.09,47.56,48.02,46272030
2020-11-12,48.14,48.31,47.54,47.66,41294750
2020-11-13,48.24,48.36,47.98,48.33,48158680
2020-11-16,48.85,49.09,48.76,48.93,63565900
2020-11-17,48.63,49.01,48.56,48.88,34661640
2020-11-18,49.09,49.10,48.70,48.71,32343460
2020-11-19,48.48,48.85,48.38,48.79,27523990
2020-11-20,48.90,49.20,48.85,49.06,35261020
2020-11-23,49.59,49.60,49.08,49.19,38982060
2020-11-24,49.60,49.88,49.34,49.85,39282600
2020-11-25,49.40,49.60,49.26,49.57,47357990
2020-11-27,49.95,50.17,49.91,50.04,27040330
2020-11-30,49.31,49.31,48.71,48.73,60622760
2020-12-01,49.59,49.88,49.34,49.69,50376590
2020-12-02,49.61,49.86,49.42,49.76,42826160
2020-12-03,50.23,50.58,50.19,50.33,61408280
2020-12-04,50.72,50.88,50.63,50.85,42230870
2020-12-07,50.78,50.99,50.65,50.85,43115110
2020-12-08,50.79,50.87,50.62,50.87,28632560
2020-12-09,51.03,51.03,50.19,50.43,40762600
2020-12-10,50.37,51.14,50.34,51.08,36032000
2020-12-11,50.76,50.91,50.63,50.72,38034370
2020-12-14,50.32,50.35,49.91,49.94,34407160
2020-12-15,50.16,50.51,50.02,50.48,39347060
2020-12-16,50.58,50.80,50.47,50.72,38114250
2020-12-17,51.05,51.11,50.89,51.05,36323850
2020-12-18,50.95,51.02,50.78,50.99,47662780
2020-12-21,49.86,50.45,49.84,50.24,48558420
2020-12-22,50.11,50.16,49.77,49.84,35232650
2020-12-23,50.32,50.46,50.25,50.35,36469440
2020-12-24,50.21,50.33,49.86,50.13,20688960
2020-12-28,50.37,50.44,50.16,50.27,26906050
2020-12-29,50.72,51.06,50.67,51.02,41965920
2020-12-30,51.64,51.88,51.59,51.70,35759460
2020-12-31,51.99,52.00,51.36,51.67,35680190
2021-01-04,52.62,52.81,51.83,52.00,48201260
2021-01-05,52.49,53.27,52.48,53.25,53358000
2021-01-06,52.85,53.44,52.66,52.80,56418740
2021-01-07,53.08,53.30,52.82,53.30,41031310
2021-01-08,54.25,54.74,53.94,54.71,76024500
2021-01-11,53.99,54.30,53.91,53.97,40816550
2021-01-12,54.31,54.60,54.16,54.50,47570550
2021-01-13,54.60,54.89,54.28,54.62,33561160
2021-01-14,55.22,55.48,55.06,55.13,38837180
2021-01-15,54.56,54.67,54.21,54.35,58518980
2021-01-19,55.50,55.53,55.12,55.25,50429310
2021-01-20,56.20,56.26,55.95,56.22,38832500
2021-01-21,56.41,56.45,56.11,56.32,31457540
2021-01-22,55.54,55.95,55.47,55.83,48224130
2021-01-25,56.45,56.54,55.71,56.25,50793680
2021-01-26,55.79,55.93,55.53,55.84,32282990
2021-01-27,54.66,54.88,54.25,54.29,45279680
2021-01-28,54.19,54.87,54.05,54.67,38054960
2021-01-29,53.73,53.85,53.05,53.31,57657830
2021-02-01,54.42,54.85,54.16,54.75,51427030
2021-02-02,55.55,55.59,55.29,55.46,33172490
2021-02-03,55.83,55.95,55.57,55.74,32363190
2021-02-04,55.68,55.80,55.34,55.76,40161850
2021-02-05,56.01,56.26,55.80,56.24,24242260
2021-02-08,56.03,56.44,56.03,56.34,21606010
2021-02-09,56.35,56.99,56.34,56.94,27200070
2021-02-10,57.45,57.53,56.80,57.14,30531210
2021-02-11,57.65,57.99,57.54,57.75,48874970
2021-02-12,57.50,57.97,57.41,57.80,28400380
2021-02-16,58.13,58.29,57.78,57.94,34953990
2021-02-17,57.84,58.00,57.55,57.96,37791760
2021-02-18,57.02,57.16,56.54,57.16,46120980
2021-02-19,57.50,57.81,57.34,57.53,39809790
2021-02-22,56.00,56.37,55.78,55.84,46925480
2021-02-23,55.48,56.27,54.79,56.09,40316190
2021-02-24,55.16,55.75,54.82,55.73,36631310
2021-02-25,55.76,55.90,54.38,54.46,50895180
2021-02-26,54.11,54.15,53.39,53.73,68933550
2021-03-01,54.82,55.33,54.70,55.17,53424690
2021-03-02,54.87,54.91,54.46,54.63,38533930
2021-03-03,55.04,55.18,54.32,54.52,43013590
2021-03-04,54.30,54.55,52.97,53.25,70653830
2021-03-05,54.01,54.03,52.80,53.83,64018450
2021-03-08,52.88,53.03,52.25,52.38,54120610
2021-03-09,53.15,53.83,53.08,53.53,42450080
2021-03-10,53.77,53.79,53.04,53.29,42853870
2021-03-11,54.51,55.04,54.27,54.97,57247150
2021-03-12,53.84,53.99,53.58,53.99,41559760
2021-03-15,53.73,54.13,53.59,54.12,32448550
2021-03-16,54.29,54.55,54.10,54.35,41261590
2021-03-17,53.65,54.66,53.52,54.42,57032360
2021-03-18,53.93,54.09,53.39,53.42,49207980
2021-03-19,53.50,54.08,53.33,54.08,60265700
2021-03-22,53.74,54.08,53.55,53.92,24860400
2021-03-23,53.22,53.40,52.86,52.89,40356400
2021-03-24,52.55,52.62,51.68,51.68,45315420
2021-03-25,51.56,52.07,51.52,51.92,73684610
2021-03-26,52.40,53.32,52.16,53.27,142402800
2021-03-29,52.84,53.12,52.64,52.90,51309470
2021-03-30,52.88,53.18,52.73,53.07,44414330
2021-03-31,53.01,53.52,53.01,53.34,38807490
2021-04-01,54.12,54.22,53.81,53.86,44592740
2021-04-05,54.19,54.25,53.95,54.07,30891730
2021-04-06,54.08,54.59,53.96,54.37,31509150
2021-04-07,53.61,53.75,53.38,53.57,47888150
2021-04-08,54.12,54.28,53.98,54.01,50373110
2021-04-09,53.49,53.57,53.37,53.55,35808310
2021-04-12,53.18,53.29,53.06,53.23,30046140
2021-04-13,53.24,53.64,53.16,53.45,33697890
2021-04-14,53.93,54.04,53.67,53.72,27449540
2021-04-15,54.16,54.26,53.99,54.21,42621960
2021-04-16,54.35,54.43,54.09,54.35,32031330
2021-04-19,54.24,54.34,53.96,54.15,34318550
2021-04-20,54.09,54.20,53.56,53.71,27732790
2021-04-21,53.46,54.06,53.34,54.04,33407560
2021-04-22,54.08,54.19,53.68,53.85,39452060
2021-04-23,54.38,54.69,54.34,54.63,27062930
2021-04-26,54.54,54.75,54.43,54.70,26805180
2021-04-27,54.69,54.84,54.58,54.67,25563390
2021-04-28,54.93,55.34,54.76,55.08,37380980
2021-04-29,55.26,55.27,54.49,54.95,36617100
2021-04-30,54.27,54.37,53.85,53.98,46299930
2021-05-03,53.94,54.23,53.76,53.98,20627950
2021-05-04,53.58,53.66,52.98,53.37,38634820
2021-05-05,53.63,53.80,53.45,53.62,16731920
2021-05-06,53.90,54.16,53.73,54.13,29454310
2021-05-07,54.46,54.93,54.39,54.69,41590550
2021-05-10,54.47,54.49,53.66,53.71,40686940
2021-05-11,52.70,53.58,52.66,53.56,37374270
2021-05-12,52.68,52.91,52.01,52.08,53632890
2021-05-13,52.24,52.51,51.74,52.01,42935500
2021-05-14,52.61,53.03,52.48,52.95,40363000
2021-05-17,52.61,52.94,52.53,52.90,23169220
2021-05-18,53.59,53.88,53.52,53.61,32405560
2021-05-19,52.95,53.65,52.91,53.45,46284090
2021-05-20,53.53,53.87,53.52,53.76,33273040
2021-05-21,53.74,53.74,53.06,53.14,39111020
2021-05-24,53.39,53.71,53.28,53.58,22406820
2021-05-25,54.27,54.36,54.03,54.11,40993680
2021-05-26,54.32,54.57,54.30,54.51,26984840
2021-05-27,54.56,54.67,54.40,54.52,35598900
2021-05-28,54.66,55.00,54.64,54.87,43730270
2021-06-01,56.14,56.17,55.82,56.00,41656080
2021-06-02,55.92,56.13,55.77,56.09,24532460
2021-06-03,55.51,55.66,55.34,55.49,40790470
2021-06-04,55.88,56.03,55.80,55.99,29038050
2021-06-07,55.71,55.74,55.46,55.71,24830480
2021-06-08,55.52,55.55,55.26,55.44,38113850
2021-06-09,55.38,55.53,55.23,55.28,30916920
2021-06-10,55.24,55.56,55.19,55.48,28571090
2021-06-11,55.34,55.38,55.11,55.29,28375690
2021-06-14,55.33,55.56,55.27,55.44,26421440
2021-06-15,55.30,55.31,54.94,55.06,34121410
2021-06-16,54.95,55.09,54.09,54.31,44138310
2021-06-17,54.54,54.82,54.45,54.61,27847210
2021-06-18,54.38,54.48,54.12,54.23,42443620
2021-06-21,54.17,54.46,53.92,54.46,26977430
2021-06-22,54.00,54.26,53.85,54.21,35862640
2021-06-23,54.60,54.90,54.51,54.54,26049150
2021-06-24,54.86,55.09,54.81,55.04,20096390
2021-06-25,55.52,55.59,55.29,55.50,24992360
2021-06-28,55.48,55.62,55.40,55.55,22644850
2021-06-29,55.16,55.53,55.04,55.51,18308800
2021-06-30,55.12,55.31,55.05,55.15,33223450
2021-07-01,55.18,55.24,54.56,54.84,27478510
2021-07-02,54.62,54.78,54.45,54.78,24289140
2021-07-06,54.12,54.21,53.62,53.82,38127090
2021-07-07,54.13,54.14,53.55,53.76,25651660
2021-07-08,52.59,52.84,52.46,52.64,45146380
2021-07-09,53.23,53.57,53.09,53.55,28860480
2021-07-12,53.38,53.63,53.28,53.60,22116120
2021-07-13,53.69,53.99,53.64,53.65,29025500
2021-07-14,54.13,54.19,53.77,53.88,19739570
2021-07-15,54.09,54.28,53.88,54.01,33310580
2021-07-16,54.08,54.12,53.48,53.59,23386330
2021-07-19,52.75,52.79,52.41,52.69,33737930
2021-07-20,52.45,52.99,52.33,52.86,37946030
2021-07-21,52.58,53.21,52.53,53.20,24101370
2021-07-22,53.35,53.37,53.07,53.30,27160840
2021-07-23,52.69,52.70,52.23,52.51,31210480
2021-07-26,51.41,51.75,51.30,51.51,43701370
2021-07-27,50.41,50.56,49.83,50.47,73640740
2021-07-28,51.08,51.94,50.96,51.84,56446160
2021-07-29,52.25,52.28,51.89,52.10,43339410
2021-07-30,51.45,51.85,51.43,51.60,59797100
2021-08-02,52.05,52.25,51.91,51.97,40234750
2021-08-03,51.90,52.22,51.69,52.19,30589880
2021-08-04,52.58,52.79,52.34,52.46,32586560
2021-08-05,52.38,52.56,52.34,52.38,15941750
2021-08-06,52.17,52.19,51.79,51.94,36049470
2021-08-09,52.16,52.30,52.05,52.11,24062260
2021-08-10,52.33,52.36,52.10,52.18,15222570
2021-08-11,52.49,52.50,52.09,52.32,22374790
2021-08-12,51.88,51.90,51.65,51.86,25748320
2021-08-13,51.64,51.73,51.39,51.73,28396160
2021-08-16,51.29,51.31,51.04,51.26,46229640
2021-08-17,50.33,50.62,50.12,50.32,78463010
2021-08-18,50.69,50.89,50.38,50.40,42994830
2021-08-19,49.41,49.73,49.37,49.54,63275200
2021-08-20,49.13,49.59,49.11,49.50,44682070
2021-08-23,49.97,50.32,49.85,50.25,45453900
2021-08-24,51.00,51.47,51.00,51.39,51292040
2021-08-25,51.33,51.50,51.20,51.45,25272820
2021-08-26,51.13,51.19,50.91,50.96,29030580
2021-08-27,51.26,51.59,51.10,51.59,32971360
2021-08-30,51.66,51.77,51.43,51.70,18519020
2021-08-31,52.47,52.52,52.33,52.41,43226800
2021-09-01,52.73,53.28,52.73,53.08,35980480
2021-09-02,53.02,53.12,52.76,52.84,24988570
2021-09-03,52.95,53.19,52.93,53.12,21313230
2021-09-07,53.29,53.58,53.25,53.43,33509830
2021-09-08,53.11,53.12,52.53,52.65,53397950
2021-09-09,52.39,52.65,52.30,52.55,34707140
2021-09-10,52.95,53.01,52.48,52.49,40329330
2021-09-13,52.56,52.77,52.36,52.63,35318350
2021-09-14,52.49,52.52,52.09,52.19,35994380
2021-09-15,52.01,52.18,51.80,52.18,38735130
2021-09-16,51.43,51.62,51.25,51.59,43721340
2021-09-17,51.61,51.67,51.27,51.37,45481420
2021-09-20,50.15,50.42,49.57,49.99,52798160
2021-09-21,50.36,50.49,50.14,50.36,39347380
2021-09-22,50.83,51.34,50.82,50.99,46189180
2021-09-23,51.23,51.44,51.12,51.39,27138380
2021-09-24,50.85,50.95,50.73,50.78,29743500
2021-09-27,50.83,51.23,50.67,51.11,31181730
2021-09-28,50.86,50.92,50.28,50.45,44156320
2021-09-29,50.32,50.45,49.96,49.98,43140610
2021-09-30,50.55,50.73,50.28,50.38,66460130
2021-10-01,50.37,50.51,49.88,50.33,45259230
2021-10-04,49.91,49.95,49.28,49.59,43597130
2021-10-05,49.73,50.12,49.67,49.94,28762190
2021-10-06,49.20,49.71,49.11,49.66,57466030
2021-10-07,50.37,50.87,50.33,50.63,60345110
2021-10-08,50.76,50.91,50.64,50.82,24990620
2021-10-11,51.07,51.23,50.70,50.72,26808290
2021-10-12,50.75,50.82,50.42,50.46,29309410
2021-10-13,50.93,51.26,50.78,51.16,35305570
2021-10-14,51.43,51.48,51.13,51.32,23980890
2021-10-15,51.63,52.03,51.52,51.94,41223760
2021-10-18,51.61,51.96,51.57,51.81,26239130
2021-10-19,52.21,52.56,52.12,52.50,40639870
2021-10-20,52.62,52.62,52.37,52.49,27540290
2021-10-21,52.09,52.22,51.98,52.15,35403970
2021-10-22,52.21,52.42,51.84,52.04,51230950
2021-10-25,52.28,52.39,52.02,52.31,32479910
2021-10-26,52.44,52.50,51.95,52.04,32195250
2021-10-27,51.72,51.97,51.56,51.62,32422140
2021-10-28,51.39,51.67,51.25,51.67,27363500
2021-10-29,50.99,51.07,50.65,50.92,51488870
2021-11-01,50.89,51.34,50.85,51.32,31197440
2021-11-02,50.95,50.98,50.78,50.86,34098050
2021-11-03,50.80,51.17,50.62,51.10,49350820
2021-11-04,51.21,51.23,50.80,50.98,23722440
2021-11-05,51.16,51.18,50.74,50.92,23969880
2021-11-08,51.28,51.45,51.22,51.39,23735310
2021-11-09,51.42,51.58,51.10,51.19,28482150
2021-11-10,51.30,51.53,50.86,50.98,36032560
2021-11-11,51.65,52.00,51.64,51.86,55636790
2021-11-12,51.85,52.06,51.78,52.00,31956190
2021-11-15,52.12,52.14,51.78,51.83,31610660
2021-11-16,51.91,52.01,51.71,51.90,32899230
2021-11-17,51.96,51.98,51.48,51.63,22601920
2021-11-18,51.12,51.13,50.75,51.00,36719870
2021-11-19,51.06,51.23,50.89,50.92,36975740
2021-11-22,50.85,50.99,50.49,50.51,37116190
2021-11-23,50.52,50.71,50.24,50.46,38638440
2021-11-24,50.14,50.40,50.02,50.39,32810650
2021-11-26,49.07,49.11,48.51,48.70,58023260
2021-11-29,49.21,49.22,48.73,48.89,44405050
2021-11-30,48.89,49.17,48.35,48.84,81647460
2021-12-01,49.61,49.98,48.98,49.02,52674810
2021-12-02,49.61,49.97,49.35,49.62,73971370
2021-12-03,49.56,49.65,48.71,48.92,79115060
2021-12-06,48.88,49.33,48.67,49.30,54871290
2021-12-07,49.91,50.11,49.87,50.08,51825040
2021-12-08,50.10,50.41,49.97,50.28,38176510
2021-12-09,50.12,50.31,49.98,50.04,36476040
2021-12-10,50.03,50.15,49.90,50.08,42011280
2021-12-13,48.98,49.03,48.47,48.59,50773410
2021-12-14,48.31,48.61,48.27,48.48,42023900
2021-12-15,48.16,48.38,47.65,48.34,57129090
2021-12-16,48.72,48.91,48.30,48.40,60401130
2021-12-17,48.04,48.34,47.94,48.16,55498590
2021-12-20,47.49,47.49,47.15,47.44,40091660
2021-12-21,47.83,48.25,47.80,48.24,31786880
2021-12-22,48.10,48.49,48.00,48.47,27630850
2021-12-23,48.54,48.81,48.40,48.72,22174440
2021-12-27,48.73,49.01,48.73,48.94,27012670
2021-12-28,48.96,49.00,48.76,48.78,24529840
2021-12-29,48.69,48.71,48.34,48.56,27939160
2021-12-30,48.50,49.22,48.50,49.09,34900270
2021-12-31,48.98,49.35,48.84,48.85,30439060
2022-01-03,49.08,49.26,48.78,49.20,27572710
2022-01-04,49.26,49.26,48.93,49.03,24579520
2022-01-05,48.80,49.15,48.22,48.23,46425130
2022-01-06,48.36,48.68,48.16,48.45,34288710
2022-01-07,48.69,48.98,48.50,48.89,32641000
2022-01-10,48.94,49.08,48.56,48.89,43581750
2022-01-11,49.31,50.04,49.16,50.02,57536370
2022-01-12,50.64,50.89,50.46,50.85,56499120
2022-01-13,50.64,50.67,50.09,50.13,33229010
2022-01-14,49.99,50.20,49.82,50.11,40642300
2022-01-18,49.21,49.49,49.15,49.22,45012850
2022-01-19,49.59,49.70,49.39,49.43,43998140
2022-01-20,50.26,50.54,49.67,49.72,58279460
2022-01-21,49.62,49.69,48.95,49.00,59673810
2022-01-24,48.23,48.32,47.19,48.31,87788430
2022-01-25,48.02,48.48,47.72,48.22,54804130
2022-01-26,48.49,48.58,47.51,47.61,55516740
2022-01-27,47.60,47.67,47.04,47.06,61064010
2022-01-28,47.16,47.32,46.66,47.29,48799310
2022-01-31,47.89,48.90,47.84,48.84,65614890
2022-02-01,49.02,49.14,48.60,49.14,50158020
2022-02-02,49.33,49.36,48.73,49.06,35128100
2022-02-03,48.45,48.77,48.37,48.54,38246760
2022-02-04,48.32,48.89,48.22,48.66,36644190
2022-02-07,48.45,48.84,48.41,48.56,31917110
2022-02-08,48.48,49.04,48.46,49.03,25562310
2022-02-09,49.44,49.83,49.38,49.80,40082910
2022-02-10,49.39,50.11,49.38,49.47,55440720
2022-02-11,49.49,49.70,48.64,48.72,53838300
2022-02-14,48.51,48.62,48.12,48.38,59439820
2022-02-15,49.03,49.47,48.98,49.43,32939340
2022-02-16,49.37,49.99,49.33,49.79,47236830
2022-02-17,49.56,49.66,49.11,49.21,41245310
2022-02-18,49.03,49.06,48.62,48.72,41312340
2022-02-22,48.02,48.37,47.72,48.03,60704500
2022-02-23,48.24,48.27,47.38,47.47,38873700
2022-02-24,45.04,46.52,45.01,46.49,95679510
2022-02-25,46.69,47.40,46.45,47.35,58887870
2022-02-28,46.25,46.85,46.17,46.73,79366590
2022-03-01,46.50,46.85,45.84,46.11,72297340
2022-03-02,46.15,46.39,45.70,46.19,61858700
2022-03-03,46.01,46.10,45.45,45.54,57514130
2022-03-04,44.64,44.91,44.37,44.62,68351790
2022-03-07,43.86,44.02,42.91,42.95,77557700
2022-03-08,43.17,43.63,42.73,43.09,90831470
2022-03-09,43.77,44.42,43.61,44.31,59840920
2022-03-10,43.62,43.69,43.20,43.48,59158300
2022-03-11,43.73,43.78,42.56,42.57,72846780
2022-03-14,42.07,42.37,41.42,41.54,85651000
2022-03-15,40.96,41.67,40.80,41.60,85987470
2022-03-16,43.53,45.04,43.32,44.95,134225700
2022-03-17,44.56,44.80,44.15,44.72,80743560
2022-03-18,44.35,45.45,44.24,45.36,77755140
2022-03-21,44.70,44.85,44.32,44.66,58558710
2022-03-22,45.28,45.62,45.24,45.47,61380890
2022-03-23,45.03,45.67,44.92,45.17,76986660
2022-03-24,45.20,45.45,45.05,45.41,52016600
2022-03-25,45.00,45.07,44.74,45.05,39294480
2022-03-28,45.09,45.22,44.81,45.20,49756950
2022-03-29,45.98,46.10,45.73,45.97,54088180
2022-03-30,45.89,46.23,45.74,45.84,57717400
2022-03-31,45.63,45.66,45.12,45.15,74448370
2022-04-01,46.01,46.15,45.62,45.90,54193650
2022-04-04,46.50,46.77,46.34,46.71,48057670
2022-04-05,46.52,46.52,45.77,45.85,45058140
2022-04-06,45.55,45.61,45.02,45.25,56877140
2022-04-07,44.99,45.10,44.66,44.89,38954960
2022-04-08,45.02,45.17,44.88,44.93,41263440
2022-04-11,44.54,44.73,44.35,44.37,47878170
2022-04-12,44.73,44.77,44.19,44.23,41815160
2022-04-13,44.47,44.88,44.44,44.81,33529440
2022-04-14,44.57,44.59,44.20,44.23,38915070
2022-04-18,44.00,44.28,43.86,44.08,29106460
2022-04-19,43.62,43.89,43.43,43.86,40066440
2022-04-20,43.91,43.92,43.52,43.60,36373470
2022-04-21,43.61,43.69,42.67,42.76,44857420
2022-04-22,42.84,43.12,42.37,42.38,68371930
2022-04-25,41.68,42.12,41.59,42.07,67643840
2022-04-26,41.80,41.85,41.15,41.15,70774630
2022-04-27,41.46,41.89,41.40,41.63,61593960
2022-04-28,41.97,42.29,41.54,42.23,43769870
2022-04-29,43.03,43.22,42.34,42.38,61703930
2022-05-02,42.26,42.48,41.81,42.32,55015810
2022-05-03,42.59,42.69,42.43,42.63,45593120
2022-05-04,42.20,43.16,41.94,43.09,57175250
2022-05-05,42.20,42.27,41.12,41.50,63268880
2022-05-06,41.11,41.24,40.69,40.93,67425780
2022-05-09,40.19,40.41,39.72,39.75,83251550
2022-05-10,40.35,40.40,39.59,39.94,69865070
2022-05-11,40.21,40.52,39.63,39.66,75198470
2022-05-12,39.25,39.75,38.95,39.40,73481270
2022-05-13,39.84,40.50,39.81,40.49,49196100
2022-05-16,40.19,40.50,40.10,40.33,32424980
2022-05-17,41.40,41.45,40.98,41.32,49516430
2022-05-18,41.03,41.20,40.27,40.33,53296350
2022-05-19,40.49,41.15,40.49,40.97,55163650
2022-05-20,41.41,41.56,40.59,41.14,59025370
2022-05-23,41.39,41.57,41.18,41.45,36619410
2022-05-24,40.81,40.84,40.35,40.73,46400470
2022-05-25,40.62,41.03,40.55,40.93,37863220
2022-05-26,40.86,41.67,40.86,41.57,51355770
2022-05-27,41.86,42.07,41.73,42.05,31262930
2022-05-31,43.13,43.14,42.64,42.64,72069010
2022-06-01,42.91,42.96,42.16,42.34,40495650
2022-06-02,42.51,43.09,42.40,43.07,44322320
2022-06-03,42.66,42.67,42.27,42.37,39337080
2022-06-06,43.13,43.23,42.49,42.60,43126060
2022-06-07,42.34,42.77,42.27,42.73,57455310
2022-06-08,42.94,43.13,42.78,42.96,43591830
2022-06-09,42.22,42.31,41.56,41.59,53115980
2022-06-10,41.50,41.58,41.03,41.13,44176780
2022-06-13,40.06,40.30,39.52,39.69,67647030
2022-06-14,40.10,40.41,39.99,40.24,58868440
2022-06-15,40.38,41.05,40.16,40.77,67577890
2022-06-16,39.55,39.72,39.26,39.52,68035840
2022-06-17,39.95,40.05,39.42,39.67,63646280
2022-06-21,40.24,40.48,40.18,40.31,35943850
2022-06-22,39.48,39.85,39.41,39.59,41337940
2022-06-23,39.71,39.91,39.36,39.71,44261630
2022-06-24,40.17,40.68,40.10,40.65,41176340
2022-06-27,40.92,40.94,40.63,40.70,27076380
2022-06-28,41.03,41.19,40.41,40.45,31095700
2022-06-29,40.36,40.45,40.16,40.29,33969160
2022-06-30,39.75,40.19,39.51,40.10,52233180
2022-07-01,39.62,39.86,39.37,39.85,44010620
2022-07-05,39.03,39.54,38.87,39.54,49452630
2022-07-06,39.25,39.41,38.96,39.30,36060280
2022-07-07,39.84,40.27,39.83,40.09,56831510
2022-07-08,39.96,40.26,39.81,40.09,20993460
2022-07-11,39.18,39.23,38.86,39.02,52682480
2022-07-12,38.86,39.07,38.68,38.87,24669740
2022-07-13,38.30,38.98,38.30,38.78,39415690
2022-07-14,38.37,38.50,38.05,38.43,43245370
2022-07-15,38.45,38.67,38.12,38.63,44468400
2022-07-18,39.24,39.44,38.84,38.90,38982920
2022-07-19,39.35,39.58,39.27,39.54,33006250
2022-07-20,39.39,39.50,39.19,39.37,38969940
2022-07-21,39.50,39.84,39.43,39.82,36814900
2022-07-22,39.73,39.80,39.24,39.42,25611770
2022-07-25,39.49,39.60,39.38,39.56,21653230
2022-07-26,39.57,39.67,39.18,39.25,22891380
2022-07-27,39.57,40.08,39.41,39.98,37678900
2022-07-28,40.04,40.21,39.59,40.15,37796680
2022-07-29,39.63,39.99,39.45,39.96,54050660
2022-08-01,39.55,39.91,39.31,39.62,34807950
2022-08-02,39.27,39.85,39.18,39.43,41014350
2022-08-03,39.49,39.82,39.33,39.74,34939540
2022-08-04,40.00,40.14,39.86,40.02,31865160
2022-08-05,39.77,40.12,39.74,40.06,28488540
2022-08-08,40.13,40.34,40.02,40.11,39088070
2022-08-09,40.15,40.21,39.88,39.96,22828560
2022-08-10,40.23,40.50,40.08,40.46,27028180
2022-08-11,40.79,41.20,40.54,40.62,39235320
2022-08-12,40.62,41.07,40.60,41.05,24877880
2022-08-15,40.69,40.94,40.66,40.86,29734520
2022-08-16,40.76,40.96,40.72,40.85,20906970
2022-08-17,40.65,40.88,40.55,40.68,34206680
2022-08-18,40.53,40.56,40.26,40.45,30612070
2022-08-19,40.08,40.12,39.78,39.90,36042860
2022-08-22,39.58,39.70,39.51,39.55,26934140
2022-08-23,39.59,39.92,39.51,39.76,33028160
2022-08-24,39.44,39.99,39.41,39.75,23561590
2022-08-25,40.18,40.62,40.10,40.61,44653070
2022-08-26,40.92,40.96,39.97,40.01,41080900
2022-08-29,39.83,40.07,39.75,39.76,22689810
2022-08-30,39.89,39.90,39.14,39.29,34508590
2022-08-31,39.67,39.84,39.40,39.43,37142240
2022-09-01,39.05,39.13,38.72,39.12,38353380
2022-09-02,39.05,39.22,38.67,38.76,35916950
2022-09-06,38.62,38.68,38.27,38.30,50091480
2022-09-07,38.12,38.65,38.08,38.64,39074740
2022-09-08,38.24,38.47,38.12,38.43,55415060
2022-09-09,38.78,39.09,38.77,39.00,26119620
2022-09-12,39.37,39.64,39.27,39.58,41791000
2022-09-13,38.81,38.97,38.29,38.36,44191490
2022-09-14,38.60,38.67,38.39,38.55,37146250
2022-09-15,38.27,38.52,38.07,38.14,47618880
2022-09-16,37.78,37.91,37.61,37.79,67124970
2022-09-19,37.48,37.94,37.46,37.91,33531660
2022-09-20,37.73,37.87,37.56,37.70,36967530
2022-09-21,37.48,37.72,37.02,37.07,62370480
2022-09-22,37.05,37.15,36.81,36.89,41989220
2022-09-23,36.21,36.26,35.80,35.98,49807150
2022-09-26,35.76,35.96,35.47,35.54,53011920
2022-09-27,35.77,36.03,35.34,35.50,47114150
2022-09-28,35.27,35.90,35.19,35.81,49946850
2022-09-29,35.18,35.20,34.72,35.01,43114060
2022-09-30,34.92,35.25,34.85,34.88,50082350
2022-10-03,35.12,35.54,34.95,35.45,41489690
2022-10-04,36.20,36.72,36.17,36.61,51598590
2022-10-05,36.51,36.76,36.25,36.63,30037230
2022-10-06,36.51,36.72,36.38,36.41,29747200
2022-10-07,36.07,36.12,35.59,35.65,35957600
2022-10-10,35.42,35.44,35.02,35.15,31109870
2022-10-11,34.76,35.01,34.48,34.59,46679010
2022-10-12,34.62,34.81,34.51,34.63,42471900
2022-10-13,33.75,34.92,33.67,34.73,51431220
2022-10-14,34.95,34.96,34.18,34.21,33384590
2022-10-17,34.91,35.27,34.91,35.15,51122060
2022-10-18,35.49,35.56,34.90,35.16,33911110
2022-10-19,34.61,34.81,34.39,34.52,31393750
2022-10-20,34.77,35.28,34.70,34.74,44239970
2022-10-21,34.66,35.31,34.53,35.27,43879540
2022-10-24,33.97,34.01,33.48,33.93,55046000
2022-10-25,33.98,34.28,33.95,34.21,31871490
2022-10-26,34.31,35.08,34.30,34.77,37978150
2022-10-27,34.53,34.85,34.46,34.50,34227600
2022-10-28,34.03,34.33,33.95,34.29,46296730
2022-10-31,33.92,34.27,33.92,34.19,44107390
2022-11-01,35.10,35.15,34.70,34.82,50932840
2022-11-02,34.90,35.32,34.50,34.53,47646750
2022-11-03,34.30,34.84,34.28,34.73,38319270
2022-11-04,36.03,36.20,35.67,36.20,70533630
2022-11-07,36.43,36.51,36.09,36.22,38404820
2022-11-08,36.29,36.67,36.16,36.48,36282360
2022-11-09,36.21,36.38,35.80,35.85,34148660
2022-11-10,36.82,37.18,36.67,37.15,53986880
2022-11-11,37.87,38.21,37.78,38.16,52270400
2022-11-14,37.95,38.20,37.78,37.93,42158220
2022-11-15,39.12,39.16,38.54,38.80,77069270
2022-11-16,38.47,38.52,38.12,38.18,49376530
2022-11-17,37.49,38.30,37.48,38.25,56473760
2022-11-18,38.14,38.15,37.84,38.03,45040240
2022-11-21,37.54,37.62,37.35,37.55,29250900
2022-11-22,37.46,37.65,37.39,37.64,33677930
2022-11-23,37.69,37.98,37.68,37.95,43490570
2022-11-25,37.84,37.88,37.73,37.77,19986870
2022-11-28,37.59,38.00,37.59,37.60,45016030
2022-11-29,38.40,38.58,38.31,38.41,50909520
2022-11-30,39.23,39.68,38.98,39.52,103403400
2022-12-01,39.63,39.71,39.25,39.39,50195890
2022-12-02,39.01,39.66,39.01,39.54,47593700
2022-12-05,39.53,39.55,38.99,39.09,62268820
2022-12-06,39.24,39.29,38.94,39.04,31558230
2022-12-07,38.75,38.95,38.68,38.81,46263420
2022-12-08,39.19,39.40,39.06,39.28,41138160
2022-12-09,39.34,39.41,39.02,39.02,48742710
2022-12-12,38.88,38.90,38.56,38.90,41524590
2022-12-13,39.11,39.21,38.51,38.59,60886940
2022-12-14,38.60,38.80,38.31,38.61,62300910
2022-12-15,38.32,38.45,37.69,37.72,48081330
2022-12-16,37.90,38.06,37.77,37.83,48065160
2022-12-19,38.11,38.11,37.79,37.86,22995330
2022-12-20,37.73,38.00,37.69,37.85,25688180
2022-12-21,37.79,38.19,37.71,38.19,23607710
2022-12-22,38.08,38.11,37.57,37.85,27012430
2022-12-23,37.79,37.91,37.61,37.80,19543300
2022-12-27,38.13,38.55,38.08,38.36,42338890
2022-12-28,38.26,38.30,37.78,37.80,31813850
2022-12-29,38.23,38.49,38.18,38.43,27088690
2022-12-30,38.14,38.30,37.76,37.90,38297790
2023-01-03,38.34,38.63,38.11,38.22,35557880
2023-01-04,38.90,39.41,38.68,39.37,57044180
2023-01-05,38.99,39.33,38.98,39.25,25175580
2023-01-06,39.50,40.09,39.26,40.07,49058050
2023-01-09,40.55,40.68,40.35,40.37,59967550
2023-01-10,40.48,40.67,40.28,40.66,34936540
2023-01-11,40.59,40.84,40.52,40.83,41854840
2023-01-12,40.89,41.12,40.50,41.03,42088850
2023-01-13,40.98,41.33,40.97,41.30,32838930
2023-01-17,41.02,41.12,40.90,41.07,41015980
2023-01-18,41.43,41.48,40.77,40.79,54860350
2023-01-19,40.96,41.25,40.94,41.10,33834920
2023-01-20,41.39,41.73,41.26,41.73,42854850
2023-01-23,41.79,42.23,41.76,42.03,38252690
2023-01-24,41.87,42.09,41.81,42.06,34713270
2023-01-25,41.84,42.10,41.61,42.10,30325120
2023-01-26,42.44,42.53,42.21,42.50,28722090
2023-01-27,42.36,42.38,42.09,42.30,36989060
2023-01-30,41.63,41.82,41.43,41.45,38598300
2023-01-31,41.09,41.36,41.01,41.36,43197760
2023-02-01,41.55,42.03,41.27,41.87,51809130
2023-02-02,41.87,41.90,41.41,41.62,45943770
2023-02-03,41.11,41.40,40.78,40.88,42340970
2023-02-06,40.15,40.36,40.00,40.28,41471510
2023-02-07,40.34,40.59,40.05,40.44,31941580
2023-02-08,40.54,40.59,40.22,40.39,38255410
2023-02-09,40.96,41.00,40.44,40.58,27083840
2023-02-10,40.35,40.37,40.05,40.19,34464030
2023-02-13,40.33,40.60,40.23,40.52,20906690
2023-02-14,40.23,40.64,40.10,40.45,21664340
2023-02-15,39.84,40.11,39.77,40.11,31114550
2023-02-16,39.92,40.31,39.80,40.12,29721770
2023-02-17,39.67,39.78,39.52,39.68,35131680
2023-02-21,39.40,39.62,39.17,39.18,33984280
2023-02-22,39.07,39.20,38.87,38.99,37035480
2023-02-23,39.49,39.55,38.93,39.18,28551710
2023-02-24,38.31,38.49,38.15,38.30,48596310
2023-02-27,38.53,38.60,38.42,38.50,24344630
2023-02-28,38.36,38.52,38.19,38.23,39670650
2023-03-01,39.17,39.21,38.97,39.05,39597540
2023-03-02,38.87,39.29,38.80,39.19,28952990
2023-03-03,39.32,39.58,39.27,39.54,20682440
2023-03-06,39.51,39.68,39.39,39.40,26014300
2023-03-07,39.24,39.25,38.71,38.74,36382360
2023-03-08,38.75,38.98,38.74,38.90,18795880
2023-03-09,38.51,38.58,37.96,38.04,40118860
2023-03-10,38.02,38.25,37.80,37.84,49329410
2023-03-13,37.73,38.17,37.65,37.90,43071440
2023-03-14,37.84,38.02,37.72,37.92,36333440
2023-03-15,37.09,37.28,36.90,37.27,53216980
2023-03-16,37.21,37.86,37.15,37.84,39885520
2023-03-17,37.81,37.87,37.48,37.61,40165560
2023-03-20,37.53,37.83,37.44,37.75,28296400
2023-03-21,38.04,38.19,37.89,38.09,27670620
2023-03-22,38.37,38.81,38.22,38.24,40375320
2023-03-23,38.97,39.21,38.58,38.77,39622200
2023-03-24,38.46,38.68,38.39,38.67,28046030
2023-03-27,38.40,38.49,38.26,38.46,36646670
2023-03-28,38.80,39.01,38.76,39.01,43707610
2023-03-29,39.00,39.18,38.90,39.12,32173200
2023-03-30,39.46,39.61,39.35,39.51,32982190
2023-03-31,39.51,39.62,39.32,39.46,36174660
2023-04-03,39.44,39.57,39.32,39.54,19637660
2023-04-04,39.47,39.57,39.35,39.54,31518730
2023-04-05,39.46,39.49,39.09,39.23,35785550
2023-04-06,39.14,39.47,39.03,39.39,22277670
2023-04-10,39.27,39.44,39.20,39.43,20271740
2023-04-11,39.77,39.84,39.65,39.67,23177050
2023-04-12,39.80,39.83,39.31,39.39,29882230
2023-04-13,39.85,40.00,39.80,39.93,28752750
2023-04-14,39.75,39.92,39.53,39.72,26673230
2023-04-17,39.88,39.95,39.73,39.89,26173560
2023-04-18,39.96,40.01,39.74,39.84,23990640
2023-04-19,39.38,39.49,39.30,39.44,25851730
2023-04-20,39.39,39.62,39.26,39.38,29763640
2023-04-21,39.04,39.05,38.79,39.01,26632620
2023-04-24,38.92,38.98,38.79,38.92,19963280
2023-04-25,38.40,38.43,38.13,38.19,31095110
2023-04-26,38.66,38.69,38.38,38.41,45521280
2023-04-27,38.63,38.98,38.59,38.93,23496220
2023-04-28,38.94,39.16,38.92,39.13,22480970
2023-05-01,38.97,39.27,38.95,39.00,16797000
2023-05-02,38.84,38.85,38.48,38.62,24041490
2023-05-03,38.66,38.82,38.53,38.56,18827810
2023-05-04,38.88,39.00,38.78,38.87,29417170
2023-05-05,39.05,39.42,38.99,39.39,18248230
2023-05-08,39.53,39.55,39.34,39.41,19721250
2023-05-09,39.01,39.20,38.97,39.17,17294910
2023-05-10,39.13,39.26,38.94,39.15,22410260
2023-05-11,38.81,39.02,38.70,39.01,34620300
2023-05-12,38.74,38.75,38.47,38.55,32789260
2023-05-15,38.96,39.31,38.84,39.26,28910970
2023-05-16,38.99,39.15,38.96,38.98,24887450
2023-05-17,38.98,39.21,38.91,39.16,24358160
2023-05-18,39.01,39.03,38.78,38.95,30378920
2023-05-19,39.05,39.09,38.90,38.98,26847630
2023-05-22,39.26,39.47,39.26,39.30,30253990
2023-05-23,38.95,39.05,38.67,38.69,43844550
2023-05-24,38.65,38.67,38.38,38.40,31559630
2023-05-25,38.51,38.51,38.25,38.32,28492940
2023-05-26,38.66,39.07,38.66,39.00,24941710
2023-05-30,38.90,38.91,38.44,38.55,25536860
2023-05-31,38.24,38.25,37.91,38.19,35917940
2023-06-01,38.25,38.89,38.23,38.87,32875390
2023-06-02,39.50,39.64,39.48,39.54,53717010
2023-06-05,39.43,39.55,39.35,39.53,16947370
2023-06-06,39.45,39.93,39.41,39.88,35447660
2023-06-07,39.56,39.77,39.34,39.40,44313270
2023-06-08,39.43,39.72,39.42,39.68,26886810
2023-06-09,39.83,40.05,39.82,39.86,22199580
2023-06-12,39.88,39.99,39.82,39.94,25268480
2023-06-13,40.37,40.47,40.23,40.34,35053050
2023-06-14,40.35,40.73,40.33,40.64,37898300
2023-06-15,40.84,41.04,40.76,41.02,36328420
2023-06-16,41.09,41.09,40.77,40.88,40001900
2023-06-20,40.29,40.35,39.95,40.08,50477080
2023-06-21,39.86,39.96,39.74,39.89,20771430
2023-06-22,39.64,39.80,39.58,39.75,22804260
2023-06-23,39.23,39.23,39.06,39.17,26321710
2023-06-26,39.33,39.48,39.26,39.30,18302390
2023-06-27,39.62,39.72,39.52,39.70,21799720
2023-06-28,39.39,39.51,39.30,39.46,21628450
2023-06-29,39.16,39.28,39.15,39.25,23278340
2023-06-30,39.56,39.72,39.47,39.56,23366920
2023-07-03,40.01,40.21,39.95,40.00,15417000
2023-07-05,39.83,39.84,39.69,39.76,15853840
2023-07-06,39.17,39.23,38.80,38.95,36352500
2023-07-07,39.08,39.60,39.07,39.39,21518570
2023-07-10,39.15,39.44,39.14,39.42,22273410
2023-07-11,39.66,39.84,39.49,39.82,19618980
2023-07-12,40.43,40.73,40.41,40.71,61015900
2023-07-13,40.93,41.32,40.91,41.24,44062420
2023-07-14,41.14,41.16,40.98,41.01,26724530
2023-07-17,40.84,41.07,40.67,41.06,25782910
2023-07-18,40.83,40.92,40.64,40.76,29378020
2023-07-19,40.82,40.98,40.63,40.68,26941220
2023-07-20,40.50,40.59,40.31,40.38,31226710
2023-07-21,40.49,40.53,40.29,40.32,21620460
2023-07-24,40.45,41.02,40.42,40.87,47123640
2023-07-25,41.37,41.40,41.19,41.21,32437350
2023-07-26,41.03,41.57,41.01,41.45,34963060
2023-07-27,41.48,41.51,40.90,40.94,37548530
2023-07-28,41.74,41.96,41.67,41.93,34528980
2023-07-31,41.79,42.00,41.72,41.95,28034730
2023-08-01,41.61,41.65,41.37,41.42,34641580
2023-08-02,40.75,40.75,40.34,40.43,35589290
2023-08-03,40.48,40.74,40.44,40.59,20896310
2023-08-04,40.70,40.92,40.49,40.54,29249530
2023-08-07,40.65,40.65,40.31,40.48,19419140
2023-08-08,39.87,40.00,39.67,39.99,22600720
2023-08-09,40.25,40.27,39.93,40.09,27936930
2023-08-10,40.38,40.70,40.08,40.15,26321360
2023-08-11,39.70,39.73,39.45,39.56,32303550
2023-08-14,39.18,39.45,39.04,39.37,25510070
2023-08-15,39.18,39.18,38.87,38.92,31837460
2023-08-16,38.70,38.89,38.56,38.57,37596640
2023-08-17,39.05,39.07,38.63,38.66,35544170
2023-08-18,38.26,38.48,38.20,38.40,33913060
2023-08-21,38.34,38.52,38.27,38.49,24331900
2023-08-22,38.64,38.68,38.35,38.41,26689770
2023-08-23,38.70,39.07,38.68,39.02,27643270
2023-08-24,39.16,39.23,38.86,38.87,25776710
2023-08-25,38.88,38.99,38.58,38.91,20154880
2023-08-28,39.19,39.33,39.12,39.29,21426870
2023-08-29,39.40,39.82,39.29,39.79,30243420
2023-08-30,39.57,39.77,39.55,39.66,16164200
2023-08-31,39.37,39.39,39.11,39.17,35424740
2023-09-01,39.71,39.83,39.54,39.63,26152330
2023-09-05,39.42,39.45,39.27,39.31,23571590
2023-09-06,39.22,39.42,39.03,39.09,29118540
2023-09-07,38.70,38.73,38.55,38.63,23907520
2023-09-08,38.74,38.83,38.65,38.71,15128900
2023-09-11,39.14,39.21,38.99,39.19,20748140
2023-09-12,38.90,39.19,38.89,39.07,26259610
2023-09-13,39.03,39.16,38.95,39.02,20708050
2023-09-14,39.25,39.38,39.13,39.28,22611200
2023-09-15,39.29,39.35,39.09,39.13,32981740
2023-09-18,39.01,39.10,38.90,39.08,22967010
2023-09-19,38.91,38.98,38.77,38.85,17404020
2023-09-20,38.96,39.11,38.69,38.69,24528500
2023-09-21,38.10,38.20,38.01,38.02,33916700
2023-09-22,38.64,38.71,38.44,38.47,40006630
2023-09-25,38.15,38.34,38.15,38.30,29050080
2023-09-26,37.92,38.03,37.73,37.76,39426120
2023-09-27,37.95,37.98,37.63,37.82,27715840
2023-09-28,37.65,37.96,37.58,37.92,31425550
2023-09-29,38.33,38.33,37.88,37.95,41783590
2023-10-02,37.88,37.93,37.66,37.76,30529180
2023-10-03,37.40,37.55,37.20,37.26,52953950
2023-10-04,37.19,37.26,37.02,37.15,36174280
2023-10-05,37.16,37.32,37.03,37.29,27725930
2023-10-06,37.28,37.92,37.22,37.83,33737600
2023-10-09,37.32,37.66,37.26,37.65,21799900
2023-10-10,37.90,38.25,37.87,38.19,35189080
2023-10-11,38.47,38.57,38.27,38.43,24577670
2023-10-12,38.51,38.53,37.90,38.00,36022040
2023-10-13,38.03,38.16,37.77,37.86,26188010
2023-10-16,37.86,38.23,37.81,38.14,21117720
2023-10-17,37.83,38.23,37.82,38.04,24251720
2023-10-18,37.68,37.73,37.40,37.46,29849150
2023-10-19,37.35,37.55,37.22,37.24,28401810
2023-10-20,36.92,37.05,36.76,36.79,39070010
2023-10-23,36.52,36.91,36.38,36.76,34568660
2023-10-24,36.89,37.30,36.89,37.23,33962200
2023-10-25,36.85,37.00,36.70,36.74,25267350
2023-10-26,36.47,36.65,36.40,36.56,28415820
2023-10-27,36.89,36.95,36.47,36.53,34216880
2023-10-30,37.10,37.15,36.78,36.91,30506730
2023-10-31,36.61,36.72,36.41,36.70,37734320
2023-11-01,36.69,37.06,36.65,37.04,27879380
2023-11-02,37.59,37.72,37.47,37.69,33661450
2023-11-03,38.19,38.54,38.17,38.46,41736530
2023-11-06,38.96,38.99,38.72,38.77,32347130
2023-11-07,38.53,38.73,38.35,38.70,18218530
2023-11-08,38.47,38.62,38.36,38.44,18963470
2023-11-09,38.42,38.53,38.03,38.08,25631110
2023-11-10,38.08,38.35,38.02,38.35,18543020
2023-11-13,38.22,38.49,38.14,38.34,23437430
2023-11-14,38.92,39.42,38.91,39.36,66042470
2023-11-15,39.69,39.91,39.60,39.69,43281730
2023-11-16,39.24,39.49,39.14,39.31,22868290
2023-11-17,39.32,39.43,39.24,39.36,28460930
2023-11-20,39.54,39.92,39.52,39.85,35801310
2023-11-21,39.75,39.83,39.52,39.60,20929670
2023-11-22,39.55,39.64,39.38,39.52,20007160
2023-11-24,39.36,39.57,39.33,39.54,11365030
2023-11-27,39.37,39.42,39.27,39.38,22925240
2023-11-28,39.56,39.77,39.49,39.71,35006720
2023-11-29,39.51,39.72,39.44,39.48,26049150
2023-11-30,39.57,39.61,39.29,39.56,30482770
2023-12-01,39.29,39.73,39.20,39.73,27140200
2023-12-04,39.42,39.50,39.19,39.28,28074880
2023-12-05,38.93,39.09,38.84,39.04,25462340
2023-12-06,39.28,39.30,38.98,38.99,23069040
2023-12-07,39.12,39.20,39.00,39.18,19735030
2023-12-08,38.93,39.14,38.85,39.01,25195430
2023-12-11,39.01,39.25,38.96,39.24,20426390
2023-12-12,39.12,39.27,38.94,39.25,20278350
2023-12-13,39.02,39.66,38.83,39.64,42607770
2023-12-14,39.90,40.28,39.90,40.22,51998910
2023-12-15,40.18,40.27,39.98,39.98,37110360
2023-12-18,39.95,39.99,39.78,39.96,37419350
2023-12-19,40.13,40.36,40.10,40.30,33688600
2023-12-20,39.29,39.35,38.79,38.84,44766590
2023-12-21,39.38,39.60,39.31,39.57,33402800
2023-12-22,39.26,39.46,39.22,39.38,17082950
2023-12-26,39.70,39.77,39.58,39.69,16173190
2023-12-27,39.89,39.98,39.82,39.92,30120640
2023-12-28,40.28,40.44,40.22,40.23,36660650
2023-12-29,40.20,40.42,40.17,40.21,48758240
2024-01-02,39.83,39.95,39.65,39.74,20839200
2024-01-03,39.33,39.65,39.31,39.52,32220850
2024-01-04,39.39,39.60,39.38,39.39,20388620
2024-01-05,39.45,39.70,39.38,39.44,21875620
2024-01-08,39.17,39.56,39.13,39.55,16208690
2024-01-09,38.98,39.08,38.91,38.99,31344430
2024-01-10,38.94,38.97,38.81,38.90,20149370
2024-01-11,39.11,39.17,38.78,39.06,24682080
2024-01-12,39.34,39.50,39.17,39.20,21605760
2024-01-16,38.51,38.53,38.19,38.25,44484500
2024-01-17,37.50,37.70,37.48,37.68,50591570
2024-01-18,37.97,38.03,37.83,37.99,31884760
2024-01-19,38.08,38.42,37.94,38.39,31372020
2024-01-22,37.95,38.15,37.91,38.05,25753710
2024-01-23,38.21,38.43,38.19,38.38,34710410
2024-01-24,39.07,39.09,38.77,38.81,38215750
2024-01-25,38.97,39.02,38.73,38.86,23156960
2024-01-26,38.82,39.00,38.79,38.89,21031550
2024-01-29,39.00,39.01,38.70,38.91,24133550
2024-01-30,38.49,38.61,38.41,38.60,22928190
2024-01-31,38.46,38.73,38.27,38.39,37689740
2024-02-01,38.62,38.77,38.53,38.76,22048380
2024-02-02,38.59,38.69,38.45,38.65,29803670
2024-02-05,38.55,38.80,38.49,38.70,26934950
2024-02-06,39.31,39.60,39.23,39.58,41288420
2024-02-07,39.50,39.68,39.47,39.63,22270170
2024-02-08,39.46,39.50,39.30,39.41,23485840
2024-02-09,39.46,39.64,39.25,39.58,22416490
2024-02-12,39.64,40.10,39.63,39.89,33026510
2024-02-13,39.38,39.52,38.95,39.14,42252410
2024-02-14,39.61,39.74,39.53,39.70,28923100
2024-02-15,39.73,39.91,39.71,39.89,27273260
2024-02-16,40.05,40.21,39.99,40.08,36729050
2024-02-20,40.24,40.32,40.04,40.14,32493760
2024-02-21,40.22,40.33,40.08,40.21,29076100
2024-02-22,40.57,40.66,40.43,40.62,32548050
2024-02-23,40.59,40.66,40.45,40.60,37973620
2024-02-26,40.38,40.48,40.35,40.42,23804700
2024-02-27,40.53,40.56,40.45,40.50,21206380
2024-02-28,40.12,40.13,39.90,39.97,31288920
2024-02-29,40.18,40.19,39.93,39.99,43973800
2024-03-01,40.28,40.56,40.20,40.48,35477280
2024-03-04,40.54,40.54,40.34,40.39,38144460
2024-03-05,40.19,40.29,39.96,40.03,32915180
2024-03-06,40.64,40.77,40.55,40.61,45875020
2024-03-07,40.67,40.89,40.59,40.86,26916060
2024-03-08,40.99,41.12,40.77,40.82,30341390
2024-03-11,40.90,41.05,40.87,40.91,22761640
2024-03-12,41.25,41.38,41.07,41.36,37392450
2024-03-13,41.19,41.31,41.16,41.23,25743140
2024-03-14,41.26,41.31,40.91,41.02,31566240
2024-03-15,40.84,40.92,40.71,40.77,32816630
2024-03-18,41.01,41.05,40.79,40.84,23107950
2024-03-19,40.58,40.72,40.42,40.64,23851780
2024-03-20,40.72,41.12,40.66,41.10,32307980
2024-03-21,41.38,41.39,41.12,41.15,27655690
2024-03-22,40.90,40.96,40.79,40.86,30355590
2024-03-25,40.80,40.95,40.80,40.89,12894780
2024-03-26,40.99,41.01,40.84,40.86,15363260
2024-03-27,40.84,40.93,40.74,40.93,21819490
2024-03-28,41.02,41.20,41.02,41.08,28296310
2024-04-01,41.26,41.46,41.06,41.15,20857130
2024-04-02,41.29,41.43,41.24,41.28,22346170
2024-04-03,41.09,41.41,41.05,41.31,33272490
2024-04-04,41.72,41.79,41.13,41.16,33317740
2024-04-05,41.11,41.34,41.02,41.25,31563970
2024-04-08,41.47,41.60,41.45,41.52,18452540
2024-04-09,41.79,41.87,41.60,41.80,23965780
2024-04-10,41.29,41.34,41.06,41.23,37281820
2024-04-11,41.53,41.55,41.22,41.48,23648590
2024-04-12,40.89,40.90,40.44,40.53,50234620
2024-04-15,40.77,40.77,40.20,40.27,31290300
2024-04-16,39.73,39.92,39.62,39.74,43707960
2024-04-17,39.95,39.97,39.59,39.71,26019400
2024-04-18,39.90,40.10,39.78,39.87,20581850
2024-04-19,39.71,39.80,39.58,39.71,29537420
2024-04-22,39.79,40.21,39.76,40.14,25738760
2024-04-23,40.18,40.51,40.16,40.47,21907140
2024-04-24,40.72,40.75,40.48,40.61,18118100
2024-04-25,40.27,40.75,40.22,40.70,21962540
2024-04-26,41.08,41.18,41.02,41.17,24407720
2024-04-29,41.37,41.58,41.32,41.57,31041180
2024-04-30,41.18,41.32,40.99,40.99,32748730
2024-05-01,41.06,41.48,40.98,41.03,34489460
2024-05-02,41.58,42.19,41.45,42.09,48855700
2024-05-03,42.34,42.49,42.17,42.47,31815170
2024-05-06,42.47,42.54,42.40,42.51,19706320
2024-05-07,42.31,42.38,42.22,42.27,21080970
2024-05-08,42.00,42.30,42.00,42.28,18933670
2024-05-09,42.25,42.42,42.16,42.41,22204430
2024-05-10,42.69,42.74,42.45,42.50,28056370
2024-05-13,42.79,42.96,42.77,42.82,22233780
2024-05-14,42.86,43.07,42.84,43.05,24295900
2024-05-15,43.36,43.51,43.15,43.51,30011890
2024-05-16,43.55,43.70,43.45,43.60,27395150
2024-05-17,43.63,43.87,43.55,43.79,30865060
2024-05-20,43.53,43.71,43.49,43.63,24233970
2024-05-21,43.36,43.43,43.24,43.36,18470000
2024-05-22,43.40,43.43,43.13,43.22,23030790
2024-05-23,43.44,43.47,42.82,42.90,28607000
2024-05-24,42.97,43.12,42.94,43.02,20986340
2024-05-28,43.16,43.24,42.88,42.96,21179380
2024-05-29,42.36,42.40,42.24,42.32,30803810
2024-05-30,42.04,42.31,42.02,42.20,20743950
2024-05-31,41.80,41.82,41.45,41.79,49609200
2024-06-03,42.38,42.43,42.05,42.23,33839430
2024-06-04,41.56,41.72,41.41,41.64,38401100
2024-06-05,42.05,42.34,41.98,42.31,28092330
2024-06-06,42.51,42.56,42.37,42.52,26450460
2024-06-07,42.36,42.42,42.01,42.04,37626390
2024-06-10,42.11,42.37,42.01,42.29,30846500
2024-06-11,41.80,41.86,41.61,41.86,35762980
2024-06-12,42.41,42.53,42.20,42.28,34679600
2024-06-13,42.33,42.41,42.02,42.18,21553640
2024-06-14,42.09,42.26,42.02,42.23,18813550
2024-06-17,42.34,42.57,42.23,42.50,21037740
2024-06-18,42.60,42.97,42.60,42.89,35675470
2024-06-20,43.08,43.08,42.66,42.82,43438140
2024-06-21,42.73,42.82,42.65,42.67,20427550
2024-06-24,42.75,42.99,42.66,42.67,19839980
2024-06-25,42.60,42.60,42.46,42.57,27026170
2024-06-26,42.46,42.54,42.38,42.48,18961920
2024-06-27,42.70,42.71,42.47,42.51,24041470
2024-06-28,42.78,42.81,42.51,42.59,22614490
2024-07-01,42.86,42.92,42.62,42.69,18805490
2024-07-02,42.54,42.84,42.52,42.82,21593180
2024-07-03,43.10,43.47,43.10,43.45,27233350
2024-07-05,43.62,43.65,43.31,43.63,21337790
2024-07-08,43.74,43.80,43.61,43.64,18685210
2024-07-09,43.73,43.88,43.67,43.82,19369790
2024-07-10,43.98,44.08,43.89,44.07,15332680
2024-07-11,44.54,44.58,44.21,44.33,35655430
2024-07-12,44.47,44.64,44.45,44.51,24799280
2024-07-15,44.27,44.28,43.99,44.04,24174930
2024-07-16,44.06,44.30,44.02,44.29,19234310
2024-07-17,43.75,43.82,43.54,43.57,42630930
2024-07-18,43.65,43.67,43.09,43.16,42400070
2024-07-19,43.01,43.07,42.74,42.74,34590680
2024-07-22,43.02,43.14,42.91,43.10,17057480
2024-07-23,42.78,42.85,42.66,42.72,22892000
2024-07-24,42.53,42.58,42.09,42.10,28113750
2024-07-25,41.92,42.24,41.77,41.93,27940490
2024-07-26,42.28,42.46,42.19,42.36,21393710
2024-07-29,42.32,42.33,42.07,42.22,14299190
2024-07-30,42.25,42.26,41.89,42.03,19193610
2024-07-31,42.95,43.10,42.82,42.95,38600420
2024-08-01,42.79,42.88,42.09,42.20,35497090
2024-08-02,41.53,41.66,41.37,41.60,34956450
2024-08-05,39.41,40.69,39.39,40.42,60439470
2024-08-06,40.28,40.95,40.20,40.65,32540180
2024-08-07,41.56,41.59,40.88,40.90,36654430
2024-08-08,41.45,41.86,41.31,41.83,30022000
2024-08-09,41.93,42.13,41.77,42.06,21142900
2024-08-12,42.16,42.37,42.09,42.20,15042350
2024-08-13,42.31,42.68,42.28,42.67,21073620
2024-08-14,42.61,42.63,42.28,42.44,17537050
2024-08-15,42.65,43.00,42.57,42.91,26914020
2024-08-16,43.16,43.42,43.14,43.41,31457950
2024-08-19,43.63,43.91,43.57,43.83,26716610
2024-08-20,43.70,43.70,43.38,43.49,19230760
2024-08-21,43.51,43.75,43.50,43.66,14644430
2024-08-22,43.54,43.55,43.06,43.12,22515040
2024-08-23,43.55,43.92,43.44,43.84,27848690
2024-08-26,43.61,43.66,43.41,43.47,18429320
2024-08-27,43.47,43.59,43.35,43.53,14424720
2024-08-28,43.42,43.45,43.10,43.26,15443000
2024-08-29,43.34,43.51,43.26,43.28,15497640
2024-08-30,43.50,43.52,43.17,43.37,29450430
2024-09-03,42.96,43.01,42.46,42.51,35293660
2024-09-04,42.40,42.75,42.40,42.50,24895910
2024-09-05,42.52,42.73,42.43,42.56,22513870
2024-09-06,42.54,42.59,41.75,41.78,32437040
2024-09-09,42.03,42.23,41.97,42.13,19917380
2024-09-10,42.05,42.05,41.69,41.97,19700410
2024-09-11,41.90,42.30,41.55,42.28,26253320
2024-09-12,42.37,42.64,42.26,42.63,19998590
2024-09-13,42.77,42.90,42.75,42.83,16882290
2024-09-16,42.99,43.01,42.78,42.97,14733160
2024-09-17,43.19,43.22,42.91,43.02,20623710
2024-09-18,43.10,43.44,42.80,42.87,26010480
2024-09-19,43.62,43.88,43.37,43.78,41025480
2024-09-20,43.81,43.84,43.54,43.69,33038060
2024-09-23,43.92,44.17,43.88,44.03,24891690
2024-09-24,45.16,45.64,44.99,45.53,64472680
2024-09-25,45.25,45.37,45.02,45.05,41967760
2024-09-26,46.72,46.88,46.30,46.70,80876310
2024-09-27,46.67,46.95,46.53,46.61,51540080
2024-09-30,46.35,46.38,45.74,45.86,61400540
2024-10-01,46.10,46.20,45.59,46.19,38648950
2024-10-02,47.10,47.15,46.73,47.10,55790350
2024-10-03,46.25,46.72,46.20,46.54,31198330
2024-10-04,46.88,46.99,46.67,46.97,29483870
2024-10-07,47.30,47.44,47.02,47.36,42198010
2024-10-08,46.14,46.28,45.78,46.19,47817310
2024-10-09,45.58,46.06,45.52,45.94,35395830
2024-10-10,46.02,46.13,45.63,46.03,18052360
2024-10-11,45.75,46.38,45.70,46.36,28389200
2024-10-14,46.01,46.43,45.89,46.17,20415390
2024-10-15,45.75,45.78,45.08,45.19,31227550
2024-10-16,45.51,45.70,45.45,45.54,25111190
2024-10-17,45.40,45.56,45.24,45.47,36885770
2024-10-18,46.17,46.18,45.87,45.92,30391600
2024-10-21,45.54,45.70,45.34,45.60,19614870
2024-10-22,45.38,45.59,45.36,45.50,19243450
2024-10-23,45.34,45.47,45.05,45.23,19822010
2024-10-24,45.18,45.23,44.95,45.16,16257060
2024-10-25,45.31,45.45,45.05,45.12,21428470
2024-10-28,45.22,45.42,45.16,45.32,15169360
2024-10-29,45.30,45.34,45.14,45.18,15439310
2024-10-30,44.72,44.93,44.65,44.74,24150150
2024-10-31,44.60,44.60,44.19,44.45,43988770
2024-11-01,44.78,44.91,44.48,44.49,17525910
2024-11-04,44.94,45.08,44.72,44.74,24674240
2024-11-05,45.23,45.41,45.19,45.35,21398320
2024-11-06,44.53,44.94,44.34,44.79,37143330
2024-11-07,45.55,45.91,45.53,45.78,39247610
2024-11-08,45.01,45.09,44.46,44.65,44833790
2024-11-11,44.48,44.50,44.17,44.31,21342330
2024-11-12,43.69,43.73,43.33,43.47,33946700
2024-11-13,43.52,43.53,43.12,43.19,26586780
2024-11-14,43.13,43.23,42.94,42.95,34443160
2024-11-15,43.09,43.12,42.85,42.95,29127820
2024-11-18,43.16,43.46,43.16,43.44,27785160
2024-11-19,43.30,43.52,43.27,43.41,16624490
2024-11-20,43.35,43.38,43.12,43.36,18358020
2024-11-21,43.22,43.31,43.07,43.27,16086870
2024-11-22,43.11,43.29,43.10,43.28,14104100
2024-11-25,43.46,43.48,43.19,43.31,18855120
2024-11-26,43.31,43.32,43.08,43.13,19119680
2024-11-27,43.39,43.44,43.03,43.19,17921970
2024-11-29,42.81,43.30,42.80,43.26,17372220
2024-12-02,43.36,43.48,43.21,43.43,16508740
2024-12-03,43.26,43.55,43.10,43.52,49462530
2024-12-04,43.66,43.70,43.49,43.63,21339140
2024-12-05,43.85,43.97,43.83,43.92,23736140
2024-12-06,44.03,44.06,43.79,43.85,13142370
2024-12-09,44.79,45.10,44.73,44.75,34841460
2024-12-10,44.28,44.32,44.00,44.03,26979800
2024-12-11,44.13,44.24,43.99,44.21,20405590
2024-12-12,44.05,44.22,43.93,43.99,17662980
2024-12-13,44.10,44.11,43.88,44.03,19381230
2024-12-16,43.83,43.96,43.78,43.79,32259830
2024-12-17,42.72,43.01,42.69,42.96,30224030
2024-12-18,42.90,43.01,41.88,41.96,33249480
2024-12-19,42.37,42.41,42.10,42.10,31146860
2024-12-20,41.96,42.49,41.92,42.27,25512210
2024-12-23,42.28,42.55,42.21,42.51,17955500
2024-12-24,42.51,42.67,42.45,42.64,7066781
2024-12-26,42.36,42.58,42.34,42.49,16152230
2024-12-27,42.23,42.33,42.11,42.30,22672390
2024-12-30,42.04,42.09,41.84,41.96,25055030
2024-12-31,41.94,42.04,41.78,41.82,40524000
2025-01-02,41.87,41.99,41.67,41.76,25287210
2025-01-03,42.09,42.19,41.95,42.15,17705970
2025-01-06,42.60,42.73,42.27,42.30,26200900
2025-01-07,42.46,42.47,41.95,42.00,30912460
2025-01-08,41.74,41.85,41.61,41.80,20257510
2025-01-10,41.27,41.27,41.02,41.09,42204320
2025-01-13,40.63,40.83,40.61,40.81,28154910
2025-01-14,41.34,41.39,41.14,41.27,23438550
2025-01-15,41.71,41.83,41.62,41.81,22557030
2025-01-16,41.94,41.95,41.75,41.76,17711440
2025-01-17,41.96,42.38,41.90,42.09,30692270
2025-01-21,42.46,42.60,42.29,42.54,16728150
2025-01-22,42.60,42.68,42.45,42.57,16894930
2025-01-23,42.48,42.70,42.40,42.67,15212770
2025-01-24,42.91,43.05,42.75,42.95,20962770
2025-01-27,42.20,42.31,42.08,42.17,25964230
2025-01-28,42.24,42.50,41.99,42.48,22438230
2025-01-29,42.73,42.82,42.44,42.49,24922390
2025-01-30,42.82,43.34,42.80,43.21,30450280
2025-01-31,43.22,43.32,42.65,42.72,29988410
2025-02-03,42.02,42.67,41.97,42.41,37505720
2025-02-04,42.94,43.31,42.88,43.17,26992860
2025-02-05,43.01,43.17,42.95,43.06,21829250
2025-02-06,43.20,43.26,43.11,43.24,19365680
2025-02-07,43.62,43.72,43.16,43.20,32804390
2025-02-10,43.62,43.72,43.51,43.72,19596700
2025-02-11,43.42,43.65,43.35,43.55,19596770
2025-02-12,43.49,43.95,43.38,43.79,19985960
2025-02-13,43.49,44.07,43.48,44.07,22840970
2025-02-14,44.36,44.41,44.19,44.41,24329380
2025-02-18,44.76,44.79,44.59,44.69,23037140
2025-02-19,44.65,44.69,44.52,44.62,20275250
2025-02-20,44.95,45.23,44.80,45.03,29210500
2025-02-21,45.26,45.42,44.74,44.90,33974730
2025-02-24,44.65,44.66,44.19,44.21,38306960
2025-02-25,44.35,44.37,44.06,44.24,19955550
2025-02-26,44.75,44.99,44.57,44.68,25170980
2025-02-27,44.30,44.40,43.78,43.81,30518890
2025-02-28,43.05,43.26,42.86,43.21,52402340
2025-03-03,43.46,43.59,42.68,42.83,45587740
2025-03-04,42.98,43.55,42.71,43.19,30082450
2025-03-05,43.96,44.55,43.83,44.48,47763450
2025-03-06,44.45,44.63,44.16,44.20,33544540
2025-03-07,44.34,44.54,44.01,44.42,23474500
2025-03-10,43.75,43.88,43.09,43.36,29502640
2025-03-11,43.73,43.95,43.41,43.72,21184080
2025-03-12,43.91,44.02,43.62,43.96,17731650
2025-03-13,43.52,43.91,43.48,43.78,17870350
2025-03-14,44.31,44.59,44.26,44.58,21858450
2025-03-17,44.74,45.40,44.74,45.34,37712440
2025-03-18,45.25,45.28,44.94,45.11,19974230
2025-03-19,45.29,45.38,45.00,45.22,31657450
2025-03-20,44.60,44.87,44.53,44.80,25180930
2025-03-21,44.44,44.65,44.40,44.58,19403830
2025-03-24,44.75,44.90,44.66,44.78,20478980
2025-03-25,44.73,44.85,44.61,44.65,29535910
2025-03-26,44.62,44.68,44.32,44.38,22050040
2025-03-27,44.42,44.76,44.42,44.60,15749100
2025-03-28,44.17,44.22,43.70,43.77,27866490
2025-03-31,43.31,43.74,43.16,43.70,25638320
2025-04-01,43.65,43.96,43.51,43.84,21530330
2025-04-02,43.72,44.04,43.70,43.90,18068120
2025-04-03,42.98,43.29,42.96,42.97,26997520
2025-04-04,41.35,41.48,40.14,40.58,75852970
2025-04-07,38.84,40.54,38.57,39.07,87724880
2025-04-08,40.22,40.25,38.19,38.52,57879100
2025-04-09,38.73,41.33,38.46,41.19,71100620
2025-04-10,40.83,40.88,39.83,40.48,44475850
2025-04-11,41.12,41.80,40.97,41.75,43956500
2025-04-14,42.03,42.38,41.86,42.13,22549560
2025-04-15,42.20,42.34,42.08,42.09,18077530
2025-04-16,41.79,42.02,41.43,41.60,19984740
2025-04-17,42.06,42.23,41.88,41.92,23264390
2025-04-21,42.17,42.22,41.61,41.91,16440710
2025-04-22,42.38,42.83,42.34,42.54,25716060
2025-04-23,43.29,43.52,42.98,43.03,24787370
2025-04-24,43.15,43.58,43.10,43.53,28843540
2025-04-25,43.22,43.45,43.13,43.45,18363720
2025-04-28,43.51,43.59,43.32,43.53,11002240
2025-04-29,43.59,43.76,43.56,43.65,12809120
2025-04-30,43.59,43.83,43.41,43.76,20928830
2025-05-01,43.93,43.96,43.70,43.75,14740510
2025-05-02,45.15,45.17,44.84,45.00,33945930
2025-05-05,45.46,45.53,45.34,45.34,22661090
2025-05-06,45.00,45.34,44.98,45.16,17418670
2025-05-07,44.82,44.83,44.52,44.64,23390690
2025-05-08,44.79,44.87,44.56,44.61,17573750
2025-05-09,45.10,45.16,44.83,44.91,16091120
2025-05-12,46.02,46.02,45.71,45.88,26843540
2025-05-13,45.56,46.13,45.53,45.96,23970300
2025-05-14,46.41,46.46,46.25,46.31,22561720
2025-05-15,46.23,46.29,46.03,46.29,21682480
2025-05-16,46.21,46.30,46.05,46.26,23296900
2025-05-19,45.94,46.37,45.94,46.36,16823030
2025-05-20,46.17,46.32,46.12,46.31,20233680
2025-05-21,46.49,46.59,46.12,46.19,25570460
2025-05-22,45.97,46.15,45.90,46.04,16773040
2025-05-23,45.91,46.31,45.87,46.23,22018910
2025-05-27,46.06,46.18,45.97,46.12,26279260
2025-05-28,45.99,46.02,45.87,45.91,26970520
2025-05-29,46.32,46.34,45.93,46.08,24292350
2025-05-30,45.66,45.66,45.23,45.52,42291620
2025-06-02,45.69,45.87,45.52,45.85,20576510
2025-06-03,45.84,46.01,45.74,45.96,20943360
2025-06-04,46.40,46.59,46.35,46.53,26497820
2025-06-05,46.92,46.98,46.65,46.77,26294170
2025-06-06,46.81,46.95,46.72,46.92,16629850
2025-06-09,47.17,47.39,47.11,47.32,22715150
2025-06-10,47.55,47.63,47.34,47.59,26583560
2025-06-11,47.84,47.97,47.73,47.79,28230760
2025-06-12,47.73,47.90,47.69,47.87,19734400
2025-06-13,47.00,47.30,46.98,47.11,35198050
2025-06-16,47.18,47.49,47.17,47.23,26995890
2025-06-17,46.91,47.01,46.54,46.61,35176870
2025-06-18,46.62,46.78,46.48,46.60,26286880
2025-06-20,46.78,46.78,46.28,46.33,32783290
2025-06-23,46.25,46.72,46.15,46.71,22233170
2025-06-24,47.44,47.94,47.41,47.92,36113990
2025-06-25,47.90,47.99,47.82,47.96,23739150
2025-06-26,48.17,48.35,48.05,48.28,21962150
2025-06-27,48.04,48.25,47.95,48.09,37593390
2025-06-30,48.00,48.27,47.90,48.24,32966310
2025-07-01,48.35,48.42,48.19,48.33,25392970
2025-07-02,48.17,48.54,48.13,48.54,23950640
2025-07-03,48.58,48.80,48.58,48.76,20080100
2025-07-07,48.27,48.39,47.96,48.07,24462510
2025-07-08,48.37,48.42,48.24,48.37,16317190
2025-07-09,48.38,48.38,48.15,48.29,14846200
2025-07-10,48.38,48.43,48.20,48.42,21892230
2025-07-11,48.34,48.39,48.22,48.26,27338380
2025-07-14,48.27,48.37,48.20,48.33,16882110
2025-07-15,48.84,48.88,48.61,48.68,24890620
2025-07-16,48.66,48.92,48.48,48.91,32619960
2025-07-17,48.85,49.22,48.80,49.19,22323870
2025-07-18,49.33,49.41,49.05,49.08,23407970
2025-07-21,49.33,49.60,49.25,49.40,16861660
2025-07-22,49.26,49.44,49.05,49.43,22316600
2025-07-23,49.73,49.96,49.69,49.93,23744640
2025-07-24,49.78,49.84,49.62,49.66,18948010
2025-07-25,49.38,49.54,49.31,49.51,15605040
2025-07-28,49.29,49.34,49.09,49.18,27703380
2025-07-29,49.29,49.35,49.13,49.20,24742730
2025-07-30,49.04,49.13,48.74,48.84,37855500
2025-07-31,48.73,48.80,48.48,48.56,30587090
2025-08-01,48.38,48.38,47.98,48.20,27234650
2025-08-04,48.73,48.79,48.56,48.70,32920390
2025-08-05,48.96,49.02,48.73,48.84,18709200
2025-08-06,48.90,49.10,48.80,49.07,17094080
2025-08-07,49.60,49.67,49.35,49.48,23379230
2025-08-08,49.33,49.46,49.28,49.44,16926910
2025-08-11,49.40,49.45,49.23,49.30,15176100
2025-08-12,49.51,49.93,49.47,49.90,22908720
2025-08-13,50.45,50.59,50.41,50.50,28585670
2025-08-14,49.87,50.01,49.74,49.88,28016610
2025-08-15,50.03,50.08,49.88,49.94,24042560
2025-08-18,50.16,50.24,50.10,50.23,19212460
2025-08-19,50.10,50.10,49.76,49.82,17227000
2025-08-20,49.73,49.80,49.45,49.75,20299190
2025-08-21,49.58,49.74,49.54,49.64,14428470
2025-08-22,49.93,50.63,49.89,50.63,31264250
2025-08-25,50.54,50.66,50.33,50.34,23701440
2025-08-26,50.29,50.36,50.16,50.21,25684050
2025-08-27,49.63,49.93,49.59,49.91,31452900
2025-08-28,49.86,50.12,49.84,50.10,21353960
2025-08-29,49.81,49.90,49.65,49.86,24867360
2025-09-02,49.41,49.83,49.34,49.82,24343880
2025-09-03,49.97,50.07,49.88,50.01,29036030
2025-09-04,49.69,49.85,49.53,49.85,14791960
2025-09-05,50.53,50.62,50.17,50.45,24805860
2025-09-08,50.71,50.92,50.63,50.91,23345120
2025-09-09,51.11,51.28,51.10,51.19,23818570
2025-09-10,51.60,51.75,51.50,51.54,27151980
2025-09-11,51.89,52.32,51.87,52.29,38948460
2025-09-12,52.33,52.35,52.19,52.26,17773080
2025-09-15,52.58,52.67,52.48,52.64,22076430
2025-09-16,52.88,53.07,52.77,53.03,28614380
2025-09-17,53.25,53.67,52.98,53.26,53353370
2025-09-18,52.91,53.16,52.78,53.13,30544530
2025-09-19,53.07,53.12,52.91,53.01,37385060
2025-09-22,53.05,53.28,52.98,53.27,18357710
2025-09-23,53.32,53.53,53.24,53.30,21298580
2025-09-24,53.26,53.34,53.05,53.12,24947220
2025-09-25,52.78,52.98,52.63,52.81,27611880
2025-09-26,52.44,52.71,52.34,52.71,22608780
2025-09-29,53.24,53.39,53.12,53.19,26754740
2025-09-30,53.34,53.44,53.20,53.40,25165260
2025-10-01,53.59,53.85,53.59,53.82,29971270
2025-10-02,54.35,54.35,53.90,54.07,27872030
2025-10-03,54.33,54.39,54.06,54.23,21836030
2025-10-06,54.35,54.55,54.30,54.48,17890470
2025-10-07,54.68,54.69,54.02,54.06,18605590
2025-10-08,54.13,54.49,54.12,54.49,15391630
2025-10-09,54.52,54.53,53.80,53.93,24685540
2025-10-10,53.96,54.04,51.82,51.94,67908250
2025-10-13,53.44,53.65,53.20,53.45,34717490
2025-10-14,52.61,53.37,52.53,52.97,36062760
2025-10-15,53.85,54.04,53.51,53.84,31145700
2025-10-16,54.34,54.58,54.05,54.19,29782030
2025-10-17,53.83,54.27,53.80,54.18,24373620
2025-10-20,54.56,55.02,54.55,54.92,29450610
2025-10-21,54.59,54.59,54.31,54.31,27091780
2025-10-22,54.43,54.69,54.01,54.26,23595470
2025-10-23,54.48,54.86,54.46,54.74,19655840
2025-10-24,55.18,55.20,55.01,55.10,19506250
2025-10-27,55.72,55.74,55.50,55.71,24016510
2025-10-28,55.38,55.77,55.33,55.69,25911550
2025-10-29,56.22,56.31,55.74,56.01,32924600
2025-10-30,55.45,55.66,55.31,55.43,22532840
2025-10-31,55.34,55.38,55.03,55.30,29316430
2025-11-03,55.69,55.73,55.37,55.65,18735930
2025-11-04,54.73,55.06,54.61,54.63,25655750
2025-11-05,54.64,55.25,54.61,55.12,22362010
2025-11-06,55.07,55.22,54.52,54.71,24880810
2025-11-07,54.20,54.55,53.80,54.55,32432330
2025-11-10,55.28,55.55,55.09,55.51,27712190
2025-11-11,55.51,55.70,55.37,55.57,22791820
2025-11-12,55.66,55.66,55.41,55.58,24137860
2025-11-13,55.70,55.73,54.81,54.93,29877470
2025-11-14,54.53,55.30,54.41,54.96,27660030
2025-11-17,54.52,54.89,54.14,54.31,24765070
2025-11-18,53.88,54.24,53.67,54.04,29360260
2025-11-19,53.84,54.17,53.61,53.85,20897930
2025-11-20,54.43,54.48,53.08,53.11,32026350
2025-11-21,52.71,53.33,52.38,53.10,40328780
2025-11-24,53.12,53.70,53.12,53.66,33650560
2025-11-25,53.63,53.87,53.21,53.85,25248180
2025-11-26,54.10,54.33,53.96,54.24,22161640
2025-11-28,54.16,54.37,54.12,54.32,15057450
2025-12-01,54.15,54.45,54.15,54.28,17854070
2025-12-02,54.36,54.38,54.07,54.30,22523090
2025-12-03,54.14,54.35,54.05,54.34,16750180
2025-12-04,54.41,54.41,54.18,54.33,14443500
2025-12-05,54.93,55.12,54.67,54.74,20114550
2025-12-08,54.87,54.87,54.48,54.62,29055650
2025-12-09,54.30,54.58,54.25,54.53,17789160
2025-12-10,54.65,55.24,54.58,55.14,35022920
2025-12-11,54.70,54.95,54.48,54.88,22013620
2025-12-12,54.91,54.95,54.10,54.24,30590000
2025-12-15,54.55,54.58,54.07,54.08,29137020
2025-12-16,52.96,53.12,52.77,52.98,38180870
2025-12-17,53.26,53.30,52.58,52.60,35740790
2025-12-18,53.27,53.50,53.13,53.20,29985720
2025-12-19,53.54,53.89,53.50,53.72,28831660
2025-12-22,53.97,54.05,53.88,54.01,21645450
2025-12-23,53.99,54.33,53.90,54.31,25319660
2025-12-24,54.41,54.46,54.34,54.42,9565286
2025-12-26,54.57,54.82,54.52,54.80,11351950
2025-12-29,54.52,54.68,54.43,54.66,18816660
2025-12-30,54.87,54.99,54.81,54.88,24643050
2025-12-31,54.90,54.92,54.67,54.71,20000920
2026-01-02,55.89,56.25,55.81,56.24,38255890
2026-01-05,56.59,56.86,56.36,56.86,37082490
2026-01-06,57.17,57.43,57.16,57.28,29801700
2026-01-07,57.03,57.05,56.80,56.85,26931300
2026-01-08,56.75,56.89,56.62,56.87,27719780
2026-01-09,56.88,57.16,56.71,57.14,31540740
2026-01-12,57.24,57.97,57.21,57.94,47304270
2026-01-13,57.77,57.80,57.38,57.51,34414930
2026-01-14,57.58,57.77,57.44,57.75,45156390
2026-01-15,58.15,58.38,57.93,58.09,60438100
2026-01-16,57.97,58.01,57.57,57.87,30623990
2026-01-20,57.34,57.75,57.23,57.31,37026870
2026-01-21,57.99,58.48,57.92,58.26,44193760
2026-01-22,58.70,58.93,58.49,58.70,33731370
2026-01-23,58.56,59.15,58.43,59.07,31584650
2026-01-26,59.04,59.39,58.99,59.17,37944970
2026-01-27,59.97,60.37,59.88,60.34,62222270
2026-01-28,60.87,60.87,60.37,60.75,52067700
2026-01-29,60.86,60.95,59.55,60.44,70851900
2026-01-30,59.81,60.07,58.83,59.10,73861240
2026-02-02,58.58,59.47,58.56,59.28,44512250
2026-02-03,59.93,59.99,59.03,59.60,41132270
2026-02-04,59.89,59.91,58.55,58.80,50852440
2026-02-05,58.55,59.03,58.22,58.53,50880870
2026-02-06,59.24,60.09,59.22,60.07,37534830
2026-02-09,59.97,60.65,59.90,60.51,35324340
2026-02-10,60.72,60.82,60.42,60.60,32247100
2026-02-11,61.17,61.62,60.78,61.56,38158950
2026-02-12,61.84,61.91,60.68,60.86,48070640
2026-02-13,60.72,61.21,60.13,61.12,40091290
2026-02-17,60.72,61.08,60.19,60.87,38127230
2026-02-18,61.03,61.55,60.91,61.19,29966900
2026-02-19,60.83,61.07,60.58,61.04,38043840
2026-02-20,61.01,62.36,60.97,62.34,56421590
2026-02-23,62.02,62.25,61.51,61.65,36573380
2026-02-24,62.24,62.84,62.10,62.62,44407280
2026-02-25,63.42,63.43,63.04,63.31,42201180
2026-02-26,63.28,63.31,62.08,62.71,52083200
2026-02-27,62.20,65.96,62.12,62.58,34830090
2026-03-02,60.79,61.85,60.79,61.50,46879880
2026-03-03,57.97,58.91,56.74,58.42,99942890
2026-03-04,58.55,59.58,58.24,59.05,74073250
2026-03-05,58.02,58.58,56.89,57.63,81396890
2026-03-06,56.83,57.70,56.56,57.32,55731840
2026-03-09,56.66,58.65,56.24,58.45,65072530
2026-03-10,58.66,59.88,58.34,58.68,56415090
2026-03-11,58.70,59.16,58.38,58.83,35658160
2026-03-12,57.99,58.03,56.86,56.95,53035000
2026-03-13,57.62,58.01,56.66,56.80,47897120
2026-03-16,58.05,58.64,57.99,58.38,36204920
2026-03-17,58.88,59.05,58.52,58.75,24929120
2026-03-18,58.38,58.62,57.54,57.56,37207420
2026-03-19,56.44,57.87,56.26,57.62,50957580
2026-03-20,56.95,57.01,55.44,55.64,78534160
2026-03-23,56.88,57.84,56.56,57.31,61193450
2026-03-24,56.13,56.91,56.03,56.52,37192270
2026-03-25,57.42,57.77,57.03,57.42,36444040
2026-03-26,56.26,56.64,55.44,55.47,42794940
2026-03-27,55.35,55.74,55.00,55.20,38596110
2026-03-30,55.50,55.53,54.44,54.75,32281490
2026-03-31,54.94,56.86,54.88,56.79,64809400
2026-04-01,57.21,57.83,57.02,57.23,51176300
2026-04-02,55.57,57.03,55.43,56.59,33449850
2026-04-06,56.95,57.42,56.74,57.11,19981720
2026-04-07,57.17,57.33,56.33,57.31,28112830
2026-04-08,60.86,60.99,59.90,60.44,50444840
2026-04-09,59.76,60.52,59.48,60.28,35719550
2026-04-10,60.71,60.88,60.37,60.56,20508650
2026-04-13,60.08,61.13,60.00,61.07,24457390
2026-04-14,61.60,62.26,61.57,62.24,23734190
2026-04-15,62.04,62.31,61.85,62.20,26278690
2026-04-16,62.43,62.73,62.05,62.45,32327550
2026-04-17,63.53,64.22,63.37,63.64,46228640
2026-04-20,63.11,63.26,62.78,63.18,20045650
2026-04-21,63.28,63.37,62.15,62.25,25552580
2026-04-22,62.99,63.41,62.88,63.38,19635730
2026-04-23,62.75,63.07,61.70,62.35,33271520
2026-04-24,63.28,63.82,63.09,63.74,26360830
2026-04-27,63.90,63.98,63.50,63.64,14689530
2026-04-28,62.79,63.12,62.53,62.99,20628900
2026-04-29,63.07,63.12,62.44,62.69,21066220
2026-04-30,63.24,64.14,62.88,63.99,32197000
2026-05-01,63.84,64.67,63.80,64.13,22489220
2026-05-04,64.47,64.86,63.81,64.10,19751750
2026-05-05,64.98,65.62,64.89,65.40,18700980
2026-05-06,66.85,67.59,66.64,67.49,35376450
2026-05-07,67.67,67.67,66.48,66.59,34734670
2026-05-08,67.33,67.96,67.28,67.94,27606250
2026-05-11,67.83,68.15,67.58,67.89,14667110
2026-05-12,66.22,66.51,64.98,65.82,37773350
2026-05-13,66.57,67.44,66.27,67.21,26065350
2026-05-14,66.95,67.52,66.83,67.38,21184440
2026-05-15,65.23,65.47,64.72,65.07,34830880
2026-05-18,65.66,65.76,64.38,64.97,37739830
2026-05-19,63.62,64.84,63.48,64.26,37009420
2026-05-20,64.49,65.56,64.39,65.46,32484720
2026-05-21,65.23,66.34,65.05,66.03,28726490
2026-05-22,66.00,66.39,65.74,65.88,30850970
2026-05-26,67.72,68.50,67.69,68.40,25457010
2026-05-27,68.76,68.96,67.94,68.39,31992370
2026-05-28,67.64,68.77,67.42,68.61,33063300
2026-05-29,68.93,69.11,68.50,68.60,32143090
2026-06-01,69.38,70.51,69.13,70.08,31731100
2026-06-02,70.29,70.86,70.06,70.80,16577430
2026-06-03,70.42,70.47,69.56,69.92,22147080
2026-06-04,68.52,69.28,68.08,69.10,21260300
2026-06-05,66.73,66.89,64.36,64.59,56184500
2026-06-08,66.06,66.37,65.59,65.75,29088370
2026-06-09,67.21,67.45,64.07,65.82,42106670
2026-06-10,65.31,66.28,64.58,64.66,37541930
2026-06-11,65.27,67.59,65.17,67.50,41505660
2026-06-12,67.53,68.20,67.08,67.88,39782750
2026-06-15,69.61,69.88,69.38,69.75,37751510
2026-06-16,69.33,69.73,68.58,68.64,31283480
2026-06-17,69.57,70.08,68.41,68.56,36131290
2026-06-18,70.18,70.92,70.15,70.79,49998100
2026-06-22,71.29,71.57,70.98,71.21,25302330
2026-06-23,67.25,68.23,67.06,67.17,39069000
2026-06-24,67.38,67.61,66.59,67.25,22973260
2026-06-25,68.91,68.99,67.27,67.96,24479780
2026-06-26,66.34,67.72,66.27,67.19,24158890
2026-06-29,66.99,67.46,66.00,67.43,18609730
2026-06-30,67.59,68.50,67.48,68.41,20384260
2026-07-01,66.91,67.46,66.48,66.48,28146680
2026-07-02,66.53,67.19,64.80,65.70,34260830
2026-07-06,67.25,67.79,67.21,67.57,24039310
2026-07-07,65.99,66.33,65.25,65.72,26285130
2026-07-08,65.16,66.25,64.97,66.23,20723500
2026-07-09,66.57,66.96,66.36,66.78,19566800
2026-07-10,66.54,67.02,66.19,66.90,18694780
2026-07-13,65.19,65.29,64.39,64.50,25474750
2026-07-14,65.53,65.80,65.11,65.67,18557840
2026-07-15,65.87,66.04,64.66,65.57,30073860
2026-07-16,64.43,64.72,63.91,64.19,21565690
2026-07-17,62.30,63.89,62.01,63.29,35145370
2026-07-20,64.03,64.17,63.48,63.56,19269610
2026-07-21,65.12,65.50,64.82,65.34,20839300
2026-07-22,64.64,65.19,64.63,64.99,13400150
2026-07-23,64.49,65.03,63.99,64.60,13003340
2026-07-24,63.95,64.15,63.24,63.33,20525620
2026-07-27,64.22,64.27,62.84,63.62,23441420
2026-07-28,62.06,62.80,61.67,62.36,29000870
2026-07-29,61.73,62.70,60.77,61.07,32438150
2026-07-30,62.48,63.64,62.30,63.59,42234970
2026-07-31,64.93,65.06,63.51,64.09,31148570
2026-08-03,63.74,64.44,63.34,64.32,21829560
2026-08-04,65.22,66.14,65.12,66.00,25811430
2026-08-05,65.95,66.23,65.67,65.72,21452660
2026-08-06,64.68,65.56,64.47,65.02,20782380
2026-08-07,65.87,65.94,65.00,65.64,21462080
2026-08-10,65.21,65.36,64.98,65.17,19095120
2026-08-11,65.62,65.75,65.19,65.43,9763383
2026-08-12,66.61,66.67,66.19,66.46,20256640
2026-08-13,66.42,66.97,66.34,66.68,14549140
2026-08-14,66.84,67.09,66.42,66.61,11964710
2026-08-17,67.33,67.94,67.22,67.32,17036870
2026-08-18,66.03,66.28,65.25,65.34,24782770
2026-08-19,66.55,66.60,65.84,66.11,16168600
2026-08-20,66.18,66.81,66.14,66.62,16821770
2026-08-21,67.42,67.49,66.97,67.12,18381080
2026-08-24,66.40,66.44,65.78,66.11,16073660
2026-08-25,66.84,67.29,66.63,67.25,16396320
2026-08-26,67.36,67.55,67.14,67.17,14934190
2026-08-27,67.57,67.69,67.20,67.61,10911260
2026-08-28,67.70,68.00,66.97,67.14,11763240
2026-08-31,67.29,67.41,66.81,67.02,20905050
2026-09-01,67.06,67.42,66.56,66.77,17084740
2026-09-02,66.81,67.19,66.77,67.15,9798205
2026-09-03,67.07,67.55,66.71,67.47,12203650
2026-09-04,67.73,68.73,67.72,68.70,22133080
2026-09-08,68.99,69.12,68.72,68.83,18051060
2026-09-09,68.66,69.00,68.30,68.48,16270960
2026-09-10,67.37,67.51,66.96,67.00,22822230
2026-09-11,67.98,68.03,67.69,67.84,21480550
2026-09-14,65.95,66.48,65.72,65.99,24207030
2026-09-15,66.12,66.14,65.56,65.76,13861710
