date,open,high,low,close,volume
2016-09-15,16.68,16.87,16.54,16.66,4784805
2016-09-16,16.52,16.52,16.02,16.16,9113715
2016-09-19,16.37,16.63,16.20,16.42,3360585
2016-09-20,16.42,16.57,16.25,16.43,2893582
2016-09-21,16.70,16.84,16.50,16.79,3384446
2016-09-22,16.99,17.06,16.64,16.91,3704223
2016-09-23,16.69,17.12,16.56,16.81,2788131
2016-09-26,17.20,17.40,16.72,16.73,4206551
2016-09-27,16.67,16.67,16.12,16.41,5207722
2016-09-28,16.49,16.82,16.22,16.70,6667639
2016-09-29,16.74,17.05,16.45,16.58,4417062
2016-09-30,16.78,16.97,16.44,16.79,7994996
2016-10-03,16.88,16.95,16.65,16.71,3650266
2016-10-04,16.70,16.78,16.16,16.22,3519151
2016-10-05,16.48,16.82,16.36,16.59,4022245
2016-10-06,16.60,16.74,16.35,16.49,2858197
2016-10-07,16.50,16.55,15.93,15.95,3936987
2016-10-10,16.16,16.50,16.14,16.35,4138449
2016-10-11,16.28,16.30,15.74,15.97,4584344
2016-10-12,15.84,15.89,15.36,15.58,5914522
2016-10-13,15.41,15.88,15.02,15.66,6170946
2016-10-14,15.72,15.89,15.46,15.72,4097305
2016-10-17,15.71,15.76,15.56,15.73,2112553
2016-10-18,15.92,16.34,15.85,16.27,3039219
2016-10-19,16.41,16.74,16.32,16.61,4151314
2016-10-20,16.47,16.73,16.38,16.48,3729213
2016-10-21,16.41,16.56,16.22,16.49,5540510
2016-10-24,16.49,16.63,16.03,16.48,5217695
2016-10-25,16.47,16.48,16.06,16.11,5075694
2016-10-26,15.98,16.06,15.65,15.75,3355360
2016-10-27,15.78,15.90,15.34,15.35,3767917
2016-10-28,15.27,15.65,15.02,15.09,5588775
2016-10-31,15.07,15.22,14.74,14.93,4186026
2016-11-01,15.10,15.18,14.51,14.68,6303898
2016-11-02,14.51,14.74,14.07,14.59,4343102
2016-11-03,14.30,14.50,13.90,14.01,4474913
2016-11-04,13.89,14.30,13.77,13.80,8699490
2016-11-07,13.96,14.18,13.85,14.07,4842923
2016-11-08,14.05,14.32,13.96,14.00,5148115
2016-11-09,16.17,16.94,14.98,16.35,18556590
2016-11-10,16.64,17.14,16.30,16.31,8842187
2016-11-11,16.25,17.37,16.05,16.99,13393630
2016-11-14,16.98,17.15,16.53,16.83,6448908
2016-11-15,17.17,17.49,16.50,16.86,6945178
2016-11-16,16.74,17.01,16.33,16.39,4752667
2016-11-17,16.52,16.95,16.41,16.67,5031294
2016-11-18,16.97,17.43,16.64,17.29,8590674
2016-11-21,18.11,19.99,17.60,17.92,21221030
2016-11-22,18.00,18.72,17.04,17.76,16355910
2016-11-23,17.65,18.00,17.44,17.56,3989224
2016-11-25,17.46,17.50,17.07,17.30,1543574
2016-11-28,17.61,17.61,16.39,16.44,9022064
2016-11-29,16.08,16.95,15.60,16.48,15126920
2016-11-30,17.10,17.74,16.84,17.03,15200810
2016-12-01,17.31,17.32,15.92,16.31,12926960
2016-12-02,16.30,16.82,16.03,16.48,7668864
2016-12-05,16.28,16.44,16.05,16.07,7672046
2016-12-06,16.00,16.68,15.96,16.56,6326612
2016-12-07,16.52,17.03,16.50,16.99,7908394
2016-12-08,17.07,17.31,16.89,17.29,4267018
2016-12-09,17.36,17.54,17.18,17.18,4528576
2016-12-12,17.50,17.57,17.02,17.10,3654856
2016-12-13,17.24,17.38,17.01,17.22,2277594
2016-12-14,17.05,17.41,16.93,17.10,5002718
2016-12-15,17.00,17.60,16.76,17.47,8935999
2016-12-16,17.50,18.02,17.37,17.79,22048240
2016-12-19,17.79,18.07,17.68,17.96,4325129
2016-12-20,17.99,19.41,17.98,18.74,10796420
2016-12-21,18.89,19.25,18.67,18.76,4564734
2016-12-22,18.76,19.98,18.73,19.29,10910250
2016-12-23,19.33,19.68,19.29,19.59,3203254
2016-12-27,19.66,19.81,19.36,19.53,5953904
2016-12-28,19.52,19.63,19.09,19.25,3090721
2016-12-29,19.21,19.54,19.05,19.38,2216952
2016-12-30,19.25,19.65,19.25,19.31,4011962
2017-01-03,19.59,19.93,19.06,19.17,5627135
2017-01-04,19.20,19.75,19.00,19.57,5144673
2017-01-05,19.59,19.77,19.48,19.58,3209199
2017-01-06,19.67,20.05,19.54,19.86,4888670
2017-01-09,19.36,19.39,18.44,18.92,12312300
2017-01-10,18.84,18.90,18.58,18.74,5949336
2017-01-11,18.74,18.99,18.61,18.83,4395143
2017-01-12,19.11,19.19,18.51,18.80,4319731
2017-01-13,18.68,18.83,18.44,18.60,6307897
2017-01-17,18.61,18.75,18.36,18.54,6400527
2017-01-18,18.31,18.31,17.91,18.00,7590092
2017-01-19,17.91,18.16,17.62,17.71,4488419
2017-01-20,17.84,18.06,17.71,18.02,4581496
2017-01-23,17.91,18.30,17.82,18.25,2707065
2017-01-24,18.77,18.99,18.41,18.62,5042200
2017-01-25,18.76,18.98,18.62,18.92,6798181
2017-01-26,19.11,19.22,18.87,18.96,4672789
2017-01-27,18.90,18.95,18.30,18.56,3731447
2017-01-30,18.44,18.44,17.91,18.02,4050836
2017-01-31,18.07,18.17,17.71,17.95,5375665
2017-02-01,18.28,18.32,17.89,18.09,3732718
2017-02-02,18.29,18.52,17.93,18.51,3439576
2017-02-03,18.67,19.27,18.34,19.05,12720010
2017-02-06,19.04,19.20,18.42,18.54,7322594
2017-02-07,18.40,19.18,18.30,19.05,7577071
2017-02-08,19.05,19.27,18.44,19.25,4885187
2017-02-09,19.25,19.48,18.96,19.15,6615632
2017-02-10,19.35,19.37,18.83,18.84,5295630
2017-02-13,18.78,18.89,18.46,18.58,5897062
2017-02-14,18.62,19.45,18.49,19.38,8351889
2017-02-15,19.43,19.85,19.26,19.36,5089825
2017-02-16,19.44,19.54,19.06,19.12,5723317
2017-02-17,19.04,19.19,18.85,19.06,3155619
2017-02-21,19.39,19.41,18.96,19.05,2693047
2017-02-22,19.01,19.04,18.79,18.92,2947326
2017-02-23,19.30,19.40,18.70,18.98,5067139
2017-02-24,18.81,18.94,18.61,18.87,2883668
2017-02-27,18.94,19.12,18.71,18.96,3250824
2017-02-28,18.85,19.05,18.74,18.84,3280814
2017-03-01,18.98,19.21,18.92,19.05,5027135
2017-03-02,19.00,19.21,18.85,19.11,2718407
2017-03-03,19.07,19.31,19.07,19.28,2870947
2017-03-06,19.24,19.42,18.93,19.41,3905216
2017-03-07,19.41,19.44,19.11,19.26,2060659
2017-03-08,19.08,19.22,18.76,18.81,3515488
2017-03-09,18.68,18.72,18.37,18.54,5924001
2017-03-10,18.61,18.78,18.37,18.51,2611240
2017-03-13,18.48,18.80,18.48,18.69,2714727
2017-03-14,18.55,18.66,18.11,18.38,2740916
2017-03-15,18.40,19.10,18.22,19.06,5018999
2017-03-16,19.08,19.17,18.77,18.99,2684329
2017-03-17,18.99,19.06,18.82,18.96,4678192
2017-03-20,18.88,18.93,18.64,18.74,3973468
2017-03-21,18.81,18.85,18.05,18.61,5609187
2017-03-22,18.39,18.46,18.14,18.30,6075792
2017-03-23,18.40,18.59,18.26,18.46,5681926
2017-03-24,18.59,19.23,18.52,18.90,6409368
2017-03-27,18.63,18.76,18.31,18.31,5570971
2017-03-28,18.31,18.85,18.23,18.78,4934415
2017-03-29,18.72,19.36,18.72,19.32,4490365
2017-03-30,19.41,19.43,19.21,19.42,2182966
2017-03-31,19.42,19.79,19.34,19.73,5152128
2017-04-03,19.77,19.82,19.31,19.45,2714529
2017-04-04,19.45,19.56,19.27,19.28,1910937
2017-04-05,19.44,19.61,19.03,19.09,2891940
2017-04-06,19.34,19.70,19.25,19.43,5220754
2017-04-07,19.43,19.55,19.27,19.27,1629585
2017-04-10,19.42,19.43,19.15,19.17,1722266
2017-04-11,19.17,19.23,18.87,18.90,3195261
2017-04-12,18.90,19.01,18.66,18.75,2280880
2017-04-13,18.77,18.81,18.17,18.40,4692789
2017-04-17,18.47,18.71,18.47,18.69,3312897
2017-04-18,18.52,18.85,18.51,18.56,3091851
2017-04-19,18.70,18.89,18.44,18.44,4357758
2017-04-20,18.50,18.81,18.50,18.63,3593969
2017-04-21,18.62,18.63,18.17,18.26,5395030
2017-04-24,18.27,18.47,18.05,18.20,7098474
2017-04-25,18.16,18.65,18.12,18.55,8747414
2017-04-26,18.55,19.50,18.44,19.13,6192277
2017-04-27,19.10,19.18,18.56,18.62,4410660
2017-04-28,18.68,18.82,18.57,18.66,3568505
2017-05-01,18.75,18.76,18.25,18.70,2521195
2017-05-02,18.72,18.80,18.10,18.33,3955093
2017-05-03,18.32,18.41,18.13,18.22,5656465
2017-05-04,18.13,18.20,17.00,17.11,15491570
2017-05-05,17.09,17.88,17.01,17.76,18899100
2017-05-08,17.49,17.87,17.49,17.67,5046877
2017-05-09,17.55,17.68,17.45,17.45,14526390
2017-05-10,17.71,18.73,17.70,18.69,6646142
2017-05-11,18.68,18.84,18.53,18.58,7779223
2017-05-12,18.71,18.86,18.59,18.73,4594088
2017-05-15,18.95,19.50,18.89,19.04,7799909
2017-05-16,19.25,19.25,18.77,18.83,2364089
2017-05-17,18.77,18.78,18.07,18.09,5139839
2017-05-18,17.99,18.09,17.77,17.97,11266330
2017-05-19,18.35,18.69,18.05,18.62,5207027
2017-05-22,18.82,18.95,18.32,18.47,8013136
2017-05-23,18.60,18.60,18.40,18.51,3573121
2017-05-24,18.51,18.74,18.41,18.56,3798280
2017-05-25,18.54,18.73,18.03,18.33,5886951
2017-05-26,18.31,18.40,17.95,17.96,5007438
2017-05-30,17.81,17.93,17.03,17.17,7962467
2017-05-31,17.00,17.10,16.71,17.04,8189725
2017-06-01,17.01,17.41,16.99,17.20,5852576
2017-06-02,17.13,17.29,17.05,17.06,5037964
2017-06-05,17.07,17.25,16.93,16.97,6550625
2017-06-06,16.87,17.23,16.84,17.20,5704709
2017-06-07,17.15,17.36,16.53,16.64,8642519
2017-06-08,16.56,16.70,16.21,16.28,6562763
2017-06-09,16.26,16.61,16.20,16.52,5106719
2017-06-12,16.62,16.90,16.49,16.71,14477710
2017-06-13,16.91,16.95,16.57,16.65,8458109
2017-06-14,16.66,16.74,15.66,16.03,14477720
2017-06-15,15.87,16.12,15.67,15.95,13719380
2017-06-16,16.07,16.70,15.82,16.45,11520980
2017-06-19,16.43,16.44,15.86,16.07,9304070
2017-06-20,15.82,15.83,15.26,15.44,7471735
2017-06-21,15.40,15.65,15.10,15.15,9811693
2017-06-22,15.15,15.36,15.03,15.23,4666820
2017-06-23,15.24,16.20,15.16,16.16,5325989
2017-06-26,16.19,16.42,16.03,16.41,5405095
2017-06-27,16.35,16.78,16.32,16.51,5583319
2017-06-28,16.56,17.29,16.54,17.24,7356874
2017-06-29,17.34,17.88,17.32,17.79,7187755
2017-06-30,17.80,18.13,17.72,17.96,6541581
2017-07-03,18.10,18.38,18.09,18.14,3168026
2017-07-05,18.00,18.02,17.43,17.65,5403146
2017-07-06,17.74,17.85,17.38,17.56,4598867
2017-07-07,17.42,17.75,17.14,17.75,3048432
2017-07-10,17.66,17.93,17.50,17.85,1626001
2017-07-11,17.84,17.95,17.54,17.91,3269927
2017-07-12,18.10,18.15,17.88,17.92,2802596
2017-07-13,17.92,18.03,17.78,17.85,8790178
2017-07-14,17.85,18.05,17.84,18.04,9175192
2017-07-17,18.04,18.22,17.86,17.89,7110137
2017-07-18,17.98,18.07,17.80,18.00,2231328
2017-07-19,18.00,18.17,17.88,18.00,4362034
2017-07-20,18.13,18.30,18.03,18.04,5422881
2017-07-21,18.00,18.07,17.52,17.66,8608012
2017-07-24,17.73,17.84,17.46,17.63,11400980
2017-07-25,17.86,18.02,17.64,17.89,3834286
2017-07-26,18.00,18.03,17.77,17.80,1512579
2017-07-27,17.81,17.95,17.64,17.93,2991535
2017-07-28,17.83,18.00,17.66,17.85,2253640
2017-07-31,17.83,17.85,17.54,17.67,4147989
2017-08-01,18.09,18.50,17.72,17.99,9398338
2017-08-02,17.95,18.02,17.72,17.80,4044097
2017-08-03,17.45,17.50,17.02,17.31,2538649
2017-08-04,17.35,17.44,17.04,17.33,2858170
2017-08-07,17.29,17.43,17.03,17.30,3757940
2017-08-08,17.11,17.27,16.52,16.70,5461235
2017-08-09,16.55,17.73,16.55,17.67,6390411
2017-08-10,17.65,17.65,17.14,17.23,3979649
2017-08-11,17.12,17.34,16.98,16.99,3265971
2017-08-14,17.15,17.31,16.99,17.06,1878547
2017-08-15,17.03,17.90,16.98,17.71,6135995
2017-08-16,17.78,17.78,17.01,17.11,3355633
2017-08-17,17.10,17.12,16.73,16.75,3590533
2017-08-18,16.72,16.83,16.59,16.67,2904452
2017-08-21,16.73,16.80,16.18,16.24,3135577
2017-08-22,16.32,16.58,16.30,16.52,2047911
2017-08-23,16.44,17.05,16.40,16.83,2035853
2017-08-24,16.81,16.94,16.71,16.80,1800253
2017-08-25,16.84,17.05,16.76,16.90,1604157
2017-08-28,16.90,17.11,16.72,16.86,1162880
2017-08-29,16.70,16.98,16.64,16.91,1104880
2017-08-30,16.86,17.09,16.78,16.94,2656092
2017-08-31,17.04,17.44,16.93,17.37,3194053
2017-09-01,17.38,17.79,17.35,17.76,2537961
2017-09-05,17.82,17.98,17.65,17.73,2042380
2017-09-06,17.83,17.92,17.64,17.84,2958782
2017-09-07,17.79,17.92,17.67,17.84,2501735
2017-09-08,17.81,17.98,17.61,17.78,2399104
2017-09-11,17.82,17.97,17.65,17.70,3122592
2017-09-12,17.70,17.88,17.68,17.75,2946040
2017-09-13,17.84,17.91,17.69,17.75,3469322
2017-09-14,17.77,17.77,17.46,17.50,3587777
2017-09-15,17.50,17.60,17.19,17.49,4872311
2017-09-18,17.48,17.71,17.48,17.64,2425329
2017-09-19,17.78,18.07,17.67,17.76,8625144
2017-09-20,17.80,17.88,17.61,17.70,14049340
2017-09-21,17.64,17.64,17.18,17.31,2994032
2017-09-22,17.27,17.41,17.18,17.33,12200680
2017-09-25,17.43,17.75,17.38,17.55,7007231
2017-09-26,17.50,17.53,17.26,17.42,2712904
2017-09-27,17.45,17.57,17.22,17.48,4203032
2017-09-28,17.44,17.58,17.29,17.41,3450986
2017-09-29,17.32,17.47,17.23,17.38,4944749
2017-10-02,17.24,17.38,17.09,17.20,16178320
2017-10-03,17.18,17.46,17.09,17.44,16046280
2017-10-04,17.48,17.55,17.31,17.48,3087081
2017-10-05,17.49,17.93,17.49,17.84,4473785
2017-10-06,17.69,17.95,17.68,17.92,2849127
2017-10-09,17.97,17.97,17.78,17.90,4427336
2017-10-10,17.99,18.11,17.94,18.00,3599528
2017-10-11,17.99,18.31,17.95,18.24,6334286
2017-10-12,18.14,18.28,18.05,18.20,2670855
2017-10-13,18.33,18.34,17.95,18.00,4895359
2017-10-16,18.06,18.07,17.68,17.75,7058430
2017-10-17,17.91,18.00,17.68,17.74,3276526
2017-10-18,17.83,17.84,17.32,17.45,3547462
2017-10-19,17.29,17.58,17.22,17.49,1810324
2017-10-20,17.52,17.52,17.20,17.26,2606848
2017-10-23,17.23,17.35,16.73,16.91,6034519
2017-10-24,16.97,16.97,16.35,16.82,8185162
2017-10-25,16.75,16.75,16.00,16.10,10960960
2017-10-26,16.15,16.79,15.82,16.72,7653766
2017-10-27,16.88,17.77,16.85,17.67,7623728
2017-10-30,17.63,17.98,17.56,17.69,6335676
2017-10-31,17.77,17.79,17.24,17.75,3513155
2017-11-01,17.90,18.06,17.84,17.92,8412411
2017-11-02,17.88,17.95,17.30,17.51,4104522
2017-11-03,17.54,17.93,17.49,17.79,2984531
2017-11-06,17.55,18.10,17.54,18.07,3912703
2017-11-07,18.06,18.71,18.01,18.70,8197477
2017-11-08,18.58,18.66,17.79,17.79,5857172
2017-11-09,17.68,17.87,17.35,17.51,5809668
2017-11-10,17.52,17.75,17.22,17.47,4118704
2017-11-13,17.34,17.39,16.60,16.72,11338850
2017-11-14,16.65,16.76,16.39,16.65,4752538
2017-11-15,16.42,16.61,16.05,16.38,5260258
2017-11-16,16.47,16.86,16.41,16.64,3105913
2017-11-17,16.67,16.80,16.30,16.31,4811812
2017-11-20,16.34,16.40,15.99,16.18,6150763
2017-11-21,16.38,16.50,15.96,16.05,4037096
2017-11-22,16.15,16.30,16.07,16.17,3411751
2017-11-24,16.35,16.44,16.14,16.23,859625
2017-11-27,16.11,16.32,16.09,16.10,4085957
2017-11-28,16.08,16.20,16.00,16.06,1510643
2017-11-29,15.99,16.07,15.64,15.79,4389124
2017-11-30,15.91,16.31,15.83,16.20,7742725
2017-12-01,16.26,16.73,16.26,16.42,5121420
2017-12-04,16.36,16.92,16.22,16.73,10395790
2017-12-05,16.79,16.86,16.51,16.59,2115005
2017-12-06,16.46,16.46,16.02,16.27,3153800
2017-12-07,16.26,16.31,16.06,16.27,2833221
2017-12-08,16.39,16.41,16.00,16.07,3738700
2017-12-11,16.09,16.24,15.95,16.03,7051103
2017-12-12,16.04,16.53,16.00,16.33,3232421
2017-12-13,16.32,16.68,16.28,16.50,8635179
2017-12-14,16.50,16.90,16.43,16.70,9113576
2017-12-15,16.77,16.92,16.43,16.77,6782735
2017-12-18,16.94,17.63,16.82,17.00,13961140
2017-12-19,17.02,17.09,16.77,16.86,8241376
2017-12-20,17.00,17.08,16.74,16.82,4700487
2017-12-21,16.82,17.01,16.72,16.81,3762700
2017-12-22,16.76,17.10,16.75,16.85,2628456
2017-12-26,16.80,17.24,16.80,17.04,4417416
2017-12-27,17.05,17.15,16.91,17.00,4628920
2017-12-28,16.98,17.25,16.97,17.19,2016974
2017-12-29,17.25,17.36,17.14,17.26,3504999
2018-01-02,17.23,17.96,17.14,17.74,4768462
2018-01-03,17.81,18.11,17.54,17.82,6676102
2018-01-04,17.92,18.00,17.48,17.56,3425357
2018-01-05,17.59,17.75,17.17,17.28,4169186
2018-01-08,17.30,17.49,17.09,17.29,3894449
2018-01-09,17.29,17.53,17.07,17.30,3672968
2018-01-10,17.26,17.48,17.26,17.31,3588152
2018-01-11,17.31,17.86,17.31,17.83,3499369
2018-01-12,17.88,18.14,17.78,18.03,4628625
2018-01-16,18.08,18.53,18.02,18.28,10899890
2018-01-17,18.38,18.54,18.21,18.21,7861479
2018-01-18,18.26,18.26,17.89,17.90,2553307
2018-01-19,17.91,17.97,17.71,17.91,1914026
2018-01-22,17.91,18.62,17.86,18.54,6096729
2018-01-23,18.60,19.34,18.23,19.18,5529270
2018-01-24,19.20,19.24,18.86,18.91,5172259
2018-01-25,19.03,19.11,18.72,18.90,5361792
2018-01-26,19.04,19.05,18.90,18.95,4630444
2018-01-29,18.86,18.96,18.45,18.51,4561706
2018-01-30,18.35,18.55,17.65,18.19,12469670
2018-01-31,18.30,18.45,18.16,18.30,5773364
2018-02-01,18.24,18.69,17.99,18.18,12470400
2018-02-02,17.98,18.11,17.30,17.48,6812541
2018-02-05,17.25,17.61,16.34,17.00,16484840
2018-02-06,16.64,17.61,16.56,17.48,16803220
2018-02-07,17.10,17.53,16.95,17.33,4217188
2018-02-08,17.37,17.64,16.59,16.60,5927401
2018-02-09,16.79,16.91,16.12,16.62,6119412
2018-02-12,16.86,17.26,16.72,17.04,2677266
2018-02-13,16.91,17.47,16.82,17.34,2395487
2018-02-14,17.16,17.71,17.09,17.37,3532676
2018-02-15,17.50,17.60,17.02,17.16,4095771
2018-02-16,16.86,17.11,16.74,16.76,5928767
2018-02-20,16.90,17.00,16.41,16.51,5776469
2018-02-21,16.51,16.62,16.11,16.26,4865471
2018-02-22,17.00,17.05,16.52,16.67,5731688
2018-02-23,16.89,16.93,16.66,16.70,6797265
2018-02-26,16.76,16.77,16.29,16.34,4826264
2018-02-27,16.29,16.33,15.94,15.95,4941656
2018-02-28,16.10,16.17,15.48,15.50,14945490
2018-03-01,15.50,15.80,15.35,15.62,6834463
2018-03-02,15.55,15.71,15.18,15.64,3473948
2018-03-05,15.58,15.82,15.46,15.74,4543388
2018-03-06,15.91,15.95,15.46,15.56,4869891
2018-03-07,15.40,15.57,15.22,15.36,7686206
2018-03-08,15.48,15.55,15.12,15.44,4441182
2018-03-09,15.61,15.66,15.45,15.54,2543605
2018-03-12,15.48,15.60,15.41,15.52,3694772
2018-03-13,15.53,15.55,15.27,15.34,3804627
2018-03-14,15.40,15.42,15.00,15.16,8851962
2018-03-15,15.17,15.23,12.80,14.54,28722240
2018-03-16,14.85,15.20,14.76,14.86,9007381
2018-03-19,14.70,14.88,14.39,14.47,3265181
2018-03-20,14.56,14.64,14.20,14.55,3834234
2018-03-21,14.58,14.91,14.49,14.66,3514522
2018-03-22,14.53,14.73,14.34,14.42,2372440
2018-03-23,14.41,14.59,14.15,14.24,6427750
2018-03-26,14.35,14.52,14.02,14.42,7073621
2018-03-27,14.40,14.59,14.08,14.20,5029428
2018-03-28,14.07,14.51,14.03,14.25,2577217
2018-03-29,14.26,14.45,14.06,14.21,3189342
2018-04-02,14.20,14.31,13.80,14.17,22299580
2018-04-03,14.16,14.35,13.73,14.31,3569648
2018-04-04,14.11,14.37,13.99,14.27,1569256
2018-04-05,14.33,14.48,14.19,14.37,3234657
2018-04-06,14.26,14.45,13.99,14.19,1641175
2018-04-09,14.12,14.35,13.95,14.27,2413428
2018-04-10,14.40,14.99,14.36,14.87,4119454
2018-04-11,14.81,15.10,14.71,14.90,6122455
2018-04-12,14.92,14.99,14.68,14.82,2184120
2018-04-13,14.84,14.97,14.72,14.75,1625271
2018-04-16,14.80,15.35,14.65,15.26,2537512
2018-04-17,15.38,15.85,15.26,15.70,4458031
2018-04-18,15.86,16.16,15.57,15.80,4653896
2018-04-19,15.86,16.11,15.77,16.11,5367867
2018-04-20,16.10,16.13,15.77,15.87,2078159
2018-04-23,15.97,16.06,15.76,15.96,2731814
2018-04-24,15.97,16.00,15.40,15.51,3507927
2018-04-25,15.39,15.63,15.29,15.63,1564989
2018-04-26,15.68,15.86,15.18,15.85,3578105
2018-04-27,15.73,15.90,15.36,15.69,3152175
2018-04-30,15.69,15.91,15.59,15.80,2398322
2018-05-01,15.75,15.90,15.69,15.86,1812558
2018-05-02,15.86,16.16,15.82,16.00,4458792
2018-05-03,15.93,16.29,15.92,16.29,4756758
2018-05-04,16.03,16.34,15.89,16.29,4181337
2018-05-07,16.37,16.71,16.35,16.52,4113978
2018-05-08,16.47,16.89,16.26,16.69,3834127
2018-05-09,16.84,16.99,16.66,16.81,5308194
2018-05-10,16.83,16.85,15.90,16.40,6608009
2018-05-11,16.44,16.61,16.29,16.47,2916395
2018-05-14,16.50,16.64,16.41,16.62,3701246
2018-05-15,16.61,16.61,16.37,16.52,2645406
2018-05-16,16.52,16.70,16.43,16.69,2659329
2018-05-17,16.93,17.11,16.70,16.92,4756385
2018-05-18,16.95,17.05,16.82,16.92,2247187
2018-05-21,17.05,17.27,16.76,17.09,3479863
2018-05-22,17.17,17.47,17.06,17.18,5130854
2018-05-23,16.96,17.30,16.96,17.18,6546490
2018-05-24,17.00,17.02,16.45,16.78,7376005
2018-05-25,16.55,16.96,16.34,16.75,4499030
2018-05-29,16.64,16.83,16.56,16.80,4706623
2018-05-30,16.92,17.42,16.80,17.39,5097530
2018-05-31,17.32,17.49,17.28,17.28,3369685
2018-06-01,17.38,17.61,17.30,17.49,2546340
2018-06-04,17.60,17.72,17.57,17.68,3126289
2018-06-05,17.64,17.74,17.54,17.61,1869669
2018-06-06,17.66,17.71,17.45,17.47,3543361
2018-06-07,17.50,17.84,17.49,17.68,2816850
2018-06-08,17.60,17.76,17.55,17.62,2647646
2018-06-11,17.65,17.96,17.55,17.89,3131273
2018-06-12,17.90,17.93,17.75,17.76,2261629
2018-06-13,17.77,17.77,17.42,17.45,2034152
2018-06-14,17.57,17.59,17.36,17.47,1457718
2018-06-15,17.39,17.46,17.11,17.20,2818033
2018-06-18,17.08,17.45,17.05,17.13,3352218
2018-06-19,17.00,17.15,16.83,17.14,2812553
2018-06-20,17.29,17.40,17.14,17.30,2773508
2018-06-21,17.23,17.30,16.96,17.04,1425068
2018-06-22,17.39,17.64,17.34,17.42,3811048
2018-06-25,17.43,17.48,17.08,17.18,3864825
2018-06-26,17.19,17.40,16.99,17.30,2234058
2018-06-27,17.41,17.48,17.06,17.19,2366998
2018-06-28,17.18,17.35,17.03,17.31,1891474
2018-06-29,17.39,17.45,17.08,17.25,3237682
2018-07-02,17.17,17.36,16.85,17.23,2457596
2018-07-03,17.35,17.59,17.30,17.38,2153997
2018-07-05,17.46,17.74,17.45,17.60,1739159
2018-07-06,17.54,17.83,17.44,17.73,1115702
2018-07-09,17.80,17.82,17.52,17.62,1705968
2018-07-10,17.69,17.73,17.54,17.64,1870549
2018-07-11,17.51,17.58,17.40,17.52,1632787
2018-07-12,17.62,17.64,17.17,17.40,2399645
2018-07-13,17.38,17.41,17.21,17.24,1697332
2018-07-16,17.16,17.28,16.98,17.05,2399179
2018-07-17,16.97,17.10,16.78,17.08,4263451
2018-07-18,17.07,17.56,17.02,17.16,3491227
2018-07-19,17.51,17.81,17.32,17.70,4715388
2018-07-20,17.76,17.87,17.57,17.67,1689100
2018-07-23,17.78,17.90,17.76,17.86,3323349
2018-07-24,17.90,18.11,17.66,17.71,3503553
2018-07-25,17.71,18.03,17.67,17.98,3003640
2018-07-26,17.96,18.37,17.88,18.24,3872529
2018-07-27,18.24,18.33,17.89,18.02,2997866
2018-07-30,18.05,18.29,18.05,18.17,3800823
2018-07-31,18.15,18.27,18.05,18.21,1824711
2018-08-01,18.09,18.52,18.07,18.43,2678333
2018-08-02,18.06,18.99,18.03,18.95,34643080
2018-08-03,18.74,19.00,18.58,18.92,13774760
2018-08-06,18.97,19.19,18.86,18.97,7332272
2018-08-07,19.01,19.08,18.44,18.50,8139388
2018-08-08,18.48,18.65,18.27,18.45,9123110
2018-08-09,18.39,18.69,18.18,18.28,7844660
2018-08-10,18.36,18.52,18.05,18.11,8489103
2018-08-13,18.13,18.15,17.35,17.41,8532497
2018-08-14,17.58,17.71,17.46,17.59,5608637
2018-08-15,17.48,17.65,17.05,17.38,6052440
2018-08-16,17.50,17.50,17.00,17.40,7354868
2018-08-17,17.49,17.97,17.46,17.92,7064380
2018-08-20,17.95,18.29,17.85,18.18,6502151
2018-08-21,18.22,18.38,18.08,18.11,5308526
2018-08-22,18.16,18.38,18.12,18.26,4121589
2018-08-23,18.26,18.32,18.08,18.15,2734726
2018-08-24,18.24,18.32,18.09,18.28,2886842
2018-08-27,18.27,18.28,18.05,18.14,5138422
2018-08-28,18.14,18.14,17.70,17.74,4088615
2018-08-29,17.74,17.91,17.57,17.76,4519217
2018-08-30,17.76,17.80,17.55,17.58,3105282
2018-08-31,17.56,17.56,17.28,17.50,5138976
2018-09-04,17.60,17.83,17.50,17.76,4848243
2018-09-05,17.75,17.87,17.37,17.80,3965193
2018-09-06,17.74,17.86,17.32,17.51,5335413
2018-09-07,17.37,17.46,17.21,17.36,6832059
2018-09-10,17.44,17.68,17.34,17.66,3633601
2018-09-11,17.67,17.82,17.60,17.63,4721677
2018-09-12,17.75,17.84,17.64,17.73,6876763
2018-09-13,17.72,17.76,17.45,17.56,5075686
2018-09-14,17.55,17.56,17.26,17.47,7176727
2018-09-17,17.48,17.58,17.25,17.32,3560008
2018-09-18,17.38,17.51,17.26,17.40,5665173
2018-09-19,17.46,17.61,17.36,17.55,2598357
2018-09-20,17.51,17.64,17.42,17.48,3761204
2018-09-21,17.55,17.92,17.54,17.66,8771400
2018-09-24,17.75,17.82,17.52,17.60,2572431
2018-09-25,17.61,17.72,17.47,17.48,2595001
2018-09-26,17.43,17.52,17.05,17.15,3705439
2018-09-27,17.18,17.25,17.10,17.16,6672881
2018-09-28,17.14,17.50,17.06,17.43,6268726
2018-10-01,17.49,18.17,17.46,18.09,14425530
2018-10-02,18.12,18.12,17.83,17.88,6801410
2018-10-03,17.93,18.04,17.70,17.77,12222230
2018-10-04,17.75,17.75,17.39,17.52,6871463
2018-10-05,17.56,17.64,17.42,17.50,4708993
2018-10-08,17.46,17.53,17.13,17.31,3861587
2018-10-09,17.47,17.54,17.29,17.42,3499336
2018-10-10,17.45,17.45,17.01,17.07,10998330
2018-10-11,17.00,17.03,16.52,16.73,8714231
2018-10-12,16.98,17.16,16.71,17.01,6821376
2018-10-15,17.04,17.20,16.93,17.05,6204275
2018-10-16,17.13,17.27,16.98,17.01,7714970
2018-10-17,17.01,17.16,16.85,17.08,7903041
2018-10-18,16.94,17.43,16.78,16.82,29570040
2018-10-19,16.96,17.45,16.82,17.06,14930580
2018-10-22,16.99,16.99,16.42,16.47,18732640
2018-10-23,16.03,16.15,15.59,16.08,15571450
2018-10-24,16.06,16.06,15.17,15.34,14827850
2018-10-25,15.51,15.86,15.21,15.69,14770790
2018-10-26,15.54,15.67,15.16,15.46,9283911
2018-10-29,15.55,15.66,14.75,14.84,14069490
2018-10-30,14.90,15.03,14.63,15.00,12423400
2018-10-31,15.45,15.70,15.38,15.54,10246930
2018-11-01,15.58,15.98,15.46,15.83,7450556
2018-11-02,15.92,15.95,15.35,15.66,8381230
2018-11-05,15.82,15.98,15.62,15.97,10459250
2018-11-06,15.91,16.00,15.58,15.90,7045908
2018-11-07,15.89,16.00,15.47,15.97,9475797
2018-11-08,16.21,17.04,15.89,16.06,14668230
2018-11-09,15.90,15.98,15.48,15.66,10959300
2018-11-12,15.66,15.95,15.38,15.40,7089004
2018-11-13,15.38,15.68,14.87,14.93,13623410
2018-11-14,15.25,15.25,14.47,14.57,13780410
2018-11-15,14.69,14.95,14.63,14.75,9206155
2018-11-16,14.83,15.10,14.68,14.80,9622185
2018-11-19,15.00,15.07,14.80,14.80,11981280
2018-11-20,14.71,14.75,14.07,14.30,19056960
2018-11-21,14.49,14.89,14.41,14.68,11390200
2018-11-23,14.38,14.46,14.01,14.23,4962793
2018-11-26,14.47,14.68,14.31,14.42,7599836
2018-11-27,14.33,14.67,14.33,14.49,9005391
2018-11-28,14.50,14.68,14.27,14.62,7228009
2018-11-29,14.60,14.95,14.55,14.73,12868540
2018-11-30,14.62,14.73,14.45,14.57,10717560
2018-12-03,14.78,15.30,14.77,15.16,9613498
2018-12-04,15.20,15.20,14.26,14.26,15151230
2018-12-06,14.11,14.33,13.71,14.22,15867780
2018-12-07,14.44,14.78,14.13,14.25,12595960
2018-12-10,14.15,14.22,13.48,13.85,12471020
2018-12-11,13.99,14.26,13.68,14.08,10451090
2018-12-12,14.17,14.63,14.04,14.31,8120309
2018-12-13,14.19,14.69,14.17,14.57,10102360
2018-12-14,14.47,14.64,14.01,14.07,13861260
2018-12-17,14.22,14.22,13.25,13.40,17062930
2018-12-18,13.62,13.62,12.75,12.94,27550500
2018-12-19,13.00,13.48,12.90,12.97,18999980
2018-12-20,12.91,13.10,12.47,12.84,23723240
2018-12-21,12.90,13.12,12.23,12.24,29200470
2018-12-24,11.99,12.23,11.68,11.80,13872640
2018-12-26,12.02,12.95,11.90,12.94,17963580
2018-12-27,12.68,12.95,12.36,12.84,22641510
2018-12-28,13.00,13.19,12.69,12.77,12627840
2018-12-31,12.83,13.23,12.75,13.21,13679600
2019-01-02,13.00,13.45,12.97,13.25,10353990
2019-01-03,13.21,13.58,13.05,13.34,14131220
2019-01-04,13.74,14.32,13.69,14.18,22377880
2019-01-07,14.39,14.69,14.31,14.46,23936150
2019-01-08,14.68,14.90,14.38,14.78,24297460
2019-01-09,14.96,15.28,14.91,15.11,22512590
2019-01-10,15.00,15.18,14.85,15.10,16524130
2019-01-11,15.00,15.11,14.85,15.04,16140230
2019-01-14,14.84,14.91,14.59,14.71,22162860
2019-01-15,14.71,14.94,14.71,14.87,10588900
2019-01-16,14.88,14.94,14.55,14.65,9295479
2019-01-17,14.50,14.77,14.36,14.61,14450310
2019-01-18,14.61,14.85,14.51,14.57,16185590
2019-01-22,14.50,14.51,13.95,14.10,12017400
2019-01-23,14.17,14.38,13.96,14.04,12791060
2019-01-24,14.03,14.43,13.90,14.12,7967261
2019-01-25,14.30,14.39,14.09,14.34,14037060
2019-01-28,14.25,14.27,14.02,14.20,7931677
2019-01-29,14.30,14.56,14.23,14.28,13547600
2019-01-30,14.46,14.74,14.15,14.67,13159230
2019-01-31,14.70,14.94,14.60,14.71,8985902
2019-02-01,14.77,15.04,14.75,15.04,10624380
2019-02-04,14.96,15.11,14.74,15.08,10222620
2019-02-05,15.06,15.19,14.99,15.10,11327450
2019-02-06,15.05,15.20,14.94,14.98,6597484
2019-02-07,14.75,14.75,14.11,14.41,14981910
2019-02-08,14.32,14.39,14.00,14.36,6597276
2019-02-11,14.28,14.30,14.11,14.25,6927776
2019-02-12,14.45,14.66,14.39,14.54,9027255
2019-02-13,14.50,14.85,14.49,14.82,8165741
2019-02-14,14.85,15.05,14.72,15.01,7949235
2019-02-15,15.05,15.15,14.93,15.05,7168226
2019-02-19,15.14,15.72,15.12,15.62,18415980
2019-02-20,15.67,15.85,15.39,15.50,19137340
2019-02-21,15.80,15.98,15.26,15.54,15303610
2019-02-22,15.61,15.65,15.36,15.37,10944260
2019-02-25,15.45,15.52,15.34,15.37,9095845
2019-02-26,15.40,15.40,14.75,14.91,14871470
2019-02-27,14.99,15.05,14.66,14.86,14439210
2019-02-28,14.96,14.98,14.75,14.79,11018470
2019-03-01,14.81,15.17,14.81,14.98,10592510
2019-03-04,15.11,15.16,14.89,14.99,11061780
2019-03-05,15.00,15.04,14.83,14.95,10174310
2019-03-06,15.00,15.00,14.74,14.85,9925044
2019-03-07,14.84,15.08,14.75,15.02,9001313
2019-03-08,14.82,14.88,14.65,14.82,8374269
2019-03-11,14.90,15.24,14.87,15.17,15671790
2019-03-12,15.19,15.26,15.12,15.22,8895869
2019-03-13,15.26,15.34,15.11,15.16,4877735
2019-03-14,15.12,15.31,15.07,15.08,4727437
2019-03-15,15.10,15.17,15.01,15.06,5088000
2019-03-18,15.17,15.35,15.11,15.30,8360435
2019-03-19,15.40,15.52,15.37,15.42,7039417
2019-03-20,15.42,15.58,15.21,15.48,7181599
2019-03-21,15.44,15.59,15.40,15.51,6499239
2019-03-22,15.40,15.46,15.03,15.38,7889728
2019-03-25,15.32,15.39,15.05,15.30,6025902
2019-03-26,15.40,15.57,15.14,15.28,6108325
2019-03-27,15.21,15.27,15.02,15.19,5809598
2019-03-28,15.10,15.24,15.05,15.22,6161174
2019-03-29,15.32,15.43,15.14,15.37,4650338
2019-04-01,15.48,15.71,15.47,15.60,9530846
2019-04-02,15.63,15.69,15.41,15.50,5902587
2019-04-03,15.59,15.67,15.46,15.51,6883585
2019-04-04,15.50,15.57,15.46,15.53,8250690
2019-04-05,15.53,15.78,15.52,15.74,10812630
2019-04-08,15.73,15.87,15.70,15.73,11865030
2019-04-09,15.70,15.72,15.44,15.47,7238296
2019-04-10,15.49,15.60,15.38,15.43,6918669
2019-04-11,15.43,15.52,15.27,15.49,6539053
2019-04-12,15.59,15.68,15.47,15.55,6272685
2019-04-15,15.50,15.55,15.35,15.41,5035376
2019-04-16,15.57,15.60,15.32,15.35,7484269
2019-04-17,15.39,15.57,15.31,15.34,7663448
2019-04-18,15.38,15.41,15.25,15.28,5549135
2019-04-22,15.37,15.70,15.35,15.58,19540440
2019-04-23,15.70,15.76,15.56,15.56,9943628
2019-04-24,15.60,15.62,15.34,15.41,5895132
2019-04-25,15.41,15.48,15.19,15.26,9141799
2019-04-26,15.27,15.31,15.05,15.20,5042668
2019-04-29,15.20,15.30,15.12,15.25,4934207
2019-04-30,15.33,15.39,15.11,15.12,5267871
2019-05-01,15.20,15.30,15.16,15.16,6040828
2019-05-02,15.14,15.20,14.88,14.91,10224380
2019-05-03,15.00,15.43,15.00,15.36,18483180
2019-05-06,14.85,15.21,14.77,15.14,8142222
2019-05-07,15.00,15.14,14.84,15.11,9354206
2019-05-08,15.10,15.30,14.95,15.08,10998800
2019-05-09,15.14,15.18,14.79,14.88,15315650
2019-05-10,14.90,15.27,14.84,15.11,13290530
2019-05-13,15.00,15.03,14.69,14.78,11182840
2019-05-14,14.97,15.03,14.85,14.88,7580710
2019-05-15,14.86,14.99,14.76,14.94,5854962
2019-05-16,15.05,15.09,14.81,14.84,9976597
2019-05-17,14.80,14.89,14.74,14.80,8652689
2019-05-20,15.00,15.02,14.66,14.73,7059019
2019-05-21,14.88,15.08,14.75,14.93,10834290
2019-05-22,14.88,14.93,14.55,14.92,11428990
2019-05-23,14.73,14.76,14.28,14.47,16571060
2019-05-24,14.62,14.74,14.49,14.60,7660671
2019-05-28,14.65,14.68,14.21,14.33,17043480
2019-05-29,14.17,14.41,14.01,14.39,11264030
2019-05-30,14.41,14.46,13.87,13.94,13692830
2019-05-31,13.77,13.94,13.62,13.74,17341750
2019-06-03,13.77,14.16,13.76,14.04,12018720
2019-06-04,14.23,14.47,14.14,14.47,9615652
2019-06-05,14.48,14.53,13.97,13.98,12512900
2019-06-06,14.05,14.24,13.97,14.13,9509583
2019-06-07,14.20,14.24,14.02,14.06,10231570
2019-06-10,14.10,14.18,13.93,14.10,7442481
2019-06-11,14.23,14.45,14.20,14.32,36464530
2019-06-12,14.22,14.40,14.16,14.24,9329357
2019-06-13,14.33,14.40,14.26,14.32,7987650
2019-06-14,14.33,14.34,14.05,14.17,7399045
2019-06-17,14.08,14.12,13.93,14.07,9297185
2019-06-18,14.08,14.23,14.06,14.14,6505239
2019-06-19,14.16,14.18,13.99,14.14,6255510
2019-06-20,14.27,14.38,14.09,14.25,17084460
2019-06-21,14.10,14.49,14.08,14.42,19778780
2019-06-24,14.49,14.50,14.14,14.20,10075670
2019-06-25,14.13,14.24,13.98,13.98,10972130
2019-06-26,14.08,14.24,14.07,14.15,11745280
2019-06-27,14.15,14.18,13.97,14.02,7815381
2019-06-28,14.05,14.12,13.90,14.08,12221890
2019-07-01,14.28,14.35,14.03,14.10,10344420
2019-07-02,14.11,14.23,14.05,14.18,5821135
2019-07-03,14.29,14.51,14.24,14.48,5388985
2019-07-05,14.46,14.62,14.39,14.60,4594513
2019-07-08,14.53,14.66,14.51,14.61,7168032
2019-07-09,14.57,14.60,14.43,14.52,7783733
2019-07-10,14.59,14.87,14.54,14.70,13803500
2019-07-11,14.83,14.91,14.71,14.75,9551761
2019-07-12,14.65,14.97,14.65,14.82,6704852
2019-07-15,14.87,14.91,14.79,14.91,6364583
2019-07-16,14.90,15.03,14.88,14.95,10345040
2019-07-17,15.05,15.24,14.97,15.06,12932060
2019-07-18,15.12,15.13,14.82,14.97,9822361
2019-07-19,15.07,15.13,14.98,15.10,8949572
2019-07-22,15.17,15.26,15.00,15.07,10240190
2019-07-23,15.11,15.13,14.91,14.97,5442274
2019-07-24,14.96,15.01,14.88,14.99,5605090
2019-07-25,15.01,15.08,14.77,14.82,9225221
2019-07-26,14.88,14.88,14.62,14.72,6574095
2019-07-29,14.75,14.80,14.38,14.41,13200160
2019-07-30,14.41,14.46,14.15,14.37,13755350
2019-07-31,14.44,14.57,14.25,14.38,8386521
2019-08-01,14.40,14.50,14.22,14.30,10258450
2019-08-02,14.32,14.39,14.01,14.14,12184580
2019-08-05,13.70,13.77,13.24,13.30,22457500
2019-08-06,13.55,13.76,13.36,13.55,10410860
2019-08-07,13.47,13.47,13.02,13.33,19709940
2019-08-08,13.83,14.04,13.61,14.03,14883070
2019-08-09,14.03,14.13,13.85,13.90,10314840
2019-08-12,13.90,13.90,13.38,13.38,11398840
2019-08-13,13.35,13.57,13.23,13.51,13501560
2019-08-14,13.30,13.32,12.96,13.14,16620380
2019-08-15,13.25,13.35,12.99,13.09,10744820
2019-08-16,13.16,13.49,13.16,13.47,11339860
2019-08-19,13.88,13.95,13.68,13.74,13141920
2019-08-20,13.80,13.99,13.71,13.80,9523476
2019-08-21,13.95,13.96,13.76,13.83,7024823
2019-08-22,13.89,13.90,13.63,13.68,6340988
2019-08-23,13.60,13.63,13.12,13.18,12590580
2019-08-26,13.28,13.35,13.14,13.19,6623022
2019-08-27,13.27,13.30,12.99,13.02,9651941
2019-08-28,13.06,13.51,13.02,13.29,11396920
2019-08-29,13.39,13.52,13.30,13.47,6342487
2019-08-30,13.50,13.65,13.37,13.61,7331858
2019-09-03,13.44,13.63,13.39,13.60,6183751
2019-09-04,13.71,13.78,13.56,13.61,6895337
2019-09-05,13.69,13.74,13.47,13.48,7094708
2019-09-06,13.46,13.48,13.30,13.37,6807361
2019-09-09,13.50,13.94,13.48,13.93,10286080
2019-09-10,13.84,14.03,13.84,13.95,5556623
2019-09-11,13.99,14.07,13.85,14.04,7545412
2019-09-12,14.00,14.07,13.86,13.92,8670069
2019-09-13,13.90,14.06,13.88,14.02,7345947
2019-09-16,13.75,14.03,13.38,13.43,44384760
2019-09-17,13.47,13.55,13.23,13.30,22754880
2019-09-18,13.38,13.50,13.22,13.50,22624690
2019-09-19,13.50,13.72,13.47,13.58,11771000
2019-09-20,13.68,13.79,13.59,13.72,14248320
2019-09-23,13.75,13.76,13.51,13.55,8853855
2019-09-24,13.55,13.63,13.20,13.27,11835110
2019-09-25,13.25,13.31,13.05,13.25,11571950
2019-09-26,13.21,13.26,13.02,13.10,11242730
2019-09-27,13.05,13.15,13.01,13.10,10027220
2019-09-30,13.12,13.15,13.01,13.08,9105925
2019-10-01,13.15,13.21,12.99,12.99,12167350
2019-10-02,12.97,12.99,12.62,12.67,15739400
2019-10-03,12.81,12.87,12.51,12.87,10642170
2019-10-04,12.90,13.12,12.86,12.90,8354685
2019-10-07,12.91,12.97,12.71,12.71,11407920
2019-10-08,12.65,12.70,12.36,12.36,12752230
2019-10-09,12.55,12.60,12.32,12.33,12156280
2019-10-10,12.34,12.45,12.25,12.42,12801780
2019-10-11,12.55,12.71,12.45,12.57,10002480
2019-10-14,12.50,12.57,12.32,12.47,12193070
2019-10-15,12.50,12.62,12.39,12.49,12175640
2019-10-16,12.50,12.61,12.43,12.55,8064781
2019-10-17,12.57,12.66,12.48,12.56,10637230
2019-10-18,12.57,12.90,12.55,12.74,11548880
2019-10-21,12.76,12.95,12.70,12.86,10373740
2019-10-22,12.94,12.97,12.67,12.70,13333220
2019-10-23,12.76,12.78,12.56,12.60,10516930
2019-10-24,12.68,12.69,12.43,12.44,11841950
2019-10-25,12.45,12.65,12.42,12.55,10643990
2019-10-28,12.65,12.76,12.33,12.36,11758130
2019-10-29,12.35,12.55,12.27,12.35,14788550
2019-10-30,12.42,12.50,12.25,12.35,13528770
2019-10-31,12.38,12.61,12.21,12.59,18167050
2019-11-01,12.69,12.96,12.67,12.91,17416050
2019-11-04,12.81,12.84,12.51,12.64,14321150
2019-11-05,12.69,12.71,12.38,12.66,13516170
2019-11-06,12.60,12.62,12.24,12.26,15588180
2019-11-07,12.64,12.70,11.95,12.11,23395630
2019-11-08,12.12,12.22,11.87,12.22,19308440
2019-11-11,12.12,12.14,11.95,11.97,12910840
2019-11-12,12.00,12.13,11.55,11.66,33337520
2019-11-13,11.32,11.41,10.84,11.16,58048910
2019-11-14,11.16,11.30,10.90,11.18,27521500
2019-11-15,11.35,11.71,11.32,11.62,24068130
2019-11-18,11.67,11.69,11.27,11.33,16631790
2019-11-19,11.53,11.59,11.05,11.38,29970460
2019-11-20,11.32,11.53,11.26,11.36,16518120
2019-11-21,11.42,11.97,11.38,11.91,23570790
2019-11-22,11.99,12.05,11.75,11.93,14741760
2019-11-25,12.00,12.33,11.97,12.30,18791730
2019-11-26,12.30,12.30,11.90,11.96,13008460
2019-11-27,11.96,12.02,11.68,11.87,21875010
2019-11-29,11.88,11.97,11.77,11.81,5210214
2019-12-02,11.91,11.94,11.60,11.63,13334140
2019-12-03,11.50,11.64,11.32,11.40,18422690
2019-12-04,11.50,11.52,11.28,11.33,38161410
2019-12-05,11.36,11.63,11.33,11.60,18762740
2019-12-06,11.52,11.71,11.43,11.50,19045030
2019-12-09,11.45,11.85,11.42,11.79,18461550
2019-12-10,11.86,12.26,11.82,12.04,20952590
2019-12-11,12.06,12.23,12.00,12.16,13307550
2019-12-12,12.20,12.72,12.20,12.64,25845840
2019-12-13,12.75,12.83,12.44,12.73,21018090
2019-12-16,12.81,12.93,12.73,12.80,13420370
2019-12-17,12.88,12.97,12.60,12.62,17366500
2019-12-18,12.63,13.00,12.63,12.95,15498340
2019-12-19,13.00,13.12,12.84,12.92,16908500
2019-12-20,13.00,13.14,12.88,13.07,21357740
2019-12-23,13.11,13.17,12.95,13.05,15020070
2019-12-24,13.00,13.07,12.88,13.07,7565864
2019-12-26,13.10,13.25,13.05,13.14,10133400
2019-12-27,13.17,13.18,12.93,12.99,13618880
2019-12-30,12.94,13.02,12.61,12.71,16552050
2019-12-31,12.60,12.83,12.55,12.83,18642130
2020-01-02,12.95,13.36,12.90,13.34,17586490
2020-01-03,13.40,13.61,13.14,13.55,17591890
2020-01-06,13.73,13.86,13.66,13.68,17747800
2020-01-07,13.77,13.78,13.50,13.63,13916400
2020-01-08,13.63,13.70,13.23,13.34,13536540
2020-01-09,13.60,13.61,13.31,13.43,17812480
2020-01-10,13.45,13.46,13.21,13.27,9657635
2020-01-13,13.31,13.62,13.22,13.51,14960300
2020-01-14,13.61,13.68,13.45,13.56,8195366
2020-01-15,13.50,13.63,13.45,13.50,16732340
2020-01-16,13.60,13.70,13.54,13.58,10396270
2020-01-17,13.67,13.68,13.46,13.56,14864950
2020-01-21,13.59,13.59,13.05,13.08,18867570
2020-01-22,13.25,13.26,12.68,12.71,24764970
2020-01-23,12.63,13.01,12.49,12.99,14241320
2020-01-24,13.04,13.08,12.59,12.75,12398810
2020-01-27,12.49,12.68,12.40,12.61,19122540
2020-01-28,12.65,12.88,12.62,12.79,11273750
2020-01-29,12.90,12.95,12.81,12.85,13341220
2020-01-30,12.75,12.82,12.62,12.78,17240040
2020-01-31,12.72,12.82,12.51,12.59,11075650
2020-02-03,12.59,12.80,12.57,12.80,12160080
2020-02-04,12.91,12.99,12.75,12.88,19934170
2020-02-05,13.00,13.21,12.92,13.00,15173760
2020-02-06,12.74,12.76,12.57,12.71,18742830
2020-02-07,12.60,12.65,12.35,12.56,18290590
2020-02-10,12.50,12.52,12.06,12.19,26298470
2020-02-11,12.30,12.38,12.13,12.37,28694760
2020-02-12,12.45,12.83,12.43,12.83,17895470
2020-02-13,12.70,12.93,12.65,12.81,25228770
2020-02-14,12.90,12.97,12.62,12.72,10814100
2020-02-18,12.61,12.71,12.41,12.70,20242640
2020-02-19,12.86,12.93,12.64,12.68,14884900
2020-02-20,12.62,12.83,12.53,12.54,27933490
2020-02-21,12.50,12.51,11.96,12.14,30276890
2020-02-24,11.75,11.77,11.45,11.55,30594550
2020-02-25,11.70,11.72,11.01,11.22,37409980
2020-02-26,11.30,11.41,10.78,10.78,29756690
2020-02-27,10.35,11.02,9.91,10.75,43844140
2020-02-28,10.28,11.17,10.11,11.08,39680920
2020-03-02,11.20,11.88,11.03,11.83,41453450
2020-03-03,12.00,12.25,11.43,11.55,29254330
2020-03-04,11.84,11.85,11.36,11.54,21699950
2020-03-05,11.39,11.47,11.04,11.25,21530400
2020-03-06,10.94,10.95,10.18,10.21,45994270
2020-03-09,7.00,8.59,6.34,7.37,104678900
2020-03-10,8.51,8.54,6.64,7.63,72802570
2020-03-11,7.30,7.71,6.95,7.05,54975640
2020-03-12,6.48,6.64,5.53,6.30,57519200
2020-03-13,7.06,7.20,6.10,6.73,41760080
2020-03-16,5.75,6.09,5.51,5.75,52398630
2020-03-17,5.89,5.93,5.16,5.25,59837680
2020-03-18,4.78,4.85,3.75,4.56,100098100
2020-03-19,4.75,5.76,4.20,5.45,62213520
2020-03-20,5.74,5.83,4.82,5.25,63275020
2020-03-23,5.06,5.06,4.61,4.79,32425220
2020-03-24,5.10,5.29,4.79,4.80,35356380
2020-03-25,4.99,5.34,4.61,4.92,52001640
2020-03-26,5.03,5.79,4.83,5.08,53924880
2020-03-27,5.02,5.03,4.50,4.77,42971590
2020-03-30,4.68,4.68,4.30,4.53,29608700
2020-03-31,4.73,4.85,4.46,4.60,43083010
2020-04-01,4.67,5.09,4.52,5.03,40172400
2020-04-02,5.34,5.93,5.03,5.22,47502680
2020-04-03,5.66,5.69,5.06,5.47,46022080
2020-04-06,5.60,5.71,5.41,5.54,44995300
2020-04-07,5.85,5.90,5.35,5.58,59638570
2020-04-08,5.65,5.75,5.50,5.65,39604720
2020-04-09,6.02,6.46,5.64,5.81,67562450
2020-04-13,6.25,6.25,5.83,5.96,41415100
2020-04-14,6.06,6.26,6.00,6.14,34372160
2020-04-15,5.90,5.95,5.56,5.89,47768430
2020-04-16,5.88,5.93,5.65,5.69,19808060
2020-04-17,5.76,6.16,5.74,6.16,44389560
2020-04-20,5.80,6.45,5.71,6.08,40978750
2020-04-21,5.92,6.19,5.82,6.14,29398110
2020-04-22,6.30,6.57,6.12,6.48,27209760
2020-04-23,6.75,7.10,6.63,7.05,36418830
2020-04-24,7.28,7.49,7.02,7.19,42833960
2020-04-27,7.20,7.25,6.92,7.23,28122660
2020-04-28,7.40,7.49,7.12,7.25,24674280
2020-04-29,7.47,8.25,7.33,8.14,42007490
2020-04-30,8.30,9.02,8.10,8.40,64721170
2020-05-01,8.23,8.23,7.80,7.81,37299730
2020-05-04,7.75,8.12,7.63,8.09,28841650
2020-05-05,8.39,8.52,8.03,8.22,37192450
2020-05-06,7.91,8.00,7.46,7.58,29957450
2020-05-07,7.75,7.84,7.46,7.49,23764330
2020-05-08,7.57,7.78,7.44,7.64,38702310
2020-05-11,7.56,7.72,7.43,7.69,24354190
2020-05-12,7.76,7.98,7.51,7.51,37222180
2020-05-13,7.51,7.55,6.81,6.94,44096460
2020-05-14,6.70,7.18,6.61,6.93,28310230
2020-05-15,6.95,7.30,6.91,7.20,42595210
2020-05-18,7.60,7.99,7.53,7.81,38637490
2020-05-19,8.01,8.04,7.69,7.95,26850450
2020-05-20,8.05,8.42,8.03,8.29,35503240
2020-05-21,8.41,8.44,8.03,8.18,32073470
2020-05-22,8.05,8.20,8.00,8.20,12961480
2020-05-26,8.49,8.53,8.33,8.42,25719370
2020-05-27,8.52,8.58,8.14,8.26,25436970
2020-05-28,8.31,8.48,8.14,8.27,18411300
2020-05-29,8.19,8.30,8.01,8.16,19601130
2020-06-01,8.19,8.33,8.08,8.21,14341500
2020-06-02,8.34,8.35,8.13,8.31,17794250
2020-06-03,8.35,8.59,8.35,8.53,21889920
2020-06-04,8.50,8.90,8.48,8.82,21999600
2020-06-05,9.42,9.46,9.05,9.16,29984230
2020-06-08,9.42,9.55,9.25,9.34,29394870
2020-06-09,9.30,9.31,8.78,8.95,31521520
2020-06-10,8.95,8.97,8.53,8.77,36208370
2020-06-11,8.05,8.29,7.57,7.83,47695100
2020-06-12,8.20,8.29,7.68,7.77,30729740
2020-06-15,7.43,8.33,7.34,8.14,42356620
2020-06-16,8.51,8.55,8.02,8.25,39919620
2020-06-17,8.20,8.30,8.04,8.09,25800700
2020-06-18,8.00,8.20,7.96,8.06,16374200
2020-06-19,8.25,8.25,7.94,7.97,19399340
2020-06-22,7.96,8.01,7.81,7.93,30464490
2020-06-23,8.00,8.15,7.82,7.88,15540020
2020-06-24,7.73,7.77,7.21,7.48,25627090
2020-06-25,7.33,7.69,7.30,7.41,16178670
2020-06-26,7.34,7.40,7.05,7.06,23586570
2020-06-29,7.03,7.15,6.90,7.02,20897040
2020-06-30,7.00,7.13,6.93,7.12,14632710
2020-07-01,7.12,7.22,7.00,7.09,12378060
2020-07-02,7.15,7.19,7.03,7.04,15016100
2020-07-06,7.10,7.15,6.07,6.17,103489700
2020-07-07,6.06,6.60,6.05,6.31,42638340
2020-07-08,6.39,6.63,6.26,6.54,39830560
2020-07-09,6.60,6.65,6.30,6.34,27981420
2020-07-10,6.31,6.50,6.28,6.44,14438900
2020-07-13,6.53,6.59,6.32,6.36,30329820
2020-07-14,6.34,6.41,6.29,6.36,26450160
2020-07-15,6.61,6.69,6.45,6.62,22062590
2020-07-16,6.58,6.75,6.47,6.59,17520000
2020-07-17,6.64,6.75,6.47,6.47,16201990
2020-07-20,6.55,6.57,6.47,6.48,11136470
2020-07-21,6.55,6.78,6.54,6.74,21055360
2020-07-22,6.66,6.70,6.54,6.59,17055340
2020-07-23,6.59,6.66,6.51,6.62,19252960
2020-07-24,6.56,6.68,6.51,6.65,14677720
2020-07-27,6.57,6.60,6.38,6.38,23335870
2020-07-28,6.39,6.41,6.24,6.24,22450020
2020-07-29,6.52,6.69,6.36,6.67,28615730
2020-07-30,6.62,6.63,6.45,6.52,18319840
2020-07-31,6.55,6.65,6.43,6.55,14894650
2020-08-03,6.57,6.78,6.52,6.74,17642360
2020-08-04,6.80,6.95,6.69,6.91,20382910
2020-08-05,6.99,7.34,6.97,7.15,43890910
2020-08-06,6.84,6.84,6.46,6.63,39909140
2020-08-07,6.50,6.55,6.36,6.43,24980880
2020-08-10,6.46,6.56,6.36,6.51,34388680
2020-08-11,6.61,6.74,6.45,6.53,27707890
2020-08-12,6.59,6.65,6.51,6.55,14916670
2020-08-13,6.51,6.58,6.45,6.55,14194300
2020-08-14,6.50,6.70,6.50,6.62,14056710
2020-08-17,6.62,6.74,6.58,6.59,17549860
2020-08-18,6.65,6.65,6.44,6.49,16163990
2020-08-19,6.56,6.72,6.51,6.52,19844680
2020-08-20,6.52,6.68,6.45,6.65,21469060
2020-08-21,6.61,6.70,6.56,6.65,21960010
2020-08-24,6.70,6.75,6.60,6.61,16188000
2020-08-25,6.66,6.76,6.50,6.57,16738600
2020-08-26,6.52,6.62,6.37,6.46,22596950
2020-08-27,6.40,6.54,6.40,6.53,12175720
2020-08-28,6.45,6.63,6.43,6.60,16274200
2020-08-31,6.58,6.59,6.40,6.42,16948110
2020-09-01,6.42,6.44,6.27,6.29,19903580
2020-09-02,6.28,6.36,6.27,6.30,14163930
2020-09-03,6.27,6.36,6.14,6.22,19016070
2020-09-04,6.20,6.32,6.04,6.25,17756050
2020-09-08,6.13,6.19,6.03,6.05,15855980
2020-09-09,6.12,6.15,6.06,6.06,12728540
2020-09-10,6.09,6.13,5.95,5.96,16553150
2020-09-11,5.98,6.01,5.79,5.86,20294250
2020-09-14,5.89,5.95,5.84,5.92,18587150
2020-09-15,5.95,6.08,5.84,5.84,20980940
2020-09-16,5.88,6.20,5.83,6.08,17028760
2020-09-17,6.06,6.12,5.95,6.04,14982070
2020-09-18,6.01,6.04,5.92,6.00,23533090
2020-09-21,5.92,5.93,5.81,5.90,19485300
2020-09-22,5.91,6.03,5.80,5.82,14010650
2020-09-23,5.87,5.93,5.56,5.56,22670320
2020-09-24,5.58,5.70,5.34,5.52,21280960
2020-09-25,5.52,5.56,5.34,5.49,20585010
2020-09-28,5.50,5.61,5.41,5.55,13119390
2020-09-29,5.52,5.62,5.46,5.60,11348410
2020-09-30,5.61,5.72,5.35,5.42,26448200
2020-10-01,5.40,5.47,5.26,5.42,15346380
2020-10-02,5.28,5.44,5.26,5.43,12737670
2020-10-05,5.48,5.55,5.38,5.52,12953430
2020-10-06,5.55,5.63,5.35,5.39,17478730
2020-10-07,5.40,5.50,5.37,5.49,13198130
2020-10-08,5.53,5.97,5.51,5.92,23331410
2020-10-09,6.07,6.11,5.80,5.89,14937270
2020-10-12,5.85,6.16,5.80,6.05,20935760
2020-10-13,6.03,6.21,5.99,6.13,19243840
2020-10-14,6.15,6.52,6.13,6.29,25376810
2020-10-15,6.21,6.39,6.08,6.29,15587960
2020-10-16,6.30,6.33,5.98,6.02,20375920
2020-10-19,6.05,6.07,5.87,5.88,15606490
2020-10-20,5.92,5.98,5.88,5.92,10243200
2020-10-21,5.92,5.94,5.82,5.83,18087080
2020-10-22,5.90,6.30,5.88,6.25,27434100
2020-10-23,6.29,6.32,6.13,6.30,12571970
2020-10-26,6.20,6.24,6.00,6.18,14540510
2020-10-27,5.83,6.00,5.59,5.65,50399100
2020-10-28,5.50,5.56,5.25,5.27,37088450
2020-10-29,5.24,5.32,5.03,5.29,43340840
2020-10-30,5.21,5.26,5.01,5.15,26491360
2020-11-02,5.15,5.20,4.98,5.17,25787550
2020-11-03,5.31,5.57,5.22,5.50,28300090
2020-11-04,5.50,5.55,5.28,5.35,23136660
2020-11-05,5.52,5.52,5.27,5.36,27336040
2020-11-06,5.30,5.37,5.10,5.11,21465370
2020-11-09,5.48,5.72,5.35,5.60,44420930
2020-11-10,5.60,5.62,5.41,5.44,27250910
2020-11-11,5.50,5.51,5.28,5.35,17812690
2020-11-12,5.25,5.34,5.11,5.30,29019120
2020-11-13,5.30,5.43,5.30,5.36,19031050
2020-11-16,5.50,5.55,5.42,5.44,32775990
2020-11-17,5.42,5.68,5.37,5.63,26620340
2020-11-18,5.70,5.95,5.65,5.65,29121590
2020-11-19,5.76,6.14,5.69,6.12,33717230
2020-11-20,6.18,6.19,5.96,6.08,22692650
2020-11-23,6.14,6.50,6.12,6.43,32531900
2020-11-24,6.60,6.86,6.51,6.71,30879450
2020-11-25,6.65,6.66,6.42,6.49,32648270
2020-11-27,6.50,6.53,6.29,6.36,12686120
2020-11-30,6.31,6.48,6.14,6.18,25723820
2020-12-01,6.26,6.36,6.10,6.17,19514770
2020-12-02,6.12,6.46,6.10,6.33,19339990
2020-12-03,6.45,6.63,6.34,6.55,24507630
2020-12-04,6.69,6.99,6.62,6.93,29824660
2020-12-07,6.87,6.90,6.65,6.70,20688160
2020-12-08,6.60,6.91,6.58,6.74,18642330
2020-12-09,6.79,6.94,6.44,6.49,34944140
2020-12-10,6.49,6.85,6.47,6.82,23702190
2020-12-11,6.90,7.14,6.80,7.01,25819420
2020-12-14,7.14,7.20,6.83,6.95,23184860
2020-12-15,6.99,7.09,6.90,6.99,18863290
2020-12-16,6.99,7.00,6.85,6.87,18494630
2020-12-17,6.94,6.96,6.80,6.88,22872260
2020-12-18,6.84,6.91,6.70,6.78,37348550
2020-12-21,6.57,6.67,6.50,6.60,36866430
2020-12-22,6.57,6.62,6.45,6.46,14990340
2020-12-23,6.47,6.66,6.47,6.52,16087200
2020-12-24,6.48,6.50,6.34,6.44,9526024
2020-12-28,6.47,6.47,6.14,6.23,28930380
2020-12-29,6.25,6.31,6.12,6.20,20037200
2020-12-30,6.15,6.31,6.12,6.16,22203580
2020-12-31,6.13,6.19,6.06,6.18,23016300
2021-01-04,6.26,6.32,6.03,6.10,26710840
2021-01-05,6.10,6.60,6.08,6.46,28105740
2021-01-06,6.59,6.68,6.42,6.62,20091440
2021-01-07,6.65,6.75,6.54,6.65,15386760
2021-01-08,6.73,6.78,6.58,6.73,21695240
2021-01-11,6.65,6.86,6.60,6.83,17727680
2021-01-12,6.97,7.22,6.92,7.14,28279170
2021-01-13,7.17,7.25,7.06,7.24,19252270
2021-01-14,7.25,7.27,7.09,7.13,23314130
2021-01-15,7.12,7.14,6.87,7.01,18690360
2021-01-19,7.00,7.05,6.80,6.85,27612350
2021-01-20,6.96,7.05,6.82,6.83,23286490
2021-01-21,6.82,6.87,6.58,6.62,25694050
2021-01-22,6.57,6.58,6.46,6.50,25536130
2021-01-25,6.55,6.62,6.42,6.57,18574130
2021-01-26,6.61,7.04,6.58,6.62,40456390
2021-01-27,6.54,6.61,6.42,6.47,27051990
2021-01-28,6.45,6.51,6.32,6.41,25490800
2021-01-29,6.43,6.54,6.24,6.27,22571270
2021-02-01,6.36,6.39,6.25,6.36,17881030
2021-02-02,6.50,6.66,6.46,6.53,20155750
2021-02-03,6.60,6.67,6.52,6.67,16619990
2021-02-04,6.70,6.80,6.63,6.75,21815710
2021-02-05,6.70,6.78,6.64,6.72,14901380
2021-02-08,6.83,7.06,6.76,7.06,28315550
2021-02-09,7.00,7.00,6.78,6.78,20386790
2021-02-10,6.83,6.84,6.62,6.83,16241330
2021-02-11,6.82,6.93,6.73,6.78,22413760
2021-02-12,6.78,6.93,6.74,6.82,14102370
2021-02-16,6.95,7.00,6.86,6.96,22351800
2021-02-17,7.10,7.11,6.85,6.89,31544580
2021-02-18,6.73,6.95,6.65,6.78,21090970
2021-02-19,6.84,7.02,6.82,7.00,26021450
2021-02-22,7.03,7.67,7.00,7.47,43983220
2021-02-23,7.57,7.72,7.11,7.72,33326940
2021-02-24,7.74,8.27,7.72,8.12,48879480
2021-02-25,8.27,8.39,7.82,8.06,32203590
2021-02-26,7.94,8.08,7.62,7.64,31287370
2021-03-01,7.95,8.14,7.83,8.12,25348390
2021-03-02,8.03,8.15,7.97,7.98,14826130
2021-03-03,8.09,8.11,7.85,7.87,17524280
2021-03-04,7.95,8.27,7.85,8.04,26258830
2021-03-05,8.22,8.24,7.65,8.15,31112720
2021-03-08,8.12,8.33,8.00,8.10,20036760
2021-03-09,8.01,8.20,7.94,8.05,17986470
2021-03-10,8.15,8.62,8.08,8.58,29404940
2021-03-11,8.61,8.70,8.35,8.36,18076530
2021-03-12,8.32,8.48,8.26,8.48,11891060
2021-03-15,8.50,8.53,8.27,8.31,17119290
2021-03-16,8.30,8.31,8.02,8.09,22202520
2021-03-17,8.08,8.30,8.05,8.14,17289850
2021-03-18,8.12,8.16,7.77,7.77,34878590
2021-03-19,7.85,8.10,7.78,7.98,28381740
2021-03-22,8.00,8.16,7.92,8.10,18661140
2021-03-23,8.00,8.04,7.59,7.72,27040860
2021-03-24,7.84,7.93,7.58,7.63,24997030
2021-03-25,7.52,7.79,7.37,7.76,19574470
2021-03-26,7.88,7.95,7.70,7.93,15922370
2021-03-29,7.88,7.90,7.63,7.82,13579390
2021-03-30,7.70,7.80,7.62,7.76,9698953
2021-03-31,7.71,7.84,7.65,7.68,18244960
2021-04-01,7.71,7.85,7.62,7.85,12479350
2021-04-05,7.84,7.85,7.64,7.82,16242710
2021-04-06,7.79,7.85,7.72,7.81,9697853
2021-04-07,7.80,7.82,7.66,7.80,11268300
2021-04-08,7.71,7.88,7.66,7.88,12411300
2021-04-09,7.88,8.25,7.86,8.04,32017570
2021-04-12,8.09,8.16,8.00,8.07,13649790
2021-04-13,8.04,8.06,7.93,8.00,13404380
2021-04-14,8.03,8.08,7.97,8.02,18697020
2021-04-15,8.01,8.06,7.95,8.06,8936101
2021-04-16,8.05,8.07,7.87,7.87,13089340
2021-04-19,7.87,8.06,7.81,8.04,14151090
2021-04-20,8.00,8.00,7.77,7.93,14008090
2021-04-21,7.87,8.00,7.75,7.98,10254170
2021-04-22,8.10,8.24,8.03,8.06,18800970
2021-04-23,8.08,8.19,8.01,8.19,14203220
2021-04-26,8.18,8.25,8.16,8.18,11300850
2021-04-27,8.24,8.46,8.19,8.41,17524910
2021-04-28,8.45,8.72,8.45,8.60,22045470
2021-04-29,8.80,8.90,8.65,8.84,23115980
2021-04-30,8.77,8.90,8.55,8.61,14803410
2021-05-03,8.75,8.75,8.53,8.63,11555530
2021-05-04,8.68,8.88,8.67,8.81,15309710
2021-05-05,8.85,9.07,8.81,8.95,10929850
2021-05-06,9.03,9.21,8.85,9.20,19020790
2021-05-07,9.53,10.04,9.36,9.84,45707080
2021-05-10,9.95,10.00,9.65,9.79,38375480
2021-05-11,9.55,9.68,9.38,9.53,21055110
2021-05-12,9.60,10.00,9.44,9.55,37808040
2021-05-13,9.61,9.98,9.55,9.98,24985490
2021-05-14,10.00,10.36,9.88,10.11,39091750
2021-05-17,10.29,10.50,10.15,10.41,16679510
2021-05-18,10.36,10.41,10.18,10.37,16505800
2021-05-19,10.15,10.18,9.93,10.05,17800080
2021-05-20,10.00,10.16,9.93,10.02,16888300
2021-05-21,10.09,10.29,9.92,10.19,26650760
2021-05-24,10.27,10.43,10.23,10.29,12155560
2021-05-25,10.25,10.28,9.89,9.89,17793590
2021-05-26,9.94,10.07,9.84,10.06,14393950
2021-05-27,10.00,10.14,9.96,10.01,14262050
2021-05-28,10.07,10.07,9.89,9.90,15469120
2021-06-01,10.05,10.28,10.00,10.26,15750020
2021-06-02,10.30,10.57,10.24,10.47,13655710
2021-06-03,10.41,10.55,10.30,10.49,11972600
2021-06-04,10.53,10.82,10.46,10.78,15619210
2021-06-07,10.78,10.98,10.75,10.91,12225070
2021-06-08,10.90,10.95,10.75,10.87,12457790
2021-06-09,10.92,11.06,10.82,10.87,11659270
2021-06-10,10.96,11.11,10.88,11.05,10142710
2021-06-11,11.15,11.32,11.12,11.30,12778520
2021-06-14,11.48,11.55,11.08,11.15,19312890
2021-06-15,11.23,11.30,10.92,11.22,17438050
2021-06-16,11.21,11.36,11.12,11.35,16546460
2021-06-17,11.33,11.36,10.59,10.67,29270560
2021-06-18,10.50,10.71,10.31,10.56,31292630
2021-06-21,10.71,11.07,10.69,11.01,16173500
2021-06-22,11.02,11.05,10.77,10.94,12043900
2021-06-23,11.00,11.14,10.82,10.82,9850901
2021-06-24,10.85,10.94,10.81,10.93,8346951
2021-06-25,10.96,10.98,10.72,10.72,9933783
2021-06-28,10.75,10.76,10.36,10.37,16177160
2021-06-29,10.43,10.68,10.41,10.55,9324835
2021-06-30,10.59,10.79,10.56,10.63,9327882
2021-07-01,10.71,10.77,10.59,10.70,8991285
2021-07-02,10.69,10.71,10.57,10.71,5994495
2021-07-06,10.73,10.73,10.39,10.66,12461920
2021-07-07,10.63,10.71,10.43,10.47,8040300
2021-07-08,10.20,10.45,10.12,10.37,11716570
2021-07-09,10.40,10.70,10.39,10.59,8943652
2021-07-12,10.51,10.59,10.36,10.46,7883219
2021-07-13,10.46,10.49,10.28,10.28,6476740
2021-07-14,10.30,10.41,10.07,10.08,10930160
2021-07-15,9.97,10.00,9.66,9.79,23731730
2021-07-16,9.93,10.02,9.58,9.68,13564100
2021-07-19,9.39,9.43,8.85,9.31,30570860
2021-07-20,9.33,9.83,9.28,9.77,13064240
2021-07-21,10.00,10.20,9.91,9.97,15327390
2021-07-22,10.01,10.07,9.85,9.94,11042590
2021-07-23,10.00,10.03,9.75,10.00,12263820
2021-07-26,9.96,10.19,9.91,10.03,9480316
2021-07-27,9.94,9.97,9.71,9.75,12037050
2021-07-28,9.79,10.06,9.74,9.95,11873860
2021-07-29,10.05,10.08,9.91,9.97,7823719
2021-07-30,9.98,10.03,9.79,9.86,7948118
2021-08-02,9.88,10.08,9.68,9.70,11833450
2021-08-03,9.77,9.77,9.46,9.71,14816930
2021-08-04,9.55,9.63,9.27,9.27,25329210
2021-08-05,9.22,9.42,9.11,9.12,17071760
2021-08-06,9.16,9.41,9.16,9.27,11782510
2021-08-09,9.18,9.28,9.03,9.23,12244690
2021-08-10,9.28,9.49,9.27,9.40,11246300
2021-08-11,9.44,9.55,9.36,9.54,9146428
2021-08-12,9.55,9.72,9.40,9.72,8041335
2021-08-13,9.71,9.80,9.50,9.51,6818253
2021-08-16,9.44,9.57,9.35,9.51,11864780
2021-08-17,9.50,9.57,9.23,9.32,11383530
2021-08-18,9.26,9.36,9.05,9.10,14747110
2021-08-19,9.00,9.08,8.71,8.95,19139060
2021-08-20,8.89,9.25,8.87,9.02,12235240
2021-08-23,9.22,9.36,9.17,9.21,9312799
2021-08-24,9.26,9.42,9.23,9.33,9931830
2021-08-25,9.40,9.54,9.33,9.48,7347386
2021-08-26,9.48,9.49,9.20,9.20,8204317
2021-08-27,9.27,9.52,9.26,9.49,8944143
2021-08-30,9.53,9.55,9.29,9.30,8520767
2021-08-31,9.30,9.39,9.23,9.30,10310270
2021-09-01,9.33,9.44,9.24,9.44,10217000
2021-09-02,9.45,9.68,9.45,9.67,10776150
2021-09-03,9.67,9.70,9.54,9.65,8365922
2021-09-07,9.61,9.75,9.50,9.50,9655650
2021-09-08,9.51,9.63,9.42,9.44,6989946
2021-09-09,9.40,9.49,9.25,9.32,8608446
2021-09-10,9.44,9.44,9.27,9.30,8297097
2021-09-13,9.36,9.47,9.29,9.34,14967260
2021-09-14,9.44,9.68,9.29,9.30,25697460
2021-09-15,9.31,9.53,9.23,9.24,23802020
2021-09-16,9.24,9.28,9.12,9.14,22153920
2021-09-17,9.18,9.36,9.02,9.10,22790840
2021-09-20,8.95,8.99,8.60,8.73,29487020
2021-09-21,8.90,8.92,8.60,8.85,17265950
2021-09-22,8.91,9.29,8.89,9.25,18429040
2021-09-23,9.25,9.52,9.20,9.49,14236690
2021-09-24,9.42,9.44,9.25,9.28,9280847
2021-09-27,9.44,9.72,9.40,9.63,13915750
2021-09-28,9.75,9.83,9.48,9.51,11353220
2021-09-29,9.52,9.60,9.43,9.58,13236340
2021-09-30,9.57,9.65,9.47,9.58,11858500
2021-10-01,9.60,9.86,9.57,9.75,12262840
2021-10-04,9.87,10.10,9.80,10.08,16861170
2021-10-05,10.17,10.22,9.52,9.86,34984420
2021-10-06,9.68,9.70,9.38,9.42,21201490
2021-10-07,9.48,9.64,9.46,9.64,19730050
2021-10-08,9.70,9.95,9.67,9.94,10588890
2021-10-11,10.08,10.13,9.82,9.93,13947400
2021-10-12,9.93,10.08,9.86,9.90,10619610
2021-10-13,9.90,9.96,9.74,9.96,8810020
2021-10-14,10.04,10.07,9.93,9.94,15950080
2021-10-15,10.04,10.07,9.94,9.99,10513500
2021-10-18,10.06,10.17,9.99,10.05,12843750
2021-10-19,10.10,10.11,9.98,10.07,9690172
2021-10-20,10.01,10.20,9.97,10.19,9154089
2021-10-21,10.19,10.20,9.81,9.89,20363230
2021-10-22,9.91,9.99,9.76,9.88,16151700
2021-10-25,9.96,10.01,9.80,9.98,10942580
2021-10-26,10.04,10.16,9.86,9.86,12845620
2021-10-27,9.81,9.91,9.66,9.73,13465080
2021-10-28,9.71,9.80,9.53,9.68,18739040
2021-10-29,9.67,9.68,9.39,9.51,18529010
2021-11-01,9.61,9.94,9.58,9.93,16233940
2021-11-02,9.90,9.90,9.66,9.83,14971310
2021-11-03,9.70,9.88,9.61,9.68,21075210
2021-11-04,9.49,9.56,9.02,9.23,35133870
2021-11-05,9.28,9.35,9.23,9.30,13054180
2021-11-08,9.33,9.41,9.23,9.35,21990090
2021-11-09,9.35,9.39,9.10,9.36,18025760
2021-11-10,9.30,9.38,9.07,9.08,19271480
2021-11-11,9.13,9.23,9.09,9.17,14251390
2021-11-12,9.11,9.15,9.04,9.13,15742830
2021-11-15,9.14,9.37,9.11,9.29,18279860
2021-11-16,9.39,9.42,9.22,9.24,12320440
2021-11-17,9.22,9.33,8.98,8.98,18831450
2021-11-18,9.02,9.06,8.82,8.88,14734900
2021-11-19,8.78,8.92,8.60,8.70,20603660
2021-11-22,8.74,8.91,8.62,8.82,17303960
2021-11-23,8.84,9.01,8.80,8.95,17374240
2021-11-24,8.88,9.10,8.86,9.04,8613837
2021-11-26,8.62,8.90,8.54,8.84,13182690
2021-11-29,8.89,8.94,8.48,8.61,26838790
2021-11-30,8.50,8.63,8.31,8.42,25309000
2021-12-01,8.57,8.72,8.11,8.16,20451160
2021-12-02,8.16,8.38,8.07,8.32,17486830
2021-12-03,8.35,8.48,8.10,8.23,19802430
2021-12-06,8.22,8.43,7.96,8.18,24924510
2021-12-07,8.35,8.41,8.22,8.36,31258590
2021-12-08,8.24,8.77,8.24,8.52,136660800
2021-12-09,8.54,8.65,8.38,8.57,24292610
2021-12-10,8.66,8.66,8.42,8.48,17172390
2021-12-13,8.45,8.45,8.16,8.23,27097330
2021-12-14,8.17,8.29,8.15,8.25,20589710
2021-12-15,8.24,8.39,8.08,8.36,20931320
2021-12-16,8.47,8.60,8.39,8.49,19965590
2021-12-17,8.44,8.49,8.32,8.35,22367260
2021-12-20,8.20,8.27,8.00,8.25,20430810
2021-12-21,8.30,8.44,8.15,8.18,22595890
2021-12-22,8.18,8.28,8.12,8.21,19095210
2021-12-23,8.21,8.23,8.12,8.22,17149780
2021-12-27,8.18,8.33,8.15,8.30,16431000
2021-12-28,8.28,8.40,8.26,8.27,11715900
2021-12-29,8.24,8.26,8.10,8.15,21207690
2021-12-30,8.15,8.30,8.12,8.16,15697570
2021-12-31,8.12,8.23,8.11,8.23,11778590
2022-01-03,8.27,8.75,8.26,8.71,29432480
2022-01-04,8.80,9.05,8.76,8.92,24559040
2022-01-05,9.03,9.09,8.80,8.81,16002220
2022-01-06,9.08,9.11,8.81,9.08,14648450
2022-01-07,9.10,9.31,9.06,9.24,21862140
2022-01-10,9.27,9.37,8.94,9.12,25295330
2022-01-11,9.15,9.34,9.08,9.33,14814830
2022-01-12,9.40,9.66,9.37,9.63,27000650
2022-01-13,9.65,9.66,9.42,9.44,13804150
2022-01-14,9.46,9.63,9.42,9.59,14440630
2022-01-18,9.66,9.76,9.53,9.70,20590760
2022-01-19,9.77,9.78,9.46,9.59,13518820
2022-01-20,9.56,9.66,9.46,9.53,19031670
2022-01-21,9.39,9.50,9.11,9.17,21973680
2022-01-24,8.95,9.22,8.75,9.18,31092480
2022-01-25,9.12,9.34,9.03,9.29,17401640
2022-01-26,9.76,9.79,9.47,9.69,39163110
2022-01-27,9.78,9.81,9.41,9.60,28850880
2022-01-28,9.66,9.67,9.35,9.50,20994030
2022-01-31,9.50,9.62,9.36,9.57,20479490
2022-02-01,9.68,9.84,9.55,9.80,21512850
2022-02-02,9.85,10.00,9.76,9.96,33777510
2022-02-03,9.91,10.24,9.80,10.24,30688630
2022-02-04,10.31,10.41,10.17,10.24,24994990
2022-02-07,10.10,10.11,9.86,9.93,19543990
2022-02-08,9.87,10.00,9.76,9.97,21334460
2022-02-09,9.98,10.13,9.96,9.98,15305190
2022-02-10,10.00,10.15,9.95,10.00,17514280
2022-02-11,10.02,10.33,10.00,10.30,25629900
2022-02-14,10.27,10.29,10.07,10.10,19489600
2022-02-15,9.96,10.21,9.89,10.17,13348580
2022-02-16,10.21,10.38,10.12,10.13,15206230
2022-02-17,10.33,10.35,10.15,10.22,23681480
2022-02-18,10.36,10.36,10.03,10.05,16897140
2022-02-22,10.18,10.20,9.65,9.76,24406810
2022-02-23,9.84,9.90,9.73,9.78,15103220
2022-02-24,9.62,9.93,9.54,9.70,26118650
2022-02-25,9.74,9.87,9.70,9.79,27782260
2022-02-28,9.78,10.19,9.72,10.14,26553210
2022-03-01,10.19,10.46,10.19,10.42,26126960
2022-03-02,10.51,10.55,10.38,10.49,25149630
2022-03-03,10.45,10.47,10.24,10.37,19441080
2022-03-04,10.38,10.46,10.27,10.43,15831950
2022-03-07,10.58,10.59,10.21,10.34,26783480
2022-03-08,10.36,10.69,10.31,10.42,47218430
2022-03-09,10.32,10.33,10.06,10.18,24909020
2022-03-10,10.21,10.40,10.13,10.31,23371040
2022-03-11,10.29,10.33,10.06,10.10,19338090
2022-03-14,10.01,10.06,9.73,9.82,26384790
2022-03-15,9.60,9.84,9.51,9.75,23121500
2022-03-16,9.77,9.87,9.67,9.84,16631080
2022-03-17,9.94,10.00,9.84,9.90,15636600
2022-03-18,9.88,9.91,9.76,9.79,21074970
2022-03-21,9.89,9.97,9.87,9.90,30193050
2022-03-22,9.96,10.23,9.89,10.20,17791980
2022-03-23,10.27,10.29,10.07,10.09,13925500
2022-03-24,10.15,10.27,10.10,10.25,17756700
2022-03-25,10.23,10.60,10.20,10.57,31861540
2022-03-28,10.50,10.98,10.26,10.88,44396710
2022-03-29,10.82,11.23,10.77,11.05,30900660
2022-03-30,11.17,11.54,11.06,11.53,43621750
2022-03-31,11.46,11.57,11.18,11.19,26131120
2022-04-01,11.28,11.59,11.27,11.52,20348940
2022-04-04,11.58,11.65,11.30,11.45,16770420
2022-04-05,11.50,11.56,11.14,11.19,16006100
2022-04-06,11.22,11.26,10.97,11.09,26494220
2022-04-07,11.16,11.19,10.81,11.04,17141630
2022-04-08,11.09,11.26,10.92,11.23,13504400
2022-04-11,11.20,11.25,10.98,11.05,15816970
2022-04-12,11.18,11.37,11.11,11.36,21069310
2022-04-13,11.49,11.59,11.29,11.56,19471110
2022-04-14,11.49,11.62,11.37,11.53,12533000
2022-04-18,11.58,11.77,11.42,11.62,21848050
2022-04-19,11.62,11.78,11.56,11.72,14221520
2022-04-20,11.80,11.91,11.65,11.89,16122630
2022-04-21,11.98,12.08,11.62,11.65,25065920
2022-04-22,11.68,11.75,11.24,11.28,16661980
2022-04-25,11.01,11.14,10.57,11.11,41343890
2022-04-26,11.23,11.55,11.12,11.27,28817160
2022-04-27,11.37,11.48,11.16,11.25,17959710
2022-04-28,11.37,11.45,11.05,11.40,21923160
2022-04-29,11.38,11.48,11.03,11.08,16502550
2022-05-02,11.02,11.30,10.90,11.28,23733310
2022-05-03,11.34,11.78,11.30,11.74,26734700
2022-05-04,11.94,12.09,11.56,12.08,32645150
2022-05-05,12.25,12.48,11.72,11.88,36272080
2022-05-06,11.80,11.84,11.36,11.63,29950830
2022-05-09,11.45,11.47,10.78,10.83,44115310
2022-05-10,11.05,11.08,10.36,10.69,31845950
2022-05-11,10.85,11.25,10.71,10.73,19531070
2022-05-12,10.66,10.79,10.46,10.66,19676470
2022-05-13,10.81,11.16,10.81,11.05,18985540
2022-05-16,11.00,11.46,11.00,11.34,18540110
2022-05-17,11.50,11.74,11.43,11.73,19188320
2022-05-18,11.75,11.79,11.06,11.23,21879070
2022-05-19,11.15,11.22,10.91,11.06,20477890
2022-05-20,11.32,11.36,10.84,11.11,17380530
2022-05-23,11.13,11.31,11.05,11.27,21490090
2022-05-24,11.17,11.26,10.97,11.17,13274610
2022-05-25,11.15,11.47,11.13,11.44,15887820
2022-05-26,11.52,11.78,11.50,11.57,16410270
2022-05-27,11.60,11.71,11.44,11.65,19410950
2022-05-31,11.81,11.88,11.56,11.66,23104630
2022-06-01,11.80,11.99,11.61,11.94,17661200
2022-06-02,11.88,12.08,11.77,12.01,17013340
2022-06-03,11.94,12.01,11.82,11.85,10491670
2022-06-06,11.98,12.00,11.80,11.86,10042400
2022-06-07,11.85,12.34,11.84,12.31,23965940
2022-06-08,12.43,12.43,12.14,12.26,17199390
2022-06-09,12.20,12.25,12.03,12.04,10911410
2022-06-10,11.94,11.94,11.55,11.64,19799390
2022-06-13,11.36,11.36,10.90,11.06,31972610
2022-06-14,11.32,11.34,10.75,10.82,19715550
2022-06-15,10.92,10.97,10.61,10.72,23739790
2022-06-16,10.51,10.56,10.11,10.13,32999250
2022-06-17,10.05,10.26,9.73,9.83,48506100
2022-06-21,10.25,10.47,10.15,10.38,20053670
2022-06-22,9.99,10.21,9.81,10.00,22684800
2022-06-23,10.13,10.14,9.56,9.79,32070480
2022-06-24,9.93,10.12,9.82,10.10,22881620
2022-06-27,10.20,10.27,10.05,10.14,20641860
2022-06-28,10.30,10.53,10.11,10.34,27731780
2022-06-29,10.38,10.45,10.01,10.18,22968170
2022-06-30,10.00,10.15,9.86,9.98,34151900
2022-07-01,9.96,10.12,9.77,10.02,24090160
2022-07-05,9.86,9.90,9.53,9.88,32246040
2022-07-06,9.76,9.90,9.15,9.54,39122880
2022-07-07,9.67,10.01,9.67,9.87,25204900
2022-07-08,9.89,9.99,9.78,9.95,17091560
2022-07-11,9.89,9.89,9.61,9.73,19484430
2022-07-12,9.58,9.68,9.37,9.68,18188030
2022-07-13,9.51,9.95,9.46,9.86,23086650
2022-07-14,9.60,9.68,9.37,9.66,22623990
2022-07-15,9.84,9.87,9.66,9.82,12932750
2022-07-18,9.96,10.30,9.96,10.09,19074200
2022-07-19,10.18,10.45,10.14,10.43,13781100
2022-07-20,10.37,10.52,10.30,10.47,13093460
2022-07-21,10.35,10.41,10.13,10.36,12550180
2022-07-22,10.36,10.49,10.17,10.25,9608275
2022-07-25,10.40,10.67,10.29,10.60,23949320
2022-07-26,10.73,10.87,10.52,10.65,14743260
2022-07-27,10.85,10.96,10.66,10.95,21002050
2022-07-28,11.00,11.24,10.76,11.18,23983850
2022-07-29,11.30,11.49,11.22,11.31,20429940
2022-08-01,11.27,11.36,11.02,11.32,20548400
2022-08-02,11.35,11.37,11.20,11.27,17781990
2022-08-03,11.37,11.43,11.15,11.25,21529740
2022-08-04,11.43,11.61,11.09,11.11,24491680
2022-08-05,10.87,11.01,10.78,10.82,15612740
2022-08-08,10.82,11.04,10.81,10.89,12976020
2022-08-09,10.98,11.03,10.86,10.97,15500610
2022-08-10,11.01,11.32,10.96,11.27,15566440
2022-08-11,11.45,11.63,11.44,11.49,17937480
2022-08-12,11.64,11.71,11.53,11.67,13982010
2022-08-15,11.39,11.58,11.32,11.58,12673360
2022-08-16,11.69,11.82,11.65,11.80,13712610
2022-08-17,11.80,11.85,11.53,11.62,15980560
2022-08-18,11.70,11.94,11.70,11.93,12801480
2022-08-19,11.90,11.93,11.78,11.81,10692840
2022-08-22,11.69,11.87,11.63,11.82,14532230
2022-08-23,11.93,12.19,11.90,12.18,17502030
2022-08-24,12.20,12.49,12.17,12.29,23594210
2022-08-25,12.41,12.43,12.17,12.36,14705060
2022-08-26,12.38,12.39,12.11,12.14,15343270
2022-08-29,12.01,12.33,11.97,12.30,14395420
2022-08-30,12.19,12.20,11.77,11.81,19559280
2022-08-31,11.65,11.99,11.55,11.71,25671780
2022-09-01,11.60,11.74,11.31,11.73,21758970
2022-09-02,11.93,11.99,11.65,11.75,16334700
2022-09-06,11.85,11.88,11.53,11.54,11850570
2022-09-07,11.40,11.55,11.30,11.47,21644000
2022-09-08,11.42,11.63,11.38,11.58,14308520
2022-09-09,11.71,11.98,11.68,11.91,13895080
2022-09-12,11.98,12.14,11.88,12.12,17444520
2022-09-13,11.95,12.10,11.67,11.68,17883260
2022-09-14,11.80,12.07,11.77,12.01,14789570
2022-09-15,11.89,12.20,11.83,12.03,16698380
2022-09-16,11.91,11.94,11.61,11.81,21456960
2022-09-19,11.61,11.92,11.60,11.90,16794460
2022-09-20,11.91,11.99,11.78,11.93,16587280
2022-09-21,12.09,12.13,11.81,11.86,20251920
2022-09-22,11.97,12.02,11.31,11.32,30876760
2022-09-23,11.04,11.05,10.42,10.54,60092600
2022-09-26,10.47,10.52,10.02,10.22,42175350
2022-09-27,10.38,10.76,10.34,10.49,27815280
2022-09-28,10.50,11.16,10.45,11.11,24024860
2022-09-29,10.98,11.04,10.72,10.97,20039510
2022-09-30,10.91,11.16,10.77,11.03,18930100
2022-10-03,11.32,11.45,11.12,11.34,24832980
2022-10-04,11.52,11.80,11.51,11.73,19275380
2022-10-05,11.60,11.97,11.39,11.85,21369810
2022-10-06,11.76,11.85,11.47,11.55,17048780
2022-10-07,11.54,11.66,11.43,11.54,15249870
2022-10-10,11.45,11.64,11.29,11.34,12909200
2022-10-11,11.17,11.67,11.08,11.53,16136770
2022-10-12,11.44,11.54,11.34,11.50,10115960
2022-10-13,11.32,11.75,11.21,11.71,21835790
2022-10-14,11.63,11.74,11.46,11.47,12276900
2022-10-17,11.62,11.72,11.47,11.70,13013530
2022-10-18,11.78,11.97,11.65,11.79,21788560
2022-10-19,11.72,11.92,11.71,11.88,16280310
2022-10-20,11.86,12.06,11.79,11.89,17149980
2022-10-21,11.95,12.12,11.82,12.09,17774800
2022-10-24,12.09,12.18,12.02,12.07,14129370
2022-10-25,12.09,12.29,11.98,12.04,15099700
2022-10-26,12.23,12.47,12.12,12.28,28935460
2022-10-27,12.46,12.57,12.41,12.44,20488390
2022-10-28,12.46,12.55,12.26,12.53,18076770
2022-10-31,12.54,12.92,12.46,12.77,25431070
2022-11-01,12.95,12.95,12.71,12.75,20265830
2022-11-02,12.73,12.73,12.31,12.36,31958750
2022-11-03,12.01,12.38,11.99,12.19,23641020
2022-11-04,12.35,12.42,12.05,12.30,17958220
2022-11-07,12.37,12.43,12.26,12.39,12876770
2022-11-08,12.43,12.43,12.23,12.27,14898170
2022-11-09,12.20,12.22,11.89,11.97,13683770
2022-11-10,12.20,12.41,12.13,12.32,13359440
2022-11-11,12.40,12.46,12.09,12.20,16960800
2022-11-14,12.20,12.40,12.01,12.03,12506660
2022-11-15,12.12,12.24,11.96,12.04,18907910
2022-11-16,12.05,12.11,11.88,12.11,13903900
2022-11-17,11.97,12.03,11.91,11.95,12749600
2022-11-18,11.94,12.19,11.84,12.17,13870600
2022-11-21,12.12,12.17,11.85,12.16,16642430
2022-11-22,12.18,12.49,12.18,12.49,16312950
2022-11-23,12.34,12.46,12.33,12.43,8746366
2022-11-25,12.40,12.47,12.35,12.36,4024179
2022-11-28,12.18,12.32,12.13,12.15,11183710
2022-11-29,12.22,12.44,12.21,12.41,12513730
2022-11-30,12.50,12.54,12.35,12.54,17082520
2022-12-01,12.54,12.62,12.40,12.44,10953150
2022-12-02,12.34,12.53,12.32,12.53,10036520
2022-12-05,12.57,12.62,12.16,12.18,14456700
2022-12-06,12.19,12.28,11.88,11.94,15234110
2022-12-07,11.91,12.03,11.81,11.91,11626310
2022-12-08,12.05,12.11,11.67,11.70,16872040
2022-12-09,11.73,11.75,11.40,11.42,19643720
2022-12-12,11.47,11.73,11.40,11.70,16470450
2022-12-13,11.88,11.96,11.65,11.91,16687830
2022-12-14,11.92,11.94,11.68,11.79,14450210
2022-12-15,11.69,11.73,11.45,11.66,14768420
2022-12-16,11.50,11.67,11.37,11.66,20090930
2022-12-19,11.73,11.75,11.47,11.56,15059320
2022-12-20,11.52,11.74,11.42,11.68,16339780
2022-12-21,11.77,11.98,11.70,11.95,18758810
2022-12-22,11.86,11.88,11.52,11.81,17559410
2022-12-23,11.80,12.00,11.72,11.96,17927370
2022-12-27,11.90,11.93,11.81,11.90,12203610
2022-12-28,11.80,11.85,11.65,11.67,9936281
2022-12-29,11.65,11.93,11.62,11.86,8616971
2022-12-30,11.75,11.90,11.70,11.87,7244212
2023-01-03,11.90,11.93,11.50,11.62,12534990
2023-01-04,11.60,11.82,11.54,11.66,12865240
2023-01-05,11.63,11.96,11.63,11.93,12246170
2023-01-06,12.00,12.19,11.98,12.15,11341440
2023-01-09,12.32,12.43,12.25,12.31,12347110
2023-01-10,12.38,12.41,12.24,12.39,8750431
2023-01-11,12.48,12.58,12.44,12.53,8658836
2023-01-12,12.62,12.76,12.53,12.64,10386840
2023-01-13,12.64,12.68,12.56,12.67,5837525
2023-01-17,12.69,12.85,12.61,12.62,14703230
2023-01-18,12.77,12.89,12.50,12.51,13843090
2023-01-19,12.50,12.63,12.42,12.60,11364370
2023-01-20,12.76,12.80,12.62,12.76,10182940
2023-01-23,12.95,13.07,12.85,13.01,17524090
2023-01-24,12.99,13.67,12.84,13.07,10545370
2023-01-25,13.04,13.16,12.86,13.15,11125110
2023-01-26,13.47,13.53,13.12,13.50,24145910
2023-01-27,13.52,13.57,13.27,13.36,16136270
2023-01-30,13.36,13.37,13.06,13.10,34494700
2023-01-31,13.16,13.28,13.03,13.28,13143390
2023-02-01,13.35,13.36,13.02,13.07,24295600
2023-02-02,13.17,13.33,13.10,13.28,16323480
2023-02-03,13.35,13.51,13.25,13.28,18015740
2023-02-06,13.04,13.09,12.82,12.98,16139450
2023-02-07,13.03,13.07,12.77,12.85,12692880
2023-02-08,12.90,12.92,12.72,12.78,15961410
2023-02-09,12.88,12.89,12.70,12.76,9458057
2023-02-10,12.78,12.93,12.78,12.84,9734623
2023-02-13,12.87,13.03,12.82,12.95,9203186
2023-02-14,12.95,13.19,12.90,13.09,10596480
2023-02-15,13.09,13.14,12.78,13.14,9984205
2023-02-16,12.95,13.24,12.95,13.05,17515400
2023-02-17,12.95,12.97,12.70,12.87,13445270
2023-02-21,12.86,12.97,12.70,12.74,12948670
2023-02-22,12.90,13.04,12.71,13.00,13906160
2023-02-23,13.14,13.18,12.96,13.01,12273590
2023-02-24,12.95,12.97,12.81,12.86,11848480
2023-02-27,13.00,13.00,12.73,12.76,11867730
2023-02-28,12.80,12.83,12.66,12.66,10127260
2023-03-01,12.69,12.85,12.63,12.79,12046550
2023-03-02,12.75,12.98,12.68,12.95,10556650
2023-03-03,12.90,13.12,12.87,13.05,13324040
2023-03-06,13.06,13.25,12.96,13.20,9810377
2023-03-07,13.24,13.25,13.00,13.13,11204680
2023-03-08,13.11,13.19,12.93,13.16,12026290
2023-03-09,13.19,13.21,12.87,12.90,8986622
2023-03-10,12.92,12.98,12.52,12.60,17618130
2023-03-13,12.44,12.51,11.94,12.26,27275250
2023-03-14,12.40,12.69,12.21,12.34,11223210
2023-03-15,12.05,12.12,11.65,11.94,28747370
2023-03-16,11.80,12.26,11.56,12.25,21768090
2023-03-17,12.23,12.25,11.82,11.99,22859780
2023-03-20,11.99,12.16,11.80,11.84,12118830
2023-03-21,11.99,12.16,11.97,12.11,9857048
2023-03-22,12.11,12.11,11.75,11.76,11738870
2023-03-23,11.88,12.00,11.56,11.68,12791990
2023-03-24,11.52,11.77,11.45,11.70,11420550
2023-03-27,11.83,11.92,11.59,11.84,12296820
2023-03-28,11.81,12.11,11.79,12.05,9275266
2023-03-29,12.16,12.29,12.06,12.20,9686957
2023-03-30,12.30,12.45,12.18,12.44,8488263
2023-03-31,12.46,12.50,12.38,12.47,7379214
2023-04-03,12.73,12.95,12.70,12.82,14849850
2023-04-04,12.93,12.93,12.59,12.75,9375545
2023-04-05,12.78,12.80,12.61,12.76,7046421
2023-04-06,12.80,12.80,12.49,12.51,9591856
2023-04-10,12.50,12.65,12.48,12.51,6674797
2023-04-11,12.54,12.64,12.51,12.56,9861158
2023-04-12,12.66,12.75,12.60,12.62,5286305
2023-04-13,12.64,12.80,12.61,12.76,6068837
2023-04-14,12.79,12.85,12.75,12.84,4999355
2023-04-17,12.89,12.95,12.77,12.88,7517815
2023-04-18,12.90,12.99,12.86,12.91,6471937
2023-04-19,12.85,12.89,12.66,12.68,8829077
2023-04-20,12.64,12.75,12.58,12.67,6181584
2023-04-21,12.71,12.79,12.65,12.77,5665675
2023-04-24,12.78,12.81,12.63,12.69,8279211
2023-04-25,12.67,12.67,12.50,12.53,8784925
2023-04-26,12.54,12.64,12.43,12.48,6977685
2023-04-27,12.52,12.84,12.46,12.79,10035600
2023-04-28,12.83,12.95,12.77,12.88,10366140
2023-05-01,12.93,13.09,12.88,12.91,12632080
2023-05-02,12.97,12.97,12.50,12.69,16880950
2023-05-03,12.62,12.89,12.53,12.66,15148100
2023-05-04,12.75,12.80,12.51,12.61,15437900
2023-05-05,12.50,12.61,12.32,12.36,13296880
2023-05-08,12.45,12.46,12.26,12.33,8989096
2023-05-09,12.25,12.52,12.18,12.50,12535950
2023-05-10,12.47,12.52,12.29,12.45,7074399
2023-05-11,12.31,12.38,12.22,12.34,7408575
2023-05-12,12.36,12.43,12.21,12.32,8373262
2023-05-15,12.34,12.59,12.32,12.51,13349470
2023-05-16,12.50,12.56,12.34,12.46,11534900
2023-05-17,12.53,12.66,12.47,12.53,9024509
2023-05-18,12.56,12.77,12.52,12.72,10004850
2023-05-19,12.77,12.84,12.70,12.76,6278986
2023-05-22,12.86,12.89,12.66,12.73,13233020
2023-05-23,12.74,12.93,12.68,12.76,11166340
2023-05-24,12.87,12.87,12.67,12.80,6537707
2023-05-25,12.78,12.78,12.62,12.73,8808905
2023-05-26,12.78,12.79,12.60,12.65,8693305
2023-05-30,12.61,12.61,12.36,12.49,9932334
2023-05-31,12.42,12.47,12.31,12.40,8956394
2023-06-01,12.46,12.65,12.40,12.60,7634906
2023-06-02,12.71,12.96,12.69,12.88,11102930
2023-06-05,12.95,13.02,12.78,12.89,5828837
2023-06-06,12.86,12.98,12.82,12.91,7428966
2023-06-07,12.91,13.01,12.88,12.90,10924040
2023-06-08,12.91,12.93,12.82,12.89,9435100
2023-06-09,12.84,12.87,12.68,12.74,10064180
2023-06-12,12.68,12.71,12.55,12.61,9902696
2023-06-13,12.66,12.80,12.61,12.67,7070906
2023-06-14,12.73,12.81,12.52,12.65,10268880
2023-06-15,12.68,12.87,12.67,12.84,8284210
2023-06-16,12.87,12.88,12.77,12.82,9323720
2023-06-20,12.82,12.83,12.71,12.75,8496166
2023-06-21,12.74,12.90,12.71,12.78,12131930
2023-06-22,12.74,12.75,12.61,12.67,9207063
2023-06-23,12.60,12.65,12.50,12.50,10915220
2023-06-26,12.51,12.67,12.50,12.60,9068375
2023-06-27,12.63,12.68,12.56,12.64,8095821
2023-06-28,12.64,12.75,12.57,12.74,7262947
2023-06-29,12.79,12.83,12.74,12.77,5660967
2023-06-30,12.82,12.85,12.68,12.70,10177140
2023-07-03,12.77,12.86,12.75,12.85,3776700
2023-07-05,12.85,12.85,12.77,12.84,7132589
2023-07-06,12.77,12.82,12.68,12.80,5949539
2023-07-07,12.80,12.87,12.73,12.75,8812697
2023-07-10,12.77,12.87,12.75,12.84,8525629
2023-07-11,12.88,13.01,12.86,12.95,13900190
2023-07-12,13.05,13.08,12.97,12.99,13100420
2023-07-13,13.03,13.04,12.99,13.03,14448620
2023-07-14,13.04,13.04,12.89,12.90,15183470
2023-07-17,12.95,13.00,12.93,12.97,9647526
2023-07-18,13.01,13.15,13.00,13.11,9132639
2023-07-19,13.14,13.20,13.13,13.18,5458444
2023-07-20,13.21,13.25,13.19,13.20,7327941
2023-07-21,13.24,13.25,13.13,13.15,8529568
2023-07-24,13.20,13.30,13.18,13.28,9769756
2023-07-25,13.30,13.30,13.21,13.21,9701622
2023-07-26,13.25,13.25,13.13,13.16,9701792
2023-07-27,13.22,13.23,13.13,13.14,8511831
2023-07-28,13.16,13.26,13.11,13.25,8160519
2023-07-31,13.34,13.36,13.25,13.29,11954600
2023-08-01,13.30,13.33,13.25,13.28,11395290
2023-08-02,13.28,13.29,13.13,13.14,14932340
2023-08-03,12.99,13.01,12.80,12.84,27379600
2023-08-04,12.95,12.96,12.72,12.75,19094620
2023-08-07,12.82,13.00,12.81,12.94,13785910
2023-08-08,12.92,12.94,12.84,12.88,14137680
2023-08-09,12.97,13.07,12.91,12.98,16491250
2023-08-10,13.05,13.10,12.99,13.07,16747960
2023-08-11,12.75,12.82,12.70,12.76,12956330
2023-08-14,12.75,12.79,12.70,12.72,10404530
2023-08-15,12.70,12.70,12.46,12.56,11578260
2023-08-16,12.56,12.88,12.56,12.77,19967040
2023-08-17,12.87,13.00,12.83,12.90,14856770
2023-08-18,12.85,13.00,12.83,13.00,10321890
2023-08-21,13.13,13.14,12.94,13.00,12568440
2023-08-22,13.04,13.05,12.97,12.97,9982744
2023-08-23,12.96,12.98,12.89,12.96,11893100
2023-08-24,12.92,13.04,12.91,12.94,9989202
2023-08-25,13.00,13.21,12.98,13.16,12859170
2023-08-28,13.18,13.43,13.18,13.41,15743880
2023-08-29,13.45,13.58,13.43,13.52,13435850
2023-08-30,13.52,13.64,13.51,13.55,9250100
2023-08-31,13.64,13.64,13.46,13.47,9046206
2023-09-01,13.60,13.67,13.56,13.62,8994389
2023-09-05,13.67,13.85,13.65,13.78,11538450
2023-09-06,13.80,13.81,13.50,13.50,12650720
2023-09-07,13.58,13.80,13.55,13.70,14262100
2023-09-08,13.80,13.82,13.63,13.76,10202630
2023-09-11,13.83,13.87,13.54,13.60,10555640
2023-09-12,13.68,13.74,13.61,13.66,9695628
2023-09-13,13.68,13.74,13.49,13.54,9848055
2023-09-14,13.60,13.65,13.50,13.57,16086230
2023-09-15,13.57,13.69,13.53,13.59,10758870
2023-09-18,13.59,13.82,13.59,13.77,10298270
2023-09-19,13.84,13.90,13.73,13.82,9223734
2023-09-20,13.75,14.09,13.73,13.90,14834580
2023-09-21,13.89,13.95,13.66,13.71,13572660
2023-09-22,13.72,14.00,13.71,13.82,31389800
2023-09-25,13.83,14.02,13.76,14.01,19853270
2023-09-26,13.95,13.99,13.80,13.86,14293880
2023-09-27,13.95,14.03,13.88,13.95,17224730
2023-09-28,13.98,14.08,13.90,14.02,18305070
2023-09-29,14.03,14.05,13.92,14.03,14724220
2023-10-02,14.04,14.05,13.67,13.78,17022320
2023-10-03,13.78,13.78,13.33,13.55,16255510
2023-10-04,13.50,13.53,13.10,13.34,17627220
2023-10-05,13.25,13.36,13.22,13.36,10350320
2023-10-06,13.30,13.53,13.22,13.46,10007820
2023-10-09,13.69,13.74,13.54,13.69,10080420
2023-10-10,13.74,13.87,13.70,13.81,7935220
2023-10-11,13.85,13.90,13.75,13.76,9100717
2023-10-12,13.82,13.84,13.69,13.77,8023469
2023-10-13,13.86,13.92,13.74,13.83,11474010
2023-10-16,13.94,13.98,13.80,13.90,11653400
2023-10-17,13.90,13.98,13.84,13.84,10419400
2023-10-18,13.88,13.96,13.82,13.93,9161642
2023-10-19,13.90,14.10,13.90,14.03,11674920
2023-10-20,14.11,14.15,13.98,14.00,9847453
2023-10-23,13.97,13.98,13.72,13.78,17909160
2023-10-24,13.86,13.86,13.61,13.75,13190330
2023-10-25,13.88,13.89,13.60,13.69,12853660
2023-10-26,13.68,13.69,13.46,13.57,17311370
2023-10-27,13.26,13.32,13.05,13.11,14927930
2023-10-30,13.09,13.24,12.96,13.15,15203850
2023-10-31,13.16,13.24,13.07,13.15,17451730
2023-11-01,13.12,13.24,12.90,13.15,19117140
2023-11-02,13.25,13.68,13.17,13.64,27661400
2023-11-03,13.67,13.68,13.45,13.66,16727690
2023-11-06,13.64,13.65,13.47,13.51,16901740
2023-11-07,13.40,13.40,13.26,13.31,13644160
2023-11-08,13.25,13.27,13.05,13.07,14730540
2023-11-09,13.10,13.21,13.01,13.02,11547330
2023-11-10,13.11,13.23,13.11,13.14,9618457
2023-11-13,13.19,13.22,13.11,13.19,12451660
2023-11-14,13.28,13.35,13.22,13.31,9906609
2023-11-15,13.38,13.47,13.33,13.36,9034093
2023-11-16,13.41,13.45,13.17,13.18,16412830
2023-11-17,13.21,13.58,13.21,13.52,15026000
2023-11-20,13.70,13.73,13.48,13.56,13481170
2023-11-21,13.53,13.81,13.51,13.70,13384890
2023-11-22,13.59,13.76,13.53,13.74,7590010
2023-11-24,13.71,13.83,13.71,13.72,5206660
2023-11-27,13.71,13.78,13.55,13.67,10304660
2023-11-28,13.70,13.77,13.61,13.67,8347721
2023-11-29,13.75,13.75,13.62,13.68,12242400
2023-11-30,13.75,13.91,13.69,13.89,16928690
2023-12-01,13.86,13.95,13.84,13.89,11397460
2023-12-04,13.85,13.94,13.80,13.89,8740471
2023-12-05,13.87,13.90,13.72,13.76,10473480
2023-12-06,13.74,13.77,13.44,13.48,16251390
2023-12-07,13.47,13.51,13.29,13.33,14133920
2023-12-08,13.31,13.39,13.23,13.30,17627720
2023-12-11,13.30,13.31,13.14,13.27,18194450
2023-12-12,13.16,13.28,13.12,13.25,12860420
2023-12-13,13.29,13.60,13.22,13.53,16577880
2023-12-14,13.73,13.90,13.69,13.76,19439000
2023-12-15,13.74,13.91,13.54,13.71,88401750
2023-12-18,13.78,14.00,13.78,13.85,16701110
2023-12-19,13.84,13.94,13.80,13.87,14894220
2023-12-20,13.86,13.92,13.70,13.72,12308410
2023-12-21,13.75,13.83,13.67,13.79,12442550
2023-12-22,13.82,13.87,13.74,13.76,10863440
2023-12-26,13.81,13.85,13.78,13.78,8329430
2023-12-27,13.80,13.81,13.71,13.79,7362618
2023-12-28,13.74,13.82,13.72,13.77,8742542
2023-12-29,13.80,13.80,13.68,13.80,9414379
2024-01-02,13.78,13.90,13.71,13.88,12487020
2024-01-03,13.81,14.09,13.79,14.02,12412650
2024-01-04,14.09,14.11,13.84,13.87,14218690
2024-01-05,13.91,14.01,13.88,13.95,10435200
2024-01-08,13.92,13.99,13.81,13.98,10525580
2024-01-09,14.00,14.03,13.88,14.00,10954140
2024-01-10,14.03,14.06,13.91,13.92,10322830
2024-01-11,13.94,14.04,13.85,13.92,14126230
2024-01-12,14.01,14.04,13.90,14.01,9260754
2024-01-16,14.01,14.01,13.83,13.90,13438020
2024-01-17,13.85,13.90,13.73,13.77,12963380
2024-01-18,13.80,13.82,13.60,13.72,15555770
2024-01-19,13.73,13.80,13.65,13.79,11278460
2024-01-22,13.85,14.09,13.79,13.88,15926370
2024-01-23,13.89,13.99,13.87,13.94,11489120
2024-01-24,13.97,14.10,13.94,14.07,16053650
2024-01-25,14.08,14.31,14.07,14.28,18969790
2024-01-26,14.28,14.48,14.25,14.46,16093400
2024-01-29,14.41,14.55,14.31,14.53,12547520
2024-01-30,14.54,14.63,14.50,14.56,16688140
2024-01-31,14.64,14.65,14.28,14.30,18124940
2024-02-01,14.44,14.60,14.32,14.37,19075460
2024-02-02,14.39,14.46,14.25,14.33,13506130
2024-02-05,14.31,14.37,14.12,14.31,17170030
2024-02-06,13.98,14.07,13.90,13.97,14038250
2024-02-07,13.99,14.01,13.79,13.90,16781150
2024-02-08,13.81,13.98,13.80,13.91,21218500
2024-02-09,13.92,13.99,13.86,13.94,7954278
2024-02-12,13.95,14.10,13.94,14.09,8203534
2024-02-13,14.03,14.07,13.95,13.96,10791430
2024-02-14,14.08,14.20,13.99,14.11,14156510
2024-02-15,14.10,14.43,14.09,14.42,19103470
2024-02-16,14.40,14.56,14.36,14.55,16493120
2024-02-20,14.69,14.73,14.55,14.64,15338500
2024-02-21,14.67,14.91,14.62,14.85,16787800
2024-02-22,14.85,14.88,14.72,14.79,26154160
2024-02-23,14.81,14.97,14.76,14.89,9761160
2024-02-26,14.90,14.91,14.69,14.69,10049150
2024-02-27,14.70,14.83,14.62,14.69,8941729
2024-02-28,14.72,14.80,14.52,14.53,7766242
2024-02-29,14.61,14.68,14.60,14.64,8281691
2024-03-01,14.71,14.99,14.71,14.98,11418870
2024-03-04,15.00,15.06,14.88,14.90,8463064
2024-03-05,14.89,15.13,14.89,15.02,10226280
2024-03-06,15.15,15.22,15.07,15.15,7566382
2024-03-07,15.18,15.28,15.13,15.19,8148567
2024-03-08,15.24,15.24,14.98,15.03,10285000
2024-03-11,15.02,15.07,14.87,15.01,10707050
2024-03-12,15.05,15.12,15.00,15.01,9346486
2024-03-13,15.09,15.21,15.07,15.10,9247502
2024-03-14,15.14,15.21,15.00,15.04,8308452
2024-03-15,15.07,15.37,15.05,15.34,12137240
2024-03-18,15.34,15.56,15.32,15.56,9608407
2024-03-19,15.54,15.71,15.51,15.68,11078380
2024-03-20,15.66,15.72,15.50,15.66,10060310
2024-03-21,15.67,15.69,15.51,15.59,15836600
2024-03-22,15.56,15.62,15.50,15.56,7344118
2024-03-25,15.57,15.74,15.54,15.56,9713437
2024-03-26,15.56,15.62,15.45,15.49,9870969
2024-03-27,15.48,15.56,15.36,15.54,11987410
2024-03-28,15.59,15.81,15.52,15.73,12326670
2024-04-01,15.75,15.77,15.62,15.69,12427830
2024-04-02,15.70,15.85,15.67,15.78,8972437
2024-04-03,15.84,16.00,15.79,16.00,9736785
2024-04-04,16.00,16.04,15.81,15.81,10405320
2024-04-05,15.81,15.89,15.76,15.84,7905410
2024-04-08,15.85,15.93,15.80,15.82,11072740
2024-04-09,15.84,15.87,15.67,15.72,10204990
2024-04-10,15.71,15.80,15.59,15.78,11747670
2024-04-11,15.80,15.82,15.60,15.68,9191368
2024-04-12,15.78,15.87,15.37,15.42,13094150
2024-04-15,15.54,15.54,15.20,15.23,14320060
2024-04-16,15.20,15.21,14.97,15.10,22004920
2024-04-17,15.01,15.27,14.96,15.23,11784300
2024-04-18,15.31,15.70,15.29,15.53,15838790
2024-04-19,15.56,15.96,15.53,15.77,14186540
2024-04-22,15.80,15.87,15.71,15.83,9953485
2024-04-23,15.86,15.98,15.78,15.90,10883130
2024-04-24,15.89,15.95,15.79,15.87,8505301
2024-04-25,15.81,15.96,15.76,15.94,8265517
2024-04-26,15.93,15.97,15.86,15.96,5346991
2024-04-29,15.97,16.07,15.96,15.98,8108237
2024-04-30,16.01,16.02,15.69,15.73,13967290
2024-05-01,15.78,15.82,15.45,15.48,13243720
2024-05-02,15.60,15.80,15.51,15.78,9604606
2024-05-03,15.94,15.99,15.78,15.89,9335518
2024-05-06,16.00,16.08,15.95,16.06,12790920
2024-05-07,16.12,16.20,16.03,16.13,11132310
2024-05-08,16.15,16.27,16.04,16.25,15058320
2024-05-09,16.33,16.40,16.08,16.23,20722380
2024-05-10,15.95,16.00,15.78,15.94,15174470
2024-05-13,15.92,16.03,15.80,15.82,15719460
2024-05-14,15.80,15.88,15.71,15.87,10156590
2024-05-15,15.86,15.93,15.71,15.89,8921752
2024-05-16,15.90,16.01,15.81,15.83,9338318
2024-05-17,15.87,15.98,15.79,15.96,10734840
2024-05-20,16.08,16.18,16.01,16.13,16246930
2024-05-21,16.08,16.13,15.92,15.93,10457520
2024-05-22,15.93,15.94,15.63,15.73,10092450
2024-05-23,15.78,15.80,15.31,15.41,16805370
2024-05-24,15.45,15.61,15.38,15.44,12152520
2024-05-28,15.46,15.54,15.36,15.49,11450060
2024-05-29,15.47,15.48,15.30,15.43,9261860
2024-05-30,15.41,15.57,15.41,15.54,7973071
2024-05-31,15.55,15.67,15.52,15.67,7126861
2024-06-03,15.65,15.66,15.29,15.38,12170050
2024-06-04,15.32,15.39,15.10,15.37,13451570
2024-06-05,15.40,15.45,15.25,15.38,9372612
2024-06-06,15.35,15.46,15.30,15.45,7561537
2024-06-07,15.42,15.54,15.31,15.48,8538710
2024-06-10,15.50,15.72,15.45,15.70,8271694
2024-06-11,15.68,15.68,15.56,15.57,6129930
2024-06-12,15.64,15.67,15.41,15.48,10363750
2024-06-13,15.48,15.48,15.28,15.30,17116310
2024-06-14,15.25,15.50,15.15,15.16,13276190
2024-06-17,15.17,15.41,15.15,15.32,10193830
2024-06-18,15.33,15.53,15.33,15.48,8781044
2024-06-20,15.50,15.73,15.47,15.70,9641781
2024-06-21,15.74,15.82,15.67,15.72,8836479
2024-06-24,15.75,16.00,15.74,15.91,9214897
2024-06-25,15.81,16.01,15.81,16.00,6299119
2024-06-26,16.00,16.04,15.81,15.92,16828800
2024-06-27,15.92,16.03,15.92,16.03,5476587
2024-06-28,16.09,16.31,16.04,16.22,12587040
2024-07-01,16.31,16.38,16.20,16.36,12502850
2024-07-02,16.40,16.48,16.31,16.40,10611010
2024-07-03,16.40,16.47,16.32,16.33,6029352
2024-07-05,16.33,16.36,16.11,16.18,8281319
2024-07-08,16.21,16.28,16.08,16.09,8250090
2024-07-09,16.10,16.28,16.03,16.12,12469480
2024-07-10,16.19,16.30,16.14,16.28,18227690
2024-07-11,16.29,16.32,16.21,16.31,9160256
2024-07-12,16.34,16.36,16.21,16.25,11332870
2024-07-15,16.34,16.44,16.17,16.39,18740350
2024-07-16,16.37,16.45,16.31,16.36,19774920
2024-07-17,16.40,16.48,16.10,16.11,23011780
2024-07-18,16.14,16.39,16.14,16.35,21972410
2024-07-19,16.34,16.50,16.24,16.44,17613860
2024-07-22,16.42,16.44,16.22,16.38,16614330
2024-07-23,16.38,16.43,16.25,16.40,31103980
2024-07-24,16.36,16.39,16.17,16.18,38693210
2024-07-25,16.24,16.32,16.10,16.13,36175360
2024-07-26,16.20,16.31,16.07,16.27,22057660
2024-07-29,16.31,16.31,15.89,16.02,19383920
2024-07-30,16.06,16.21,15.94,16.21,17404560
2024-07-31,16.29,16.35,16.22,16.27,10429740
2024-08-01,16.30,16.36,15.97,16.19,16444550
2024-08-02,16.10,16.14,15.69,15.95,20932390
2024-08-05,15.20,15.61,14.90,15.43,30026730
2024-08-06,15.63,16.10,15.53,15.99,25480720
2024-08-07,16.24,16.29,15.61,15.62,24293870
2024-08-08,15.81,16.31,15.60,16.25,33408230
2024-08-09,15.90,15.94,15.54,15.66,36043390
2024-08-12,15.71,15.75,15.53,15.55,22214020
2024-08-13,15.52,15.63,15.32,15.58,20143780
2024-08-14,15.63,16.02,15.62,15.97,19039970
2024-08-15,16.05,16.13,15.91,15.99,16422030
2024-08-16,15.94,16.30,15.94,16.30,18588320
2024-08-19,16.43,16.46,16.26,16.30,23936640
2024-08-20,16.30,16.32,16.04,16.06,9423933
2024-08-21,16.12,16.14,15.98,16.02,11534460
2024-08-22,16.00,16.11,15.95,15.95,8207614
2024-08-23,16.02,16.22,16.00,16.15,8542490
2024-08-26,16.20,16.31,16.06,16.11,12743700
2024-08-27,16.08,16.09,15.90,15.91,9124171
2024-08-28,15.91,15.92,15.74,15.88,10872130
2024-08-29,15.94,15.96,15.79,15.96,8644096
2024-08-30,15.95,16.12,15.89,16.10,7872503
2024-09-03,16.04,16.13,15.79,16.03,13387800
2024-09-04,15.99,16.12,15.91,15.92,19044680
2024-09-05,16.03,16.18,15.99,16.02,15645450
2024-09-06,16.04,16.09,15.80,15.89,11985950
2024-09-09,15.96,16.00,15.77,15.81,7290480
2024-09-10,15.83,15.88,15.66,15.83,12264480
2024-09-11,15.77,15.93,15.66,15.87,10093830
2024-09-12,15.90,16.04,15.88,16.00,7391190
2024-09-13,16.03,16.20,16.02,16.17,9256250
2024-09-16,16.18,16.29,15.96,16.18,12515990
2024-09-17,16.15,16.22,15.91,16.02,17452590
2024-09-18,16.06,16.29,15.96,16.11,11530600
2024-09-19,16.30,16.30,16.14,16.17,9727975
2024-09-20,16.18,16.23,16.07,16.20,8925035
2024-09-23,16.20,16.35,16.16,16.28,14842530
2024-09-24,16.35,16.38,16.18,16.21,10555690
2024-09-25,16.21,16.25,16.09,16.20,9928736
2024-09-26,16.20,16.25,15.86,15.92,16643110
2024-09-27,15.92,16.10,15.91,16.07,8251920
2024-09-30,16.07,16.14,15.95,16.05,8448017
2024-10-01,15.98,16.16,15.95,16.10,9757324
2024-10-02,16.16,16.19,15.95,16.05,12220650
2024-10-03,16.08,16.35,15.98,16.31,15926030
2024-10-04,16.33,16.44,16.27,16.30,10453360
2024-10-07,16.30,16.37,16.21,16.22,6609237
2024-10-08,16.22,16.25,16.06,16.17,6364054
2024-10-09,16.18,16.30,16.14,16.27,6952613
2024-10-10,16.29,16.45,16.25,16.36,9826212
2024-10-11,16.40,16.64,16.37,16.52,15709520
2024-10-14,16.48,16.62,16.42,16.55,13025320
2024-10-15,16.42,16.54,16.32,16.37,18683800
2024-10-16,16.45,16.52,16.39,16.40,10012080
2024-10-17,16.42,16.52,16.40,16.49,12454980
2024-10-18,16.52,16.54,16.37,16.41,11015750
2024-10-21,16.43,16.46,16.33,16.40,11407100
2024-10-22,16.40,16.44,16.28,16.38,9274975
2024-10-23,16.35,16.42,16.29,16.38,6951633
2024-10-24,16.40,16.49,16.35,16.40,8999575
2024-10-25,16.44,16.49,16.35,16.45,10546950
2024-10-28,16.36,16.44,16.28,16.40,10815440
2024-10-29,16.42,16.46,16.32,16.38,12043370
2024-10-30,16.42,16.52,16.37,16.47,9516731
2024-10-31,16.48,16.51,16.37,16.48,10724410
2024-11-01,16.52,16.52,16.40,16.43,12780900
2024-11-04,16.48,16.60,16.47,16.51,13829800
2024-11-05,16.58,16.91,16.54,16.90,25419290
2024-11-06,17.43,17.50,17.09,17.42,31239320
2024-11-07,17.68,17.71,17.32,17.41,27844360
2024-11-08,17.10,17.40,16.86,17.30,26159440
2024-11-11,17.30,17.39,17.13,17.24,20245950
2024-11-12,17.24,17.28,16.98,17.05,10924430
2024-11-13,17.12,17.15,16.99,17.10,30764150
2024-11-14,17.17,17.23,17.08,17.15,10384270
2024-11-15,17.14,17.31,17.07,17.29,13134770
2024-11-18,17.38,17.65,17.37,17.58,17212630
2024-11-19,17.64,18.08,17.59,17.96,22240740
2024-11-20,18.10,18.37,18.02,18.28,28443280
2024-11-21,18.36,19.07,18.32,18.97,42715230
2024-11-22,19.11,19.20,18.96,19.07,22173340
2024-11-25,19.13,19.35,18.72,18.97,20619150
2024-11-26,18.93,19.22,18.85,19.20,12285540
2024-11-27,19.28,19.71,19.25,19.42,22601810
2024-11-29,19.60,20.02,19.58,19.86,16083810
2024-12-02,19.90,19.90,19.36,19.42,14888890
2024-12-03,19.45,19.48,18.93,19.26,14173680
2024-12-04,19.26,19.38,18.95,18.98,11123400
2024-12-05,18.80,19.20,18.73,19.07,11230710
2024-12-06,19.06,19.50,18.89,19.26,14520750
2024-12-09,19.50,19.63,18.82,18.84,14275920
2024-12-10,18.93,19.07,18.68,18.74,11886480
2024-12-11,18.87,19.29,18.81,19.18,11820410
2024-12-12,19.17,19.38,19.06,19.21,8826785
2024-12-13,19.25,19.26,18.96,19.04,10819200
2024-12-16,19.03,19.09,18.70,18.70,12638380
2024-12-17,18.55,18.75,18.40,18.64,30089020
2024-12-18,18.69,18.77,18.20,18.20,13915010
2024-12-19,18.39,18.65,18.09,18.27,14762020
2024-12-20,18.38,18.86,18.31,18.86,23266460
2024-12-23,18.80,19.07,18.69,19.04,8953816
2024-12-24,19.23,19.60,19.08,19.60,6987384
2024-12-26,19.55,19.56,19.15,19.26,11424440
2024-12-27,19.21,19.28,19.07,19.28,6943279
2024-12-30,19.23,19.63,19.20,19.57,10722250
2024-12-31,19.67,19.78,19.47,19.59,8823689
2025-01-02,19.56,19.75,19.45,19.71,22112830
2025-01-03,19.72,19.78,19.50,19.64,20812330
2025-01-06,19.70,19.82,19.57,19.62,8426231
2025-01-07,19.72,19.80,19.36,19.49,9677274
2025-01-08,19.40,19.75,19.36,19.73,9018170
2025-01-10,19.78,19.83,19.28,19.42,14402780
2025-01-13,19.55,19.62,19.25,19.47,17311090
2025-01-14,19.60,20.00,19.53,19.93,12730590
2025-01-15,20.20,20.32,19.64,20.04,18714660
2025-01-16,20.06,20.30,19.88,20.25,18225940
2025-01-17,20.31,20.40,20.11,20.29,14540250
2025-01-21,20.52,21.02,20.38,20.91,19780450
2025-01-22,21.00,21.45,20.91,20.92,20102890
2025-01-23,21.08,21.27,20.98,21.06,13095540
2025-01-24,21.23,21.24,20.82,21.05,20462430
2025-01-27,20.38,20.42,19.52,19.81,46862480
2025-01-28,20.05,20.39,19.80,20.35,21954020
2025-01-29,20.47,20.65,20.41,20.53,9429928
2025-01-30,20.64,21.15,20.64,21.08,26849230
2025-01-31,21.15,21.16,20.44,20.48,17431280
2025-02-03,20.15,20.86,20.08,20.76,17648780
2025-02-04,20.88,20.98,20.67,20.77,12543380
2025-02-05,20.75,21.07,20.74,20.79,15753310
2025-02-06,20.87,20.90,20.24,20.37,14795460
2025-02-07,20.00,20.12,19.79,19.93,14777760
2025-02-10,20.43,20.55,20.00,20.09,20832700
2025-02-11,20.10,20.10,19.80,19.81,15751630
2025-02-12,19.33,19.99,19.26,19.65,15936320
2025-02-13,19.74,19.91,19.55,19.82,12619200
2025-02-14,19.88,20.09,19.74,19.99,10427450
2025-02-18,20.11,20.45,20.07,20.30,13528180
2025-02-19,20.50,20.51,20.05,20.12,15610320
2025-02-20,20.12,20.12,19.77,19.94,13840770
2025-02-21,19.85,19.88,19.30,19.39,15649450
2025-02-24,19.41,19.41,18.62,18.97,21504820
2025-02-25,18.96,19.15,18.25,18.92,30618520
2025-02-26,19.05,19.45,18.94,19.16,12978420
2025-02-27,19.30,19.38,18.91,18.94,14539370
2025-02-28,18.89,19.34,18.86,19.29,11659170
2025-03-03,19.32,19.51,18.90,19.03,13557400
2025-03-04,18.81,18.85,18.10,18.47,29228920
2025-03-05,18.46,18.57,17.88,18.20,23262680
2025-03-06,17.95,18.05,17.36,17.70,26731190
2025-03-07,17.71,17.89,17.28,17.46,26874650
2025-03-10,17.27,17.35,16.83,17.26,40030370
2025-03-11,17.28,18.01,17.21,17.83,17884220
2025-03-12,18.17,18.60,18.05,18.40,15038480
2025-03-13,18.43,18.70,18.12,18.17,9803614
2025-03-14,18.32,18.78,18.32,18.73,10769750
2025-03-17,18.79,19.03,18.74,18.90,9101812
2025-03-18,18.94,18.98,18.66,18.68,7221039
2025-03-19,18.79,19.05,18.68,18.94,6833033
2025-03-20,19.04,19.07,18.82,18.85,7995430
2025-03-21,18.82,18.82,18.45,18.60,15140370
2025-03-24,18.80,19.11,18.77,18.88,12855170
2025-03-25,18.87,19.13,18.81,18.88,8733757
2025-03-26,18.90,19.12,18.86,18.93,10413200
2025-03-27,18.90,19.04,18.75,18.88,9882221
2025-03-28,18.89,18.89,18.45,18.71,10756990
2025-03-31,18.28,18.64,18.22,18.59,12523300
2025-04-01,18.52,18.84,18.40,18.73,11201260
2025-04-02,18.69,18.94,18.55,18.93,7907347
2025-04-03,18.20,18.32,17.68,17.73,30295930
2025-04-04,16.90,16.98,15.63,16.16,50932810
2025-04-07,15.01,16.78,14.60,15.87,44863170
2025-04-08,16.97,17.03,15.32,15.65,31815940
2025-04-09,15.43,16.98,14.90,16.67,48154170
2025-04-10,16.48,16.50,15.51,15.91,19076690
2025-04-11,16.05,16.33,15.41,16.33,18407270
2025-04-14,16.73,16.86,16.41,16.82,14448960
2025-04-15,16.87,17.37,16.80,17.11,10196600
2025-04-16,17.15,17.30,16.79,16.92,11709960
2025-04-17,17.11,17.52,17.07,17.27,11256270
2025-04-21,17.20,17.23,16.38,16.56,14310220
2025-04-22,16.80,17.05,16.75,16.98,11431460
2025-04-23,17.36,17.60,16.92,17.10,14066790
2025-04-24,17.20,17.70,17.17,17.59,10808640
2025-04-25,17.51,17.54,17.28,17.45,9817443
2025-04-28,17.45,17.52,17.21,17.28,11028820
2025-04-29,17.20,17.31,17.04,17.04,10873190
2025-04-30,16.90,16.94,16.35,16.54,19619470
2025-05-01,16.69,16.97,16.50,16.53,18176220
2025-05-02,16.81,16.87,16.60,16.67,16540100
2025-05-05,16.55,16.56,16.18,16.19,19004830
2025-05-06,16.30,16.39,15.80,15.81,23141520
2025-05-07,16.25,17.09,16.25,16.89,30328590
2025-05-08,17.04,17.50,16.95,17.37,23123180
2025-05-09,17.14,17.36,17.01,17.21,16185910
2025-05-12,17.84,17.87,17.36,17.44,20417150
2025-05-13,17.52,18.04,17.45,18.00,13162320
2025-05-14,18.00,18.17,17.84,18.16,11112320
2025-05-15,18.03,18.11,17.80,17.97,11064240
2025-05-16,18.05,18.08,17.86,17.95,7676120
2025-05-19,17.81,18.08,17.79,18.00,11749820
2025-05-20,18.16,18.19,18.04,18.14,9876665
2025-05-21,18.14,18.15,17.70,17.76,11711260
2025-05-22,17.77,17.99,17.68,17.88,9060531
2025-05-23,17.74,17.94,17.70,17.85,7733612
2025-05-27,18.00,18.06,17.86,17.95,8280402
2025-05-28,18.01,18.01,17.68,17.76,8525841
2025-05-29,17.93,17.95,17.58,17.68,9492849
2025-05-30,17.59,17.66,17.33,17.48,12759100
2025-06-02,17.54,17.61,17.38,17.48,15434650
2025-06-03,17.50,17.98,17.34,17.90,12659650
2025-06-04,17.91,18.23,17.42,17.53,18054840
2025-06-05,17.59,17.80,17.42,17.67,12224560
2025-06-06,17.72,18.04,17.72,17.93,12139110
2025-06-09,18.01,18.05,17.69,17.71,12491710
2025-06-10,17.77,18.04,17.76,17.99,11591650
2025-06-11,18.05,18.30,18.03,18.25,13387610
2025-06-12,18.23,18.46,18.18,18.45,11171480
2025-06-13,18.71,18.71,18.20,18.32,14310460
2025-06-16,18.41,18.61,18.06,18.15,15491760
2025-06-17,18.16,18.26,17.90,17.93,12808890
2025-06-18,17.96,18.04,17.82,17.88,10760560
2025-06-20,17.93,18.05,17.75,17.85,15906320
2025-06-23,17.97,18.00,17.52,17.64,14129120
2025-06-24,17.59,17.79,17.55,17.69,14121620
2025-06-25,17.73,17.91,17.57,17.67,16924510
2025-06-26,17.70,18.23,17.65,18.18,14104920
2025-06-27,18.20,18.27,18.05,18.20,13731100
2025-06-30,18.20,18.28,18.09,18.13,11194670
2025-07-01,18.15,18.15,17.76,17.81,15361410
2025-07-02,17.87,17.95,17.70,17.90,11754140
2025-07-03,17.95,18.03,17.88,17.97,7052899
2025-07-07,17.95,17.97,17.61,17.75,13186080
2025-07-08,17.76,17.85,17.67,17.80,9747755
2025-07-09,17.80,17.84,17.57,17.64,13942550
2025-07-10,17.66,17.66,17.43,17.44,15585470
2025-07-11,17.43,17.54,17.35,17.46,9436485
2025-07-14,17.46,17.62,17.39,17.49,9934806
2025-07-15,17.51,17.63,17.34,17.59,11649500
2025-07-16,17.60,17.67,17.33,17.44,13330980
2025-07-17,17.46,17.55,17.35,17.54,9672985
2025-07-18,17.51,17.60,17.43,17.47,13444960
2025-07-21,17.50,17.52,17.20,17.24,13446450
2025-07-22,17.20,17.38,17.14,17.33,12458900
2025-07-23,17.28,17.50,17.25,17.44,13075060
2025-07-24,17.44,17.73,17.39,17.72,13251520
2025-07-25,17.80,17.87,17.71,17.72,10436940
2025-07-28,17.91,18.00,17.70,17.78,12749300
2025-07-29,17.93,18.17,17.87,18.16,15116520
2025-07-30,18.17,18.18,17.93,18.05,9604261
2025-07-31,18.04,18.16,17.95,18.04,13651340
2025-08-01,17.99,18.00,17.70,17.79,16574350
2025-08-04,17.91,17.97,17.78,17.79,13959810
2025-08-05,17.86,17.95,17.55,17.73,15847940
2025-08-06,18.11,18.12,17.66,17.86,28738160
2025-08-07,17.86,17.96,17.52,17.62,19351260
2025-08-08,17.33,17.57,17.24,17.28,15417050
2025-08-11,17.26,17.26,17.09,17.16,20634280
2025-08-12,17.21,17.40,17.20,17.39,12640090
2025-08-13,17.42,17.56,17.32,17.49,12033550
2025-08-14,17.40,17.44,17.23,17.38,12517930
2025-08-15,17.41,17.42,17.24,17.24,10000460
2025-08-18,17.26,17.37,17.17,17.34,12937830
2025-08-19,17.38,17.38,17.23,17.35,14926600
2025-08-20,17.31,17.43,17.28,17.33,13994290
2025-08-21,17.35,17.60,17.34,17.46,12788570
2025-08-22,17.52,17.76,17.50,17.51,16847170
2025-08-25,17.54,17.64,17.50,17.52,10794150
2025-08-26,17.51,17.60,17.40,17.59,9975508
2025-08-27,17.57,17.68,17.54,17.57,9221260
2025-08-28,17.61,17.68,17.46,17.66,10122070
2025-08-29,17.65,17.78,17.61,17.72,8963936
2025-09-02,17.68,17.85,17.62,17.70,8464928
2025-09-03,17.70,17.72,17.53,17.57,9702552
2025-09-04,17.59,17.71,17.56,17.65,7836292
2025-09-05,17.60,17.65,17.27,17.39,12091520
2025-09-08,17.43,17.48,17.08,17.15,15535630
2025-09-09,17.20,17.32,17.16,17.17,10979090
2025-09-10,17.20,17.46,17.18,17.42,10161960
2025-09-11,17.36,17.50,17.31,17.49,5784858
2025-09-12,17.50,17.56,17.43,17.45,7327941
2025-09-15,17.52,17.71,17.50,17.54,10372330
2025-09-16,17.59,17.68,17.55,17.58,7957411
2025-09-17,17.57,17.67,17.45,17.53,9542150
2025-09-18,17.56,17.64,17.43,17.44,14562990
2025-09-19,17.47,17.47,17.28,17.30,13754360
2025-09-22,17.35,17.35,17.11,17.13,16772630
2025-09-23,17.20,17.26,17.10,17.11,12825490
2025-09-24,17.18,17.46,17.15,17.40,11130450
2025-09-25,17.36,17.48,17.30,17.41,9936889
2025-09-26,17.40,17.64,17.40,17.46,10238240
2025-09-29,17.48,17.50,17.19,17.20,11623850
2025-09-30,17.18,17.24,16.95,17.16,20968950
2025-10-01,17.10,17.11,16.98,16.99,13491000
2025-10-02,16.98,17.09,16.89,16.92,12973940
2025-10-03,16.92,17.01,16.80,16.80,13314340
2025-10-06,16.85,16.95,16.65,16.66,14803640
2025-10-07,16.68,16.73,16.53,16.67,14276200
2025-10-08,16.69,16.71,16.48,16.67,20937630
2025-10-09,16.69,16.86,16.58,16.62,12982350
2025-10-10,16.60,16.71,16.26,16.29,21522780
2025-10-13,16.37,16.54,16.23,16.52,15254290
2025-10-14,16.28,16.57,16.28,16.53,11760450
2025-10-15,16.60,16.94,16.60,16.90,14943300
2025-10-16,16.95,16.99,16.58,16.68,16787950
2025-10-17,16.59,16.64,16.39,16.45,14392110
2025-10-20,16.47,16.77,16.46,16.77,14061100
2025-10-21,16.76,16.79,16.56,16.76,14492930
2025-10-22,16.77,16.96,16.65,16.91,14975680
2025-10-23,17.10,17.10,16.72,16.85,15286100
2025-10-24,16.87,16.94,16.70,16.73,10606350
2025-10-27,16.75,16.92,16.71,16.91,11775220
2025-10-28,16.89,17.04,16.82,16.99,12602780
2025-10-29,17.00,17.01,16.77,16.93,13033120
2025-10-30,16.95,16.96,16.71,16.77,13350160
2025-10-31,16.80,16.89,16.68,16.83,10453960
2025-11-03,16.91,16.96,16.64,16.83,13841150
2025-11-04,16.77,16.83,16.53,16.55,13437300
2025-11-05,16.61,17.06,16.59,16.91,16665160
2025-11-06,16.88,17.02,16.68,16.87,22864740
2025-11-07,16.46,16.52,16.18,16.45,15500670
2025-11-10,16.45,16.73,16.26,16.69,18551410
2025-11-11,16.68,16.73,16.56,16.70,28964910
2025-11-12,16.69,16.75,16.48,16.58,10083840
2025-11-13,16.55,16.69,16.49,16.63,12943380
2025-11-14,16.59,17.03,16.56,17.01,15891500
2025-11-17,16.99,17.11,16.89,16.94,11808120
2025-11-18,16.84,17.09,16.74,16.97,14855710
2025-11-19,16.96,17.05,16.80,16.92,16418950
2025-11-20,16.97,16.99,16.48,16.64,20519010
2025-11-21,16.56,16.66,16.33,16.51,23644820
2025-11-24,16.52,16.52,16.34,16.49,15104680
2025-11-25,16.38,16.41,16.25,16.27,17427490
2025-11-26,16.28,16.50,16.26,16.43,17592060
2025-11-28,16.47,16.72,16.43,16.71,7110653
2025-12-01,16.70,16.87,16.67,16.83,15099880
2025-12-02,16.90,16.92,16.56,16.59,14447550
2025-12-03,16.60,16.79,16.60,16.71,12128910
2025-12-04,16.73,16.82,16.71,16.80,11273770
2025-12-05,16.80,16.93,16.71,16.80,15588240
2025-12-08,16.75,16.88,16.75,16.80,10331760
2025-12-09,16.80,16.90,16.65,16.67,11612140
2025-12-10,16.73,16.76,16.44,16.45,12449000
2025-12-11,16.45,16.48,16.35,16.41,12317570
2025-12-12,16.44,16.65,16.37,16.56,13413300
2025-12-15,16.55,16.56,16.40,16.50,11210930
2025-12-16,16.41,16.42,16.25,16.36,17915320
2025-12-17,16.40,16.43,16.27,16.39,14239430
2025-12-18,16.38,16.40,16.19,16.21,16294260
2025-12-19,16.21,16.44,16.20,16.39,22553690
2025-12-22,16.40,16.49,16.28,16.30,14185000
2025-12-23,16.32,16.39,16.18,16.36,13912830
2025-12-24,16.29,16.39,16.27,16.39,9109905
2025-12-26,16.36,16.38,16.23,16.25,10524610
2025-12-29,16.31,16.34,16.24,16.27,11773700
2025-12-30,16.28,16.55,16.28,16.54,14784580
2025-12-31,16.50,16.54,16.39,16.49,13490840
2026-01-02,16.45,16.64,16.33,16.59,15249730
2026-01-05,16.54,16.58,16.26,16.42,16082980
2026-01-06,16.41,16.48,16.24,16.25,14248990
2026-01-07,16.26,16.57,16.26,16.52,17342210
2026-01-08,16.50,16.91,16.50,16.89,18273290
2026-01-09,16.90,17.02,16.81,16.96,13419720
2026-01-12,16.95,17.16,16.88,17.15,13413840
2026-01-13,17.15,17.49,17.14,17.40,13712970
2026-01-14,17.43,17.50,17.37,17.50,16772520
2026-01-15,17.44,17.49,17.27,17.46,11837730
2026-01-16,17.42,17.49,17.29,17.35,14752510
2026-01-20,17.30,17.51,17.26,17.44,16969130
2026-01-21,17.63,17.69,17.48,17.65,18630320
2026-01-22,17.65,18.15,17.63,18.11,24340760
2026-01-23,18.16,18.34,17.87,17.99,19807350
2026-01-26,18.04,18.11,17.86,17.96,14899470
2026-01-27,17.98,18.13,17.87,17.95,13928700
2026-01-28,18.00,18.25,17.98,18.24,14071370
2026-01-29,18.40,18.60,18.25,18.53,17286580
2026-01-30,18.52,18.55,18.12,18.45,13628120
2026-02-02,18.39,18.43,18.13,18.14,17902470
2026-02-03,18.30,18.47,18.21,18.41,22340780
2026-02-04,18.42,18.47,18.10,18.37,18437460
2026-02-05,18.30,18.32,18.01,18.19,14416310
2026-02-06,17.80,18.04,17.71,17.94,18115820
2026-02-09,17.80,18.14,17.78,18.05,12009720
2026-02-10,18.02,18.26,18.01,18.11,10991700
2026-02-11,18.27,18.33,18.15,18.21,14256610
2026-02-12,18.23,18.39,18.05,18.26,17938270
2026-02-13,18.30,18.81,18.24,18.75,27421290
2026-02-17,18.70,18.82,18.25,18.61,19509970
2026-02-18,18.77,19.30,18.71,18.86,21296630
2026-02-19,19.05,19.24,18.90,18.90,19064250
2026-02-20,18.88,19.07,18.80,18.98,11115230
2026-02-23,18.98,19.04,18.73,18.82,17671620
2026-02-24,18.84,18.87,18.61,18.80,12475090
2026-02-25,18.85,18.86,18.44,18.59,9926908
2026-02-26,18.49,18.78,18.34,18.69,9721286
2026-02-27,18.75,18.85,18.66,18.84,10326470
2026-03-02,19.10,19.23,18.85,19.10,17169160
2026-03-03,19.07,19.13,18.78,18.86,17409570
2026-03-04,18.81,18.84,18.61,18.76,10778290
2026-03-05,18.84,18.90,18.62,18.67,18849960
2026-03-06,18.80,18.83,18.59,18.74,15995230
2026-03-09,18.51,18.80,18.44,18.59,15589700
2026-03-10,18.52,18.66,18.24,18.30,14930640
2026-03-11,18.41,18.77,18.34,18.75,10301530
2026-03-12,18.80,18.96,18.55,18.56,14609540
2026-03-13,18.61,18.83,18.49,18.75,16727410
2026-03-16,18.83,18.99,18.72,18.74,13539490
2026-03-17,18.79,18.95,18.74,18.79,22591770
2026-03-18,18.83,18.86,18.66,18.66,10599130
2026-03-19,18.72,19.12,18.70,18.96,17580230
2026-03-20,18.99,19.11,18.93,19.01,17417210
2026-03-23,18.88,19.12,18.72,19.06,14713520
2026-03-24,19.00,19.47,19.00,19.21,11733790
2026-03-25,19.16,19.31,19.06,19.14,11485130
2026-03-26,19.17,19.45,19.14,19.44,10434230
2026-03-27,19.45,19.82,19.42,19.67,17016670
2026-03-30,19.77,19.86,19.48,19.59,16221810
2026-03-31,19.63,19.72,19.01,19.30,19321100
2026-04-01,19.05,19.17,18.72,19.02,21625250
2026-04-02,19.30,19.32,18.92,18.93,14136210
2026-04-06,19.00,19.17,18.90,18.96,22028740
2026-04-07,19.02,19.36,19.02,19.12,23959120
2026-04-08,18.78,19.18,18.60,19.08,41581040
2026-04-09,19.03,19.57,19.00,19.09,29227580
2026-04-10,19.05,19.37,19.04,19.19,8317612
2026-04-13,19.31,19.31,18.74,18.85,15476380
2026-04-14,18.76,18.84,18.51,18.73,10557960
2026-04-15,18.73,18.88,18.67,18.71,17951340
2026-04-16,18.76,19.01,18.74,18.87,7617193
2026-04-17,18.61,18.90,18.34,18.86,13943180
2026-04-20,18.90,18.99,18.80,18.91,19042960
2026-04-21,18.95,19.17,18.82,18.96,9476937
2026-04-22,19.04,19.12,18.90,19.07,7544393
2026-04-23,19.06,19.16,18.98,19.15,6698445
2026-04-24,19.14,19.18,18.88,19.08,20323280
2026-04-27,19.11,19.26,19.04,19.05,6840262
2026-04-28,19.17,19.53,19.17,19.41,23775620
2026-04-29,19.50,19.83,19.45,19.76,11851690
2026-04-30,19.75,20.20,19.72,20.19,30718320
2026-05-01,20.17,20.28,19.81,19.94,15321590
2026-05-04,20.05,20.23,19.92,20.08,34115160
2026-05-05,20.05,20.66,19.91,20.39,42154690
2026-05-06,20.15,20.20,19.77,19.87,16085160
2026-05-07,19.80,19.95,19.52,19.92,12036300
2026-05-08,19.71,19.75,19.30,19.34,11411130
2026-05-11,19.36,19.73,19.14,19.61,10314780
2026-05-12,19.64,20.07,19.56,20.00,14515220
2026-05-13,19.95,20.13,19.77,20.10,12908960
2026-05-14,20.10,20.47,20.07,20.36,12903510
2026-05-15,20.40,20.46,20.15,20.15,10954250
2026-05-18,20.10,20.45,19.98,20.19,9235143
2026-05-19,20.26,20.50,20.18,20.39,11951150
2026-05-20,20.47,20.70,20.14,20.16,15360980
2026-05-21,20.28,20.35,19.95,20.01,6657433
2026-05-22,19.99,20.19,19.91,20.07,6870163
2026-05-26,19.86,19.89,19.54,19.60,14019710
2026-05-27,19.50,19.66,19.33,19.33,8652359
2026-05-28,19.42,19.57,19.32,19.42,6809141
2026-05-29,19.36,19.41,19.11,19.17,9978719
2026-06-01,19.21,19.44,19.18,19.27,7948688
2026-06-02,19.23,19.61,19.18,19.54,8094246
2026-06-03,19.61,19.79,19.48,19.55,9184027
2026-06-04,19.42,19.68,19.40,19.62,8314364
2026-06-05,19.56,19.68,19.38,19.39,12259800
2026-06-08,19.46,19.49,19.25,19.34,8642555
2026-06-09,19.30,19.34,19.01,19.06,8068894
2026-06-10,19.12,19.26,19.02,19.04,8584522
2026-06-11,19.10,19.18,18.76,18.76,9615518
2026-06-12,18.77,19.22,18.68,19.07,8281246
2026-06-15,18.70,19.11,18.66,18.91,10867490
2026-06-16,18.75,19.09,18.75,18.91,8720775
2026-06-17,19.00,19.06,18.72,18.75,8304421
2026-06-18,18.62,18.93,18.46,18.75,12459000
2026-06-22,18.77,18.99,18.74,18.89,6800368
2026-06-23,18.83,19.30,18.76,19.22,9270044
2026-06-24,19.08,19.16,18.81,18.94,7862279
2026-06-25,18.90,19.27,18.86,19.18,7360023
2026-06-26,19.07,19.25,19.04,19.17,5300062
2026-06-29,19.17,19.25,18.95,19.06,7692135
2026-06-30,19.07,19.23,18.93,19.12,10596550
2026-07-01,19.06,19.21,18.95,19.05,7330610
2026-07-02,18.99,19.36,18.99,19.33,8634519
2026-07-06,19.33,19.54,19.25,19.25,7193022
2026-07-07,19.45,19.97,19.43,19.81,9266700
2026-07-08,19.95,20.02,19.75,19.86,8863509
2026-07-09,19.86,19.91,19.69,19.79,6277052
2026-07-10,19.79,19.86,19.50,19.66,6595313
2026-07-13,19.79,20.21,19.78,20.18,10014080
2026-07-14,20.23,20.34,19.97,20.07,6003312
2026-07-15,20.02,20.18,19.86,19.91,6959085
2026-07-16,19.93,20.26,19.93,20.20,8997305
2026-07-17,20.35,20.46,20.25,20.32,9523818
2026-07-20,20.33,20.56,20.26,20.28,9683455
2026-07-21,20.31,20.43,20.15,20.25,8971753
2026-07-22,20.26,20.54,20.26,20.37,9023365
2026-07-23,20.54,20.56,20.33,20.42,7145362
2026-07-24,20.40,20.52,20.35,20.36,5910482
2026-07-27,20.19,20.29,19.86,19.91,13160570
2026-07-28,19.92,20.25,19.89,20.20,11412360
2026-07-29,20.42,20.53,20.12,20.20,9544773
2026-07-30,20.26,20.31,20.14,20.24,6114444
2026-07-31,20.29,20.43,20.16,20.36,8688641
2026-08-03,20.40,20.48,20.20,20.28,10887410
2026-08-04,20.57,20.68,20.31,20.33,15662560
2026-08-05,20.46,20.60,20.19,20.34,14107370
2026-08-06,20.56,20.81,20.49,20.67,12519320
2026-08-07,20.20,20.43,20.11,20.13,11093000
2026-08-10,20.24,20.63,20.20,20.59,11743800
2026-08-11,20.58,20.88,20.58,20.78,8357161
2026-08-12,20.78,20.95,20.72,20.95,9004655
2026-08-13,20.93,21.11,20.75,20.76,8122454
2026-08-14,20.78,21.10,20.78,21.05,6945201
2026-08-17,21.04,21.07,20.86,20.94,5344743
2026-08-18,21.10,21.43,21.08,21.42,10276830
2026-08-19,21.52,21.64,21.15,21.18,13509160
2026-08-20,21.30,21.43,21.10,21.21,7983638
2026-08-21,21.25,21.34,21.06,21.19,10141930
2026-08-24,21.28,21.36,20.99,21.08,5528037
2026-08-25,21.00,21.16,20.96,21.02,9187703
2026-08-26,21.00,21.50,20.96,21.43,7605305
2026-08-27,21.36,21.44,21.15,21.38,6414646
2026-08-28,21.38,21.50,21.24,21.31,5039793
2026-08-31,21.45,21.54,21.37,21.51,7054067
2026-09-01,21.66,21.77,21.42,21.42,9248416
2026-09-02,21.40,21.60,21.23,21.54,6919831
2026-09-03,21.53,21.58,21.42,21.44,5933199
2026-09-04,21.38,21.55,21.25,21.50,6015094
2026-09-08,21.55,21.63,21.37,21.51,6986708
2026-09-09,21.58,21.72,21.49,21.68,8057122
2026-09-10,21.79,21.84,21.56,21.73,8043781
2026-09-11,21.61,21.76,21.36,21.55,8155081
2026-09-14,21.63,21.67,21.34,21.49,7334785
2026-09-15,21.52,21.63,21.25,21.33,7505522
