date,open,high,low,close,volume
2016-09-15,53.91,54.52,53.69,54.42,1527025
2016-09-16,53.85,54.02,53.38,53.60,2564887
2016-09-19,54.33,54.39,54.02,54.12,1754152
2016-09-20,54.15,54.26,53.77,53.83,2065378
2016-09-21,53.74,54.07,53.30,54.01,2582387
2016-09-22,54.52,54.84,54.41,54.48,1519246
2016-09-23,54.00,54.41,53.98,54.27,1702454
2016-09-26,53.86,53.88,53.59,53.70,1644782
2016-09-27,53.54,54.18,53.39,54.15,1667843
2016-09-28,54.65,54.73,54.12,54.59,1575208
2016-09-29,54.55,54.58,53.45,53.62,2757949
2016-09-30,53.62,54.09,53.52,53.91,2078714
2016-10-03,54.02,54.10,53.73,54.02,1894590
2016-10-04,54.86,54.90,54.04,54.30,2608450
2016-10-05,54.16,54.30,54.00,54.16,1670481
2016-10-06,53.61,53.75,53.46,53.62,1368950
2016-10-07,53.48,53.76,53.35,53.70,1741374
2016-10-10,53.69,53.95,53.67,53.80,1264910
2016-10-11,53.56,53.59,52.56,52.67,2417898
2016-10-12,52.66,52.74,52.31,52.60,1878286
2016-10-13,52.05,53.23,52.00,52.99,3088864
2016-10-14,52.41,52.54,52.10,52.10,2830258
2016-10-17,51.64,51.88,51.49,51.49,3084757
2016-10-18,52.01,52.25,51.92,52.20,1988360
2016-10-19,51.91,52.14,51.79,51.86,1847234
2016-10-20,51.39,52.00,51.36,51.79,2745778
2016-10-21,51.26,51.56,51.20,51.41,1841955
2016-10-24,51.12,51.27,50.81,50.85,2475289
2016-10-25,50.56,50.64,50.24,50.40,5195750
2016-10-26,49.67,50.60,49.45,50.42,4343031
2016-10-27,50.70,50.88,50.12,50.52,3988138
2016-10-28,50.49,50.54,50.01,50.17,3400446
2016-10-31,49.75,50.18,49.51,50.01,3009779
2016-11-01,49.84,50.14,49.54,49.81,3501185
2016-11-02,49.84,49.89,49.29,49.36,3934249
2016-11-03,49.54,49.59,48.40,48.42,3380463
2016-11-04,48.48,48.60,48.20,48.29,3221506
2016-11-07,48.61,48.75,48.44,48.55,2661721
2016-11-08,48.74,49.25,48.66,48.92,2705320
2016-11-09,50.23,50.75,49.50,50.50,5887457
2016-11-10,49.59,50.19,49.27,49.88,4621552
2016-11-11,49.21,49.52,48.84,48.99,4545199
2016-11-14,48.79,48.85,48.51,48.73,2484189
2016-11-15,48.41,48.74,48.26,48.66,3091306
2016-11-16,48.20,48.60,47.62,47.73,7009489
2016-11-17,47.85,48.15,47.76,48.06,5003710
2016-11-18,47.86,47.92,47.56,47.64,2743678
2016-11-21,47.95,48.07,47.79,48.04,2448438
2016-11-22,48.15,48.24,47.31,47.55,2938526
2016-11-23,47.17,47.67,47.06,47.62,3282738
2016-11-25,48.74,48.74,48.44,48.58,2422219
2016-11-28,48.11,48.21,47.85,47.86,2657521
2016-11-29,47.89,47.96,47.71,47.84,3505261
2016-11-30,47.69,47.76,47.21,47.24,4524723
2016-12-01,46.98,47.10,46.70,46.79,3841934
2016-12-02,46.92,47.31,46.83,47.12,3111912
2016-12-05,47.27,47.31,46.95,47.09,3062818
2016-12-06,46.88,47.25,46.85,47.11,2911650
2016-12-07,46.84,47.04,46.50,46.94,3980645
2016-12-08,46.76,46.89,46.50,46.74,4327750
2016-12-09,47.10,47.34,46.99,47.24,5212341
2016-12-12,47.19,47.45,47.14,47.27,3084054
2016-12-13,47.85,48.37,47.79,48.06,3653721
2016-12-14,47.89,48.09,47.43,47.45,3068250
2016-12-15,47.92,47.92,47.53,47.65,3242250
2016-12-16,48.04,48.27,47.85,48.17,4020002
2016-12-19,47.94,48.21,47.83,47.89,2666014
2016-12-20,47.99,48.04,47.73,47.88,2792472
2016-12-21,47.81,47.96,47.65,47.66,2467659
2016-12-22,47.89,48.06,47.61,47.85,2740651
2016-12-23,47.75,48.02,47.75,47.94,1574564
2016-12-27,47.94,48.09,47.81,47.85,1877870
2016-12-28,47.95,48.06,47.67,47.70,2327150
2016-12-29,48.08,48.25,47.93,48.05,2664026
2016-12-30,48.31,48.42,48.01,48.14,2321839
2017-01-03,48.19,48.59,48.06,48.55,3095782
2017-01-04,48.62,48.96,48.54,48.86,2390097
2017-01-05,49.00,49.74,48.98,49.66,2415293
2017-01-06,49.20,49.38,49.17,49.23,2312996
2017-01-09,49.04,49.50,48.99,49.29,3072720
2017-01-10,49.24,49.33,49.12,49.17,2467600
2017-01-11,49.09,49.20,48.45,48.81,4309607
2017-01-12,48.67,48.94,48.50,48.76,3392401
2017-01-13,48.70,49.16,48.56,49.02,2578064
2017-01-17,49.05,49.21,48.67,49.12,3199017
2017-01-18,48.67,48.84,48.51,48.61,2409649
2017-01-19,48.75,48.84,48.34,48.44,3098020
2017-01-20,48.34,48.44,48.19,48.40,1799982
2017-01-23,48.46,48.73,48.20,48.65,2797298
2017-01-24,48.41,48.49,48.14,48.41,2369401
2017-01-25,48.88,48.88,48.48,48.60,3908620
2017-01-26,48.67,48.70,48.44,48.52,2600903
2017-01-27,48.46,48.58,48.27,48.41,2197146
2017-01-30,48.46,48.76,48.35,48.75,2960282
2017-01-31,48.48,49.19,48.46,49.14,2791990
2017-02-01,49.49,49.49,48.94,49.33,2860209
2017-02-02,49.08,49.28,48.91,49.12,2210560
2017-02-03,49.11,49.26,49.05,49.15,2174249
2017-02-06,49.04,49.48,49.00,49.45,2039918
2017-02-07,49.26,49.56,49.24,49.33,3263314
2017-02-08,49.12,49.83,49.06,49.69,3106704
2017-02-09,50.29,50.40,50.00,50.02,3144495
2017-02-10,49.98,50.58,49.88,50.35,2948626
2017-02-13,50.25,50.38,49.90,49.99,5291195
2017-02-14,49.85,50.15,49.74,50.14,3619575
2017-02-15,49.98,50.73,49.91,50.71,3267706
2017-02-16,51.38,51.48,51.08,51.15,3530758
2017-02-17,51.27,51.67,51.10,51.67,3418296
2017-02-21,51.77,52.19,51.64,52.04,4775002
2017-02-22,51.21,51.55,51.17,51.29,3027892
2017-02-23,51.58,52.01,51.45,51.86,2284394
2017-02-24,51.56,51.95,51.48,51.95,2557873
2017-02-27,51.54,52.09,51.51,51.96,2208249
2017-02-28,51.84,52.14,51.77,51.85,2200931
2017-03-01,51.76,52.05,51.51,51.73,2330453
2017-03-02,51.84,52.28,51.73,52.08,1985125
2017-03-03,52.19,52.54,52.15,52.49,2345278
2017-03-06,52.21,52.45,52.19,52.27,1928139
2017-03-07,51.44,51.96,51.40,51.80,2482018
2017-03-08,51.36,51.70,51.34,51.41,2680990
2017-03-09,51.42,51.86,51.42,51.81,1816934
2017-03-10,51.69,51.82,51.61,51.71,2098986
2017-03-13,51.92,52.14,51.86,52.06,1738594
2017-03-14,51.89,52.24,51.89,52.16,1952130
2017-03-15,52.05,52.54,52.02,52.50,2500374
2017-03-16,52.91,52.99,52.64,52.83,2217248
2017-03-17,52.91,53.03,52.77,52.84,1909169
2017-03-20,52.79,53.06,52.79,52.90,2719976
2017-03-21,53.05,53.19,52.84,52.90,2281606
2017-03-22,52.83,53.02,52.69,52.85,1657249
2017-03-23,52.77,53.23,52.73,52.89,1422580
2017-03-24,52.80,52.98,52.74,52.89,1607653
2017-03-27,53.14,53.52,53.09,53.36,1646133
2017-03-28,53.26,53.34,52.96,53.01,1529356
2017-03-29,52.71,53.46,52.69,53.41,3921914
2017-03-30,53.42,53.45,52.96,53.10,2095661
2017-03-31,52.83,53.04,52.69,52.70,3154435
2017-04-03,52.46,52.77,52.23,52.54,2921572
2017-04-04,52.25,52.60,52.21,52.55,2266210
2017-04-05,52.55,52.95,52.40,52.41,2662144
2017-04-06,51.86,51.99,51.69,51.77,2681858
2017-04-07,51.77,51.98,51.54,51.84,2934210
2017-04-10,51.85,51.98,51.58,51.62,1876267
2017-04-11,51.96,52.26,51.81,52.23,2572284
2017-04-12,52.26,52.42,52.15,52.33,1206810
2017-04-13,52.19,52.41,52.12,52.26,2147722
2017-04-17,52.23,52.45,52.17,52.30,1270549
2017-04-18,51.83,51.88,51.28,51.60,1981951
2017-04-19,51.38,51.40,51.02,51.05,2797507
2017-04-20,51.11,51.13,50.89,50.89,2767774
2017-04-21,50.83,50.99,50.75,50.98,2588291
2017-04-24,51.42,51.57,51.29,51.40,2460427
2017-04-25,51.80,52.18,51.62,51.85,2791094
2017-04-26,51.40,51.69,50.83,50.85,3345275
2017-04-27,50.65,51.14,50.56,50.98,2751551
2017-04-28,50.84,51.16,50.80,51.12,1849486
2017-05-01,51.23,51.27,51.02,51.04,1239114
2017-05-02,51.41,51.79,51.26,51.77,2410971
2017-05-03,51.40,51.55,51.30,51.45,1757867
2017-05-04,51.76,52.20,51.74,52.19,2161864
2017-05-05,52.21,52.25,52.08,52.23,1810626
2017-05-08,52.64,52.64,52.05,52.12,2241164
2017-05-09,52.48,52.50,52.19,52.41,2576733
2017-05-10,52.50,52.88,52.30,52.85,3111502
2017-05-11,52.80,53.48,52.79,53.26,3396716
2017-05-12,53.75,54.29,53.71,54.08,3511071
2017-05-15,53.88,54.24,53.84,54.24,2137824
2017-05-16,54.33,54.60,54.16,54.27,2582213
2017-05-17,54.58,54.76,54.02,54.04,2385354
2017-05-18,53.75,54.15,53.60,54.05,3010734
2017-05-19,54.10,54.55,54.09,54.50,2195622
2017-05-22,54.31,54.50,54.04,54.12,2715456
2017-05-23,53.89,54.16,53.62,53.70,2656094
2017-05-24,53.62,53.83,53.59,53.69,1487606
2017-05-25,53.21,53.40,52.98,53.21,3708747
2017-05-26,53.55,53.64,53.23,53.34,3970889
2017-05-30,54.02,54.61,53.96,54.26,3351282
2017-05-31,55.06,55.67,55.00,55.29,4608346
2017-06-01,55.23,55.58,55.17,55.36,2389732
2017-06-02,55.41,55.55,55.23,55.46,1513407
2017-06-05,55.24,55.36,54.96,55.21,1314575
2017-06-06,55.25,55.34,54.95,55.02,2141186
2017-06-07,55.06,55.14,54.66,54.98,2010335
2017-06-08,54.92,55.10,54.59,54.74,2066094
2017-06-09,54.25,54.66,54.20,54.39,2539750
2017-06-12,54.10,54.34,53.92,54.21,2055086
2017-06-13,54.20,54.35,54.08,54.12,1715458
2017-06-14,54.44,54.79,54.42,54.52,2601603
2017-06-15,54.06,54.45,53.94,54.29,1698355
2017-06-16,54.60,54.88,54.39,54.77,1536367
2017-06-19,54.69,54.91,54.65,54.73,1948978
2017-06-20,54.62,54.67,54.12,54.23,2800298
2017-06-21,54.09,54.52,54.02,54.52,2516435
2017-06-22,54.88,55.56,54.85,55.20,2225246
2017-06-23,55.29,55.47,55.12,55.36,1584915
2017-06-26,55.30,55.54,55.06,55.09,1747658
2017-06-27,55.05,55.12,54.84,54.89,1593778
2017-06-28,54.95,55.02,54.50,54.62,1659865
2017-06-29,54.44,54.44,53.77,54.08,2441430
2017-06-30,53.95,54.14,53.67,53.90,1330642
2017-07-03,53.34,53.54,53.27,53.46,1136173
2017-07-05,52.94,53.35,52.85,53.33,2595081
2017-07-06,52.71,52.91,52.42,52.83,2225134
2017-07-07,52.80,52.91,52.62,52.83,1187133
2017-07-10,52.69,52.92,52.64,52.76,1346980
2017-07-11,52.50,52.69,52.25,52.51,1478294
2017-07-12,53.23,53.45,53.13,53.15,1484906
2017-07-13,53.19,53.34,52.85,53.12,1687947
2017-07-14,53.36,53.60,53.25,53.44,1609051
2017-07-17,53.34,53.41,52.63,52.83,1859141
2017-07-18,52.85,53.05,52.70,53.04,1500662
2017-07-19,53.25,53.51,53.00,53.02,1416926
2017-07-20,53.35,53.68,53.34,53.46,2367604
2017-07-21,53.49,53.54,52.96,53.33,1824055
2017-07-24,52.59,52.88,52.54,52.80,2392323
2017-07-25,52.69,52.75,52.26,52.45,2702693
2017-07-26,51.76,51.85,50.99,51.06,3721758
2017-07-27,50.89,50.99,50.62,50.94,2938348
2017-07-28,50.36,51.21,50.35,51.16,4986529
2017-07-31,50.99,51.08,50.58,50.65,4261483
2017-08-01,51.04,51.12,50.74,50.76,1955713
2017-08-02,50.88,51.04,50.70,50.94,1452375
2017-08-03,51.14,51.15,50.70,50.86,2318910
2017-08-04,50.75,50.88,50.56,50.66,1981028
2017-08-07,50.50,50.58,50.28,50.38,2165278
2017-08-08,50.31,50.41,50.15,50.19,1817564
2017-08-09,49.41,49.49,49.09,49.41,2609811
2017-08-10,49.19,49.24,48.60,48.62,2558520
2017-08-11,48.50,48.83,48.27,48.49,1862932
2017-08-14,48.71,48.85,48.65,48.76,1387786
2017-08-15,48.81,48.93,48.61,48.69,1774149
2017-08-16,49.14,49.21,48.95,49.05,1600799
2017-08-17,49.29,49.40,48.79,48.81,2247426
2017-08-18,48.70,48.73,48.39,48.44,1968162
2017-08-21,48.44,48.52,48.25,48.35,1641387
2017-08-22,48.58,48.96,48.55,48.91,1552077
2017-08-23,49.20,49.26,48.97,49.15,2057703
2017-08-24,49.54,49.64,49.24,49.33,2597950
2017-08-25,49.45,49.60,49.33,49.34,1315165
2017-08-28,49.64,49.67,49.09,49.33,1904906
2017-08-29,48.95,49.24,48.84,49.15,1968489
2017-08-30,49.75,49.81,49.51,49.67,2376532
2017-08-31,49.79,50.31,49.77,50.29,2365530
2017-09-01,50.33,50.44,50.17,50.25,2379238
2017-09-05,49.77,49.98,49.64,49.86,3137535
2017-09-06,49.73,50.16,49.73,50.00,2057010
2017-09-07,50.09,50.30,50.00,50.19,2406168
2017-09-08,49.96,50.12,49.79,50.06,1612469
2017-09-11,49.95,50.35,49.89,50.34,3103599
2017-09-12,50.38,50.60,50.35,50.46,3479922
2017-09-13,50.25,50.35,50.00,50.12,2172942
2017-09-14,50.09,50.48,50.00,50.44,2119015
2017-09-15,50.38,50.42,50.10,50.30,2405425
2017-09-18,50.10,50.12,49.89,50.06,2831518
2017-09-19,49.81,49.90,49.62,49.90,3038721
2017-09-20,49.92,50.24,49.83,50.23,3206624
2017-09-21,50.24,50.61,50.22,50.41,4030898
2017-09-22,50.79,50.92,50.48,50.73,2215268
2017-09-25,50.56,50.86,50.49,50.81,3543510
2017-09-26,50.69,50.80,50.34,50.51,2630046
2017-09-27,50.50,50.74,50.41,50.49,2879969
2017-09-28,50.75,50.80,50.48,50.48,3030788
2017-09-29,50.66,50.76,50.50,50.75,2494826
2017-10-02,51.01,51.35,51.00,51.14,1790501
2017-10-03,51.25,51.31,51.06,51.17,3247618
2017-10-04,51.10,51.12,50.81,51.00,4429955
2017-10-05,50.67,50.90,50.64,50.83,2213504
2017-10-06,50.66,50.77,50.58,50.76,2217451
2017-10-09,50.85,50.89,50.67,50.75,2847728
2017-10-10,50.69,51.05,50.66,50.98,2987013
2017-10-11,50.90,51.14,50.74,51.08,3239778
2017-10-12,51.02,51.39,50.99,51.27,3322429
2017-10-13,51.31,51.38,51.15,51.26,3483779
2017-10-16,51.17,51.25,50.80,51.08,3306053
2017-10-17,50.96,51.12,50.74,51.04,3820186
2017-10-18,51.17,51.38,51.14,51.26,2732762
2017-10-19,51.24,51.54,51.23,51.38,2599068
2017-10-20,50.90,51.16,50.84,51.05,7173656
2017-10-23,50.83,51.06,50.73,50.77,5497242
2017-10-24,50.55,50.61,50.16,50.60,3500367
2017-10-25,49.48,49.49,47.25,47.74,17283592
2017-10-26,46.61,46.75,45.64,45.75,10780888
2017-10-27,45.45,45.66,45.20,45.29,5518100
2017-10-30,45.85,46.16,45.71,45.86,5675120
2017-10-31,45.91,45.96,45.24,45.54,6040498
2017-11-01,45.69,45.85,45.24,45.25,3661885
2017-11-02,44.96,45.42,44.83,44.94,6729570
2017-11-03,45.16,45.37,45.04,45.19,3339486
2017-11-06,45.30,45.34,45.07,45.17,2849404
2017-11-07,44.77,44.95,44.62,44.77,3932074
2017-11-08,45.12,45.73,45.11,45.60,4423171
2017-11-09,44.92,44.99,44.46,44.71,6153090
2017-11-10,44.44,44.44,43.85,44.12,4768504
2017-11-13,43.77,44.27,43.71,43.86,4145603
2017-11-14,43.75,43.93,43.58,43.73,3544914
2017-11-15,43.70,43.83,43.40,43.60,3396566
2017-11-16,43.81,44.11,43.79,43.99,3271290
2017-11-17,43.83,43.94,43.59,43.83,2068212
2017-11-20,44.01,44.15,43.88,43.90,3425416
2017-11-21,43.66,43.89,43.51,43.51,4099643
2017-11-22,44.00,44.02,43.71,43.83,3379605
2017-11-24,43.77,43.99,43.71,43.80,1394770
2017-11-27,44.81,44.90,44.36,44.44,4379238
2017-11-28,44.88,44.99,44.71,44.90,4160614
2017-11-29,44.51,44.78,44.23,44.34,3663929
2017-11-30,44.09,44.31,43.70,43.83,4192682
2017-12-01,44.36,44.52,43.94,44.15,4314555
2017-12-04,44.25,44.45,43.75,43.75,3388481
2017-12-05,43.81,43.96,43.52,43.58,4795514
2017-12-06,43.45,43.79,43.15,43.33,4617592
2017-12-07,43.48,43.61,43.34,43.55,5218166
2017-12-08,43.67,43.98,43.60,43.96,3624250
2017-12-11,44.20,44.34,44.06,44.14,3075690
2017-12-12,44.39,44.49,44.33,44.40,3723862
2017-12-13,44.71,44.81,44.33,44.48,5485509
2017-12-14,44.34,44.36,43.94,44.05,5796749
2017-12-15,43.80,43.90,43.54,43.74,5594127
2017-12-18,44.36,44.38,44.10,44.12,5276574
2017-12-19,44.33,44.41,44.14,44.20,4252519
2017-12-20,44.62,44.64,44.15,44.19,3822154
2017-12-21,44.34,44.67,44.31,44.44,3466923
2017-12-22,44.24,44.25,43.89,43.91,2698180
2017-12-26,43.88,44.41,43.84,44.21,2681589
2017-12-27,44.49,44.64,44.30,44.45,3176373
2017-12-28,44.58,44.63,44.29,44.38,3845171
2017-12-29,44.51,44.75,44.34,44.34,2936772
2018-01-02,45.16,46.24,45.06,46.16,7571715
2018-01-03,46.23,46.31,45.89,45.99,5280647
2018-01-04,46.17,46.23,45.90,46.08,4165098
2018-01-05,46.62,46.89,46.40,46.89,5799321
2018-01-08,46.89,46.99,46.40,46.75,4727617
2018-01-09,46.23,46.38,45.86,46.19,4228262
2018-01-10,45.55,45.76,45.39,45.50,4235209
2018-01-11,45.76,46.06,45.61,46.05,3653899
2018-01-12,46.58,47.00,46.55,46.88,3992879
2018-01-16,47.20,47.64,47.11,47.40,5951174
2018-01-17,47.74,47.83,47.55,47.69,5112234
2018-01-18,47.48,47.73,47.48,47.71,3452936
2018-01-19,47.67,47.90,47.48,47.75,2782506
2018-01-22,47.96,48.20,47.84,48.20,3378590
2018-01-23,48.46,48.72,48.19,48.36,2836068
2018-01-24,48.29,48.63,48.14,48.31,4014519
2018-01-25,48.65,49.09,47.76,47.95,3756078
2018-01-26,48.67,48.81,48.48,48.80,3431550
2018-01-29,48.23,48.24,47.88,48.09,3154201
2018-01-30,47.95,48.10,47.54,47.64,3003008
2018-01-31,47.69,47.74,46.80,46.89,3742074
2018-02-01,47.11,47.30,46.96,46.99,2601018
2018-02-02,46.88,46.96,46.36,46.38,2662454
2018-02-05,45.54,45.61,44.34,44.36,5002842
2018-02-06,43.75,45.39,43.61,44.99,7266338
2018-02-07,44.20,45.67,44.15,45.04,5335076
2018-02-08,46.85,46.89,45.20,45.21,5857246
2018-02-09,45.27,45.89,44.46,45.61,4696735
2018-02-12,45.36,45.60,45.23,45.34,4728408
2018-02-13,45.31,45.67,45.23,45.58,3171314
2018-02-14,45.26,46.14,45.18,46.02,2754456
2018-02-15,46.51,46.78,46.24,46.64,2586869
2018-02-16,46.56,47.46,46.54,47.12,3700237
2018-02-20,47.14,47.25,46.56,46.66,3262183
2018-02-21,46.69,47.08,46.49,46.50,2766906
2018-02-22,45.83,46.12,45.62,45.71,2350496
2018-02-23,45.89,46.12,45.76,46.05,2168002
2018-02-26,46.00,46.26,46.00,46.25,1977784
2018-02-27,46.15,46.17,45.64,45.64,1460185
2018-02-28,46.09,46.18,45.39,45.39,1970621
2018-03-01,45.56,45.67,44.72,44.96,2242305
2018-03-02,45.02,45.30,44.95,45.27,1450462
2018-03-05,45.48,46.10,45.42,45.98,1920986
2018-03-06,46.34,46.46,45.98,46.16,1953295
2018-03-07,46.34,46.61,46.16,46.58,2099258
2018-03-08,46.91,47.21,46.71,46.90,2902625
2018-03-09,46.83,46.86,46.55,46.70,1907738
2018-03-12,46.96,47.16,46.83,47.06,1689498
2018-03-13,46.70,46.94,46.29,46.41,1607097
2018-03-14,46.69,46.75,46.12,46.39,1633514
2018-03-15,46.23,46.70,46.05,46.15,1298032
2018-03-16,46.38,46.71,46.35,46.60,1334946
2018-03-19,46.60,46.64,45.84,46.11,1706070
2018-03-20,46.04,46.17,45.83,45.95,1557350
2018-03-21,46.06,46.21,45.75,45.95,1585922
2018-03-22,45.62,45.69,45.16,45.19,2332238
2018-03-23,47.38,47.54,46.71,46.77,6294567
2018-03-26,47.05,47.12,46.06,46.79,2349301
2018-03-27,48.62,48.65,47.81,47.99,5415203
2018-03-28,48.95,49.77,48.94,49.23,4982065
2018-03-29,49.38,49.64,48.83,48.84,2913497
2018-04-02,48.75,48.96,48.21,48.56,2202806
2018-04-03,48.80,49.13,48.36,49.10,2328145
2018-04-04,48.95,50.00,48.95,49.90,3114109
2018-04-05,49.66,50.01,49.48,49.83,2371536
2018-04-06,50.20,50.40,49.64,49.91,3192145
2018-04-09,50.38,50.79,50.13,50.36,2558684
2018-04-10,50.96,51.35,50.92,51.23,2923970
2018-04-11,50.94,51.16,50.66,50.71,2387670
2018-04-12,51.12,51.20,50.76,50.77,2156927
2018-04-13,50.66,50.92,50.59,50.73,1334044
2018-04-16,50.80,50.81,50.30,50.59,1401458
2018-04-17,50.67,50.75,50.58,50.64,1906204
2018-04-18,50.77,50.81,50.36,50.55,2735717
2018-04-19,50.36,50.45,49.66,49.85,2569693
2018-04-20,49.94,50.16,49.85,50.00,2339167
2018-04-23,50.21,50.44,50.17,50.41,2710245
2018-04-24,50.83,51.16,50.45,50.80,3187544
2018-04-25,49.49,49.52,48.63,48.90,4734647
2018-04-26,49.85,50.38,49.59,50.25,3163653
2018-04-27,50.19,50.88,50.02,50.70,3874028
2018-04-30,50.19,50.55,50.05,50.14,1905308
2018-05-01,50.06,50.15,49.75,50.05,1865708
2018-05-02,49.83,49.91,49.35,49.39,2065293
2018-05-03,49.44,49.64,49.20,49.50,1659874
2018-05-04,49.38,49.89,49.33,49.77,1386402
2018-05-07,49.79,50.14,49.71,49.81,1606501
2018-05-08,49.38,49.74,49.23,49.51,1915008
2018-05-09,49.60,50.38,49.50,50.27,2072417
2018-05-10,49.64,50.00,49.56,49.90,1462862
2018-05-11,49.60,50.16,49.59,50.04,1932702
2018-05-14,50.35,50.42,50.00,50.05,1511723
2018-05-15,49.65,49.79,49.40,49.66,1401278
2018-05-16,49.79,50.17,49.65,49.85,1734636
2018-05-17,50.10,50.33,49.91,50.12,1468075
2018-05-18,50.20,50.36,49.88,50.04,2500733
2018-05-21,50.11,50.29,49.98,50.06,1318901
2018-05-22,50.69,50.85,50.39,50.41,2592562
2018-05-23,50.33,50.45,50.08,50.23,2221065
2018-05-24,50.39,50.48,49.85,50.04,1713814
2018-05-25,49.75,49.98,49.71,49.81,1502987
2018-05-29,49.70,49.91,49.45,49.74,1709983
2018-05-30,50.19,50.89,50.15,50.84,1959084
2018-05-31,50.69,50.91,50.31,50.65,2455743
2018-06-01,50.75,50.95,50.66,50.94,1150226
2018-06-04,51.11,51.17,50.66,50.88,1312314
2018-06-05,50.54,50.74,50.44,50.59,1555018
2018-06-06,50.70,50.94,50.39,50.83,1521610
2018-06-07,50.96,51.19,50.73,50.91,1163854
2018-06-08,51.25,51.35,51.05,51.27,1426596
2018-06-11,51.21,51.55,51.11,51.49,1277575
2018-06-12,51.59,51.89,51.46,51.50,1643505
2018-06-13,51.48,51.76,51.26,51.42,1467268
2018-06-14,52.52,52.95,52.21,52.42,2796878
2018-06-15,52.14,52.16,51.53,51.80,1942709
2018-06-18,51.30,51.61,51.09,51.59,1260470
2018-06-19,50.90,51.33,50.82,51.30,1330898
2018-06-20,51.61,51.61,50.99,51.29,1871469
2018-06-21,51.04,51.16,50.82,51.01,1398166
2018-06-22,51.05,51.39,50.99,51.11,1276526
2018-06-25,50.30,50.33,49.79,49.90,2190763
2018-06-26,50.10,50.16,49.84,50.06,1740290
2018-06-27,49.85,50.13,49.49,49.49,1625346
2018-06-28,49.48,49.62,49.30,49.46,2095291
2018-06-29,50.59,50.79,50.33,50.39,1889172
2018-07-02,50.05,50.19,49.58,50.15,2040515
2018-07-03,51.14,51.23,50.71,50.81,1292126
2018-07-05,50.67,51.08,50.60,50.91,1095310
2018-07-06,51.00,51.44,50.86,51.27,1492550
2018-07-09,51.48,51.49,51.06,51.25,1706678
2018-07-10,51.77,51.91,51.69,51.79,1714322
2018-07-11,51.52,51.65,51.25,51.38,1155259
2018-07-12,51.94,52.23,51.90,52.19,1899546
2018-07-13,52.04,52.23,52.01,52.17,1151287
2018-07-16,51.52,51.67,51.44,51.50,1003764
2018-07-17,51.25,51.61,51.23,51.42,1803450
2018-07-18,51.46,51.46,51.07,51.21,1669924
2018-07-19,50.71,51.00,50.55,50.86,1727267
2018-07-20,50.62,52.90,50.58,52.34,8731864
2018-07-23,51.35,51.52,51.12,51.17,2750472
2018-07-24,51.01,51.59,50.91,51.51,2860165
2018-07-25,51.95,51.98,50.31,50.65,4056529
2018-07-26,49.94,50.69,49.90,50.45,2822379
2018-07-27,51.01,51.05,50.69,50.95,1842834
2018-07-30,51.17,51.48,51.08,51.35,1405504
2018-07-31,51.76,52.04,51.76,51.99,2464421
2018-08-01,51.74,51.81,51.35,51.36,2657915
2018-08-02,50.33,50.79,50.02,50.74,3472429
2018-08-03,50.10,51.16,50.10,51.02,2566842
2018-08-06,51.09,51.30,50.98,51.12,1381558
2018-08-07,51.90,52.16,51.77,51.80,2118674
2018-08-08,51.81,52.12,51.66,52.01,1647661
2018-08-09,51.16,51.34,51.02,51.08,1544486
2018-08-10,50.30,50.45,50.05,50.19,1763102
2018-08-13,49.81,49.92,49.56,49.71,2632508
2018-08-14,50.14,50.17,49.70,49.75,1366246
2018-08-15,50.38,50.71,50.14,50.58,2781874
2018-08-16,50.86,51.25,50.80,51.04,2083196
2018-08-17,51.14,51.61,51.09,51.56,1498303
2018-08-20,51.51,51.85,51.50,51.66,1641278
2018-08-21,52.21,52.23,51.82,51.88,1774463
2018-08-22,52.12,52.23,51.86,51.92,1270710
2018-08-23,51.74,51.74,51.26,51.45,2098802
2018-08-24,51.52,51.61,51.34,51.60,1056527
2018-08-27,51.77,51.88,51.64,51.86,1352287
2018-08-28,51.65,51.75,51.58,51.71,1452683
2018-08-29,51.62,52.02,51.62,51.99,1423425
2018-08-30,51.50,51.79,51.41,51.55,1126658
2018-08-31,51.04,51.20,50.44,50.62,1724217
2018-09-04,50.44,50.48,50.14,50.42,1608730
2018-09-05,50.25,50.40,50.08,50.16,1189534
2018-09-06,49.88,49.88,49.25,49.73,2033827
2018-09-07,49.12,49.60,49.09,49.50,1611772
2018-09-10,49.25,49.60,49.06,49.12,1547162
2018-09-11,48.77,48.82,48.39,48.74,1924538
2018-09-12,48.81,49.26,48.81,49.20,1975863
2018-09-13,49.15,49.35,49.01,49.16,1342262
2018-09-14,48.79,48.83,48.49,48.76,1845860
2018-09-17,48.80,49.20,48.77,49.01,1508582
2018-09-18,48.91,50.12,48.91,49.54,2215200
2018-09-19,49.42,49.71,49.35,49.44,2089615
2018-09-20,49.51,49.92,49.33,49.84,1588106
2018-09-21,49.99,50.49,49.89,50.38,1780083
2018-09-24,50.34,50.42,50.14,50.25,1148450
2018-09-25,50.66,50.76,50.44,50.45,1583539
2018-09-26,50.65,50.99,50.62,50.66,1436082
2018-09-27,50.71,50.86,50.58,50.64,1323654
2018-09-28,50.50,50.53,50.20,50.21,1070052
2018-10-01,50.02,50.30,49.92,50.06,1462553
2018-10-02,49.89,50.33,49.85,50.21,1231900
2018-10-03,50.67,50.95,50.59,50.61,1180566
2018-10-04,50.10,50.27,49.94,50.20,1738235
2018-10-05,49.85,49.92,49.60,49.76,1315651
2018-10-08,48.89,49.20,48.86,49.12,1665154
2018-10-09,48.61,49.41,48.48,49.34,2163503
2018-10-10,49.75,49.79,49.04,49.04,1853104
2018-10-11,49.38,49.41,47.84,48.09,2787815
2018-10-12,48.12,48.20,47.35,47.89,3348573
2018-10-15,48.19,48.94,48.16,48.60,2622115
2018-10-16,49.42,49.79,49.27,49.75,2192451
2018-10-17,49.60,49.84,49.41,49.67,1208487
2018-10-18,50.33,50.34,49.31,49.51,1739471
2018-10-19,50.52,51.12,50.45,51.09,3362998
2018-10-22,50.84,50.88,50.28,50.62,2300213
2018-10-23,50.17,50.88,50.15,50.79,2663753
2018-10-24,50.58,50.77,49.16,49.21,3172333
2018-10-25,48.85,49.77,48.46,49.41,3187209
2018-10-26,48.86,49.43,48.45,49.15,2512220
2018-10-29,49.58,49.80,48.77,49.15,1916890
2018-10-30,48.84,49.56,48.79,49.51,2698394
2018-10-31,50.15,50.30,48.23,48.83,5479949
2018-11-01,49.35,49.89,49.28,49.61,4054373
2018-11-02,49.19,49.26,48.39,48.55,2382130
2018-11-05,49.59,50.24,49.48,50.06,2287752
2018-11-06,49.75,49.90,49.58,49.75,1600986
2018-11-07,50.58,51.09,50.46,51.01,2494894
2018-11-08,51.40,51.81,51.34,51.55,1958134
2018-11-09,51.56,51.79,51.30,51.62,1414670
2018-11-12,51.26,51.52,51.08,51.29,1552333
2018-11-13,51.73,52.12,51.48,51.75,1920534
2018-11-14,51.11,51.51,50.91,51.11,1931235
2018-11-15,50.41,50.66,49.94,50.51,3978547
2018-11-16,50.12,50.67,50.09,50.42,2859762
2018-11-19,50.96,51.17,50.66,51.04,2491882
2018-11-20,50.89,51.20,50.67,50.79,1954494
2018-11-21,50.86,50.98,50.60,50.64,1969567
2018-11-23,50.73,51.09,50.62,50.83,646918
2018-11-26,50.70,50.94,50.64,50.70,1978142
2018-11-27,50.09,50.55,49.86,50.51,1509483
2018-11-28,50.67,51.59,50.62,51.49,3368826
2018-11-29,51.38,51.81,51.29,51.61,1493594
2018-11-30,51.55,52.39,51.51,52.34,2777611
2018-12-03,48.42,48.75,47.77,48.26,10063816
2018-12-04,48.64,48.81,47.71,47.92,5286414
2018-12-06,46.25,46.80,45.51,46.77,4998090
2018-12-07,46.55,47.06,46.35,46.62,4958002
2018-12-10,46.76,47.25,46.45,47.10,3654090
2018-12-11,47.58,47.64,46.55,46.70,2837341
2018-12-12,47.20,47.70,47.08,47.10,1949629
2018-12-13,47.54,47.62,47.09,47.42,1813445
2018-12-14,46.98,47.09,46.75,47.01,3377007
2018-12-17,46.81,46.89,46.17,46.34,3186975
2018-12-18,46.71,46.75,46.09,46.36,3504962
2018-12-19,49.08,49.09,46.62,46.75,12313808
2018-12-20,47.88,47.90,47.10,47.38,5385334
2018-12-21,47.29,47.95,46.96,46.98,3653766
2018-12-24,46.88,47.04,46.33,46.55,1750082
2018-12-26,46.42,47.51,46.20,47.50,2396950
2018-12-27,46.81,47.51,46.36,47.50,2938646
2018-12-28,47.58,48.02,47.52,47.69,2295746
2018-12-31,47.81,47.89,47.46,47.76,1537690
2019-01-02,47.21,47.64,47.00,47.35,1904996
2019-01-03,47.64,47.86,47.29,47.29,2205306
2019-01-04,47.64,48.38,47.64,48.27,2368330
2019-01-07,48.24,48.74,47.96,48.51,2719125
2019-01-08,47.94,48.86,47.94,48.83,2491128
2019-01-09,49.26,49.29,48.90,49.00,1793409
2019-01-10,48.74,49.29,48.62,49.20,2355896
2019-01-11,48.96,49.46,48.88,49.23,2841694
2019-01-14,48.41,48.46,47.98,48.26,4165667
2019-01-15,48.15,48.87,48.11,48.81,2822958
2019-01-16,48.02,48.33,47.90,48.01,2841774
2019-01-17,48.19,48.83,48.12,48.73,3053999
2019-01-18,48.81,49.02,48.64,48.83,4713226
2019-01-22,48.38,48.83,48.34,48.71,2246182
2019-01-23,49.21,49.38,48.55,48.84,2179072
2019-01-24,48.23,48.26,47.81,47.96,3483366
2019-01-25,47.95,48.19,47.83,48.02,2279981
2019-01-28,47.81,48.11,47.70,48.05,2016708
2019-01-29,48.41,48.66,48.29,48.40,1811055
2019-01-30,48.91,48.98,48.06,48.39,4614058
2019-01-31,48.42,49.06,48.27,49.00,3170862
2019-02-01,48.85,49.20,48.77,49.00,1851151
2019-02-04,48.94,48.98,48.67,48.92,1733049
2019-02-05,49.35,49.73,49.27,49.31,2556143
2019-02-06,49.90,50.94,49.81,50.85,4549171
2019-02-07,51.35,51.48,50.61,50.71,2903358
2019-02-08,51.00,51.51,50.90,51.36,2493768
2019-02-11,50.41,50.54,50.15,50.29,4288693
2019-02-12,50.33,50.76,50.29,50.66,2574462
2019-02-13,50.12,50.66,50.09,50.46,2452322
2019-02-14,50.74,51.21,50.66,51.08,2348198
2019-02-15,51.51,51.64,51.30,51.55,2570855
2019-02-19,51.52,51.79,51.52,51.61,2141019
2019-02-20,51.48,52.01,51.44,51.70,2079338
2019-02-21,50.66,50.89,50.54,50.67,1966203
2019-02-22,50.25,50.82,50.19,50.69,1823878
2019-02-25,50.79,50.90,50.54,50.61,1762453
2019-02-26,50.54,50.88,50.41,50.62,1412917
2019-02-27,50.45,50.85,50.42,50.58,2646869
2019-02-28,50.38,50.84,50.33,50.45,2880559
2019-03-01,50.51,50.73,50.41,50.49,1859075
2019-03-04,50.61,50.61,50.14,50.35,1665514
2019-03-05,50.25,50.67,50.15,50.45,1592501
2019-03-06,50.66,50.66,50.06,50.24,1213862
2019-03-07,50.21,50.35,49.88,50.15,2421266
2019-03-08,50.19,50.21,49.77,50.15,1342442
2019-03-11,50.16,50.31,49.89,50.10,1407662
2019-03-12,49.77,50.23,49.77,50.06,1038475
2019-03-13,50.31,50.48,50.18,50.44,931446
2019-03-14,50.59,50.73,50.44,50.54,1259767
2019-03-15,50.64,50.80,50.43,50.79,1692609
2019-03-18,50.79,50.84,50.37,50.61,1092002
2019-03-19,50.73,50.91,50.49,50.56,1768464
2019-03-20,50.95,51.23,50.70,51.01,1627960
2019-03-21,51.50,51.84,51.42,51.55,2054861
2019-03-22,51.81,52.02,51.56,51.56,2008314
2019-03-25,51.58,51.75,51.41,51.51,1684710
2019-03-26,52.31,52.34,51.89,52.00,1959749
2019-03-27,52.29,52.44,51.91,52.16,2525327
2019-03-28,52.50,52.68,52.27,52.34,2758856
2019-03-29,52.41,52.48,52.05,52.24,1891467
2019-04-01,52.59,52.59,52.12,52.26,1860551
2019-04-02,52.60,52.75,52.33,52.35,2506350
2019-04-03,52.19,52.48,52.04,52.20,2254161
2019-04-04,52.29,52.32,51.91,52.11,1758914
2019-04-05,52.27,52.35,51.92,52.00,1562606
2019-04-08,52.31,52.31,51.95,52.09,1635799
2019-04-09,51.99,52.06,51.77,51.86,1448178
2019-04-10,51.84,51.94,51.55,51.59,1524378
2019-04-11,51.61,51.64,51.06,51.17,2200450
2019-04-12,50.83,51.12,50.64,50.75,2205399
2019-04-15,51.09,51.27,50.94,50.96,1736432
2019-04-16,51.38,51.38,50.34,50.34,2067970
2019-04-17,50.73,50.75,49.90,49.98,3044658
2019-04-18,49.92,50.02,49.62,49.81,2136108
2019-04-22,49.74,49.89,49.52,49.60,1320068
2019-04-23,50.19,50.48,50.14,50.27,3058271
2019-04-24,50.17,50.24,49.76,49.91,2291370
2019-04-25,50.04,50.30,49.86,50.27,1629014
2019-04-26,50.41,50.51,50.15,50.50,1544902
2019-04-29,50.74,50.79,50.42,50.56,1652566
2019-04-30,51.00,51.45,50.75,51.41,4106503
2019-05-01,51.06,51.17,50.04,50.51,3492466
2019-05-02,50.55,50.67,50.35,50.58,1912003
2019-05-03,51.11,51.12,50.74,50.94,1736044
2019-05-06,50.35,50.76,50.33,50.66,1618406
2019-05-07,50.17,50.29,49.29,49.49,2529402
2019-05-08,49.59,49.81,49.50,49.67,1627177
2019-05-09,49.25,49.67,49.20,49.58,1344068
2019-05-10,49.27,49.46,48.91,49.41,2058802
2019-05-13,48.91,49.31,48.84,49.17,1863445
2019-05-14,49.24,49.45,48.95,49.01,1863088
2019-05-15,49.31,49.57,49.17,49.48,1798739
2019-05-16,49.26,49.54,49.12,49.17,2067571
2019-05-17,49.09,49.60,49.09,49.33,1539514
2019-05-20,49.10,49.41,49.08,49.24,1370704
2019-05-21,49.19,49.40,49.14,49.24,1785230
2019-05-22,49.12,50.26,49.10,50.25,2226690
2019-05-23,49.91,50.04,49.77,49.99,1486982
2019-05-24,50.19,50.40,50.10,50.23,1361490
2019-05-28,49.64,49.93,48.95,48.98,2232234
2019-05-29,48.60,48.77,48.45,48.60,1673915
2019-05-30,48.69,48.73,48.26,48.42,1737388
2019-05-31,48.23,48.45,48.04,48.30,1620263
2019-06-03,48.91,49.09,48.62,48.80,1697858
2019-06-04,48.75,48.77,48.38,48.61,1607524
2019-06-05,48.69,48.77,48.30,48.34,1669712
2019-06-06,48.86,49.15,48.70,48.73,2244734
2019-06-07,49.90,50.17,49.75,49.75,2701894
2019-06-10,50.09,50.17,49.85,50.15,1896515
2019-06-11,50.24,50.30,49.83,49.90,1223685
2019-06-12,50.35,50.54,50.30,50.38,2398310
2019-06-13,50.26,50.34,50.06,50.16,1364470
2019-06-14,49.94,50.19,49.90,50.15,1469271
2019-06-17,49.81,50.02,49.80,49.91,1093578
2019-06-18,50.45,50.45,50.06,50.27,1411621
2019-06-19,50.52,51.26,50.49,51.25,2020298
2019-06-20,51.25,51.36,50.51,50.51,3162129
2019-06-21,49.96,50.41,49.71,50.34,2668832
2019-06-24,50.48,50.86,50.45,50.74,1585447
2019-06-25,51.11,51.21,50.75,50.79,1125479
2019-06-26,50.51,50.55,50.16,50.16,1161761
2019-06-27,49.85,50.16,49.83,49.95,1280390
2019-06-28,50.11,50.24,49.98,50.02,1576260
2019-07-01,50.56,50.61,50.19,50.54,1867184
2019-07-02,50.56,51.16,50.54,51.15,1487764
2019-07-03,51.60,51.74,51.50,51.66,1200214
2019-07-05,51.27,51.29,50.88,51.06,1690150
2019-07-08,50.86,50.95,50.65,50.65,2002952
2019-07-09,50.89,51.19,50.84,50.94,2755895
2019-07-10,51.26,51.43,51.24,51.39,1166709
2019-07-11,51.75,51.79,50.80,51.16,3330502
2019-07-12,51.01,51.04,50.28,50.52,3451177
2019-07-15,51.26,51.46,50.96,51.12,2203002
2019-07-16,51.86,51.86,51.36,51.48,2309992
2019-07-17,51.58,51.63,51.35,51.42,1407221
2019-07-18,51.40,51.77,51.25,51.76,1387281
2019-07-19,51.36,51.42,51.17,51.20,1386564
2019-07-22,51.65,51.65,51.41,51.41,1527782
2019-07-23,51.77,51.86,51.58,51.65,1995108
2019-07-24,51.95,52.04,51.59,51.79,2235685
2019-07-25,52.25,52.28,51.89,51.92,2522091
2019-07-26,52.09,52.40,51.98,52.39,2198810
2019-07-29,53.00,53.09,52.69,52.73,2352318
2019-07-30,52.51,52.67,52.20,52.27,1902829
2019-07-31,51.49,52.11,51.33,51.60,2118127
2019-08-01,51.31,51.97,51.31,51.85,1826184
2019-08-02,51.67,51.81,51.10,51.31,1855970
2019-08-05,50.74,50.89,50.12,50.45,1936940
2019-08-06,50.36,50.72,50.11,50.39,2011676
2019-08-07,50.36,50.77,50.02,50.64,2509203
2019-08-08,50.25,50.81,50.12,50.62,1345265
2019-08-09,50.83,50.86,50.36,50.59,1231738
2019-08-12,50.49,50.62,50.14,50.30,1080159
2019-08-13,50.74,51.06,50.54,50.81,4148508
2019-08-14,50.08,50.26,49.60,49.60,2032414
2019-08-15,49.85,50.08,49.67,49.95,1589675
2019-08-16,50.26,50.48,50.19,50.24,1093688
2019-08-19,50.40,50.59,50.27,50.46,1375016
2019-08-20,50.58,50.67,50.31,50.33,1223689
2019-08-21,50.84,51.10,50.72,50.86,1546086
2019-08-22,51.02,51.36,51.00,51.23,1760904
2019-08-23,51.77,52.16,51.34,51.49,2700425
2019-08-26,51.56,51.70,51.29,51.61,1442042
2019-08-27,51.81,51.87,51.56,51.58,1267038
2019-08-28,51.58,51.80,51.43,51.64,1403290
2019-08-29,52.17,52.20,51.98,52.15,2103685
2019-08-30,52.26,52.36,51.77,51.98,1669550
2019-09-03,52.26,53.05,52.20,53.02,2774985
2019-09-04,53.02,53.11,52.83,52.98,1596765
2019-09-05,52.76,52.83,52.38,52.62,1760682
2019-09-06,52.59,52.75,52.55,52.61,1055160
2019-09-09,52.01,52.05,51.48,51.85,1751274
2019-09-10,50.34,51.14,50.26,51.11,2359265
2019-09-11,50.44,51.05,50.40,51.02,2234514
2019-09-12,50.99,51.48,50.96,51.29,1367454
2019-09-13,51.08,51.38,50.98,51.11,1519542
2019-09-16,50.89,50.99,50.55,50.75,1344391
2019-09-17,51.17,51.50,51.09,51.38,1060303
2019-09-18,51.27,51.52,51.14,51.33,954001
2019-09-19,51.61,51.94,51.48,51.65,1633262
2019-09-20,52.16,52.31,51.73,52.04,2332354
2019-09-23,52.50,52.55,52.31,52.40,2686402
2019-09-24,52.66,53.05,52.50,52.59,2040656
2019-09-25,52.00,52.09,51.76,51.76,1657915
2019-09-26,52.79,53.29,52.54,52.55,2386854
2019-09-27,52.99,53.15,52.69,52.92,1899010
2019-09-30,53.70,54.02,53.34,53.35,2947529
2019-10-01,53.12,53.16,52.67,52.89,1456951
2019-10-02,51.73,51.95,51.04,51.49,2366073
2019-10-03,51.44,51.86,51.21,51.81,1614006
2019-10-04,52.08,52.55,51.98,52.49,1299081
2019-10-07,52.61,52.98,52.55,52.75,1187217
2019-10-08,52.58,52.67,52.24,52.35,1549262
2019-10-09,52.51,52.72,52.38,52.60,1266970
2019-10-10,52.62,52.92,52.56,52.81,2118727
2019-10-11,52.69,53.16,52.62,52.73,2385717
2019-10-14,53.00,53.22,52.70,52.71,1140707
2019-10-15,52.29,52.90,52.23,52.84,1855773
2019-10-16,53.06,53.14,52.34,52.85,2220586
2019-10-17,53.29,53.36,53.04,53.09,1302399
2019-10-18,53.15,53.30,52.96,53.16,1142514
2019-10-21,53.25,53.36,53.07,53.25,1544998
2019-10-22,53.56,53.86,53.12,53.15,2331354
2019-10-23,53.88,54.14,53.70,54.09,2668331
2019-10-24,54.80,55.12,54.76,55.02,2870399
2019-10-25,54.70,54.95,54.39,54.77,2365426
2019-10-28,55.44,55.89,55.42,55.50,3086683
2019-10-29,55.40,56.00,55.19,55.74,2539693
2019-10-30,56.59,57.30,56.12,57.05,4886570
2019-10-31,57.27,57.51,57.08,57.25,3318449
2019-11-01,57.04,57.08,56.56,56.59,2221732
2019-11-04,56.73,56.77,56.19,56.29,2238330
2019-11-05,55.76,55.89,55.25,55.34,3122454
2019-11-06,55.19,55.54,55.15,55.45,1848885
2019-11-07,55.44,55.45,55.14,55.26,1304757
2019-11-08,55.17,55.56,55.17,55.52,1617102
2019-11-11,55.04,55.35,54.99,55.33,1579327
2019-11-12,55.44,55.80,55.38,55.65,1727916
2019-11-13,55.81,55.88,55.59,55.83,1062616
2019-11-14,54.75,54.88,54.45,54.81,1446809
2019-11-15,54.29,55.15,54.26,55.11,1844316
2019-11-18,55.54,55.71,55.34,55.41,2567832
2019-11-19,55.79,55.88,55.36,55.62,1735013
2019-11-20,55.06,55.29,54.71,54.90,2030510
2019-11-21,54.99,55.12,54.67,55.04,2009237
2019-11-22,55.16,55.25,54.94,55.01,1721162
2019-11-25,55.61,55.74,55.46,55.60,2399051
2019-11-26,55.39,56.08,55.37,56.01,4212182
2019-11-27,56.52,56.91,56.50,56.81,4981201
2019-11-29,56.66,56.96,56.61,56.85,2793229
2019-12-02,56.58,56.67,55.94,56.16,2299894
2019-12-03,55.27,55.84,55.21,55.81,2130438
2019-12-04,55.64,56.39,55.62,56.34,2443141
2019-12-05,56.38,56.54,56.07,56.51,3733370
2019-12-06,56.75,56.96,56.59,56.89,2040065
2019-12-09,57.00,57.08,56.86,57.04,2893172
2019-12-10,57.50,57.73,57.28,57.69,1808684
2019-12-11,57.81,58.04,57.66,57.86,1684868
2019-12-12,57.38,57.79,57.23,57.41,1962122
2019-12-13,57.71,57.99,57.42,57.48,1918358
2019-12-16,58.92,59.08,58.47,58.60,3095583
2019-12-17,58.05,58.42,57.96,58.30,1706001
2019-12-18,58.20,58.65,58.20,58.60,1894538
2019-12-19,58.77,58.89,58.45,58.76,1461604
2019-12-20,59.20,59.33,59.02,59.15,2168233
2019-12-23,58.62,58.79,58.41,58.56,1704988
2019-12-24,58.61,58.66,58.46,58.62,524320
2019-12-26,58.70,58.74,58.54,58.64,926367
2019-12-27,59.42,59.46,59.08,59.11,1669139
2019-12-30,59.31,59.32,58.67,58.85,1275782
2019-12-31,58.46,58.81,58.46,58.74,1647505
2020-01-02,58.51,58.74,58.34,58.65,1969916
2020-01-03,57.89,58.48,57.85,58.10,1719289
2020-01-06,58.02,58.23,58.02,58.12,1627663
2020-01-07,57.71,57.90,57.55,57.76,1381138
2020-01-08,57.75,58.19,57.71,58.01,1413451
2020-01-09,58.31,58.41,58.12,58.31,1735482
2020-01-10,58.66,58.90,58.48,58.49,1546770
2020-01-13,58.54,58.79,58.39,58.69,1493320
2020-01-14,58.48,58.86,58.37,58.80,1414570
2020-01-15,59.35,59.74,59.32,59.51,1757352
2020-01-16,58.83,59.19,58.66,58.95,2469000
2020-01-17,60.19,60.27,59.75,59.86,2629327
2020-01-21,59.58,59.90,59.34,59.38,2897958
2020-01-22,59.79,59.80,59.50,59.74,2086997
2020-01-23,59.91,59.93,59.44,59.77,2655861
2020-01-24,60.29,60.31,59.04,59.04,5574308
2020-01-27,58.08,58.44,57.95,58.10,2866534
2020-01-28,58.02,58.52,57.99,58.50,2391692
2020-01-29,58.85,59.03,58.71,58.99,1766250
2020-01-30,58.67,58.81,58.54,58.73,1744725
2020-01-31,59.00,59.04,58.34,58.50,2606900
2020-02-03,58.61,58.89,58.39,58.41,2014304
2020-02-04,58.90,59.19,58.87,58.90,2067935
2020-02-05,57.51,57.95,56.20,56.34,7710854
2020-02-06,55.09,55.27,54.42,55.17,5426003
2020-02-07,54.99,55.15,54.88,54.94,3446382
2020-02-10,55.31,55.81,55.24,55.76,1836835
2020-02-11,55.54,55.59,55.26,55.52,3027063
2020-02-12,55.24,55.29,54.94,55.29,2544172
2020-02-13,54.50,55.03,54.35,54.73,2308208
2020-02-14,54.41,54.77,54.31,54.67,2583457
2020-02-18,54.15,54.61,54.14,54.44,4371762
2020-02-19,54.44,54.73,54.35,54.36,2832470
2020-02-20,53.36,53.70,53.14,53.45,3903140
2020-02-21,53.52,54.00,53.45,53.85,3066339
2020-02-24,52.75,53.20,52.35,52.40,3835628
2020-02-25,52.60,52.60,51.75,51.85,3284079
2020-02-26,52.24,52.98,52.16,52.38,2421492
2020-02-27,52.36,52.98,51.91,51.99,4368617
2020-02-28,50.11,50.69,49.24,50.66,8887432
2020-03-02,51.35,53.20,51.25,53.19,8506040
2020-03-03,52.89,53.15,51.29,51.62,6799522
2020-03-04,52.84,54.23,52.60,54.19,4143929
2020-03-05,52.71,53.59,52.70,53.24,4162225
2020-03-06,52.05,53.09,51.86,52.98,4100399
2020-03-09,51.25,52.34,50.72,50.90,5695663
2020-03-10,51.19,51.66,49.50,51.27,7100827
2020-03-11,50.20,50.59,49.47,49.84,7091366
2020-03-12,45.98,46.50,44.52,45.64,8194360
2020-03-13,46.02,47.31,43.60,47.31,6937770
2020-03-16,42.06,44.27,41.65,42.09,7545175
2020-03-17,43.26,46.25,42.95,46.06,5059815
2020-03-18,42.14,44.23,41.66,42.85,6044826
2020-03-19,41.61,43.73,41.02,42.08,7248401
2020-03-20,42.89,43.49,41.56,41.67,5610700
2020-03-23,40.91,41.40,39.29,39.81,6138289
2020-03-24,41.94,42.59,41.10,42.50,5723692
2020-03-25,43.02,44.83,42.61,44.27,5640923
2020-03-26,44.27,46.74,44.27,46.56,4628740
2020-03-27,44.58,46.45,44.23,45.55,4871771
2020-03-30,46.04,47.05,45.91,47.00,4405342
2020-03-31,46.81,48.02,46.67,47.36,4163684
2020-04-01,46.33,47.20,46.30,46.52,2923099
2020-04-02,46.29,47.26,45.84,47.12,2835819
2020-04-03,46.25,46.72,45.91,46.42,3486723
2020-04-06,46.76,47.56,46.71,47.39,3307847
2020-04-07,48.00,48.00,46.91,46.91,3297239
2020-04-08,47.23,47.91,46.83,47.60,2203255
2020-04-09,48.96,49.06,48.29,48.60,6381598
2020-04-13,48.62,48.99,48.36,48.67,1929354
2020-04-14,49.36,50.54,49.20,50.48,4726730
2020-04-15,49.62,50.36,49.33,49.77,2629143
2020-04-16,51.16,52.37,51.02,52.25,4598450
2020-04-17,52.88,52.99,52.11,52.59,3865599
2020-04-20,52.27,52.99,52.15,52.15,2643450
2020-04-21,51.81,52.13,51.21,51.50,2855286
2020-04-22,52.14,52.55,51.73,52.39,2962478
2020-04-23,52.62,53.34,52.62,52.76,2911730
2020-04-24,53.05,53.24,52.60,53.12,2955837
2020-04-27,53.23,53.71,53.17,53.29,2099870
2020-04-28,53.70,53.71,52.51,52.61,2721006
2020-04-29,53.01,53.10,52.29,52.31,3523106
2020-04-30,53.62,53.67,52.36,52.59,2782281
2020-05-01,51.44,51.55,50.79,51.51,2602547
2020-05-04,52.29,52.70,52.04,52.69,3058530
2020-05-05,52.98,53.09,52.39,52.49,3147961
2020-05-06,52.86,53.39,52.69,52.99,3046653
2020-05-07,52.31,52.40,51.67,52.12,2443075
2020-05-08,52.19,52.62,52.11,52.39,1303493
2020-05-11,51.80,52.80,51.74,52.59,2322830
2020-05-12,52.83,53.33,52.48,52.76,3089678
2020-05-13,53.33,53.98,53.17,53.42,4023587
2020-05-14,51.16,51.55,50.62,51.08,3863286
2020-05-15,50.75,51.24,50.58,51.14,2040585
2020-05-18,51.79,52.19,51.60,51.60,4491793
2020-05-19,51.58,52.01,51.12,51.16,2796781
2020-05-20,52.34,52.36,51.49,51.64,2643471
2020-05-21,51.59,51.71,51.01,51.29,1826568
2020-05-22,50.74,51.36,50.61,51.11,1295579
2020-05-26,51.14,51.46,50.82,50.94,1625542
2020-05-27,50.86,51.23,50.36,51.17,2091657
2020-05-28,52.08,52.54,51.67,51.92,2340834
2020-05-29,52.24,52.45,51.35,52.40,2957048
2020-06-01,52.04,52.36,51.92,52.31,1749730
2020-06-02,52.11,52.57,51.94,52.54,1595010
2020-06-03,52.74,52.90,52.59,52.65,2111039
2020-06-04,52.17,52.66,52.00,52.06,2241862
2020-06-05,52.16,52.59,52.02,52.12,2223175
2020-06-08,52.50,52.96,52.21,52.96,4279278
2020-06-09,52.73,52.85,52.34,52.35,2349838
2020-06-10,53.33,53.46,52.81,53.01,2742646
2020-06-11,52.29,52.33,50.26,50.26,3070100
2020-06-12,51.17,51.33,49.83,50.52,3492831
2020-06-15,50.29,51.15,49.77,50.90,3369686
2020-06-16,51.92,51.98,51.09,51.65,3559337
2020-06-17,52.40,52.54,52.21,52.29,2316118
2020-06-18,51.46,51.65,51.05,51.19,1534398
2020-06-19,51.64,51.78,50.95,51.38,1827770
2020-06-22,51.79,51.84,51.25,51.52,1774600
2020-06-23,52.00,52.69,51.84,51.99,1905322
2020-06-24,51.30,51.68,50.70,50.84,1844417
2020-06-25,51.01,51.44,50.67,51.40,1509515
2020-06-26,51.73,51.85,50.59,50.69,2054462
2020-06-29,51.27,51.34,50.78,50.94,1898610
2020-06-30,50.38,51.15,50.24,50.99,1858182
2020-07-01,50.89,51.40,50.66,51.08,1978978
2020-07-02,51.44,51.60,51.19,51.52,2171156
2020-07-06,51.06,51.64,51.04,51.26,1730349
2020-07-07,50.36,51.03,50.32,50.48,1652170
2020-07-08,50.71,50.99,50.47,50.91,1803014
2020-07-09,50.99,51.25,50.14,50.46,2216715
2020-07-10,50.09,50.21,49.19,49.89,2746960
2020-07-13,50.19,50.84,49.96,50.09,2627494
2020-07-14,50.21,50.95,50.06,50.88,3024873
2020-07-15,52.01,52.62,51.80,52.44,3920906
2020-07-16,52.09,52.17,51.54,51.86,2197617
2020-07-17,51.91,52.44,51.84,52.27,2099960
2020-07-20,52.73,53.00,51.76,51.98,2356219
2020-07-21,52.31,52.34,51.77,51.96,2326308
2020-07-22,51.70,51.94,51.25,51.46,1658086
2020-07-23,51.59,51.61,50.36,50.38,3540074
2020-07-24,50.46,50.64,50.18,50.36,2972817
2020-07-27,50.85,51.24,50.73,51.10,2400438
2020-07-28,51.62,52.08,51.56,51.62,3316090
2020-07-29,51.30,51.34,50.21,50.74,4049152
2020-07-30,49.75,50.40,49.52,50.31,2853498
2020-07-31,51.25,51.31,50.08,50.40,4205106
2020-08-03,51.34,51.94,51.20,51.61,2352714
2020-08-04,51.21,51.65,51.15,51.55,1750498
2020-08-05,51.99,52.08,51.39,51.51,1891168
2020-08-06,51.17,51.35,50.81,51.21,2317411
2020-08-07,50.76,51.06,50.71,50.99,2358856
2020-08-10,51.25,51.27,50.89,51.17,1737474
2020-08-11,51.88,51.91,51.52,51.61,2305170
2020-08-12,52.42,53.00,52.34,52.70,2651899
2020-08-13,51.90,51.95,51.39,51.49,2282656
2020-08-14,50.67,50.97,50.55,50.69,2607077
2020-08-17,50.89,51.56,50.89,51.41,2153183
2020-08-18,51.52,51.56,51.15,51.36,1591934
2020-08-19,51.65,51.65,50.90,50.92,1308122
2020-08-20,50.77,50.86,50.51,50.74,1493761
2020-08-21,50.00,50.30,49.83,50.26,1774499
2020-08-24,50.70,50.76,50.02,50.30,2862814
2020-08-25,50.48,50.56,50.04,50.17,1528168
2020-08-26,50.02,50.26,49.89,50.26,1352982
2020-08-27,50.29,50.31,49.52,49.69,2001117
2020-08-28,49.66,49.67,49.19,49.50,1688231
2020-08-31,49.49,49.91,49.36,49.50,1723682
2020-09-01,49.12,49.19,48.39,48.70,2970062
2020-09-02,49.38,49.92,49.25,49.88,2274120
2020-09-03,49.84,49.95,48.51,48.76,2211001
2020-09-04,48.65,48.77,47.48,48.09,3016640
2020-09-08,48.92,49.19,48.52,48.71,2436698
2020-09-09,49.91,50.16,49.69,49.69,2619218
2020-09-10,49.34,49.50,48.38,48.46,2101660
2020-09-11,48.88,49.01,48.57,48.89,1708477
2020-09-14,48.94,49.06,48.77,48.85,1221844
2020-09-15,49.30,49.52,49.04,49.09,1404606
2020-09-16,49.31,49.64,49.24,49.27,1671490
2020-09-17,49.29,49.67,49.06,49.34,2089594
2020-09-18,49.73,49.73,48.98,49.08,2947178
2020-09-21,48.16,48.19,47.12,47.76,3536816
2020-09-22,47.44,47.66,47.12,47.50,2639730
2020-09-23,48.26,48.29,47.19,47.24,2665384
2020-09-24,46.98,47.06,46.36,46.73,2802320
2020-09-25,46.64,47.26,46.61,47.25,2620461
2020-09-28,47.30,47.70,47.22,47.33,2410202
2020-09-29,47.00,47.32,46.59,46.79,2295058
2020-09-30,47.64,47.65,46.88,47.05,2991778
2020-10-01,47.01,47.12,46.23,46.42,3106329
2020-10-02,46.45,46.85,46.36,46.55,2675648
2020-10-05,46.73,47.24,46.71,47.11,1914401
2020-10-06,46.84,46.90,45.90,46.01,3258034
2020-10-07,45.80,45.95,45.62,45.74,2998674
2020-10-08,46.15,46.56,46.09,46.45,2639211
2020-10-09,46.98,47.36,46.85,46.96,3092166
2020-10-12,47.12,47.12,46.73,46.95,2841424
2020-10-13,46.86,47.09,46.34,46.49,4017800
2020-10-14,46.83,46.86,46.26,46.51,2347114
2020-10-15,44.99,45.15,44.64,44.98,5526789
2020-10-16,45.58,45.91,45.50,45.71,3160519
2020-10-19,45.77,45.96,45.11,45.23,2789750
2020-10-20,45.21,45.30,44.73,45.05,4245118
2020-10-21,44.60,44.88,44.14,44.19,6208094
2020-10-22,44.02,44.08,43.61,43.86,5523026
2020-10-23,44.26,44.38,43.73,44.11,4123019
2020-10-26,44.29,44.33,43.74,44.02,2880030
2020-10-27,44.33,44.72,44.14,44.19,5331786
2020-10-28,43.33,43.38,42.33,42.44,5986263
2020-10-29,42.42,42.66,41.85,42.45,5250016
2020-10-30,41.85,42.16,41.58,41.77,4546194
2020-11-02,42.75,43.04,42.52,43.00,3665957
2020-11-03,43.86,44.34,43.80,44.08,4949844
2020-11-04,45.42,46.40,45.39,45.71,8737616
2020-11-05,46.74,46.79,45.86,46.00,5281938
2020-11-06,46.35,46.43,45.94,46.05,3804157
2020-11-09,47.49,47.52,46.83,46.86,5024334
2020-11-10,48.84,48.92,48.17,48.54,4952754
2020-11-11,48.64,49.08,48.35,48.96,6052132
2020-11-12,47.49,47.71,47.09,47.19,3334546
2020-11-13,47.23,47.88,47.23,47.88,2759834
2020-11-16,48.01,48.17,47.38,47.58,4131778
2020-11-17,46.60,46.88,46.29,46.44,7516898
2020-11-18,46.66,46.68,45.65,45.71,8657488
2020-11-19,46.46,46.52,46.06,46.42,4272578
2020-11-20,46.42,46.50,46.10,46.29,3420505
2020-11-23,46.14,46.16,45.60,45.92,4588639
2020-11-24,45.96,46.51,45.90,46.36,3967387
2020-11-25,46.15,46.56,46.00,46.54,2909398
2020-11-27,46.15,46.51,46.06,46.34,2243550
2020-11-30,46.65,46.69,45.91,45.99,5934920
2020-12-01,46.40,46.98,46.36,46.90,4668094
2020-12-02,46.60,47.05,46.60,46.75,3336277
2020-12-03,46.65,46.77,46.35,46.59,4628468
2020-12-04,47.06,47.33,46.85,46.88,3217225
2020-12-07,47.00,47.12,46.65,46.95,3073614
2020-12-08,46.52,47.29,46.50,47.05,2773786
2020-12-09,47.31,47.34,46.90,47.30,4043230
2020-12-10,47.34,47.70,47.27,47.46,2736027
2020-12-11,47.21,47.31,46.83,46.99,3397286
2020-12-14,47.08,47.09,46.04,46.04,4849438
2020-12-15,46.14,46.16,45.71,46.02,4285471
2020-12-16,46.36,46.48,46.09,46.10,2781041
2020-12-17,46.76,46.84,46.41,46.67,2852268
2020-12-18,46.49,46.54,45.96,46.26,4674151
2020-12-21,45.06,45.36,44.75,45.27,3331430
2020-12-22,45.15,45.36,44.98,45.11,3070838
2020-12-23,45.50,45.60,45.23,45.29,2146826
2020-12-24,45.45,45.45,45.02,45.17,1034656
2020-12-28,45.99,45.99,45.21,45.36,2301096
2020-12-29,46.51,46.73,46.08,46.23,3733248
2020-12-30,46.46,46.55,46.12,46.30,2461463
2020-12-31,46.01,46.08,45.59,46.00,2226534
2021-01-04,47.15,47.25,46.64,47.17,3861475
2021-01-05,47.04,47.17,46.66,47.10,2759439
2021-01-06,47.65,48.34,47.64,47.90,3498220
2021-01-07,47.41,47.77,47.31,47.59,2962950
2021-01-08,47.66,48.10,47.51,47.92,2689318
2021-01-11,47.27,47.62,47.26,47.41,3288406
2021-01-12,47.27,47.38,46.59,46.83,5002714
2021-01-13,47.02,47.30,46.94,47.10,3147222
2021-01-14,47.44,47.99,47.21,47.70,2661322
2021-01-15,48.01,48.33,47.76,48.09,2480686
2021-01-19,48.27,48.33,47.96,48.17,3308498
2021-01-20,47.45,47.69,47.19,47.52,6189356
2021-01-21,47.44,47.46,46.94,47.23,3444416
2021-01-22,47.05,48.15,46.85,47.95,4318372
2021-01-25,48.01,48.71,47.95,48.65,3132401
2021-01-26,48.79,49.13,48.70,49.05,3060426
2021-01-27,48.50,48.55,47.67,47.73,3923022
2021-01-28,47.75,48.12,47.52,47.54,2954008
2021-01-29,46.95,47.29,46.30,46.56,4091106
2021-02-01,46.96,47.00,46.58,46.67,2408710
2021-02-02,47.05,47.12,46.77,46.99,3061826
2021-02-03,45.14,45.84,44.14,44.27,20847136
2021-02-04,44.67,44.81,43.98,44.23,10020672
2021-02-05,43.75,44.08,43.48,44.08,8512352
2021-02-08,44.21,44.34,43.93,44.33,7203314
2021-02-09,44.34,44.83,44.29,44.69,6546934
2021-02-10,44.75,44.80,44.27,44.42,4211861
2021-02-11,44.14,44.24,43.76,44.15,6011556
2021-02-12,44.30,44.77,44.19,44.71,4776417
2021-02-16,44.81,44.87,44.47,44.56,6810590
2021-02-17,44.50,44.98,44.39,44.90,6325743
2021-02-18,43.62,43.76,43.34,43.38,6057730
2021-02-19,43.33,43.33,42.99,43.04,5878087
2021-02-22,43.17,43.23,42.80,43.05,5489802
2021-02-23,43.31,43.37,42.84,42.98,6394197
2021-02-24,43.14,43.44,43.02,43.35,5113630
2021-02-25,43.35,43.48,42.80,42.98,4886810
2021-02-26,42.80,42.80,41.91,42.01,6114086
2021-03-01,42.35,42.38,42.10,42.16,4379804
2021-03-02,42.73,42.95,42.58,42.61,4526570
2021-03-03,42.50,42.89,42.31,42.80,5048298
2021-03-04,43.27,43.60,42.35,42.85,6214168
2021-03-05,42.95,43.71,42.91,43.64,5158742
2021-03-08,43.49,44.09,43.30,43.71,5509646
2021-03-09,44.60,44.60,43.86,43.88,4644234
2021-03-10,44.51,44.69,44.14,44.50,3800007
2021-03-11,44.20,44.62,44.17,44.44,3897479
2021-03-12,44.30,44.44,44.17,44.42,4694122
2021-03-15,44.51,44.86,44.15,44.85,4816418
2021-03-16,44.89,45.52,44.83,45.44,4067351
2021-03-17,45.54,45.55,45.11,45.44,4912318
2021-03-18,45.51,45.92,45.45,45.60,3806291
2021-03-19,45.50,45.83,45.34,45.79,2972102
2021-03-22,45.42,45.92,45.41,45.84,2558141
2021-03-23,45.31,45.44,44.94,44.99,4289825
2021-03-24,44.60,45.05,44.38,44.84,4690798
2021-03-25,44.75,45.11,44.61,45.09,3807233
2021-03-26,44.96,45.86,44.94,45.84,2842214
2021-03-29,45.46,46.00,45.44,45.86,2465922
2021-03-30,45.44,45.61,45.33,45.46,2871414
2021-03-31,45.33,45.34,44.60,44.61,4932846
2021-04-01,44.69,44.90,44.54,44.77,6297289
2021-04-05,44.83,45.29,44.80,45.10,5214950
2021-04-06,45.14,45.26,44.92,45.02,6621090
2021-04-07,45.29,45.41,44.95,45.08,3011462
2021-04-08,45.65,45.84,45.53,45.58,3408626
2021-04-09,45.44,45.83,45.39,45.81,3042830
2021-04-12,45.05,45.25,45.01,45.08,5829984
2021-04-13,44.99,45.24,44.81,45.05,2640353
2021-04-14,45.35,45.40,44.98,45.16,3423946
2021-04-15,47.08,47.83,46.99,47.11,16137128
2021-04-16,47.26,47.38,47.02,47.19,6378030
2021-04-19,47.24,47.56,47.09,47.48,4066174
2021-04-20,46.88,47.26,46.81,47.12,4401034
2021-04-21,47.46,47.91,47.42,47.81,3435361
2021-04-22,47.26,47.43,46.99,47.10,4119370
2021-04-23,47.02,47.23,46.96,47.17,3957318
2021-04-26,47.23,47.34,47.01,47.23,2864910
2021-04-27,47.21,47.34,47.02,47.16,2776771
2021-04-28,47.04,47.27,46.96,47.12,2341445
2021-04-29,47.25,47.30,46.77,46.88,2413422
2021-04-30,47.16,47.35,46.64,46.67,2711745
2021-05-03,46.73,47.16,46.71,47.09,3259746
2021-05-04,47.00,47.14,46.79,46.88,6014960
2021-05-05,46.94,47.26,46.85,47.23,1121831
2021-05-06,47.06,47.41,47.00,47.39,2486694
2021-05-07,47.62,48.02,47.58,47.94,2403293
2021-05-10,48.30,48.43,48.10,48.16,2728917
2021-05-11,47.46,47.86,47.38,47.74,3567345
2021-05-12,47.96,48.29,47.80,47.92,2954227
2021-05-13,47.77,48.39,47.75,48.33,3557586
2021-05-14,48.77,49.03,48.74,48.85,2913422
2021-05-17,49.06,49.62,49.06,49.49,3761461
2021-05-18,49.66,49.74,49.44,49.45,3575968
2021-05-19,49.12,49.29,48.91,49.06,3469640
2021-05-20,48.40,48.91,48.36,48.79,2034945
2021-05-21,48.66,48.79,48.46,48.56,2438777
2021-05-24,48.59,48.71,48.29,48.34,3682196
2021-05-25,48.56,48.58,48.24,48.33,2349609
2021-05-26,48.38,48.50,48.12,48.39,2265791
2021-05-27,48.00,48.33,47.73,48.11,5041617
2021-05-28,48.15,48.51,48.14,48.46,3099138
2021-06-01,48.52,48.56,47.84,47.94,2362168
2021-06-02,48.00,48.21,47.94,47.99,2344928
2021-06-03,48.01,48.40,47.91,48.39,3439051
2021-06-04,48.55,48.69,48.44,48.62,4827005
2021-06-07,48.73,48.74,48.41,48.44,3432347
2021-06-08,48.86,48.89,48.33,48.52,2327726
2021-06-09,49.12,49.44,49.06,49.44,2676728
2021-06-10,49.81,50.30,49.80,50.29,5221866
2021-06-11,50.31,50.38,49.97,50.19,2299038
2021-06-14,50.34,50.61,50.21,50.61,2437208
2021-06-15,50.54,50.73,50.48,50.71,1942364
2021-06-16,51.17,51.80,50.76,50.83,4017768
2021-06-17,50.59,50.81,50.31,50.71,2214954
2021-06-18,49.96,50.16,49.73,49.80,7974072
2021-06-21,49.73,49.89,49.54,49.73,3126802
2021-06-22,49.38,49.40,48.79,48.85,2884950
2021-06-23,50.60,50.73,49.69,49.81,11946568
2021-06-24,49.48,49.98,49.42,49.62,11291440
2021-06-25,49.62,49.83,49.50,49.73,4997166
2021-06-28,49.96,50.08,49.81,49.85,1934563
2021-06-29,49.96,50.12,49.83,49.94,1469986
2021-06-30,49.79,49.95,49.56,49.77,3980122
2021-07-01,49.95,50.54,49.88,50.21,3125852
2021-07-02,50.12,50.54,49.99,50.51,1538918
2021-07-06,50.41,50.46,49.89,50.08,1553478
2021-07-07,50.08,50.40,49.95,50.30,2420210
2021-07-08,49.85,50.02,49.52,49.96,2445878
2021-07-09,50.00,50.34,50.00,50.20,2434338
2021-07-12,50.31,50.79,50.29,50.46,2285826
2021-07-13,50.40,50.74,50.36,50.66,2272346
2021-07-14,50.42,50.71,50.28,50.56,2601009
2021-07-15,49.96,50.01,49.46,49.52,3227685
2021-07-16,49.62,49.95,49.42,49.81,3259025
2021-07-19,48.92,49.16,48.74,49.12,3867730
2021-07-20,48.69,49.16,48.59,48.86,5050622
2021-07-21,49.23,49.25,48.88,49.15,4626721
2021-07-22,49.21,49.33,49.00,49.04,4759201
2021-07-23,49.38,49.49,49.22,49.39,3004654
2021-07-26,48.98,49.06,48.74,48.77,2426811
2021-07-27,48.98,49.46,48.75,49.40,3322070
2021-07-28,48.88,49.52,48.66,49.38,3581394
2021-07-29,50.12,50.50,49.81,50.12,4310804
2021-07-30,50.08,50.21,49.92,50.17,2909530
2021-08-02,49.90,50.39,49.62,50.30,3961013
2021-08-03,50.36,50.81,50.33,50.80,2840022
2021-08-04,50.83,51.02,50.44,50.62,3082592
2021-08-05,50.98,51.16,50.79,51.15,3554918
2021-08-06,50.66,50.78,50.42,50.51,2846147
2021-08-09,50.86,50.96,50.56,50.73,1885618
2021-08-10,50.74,50.93,50.67,50.81,3970888
2021-08-11,51.50,51.50,51.25,51.39,2793072
2021-08-12,51.48,51.66,51.34,51.58,1608478
2021-08-13,51.98,52.48,51.92,52.46,1706000
2021-08-16,52.26,52.73,52.26,52.60,1914842
2021-08-17,52.50,52.95,52.49,52.91,2275022
2021-08-18,53.00,53.35,52.65,52.69,3265374
2021-08-19,52.14,52.56,52.04,52.26,2299960
2021-08-20,52.17,52.52,52.08,52.31,1542847
2021-08-23,52.19,52.29,51.81,51.86,3713940
2021-08-24,51.38,51.52,51.07,51.29,2219994
2021-08-25,51.41,51.48,51.21,51.39,2058982
2021-08-26,51.29,51.38,51.09,51.19,1551826
2021-08-27,51.27,51.47,51.02,51.02,3660982
2021-08-30,51.04,51.22,50.95,51.14,959861
2021-08-31,50.83,51.09,50.72,50.92,1895106
2021-09-01,51.27,51.51,51.09,51.39,2549912
2021-09-02,51.42,51.85,51.39,51.79,1818266
2021-09-03,51.77,52.15,51.51,52.01,2416486
2021-09-07,51.58,51.62,51.08,51.17,2293015
2021-09-08,50.58,50.79,50.39,50.65,2889262
2021-09-09,50.52,50.52,49.71,49.73,2616351
2021-09-10,50.01,50.06,49.58,49.69,2425498
2021-09-13,50.04,50.04,49.52,49.70,7447158
2021-09-14,49.65,49.81,49.16,49.21,2421524
2021-09-15,49.08,49.17,48.83,49.02,2267260
2021-09-16,48.88,48.96,48.49,48.89,1510722
2021-09-17,48.70,48.85,48.21,48.66,2768808
2021-09-20,47.99,48.83,47.89,48.56,4053082
2021-09-21,48.75,49.10,48.70,48.85,3558222
2021-09-22,49.06,49.56,48.90,49.10,3755561
2021-09-23,49.30,49.51,49.16,49.17,3260568
2021-09-24,48.17,48.38,47.96,47.99,3490555
2021-09-27,48.14,48.34,47.94,48.12,2263366
2021-09-28,47.77,47.84,47.38,47.56,2737010
2021-09-29,47.64,48.02,47.60,47.91,3013091
2021-09-30,48.10,48.23,47.74,47.76,2133639
2021-10-01,47.80,47.95,47.45,47.66,4549821
2021-10-04,47.84,48.33,47.76,48.01,3520169
2021-10-05,47.95,48.14,47.76,47.77,1896594
2021-10-06,47.50,47.75,47.25,47.66,3568333
2021-10-07,47.86,48.53,47.80,48.33,2291448
2021-10-08,48.50,48.74,48.30,48.39,4284486
2021-10-11,48.17,48.29,47.80,47.80,2827514
2021-10-12,49.00,49.08,48.23,48.30,5998370
2021-10-13,48.02,48.80,48.02,48.50,4126795
2021-10-14,48.64,48.67,48.35,48.40,3583820
2021-10-15,48.46,48.79,48.39,48.76,2613062
2021-10-18,48.52,48.56,48.24,48.31,2194203
2021-10-19,48.60,49.19,48.56,48.96,2705639
2021-10-20,49.06,49.43,48.95,49.33,2761635
2021-10-21,49.21,49.45,49.10,49.44,4165224
2021-10-22,49.54,49.76,49.49,49.71,3872944
2021-10-25,49.76,49.83,49.57,49.76,3464276
2021-10-26,49.90,50.26,49.83,50.23,3968627
2021-10-27,50.38,50.71,49.95,50.52,6095354
2021-10-28,51.65,52.74,51.61,52.65,7242486
2021-10-29,52.48,52.92,52.30,52.91,4175650
2021-11-01,52.96,53.63,52.91,53.24,5407572
2021-11-02,53.60,54.00,53.29,53.50,5133848
2021-11-03,53.94,54.51,53.81,54.41,4301741
2021-11-04,53.71,53.85,53.48,53.75,3398234
2021-11-05,53.75,54.38,53.51,54.36,4234947
2021-11-08,53.77,53.91,53.45,53.46,3138448
2021-11-09,53.59,53.67,53.39,53.41,2279059
2021-11-10,54.23,54.35,53.98,53.98,3020995
2021-11-11,53.83,54.09,53.76,54.04,1855309
2021-11-12,54.35,54.42,54.04,54.20,2824788
2021-11-15,53.94,54.23,53.73,53.96,3319614
2021-11-16,52.99,53.37,52.81,53.06,5477680
2021-11-17,52.83,53.39,52.76,53.19,3877057
2021-11-18,51.94,52.06,51.54,51.88,3901601
2021-11-19,52.26,52.33,51.81,51.99,3484119
2021-11-22,51.79,52.04,51.60,51.61,2452062
2021-11-23,51.61,52.12,51.56,52.00,2640678
2021-11-24,52.09,52.12,51.77,52.00,2259847
2021-11-26,51.54,51.65,51.01,51.27,2250232
2021-11-29,51.56,51.85,51.39,51.70,3453904
2021-11-30,51.85,52.09,51.16,51.40,3175825
2021-12-01,51.75,52.18,51.60,51.71,3130088
2021-12-02,52.02,52.29,51.70,51.84,3668907
2021-12-03,51.77,51.89,51.27,51.56,3269007
2021-12-06,52.36,52.65,52.19,52.20,2476378
2021-12-07,52.42,53.02,52.26,52.98,4405559
2021-12-08,53.26,53.49,52.98,53.35,2850453
2021-12-09,53.62,53.67,53.26,53.50,2334356
2021-12-10,53.50,54.09,53.46,53.96,3070053
2021-12-13,53.84,54.06,53.69,53.89,2142167
2021-12-14,53.50,53.82,53.36,53.62,2239083
2021-12-15,53.60,54.64,53.50,54.58,3766781
2021-12-16,54.06,54.86,54.02,54.77,4724715
2021-12-17,54.50,54.79,53.88,53.88,4218913
2021-12-20,53.49,53.85,53.31,53.83,3645766
2021-12-21,53.84,54.31,53.63,54.20,3520466
2021-12-22,54.24,54.77,54.12,54.71,2508502
2021-12-23,54.73,55.11,54.69,54.70,2412351
2021-12-27,54.91,55.15,54.73,55.11,1637469
2021-12-28,54.99,55.19,54.85,55.14,1766348
2021-12-29,55.20,55.58,55.12,55.55,2189348
2021-12-30,55.54,55.69,55.15,55.15,1778427
2021-12-31,55.10,55.32,54.99,55.12,1806135
2022-01-03,55.14,55.23,54.34,54.59,1889322
2022-01-04,54.46,54.80,54.26,54.42,2531342
2022-01-05,54.94,55.27,54.49,54.50,2953005
2022-01-06,54.42,54.55,54.09,54.21,2079195
2022-01-07,54.50,55.01,54.44,54.81,2264670
2022-01-10,54.84,56.05,54.81,56.05,3258224
2022-01-11,55.84,56.35,55.66,56.30,3300834
2022-01-12,56.61,56.65,56.37,56.55,2884223
2022-01-13,56.79,56.80,56.26,56.33,2684234
2022-01-14,56.64,57.09,56.52,56.84,2716777
2022-01-18,57.96,58.57,57.88,58.52,7232675
2022-01-19,57.45,57.92,56.90,57.11,6695841
2022-01-20,56.46,56.61,55.99,56.10,4510690
2022-01-21,56.35,56.83,56.05,56.38,4373970
2022-01-24,55.73,55.80,54.46,55.48,7202538
2022-01-25,55.01,55.65,54.65,55.46,3630298
2022-01-26,55.61,55.85,54.99,55.19,3232045
2022-01-27,55.77,57.30,55.74,57.17,6333110
2022-01-28,56.55,56.64,56.02,56.56,3102282
2022-01-31,55.96,56.17,55.67,56.02,2331284
2022-02-01,56.25,56.55,56.06,56.49,2462199
2022-02-02,56.31,57.20,56.21,57.12,3127316
2022-02-03,56.65,56.73,56.15,56.15,3956210
2022-02-04,56.16,56.48,55.98,56.00,5381359
2022-02-07,55.96,56.36,55.92,56.24,2678056
2022-02-08,56.61,56.61,56.08,56.52,5516199
2022-02-09,55.81,56.12,55.24,55.33,3110146
2022-02-10,55.89,56.88,55.41,55.55,6073914
2022-02-11,55.46,55.86,55.33,55.38,2520152
2022-02-14,55.05,55.08,53.34,53.59,6472094
2022-02-15,54.01,54.74,53.99,54.52,4458393
2022-02-16,54.12,54.35,53.95,54.24,2934005
2022-02-17,54.30,54.44,53.84,54.15,2043026
2022-02-18,53.90,54.15,53.65,53.80,4144202
2022-02-22,53.30,53.71,53.06,53.36,7075498
2022-02-23,54.38,54.41,53.81,53.90,2992720
2022-02-24,51.66,52.00,50.71,51.49,5129436
2022-02-25,52.54,53.54,52.42,53.35,3498916
2022-02-28,52.41,52.62,51.74,52.33,4427602
2022-03-01,52.41,52.84,51.77,51.94,3725853
2022-03-02,51.84,52.75,51.76,52.54,3533213
2022-03-03,52.11,52.34,51.49,51.81,6010486
2022-03-04,49.99,50.48,49.80,50.23,6376932
2022-03-07,49.60,49.84,49.02,49.33,4580473
2022-03-08,49.84,50.74,49.52,49.98,5507202
2022-03-09,51.27,51.94,51.02,51.67,8372432
2022-03-10,50.90,51.37,50.55,51.04,3887182
2022-03-11,51.06,51.41,50.67,50.70,3749435
2022-03-14,51.27,51.95,50.95,50.96,3674971
2022-03-15,51.55,52.22,51.32,52.12,3382890
2022-03-16,52.34,52.80,51.96,52.62,3873913
2022-03-17,52.65,54.19,52.65,53.81,3645189
2022-03-18,53.34,53.82,53.26,53.77,3334960
2022-03-21,53.86,54.07,53.44,53.55,3783822
2022-03-22,54.40,54.40,53.84,54.04,4585294
2022-03-23,53.83,54.11,53.64,53.64,2283842
2022-03-24,54.02,54.38,53.84,54.12,2504591
2022-03-25,53.95,54.37,53.94,54.10,7691124
2022-03-28,54.27,54.38,53.98,54.21,2411888
2022-03-29,54.89,54.99,53.83,54.11,3756073
2022-03-30,54.46,55.02,54.33,54.62,4123478
2022-03-31,54.91,54.96,54.38,54.45,2489705
2022-04-01,54.45,54.90,54.32,54.86,3245915
2022-04-04,54.62,54.73,54.38,54.69,2745825
2022-04-05,55.34,56.34,55.27,55.71,3908821
2022-04-06,56.23,57.17,55.97,57.15,4311141
2022-04-07,56.81,57.88,56.74,57.79,5132693
2022-04-08,57.86,58.42,57.80,58.30,3106761
2022-04-11,58.59,58.71,57.97,58.10,4090953
2022-04-12,58.48,58.50,57.95,58.16,4724220
2022-04-13,58.34,58.60,57.77,58.56,3803745
2022-04-14,58.33,58.42,57.83,57.90,2986014
2022-04-18,57.64,58.10,57.57,57.75,1945562
2022-04-19,57.45,57.81,57.29,57.36,2548440
2022-04-20,57.19,57.53,56.90,57.30,3569519
2022-04-21,57.20,57.46,56.86,57.11,4494140
2022-04-22,56.51,56.71,56.04,56.09,3557233
2022-04-25,55.65,56.49,55.51,56.42,3399992
2022-04-26,56.16,56.46,55.45,55.49,3787912
2022-04-27,56.45,57.31,56.15,56.80,4779805
2022-04-28,56.48,57.29,56.38,57.17,4086012
2022-04-29,56.94,57.08,56.51,56.60,3528014
2022-05-02,56.44,56.60,55.33,55.90,3065343
2022-05-03,56.54,56.72,56.08,56.40,4144841
2022-05-04,56.29,56.61,55.51,56.45,4349414
2022-05-05,55.85,55.98,55.17,55.49,3733970
2022-05-06,55.00,55.41,54.74,55.11,4545654
2022-05-09,54.31,54.42,53.81,53.95,3410818
2022-05-10,54.15,54.54,54.02,54.27,6275902
2022-05-11,53.77,54.39,53.15,53.16,7197733
2022-05-12,52.91,53.26,52.67,53.09,4953057
2022-05-13,53.61,54.17,53.48,54.15,4812689
2022-05-16,54.74,55.61,54.69,55.46,2904938
2022-05-17,55.80,56.13,55.50,55.89,3574727
2022-05-18,55.48,55.60,54.50,54.54,3834344
2022-05-19,53.85,54.70,53.83,54.45,6284083
2022-05-20,55.24,55.67,54.76,55.65,5987570
2022-05-23,56.06,56.42,55.85,55.94,5418762
2022-05-24,55.91,56.37,55.88,56.25,5273941
2022-05-25,56.21,56.36,55.78,56.21,5186138
2022-05-26,55.95,56.16,55.37,55.52,5103947
2022-05-27,55.27,55.27,54.83,55.08,4595712
2022-05-31,54.91,55.15,54.72,54.88,6355810
2022-06-01,54.67,54.70,53.51,53.80,4900350
2022-06-02,54.11,54.25,53.36,54.24,3439149
2022-06-03,53.92,54.20,53.39,53.40,3993266
2022-06-06,54.01,54.01,53.33,53.51,3039009
2022-06-07,53.71,55.34,53.71,55.31,10883800
2022-06-08,55.00,55.89,54.86,55.25,9164736
2022-06-09,54.75,55.04,53.79,53.80,4665270
2022-06-10,54.16,54.96,53.70,54.75,8593136
2022-06-13,53.89,54.00,53.01,53.12,8229192
2022-06-14,52.41,52.62,51.33,51.55,6397826
2022-06-15,52.33,52.68,51.59,52.44,6750785
2022-06-16,51.80,52.36,51.65,52.05,4048417
2022-06-17,51.77,52.07,51.46,51.59,3443856
2022-06-21,52.49,52.56,52.07,52.21,3330401
2022-06-22,52.41,52.95,52.38,52.46,3957356
2022-06-23,53.15,53.46,52.94,53.44,5061754
2022-06-24,54.11,54.62,53.75,54.61,3148802
2022-06-27,54.52,54.86,54.33,54.62,2877834
2022-06-28,54.49,54.69,54.08,54.19,3095637
2022-06-29,54.35,54.94,54.27,54.71,3031954
2022-06-30,54.02,54.53,53.69,54.41,4819049
2022-07-01,53.67,54.71,53.64,54.69,2469417
2022-07-05,53.96,54.16,53.40,54.12,3788969
2022-07-06,53.85,54.24,53.59,53.89,3646773
2022-07-07,54.14,54.41,54.01,54.15,4070521
2022-07-08,53.04,53.46,52.77,52.92,4006117
2022-07-11,52.80,53.24,52.73,52.84,3269029
2022-07-12,52.69,52.75,51.71,51.80,4473310
2022-07-13,50.96,51.39,50.80,51.15,8206480
2022-07-14,50.15,50.32,49.83,50.27,6762038
2022-07-15,50.75,51.58,50.58,51.56,7355547
2022-07-18,51.52,51.81,50.42,50.51,3730067
2022-07-19,44.34,44.75,42.09,43.91,519518
2022-07-20,43.70,43.70,41.60,41.60,617725
2022-07-21,42.14,42.30,41.68,41.98,218279
2022-07-22,41.95,42.43,41.89,42.29,3341690
2022-07-25,42.61,42.69,42.02,42.16,4837035
2022-07-26,42.05,42.68,41.98,42.52,5246446
2022-07-27,42.28,43.70,42.08,43.54,4885153
2022-07-28,42.87,43.26,42.26,42.93,6326394
2022-07-29,42.32,42.58,41.96,42.17,5022739
2022-08-01,42.16,42.25,41.49,41.63,5712520
2022-08-02,41.67,41.91,41.11,41.18,4398076
2022-08-03,41.06,41.16,40.77,40.82,2911416
2022-08-04,40.93,40.97,40.49,40.60,3254597
2022-08-05,40.09,40.63,40.07,40.57,3820916
2022-08-08,40.56,40.66,40.18,40.31,2890956
2022-08-09,40.21,40.33,39.95,40.03,6337325
2022-08-10,39.17,39.33,37.77,38.30,15665260
2022-08-11,34.98,35.99,34.50,35.73,35389910
2022-08-12,35.99,36.15,35.26,36.03,11969300
2022-08-15,34.53,35.23,34.41,34.95,15402890
2022-08-16,35.03,35.54,34.86,35.26,11687460
2022-08-17,34.58,34.93,34.25,34.70,11519100
2022-08-18,34.59,34.60,33.89,34.25,6992063
2022-08-19,34.28,34.49,34.04,34.06,4888867
2022-08-22,34.02,34.25,33.94,34.05,5461909
2022-08-23,33.75,33.85,33.53,33.73,6075138
2022-08-24,33.30,33.63,33.17,33.53,5800551
2022-08-25,33.53,33.74,33.26,33.73,6393338
2022-08-26,33.78,34.06,33.10,33.19,8173645
2022-08-29,33.08,33.23,32.98,33.11,3794604
2022-08-30,33.23,33.29,32.91,32.96,3994687
2022-08-31,32.79,32.88,32.46,32.48,4291830
2022-09-01,31.83,31.99,31.61,31.69,12390910
2022-09-02,31.60,31.97,31.47,31.85,8153482
2022-09-06,31.65,31.76,31.37,31.47,5613948
2022-09-07,31.21,31.59,31.16,31.49,4821980
2022-09-08,30.91,31.54,30.83,31.51,6620860
2022-09-09,31.95,31.97,31.73,31.89,3558135
2022-09-12,32.35,32.89,32.32,32.45,7797599
2022-09-13,32.00,32.10,31.61,31.63,5225519
2022-09-14,31.44,31.57,31.05,31.20,5313748
2022-09-15,31.10,31.39,30.95,31.02,7691042
2022-09-16,30.76,30.97,30.49,30.83,9665974
2022-09-19,30.66,30.86,30.53,30.78,5832750
2022-09-20,30.56,30.62,30.26,30.49,5313930
2022-09-21,30.34,30.36,29.73,29.77,6286689
2022-09-22,29.56,30.16,29.54,30.01,7544519
2022-09-23,29.45,29.63,29.09,29.36,9076338
2022-09-26,29.06,29.27,28.46,28.82,12328930
2022-09-27,29.20,29.38,28.60,28.66,6662009
2022-09-28,28.98,29.60,28.77,29.46,8868378
2022-09-29,29.42,29.57,29.07,29.36,7718987
2022-09-30,29.46,29.70,29.38,29.43,6652396
2022-10-03,29.90,30.41,29.76,30.25,6139676
2022-10-04,30.73,31.01,30.57,30.71,7889212
2022-10-05,30.21,30.59,30.17,30.41,5803829
2022-10-06,30.03,30.19,29.84,30.00,6231970
2022-10-07,30.19,30.42,30.04,30.11,5487173
2022-10-10,30.10,30.29,30.02,30.19,4554711
2022-10-11,30.44,31.07,30.34,30.43,5941819
2022-10-12,30.43,30.64,30.32,30.37,6058468
2022-10-13,29.98,30.86,29.76,30.65,6199522
2022-10-14,30.83,31.04,30.60,30.71,5553531
2022-10-17,31.37,31.58,31.21,31.30,5061729
2022-10-18,31.28,31.35,31.06,31.25,4094509
2022-10-19,31.55,31.62,31.10,31.31,6404352
2022-10-20,31.18,31.38,30.93,31.06,4433716
2022-10-21,31.19,32.02,31.10,31.87,7179725
2022-10-24,31.64,32.01,31.58,31.76,5601527
2022-10-25,31.94,32.31,31.93,32.24,3578073
2022-10-26,32.42,32.89,32.41,32.69,6538687
2022-10-27,32.65,32.80,32.53,32.72,6020271
2022-10-28,33.01,33.44,32.91,33.27,7602346
2022-10-31,33.14,33.47,33.06,33.17,8704109
2022-11-01,33.74,33.87,33.34,33.46,7928084
2022-11-02,34.10,34.10,33.09,33.12,7007655
2022-11-03,32.67,32.98,32.52,32.84,5478754
2022-11-04,33.25,33.26,32.70,32.99,5385946
2022-11-07,31.97,32.20,31.67,31.94,8028357
2022-11-08,32.11,32.49,32.00,32.22,6438737
2022-11-09,32.24,32.65,32.20,32.42,5991700
2022-11-10,33.26,33.50,32.93,33.47,4680903
2022-11-11,31.81,31.90,31.22,31.58,13085540
2022-11-14,32.48,32.94,32.43,32.54,7709730
2022-11-15,32.64,32.70,32.06,32.29,5492706
2022-11-16,33.16,33.25,32.77,32.91,5308789
2022-11-17,32.24,32.63,32.15,32.59,3529016
2022-11-18,32.75,33.03,32.70,32.89,4007570
2022-11-21,33.56,33.58,33.17,33.44,4000954
2022-11-22,33.62,33.86,33.57,33.85,3355690
2022-11-23,33.67,33.87,33.45,33.69,3453778
2022-11-25,33.80,34.05,33.77,33.99,1645002
2022-11-28,33.77,34.05,33.70,33.76,7149513
2022-11-29,34.31,34.62,34.19,34.36,4067544
2022-11-30,34.39,34.59,33.89,34.59,4091994
2022-12-01,34.80,35.23,34.76,35.03,3865947
2022-12-02,34.93,35.47,34.91,35.35,4894069
2022-12-05,35.04,35.48,35.03,35.16,5319071
2022-12-06,34.74,39.74,34.24,37.92,30761040
2022-12-07,37.55,37.64,36.78,36.88,14161490
2022-12-08,36.36,36.99,36.31,36.60,8568436
2022-12-09,36.38,36.50,35.94,35.97,4533211
2022-12-12,35.88,36.10,35.68,35.71,4446796
2022-12-13,36.53,36.77,35.93,36.15,7205860
2022-12-14,36.08,36.29,35.73,35.92,6694595
2022-12-15,36.05,36.15,35.59,35.63,3711970
2022-12-16,35.20,35.28,34.87,34.95,6353246
2022-12-19,35.02,35.14,34.73,34.87,3149767
2022-12-20,34.82,35.15,34.82,34.99,3714319
2022-12-21,35.21,35.84,35.15,35.30,5608327
2022-12-22,35.19,35.37,35.06,35.31,3333881
2022-12-23,35.26,35.36,35.01,35.22,3348240
2022-12-27,35.24,35.26,35.02,35.07,2503107
2022-12-28,35.21,35.33,34.76,34.78,3173991
2022-12-29,34.96,35.24,34.93,35.13,2395110
2022-12-30,35.00,35.31,34.86,35.14,2643437
2023-01-03,34.94,35.41,34.90,35.29,3145036
2023-01-04,35.57,35.59,34.94,35.03,2752480
2023-01-05,34.58,34.70,34.34,34.48,4352675
2023-01-06,34.33,34.97,34.23,34.92,2940431
2023-01-09,34.96,35.20,34.51,34.53,4339431
2023-01-10,34.73,34.87,34.55,34.74,3022986
2023-01-11,34.60,34.73,34.41,34.67,2900027
2023-01-12,34.74,35.28,34.47,35.15,3373761
2023-01-13,35.20,35.47,35.17,35.38,4433678
2023-01-17,35.49,35.71,35.38,35.56,3664870
2023-01-18,35.55,35.61,35.13,35.19,4844149
2023-01-19,35.25,35.73,35.23,35.61,3082047
2023-01-20,35.26,35.39,35.09,35.38,4141461
2023-01-23,35.36,35.53,35.27,35.36,3963337
2023-01-24,35.00,35.00,34.52,34.70,5041285
2023-01-25,34.94,35.26,34.92,35.17,3763692
2023-01-26,35.31,35.41,34.97,35.34,4988218
2023-01-27,35.33,35.44,35.12,35.30,3476080
2023-01-30,35.56,35.63,35.09,35.12,4742928
2023-01-31,35.42,35.53,35.02,35.26,5839314
2023-02-01,35.26,35.79,35.09,35.49,5780906
2023-02-02,35.43,35.61,34.87,35.13,5445575
2023-02-03,35.38,35.53,34.76,34.83,3633167
2023-02-06,35.40,35.48,35.20,35.34,4932372
2023-02-07,35.99,36.17,35.77,36.17,4071960
2023-02-08,36.56,36.59,36.23,36.32,3415472
2023-02-09,36.74,36.83,36.30,36.43,6059338
2023-02-10,36.04,36.06,35.59,35.84,2983677
2023-02-13,36.06,36.23,36.02,36.23,2667388
2023-02-14,36.11,36.13,35.76,36.06,5505877
2023-02-15,35.25,35.61,34.85,35.57,10406100
2023-02-16,35.09,35.30,34.95,35.14,5585233
2023-02-17,35.33,35.90,35.25,35.88,2919876
2023-02-21,35.90,36.08,35.71,36.00,2672070
2023-02-22,36.07,36.07,35.68,35.74,1990193
2023-02-23,35.22,35.42,35.02,35.26,2981740
2023-02-24,34.86,34.90,34.53,34.57,3970304
2023-02-27,34.90,35.08,34.76,34.82,2897480
2023-02-28,34.55,34.67,34.27,34.27,3264055
2023-03-01,34.22,34.35,34.06,34.26,3258500
2023-03-02,34.14,34.64,34.09,34.58,2425209
2023-03-03,34.45,34.67,34.38,34.66,2876338
2023-03-06,34.58,34.73,34.40,34.45,2782765
2023-03-07,34.56,34.62,33.98,34.03,2984112
2023-03-08,33.89,33.96,33.54,33.59,2335422
2023-03-09,33.88,33.91,33.37,33.50,2336258
2023-03-10,33.51,33.87,33.45,33.50,2418192
2023-03-13,33.60,33.81,33.33,33.52,3699619
2023-03-14,33.50,33.74,33.46,33.72,3469568
2023-03-15,33.40,33.75,33.20,33.58,3803321
2023-03-16,33.28,33.83,33.24,33.82,2025481
2023-03-17,33.99,34.20,33.88,34.07,2776708
2023-03-20,34.54,34.94,34.38,34.93,2973922
2023-03-21,34.96,35.08,34.82,35.05,2321608
2023-03-22,35.08,35.32,34.90,34.90,2301388
2023-03-23,35.49,35.53,35.02,35.22,2980385
2023-03-24,34.33,34.56,33.76,34.38,5443831
2023-03-27,34.73,35.13,34.68,35.04,3057741
2023-03-28,35.13,35.19,34.95,35.10,3110428
2023-03-29,35.04,35.19,34.91,35.06,2446101
2023-03-30,35.06,35.29,35.05,35.27,2488069
2023-03-31,35.47,35.74,35.39,35.58,2799972
2023-04-03,35.62,35.96,35.58,35.95,2816888
2023-04-04,36.18,36.58,36.12,36.55,3453147
2023-04-05,36.99,37.48,36.96,37.45,5253054
2023-04-06,37.80,38.21,37.72,38.00,5059669
2023-04-10,38.00,38.05,37.68,37.87,2681626
2023-04-11,37.83,37.83,37.33,37.35,2963135
2023-04-12,37.78,37.93,37.63,37.71,2524755
2023-04-13,38.03,38.32,37.99,38.32,2760726
2023-04-14,38.10,38.12,37.67,37.77,2694053
2023-04-17,37.68,37.69,37.34,37.39,2903680
2023-04-18,37.15,37.23,36.73,36.78,2495489
2023-04-19,37.00,37.05,36.78,36.93,2649152
2023-04-20,36.84,36.84,36.43,36.46,2999036
2023-04-21,36.59,36.72,36.45,36.71,2268153
2023-04-24,36.75,36.77,36.55,36.65,2480625
2023-04-25,37.25,37.32,36.69,36.91,3995929
2023-04-26,36.90,37.01,35.72,35.93,3765703
2023-04-27,36.05,36.12,35.70,36.01,2696222
2023-04-28,35.92,36.27,35.85,36.03,2559895
2023-05-01,35.99,36.38,35.95,36.20,2055123
2023-05-02,36.20,36.54,36.15,36.35,2631486
2023-05-03,36.80,37.22,36.72,36.84,4806681
2023-05-04,36.96,37.01,36.67,36.71,2735396
2023-05-05,36.48,37.05,36.42,36.98,2511063
2023-05-08,37.07,37.18,36.74,36.77,2112001
2023-05-09,36.31,36.59,36.27,36.45,2132899
2023-05-10,36.44,36.58,36.16,36.53,2648498
2023-05-11,36.21,36.30,35.97,36.28,1434960
2023-05-12,36.86,37.12,36.45,36.53,2048207
2023-05-15,36.63,36.85,36.47,36.78,2479306
2023-05-16,36.45,36.67,36.45,36.47,2117801
2023-05-17,36.56,36.57,35.91,36.14,2407690
2023-05-18,35.58,35.62,35.08,35.21,3261463
2023-05-19,35.16,35.67,35.16,35.61,2639904
2023-05-22,35.41,35.66,35.29,35.35,3494480
2023-05-23,35.47,35.64,35.35,35.42,1678100
2023-05-24,35.04,35.06,34.69,34.69,2879487
2023-05-25,34.50,34.54,33.93,34.11,3224258
2023-05-26,34.29,34.52,34.19,34.24,2207800
2023-05-30,34.30,34.30,33.77,33.86,4934892
2023-05-31,33.50,33.68,33.39,33.60,3342195
2023-06-01,33.52,34.00,33.33,33.80,2671290
2023-06-02,33.95,34.26,33.88,34.11,1990776
2023-06-05,34.18,34.43,34.17,34.28,1433783
2023-06-06,34.66,34.73,34.44,34.62,2273380
2023-06-07,34.67,34.70,34.23,34.36,2232634
2023-06-08,34.50,34.73,34.37,34.72,2523807
2023-06-09,34.53,34.82,34.43,34.76,1751218
2023-06-12,34.57,34.70,34.26,34.39,2700352
2023-06-13,34.38,34.66,34.37,34.64,3800496
2023-06-14,34.74,34.77,34.44,34.47,1954800
2023-06-15,34.92,35.32,34.89,35.27,3320842
2023-06-16,35.27,35.48,34.72,35.15,5945470
2023-06-20,34.80,34.91,34.61,34.62,2696456
2023-06-21,34.81,35.19,34.56,35.15,7023244
2023-06-22,34.67,34.85,34.56,34.68,4840526
2023-06-23,36.00,36.57,35.74,36.38,7620437
2023-06-26,36.39,36.45,35.98,36.27,3735483
2023-06-27,35.94,36.14,35.66,35.76,4938966
2023-06-28,35.62,35.66,35.34,35.53,3887398
2023-06-29,35.10,35.51,35.02,35.42,4049963
2023-06-30,35.25,35.67,35.25,35.64,4969969
2023-07-03,35.60,35.61,35.29,35.29,2389307
2023-07-05,35.03,35.06,34.71,34.73,3311250
2023-07-06,34.49,34.49,34.02,34.09,3185670
2023-07-07,34.02,34.08,33.71,33.81,3370003
2023-07-10,33.78,33.98,33.70,33.85,2911158
2023-07-11,33.91,34.15,33.90,34.12,2587998
2023-07-12,34.35,34.76,34.35,34.50,3051394
2023-07-13,35.06,35.12,34.80,34.80,2849181
2023-07-14,34.81,34.88,34.51,34.53,2875233
2023-07-17,34.53,34.59,34.44,34.51,2405922
2023-07-18,34.67,35.00,34.60,34.80,2806883
2023-07-19,35.17,35.34,35.12,35.19,2490290
2023-07-20,35.61,35.76,35.58,35.70,2862975
2023-07-21,35.53,35.80,35.47,35.75,3220425
2023-07-24,35.56,35.86,35.53,35.73,3149665
2023-07-25,35.56,35.85,35.55,35.70,3574683
2023-07-26,35.75,35.98,35.48,35.87,4243195
2023-07-27,36.24,36.38,35.86,35.87,2957001
2023-07-28,35.72,35.77,35.40,35.44,2866241
2023-07-31,35.54,35.64,35.40,35.57,2401719
2023-08-01,35.23,35.33,34.88,34.93,2612996
2023-08-02,34.65,34.87,34.59,34.63,2174263
2023-08-03,34.00,34.30,33.97,34.17,2555235
2023-08-04,34.04,34.51,34.04,34.38,3802099
2023-08-07,34.50,34.64,34.44,34.64,1985273
2023-08-08,34.66,35.01,34.59,34.98,2302272
2023-08-09,35.03,35.31,35.02,35.18,1547751
2023-08-10,35.18,35.40,35.06,35.08,1693790
2023-08-11,34.63,35.55,34.62,35.33,5244055
2023-08-14,35.18,35.52,35.02,35.44,5034914
2023-08-15,35.26,35.34,35.07,35.26,3432308
2023-08-16,34.99,35.27,34.99,35.05,2841858
2023-08-17,34.76,34.98,34.76,34.86,4809960
2023-08-18,34.51,34.69,34.43,34.47,3384522
2023-08-21,34.56,34.64,34.41,34.55,2819820
2023-08-22,34.72,34.80,34.62,34.62,2488324
2023-08-23,34.85,34.96,34.65,34.95,2987520
2023-08-24,34.84,35.05,34.44,34.47,2788407
2023-08-25,34.70,34.85,34.48,34.77,2429077
2023-08-28,34.75,35.20,34.75,35.11,3077967
2023-08-29,35.43,35.58,35.18,35.51,2568826
2023-08-30,35.70,35.80,35.45,35.49,1809990
2023-08-31,35.60,35.62,35.13,35.13,3957640
2023-09-01,35.35,35.36,34.95,35.03,1653881
2023-09-05,34.97,34.99,34.53,34.56,2375821
2023-09-06,34.60,34.62,34.31,34.41,2270478
2023-09-07,34.56,34.73,34.47,34.64,2430970
2023-09-08,35.56,36.60,35.42,36.55,11780720
2023-09-11,36.75,37.16,36.58,37.02,5942843
2023-09-12,36.96,36.99,36.57,36.86,3129532
2023-09-13,36.72,36.84,36.65,36.76,4165993
2023-09-14,37.10,37.39,37.05,37.39,4262092
2023-09-15,37.70,37.80,37.37,37.43,4765924
2023-09-18,37.70,37.75,37.24,37.35,3366281
2023-09-19,37.28,37.48,37.20,37.48,2359735
2023-09-20,37.90,38.21,37.85,38.07,4369208
2023-09-21,37.88,37.98,37.61,37.62,4353321
2023-09-22,37.60,37.74,37.37,37.43,4456468
2023-09-25,37.38,37.72,37.16,37.71,5102442
2023-09-26,37.63,37.76,37.28,37.28,2930780
2023-09-27,37.19,37.29,36.80,37.04,2868857
2023-09-28,36.69,36.85,36.30,36.34,8135359
2023-09-29,36.53,36.66,36.09,36.25,4209366
2023-10-02,36.09,36.16,35.82,36.09,3187743
2023-10-03,36.18,36.21,35.77,35.89,2932195
2023-10-04,36.18,36.25,35.84,36.08,3414619
2023-10-05,35.94,36.20,35.88,36.16,2399490
2023-10-06,36.50,36.80,36.22,36.65,3767692
2023-10-09,36.95,37.14,36.71,37.10,2661776
2023-10-10,37.25,37.47,37.21,37.34,2095444
2023-10-11,37.61,37.70,37.35,37.56,2975651
2023-10-12,37.27,37.42,36.99,37.01,4382236
2023-10-13,36.90,37.16,36.63,36.68,2423714
2023-10-16,36.31,36.66,36.26,36.58,2737138
2023-10-17,36.65,36.99,36.49,36.67,3456349
2023-10-18,36.62,36.78,36.22,36.29,2696224
2023-10-19,35.84,35.86,35.25,35.39,4049134
2023-10-20,35.54,35.73,35.52,35.58,2816708
2023-10-23,35.76,35.97,35.66,35.80,3782837
2023-10-24,35.78,35.99,35.70,35.98,2455930
2023-10-25,36.13,36.28,35.83,36.05,2316432
2023-10-26,36.12,36.20,35.63,35.68,4358619
2023-10-27,35.43,35.43,34.49,34.56,5293963
2023-10-30,35.35,35.51,35.18,35.27,3499997
2023-10-31,35.39,35.71,35.22,35.70,5726192
2023-11-01,34.25,34.90,33.89,34.58,8161330
2023-11-02,33.99,34.20,33.67,34.17,5188589
2023-11-03,34.33,34.65,34.32,34.44,4686437
2023-11-06,34.66,34.95,34.56,34.79,2831327
2023-11-07,34.98,35.09,34.91,34.98,2672832
2023-11-08,35.14,35.30,34.95,35.06,2780397
2023-11-09,35.06,35.07,34.44,34.46,4006510
2023-11-10,34.43,34.47,33.89,34.41,3928144
2023-11-13,34.50,34.62,34.33,34.61,4261459
2023-11-14,34.65,34.70,34.40,34.48,3426161
2023-11-15,34.40,34.70,34.38,34.47,4421114
2023-11-16,34.42,34.50,34.29,34.44,4111576
2023-11-17,34.80,35.30,34.72,35.20,4817105
2023-11-20,34.97,35.34,34.97,35.11,2468881
2023-11-21,35.29,35.56,35.29,35.38,2758933
2023-11-22,35.30,35.37,35.13,35.20,1712725
2023-11-24,35.82,35.96,35.77,35.81,1808018
2023-11-27,35.92,35.98,35.52,35.63,2295643
2023-11-28,35.45,35.79,35.44,35.64,2368349
2023-11-29,35.56,35.63,35.35,35.49,2020470
2023-11-30,35.87,36.01,35.60,35.99,2890580
2023-12-01,36.03,36.59,35.98,36.57,2547381
2023-12-04,36.44,36.74,36.38,36.63,3358901
2023-12-05,36.26,36.40,36.14,36.33,2271443
2023-12-06,36.32,36.42,36.13,36.17,2330377
2023-12-07,36.04,36.08,35.80,36.00,2343680
2023-12-08,35.92,36.09,35.84,35.94,1507605
2023-12-11,36.23,36.42,36.14,36.37,2684164
2023-12-12,36.50,36.55,36.30,36.42,4075345
2023-12-13,36.54,36.79,36.38,36.74,2735798
2023-12-14,37.02,37.39,36.78,36.98,4002033
2023-12-15,36.30,36.41,35.87,35.88,5836302
2023-12-18,36.50,36.55,36.29,36.46,2469564
2023-12-19,36.32,36.57,36.28,36.50,1839585
2023-12-20,36.63,36.68,36.18,36.19,4426029
2023-12-21,36.62,36.82,36.55,36.81,2818767
2023-12-22,36.90,37.16,36.89,36.99,1768342
2023-12-26,36.88,37.05,36.86,37.01,1325823
2023-12-27,36.87,37.13,36.81,37.10,1880481
2023-12-28,37.15,37.34,37.09,37.09,1709888
2023-12-29,36.95,37.17,36.95,37.06,1489015
2024-01-02,36.90,37.58,36.82,37.51,3120311
2024-01-03,38.11,38.94,38.04,38.92,4902450
2024-01-04,38.64,39.18,38.63,39.07,3474304
2024-01-05,38.93,39.31,38.86,39.21,2289341
2024-01-08,39.29,39.64,39.24,39.64,2260205
2024-01-09,39.90,40.10,39.76,39.76,2967714
2024-01-10,39.89,40.05,39.84,39.99,2165164
2024-01-11,39.81,39.86,39.47,39.64,2407222
2024-01-12,39.98,40.34,39.94,40.10,3568462
2024-01-16,40.15,40.18,39.80,39.88,2356557
2024-01-17,39.85,39.89,39.57,39.78,4020988
2024-01-18,39.53,39.63,39.26,39.54,3622772
2024-01-19,39.48,39.72,39.37,39.68,3401877
2024-01-22,39.41,39.64,39.33,39.53,3399702
2024-01-23,39.23,39.38,39.08,39.28,2817211
2024-01-24,39.47,39.73,38.59,39.03,5809870
2024-01-25,38.94,38.95,38.56,38.84,3936726
2024-01-26,39.37,39.46,39.04,39.07,3061478
2024-01-29,39.19,39.21,38.86,39.06,2178606
2024-01-30,39.16,39.21,38.93,39.09,2393933
2024-01-31,40.67,41.31,39.40,39.44,7553305
2024-02-01,39.94,40.69,39.85,40.63,5355049
2024-02-02,40.61,40.85,40.41,40.72,3925361
2024-02-05,41.77,41.89,41.41,41.57,7985062
2024-02-06,41.69,41.77,41.30,41.75,3671690
2024-02-07,41.93,42.21,41.90,42.02,6042880
2024-02-08,41.82,41.88,41.45,41.82,4303324
2024-02-09,41.95,42.06,41.77,41.91,3503429
2024-02-12,41.41,41.41,40.88,41.07,6688824
2024-02-13,41.57,41.60,41.08,41.39,7056902
2024-02-14,41.76,41.93,41.59,41.80,7442574
2024-02-15,41.78,42.02,41.68,41.77,4144993
2024-02-16,42.00,42.23,41.88,41.94,3765798
2024-02-20,42.26,42.61,41.99,42.02,4154312
2024-02-21,41.82,41.99,41.75,41.94,3661177
2024-02-22,41.65,42.24,41.63,42.16,6179571
2024-02-23,42.35,42.45,42.14,42.22,3440906
2024-02-26,42.52,42.59,42.25,42.34,3023384
2024-02-27,42.12,42.44,42.07,42.38,3733723
2024-02-28,42.35,42.44,42.13,42.34,4041124
2024-02-29,42.65,42.69,41.80,41.90,4381434
2024-03-01,42.01,42.09,41.77,42.03,2324675
2024-03-04,42.04,42.44,42.02,42.44,2404302
2024-03-05,42.63,42.78,42.49,42.60,2635266
2024-03-06,42.38,42.71,42.33,42.62,3247401
2024-03-07,43.68,43.84,43.48,43.58,4382357
2024-03-08,43.02,43.22,42.91,43.14,3308066
2024-03-11,42.88,42.96,42.73,42.92,2514787
2024-03-12,42.93,43.27,42.80,43.27,2196713
2024-03-13,43.27,43.37,43.08,43.36,1677763
2024-03-14,43.21,43.26,42.81,43.08,1843306
2024-03-15,42.28,42.43,41.81,42.19,4130059
2024-03-18,42.21,42.35,42.14,42.14,1346141
2024-03-19,42.24,42.33,42.07,42.32,1998809
2024-03-20,42.02,42.04,41.75,41.93,1799376
2024-03-21,42.17,42.54,42.15,42.37,2024458
2024-03-22,42.54,42.68,42.33,42.35,1482677
2024-03-25,42.58,43.45,42.56,42.83,3437180
2024-03-26,42.83,42.89,42.55,42.79,3041578
2024-03-27,42.58,43.03,42.51,42.99,2076567
2024-03-28,43.00,43.22,42.86,42.87,1854756
2024-04-01,42.74,42.87,42.23,42.42,1515071
2024-04-02,42.13,42.14,41.67,41.79,2582029
2024-04-03,41.50,41.74,41.33,41.54,3048511
2024-04-04,41.73,41.88,40.84,40.86,2634138
2024-04-05,40.59,41.25,40.53,41.19,6093092
2024-04-08,41.08,41.08,40.82,40.85,1856137
2024-04-09,40.89,40.96,40.67,40.88,3191316
2024-04-10,40.62,40.75,40.48,40.69,4370362
2024-04-11,41.00,41.25,40.68,40.80,2903779
2024-04-12,40.96,40.97,40.49,40.66,5264697
2024-04-15,40.90,41.05,40.44,40.50,3373753
2024-04-16,40.02,40.23,39.72,39.95,2422869
2024-04-17,39.72,39.85,39.44,39.60,3208339
2024-04-18,39.39,39.50,39.16,39.27,2636945
2024-04-19,39.37,39.76,39.37,39.75,1623882
2024-04-22,39.99,40.76,39.96,40.59,3800880
2024-04-23,40.66,41.26,40.60,41.24,2289896
2024-04-24,41.20,41.24,40.63,40.86,1816111
2024-04-25,41.06,41.11,40.80,40.91,3461979
2024-04-26,40.95,41.31,40.87,41.11,2730464
2024-04-29,41.66,42.00,41.50,41.61,4241678
2024-04-30,41.75,42.03,41.42,41.44,3672349
2024-05-01,42.70,42.84,42.27,42.57,4686149
2024-05-02,42.90,43.52,42.75,43.35,6320454
2024-05-03,43.58,43.68,43.27,43.50,4048068
2024-05-06,43.50,43.64,43.17,43.45,2045663
2024-05-07,44.13,44.33,43.96,44.15,3104015
2024-05-08,44.23,44.29,44.06,44.14,2127460
2024-05-09,44.30,44.72,44.30,44.67,4924643
2024-05-10,44.98,45.09,44.80,45.07,3771079
2024-05-13,45.31,45.41,45.14,45.17,2830827
2024-05-14,45.34,45.76,45.30,45.66,3615092
2024-05-15,45.82,45.92,45.65,45.70,3788130
2024-05-16,45.12,45.20,44.82,44.88,4666360
2024-05-17,44.85,45.09,44.74,44.98,1882986
2024-05-20,45.06,45.19,44.40,44.59,5172442
2024-05-21,44.49,44.72,44.46,44.46,3475004
2024-05-22,44.53,45.80,44.42,45.78,6830708
2024-05-23,45.75,45.77,44.94,45.15,5218576
2024-05-24,45.42,45.45,45.03,45.12,2210289
2024-05-28,44.70,44.75,44.23,44.24,2648080
2024-05-29,44.24,44.36,44.16,44.28,2092187
2024-05-30,44.08,44.23,43.89,44.02,1597451
2024-05-31,44.64,45.01,44.56,44.77,3623877
2024-06-03,41.22,41.72,40.51,40.88,13483900
2024-06-04,41.34,41.48,40.99,41.35,5469440
2024-06-05,42.39,42.44,41.86,41.97,7230440
2024-06-06,41.69,42.00,41.48,41.54,3860822
2024-06-07,41.11,41.46,40.94,41.21,3025354
2024-06-10,41.10,41.51,40.95,41.29,2834397
2024-06-11,41.05,41.36,40.89,41.06,2379050
2024-06-12,41.36,41.38,40.97,41.11,2548560
2024-06-13,40.98,41.22,40.78,41.11,2020251
2024-06-14,40.82,40.88,40.48,40.65,2235352
2024-06-17,40.43,40.68,40.36,40.66,2131428
2024-06-18,41.03,41.08,40.78,40.95,2847649
2024-06-20,40.87,41.02,40.68,40.76,2538141
2024-06-21,40.25,40.53,40.22,40.48,3490372
2024-06-24,40.80,40.86,40.54,40.55,3495700
2024-06-25,40.47,40.48,40.19,40.31,2780351
2024-06-26,40.24,40.51,38.35,38.87,10997040
2024-06-27,38.40,38.79,38.20,38.64,5542940
2024-06-28,38.68,39.03,38.45,38.50,7855979
2024-07-01,38.43,39.06,38.31,38.38,2872558
2024-07-02,38.11,38.32,37.80,38.21,3354099
2024-07-03,38.15,38.49,38.13,38.46,1349530
2024-07-05,38.83,38.91,37.97,38.84,3284491
2024-07-08,38.85,38.95,38.52,38.71,2075447
2024-07-09,38.75,38.87,38.52,38.60,2095353
2024-07-10,38.54,38.65,38.44,38.56,2376638
2024-07-11,38.84,39.03,38.73,38.90,2684196
2024-07-12,39.39,39.51,39.13,39.16,2512206
2024-07-15,39.11,39.13,38.66,38.67,2451434
2024-07-16,38.48,38.95,38.46,38.90,2118311
2024-07-17,39.20,39.94,39.14,39.84,3846610
2024-07-18,39.74,39.83,39.29,39.36,1592081
2024-07-19,39.14,39.46,39.12,39.35,1993996
2024-07-22,39.40,39.58,39.30,39.39,2790193
2024-07-23,39.23,39.27,38.77,38.84,3470272
2024-07-24,38.86,39.30,38.86,39.30,2060260
2024-07-25,38.95,39.46,38.92,39.07,2479742
2024-07-26,39.63,40.12,39.58,39.86,3064146
2024-07-29,40.02,40.20,39.85,40.01,3603668
2024-07-30,39.97,40.01,39.49,39.77,4916963
2024-07-31,39.25,39.30,38.55,38.77,3969864
2024-08-01,38.90,39.74,38.72,39.64,4525593
2024-08-02,40.45,40.57,39.95,40.42,4544971
2024-08-05,39.74,39.99,39.28,39.38,6283141
2024-08-06,38.50,38.96,38.32,38.68,5179606
2024-08-07,39.12,39.43,38.97,39.37,5332399
2024-08-08,39.42,40.09,39.37,40.02,5598922
2024-08-09,39.69,40.35,39.67,40.26,5831882
2024-08-12,40.32,40.49,40.08,40.32,2751727
2024-08-13,40.55,41.27,40.53,41.18,3306815
2024-08-14,41.09,41.26,41.05,41.22,2482910
2024-08-15,41.66,41.70,41.36,41.40,2024219
2024-08-16,41.07,41.32,41.01,41.28,3145786
2024-08-19,41.32,41.70,41.28,41.52,1833646
2024-08-20,41.51,41.72,41.47,41.60,1647242
2024-08-21,41.72,42.00,41.70,41.85,2410394
2024-08-22,42.01,42.08,41.83,41.95,1327218
2024-08-23,42.27,42.64,42.12,42.63,3780536
2024-08-26,42.63,42.65,42.45,42.54,1842813
2024-08-27,42.82,44.67,42.80,44.15,11513900
2024-08-28,43.59,43.91,43.56,43.90,3279703
2024-08-29,43.86,43.93,43.52,43.74,3274783
2024-08-30,43.75,43.98,43.53,43.91,3129097
2024-09-03,43.63,43.84,43.33,43.44,3441882
2024-09-04,43.49,44.26,43.49,44.26,2844728
2024-09-05,43.39,43.77,43.03,43.13,3811877
2024-09-06,43.60,43.95,43.43,43.67,3763259
2024-09-09,43.62,44.05,43.47,43.94,2494844
2024-09-10,43.83,44.19,43.81,44.10,3970633
2024-09-11,43.97,44.03,43.42,43.77,3411692
2024-09-12,43.43,43.48,43.04,43.11,3859727
2024-09-13,43.16,43.44,42.95,43.01,3696278
2024-09-16,43.24,43.62,43.23,43.55,2417012
2024-09-17,43.13,43.14,42.44,42.56,3095429
2024-09-18,42.84,42.90,42.38,42.43,3522469
2024-09-19,42.40,42.42,41.46,41.62,6510357
2024-09-20,41.25,41.26,40.79,40.80,5028061
2024-09-23,40.96,41.03,40.80,40.86,2736707
2024-09-24,40.76,41.06,40.70,40.98,3241244
2024-09-25,41.11,41.16,40.55,40.56,2667156
2024-09-26,40.60,40.90,40.50,40.90,2796834
2024-09-27,41.09,41.42,40.66,40.71,3137117
2024-09-30,40.79,40.93,40.66,40.88,2322057
2024-10-01,40.47,40.57,40.27,40.30,3120664
2024-10-02,40.10,40.11,39.37,39.45,5383682
2024-10-03,38.60,38.65,38.16,38.37,5360964
2024-10-04,38.07,38.84,37.93,38.82,6582359
2024-10-07,39.04,39.12,38.61,38.63,3853184
2024-10-08,38.31,38.38,37.94,38.02,4625673
2024-10-09,37.88,41.80,37.80,40.24,19967660
2024-10-10,40.29,40.37,39.05,39.21,7774962
2024-10-11,39.02,39.15,38.63,38.83,7244135
2024-10-14,39.17,39.23,38.84,39.13,4799361
2024-10-15,38.93,39.40,38.82,38.96,4291285
2024-10-16,38.90,39.28,38.90,39.21,4952600
2024-10-17,39.21,39.24,38.92,38.96,4990561
2024-10-18,38.80,38.84,38.38,38.55,3728344
2024-10-21,38.49,38.51,38.09,38.16,2872533
2024-10-22,37.72,38.05,37.72,38.00,3890217
2024-10-23,37.74,37.99,37.65,37.98,4865936
2024-10-24,38.03,38.19,37.66,37.74,4665570
2024-10-25,37.95,38.01,37.43,37.52,3375405
2024-10-28,37.70,38.09,37.67,37.88,4111601
2024-10-29,37.94,38.26,37.88,38.17,6140692
2024-10-30,36.50,37.23,36.28,37.01,13420000
2024-10-31,36.27,37.01,36.07,36.76,12121660
2024-11-01,37.59,37.60,36.85,36.88,6877236
2024-11-04,37.03,37.26,36.94,36.97,3994531
2024-11-05,36.70,37.05,36.48,37.02,7088128
2024-11-06,35.93,36.14,35.62,35.90,14281670
2024-11-07,36.23,36.73,36.13,36.66,14931960
2024-11-08,36.12,36.42,36.10,36.29,8866773
2024-11-11,36.55,36.74,36.31,36.35,5053971
2024-11-12,35.50,35.63,35.25,35.52,7245974
2024-11-13,35.17,35.29,34.81,35.11,7279471
2024-11-14,35.40,35.46,34.36,34.39,7032511
2024-11-15,33.26,33.50,32.83,33.35,13747890
2024-11-18,33.29,33.79,33.25,33.69,8802112
2024-11-19,33.28,33.60,33.23,33.46,8988437
2024-11-20,33.40,33.53,33.19,33.35,7519391
2024-11-21,33.40,33.70,33.17,33.70,7030641
2024-11-22,33.83,34.15,33.76,33.96,4173390
2024-11-25,34.05,34.25,34.02,34.15,4148516
2024-11-26,34.23,34.29,33.85,34.02,4194666
2024-11-27,34.19,34.47,34.19,34.33,2959073
2024-11-29,34.05,34.20,33.89,34.13,2051795
2024-12-02,34.23,34.33,33.97,34.31,3145146
2024-12-03,34.70,35.09,34.58,34.90,5911131
2024-12-04,34.74,34.75,34.40,34.40,4394206
2024-12-05,34.42,34.56,34.21,34.53,4509145
2024-12-06,34.60,34.80,34.43,34.57,3702817
2024-12-09,34.95,36.28,34.91,35.99,7252562
2024-12-10,35.89,35.90,35.18,35.21,5383630
2024-12-11,34.81,34.98,34.42,34.45,3954138
2024-12-12,34.27,34.43,34.08,34.17,3386339
2024-12-13,34.02,34.08,33.75,33.95,3391380
2024-12-16,33.68,33.97,33.58,33.58,4916560
2024-12-17,34.12,34.55,34.03,34.23,4546446
2024-12-18,34.10,34.34,33.69,33.69,3075050
2024-12-19,33.61,33.70,33.39,33.43,3307234
2024-12-20,33.13,33.87,33.04,33.60,6813063
2024-12-23,33.86,34.11,33.63,34.06,3228802
2024-12-24,33.86,34.21,33.84,34.03,1383078
2024-12-26,34.00,34.15,33.89,34.12,1993615
2024-12-27,33.97,34.17,33.87,34.08,3174412
2024-12-30,34.08,34.08,33.55,33.65,5081275
2024-12-31,33.83,34.02,33.63,33.82,2413894
2025-01-02,33.94,34.19,33.84,33.95,1999102
2025-01-03,33.98,33.98,33.41,33.47,2903352
2025-01-06,33.54,34.12,33.42,33.96,3333753
2025-01-07,33.97,34.46,33.97,34.09,3031253
2025-01-08,33.71,33.92,33.40,33.75,2709540
2025-01-10,33.26,33.40,33.01,33.09,3842142
2025-01-13,32.74,32.86,32.55,32.70,4673828
2025-01-14,32.22,32.28,31.71,32.08,6251524
2025-01-15,32.79,32.92,32.51,32.80,4782402
2025-01-16,32.82,33.51,32.72,33.44,4535039
2025-01-17,33.60,33.60,33.25,33.43,3930595
2025-01-21,33.57,33.79,33.53,33.78,4111320
2025-01-22,33.64,33.73,33.41,33.43,3546186
2025-01-23,33.85,34.16,33.79,34.05,3738614
2025-01-24,34.01,34.31,33.95,34.27,3165928
2025-01-27,34.83,35.50,34.83,35.50,6505288
2025-01-28,35.51,35.59,34.83,35.10,4552898
2025-01-29,34.95,35.25,34.94,35.06,6057362
2025-01-30,35.07,35.59,34.92,35.36,5020445
2025-01-31,35.19,35.52,35.05,35.27,5112730
2025-02-03,34.87,35.20,34.58,34.90,3279980
2025-02-04,34.59,34.98,34.22,34.84,7120968
2025-02-05,37.06,37.91,37.03,37.70,10193210
2025-02-06,37.52,37.61,36.37,36.38,7167978
2025-02-07,36.49,36.52,35.97,36.04,5356543
2025-02-10,36.37,36.91,36.37,36.47,4539615
2025-02-11,36.31,36.35,35.98,36.07,4893117
2025-02-12,35.72,36.26,35.53,36.13,3619986
2025-02-13,36.17,36.62,36.01,36.55,4462616
2025-02-14,36.48,36.60,36.16,36.17,4541919
2025-02-18,36.59,36.85,36.47,36.61,4368601
2025-02-19,36.50,36.65,36.35,36.54,3408594
2025-02-20,36.72,37.22,36.62,36.96,6244672
2025-02-21,36.20,36.67,36.05,36.64,5644723
2025-02-24,36.82,37.14,36.72,37.08,2857899
2025-02-25,37.56,38.40,37.56,38.36,10536500
2025-02-26,37.81,37.83,37.35,37.40,7938470
2025-02-27,37.07,37.38,36.99,37.30,7168264
2025-02-28,37.64,37.69,37.15,37.59,6045956
2025-03-03,38.17,38.41,37.77,37.95,3978770
2025-03-04,38.66,39.19,38.36,38.43,6829920
2025-03-05,38.40,38.86,38.37,38.81,2465902
2025-03-06,38.61,39.42,38.60,39.30,5511194
2025-03-07,39.50,40.59,39.48,40.05,8122546
2025-03-10,40.37,40.80,40.09,40.32,7799319
2025-03-11,40.12,40.12,39.33,39.50,6015119
2025-03-12,39.32,39.32,38.78,38.88,5601119
2025-03-13,39.02,39.39,38.92,39.23,3937653
2025-03-14,39.21,39.61,39.05,39.49,4939691
2025-03-17,39.88,40.47,39.85,40.25,4160818
2025-03-18,40.23,40.39,40.11,40.39,3657702
2025-03-19,39.55,39.80,39.27,39.55,4421106
2025-03-20,39.58,39.66,39.24,39.41,3346134
2025-03-21,39.29,39.50,39.14,39.24,4021638
2025-03-24,38.77,38.93,38.47,38.57,4066945
2025-03-25,39.28,39.31,38.51,38.58,5837805
2025-03-26,38.00,38.49,37.76,38.31,4916160
2025-03-27,38.31,38.66,38.31,38.52,2248301
2025-03-28,38.81,38.98,38.59,38.74,3220710
2025-03-31,38.11,38.84,37.88,38.74,5357845
2025-04-01,38.73,38.77,37.68,37.87,5290738
2025-04-02,37.38,37.72,37.17,37.64,3720508
2025-04-03,39.09,39.17,38.47,39.01,10940010
2025-04-04,37.74,37.98,36.27,36.53,10603740
2025-04-07,34.51,35.72,34.18,34.84,7495426
2025-04-08,35.06,35.16,33.72,34.13,7228764
2025-04-09,32.59,34.84,32.38,34.48,9674183
2025-04-10,34.24,34.26,32.73,33.60,8484822
2025-04-11,33.77,34.78,33.53,34.64,9084666
2025-04-14,34.82,35.45,34.73,35.28,5891978
2025-04-15,35.86,36.16,35.52,35.68,3700686
2025-04-16,35.82,35.89,35.28,35.37,2897666
2025-04-17,35.15,36.11,35.08,35.93,4813943
2025-04-21,36.15,36.53,35.80,36.45,6612621
2025-04-22,36.10,36.98,36.08,36.63,6776530
2025-04-23,37.10,37.32,36.72,37.03,4458712
2025-04-24,37.04,37.51,36.84,37.50,4765088
2025-04-25,37.45,37.55,37.04,37.43,3909323
2025-04-28,37.78,38.20,37.77,38.06,5758835
2025-04-29,38.50,39.22,38.23,38.97,8255873
2025-04-30,40.18,40.38,39.23,39.85,8033136
2025-05-01,39.42,39.42,38.72,38.75,4449688
2025-05-02,39.44,39.51,38.59,39.07,4287438
2025-05-05,39.11,39.20,38.83,38.85,2821018
2025-05-06,39.23,39.23,37.48,37.50,9185610
2025-05-07,37.19,37.39,36.92,37.17,5030292
2025-05-08,36.73,36.98,36.41,36.87,5942866
2025-05-09,36.90,37.15,36.59,36.62,3511872
2025-05-12,36.63,37.49,36.51,37.37,6018253
2025-05-13,36.68,36.69,36.17,36.35,5084195
2025-05-14,36.78,36.83,36.20,36.22,7084171
2025-05-15,36.48,37.60,36.33,37.57,7528211
2025-05-16,37.12,37.68,37.09,37.64,7222246
2025-05-19,37.58,37.97,37.42,37.96,3866897
2025-05-20,38.39,38.45,37.98,38.40,2749166
2025-05-21,38.69,38.85,38.47,38.54,2996428
2025-05-22,38.39,39.05,38.30,38.92,5844906
2025-05-23,38.74,38.87,38.61,38.66,3667064
2025-05-27,39.53,39.65,39.31,39.44,3511835
2025-05-28,39.09,39.49,39.05,39.18,4221416
2025-05-29,39.26,40.05,39.22,40.00,5048296
2025-05-30,40.47,41.17,40.17,41.03,7372579
2025-06-02,41.38,41.66,41.03,41.66,4420011
2025-06-03,40.68,40.79,40.17,40.46,6328903
2025-06-04,40.54,40.96,40.54,40.80,2939921
2025-06-05,41.02,41.44,40.85,41.15,3248815
2025-06-06,41.04,41.33,40.96,41.20,3225597
2025-06-09,41.05,41.30,40.83,40.86,3920110
2025-06-10,40.68,41.37,40.67,41.30,5087865
2025-06-11,41.35,41.76,41.32,41.62,4494382
2025-06-12,42.21,42.63,42.09,42.49,3558863
2025-06-13,41.62,41.93,40.81,40.86,7658807
2025-06-16,40.93,41.10,40.35,40.49,4651855
2025-06-17,40.20,40.39,39.64,39.72,4685472
2025-06-18,39.47,39.52,38.58,38.64,8171577
2025-06-20,38.72,38.72,37.81,38.07,8246148
2025-06-23,37.80,38.31,37.79,38.26,4858851
2025-06-24,38.49,38.91,38.40,38.68,4821255
2025-06-25,38.39,38.43,38.15,38.28,3829520
2025-06-26,38.52,38.81,38.38,38.55,4773211
2025-06-27,38.74,38.84,38.40,38.58,4919232
2025-06-30,38.51,38.72,38.22,38.40,4803745
2025-07-01,38.48,39.40,38.33,38.95,6553798
2025-07-02,38.51,38.87,38.28,38.51,4880440
2025-07-03,38.37,38.59,37.93,38.18,3002585
2025-07-07,38.19,38.37,38.02,38.19,3866114
2025-07-08,37.97,38.68,37.94,38.48,5121333
2025-07-09,38.71,39.12,38.68,39.04,3624560
2025-07-10,39.39,40.11,39.31,39.58,6088931
2025-07-11,38.70,38.72,38.15,38.28,6300029
2025-07-14,38.34,38.60,38.19,38.29,4798013
2025-07-15,38.97,38.97,37.59,37.82,8569349
2025-07-16,37.88,38.58,37.87,38.28,6323837
2025-07-17,37.95,38.24,35.45,36.47,14705980
2025-07-18,36.80,36.87,36.16,36.31,6134638
2025-07-21,36.29,36.62,36.19,36.20,3344162
2025-07-22,36.35,37.02,36.34,37.02,5146643
2025-07-23,37.15,38.90,37.13,38.03,13453960
2025-07-24,37.93,38.31,37.77,38.23,4735200
2025-07-25,37.71,37.97,37.51,37.97,4016820
2025-07-28,37.96,37.98,37.30,37.45,3731451
2025-07-29,37.43,37.91,37.10,37.67,6336387
2025-07-30,38.32,39.16,38.26,38.97,7846799
2025-07-31,37.45,38.22,37.09,37.15,8005923
2025-08-01,37.68,37.78,37.17,37.56,3678368
2025-08-04,37.12,37.68,37.04,37.68,3288143
2025-08-05,37.58,37.67,37.09,37.32,3405394
2025-08-06,37.14,37.38,36.75,36.75,3121336
2025-08-07,37.14,37.80,37.07,37.58,3709763
2025-08-08,37.71,37.97,37.67,37.80,3409790
2025-08-11,37.96,38.20,37.71,37.71,2605580
2025-08-12,37.88,38.27,37.80,38.22,2656232
2025-08-13,38.75,39.33,38.62,39.13,3493245
2025-08-14,38.75,39.23,38.64,39.23,2705251
2025-08-15,38.72,39.36,38.70,39.36,3038542
2025-08-18,39.24,39.36,39.02,39.07,2442386
2025-08-19,39.15,39.62,39.15,39.62,3447859
2025-08-20,39.81,40.55,39.81,40.07,4492319
2025-08-21,40.09,40.34,40.03,40.08,2140009
2025-08-22,40.36,40.57,40.08,40.19,3403653
2025-08-25,40.19,40.24,39.57,39.64,1877928
2025-08-26,40.08,40.09,39.61,39.83,2280594
2025-08-27,39.91,40.13,39.76,39.91,3757999
2025-08-28,39.87,39.88,39.41,39.44,4676933
2025-08-29,39.32,39.69,39.21,39.67,3591556
2025-09-02,39.16,39.53,38.63,38.96,4325820
2025-09-03,39.24,39.70,39.17,39.36,4207597
2025-09-04,39.36,39.69,39.18,39.61,2935651
2025-09-05,39.89,40.71,39.85,40.50,6540654
2025-09-08,39.76,40.08,39.37,40.05,2817444
2025-09-09,40.42,41.00,40.34,40.78,9420887
2025-09-10,40.54,40.63,40.38,40.50,3014128
2025-09-11,40.91,41.53,40.84,41.48,2653424
2025-09-12,41.24,41.39,40.50,40.83,4741975
2025-09-15,40.70,40.81,40.23,40.30,2793662
2025-09-16,40.30,40.42,40.02,40.05,3238835
2025-09-17,40.28,40.52,40.13,40.36,3929480
2025-09-18,40.10,40.36,40.05,40.30,2019919
2025-09-19,40.64,40.83,40.51,40.67,3691390
2025-09-22,40.65,41.10,40.53,40.91,3093521
2025-09-23,40.93,40.93,40.45,40.52,3389282
2025-09-24,40.11,40.37,39.92,40.18,3286115
2025-09-25,40.16,40.23,39.29,39.52,4638071
2025-09-26,39.93,40.23,39.46,39.85,4760844
2025-09-29,40.48,41.10,40.36,41.10,7271643
2025-09-30,41.85,43.32,41.75,43.16,11695550
2025-10-01,44.22,45.59,44.17,45.51,14144170
2025-10-02,44.71,44.96,43.65,43.69,13319350
2025-10-03,44.07,44.26,43.04,43.35,13115770
2025-10-06,43.70,44.02,43.35,43.45,6465430
2025-10-07,43.26,43.67,43.09,43.50,3867853
2025-10-08,43.76,43.90,43.34,43.35,2947936
2025-10-09,44.05,44.23,43.38,43.44,4429799
2025-10-10,43.76,43.77,43.10,43.54,5318571
2025-10-13,43.24,43.74,43.21,43.69,3151492
2025-10-14,43.81,44.16,43.70,44.15,3693655
2025-10-15,43.22,43.93,43.22,43.78,4551887
2025-10-16,43.97,44.09,43.62,43.77,2609859
2025-10-17,43.37,44.35,43.34,43.91,4076087
2025-10-20,43.88,44.30,43.70,44.12,3216791
2025-10-21,44.35,44.44,43.83,43.94,3909955
2025-10-22,44.06,44.47,44.01,44.26,3044494
2025-10-23,43.99,46.87,43.98,45.54,7897577
2025-10-24,43.79,43.99,42.84,43.24,9860195
2025-10-27,43.85,44.22,43.65,43.80,5573082
2025-10-28,44.00,44.24,42.88,43.70,8410490
2025-10-29,46.02,46.70,45.50,45.93,13924420
2025-10-30,45.93,47.16,45.82,46.94,8724758
2025-10-31,46.85,47.12,46.57,46.86,5027438
2025-11-03,46.75,46.75,46.26,46.35,4764898
2025-11-04,46.09,47.02,45.99,46.82,5065415
2025-11-05,46.56,47.04,46.52,46.69,5524960
2025-11-06,46.84,47.20,46.62,47.10,4212600
2025-11-07,46.75,46.93,46.38,46.63,5552887
2025-11-10,46.75,47.37,46.56,47.36,2861682
2025-11-11,47.83,48.48,47.82,48.41,3916115
2025-11-12,47.76,48.30,47.52,48.07,3566145
2025-11-13,48.02,48.69,48.01,48.14,4035935
2025-11-14,47.32,47.57,47.10,47.18,5054167
2025-11-17,47.60,47.98,47.42,47.53,3735109
2025-11-18,47.03,47.48,46.96,47.37,4634984
2025-11-19,47.02,47.08,46.32,46.34,6213130
2025-11-20,46.60,46.60,45.80,46.11,6208599
2025-11-21,46.49,47.31,46.47,47.19,4235435
2025-11-24,47.03,47.34,46.86,46.99,5306127
2025-11-25,47.35,47.92,47.31,47.55,6602184
2025-11-26,48.04,48.35,47.98,48.02,4282065
2025-11-28,47.88,47.90,47.41,47.86,2851788
2025-12-01,48.06,48.08,47.12,47.19,3663248
2025-12-02,48.09,48.41,47.78,48.27,4840745
2025-12-03,48.95,49.31,48.80,48.97,3696082
2025-12-04,48.95,49.05,48.53,48.57,3326056
2025-12-05,48.77,48.85,48.01,48.41,2380422
2025-12-08,48.39,48.58,48.15,48.47,4354005
2025-12-09,48.01,48.29,47.20,47.27,3782770
2025-12-10,48.04,48.44,47.82,48.41,2988235
2025-12-11,48.46,48.97,48.45,48.88,3871093
2025-12-12,48.90,48.99,48.55,48.81,2972812
2025-12-15,48.91,49.39,48.90,49.24,4059483
2025-12-16,49.28,49.35,48.52,48.78,3800683
2025-12-17,49.35,49.44,48.68,48.71,5257660
2025-12-18,48.40,48.69,48.24,48.29,3470365
2025-12-19,48.21,48.92,48.15,48.61,3286418
2025-12-22,48.65,48.88,48.50,48.59,2602844
2025-12-23,48.99,49.23,48.72,48.85,2857702
2025-12-24,48.72,49.04,48.69,48.96,1064871
2025-12-26,48.97,49.13,48.85,49.08,1207599
2025-12-29,48.92,49.23,48.92,49.11,1821112
2025-12-30,49.30,49.40,49.14,49.30,1833635
2025-12-31,49.20,49.24,48.92,49.04,1584812
2026-01-02,49.23,49.63,49.07,49.63,3486261
2026-01-05,49.50,49.56,48.59,49.02,5277928
2026-01-06,50.69,51.46,50.34,50.56,5923880
2026-01-07,50.69,51.39,50.56,50.62,5205076
2026-01-08,50.80,51.27,50.02,50.22,4406993
2026-01-09,50.43,50.80,50.36,50.39,3925737
2026-01-12,50.80,50.81,50.17,50.39,2640696
2026-01-13,49.93,50.07,49.32,49.90,3693228
2026-01-14,50.20,50.87,50.16,50.79,3684192
2026-01-15,50.48,50.50,49.07,49.12,6545320
2026-01-16,48.85,48.93,48.09,48.22,7543556
2026-01-20,48.05,48.34,47.62,47.65,8201247
2026-01-21,47.85,48.38,47.77,48.07,6516360
2026-01-22,48.41,48.75,48.08,48.65,4564463
2026-01-23,48.74,49.16,48.57,49.15,5430027
2026-01-26,49.77,50.57,49.74,50.32,4220693
2026-01-27,50.49,51.37,50.49,50.80,5105322
2026-01-28,50.17,50.61,49.59,50.10,5883597
2026-01-29,50.82,51.09,50.63,50.66,5904832
2026-01-30,51.14,51.69,51.05,51.60,5489868
2026-02-02,52.17,52.66,52.13,52.47,4151245
2026-02-03,52.49,53.38,52.43,53.34,6205900
2026-02-04,56.56,57.62,56.33,57.23,10897000
2026-02-05,57.79,59.62,57.73,59.17,13085090
2026-02-06,59.29,60.37,59.25,60.23,8149117
2026-02-09,59.92,59.94,58.61,59.01,8070939
2026-02-10,59.24,59.32,58.19,58.82,9503887
2026-02-11,58.74,58.92,58.02,58.49,6951483
2026-02-12,58.43,58.62,58.05,58.54,6244583
2026-02-13,58.87,59.17,58.56,58.93,6280813
2026-02-17,60.50,61.02,60.06,60.87,5675239
2026-02-18,61.54,61.70,60.98,61.18,5390007
2026-02-19,60.93,61.06,59.98,60.85,4868391
2026-02-20,59.87,60.05,59.33,59.52,7219656
2026-02-23,59.27,59.71,59.02,59.26,6849339
2026-02-24,59.51,59.82,59.09,59.12,5755806
2026-02-25,59.67,59.94,59.49,59.54,4627146
2026-02-26,59.00,59.07,58.05,58.07,6224595
2026-02-27,58.43,59.36,58.33,59.13,5981886
2026-03-02,58.56,58.87,58.00,58.29,3167755
2026-03-03,56.82,57.34,56.16,57.07,3914023
2026-03-04,57.02,57.03,56.29,56.83,3815317
2026-03-05,56.03,56.08,54.72,55.27,6887633
2026-03-06,54.41,54.92,54.06,54.51,6192588
2026-03-09,54.36,55.58,53.92,55.51,5966952
2026-03-10,55.53,56.05,55.09,55.32,5365332
2026-03-11,55.30,55.56,54.79,55.15,5396020
2026-03-12,54.57,54.57,53.77,54.28,5329635
2026-03-13,54.48,54.73,53.37,53.39,4661241
2026-03-16,54.20,54.58,53.70,53.77,4149076
2026-03-17,53.73,53.99,53.37,53.41,3404391
2026-03-18,52.88,52.88,51.78,52.06,4654642
2026-03-19,51.72,52.69,51.65,52.37,3990439
2026-03-20,52.17,52.40,51.55,51.84,4637321
2026-03-23,52.19,52.69,51.80,51.99,4333628
2026-03-24,51.79,53.10,51.71,52.95,4778666
2026-03-25,54.38,54.98,54.07,54.70,5306366
2026-03-26,54.58,54.88,53.85,53.94,6556812
2026-03-27,54.23,54.75,53.79,53.84,3034219
2026-03-30,54.64,54.65,54.07,54.23,3361522
2026-03-31,54.74,55.25,54.37,55.19,5532363
2026-04-01,55.52,56.45,55.41,55.99,6254070
2026-04-02,56.01,57.18,55.92,56.69,3877549
2026-04-06,56.65,56.76,56.19,56.37,2051482
2026-04-07,55.88,55.95,55.11,55.84,3845855
2026-04-08,57.03,57.41,56.51,57.37,3809531
2026-04-09,57.15,58.66,57.01,58.36,3465820
2026-04-10,59.05,59.06,58.19,58.21,4407797
2026-04-13,58.38,58.98,58.16,58.94,4153647
2026-04-14,58.96,59.57,58.14,59.18,3753518
2026-04-15,59.28,59.28,57.48,57.81,3379569
2026-04-16,57.64,57.78,57.08,57.13,3002824
2026-04-17,57.69,58.35,57.43,58.35,2986407
2026-04-20,58.17,58.27,57.30,57.35,3662217
2026-04-21,56.48,56.51,55.95,56.12,3998928
2026-04-22,56.29,56.34,55.68,55.70,3584529
2026-04-23,55.98,56.19,55.51,55.63,3454014
2026-04-24,55.22,55.27,54.19,54.44,5048859
2026-04-27,54.21,54.79,54.18,54.22,3084705
2026-04-28,54.37,55.02,54.17,54.47,6752025
2026-04-29,50.00,52.13,49.99,51.40,11238540
2026-04-30,51.91,52.63,51.63,52.31,5148349
2026-05-01,51.80,52.23,51.52,51.61,3938164
2026-05-04,51.52,51.61,50.78,50.90,3202813
2026-05-05,50.45,50.65,50.02,50.38,3521803
2026-05-06,51.09,51.22,50.52,50.53,3897572
2026-05-07,50.82,50.82,50.41,50.50,3403388
2026-05-08,50.51,50.57,50.05,50.41,2409267
2026-05-11,50.65,50.92,49.71,49.81,3575532
2026-05-12,50.53,51.19,50.34,50.90,4848760
2026-05-13,50.33,51.24,50.25,50.99,4114166
2026-05-14,51.24,51.31,50.78,50.96,3536038
2026-05-15,50.15,50.25,49.38,49.67,3915138
2026-05-18,49.79,50.53,49.79,50.26,3108116
2026-05-19,50.42,51.26,50.41,51.05,3834731
2026-05-20,51.14,51.27,50.68,50.78,2898791
2026-05-21,50.84,51.77,50.59,51.53,2102483
2026-05-22,51.56,51.80,51.13,51.38,3154091
2026-05-26,51.87,51.90,51.12,51.50,2835528
2026-05-27,51.78,52.11,51.55,51.58,3066585
2026-05-28,51.35,51.94,51.21,51.24,3965371
2026-05-29,51.07,51.26,50.51,50.54,2798032
2026-06-01,49.98,50.14,49.17,49.31,4053456
2026-06-02,48.95,49.36,48.57,49.00,2942052
2026-06-03,49.47,49.89,49.39,49.72,3811760
2026-06-04,50.81,51.27,50.70,51.27,3894031
2026-06-05,51.42,51.97,51.27,51.52,4048091
2026-06-08,50.99,51.38,50.46,50.64,4836416
2026-06-09,50.43,51.34,50.35,51.25,6115445
2026-06-10,51.32,51.62,50.98,51.17,5076049
2026-06-11,52.18,53.21,52.08,52.86,5018503
2026-06-12,53.13,53.45,52.89,53.04,3805968
2026-06-15,52.93,53.20,52.17,52.23,3434301
2026-06-16,52.62,52.72,52.01,52.22,3853989
2026-06-17,52.48,52.81,51.78,52.15,4016836
2026-06-18,51.79,51.94,50.43,50.67,4219335
2026-06-22,50.79,51.17,50.59,50.74,3735158
2026-06-23,51.63,52.12,51.51,52.07,3008450
2026-06-24,52.15,52.20,51.02,51.09,3669866
2026-06-25,51.95,52.48,51.72,51.89,3575367
2026-06-26,51.64,52.72,51.61,52.50,4205019
2026-06-29,52.48,52.93,52.10,52.81,4183345
2026-06-30,52.59,52.69,51.51,52.42,4011091
2026-07-01,52.20,52.24,51.08,51.30,3202650
2026-07-02,52.42,53.84,52.25,53.66,3802658
2026-07-06,53.80,53.80,52.45,53.09,3776825
2026-07-07,54.15,54.29,53.13,53.32,3673256
2026-07-08,52.68,53.02,52.46,52.52,3083707
2026-07-09,52.55,52.85,52.30,52.47,2358079
2026-07-10,52.98,53.06,52.31,52.78,2867670
2026-07-13,51.97,52.68,51.75,52.29,2050821
2026-07-14,51.81,51.95,51.05,51.25,3315365
2026-07-15,51.22,51.82,51.08,51.45,2800186
2026-07-16,51.48,52.85,51.40,52.77,3978763
2026-07-17,51.07,52.27,51.04,51.76,10759790
2026-07-20,51.38,51.67,50.01,50.04,5345421
2026-07-21,50.26,51.31,50.16,50.78,3901504
2026-07-22,51.73,51.83,50.68,50.76,3976764
2026-07-23,50.02,50.87,49.89,50.74,4120568
2026-07-24,51.40,51.56,51.00,51.35,5863357
2026-07-27,52.03,52.67,51.73,51.98,5503300
2026-07-28,54.24,55.78,53.59,53.71,8292871
2026-07-29,53.94,53.96,52.66,53.22,6309737
2026-07-30,52.33,52.70,51.87,52.07,6110522
2026-07-31,51.95,51.98,51.38,51.69,3982166
2026-08-03,52.10,52.27,51.05,51.51,4530772
2026-08-04,51.47,51.70,50.93,51.53,4559028
2026-08-05,52.06,52.12,51.36,51.46,2483314
2026-08-06,52.44,52.57,51.88,52.17,2506644
2026-08-07,52.71,53.09,52.42,52.96,2522112
2026-08-10,51.53,52.20,51.47,52.16,3136164
2026-08-11,51.95,52.35,50.90,50.90,2924651
2026-08-12,50.11,50.47,49.86,50.30,4093343
2026-08-13,50.56,50.63,50.18,50.45,2692535
2026-08-14,49.04,49.57,48.86,49.52,3722991
2026-08-17,49.93,50.37,49.88,50.28,2814957
2026-08-18,50.76,51.35,50.65,51.15,2828981
2026-08-19,51.40,52.95,51.35,52.88,3902448
2026-08-20,52.57,52.63,51.86,51.96,3598464
2026-08-21,51.35,52.57,51.35,52.41,2404981
2026-08-24,51.54,51.95,51.40,51.78,2886329
2026-08-25,51.57,52.21,51.51,52.07,2699124
2026-08-26,51.90,52.09,51.40,51.43,1717009
2026-08-27,50.95,51.03,50.16,50.27,2466386
2026-08-28,50.22,50.88,49.95,50.82,3432154
2026-08-31,50.62,50.82,50.25,50.25,2394075
2026-09-01,51.11,51.26,50.47,50.66,3272440
2026-09-02,50.36,51.08,50.04,50.44,2938445
2026-09-03,51.50,51.52,50.19,50.87,2443319
2026-09-04,49.70,50.06,49.66,49.89,2287091
2026-09-08,49.00,49.23,48.54,48.54,3062276
2026-09-09,48.81,49.16,48.60,48.63,2405273
2026-09-10,48.47,48.59,47.98,48.12,2151048
2026-09-11,48.70,48.80,47.85,48.13,2276994
2026-09-14,50.29,50.30,49.61,50.05,3004070
2026-09-15,49.69,50.16,49.63,50.01,2739771
