date,open,high,low,close,volume
2016-09-15,37.53,37.88,37.40,37.84,2237414
2016-09-16,37.26,37.30,37.07,37.17,3114954
2016-09-19,37.84,37.96,37.59,37.74,2221156
2016-09-20,37.87,37.92,37.63,37.80,1896019
2016-09-21,38.25,38.43,38.00,38.43,2288137
2016-09-22,38.13,38.22,37.76,37.81,2787036
2016-09-23,37.25,37.34,37.14,37.21,1992193
2016-09-26,36.99,37.06,36.79,36.84,2931740
2016-09-27,37.12,37.60,36.97,37.59,2403366
2016-09-28,37.49,37.53,37.03,37.43,1579230
2016-09-29,37.59,37.78,36.90,37.16,2728387
2016-09-30,37.32,37.77,37.23,37.61,2362987
2016-10-03,37.66,37.83,37.49,37.62,2585471
2016-10-04,38.23,38.37,37.85,37.96,3671818
2016-10-05,38.18,38.41,38.01,38.31,1995873
2016-10-06,38.20,38.27,38.05,38.21,1433571
2016-10-07,38.39,38.60,38.16,38.55,1938225
2016-10-10,38.62,38.76,38.52,38.54,1494163
2016-10-11,38.20,38.23,37.48,37.61,3158376
2016-10-12,37.73,37.77,37.49,37.68,1410838
2016-10-13,37.03,37.47,36.79,37.39,1971944
2016-10-14,37.88,37.97,37.65,37.67,1356192
2016-10-17,37.46,37.57,37.29,37.38,1405911
2016-10-18,38.31,38.49,38.12,38.33,3085346
2016-10-19,37.78,37.97,37.74,37.82,1321833
2016-10-20,37.80,38.26,37.78,38.04,2402095
2016-10-21,38.04,38.35,38.00,38.23,2043871
2016-10-24,38.35,38.37,37.99,38.08,1360966
2016-10-25,38.08,38.21,37.97,38.12,1686863
2016-10-26,37.86,38.18,37.84,38.12,1961683
2016-10-27,38.16,38.24,37.95,38.03,1809475
2016-10-28,37.69,37.99,37.66,37.85,2064755
2016-10-31,37.64,37.80,37.51,37.63,1660104
2016-11-01,37.74,37.76,37.21,37.50,2193408
2016-11-02,37.37,37.39,36.99,37.10,2143200
2016-11-03,37.24,37.37,37.01,37.09,1342676
2016-11-04,36.98,37.25,36.93,37.03,1875519
2016-11-07,38.46,38.64,38.37,38.49,3019626
2016-11-08,37.92,38.56,37.85,38.38,1732704
2016-11-09,38.19,38.95,38.18,38.70,3672405
2016-11-10,39.46,39.65,38.95,39.14,4515122
2016-11-11,38.92,39.26,38.82,39.23,3073839
2016-11-14,39.52,39.73,39.43,39.64,2269989
2016-11-15,39.51,39.99,39.44,39.95,2129016
2016-11-16,39.19,39.30,39.01,39.06,2340865
2016-11-17,39.26,39.43,39.12,39.29,1694480
2016-11-18,39.04,39.13,38.95,39.02,1374415
2016-11-21,39.42,39.49,39.23,39.47,2003124
2016-11-22,39.67,39.79,39.53,39.73,1492075
2016-11-23,39.26,40.02,39.25,39.91,1937620
2016-11-25,39.78,39.90,39.71,39.83,698783
2016-11-28,39.35,39.40,39.08,39.13,2464076
2016-11-29,39.22,39.48,39.14,39.31,1198336
2016-11-30,39.51,39.71,39.40,39.54,2535017
2016-12-01,39.40,39.73,39.35,39.54,2059586
2016-12-02,39.61,39.87,39.52,39.69,1820440
2016-12-05,39.77,39.99,39.73,39.86,1990815
2016-12-06,41.40,41.71,41.19,41.62,4700881
2016-12-07,42.40,43.07,42.36,42.96,3757493
2016-12-08,42.52,42.68,42.36,42.54,2276930
2016-12-09,42.46,42.65,42.35,42.64,2326116
2016-12-12,41.39,41.65,41.20,41.42,3793945
2016-12-13,41.86,42.17,41.67,42.06,4343186
2016-12-14,42.10,42.21,41.47,41.51,2701158
2016-12-15,41.53,41.69,41.36,41.39,2618335
2016-12-16,41.37,41.57,41.31,41.36,1919366
2016-12-19,40.79,41.00,40.66,40.89,2041221
2016-12-20,40.35,40.68,40.29,40.57,2867821
2016-12-21,40.58,40.62,40.43,40.52,1393066
2016-12-22,40.34,40.47,40.25,40.34,1382380
2016-12-23,39.69,39.92,39.58,39.87,1477661
2016-12-27,39.93,39.98,39.87,39.87,747600
2016-12-28,40.01,40.08,39.76,39.77,1166503
2016-12-29,39.84,39.87,39.64,39.77,1405547
2016-12-30,40.28,40.40,40.12,40.18,1743461
2017-01-03,41.07,41.08,40.74,40.89,2353037
2017-01-04,41.01,41.30,40.84,41.28,1398653
2017-01-05,41.05,41.21,40.92,41.16,1573939
2017-01-06,41.05,41.27,41.04,41.15,2313263
2017-01-09,40.76,40.79,40.62,40.66,1896502
2017-01-10,40.79,41.06,40.71,40.75,1764194
2017-01-11,40.99,41.35,40.82,41.35,1917668
2017-01-12,41.26,41.34,41.04,41.18,1318293
2017-01-13,41.08,41.34,41.08,41.16,1592855
2017-01-17,41.70,41.72,41.15,41.18,1988952
2017-01-18,41.79,41.98,41.56,41.91,3065440
2017-01-19,41.83,41.92,41.49,41.67,2159483
2017-01-20,41.66,41.81,41.64,41.74,1206226
2017-01-23,41.59,41.93,41.56,41.88,1394139
2017-01-24,42.07,42.25,41.99,42.10,1331036
2017-01-25,42.65,42.85,42.58,42.83,1415726
2017-01-26,42.90,43.03,42.82,42.99,1626272
2017-01-27,43.10,43.14,42.91,42.96,1353866
2017-01-30,42.63,42.66,42.41,42.50,1412395
2017-01-31,42.99,43.03,42.45,42.60,1681037
2017-02-01,43.10,43.13,42.66,42.78,2221930
2017-02-02,42.61,42.66,42.33,42.46,2379206
2017-02-03,42.72,42.95,42.66,42.78,6750675
2017-02-06,42.60,42.87,42.60,42.76,4395154
2017-02-07,42.68,42.89,42.66,42.83,2162537
2017-02-08,42.48,42.62,42.20,42.58,1868846
2017-02-09,42.92,43.19,42.85,43.06,1743938
2017-02-10,42.79,43.07,42.77,42.97,1484623
2017-02-13,42.94,43.34,42.92,43.28,2528786
2017-02-14,43.31,43.57,43.29,43.51,1664075
2017-02-15,43.79,44.18,43.73,44.09,2237731
2017-02-16,44.08,44.15,43.89,44.11,1954803
2017-02-17,43.71,43.98,43.67,43.91,1892055
2017-02-21,41.33,41.67,41.31,41.58,7478796
2017-02-22,40.85,41.35,40.85,41.18,3838982
2017-02-23,41.23,41.28,40.87,41.02,2682183
2017-02-24,40.58,40.74,40.51,40.67,2402277
2017-02-27,40.29,40.47,40.23,40.36,2040163
2017-02-28,40.18,40.34,40.15,40.30,2004013
2017-03-01,40.69,41.00,40.69,40.84,2652526
2017-03-02,40.84,40.93,40.73,40.77,2198433
2017-03-03,40.94,41.09,40.86,41.01,1643807
2017-03-06,40.85,40.88,40.62,40.77,1552541
2017-03-07,40.57,40.65,40.49,40.57,1260445
2017-03-08,40.79,40.87,40.51,40.51,1449473
2017-03-09,40.70,40.70,40.51,40.57,1883778
2017-03-10,40.49,40.59,40.36,40.58,1989154
2017-03-13,41.05,41.27,41.01,41.16,2070930
2017-03-14,40.68,40.80,40.59,40.75,1501517
2017-03-15,40.86,41.16,40.85,41.15,1917280
2017-03-16,41.43,41.53,41.24,41.41,2324764
2017-03-17,41.13,41.20,40.78,40.91,2367023
2017-03-20,40.85,40.85,40.65,40.66,2041538
2017-03-21,41.15,41.21,40.59,40.64,2746117
2017-03-22,40.30,40.59,40.27,40.50,2633916
2017-03-23,40.45,40.62,40.43,40.55,2164617
2017-03-24,40.56,40.66,40.35,40.56,1741145
2017-03-27,40.50,40.78,40.41,40.69,2366355
2017-03-28,40.75,41.16,40.74,41.05,1818976
2017-03-29,40.72,40.97,40.71,40.86,1623107
2017-03-30,40.87,41.15,40.85,41.05,1692593
2017-03-31,40.93,40.98,40.78,40.82,1625899
2017-04-03,40.69,40.73,40.25,40.56,2209956
2017-04-04,40.49,40.56,40.37,40.50,1522648
2017-04-05,40.94,41.17,40.65,40.68,2678486
2017-04-06,40.61,40.83,40.54,40.65,1807362
2017-04-07,40.67,40.73,40.50,40.57,1330723
2017-04-10,40.92,41.00,40.72,40.82,1422219
2017-04-11,41.08,41.15,40.81,41.12,1882749
2017-04-12,41.10,41.13,40.88,40.97,1292598
2017-04-13,40.26,40.47,40.14,40.16,2842630
2017-04-17,40.25,40.63,40.23,40.59,1544016
2017-04-18,40.18,40.24,39.86,40.16,2775203
2017-04-19,39.94,40.05,39.63,39.73,2413384
2017-04-20,40.00,40.08,39.95,40.03,2083290
2017-04-21,40.11,40.14,39.89,39.94,1405391
2017-04-24,40.83,40.94,40.76,40.83,2764231
2017-04-25,41.20,41.39,41.15,41.24,2075488
2017-04-26,41.24,41.41,41.17,41.18,1759361
2017-04-27,41.50,41.50,41.25,41.43,1520628
2017-04-28,41.25,41.38,41.15,41.17,1864205
2017-05-01,41.25,41.41,41.21,41.28,1027946
2017-05-02,41.40,41.46,41.28,41.41,3085063
2017-05-03,41.41,41.72,41.37,41.62,1751726
2017-05-04,43.03,43.04,42.61,42.80,4567926
2017-05-05,42.68,42.71,42.52,42.68,1675258
2017-05-08,42.87,42.87,42.61,42.69,1478120
2017-05-09,43.09,43.15,42.86,42.91,2309092
2017-05-10,43.48,43.50,43.33,43.43,2127203
2017-05-11,43.59,43.64,43.47,43.57,2781486
2017-05-12,43.68,43.75,43.58,43.73,1615493
2017-05-15,44.00,44.26,43.99,44.23,1883335
2017-05-16,44.38,44.44,44.33,44.41,1798557
2017-05-17,43.54,43.54,43.04,43.10,2555999
2017-05-18,43.04,43.29,42.99,43.12,1963114
2017-05-19,43.19,43.45,43.18,43.35,1857052
2017-05-22,43.45,43.50,43.32,43.40,1622859
2017-05-23,43.54,43.59,43.33,43.44,1535991
2017-05-24,43.39,43.46,43.13,43.27,1350230
2017-05-25,43.46,43.47,43.30,43.38,1337384
2017-05-26,43.30,43.34,43.12,43.15,1442857
2017-05-30,43.51,43.55,43.36,43.41,1244513
2017-05-31,43.95,44.00,43.42,43.49,2077165
2017-06-01,43.73,43.82,43.54,43.81,1440016
2017-06-02,43.81,43.86,43.66,43.79,1055841
2017-06-05,44.00,44.07,43.91,43.91,952562
2017-06-06,44.18,44.30,44.15,44.26,1466441
2017-06-07,44.19,44.29,44.05,44.27,1285634
2017-06-08,44.22,44.36,44.18,44.27,1286387
2017-06-09,44.26,44.38,44.01,44.21,2017575
2017-06-12,43.84,43.95,43.63,43.77,1323473
2017-06-13,43.83,43.91,43.66,43.86,1145321
2017-06-14,43.80,43.80,43.53,43.68,1414103
2017-06-15,43.71,43.91,43.67,43.81,1510514
2017-06-16,43.86,44.04,43.77,44.00,1551204
2017-06-19,44.09,44.22,44.03,44.18,1172356
2017-06-20,43.70,43.74,43.40,43.50,1492492
2017-06-21,43.56,43.62,43.42,43.47,1368214
2017-06-22,43.33,43.36,43.24,43.31,1214928
2017-06-23,43.48,43.49,43.29,43.36,1158129
2017-06-26,44.03,44.16,43.89,43.91,1571554
2017-06-27,43.95,44.21,43.87,44.11,1716585
2017-06-28,44.24,44.68,44.22,44.65,2781546
2017-06-29,46.71,46.81,46.37,46.53,5372797
2017-06-30,46.42,46.49,46.14,46.39,1751117
2017-07-03,46.93,47.27,46.88,47.24,1371470
2017-07-05,46.87,47.16,46.78,47.15,1624961
2017-07-06,47.04,47.34,47.01,47.01,1427179
2017-07-07,46.88,47.01,46.75,46.95,1381359
2017-07-10,47.52,47.70,47.47,47.65,1572683
2017-07-11,47.76,47.90,47.66,47.90,2066905
2017-07-12,47.98,48.20,47.91,48.18,1406344
2017-07-13,48.05,48.39,48.04,48.36,1156684
2017-07-14,47.80,48.30,47.76,48.21,1358796
2017-07-17,48.33,48.35,48.13,48.15,722431
2017-07-18,47.84,48.06,47.77,48.06,997749
2017-07-19,48.11,48.20,48.01,48.11,1606980
2017-07-20,48.10,48.18,48.04,48.11,1490351
2017-07-21,47.94,47.98,47.63,47.86,1425371
2017-07-24,48.04,48.31,47.90,48.22,1320178
2017-07-25,49.40,49.50,49.18,49.22,2060437
2017-07-26,49.14,49.39,49.05,49.36,1657228
2017-07-27,49.48,49.54,48.92,49.07,1264463
2017-07-28,48.64,49.00,48.58,48.90,2270558
2017-07-31,49.83,50.18,49.73,50.09,1976244
2017-08-01,50.78,50.86,50.50,50.80,1913269
2017-08-02,50.10,50.21,49.98,50.20,1305611
2017-08-03,50.07,50.17,49.90,50.06,1187598
2017-08-04,50.11,50.37,50.01,50.06,1029803
2017-08-07,50.06,50.07,49.85,49.92,622456
2017-08-08,49.65,49.95,49.62,49.78,1179228
2017-08-09,49.51,49.77,49.47,49.69,1406371
2017-08-10,48.74,48.75,48.17,48.19,1671389
2017-08-11,47.88,47.99,47.68,47.77,1403634
2017-08-14,48.27,48.38,48.16,48.17,1085492
2017-08-15,47.98,48.04,47.83,47.91,920046
2017-08-16,48.13,48.21,47.98,48.03,756948
2017-08-17,47.49,47.70,47.20,47.21,1395684
2017-08-18,47.10,47.53,47.05,47.33,1264941
2017-08-21,47.30,47.40,47.16,47.32,1075726
2017-08-22,47.41,47.63,47.41,47.53,1052155
2017-08-23,47.34,47.52,47.32,47.44,1064898
2017-08-24,47.70,47.78,47.41,47.41,881332
2017-08-25,47.93,48.06,47.58,47.77,1312838
2017-08-28,48.10,48.12,47.82,47.88,1037499
2017-08-29,47.89,48.16,47.82,48.08,1370499
2017-08-30,48.48,48.54,48.33,48.36,1335239
2017-08-31,48.55,48.58,48.20,48.40,1273936
2017-09-01,48.65,48.74,48.50,48.50,713921
2017-09-05,48.09,48.12,47.46,47.66,1453267
2017-09-06,47.44,47.73,47.40,47.58,858102
2017-09-07,47.86,47.86,47.27,47.46,989293
2017-09-08,47.94,48.12,47.84,47.86,1088444
2017-09-11,48.07,48.60,48.06,48.47,946548
2017-09-12,48.61,48.93,48.59,48.80,924494
2017-09-13,48.61,48.66,48.27,48.34,1009878
2017-09-14,48.32,48.35,48.14,48.25,1145739
2017-09-15,48.11,48.24,48.06,48.19,1222470
2017-09-18,48.57,48.72,48.54,48.66,897338
2017-09-19,48.95,49.35,48.87,49.24,1262083
2017-09-20,49.04,49.21,48.91,48.99,922157
2017-09-21,49.05,49.14,48.92,48.98,720220
2017-09-22,48.95,49.20,48.85,49.11,827228
2017-09-25,48.72,48.89,48.31,48.47,832728
2017-09-26,48.65,48.68,48.20,48.36,621680
2017-09-27,49.08,49.09,48.80,48.88,1032550
2017-09-28,48.90,49.26,48.83,49.22,1012063
2017-09-29,49.05,49.56,49.05,49.41,882340
2017-10-02,49.04,49.17,48.99,49.09,927419
2017-10-03,49.25,49.58,49.23,49.55,917542
2017-10-04,49.66,49.72,49.47,49.56,716280
2017-10-05,49.32,49.73,49.31,49.68,1044432
2017-10-06,49.28,49.54,49.27,49.50,884630
2017-10-09,49.72,49.76,49.52,49.59,609050
2017-10-10,50.20,50.60,50.17,50.60,1596944
2017-10-11,50.01,50.06,49.79,50.00,1359331
2017-10-12,49.15,49.37,49.09,49.23,1141630
2017-10-13,49.36,49.42,49.03,49.23,1509260
2017-10-16,49.27,49.39,49.20,49.34,1122142
2017-10-17,49.19,49.19,48.95,49.11,1356922
2017-10-18,49.17,49.58,49.14,49.49,1476768
2017-10-19,49.05,49.23,48.99,49.19,1770749
2017-10-20,49.46,49.55,49.33,49.54,2006023
2017-10-23,49.15,49.25,48.84,48.88,1061523
2017-10-24,49.07,49.21,49.01,49.04,902564
2017-10-25,49.37,49.47,48.93,49.19,1643513
2017-10-26,49.23,49.32,49.01,49.01,1022538
2017-10-27,49.11,49.28,48.94,49.18,1055230
2017-10-30,48.69,48.78,48.53,48.74,1692701
2017-10-31,48.94,48.94,48.70,48.77,1104807
2017-11-01,48.77,48.89,48.51,48.68,1601400
2017-11-02,48.25,48.38,48.14,48.35,1383752
2017-11-03,48.42,48.43,48.25,48.35,703781
2017-11-06,48.19,48.30,48.06,48.26,717371
2017-11-07,48.20,48.26,47.97,48.05,1531628
2017-11-08,48.27,48.45,48.20,48.35,1208776
2017-11-09,48.66,48.75,48.43,48.68,1339213
2017-11-10,48.75,48.96,48.67,48.72,1159840
2017-11-13,48.03,48.28,47.99,48.26,1059299
2017-11-14,48.04,48.37,48.02,48.32,905375
2017-11-15,48.03,48.51,47.96,48.43,837984
2017-11-16,48.40,48.45,48.16,48.27,712096
2017-11-17,48.12,48.39,48.12,48.28,614121
2017-11-20,48.34,48.41,48.23,48.34,767923
2017-11-21,48.33,48.44,48.24,48.35,984053
2017-11-22,49.18,49.26,48.97,49.18,1168898
2017-11-24,49.10,49.15,48.99,49.04,420123
2017-11-27,49.23,49.40,49.04,49.04,929735
2017-11-28,49.37,49.89,49.24,49.83,1736350
2017-11-29,49.86,50.07,49.49,49.79,1701696
2017-11-30,49.83,49.98,49.56,49.65,1995983
2017-12-01,49.55,49.74,49.16,49.56,1770869
2017-12-04,49.53,49.62,49.25,49.34,1189985
2017-12-05,49.26,49.34,49.03,49.08,1151586
2017-12-06,48.60,48.66,48.46,48.55,1185328
2017-12-07,48.46,48.92,48.42,48.82,1201265
2017-12-08,49.28,49.41,49.05,49.37,1249366
2017-12-11,49.93,50.28,49.93,50.20,1830084
2017-12-12,50.20,50.63,50.18,50.55,1019382
2017-12-13,51.46,51.71,51.38,51.44,2272404
2017-12-14,50.94,51.10,50.86,50.91,1425644
2017-12-15,50.25,50.31,50.09,50.17,1374212
2017-12-18,50.69,50.90,50.58,50.70,1454183
2017-12-19,50.58,50.69,50.41,50.54,874682
2017-12-20,51.17,51.19,50.86,51.10,7156055
2017-12-21,51.11,51.52,51.07,51.47,2968890
2017-12-22,51.45,51.73,51.35,51.66,2048320
2017-12-26,51.41,51.72,51.41,51.52,1407406
2017-12-27,51.38,51.53,51.32,51.48,1459298
2017-12-28,51.38,51.55,51.36,51.52,1207341
2017-12-29,51.73,51.85,51.64,51.64,2013391
2018-01-02,52.00,52.44,51.89,52.41,2119621
2018-01-03,51.67,52.17,51.67,52.15,2283554
2018-01-04,52.05,52.31,52.03,52.26,2857377
2018-01-05,52.02,52.18,51.89,52.17,1871550
2018-01-08,51.63,51.85,51.62,51.75,1255309
2018-01-09,51.98,52.25,51.98,52.15,1272735
2018-01-10,53.88,54.18,53.70,53.92,2724483
2018-01-11,54.17,54.34,54.09,54.30,1322742
2018-01-12,54.38,54.88,54.35,54.83,2114071
2018-01-16,54.64,55.20,54.63,54.90,3301509
2018-01-17,54.96,55.70,54.83,55.62,2676841
2018-01-18,54.97,55.54,54.91,55.39,2950458
2018-01-19,55.10,55.36,55.10,55.36,3266078
2018-01-22,55.35,55.50,55.23,55.47,1814781
2018-01-23,55.37,55.56,55.26,55.46,2032417
2018-01-24,55.86,55.89,55.40,55.60,2080249
2018-01-25,55.60,55.60,55.07,55.12,1517042
2018-01-26,55.22,55.45,55.01,55.42,1798163
2018-01-29,54.64,54.95,54.61,54.74,1628217
2018-01-30,54.50,54.56,54.15,54.20,1703871
2018-01-31,54.14,54.28,53.85,53.91,1548181
2018-02-01,54.01,54.23,53.90,54.13,1299832
2018-02-02,53.73,53.78,53.20,53.29,1617545
2018-02-05,53.02,53.30,51.54,51.58,3259442
2018-02-06,51.09,52.52,50.97,52.35,3951112
2018-02-07,51.47,52.20,51.47,51.74,2342722
2018-02-08,52.33,52.34,50.85,50.85,2723399
2018-02-09,51.16,51.70,50.15,51.39,3197360
2018-02-12,50.98,51.66,50.79,51.38,2054924
2018-02-13,51.63,51.80,51.48,51.68,1414235
2018-02-14,52.33,53.31,52.29,53.20,1806235
2018-02-15,53.86,53.88,53.25,53.75,2071518
2018-02-16,53.67,54.16,53.62,53.83,1681528
2018-02-20,51.83,52.13,51.54,52.02,3009266
2018-02-21,52.32,52.93,52.18,52.18,1984461
2018-02-22,51.13,51.31,50.77,51.04,1844739
2018-02-23,50.96,51.26,50.93,51.23,1392910
2018-02-26,50.79,51.16,50.74,51.16,1565237
2018-02-27,50.46,50.68,50.15,50.16,2137296
2018-02-28,50.32,50.39,49.60,49.63,1895566
2018-03-01,49.93,49.99,49.27,49.60,2672360
2018-03-02,49.14,49.52,48.93,49.48,2283728
2018-03-05,48.69,49.47,48.62,49.31,1555858
2018-03-06,49.45,49.49,49.09,49.38,1675240
2018-03-07,49.11,49.31,48.78,49.24,1217350
2018-03-08,49.12,49.20,48.88,49.09,1278213
2018-03-09,49.26,49.60,49.19,49.55,1304103
2018-03-12,49.43,49.56,49.36,49.39,1408302
2018-03-13,49.40,49.51,48.92,49.04,1416081
2018-03-14,49.00,49.04,48.64,48.73,1693153
2018-03-15,48.98,49.43,48.96,49.25,1176544
2018-03-16,49.58,49.82,49.56,49.59,2542138
2018-03-19,49.65,49.67,49.16,49.43,1204049
2018-03-20,49.61,49.66,49.38,49.44,1257844
2018-03-21,49.43,49.65,49.09,49.34,1291866
2018-03-22,48.38,48.49,47.91,48.03,2613757
2018-03-23,47.81,48.01,47.30,47.30,2916487
2018-03-26,48.12,48.31,47.64,48.24,2851041
2018-03-27,48.38,48.39,47.40,47.61,2274059
2018-03-28,47.50,47.95,47.31,47.73,1806020
2018-03-29,47.45,47.81,47.23,47.67,2412976
2018-04-02,47.60,47.73,46.91,47.34,2018898
2018-04-03,47.30,47.46,46.99,47.45,1849858
2018-04-04,46.75,47.63,46.73,47.60,2019944
2018-04-05,47.58,47.87,47.53,47.74,2159625
2018-04-06,47.34,47.62,46.98,47.17,1887507
2018-04-09,47.76,48.16,47.59,47.73,1314845
2018-04-10,48.22,48.37,48.10,48.26,1195586
2018-04-11,48.80,48.80,48.39,48.40,1302446
2018-04-12,48.90,49.17,48.79,49.10,1291190
2018-04-13,49.60,49.60,49.05,49.13,1471579
2018-04-16,48.82,48.88,48.55,48.74,1157793
2018-04-17,48.98,49.00,48.78,48.84,965125
2018-04-18,48.76,48.89,48.48,48.57,1059904
2018-04-19,49.47,49.73,49.36,49.41,1710478
2018-04-20,49.69,49.78,49.51,49.62,1260413
2018-04-23,49.86,50.03,49.77,49.95,1283491
2018-04-24,50.10,50.39,49.84,49.98,1599718
2018-04-25,49.93,50.29,49.74,50.12,1277799
2018-04-26,49.99,50.14,49.88,49.96,812413
2018-04-27,49.91,50.33,49.88,50.23,925019
2018-04-30,50.35,50.56,50.26,50.26,1108091
2018-05-01,50.20,50.20,49.91,50.13,871658
2018-05-02,50.19,50.36,49.90,49.96,1024404
2018-05-03,49.95,49.98,49.26,49.84,1837938
2018-05-04,47.97,49.04,47.97,48.98,1793813
2018-05-07,48.82,48.95,48.71,48.79,1441368
2018-05-08,48.37,48.65,48.30,48.63,1335120
2018-05-09,49.07,49.61,49.06,49.54,1538434
2018-05-10,49.49,49.96,49.37,49.93,1320788
2018-05-11,50.38,50.45,50.15,50.18,1100489
2018-05-14,50.27,50.41,50.16,50.22,821479
2018-05-15,50.34,50.49,50.12,50.19,1335977
2018-05-16,50.26,50.48,50.18,50.31,1257376
2018-05-17,49.64,49.80,49.45,49.64,1202534
2018-05-18,49.97,50.02,49.67,49.78,1085881
2018-05-21,49.86,50.11,49.84,49.97,798463
2018-05-22,50.66,50.77,50.48,50.51,1347302
2018-05-23,50.02,50.07,49.55,49.76,1401730
2018-05-24,49.55,49.59,49.09,49.33,1222123
2018-05-25,49.07,49.28,49.00,49.14,960075
2018-05-29,48.39,48.63,47.98,48.16,1927905
2018-05-30,48.04,48.77,48.04,48.64,1510840
2018-05-31,48.38,48.49,48.13,48.38,1432474
2018-06-01,48.84,48.96,48.65,48.77,1294240
2018-06-04,49.20,49.23,48.98,49.08,913120
2018-06-05,48.95,48.99,48.62,48.72,818985
2018-06-06,49.01,49.42,48.90,49.35,2087149
2018-06-07,49.52,49.63,49.23,49.32,884351
2018-06-08,49.31,49.44,49.06,49.38,750901
2018-06-11,48.83,49.45,48.83,49.29,1941844
2018-06-12,49.37,49.55,49.24,49.26,1044029
2018-06-13,49.63,49.64,49.30,49.30,1110469
2018-06-14,49.37,49.58,49.13,49.16,1598374
2018-06-15,48.54,48.64,48.35,48.51,1417736
2018-06-18,48.21,48.52,48.14,48.51,879811
2018-06-19,47.92,48.20,47.74,48.09,1606877
2018-06-20,48.73,48.74,48.24,48.25,1131596
2018-06-21,47.77,47.81,47.27,47.42,1674776
2018-06-22,48.13,48.29,47.90,47.95,2119797
2018-06-25,47.24,47.32,47.00,47.16,1575183
2018-06-26,47.32,47.60,47.09,47.50,1206757
2018-06-27,47.20,47.36,46.55,46.57,1586650
2018-06-28,46.77,47.04,46.65,46.94,1118785
2018-06-29,47.40,47.67,47.11,47.14,1553557
2018-07-02,46.25,46.54,46.23,46.52,1413335
2018-07-03,46.87,46.93,46.71,46.73,1328457
2018-07-05,47.05,47.26,46.93,47.11,1171268
2018-07-06,46.62,47.18,46.51,47.14,1050832
2018-07-09,47.46,47.89,47.43,47.85,1315912
2018-07-10,47.36,47.53,47.32,47.45,1196197
2018-07-11,47.09,47.27,46.70,46.77,1190269
2018-07-12,47.50,47.61,47.31,47.55,1288020
2018-07-13,47.49,47.50,47.20,47.44,706281
2018-07-16,47.20,47.58,47.16,47.50,993219
2018-07-17,47.19,47.25,47.03,47.04,1084364
2018-07-18,47.18,47.52,47.09,47.43,1524711
2018-07-19,47.33,47.40,47.01,47.14,1016133
2018-07-20,47.24,47.48,47.16,47.38,866349
2018-07-23,47.65,47.91,47.61,47.79,894360
2018-07-24,48.67,48.87,48.35,48.41,1378958
2018-07-25,48.14,48.56,48.08,48.50,991419
2018-07-26,48.31,48.41,48.00,48.04,938397
2018-07-27,48.37,48.54,48.05,48.21,1052105
2018-07-30,48.15,48.40,48.11,48.17,1093971
2018-07-31,48.72,48.81,48.40,48.42,1392431
2018-08-01,47.58,47.78,47.30,47.41,1264810
2018-08-02,46.42,46.66,46.35,46.61,1337677
2018-08-03,47.13,47.29,47.07,47.19,1236079
2018-08-06,46.54,46.58,46.27,46.42,1327870
2018-08-07,47.04,47.13,46.70,46.74,930291
2018-08-08,47.06,47.25,46.96,47.15,1012558
2018-08-09,47.27,47.32,46.91,46.97,893168
2018-08-10,46.31,46.62,46.19,46.39,1721142
2018-08-13,46.16,46.30,45.93,45.99,1177493
2018-08-14,46.05,46.17,45.97,46.02,1178935
2018-08-15,45.36,45.36,45.05,45.27,1680936
2018-08-16,45.19,45.28,45.02,45.08,1038058
2018-08-17,44.66,45.02,44.57,44.92,950329
2018-08-20,44.97,45.14,44.93,45.05,870124
2018-08-21,45.04,45.25,44.96,45.09,1079737
2018-08-22,45.19,45.26,44.96,45.19,1163187
2018-08-23,44.58,44.71,44.41,44.48,1533721
2018-08-24,44.58,44.70,44.52,44.52,918650
2018-08-27,44.81,45.40,44.81,45.33,907659
2018-08-28,45.17,45.24,44.90,44.91,888218
2018-08-29,44.87,45.13,44.80,45.09,1022935
2018-08-30,44.41,44.55,44.28,44.34,1235090
2018-08-31,44.10,44.22,43.85,44.01,1073982
2018-09-04,43.89,44.16,43.74,44.10,948706
2018-09-05,43.99,44.10,43.68,43.78,1248822
2018-09-06,43.65,43.69,43.19,43.30,1317014
2018-09-07,42.82,43.01,42.78,42.82,1477198
2018-09-10,43.07,43.10,42.87,42.91,1200349
2018-09-11,42.53,42.92,42.46,42.81,1293230
2018-09-12,42.75,42.99,42.63,42.93,1364961
2018-09-13,43.54,43.67,43.47,43.61,1767044
2018-09-14,43.51,43.63,43.39,43.55,1330862
2018-09-17,43.68,43.72,43.49,43.53,780098
2018-09-18,43.30,43.42,43.27,43.29,1087498
2018-09-19,44.01,44.33,43.97,44.19,1191592
2018-09-20,44.84,44.90,44.55,44.79,1353937
2018-09-21,44.93,45.06,44.81,44.92,887088
2018-09-24,45.15,45.16,44.56,44.65,2116846
2018-09-25,44.95,45.03,44.72,44.76,1242373
2018-09-26,45.22,45.33,44.88,44.90,1699335
2018-09-27,45.18,45.28,44.85,44.88,1427244
2018-09-28,44.20,44.30,43.95,43.99,1541539
2018-10-01,44.00,44.20,43.98,44.11,997444
2018-10-02,43.48,43.64,43.38,43.60,1354658
2018-10-03,43.99,44.30,43.89,44.16,1301837
2018-10-04,44.47,44.65,43.95,44.20,1219128
2018-10-05,44.13,44.13,43.70,43.82,1221954
2018-10-08,43.45,43.63,43.16,43.56,1343176
2018-10-09,43.42,43.65,43.21,43.50,1296824
2018-10-10,43.97,43.98,43.17,43.17,1500150
2018-10-11,42.54,42.55,41.59,41.78,3867541
2018-10-12,42.30,42.30,41.48,41.98,2150137
2018-10-15,41.64,42.03,41.59,41.76,1887958
2018-10-16,41.45,41.79,41.34,41.73,1770021
2018-10-17,41.38,41.84,41.20,41.53,1490838
2018-10-18,40.87,40.94,40.01,40.15,12463230
2018-10-19,40.64,40.76,40.37,40.46,9964672
2018-10-22,40.61,40.66,40.25,40.35,6436728
2018-10-23,39.71,39.80,39.26,39.40,8433196
2018-10-24,39.19,39.19,38.54,38.57,4870812
2018-10-25,38.99,39.31,38.85,39.14,3032636
2018-10-26,38.63,38.91,38.23,38.66,3658912
2018-10-29,40.93,41.04,39.94,40.18,4054351
2018-10-30,40.50,40.72,40.34,40.67,2676153
2018-10-31,41.16,41.38,41.07,41.09,2499415
2018-11-01,41.47,41.56,41.33,41.56,2240033
2018-11-02,42.33,42.36,41.73,41.96,2120454
2018-11-05,41.86,42.02,41.52,41.70,2119548
2018-11-06,41.58,41.79,41.53,41.79,2043037
2018-11-07,42.15,42.28,41.83,42.28,2091522
2018-11-08,42.26,42.41,41.79,41.93,1586592
2018-11-09,41.24,41.37,41.07,41.23,2799200
2018-11-12,41.24,41.24,40.80,40.88,1609572
2018-11-13,41.51,42.02,41.48,41.79,2919090
2018-11-14,42.10,42.10,41.34,41.77,1899480
2018-11-15,41.45,42.42,41.35,42.40,2151243
2018-11-16,41.83,42.28,41.77,42.24,1909948
2018-11-19,42.19,42.24,41.65,41.91,1588272
2018-11-20,41.26,41.39,40.96,41.05,1539363
2018-11-21,42.18,42.28,41.87,41.87,1519004
2018-11-23,41.92,41.94,41.71,41.74,775619
2018-11-26,43.04,43.28,43.03,43.17,2172067
2018-11-27,42.88,43.03,42.68,42.85,1571290
2018-11-28,42.77,43.32,42.57,43.27,1936419
2018-11-29,42.72,42.99,42.69,42.81,1519557
2018-11-30,42.24,42.62,42.21,42.54,1542037
2018-12-03,43.47,43.59,43.27,43.47,2232734
2018-12-04,43.26,43.32,42.33,42.55,3636161
2018-12-06,40.80,41.01,39.58,41.01,5616368
2018-12-07,41.38,41.65,40.68,40.85,2877827
2018-12-10,40.74,40.86,39.99,40.41,3089840
2018-12-11,40.87,40.91,40.10,40.26,2524477
2018-12-12,41.38,41.77,41.26,41.35,2489213
2018-12-13,41.46,41.56,41.17,41.32,1969839
2018-12-14,40.69,41.09,40.69,40.90,1246958
2018-12-17,40.98,41.07,40.54,40.70,1964980
2018-12-18,41.17,41.28,40.67,40.79,1923031
2018-12-19,41.12,41.39,40.30,40.34,3760628
2018-12-20,41.15,41.28,40.74,40.98,4317103
2018-12-21,40.97,41.45,40.41,40.56,4191906
2018-12-24,40.54,40.88,40.28,40.37,1771123
2018-12-26,40.64,41.23,40.01,41.23,2421162
2018-12-27,40.30,40.70,39.85,40.70,3242731
2018-12-28,41.01,41.34,40.88,41.07,2190405
2018-12-31,41.17,41.41,40.84,41.11,1719904
2019-01-02,40.37,40.91,40.25,40.88,2565040
2019-01-03,40.53,40.77,40.29,40.43,1478404
2019-01-04,41.33,41.85,41.26,41.61,3059913
2019-01-07,41.04,41.26,40.86,41.05,2212255
2019-01-08,41.51,41.57,40.95,41.16,2883260
2019-01-09,41.46,41.57,41.13,41.44,2733703
2019-01-10,41.13,41.66,41.10,41.53,1690624
2019-01-11,41.29,41.66,41.21,41.42,2055921
2019-01-14,40.91,41.32,40.89,40.98,2759901
2019-01-15,40.95,41.26,40.81,41.22,1962618
2019-01-16,41.43,41.79,41.40,41.54,1480486
2019-01-17,41.15,41.53,41.14,41.49,1632450
2019-01-18,42.04,42.10,41.80,41.92,1598543
2019-01-22,41.41,41.57,41.25,41.38,2288119
2019-01-23,41.70,41.74,41.44,41.64,1219945
2019-01-24,41.17,41.47,41.17,41.41,1410317
2019-01-25,41.87,42.05,41.76,41.86,1606235
2019-01-28,41.53,41.69,41.44,41.62,1331324
2019-01-29,42.20,42.35,42.03,42.08,1605236
2019-01-30,42.57,42.68,42.32,42.48,1879798
2019-01-31,41.90,42.14,41.77,42.13,1925694
2019-02-01,41.58,41.95,41.53,41.71,1496688
2019-02-04,41.77,41.99,41.72,41.97,1492506
2019-02-05,42.17,42.37,42.09,42.34,901948
2019-02-06,42.22,42.37,42.05,42.10,1241972
2019-02-07,42.00,42.10,41.61,41.82,1048233
2019-02-08,41.60,41.75,41.46,41.75,973976
2019-02-11,41.81,41.92,41.65,41.68,1515942
2019-02-12,42.03,42.16,41.97,42.10,1085815
2019-02-13,42.55,42.68,42.30,42.33,1592385
2019-02-14,42.24,42.52,42.13,42.37,2038656
2019-02-15,42.79,42.92,42.65,42.80,1562106
2019-02-19,41.16,41.55,40.93,41.52,6951878
2019-02-20,41.84,42.22,41.77,42.13,3105627
2019-02-21,40.95,40.96,40.66,40.81,2306149
2019-02-22,40.72,40.77,40.60,40.71,1601319
2019-02-25,40.66,40.76,40.53,40.59,1951270
2019-02-26,40.54,40.84,40.52,40.76,1667586
2019-02-27,40.98,41.19,40.94,41.13,1823837
2019-02-28,40.87,41.15,40.78,40.83,2357442
2019-03-01,40.77,40.95,40.49,40.61,1988605
2019-03-04,40.70,40.79,40.51,40.68,2050115
2019-03-05,40.88,41.12,40.81,41.00,1677882
2019-03-06,41.08,41.14,40.92,40.97,1071511
2019-03-07,40.94,40.97,40.69,40.87,2177512
2019-03-08,40.65,40.91,40.65,40.87,1630619
2019-03-11,40.94,41.07,40.92,41.01,1770765
2019-03-12,41.00,41.13,40.98,41.07,1232669
2019-03-13,40.98,41.17,40.91,41.12,1975720
2019-03-14,41.14,41.28,41.02,41.14,2359268
2019-03-15,41.13,41.47,41.13,41.41,2898178
2019-03-18,41.42,41.57,41.31,41.53,2314833
2019-03-19,41.49,41.61,41.31,41.38,2119529
2019-03-20,41.33,41.46,41.19,41.21,1949505
2019-03-21,41.20,41.27,40.99,41.07,3258585
2019-03-22,40.66,40.72,40.34,40.42,2574343
2019-03-25,40.56,40.66,40.35,40.43,2316205
2019-03-26,40.56,40.64,40.41,40.58,1508336
2019-03-27,40.59,40.72,40.31,40.65,2269798
2019-03-28,40.38,40.52,40.28,40.51,2618524
2019-03-29,40.68,40.71,40.41,40.58,1968053
2019-04-01,41.39,41.84,41.36,41.76,3113347
2019-04-02,42.16,42.30,42.07,42.15,2876449
2019-04-03,42.61,42.72,42.50,42.55,2406089
2019-04-04,42.18,42.44,42.18,42.30,1445468
2019-04-05,42.60,42.66,42.42,42.48,1407362
2019-04-08,42.45,42.58,42.33,42.56,1140055
2019-04-09,42.77,42.79,42.56,42.63,1624762
2019-04-10,42.62,42.69,42.25,42.54,4159945
2019-04-11,42.66,42.75,42.47,42.59,1388014
2019-04-12,43.16,43.27,43.00,43.04,1618170
2019-04-15,43.04,43.04,42.82,42.89,907951
2019-04-16,43.33,43.44,43.18,43.33,1296535
2019-04-17,43.63,43.63,43.33,43.46,1443102
2019-04-18,43.34,43.39,43.24,43.25,917421
2019-04-22,43.09,43.30,43.02,43.22,695354
2019-04-23,43.06,43.23,43.01,43.15,1144716
2019-04-24,42.86,42.88,42.71,42.83,1134253
2019-04-25,42.52,42.84,42.48,42.76,1607331
2019-04-26,43.07,43.09,42.95,43.07,1025666
2019-04-29,43.14,43.38,43.13,43.30,1250505
2019-04-30,43.27,43.63,43.18,43.57,1825545
2019-05-01,43.52,43.62,43.19,43.20,2108319
2019-05-02,43.50,43.64,43.40,43.47,2154313
2019-05-03,44.53,44.93,44.49,44.70,2373920
2019-05-06,43.39,43.87,43.33,43.79,2412596
2019-05-07,43.28,43.29,43.02,43.15,2457157
2019-05-08,42.87,43.00,42.79,42.84,2055814
2019-05-09,42.20,42.81,42.12,42.78,2214138
2019-05-10,42.56,42.97,42.40,42.86,1450751
2019-05-13,42.26,42.37,42.00,42.07,1615734
2019-05-14,42.16,42.34,42.05,42.15,1500228
2019-05-15,42.22,42.67,42.13,42.56,1593262
2019-05-16,42.15,42.37,42.13,42.23,1561847
2019-05-17,41.58,41.83,41.55,41.61,1784055
2019-05-20,41.31,41.50,41.24,41.42,1857738
2019-05-21,41.66,41.83,41.57,41.68,1550428
2019-05-22,41.55,41.84,41.55,41.70,1583545
2019-05-23,41.69,41.83,41.51,41.81,1777676
2019-05-24,41.96,42.06,41.87,42.00,978366
2019-05-28,41.70,41.83,41.56,41.56,1573296
2019-05-29,41.17,41.58,41.17,41.56,2005016
2019-05-30,41.33,41.43,41.20,41.29,1927319
2019-05-31,40.56,40.83,40.50,40.77,2017618
2019-06-03,40.87,40.96,40.74,40.84,1837347
2019-06-04,41.09,41.26,40.98,41.19,1873240
2019-06-05,41.11,41.17,40.96,41.14,1450055
2019-06-06,41.03,41.26,40.91,41.18,1575097
2019-06-07,41.45,41.60,41.40,41.46,1411657
2019-06-10,41.58,41.80,41.55,41.64,959944
2019-06-11,41.88,41.90,41.72,41.75,1232216
2019-06-12,41.49,41.49,41.22,41.22,1507820
2019-06-13,41.19,41.20,40.98,41.05,1178663
2019-06-14,40.74,40.81,40.65,40.76,1683994
2019-06-17,41.00,41.04,40.60,40.64,1121781
2019-06-18,41.15,41.44,41.07,41.24,1701497
2019-06-19,41.61,41.62,41.40,41.42,1186067
2019-06-20,41.56,41.67,41.45,41.65,2226705
2019-06-21,41.11,41.32,41.03,41.10,2861412
2019-06-24,41.05,41.27,41.02,41.06,901971
2019-06-25,41.09,41.20,40.96,40.98,1164760
2019-06-26,41.39,41.41,41.14,41.16,1695053
2019-06-27,41.47,41.57,41.37,41.41,1267445
2019-06-28,41.67,41.87,41.56,41.74,1703374
2019-07-01,42.00,42.05,41.75,41.87,1221031
2019-07-02,42.02,42.15,41.96,42.08,1208969
2019-07-03,42.04,42.16,42.03,42.10,751345
2019-07-05,42.13,42.17,41.90,42.08,1028228
2019-07-08,41.65,41.87,41.58,41.81,991356
2019-07-09,41.74,41.86,41.66,41.84,1250893
2019-07-10,41.76,41.90,41.58,41.65,1193341
2019-07-11,41.67,41.73,41.59,41.70,1043145
2019-07-12,41.68,41.72,41.60,41.63,883600
2019-07-15,41.80,41.81,41.65,41.70,1036407
2019-07-16,41.56,41.73,41.49,41.50,856222
2019-07-17,41.42,41.44,41.18,41.23,1042330
2019-07-18,41.40,41.45,41.27,41.43,952166
2019-07-19,41.20,41.43,41.20,41.34,1380681
2019-07-22,41.40,41.45,41.23,41.43,1125538
2019-07-23,41.82,41.86,41.64,41.65,1472404
2019-07-24,41.04,41.14,41.00,41.09,1443607
2019-07-25,41.01,41.11,40.73,40.91,2571295
2019-07-26,41.04,41.14,40.97,41.05,926618
2019-07-29,40.83,40.94,40.60,40.60,1269416
2019-07-30,40.42,40.48,40.30,40.39,1471916
2019-07-31,40.10,40.30,39.92,40.16,2099771
2019-08-01,40.11,40.38,39.70,39.72,3585253
2019-08-02,39.41,39.42,39.03,39.36,2878004
2019-08-05,38.43,38.49,37.83,37.99,5503789
2019-08-06,38.62,38.62,38.06,38.32,3278798
2019-08-07,37.98,38.37,37.88,38.27,3152545
2019-08-08,38.11,38.43,37.98,38.35,3152703
2019-08-09,37.82,37.87,37.53,37.78,3493836
2019-08-12,36.81,37.06,36.72,36.79,4140434
2019-08-13,36.76,37.22,36.71,37.01,4212830
2019-08-14,36.29,36.41,36.00,36.00,10349040
2019-08-15,35.88,35.98,35.62,35.64,6716791
2019-08-16,36.04,36.28,35.98,36.12,4915559
2019-08-19,36.72,36.76,36.50,36.56,3781592
2019-08-20,36.36,36.40,36.13,36.17,2650767
2019-08-21,36.47,36.50,36.20,36.26,2403834
2019-08-22,36.24,36.29,36.07,36.20,1970058
2019-08-23,36.13,36.28,35.60,35.63,4864178
2019-08-26,35.81,35.86,35.55,35.60,1719935
2019-08-27,35.83,35.84,35.49,35.56,2604683
2019-08-28,35.49,35.62,35.35,35.53,2355325
2019-08-29,35.98,36.15,35.87,35.96,3388668
2019-08-30,36.18,36.20,35.84,35.90,2621833
2019-09-03,35.76,35.92,35.72,35.88,2868165
2019-09-04,36.82,36.82,36.66,36.72,4398627
2019-09-05,36.78,36.89,36.72,36.80,3022197
2019-09-06,36.98,36.98,36.83,36.90,1645749
2019-09-09,37.14,37.62,37.10,37.45,4295165
2019-09-10,38.04,38.13,37.77,38.12,4841355
2019-09-11,38.65,38.71,38.48,38.60,3324059
2019-09-12,38.39,38.82,38.34,38.74,2713649
2019-09-13,39.13,39.29,39.10,39.14,2659913
2019-09-16,38.54,38.62,38.33,38.39,2391626
2019-09-17,38.04,38.35,38.00,38.30,1866276
2019-09-18,38.08,38.27,38.02,38.20,1540124
2019-09-19,38.44,38.46,38.23,38.23,1197755
2019-09-20,38.38,38.46,38.12,38.16,2642045
2019-09-23,37.99,38.18,37.91,38.11,1247598
2019-09-24,38.08,38.18,37.84,37.91,1615495
2019-09-25,37.84,38.07,37.76,37.98,1205207
2019-09-26,38.42,38.49,38.10,38.10,2228615
2019-09-27,38.38,38.41,38.01,38.14,1729421
2019-09-30,38.44,38.60,38.27,38.27,1721316
2019-10-01,38.07,38.09,37.74,37.86,2880146
2019-10-02,37.31,37.33,37.03,37.13,3463330
2019-10-03,37.14,37.42,36.94,37.35,2887992
2019-10-04,36.82,37.25,36.77,37.21,2289909
2019-10-07,37.19,37.33,37.16,37.16,1903833
2019-10-08,36.74,36.83,36.54,36.68,2610010
2019-10-09,36.91,37.03,36.76,36.93,2462564
2019-10-10,36.64,36.94,36.56,36.90,2573857
2019-10-11,38.47,38.55,38.15,38.20,6597939
2019-10-14,38.07,38.36,38.06,38.24,6644071
2019-10-15,37.88,38.73,37.88,38.60,5845613
2019-10-16,38.84,38.90,38.63,38.66,2596972
2019-10-17,39.08,39.23,38.83,38.87,2411910
2019-10-18,38.68,38.84,38.65,38.73,1749794
2019-10-21,39.20,39.22,39.08,39.15,1304795
2019-10-22,39.36,39.53,39.20,39.21,2700175
2019-10-23,39.13,39.36,39.13,39.36,2803715
2019-10-24,39.67,39.69,39.38,39.46,2469828
2019-10-25,39.22,39.56,39.22,39.52,2292178
2019-10-28,38.02,38.22,38.00,38.09,5230841
2019-10-29,37.94,38.02,37.86,37.97,2108185
2019-10-30,37.81,37.97,37.64,37.93,1986439
2019-10-31,37.69,37.80,37.49,37.79,1667580
2019-11-01,37.78,38.12,37.75,38.07,2146058
2019-11-04,38.52,38.56,38.43,38.52,1896762
2019-11-05,38.43,38.52,38.37,38.43,1575203
2019-11-06,38.42,38.53,38.35,38.50,1960364
2019-11-07,38.55,38.63,38.37,38.44,2693714
2019-11-08,38.26,38.29,38.07,38.24,1635098
2019-11-11,37.47,37.81,37.46,37.71,1942862
2019-11-12,37.79,37.89,37.67,37.68,1862026
2019-11-13,36.75,37.02,36.74,36.90,2993183
2019-11-14,36.85,36.88,36.61,36.81,2659604
2019-11-15,36.78,37.04,36.74,37.01,5882806
2019-11-18,37.24,37.31,37.10,37.24,1993457
2019-11-19,37.87,37.87,37.38,37.44,2086416
2019-11-20,37.18,37.26,37.02,37.10,1956419
2019-11-21,36.82,36.91,36.70,36.84,2146128
2019-11-22,37.29,37.34,37.09,37.19,1681556
2019-11-25,37.53,37.60,37.44,37.59,1649882
2019-11-26,37.45,37.53,37.32,37.53,2238563
2019-11-27,37.74,37.76,37.60,37.62,4132020
2019-11-29,37.27,37.31,37.21,37.26,1197086
2019-12-02,36.97,37.00,36.73,36.81,3649278
2019-12-03,36.30,36.35,36.05,36.33,3661887
2019-12-04,36.39,36.56,36.31,36.47,2990382
2019-12-05,36.51,36.54,36.29,36.37,1910614
2019-12-06,36.95,36.98,36.72,36.87,2120433
2019-12-09,36.90,37.04,36.80,36.83,2684300
2019-12-10,36.85,36.87,36.69,36.71,1631044
2019-12-11,36.98,37.16,36.89,37.16,2749037
2019-12-12,37.50,38.00,37.45,37.93,3952823
2019-12-13,38.55,38.74,38.24,38.43,3773517
2019-12-16,39.27,39.27,38.91,38.92,2293017
2019-12-17,38.90,39.02,38.80,38.91,1582731
2019-12-18,39.01,39.19,38.95,39.03,1792175
2019-12-19,38.86,39.00,38.81,38.88,1373672
2019-12-20,39.06,39.12,38.87,38.89,1905051
2019-12-23,38.56,38.78,38.56,38.78,1651850
2019-12-24,38.82,38.88,38.69,38.69,579896
2019-12-26,38.75,38.92,38.73,38.92,1116933
2019-12-27,39.17,39.20,38.97,39.00,1401949
2019-12-30,39.18,39.21,38.95,38.98,1308944
2019-12-31,38.81,39.09,38.81,39.09,1321519
2020-01-02,39.14,39.37,39.08,39.37,2046887
2020-01-03,38.63,38.93,38.61,38.76,1694757
2020-01-06,38.28,38.65,38.28,38.63,1807548
2020-01-07,38.27,38.39,38.22,38.34,2643382
2020-01-08,37.90,38.38,37.90,38.25,2299602
2020-01-09,38.47,38.52,38.28,38.50,1542541
2020-01-10,38.32,38.34,38.12,38.14,1529513
2020-01-13,38.23,38.55,38.15,38.52,2120247
2020-01-14,38.32,38.49,38.28,38.38,1466274
2020-01-15,38.31,38.46,38.23,38.35,1264879
2020-01-16,38.32,38.65,38.29,38.62,1364598
2020-01-17,38.83,38.85,38.68,38.77,1213271
2020-01-21,38.18,38.24,37.92,37.93,2374972
2020-01-22,38.12,38.16,38.02,38.07,1783629
2020-01-23,37.87,37.87,37.45,37.72,2911306
2020-01-24,38.15,38.18,37.41,37.52,5358037
2020-01-27,36.53,36.75,36.37,36.51,3943609
2020-01-28,36.68,36.87,36.62,36.73,3447700
2020-01-29,36.90,36.92,36.58,36.70,1904668
2020-01-30,36.62,37.07,36.59,37.04,3016062
2020-01-31,36.50,36.53,36.13,36.29,2838131
2020-02-03,36.09,36.38,36.03,36.06,1980648
2020-02-04,36.72,36.76,36.50,36.54,1990622
2020-02-05,36.94,37.02,36.81,36.98,1575739
2020-02-06,37.17,37.21,37.03,37.10,1713118
2020-02-07,37.42,37.52,37.26,37.30,2172432
2020-02-10,37.35,37.44,37.22,37.44,1327631
2020-02-11,38.22,38.32,38.15,38.25,2362263
2020-02-12,38.49,38.61,38.45,38.60,1794029
2020-02-13,38.25,38.53,38.19,38.21,4016909
2020-02-14,38.39,38.40,37.72,37.94,5071182
2020-02-18,36.13,36.25,35.80,35.82,9252276
2020-02-19,36.35,36.35,36.12,36.23,7778168
2020-02-20,35.98,36.24,35.94,36.17,5853574
2020-02-21,36.21,36.46,36.11,36.46,4318541
2020-02-24,35.43,35.65,35.34,35.50,5695003
2020-02-25,35.36,35.40,34.66,34.82,5912259
2020-02-26,35.55,35.87,35.48,35.67,8365626
2020-02-27,34.22,34.51,33.78,33.82,7766479
2020-02-28,33.16,33.64,32.77,33.57,9456454
2020-03-02,33.27,33.78,32.95,33.77,7591433
2020-03-03,33.53,33.73,32.34,32.57,11539250
2020-03-04,32.99,33.26,32.70,33.23,6846698
2020-03-05,32.67,32.81,32.44,32.73,7171792
2020-03-06,31.93,32.34,31.86,32.26,5397632
2020-03-09,30.65,31.27,30.25,30.45,11090570
2020-03-10,31.71,31.75,30.82,31.67,10960040
2020-03-11,31.27,31.33,30.67,30.91,7740571
2020-03-12,28.66,28.86,27.70,28.55,9113576
2020-03-13,29.52,29.92,28.37,29.90,8070274
2020-03-16,26.93,28.70,26.83,28.14,6648843
2020-03-17,29.15,29.84,28.56,29.70,9833670
2020-03-18,28.43,29.13,27.99,28.60,12958210
2020-03-19,28.78,29.53,28.71,29.08,10479420
2020-03-20,29.60,29.66,28.59,28.81,7821469
2020-03-23,29.15,29.23,27.81,28.13,8219256
2020-03-24,29.32,30.08,28.84,29.59,7844320
2020-03-25,29.47,30.42,29.08,29.70,7512773
2020-03-26,29.30,30.21,29.22,30.13,7979577
2020-03-27,28.82,29.50,28.56,28.87,6997786
2020-03-30,28.42,28.91,28.27,28.86,4859009
2020-03-31,28.09,28.37,27.87,28.01,6354681
2020-04-01,25.35,25.80,25.10,25.14,8467037
2020-04-02,24.12,24.91,23.95,24.53,6858004
2020-04-03,24.36,24.50,24.12,24.33,4787229
2020-04-06,25.63,25.63,25.27,25.43,5738418
2020-04-07,26.16,26.22,25.49,25.60,5344133
2020-04-08,25.89,26.17,25.60,26.01,3658140
2020-04-09,26.19,26.95,26.17,26.76,5431135
2020-04-13,26.60,26.70,26.29,26.44,2393795
2020-04-14,26.91,27.15,26.72,26.85,4450501
2020-04-15,25.53,25.68,25.39,25.45,4751615
2020-04-16,25.28,25.39,25.03,25.26,4177672
2020-04-17,25.81,26.01,25.63,25.96,5217151
2020-04-20,25.62,26.00,25.49,25.52,4658955
2020-04-21,24.69,24.94,24.48,24.68,4814976
2020-04-22,25.12,25.16,24.81,24.97,3187382
2020-04-23,24.94,25.35,24.91,25.01,2688884
2020-04-24,25.16,25.18,24.69,24.98,2346187
2020-04-27,25.38,25.93,25.30,25.82,4986099
2020-04-28,26.00,26.17,25.77,25.88,4608326
2020-04-29,26.56,26.77,26.38,26.58,4871465
2020-04-30,25.98,26.02,25.61,25.73,2843024
2020-05-01,25.34,25.39,25.12,25.28,3700899
2020-05-04,24.78,24.81,24.54,24.76,3705171
2020-05-05,24.93,25.00,24.81,24.89,3439513
2020-05-06,24.91,24.95,24.73,24.82,3178617
2020-05-07,25.07,25.52,25.07,25.21,3561567
2020-05-08,25.68,25.76,25.52,25.63,2448931
2020-05-11,25.24,25.53,25.14,25.49,2868059
2020-05-12,25.60,25.62,25.02,25.03,3179287
2020-05-13,24.96,24.96,24.53,24.70,4114873
2020-05-14,23.96,24.59,23.88,24.54,5744531
2020-05-15,24.16,24.37,24.05,24.33,3705688
2020-05-18,24.92,25.37,24.89,25.26,5019915
2020-05-19,25.04,25.20,24.88,24.90,4313324
2020-05-20,25.16,25.31,25.08,25.13,3509686
2020-05-21,24.40,24.62,24.31,24.40,4310978
2020-05-22,23.33,23.43,22.95,22.97,7830198
2020-05-26,23.63,24.04,23.62,23.81,7400628
2020-05-27,24.35,24.42,24.04,24.17,6310092
2020-05-28,23.60,23.88,23.45,23.59,6666069
2020-05-29,22.99,23.13,22.67,23.05,7846753
2020-06-01,23.26,23.84,23.19,23.82,5091392
2020-06-02,24.14,24.25,23.96,24.15,5270346
2020-06-03,24.99,25.35,24.98,25.26,8289529
2020-06-04,24.87,25.23,24.77,25.15,4502954
2020-06-05,27.01,27.04,26.51,26.55,9976536
2020-06-08,26.70,26.76,26.15,26.67,6161520
2020-06-09,25.62,25.88,25.54,25.75,4818613
2020-06-10,25.66,25.71,25.20,25.29,4923679
2020-06-11,23.98,24.12,23.42,23.52,6515580
2020-06-12,24.04,24.22,23.51,23.98,5047638
2020-06-15,23.38,23.90,23.28,23.82,4298411
2020-06-16,24.52,24.58,23.89,24.14,4751015
2020-06-17,24.01,24.02,23.82,23.91,4177904
2020-06-18,23.58,23.72,23.52,23.70,3318679
2020-06-19,24.29,24.30,23.90,24.06,3628284
2020-06-22,23.69,23.84,23.60,23.68,3666568
2020-06-23,24.21,24.33,24.06,24.14,3493126
2020-06-24,23.91,23.91,23.46,23.52,3800105
2020-06-25,23.66,24.07,23.57,24.06,3873726
2020-06-26,23.90,23.90,23.32,23.36,3900311
2020-06-29,23.52,23.72,23.45,23.59,2835595
2020-06-30,23.18,23.43,23.12,23.33,4331877
2020-07-01,23.19,23.41,23.11,23.20,3684667
2020-07-02,24.13,24.38,24.02,24.26,4540977
2020-07-06,25.25,25.64,25.22,25.64,4810206
2020-07-07,24.78,24.93,24.56,24.60,3773478
2020-07-08,23.99,24.13,23.91,24.09,6168362
2020-07-09,23.87,23.88,23.43,23.52,4136677
2020-07-10,23.57,23.92,23.57,23.88,3519684
2020-07-13,23.99,24.09,23.78,23.89,3253971
2020-07-14,23.78,24.02,23.71,23.95,3731466
2020-07-15,24.26,24.40,24.15,24.27,3346232
2020-07-16,24.12,24.32,24.05,24.11,2670507
2020-07-17,23.82,23.84,23.57,23.61,2854289
2020-07-20,23.48,23.70,23.42,23.63,2315504
2020-07-21,24.20,24.30,23.96,24.16,2654764
2020-07-22,23.51,23.65,23.41,23.56,3284572
2020-07-23,23.46,23.54,23.29,23.35,3619787
2020-07-24,23.30,23.44,23.22,23.24,2420731
2020-07-27,22.72,22.81,22.55,22.67,2991962
2020-07-28,22.60,22.87,22.57,22.75,3262940
2020-07-29,23.45,23.59,23.27,23.57,3848911
2020-07-30,22.59,22.78,22.41,22.76,3823927
2020-07-31,22.58,22.67,22.34,22.65,5842836
2020-08-03,21.42,21.84,21.35,21.58,5069721
2020-08-04,21.63,21.98,21.58,21.91,2890557
2020-08-05,21.70,21.91,21.70,21.82,2678140
2020-08-06,21.21,21.43,21.21,21.38,3423503
2020-08-07,20.99,21.37,20.98,21.34,4322195
2020-08-10,21.38,21.77,21.35,21.69,3810547
2020-08-11,22.42,22.82,22.35,22.49,6771887
2020-08-12,23.39,23.40,23.08,23.12,4418679
2020-08-13,22.71,22.79,22.28,22.34,2615249
2020-08-14,22.13,22.35,22.12,22.28,1900040
2020-08-17,22.25,22.28,22.05,22.20,2297243
2020-08-18,22.05,22.07,21.84,21.89,2145040
2020-08-19,21.87,22.11,21.87,21.95,1954164
2020-08-20,21.56,21.72,21.52,21.72,2807952
2020-08-21,21.37,21.64,21.37,21.64,2742125
2020-08-24,21.77,22.25,21.70,22.25,4130586
2020-08-25,22.10,22.20,21.96,22.06,3699353
2020-08-26,21.86,21.91,21.75,21.82,2644117
2020-08-27,21.67,21.81,21.58,21.65,2418597
2020-08-28,22.13,22.15,21.93,22.04,2177576
2020-08-31,21.90,21.99,21.59,21.63,2542762
2020-09-01,21.27,21.39,21.10,21.24,3354481
2020-09-02,21.20,21.45,21.18,21.43,2818002
2020-09-03,21.33,21.52,20.99,21.06,4469811
2020-09-04,21.35,21.44,21.03,21.37,3747670
2020-09-08,20.93,21.00,20.80,20.87,3358753
2020-09-09,21.27,21.37,21.15,21.21,3462130
2020-09-10,21.01,21.11,20.69,20.71,2903012
2020-09-11,20.60,20.70,20.54,20.67,2486501
2020-09-14,20.82,20.86,20.62,20.64,2286595
2020-09-15,20.87,20.87,20.64,20.71,2528955
2020-09-16,20.33,20.56,20.26,20.39,2411305
2020-09-17,20.04,20.23,20.00,20.14,2274424
2020-09-18,19.85,19.89,19.70,19.73,4128070
2020-09-21,18.57,18.78,18.38,18.64,6124492
2020-09-22,18.69,18.78,18.26,18.35,4592217
2020-09-23,18.69,18.85,18.36,18.42,3992144
2020-09-24,18.40,18.54,18.20,18.39,3656001
2020-09-25,18.01,18.12,17.95,18.11,3674055
2020-09-28,19.80,19.99,19.64,19.96,6159773
2020-09-29,19.26,19.50,19.17,19.40,6594535
2020-09-30,19.53,19.71,19.49,19.58,4283386
2020-10-01,19.64,19.68,19.37,19.51,2858544
2020-10-02,19.54,20.06,19.53,19.87,4991185
2020-10-05,19.91,20.09,19.84,19.96,2690772
2020-10-06,20.23,20.36,19.94,19.99,4145137
2020-10-07,20.31,20.44,20.23,20.37,2584492
2020-10-08,20.32,20.40,20.21,20.32,2361763
2020-10-09,20.32,20.35,20.05,20.13,2152207
2020-10-12,20.25,20.25,20.09,20.25,2303268
2020-10-13,19.84,19.86,19.63,19.77,2888611
2020-10-14,19.44,19.54,19.23,19.23,2996893
2020-10-15,19.07,19.40,19.02,19.40,2195268
2020-10-16,19.63,19.80,19.58,19.71,1808641
2020-10-19,19.88,20.09,19.75,19.84,2858411
2020-10-20,19.86,20.09,19.83,19.91,2120899
2020-10-21,19.82,19.98,19.80,19.88,2030086
2020-10-22,19.85,20.25,19.84,20.17,2650597
2020-10-23,21.02,21.04,20.75,20.88,5142463
2020-10-26,21.07,21.08,20.64,20.73,5468522
2020-10-27,21.83,21.83,21.41,21.52,4722662
2020-10-28,20.72,20.80,20.43,20.51,3861586
2020-10-29,20.79,21.19,20.58,21.15,3685758
2020-10-30,20.91,21.00,20.73,20.98,3047989
2020-11-02,21.40,21.49,21.23,21.41,2516257
2020-11-03,22.44,22.69,22.32,22.54,6205634
2020-11-04,21.73,21.77,21.42,21.47,4185407
2020-11-05,21.90,22.13,21.81,22.02,2780714
2020-11-06,22.42,22.44,22.16,22.28,2312129
2020-11-09,24.52,24.74,24.34,24.59,7283852
2020-11-10,24.59,24.76,24.46,24.46,4017458
2020-11-11,25.35,25.59,25.07,25.31,5876003
2020-11-12,24.37,24.45,24.22,24.26,3298875
2020-11-13,24.43,24.61,24.40,24.53,2703894
2020-11-16,25.56,25.64,25.37,25.48,2717202
2020-11-17,24.67,24.95,24.52,24.91,2804913
2020-11-18,25.52,25.69,25.24,25.24,2212777
2020-11-19,25.14,25.39,25.02,25.38,2017112
2020-11-20,25.32,25.43,25.20,25.27,1933169
2020-11-23,25.46,25.62,25.46,25.61,2688693
2020-11-24,26.16,26.70,26.16,26.66,5645171
2020-11-25,26.60,26.79,26.33,26.75,2636079
2020-11-27,26.86,27.07,26.80,26.89,2204077
2020-11-30,26.39,26.41,25.87,25.89,3536427
2020-12-01,26.69,27.31,26.66,27.29,3364438
2020-12-02,27.46,27.95,27.38,27.78,3005642
2020-12-03,28.13,28.48,28.03,28.16,2750682
2020-12-04,28.62,28.74,28.30,28.37,2614119
2020-12-07,27.52,27.53,27.26,27.32,3040631
2020-12-08,26.51,26.74,26.49,26.62,2883644
2020-12-09,27.21,27.27,26.70,26.91,2448121
2020-12-10,26.31,27.18,26.31,26.78,3266569
2020-12-11,26.50,26.60,26.37,26.55,1852428
2020-12-14,27.04,27.13,26.65,26.68,2319986
2020-12-15,26.74,27.05,26.62,26.94,2977768
2020-12-16,26.79,26.91,26.57,26.66,1777487
2020-12-17,26.93,26.98,26.67,26.69,1688071
2020-12-18,26.58,26.58,26.00,26.20,2589582
2020-12-21,25.13,25.68,25.08,25.58,3313987
2020-12-22,25.64,25.68,25.45,25.53,1910185
2020-12-23,25.62,26.14,25.62,26.03,2789239
2020-12-24,26.13,26.15,25.96,26.05,536537
2020-12-28,25.94,25.98,25.79,25.85,2376873
2020-12-29,26.01,26.06,25.76,25.82,1646455
2020-12-30,26.16,26.18,25.85,25.94,1698589
2020-12-31,25.76,25.93,25.75,25.91,1314482
2021-01-04,26.06,26.18,25.66,25.74,2713390
2021-01-05,25.57,25.94,25.53,25.93,2697291
2021-01-06,27.57,28.32,27.50,28.21,7157327
2021-01-07,28.04,28.29,27.96,28.07,3532438
2021-01-08,28.03,28.08,27.64,27.87,2092073
2021-01-11,27.25,27.59,27.25,27.49,1661017
2021-01-12,28.00,28.08,27.84,28.01,1565339
2021-01-13,27.49,27.65,27.36,27.42,2211612
2021-01-14,27.65,28.00,27.64,27.79,2370973
2021-01-15,27.50,27.59,27.12,27.35,1908014
2021-01-19,27.98,28.03,27.73,28.01,1934963
2021-01-20,27.75,27.84,27.61,27.81,1193076
2021-01-21,28.61,28.64,28.24,28.45,2084394
2021-01-22,27.78,27.91,27.65,27.82,1340378
2021-01-25,27.21,27.39,27.08,27.30,2032190
2021-01-26,27.50,27.55,27.38,27.50,1751886
2021-01-27,27.53,27.56,27.21,27.29,1926591
2021-01-28,26.88,27.27,26.75,27.11,2074589
2021-01-29,26.47,26.52,26.06,26.15,2470230
2021-02-01,26.42,26.44,26.14,26.30,1203234
2021-02-02,26.46,26.73,26.41,26.59,1516033
2021-02-03,26.33,26.57,26.30,26.49,1647243
2021-02-04,26.80,27.05,26.80,26.96,2143625
2021-02-05,27.09,27.15,26.66,26.74,1587879
2021-02-08,26.91,27.03,26.69,26.83,2107214
2021-02-09,27.11,27.39,27.07,27.30,2330767
2021-02-10,27.76,27.79,27.45,27.54,1852110
2021-02-11,27.39,27.43,27.21,27.33,1054203
2021-02-12,27.60,27.86,27.58,27.80,1301315
2021-02-16,29.30,29.82,29.20,29.77,2646313
2021-02-17,29.69,29.95,29.59,29.91,1871430
2021-02-18,29.29,29.42,29.03,29.40,2194983
2021-02-19,29.70,29.91,29.49,29.56,1548405
2021-02-22,29.90,30.34,29.76,29.98,2766152
2021-02-23,29.96,30.23,29.69,29.85,2716056
2021-02-24,29.96,30.43,29.89,30.36,2489800
2021-02-25,31.15,31.21,30.06,30.18,4418804
2021-02-26,30.09,30.09,29.53,29.71,3278803
2021-03-01,29.30,29.50,29.17,29.37,2239715
2021-03-02,29.68,29.84,29.51,29.62,1939274
2021-03-03,30.01,30.30,29.97,30.03,2048021
2021-03-04,29.95,30.00,29.39,29.69,2733792
2021-03-05,30.74,30.76,30.09,30.64,2556809
2021-03-08,31.34,31.59,31.11,31.42,2677954
2021-03-09,31.07,31.15,30.86,30.91,2107832
2021-03-10,31.07,31.14,30.87,31.08,1994161
2021-03-11,29.69,29.84,29.48,29.58,2304437
2021-03-12,29.57,29.82,29.55,29.74,2153254
2021-03-15,29.54,29.59,29.21,29.58,1786037
2021-03-16,29.64,29.64,29.10,29.39,1770420
2021-03-17,29.84,30.02,29.61,29.84,2479834
2021-03-18,30.19,30.92,30.18,30.40,3789997
2021-03-19,29.59,30.00,29.30,29.94,3088753
2021-03-22,29.50,29.51,29.26,29.34,1678736
2021-03-23,29.10,29.32,29.00,29.02,1591150
2021-03-24,28.77,29.11,28.75,28.75,2480696
2021-03-25,28.57,29.11,28.56,29.03,2237270
2021-03-26,29.09,29.25,28.93,29.16,1735645
2021-03-29,28.94,29.11,28.76,28.98,1473925
2021-03-30,29.25,29.57,29.20,29.44,1790317
2021-03-31,29.38,29.44,29.08,29.14,2120898
2021-04-01,29.23,29.30,29.05,29.26,2433918
2021-04-05,29.52,29.64,29.38,29.47,779312
2021-04-06,29.50,29.70,29.32,29.35,1689622
2021-04-07,29.73,29.87,29.58,29.74,2142211
2021-04-08,30.09,30.31,29.83,30.29,3561864
2021-04-09,30.12,30.20,29.83,29.90,1604887
2021-04-12,29.80,29.92,29.62,29.74,1081487
2021-04-13,29.25,29.34,29.10,29.25,1595203
2021-04-14,29.19,29.61,29.19,29.48,2002212
2021-04-15,29.32,29.35,28.99,29.27,1545588
2021-04-16,29.46,29.64,29.40,29.59,1595498
2021-04-19,29.89,30.01,29.75,29.77,1885638
2021-04-20,29.34,29.37,29.00,29.06,2014700
2021-04-21,28.79,29.23,28.73,29.19,1223229
2021-04-22,28.70,28.91,28.56,28.62,2035511
2021-04-23,28.65,29.14,28.58,29.03,1050387
2021-04-26,29.28,29.48,29.27,29.33,2258947
2021-04-27,30.33,30.73,30.29,30.72,2871063
2021-04-28,30.65,30.97,30.63,30.83,2402959
2021-04-29,31.86,31.90,31.58,31.72,2535827
2021-04-30,31.53,31.56,31.18,31.22,1464333
2021-05-03,30.63,30.77,30.43,30.65,3101950
2021-05-04,30.90,31.04,30.48,30.71,2142427
2021-05-05,31.45,31.60,31.31,31.51,1058564
2021-05-06,31.61,31.68,31.34,31.62,1472034
2021-05-07,31.19,31.63,31.13,31.60,1079323
2021-05-10,32.00,32.17,31.79,31.81,1498157
2021-05-11,31.04,31.41,30.89,31.18,2176013
2021-05-12,31.24,31.41,30.76,30.81,2816309
2021-05-13,30.78,31.22,30.73,31.16,2265850
2021-05-14,31.46,31.79,31.44,31.73,2284539
2021-05-17,31.21,31.53,31.07,31.40,1879936
2021-05-18,31.73,31.87,31.43,31.43,1196819
2021-05-19,31.22,31.54,30.97,31.51,1736026
2021-05-20,31.44,31.58,31.32,31.49,1103116
2021-05-21,31.53,31.56,31.32,31.43,996337
2021-05-24,31.32,31.63,31.25,31.57,1798666
2021-05-25,31.86,31.99,31.46,31.51,1554929
2021-05-26,31.16,31.68,31.12,31.53,1181481
2021-05-27,31.78,32.02,31.75,31.96,2011969
2021-05-28,32.23,32.43,32.12,32.38,2305674
2021-06-01,31.69,31.86,31.61,31.65,2980108
2021-06-02,31.88,32.15,31.73,32.06,3002523
2021-06-03,31.80,31.88,31.49,31.54,2146687
2021-06-04,31.55,31.55,31.32,31.50,1335366
2021-06-07,31.61,31.62,31.46,31.53,1163842
2021-06-08,31.42,31.50,31.30,31.35,1128965
2021-06-09,31.07,31.10,30.83,30.86,1663456
2021-06-10,31.05,31.12,30.70,30.70,1753315
2021-06-11,30.65,30.86,30.55,30.85,1332329
2021-06-14,31.02,31.12,30.90,30.97,1909430
2021-06-15,30.58,31.00,30.56,30.83,2501174
2021-06-16,30.91,31.02,30.68,30.90,2464124
2021-06-17,31.09,31.14,30.45,30.58,2781944
2021-06-18,29.88,29.96,29.53,29.56,3386579
2021-06-21,29.56,29.78,29.50,29.74,2457589
2021-06-22,29.52,29.55,29.34,29.43,1593435
2021-06-23,29.57,29.68,29.34,29.41,1577917
2021-06-24,29.54,29.68,29.42,29.59,1115664
2021-06-25,29.76,29.86,29.65,29.78,1086487
2021-06-28,29.45,29.47,29.13,29.31,1398388
2021-06-29,29.24,29.35,28.95,28.97,1313729
2021-06-30,28.86,29.04,28.75,28.85,1234858
2021-07-01,29.10,29.19,29.00,29.18,1186454
2021-07-02,28.92,28.94,28.64,28.84,2816032
2021-07-06,29.06,29.06,28.54,28.71,1842739
2021-07-07,28.56,28.89,28.48,28.80,1649049
2021-07-08,28.19,28.33,28.00,28.17,2157734
2021-07-09,28.38,28.82,28.16,28.72,2070452
2021-07-12,28.29,28.75,28.16,28.63,1988840
2021-07-13,28.61,28.68,28.42,28.65,2055261
2021-07-14,28.77,28.89,28.38,28.55,1471967
2021-07-15,28.19,28.43,28.16,28.32,1510089
2021-07-16,28.04,28.08,27.63,27.70,3335788
2021-07-19,26.99,27.07,26.69,26.79,3036265
2021-07-20,26.51,27.13,26.45,27.04,2921553
2021-07-21,27.42,27.77,27.42,27.66,2055199
2021-07-22,27.84,27.86,27.46,27.52,1990997
2021-07-23,27.85,27.85,27.52,27.61,2388447
2021-07-26,27.63,27.96,27.63,27.81,2408080
2021-07-27,27.71,28.02,27.54,27.95,1905926
2021-07-28,27.34,27.77,27.34,27.71,2431198
2021-07-29,28.12,28.17,27.80,27.82,1345314
2021-07-30,27.67,27.93,27.51,27.57,1567769
2021-08-02,27.54,27.73,27.32,27.43,2920320
2021-08-03,27.68,27.89,27.33,27.86,2053869
2021-08-04,27.71,27.94,27.66,27.81,2189159
2021-08-05,27.87,28.12,27.81,28.11,1254410
2021-08-06,28.25,28.48,28.20,28.41,1871473
2021-08-09,28.37,28.53,28.28,28.39,1161436
2021-08-10,28.08,28.42,28.03,28.34,2118460
2021-08-11,28.55,28.67,28.48,28.63,1785472
2021-08-12,28.50,28.54,28.25,28.47,1485261
2021-08-13,28.60,28.65,28.41,28.44,1239277
2021-08-16,28.18,28.19,27.97,28.18,1690857
2021-08-17,27.85,27.98,27.67,27.89,1933562
2021-08-18,27.67,28.05,27.62,27.78,1993228
2021-08-19,27.08,27.22,26.85,26.96,2689903
2021-08-20,26.92,27.19,26.87,27.15,2117723
2021-08-23,27.03,27.24,27.01,27.17,1712367
2021-08-24,26.66,26.93,26.66,26.88,2600544
2021-08-25,27.23,27.50,27.08,27.39,1626176
2021-08-26,27.33,27.36,26.95,26.97,1541495
2021-08-27,26.96,27.19,26.93,27.15,1391970
2021-08-30,27.14,27.14,26.68,26.68,1407245
2021-08-31,26.43,26.74,26.39,26.44,2204713
2021-09-01,26.76,26.79,26.59,26.67,1531353
2021-09-02,26.52,26.81,26.48,26.62,1490266
2021-09-03,26.60,26.74,26.56,26.61,1667419
2021-09-07,26.32,26.57,26.24,26.25,2102620
2021-09-08,26.26,26.31,26.07,26.09,1950395
2021-09-09,25.96,26.23,25.88,25.99,1619943
2021-09-10,26.18,26.18,25.92,25.98,1779708
2021-09-13,26.24,26.43,26.17,26.33,1314165
2021-09-14,26.24,26.26,25.61,25.64,2382252
2021-09-15,25.74,25.91,25.68,25.75,1969243
2021-09-16,25.76,25.80,25.39,25.49,2080186
2021-09-17,26.16,26.20,25.72,25.75,3307345
2021-09-20,25.16,25.16,24.31,24.61,5179062
2021-09-21,24.87,24.89,24.39,24.53,3544477
2021-09-22,25.43,25.69,25.36,25.37,3379330
2021-09-23,25.61,25.96,25.60,25.84,2745626
2021-09-24,25.66,25.79,25.56,25.76,2694588
2021-09-27,26.26,26.59,26.24,26.50,2423210
2021-09-28,26.35,26.45,25.85,25.96,2418030
2021-09-29,26.41,26.48,26.12,26.34,1861814
2021-09-30,26.43,26.48,26.07,26.15,1892892
2021-10-01,26.21,26.52,26.10,26.38,1606761
2021-10-04,26.29,26.54,26.05,26.10,2126364
2021-10-05,26.56,26.96,26.44,26.88,2813634
2021-10-06,27.65,27.79,27.42,27.71,4313381
2021-10-07,28.36,28.46,28.15,28.18,3388659
2021-10-08,28.41,28.62,28.36,28.47,2074198
2021-10-11,29.16,29.38,28.79,28.80,4698916
2021-10-12,28.98,29.15,28.89,29.03,2691827
2021-10-13,28.99,29.12,28.73,29.02,2488048
2021-10-14,29.33,29.40,29.07,29.19,1496291
2021-10-15,29.86,30.06,29.58,29.97,2610387
2021-10-18,29.68,29.79,29.61,29.66,1546592
2021-10-19,29.84,29.89,29.75,29.86,1212583
2021-10-20,29.60,30.02,29.57,29.94,1384427
2021-10-21,30.00,30.09,29.88,30.00,1819455
2021-10-22,29.95,30.14,29.85,30.02,1716202
2021-10-25,30.29,30.54,30.22,30.50,1997585
2021-10-26,30.65,30.89,30.63,30.72,2716533
2021-10-27,30.52,30.77,30.34,30.42,1467449
2021-10-28,30.37,30.54,30.27,30.41,1379677
2021-10-29,30.34,30.40,29.98,30.07,1915009
2021-11-01,30.40,30.57,30.36,30.56,1578929
2021-11-02,29.97,30.23,29.84,30.20,1740873
2021-11-03,30.05,30.45,30.05,30.30,1515061
2021-11-04,29.50,29.52,29.02,29.25,2614230
2021-11-05,29.57,29.68,29.27,29.32,1910021
2021-11-08,29.46,29.62,29.24,29.25,1727374
2021-11-09,29.13,29.19,28.95,29.03,1372930
2021-11-10,29.10,29.21,28.87,28.90,1367125
2021-11-11,29.00,29.09,28.93,28.99,1176419
2021-11-12,28.93,29.07,28.89,29.00,1607511
2021-11-15,29.24,29.36,29.18,29.28,2193690
2021-11-16,29.51,29.66,29.42,29.49,2000633
2021-11-17,29.78,29.80,29.50,29.55,1477421
2021-11-18,29.58,29.65,29.44,29.54,1448044
2021-11-19,28.97,29.15,28.78,29.10,1705157
2021-11-22,29.09,29.32,29.06,29.10,1803237
2021-11-23,29.65,29.80,29.51,29.62,1917492
2021-11-24,29.47,29.66,29.46,29.61,1182138
2021-11-26,27.97,28.01,27.51,27.77,2290479
2021-11-29,28.06,28.13,27.62,27.84,2181726
2021-11-30,27.83,27.91,27.55,27.68,2810803
2021-12-01,28.37,28.54,27.84,27.85,2640390
2021-12-02,28.44,28.82,28.41,28.66,2695006
2021-12-03,28.67,28.75,28.23,28.42,3418192
2021-12-06,28.85,28.99,28.76,28.83,2310700
2021-12-07,29.17,29.39,29.13,29.31,2062991
2021-12-08,29.11,29.26,29.00,29.05,1343691
2021-12-09,28.99,29.12,28.87,29.08,1375256
2021-12-10,29.09,29.12,28.91,29.09,1100112
2021-12-13,28.74,28.76,28.38,28.41,2000539
2021-12-14,28.62,28.94,28.62,28.73,2015325
2021-12-15,28.96,28.96,28.53,28.78,1881452
2021-12-16,29.77,29.90,29.59,29.67,3064013
2021-12-17,29.65,29.66,29.27,29.30,2604678
2021-12-20,29.36,29.39,29.06,29.29,2619638
2021-12-21,29.35,29.49,29.34,29.36,1913192
2021-12-22,29.48,29.65,29.41,29.60,1929170
2021-12-23,29.89,30.09,29.85,29.87,1770637
2021-12-27,29.93,30.11,29.75,30.07,1317215
2021-12-28,29.89,30.32,29.89,30.15,2098370
2021-12-29,30.27,30.35,30.14,30.22,2267491
2021-12-30,30.28,30.41,30.14,30.17,1997417
2021-12-31,30.17,30.25,30.06,30.15,692361
2022-01-03,30.38,30.59,30.32,30.45,1705995
2022-01-04,31.70,31.98,31.68,31.82,4272106
2022-01-05,31.69,31.89,31.53,31.55,4292835
2022-01-06,32.33,32.48,32.22,32.45,4006227
2022-01-07,32.55,32.84,32.52,32.74,2878268
2022-01-10,33.37,33.40,33.20,33.33,2926209
2022-01-11,33.52,33.76,33.42,33.73,2904532
2022-01-12,34.15,34.34,34.10,34.28,2810353
2022-01-13,34.88,35.27,34.84,35.00,3744222
2022-01-14,35.10,35.38,35.02,35.35,4300992
2022-01-18,35.02,35.16,34.91,35.03,3340230
2022-01-19,35.02,35.11,34.69,34.77,2679287
2022-01-20,34.49,34.82,34.27,34.31,2378675
2022-01-21,34.14,34.24,33.78,33.87,3353714
2022-01-24,33.44,33.54,32.81,33.53,4612927
2022-01-25,34.13,34.68,33.75,34.50,4603868
2022-01-26,35.40,35.45,34.80,35.06,3493065
2022-01-27,36.39,36.60,35.56,35.75,4901664
2022-01-28,35.50,35.52,35.04,35.45,2849204
2022-01-31,35.68,35.69,35.30,35.57,2249675
2022-02-01,36.43,36.93,36.41,36.88,3328350
2022-02-02,37.02,37.30,36.93,37.23,2329212
2022-02-03,37.38,37.49,36.87,36.94,2805077
2022-02-04,36.74,37.20,36.68,37.10,2795213
2022-02-07,37.42,37.72,37.27,37.55,3049676
2022-02-08,38.17,38.30,38.02,38.25,3140948
2022-02-09,37.97,38.08,37.77,37.80,2899513
2022-02-10,37.87,38.24,37.77,37.86,2859242
2022-02-11,38.09,38.61,37.72,37.81,4949908
2022-02-14,37.85,37.90,37.29,37.53,4692278
2022-02-15,37.49,37.63,37.30,37.42,3000426
2022-02-16,36.91,37.34,36.90,37.16,3136248
2022-02-17,36.58,36.75,36.33,36.50,2774911
2022-02-18,36.84,37.05,36.73,36.81,2640877
2022-02-22,37.01,37.35,36.84,37.09,3822826
2022-02-23,37.33,37.54,36.83,36.95,3071646
2022-02-24,34.51,34.91,33.87,34.89,6802946
2022-02-25,35.71,36.31,35.65,36.27,4604928
2022-02-28,33.87,34.61,33.87,34.54,5365022
2022-03-01,33.81,33.95,32.83,33.16,5927032
2022-03-02,33.71,34.23,33.61,34.05,4761161
2022-03-03,33.74,33.87,33.08,33.25,5163087
2022-03-04,31.54,31.62,30.88,31.23,8134402
2022-03-07,31.32,31.43,30.45,30.59,7471016
2022-03-08,31.58,32.02,30.89,31.37,9003872
2022-03-09,32.26,32.45,31.96,32.18,5773212
2022-03-10,31.34,31.47,30.94,31.27,4566257
2022-03-11,31.47,31.62,31.11,31.12,3817864
2022-03-14,31.68,32.30,31.63,31.83,3916852
2022-03-15,31.56,31.61,31.25,31.55,4005632
2022-03-16,32.14,32.69,32.05,32.68,5315882
2022-03-17,32.73,33.27,32.56,33.21,3564556
2022-03-18,32.77,33.26,32.66,33.20,2780044
2022-03-21,33.11,33.21,32.94,33.00,2565437
2022-03-22,34.50,34.51,34.06,34.11,3521509
2022-03-23,33.65,33.89,33.51,33.53,2505352
2022-03-24,34.03,34.23,33.87,34.09,3090792
2022-03-25,34.16,34.38,34.07,34.21,2541975
2022-03-28,34.24,34.25,33.80,34.00,3175412
2022-03-29,34.70,34.73,34.23,34.44,3999852
2022-03-30,34.73,34.79,34.41,34.48,3072814
2022-03-31,34.62,34.69,34.21,34.22,2957647
2022-04-01,34.55,34.65,34.34,34.64,3289813
2022-04-04,34.33,34.67,34.22,34.49,2898211
2022-04-05,34.44,34.68,34.27,34.35,2355117
2022-04-06,33.98,34.42,33.87,34.22,2678611
2022-04-07,34.31,34.45,33.95,34.37,2782586
2022-04-08,34.24,34.62,34.23,34.53,2310586
2022-04-11,34.75,34.92,34.54,34.62,2037032
2022-04-12,33.91,34.12,33.42,33.51,2794183
2022-04-13,33.84,33.97,33.69,33.96,2423086
2022-04-14,33.97,34.13,33.85,33.94,1913608
2022-04-18,33.85,34.12,33.80,33.89,1827929
2022-04-19,34.11,34.38,34.09,34.36,1949000
2022-04-20,35.08,35.24,34.85,34.97,2394976
2022-04-21,34.99,35.05,34.43,34.51,2682749
2022-04-22,33.88,33.91,33.42,33.44,3283953
2022-04-25,32.34,32.44,31.77,32.38,5241536
2022-04-26,30.64,30.71,29.84,29.84,4482622
2022-04-27,30.52,30.64,30.26,30.44,4292304
2022-04-28,30.72,31.12,30.41,31.00,3834254
2022-04-29,30.83,32.31,30.81,31.01,7099930
2022-05-02,31.01,31.13,30.50,30.89,3269474
2022-05-03,31.99,32.35,31.80,32.18,3745460
2022-05-04,32.43,33.01,32.16,32.95,3330450
2022-05-05,31.74,31.90,31.22,31.44,4131012
2022-05-06,31.17,31.32,30.89,31.25,3494392
2022-05-09,30.68,30.74,30.30,30.43,2807542
2022-05-10,30.96,31.01,30.25,30.75,3511962
2022-05-11,30.78,31.16,30.25,30.28,3784171
2022-05-12,29.68,29.89,29.17,29.55,3934384
2022-05-13,30.33,30.77,30.26,30.71,3412345
2022-05-16,30.58,30.98,30.41,30.78,2296127
2022-05-17,31.33,31.52,31.18,31.41,2550259
2022-05-18,30.74,31.04,30.50,30.57,3369496
2022-05-19,30.24,30.67,30.22,30.52,3837689
2022-05-20,31.12,31.12,30.28,30.75,2594384
2022-05-23,31.24,31.67,31.21,31.40,3245900
2022-05-24,32.57,32.84,32.31,32.72,4758123
2022-05-25,32.75,33.08,32.52,32.82,3248797
2022-05-26,32.90,33.16,32.90,33.01,2182243
2022-05-27,33.66,33.76,33.41,33.69,2965487
2022-05-31,33.38,33.71,33.36,33.46,2807347
2022-06-01,33.56,33.56,32.94,33.14,3110870
2022-06-02,33.14,33.37,32.95,33.37,2196863
2022-06-03,33.13,33.24,32.93,32.97,1392763
2022-06-06,33.69,33.80,33.28,33.38,2501740
2022-06-07,33.17,33.48,33.13,33.46,2043738
2022-06-08,32.75,32.81,32.38,32.50,2459389
2022-06-09,32.24,32.28,31.77,31.78,2970292
2022-06-10,31.13,31.17,30.68,30.81,3630058
2022-06-13,30.63,30.90,30.40,30.67,3884007
2022-06-14,31.30,31.41,30.89,31.14,3902704
2022-06-15,32.25,32.36,31.68,32.16,6107725
2022-06-16,31.48,31.77,31.23,31.63,3725422
2022-06-17,31.40,31.55,30.77,30.97,3755849
2022-06-21,33.29,33.30,32.91,33.13,5026709
2022-06-22,32.50,32.93,32.47,32.65,3802673
2022-06-23,32.69,32.71,31.97,32.34,4017819
2022-06-24,32.69,33.05,32.66,33.03,2794853
2022-06-27,33.05,33.23,32.87,32.92,2366673
2022-06-28,33.35,33.57,32.96,33.00,2518208
2022-06-29,33.68,33.68,33.31,33.39,2489404
2022-06-30,32.48,32.69,32.10,32.67,2992993
2022-07-01,32.20,32.72,31.96,32.68,2408622
2022-07-05,31.42,31.63,31.08,31.61,3098251
2022-07-06,30.96,31.26,30.73,31.15,2938869
2022-07-07,31.89,32.23,31.89,32.06,2065790
2022-07-08,31.59,31.76,31.40,31.58,2530694
2022-07-11,31.49,31.64,31.32,31.40,1796268
2022-07-12,31.00,31.62,30.95,31.35,1780375
2022-07-13,31.34,31.49,30.96,31.37,2714940
2022-07-14,30.42,30.43,30.11,30.36,3100200
2022-07-15,30.31,30.72,30.08,30.65,3333605
2022-07-18,31.14,31.36,30.91,31.01,2759291
2022-07-19,31.37,31.61,31.28,31.57,3802271
2022-07-20,31.10,31.18,30.73,30.94,2292508
2022-07-21,30.69,31.35,30.63,31.33,3096326
2022-07-22,30.99,31.22,30.77,30.92,2030303
2022-07-25,31.77,31.93,31.61,31.83,2377751
2022-07-26,31.55,31.68,31.32,31.40,1805887
2022-07-27,31.62,32.01,31.54,31.95,1954888
2022-07-28,31.42,31.45,31.09,31.39,2198905
2022-07-29,31.00,31.44,30.93,31.40,2889733
2022-08-01,33.56,33.79,33.11,33.44,4101440
2022-08-02,32.85,32.89,32.42,32.45,3163586
2022-08-03,32.84,33.05,32.66,32.85,3096574
2022-08-04,32.76,32.87,32.66,32.71,2075996
2022-08-05,32.45,32.83,32.42,32.81,2076860
2022-08-08,33.16,33.23,32.91,32.94,1880163
2022-08-09,33.44,33.68,33.31,33.45,2490998
2022-08-10,33.24,33.47,33.19,33.29,2242351
2022-08-11,33.50,33.65,33.38,33.50,1794557
2022-08-12,33.46,33.63,33.31,33.61,1800448
2022-08-15,33.11,33.22,32.88,33.15,1547812
2022-08-16,33.22,33.44,33.19,33.40,1925712
2022-08-17,32.82,33.07,32.74,33.04,2483465
2022-08-18,32.59,32.59,32.32,32.41,1503535
2022-08-19,31.88,31.95,31.62,31.81,3512115
2022-08-22,31.78,31.89,31.66,31.72,3396420
2022-08-23,31.39,31.61,31.35,31.41,2154820
2022-08-24,30.73,31.02,30.60,30.85,2511027
2022-08-25,30.90,31.18,30.83,31.17,1612189
2022-08-26,31.45,31.52,30.85,30.86,2407293
2022-08-29,30.87,31.27,30.75,31.14,1731679
2022-08-30,31.38,31.41,30.86,30.92,2613447
2022-08-31,30.88,31.15,30.80,30.83,2349475
2022-09-01,30.40,30.45,30.06,30.38,3027187
2022-09-02,30.87,31.22,30.52,30.59,3025291
2022-09-06,31.14,31.17,30.59,30.76,2318586
2022-09-07,29.91,30.43,29.85,30.38,2869227
2022-09-08,30.16,30.61,30.08,30.57,2541953
2022-09-09,30.74,30.95,30.56,30.90,2808756
2022-09-12,31.42,31.75,31.38,31.47,2610629
2022-09-13,30.70,30.99,30.44,30.48,3375321
2022-09-14,30.24,30.43,30.11,30.33,2851694
2022-09-15,30.41,30.87,30.40,30.67,2792718
2022-09-16,30.34,30.52,30.26,30.46,3194961
2022-09-19,30.22,30.57,30.12,30.54,1455299
2022-09-20,30.59,30.68,30.22,30.39,3127746
2022-09-21,30.10,30.11,29.46,29.46,3873676
2022-09-22,29.52,29.57,29.10,29.22,2993403
2022-09-23,28.43,28.46,27.91,28.16,4424554
2022-09-26,27.16,27.48,26.81,27.04,5073481
2022-09-27,27.04,27.16,26.55,26.68,4441026
2022-09-28,25.81,26.71,25.77,26.58,5210994
2022-09-29,25.85,26.17,25.63,26.03,4292514
2022-09-30,26.13,26.48,26.04,26.07,3619676
2022-10-03,26.17,26.46,25.92,26.29,3447351
2022-10-04,27.45,27.85,27.37,27.74,4922436
2022-10-05,26.82,27.12,26.63,27.01,3781628
2022-10-06,26.66,26.77,26.35,26.39,2977393
2022-10-07,26.31,26.36,26.05,26.15,3246675
2022-10-10,26.06,26.11,25.68,25.74,2687713
2022-10-11,25.49,25.68,25.00,25.10,4396991
2022-10-12,24.86,25.22,24.77,25.01,3333922
2022-10-13,25.60,26.50,25.43,26.32,5743653
2022-10-14,26.19,26.46,25.80,25.82,4186338
2022-10-17,27.10,27.30,26.80,26.82,4804660
2022-10-18,26.92,26.96,26.46,26.70,3525058
2022-10-19,26.91,26.96,26.50,26.64,3439090
2022-10-20,26.85,27.17,26.55,26.62,2615135
2022-10-21,26.47,27.23,26.39,27.22,3277164
2022-10-24,26.72,27.09,26.71,26.94,2829958
2022-10-25,25.73,25.89,25.49,25.69,4818096
2022-10-26,25.76,26.10,25.73,25.91,3709245
2022-10-27,26.19,26.43,25.98,26.04,2919927
2022-10-28,25.75,25.97,25.61,25.93,2461109
2022-10-31,25.65,26.22,25.64,25.91,2504451
2022-11-01,26.66,26.69,26.33,26.44,2607902
2022-11-02,26.28,26.62,26.08,26.10,2955853
2022-11-03,25.62,26.00,25.62,25.89,3008940
2022-11-04,27.66,28.24,27.46,28.16,8836001
2022-11-07,27.52,27.75,27.50,27.58,3729826
2022-11-08,27.70,27.92,27.59,27.73,2163835
2022-11-09,27.36,27.46,27.12,27.14,2022289
2022-11-10,27.65,27.86,27.48,27.85,3333503
2022-11-11,27.94,28.12,27.77,28.05,2447238
2022-11-14,28.36,28.48,28.14,28.19,2350177
2022-11-15,28.88,28.88,28.09,28.25,2694195
2022-11-16,28.41,28.46,28.23,28.27,2114775
2022-11-17,28.12,28.59,28.11,28.58,2385580
2022-11-18,28.67,28.68,28.43,28.55,1711626
2022-11-21,28.72,28.77,28.51,28.75,2024385
2022-11-22,28.85,29.14,28.81,28.95,1887405
2022-11-23,29.33,29.56,29.30,29.47,2596458
2022-11-25,29.64,29.80,29.58,29.72,756638
2022-11-28,29.43,29.57,29.27,29.28,2028140
2022-11-29,30.55,30.87,30.44,30.48,3336969
2022-11-30,30.69,30.89,30.28,30.86,2854111
2022-12-01,30.85,30.88,30.49,30.55,1778932
2022-12-02,30.32,30.66,30.32,30.58,2012595
2022-12-05,30.77,30.84,30.34,30.40,2349169
2022-12-06,30.57,30.73,30.27,30.37,2142224
2022-12-07,30.26,30.43,30.06,30.07,1749593
2022-12-08,30.27,30.41,30.15,30.23,1531726
2022-12-09,30.47,30.59,30.36,30.36,1685681
2022-12-12,30.37,30.52,30.25,30.46,2446631
2022-12-13,31.19,31.27,30.69,30.85,3498187
2022-12-14,30.92,30.93,30.52,30.62,2142361
2022-12-15,30.18,30.21,29.86,29.97,2249537
2022-12-16,29.79,29.97,29.63,29.88,2575940
2022-12-19,30.00,30.24,29.80,29.96,2118646
2022-12-20,30.33,30.61,30.31,30.46,2069831
2022-12-21,30.78,30.92,30.75,30.85,1688272
2022-12-22,30.89,30.93,30.50,30.78,2211378
2022-12-23,30.75,30.94,30.64,30.94,1014955
2022-12-27,30.98,31.12,30.93,31.07,981204
2022-12-28,31.45,31.50,31.02,31.03,1664299
2022-12-29,31.20,31.29,31.16,31.21,1522881
2022-12-30,31.06,31.27,31.05,31.16,891878
2023-01-03,31.69,31.89,31.51,31.63,2033301
2023-01-04,32.62,32.77,32.48,32.68,2680103
2023-01-05,33.41,33.91,33.36,33.76,4549432
2023-01-06,33.78,34.34,33.67,34.31,2431822
2023-01-09,34.24,34.38,34.16,34.16,1903868
2023-01-10,34.34,34.41,34.17,34.39,1531606
2023-01-11,34.58,34.67,34.52,34.60,1409770
2023-01-12,35.54,35.61,35.21,35.42,2882624
2023-01-13,35.71,36.20,35.67,36.15,3153365
2023-01-17,36.50,36.55,36.10,36.30,2010861
2023-01-18,36.55,36.65,36.18,36.18,2902333
2023-01-19,35.88,36.42,35.88,36.39,2288646
2023-01-20,36.47,36.85,36.41,36.84,1985214
2023-01-23,36.61,36.82,36.59,36.82,2103037
2023-01-24,36.52,36.79,36.41,36.69,1779208
2023-01-25,36.75,37.13,36.74,37.08,2120957
2023-01-26,37.19,37.50,37.05,37.48,1537325
2023-01-27,37.22,37.35,37.04,37.15,1817487
2023-01-30,37.13,37.31,37.06,37.06,1641518
2023-01-31,36.77,36.95,36.63,36.94,1833366
2023-02-01,36.72,37.15,36.65,36.94,3349749
2023-02-02,36.53,36.53,36.07,36.23,2479520
2023-02-03,36.09,36.30,35.95,35.99,2246423
2023-02-06,35.76,35.92,35.64,35.92,1884333
2023-02-07,36.17,36.59,36.15,36.48,2097691
2023-02-08,36.90,36.99,36.80,36.85,1965839
2023-02-09,37.68,37.72,37.21,37.23,2354358
2023-02-10,36.95,36.97,36.75,36.85,1929973
2023-02-13,37.06,37.30,37.05,37.27,1089020
2023-02-14,36.83,37.29,36.81,37.22,1525570
2023-02-15,36.66,36.89,36.62,36.88,1491770
2023-02-16,36.87,37.28,36.87,37.10,1749869
2023-02-17,37.09,37.40,37.02,37.34,2052263
2023-02-21,39.21,39.63,38.99,39.04,4068225
2023-02-22,38.46,38.59,38.24,38.27,2996798
2023-02-23,38.00,38.12,37.78,37.98,2433209
2023-02-24,37.85,38.09,37.83,38.02,1695628
2023-02-27,38.07,38.20,37.94,37.98,2037139
2023-02-28,38.58,38.59,38.29,38.31,2455869
2023-03-01,38.38,38.53,38.24,38.35,3010775
2023-03-02,36.89,37.02,36.62,36.97,2147919
2023-03-03,36.91,37.25,36.88,37.24,1649307
2023-03-06,36.88,37.28,36.85,37.20,1588022
2023-03-07,37.48,37.49,36.87,37.01,2364187
2023-03-08,37.40,37.66,37.19,37.34,1990719
2023-03-09,37.09,37.26,36.63,36.72,2448586
2023-03-10,35.54,35.86,35.14,35.31,5830712
2023-03-13,34.20,35.02,34.19,34.60,7471492
2023-03-14,35.19,35.38,34.89,35.13,3802069
2023-03-15,32.93,33.87,32.91,33.79,8781809
2023-03-16,33.29,34.49,33.29,34.49,4601136
2023-03-17,33.10,33.39,32.84,33.08,3440087
2023-03-20,32.93,33.47,32.90,33.25,3593306
2023-03-21,33.99,34.30,33.86,33.93,2954393
2023-03-22,34.95,34.95,34.30,34.30,3846828
2023-03-23,34.06,34.22,33.23,33.48,3164221
2023-03-24,32.63,33.08,32.41,33.08,3583913
2023-03-27,33.41,33.65,33.30,33.64,2071828
2023-03-28,33.32,33.62,33.25,33.46,1620243
2023-03-29,34.20,34.35,34.07,34.22,2183486
2023-03-30,34.56,34.56,34.24,34.29,1263025
2023-03-31,34.13,34.22,33.98,34.13,1716520
2023-04-03,34.70,34.91,34.56,34.72,1168015
2023-04-04,34.94,34.97,34.40,34.65,1297914
2023-04-05,34.56,34.75,34.41,34.69,1184063
2023-04-06,34.83,35.30,34.82,35.18,1420279
2023-04-10,35.23,35.35,35.01,35.13,1226925
2023-04-11,34.95,35.10,34.92,34.99,1291757
2023-04-12,35.25,35.32,35.02,35.09,2040427
2023-04-13,35.50,35.72,35.37,35.67,1259655
2023-04-14,36.53,36.69,36.26,36.34,2247565
2023-04-17,35.78,36.09,35.59,36.08,2079209
2023-04-18,35.91,35.98,35.70,35.80,1956984
2023-04-19,35.69,35.93,35.65,35.87,1758058
2023-04-20,35.72,35.99,35.72,35.93,1118284
2023-04-21,35.48,35.73,35.30,35.69,1393325
2023-04-24,35.78,35.96,35.70,35.85,1703985
2023-04-25,35.27,35.33,34.89,34.93,2377766
2023-04-26,35.52,35.87,35.43,35.55,3571393
2023-04-27,35.95,36.26,35.90,36.23,2536379
2023-04-28,35.68,36.14,35.65,36.05,1750903
2023-05-01,36.24,36.33,35.81,35.83,1172492
2023-05-02,37.74,37.84,36.83,37.07,2854757
2023-05-03,37.41,37.57,37.02,37.06,2890456
2023-05-04,37.42,37.55,36.72,37.04,2912474
2023-05-05,37.66,38.34,37.59,38.20,2833547
2023-05-08,38.19,38.44,38.15,38.19,1855570
2023-05-09,37.76,38.07,37.72,37.98,1620648
2023-05-10,38.39,38.39,37.83,38.11,1620548
2023-05-11,37.09,37.52,36.97,37.45,1721985
2023-05-12,37.72,37.81,37.38,37.50,1141120
2023-05-15,38.24,38.59,38.16,38.44,1656872
2023-05-16,38.16,38.28,37.79,37.84,1399985
2023-05-17,37.86,38.14,37.70,37.97,1278519
2023-05-18,38.40,38.40,37.98,38.25,1735827
2023-05-19,38.38,38.50,38.08,38.32,1184829
2023-05-22,38.49,38.60,38.38,38.53,1070152
2023-05-23,38.32,38.54,38.15,38.16,1297867
2023-05-24,37.34,37.41,37.09,37.20,2414123
2023-05-25,37.67,37.72,37.32,37.58,1834605
2023-05-26,37.76,37.95,37.69,37.82,1266991
2023-05-30,37.61,37.66,37.20,37.42,1225811
2023-05-31,36.96,36.98,36.64,36.82,1714653
2023-06-01,36.99,37.51,36.99,37.42,1628709
2023-06-02,37.81,37.88,37.71,37.82,1331696
2023-06-05,37.92,37.96,37.57,37.73,1090930
2023-06-06,37.75,38.20,37.70,38.20,1198360
2023-06-07,38.59,38.59,38.30,38.38,1584498
2023-06-08,38.45,38.51,38.21,38.45,1066787
2023-06-09,38.23,38.47,38.19,38.45,828084
2023-06-12,38.19,38.24,37.91,38.09,1236356
2023-06-13,38.36,38.68,38.34,38.46,1587171
2023-06-14,38.89,39.14,38.55,38.65,1912548
2023-06-15,38.84,39.08,38.78,39.05,1696019
2023-06-16,39.18,39.33,39.06,39.18,1701467
2023-06-20,39.39,39.42,39.14,39.37,1260763
2023-06-21,39.19,39.49,39.17,39.42,1151039
2023-06-22,38.83,38.90,38.65,38.70,1427014
2023-06-23,38.27,38.49,38.16,38.23,1296620
2023-06-26,38.40,38.63,38.40,38.47,945757
2023-06-27,38.80,39.06,38.66,39.01,1164566
2023-06-28,38.87,38.95,38.76,38.90,1174507
2023-06-29,38.89,39.27,38.88,39.22,1140979
2023-06-30,39.75,39.84,39.59,39.62,1801524
2023-07-03,39.83,40.05,39.76,39.95,1284276
2023-07-05,39.65,39.72,39.52,39.57,1510359
2023-07-06,39.18,39.21,38.77,39.00,1328080
2023-07-07,39.00,39.46,38.99,39.27,1403397
2023-07-10,38.99,39.24,38.95,39.09,1309115
2023-07-11,39.01,39.09,38.86,39.05,1272677
2023-07-12,39.87,40.21,39.79,40.09,1920112
2023-07-13,40.49,40.59,40.35,40.55,1500344
2023-07-14,40.56,40.63,40.27,40.36,1255178
2023-07-17,40.57,40.75,40.52,40.73,1399569
2023-07-18,40.54,41.02,40.51,40.96,1689500
2023-07-19,40.78,40.91,40.68,40.79,1564927
2023-07-20,41.27,41.46,41.17,41.40,1506424
2023-07-21,41.58,41.58,41.36,41.37,1102447
2023-07-24,41.10,41.48,41.10,41.37,1082961
2023-07-25,41.55,41.67,41.45,41.54,1331398
2023-07-26,41.56,42.05,41.56,41.91,1501049
2023-07-27,41.47,41.58,41.20,41.22,1661613
2023-07-28,41.79,41.84,41.62,41.73,1222229
2023-07-31,41.95,42.05,41.67,41.78,1429121
2023-08-01,42.17,42.47,41.84,42.21,2127264
2023-08-02,41.09,41.15,40.53,40.66,2322766
2023-08-03,40.63,41.01,40.54,40.99,1686196
2023-08-04,40.83,41.10,40.69,40.79,1677859
2023-08-07,41.40,41.55,41.14,41.52,1948457
2023-08-08,40.63,40.95,40.38,40.91,1523359
2023-08-09,40.71,41.03,40.67,40.79,1796415
2023-08-10,40.48,40.78,40.28,40.38,1512016
2023-08-11,40.00,40.26,39.95,40.11,1636304
2023-08-14,39.57,39.80,39.33,39.78,1320887
2023-08-15,38.99,38.99,38.58,38.62,2943435
2023-08-16,38.05,38.20,37.94,37.99,2390123
2023-08-17,38.33,38.43,37.92,37.93,2378878
2023-08-18,37.37,37.74,37.32,37.66,1987406
2023-08-21,37.68,37.77,37.49,37.75,1678926
2023-08-22,37.64,37.70,37.34,37.38,2129997
2023-08-23,37.38,37.67,37.34,37.61,1333144
2023-08-24,37.66,37.88,37.55,37.55,1136303
2023-08-25,37.77,37.80,37.30,37.51,1403446
2023-08-28,37.71,38.02,37.69,37.96,1140474
2023-08-29,37.90,38.21,37.89,38.21,1503799
2023-08-30,38.29,38.48,38.00,38.01,1667830
2023-08-31,37.75,37.77,37.27,37.32,2543151
2023-09-01,37.64,37.79,37.49,37.55,1519263
2023-09-05,37.64,37.76,37.22,37.22,1501760
2023-09-06,36.98,37.16,36.88,36.98,1655224
2023-09-07,37.09,37.20,36.86,36.87,1789738
2023-09-08,36.73,37.00,36.65,36.97,1665179
2023-09-11,37.39,37.56,37.34,37.47,1911468
2023-09-12,37.58,38.11,37.56,37.90,3020431
2023-09-13,38.72,38.91,38.51,38.54,2449944
2023-09-14,39.28,39.53,39.26,39.37,2556064
2023-09-15,39.39,39.63,39.27,39.27,2105391
2023-09-18,39.16,39.17,38.84,39.02,1618774
2023-09-19,39.35,39.47,39.28,39.45,1332953
2023-09-20,39.51,39.74,39.09,39.11,1629489
2023-09-21,39.52,39.64,39.25,39.26,1513372
2023-09-22,40.05,40.05,39.46,39.54,2023488
2023-09-25,39.21,39.45,39.05,39.42,1677600
2023-09-26,39.16,39.36,38.91,38.97,1123504
2023-09-27,39.18,39.19,38.87,39.16,1314187
2023-09-28,39.30,39.77,39.27,39.68,1577753
2023-09-29,39.93,39.96,39.41,39.46,1376105
2023-10-02,39.42,39.45,38.90,39.02,2230387
2023-10-03,39.61,39.65,39.12,39.32,3028891
2023-10-04,39.37,39.39,38.92,39.31,1748871
2023-10-05,39.18,39.82,39.17,39.78,2021659
2023-10-06,40.03,40.58,39.86,40.48,2522104
2023-10-09,39.56,39.88,39.48,39.76,1699520
2023-10-10,40.55,40.63,40.36,40.53,2378791
2023-10-11,40.82,40.94,40.62,40.83,1417302
2023-10-12,40.47,40.51,40.14,40.30,1243912
2023-10-13,40.00,40.22,39.66,39.75,2192928
2023-10-16,40.04,40.15,39.80,40.09,1244002
2023-10-17,39.80,40.34,39.80,40.09,1343437
2023-10-18,40.05,40.10,39.61,39.67,1744011
2023-10-19,39.17,39.41,39.01,39.11,2447243
2023-10-20,37.94,38.07,37.62,37.69,3502119
2023-10-23,37.64,37.95,37.55,37.69,1394802
2023-10-24,37.54,37.77,37.48,37.68,1320537
2023-10-25,37.68,37.79,37.51,37.58,1552112
2023-10-26,37.44,37.58,37.12,37.28,2209266
2023-10-27,37.15,37.21,36.59,36.71,3440797
2023-10-30,36.53,36.61,35.30,36.02,6728012
2023-10-31,36.39,36.49,36.06,36.33,3072195
2023-11-01,36.20,36.40,36.02,36.26,2626323
2023-11-02,36.77,37.05,36.71,37.02,2263660
2023-11-03,37.38,37.55,37.28,37.44,2245212
2023-11-06,38.16,38.16,37.81,37.93,2740073
2023-11-07,37.57,37.73,37.42,37.69,1836861
2023-11-08,37.66,37.81,37.42,37.59,1709303
2023-11-09,37.24,37.37,36.88,36.97,2376750
2023-11-10,36.78,37.07,36.62,37.03,1582502
2023-11-13,37.43,37.49,37.24,37.42,2148789
2023-11-14,37.67,37.96,37.65,37.88,2454593
2023-11-15,38.49,38.55,38.34,38.47,2422163
2023-11-16,37.91,38.16,37.89,38.04,1787676
2023-11-17,38.46,38.61,38.36,38.58,1994390
2023-11-20,38.51,38.79,38.48,38.74,1591043
2023-11-21,38.61,38.69,38.51,38.57,1674986
2023-11-22,38.04,38.10,37.84,38.04,2731691
2023-11-24,38.32,38.67,38.31,38.62,954816
2023-11-27,38.56,38.63,38.39,38.61,2094974
2023-11-28,38.63,38.80,38.49,38.59,2009050
2023-11-29,37.90,38.18,37.89,38.03,2210688
2023-11-30,38.33,38.46,38.22,38.43,1563464
2023-12-01,38.23,38.70,38.22,38.66,1688098
2023-12-04,38.27,38.49,38.26,38.35,1291415
2023-12-05,38.23,38.39,38.19,38.19,1331662
2023-12-06,38.93,39.11,38.49,38.52,2122064
2023-12-07,38.59,38.82,38.48,38.82,1589909
2023-12-08,38.95,39.23,38.95,39.21,1911039
2023-12-11,38.88,39.10,38.85,39.00,1671385
2023-12-12,39.17,39.27,39.05,39.26,1783039
2023-12-13,39.23,39.52,38.87,39.48,2052203
2023-12-14,39.28,39.84,39.16,39.64,2557425
2023-12-15,39.01,39.25,38.84,38.85,2722501
2023-12-18,39.17,39.20,38.99,39.05,1096049
2023-12-19,39.41,39.52,39.33,39.40,1852056
2023-12-20,39.45,39.59,39.09,39.09,1426734
2023-12-21,39.56,39.73,39.54,39.72,1216129
2023-12-22,39.87,40.29,39.87,40.27,1978216
2023-12-26,40.30,40.65,40.30,40.55,1218516
2023-12-27,40.65,40.77,40.60,40.73,1273631
2023-12-28,40.55,40.70,40.49,40.52,1200526
2023-12-29,40.59,40.63,40.43,40.54,1039351
2024-01-02,40.11,40.28,39.91,40.12,1870422
2024-01-03,39.99,40.09,39.82,40.00,1730401
2024-01-04,40.12,40.53,40.10,40.31,1805282
2024-01-05,40.41,40.91,40.41,40.74,1627662
2024-01-08,41.02,41.43,40.91,41.43,2133224
2024-01-09,40.88,40.93,40.55,40.58,2700848
2024-01-10,40.52,40.70,40.48,40.64,1708746
2024-01-11,40.20,40.23,39.29,39.42,4935740
2024-01-12,39.60,39.74,39.21,39.38,2626659
2024-01-16,38.09,38.15,37.86,37.95,4905370
2024-01-17,37.34,37.65,37.25,37.58,3026597
2024-01-18,37.88,37.96,37.67,37.89,2044508
2024-01-19,37.64,38.01,37.56,37.99,2328391
2024-01-22,38.29,38.52,38.24,38.33,2245183
2024-01-23,38.40,38.53,38.31,38.43,1727585
2024-01-24,39.10,39.11,38.75,38.75,1727222
2024-01-25,39.03,39.05,38.76,39.00,1541110
2024-01-26,39.66,39.73,39.48,39.65,1741085
2024-01-29,39.57,39.69,39.31,39.68,1026099
2024-01-30,39.59,39.88,39.59,39.86,1286931
2024-01-31,39.97,40.04,39.31,39.33,2625956
2024-02-01,39.62,39.62,39.06,39.50,2066053
2024-02-02,39.38,39.48,39.13,39.35,1942402
2024-02-05,39.34,39.41,39.06,39.34,1796331
2024-02-06,39.88,40.20,39.82,39.99,2130442
2024-02-07,40.05,40.08,39.75,39.95,1970815
2024-02-08,39.42,39.53,39.16,39.25,1882414
2024-02-09,38.91,39.03,38.70,39.03,1315142
2024-02-12,38.59,38.96,38.59,38.83,1449788
2024-02-13,38.96,38.98,38.44,38.65,2257105
2024-02-14,39.22,39.38,39.05,39.29,1821643
2024-02-15,39.47,39.88,39.41,39.87,1453952
2024-02-16,40.24,40.46,40.10,40.32,1823891
2024-02-20,40.73,40.93,40.71,40.85,1727378
2024-02-21,37.49,37.64,37.11,37.22,8243330
2024-02-22,37.41,37.77,37.34,37.71,4341542
2024-02-23,38.17,38.30,38.05,38.20,2315603
2024-02-26,38.12,38.20,37.84,38.08,2002842
2024-02-27,38.43,38.50,38.33,38.36,2929996
2024-02-28,38.81,38.90,38.34,38.49,4268618
2024-02-29,39.26,39.31,38.80,39.18,4169100
2024-03-01,39.06,39.16,38.79,38.98,2206020
2024-03-04,38.69,38.91,38.68,38.78,2124715
2024-03-05,38.73,39.12,38.73,38.93,2212493
2024-03-06,39.15,39.34,38.99,39.23,3372796
2024-03-07,37.83,38.03,37.71,37.88,2194602
2024-03-08,37.57,37.72,37.36,37.44,1886457
2024-03-11,37.03,37.20,36.93,37.13,2471552
2024-03-12,37.98,38.09,37.84,38.01,2409455
2024-03-13,38.12,38.19,37.79,37.99,2041067
2024-03-14,37.72,37.81,37.38,37.53,1389605
2024-03-15,38.09,38.29,38.04,38.21,2243352
2024-03-18,38.70,38.70,38.36,38.42,1936143
2024-03-19,38.37,38.57,38.34,38.50,1293965
2024-03-20,38.38,39.06,38.34,39.06,2356977
2024-03-21,39.41,39.73,39.38,39.50,2476832
2024-03-22,39.70,39.73,39.48,39.52,1318590
2024-03-25,39.43,39.69,39.43,39.52,1659926
2024-03-26,39.71,39.80,39.66,39.70,1994464
2024-03-27,39.05,39.16,38.94,38.99,2310564
2024-03-28,39.56,39.59,39.20,39.36,1779217
2024-04-01,39.37,39.45,39.08,39.31,1314952
2024-04-02,39.13,39.34,39.04,39.32,1379153
2024-04-03,39.59,40.18,39.55,40.13,1875587
2024-04-04,40.89,40.96,40.12,40.17,3000082
2024-04-05,40.41,40.72,40.26,40.72,1404030
2024-04-08,40.86,41.06,40.76,41.01,1553109
2024-04-09,41.24,41.33,40.94,41.16,1930699
2024-04-10,41.56,41.87,41.45,41.81,3240333
2024-04-11,40.94,41.05,40.52,40.95,2059429
2024-04-12,41.06,41.21,40.55,40.63,3373524
2024-04-15,41.27,41.40,40.48,40.57,2463002
2024-04-16,39.83,39.87,39.46,39.65,2894225
2024-04-17,40.13,40.25,39.77,39.98,1721270
2024-04-18,40.26,40.47,40.15,40.39,1544940
2024-04-19,40.06,40.56,40.00,40.52,1663943
2024-04-22,41.27,41.73,41.20,41.62,2107291
2024-04-23,41.57,41.93,41.54,41.89,1583730
2024-04-24,41.64,41.76,41.47,41.69,1555249
2024-04-25,41.34,41.89,41.32,41.81,1766305
2024-04-26,41.85,41.97,41.63,41.90,1402848
2024-04-29,42.22,42.34,42.11,42.18,1619140
2024-04-30,44.05,44.23,43.57,43.58,3406062
2024-05-01,43.81,43.96,43.51,43.65,2274576
2024-05-02,44.65,44.70,44.21,44.51,2160766
2024-05-03,44.67,44.81,44.45,44.45,1466120
2024-05-06,44.74,44.82,44.48,44.78,1276673
2024-05-07,45.15,45.28,44.93,44.98,1782391
2024-05-08,45.31,45.46,45.16,45.40,1621261
2024-05-09,43.54,43.63,43.40,43.49,1445562
2024-05-10,43.79,43.92,43.59,43.60,1825764
2024-05-13,43.99,44.07,43.81,43.97,1269155
2024-05-14,44.44,44.82,44.34,44.72,1674382
2024-05-15,44.53,44.80,44.52,44.77,1105049
2024-05-16,45.39,45.39,43.83,44.43,4597839
2024-05-17,44.37,44.66,44.32,44.54,1125848
2024-05-20,44.48,44.53,44.18,44.19,977497
2024-05-21,44.35,44.60,44.30,44.58,1208394
2024-05-22,44.51,44.60,44.10,44.21,1181206
2024-05-23,44.30,44.37,43.79,43.80,1392361
2024-05-24,44.36,44.65,44.30,44.38,1198827
2024-05-28,44.03,44.40,43.95,44.16,1506274
2024-05-29,43.87,43.93,43.67,43.74,1185424
2024-05-30,44.25,44.50,44.17,44.31,1540615
2024-05-31,44.48,44.72,44.29,44.65,1151671
2024-06-03,44.53,44.89,44.34,44.88,1387037
2024-06-04,44.38,44.57,44.24,44.54,1277797
2024-06-05,44.35,44.40,43.99,44.15,1299007
2024-06-06,44.46,44.62,44.33,44.54,866696
2024-06-07,44.72,44.76,44.42,44.43,1217320
2024-06-10,44.32,44.56,44.08,44.51,921269
2024-06-11,43.37,43.51,43.12,43.32,1609233
2024-06-12,44.40,44.45,43.73,43.87,1614744
2024-06-13,43.50,43.50,43.05,43.21,941405
2024-06-14,43.12,43.24,42.83,43.22,1143430
2024-06-17,43.39,43.71,43.26,43.70,876554
2024-06-18,43.73,43.98,43.58,43.72,1299250
2024-06-20,44.18,44.39,44.09,44.30,1456123
2024-06-21,43.45,43.64,43.30,43.50,1313014
2024-06-24,44.09,44.27,43.93,44.07,2381263
2024-06-25,43.86,43.93,43.65,43.83,771016
2024-06-26,43.55,43.77,43.49,43.71,735633
2024-06-27,43.96,44.05,43.65,43.73,1291565
2024-06-28,43.66,43.77,43.37,43.50,1151921
2024-07-01,43.91,44.18,43.74,43.81,882549
2024-07-02,43.84,44.11,43.69,44.08,849949
2024-07-03,44.01,44.20,43.74,43.90,1155652
2024-07-05,43.41,43.48,43.09,43.41,903836
2024-07-08,43.63,43.70,43.24,43.33,617326
2024-07-09,42.68,43.17,42.67,42.98,1483001
2024-07-10,42.97,43.29,42.94,43.20,752373
2024-07-11,43.42,43.50,43.32,43.36,980164
2024-07-12,43.65,43.88,43.57,43.78,1089729
2024-07-15,43.34,43.51,43.17,43.25,1830722
2024-07-16,43.00,43.55,42.89,43.53,1012050
2024-07-17,43.55,43.67,43.44,43.50,1140629
2024-07-18,43.54,43.59,42.94,43.02,1078915
2024-07-19,42.78,43.10,42.71,42.86,1526964
2024-07-22,43.49,43.54,43.20,43.47,830656
2024-07-23,43.06,43.29,43.03,43.23,690080
2024-07-24,43.12,43.23,42.86,42.87,1124578
2024-07-25,42.79,43.10,42.63,42.84,1400780
2024-07-26,42.76,43.37,42.73,43.28,2185568
2024-07-29,43.40,43.44,43.17,43.30,1426428
2024-07-30,43.46,43.67,43.42,43.53,1624112
2024-07-31,44.79,45.53,44.69,45.15,3417280
2024-08-01,42.93,43.01,42.09,42.46,4591979
2024-08-02,41.44,41.59,40.91,41.30,3442430
2024-08-05,39.63,40.62,39.41,40.42,2930556
2024-08-06,40.03,40.74,39.94,40.63,2238815
2024-08-07,41.39,41.52,40.73,40.79,1471727
2024-08-08,40.99,41.30,40.91,41.22,1213242
2024-08-09,41.18,41.58,41.12,41.56,1171221
2024-08-12,41.60,41.73,41.44,41.46,1189940
2024-08-13,41.76,42.02,41.68,42.00,1102264
2024-08-14,42.10,42.24,42.06,42.18,1277578
2024-08-15,42.93,43.03,42.73,42.83,1436522
2024-08-16,42.56,42.78,42.53,42.76,1198222
2024-08-19,43.12,43.51,43.11,43.49,1426256
2024-08-20,42.73,42.91,42.63,42.72,1303818
2024-08-21,43.12,43.20,42.96,43.19,1181700
2024-08-22,43.20,43.27,42.97,43.03,1161220
2024-08-23,43.28,43.70,43.23,43.65,1406129
2024-08-26,43.70,43.92,43.60,43.70,834653
2024-08-27,44.01,44.25,43.96,44.17,1969072
2024-08-28,43.68,43.99,43.63,43.95,947812
2024-08-29,44.02,44.23,43.80,44.11,1108558
2024-08-30,44.10,44.50,44.07,44.46,1325743
2024-09-03,43.81,43.86,43.30,43.42,2568132
2024-09-04,43.67,43.89,43.51,43.55,1022047
2024-09-05,44.34,44.39,43.75,43.94,1569920
2024-09-06,43.65,43.86,42.83,42.87,1434930
2024-09-09,43.66,43.93,43.58,43.74,1173100
2024-09-10,43.35,43.42,42.55,43.05,1923979
2024-09-11,43.03,43.09,42.38,43.02,2234216
2024-09-12,43.20,43.39,42.87,43.33,1144799
2024-09-13,43.53,43.81,43.49,43.64,848925
2024-09-16,43.39,43.71,43.38,43.68,840803
2024-09-17,44.11,44.14,43.63,43.68,1097603
2024-09-18,43.93,44.29,43.72,43.91,1172003
2024-09-19,44.70,44.83,44.36,44.71,1340622
2024-09-20,44.35,44.36,44.06,44.17,1329391
2024-09-23,44.96,45.12,44.85,45.07,1375270
2024-09-24,45.45,45.48,45.09,45.22,1213119
2024-09-25,45.14,45.18,44.65,44.67,1186885
2024-09-26,45.78,46.07,45.59,45.91,1572408
2024-09-27,45.85,45.97,45.62,45.62,1072326
2024-09-30,45.31,45.32,44.93,45.19,998109
2024-10-01,44.91,44.93,44.18,44.59,1681403
2024-10-02,45.28,45.36,44.99,45.05,1475982
2024-10-03,45.04,45.26,44.78,45.18,1316041
2024-10-04,45.60,45.87,45.50,45.86,1557602
2024-10-07,45.75,45.80,45.46,45.67,998561
2024-10-08,44.28,44.32,43.84,43.92,1661524
2024-10-09,43.97,44.21,43.89,44.17,1123700
2024-10-10,44.33,44.33,44.03,44.28,742556
2024-10-11,44.09,44.39,44.06,44.35,771424
2024-10-14,44.05,44.49,43.94,44.36,1332220
2024-10-15,44.11,44.14,43.81,43.83,1481277
2024-10-16,44.13,44.27,44.03,44.10,637921
2024-10-17,44.23,44.49,44.12,44.37,872678
2024-10-18,44.64,44.76,44.36,44.72,725394
2024-10-21,44.40,44.50,44.10,44.18,798251
2024-10-22,44.26,44.66,44.17,44.62,1053554
2024-10-23,44.24,44.29,43.97,44.18,866834
2024-10-24,44.66,44.68,44.24,44.50,715154
2024-10-25,44.87,44.91,44.33,44.36,940532
2024-10-28,44.78,45.31,44.68,45.17,1264820
2024-10-29,46.76,47.27,46.40,46.44,2668609
2024-10-30,46.29,46.72,46.19,46.23,1496328
2024-10-31,46.46,46.47,45.94,46.13,1008562
2024-11-01,46.53,46.61,46.11,46.18,997788
2024-11-04,47.03,47.11,46.63,46.64,934025
2024-11-05,46.97,47.35,46.89,47.27,957440
2024-11-06,46.86,47.13,46.56,47.04,1312385
2024-11-07,47.44,47.55,47.19,47.36,1217505
2024-11-08,45.46,45.51,44.73,44.96,1897827
2024-11-11,45.08,45.48,45.08,45.32,1145824
2024-11-12,44.75,44.87,44.40,44.62,1432780
2024-11-13,44.87,45.14,44.54,45.00,1279607
2024-11-14,45.14,45.25,44.92,44.94,1134773
2024-11-15,45.60,45.77,45.48,45.74,1058625
2024-11-18,46.01,46.58,45.93,46.45,1043287
2024-11-19,45.68,46.38,45.64,46.28,874700
2024-11-20,46.26,46.27,45.87,46.23,628095
2024-11-21,46.26,46.47,46.13,46.32,922850
2024-11-22,45.69,45.99,45.59,45.94,917341
2024-11-25,46.64,46.69,46.40,46.49,904689
2024-11-26,46.52,46.57,46.24,46.32,663797
2024-11-27,46.34,46.81,46.31,46.68,704091
2024-11-29,46.67,46.99,46.66,46.89,505288
2024-12-02,47.10,47.13,46.76,47.01,1100600
2024-12-03,47.64,47.71,47.31,47.47,1539693
2024-12-04,47.55,47.69,47.34,47.35,1131085
2024-12-05,48.02,48.27,47.96,48.06,1418050
2024-12-06,48.07,48.07,47.54,47.59,940470
2024-12-09,48.38,48.45,47.95,47.95,950316
2024-12-10,48.20,48.22,47.94,48.02,710525
2024-12-11,48.51,48.63,48.30,48.54,1110106
2024-12-12,48.51,48.72,48.38,48.38,837988
2024-12-13,48.57,48.76,48.29,48.60,1359513
2024-12-16,48.74,48.81,48.59,48.63,855640
2024-12-17,48.61,48.69,48.36,48.64,973841
2024-12-18,49.00,49.18,47.84,47.93,1554666
2024-12-19,48.52,48.59,48.15,48.15,1165966
2024-12-20,47.54,48.49,47.48,48.27,1248695
2024-12-23,48.19,48.72,48.06,48.69,854346
2024-12-24,48.74,49.30,48.71,49.25,308990
2024-12-26,49.30,49.45,49.20,49.26,516346
2024-12-27,49.03,49.32,49.01,49.29,1088110
2024-12-30,49.22,49.66,49.11,49.51,1344573
2024-12-31,49.78,49.86,49.40,49.46,768225
2025-01-02,48.82,49.02,48.48,48.68,1136768
2025-01-03,49.21,49.24,48.84,49.07,1084643
2025-01-06,49.33,49.62,49.19,49.27,1253978
2025-01-07,49.05,49.10,48.59,48.85,1077886
2025-01-08,49.02,49.46,48.89,49.37,914355
2025-01-10,49.58,49.70,49.16,49.35,1821454
2025-01-13,48.51,49.05,48.51,49.00,1601955
2025-01-14,49.03,49.38,49.01,49.35,1666702
2025-01-15,49.95,50.08,49.52,50.04,2206664
2025-01-16,50.32,50.81,50.27,50.81,1734609
2025-01-17,50.66,51.02,50.44,50.63,1531341
2025-01-21,51.22,51.60,51.00,51.49,1404279
2025-01-22,51.27,51.27,50.91,50.91,1170838
2025-01-23,51.15,51.58,51.13,51.41,1260345
2025-01-24,51.21,51.41,51.05,51.29,986996
2025-01-27,52.00,52.14,51.73,52.10,1588426
2025-01-28,51.63,52.00,51.58,51.96,1324401
2025-01-29,51.87,52.44,51.87,52.16,1523763
2025-01-30,52.64,52.99,52.44,52.67,1483378
2025-01-31,52.86,52.99,52.43,52.43,1101679
2025-02-03,50.99,51.48,50.69,51.30,1733112
2025-02-04,51.75,52.13,51.75,51.92,1021789
2025-02-05,51.88,52.31,51.64,52.21,1052402
2025-02-06,52.60,53.06,52.60,52.99,901683
2025-02-07,53.32,53.43,53.03,53.10,1391687
2025-02-10,54.13,54.23,53.76,53.86,1813295
2025-02-11,54.24,54.80,54.17,54.60,1937751
2025-02-12,54.66,55.36,54.62,55.08,1676232
2025-02-13,54.86,55.20,54.76,55.19,1956071
2025-02-14,55.02,55.28,54.91,55.09,1169880
2025-02-18,56.96,57.08,56.76,56.88,2857540
2025-02-19,56.83,57.08,56.51,56.96,2560667
2025-02-20,56.14,56.36,55.85,55.97,1727646
2025-02-21,56.42,56.71,56.02,56.08,2563478
2025-02-24,56.05,56.09,55.46,55.70,1540182
2025-02-25,57.76,57.82,57.03,57.77,5071754
2025-02-26,57.36,58.34,57.36,58.24,7056389
2025-02-27,58.19,58.42,57.88,58.19,6398288
2025-02-28,58.87,59.91,58.67,59.91,24038590
2025-03-03,60.77,61.42,59.94,60.33,3876500
2025-03-04,59.72,61.88,59.20,60.43,5269828
2025-03-05,60.96,61.73,60.56,61.58,3607956
2025-03-06,60.00,60.24,59.33,59.55,4235629
2025-03-07,57.85,58.09,56.94,58.04,3596550
2025-03-10,56.39,56.66,55.32,55.73,3847777
2025-03-11,55.50,55.79,54.71,55.48,3937465
2025-03-12,55.78,55.98,55.38,55.74,1917466
2025-03-13,56.03,56.16,55.49,55.63,2265515
2025-03-14,56.35,57.30,56.31,57.07,3599420
2025-03-17,57.41,58.01,57.41,57.82,2287794
2025-03-18,58.55,58.81,58.32,58.68,2140281
2025-03-19,58.75,59.10,58.48,58.85,1518919
2025-03-20,57.29,57.93,57.21,57.61,3291028
2025-03-21,57.62,58.02,57.40,57.83,2156625
2025-03-24,58.17,58.29,57.82,57.98,1754114
2025-03-25,58.31,58.51,57.99,58.37,1806628
2025-03-26,58.58,58.89,58.07,58.35,1959702
2025-03-27,58.08,58.52,57.93,58.34,1541831
2025-03-28,58.23,58.29,57.57,57.77,1295674
2025-03-31,56.73,57.52,56.52,57.43,1855649
2025-04-01,57.27,57.39,56.70,57.26,1759041
2025-04-02,57.16,58.02,57.14,57.97,1356490
2025-04-03,53.90,54.57,53.20,53.50,4184002
2025-04-04,49.72,50.20,48.96,49.84,5386747
2025-04-07,47.77,49.95,47.32,48.42,6474230
2025-04-08,47.90,48.41,46.13,46.68,5396504
2025-04-09,45.80,50.04,45.66,49.37,6000642
2025-04-10,48.55,49.02,47.22,48.22,4780235
2025-04-11,48.78,50.13,48.65,49.89,3761543
2025-04-14,50.70,51.52,50.55,51.04,2928672
2025-04-15,51.83,52.47,51.79,52.19,2590858
2025-04-16,52.24,52.59,51.76,51.98,2065497
2025-04-17,52.38,52.97,52.28,52.50,1700947
2025-04-21,52.80,52.88,51.60,52.11,1191123
2025-04-22,53.54,54.13,53.47,54.01,1820479
2025-04-23,56.01,56.56,55.86,56.01,2939656
2025-04-24,55.02,55.78,55.01,55.70,1494521
2025-04-25,55.74,56.12,55.70,55.99,1289062
2025-04-28,56.14,56.42,55.94,56.34,1579503
2025-04-29,57.87,58.12,57.45,57.47,1826516
2025-04-30,55.41,56.15,55.12,56.08,3081130
2025-05-01,55.46,55.63,54.97,55.13,1583232
2025-05-02,56.53,56.73,56.24,56.51,1436376
2025-05-05,56.65,57.24,56.40,56.68,1121869
2025-05-06,56.75,56.96,56.62,56.62,1276307
2025-05-07,56.51,56.92,56.20,56.28,1464302
2025-05-08,56.95,57.06,56.67,56.69,1499140
2025-05-09,56.96,57.02,56.54,56.76,1121039
2025-05-12,58.67,58.72,58.16,58.24,2290080
2025-05-13,58.47,58.60,58.34,58.34,1443262
2025-05-14,57.90,58.36,57.85,58.26,1490121
2025-05-15,58.81,58.95,58.63,58.81,1288319
2025-05-16,58.51,58.94,58.45,58.87,1752522
2025-05-19,58.89,59.67,58.85,59.67,1660086
2025-05-20,59.69,59.99,59.67,59.99,1274292
2025-05-21,60.04,60.20,59.33,59.34,1812468
2025-05-22,59.19,59.71,59.04,59.41,999959
2025-05-23,58.70,59.35,58.63,59.24,1527460
2025-05-27,59.23,59.36,58.95,59.12,1189886
2025-05-28,58.93,58.95,58.57,58.70,927728
2025-05-29,59.45,59.47,59.01,59.20,1172096
2025-05-30,59.52,59.62,58.88,59.28,1205862
2025-06-02,59.49,60.02,59.21,59.99,1211746
2025-06-03,59.12,59.59,59.07,59.36,1482794
2025-06-04,59.33,59.68,59.29,59.31,1123486
2025-06-05,59.75,59.88,59.45,59.60,1180385
2025-06-06,59.98,60.22,59.84,59.99,1166927
2025-06-09,60.28,60.51,60.22,60.30,1030800
2025-06-10,59.80,59.88,59.49,59.56,1224685
2025-06-11,59.70,59.81,59.35,59.42,1184386
2025-06-12,59.85,60.19,59.66,60.17,1200863
2025-06-13,59.03,59.49,58.88,59.18,2049586
2025-06-16,59.81,60.11,59.55,59.60,1566024
2025-06-17,59.10,59.22,58.48,58.52,1842938
2025-06-18,58.94,59.43,58.83,59.19,1433558
2025-06-20,59.30,59.35,58.38,58.43,1540928
2025-06-23,58.27,59.02,58.14,58.93,2540875
2025-06-24,60.40,60.84,60.26,60.72,2085479
2025-06-25,60.76,61.15,60.67,61.09,1597077
2025-06-26,60.71,60.83,60.45,60.48,1449503
2025-06-27,61.09,61.09,60.53,60.82,1061672
2025-06-30,60.51,60.94,60.43,60.79,1132455
2025-07-01,60.14,60.41,59.92,60.27,1151717
2025-07-02,60.59,60.66,60.16,60.65,2066162
2025-07-03,60.57,60.79,60.52,60.67,833049
2025-07-07,61.16,61.39,60.65,60.93,1360865
2025-07-08,61.30,61.65,60.94,61.57,1437141
2025-07-09,61.98,62.09,61.76,62.07,1353987
2025-07-10,62.33,62.87,62.30,62.78,1454409
2025-07-11,61.62,61.88,61.46,61.71,1217209
2025-07-14,62.21,62.54,62.16,62.51,1078386
2025-07-15,62.29,62.35,61.74,61.82,1346435
2025-07-16,62.33,62.60,62.04,62.54,2167879
2025-07-17,62.38,63.28,62.35,63.25,1247334
2025-07-18,63.07,63.16,62.73,62.82,1585119
2025-07-21,63.30,63.97,63.23,63.60,1454320
2025-07-22,63.86,64.28,63.61,64.06,1472467
2025-07-23,64.44,65.22,64.41,65.13,1956896
2025-07-24,65.56,65.75,64.98,64.98,1741198
2025-07-25,64.67,64.94,64.44,64.92,1305168
2025-07-28,64.84,64.87,64.33,64.48,1363433
2025-07-29,65.22,65.37,64.90,65.06,1690432
2025-07-30,62.98,63.05,61.17,61.48,3806488
2025-07-31,61.34,61.53,61.04,61.30,1642382
2025-08-01,61.14,61.48,60.61,61.37,1758761
2025-08-04,61.70,61.90,61.56,61.79,1125342
2025-08-05,62.11,62.26,61.56,62.03,1144439
2025-08-06,62.53,62.77,62.43,62.69,868606
2025-08-07,63.27,63.30,62.73,62.95,1184094
2025-08-08,63.10,63.91,62.90,63.71,1363281
2025-08-11,63.89,64.25,63.78,64.20,1288690
2025-08-12,64.65,65.11,64.62,64.97,1558276
2025-08-13,65.25,65.34,64.89,64.97,1339937
2025-08-14,65.24,65.77,65.19,65.77,1477500
2025-08-15,64.71,64.79,63.77,63.87,1693626
2025-08-18,63.57,63.96,63.51,63.93,1089506
2025-08-19,64.30,64.43,63.80,63.84,1038725
2025-08-20,64.97,65.48,64.73,65.36,1605599
2025-08-21,65.11,65.41,65.05,65.26,973051
2025-08-22,65.45,66.05,65.43,65.68,1225361
2025-08-25,65.67,65.94,65.18,65.22,637861
2025-08-26,64.96,65.49,64.77,65.49,1108189
2025-08-27,64.32,64.71,64.28,64.60,1036743
2025-08-28,64.72,64.99,64.56,64.82,819698
2025-08-29,64.23,64.50,64.20,64.47,991955
2025-09-02,63.81,64.12,63.55,64.08,1121597
2025-09-03,64.42,64.78,64.40,64.73,1778988
2025-09-04,64.66,65.24,64.64,65.08,1054932
2025-09-05,66.29,66.37,65.25,65.61,1356099
2025-09-08,65.73,66.12,65.58,66.03,923114
2025-09-09,65.85,66.65,65.84,66.53,1074486
2025-09-10,67.51,68.55,67.51,68.37,3494957
2025-09-11,68.39,69.32,68.38,69.16,1890480
2025-09-12,68.68,69.06,68.59,68.65,1135056
2025-09-15,69.27,69.48,69.05,69.45,1017759
2025-09-16,68.97,69.14,68.66,68.95,1483703
2025-09-17,69.48,69.94,69.26,69.67,1857891
2025-09-18,69.32,69.80,69.17,69.50,1084230
2025-09-19,69.67,69.92,69.55,69.73,944697
2025-09-22,69.86,70.26,69.86,69.98,1217857
2025-09-23,70.57,71.04,70.14,70.20,1448175
2025-09-24,69.98,70.40,69.76,69.89,1121850
2025-09-25,68.78,69.16,68.62,68.93,1580651
2025-09-26,69.91,70.20,69.78,69.82,2042632
2025-09-29,70.72,70.84,70.15,70.47,1318805
2025-09-30,70.66,71.06,70.42,70.98,1573598
2025-10-01,71.50,71.58,71.06,71.36,1279808
2025-10-02,71.10,71.15,70.26,70.83,975395
2025-10-03,71.74,72.21,71.68,72.21,943271
2025-10-06,71.85,72.10,71.36,71.49,982589
2025-10-07,71.08,71.23,70.64,70.71,984288
2025-10-08,71.85,71.92,71.41,71.50,1111517
2025-10-09,68.16,68.49,67.09,67.33,3281312
2025-10-10,66.80,67.38,65.87,65.92,3082572
2025-10-13,66.13,66.70,66.13,66.46,1727498
2025-10-14,66.53,67.31,66.41,66.84,1636679
2025-10-15,66.64,66.85,66.11,66.41,2007082
2025-10-16,66.73,66.85,65.95,66.10,1588964
2025-10-17,65.70,65.88,64.64,65.86,2245791
2025-10-20,65.32,65.83,65.17,65.67,1808626
2025-10-21,66.52,66.66,66.02,66.03,1535255
2025-10-22,66.48,66.75,66.05,66.45,1344895
2025-10-23,66.83,66.95,66.23,66.26,1039040
2025-10-24,66.56,67.11,66.46,67.00,1224978
2025-10-27,66.76,67.27,66.58,67.20,2017639
2025-10-28,69.23,70.53,69.20,70.04,3078494
2025-10-29,70.25,71.24,70.16,70.49,2471210
2025-10-30,69.80,70.64,69.80,70.37,2236168
2025-10-31,69.60,70.14,69.30,70.07,1643681
2025-11-03,70.16,70.48,70.03,70.46,1299486
2025-11-04,69.53,70.33,69.46,69.85,1390164
2025-11-05,70.55,71.32,70.44,70.92,1663400
2025-11-06,72.11,72.34,71.73,72.01,1790928
2025-11-07,70.71,71.33,70.27,71.27,1306308
2025-11-10,71.57,72.41,71.50,72.04,1665543
2025-11-11,72.26,72.82,72.23,72.53,1949344
2025-11-12,73.17,73.66,73.11,73.49,1740269
2025-11-13,73.85,74.17,73.12,73.16,2230892
2025-11-14,72.28,72.93,72.03,72.56,1791331
2025-11-17,72.25,72.32,71.02,71.22,2806985
2025-11-18,69.37,70.19,68.94,69.59,3000098
2025-11-19,69.15,69.48,68.77,69.14,1957932
2025-11-20,69.16,69.32,67.56,67.56,3340758
2025-11-21,68.32,68.99,67.77,68.96,2704002
2025-11-24,68.91,69.21,68.69,68.95,1531942
2025-11-25,69.45,69.72,69.12,69.51,1385737
2025-11-26,70.36,70.80,70.34,70.58,1413262
2025-11-28,71.04,71.33,70.91,71.16,617238
2025-12-01,71.57,71.86,71.36,71.36,1360341
2025-12-02,71.94,72.21,71.81,72.00,1525290
2025-12-03,71.64,72.08,71.41,72.01,1201197
2025-12-04,71.72,72.24,71.68,71.71,1037396
2025-12-05,71.72,71.75,70.91,71.00,1108275
2025-12-08,70.95,71.17,70.84,71.02,889470
2025-12-09,71.03,71.41,70.77,70.79,871812
2025-12-10,72.86,74.36,72.83,74.08,2852198
2025-12-11,74.47,75.34,74.44,75.24,2104580
2025-12-12,75.36,75.44,74.37,74.99,1684528
2025-12-15,75.61,75.92,75.17,75.28,1877253
2025-12-16,74.78,75.03,74.56,74.66,1587331
2025-12-17,77.12,77.33,76.03,76.10,2443402
2025-12-18,77.04,77.29,76.52,76.76,2101834
2025-12-19,77.77,78.36,77.77,77.92,2059654
2025-12-22,78.52,78.83,78.25,78.73,1432972
2025-12-23,78.89,79.62,78.89,79.28,1337032
2025-12-24,79.28,79.66,79.28,79.58,701143
2025-12-26,79.60,79.97,79.58,79.97,668977
2025-12-29,79.12,79.26,78.75,78.85,996457
2025-12-30,79.65,79.68,79.20,79.28,1416008
2025-12-31,79.24,79.26,78.64,78.67,822400
2026-01-02,80.80,80.82,80.06,80.45,2229295
2026-01-05,80.99,81.72,80.99,81.28,2732170
2026-01-06,82.78,83.03,81.99,82.08,2369366
2026-01-07,81.03,81.06,80.23,80.26,2044750
2026-01-08,80.33,80.65,80.14,80.49,1233142
2026-01-09,80.17,80.41,79.89,80.19,1586772
2026-01-12,81.19,81.64,80.75,81.31,1563346
2026-01-13,81.78,81.98,81.36,81.52,1744433
2026-01-14,81.94,81.94,81.35,81.76,1388504
2026-01-15,82.37,83.05,82.21,82.83,1690682
2026-01-16,82.40,82.78,82.31,82.53,1506804
2026-01-20,82.70,83.06,82.27,82.50,1880873
2026-01-21,82.09,83.35,81.94,83.17,1357687
2026-01-22,83.89,84.24,83.51,83.75,1951318
2026-01-23,83.73,84.08,83.40,83.94,1854304
2026-01-26,84.80,85.39,84.79,85.09,1268164
2026-01-27,87.94,88.53,87.64,88.49,2932285
2026-01-28,87.06,87.38,86.39,87.00,1844228
2026-01-29,88.85,89.00,87.03,88.54,2084688
2026-01-30,88.06,88.44,87.34,88.01,2118424
2026-02-02,88.08,89.62,88.04,89.60,1686745
2026-02-03,88.33,89.43,88.26,88.98,3116619
2026-02-04,89.94,90.49,88.91,89.41,2638292
2026-02-05,86.72,87.87,86.29,86.87,4062813
2026-02-06,88.24,89.55,88.17,89.29,1942320
2026-02-09,89.00,90.81,89.00,90.72,2633503
2026-02-10,89.81,90.01,88.84,89.49,2743564
2026-02-11,89.69,90.08,88.72,89.42,3334440
2026-02-12,89.34,89.48,86.18,86.79,3555201
2026-02-13,84.08,85.48,83.93,85.15,6539131
2026-02-17,85.01,86.78,85.01,86.57,2229020
2026-02-18,88.20,88.56,87.76,88.10,2297849
2026-02-19,86.50,86.90,86.26,86.84,1624160
2026-02-20,87.19,88.18,86.81,88.15,2140134
2026-02-23,88.64,89.07,86.92,87.40,1666653
2026-02-24,87.10,88.06,86.69,87.88,2012408
2026-02-25,92.60,94.78,92.36,94.20,3084385
2026-02-26,93.75,94.80,93.36,94.50,2810528
2026-02-27,94.06,94.30,92.69,93.16,2059096
2026-03-02,88.58,90.39,88.56,89.73,2713992
2026-03-03,83.64,85.93,82.99,85.49,3706563
2026-03-04,86.21,87.31,85.77,87.19,2025319
2026-03-05,86.03,86.69,84.93,85.75,1931498
2026-03-06,83.27,84.36,82.83,84.05,2000169
2026-03-09,83.60,85.89,82.42,85.49,2382774
2026-03-10,86.60,87.28,85.48,85.84,1890216
2026-03-11,85.24,86.33,85.06,85.97,1837118
2026-03-12,82.60,83.04,81.45,82.16,2585697
2026-03-13,79.61,80.08,78.04,78.19,2936366
2026-03-16,80.00,80.75,79.84,80.31,1647681
2026-03-17,81.38,81.66,80.82,80.90,1545937
2026-03-18,80.90,81.35,79.87,79.94,1395588
2026-03-19,77.56,79.82,77.53,79.46,2665697
2026-03-20,79.00,79.19,76.21,76.95,3817466
2026-03-23,79.53,81.00,79.19,79.83,2950960
2026-03-24,78.24,79.79,78.06,79.27,2563617
2026-03-25,81.44,81.61,80.45,81.22,2155888
2026-03-26,80.59,81.04,79.53,79.63,1755738
2026-03-27,79.39,80.47,78.86,79.19,2641967
2026-03-30,79.71,80.41,78.98,79.35,1707138
2026-03-31,81.41,82.58,80.65,82.49,2161303
2026-04-01,84.90,86.22,84.33,85.46,4277764
2026-04-02,82.56,84.95,82.37,84.41,2146223
2026-04-06,84.62,85.15,84.35,84.64,1229307
2026-04-07,84.24,85.30,83.44,85.15,2041120
2026-04-08,91.39,91.63,89.47,90.27,4240955
2026-04-09,89.23,90.67,89.08,90.27,1766800
2026-04-10,90.93,90.93,90.17,90.26,1300576
2026-04-13,89.42,91.14,89.15,90.98,1433146
2026-04-14,90.90,91.55,90.70,91.37,1447199
2026-04-15,91.23,91.33,90.78,90.93,1410179
2026-04-16,91.53,91.75,90.36,90.52,1330641
2026-04-17,92.26,92.98,92.03,92.16,1407316
2026-04-20,91.65,91.92,90.98,91.59,1510276
2026-04-21,92.24,92.46,90.59,90.64,2005052
2026-04-22,91.57,91.59,90.24,90.47,2233138
2026-04-23,90.51,90.74,88.64,89.64,2469591
2026-04-24,89.55,90.03,89.25,89.69,1167226
2026-04-27,89.93,90.39,89.50,89.96,1251360
2026-04-28,89.87,90.48,89.54,89.97,1273540
2026-04-29,90.38,90.41,89.15,89.28,1813797
2026-04-30,91.04,92.19,90.75,91.86,1728724
2026-05-01,91.73,92.82,91.42,91.95,1666712
2026-05-04,91.51,91.68,89.98,90.13,1349350
2026-05-05,86.39,87.57,85.21,87.40,3252636
2026-05-06,91.92,92.34,90.91,91.40,1858755
2026-05-07,91.49,91.54,88.87,88.97,1838556
2026-05-08,90.13,90.51,89.65,90.16,1771540
2026-05-11,90.95,91.11,90.38,90.55,1297611
2026-05-12,88.66,90.17,88.56,89.97,1215771
2026-05-13,89.18,91.09,89.16,90.63,1026432
2026-05-14,91.14,91.65,90.62,90.72,1456736
2026-05-15,88.69,88.69,87.88,88.38,1296853
2026-05-18,89.88,90.42,89.36,90.13,1541943
2026-05-19,89.27,89.52,88.44,88.47,1517246
2026-05-20,89.76,92.31,89.60,91.99,2069290
2026-05-21,90.49,92.71,90.38,92.05,1566501
2026-05-22,92.64,92.76,91.88,92.02,1070446
2026-05-26,93.91,94.33,93.05,93.74,1109635
2026-05-27,95.04,95.22,93.98,94.68,1763386
2026-05-28,92.57,93.37,91.90,92.95,2183259
2026-05-29,93.99,94.65,93.58,93.74,1571292
2026-06-01,92.31,93.44,91.95,93.18,2331185
2026-06-02,94.21,95.61,94.19,95.21,1468492
2026-06-03,94.43,94.55,93.60,93.64,1362544
2026-06-04,90.80,92.81,90.69,92.62,2659548
2026-06-05,91.87,92.13,90.34,90.80,2327904
2026-06-08,92.13,92.58,91.30,91.53,1510619
2026-06-09,90.63,91.02,87.62,89.34,3875191
2026-06-10,86.94,87.22,86.12,86.16,2552700
2026-06-11,88.65,90.86,88.28,90.72,1882925
2026-06-12,91.98,92.75,91.67,92.67,1677190
2026-06-15,93.68,93.80,92.86,92.92,1315294
2026-06-16,94.92,95.41,94.31,94.45,1206986
2026-06-17,95.84,96.63,94.94,95.23,1965490
2026-06-18,95.29,95.87,94.92,94.97,1404579
2026-06-22,96.61,96.90,96.14,96.51,1104880
2026-06-23,95.49,96.22,95.30,95.59,1051482
2026-06-24,94.54,94.62,93.57,93.85,1659920
2026-06-25,95.84,96.04,94.88,95.06,1135596
2026-06-26,94.00,94.52,93.25,93.75,933686
2026-06-29,94.71,95.19,94.02,95.08,1571757
2026-06-30,95.44,95.64,94.61,95.09,1080487
2026-07-01,94.73,96.42,94.66,95.81,1390443
2026-07-02,97.06,97.88,96.09,96.78,1247617
2026-07-06,97.55,98.78,97.53,98.74,1183716
2026-07-07,98.10,98.60,97.16,97.40,1151508
2026-07-08,96.88,96.98,95.18,96.09,1209125
2026-07-09,97.81,98.28,97.69,98.02,965262
2026-07-10,98.74,99.47,98.33,99.09,1099405
2026-07-13,98.37,98.37,97.46,98.09,1385166
2026-07-14,99.32,100.80,98.78,99.25,1425075
2026-07-15,99.96,100.73,99.72,100.46,1204935
2026-07-16,100.28,101.10,99.69,100.52,1471009
2026-07-17,98.53,100.77,98.37,100.61,1794391
2026-07-20,100.39,100.43,98.60,99.01,1626820
2026-07-21,100.64,101.65,99.96,101.12,1021605
2026-07-22,102.94,103.50,102.76,103.11,1763135
2026-07-23,101.74,102.28,101.56,101.75,1223696
2026-07-24,103.20,103.94,103.00,103.40,1085531
2026-07-27,103.92,104.33,102.99,103.97,980821
2026-07-28,102.76,103.90,102.20,103.70,1014666
2026-07-29,103.50,104.17,102.38,102.60,1493476
2026-07-30,106.38,107.58,106.06,107.09,1680357
2026-07-31,106.74,106.90,105.25,106.42,1555260
2026-08-03,107.47,107.92,106.78,107.86,1336371
2026-08-04,106.70,107.85,105.91,106.04,2127876
2026-08-05,101.99,102.96,101.73,102.68,2764885
2026-08-06,103.31,103.36,102.38,102.56,1179338
2026-08-07,104.25,104.46,103.27,103.73,1513706
2026-08-10,103.45,103.55,103.05,103.32,866148
2026-08-11,104.01,104.41,103.14,103.21,827260
2026-08-12,103.84,104.24,103.58,104.12,893563
2026-08-13,104.29,104.41,103.41,104.05,789378
2026-08-14,104.03,104.33,103.49,103.79,604351
2026-08-17,104.26,104.66,103.77,103.80,1017516
2026-08-18,103.84,104.20,102.81,103.18,883597
2026-08-19,103.83,103.85,102.04,102.30,1252011
2026-08-20,103.01,103.50,102.18,102.33,876397
2026-08-21,103.95,104.45,103.56,104.15,743490
2026-08-24,104.14,104.63,102.99,104.09,1354707
2026-08-25,103.41,104.54,102.90,104.38,923851
2026-08-26,104.19,104.31,103.61,103.65,1397000
2026-08-27,103.33,103.55,102.27,102.85,1033191
2026-08-28,103.64,104.17,103.23,103.53,1268817
2026-08-31,102.96,103.84,102.91,103.14,697699
2026-09-01,103.71,104.35,103.14,103.40,1180991
2026-09-02,104.01,104.96,103.88,104.94,1389217
2026-09-03,105.98,106.47,105.60,106.46,1333134
2026-09-04,106.47,107.43,106.37,107.11,1209246
2026-09-08,106.70,107.16,106.25,106.26,827932
2026-09-09,105.01,105.58,104.60,105.11,1270701
2026-09-10,103.56,104.20,103.33,103.70,1346617
2026-09-11,105.73,105.80,104.66,105.30,955590
2026-09-14,104.10,105.00,103.38,103.94,1654009
2026-09-15,103.32,103.58,101.35,102.22,2296913
