date,open,high,low,close,volume
2016-09-15,12.14,12.31,12.10,12.29,2196845
2016-09-16,12.03,12.06,11.91,11.95,2406103
2016-09-19,12.11,12.12,11.95,11.99,2002997
2016-09-20,12.04,12.05,11.92,11.92,2325953
2016-09-21,12.34,12.43,12.27,12.41,2858791
2016-09-22,12.66,12.68,12.42,12.46,1694299
2016-09-23,12.39,12.44,12.33,12.33,3496692
2016-09-26,12.18,12.22,12.12,12.14,2625614
2016-09-27,11.98,12.19,11.96,12.18,2263445
2016-09-28,12.32,12.35,12.14,12.30,1974198
2016-09-29,12.25,12.30,11.76,11.87,5023124
2016-09-30,12.02,12.39,11.99,12.34,4015997
2016-10-03,12.20,12.22,12.09,12.17,1770977
2016-10-04,12.19,12.32,12.16,12.22,3100981
2016-10-05,12.36,12.51,12.32,12.49,3547697
2016-10-06,12.69,12.71,12.56,12.62,2885513
2016-10-07,12.59,12.59,12.42,12.56,2707425
2016-10-10,12.54,12.58,12.47,12.48,1657446
2016-10-11,12.59,12.60,12.31,12.40,1956725
2016-10-12,12.50,12.56,12.41,12.42,1902459
2016-10-13,12.18,12.32,12.08,12.25,2912618
2016-10-14,12.50,12.56,12.33,12.36,2229301
2016-10-17,12.44,12.46,12.35,12.38,1741378
2016-10-18,12.62,12.69,12.58,12.65,2162512
2016-10-19,12.65,12.78,12.65,12.75,2463684
2016-10-20,12.82,12.97,12.80,12.95,4649894
2016-10-21,12.72,12.85,12.70,12.84,1754418
2016-10-24,13.07,13.09,12.96,13.01,1640977
2016-10-25,12.94,13.00,12.91,12.95,1925613
2016-10-26,12.89,13.04,12.88,12.99,3518291
2016-10-27,13.10,13.17,13.07,13.11,2667837
2016-10-28,13.09,13.20,13.03,13.13,3726505
2016-10-31,13.12,13.14,13.04,13.11,2876143
2016-11-01,13.18,13.19,12.88,12.98,3035626
2016-11-02,12.78,12.86,12.71,12.83,3136848
2016-11-03,13.17,13.25,13.05,13.07,3479678
2016-11-04,13.06,13.28,13.03,13.12,4458348
2016-11-07,13.43,13.52,13.42,13.49,2047016
2016-11-08,13.44,13.62,13.38,13.58,2825620
2016-11-09,13.92,14.20,13.90,14.14,6422485
2016-11-10,14.23,14.35,13.98,14.31,8132400
2016-11-11,13.93,13.98,13.84,13.95,4598887
2016-11-14,13.97,14.10,13.95,14.05,3573733
2016-11-15,14.07,14.14,13.96,14.14,3014125
2016-11-16,13.82,13.88,13.63,13.67,3524416
2016-11-17,13.69,13.75,13.61,13.70,2638001
2016-11-18,13.64,13.64,13.47,13.52,2857483
2016-11-21,13.58,13.63,13.53,13.62,1587300
2016-11-22,13.78,13.81,13.71,13.80,1798358
2016-11-23,13.42,13.59,13.38,13.50,2172678
2016-11-25,13.42,13.51,13.41,13.51,967991
2016-11-28,13.31,13.35,13.16,13.17,2058496
2016-11-29,13.41,13.44,13.30,13.38,2064236
2016-11-30,13.53,13.66,13.52,13.57,1988759
2016-12-01,13.69,13.77,13.62,13.72,2393731
2016-12-02,13.37,13.50,13.32,13.37,3075604
2016-12-05,13.66,13.92,13.66,13.92,2772246
2016-12-06,14.27,14.58,14.21,14.56,9466123
2016-12-07,14.39,14.68,14.34,14.64,12304240
2016-12-08,14.51,14.64,14.49,14.59,6259335
2016-12-09,14.30,14.45,14.29,14.45,3979539
2016-12-12,14.50,14.54,14.44,14.51,2564214
2016-12-13,14.43,14.52,14.43,14.48,2364158
2016-12-14,14.33,14.40,14.16,14.20,3756121
2016-12-15,14.26,14.31,14.21,14.22,3244179
2016-12-16,14.23,14.32,14.11,14.14,3317337
2016-12-19,14.10,14.12,14.01,14.03,1714282
2016-12-20,14.13,14.22,14.12,14.20,1543212
2016-12-21,14.19,14.32,14.18,14.29,3262487
2016-12-22,14.34,14.38,14.24,14.25,2296177
2016-12-23,14.21,14.30,14.19,14.28,1086041
2016-12-27,14.20,14.22,14.16,14.20,850725
2016-12-28,14.04,14.10,13.99,14.00,2928645
2016-12-29,13.95,13.98,13.90,13.94,1675973
2016-12-30,14.03,14.13,14.00,14.10,1752145
2017-01-03,14.32,14.43,14.30,14.42,2765347
2017-01-04,14.63,14.65,14.49,14.61,2753886
2017-01-05,14.69,14.77,14.61,14.70,2338246
2017-01-06,14.65,14.71,14.63,14.63,1703905
2017-01-09,14.42,14.51,14.37,14.39,2485563
2017-01-10,14.48,14.53,14.36,14.41,4825202
2017-01-11,14.27,14.49,14.26,14.49,2996704
2017-01-12,14.53,14.56,14.35,14.48,3139284
2017-01-13,14.63,14.70,14.56,14.62,3259318
2017-01-17,14.54,14.56,14.35,14.36,5740057
2017-01-18,14.20,14.25,14.13,14.24,2119862
2017-01-19,14.22,14.22,14.08,14.19,1779594
2017-01-20,14.22,14.30,14.21,14.30,1874335
2017-01-23,14.24,14.27,14.14,14.25,1547292
2017-01-24,14.27,14.35,14.26,14.29,2009647
2017-01-25,14.66,14.78,14.63,14.77,3685870
2017-01-26,14.72,14.76,14.60,14.67,1968792
2017-01-27,14.64,14.66,14.56,14.63,1368585
2017-01-30,14.35,14.36,14.19,14.34,2938369
2017-01-31,14.46,14.48,14.30,14.38,2446314
2017-02-01,14.53,14.56,14.44,14.47,2354814
2017-02-02,14.81,14.81,14.66,14.73,4256884
2017-02-03,14.95,15.02,14.89,14.95,2825169
2017-02-06,14.68,14.75,14.61,14.70,3813474
2017-02-07,14.66,14.70,14.60,14.67,3465389
2017-02-08,14.30,14.31,14.11,14.27,4541195
2017-02-09,14.49,14.59,14.47,14.57,2213289
2017-02-10,14.27,14.35,14.21,14.30,4534830
2017-02-13,14.41,14.51,14.38,14.46,2654875
2017-02-14,14.37,14.54,14.36,14.52,2860176
2017-02-15,14.53,14.63,14.52,14.60,2661657
2017-02-16,14.68,14.70,14.57,14.63,1878296
2017-02-17,14.30,14.38,14.25,14.37,2384715
2017-02-21,14.28,14.30,14.16,14.22,3128718
2017-02-22,13.93,14.16,13.87,14.15,4560550
2017-02-23,14.09,14.11,13.95,14.03,1971478
2017-02-24,13.66,13.84,13.65,13.84,2610402
2017-02-27,13.77,13.84,13.73,13.83,2876608
2017-02-28,13.64,13.88,13.63,13.83,2862224
2017-03-01,14.16,14.34,14.15,14.27,4443704
2017-03-02,14.24,14.30,14.12,14.13,3224318
2017-03-03,14.69,14.79,14.63,14.76,4063014
2017-03-06,14.65,14.66,14.54,14.60,2906232
2017-03-07,14.51,14.65,14.48,14.59,1814141
2017-03-08,14.92,14.94,14.75,14.77,3592295
2017-03-09,15.15,15.22,15.06,15.15,4168998
2017-03-10,15.46,15.63,15.43,15.56,5306584
2017-03-13,15.59,15.61,15.45,15.47,2242673
2017-03-14,15.24,15.26,15.13,15.24,2716187
2017-03-15,15.28,15.37,15.25,15.31,3536481
2017-03-16,15.65,15.66,15.46,15.59,3243639
2017-03-17,15.62,15.63,15.39,15.45,2354680
2017-03-20,15.39,15.46,15.32,15.32,2382462
2017-03-21,15.79,15.80,15.41,15.47,4853380
2017-03-22,14.86,15.03,14.83,14.89,5676745
2017-03-23,14.95,15.08,14.92,14.98,3323765
2017-03-24,14.92,14.96,14.83,14.92,3155599
2017-03-27,14.85,15.02,14.81,14.99,2587232
2017-03-28,15.01,15.18,15.01,15.14,2446198
2017-03-29,14.88,15.03,14.84,15.01,4365111
2017-03-30,14.96,15.13,14.92,15.08,2838576
2017-03-31,15.08,15.18,15.06,15.09,2232318
2017-04-03,15.02,15.03,14.83,15.01,2512269
2017-04-04,14.88,14.94,14.79,14.93,2380371
2017-04-05,15.08,15.10,14.86,14.89,6835949
2017-04-06,14.96,15.04,14.90,15.01,3603066
2017-04-07,15.00,15.03,14.92,14.95,2534641
2017-04-10,14.94,15.00,14.87,14.91,2557193
2017-04-11,14.88,14.96,14.77,14.95,2651292
2017-04-12,14.76,14.83,14.70,14.79,7257929
2017-04-13,14.61,14.71,14.57,14.60,2741218
2017-04-17,14.65,14.84,14.63,14.84,1269916
2017-04-18,14.74,14.78,14.55,14.68,3433423
2017-04-19,15.18,15.23,15.06,15.16,33581730
2017-04-20,15.26,15.32,15.21,15.29,7859275
2017-04-21,15.26,15.34,15.18,15.22,3471351
2017-04-24,16.30,16.41,16.24,16.38,4600070
2017-04-25,16.47,16.51,16.35,16.45,3875797
2017-04-26,16.31,16.40,16.27,16.31,4685706
2017-04-27,16.31,16.31,16.20,16.26,2930596
2017-04-28,16.35,16.40,16.27,16.28,5349904
2017-05-01,16.38,16.57,16.31,16.56,3290817
2017-05-02,16.47,16.59,16.45,16.59,5475971
2017-05-03,16.64,16.71,16.59,16.67,3488311
2017-05-04,16.90,17.01,16.85,16.98,4899510
2017-05-05,17.21,17.35,17.15,17.35,3684614
2017-05-08,17.10,17.15,17.07,17.12,2910346
2017-05-09,16.59,16.66,16.44,16.49,4120831
2017-05-10,16.71,16.77,16.61,16.77,2998051
2017-05-11,16.59,16.73,16.49,16.68,3198431
2017-05-12,16.68,16.79,16.66,16.76,2128015
2017-05-15,16.86,16.93,16.82,16.91,1343839
2017-05-16,17.06,17.11,16.93,17.11,2052250
2017-05-17,16.74,16.83,16.55,16.60,4166385
2017-05-18,16.42,16.75,16.38,16.66,4363616
2017-05-19,16.85,16.97,16.83,16.90,3074616
2017-05-22,16.99,17.04,16.90,17.01,3602951
2017-05-23,17.12,17.14,17.02,17.08,3898806
2017-05-24,16.95,17.03,16.90,17.02,3595041
2017-05-25,17.07,17.14,16.97,17.13,9892690
2017-05-26,16.94,17.02,16.93,17.00,8698637
2017-05-30,16.82,16.83,16.67,16.69,9727959
2017-05-31,16.88,16.91,16.73,16.88,9300631
2017-06-01,16.76,16.88,16.68,16.88,10755290
2017-06-02,16.90,16.95,16.81,16.90,5698957
2017-06-05,16.78,16.93,16.77,16.84,3747550
2017-06-06,16.69,16.73,16.60,16.65,3452014
2017-06-07,17.07,17.13,16.91,17.06,8260873
2017-06-08,17.05,17.24,17.02,17.18,6986946
2017-06-09,17.37,17.50,17.32,17.44,5413082
2017-06-12,17.23,17.27,17.05,17.14,5788799
2017-06-13,17.18,17.21,17.09,17.16,4484983
2017-06-14,17.13,17.13,16.93,17.09,5381086
2017-06-15,16.64,16.88,16.62,16.84,5173719
2017-06-16,16.86,17.02,16.84,16.98,2332055
2017-06-19,17.20,17.24,17.09,17.17,3859195
2017-06-20,16.98,17.00,16.75,16.76,4497660
2017-06-21,16.76,16.86,16.70,16.78,3148079
2017-06-22,16.66,16.73,16.61,16.65,3160746
2017-06-23,16.74,16.75,16.65,16.69,4426639
2017-06-26,16.98,17.01,16.82,16.86,3538715
2017-06-27,17.15,17.20,17.04,17.14,4617650
2017-06-28,17.20,17.44,17.18,17.42,3788972
2017-06-29,17.60,17.62,17.27,17.40,6633802
2017-06-30,17.43,17.45,17.24,17.39,4839198
2017-07-03,17.55,17.66,17.52,17.56,3257062
2017-07-05,17.58,17.63,17.45,17.60,3654003
2017-07-06,17.68,17.93,17.66,17.79,3462265
2017-07-07,17.79,17.89,17.73,17.83,2293233
2017-07-10,17.81,17.93,17.76,17.90,3005067
2017-07-11,17.87,17.95,17.79,17.94,2378663
2017-07-12,17.93,17.96,17.82,17.94,3323615
2017-07-13,17.97,18.06,17.93,18.05,2939055
2017-07-14,17.95,18.17,17.89,18.13,2953743
2017-07-17,18.00,18.06,17.96,18.01,3698529
2017-07-18,17.83,17.95,17.81,17.93,6310756
2017-07-19,17.82,17.89,17.75,17.83,4696263
2017-07-20,18.02,18.12,17.98,18.05,2928492
2017-07-21,18.05,18.09,17.95,18.07,2121815
2017-07-24,18.08,18.19,18.02,18.19,2740739
2017-07-25,18.42,18.44,18.26,18.30,2054543
2017-07-26,18.35,18.52,18.29,18.43,3441325
2017-07-27,18.57,18.63,18.47,18.54,4837738
2017-07-28,18.51,18.71,18.45,18.66,3528090
2017-07-31,18.63,18.75,18.55,18.73,2736558
2017-08-01,18.84,18.94,18.77,18.87,6365382
2017-08-02,18.62,18.77,18.48,18.75,8798685
2017-08-03,18.62,18.67,18.56,18.64,2331556
2017-08-04,18.75,18.83,18.68,18.82,1944879
2017-08-07,18.86,18.89,18.82,18.86,1421373
2017-08-08,18.87,18.91,18.74,18.75,2348030
2017-08-09,18.47,18.62,18.43,18.61,2459672
2017-08-10,18.09,18.12,17.89,17.94,5404152
2017-08-11,17.95,17.99,17.82,17.92,3373481
2017-08-14,18.09,18.12,18.03,18.04,3344156
2017-08-15,18.14,18.16,18.04,18.13,2843089
2017-08-16,18.14,18.20,18.10,18.16,3179365
2017-08-17,17.95,17.98,17.77,17.78,4884465
2017-08-18,17.76,18.01,17.71,17.93,2780825
2017-08-21,17.84,17.88,17.77,17.81,2279642
2017-08-22,17.85,17.91,17.85,17.89,1532774
2017-08-23,17.81,17.84,17.73,17.76,2146401
2017-08-24,17.83,17.84,17.74,17.77,1835243
2017-08-25,17.79,17.90,17.78,17.86,2036364
2017-08-28,17.93,17.93,17.84,17.85,1354286
2017-08-29,17.78,17.81,17.69,17.75,2078831
2017-08-30,17.64,17.70,17.61,17.64,2839729
2017-08-31,17.72,17.84,17.69,17.78,3555679
2017-09-01,17.76,17.86,17.69,17.84,3944647
2017-09-05,17.57,17.59,17.32,17.40,5420859
2017-09-06,17.53,17.58,17.46,17.55,3281837
2017-09-07,17.72,17.73,17.54,17.61,2889479
2017-09-08,17.73,17.78,17.68,17.71,3022716
2017-09-11,17.80,17.92,17.79,17.86,3577139
2017-09-12,18.12,18.19,18.11,18.15,2473598
2017-09-13,18.30,18.34,18.16,18.16,2405738
2017-09-14,18.21,18.23,18.16,18.20,2194726
2017-09-15,18.12,18.15,18.04,18.12,2411592
2017-09-18,18.20,18.24,18.12,18.13,2045373
2017-09-19,18.16,18.21,18.11,18.18,2035280
2017-09-20,18.18,18.29,18.11,18.19,3330889
2017-09-21,18.38,18.43,18.34,18.39,1839121
2017-09-22,18.38,18.41,18.34,18.40,1435552
2017-09-25,18.17,18.20,17.96,18.00,2792525
2017-09-26,18.10,18.10,17.93,18.03,2113264
2017-09-27,18.36,18.38,18.25,18.29,2502594
2017-09-28,18.34,18.34,18.25,18.30,1832771
2017-09-29,18.29,18.45,18.28,18.42,3017435
2017-10-02,18.40,18.44,18.34,18.42,2399777
2017-10-03,18.42,18.49,18.41,18.47,1383485
2017-10-04,18.32,18.37,18.28,18.31,1626856
2017-10-05,18.30,18.42,18.28,18.38,2027151
2017-10-06,18.43,18.50,18.41,18.47,2349889
2017-10-09,18.50,18.53,18.45,18.47,1366740
2017-10-10,18.52,18.71,18.52,18.71,2285063
2017-10-11,18.60,18.68,18.57,18.67,1640381
2017-10-12,18.61,18.61,18.50,18.52,1349451
2017-10-13,18.49,18.57,18.44,18.47,2063507
2017-10-16,18.37,18.39,18.30,18.37,1460835
2017-10-17,18.36,18.40,18.32,18.37,2873336
2017-10-18,18.47,18.57,18.46,18.55,1088611
2017-10-19,18.50,18.73,18.48,18.72,1981040
2017-10-20,18.69,18.71,18.64,18.69,1838585
2017-10-23,18.58,18.59,18.50,18.51,1791929
2017-10-24,18.68,18.83,18.66,18.81,2628971
2017-10-25,18.98,19.01,18.75,18.82,3472638
2017-10-26,18.80,18.82,18.64,18.66,2837309
2017-10-27,18.46,18.52,18.39,18.45,2265380
2017-10-30,18.46,18.57,18.42,18.55,2028352
2017-10-31,18.54,18.57,18.50,18.52,1911474
2017-11-01,18.59,18.64,18.51,18.52,2170929
2017-11-02,18.30,18.55,18.25,18.50,3171490
2017-11-03,18.33,18.33,18.18,18.28,1627720
2017-11-06,18.24,18.31,18.21,18.28,1313548
2017-11-07,18.30,18.33,18.11,18.15,2650270
2017-11-08,18.28,18.32,18.23,18.29,1823992
2017-11-09,18.18,18.21,18.03,18.17,1931697
2017-11-10,18.24,18.29,18.19,18.21,1347907
2017-11-13,17.97,18.20,17.95,18.16,1456309
2017-11-14,18.06,18.14,18.02,18.11,1484809
2017-11-15,17.88,18.14,17.86,18.11,1765499
2017-11-16,18.06,18.11,17.97,18.07,2187257
2017-11-17,17.96,18.08,17.84,18.06,3138014
2017-11-20,17.90,17.92,17.84,17.86,2459435
2017-11-21,17.81,17.86,17.72,17.79,4097142
2017-11-22,17.96,18.00,17.86,17.91,1804948
2017-11-24,18.32,18.33,18.27,18.31,1408969
2017-11-27,18.19,18.27,18.14,18.15,1769239
2017-11-28,18.10,18.28,18.02,18.26,2814025
2017-11-29,18.25,18.29,18.14,18.22,4953638
2017-11-30,18.23,18.24,18.08,18.10,3257039
2017-12-01,18.05,18.07,17.82,17.98,4791934
2017-12-04,18.10,18.16,18.02,18.09,3718350
2017-12-05,17.95,18.02,17.86,17.87,3975027
2017-12-06,17.77,17.82,17.70,17.72,3063260
2017-12-07,17.91,18.18,17.87,18.13,2176458
2017-12-08,18.51,18.56,18.32,18.55,9069131
2017-12-11,18.52,18.55,18.48,18.51,7822368
2017-12-12,18.40,18.46,18.30,18.43,4287602
2017-12-13,18.35,18.41,18.30,18.31,3237858
2017-12-14,18.50,18.54,18.23,18.25,1581378
2017-12-15,18.28,18.28,18.17,18.18,2438680
2017-12-18,18.41,18.47,18.36,18.40,3004728
2017-12-19,18.54,18.55,18.37,18.50,2690238
2017-12-20,18.51,18.55,18.44,18.46,1770369
2017-12-21,18.50,18.65,18.49,18.55,1434981
2017-12-22,18.44,18.48,18.39,18.47,1120414
2017-12-26,18.49,18.54,18.46,18.49,1055231
2017-12-27,18.48,18.52,18.43,18.44,969906
2017-12-28,18.51,18.57,18.47,18.51,816112
2017-12-29,18.49,18.51,18.41,18.46,1026287
2018-01-02,18.45,18.51,18.40,18.48,1958855
2018-01-03,18.55,18.66,18.55,18.60,2575250
2018-01-04,18.99,19.12,18.94,18.97,3242857
2018-01-05,19.01,19.12,18.92,19.11,1746970
2018-01-08,19.00,19.04,18.96,18.99,1393924
2018-01-09,19.03,19.15,19.00,19.10,2034213
2018-01-10,19.73,19.79,19.66,19.68,2912014
2018-01-11,19.94,20.06,19.89,20.05,3167521
2018-01-12,20.15,20.33,20.12,20.31,2331399
2018-01-16,20.19,20.22,20.11,20.17,3154333
2018-01-17,20.11,20.34,20.04,20.25,2471876
2018-01-18,20.22,20.27,20.11,20.22,3025770
2018-01-19,20.18,20.30,20.09,20.27,4230365
2018-01-22,20.41,20.58,20.40,20.57,2397862
2018-01-23,20.00,20.21,19.99,20.19,5958515
2018-01-24,20.16,20.25,20.12,20.22,3354518
2018-01-25,20.26,20.40,20.15,20.28,4207375
2018-01-26,20.20,20.31,20.15,20.30,2601746
2018-01-29,20.17,20.28,20.11,20.24,3954748
2018-01-30,20.05,20.07,19.94,19.99,5218796
2018-01-31,19.85,19.89,19.64,19.70,3054171
2018-02-01,19.58,19.73,19.50,19.68,2477633
2018-02-02,19.67,19.70,19.35,19.35,2352975
2018-02-05,19.34,19.52,18.68,18.77,5234037
2018-02-06,18.71,19.02,18.60,19.00,7656562
2018-02-07,18.81,18.98,18.68,18.73,5198230
2018-02-08,18.80,18.80,18.21,18.22,4364519
2018-02-09,18.05,18.30,17.75,18.22,5842046
2018-02-12,18.22,18.45,18.12,18.32,5380811
2018-02-13,18.17,18.22,18.07,18.19,4231348
2018-02-14,17.92,18.52,17.91,18.50,5065052
2018-02-15,18.56,18.57,18.37,18.51,3686339
2018-02-16,18.31,18.50,18.29,18.38,5040539
2018-02-20,18.15,18.28,18.14,18.18,4502472
2018-02-21,18.10,18.27,18.06,18.07,5437676
2018-02-22,18.14,18.22,18.02,18.07,3488318
2018-02-23,18.14,18.22,18.11,18.21,1788321
2018-02-26,18.17,18.28,18.07,18.25,2429765
2018-02-27,17.98,18.09,17.87,17.88,3955264
2018-02-28,17.91,17.91,17.57,17.58,3106729
2018-03-01,17.56,17.71,17.39,17.53,4206341
2018-03-02,17.42,17.59,17.34,17.56,2671864
2018-03-05,17.42,17.66,17.37,17.62,2757035
2018-03-06,17.92,17.95,17.78,17.83,3024383
2018-03-07,17.57,17.73,17.57,17.71,2807671
2018-03-08,17.97,18.00,17.69,17.77,2664338
2018-03-09,17.73,17.77,17.66,17.71,1839715
2018-03-12,17.65,17.76,17.63,17.71,3150034
2018-03-13,17.63,17.65,17.48,17.52,2603837
2018-03-14,17.47,17.50,17.36,17.42,2054364
2018-03-15,17.41,17.50,17.33,17.47,4364649
2018-03-16,17.56,17.68,17.54,17.62,1782684
2018-03-19,17.51,17.53,17.30,17.46,2761868
2018-03-20,17.36,17.43,17.27,17.33,2813332
2018-03-21,17.22,17.40,17.12,17.28,3376690
2018-03-22,16.70,16.82,16.53,16.60,5360492
2018-03-23,16.58,16.71,16.42,16.45,3875910
2018-03-26,16.82,16.89,16.63,16.86,2813097
2018-03-27,16.95,16.96,16.58,16.65,3796116
2018-03-28,16.94,17.05,16.87,16.92,4044750
2018-03-29,16.92,16.97,16.82,16.93,1864482
2018-04-02,16.95,16.95,16.59,16.74,2136868
2018-04-03,16.65,16.77,16.61,16.74,2736582
2018-04-04,16.50,16.78,16.50,16.77,2637935
2018-04-05,16.96,17.07,16.90,16.95,5334525
2018-04-06,16.87,16.93,16.73,16.80,3772717
2018-04-09,16.89,17.05,16.85,16.89,2077112
2018-04-10,17.09,17.12,16.96,16.99,2595504
2018-04-11,17.14,17.18,17.02,17.04,2097923
2018-04-12,17.28,17.39,17.27,17.34,2247665
2018-04-13,17.59,17.61,17.32,17.36,2257490
2018-04-16,17.46,17.48,17.38,17.45,2037718
2018-04-17,17.57,17.59,17.46,17.50,2003201
2018-04-18,17.52,17.55,17.43,17.44,2008692
2018-04-19,17.40,17.54,17.39,17.49,2211385
2018-04-20,17.49,17.54,17.45,17.51,1398361
2018-04-23,17.59,17.65,17.53,17.62,1809279
2018-04-24,17.63,17.73,17.55,17.60,2840153
2018-04-25,17.00,17.07,16.87,16.98,2927125
2018-04-26,16.97,16.97,16.77,16.82,3382854
2018-04-27,16.67,16.85,16.65,16.83,1655342
2018-04-30,16.80,16.91,16.78,16.79,1534511
2018-05-01,16.75,16.75,16.63,16.71,1355111
2018-05-02,16.88,16.91,16.79,16.79,2073089
2018-05-03,16.59,16.64,16.37,16.61,2295396
2018-05-04,16.38,16.68,16.35,16.62,2224699
2018-05-07,16.54,16.68,16.52,16.62,1647384
2018-05-08,16.46,16.55,16.43,16.47,2840897
2018-05-09,16.05,16.11,15.93,16.03,3382357
2018-05-10,16.03,16.04,15.92,16.01,2038875
2018-05-11,15.92,16.02,15.92,15.99,2537046
2018-05-14,16.22,16.22,16.07,16.07,2441841
2018-05-15,15.90,15.98,15.84,15.88,2920828
2018-05-16,15.74,15.79,15.69,15.74,2375200
2018-05-17,15.69,15.69,15.55,15.58,3423590
2018-05-18,15.61,15.64,15.51,15.54,1879090
2018-05-21,15.64,15.66,15.60,15.60,1371500
2018-05-22,15.89,15.93,15.80,15.81,3602264
2018-05-23,15.70,15.73,15.56,15.60,4537794
2018-05-24,15.50,15.52,15.35,15.47,2857832
2018-05-25,15.15,15.32,15.14,15.32,1951110
2018-05-29,14.64,14.71,14.31,14.39,8768075
2018-05-30,14.62,14.83,14.53,14.76,5125199
2018-05-31,14.54,14.66,14.38,14.63,6020329
2018-06-01,15.01,15.07,14.85,14.96,5274474
2018-06-04,15.16,15.18,15.02,15.04,3037356
2018-06-05,14.87,14.90,14.72,14.77,2643109
2018-06-06,14.84,15.03,14.82,15.01,2304483
2018-06-07,15.11,15.12,14.93,14.96,4598678
2018-06-08,14.83,14.94,14.77,14.90,2230527
2018-06-11,15.10,15.31,15.08,15.22,4083605
2018-06-12,15.22,15.24,15.07,15.12,2926697
2018-06-13,15.13,15.14,15.03,15.06,2437462
2018-06-14,14.76,14.80,14.71,14.74,3059822
2018-06-15,14.48,14.65,14.45,14.62,3102665
2018-06-18,14.60,14.70,14.56,14.69,2167010
2018-06-19,14.50,14.63,14.46,14.60,2469589
2018-06-20,14.71,14.73,14.63,14.64,2732914
2018-06-21,14.53,14.56,14.36,14.48,2347360
2018-06-22,14.66,14.73,14.62,14.63,1687903
2018-06-25,14.63,14.68,14.52,14.63,2966771
2018-06-26,14.56,14.57,14.37,14.47,2596074
2018-06-27,14.31,14.46,14.18,14.18,3395855
2018-06-28,14.19,14.32,14.13,14.30,2371362
2018-06-29,14.44,14.49,14.31,14.32,3132404
2018-07-02,14.25,14.37,14.24,14.37,2204706
2018-07-03,14.32,14.41,14.31,14.32,1229181
2018-07-05,14.72,14.74,14.65,14.67,2233342
2018-07-06,14.69,14.81,14.66,14.75,1679765
2018-07-09,14.83,14.89,14.81,14.87,2055147
2018-07-10,14.75,14.81,14.69,14.79,1688008
2018-07-11,14.57,14.63,14.48,14.50,1505564
2018-07-12,14.54,14.62,14.51,14.58,1406118
2018-07-13,14.55,14.60,14.48,14.58,965421
2018-07-16,14.62,14.74,14.61,14.73,1258515
2018-07-17,14.46,14.51,14.42,14.44,15030760
2018-07-18,14.34,14.47,14.33,14.45,24409510
2018-07-19,14.31,14.41,14.25,14.37,12540610
2018-07-20,14.43,14.62,14.42,14.60,3160793
2018-07-23,14.67,14.75,14.66,14.72,3324595
2018-07-24,14.98,15.10,14.96,15.04,3167460
2018-07-25,15.00,15.09,14.88,15.08,2741134
2018-07-26,15.05,15.13,14.99,15.10,4525066
2018-07-27,15.13,15.24,15.09,15.22,2633704
2018-07-30,15.16,15.31,15.16,15.25,3610373
2018-07-31,15.35,15.36,15.25,15.27,2282286
2018-08-01,15.18,15.22,15.13,15.15,1893326
2018-08-02,14.79,14.93,14.72,14.87,3363987
2018-08-03,14.85,14.97,14.82,14.97,2447678
2018-08-06,14.87,14.91,14.82,14.84,1655827
2018-08-07,14.91,14.94,14.82,14.82,1505957
2018-08-08,14.88,14.97,14.88,14.90,1328284
2018-08-09,14.89,14.92,14.86,14.87,2338993
2018-08-10,13.78,13.84,13.69,13.76,5010435
2018-08-13,13.38,13.54,13.34,13.39,7240828
2018-08-14,13.42,13.50,13.30,13.48,4619950
2018-08-15,13.24,13.41,13.18,13.39,4957972
2018-08-16,13.51,13.58,13.37,13.38,3113595
2018-08-17,13.31,13.37,13.26,13.35,2240714
2018-08-20,13.35,13.39,13.30,13.31,1629095
2018-08-21,13.70,13.84,13.68,13.79,24485110
2018-08-22,13.93,13.96,13.86,13.92,14961860
2018-08-23,13.81,13.87,13.76,13.77,11574800
2018-08-24,13.92,13.93,13.82,13.83,2862220
2018-08-27,13.92,14.08,13.91,14.06,2004673
2018-08-28,14.08,14.08,13.95,13.95,1599000
2018-08-29,13.91,14.03,13.86,13.99,2192101
2018-08-30,13.81,13.86,13.73,13.75,2154522
2018-08-31,13.55,13.63,13.52,13.58,2780407
2018-09-04,13.19,13.44,13.16,13.40,2642134
2018-09-05,13.48,13.51,13.39,13.42,3005394
2018-09-06,13.41,13.46,13.35,13.41,2115096
2018-09-07,12.66,12.86,12.60,12.85,6986403
2018-09-10,13.01,13.05,12.92,12.93,1891952
2018-09-11,12.82,12.88,12.68,12.74,3951471
2018-09-12,12.58,12.73,12.55,12.65,2242775
2018-09-13,12.82,12.90,12.75,12.83,2931353
2018-09-14,12.84,12.91,12.79,12.86,2434725
2018-09-17,12.98,13.03,12.94,12.95,1822917
2018-09-18,12.88,13.01,12.88,12.97,2266544
2018-09-19,13.04,13.23,13.02,13.19,3168358
2018-09-20,13.61,13.66,13.53,13.65,3100204
2018-09-21,13.68,13.72,13.61,13.67,1747272
2018-09-24,13.64,13.65,13.50,13.52,2067715
2018-09-25,13.73,13.77,13.59,13.64,4233277
2018-09-26,13.59,13.67,13.55,13.55,2517150
2018-09-27,13.55,13.62,13.47,13.49,2024944
2018-09-28,12.97,13.10,12.93,12.97,4748243
2018-10-01,13.02,13.05,12.88,12.90,1900328
2018-10-02,12.88,12.91,12.79,12.89,2946855
2018-10-03,12.99,13.04,12.90,12.96,2713456
2018-10-04,12.98,12.98,12.74,12.81,4367852
2018-10-05,12.79,12.81,12.66,12.71,2598409
2018-10-08,12.38,12.54,12.36,12.50,3912845
2018-10-09,12.52,12.56,12.44,12.45,3527575
2018-10-10,12.78,12.79,12.55,12.57,3237692
2018-10-11,12.65,12.68,12.40,12.43,4231878
2018-10-12,12.71,12.73,12.42,12.59,4374051
2018-10-15,12.48,12.64,12.45,12.56,3587934
2018-10-16,12.59,12.61,12.52,12.57,3093080
2018-10-17,12.54,12.62,12.39,12.50,3113882
2018-10-18,12.36,12.41,12.04,12.05,3313282
2018-10-19,12.02,12.25,12.00,12.19,2697179
2018-10-22,12.09,12.13,11.89,11.90,3379635
2018-10-23,11.87,11.96,11.77,11.88,4181910
2018-10-24,11.85,11.85,11.63,11.63,4327478
2018-10-25,11.82,11.87,11.74,11.76,2922086
2018-10-26,11.62,11.74,11.47,11.67,2908474
2018-10-29,11.79,11.87,11.65,11.71,3443347
2018-10-30,11.78,11.83,11.64,11.78,4542368
2018-10-31,11.83,11.94,11.80,11.81,3343901
2018-11-01,12.68,12.85,12.62,12.75,4983932
2018-11-02,13.00,13.00,12.79,12.90,2949907
2018-11-05,12.85,12.91,12.79,12.83,2274405
2018-11-06,12.74,12.80,12.71,12.79,1914499
2018-11-07,13.05,13.12,13.00,13.10,3166444
2018-11-08,13.00,13.08,12.86,12.86,2104026
2018-11-09,12.79,12.87,12.74,12.81,2137329
2018-11-12,12.67,12.69,12.47,12.48,2166149
2018-11-13,12.58,12.72,12.55,12.58,3195216
2018-11-14,12.78,12.79,12.48,12.62,3428555
2018-11-15,12.37,12.48,12.27,12.46,3736835
2018-11-16,12.38,12.45,12.32,12.36,3261045
2018-11-19,12.44,12.49,12.37,12.47,3990358
2018-11-20,12.19,12.22,12.01,12.03,3438403
2018-11-21,12.22,12.31,12.17,12.20,4904648
2018-11-23,12.09,12.12,12.03,12.08,2435123
2018-11-26,12.30,12.42,12.30,12.42,4099955
2018-11-27,12.28,12.31,12.22,12.27,1995155
2018-11-28,12.38,12.51,12.27,12.51,2761778
2018-11-29,12.24,12.31,12.20,12.27,6001331
2018-11-30,12.10,12.13,12.02,12.08,2891937
2018-12-03,12.29,12.34,12.25,12.28,2606888
2018-12-04,12.23,12.27,11.88,11.93,3379769
2018-12-06,11.63,11.65,11.40,11.59,4502340
2018-12-07,11.60,11.69,11.39,11.41,5560569
2018-12-10,11.37,11.40,11.08,11.17,6249328
2018-12-11,11.30,11.31,11.07,11.12,5886128
2018-12-12,11.41,11.59,11.37,11.50,6443193
2018-12-13,11.68,11.69,11.48,11.56,5898988
2018-12-14,11.38,11.52,11.38,11.43,3689096
2018-12-17,11.25,11.26,11.03,11.09,4867131
2018-12-18,11.30,11.33,11.10,11.14,8527349
2018-12-19,11.22,11.30,10.96,11.02,5097091
2018-12-20,10.71,10.76,10.56,10.62,7865820
2018-12-21,10.70,10.81,10.51,10.53,8791190
2018-12-24,10.51,10.63,10.37,10.38,1630372
2018-12-26,10.38,10.68,10.21,10.68,2540504
2018-12-27,10.45,10.60,10.32,10.59,4395145
2018-12-28,10.71,10.74,10.58,10.63,5267449
2018-12-31,10.66,10.74,10.58,10.66,3195686
2019-01-02,10.47,10.67,10.46,10.65,5005159
2019-01-03,10.72,10.78,10.67,10.69,3007523
2019-01-04,11.05,11.26,11.01,11.23,3152255
2019-01-07,11.30,11.39,11.22,11.31,2512600
2019-01-08,11.45,11.48,11.32,11.42,4144701
2019-01-09,11.39,11.46,11.26,11.33,2283332
2019-01-10,11.25,11.37,11.22,11.32,1878469
2019-01-11,11.23,11.36,11.20,11.31,2568025
2019-01-14,11.27,11.44,11.26,11.40,2432718
2019-01-15,11.31,11.43,11.31,11.41,2738153
2019-01-16,11.59,11.80,11.59,11.74,2719116
2019-01-17,11.61,11.68,11.52,11.60,2852207
2019-01-18,11.88,11.98,11.84,11.94,2735402
2019-01-22,11.72,11.81,11.70,11.77,2220789
2019-01-23,12.01,12.03,11.85,11.91,2511250
2019-01-24,11.79,11.84,11.71,11.78,5345435
2019-01-25,12.06,12.22,12.05,12.14,2618086
2019-01-28,12.09,12.14,12.03,12.13,3643359
2019-01-29,12.05,12.08,11.98,12.03,2299790
2019-01-30,12.07,12.20,12.02,12.13,1637934
2019-01-31,11.82,11.88,11.78,11.87,2699551
2019-02-01,11.73,11.89,11.71,11.83,2309561
2019-02-04,11.64,11.76,11.55,11.75,2897077
2019-02-05,11.88,11.95,11.82,11.94,2063477
2019-02-06,12.56,12.71,12.55,12.56,9140705
2019-02-07,12.46,12.58,12.32,12.36,3869857
2019-02-08,12.22,12.24,12.06,12.20,3463662
2019-02-11,12.30,12.31,12.23,12.26,1763725
2019-02-12,12.32,12.41,12.32,12.36,2583719
2019-02-13,12.39,12.42,12.31,12.32,1999008
2019-02-14,12.16,12.24,12.10,12.19,2134325
2019-02-15,12.41,12.54,12.38,12.50,2427089
2019-02-19,12.43,12.62,12.43,12.58,1867777
2019-02-20,12.55,12.71,12.54,12.66,2580015
2019-02-21,12.49,12.51,12.40,12.41,2641621
2019-02-22,12.59,12.65,12.56,12.58,2135003
2019-02-25,12.81,12.85,12.71,12.72,2677624
2019-02-26,12.85,12.95,12.83,12.90,2801040
2019-02-27,13.05,13.16,13.02,13.11,2938388
2019-02-28,13.28,13.33,13.21,13.22,3611286
2019-03-01,13.37,13.44,13.24,13.25,4221299
2019-03-04,13.21,13.26,13.09,13.15,2315790
2019-03-05,12.78,12.79,12.58,12.75,4136847
2019-03-06,12.30,12.46,12.20,12.32,10593370
2019-03-07,12.16,12.16,11.79,11.97,8252558
2019-03-08,11.70,11.81,11.68,11.76,4634268
2019-03-11,12.04,12.13,12.01,12.11,2128979
2019-03-12,12.08,12.12,12.01,12.08,2938680
2019-03-13,12.26,12.33,12.22,12.31,1810307
2019-03-14,12.35,12.44,12.35,12.36,1447022
2019-03-15,12.50,12.61,12.48,12.59,2075012
2019-03-18,12.36,12.49,12.35,12.46,3539819
2019-03-19,12.64,12.65,12.38,12.42,4098506
2019-03-20,12.24,12.36,12.18,12.23,3345568
2019-03-21,12.21,12.28,12.17,12.23,3502080
2019-03-22,11.98,11.99,11.78,11.82,5049558
2019-03-25,11.88,11.95,11.81,11.85,3284458
2019-03-26,11.86,11.92,11.81,11.89,3273110
2019-03-27,12.15,12.25,12.07,12.15,4047940
2019-03-28,12.00,12.06,11.94,12.04,2371268
2019-03-29,12.15,12.18,12.04,12.14,2681759
2019-04-01,12.30,12.53,12.30,12.50,6066850
2019-04-02,12.54,12.61,12.48,12.55,2821054
2019-04-03,12.73,12.78,12.68,12.73,3197730
2019-04-04,12.72,12.84,12.71,12.80,1792477
2019-04-05,12.73,12.80,12.66,12.70,2401817
2019-04-08,12.74,12.82,12.71,12.81,2255804
2019-04-09,12.76,12.81,12.70,12.73,1975478
2019-04-10,12.73,12.75,12.64,12.71,2136178
2019-04-11,12.90,12.98,12.87,12.92,2473856
2019-04-12,13.37,13.48,13.34,13.45,4140337
2019-04-15,13.51,13.55,13.45,13.50,2662294
2019-04-16,13.69,13.72,13.58,13.66,8242857
2019-04-17,13.66,13.67,13.52,13.64,2805342
2019-04-18,13.58,13.61,13.54,13.54,2244603
2019-04-22,13.53,13.59,13.45,13.45,1342221
2019-04-23,13.39,13.45,13.36,13.39,3811096
2019-04-24,13.26,13.26,13.12,13.16,4459162
2019-04-25,12.61,12.63,12.50,12.59,2996984
2019-04-26,12.64,12.69,12.60,12.66,1522944
2019-04-29,12.65,12.78,12.65,12.75,2596195
2019-04-30,12.76,12.80,12.66,12.76,2638919
2019-05-01,12.77,12.85,12.61,12.61,2679608
2019-05-02,12.60,12.64,12.55,12.60,3336785
2019-05-03,12.61,12.62,12.51,12.60,1587502
2019-05-06,12.30,12.43,12.26,12.42,1899166
2019-05-07,12.15,12.18,12.01,12.04,2939847
2019-05-08,11.97,12.07,11.95,12.04,3132714
2019-05-09,11.75,11.86,11.68,11.83,2809872
2019-05-10,11.81,11.92,11.72,11.88,2205724
2019-05-13,11.59,11.62,11.46,11.47,2454711
2019-05-14,11.48,11.65,11.45,11.54,2733989
2019-05-15,11.23,11.42,11.21,11.31,3689431
2019-05-16,11.37,11.48,11.36,11.41,2222937
2019-05-17,11.25,11.32,11.23,11.23,1947495
2019-05-20,11.11,11.22,11.09,11.15,1977817
2019-05-21,11.23,11.32,11.18,11.30,3711370
2019-05-22,11.03,11.10,11.00,11.03,2317889
2019-05-23,10.84,10.88,10.78,10.86,2726200
2019-05-24,10.97,11.02,10.93,11.00,3928788
2019-05-28,11.05,11.07,10.90,10.91,1979865
2019-05-29,10.87,10.92,10.80,10.90,5336571
2019-05-30,10.90,10.96,10.82,10.85,2206410
2019-05-31,10.74,10.83,10.72,10.76,2899155
2019-06-03,10.70,10.82,10.69,10.80,2556977
2019-06-04,11.20,11.26,11.17,11.23,3279121
2019-06-05,11.17,11.19,11.07,11.11,2765188
2019-06-06,11.13,11.16,10.96,11.08,2282225
2019-06-07,11.15,11.26,11.14,11.16,2013043
2019-06-10,11.38,11.46,11.35,11.37,2288754
2019-06-11,11.52,11.54,11.43,11.46,3681581
2019-06-12,11.37,11.40,11.24,11.25,2510392
2019-06-13,11.20,11.22,11.12,11.15,2904642
2019-06-14,11.06,11.07,10.98,11.02,2330570
2019-06-17,11.11,11.17,11.02,11.03,2006828
2019-06-18,11.14,11.34,11.13,11.28,2586104
2019-06-19,11.41,11.49,11.37,11.38,2275287
2019-06-20,11.32,11.34,11.21,11.29,14376490
2019-06-21,11.20,11.23,11.10,11.12,15364170
2019-06-24,11.19,11.23,11.08,11.08,2995238
2019-06-25,11.05,11.10,11.01,11.08,4113518
2019-06-26,11.30,11.37,11.27,11.35,4201541
2019-06-27,11.52,11.62,11.52,11.61,2467776
2019-06-28,11.62,11.66,11.55,11.57,2294846
2019-07-01,11.74,11.77,11.55,11.58,2588516
2019-07-02,11.46,11.53,11.45,11.50,2583283
2019-07-03,11.54,11.66,11.54,11.63,1221502
2019-07-05,11.86,11.91,11.75,11.78,2155916
2019-07-08,11.55,11.60,11.49,11.54,2431449
2019-07-09,11.44,11.51,11.40,11.46,3645018
2019-07-10,11.67,11.70,11.53,11.54,2185189
2019-07-11,11.65,11.72,11.61,11.72,2320239
2019-07-12,11.76,11.77,11.64,11.66,1489357
2019-07-15,11.70,11.70,11.63,11.65,1490771
2019-07-16,11.76,11.80,11.67,11.69,1767123
2019-07-17,11.57,11.59,11.48,11.50,1534662
2019-07-18,11.50,11.56,11.47,11.54,3918387
2019-07-19,11.27,11.33,11.24,11.29,2377247
2019-07-22,11.33,11.35,11.23,11.32,2410681
2019-07-23,11.43,11.51,11.43,11.48,1597509
2019-07-24,11.43,11.54,11.42,11.52,1369360
2019-07-25,11.66,11.69,11.48,11.59,3677473
2019-07-26,11.58,11.60,11.51,11.56,1861782
2019-07-29,11.51,11.54,11.44,11.45,1287073
2019-07-30,11.14,11.23,11.12,11.19,2048158
2019-07-31,11.19,11.22,11.05,11.10,2678419
2019-08-01,10.64,10.84,10.54,10.55,7476309
2019-08-02,10.34,10.38,10.22,10.30,4545233
2019-08-05,10.08,10.15,10.00,10.05,3994321
2019-08-06,10.06,10.13,10.00,10.11,3791634
2019-08-07,9.96,10.14,9.93,10.10,4376942
2019-08-08,10.11,10.23,10.05,10.14,2884991
2019-08-09,9.77,9.79,9.65,9.73,3252244
2019-08-12,9.56,9.56,9.45,9.48,2473429
2019-08-13,9.55,9.79,9.51,9.70,11107220
2019-08-14,9.43,9.44,9.30,9.30,8665858
2019-08-15,9.31,9.37,9.22,9.24,4176771
2019-08-16,9.33,9.55,9.32,9.51,5800331
2019-08-19,9.50,9.51,9.41,9.42,3181408
2019-08-20,9.38,9.44,9.32,9.36,2769805
2019-08-21,9.42,9.43,9.31,9.33,2088240
2019-08-22,9.53,9.54,9.44,9.50,2455004
2019-08-23,9.44,9.51,9.27,9.28,3119082
2019-08-26,9.43,9.45,9.38,9.42,3242787
2019-08-27,9.50,9.51,9.36,9.39,3400817
2019-08-28,9.33,9.41,9.31,9.35,1607545
2019-08-29,9.49,9.54,9.47,9.48,2304390
2019-08-30,9.64,9.68,9.53,9.55,2333450
2019-09-03,9.46,9.52,9.43,9.50,2843784
2019-09-04,9.67,9.68,9.57,9.63,2746570
2019-09-05,9.89,9.97,9.88,9.93,2904120
2019-09-06,10.05,10.07,9.97,10.00,2828045
2019-09-09,10.19,10.33,10.17,10.31,3354925
2019-09-10,10.57,10.63,10.54,10.60,3259020
2019-09-11,10.60,10.62,10.50,10.62,3636902
2019-09-12,10.46,10.66,10.41,10.64,6176565
2019-09-13,10.87,10.92,10.78,10.85,5563151
2019-09-16,10.64,10.69,10.63,10.67,2820027
2019-09-17,10.42,10.59,10.37,10.58,3660438
2019-09-18,10.48,10.51,10.42,10.48,3363230
2019-09-19,10.63,10.66,10.58,10.58,2283662
2019-09-20,10.74,10.77,10.66,10.69,2984402
2019-09-23,10.44,10.55,10.37,10.54,2604598
2019-09-24,10.46,10.48,10.29,10.33,3981106
2019-09-25,10.23,10.39,10.22,10.36,4105835
2019-09-26,10.33,10.39,10.30,10.36,3158650
2019-09-27,10.43,10.50,10.41,10.43,2350571
2019-09-30,10.46,10.51,10.42,10.45,1930015
2019-10-01,10.51,10.53,10.26,10.30,4125008
2019-10-02,10.15,10.17,9.94,9.99,3326153
2019-10-03,10.04,10.06,9.88,10.02,3427003
2019-10-04,9.99,10.13,9.96,10.12,1972280
2019-10-07,10.11,10.18,10.08,10.10,2656790
2019-10-08,9.95,10.01,9.90,9.94,3303859
2019-10-09,9.94,10.02,9.90,10.01,3119187
2019-10-10,10.21,10.46,10.19,10.44,18584930
2019-10-11,10.71,10.90,10.69,10.80,11114880
2019-10-14,10.77,10.93,10.75,10.89,7389380
2019-10-15,10.89,11.20,10.87,11.08,17470450
2019-10-16,11.27,11.40,11.25,11.32,12370480
2019-10-17,11.42,11.45,11.26,11.30,3073158
2019-10-18,11.38,11.40,11.31,11.39,2383545
2019-10-21,11.66,11.69,11.55,11.55,3637563
2019-10-22,11.46,11.63,11.44,11.52,4628566
2019-10-23,11.51,11.56,11.46,11.56,3281389
2019-10-24,11.60,11.63,11.41,11.49,2247286
2019-10-25,11.45,11.56,11.45,11.52,3054724
2019-10-28,11.50,11.56,11.48,11.55,2849345
2019-10-29,11.48,11.55,11.47,11.53,1966640
2019-10-30,11.30,11.36,11.18,11.33,4198327
2019-10-31,11.36,11.37,11.24,11.33,3913866
2019-11-01,11.38,11.44,11.32,11.43,3491478
2019-11-04,11.58,11.61,11.57,11.60,2350925
2019-11-05,11.75,11.79,11.70,11.77,3459350
2019-11-06,11.76,11.78,11.71,11.77,4905975
2019-11-07,11.95,12.10,11.93,12.08,15058500
2019-11-08,11.88,11.94,11.85,11.92,5274976
2019-11-11,11.88,11.95,11.86,11.91,2074304
2019-11-12,11.92,11.95,11.88,11.89,2276408
2019-11-13,11.65,11.70,11.62,11.66,3714913
2019-11-14,11.58,11.63,11.53,11.60,1961389
2019-11-15,11.73,11.74,11.64,11.69,1903131
2019-11-18,11.54,11.70,11.52,11.66,3265040
2019-11-19,11.78,11.80,11.67,11.72,1699875
2019-11-20,11.53,11.57,11.46,11.51,3657922
2019-11-21,11.54,11.58,11.47,11.56,2177720
2019-11-22,11.62,11.71,11.61,11.63,3704012
2019-11-25,11.62,11.65,11.60,11.64,2158845
2019-11-26,11.52,11.55,11.47,11.54,2538284
2019-11-27,11.55,11.62,11.54,11.60,2472604
2019-11-29,11.53,11.58,11.50,11.52,1255390
2019-12-02,11.58,11.58,11.43,11.45,2825380
2019-12-03,11.33,11.33,11.19,11.27,5687766
2019-12-04,11.43,11.49,11.39,11.47,3910114
2019-12-05,11.61,11.61,11.47,11.49,4818836
2019-12-06,11.62,11.63,11.55,11.57,3359418
2019-12-09,11.63,11.68,11.61,11.63,1997387
2019-12-10,11.55,11.60,11.52,11.53,1675933
2019-12-11,11.61,11.65,11.58,11.58,1760379
2019-12-12,11.69,11.94,11.67,11.92,3411607
2019-12-13,12.05,12.17,11.88,11.96,5430750
2019-12-16,12.06,12.14,12.02,12.02,3716723
2019-12-17,12.15,12.19,12.12,12.19,3874389
2019-12-18,12.16,12.24,12.14,12.16,7997529
2019-12-19,12.16,12.17,12.08,12.09,2164590
2019-12-20,12.10,12.14,12.00,12.01,2742984
2019-12-23,11.97,12.02,11.93,11.98,1942245
2019-12-24,12.00,12.00,11.94,11.96,612888
2019-12-26,11.96,12.05,11.96,12.01,1171693
2019-12-27,12.05,12.06,12.00,12.03,1980279
2019-12-30,12.11,12.11,12.00,12.00,1800764
2019-12-31,12.00,12.05,11.98,12.05,1241931
2020-01-02,12.30,12.44,12.26,12.43,2470532
2020-01-03,12.18,12.28,12.15,12.20,2890476
2020-01-06,12.09,12.20,12.09,12.19,1549890
2020-01-07,12.26,12.27,12.18,12.21,2798645
2020-01-08,12.28,12.40,12.28,12.34,2376218
2020-01-09,12.29,12.30,12.18,12.25,3137378
2020-01-10,12.09,12.12,12.01,12.02,2142925
2020-01-13,11.91,12.03,11.88,11.99,3258302
2020-01-14,11.96,12.03,11.96,11.96,2610353
2020-01-15,11.85,11.87,11.75,11.78,2032473
2020-01-16,11.84,11.87,11.80,11.85,2237403
2020-01-17,11.83,11.86,11.78,11.81,3869591
2020-01-21,11.68,11.68,11.55,11.56,3299819
2020-01-22,11.52,11.56,11.48,11.54,2555204
2020-01-23,11.42,11.48,11.32,11.46,2414555
2020-01-24,11.44,11.44,11.23,11.27,2776659
2020-01-27,11.00,11.08,10.95,10.96,3322646
2020-01-28,11.05,11.17,11.03,11.10,2549042
2020-01-29,11.16,11.20,11.06,11.08,2208746
2020-01-30,11.01,11.17,10.97,11.16,3058723
2020-01-31,10.98,10.99,10.83,10.87,4058484
2020-02-03,10.91,11.01,10.87,10.87,2767831
2020-02-04,11.20,11.23,11.11,11.12,2037101
2020-02-05,11.41,11.42,11.32,11.33,2848321
2020-02-06,11.64,11.65,11.48,11.48,3710934
2020-02-07,11.50,11.57,11.45,11.55,3154210
2020-02-10,11.49,11.53,11.45,11.51,2211227
2020-02-11,11.66,11.72,11.63,11.66,2718134
2020-02-12,11.85,11.86,11.74,11.78,1787072
2020-02-13,11.67,11.69,11.61,11.66,2225611
2020-02-14,11.67,11.68,11.52,11.56,2378353
2020-02-18,11.31,11.36,11.25,11.25,1876116
2020-02-19,10.99,11.01,10.74,10.83,6825632
2020-02-20,10.90,10.96,10.82,10.90,3729613
2020-02-21,10.74,10.77,10.68,10.73,3497998
2020-02-24,10.21,10.36,10.20,10.25,5296430
2020-02-25,10.16,10.19,9.83,9.88,6798870
2020-02-26,9.95,10.05,9.84,9.88,9788220
2020-02-27,9.63,9.86,9.56,9.58,7991647
2020-02-28,9.39,9.56,9.28,9.49,13188860
2020-03-02,9.50,9.60,9.29,9.59,8182367
2020-03-03,9.62,9.70,9.17,9.21,13687990
2020-03-04,9.16,9.27,9.02,9.26,10303950
2020-03-05,8.77,8.91,8.69,8.75,11223490
2020-03-06,8.55,8.68,8.40,8.46,9167944
2020-03-09,7.41,7.89,7.19,7.24,7029886
2020-03-10,7.73,7.77,7.21,7.54,16172160
2020-03-11,7.37,7.38,6.88,6.94,32398610
2020-03-12,6.33,6.35,5.61,5.84,12788760
2020-03-13,6.15,6.17,5.64,6.15,9529709
2020-03-16,4.89,5.33,4.86,4.90,26373330
2020-03-17,4.86,5.12,4.65,5.04,12553950
2020-03-18,4.62,4.72,4.52,4.70,9795253
2020-03-19,4.59,4.90,4.52,4.81,6393504
2020-03-20,5.13,5.38,4.95,5.04,14006440
2020-03-23,5.46,5.53,5.12,5.15,15045580
2020-03-24,5.89,6.26,5.79,6.11,12964850
2020-03-25,6.29,6.55,6.00,6.38,12008720
2020-03-26,6.33,6.59,6.29,6.51,7858129
2020-03-27,6.09,6.18,5.83,6.04,7175616
2020-03-30,5.43,5.50,5.33,5.47,14424170
2020-03-31,5.21,5.27,5.07,5.15,10772990
2020-04-01,5.25,5.26,5.08,5.10,8557969
2020-04-02,5.07,5.29,5.01,5.10,20069860
2020-04-03,5.01,5.06,4.88,4.93,9358668
2020-04-06,5.50,5.54,5.34,5.48,9667593
2020-04-07,5.90,5.91,5.55,5.65,11887320
2020-04-08,5.62,5.79,5.58,5.76,8557743
2020-04-09,5.91,6.05,5.79,5.93,9461943
2020-04-13,5.95,5.96,5.67,5.77,6357700
2020-04-14,5.71,5.77,5.56,5.63,9351333
2020-04-15,5.23,5.23,5.08,5.10,9898089
2020-04-16,5.05,5.06,4.90,4.98,8918178
2020-04-17,5.22,5.28,5.12,5.26,7608584
2020-04-20,5.04,5.20,5.01,5.07,11058970
2020-04-21,4.97,5.08,4.88,4.93,10802310
2020-04-22,5.09,5.12,5.02,5.07,11234830
2020-04-23,5.14,5.39,5.13,5.16,6683841
2020-04-24,5.07,5.08,4.92,5.03,6587284
2020-04-27,5.12,5.32,5.11,5.31,6051075
2020-04-28,5.65,5.65,5.44,5.53,10271730
2020-04-29,5.78,5.89,5.74,5.89,7258158
2020-04-30,5.48,5.54,5.37,5.50,8746472
2020-05-01,5.39,5.39,5.20,5.22,5370002
2020-05-04,5.19,5.27,5.14,5.23,9928940
2020-05-05,5.20,5.25,5.11,5.13,6268118
2020-05-06,5.15,5.15,4.97,5.00,6912539
2020-05-07,5.11,5.30,5.11,5.22,7548676
2020-05-08,5.49,5.50,5.41,5.49,4331532
2020-05-11,5.28,5.37,5.23,5.32,7238320
2020-05-12,5.55,5.58,5.38,5.40,9723974
2020-05-13,5.29,5.29,5.09,5.14,9260854
2020-05-14,5.02,5.34,4.92,5.32,11193930
2020-05-15,5.26,5.32,5.22,5.26,6777909
2020-05-18,5.55,5.83,5.50,5.81,9553035
2020-05-19,5.65,5.68,5.52,5.52,7973775
2020-05-20,5.72,5.84,5.71,5.79,5599248
2020-05-21,5.72,5.82,5.66,5.69,4910419
2020-05-22,5.77,5.79,5.63,5.67,4712299
2020-05-26,6.08,6.27,6.08,6.22,7447189
2020-05-27,6.63,6.69,6.49,6.59,8438945
2020-05-28,6.71,6.73,6.54,6.54,8328428
2020-05-29,6.49,6.53,6.32,6.38,8729247
2020-06-01,6.48,6.64,6.45,6.63,5206585
2020-06-02,6.80,6.90,6.76,6.81,5589689
2020-06-03,7.12,7.28,7.09,7.24,6632756
2020-06-04,7.24,7.50,7.16,7.45,7772869
2020-06-05,7.99,8.07,7.89,7.94,9067927
2020-06-08,8.31,8.38,8.06,8.19,9063219
2020-06-09,7.88,7.99,7.80,7.93,7504278
2020-06-10,7.89,7.91,7.64,7.67,7700182
2020-06-11,7.20,7.31,6.89,6.92,10672150
2020-06-12,7.25,7.34,7.05,7.23,6376477
2020-06-15,6.82,7.23,6.80,7.17,12956840
2020-06-16,7.44,7.50,7.16,7.35,12574230
2020-06-17,7.41,7.41,7.22,7.24,5283923
2020-06-18,7.08,7.22,7.06,7.12,3902904
2020-06-19,7.10,7.10,6.80,6.87,8770293
2020-06-22,6.98,7.06,6.92,7.01,5058222
2020-06-23,7.28,7.31,7.14,7.16,4680870
2020-06-24,6.99,7.00,6.78,6.80,5652287
2020-06-25,6.86,7.09,6.83,7.08,5349845
2020-06-26,6.86,6.87,6.64,6.69,7549679
2020-06-29,6.91,7.05,6.85,6.97,7022399
2020-06-30,6.83,6.95,6.80,6.90,6479338
2020-07-01,6.91,7.02,6.87,6.90,5522086
2020-07-02,7.26,7.34,7.11,7.13,6092079
2020-07-06,7.56,7.63,7.46,7.57,7522782
2020-07-07,7.43,7.44,7.24,7.24,6726293
2020-07-08,7.06,7.17,7.02,7.11,5664504
2020-07-09,7.02,7.03,6.80,6.81,9145650
2020-07-10,6.96,7.25,6.96,7.25,5390551
2020-07-13,7.29,7.32,7.18,7.21,7058698
2020-07-14,7.22,7.33,7.19,7.30,5656701
2020-07-15,7.56,7.64,7.48,7.59,5226707
2020-07-16,7.50,7.62,7.46,7.49,3946552
2020-07-17,7.44,7.47,7.37,7.40,4154020
2020-07-20,7.42,7.51,7.41,7.49,13505840
2020-07-21,7.60,7.67,7.54,7.57,15112510
2020-07-22,7.43,7.52,7.41,7.47,15305380
2020-07-23,7.43,7.53,7.42,7.44,5280690
2020-07-24,7.41,7.46,7.36,7.38,3184235
2020-07-27,7.32,7.40,7.29,7.37,14251630
2020-07-28,7.24,7.31,7.22,7.28,2846767
2020-07-29,7.21,7.38,7.16,7.38,3190717
2020-07-30,6.98,7.05,6.86,7.04,4606603
2020-07-31,7.09,7.10,6.86,6.90,3817630
2020-08-03,6.98,7.09,6.93,7.07,3502060
2020-08-04,7.06,7.13,7.05,7.12,2585282
2020-08-05,7.24,7.31,7.23,7.24,3881952
2020-08-06,7.55,7.73,7.50,7.71,5212234
2020-08-07,7.65,7.86,7.63,7.85,6009178
2020-08-10,7.88,7.96,7.84,7.94,5578901
2020-08-11,8.26,8.35,8.19,8.21,5113925
2020-08-12,8.51,8.52,8.26,8.31,4420391
2020-08-13,8.26,8.34,8.15,8.20,3938029
2020-08-14,8.07,8.19,8.06,8.13,3051175
2020-08-17,8.22,8.22,8.09,8.10,2189148
2020-08-18,8.11,8.11,7.97,7.98,3645849
2020-08-19,8.00,8.09,7.94,7.95,2656397
2020-08-20,7.86,7.93,7.83,7.88,2476428
2020-08-21,7.67,7.73,7.65,7.71,2293510
2020-08-24,7.88,8.04,7.84,8.03,3925453
2020-08-25,8.39,8.39,8.14,8.21,5370584
2020-08-26,8.25,8.32,8.21,8.27,2737075
2020-08-27,8.19,8.23,8.11,8.17,3531062
2020-08-28,8.35,8.41,8.29,8.41,2881875
2020-08-31,8.24,8.25,8.08,8.09,2419127
2020-09-01,8.01,8.15,7.96,8.04,2654516
2020-09-02,8.04,8.15,8.00,8.14,2226064
2020-09-03,8.18,8.26,7.95,8.02,4622225
2020-09-04,8.28,8.35,8.11,8.29,5700682
2020-09-08,8.20,8.23,8.10,8.15,4144002
2020-09-09,8.21,8.34,8.18,8.30,3151894
2020-09-10,8.53,8.56,8.31,8.32,5345253
2020-09-11,8.30,8.35,8.21,8.28,2890954
2020-09-14,8.43,8.49,8.39,8.40,2539325
2020-09-15,8.44,8.45,8.29,8.32,2568025
2020-09-16,8.12,8.32,8.07,8.22,3668600
2020-09-17,7.95,8.04,7.93,7.98,3960874
2020-09-18,7.87,7.87,7.76,7.77,3589817
2020-09-21,7.20,7.22,6.99,7.13,5891443
2020-09-22,7.09,7.15,6.93,6.99,3756810
2020-09-23,6.96,7.02,6.75,6.77,5950311
2020-09-24,6.87,7.04,6.80,6.94,7027693
2020-09-25,6.84,6.91,6.80,6.91,3211784
2020-09-28,7.11,7.19,7.09,7.12,3971554
2020-09-29,7.11,7.14,6.99,7.07,3691756
2020-09-30,7.08,7.17,7.05,7.08,4185387
2020-10-01,7.09,7.12,7.00,7.08,5343511
2020-10-02,7.05,7.28,7.04,7.24,3989640
2020-10-05,7.34,7.41,7.33,7.40,2861481
2020-10-06,7.69,7.76,7.54,7.54,6892584
2020-10-07,7.68,7.73,7.64,7.71,4281733
2020-10-08,7.86,7.91,7.81,7.86,4006321
2020-10-09,7.96,7.97,7.84,7.87,2826519
2020-10-12,7.78,7.81,7.75,7.81,2506300
2020-10-13,7.43,7.43,7.24,7.25,3210674
2020-10-14,7.37,7.38,7.26,7.26,4171368
2020-10-15,7.10,7.24,7.08,7.23,2515960
2020-10-16,7.34,7.41,7.28,7.37,2246783
2020-10-19,7.40,7.50,7.33,7.34,2672454
2020-10-20,7.61,7.69,7.55,7.56,3128424
2020-10-21,7.58,7.66,7.53,7.53,3270506
2020-10-22,7.48,7.64,7.46,7.61,3030580
2020-10-23,7.85,7.85,7.67,7.73,3638699
2020-10-26,7.67,7.67,7.53,7.61,3266805
2020-10-27,7.45,7.46,7.18,7.19,3916815
2020-10-28,6.93,6.99,6.80,6.80,6197676
2020-10-29,6.68,6.83,6.63,6.73,6692332
2020-10-30,6.80,6.84,6.71,6.82,5884380
2020-11-02,7.13,7.19,7.04,7.16,5481747
2020-11-03,7.46,7.65,7.45,7.61,5334258
2020-11-04,7.45,7.51,7.36,7.36,5522709
2020-11-05,7.06,7.19,7.04,7.12,6561126
2020-11-06,7.24,7.28,7.12,7.14,5229334
2020-11-09,8.08,8.32,7.92,8.29,11225050
2020-11-10,8.66,8.78,8.56,8.75,7353470
2020-11-11,8.53,8.58,8.45,8.49,4321230
2020-11-12,8.56,8.71,8.48,8.52,9628919
2020-11-13,8.66,8.83,8.66,8.82,5197131
2020-11-16,8.96,8.98,8.82,8.91,6457766
2020-11-17,8.98,9.13,8.93,9.13,4680566
2020-11-18,9.13,9.25,9.07,9.07,4057119
2020-11-19,9.04,9.16,8.99,9.15,3481325
2020-11-20,9.14,9.19,9.06,9.14,2441301
2020-11-23,9.37,9.41,9.30,9.36,3382070
2020-11-24,10.00,10.25,9.98,10.24,6795100
2020-11-25,9.89,9.95,9.79,9.91,6195555
2020-11-27,9.99,10.09,9.98,10.02,2814230
2020-11-30,9.94,9.95,9.65,9.65,5624955
2020-12-01,9.88,10.04,9.88,9.98,4365731
2020-12-02,9.92,10.14,9.89,10.11,3483085
2020-12-03,10.08,10.15,9.96,10.00,3329138
2020-12-04,10.19,10.26,10.06,10.10,5172880
2020-12-07,9.95,9.97,9.83,9.90,2963553
2020-12-08,9.97,10.04,9.92,9.94,2698678
2020-12-09,10.13,10.14,9.94,10.03,3470373
2020-12-10,9.71,9.82,9.71,9.77,4123599
2020-12-11,9.56,9.61,9.50,9.52,3006134
2020-12-14,9.67,9.73,9.53,9.55,4341849
2020-12-15,9.74,9.88,9.67,9.76,5083585
2020-12-16,9.67,9.68,9.56,9.65,3744845
2020-12-17,9.73,9.73,9.65,9.67,2818525
2020-12-18,9.67,9.70,9.54,9.56,3596272
2020-12-21,8.92,9.19,8.87,9.14,5484623
2020-12-22,9.21,9.26,9.16,9.17,2288896
2020-12-23,9.38,9.59,9.37,9.56,3742773
2020-12-24,9.59,9.62,9.50,9.54,875085
2020-12-28,9.50,9.62,9.48,9.55,2307526
2020-12-29,9.54,9.56,9.43,9.44,2932632
2020-12-30,9.48,9.54,9.38,9.39,2191472
2020-12-31,9.37,9.45,9.32,9.44,2526075
2021-01-04,9.43,9.46,9.20,9.27,3733917
2021-01-05,9.31,9.48,9.28,9.44,3351933
2021-01-06,9.98,10.18,9.95,10.16,8367904
2021-01-07,10.20,10.29,10.16,10.16,4706212
2021-01-08,10.22,10.24,10.02,10.16,3525994
2021-01-11,9.70,9.82,9.67,9.78,3665500
2021-01-12,9.74,9.78,9.70,9.76,4471768
2021-01-13,9.56,9.63,9.54,9.59,3894542
2021-01-14,9.54,9.59,9.48,9.54,3661722
2021-01-15,9.56,9.60,9.39,9.46,4844423
2021-01-19,9.52,9.53,9.33,9.33,3633276
2021-01-20,9.47,9.49,9.40,9.49,3306122
2021-01-21,9.59,9.60,9.43,9.46,2775709
2021-01-22,9.32,9.39,9.27,9.36,3185428
2021-01-25,8.98,9.02,8.85,8.95,3673141
2021-01-26,9.14,9.23,9.12,9.19,2974559
2021-01-27,8.86,8.87,8.65,8.73,6028725
2021-01-28,8.92,9.09,8.89,9.06,4566179
2021-01-29,8.99,9.00,8.79,8.82,4795487
2021-02-01,9.05,9.05,8.92,8.98,2663582
2021-02-02,9.20,9.27,9.18,9.25,2685081
2021-02-03,9.15,9.31,9.15,9.31,3033148
2021-02-04,9.20,9.31,9.18,9.20,4374356
2021-02-05,9.36,9.40,9.24,9.30,2772390
2021-02-08,9.41,9.51,9.40,9.45,3166974
2021-02-09,9.39,9.44,9.34,9.41,2312360
2021-02-10,9.51,9.56,9.41,9.45,3204044
2021-02-11,9.44,9.50,9.38,9.49,3341221
2021-02-12,9.98,10.12,9.97,10.08,4853405
2021-02-16,10.73,10.89,10.66,10.86,5915147
2021-02-17,11.01,11.02,10.79,10.85,4297088
2021-02-18,10.67,10.68,10.47,10.57,4040654
2021-02-19,10.84,11.02,10.82,10.97,3691962
2021-02-22,10.90,11.07,10.88,10.97,3639319
2021-02-23,10.98,11.05,10.81,10.98,3632928
2021-02-24,11.08,11.27,11.07,11.24,3149868
2021-02-25,11.39,11.45,11.07,11.09,5181246
2021-02-26,11.04,11.04,10.86,10.87,4130665
2021-03-01,11.15,11.16,11.06,11.10,3546532
2021-03-02,11.24,11.39,11.21,11.36,4522119
2021-03-03,11.65,11.83,11.65,11.73,7591859
2021-03-04,11.74,11.86,11.57,11.66,9774659
2021-03-05,11.93,12.00,11.78,12.00,11738290
2021-03-08,12.26,12.55,12.20,12.46,15404000
2021-03-09,12.23,12.38,12.09,12.25,9840741
2021-03-10,12.31,12.49,12.21,12.49,6972611
2021-03-11,11.87,11.91,11.77,11.84,9996058
2021-03-12,11.92,12.06,11.92,12.04,4900704
2021-03-15,11.97,12.08,11.83,12.07,11529000
2021-03-16,12.06,12.07,11.91,12.02,7027813
2021-03-17,12.12,12.30,12.06,12.26,8339425
2021-03-18,12.46,12.76,12.36,12.38,8240761
2021-03-19,12.25,12.35,12.08,12.30,8862928
2021-03-22,12.04,12.09,11.90,12.00,8431824
2021-03-23,11.81,11.87,11.64,11.64,6587527
2021-03-24,11.89,12.05,11.84,11.85,6009324
2021-03-25,11.81,12.08,11.75,12.05,8556578
2021-03-26,12.05,12.12,11.83,12.01,8159644
2021-03-29,11.95,12.04,11.82,11.89,6480063
2021-03-30,12.08,12.34,12.07,12.31,9761648
2021-03-31,12.27,12.32,12.19,12.23,8072367
2021-04-01,12.21,12.34,12.16,12.32,7506124
2021-04-05,12.38,12.50,12.38,12.44,4965529
2021-04-06,12.51,12.59,12.35,12.38,4922458
2021-04-07,12.40,12.51,12.38,12.50,6548123
2021-04-08,12.37,12.46,12.27,12.42,5910229
2021-04-09,12.45,12.48,12.35,12.38,7455230
2021-04-12,12.36,12.41,12.30,12.36,3929423
2021-04-13,12.23,12.29,12.14,12.26,4620495
2021-04-14,12.28,12.57,12.28,12.48,7078182
2021-04-15,12.50,12.51,12.35,12.46,4838384
2021-04-16,12.56,12.66,12.56,12.63,7004585
2021-04-19,12.63,12.69,12.55,12.56,4049742
2021-04-20,12.43,12.45,12.14,12.18,5355245
2021-04-21,12.00,12.31,11.94,12.29,5170751
2021-04-22,12.12,12.18,12.02,12.02,5873047
2021-04-23,12.10,12.39,12.07,12.35,5641625
2021-04-26,12.61,12.74,12.60,12.62,6505660
2021-04-27,12.71,12.81,12.68,12.80,4645370
2021-04-28,12.84,12.90,12.78,12.87,4380191
2021-04-29,13.13,13.15,12.96,13.07,5355121
2021-04-30,12.89,12.92,12.73,12.74,4774914
2021-05-03,12.89,12.94,12.78,12.90,3740209
2021-05-04,12.84,12.90,12.63,12.80,5090122
2021-05-05,13.00,13.11,12.92,13.05,2248835
2021-05-06,12.95,13.11,12.87,13.10,4954786
2021-05-07,12.96,13.28,12.93,13.27,6264571
2021-05-10,13.36,13.48,13.19,13.19,7288901
2021-05-11,13.02,13.19,12.99,13.09,7057170
2021-05-12,12.95,13.10,12.78,12.82,6002390
2021-05-13,12.69,12.92,12.65,12.87,7242657
2021-05-14,13.17,13.35,13.13,13.33,4660536
2021-05-17,13.25,13.35,13.20,13.32,6309655
2021-05-18,13.49,13.54,13.39,13.39,4814247
2021-05-19,13.26,13.36,13.05,13.33,6840465
2021-05-20,13.37,13.42,13.26,13.35,4766649
2021-05-21,13.50,13.54,13.42,13.51,4070783
2021-05-24,13.53,13.63,13.46,13.59,3811613
2021-05-25,13.80,13.84,13.45,13.45,6451237
2021-05-26,13.38,13.57,13.32,13.53,3856008
2021-05-27,13.79,14.00,13.79,14.00,7206923
2021-05-28,13.95,14.00,13.81,13.97,4608051
2021-06-01,14.15,14.28,14.15,14.21,4871712
2021-06-02,14.15,14.19,14.07,14.12,5185428
2021-06-03,14.11,14.19,14.07,14.09,3131281
2021-06-04,13.94,13.95,13.77,13.89,4483176
2021-06-07,13.78,13.84,13.76,13.79,4002972
2021-06-08,13.57,13.79,13.52,13.70,7526388
2021-06-09,13.47,13.49,13.37,13.41,4596695
2021-06-10,13.58,13.62,13.37,13.37,3125882
2021-06-11,13.41,13.53,13.39,13.49,3655337
2021-06-14,13.59,13.66,13.55,13.60,3637199
2021-06-15,13.56,13.73,13.55,13.70,3138229
2021-06-16,13.58,13.73,13.49,13.67,4623208
2021-06-17,13.70,13.71,13.21,13.26,5509744
2021-06-18,12.97,13.03,12.84,12.97,8505510
2021-06-21,13.09,13.28,13.09,13.27,3782776
2021-06-22,13.26,13.39,13.19,13.32,5660899
2021-06-23,13.37,13.44,13.28,13.30,2142736
2021-06-24,13.33,13.45,13.28,13.43,2908844
2021-06-25,13.42,13.51,13.38,13.49,3325527
2021-06-28,13.28,13.30,13.08,13.20,4161647
2021-06-29,13.38,13.45,13.26,13.26,3949972
2021-06-30,13.21,13.30,13.16,13.24,3499116
2021-07-01,13.41,13.46,13.32,13.44,2527479
2021-07-02,13.35,13.36,13.15,13.20,2259820
2021-07-06,13.14,13.15,12.88,12.95,3071573
2021-07-07,12.74,12.87,12.66,12.83,4144532
2021-07-08,12.58,12.65,12.42,12.48,6131450
2021-07-09,12.84,13.01,12.73,13.01,3872021
2021-07-12,12.74,12.96,12.68,12.93,3561626
2021-07-13,12.74,12.76,12.55,12.63,3676870
2021-07-14,12.78,12.88,12.65,12.76,4129019
2021-07-15,12.60,12.69,12.50,12.59,4098192
2021-07-16,12.51,12.52,12.23,12.26,3838488
2021-07-19,11.94,11.99,11.78,11.88,5473865
2021-07-20,11.84,12.16,11.80,12.10,5516920
2021-07-21,12.37,12.58,12.37,12.52,5440417
2021-07-22,12.51,12.51,12.26,12.29,4179229
2021-07-23,12.45,12.50,12.33,12.34,4561345
2021-07-26,12.65,12.89,12.63,12.88,5841978
2021-07-27,12.58,12.72,12.51,12.63,4754945
2021-07-28,12.73,12.86,12.61,12.76,4389386
2021-07-29,13.03,13.08,12.98,13.00,4250246
2021-07-30,12.90,13.02,12.76,12.80,3877100
2021-08-02,12.94,13.11,12.74,12.74,5434970
2021-08-03,12.96,13.06,12.75,13.02,6465912
2021-08-04,12.99,13.10,12.95,12.98,4435916
2021-08-05,13.07,13.26,13.07,13.15,3876255
2021-08-06,13.58,13.62,13.51,13.58,5484337
2021-08-09,13.51,13.62,13.46,13.54,3937528
2021-08-10,13.45,13.58,13.41,13.54,4646436
2021-08-11,13.67,13.74,13.61,13.73,3255227
2021-08-12,13.71,13.74,13.56,13.66,2888197
2021-08-13,13.84,13.85,13.72,13.80,4220276
2021-08-16,13.73,13.77,13.64,13.75,3895037
2021-08-17,13.61,13.63,13.34,13.44,5310683
2021-08-18,13.34,13.55,13.31,13.35,4734336
2021-08-19,13.26,13.34,13.12,13.21,4288580
2021-08-20,13.20,13.34,13.15,13.34,2689574
2021-08-23,13.41,13.48,13.38,13.41,2921455
2021-08-24,13.42,13.57,13.42,13.53,2106477
2021-08-25,13.68,13.79,13.60,13.72,2599894
2021-08-26,13.76,13.81,13.61,13.64,2523841
2021-08-27,13.63,13.84,13.62,13.82,1657521
2021-08-30,13.80,13.81,13.67,13.68,2188149
2021-08-31,13.79,13.86,13.71,13.78,2642896
2021-09-01,14.01,14.10,13.94,14.02,2750578
2021-09-02,14.00,14.09,13.97,13.98,1904446
2021-09-03,14.07,14.12,13.98,14.03,1748276
2021-09-07,13.94,14.03,13.91,13.91,2310667
2021-09-08,13.90,13.95,13.72,13.76,1878825
2021-09-09,13.81,13.92,13.78,13.81,2298475
2021-09-10,13.83,13.84,13.68,13.68,2423986
2021-09-13,13.85,13.98,13.80,13.95,3300623
2021-09-14,14.03,14.05,13.79,13.83,3140990
2021-09-15,13.78,13.88,13.70,13.80,3404086
2021-09-16,13.91,13.98,13.78,13.94,4273334
2021-09-17,13.95,14.02,13.69,13.71,3806318
2021-09-20,13.25,13.29,13.05,13.20,4609668
2021-09-21,13.30,13.37,13.14,13.22,3417210
2021-09-22,13.46,13.69,13.45,13.53,3172575
2021-09-23,13.74,13.98,13.72,13.93,2151123
2021-09-24,13.95,14.05,13.95,14.01,2063402
2021-09-27,14.41,14.64,14.40,14.58,4013279
2021-09-28,14.60,14.66,14.37,14.39,4290561
2021-09-29,14.59,14.74,14.54,14.70,2982598
2021-09-30,14.76,14.78,14.47,14.49,3929135
2021-10-01,14.44,14.67,14.39,14.63,4944838
2021-10-04,14.08,14.27,14.03,14.10,3682730
2021-10-05,14.33,14.52,14.27,14.45,3478766
2021-10-06,14.21,14.46,14.14,14.45,4371009
2021-10-07,14.58,14.68,14.52,14.52,2974362
2021-10-08,14.70,14.78,14.62,14.65,3523355
2021-10-11,14.82,14.87,14.66,14.66,1915148
2021-10-12,14.69,14.73,14.62,14.68,2682030
2021-10-13,14.65,14.69,14.46,14.63,2167154
2021-10-14,14.85,14.87,14.77,14.85,2117002
2021-10-15,15.07,15.15,14.98,15.10,3763115
2021-10-18,15.04,15.09,15.00,15.06,2233871
2021-10-19,15.16,15.20,15.11,15.17,2582300
2021-10-20,15.19,15.33,15.15,15.31,2364735
2021-10-21,15.29,15.34,15.17,15.26,2725045
2021-10-22,15.24,15.33,15.16,15.31,2405666
2021-10-25,15.35,15.37,15.26,15.28,1951423
2021-10-26,15.34,15.37,15.22,15.24,2466450
2021-10-27,15.28,15.36,15.15,15.16,2499796
2021-10-28,15.19,15.33,15.13,15.32,2235861
2021-10-29,15.24,15.29,15.12,15.13,2190230
2021-11-01,15.51,15.58,15.46,15.57,2757427
2021-11-02,15.37,15.45,15.31,15.43,2803466
2021-11-03,15.44,15.65,15.41,15.63,2181636
2021-11-04,15.58,15.59,15.17,15.37,3522978
2021-11-05,15.45,15.51,15.27,15.30,3247152
2021-11-08,15.27,15.38,15.20,15.24,2723809
2021-11-09,15.27,15.31,15.12,15.18,2465282
2021-11-10,15.29,15.36,15.13,15.17,2273955
2021-11-11,15.17,15.24,15.13,15.17,1817085
2021-11-12,15.10,15.22,15.07,15.19,2562689
2021-11-15,15.18,15.21,15.12,15.16,1879231
2021-11-16,14.97,15.01,14.89,14.89,2459816
2021-11-17,14.91,14.94,14.84,14.89,1656143
2021-11-18,15.00,15.06,14.91,15.06,2400426
2021-11-19,14.55,14.58,14.42,14.45,3035799
2021-11-22,14.69,14.80,14.64,14.64,2380338
2021-11-23,14.74,14.82,14.65,14.72,2606912
2021-11-24,14.54,14.62,14.52,14.57,1967218
2021-11-26,13.84,13.88,13.62,13.76,3466167
2021-11-29,13.91,13.93,13.68,13.75,3199700
2021-11-30,13.90,13.97,13.65,13.77,5114743
2021-12-01,14.09,14.13,13.64,13.66,3941634
2021-12-02,13.93,14.13,13.88,14.06,3517337
2021-12-03,13.95,13.96,13.68,13.78,4681464
2021-12-06,14.04,14.14,14.02,14.08,3627120
2021-12-07,14.19,14.28,14.15,14.19,2379073
2021-12-08,14.16,14.29,14.16,14.22,2500646
2021-12-09,13.94,13.97,13.85,13.86,2130715
2021-12-10,13.83,13.89,13.73,13.87,2651329
2021-12-13,13.76,13.78,13.61,13.64,3505343
2021-12-14,13.60,13.79,13.59,13.63,3445046
2021-12-15,13.72,13.78,13.55,13.74,3184431
2021-12-16,13.85,13.88,13.71,13.73,4043753
2021-12-17,13.44,13.47,13.30,13.32,5055209
2021-12-20,13.35,13.39,13.21,13.36,8063155
2021-12-21,13.62,13.69,13.56,13.67,9893781
2021-12-22,13.63,13.75,13.59,13.74,1948426
2021-12-23,13.81,13.91,13.80,13.80,2212617
2021-12-27,13.82,13.92,13.76,13.91,5711154
2021-12-28,13.84,13.92,13.82,13.86,10260010
2021-12-29,13.87,13.94,13.83,13.89,2567055
2021-12-30,13.90,13.93,13.87,13.88,2075265
2021-12-31,13.85,13.94,13.82,13.92,1261388
2022-01-03,14.04,14.14,14.04,14.08,4431541
2022-01-04,14.39,14.47,14.33,14.33,3866624
2022-01-05,14.56,14.61,14.38,14.38,3599576
2022-01-06,14.59,14.72,14.51,14.70,4354153
2022-01-07,14.66,14.91,14.66,14.88,3960054
2022-01-10,14.92,14.95,14.78,14.91,3802172
2022-01-11,14.86,15.06,14.79,15.04,3721241
2022-01-12,15.23,15.39,15.21,15.36,4211214
2022-01-13,15.39,15.53,15.36,15.40,4416162
2022-01-14,15.35,15.54,15.31,15.52,4684910
2022-01-18,15.35,15.39,15.19,15.27,5744671
2022-01-19,15.24,15.24,15.00,15.03,4259861
2022-01-20,14.89,14.99,14.76,14.78,5412090
2022-01-21,14.68,14.74,14.47,14.52,4892036
2022-01-24,14.16,14.35,13.89,14.34,6636080
2022-01-25,14.31,14.65,14.13,14.54,4729804
2022-01-26,14.92,14.97,14.60,14.74,5919700
2022-01-27,14.88,14.97,14.52,14.66,5692874
2022-01-28,14.49,14.69,14.40,14.68,4667321
2022-01-31,14.67,14.80,14.60,14.80,3282991
2022-02-01,14.91,15.08,14.88,15.06,3890413
2022-02-02,15.43,15.47,15.27,15.42,4576808
2022-02-03,15.03,15.15,14.83,14.95,3827951
2022-02-04,14.96,15.26,14.93,15.21,4171580
2022-02-07,15.18,15.43,15.13,15.33,2950853
2022-02-08,15.80,15.97,15.76,15.95,5130296
2022-02-09,15.83,15.96,15.80,15.91,3763543
2022-02-10,15.52,15.71,15.34,15.40,5951817
2022-02-11,15.16,15.35,14.76,14.81,10816600
2022-02-14,14.65,14.68,14.32,14.47,6369233
2022-02-15,14.69,14.80,14.65,14.77,4601349
2022-02-16,14.54,14.75,14.54,14.71,3637520
2022-02-17,14.42,14.48,14.25,14.27,3967923
2022-02-18,14.31,14.39,14.17,14.20,4816328
2022-02-22,13.97,14.21,13.83,13.98,5779368
2022-02-23,14.05,14.09,13.67,13.73,6403247
2022-02-24,12.40,12.61,12.21,12.60,12394550
2022-02-25,12.78,12.92,12.75,12.86,4839348
2022-02-28,11.62,11.85,11.54,11.64,11763700
2022-03-01,10.97,11.00,10.17,10.31,16934890
2022-03-02,10.89,11.09,10.70,11.03,12055910
2022-03-03,11.10,11.15,10.84,10.89,12589060
2022-03-04,10.01,10.03,9.60,9.72,12967240
2022-03-07,9.50,9.56,8.97,9.03,17679700
2022-03-08,9.57,9.86,9.14,9.52,20593170
2022-03-09,10.40,10.58,10.15,10.40,15957410
2022-03-10,10.03,10.16,9.78,9.89,10890190
2022-03-11,9.73,9.82,9.35,9.35,13911020
2022-03-14,9.93,10.06,9.71,9.83,11483140
2022-03-15,9.88,9.99,9.79,9.98,9796203
2022-03-16,10.39,10.76,10.35,10.60,10755940
2022-03-17,10.30,10.57,10.25,10.56,6639580
2022-03-18,10.25,10.54,10.23,10.50,7676370
2022-03-21,10.48,10.52,10.30,10.35,5719779
2022-03-22,10.68,10.80,10.63,10.69,6599670
2022-03-23,10.48,10.57,10.40,10.46,5413183
2022-03-24,10.29,10.44,10.26,10.39,3911554
2022-03-25,10.31,10.45,10.26,10.37,12552650
2022-03-28,10.31,10.33,10.15,10.30,4653519
2022-03-29,10.86,11.14,10.83,11.09,8797889
2022-03-30,11.01,11.02,10.72,10.78,5785503
2022-03-31,10.67,10.69,10.42,10.43,8359341
2022-04-01,10.65,10.69,10.49,10.58,4734875
2022-04-04,10.57,10.77,10.51,10.73,5937676
2022-04-05,10.44,10.51,10.38,10.41,5173576
2022-04-06,10.03,10.21,9.93,10.11,8446232
2022-04-07,10.25,10.28,10.02,10.21,5129667
2022-04-08,10.18,10.38,10.16,10.28,5262844
2022-04-11,10.30,10.43,10.15,10.16,7385462
2022-04-12,10.16,10.21,9.98,10.01,6543823
2022-04-13,10.01,10.24,9.99,10.23,9905070
2022-04-14,10.20,10.24,10.10,10.17,5334644
2022-04-18,10.09,10.31,10.09,10.23,3429068
2022-04-19,10.13,10.37,10.12,10.35,4872907
2022-04-20,10.67,10.69,10.43,10.48,5035373
2022-04-21,10.76,10.80,10.46,10.49,5980469
2022-04-22,10.43,10.44,10.21,10.26,6255434
2022-04-25,10.14,10.23,9.96,10.19,8354425
2022-04-26,10.00,10.05,9.79,9.80,8110892
2022-04-27,9.45,9.54,9.32,9.39,10095100
2022-04-28,9.44,9.58,9.22,9.52,7624588
2022-04-29,9.50,9.63,9.32,9.34,6700045
2022-05-02,9.38,9.53,9.34,9.51,8839667
2022-05-03,9.66,9.79,9.62,9.75,5845863
2022-05-04,9.62,9.92,9.53,9.89,7619494
2022-05-05,9.85,9.88,9.47,9.57,6873167
2022-05-06,9.18,9.28,9.01,9.15,8890277
2022-05-09,9.25,9.31,9.08,9.16,8840563
2022-05-10,9.57,9.60,9.26,9.44,8099033
2022-05-11,9.46,9.66,9.25,9.28,8380069
2022-05-12,9.33,9.52,9.24,9.41,11845170
2022-05-13,9.55,9.76,9.54,9.70,9920384
2022-05-16,9.66,9.75,9.60,9.70,5333284
2022-05-17,10.07,10.12,9.98,10.08,5376579
2022-05-18,10.02,10.04,9.84,9.87,4386709
2022-05-19,9.86,10.10,9.84,10.03,5784369
2022-05-20,10.05,10.09,9.77,9.98,5069367
2022-05-23,10.26,10.48,10.24,10.41,5361997
2022-05-24,10.49,10.65,10.38,10.62,6321014
2022-05-25,10.42,10.68,10.42,10.61,4213871
2022-05-26,10.65,10.85,10.64,10.80,3844998
2022-05-27,10.91,11.00,10.87,11.00,3119039
2022-05-31,11.26,11.38,11.20,11.32,6038683
2022-06-01,11.19,11.21,10.96,11.11,5091531
2022-06-02,11.14,11.32,11.09,11.31,12397300
2022-06-03,11.15,11.20,11.02,11.05,4863541
2022-06-06,11.18,11.27,11.10,11.19,5566629
2022-06-07,11.05,11.26,11.05,11.24,4849731
2022-06-08,11.20,11.23,11.06,11.13,3872997
2022-06-09,10.92,10.96,10.73,10.74,6155242
2022-06-10,10.33,10.37,10.21,10.26,4803945
2022-06-13,9.82,9.88,9.68,9.74,7125027
2022-06-14,10.11,10.14,9.90,10.03,7276147
2022-06-15,10.28,10.39,10.13,10.30,7181501
2022-06-16,10.06,10.15,9.94,10.12,7108695
2022-06-17,10.20,10.28,10.03,10.12,10203090
2022-06-21,10.61,10.66,10.55,10.62,4348413
2022-06-22,10.54,10.72,10.52,10.61,3733149
2022-06-23,10.25,10.25,10.00,10.17,4052002
2022-06-24,10.21,10.38,10.20,10.36,3498290
2022-06-27,10.41,10.48,10.34,10.43,3748424
2022-06-28,10.39,10.49,10.28,10.29,4294629
2022-06-29,10.25,10.25,10.12,10.17,3870073
2022-06-30,9.74,9.97,9.65,9.92,4605977
2022-07-01,9.77,9.95,9.65,9.94,4999574
2022-07-05,9.38,9.57,9.33,9.57,6139697
2022-07-06,9.29,9.36,9.20,9.30,6771967
2022-07-07,9.39,9.46,9.36,9.40,4554859
2022-07-08,9.57,9.63,9.43,9.58,4238778
2022-07-11,9.40,9.43,9.30,9.35,4834379
2022-07-12,9.14,9.35,9.11,9.21,5001874
2022-07-13,9.08,9.19,9.00,9.13,5830234
2022-07-14,8.77,8.77,8.57,8.67,5862685
2022-07-15,8.64,8.79,8.58,8.74,5752069
2022-07-18,8.97,9.11,8.92,8.94,6967439
2022-07-19,9.27,9.49,9.27,9.44,5649889
2022-07-20,9.34,9.40,9.19,9.26,4509715
2022-07-21,9.23,9.39,9.20,9.38,3710456
2022-07-22,9.24,9.30,9.15,9.21,4167866
2022-07-25,9.51,9.62,9.44,9.54,5415694
2022-07-26,9.37,9.45,9.29,9.31,3644337
2022-07-27,9.36,9.53,9.33,9.50,3080258
2022-07-28,9.43,9.60,9.40,9.57,4358940
2022-07-29,9.63,9.75,9.60,9.73,3715157
2022-08-01,9.68,9.72,9.58,9.63,4109168
2022-08-02,9.67,9.70,9.54,9.55,3565590
2022-08-03,9.70,9.77,9.63,9.74,2420277
2022-08-04,9.42,9.56,9.38,9.50,3138442
2022-08-05,9.48,9.78,9.46,9.74,4240772
2022-08-08,9.80,9.91,9.80,9.82,5001170
2022-08-09,9.78,9.79,9.68,9.75,3913562
2022-08-10,9.83,9.97,9.82,9.87,4230679
2022-08-11,9.97,10.05,9.93,9.97,3867913
2022-08-12,9.82,9.88,9.75,9.87,3756001
2022-08-15,9.67,9.72,9.61,9.70,3154299
2022-08-16,9.68,9.79,9.65,9.74,3204388
2022-08-17,9.49,9.55,9.44,9.48,2962915
2022-08-18,9.46,9.46,9.37,9.43,2676328
2022-08-19,9.21,9.24,9.14,9.16,3608400
2022-08-22,8.88,8.89,8.74,8.84,6047134
2022-08-23,8.99,9.09,8.96,8.99,7092017
2022-08-24,8.90,9.10,8.86,9.03,4944361
2022-08-25,8.93,9.04,8.91,9.04,4256465
2022-08-26,9.03,9.04,8.67,8.68,14615760
2022-08-29,8.70,8.76,8.66,8.70,8389652
2022-08-30,8.97,8.99,8.79,8.86,4046986
2022-08-31,8.85,8.91,8.78,8.78,5479567
2022-09-01,8.65,8.66,8.48,8.62,6039816
2022-09-02,8.75,8.89,8.56,8.60,10958530
2022-09-06,8.62,8.65,8.49,8.56,6439398
2022-09-07,8.43,8.67,8.42,8.65,6480991
2022-09-08,8.60,8.90,8.58,8.89,7781586
2022-09-09,9.15,9.20,9.10,9.17,3827448
2022-09-12,9.60,9.69,9.56,9.68,5195485
2022-09-13,9.58,9.71,9.45,9.47,6209728
2022-09-14,9.52,9.66,9.51,9.58,3176749
2022-09-15,9.82,10.00,9.80,9.86,4427416
2022-09-16,9.68,9.84,9.66,9.80,3531550
2022-09-19,9.67,9.86,9.67,9.85,3264233
2022-09-20,9.84,9.86,9.62,9.71,3816375
2022-09-21,9.69,9.74,9.48,9.48,4297844
2022-09-22,9.65,9.68,9.48,9.50,5612015
2022-09-23,9.17,9.17,8.84,8.94,6618164
2022-09-26,8.83,8.94,8.67,8.69,7652192
2022-09-27,8.65,8.68,8.41,8.48,6227441
2022-09-28,8.15,8.44,8.14,8.39,7359422
2022-09-29,8.30,8.41,8.21,8.39,6047139
2022-09-30,8.49,8.67,8.49,8.50,4725644
2022-10-03,8.57,8.76,8.48,8.71,4301716
2022-10-04,9.19,9.50,9.17,9.50,5076669
2022-10-05,9.15,9.16,9.00,9.13,4546469
2022-10-06,8.95,9.00,8.84,8.87,3520508
2022-10-07,8.84,8.84,8.68,8.73,3237754
2022-10-10,8.70,8.72,8.52,8.59,5652614
2022-10-11,8.52,8.61,8.40,8.42,4334579
2022-10-12,8.44,8.57,8.39,8.50,4208405
2022-10-13,8.44,8.97,8.38,8.92,7162328
2022-10-14,9.06,9.16,8.91,8.92,6140162
2022-10-17,9.14,9.25,9.13,9.17,3532940
2022-10-18,9.46,9.48,9.24,9.33,3779866
2022-10-19,9.26,9.30,9.19,9.25,3526843
2022-10-20,9.37,9.45,9.21,9.24,4191047
2022-10-21,9.28,9.57,9.26,9.56,4860587
2022-10-24,9.65,9.77,9.62,9.75,3954340
2022-10-25,9.66,9.86,9.65,9.84,3261361
2022-10-26,9.83,9.95,9.83,9.86,3133946
2022-10-27,9.86,9.94,9.79,9.81,3686604
2022-10-28,9.81,9.91,9.76,9.90,2587614
2022-10-31,9.80,9.88,9.79,9.82,3703938
2022-11-01,10.07,10.07,9.88,9.96,3516362
2022-11-02,9.85,9.93,9.64,9.64,6552796
2022-11-03,10.27,10.50,10.21,10.43,8332557
2022-11-04,10.69,10.90,10.64,10.84,7591948
2022-11-07,11.02,11.11,11.00,11.07,7045688
2022-11-08,11.10,11.13,10.94,11.03,6371101
2022-11-09,10.94,11.03,10.81,10.86,5810795
2022-11-10,11.14,11.25,11.07,11.14,8262790
2022-11-11,11.47,11.55,11.38,11.52,6979280
2022-11-14,11.52,11.62,11.47,11.47,4769523
2022-11-15,11.71,11.73,11.34,11.54,11258110
2022-11-16,11.67,11.70,11.53,11.59,6128439
2022-11-17,11.48,11.68,11.48,11.68,3960633
2022-11-18,11.87,11.87,11.70,11.75,4092105
2022-11-21,11.65,11.68,11.57,11.64,3532128
2022-11-22,11.81,11.89,11.79,11.88,2345472
2022-11-23,11.85,11.91,11.76,11.85,2460695
2022-11-25,11.98,12.07,11.97,12.04,2219073
2022-11-28,12.01,12.04,11.80,11.82,3177852
2022-11-29,11.99,12.12,11.97,12.01,4390333
2022-11-30,12.07,12.14,11.87,12.12,4711638
2022-12-01,12.09,12.13,11.95,12.02,4248203
2022-12-02,11.94,12.03,11.91,12.03,3303617
2022-12-05,12.00,12.05,11.84,11.86,4602736
2022-12-06,11.92,11.96,11.73,11.80,6097984
2022-12-07,11.82,11.92,11.71,11.79,4661229
2022-12-08,11.77,11.82,11.72,11.78,2828027
2022-12-09,11.85,12.04,11.85,11.91,4207705
2022-12-12,11.90,11.95,11.84,11.95,2489296
2022-12-13,12.26,12.31,12.11,12.18,4618637
2022-12-14,12.09,12.13,11.96,12.01,5754400
2022-12-15,11.87,11.88,11.68,11.71,5408553
2022-12-16,11.95,12.01,11.84,11.90,6172845
2022-12-19,11.92,12.01,11.83,11.88,2613380
2022-12-20,12.07,12.19,12.05,12.12,3279135
2022-12-21,12.26,12.33,12.24,12.30,2197715
2022-12-22,12.34,12.37,12.11,12.23,3232931
2022-12-23,12.18,12.26,12.13,12.25,2884852
2022-12-27,12.27,12.35,12.24,12.32,2337072
2022-12-28,12.28,12.30,12.12,12.15,2392259
2022-12-29,12.20,12.27,12.18,12.26,2736744
2022-12-30,12.20,12.26,12.12,12.17,3046968
2023-01-03,12.58,12.63,12.46,12.54,4847370
2023-01-04,12.98,13.00,12.84,12.95,5370583
2023-01-05,12.88,12.91,12.77,12.82,4731777
2023-01-06,12.90,13.10,12.82,13.06,3420155
2023-01-09,13.26,13.30,13.19,13.19,3657510
2023-01-10,13.20,13.24,13.11,13.24,3293073
2023-01-11,13.39,13.41,13.31,13.36,2404759
2023-01-12,13.53,13.66,13.47,13.62,3992846
2023-01-13,13.58,13.73,13.56,13.70,4526016
2023-01-17,13.58,13.60,13.39,13.43,3406456
2023-01-18,13.46,13.47,13.20,13.23,3925867
2023-01-19,13.08,13.23,13.06,13.20,3762381
2023-01-20,13.25,13.38,13.22,13.38,2426469
2023-01-23,13.61,13.73,13.54,13.69,2840253
2023-01-24,13.81,13.93,13.76,13.86,4125076
2023-01-25,13.86,14.00,13.86,13.97,4162069
2023-01-26,14.13,14.24,14.09,14.23,3623135
2023-01-27,14.13,14.23,14.11,14.22,3066213
2023-01-30,14.16,14.20,14.07,14.07,3582005
2023-01-31,14.23,14.44,14.19,14.43,4306228
2023-02-01,14.49,14.72,14.44,14.64,6017381
2023-02-02,13.97,13.99,13.76,13.87,5900305
2023-02-03,13.53,13.66,13.48,13.56,6337932
2023-02-06,13.27,13.37,13.22,13.36,4384739
2023-02-07,13.22,13.42,13.17,13.39,5918389
2023-02-08,13.65,13.72,13.62,13.66,3883779
2023-02-09,14.20,14.21,14.01,14.04,4744988
2023-02-10,13.90,13.93,13.82,13.90,3175799
2023-02-13,13.97,14.09,13.96,14.09,2073025
2023-02-14,13.97,14.14,13.95,14.13,4053224
2023-02-15,13.83,13.93,13.81,13.93,2434852
2023-02-16,13.99,14.21,13.99,14.12,2844268
2023-02-17,13.96,14.11,13.92,14.08,2924614
2023-02-21,13.92,14.04,13.81,13.85,3383618
2023-02-22,13.61,13.68,13.52,13.61,3026962
2023-02-23,13.76,13.85,13.73,13.83,3390027
2023-02-24,13.69,13.77,13.62,13.67,3243569
2023-02-27,13.93,13.98,13.86,13.90,2162230
2023-02-28,14.21,14.22,13.97,13.97,3049196
2023-03-01,14.24,14.28,14.03,14.09,3396144
2023-03-02,13.84,13.96,13.80,13.94,2367292
2023-03-03,14.09,14.32,14.07,14.32,2696729
2023-03-06,14.31,14.38,14.28,14.33,1550365
2023-03-07,14.12,14.12,13.86,13.88,2744909
2023-03-08,13.88,13.98,13.85,13.91,2408195
2023-03-09,13.73,13.79,13.50,13.51,5034433
2023-03-10,13.19,13.24,12.88,12.98,7488458
2023-03-13,12.31,12.69,12.24,12.42,14621710
2023-03-14,12.86,12.90,12.59,12.69,9313396
2023-03-15,11.32,11.67,11.26,11.59,9463592
2023-03-16,11.35,11.88,11.32,11.83,11723050
2023-03-17,11.45,11.50,11.07,11.21,7911772
2023-03-20,11.04,11.39,11.02,11.28,11401450
2023-03-21,11.95,12.06,11.88,11.95,5597593
2023-03-22,12.06,12.12,11.77,11.77,4698080
2023-03-23,11.86,11.88,11.38,11.45,4925443
2023-03-24,11.14,11.31,11.00,11.29,5546102
2023-03-27,11.52,11.59,11.31,11.47,8494676
2023-03-28,11.44,11.64,11.38,11.56,4373554
2023-03-29,11.83,11.83,11.71,11.79,3061783
2023-03-30,12.06,12.06,11.81,11.86,3801828
2023-03-31,11.80,11.90,11.79,11.87,3524018
2023-04-03,12.17,12.26,12.05,12.13,3238591
2023-04-04,12.35,12.38,12.14,12.26,7524886
2023-04-05,12.13,12.22,12.04,12.15,3301825
2023-04-06,12.30,12.50,12.29,12.43,2880923
2023-04-10,12.35,12.43,12.27,12.38,3184463
2023-04-11,12.53,12.60,12.52,12.55,3653950
2023-04-12,12.65,12.70,12.54,12.62,4748906
2023-04-13,12.73,12.82,12.70,12.81,2730039
2023-04-14,13.14,13.20,13.09,13.17,3454460
2023-04-17,12.88,12.98,12.82,12.96,3864160
2023-04-18,13.22,13.25,13.15,13.22,5591957
2023-04-19,13.14,13.35,13.14,13.33,5007688
2023-04-20,13.04,13.12,12.99,13.06,2770201
2023-04-21,12.82,12.90,12.79,12.90,2100930
2023-04-24,12.90,13.04,12.89,13.03,2186342
2023-04-25,12.66,12.68,12.36,12.38,3827591
2023-04-26,12.26,12.40,12.20,12.25,3730214
2023-04-27,12.46,12.67,12.44,12.64,2790901
2023-04-28,12.18,12.38,12.15,12.38,3881761
2023-05-01,12.40,12.53,12.30,12.30,2611525
2023-05-02,12.40,12.40,12.05,12.17,3947853
2023-05-03,12.07,12.31,12.05,12.11,6167405
2023-05-04,12.00,12.09,11.78,11.98,6048524
2023-05-05,12.27,12.46,12.24,12.43,3567280
2023-05-08,12.53,12.55,12.43,12.45,3038313
2023-05-09,12.21,12.33,12.18,12.29,2691423
2023-05-10,12.30,12.31,12.02,12.14,3367960
2023-05-11,12.40,12.68,12.36,12.66,3845837
2023-05-12,12.83,12.86,12.61,12.69,3710444
2023-05-15,12.60,12.79,12.58,12.73,3273245
2023-05-16,12.94,12.96,12.71,12.73,3087516
2023-05-17,12.89,13.05,12.85,13.01,3097872
2023-05-18,13.05,13.07,12.91,13.03,2867633
2023-05-19,13.10,13.13,12.96,13.01,2188542
2023-05-22,12.99,13.07,12.97,13.03,2169626
2023-05-23,13.11,13.19,13.03,13.03,2127119
2023-05-24,12.94,12.95,12.82,12.83,2462427
2023-05-25,12.83,12.88,12.74,12.82,2798986
2023-05-26,12.93,13.01,12.89,12.98,3490415
2023-05-30,12.68,12.70,12.47,12.58,2946274
2023-05-31,12.40,12.41,12.21,12.27,2651204
2023-06-01,12.44,12.58,12.41,12.54,2112179
2023-06-02,12.78,12.88,12.76,12.86,2308743
2023-06-05,12.76,12.77,12.61,12.67,2287702
2023-06-06,12.74,12.93,12.72,12.93,2271562
2023-06-07,12.92,12.98,12.87,12.93,1929840
2023-06-08,13.11,13.17,13.02,13.14,2511108
2023-06-09,12.96,13.01,12.93,12.96,2922862
2023-06-12,12.99,13.04,12.91,12.98,2306155
2023-06-13,13.04,13.13,13.04,13.08,2341858
2023-06-14,13.34,13.40,13.15,13.20,3409294
2023-06-15,13.25,13.37,13.25,13.36,2399958
2023-06-16,13.44,13.45,13.35,13.40,2444847
2023-06-20,13.38,13.38,13.28,13.35,2148398
2023-06-21,13.35,13.47,13.31,13.43,2166127
2023-06-22,13.22,13.22,13.10,13.13,3433961
2023-06-23,12.70,12.73,12.64,12.64,3754452
2023-06-26,12.82,12.93,12.80,12.82,2913073
2023-06-27,13.00,13.12,12.95,13.11,4157393
2023-06-28,13.08,13.11,13.03,13.06,2927901
2023-06-29,13.18,13.28,13.16,13.25,3806980
2023-06-30,13.53,13.57,13.43,13.47,2512013
2023-07-03,13.61,13.68,13.59,13.66,1329034
2023-07-05,13.58,13.60,13.49,13.50,2119763
2023-07-06,13.34,13.35,13.16,13.30,2511032
2023-07-07,13.39,13.60,13.39,13.54,1928957
2023-07-10,13.50,13.59,13.45,13.54,2972080
2023-07-11,13.82,13.94,13.79,13.93,2911451
2023-07-12,14.17,14.34,14.16,14.21,5430913
2023-07-13,14.52,14.56,14.45,14.54,2434822
2023-07-14,14.54,14.55,14.36,14.36,2163125
2023-07-17,14.45,14.49,14.41,14.45,2251409
2023-07-18,14.49,14.65,14.48,14.63,2383203
2023-07-19,14.58,14.67,14.54,14.64,2231775
2023-07-20,14.69,14.76,14.63,14.66,1949625
2023-07-21,14.76,14.78,14.67,14.69,2319929
2023-07-24,14.62,14.74,14.61,14.69,1716726
2023-07-25,14.58,14.67,14.56,14.58,2012765
2023-07-26,14.39,14.59,14.37,14.55,2346701
2023-07-27,14.44,14.52,14.31,14.33,2108640
2023-07-28,14.50,14.58,14.45,14.51,1993482
2023-07-31,14.62,14.68,14.56,14.57,1371002
2023-08-01,14.56,14.62,14.45,14.51,2095461
2023-08-02,14.27,14.32,14.17,14.27,2157841
2023-08-03,14.32,14.52,14.32,14.50,2939522
2023-08-04,14.63,14.85,14.60,14.67,3753913
2023-08-07,14.86,14.88,14.79,14.83,1716034
2023-08-08,14.40,14.60,14.29,14.60,3664840
2023-08-09,14.53,14.63,14.49,14.55,2057226
2023-08-10,14.83,14.99,14.76,14.82,2385406
2023-08-11,14.27,14.38,14.23,14.31,2757256
2023-08-14,14.21,14.34,14.14,14.29,2465654
2023-08-15,14.31,14.32,14.13,14.14,1987516
2023-08-16,14.12,14.21,14.03,14.05,2321535
2023-08-17,14.21,14.24,14.00,14.03,2307719
2023-08-18,13.88,14.06,13.87,14.03,2671918
2023-08-21,14.18,14.19,14.06,14.17,1730578
2023-08-22,14.23,14.27,14.07,14.08,1296944
2023-08-23,14.07,14.25,14.06,14.24,1908084
2023-08-24,14.18,14.29,14.14,14.16,1883225
2023-08-25,14.33,14.34,14.12,14.23,2133077
2023-08-28,14.36,14.49,14.36,14.47,3185538
2023-08-29,14.43,14.61,14.41,14.61,1985817
2023-08-30,14.69,14.74,14.62,14.63,2035863
2023-08-31,14.33,14.36,14.09,14.15,3149670
2023-09-01,14.17,14.20,14.04,14.07,2688362
2023-09-05,14.04,14.05,13.85,13.85,2152084
2023-09-06,13.80,13.87,13.73,13.80,3122773
2023-09-07,13.68,13.73,13.57,13.59,2037196
2023-09-08,13.60,13.68,13.55,13.60,1387423
2023-09-11,13.81,13.86,13.76,13.77,1606681
2023-09-12,13.77,13.90,13.76,13.83,1659204
2023-09-13,13.86,13.88,13.73,13.75,1636767
2023-09-14,13.97,14.04,13.93,13.98,3001317
2023-09-15,13.88,13.92,13.85,13.86,1729710
2023-09-18,13.82,13.82,13.60,13.65,2090806
2023-09-19,13.81,13.89,13.79,13.87,1877487
2023-09-20,14.05,14.12,13.87,13.88,1548623
2023-09-21,13.89,14.07,13.88,13.95,1903877
2023-09-22,13.23,13.26,12.98,12.99,6033810
2023-09-25,13.01,13.12,12.93,13.12,2979843
2023-09-26,13.06,13.21,13.02,13.05,2809600
2023-09-27,13.02,13.06,12.91,13.01,1905337
2023-09-28,13.13,13.31,13.13,13.22,2676858
2023-09-29,13.34,13.36,13.15,13.18,2065196
2023-10-02,13.22,13.24,12.99,13.02,2055093
2023-10-03,12.95,12.98,12.86,12.89,2142596
2023-10-04,13.09,13.12,12.98,13.10,1957711
2023-10-05,13.11,13.26,13.07,13.25,1792749
2023-10-06,13.38,13.57,13.26,13.52,1865073
2023-10-09,13.16,13.29,13.12,13.28,1157673
2023-10-10,13.54,13.59,13.47,13.50,1523185
2023-10-11,13.61,13.68,13.56,13.66,1600887
2023-10-12,13.50,13.50,13.31,13.35,1598112
2023-10-13,13.23,13.28,13.04,13.07,2164582
2023-10-16,13.21,13.27,13.14,13.25,1729944
2023-10-17,13.16,13.39,13.16,13.33,1745706
2023-10-18,13.14,13.15,13.01,13.03,4739270
2023-10-19,12.93,13.18,12.92,12.96,4618380
2023-10-20,12.84,12.88,12.70,12.75,4921503
2023-10-23,12.75,12.96,12.75,12.81,2099544
2023-10-24,12.76,12.82,12.71,12.76,1935307
2023-10-25,12.67,12.78,12.61,12.68,2105105
2023-10-26,12.54,12.66,12.51,12.61,3611777
2023-10-27,12.69,12.71,12.46,12.63,9263790
2023-10-30,12.67,12.87,12.66,12.87,10975470
2023-10-31,12.69,12.86,12.69,12.84,13390190
2023-11-01,12.73,12.84,12.59,12.71,8903183
2023-11-02,12.53,12.69,12.45,12.63,4741892
2023-11-03,13.07,13.29,13.05,13.26,8125646
2023-11-06,13.28,13.33,13.18,13.26,5234625
2023-11-07,13.00,13.10,12.96,13.02,7289207
2023-11-08,13.02,13.11,12.97,13.04,2013798
2023-11-09,13.00,13.09,12.91,12.94,3111959
2023-11-10,13.07,13.13,12.95,13.13,3199529
2023-11-13,13.12,13.19,13.07,13.12,1894737
2023-11-14,13.34,13.59,13.34,13.55,2666837
2023-11-15,13.69,13.72,13.63,13.65,1851410
2023-11-16,13.71,13.76,13.63,13.67,1723573
2023-11-17,13.88,13.98,13.86,13.98,1754561
2023-11-20,13.91,13.97,13.89,13.93,1299961
2023-11-21,13.94,13.97,13.87,13.89,5780914
2023-11-22,13.85,13.88,13.79,13.83,1111195
2023-11-24,13.90,13.95,13.86,13.94,1762711
2023-11-27,13.90,13.95,13.82,13.90,968657
2023-11-28,13.87,13.94,13.82,13.88,2034308
2023-11-29,14.03,14.14,14.02,14.08,1968181
2023-11-30,14.07,14.09,14.01,14.08,1612582
2023-12-01,14.02,14.16,13.97,14.13,5858520
2023-12-04,14.00,14.12,13.99,14.09,2028576
2023-12-05,14.15,14.17,14.08,14.11,1618329
2023-12-06,14.31,14.41,14.20,14.21,2671067
2023-12-07,14.33,14.44,14.29,14.42,1620409
2023-12-08,14.48,14.64,14.47,14.59,2617337
2023-12-11,14.57,14.60,14.53,14.57,1805551
2023-12-12,14.70,14.74,14.65,14.72,1646969
2023-12-13,14.69,14.90,14.59,14.89,2105594
2023-12-14,14.96,15.08,14.88,14.99,3016835
2023-12-15,14.86,15.01,14.85,14.91,3155390
2023-12-18,15.06,15.07,14.93,14.99,2234510
2023-12-19,15.08,15.12,15.01,15.06,2148792
2023-12-20,14.94,14.98,14.76,14.76,3138489
2023-12-21,14.93,14.98,14.87,14.97,2083224
2023-12-22,15.06,15.12,14.98,15.03,2290271
2023-12-26,15.08,15.18,15.05,15.15,965983
2023-12-27,15.11,15.22,15.11,15.19,1467384
2023-12-28,15.06,15.10,15.00,15.01,1712678
2023-12-29,15.05,15.07,14.95,15.02,1933374
2024-01-02,14.68,14.82,14.66,14.76,2625143
2024-01-03,14.56,14.74,14.52,14.66,2836498
2024-01-04,14.38,14.59,14.37,14.44,3208923
2024-01-05,14.56,14.66,14.49,14.53,2392243
2024-01-08,14.55,14.60,14.51,14.55,1689314
2024-01-09,14.25,14.31,14.18,14.18,2389715
2024-01-10,14.16,14.21,14.11,14.19,3055872
2024-01-11,14.22,14.25,14.01,14.09,3744375
2024-01-12,14.21,14.24,14.04,14.09,2566530
2024-01-16,13.87,13.88,13.73,13.74,3589923
2024-01-17,13.67,13.78,13.63,13.73,3670108
2024-01-18,13.81,13.85,13.71,13.84,2808583
2024-01-19,13.87,14.00,13.82,13.99,2087561
2024-01-22,14.01,14.05,13.95,13.98,2377957
2024-01-23,13.99,14.03,13.89,14.02,2253654
2024-01-24,14.23,14.25,14.15,14.17,2618397
2024-01-25,14.19,14.20,14.04,14.17,2877834
2024-01-26,14.25,14.29,14.20,14.28,1821639
2024-01-29,14.15,14.20,14.08,14.19,1642354
2024-01-30,14.14,14.27,14.14,14.24,1978563
2024-01-31,14.42,14.44,14.18,14.20,3124971
2024-02-01,13.35,13.46,13.21,13.36,8195513
2024-02-02,13.26,13.31,13.10,13.18,5818753
2024-02-05,12.95,13.01,12.88,12.97,2980283
2024-02-06,13.00,13.10,12.98,13.04,2215643
2024-02-07,12.85,12.93,12.78,12.90,3446502
2024-02-08,12.89,12.91,12.81,12.89,2795032
2024-02-09,12.89,13.06,12.88,13.05,3923265
2024-02-12,13.17,13.25,13.15,13.21,2543244
2024-02-13,13.16,13.17,12.95,13.02,5209031
2024-02-14,13.12,13.18,13.09,13.18,2436329
2024-02-15,13.24,13.42,13.24,13.41,2704003
2024-02-16,13.35,13.38,13.30,13.32,2789870
2024-02-20,13.56,13.72,13.55,13.69,2993469
2024-02-21,13.65,13.66,13.57,13.64,2939136
2024-02-22,13.75,13.81,13.68,13.71,3231818
2024-02-23,13.71,13.78,13.70,13.74,1931667
2024-02-26,13.70,13.72,13.57,13.58,2005454
2024-02-27,13.65,13.77,13.64,13.75,2441087
2024-02-28,13.80,13.87,13.70,13.71,2653901
2024-02-29,13.78,13.80,13.64,13.72,6711745
2024-03-01,13.79,13.83,13.68,13.78,3261845
2024-03-04,14.08,14.15,14.04,14.10,2868208
2024-03-05,14.14,14.29,14.13,14.22,2887718
2024-03-06,14.41,14.42,14.28,14.36,4760059
2024-03-07,14.48,14.65,14.46,14.64,2858352
2024-03-08,14.78,14.82,14.69,14.72,2320340
2024-03-11,14.84,15.05,14.84,15.05,3547369
2024-03-12,15.28,15.44,15.27,15.43,4419545
2024-03-13,15.39,15.49,15.38,15.40,4201249
2024-03-14,15.30,15.33,15.20,15.26,3486127
2024-03-15,15.36,15.43,15.30,15.35,3286210
2024-03-18,15.55,15.58,15.44,15.57,2569161
2024-03-19,15.73,15.82,15.72,15.75,3044856
2024-03-20,15.52,15.84,15.51,15.81,2739231
2024-03-21,15.74,15.82,15.72,15.78,3211328
2024-03-22,15.95,15.97,15.83,15.85,1687037
2024-03-25,15.86,15.98,15.86,15.92,2021590
2024-03-26,16.18,16.27,16.08,16.09,3271292
2024-03-27,16.21,16.27,16.14,16.26,2485117
2024-03-28,16.42,16.51,16.40,16.49,3136664
2024-04-01,16.46,16.52,16.33,16.44,2033557
2024-04-02,16.47,16.53,16.41,16.50,2709745
2024-04-03,16.69,16.86,16.66,16.83,2502339
2024-04-04,17.05,17.10,16.75,16.78,2842839
2024-04-05,16.74,16.97,16.71,16.87,3038943
2024-04-08,17.08,17.15,17.02,17.11,2546709
2024-04-09,17.13,17.18,16.97,17.03,1710358
2024-04-10,16.84,17.07,16.76,16.84,2760802
2024-04-11,16.80,16.81,16.43,16.65,2713785
2024-04-12,15.92,16.02,15.77,15.81,4596377
2024-04-15,16.11,16.18,15.84,15.84,4754532
2024-04-16,15.74,15.75,15.58,15.64,4457034
2024-04-17,16.03,16.09,15.76,15.86,4279306
2024-04-18,16.07,16.19,16.00,16.04,5720792
2024-04-19,16.18,16.26,16.12,16.20,3859946
2024-04-22,16.29,16.47,16.27,16.41,2614534
2024-04-23,16.54,16.73,16.52,16.72,3116496
2024-04-24,15.66,15.73,15.60,15.66,3147512
2024-04-25,15.57,15.77,15.54,15.72,2768357
2024-04-26,15.85,15.98,15.85,15.94,2552220
2024-04-29,16.00,16.00,15.85,15.88,2195484
2024-04-30,15.89,15.93,15.79,15.80,2506049
2024-05-01,15.79,16.08,15.77,15.93,2110352
2024-05-02,16.98,17.13,16.85,17.05,5900680
2024-05-03,17.10,17.21,17.00,17.18,4083595
2024-05-06,17.28,17.36,17.24,17.28,2365815
2024-05-07,17.39,17.44,17.30,17.34,2597378
2024-05-08,17.20,17.32,17.18,17.32,2260396
2024-05-09,17.30,17.34,17.25,17.28,1787691
2024-05-10,17.32,17.35,17.25,17.29,4119069
2024-05-13,17.39,17.53,17.39,17.44,2137265
2024-05-14,17.66,17.82,17.64,17.80,2083240
2024-05-15,17.64,17.68,17.56,17.64,1973359
2024-05-16,17.55,17.67,17.52,17.60,1598618
2024-05-17,17.83,18.00,17.79,17.98,2188645
2024-05-20,18.01,18.04,17.86,17.87,1376477
2024-05-21,17.94,18.02,17.93,17.98,1266439
2024-05-22,17.86,17.92,17.73,17.80,1350032
2024-05-23,17.85,17.89,17.62,17.64,1429474
2024-05-24,17.63,17.77,17.62,17.74,1307594
2024-05-28,17.81,17.82,17.65,17.73,2070232
2024-05-29,17.43,17.50,17.36,17.45,1338839
2024-05-30,17.65,17.79,17.61,17.78,1885847
2024-05-31,17.80,17.90,17.68,17.89,1947716
2024-06-03,17.96,18.04,17.87,18.03,1941689
2024-06-04,17.69,17.76,17.44,17.51,1560728
2024-06-05,17.69,17.70,17.47,17.54,1694809
2024-06-06,17.73,17.83,17.69,17.79,1611760
2024-06-07,17.86,17.90,17.67,17.67,1907007
2024-06-10,17.40,17.49,17.32,17.43,1268335
2024-06-11,17.12,17.18,16.95,17.09,2480175
2024-06-12,17.45,17.52,17.33,17.40,2327184
2024-06-13,17.00,17.00,16.66,16.71,2750121
2024-06-14,16.24,16.44,16.16,16.40,2440268
2024-06-17,16.84,17.04,16.73,17.01,2339201
2024-06-18,17.13,17.18,16.93,16.95,1801595
2024-06-20,16.68,16.89,16.66,16.81,1773939
2024-06-21,16.58,16.65,16.45,16.62,1978972
2024-06-24,16.91,17.05,16.88,17.02,2211390
2024-06-25,16.93,17.02,16.90,16.98,1625391
2024-06-26,16.79,17.00,16.78,16.99,1443803
2024-06-27,17.02,17.09,17.00,17.05,1260813
2024-06-28,16.99,17.16,16.99,17.14,1736783
2024-07-01,17.67,17.68,17.51,17.58,2840093
2024-07-02,17.52,17.61,17.44,17.61,1792812
2024-07-03,17.78,17.82,17.72,17.77,997435
2024-07-05,17.89,17.92,17.74,17.88,1420130
2024-07-08,18.03,18.07,17.89,17.92,1181867
2024-07-09,17.82,18.00,17.80,17.89,1273429
2024-07-10,18.04,18.10,18.00,18.09,1243268
2024-07-11,18.16,18.20,18.07,18.12,1102828
2024-07-12,18.22,18.32,18.18,18.24,1241328
2024-07-15,18.21,18.22,18.08,18.10,1127949
2024-07-16,18.15,18.31,18.10,18.29,1531918
2024-07-17,18.52,18.61,18.47,18.51,2218509
2024-07-18,18.57,18.60,18.36,18.42,2400661
2024-07-19,18.29,18.39,18.27,18.27,1254406
2024-07-22,18.55,18.66,18.45,18.64,1606539
2024-07-23,18.52,18.58,18.51,18.55,1331844
2024-07-24,18.56,18.62,18.36,18.36,1473692
2024-07-25,18.25,18.47,18.16,18.35,1435408
2024-07-26,18.34,18.58,18.32,18.57,2439659
2024-07-29,18.28,18.33,18.08,18.25,1436123
2024-07-30,18.23,18.30,18.12,18.15,1431907
2024-07-31,18.10,18.22,18.07,18.13,1818345
2024-08-01,17.61,17.64,17.15,17.22,4690141
2024-08-02,17.20,17.25,17.00,17.09,3014023
2024-08-05,16.45,16.83,16.36,16.68,2710094
2024-08-06,16.36,16.71,16.34,16.55,4389950
2024-08-07,17.01,17.03,16.68,16.74,3025176
2024-08-08,16.51,16.59,16.39,16.56,1153363
2024-08-09,16.43,16.64,16.43,16.61,1540640
2024-08-12,16.65,16.70,16.58,16.60,1265973
2024-08-13,16.65,16.88,16.62,16.86,1513987
2024-08-14,16.89,16.93,16.86,16.91,1334840
2024-08-15,17.19,17.30,17.18,17.24,911113
2024-08-16,17.23,17.36,17.21,17.35,1150714
2024-08-19,17.54,17.64,17.54,17.62,1496762
2024-08-20,17.44,17.54,17.43,17.50,1528869
2024-08-21,17.59,17.63,17.50,17.61,1302910
2024-08-22,17.59,17.61,17.50,17.54,1513146
2024-08-23,17.65,17.89,17.64,17.85,1494105
2024-08-26,17.78,17.91,17.77,17.86,1042388
2024-08-27,17.99,18.36,17.96,18.30,5178025
2024-08-28,17.90,18.00,17.84,17.89,1926889
2024-08-29,18.16,18.19,18.05,18.12,1363977
2024-08-30,18.11,18.23,18.11,18.21,902924
2024-09-03,18.00,18.03,17.80,17.83,1712567
2024-09-04,17.90,17.96,17.75,17.79,1452209
2024-09-05,18.01,18.04,17.84,17.93,1076224
2024-09-06,18.05,18.11,17.57,17.62,1615513
2024-09-09,17.80,17.96,17.77,17.89,1304252
2024-09-10,17.82,17.83,17.52,17.68,1603344
2024-09-11,17.82,17.88,17.52,17.85,1462572
2024-09-12,17.85,18.02,17.71,18.00,1163658
2024-09-13,18.17,18.32,18.17,18.24,1004864
2024-09-16,18.02,18.21,18.00,18.20,1350698
2024-09-17,18.35,18.36,18.19,18.24,1011043
2024-09-18,18.36,18.60,18.27,18.40,1790749
2024-09-19,18.56,18.65,18.42,18.63,1651335
2024-09-20,18.71,18.72,18.54,18.66,1187153
2024-09-23,18.36,18.46,18.32,18.39,1372767
2024-09-24,18.42,18.53,18.39,18.46,1410066
2024-09-25,18.38,18.40,18.01,18.02,3130784
2024-09-26,18.46,18.61,18.40,18.58,1704578
2024-09-27,18.57,18.59,18.34,18.34,1533832
2024-09-30,18.19,18.20,18.05,18.16,1230192
2024-10-01,17.89,17.91,17.54,17.73,3708976
2024-10-02,17.57,17.64,17.51,17.57,1792529
2024-10-03,17.35,17.46,17.31,17.41,1413090
2024-10-04,17.56,17.68,17.52,17.66,1465654
2024-10-07,17.72,17.77,17.61,17.66,1339875
2024-10-08,17.69,17.70,17.53,17.64,915548
2024-10-09,16.96,17.17,16.94,17.11,1345444
2024-10-10,17.35,17.36,17.18,17.23,1914524
2024-10-11,17.27,17.46,17.27,17.41,1689670
2024-10-14,17.33,17.43,17.30,17.37,1181513
2024-10-15,17.31,17.48,17.25,17.31,1818558
2024-10-16,17.26,17.34,17.21,17.24,1072681
2024-10-17,17.36,17.43,17.26,17.27,1216601
2024-10-18,17.34,17.41,17.25,17.38,891339
2024-10-21,17.34,17.36,17.17,17.20,2319748
2024-10-22,16.84,16.93,16.79,16.90,1910906
2024-10-23,16.78,16.82,16.66,16.73,2126284
2024-10-24,16.88,16.89,16.73,16.86,1049513
2024-10-25,17.01,17.04,16.82,16.84,1702083
2024-10-28,16.81,17.06,16.80,17.03,1734471
2024-10-29,17.01,17.06,16.92,16.94,1895341
2024-10-30,16.69,16.91,16.67,16.79,2489414
2024-10-31,17.18,17.23,16.84,16.95,3163206
2024-11-01,17.10,17.13,16.91,16.96,1952466
2024-11-04,17.28,17.29,17.14,17.15,2188987
2024-11-05,17.04,17.07,16.97,16.99,1984615
2024-11-06,16.23,16.32,16.15,16.29,2717900
2024-11-07,16.35,16.40,16.04,16.16,2709593
2024-11-08,16.06,16.09,15.95,16.01,1718003
2024-11-11,16.07,16.12,15.99,16.03,1688155
2024-11-12,15.88,15.90,15.64,15.72,2035242
2024-11-13,15.50,15.50,15.29,15.38,2003948
2024-11-14,15.59,15.66,15.47,15.48,1783077
2024-11-15,15.71,15.78,15.67,15.74,3733430
2024-11-18,15.81,15.94,15.80,15.89,1922664
2024-11-19,15.60,15.83,15.60,15.80,2237882
2024-11-20,15.70,15.73,15.60,15.69,1594242
2024-11-21,15.58,15.67,15.50,15.64,2930530
2024-11-22,15.10,15.32,15.10,15.28,3478247
2024-11-25,15.31,15.40,15.28,15.34,2868021
2024-11-26,15.29,15.29,15.09,15.10,2478704
2024-11-27,15.14,15.32,15.14,15.27,1789449
2024-11-29,15.35,15.49,15.34,15.45,1562835
2024-12-02,15.31,15.33,15.14,15.25,2035506
2024-12-03,15.36,15.44,15.28,15.37,1654159
2024-12-04,15.49,15.51,15.42,15.45,1739421
2024-12-05,15.88,16.03,15.88,15.94,2533919
2024-12-06,15.95,15.97,15.77,15.83,1852921
2024-12-09,15.99,16.04,15.87,15.88,2329963
2024-12-10,15.93,15.94,15.86,15.86,1919757
2024-12-11,15.85,15.86,15.68,15.77,1844928
2024-12-12,15.36,15.43,15.24,15.28,2562366
2024-12-13,15.53,15.56,15.43,15.53,1367220
2024-12-16,15.45,15.57,15.42,15.52,1811252
2024-12-17,15.38,15.45,15.31,15.33,1936973
2024-12-18,15.42,15.53,15.09,15.09,3131464
2024-12-19,15.50,15.54,15.38,15.41,3379012
2024-12-20,15.14,15.40,15.12,15.31,3276922
2024-12-23,15.27,15.43,15.22,15.42,2331021
2024-12-24,15.43,15.62,15.43,15.62,808207
2024-12-26,15.66,15.72,15.60,15.68,1379591
2024-12-27,15.56,15.66,15.56,15.63,1981114
2024-12-30,15.63,15.69,15.56,15.66,2133626
2024-12-31,15.69,15.77,15.60,15.67,1420123
2025-01-02,15.58,15.61,15.47,15.51,2385276
2025-01-03,15.58,15.65,15.48,15.65,1692795
2025-01-06,15.79,15.99,15.78,15.82,3057155
2025-01-07,15.98,15.98,15.82,15.88,3328353
2025-01-08,15.64,15.80,15.59,15.78,2905412
2025-01-10,15.73,15.79,15.53,15.55,2636720
2025-01-13,15.73,15.90,15.71,15.90,2976988
2025-01-14,16.00,16.13,15.94,16.12,1999550
2025-01-15,16.30,16.34,16.20,16.32,3141042
2025-01-16,16.38,16.49,16.33,16.45,2789928
2025-01-17,16.34,16.48,16.27,16.31,2804922
2025-01-21,16.63,16.74,16.59,16.73,2498575
2025-01-22,16.45,16.45,16.35,16.36,2492681
2025-01-23,16.58,16.79,16.57,16.73,2334532
2025-01-24,16.76,16.84,16.75,16.75,1817861
2025-01-27,16.86,16.91,16.75,16.84,2351994
2025-01-28,16.71,16.75,16.60,16.68,2561963
2025-01-29,16.69,16.89,16.67,16.74,2970601
2025-01-30,16.82,16.89,16.68,16.79,2301957
2025-01-31,16.69,16.76,16.54,16.57,2569888
2025-02-03,16.11,16.36,16.04,16.25,3876415
2025-02-04,16.53,16.69,16.50,16.65,1974984
2025-02-05,16.65,16.66,16.55,16.63,1935123
2025-02-06,16.30,16.51,16.21,16.47,4087675
2025-02-07,16.55,16.61,16.40,16.42,2165233
2025-02-10,16.30,16.36,16.27,16.32,1929638
2025-02-11,16.48,16.63,16.44,16.60,2117608
2025-02-12,16.75,16.91,16.71,16.84,2564066
2025-02-13,16.76,16.89,16.70,16.82,2662884
2025-02-14,17.15,17.25,17.10,17.11,2622010
2025-02-18,17.34,17.46,17.31,17.43,3109596
2025-02-19,17.13,17.16,16.97,17.03,2751502
2025-02-20,17.20,17.27,17.11,17.22,2682623
2025-02-21,17.24,17.32,17.07,17.12,2152321
2025-02-24,17.21,17.29,17.08,17.15,2665306
2025-02-25,17.61,17.63,17.41,17.49,3531541
2025-02-26,17.56,17.80,17.53,17.64,2824697
2025-02-27,17.66,17.80,17.63,17.69,2827382
2025-02-28,17.69,17.81,17.57,17.73,3430091
2025-03-03,18.64,18.74,18.26,18.38,4799110
2025-03-04,18.14,18.64,17.93,18.46,7134449
2025-03-05,19.22,19.50,19.14,19.46,6706927
2025-03-06,20.06,20.32,19.89,20.00,6235918
2025-03-07,20.41,20.79,20.34,20.74,7108677
2025-03-10,19.96,20.18,19.78,19.96,5463740
2025-03-11,19.90,20.04,19.68,19.88,5480722
2025-03-12,20.06,20.12,19.93,19.96,2772180
2025-03-13,19.88,19.97,19.77,19.78,1869893
2025-03-14,20.08,20.29,20.07,20.26,2534129
2025-03-17,20.17,20.32,20.17,20.28,2101263
2025-03-18,20.36,20.50,20.30,20.48,2400236
2025-03-19,20.26,20.55,20.25,20.49,2327915
2025-03-20,19.80,20.03,19.77,19.98,2793936
2025-03-21,19.78,19.94,19.73,19.87,3765587
2025-03-24,19.86,19.93,19.70,19.77,2111692
2025-03-25,20.26,20.32,20.18,20.29,1955058
2025-03-26,20.19,20.25,19.98,20.06,2618495
2025-03-27,20.03,20.15,20.00,20.05,2379067
2025-03-28,19.79,19.93,19.73,19.81,1771271
2025-03-31,19.33,19.62,19.31,19.59,2658962
2025-04-01,19.63,19.71,19.48,19.62,1956078
2025-04-02,19.50,19.77,19.50,19.77,1499916
2025-04-03,19.38,19.38,18.97,19.00,3850933
2025-04-04,17.76,17.86,17.18,17.36,6373506
2025-04-07,16.69,17.57,16.57,16.90,7219390
2025-04-08,17.36,17.39,16.46,16.62,4560824
2025-04-09,16.78,18.11,16.49,18.05,6787634
2025-04-10,17.66,17.66,17.09,17.42,4717397
2025-04-11,17.74,18.30,17.69,18.22,3787006
2025-04-14,18.25,18.47,18.18,18.28,2946988
2025-04-15,18.57,18.66,18.51,18.54,2213270
2025-04-16,18.62,18.80,18.47,18.56,2721158
2025-04-17,18.58,18.83,18.55,18.65,2215258
2025-04-21,18.74,18.78,18.36,18.56,1676594
2025-04-22,19.02,19.20,18.96,19.13,2421779
2025-04-23,19.79,19.91,19.54,19.61,4104292
2025-04-24,19.64,19.73,19.51,19.69,1831394
2025-04-25,19.10,19.19,19.07,19.18,2009277
2025-04-28,19.39,19.43,19.20,19.39,1639160
2025-04-29,19.64,19.68,19.58,19.62,1959932
2025-04-30,19.18,19.41,19.14,19.37,1800830
2025-05-01,19.31,19.43,19.20,19.29,2563962
2025-05-02,20.65,20.75,20.54,20.64,2591498
2025-05-05,20.47,20.66,20.45,20.51,3545913
2025-05-06,20.22,20.36,20.20,20.23,2951366
2025-05-07,20.23,20.28,20.07,20.09,1989779
2025-05-08,20.26,20.32,20.16,20.21,1828314
2025-05-09,20.46,20.57,20.42,20.49,3103506
2025-05-12,20.78,20.84,20.66,20.73,2538673
2025-05-13,20.69,20.81,20.64,20.79,1733999
2025-05-14,21.00,21.13,20.96,21.09,1707836
2025-05-15,21.16,21.17,21.05,21.10,1851295
2025-05-16,21.14,21.22,21.05,21.17,1612007
2025-05-19,21.37,21.48,21.34,21.45,1734325
2025-05-20,21.63,21.66,21.49,21.56,1414409
2025-05-21,21.70,21.76,21.42,21.44,2353520
2025-05-22,21.36,21.50,21.32,21.42,2458757
2025-05-23,20.95,21.17,20.92,21.13,2678120
2025-05-27,21.36,21.40,21.30,21.33,1858252
2025-05-28,21.03,21.06,20.93,20.99,1582056
2025-05-29,21.20,21.20,21.04,21.15,1395566
2025-05-30,21.22,21.28,21.09,21.26,2646552
2025-06-02,21.16,21.42,21.14,21.41,2089712
2025-06-03,21.03,21.14,21.00,21.08,1803386
2025-06-04,21.06,21.20,21.02,21.06,1490684
2025-06-05,20.95,21.18,20.91,21.14,3141985
2025-06-06,21.14,21.23,21.14,21.19,1620317
2025-06-09,21.20,21.30,21.19,21.22,1448719
2025-06-10,21.17,21.25,21.05,21.09,1755128
2025-06-11,21.11,21.14,20.98,20.99,1894258
2025-06-12,21.12,21.24,21.09,21.17,1353825
2025-06-13,20.66,20.87,20.57,20.80,3983615
2025-06-16,21.03,21.10,20.90,20.91,2393562
2025-06-17,20.72,20.78,20.48,20.49,2401525
2025-06-18,20.63,20.88,20.61,20.78,2169789
2025-06-20,20.65,20.66,20.39,20.40,3348208
2025-06-23,20.46,20.75,20.41,20.74,2971592
2025-06-24,21.24,21.41,21.20,21.36,2857184
2025-06-25,21.15,21.33,21.11,21.30,1851917
2025-06-26,21.43,21.55,21.41,21.48,1924138
2025-06-27,21.95,22.07,21.89,21.98,3090127
2025-06-30,21.63,21.89,21.63,21.87,2183269
2025-07-01,21.90,22.01,21.84,22.00,2627946
2025-07-02,22.17,22.36,22.07,22.36,2745294
2025-07-03,22.36,22.52,22.33,22.50,1455183
2025-07-07,22.51,22.56,22.28,22.39,2271392
2025-07-08,22.62,22.70,22.48,22.66,2500157
2025-07-09,23.15,23.25,23.07,23.20,2528481
2025-07-10,23.09,23.16,22.95,22.99,2601464
2025-07-11,22.77,22.79,22.64,22.74,2624418
2025-07-14,22.48,22.62,22.45,22.60,1569826
2025-07-15,22.73,22.73,22.43,22.45,2584450
2025-07-16,22.50,22.71,22.40,22.67,3284933
2025-07-17,22.53,22.73,22.53,22.73,2447894
2025-07-18,22.85,22.91,22.71,22.77,2556997
2025-07-21,22.81,23.03,22.75,22.88,1786192
2025-07-22,22.87,23.03,22.77,23.03,3347577
2025-07-23,23.32,23.82,23.31,23.80,5881699
2025-07-24,23.80,23.90,23.69,23.69,3644325
2025-07-25,23.70,23.88,23.61,23.88,2747279
2025-07-28,23.57,23.59,23.24,23.31,1867748
2025-07-29,23.66,23.71,23.52,23.60,2312059
2025-07-30,23.49,23.62,23.34,23.41,2717644
2025-07-31,23.29,23.46,23.25,23.36,1934624
2025-08-01,22.91,22.93,22.54,22.71,3429460
2025-08-04,22.98,23.06,22.91,22.98,2666270
2025-08-05,23.14,23.24,22.99,23.22,3835688
2025-08-06,23.45,23.65,23.44,23.60,2261547
2025-08-07,24.00,24.00,23.84,23.94,1774610
2025-08-08,24.22,24.45,24.14,24.44,2143704
2025-08-11,24.00,24.16,23.97,24.13,2310370
2025-08-12,24.32,24.47,24.30,24.45,2114026
2025-08-13,24.69,24.80,24.66,24.77,4706902
2025-08-14,24.74,24.98,24.73,24.96,2213337
2025-08-15,25.08,25.11,24.84,24.88,2334719
2025-08-18,24.60,24.73,24.59,24.69,3287087
2025-08-19,24.98,25.01,24.67,24.69,3846559
2025-08-20,24.77,24.87,24.69,24.81,2694238
2025-08-21,24.84,24.92,24.80,24.85,1853945
2025-08-22,24.89,25.11,24.85,24.91,2416858
2025-08-25,24.86,24.92,24.44,24.44,1932294
2025-08-26,24.18,24.39,24.09,24.35,2395804
2025-08-27,23.92,24.07,23.82,24.04,2094293
2025-08-28,23.93,24.08,23.88,23.91,2736793
2025-08-29,23.71,23.91,23.65,23.83,3505063
2025-09-02,23.75,23.95,23.66,23.95,2570971
2025-09-03,23.81,24.07,23.81,24.07,2227957
2025-09-04,24.19,24.35,24.08,24.35,2207143
2025-09-05,24.47,24.54,24.03,24.10,2303064
2025-09-08,24.52,24.65,24.50,24.62,1675553
2025-09-09,24.72,24.91,23.62,24.10,9581835
2025-09-10,24.69,24.87,24.65,24.77,4108568
2025-09-11,24.89,25.12,24.84,25.12,2228056
2025-09-12,25.17,25.43,25.16,25.40,1795979
2025-09-15,25.78,25.81,25.66,25.75,2235755
2025-09-16,25.57,25.59,25.40,25.43,1992776
2025-09-17,25.29,25.54,25.22,25.34,2200061
2025-09-18,25.08,25.37,25.03,25.32,1898417
2025-09-19,25.30,25.50,25.28,25.42,1515495
2025-09-22,25.31,25.45,25.23,25.43,1641714
2025-09-23,25.79,25.92,25.68,25.71,1491400
2025-09-24,25.73,25.89,25.68,25.75,2055061
2025-09-25,25.61,25.66,25.45,25.60,1705472
2025-09-26,25.89,26.02,25.87,25.96,1868427
2025-09-29,26.03,26.11,25.94,26.02,1634181
2025-09-30,25.92,26.08,25.82,26.08,1545921
2025-10-01,26.20,26.27,25.99,26.09,1690217
2025-10-02,26.00,26.02,25.62,25.80,1404309
2025-10-03,25.93,25.97,25.67,25.78,1185444
2025-10-06,25.41,25.51,25.28,25.32,1101580
2025-10-07,25.40,25.46,24.16,24.48,4853312
2025-10-08,24.56,24.57,24.39,24.44,1594085
2025-10-09,24.43,24.43,23.94,24.04,2479491
2025-10-10,24.38,24.53,23.99,23.99,2437945
2025-10-13,24.19,24.35,24.19,24.32,1303435
2025-10-14,24.22,24.64,24.17,24.56,1288996
2025-10-15,24.43,24.51,24.17,24.32,1413880
2025-10-16,24.44,24.57,24.29,24.39,1428512
2025-10-17,23.93,24.16,23.86,24.04,2503274
2025-10-20,24.02,24.06,23.95,24.00,1509017
2025-10-21,23.87,23.88,23.64,23.66,1815193
2025-10-22,23.82,23.89,23.70,23.80,2270002
2025-10-23,23.97,23.98,23.78,23.86,1568214
2025-10-24,23.82,23.99,23.78,23.96,962650
2025-10-27,24.12,24.29,24.10,24.29,1903299
2025-10-28,24.08,24.30,24.03,24.25,2432642
2025-10-29,24.32,24.41,24.09,24.17,2682057
2025-10-30,25.53,25.70,25.38,25.47,3625390
2025-10-31,25.15,25.20,24.86,24.93,2338659
2025-11-03,25.24,25.31,25.16,25.27,1742521
2025-11-04,25.09,25.32,25.03,25.19,1211041
2025-11-05,25.29,25.49,25.20,25.44,1379094
2025-11-06,25.56,25.68,25.49,25.64,1234397
2025-11-07,25.65,25.75,25.46,25.74,1668733
2025-11-10,26.12,26.33,26.11,26.32,1782691
2025-11-11,26.24,26.41,26.20,26.32,1400500
2025-11-12,26.49,26.59,26.46,26.51,1057849
2025-11-13,26.47,26.55,26.20,26.20,1426427
2025-11-14,25.84,26.02,25.81,25.91,1788912
2025-11-17,25.56,25.65,25.16,25.22,2873056
2025-11-18,24.62,24.88,24.59,24.72,2905528
2025-11-19,24.83,24.93,24.69,24.80,1701945
2025-11-20,24.88,24.94,24.35,24.37,2477597
2025-11-21,24.69,24.88,24.57,24.82,2441741
2025-11-24,24.84,24.95,24.76,24.90,1513723
2025-11-25,25.43,25.61,25.41,25.56,1636053
2025-11-26,25.81,25.98,25.80,25.91,1291509
2025-11-28,25.82,25.96,25.81,25.94,811591
2025-12-01,26.04,26.20,26.00,26.02,2128269
2025-12-02,26.56,26.64,26.46,26.62,1499120
2025-12-03,26.34,26.48,26.20,26.34,2222455
2025-12-04,26.14,26.49,26.13,26.34,1530205
2025-12-05,26.51,26.61,26.25,26.28,1346958
2025-12-08,26.61,26.73,26.55,26.59,1654156
2025-12-09,26.79,26.91,26.54,26.59,1335114
2025-12-10,26.78,27.03,26.61,26.97,1502632
2025-12-11,27.39,27.76,27.25,27.67,3729845
2025-12-12,27.48,27.55,27.13,27.24,2372695
2025-12-15,27.25,27.43,27.25,27.34,1750585
2025-12-16,27.58,27.66,27.34,27.42,2091050
2025-12-17,27.52,27.65,27.39,27.41,1453715
2025-12-18,27.59,27.89,27.56,27.72,1613504
2025-12-19,28.04,28.09,27.88,27.88,1908793
2025-12-22,27.94,28.14,27.94,28.11,1334156
2025-12-23,27.94,28.20,27.91,28.17,1549171
2025-12-24,28.19,28.30,28.16,28.26,495401
2025-12-26,28.31,28.36,28.24,28.31,784702
2025-12-29,28.22,28.22,27.91,27.95,1249756
2025-12-30,28.30,28.30,28.08,28.10,1358617
2025-12-31,28.13,28.15,27.97,28.00,953707
2026-01-02,28.61,28.80,28.54,28.76,1897087
2026-01-05,28.59,29.02,28.56,28.92,1648388
2026-01-06,28.96,29.04,28.50,28.62,3731751
2026-01-07,28.19,28.25,28.00,28.03,2177605
2026-01-08,27.93,28.17,27.89,28.14,1848841
2026-01-09,28.30,28.40,28.09,28.29,2305143
2026-01-12,28.44,28.76,28.42,28.76,1554367
2026-01-13,29.04,29.14,28.89,29.03,1785642
2026-01-14,29.21,29.21,29.02,29.19,1709191
2026-01-15,28.80,29.11,28.80,28.92,1685898
2026-01-16,28.93,29.07,28.79,29.04,1666209
2026-01-20,28.40,28.58,28.16,28.22,2181381
2026-01-21,28.07,28.55,28.00,28.51,1984677
2026-01-22,28.54,28.82,28.54,28.72,1556208
2026-01-23,28.28,28.64,28.19,28.63,1404431
2026-01-26,28.97,29.11,28.95,29.04,1499043
2026-01-27,29.62,30.10,29.59,30.03,4025872
2026-01-28,29.78,29.91,29.34,29.68,3444814
2026-01-29,29.83,29.88,29.21,29.86,2575562
2026-01-30,29.75,29.88,29.21,29.39,3235501
2026-02-02,29.60,30.70,29.60,30.35,3659072
2026-02-03,30.63,31.14,30.55,30.91,5753686
2026-02-04,30.92,31.18,30.45,30.64,3654148
2026-02-05,29.78,30.05,29.43,29.56,3217341
2026-02-06,29.88,30.12,29.86,30.06,2155385
2026-02-09,30.24,30.79,30.21,30.71,2015996
2026-02-10,30.98,31.07,30.70,30.91,3459711
2026-02-11,30.61,30.73,29.96,30.15,2803878
2026-02-12,29.93,29.94,28.75,28.82,5071429
2026-02-13,28.14,28.36,28.00,28.30,8823656
2026-02-17,28.61,29.03,28.61,29.03,2700234
2026-02-18,29.27,29.43,29.10,29.23,2270684
2026-02-19,28.76,29.04,28.70,29.03,2251909
2026-02-20,29.45,29.81,29.35,29.80,2574489
2026-02-23,30.01,30.10,29.21,29.37,2517091
2026-02-24,28.73,29.18,28.65,29.16,1989477
2026-02-25,29.16,29.59,29.14,29.57,2721034
2026-02-26,29.47,29.59,29.20,29.52,2436547
2026-02-27,29.35,29.37,28.65,28.77,2936323
2026-03-02,27.68,28.23,27.64,28.06,3939215
2026-03-03,26.13,27.00,25.93,26.85,5001252
2026-03-04,27.12,27.31,26.94,27.25,2483903
2026-03-05,26.90,27.13,26.48,26.85,2772789
2026-03-06,26.03,26.51,25.78,26.41,2953323
2026-03-09,25.92,26.83,25.66,26.67,3611054
2026-03-10,27.15,27.61,26.82,27.08,4309150
2026-03-11,26.98,27.23,26.88,27.18,2492463
2026-03-12,26.30,26.46,25.97,26.24,2920760
2026-03-13,26.08,26.20,25.46,25.52,2434019
2026-03-16,25.94,26.12,25.84,25.94,2366740
2026-03-17,26.26,26.37,25.90,26.07,2487782
2026-03-18,26.11,26.34,25.71,25.74,3948287
2026-03-19,25.10,26.11,25.06,25.94,4909621
2026-03-20,25.94,25.95,24.94,25.14,6535439
2026-03-23,25.56,26.14,25.45,25.69,4440663
2026-03-24,25.03,25.43,24.95,25.15,5267420
2026-03-25,25.76,25.94,25.56,25.75,2769924
2026-03-26,25.40,25.64,25.12,25.12,2332553
2026-03-27,24.91,25.30,24.73,24.79,3410883
2026-03-30,24.96,25.07,24.64,24.77,2968904
2026-03-31,25.49,26.07,25.35,26.05,4207721
2026-04-01,26.87,27.05,26.62,26.81,5521324
2026-04-02,25.94,26.62,25.85,26.56,3179530
2026-04-06,26.56,26.84,26.56,26.78,2215004
2026-04-07,26.49,26.96,26.28,26.89,4393333
2026-04-08,28.80,28.80,28.05,28.31,4008498
2026-04-09,28.16,28.88,28.12,28.64,2816707
2026-04-10,28.90,28.97,28.64,28.69,1703070
2026-04-13,28.54,29.25,28.48,29.18,2599033
2026-04-14,29.27,29.46,29.25,29.37,2147789
2026-04-15,29.62,29.66,29.42,29.52,2280395
2026-04-16,29.53,29.60,29.14,29.24,2181109
2026-04-17,29.06,29.25,28.82,28.86,2544462
2026-04-20,28.91,28.95,28.68,28.90,2476343
2026-04-21,28.99,29.13,28.40,28.49,2306325
2026-04-22,28.49,28.49,28.02,28.08,2569042
2026-04-23,27.88,28.09,27.37,27.72,3181134
2026-04-24,27.76,28.09,27.66,27.95,2423005
2026-04-27,27.93,28.12,27.87,28.07,1897150
2026-04-28,28.04,28.12,27.90,28.10,1531587
2026-04-29,28.00,28.06,27.54,27.65,2454202
2026-04-30,28.41,29.14,28.38,28.93,3049515
2026-05-01,28.62,28.95,28.53,28.55,2122188
2026-05-04,28.24,28.29,27.73,27.80,3003420
2026-05-05,28.40,28.52,28.14,28.41,2260657
2026-05-06,29.85,30.09,29.75,29.96,2981137
2026-05-07,30.40,30.50,29.75,29.78,2920020
2026-05-08,30.03,30.16,29.91,30.12,1823589
2026-05-11,30.31,30.37,30.05,30.10,1815115
2026-05-12,29.53,29.80,29.41,29.77,2092557
2026-05-13,29.53,29.86,29.52,29.68,2432811
2026-05-14,30.35,30.45,30.04,30.05,2138213
2026-05-15,29.65,29.68,29.33,29.42,1677130
2026-05-18,29.48,29.64,29.21,29.53,2442566
2026-05-19,29.41,29.55,29.23,29.24,2149863
2026-05-20,29.49,30.39,29.48,30.36,3714782
2026-05-21,30.04,30.83,30.00,30.66,3418798
2026-05-22,30.82,30.90,30.48,30.50,2332491
2026-05-26,31.30,31.40,31.09,31.32,1933261
2026-05-27,31.25,31.34,30.98,31.09,1735911
2026-05-28,30.66,31.01,30.48,30.84,2687946
2026-05-29,31.15,31.33,30.94,30.94,2150014
2026-06-01,30.42,30.93,30.38,30.84,2704868
2026-06-02,30.93,31.18,30.91,31.02,2027328
2026-06-03,30.79,30.79,30.39,30.43,1754485
2026-06-04,30.53,30.70,30.37,30.65,3008937
2026-06-05,30.30,30.30,29.52,29.67,5936912
2026-06-08,29.81,29.87,29.04,29.11,4245627
2026-06-09,29.75,29.78,28.80,29.27,5929546
2026-06-10,29.00,29.02,28.66,28.71,6109274
2026-06-11,28.92,29.71,28.72,29.68,6614324
2026-06-12,29.96,30.21,29.77,30.21,5438860
2026-06-15,30.67,30.70,30.36,30.43,5202691
2026-06-16,31.02,31.22,30.93,31.13,4465141
2026-06-17,31.51,31.82,31.11,31.24,5712767
2026-06-18,31.55,31.64,31.34,31.36,7813223
2026-06-22,32.02,32.22,31.96,32.20,4418264
2026-06-23,31.82,31.89,31.62,31.65,5480390
2026-06-24,31.42,31.44,30.93,31.05,5242774
2026-06-25,31.12,31.29,30.91,31.02,5377682
2026-06-26,30.96,31.06,30.68,30.78,6080787
2026-06-29,30.95,31.23,30.73,31.18,4906269
2026-06-30,31.23,31.54,31.16,31.38,3573067
2026-07-01,31.09,31.57,31.04,31.48,2513910
2026-07-02,32.28,32.40,31.89,32.10,3437064
2026-07-06,32.54,32.99,32.52,32.96,2416191
2026-07-07,32.64,32.70,32.21,32.24,2253983
2026-07-08,32.13,32.23,31.66,31.95,2826762
2026-07-09,32.49,32.62,32.35,32.50,2097134
2026-07-10,32.48,32.61,32.34,32.39,2372106
2026-07-13,32.57,32.60,32.18,32.30,2558895
2026-07-14,32.83,33.12,32.59,32.75,3208496
2026-07-15,33.04,33.35,32.98,33.31,2528910
2026-07-16,32.85,32.95,32.66,32.83,1645410
2026-07-17,31.92,32.48,31.89,32.33,1769659
2026-07-20,32.44,32.47,32.12,32.20,1791225
2026-07-21,32.85,33.20,32.75,33.11,2542061
2026-07-22,33.40,33.45,33.28,33.33,1686481
2026-07-23,32.54,32.62,32.38,32.44,2435693
2026-07-24,32.79,33.02,32.73,32.83,1668129
2026-07-27,33.47,33.59,33.25,33.49,1862457
2026-07-28,33.04,33.35,32.88,33.28,2179627
2026-07-29,32.90,33.04,32.45,32.51,3363617
2026-07-30,34.50,34.97,34.45,34.94,2886068
2026-07-31,34.85,35.06,34.54,34.93,2536145
2026-08-03,35.11,35.38,34.95,35.35,2366343
2026-08-04,35.68,35.90,35.28,35.34,4573350
2026-08-05,35.74,36.05,35.65,35.92,4918089
2026-08-06,36.09,36.23,35.66,35.71,1985090
2026-08-07,35.76,35.78,35.54,35.68,1884531
2026-08-10,35.20,35.38,35.16,35.24,1801079
2026-08-11,35.48,35.60,35.24,35.35,1828146
2026-08-12,35.57,35.69,35.50,35.61,1796387
2026-08-13,35.79,35.87,35.50,35.60,1405244
2026-08-14,35.52,35.73,35.48,35.70,1128219
2026-08-17,35.87,35.98,35.60,35.63,1616318
2026-08-18,35.61,35.68,35.36,35.49,1708123
2026-08-19,35.41,35.43,34.58,34.69,2698629
2026-08-20,34.84,34.94,34.50,34.50,1839056
2026-08-21,34.80,34.94,34.73,34.84,1354389
2026-08-24,34.87,35.09,34.83,35.03,1530187
2026-08-25,35.17,35.35,34.96,35.30,1411530
2026-08-26,35.57,35.62,35.41,35.57,2395126
2026-08-27,35.22,35.29,34.93,35.10,1474752
2026-08-28,35.33,35.34,35.14,35.24,1129053
2026-08-31,35.56,35.56,35.28,35.32,1080823
2026-09-01,35.42,35.62,35.15,35.25,1357749
2026-09-02,36.20,36.39,36.02,36.37,1589744
2026-09-03,36.76,37.10,36.75,37.09,1648246
2026-09-04,37.00,37.30,37.00,37.18,1375320
2026-09-08,37.37,37.52,37.13,37.16,1804206
2026-09-09,36.69,36.76,36.53,36.65,1672431
2026-09-10,36.64,36.90,36.55,36.67,1585983
2026-09-11,37.29,37.33,37.05,37.27,1661958
2026-09-14,36.80,37.13,36.55,36.96,2116649
2026-09-15,36.83,36.89,36.44,36.78,1663548
