date,open,high,low,close,volume
2016-09-15,39.95,40.20,39.69,39.76,7446201
2016-09-16,39.93,40.31,39.77,40.00,8395746
2016-09-19,40.14,40.19,39.39,39.69,6704207
2016-09-20,39.88,39.96,39.30,39.45,7665793
2016-09-21,39.74,40.04,39.48,40.00,8083251
2016-09-22,40.34,40.72,40.24,40.37,4841244
2016-09-23,40.19,40.31,39.86,39.86,5536811
2016-09-26,39.50,39.99,39.08,39.77,4386721
2016-09-27,39.77,40.45,39.16,40.39,9300756
2016-09-28,40.64,41.63,40.48,41.49,9520444
2016-09-29,41.50,41.86,41.08,41.22,7050306
2016-09-30,41.56,42.01,41.13,41.78,6368994
2016-10-03,41.59,42.07,41.49,41.61,4764789
2016-10-04,41.66,41.78,40.63,40.83,4639151
2016-10-05,40.95,41.70,40.89,41.26,4951312
2016-10-06,41.10,41.24,40.72,40.99,3797091
2016-10-07,41.11,41.28,40.62,40.66,3850950
2016-10-10,40.81,40.99,40.12,40.17,3736371
2016-10-11,39.79,40.23,39.52,39.72,4336904
2016-10-12,39.71,39.90,39.52,39.68,3606119
2016-10-13,39.32,39.44,38.51,39.05,5996166
2016-10-14,39.33,39.77,39.20,39.40,5328462
2016-10-17,39.41,40.24,39.20,39.27,10729710
2016-10-18,39.71,39.75,39.37,39.48,7937076
2016-10-19,39.68,40.23,39.50,39.85,4714017
2016-10-20,39.84,40.03,39.66,39.68,5724810
2016-10-21,39.39,39.65,39.02,39.56,3719124
2016-10-24,40.02,40.15,39.68,39.86,3601973
2016-10-25,39.75,39.82,39.28,39.42,3972377
2016-10-26,39.25,39.68,39.17,39.59,3890415
2016-10-27,39.70,39.87,39.36,39.51,4655170
2016-10-28,39.49,39.69,39.10,39.29,6004387
2016-10-31,39.29,40.65,39.16,40.32,16630540
2016-11-01,40.81,41.58,40.81,41.26,8530978
2016-11-02,41.24,41.49,41.08,41.35,7198454
2016-11-03,41.49,41.64,40.62,40.81,4515132
2016-11-04,40.97,41.18,40.65,40.88,5362240
2016-11-07,41.60,42.03,41.27,41.57,7389754
2016-11-08,43.00,44.38,42.33,43.94,12195870
2016-11-09,43.70,44.38,42.89,43.84,10083720
2016-11-10,44.11,45.31,44.11,45.25,9670976
2016-11-11,45.03,45.27,43.93,44.16,6603748
2016-11-14,44.26,44.38,43.27,44.07,6311338
2016-11-15,44.26,44.60,44.11,44.50,5239596
2016-11-16,44.52,44.59,44.20,44.51,4424043
2016-11-17,44.67,45.00,44.54,44.74,4809201
2016-11-18,44.62,44.86,44.55,44.71,4641822
2016-11-21,44.78,45.03,44.64,44.85,4570030
2016-11-22,44.93,45.35,44.76,45.25,4480011
2016-11-23,45.25,45.64,45.21,45.61,3651303
2016-11-25,45.65,45.89,45.53,45.89,1412617
2016-11-28,45.73,46.17,44.96,44.97,6215079
2016-11-29,44.92,45.87,44.92,45.38,5292583
2016-11-30,45.55,45.82,44.98,44.98,4012877
2016-12-01,45.10,45.81,45.10,45.73,6192050
2016-12-02,45.67,45.78,44.98,45.32,4771249
2016-12-05,45.39,45.91,44.55,44.63,6506377
2016-12-06,44.48,44.48,43.41,44.10,9801586
2016-12-07,44.35,44.50,43.72,44.27,6694591
2016-12-08,44.07,44.23,43.53,43.65,5674174
2016-12-09,43.68,43.85,43.51,43.73,5066927
2016-12-12,43.33,43.80,43.26,43.39,4725051
2016-12-13,43.65,43.85,43.33,43.44,5708701
2016-12-14,43.18,43.81,42.91,42.99,5263071
2016-12-15,42.98,43.37,42.38,42.42,8166951
2016-12-16,42.48,42.67,41.95,42.08,12472770
2016-12-19,42.09,42.48,41.93,42.31,4807779
2016-12-20,42.65,42.95,42.19,42.87,4316246
2016-12-21,43.00,43.49,42.80,42.81,5183615
2016-12-22,42.80,43.14,42.47,42.61,3817055
2016-12-23,42.66,42.76,42.38,42.50,2422552
2016-12-27,42.45,42.70,42.27,42.37,3172317
2016-12-28,42.53,42.78,41.79,41.86,4021799
2016-12-29,41.80,42.09,41.39,41.68,3151407
2016-12-30,41.80,42.00,40.99,41.19,4884200
2017-01-03,41.63,42.54,41.47,42.43,9454531
2017-01-04,42.44,42.59,42.23,42.49,5106713
2017-01-05,42.46,42.64,41.80,41.94,5184847
2017-01-06,41.95,43.15,41.95,42.79,6010075
2017-01-09,42.62,42.75,42.35,42.60,3566435
2017-01-10,42.83,43.63,42.63,43.61,10411770
2017-01-11,43.66,44.42,43.59,44.08,14690350
2017-01-12,44.19,44.22,43.08,43.79,5546645
2017-01-13,43.76,44.00,43.63,43.66,4866232
2017-01-17,43.51,43.55,42.88,43.11,4710348
2017-01-18,43.15,43.38,42.89,43.09,3997858
2017-01-19,43.06,43.20,42.57,42.87,3193338
2017-01-20,43.10,43.48,42.51,42.90,5968375
2017-01-23,42.70,43.27,42.65,43.24,4863407
2017-01-24,43.39,44.19,43.36,43.95,5366971
2017-01-25,44.25,44.61,43.95,44.19,4290781
2017-01-26,44.13,44.38,43.82,44.30,5391522
2017-01-27,44.63,44.70,43.62,43.73,4716635
2017-01-30,43.73,43.80,43.09,43.77,4153610
2017-01-31,43.59,44.54,43.09,43.98,9406742
2017-02-01,43.20,43.32,42.25,42.50,10608810
2017-02-02,42.48,42.57,42.01,42.30,7591087
2017-02-03,42.32,42.69,42.10,42.66,6130012
2017-02-06,42.59,42.76,42.01,42.30,6650697
2017-02-07,42.52,42.65,41.01,41.23,8410045
2017-02-08,41.23,41.34,40.81,41.01,7211430
2017-02-09,41.07,41.55,40.96,41.31,5818872
2017-02-10,41.34,42.07,41.17,41.85,6262651
2017-02-13,42.03,42.09,41.60,41.75,4762921
2017-02-14,41.61,41.80,40.95,41.49,6170341
2017-02-15,41.35,41.73,40.63,41.62,8404114
2017-02-16,41.62,41.81,41.38,41.68,5548953
2017-02-17,41.58,42.14,41.44,41.91,5994423
2017-02-21,42.08,42.80,41.99,42.63,6770852
2017-02-22,42.37,42.49,41.92,42.17,4387719
2017-02-23,42.37,42.37,41.46,41.49,5052925
2017-02-24,41.38,41.82,41.25,41.82,4854391
2017-02-27,41.72,42.27,41.71,42.24,3628268
2017-02-28,42.17,42.54,41.88,41.94,7027177
2017-03-01,42.25,42.85,42.25,42.68,4738145
2017-03-02,42.63,42.73,42.23,42.27,3384202
2017-03-03,42.20,42.23,41.84,42.06,3279128
2017-03-06,41.65,41.83,41.47,41.76,4173550
2017-03-07,41.64,41.92,41.38,41.47,3809199
2017-03-08,41.46,41.62,41.10,41.14,4517619
2017-03-09,41.26,41.33,40.44,40.82,4723620
2017-03-10,41.10,42.27,40.63,41.23,5340858
2017-03-13,40.81,41.26,40.67,41.24,5409827
2017-03-14,41.06,41.14,40.72,40.89,3517576
2017-03-15,41.12,42.05,41.01,41.93,4746760
2017-03-16,42.14,42.45,41.69,41.77,5082411
2017-03-17,41.96,42.06,41.69,41.97,7041170
2017-03-20,41.96,42.45,41.78,42.27,5224743
2017-03-21,42.40,42.56,41.33,41.38,7114582
2017-03-22,41.38,41.90,41.11,41.81,3970868
2017-03-23,41.73,42.07,41.41,41.50,4278708
2017-03-24,41.45,41.45,40.79,41.22,5944453
2017-03-27,40.83,41.52,40.66,41.36,3659038
2017-03-28,41.22,41.95,41.09,41.74,4177830
2017-03-29,41.73,42.36,41.59,42.25,3467525
2017-03-30,42.18,42.40,41.91,42.14,2945109
2017-03-31,42.15,42.38,41.97,42.12,3800313
2017-04-03,42.15,42.27,40.98,41.17,5869532
2017-04-04,41.09,41.53,40.95,41.30,3164764
2017-04-05,41.51,41.92,40.96,40.98,3276130
2017-04-06,41.02,41.41,40.89,41.18,4143857
2017-04-07,41.14,41.32,40.88,40.99,3282512
2017-04-10,41.03,41.46,40.93,41.12,3297767
2017-04-11,41.10,41.28,40.98,41.22,4184813
2017-04-12,41.19,41.26,40.68,40.90,3432744
2017-04-13,40.84,41.01,40.60,40.60,2526635
2017-04-17,40.63,41.12,40.36,41.09,4277077
2017-04-18,40.91,41.52,40.84,41.35,3707376
2017-04-19,41.60,41.74,41.18,41.28,3809619
2017-04-20,41.52,41.94,41.39,41.73,2947834
2017-04-21,41.70,42.16,41.59,42.04,3904815
2017-04-24,42.50,43.10,42.38,42.91,5542750
2017-04-25,42.99,43.38,42.99,43.20,4372458
2017-04-26,43.16,43.61,43.03,43.05,5503542
2017-04-27,41.93,42.66,41.33,42.16,7485695
2017-04-28,42.22,42.28,41.41,41.57,6319857
2017-05-01,41.77,41.85,41.33,41.51,5670345
2017-05-02,41.57,41.83,41.18,41.46,4907700
2017-05-03,41.34,41.66,41.10,41.61,4932548
2017-05-04,41.74,41.81,41.44,41.47,3219255
2017-05-05,41.58,42.00,41.58,41.97,3315928
2017-05-08,41.90,42.10,41.84,42.02,2620390
2017-05-09,42.00,42.14,41.85,42.01,4376536
2017-05-10,41.93,42.47,41.90,42.41,4423121
2017-05-11,42.16,42.30,41.74,41.91,2916011
2017-05-12,41.87,42.13,41.65,42.04,4340051
2017-05-15,42.03,42.72,42.03,42.45,6958643
2017-05-16,42.61,42.73,41.96,42.07,4339260
2017-05-17,41.62,41.65,41.23,41.33,4670953
2017-05-18,41.38,41.95,41.24,41.77,4568828
2017-05-19,41.82,42.94,41.79,42.60,7334164
2017-05-22,42.81,43.04,42.60,42.64,2897193
2017-05-23,42.74,42.74,41.94,41.98,3503456
2017-05-24,41.96,42.09,41.74,42.02,2979089
2017-05-25,42.16,42.36,41.93,42.16,4372385
2017-05-26,42.08,42.20,41.94,42.03,3261466
2017-05-30,41.99,42.08,41.79,41.98,2524950
2017-05-31,42.08,42.11,41.57,41.76,4880561
2017-06-01,41.97,42.27,41.78,42.18,4135439
2017-06-02,42.21,42.47,42.08,42.25,3091458
2017-06-05,42.07,42.39,42.03,42.04,6086645
2017-06-06,41.85,41.87,41.23,41.26,5939644
2017-06-07,41.34,41.41,40.78,41.16,6530274
2017-06-08,41.13,41.37,41.09,41.27,3929651
2017-06-09,41.09,42.09,40.94,42.07,4641648
2017-06-12,41.81,41.96,41.23,41.47,7140442
2017-06-13,41.43,41.95,41.39,41.92,4885884
2017-06-14,42.01,42.09,41.58,41.86,4668485
2017-06-15,41.50,41.99,41.50,41.94,4168296
2017-06-16,41.96,42.14,41.62,41.86,5166480
2017-06-19,42.14,42.70,42.14,42.54,5602596
2017-06-20,42.30,42.32,41.88,42.01,4473697
2017-06-21,42.08,42.17,41.40,41.45,4206318
2017-06-22,41.41,42.11,41.28,41.82,3927762
2017-06-23,41.94,42.02,41.67,41.82,16759420
2017-06-26,41.73,42.42,41.73,42.31,5475309
2017-06-27,42.28,42.28,42.03,42.15,4371256
2017-06-28,42.46,42.93,42.39,42.88,5718423
2017-06-29,42.88,43.03,42.33,42.55,4899521
2017-06-30,42.80,43.71,42.78,43.36,5918521
2017-07-03,43.61,43.74,43.12,43.25,2933859
2017-07-05,43.30,43.70,43.21,43.57,3759104
2017-07-06,43.48,43.51,43.03,43.05,2697547
2017-07-07,43.14,43.32,43.01,43.16,2677068
2017-07-10,43.15,43.79,43.06,43.38,3164486
2017-07-11,43.31,43.46,42.87,43.08,5877472
2017-07-12,43.33,43.71,43.31,43.40,2813370
2017-07-13,43.30,43.77,43.30,43.55,3331507
2017-07-14,43.55,44.09,43.38,43.87,3443319
2017-07-17,43.84,44.18,43.79,44.09,2973719
2017-07-18,43.97,44.08,43.78,44.00,3553421
2017-07-19,44.07,44.16,43.85,44.15,2986476
2017-07-20,44.16,44.24,43.87,44.11,2866477
2017-07-21,44.04,44.27,43.90,44.19,3006415
2017-07-24,44.10,44.19,43.90,44.00,3308467
2017-07-25,44.35,44.37,43.93,44.18,4867118
2017-07-26,44.08,44.18,43.31,43.32,7298484
2017-07-27,40.01,40.50,38.75,40.14,17869800
2017-07-28,40.04,40.20,38.90,39.64,14448150
2017-07-31,39.64,39.69,38.65,38.95,8507471
2017-08-01,39.10,39.15,38.54,38.75,5365934
2017-08-02,38.60,39.48,38.51,39.37,5682416
2017-08-03,39.34,39.51,38.77,39.46,4998570
2017-08-04,39.42,39.42,38.91,39.17,6439660
2017-08-07,39.20,39.88,39.16,39.78,5036535
2017-08-08,39.72,39.98,39.41,39.61,5272855
2017-08-09,39.46,39.62,39.31,39.45,3493821
2017-08-10,39.19,39.41,38.81,38.89,4337093
2017-08-11,39.00,39.10,38.65,38.67,2936758
2017-08-14,38.95,38.98,38.54,38.65,3155248
2017-08-15,38.47,38.50,37.75,37.83,6708143
2017-08-16,37.92,37.97,37.37,37.55,9637720
2017-08-17,37.45,37.71,36.82,36.89,10396670
2017-08-18,36.87,37.42,36.74,37.05,4523953
2017-08-21,37.15,38.83,37.14,38.27,13068790
2017-08-22,38.34,38.65,37.77,38.62,8637303
2017-08-23,38.37,38.84,38.27,38.56,6255028
2017-08-24,38.64,38.84,38.43,38.59,5425734
2017-08-25,38.87,39.12,38.72,38.83,3941685
2017-08-28,38.91,38.99,38.61,38.84,2652650
2017-08-29,38.70,38.88,38.48,38.75,2576848
2017-08-30,38.93,39.22,38.68,39.14,3383818
2017-08-31,39.34,40.00,39.26,39.59,7634270
2017-09-01,39.67,40.07,39.49,39.89,3953925
2017-09-05,39.89,40.12,39.76,40.00,4168189
2017-09-06,40.04,40.34,39.55,39.62,5104074
2017-09-07,39.80,39.80,39.04,39.21,3533524
2017-09-08,39.20,39.48,38.96,39.16,4264778
2017-09-11,39.34,39.65,39.07,39.40,4681795
2017-09-12,39.47,40.11,39.42,40.00,2878520
2017-09-13,40.08,40.09,39.70,39.90,3028405
2017-09-14,39.76,40.11,39.61,40.10,4057174
2017-09-15,40.02,40.10,39.66,39.81,6186135
2017-09-18,39.88,39.88,39.28,39.57,5758707
2017-09-19,39.64,39.64,38.95,39.04,5644298
2017-09-20,39.18,40.32,39.18,39.75,5681476
2017-09-21,39.82,40.03,39.51,39.98,3170836
2017-09-22,39.79,39.95,39.49,39.89,2617293
2017-09-25,39.89,40.13,39.73,40.12,3752247
2017-09-26,40.02,41.12,39.92,40.94,6579803
2017-09-27,41.10,41.19,40.39,40.45,6182370
2017-09-28,40.30,40.40,39.30,40.06,6972866
2017-09-29,40.00,40.35,39.76,40.29,3888918
2017-10-02,40.42,40.76,40.31,40.45,3492387
2017-10-03,40.50,40.74,40.21,40.47,3773887
2017-10-04,40.55,41.00,40.29,40.95,3854077
2017-10-05,40.91,41.46,40.79,41.20,3645930
2017-10-06,41.17,41.30,40.99,41.07,3134157
2017-10-09,41.11,41.20,40.52,40.60,2932312
2017-10-10,40.66,41.93,40.66,41.49,8196063
2017-10-11,41.50,41.65,41.18,41.35,3866685
2017-10-12,41.15,41.48,41.01,41.39,2933414
2017-10-13,41.45,41.77,41.35,41.69,3202348
2017-10-16,41.82,41.86,41.41,41.75,2965096
2017-10-17,41.62,41.73,41.09,41.20,3429166
2017-10-18,40.87,41.18,40.63,40.66,3736411
2017-10-19,40.67,41.35,40.60,41.24,3326478
2017-10-20,41.46,41.93,41.35,41.62,4016738
2017-10-23,41.63,41.78,41.45,41.61,3016201
2017-10-24,41.59,42.19,41.45,41.96,4168001
2017-10-25,41.96,42.12,40.78,41.20,4505147
2017-10-26,41.49,42.31,41.41,42.17,5360756
2017-10-27,42.12,42.60,42.03,42.41,3886394
2017-10-30,42.18,42.45,41.84,42.14,4778245
2017-10-31,41.98,41.98,41.24,41.39,5013394
2017-11-01,41.76,41.85,41.10,41.20,3969590
2017-11-02,41.15,41.40,40.56,40.65,3376948
2017-11-03,40.51,40.98,40.33,40.68,3560733
2017-11-06,40.84,41.35,40.73,41.09,3468374
2017-11-07,41.22,41.56,40.77,40.99,4198097
2017-11-08,40.88,41.17,40.68,41.00,3616533
2017-11-09,40.21,41.26,38.28,38.51,10586240
2017-11-10,37.80,37.80,36.48,36.93,13793530
2017-11-13,36.63,36.66,35.85,36.00,11404710
2017-11-14,35.85,36.17,35.62,35.89,12358420
2017-11-15,35.49,35.81,34.51,35.73,10837840
2017-11-16,35.82,36.22,35.36,36.14,5511031
2017-11-17,35.96,36.54,35.73,36.39,5029720
2017-11-20,36.74,36.79,35.90,36.06,4277373
2017-11-21,36.01,36.35,35.73,36.00,4548518
2017-11-22,36.00,36.83,36.00,36.79,5848244
2017-11-24,36.81,36.94,36.56,36.91,1935552
2017-11-27,36.93,37.25,36.69,37.09,6357792
2017-11-28,37.25,38.53,37.04,38.42,6562524
2017-11-29,38.36,38.50,37.90,38.09,4917409
2017-11-30,38.21,38.31,37.45,37.64,8318950
2017-12-01,37.73,37.82,36.77,37.42,6324613
2017-12-04,37.72,37.79,37.31,37.43,8025307
2017-12-05,37.42,37.45,37.02,37.13,6577643
2017-12-06,37.13,37.69,37.08,37.24,5472748
2017-12-07,37.68,37.91,37.21,37.36,5506456
2017-12-08,36.72,37.45,36.52,37.41,6073548
2017-12-11,37.29,38.03,37.29,37.71,4373542
2017-12-12,37.73,38.29,37.45,38.25,6617588
2017-12-13,38.09,38.22,37.65,37.66,5095170
2017-12-14,37.62,37.71,37.37,37.41,3042026
2017-12-15,37.45,37.48,36.79,37.26,8063022
2017-12-18,37.56,37.75,37.19,37.51,5518716
2017-12-19,37.55,37.65,37.20,37.46,4175318
2017-12-20,37.64,37.86,37.43,37.65,4742844
2017-12-21,37.76,38.08,37.64,38.00,5962208
2017-12-22,37.97,38.21,37.88,38.11,4248708
2017-12-26,38.11,38.29,37.88,37.90,3642275
2017-12-27,37.90,38.02,37.63,37.92,5233869
2017-12-28,37.89,38.19,37.71,38.18,3758399
2017-12-29,38.20,38.35,38.04,38.11,3886212
2018-01-02,38.32,38.46,37.75,38.23,5874982
2018-01-03,38.17,39.07,38.09,38.96,4784067
2018-01-04,39.30,40.13,39.16,39.85,10941930
2018-01-05,39.32,39.92,38.05,38.42,9435100
2018-01-08,38.21,39.16,38.14,38.94,5222070
2018-01-09,38.99,39.16,38.67,38.75,7898084
2018-01-10,38.87,39.19,38.46,39.06,4825563
2018-01-11,39.05,39.61,39.05,39.56,3776414
2018-01-12,39.66,39.97,39.44,39.80,5939600
2018-01-16,39.93,40.32,39.86,40.17,7652031
2018-01-17,40.17,40.27,39.38,39.53,9541138
2018-01-18,38.72,39.68,38.55,39.29,9682181
2018-01-19,39.34,39.36,38.68,38.90,10403680
2018-01-22,38.90,39.21,38.60,39.20,6868488
2018-01-23,39.55,40.57,39.35,40.47,7437519
2018-01-24,40.47,40.69,40.01,40.60,5680923
2018-01-25,40.75,40.89,40.28,40.79,4054487
2018-01-26,40.95,41.53,40.79,41.43,8190400
2018-01-29,41.26,41.44,40.40,40.46,5990194
2018-01-30,40.23,40.41,39.30,39.84,6945577
2018-01-31,40.18,40.41,38.36,39.13,8171757
2018-02-01,38.79,40.20,38.78,39.81,8174197
2018-02-02,39.42,39.92,39.41,39.53,5297618
2018-02-05,39.33,39.54,37.47,37.52,7334279
2018-02-06,36.91,38.00,36.46,37.62,7436124
2018-02-07,37.51,38.23,37.45,37.60,5186731
2018-02-08,37.61,37.72,36.53,36.55,5363271
2018-02-09,36.97,37.13,35.43,36.29,8004874
2018-02-12,36.58,37.63,36.52,37.41,8824876
2018-02-13,37.26,37.82,37.13,37.39,4508453
2018-02-14,37.10,37.68,37.10,37.51,7114222
2018-02-15,37.75,38.26,37.45,38.19,6726076
2018-02-16,38.17,38.84,38.09,38.42,5024530
2018-02-20,38.19,38.47,37.75,37.87,3563741
2018-02-21,37.86,38.55,37.82,37.85,2956048
2018-02-22,38.10,38.67,37.83,37.98,3360064
2018-02-23,38.13,38.85,38.05,38.82,3319350
2018-02-26,38.87,39.00,38.40,38.74,3046056
2018-02-27,38.73,38.99,38.02,38.02,3527462
2018-02-28,38.03,38.18,36.87,36.87,4553735
2018-03-01,36.87,36.87,35.06,35.90,9784341
2018-03-02,35.51,36.35,34.99,36.27,6717177
2018-03-05,36.08,37.02,36.04,36.92,5658790
2018-03-06,37.05,37.54,36.87,37.39,3705579
2018-03-07,36.92,37.15,36.33,37.07,4190371
2018-03-08,37.18,37.65,37.03,37.63,3845420
2018-03-09,37.81,38.54,37.67,38.54,3016616
2018-03-12,39.25,39.51,38.43,38.70,6003179
2018-03-13,39.01,39.69,38.81,38.88,4589851
2018-03-14,39.05,39.05,37.15,37.22,7578276
2018-03-15,37.29,37.34,36.77,37.05,5277396
2018-03-16,36.73,36.91,36.56,36.70,7288660
2018-03-19,36.69,36.86,36.13,36.41,4150953
2018-03-20,36.43,36.51,35.61,35.85,7017718
2018-03-21,35.98,36.76,35.85,36.33,4155828
2018-03-22,36.02,36.41,35.43,35.50,6104758
2018-03-23,35.50,35.69,34.21,34.33,5545422
2018-03-26,34.72,35.00,33.89,34.94,5396595
2018-03-27,34.86,35.12,34.09,34.32,4581636
2018-03-28,34.43,34.56,33.92,34.29,6098111
2018-03-29,34.42,35.48,34.42,35.24,4209254
2018-04-02,35.06,35.14,33.55,33.93,4568650
2018-04-03,33.98,34.46,33.57,34.43,4654983
2018-04-04,33.91,35.09,33.77,35.00,4005510
2018-04-05,34.16,35.14,33.92,34.60,5703363
2018-04-06,34.42,34.52,33.43,33.64,4768548
2018-04-09,33.81,33.97,33.23,33.26,4831243
2018-04-10,33.66,34.06,33.44,33.72,9491923
2018-04-11,33.48,34.47,33.29,34.30,4901439
2018-04-12,34.38,34.45,34.08,34.21,4674779
2018-04-13,34.56,34.67,33.91,34.08,4627566
2018-04-16,34.23,34.80,34.17,34.70,5453102
2018-04-17,34.79,34.84,34.25,34.29,3716758
2018-04-18,34.46,34.61,34.25,34.44,3692787
2018-04-19,34.20,34.32,33.78,34.01,4000363
2018-04-20,34.23,34.63,34.09,34.27,6002497
2018-04-23,34.29,34.55,34.00,34.15,5272814
2018-04-24,34.30,34.41,32.98,33.27,5633636
2018-04-25,33.12,33.79,32.89,33.79,4946579
2018-04-26,33.83,34.44,33.65,34.34,5528370
2018-04-27,34.23,34.69,33.96,34.47,5021722
2018-04-30,34.44,34.62,33.84,33.87,5405732
2018-05-01,34.59,35.97,34.35,35.94,8402314
2018-05-02,35.96,36.00,34.99,35.31,6259036
2018-05-03,35.14,35.64,34.63,35.39,5127813
2018-05-04,35.13,36.33,35.04,36.25,4309809
2018-05-07,36.32,36.87,36.25,36.65,7195038
2018-05-08,36.33,36.58,36.05,36.29,5227761
2018-05-09,36.30,36.61,35.97,36.27,3403557
2018-05-10,36.34,36.89,36.31,36.72,3358746
2018-05-11,36.75,36.80,36.19,36.30,3429994
2018-05-14,36.32,36.80,36.30,36.48,2814557
2018-05-15,36.18,36.40,36.07,36.27,3023936
2018-05-16,36.26,36.63,36.13,36.42,3918049
2018-05-17,36.43,36.78,36.33,36.51,3624183
2018-05-18,36.45,36.56,35.79,35.95,6234615
2018-05-21,36.17,36.39,35.63,35.73,6013784
2018-05-22,35.77,35.95,35.16,35.19,6522586
2018-05-23,35.00,35.11,33.86,34.22,7769035
2018-05-24,34.22,34.65,34.08,34.42,4105445
2018-05-25,34.45,35.12,34.36,34.64,5770564
2018-05-29,34.35,34.57,33.81,34.06,4750467
2018-05-30,34.36,34.66,34.05,34.41,3134053
2018-05-31,34.47,34.49,33.47,33.56,4498970
2018-06-01,33.77,34.04,33.46,33.73,4280766
2018-06-04,33.97,34.13,33.81,34.08,3457758
2018-06-05,34.20,34.54,34.16,34.51,3242988
2018-06-06,34.47,34.72,34.24,34.57,4446087
2018-06-07,34.67,34.97,34.55,34.94,3243272
2018-06-08,34.95,35.16,34.80,35.14,3546080
2018-06-11,35.13,35.42,34.85,35.09,3115749
2018-06-12,35.19,35.26,34.87,35.19,3397723
2018-06-13,35.24,35.24,34.66,34.92,4841110
2018-06-14,35.00,35.16,34.77,34.89,2792129
2018-06-15,34.89,35.08,34.00,35.04,7689961
2018-06-18,34.66,34.73,34.31,34.54,3943662
2018-06-19,34.31,34.58,33.94,34.50,5156952
2018-06-20,34.74,35.26,34.51,35.25,5432851
2018-06-21,35.23,35.23,34.25,34.33,6156195
2018-06-22,34.24,34.52,33.98,33.99,4389574
2018-06-25,33.93,34.50,33.52,34.36,4667066
2018-06-26,34.42,34.51,34.03,34.16,2854802
2018-06-27,34.15,34.35,33.53,33.53,3948214
2018-06-28,33.53,33.55,32.90,33.29,4075627
2018-06-29,33.48,33.75,33.30,33.45,4445996
2018-07-02,33.15,33.35,32.93,33.32,3424184
2018-07-03,33.49,34.21,33.45,33.63,2515167
2018-07-05,33.72,34.33,33.57,34.22,3455920
2018-07-06,34.23,34.78,34.20,34.64,3113393
2018-07-09,34.69,35.27,34.40,34.96,2523609
2018-07-10,34.99,34.99,34.51,34.87,2735852
2018-07-11,34.56,34.56,33.97,34.16,3260634
2018-07-12,34.29,34.82,33.93,34.74,3438937
2018-07-13,34.72,35.29,34.72,35.12,3405057
2018-07-16,35.13,35.22,34.55,34.76,2632381
2018-07-17,34.61,35.44,34.54,35.31,4339644
2018-07-18,35.24,35.47,35.02,35.42,4181520
2018-07-19,35.31,35.99,35.25,35.85,4661646
2018-07-20,35.70,36.34,35.57,36.14,4900076
2018-07-23,35.98,36.18,35.54,35.56,3535053
2018-07-24,35.69,35.87,35.41,35.52,2395152
2018-07-25,35.36,35.71,35.12,35.46,4445843
2018-07-26,35.47,35.99,35.18,35.72,3144717
2018-07-27,35.84,36.11,35.69,36.06,2898887
2018-07-30,36.11,36.63,36.05,36.46,5471269
2018-07-31,36.53,37.65,36.16,37.51,8118863
2018-08-01,36.95,38.16,36.95,37.68,7858546
2018-08-02,37.46,37.99,37.32,37.81,3956347
2018-08-03,37.99,38.10,37.15,37.94,4375720
2018-08-06,38.01,38.10,37.58,37.69,3438101
2018-08-07,37.79,38.36,37.62,37.86,3849808
2018-08-08,37.80,37.90,37.29,37.32,4199429
2018-08-09,37.31,37.88,37.24,37.33,4309126
2018-08-10,37.17,37.20,36.65,36.90,3737988
2018-08-13,36.96,37.05,36.37,36.65,4529853
2018-08-14,36.72,37.21,36.72,36.99,2648401
2018-08-15,36.41,37.64,36.41,37.55,4455528
2018-08-16,37.57,37.86,37.45,37.62,3760332
2018-08-17,37.64,38.47,37.61,38.25,4218677
2018-08-20,38.31,38.81,38.23,38.74,4513274
2018-08-21,39.00,40.33,38.80,40.01,9575955
2018-08-22,39.95,39.96,39.08,39.61,5858276
2018-08-23,39.45,39.59,39.09,39.14,3791839
2018-08-24,39.16,39.37,39.11,39.21,3067118
2018-08-27,39.36,40.08,39.36,39.72,5065036
2018-08-28,39.75,39.83,38.73,38.93,7477223
2018-08-29,38.89,39.05,38.38,38.42,20122580
2018-08-30,38.28,38.49,37.53,37.65,6062029
2018-08-31,37.56,38.11,37.52,37.77,4383686
2018-09-04,37.75,37.85,37.49,37.77,3487568
2018-09-05,37.63,38.30,37.59,38.27,6946057
2018-09-06,38.28,38.90,38.13,38.83,6866267
2018-09-07,38.51,38.72,38.21,38.30,4213498
2018-09-10,38.69,38.91,38.39,38.40,2887060
2018-09-11,37.50,37.88,37.12,37.60,4913273
2018-09-12,37.60,37.64,37.26,37.57,3464172
2018-09-13,37.88,38.02,37.58,37.94,3760047
2018-09-14,37.96,38.12,37.73,38.00,2325163
2018-09-17,37.79,37.95,37.21,37.25,3968364
2018-09-18,37.20,37.39,36.69,37.11,4371665
2018-09-19,37.14,37.55,36.96,37.00,4152621
2018-09-20,37.31,37.54,37.04,37.37,4973681
2018-09-21,36.94,37.08,36.64,36.96,8920890
2018-09-24,36.79,36.92,35.99,36.24,4221322
2018-09-25,36.11,36.17,35.64,35.78,4696668
2018-09-26,35.80,35.96,35.62,35.68,3975386
2018-09-27,35.66,35.86,35.44,35.55,3576449
2018-09-28,35.47,35.47,34.99,35.00,7674691
2018-10-01,35.28,35.63,35.07,35.18,4130518
2018-10-02,35.25,35.73,35.22,35.57,4030903
2018-10-03,35.62,36.07,35.47,35.79,3386699
2018-10-04,35.62,36.45,35.62,36.37,5022133
2018-10-05,36.43,36.58,36.16,36.31,5890610
2018-10-08,36.18,36.54,36.05,36.51,4186468
2018-10-09,36.49,36.49,34.99,35.01,4110534
2018-10-10,34.74,34.81,34.19,34.21,6068136
2018-10-11,34.25,34.47,33.59,33.73,5835885
2018-10-12,34.31,34.32,32.35,32.96,7734483
2018-10-15,32.73,33.48,32.65,33.15,5874309
2018-10-16,33.30,34.02,33.14,33.99,4360117
2018-10-17,34.01,34.16,33.35,33.86,5813150
2018-10-18,33.68,33.84,32.85,33.19,4662791
2018-10-19,33.24,33.38,32.70,32.93,4944060
2018-10-22,32.93,33.05,32.42,32.66,6505432
2018-10-23,32.23,32.80,31.66,32.58,6099977
2018-10-24,32.47,32.64,31.32,31.37,4735547
2018-10-25,31.80,32.38,31.56,32.10,5826137
2018-10-26,31.84,31.91,30.91,31.32,7173848
2018-10-29,31.80,32.70,30.60,31.28,7741857
2018-10-30,31.33,31.95,31.06,31.81,8139458
2018-10-31,32.12,32.27,31.71,31.97,6540743
2018-11-01,32.22,33.46,32.09,33.34,6302364
2018-11-02,33.58,33.79,32.44,32.50,6220026
2018-11-05,32.54,33.20,32.54,33.08,4916924
2018-11-06,32.97,33.43,32.91,33.26,3730237
2018-11-07,33.59,33.63,32.80,33.40,4538239
2018-11-08,34.00,35.55,33.59,34.48,9372301
2018-11-09,34.22,34.51,33.84,34.35,5346989
2018-11-12,34.30,34.69,33.91,34.19,4209535
2018-11-13,34.95,35.74,34.65,34.78,7660549
2018-11-14,34.81,35.03,33.15,33.41,9253085
2018-11-15,33.05,33.72,32.85,33.52,9033870
2018-11-16,33.43,33.97,33.39,33.44,4985537
2018-11-19,33.21,33.70,32.98,33.45,5065315
2018-11-20,33.03,33.91,33.03,33.34,5750575
2018-11-21,33.32,33.73,33.07,33.25,3172161
2018-11-23,33.02,33.76,32.76,33.39,1811120
2018-11-26,33.55,34.05,33.54,33.78,4799593
2018-11-27,33.47,33.83,33.34,33.50,4103148
2018-11-28,33.53,34.00,33.09,34.00,5292000
2018-11-29,33.93,34.48,33.69,34.27,4466794
2018-11-30,34.23,34.81,34.21,34.78,6471499
2018-12-03,35.00,35.63,34.44,35.04,5489462
2018-12-04,34.88,35.10,33.79,33.89,6883099
2018-12-06,33.34,33.53,32.76,33.39,6925116
2018-12-07,33.31,33.88,32.63,32.66,5340915
2018-12-10,32.70,32.71,31.73,32.35,5016851
2018-12-11,32.86,33.17,32.17,32.23,7442327
2018-12-12,32.61,33.23,32.56,32.60,4842071
2018-12-13,32.76,33.01,32.11,32.14,4642287
2018-12-14,31.70,32.44,31.65,31.97,4700638
2018-12-17,31.95,32.27,30.91,31.06,6258624
2018-12-18,31.27,32.03,31.12,31.79,6473119
2018-12-19,31.88,32.61,30.72,30.83,6450914
2018-12-20,30.79,31.31,30.31,30.49,8345016
2018-12-21,30.42,31.07,29.43,29.47,13082300
2018-12-24,29.37,29.69,28.50,28.51,5092881
2018-12-26,28.62,29.74,28.30,29.74,6323504
2018-12-27,29.33,29.71,28.64,29.71,7024899
2018-12-28,29.85,30.11,29.39,29.61,6511585
2018-12-31,29.65,29.91,29.15,29.65,6441303
2019-01-02,29.30,30.51,29.16,30.50,5258647
2019-01-03,30.32,30.73,29.95,30.01,5696326
2019-01-04,30.42,31.40,30.42,31.21,6381714
2019-01-07,31.33,32.04,31.20,31.72,5436989
2019-01-08,32.10,32.40,31.53,31.94,5591602
2019-01-09,32.04,32.21,31.44,31.97,4273303
2019-01-10,31.70,32.15,31.58,31.88,4882898
2019-01-11,31.50,32.35,31.50,32.18,6557373
2019-01-14,31.98,32.63,31.98,32.37,5315050
2019-01-15,32.25,32.40,31.48,31.71,4664122
2019-01-16,31.64,31.99,31.64,31.67,3516343
2019-01-17,31.49,32.35,31.44,32.26,4240897
2019-01-18,32.37,33.06,32.30,32.73,5493092
2019-01-22,32.55,32.58,32.06,32.55,5963446
2019-01-23,32.62,32.70,31.82,32.04,4237407
2019-01-24,32.01,32.42,31.98,32.27,3096854
2019-01-25,32.62,33.02,32.57,32.71,3050662
2019-01-28,32.41,32.83,32.11,32.69,5234389
2019-01-29,32.61,33.03,32.61,32.82,3791842
2019-01-30,32.94,33.30,32.58,33.09,4546835
2019-01-31,32.99,33.88,32.77,33.77,7861110
2019-02-01,33.72,34.10,32.90,33.25,6911040
2019-02-04,33.09,33.84,33.09,33.82,7245769
2019-02-05,33.79,34.12,33.60,34.04,4083941
2019-02-06,34.03,34.39,33.95,34.12,4357062
2019-02-07,33.95,34.09,33.45,33.89,6616045
2019-02-08,33.72,34.01,33.34,34.00,4308686
2019-02-11,34.12,34.38,33.95,34.07,4073734
2019-02-12,34.26,34.74,34.26,34.61,5415528
2019-02-13,34.75,35.14,34.72,34.83,3771079
2019-02-14,34.58,34.94,34.48,34.65,2654176
2019-02-15,34.86,35.23,34.76,35.10,3407355
2019-02-19,34.88,35.09,34.75,34.91,2793490
2019-02-20,34.95,35.50,34.87,35.43,3477968
2019-02-21,35.25,35.76,35.18,35.59,4415616
2019-02-22,35.70,35.97,35.51,35.77,3499753
2019-02-25,35.98,36.18,35.82,35.83,2694765
2019-02-26,35.63,35.96,35.55,35.58,3482453
2019-02-27,35.37,35.76,35.05,35.51,3183489
2019-02-28,35.51,35.51,35.10,35.27,3821811
2019-03-01,35.44,35.47,35.00,35.29,3764973
2019-03-04,35.43,35.60,34.95,35.31,4143223
2019-03-05,35.37,35.50,35.19,35.23,2888847
2019-03-06,35.23,35.46,35.15,35.16,2422466
2019-03-07,35.43,35.75,34.74,35.67,6603809
2019-03-08,35.22,35.94,35.12,35.88,4679171
2019-03-11,35.86,36.17,35.76,36.14,3167311
2019-03-12,36.14,36.33,36.06,36.09,2531588
2019-03-13,36.26,36.42,36.01,36.27,2544629
2019-03-14,36.14,36.27,35.85,36.01,3182896
2019-03-15,35.91,36.31,35.65,35.83,6558988
2019-03-18,36.50,36.52,36.10,36.42,4595338
2019-03-19,36.62,36.82,36.24,36.37,3721773
2019-03-20,36.38,36.62,35.91,36.38,2839336
2019-03-21,36.29,37.09,36.16,36.96,2747208
2019-03-22,36.81,37.02,36.08,36.13,3345435
2019-03-25,36.20,36.62,36.02,36.16,3017572
2019-03-26,36.32,36.66,36.29,36.56,3029834
2019-03-27,36.65,36.92,36.40,36.47,2596863
2019-03-28,36.66,36.91,36.49,36.90,2304777
2019-03-29,37.15,37.25,36.61,36.94,3615214
2019-04-01,37.24,37.36,36.83,36.92,4711516
2019-04-02,37.02,37.02,36.36,36.50,5215367
2019-04-03,36.67,36.75,35.92,36.01,7136926
2019-04-04,36.00,36.65,35.99,36.14,8130363
2019-04-05,36.12,36.57,36.11,36.19,8554812
2019-04-08,36.20,36.52,36.11,36.40,4817850
2019-04-09,36.20,36.26,35.81,35.87,5013805
2019-04-10,36.02,36.08,35.73,35.82,5081223
2019-04-11,35.85,35.93,35.69,35.81,9273295
2019-04-12,35.90,36.20,35.73,36.08,7691561
2019-04-15,36.11,36.60,35.99,36.60,5244567
2019-04-16,36.70,36.95,36.44,36.86,7312715
2019-04-17,37.00,37.06,36.49,36.59,4150102
2019-04-18,36.71,36.84,36.53,36.75,2119937
2019-04-22,36.59,36.68,36.26,36.65,2071585
2019-04-23,36.62,37.00,36.62,36.96,3226965
2019-04-24,36.91,37.26,36.70,37.10,3069667
2019-04-25,36.94,36.94,36.59,36.65,2898282
2019-04-26,36.82,37.19,36.62,37.19,7242373
2019-04-29,37.20,37.42,37.14,37.32,3037456
2019-04-30,37.40,37.58,37.09,37.50,4803003
2019-05-01,39.03,39.84,38.80,39.29,12988930
2019-05-02,39.25,39.33,38.72,38.98,7163467
2019-05-03,39.15,39.61,39.07,39.58,3700446
2019-05-06,39.19,39.69,38.93,39.59,3644836
2019-05-07,39.35,39.53,38.95,39.25,5142847
2019-05-08,39.17,39.60,39.11,39.38,6987193
2019-05-09,39.15,39.61,39.06,39.59,6882956
2019-05-10,39.33,39.80,39.04,39.68,5353680
2019-05-13,39.07,39.45,38.99,39.10,7744679
2019-05-14,39.21,39.59,39.12,39.25,5727051
2019-05-15,39.20,39.30,39.04,39.05,6203576
2019-05-16,39.07,39.34,38.93,39.18,5678418
2019-05-17,39.00,39.18,38.86,38.95,5040870
2019-05-20,38.86,39.12,38.74,39.09,6675517
2019-05-21,39.18,39.52,39.11,39.49,6483702
2019-05-22,39.29,39.43,39.11,39.21,7390775
2019-05-23,39.05,39.11,38.74,38.76,15821210
2019-05-24,38.84,38.94,38.47,38.51,14041180
2019-05-28,38.61,38.73,38.44,38.46,13800220
2019-05-29,38.35,38.42,37.96,38.25,17837600
2019-05-30,38.41,38.96,38.40,38.93,25331860
2019-05-31,38.54,38.81,38.47,38.52,27662370
2019-06-03,39.41,39.48,38.50,39.00,22706780
2019-06-04,38.91,39.58,38.70,39.55,14166260
2019-06-05,39.83,39.93,39.29,39.46,17685870
2019-06-06,39.45,39.49,39.00,39.45,7369464
2019-06-07,39.47,39.55,39.04,39.11,9041998
2019-06-10,39.08,39.20,38.80,38.81,8651418
2019-06-11,38.90,39.00,38.74,38.87,8044329
2019-06-12,38.99,40.04,38.95,39.53,8776249
2019-06-13,39.82,40.31,39.50,40.27,5996178
2019-06-14,40.08,40.20,39.77,39.95,4964751
2019-06-17,40.05,40.10,39.16,39.17,6890499
2019-06-18,39.46,39.99,39.28,39.66,6630834
2019-06-19,39.58,39.66,38.76,39.06,6177834
2019-06-20,39.31,39.81,39.16,39.70,7667234
2019-06-21,39.46,40.09,39.29,40.09,27707410
2019-06-24,39.99,40.88,39.86,40.44,7712580
2019-06-25,40.60,41.01,40.38,40.58,5953058
2019-06-26,40.55,40.83,40.41,40.62,4252349
2019-06-27,40.62,40.67,40.38,40.53,4981128
2019-06-28,40.61,41.40,40.52,41.31,5236427
2019-07-01,41.68,41.91,41.47,41.89,3762139
2019-07-02,41.89,42.07,41.58,41.64,4368428
2019-07-03,41.68,41.94,41.57,41.83,2952731
2019-07-05,41.30,41.90,41.25,41.87,3023460
2019-07-08,42.00,42.18,41.49,41.69,5176555
2019-07-09,41.66,41.80,41.44,41.65,4571779
2019-07-10,41.68,41.89,41.30,41.33,3636112
2019-07-11,41.41,41.53,41.07,41.33,4286875
2019-07-12,41.26,41.58,41.19,41.54,6417841
2019-07-15,41.54,41.85,41.29,41.82,4184981
2019-07-16,41.82,42.15,41.72,42.06,3424483
2019-07-17,42.08,42.08,41.03,41.06,4453768
2019-07-18,40.93,41.33,40.67,41.17,2873232
2019-07-19,41.39,41.59,41.26,41.32,3216582
2019-07-22,41.00,41.22,40.85,41.00,2729177
2019-07-23,41.24,41.26,40.72,41.06,4628919
2019-07-24,40.91,41.48,40.78,41.40,3074748
2019-07-25,41.44,41.57,41.02,41.12,3159955
2019-07-26,41.09,41.37,40.93,41.20,2874553
2019-07-29,41.23,41.32,40.77,40.91,3405798
2019-07-30,40.74,41.28,40.63,41.27,3695405
2019-07-31,41.45,42.85,41.32,42.44,8660434
2019-08-01,42.17,42.83,41.59,42.01,6032889
2019-08-02,41.82,42.41,41.72,41.93,4376104
2019-08-05,41.42,41.91,40.99,41.40,5493700
2019-08-06,41.24,42.00,41.22,41.87,4536615
2019-08-07,41.46,41.97,41.10,41.88,4222627
2019-08-08,42.03,42.68,42.01,42.60,4707223
2019-08-09,42.48,42.68,41.98,42.31,2972375
2019-08-12,42.17,42.31,41.77,41.85,2335522
2019-08-13,41.76,42.89,41.75,42.87,4876526
2019-08-14,42.30,42.38,41.45,41.51,4527847
2019-08-15,41.65,41.75,41.28,41.54,5091406
2019-08-16,41.85,42.51,41.81,42.33,4848490
2019-08-19,42.76,43.05,42.61,42.64,4262355
2019-08-20,42.60,43.15,42.33,42.37,3793880
2019-08-21,42.77,43.15,42.67,42.90,4361853
2019-08-22,42.99,43.22,41.96,42.13,5080652
2019-08-23,41.92,42.37,41.02,41.29,6418355
2019-08-26,41.47,41.67,41.23,41.59,4297241
2019-08-27,41.91,42.21,41.73,41.99,5574018
2019-08-28,41.78,42.57,41.62,42.54,2928124
2019-08-29,42.98,43.16,42.34,42.62,5835743
2019-08-30,42.90,43.09,42.52,42.69,4049061
2019-09-03,42.42,42.42,41.84,42.01,3772552
2019-09-04,42.41,42.59,42.28,42.40,4946814
2019-09-05,42.76,43.30,42.70,42.85,4681115
2019-09-06,43.03,43.21,42.76,42.82,3731564
2019-09-09,42.93,42.93,42.30,42.89,4636968
2019-09-10,42.98,43.24,42.80,42.97,4191030
2019-09-11,43.08,44.12,43.02,44.12,5124124
2019-09-12,44.32,44.50,43.98,44.30,3703450
2019-09-13,44.31,44.43,43.83,44.04,3659829
2019-09-16,43.85,43.98,43.57,43.71,3173281
2019-09-17,43.63,44.06,43.51,43.86,4003245
2019-09-18,43.90,44.16,43.68,44.11,4369941
2019-09-19,44.13,44.50,43.85,44.03,3211350
2019-09-20,44.31,44.58,43.80,43.91,9950289
2019-09-23,43.72,44.49,43.60,44.24,3299088
2019-09-24,44.35,44.65,43.41,43.46,5447132
2019-09-25,43.44,43.77,43.27,43.70,3723195
2019-09-26,43.80,43.89,43.44,43.59,4250191
2019-09-27,43.75,43.75,43.28,43.67,3566895
2019-09-30,44.01,44.20,43.81,43.89,3981703
2019-10-01,44.11,44.13,42.90,42.95,3900274
2019-10-02,42.66,42.68,41.64,41.86,5815225
2019-10-03,41.77,42.11,41.34,42.03,6258037
2019-10-04,42.24,42.58,42.00,42.44,4432605
2019-10-07,42.12,42.65,41.74,42.24,4632967
2019-10-08,41.84,42.03,41.29,41.31,4970643
2019-10-09,41.70,42.01,41.56,41.60,9310575
2019-10-10,41.62,42.39,41.62,41.79,6056116
2019-10-11,42.26,43.05,42.18,42.72,5352740
2019-10-14,42.61,42.69,42.21,42.24,2636758
2019-10-15,42.38,42.67,42.17,42.20,3270885
2019-10-16,41.83,42.45,41.74,42.00,6468286
2019-10-17,42.19,42.81,42.15,42.58,7747155
2019-10-18,42.48,42.61,41.69,41.85,6123489
2019-10-21,42.07,42.86,41.92,42.39,8440797
2019-10-22,42.35,42.87,42.23,42.69,6131880
2019-10-23,42.58,42.66,41.99,42.37,4983259
2019-10-24,42.58,42.65,42.23,42.30,4233401
2019-10-25,42.35,42.92,42.24,42.56,3821085
2019-10-28,42.72,42.84,42.34,42.67,5384529
2019-10-29,42.47,43.77,42.32,43.36,4769465
2019-10-30,43.29,43.41,42.80,43.21,3598694
2019-10-31,43.10,43.47,43.01,43.33,4611737
2019-11-01,43.68,43.92,43.41,43.82,4608863
2019-11-04,44.23,44.82,44.12,44.46,5980681
2019-11-05,44.35,44.41,43.73,43.89,6389162
2019-11-06,43.83,44.23,43.80,44.23,4880106
2019-11-07,44.28,44.60,42.15,42.29,6062134
2019-11-08,42.18,42.52,41.81,42.52,4933389
2019-11-11,42.21,42.53,42.13,42.24,3582103
2019-11-12,42.43,42.60,42.25,42.56,4000349
2019-11-13,42.36,42.47,41.62,41.85,5798373
2019-11-14,41.72,42.38,41.51,42.30,4268086
2019-11-15,42.63,42.77,42.27,42.39,4104985
2019-11-18,42.42,42.62,42.18,42.53,2953215
2019-11-19,42.69,42.99,42.56,42.91,5009541
2019-11-20,42.83,42.89,42.08,42.41,3449429
2019-11-21,42.12,42.33,42.02,42.23,4205217
2019-11-22,42.29,42.75,42.23,42.70,3278862
2019-11-25,42.80,42.96,42.57,42.62,3916240
2019-11-26,42.70,43.00,42.60,42.95,4521374
2019-11-27,42.99,43.18,42.86,43.11,3420495
2019-11-29,43.21,43.21,42.77,42.83,1855387
2019-12-02,42.79,42.88,42.27,42.27,5634370
2019-12-03,41.84,42.06,41.60,41.79,4390027
2019-12-04,41.89,42.53,41.84,42.13,3924627
2019-12-05,42.27,42.38,41.70,41.75,4461807
2019-12-06,42.12,42.33,41.94,42.09,3964631
2019-12-09,42.04,42.22,41.93,42.00,3726591
2019-12-10,42.09,42.31,41.84,42.09,3808954
2019-12-11,42.17,42.73,42.14,42.70,3511580
2019-12-12,42.05,42.27,41.75,42.01,5562330
2019-12-13,41.64,41.64,40.24,40.44,9083998
2019-12-16,40.72,40.98,40.46,40.60,9359422
2019-12-17,40.58,40.88,40.45,40.68,7422319
2019-12-18,40.75,40.87,40.38,40.60,6431467
2019-12-19,40.47,40.87,40.31,40.76,5532650
2019-12-20,41.20,41.24,40.85,41.22,13167500
2019-12-23,41.24,41.39,41.09,41.21,3240651
2019-12-24,41.11,41.17,40.89,41.12,983726
2019-12-26,41.06,41.21,40.91,41.11,1851602
2019-12-27,41.17,41.31,41.02,41.06,1800316
2019-12-30,41.04,41.13,40.60,40.65,2029221
2019-12-31,40.59,40.80,40.36,40.71,3609608
2020-01-02,40.91,41.41,40.73,41.40,3776569
2020-01-03,40.81,41.02,40.41,40.66,4206720
2020-01-06,41.03,41.43,40.97,41.18,4998123
2020-01-07,41.01,41.18,40.63,40.75,5157908
2020-01-08,40.83,41.55,40.77,41.08,4994329
2020-01-09,41.23,41.59,41.10,41.33,4643857
2020-01-10,41.42,41.51,40.90,40.98,3553830
2020-01-13,41.00,41.32,40.96,41.16,4860284
2020-01-14,41.18,41.23,40.86,40.98,3166317
2020-01-15,40.96,41.23,40.81,40.93,3517601
2020-01-16,40.99,41.16,40.76,41.04,5733915
2020-01-17,40.91,41.36,40.85,40.99,6685809
2020-01-21,40.86,41.25,40.82,41.03,4928599
2020-01-22,41.20,41.45,41.01,41.37,5673820
2020-01-23,41.19,41.77,41.19,41.75,4467342
2020-01-24,41.64,41.70,41.10,41.35,4563318
2020-01-27,40.85,41.09,40.27,40.30,3765542
2020-01-28,40.35,41.03,40.09,40.81,6266946
2020-01-29,41.05,41.24,40.47,40.49,3785186
2020-01-30,40.29,40.78,40.20,40.51,8705585
2020-01-31,41.25,42.34,39.23,39.45,7536793
2020-02-03,39.58,39.99,39.27,39.29,4574490
2020-02-04,39.69,40.05,39.21,39.24,5921220
2020-02-05,39.61,40.02,39.30,39.81,5966888
2020-02-06,39.92,40.10,39.70,39.92,3840790
2020-02-07,39.76,40.03,39.58,39.81,2991634
2020-02-10,39.71,40.64,39.59,40.54,5277219
2020-02-11,40.66,40.97,40.60,40.76,3116899
2020-02-12,40.93,41.85,40.93,41.79,5993993
2020-02-13,41.55,41.56,40.78,41.13,3835676
2020-02-14,41.12,41.96,41.01,41.96,4706345
2020-02-18,41.98,42.36,41.51,41.99,4339440
2020-02-19,42.09,42.44,41.85,41.97,4206059
2020-02-20,41.82,42.41,41.68,42.24,4741166
2020-02-21,42.06,42.65,41.89,42.45,12196470
2020-02-24,41.67,41.84,41.03,41.63,6659828
2020-02-25,41.63,41.69,39.43,39.45,7673504
2020-02-26,39.85,40.40,39.30,39.31,6226452
2020-02-27,38.72,39.42,37.90,37.90,8569123
2020-02-28,36.91,37.34,35.58,36.57,13381410
2020-03-02,36.81,38.12,36.09,38.07,8790712
2020-03-03,37.92,39.47,37.31,37.45,9620037
2020-03-04,38.17,39.48,37.58,39.35,8141198
2020-03-05,38.48,39.40,38.18,38.82,9336452
2020-03-06,37.28,38.48,37.26,38.16,9936187
2020-03-09,35.58,36.90,35.23,35.72,13133820
2020-03-10,36.83,37.60,35.16,37.55,11199870
2020-03-11,36.42,36.77,34.95,35.21,10216530
2020-03-12,32.64,33.23,30.52,30.52,9362966
2020-03-13,32.04,32.81,30.66,32.81,9801030
2020-03-16,28.75,32.85,28.58,30.60,9864588
2020-03-17,31.29,31.90,28.72,29.53,9708525
2020-03-18,27.67,28.13,23.96,26.32,7365408
2020-03-19,25.94,26.63,24.12,26.08,7761651
2020-03-20,26.69,26.69,24.11,24.91,12206770
2020-03-23,24.44,24.55,22.77,23.50,10135370
2020-03-24,24.64,25.64,24.30,25.36,12893630
2020-03-25,25.56,27.37,24.78,26.13,13131720
2020-03-26,26.41,27.55,25.82,27.00,11994170
2020-03-27,26.13,26.66,25.23,25.94,7731287
2020-03-30,25.94,26.69,24.66,26.49,8695865
2020-03-31,26.20,27.47,25.98,26.96,8473268
2020-04-01,25.79,26.22,24.77,25.16,7616649
2020-04-02,25.18,26.67,25.15,26.05,8349717
2020-04-03,25.98,26.30,25.00,25.47,6786911
2020-04-06,26.73,27.96,26.63,27.41,8618076
2020-04-07,28.60,29.53,28.10,28.27,5960015
2020-04-08,28.52,29.73,28.30,29.31,4418259
2020-04-09,29.63,31.34,29.61,30.60,8105494
2020-04-13,30.35,30.53,29.00,29.36,4041288
2020-04-14,30.00,31.10,29.79,30.80,6660869
2020-04-15,29.79,29.81,28.94,29.10,4256170
2020-04-16,29.03,29.17,28.10,28.50,5279832
2020-04-17,29.22,30.08,29.10,29.54,4144376
2020-04-20,28.79,29.07,28.19,28.47,4635992
2020-04-21,27.71,28.23,27.49,27.59,4027878
2020-04-22,28.30,28.47,27.40,27.75,5615274
2020-04-23,28.10,28.29,27.67,27.85,4893944
2020-04-24,27.97,28.02,27.29,27.91,7403574
2020-04-27,28.16,29.31,28.15,29.05,4649429
2020-04-28,29.66,30.39,29.54,29.73,6102686
2020-04-29,30.70,31.25,30.32,30.63,5273860
2020-04-30,30.15,30.15,29.02,29.11,5628763
2020-05-01,28.67,29.16,27.46,27.86,4747852
2020-05-04,27.63,28.63,26.92,28.53,5083836
2020-05-05,28.80,29.21,28.41,28.65,5869502
2020-05-06,28.89,28.96,28.30,28.31,4784648
2020-05-07,28.54,28.94,28.36,28.52,5134060
2020-05-08,28.99,29.89,28.96,29.80,4212686
2020-05-11,29.43,29.43,28.40,28.56,4188459
2020-05-12,28.68,28.85,27.85,27.91,5765494
2020-05-13,27.71,27.89,26.78,27.22,6449496
2020-05-14,27.26,28.80,26.23,28.59,5778532
2020-05-15,28.37,28.92,28.03,28.46,8629325
2020-05-18,29.58,30.08,29.28,29.53,5082234
2020-05-19,29.58,29.74,28.99,29.00,4633602
2020-05-20,29.19,29.31,28.58,28.74,6842452
2020-05-21,28.61,29.54,28.61,29.41,6588825
2020-05-22,29.41,29.56,29.08,29.53,3649530
2020-05-26,30.49,31.48,30.42,31.07,4874815
2020-05-27,32.00,32.53,31.47,31.87,6167644
2020-05-28,32.20,32.30,31.36,31.53,4835016
2020-05-29,31.15,31.77,31.03,31.41,6992661
2020-06-01,31.45,31.85,31.17,31.77,3187357
2020-06-02,32.00,32.38,32.00,32.35,4552855
2020-06-03,32.74,33.72,32.56,33.57,3562031
2020-06-04,33.34,34.48,33.29,34.41,5905089
2020-06-05,35.72,36.45,35.56,36.05,5939953
2020-06-08,36.18,37.07,36.18,36.81,4902687
2020-06-09,36.08,36.27,35.49,35.74,4352363
2020-06-10,35.50,35.50,34.39,34.43,6768751
2020-06-11,33.02,33.77,32.81,33.62,12949490
2020-06-12,34.86,35.06,33.67,34.45,12188230
2020-06-15,33.39,35.50,33.23,35.35,7034044
2020-06-16,36.60,36.90,35.18,35.43,6416315
2020-06-17,35.36,35.62,34.95,35.25,4378095
2020-06-18,35.01,35.52,34.55,34.71,3901947
2020-06-19,35.11,35.15,33.77,34.32,11215800
2020-06-22,34.67,35.12,34.42,34.93,4876517
2020-06-23,35.45,35.45,34.55,34.79,4659946
2020-06-24,34.45,34.61,33.21,33.29,5388286
2020-06-25,33.18,33.49,32.70,33.46,3908536
2020-06-26,33.25,33.45,32.80,33.36,13590490
2020-06-29,33.44,33.92,33.12,33.82,5076465
2020-06-30,33.64,34.31,33.56,34.14,4211094
2020-07-01,34.24,34.58,33.83,33.89,4954423
2020-07-02,34.43,35.02,34.25,34.34,3585641
2020-07-06,34.88,35.07,34.54,34.73,3220050
2020-07-07,34.42,34.62,34.16,34.25,4770974
2020-07-08,34.27,34.53,33.93,34.15,3901321
2020-07-09,34.08,34.28,33.33,33.38,5543307
2020-07-10,33.46,33.88,33.31,33.87,5140045
2020-07-13,34.11,34.56,33.93,34.00,5851457
2020-07-14,34.00,34.98,33.55,34.97,6221831
2020-07-15,35.73,36.72,35.64,36.44,8046158
2020-07-16,36.40,37.57,36.07,37.17,7025052
2020-07-17,37.23,37.72,36.95,37.67,6278873
2020-07-20,37.44,37.85,36.79,36.80,4176003
2020-07-21,36.80,37.11,36.55,36.71,4355046
2020-07-22,36.47,37.16,36.41,37.05,3335597
2020-07-23,37.07,37.63,36.98,37.35,4929233
2020-07-24,37.34,37.43,36.70,36.80,3674150
2020-07-27,36.72,37.21,36.50,37.07,3199077
2020-07-28,36.92,37.15,36.53,36.58,3124616
2020-07-29,36.64,38.28,36.56,37.99,6896470
2020-07-30,37.33,37.49,36.84,37.24,4262777
2020-07-31,39.12,39.95,38.11,38.48,8528746
2020-08-03,38.58,39.15,38.31,38.92,8042850
2020-08-04,38.59,38.78,37.82,38.36,5214019
2020-08-05,38.30,38.63,38.08,38.34,4306432
2020-08-06,38.14,38.61,38.14,38.39,2762142
2020-08-07,38.41,39.16,38.34,39.05,3218709
2020-08-10,39.33,40.20,39.08,40.10,5176018
2020-08-11,41.30,42.13,40.72,40.79,8454545
2020-08-12,41.09,41.41,40.81,41.06,4809301
2020-08-13,40.75,41.05,40.35,40.65,4043283
2020-08-14,40.38,41.03,40.26,40.86,3105351
2020-08-17,40.77,40.94,40.58,40.73,3545194
2020-08-18,40.65,40.93,40.24,40.33,4218307
2020-08-19,40.22,40.66,40.13,40.23,3395100
2020-08-20,39.96,40.62,39.80,40.11,4732816
2020-08-21,40.23,40.64,39.95,40.59,7170616
2020-08-24,40.80,41.24,40.74,40.99,4331795
2020-08-25,41.25,41.37,40.79,41.20,3753007
2020-08-26,41.14,41.49,40.90,41.07,4702211
2020-08-27,41.24,41.47,40.77,40.90,3357164
2020-08-28,41.00,41.33,40.75,41.30,3702119
2020-08-31,41.29,41.41,40.71,40.73,4453138
2020-09-01,40.52,41.34,40.37,41.18,3580853
2020-09-02,41.25,42.33,41.11,42.18,4217514
2020-09-03,42.20,42.34,40.34,40.54,4930932
2020-09-04,41.10,41.58,40.70,41.31,8616388
2020-09-08,41.05,41.34,40.45,40.74,5846143
2020-09-09,40.78,41.62,40.75,41.21,4436669
2020-09-10,41.37,41.65,41.01,41.13,5009517
2020-09-11,41.45,42.31,41.30,41.67,4951344
2020-09-14,41.95,42.81,41.91,42.51,4234042
2020-09-15,42.52,42.87,42.23,42.29,4711658
2020-09-16,42.70,43.13,42.24,42.90,5812729
2020-09-17,42.48,43.15,42.07,42.97,4498389
2020-09-18,42.76,43.20,42.41,42.78,5590469
2020-09-21,41.94,42.03,40.47,40.91,4655214
2020-09-22,40.80,41.48,40.79,41.33,3451520
2020-09-23,41.32,41.69,40.30,40.35,3748011
2020-09-24,40.34,41.30,39.80,40.93,4299594
2020-09-25,40.38,40.78,40.19,40.49,4389258
2020-09-28,41.08,41.95,41.05,41.44,4504817
2020-09-29,41.41,41.46,40.73,40.96,5081047
2020-09-30,41.16,41.55,40.60,40.85,4860963
2020-10-01,41.24,41.39,40.48,40.68,5196799
2020-10-02,40.15,42.11,40.15,41.59,6407738
2020-10-05,41.95,42.57,41.91,42.15,3819446
2020-10-06,42.35,42.61,41.56,41.65,4009596
2020-10-07,42.25,42.88,42.24,42.50,3466070
2020-10-08,42.75,43.27,42.68,43.21,4622869
2020-10-09,43.44,43.64,42.92,42.97,4381690
2020-10-12,43.00,43.66,42.93,43.26,3561834
2020-10-13,42.97,43.29,42.38,42.44,3227007
2020-10-14,42.51,42.82,42.35,42.51,2945085
2020-10-15,42.17,42.76,42.00,42.62,3200360
2020-10-16,42.73,43.28,42.43,43.02,3993227
2020-10-19,43.06,43.39,42.29,42.42,3911462
2020-10-20,42.84,43.70,42.62,43.10,3348958
2020-10-21,43.45,43.97,43.15,43.72,4760920
2020-10-22,43.77,44.51,43.77,44.48,5164507
2020-10-23,44.57,44.76,43.96,44.40,3599717
2020-10-26,43.72,43.81,42.52,42.96,3632473
2020-10-27,42.91,43.09,42.07,42.18,2835234
2020-10-28,41.52,42.44,41.09,41.14,4711056
2020-10-29,41.19,42.48,40.92,42.31,3909138
2020-10-30,42.33,42.86,41.37,42.21,4632595
2020-11-02,42.94,44.09,42.88,43.94,5877413
2020-11-03,44.05,45.08,43.40,44.22,6147465
2020-11-04,44.00,44.06,41.69,41.80,10159020
2020-11-05,42.48,43.90,42.00,43.48,7535027
2020-11-06,43.38,43.89,43.25,43.74,5828157
2020-11-09,45.92,47.58,44.40,44.42,7864109
2020-11-10,44.74,45.31,44.23,44.42,7835620
2020-11-11,44.80,44.97,43.92,44.00,8088472
2020-11-12,43.84,44.03,43.45,43.82,5238724
2020-11-13,44.19,45.00,44.19,44.65,6850638
2020-11-16,45.32,45.50,44.74,45.36,9024030
2020-11-17,44.99,45.37,44.11,44.71,14183360
2020-11-18,44.92,46.30,44.84,45.96,6541349
2020-11-19,45.79,45.90,45.12,45.71,4791960
2020-11-20,45.52,45.76,45.03,45.29,3366729
2020-11-23,45.59,46.06,45.46,45.65,3645373
2020-11-24,46.27,47.01,45.89,46.66,3314455
2020-11-25,46.31,46.55,45.81,46.41,2808324
2020-11-27,46.38,46.67,45.89,45.97,1810829
2020-11-30,45.94,46.55,45.83,46.04,7699559
2020-12-01,46.76,47.30,46.23,46.27,4760628
2020-12-02,46.16,46.68,45.61,45.89,4471263
2020-12-03,45.97,46.19,45.45,45.73,5228312
2020-12-04,45.97,46.32,45.59,45.89,5273216
2020-12-07,45.85,45.85,45.15,45.25,3575659
2020-12-08,45.10,45.57,45.08,45.26,4645236
2020-12-09,45.71,45.99,45.33,45.79,6058907
2020-12-10,45.40,45.89,45.04,45.69,3417612
2020-12-11,45.43,45.70,45.25,45.55,4008348
2020-12-14,45.68,46.11,45.02,45.10,4690656
2020-12-15,45.17,46.04,44.91,46.04,4695581
2020-12-16,46.08,46.25,45.41,45.77,4755348
2020-12-17,46.08,46.56,45.83,46.45,3906260
2020-12-18,46.45,46.73,45.91,46.24,11405970
2020-12-21,45.50,46.22,45.35,45.95,4485214
2020-12-22,46.12,46.22,45.56,45.64,3298437
2020-12-23,45.71,46.17,45.49,45.92,4227426
2020-12-24,46.20,46.20,45.67,45.93,842541
2020-12-28,46.18,46.69,46.03,46.11,2504707
2020-12-29,46.38,46.51,45.55,45.90,2436700
2020-12-30,46.05,46.80,45.95,46.42,2281232
2020-12-31,46.32,46.65,45.99,46.59,1934242
2021-01-04,46.61,47.23,45.91,46.18,5389256
2021-01-05,46.02,47.55,46.02,47.52,5563962
2021-01-06,48.00,50.26,47.84,49.75,10215240
2021-01-07,50.36,51.38,49.49,51.18,5068763
2021-01-08,51.40,51.57,50.56,51.30,5098636
2021-01-11,49.05,51.28,49.00,50.99,3905989
2021-01-12,51.22,51.96,50.39,51.84,3982207
2021-01-13,51.99,52.32,51.44,52.01,5697050
2021-01-14,52.15,52.91,52.02,52.45,3010570
2021-01-15,52.09,52.15,51.06,51.81,3855581
2021-01-19,52.37,52.83,51.61,51.63,3135940
2021-01-20,51.82,52.41,51.45,52.39,5056877
2021-01-21,52.06,52.35,51.63,52.16,3968854
2021-01-22,51.83,52.70,51.59,52.35,5810934
2021-01-25,51.94,52.18,51.15,51.46,4047301
2021-01-26,51.53,51.92,50.29,50.36,3667550
2021-01-27,49.92,49.92,48.11,48.40,4766029
2021-01-28,49.13,50.00,48.55,49.34,4501621
2021-01-29,49.01,50.11,48.22,49.82,6002068
2021-02-01,50.24,51.53,50.22,50.91,5785559
2021-02-02,51.22,51.63,50.71,50.71,3190015
2021-02-03,50.55,50.84,50.06,50.62,4290087
2021-02-04,50.62,51.51,50.62,51.20,3335168
2021-02-05,51.41,51.62,50.82,51.05,3890447
2021-02-08,51.11,51.76,50.98,51.71,2740684
2021-02-09,51.38,52.02,51.29,51.60,3657636
2021-02-10,51.89,52.27,51.36,52.04,3303317
2021-02-11,52.18,52.93,51.59,52.89,4821406
2021-02-12,52.60,53.66,52.41,53.58,5962862
2021-02-16,53.82,54.06,52.99,53.00,4050630
2021-02-17,52.78,55.33,52.66,55.20,5815545
2021-02-18,55.30,55.92,54.81,55.67,4851058
2021-02-19,56.17,56.83,55.88,56.02,4800340
2021-02-22,56.00,56.70,55.41,56.32,5938235
2021-02-23,56.48,56.48,55.32,55.98,3752821
2021-02-24,56.00,56.56,55.46,56.10,3965118
2021-02-25,56.15,56.60,55.33,55.60,3617296
2021-02-26,55.65,56.44,55.14,55.79,6865014
2021-03-01,56.36,57.58,56.36,57.18,3275338
2021-03-02,57.34,57.56,56.43,57.45,4509767
2021-03-03,57.49,58.30,57.20,57.95,5193676
2021-03-04,57.63,58.21,55.83,57.27,5967578
2021-03-05,57.80,59.31,56.97,59.20,5304330
2021-03-08,59.38,60.94,59.01,60.22,5113242
2021-03-09,60.08,60.30,59.21,59.22,3698117
2021-03-10,59.25,60.55,58.96,60.23,3991874
2021-03-11,60.46,61.41,60.20,61.09,6168434
2021-03-12,61.08,61.91,60.84,61.81,5318321
2021-03-15,61.52,62.40,60.72,62.29,3680350
2021-03-16,62.07,62.27,60.05,60.57,5524168
2021-03-17,60.74,60.85,59.90,60.52,5740570
2021-03-18,60.53,62.15,60.53,61.52,4627745
2021-03-19,60.96,61.07,59.42,60.00,8218308
2021-03-22,59.80,60.47,59.41,59.96,6027098
2021-03-23,59.39,59.93,58.20,58.44,4325749
2021-03-24,59.22,59.52,58.47,58.59,4981737
2021-03-25,58.62,59.69,58.15,59.38,5505816
2021-03-26,60.00,60.13,59.39,59.99,5218964
2021-03-29,60.84,61.10,59.89,60.47,5501335
2021-03-30,60.25,60.85,60.12,60.73,2535483
2021-03-31,60.56,60.86,59.63,59.67,5172376
2021-04-01,59.95,60.07,59.53,59.90,3049021
2021-04-05,60.49,61.36,60.33,60.89,2726179
2021-04-06,60.95,61.37,60.75,60.97,2619875
2021-04-07,60.75,61.01,60.05,60.15,3222187
2021-04-08,60.08,60.52,59.53,60.45,3416008
2021-04-09,61.11,61.91,60.48,61.76,4073573
2021-04-12,61.75,62.07,61.58,62.03,2795626
2021-04-13,62.03,62.11,61.05,61.46,2709803
2021-04-14,61.33,61.89,61.27,61.39,2313145
2021-04-15,61.70,62.16,61.24,62.14,2336271
2021-04-16,62.58,62.85,62.11,62.49,3349340
2021-04-19,62.34,62.63,62.03,62.32,2374936
2021-04-20,62.25,62.29,60.86,61.20,4210957
2021-04-21,61.23,61.96,60.97,61.88,3315573
2021-04-22,62.40,63.52,62.11,62.29,4083630
2021-04-23,62.28,63.25,62.10,62.90,2117644
2021-04-26,63.22,63.80,62.52,62.81,3710174
2021-04-27,62.87,63.70,62.65,63.40,4280356
2021-04-28,63.44,64.08,62.97,63.10,4816553
2021-04-29,63.19,63.49,62.49,63.28,4454538
2021-04-30,61.05,62.54,60.11,62.34,8711898
2021-05-03,62.97,64.09,62.36,63.89,4850334
2021-05-04,63.60,64.31,63.33,63.64,6186657
2021-05-05,63.84,64.69,63.16,64.47,2637759
2021-05-06,64.78,65.18,64.55,64.87,5257574
2021-05-07,64.43,65.97,63.87,65.70,5670741
2021-05-10,65.90,66.69,65.78,65.83,5264131
2021-05-11,65.31,65.33,63.50,64.13,9007194
2021-05-12,63.56,64.41,62.85,63.07,4991547
2021-05-13,63.13,64.78,62.90,64.31,3902578
2021-05-14,64.71,65.80,64.40,65.55,4274227
2021-05-17,65.23,66.22,65.06,65.91,3182035
2021-05-18,65.97,66.19,63.77,63.83,5348276
2021-05-19,63.12,63.51,62.34,63.25,5457130
2021-05-20,63.65,64.38,63.24,64.23,5448773
2021-05-21,64.58,65.25,64.30,64.50,3223275
2021-05-24,64.88,65.06,64.50,64.74,2743109
2021-05-25,64.87,65.67,64.65,64.94,5131335
2021-05-26,65.70,66.24,65.40,65.94,5103754
2021-05-27,66.18,66.39,65.67,66.22,9009016
2021-05-28,66.44,66.70,65.89,66.54,2773618
2021-06-01,68.33,68.33,66.88,67.03,3464793
2021-06-02,66.94,67.16,66.17,66.39,3253800
2021-06-03,66.22,66.71,65.61,66.60,2465911
2021-06-04,66.88,67.00,66.30,66.73,3268994
2021-06-07,67.08,67.28,65.94,66.20,2439285
2021-06-08,68.00,68.00,66.54,67.24,4416976
2021-06-09,66.91,67.30,66.58,66.86,3960315
2021-06-10,67.37,67.49,66.74,66.98,3915916
2021-06-11,67.00,67.27,66.44,67.04,3452231
2021-06-14,66.74,67.15,65.61,66.16,3142707
2021-06-15,66.38,67.36,65.95,67.31,3925116
2021-06-16,67.12,67.47,66.50,67.26,4586727
2021-06-17,67.22,67.36,64.96,65.93,5628512
2021-06-18,65.23,65.39,64.37,64.44,7274531
2021-06-21,65.03,66.50,64.87,66.33,3844180
2021-06-22,66.38,67.11,65.88,66.72,3037029
2021-06-23,66.95,67.02,66.25,66.44,2294297
2021-06-24,66.86,67.01,66.27,66.58,2819421
2021-06-25,66.87,67.48,66.75,67.09,11399730
2021-06-28,67.32,67.72,66.73,67.56,3756203
2021-06-29,67.96,68.56,67.85,68.37,5068975
2021-06-30,68.19,68.95,68.06,68.63,4800306
2021-07-01,69.02,69.21,68.44,69.01,2842025
2021-07-02,68.94,69.22,68.75,69.18,1979449
2021-07-06,69.30,69.35,67.57,68.35,3136890
2021-07-07,68.31,69.70,68.06,69.53,5716396
2021-07-08,68.00,69.22,68.00,68.91,5123788
2021-07-09,69.68,70.45,69.49,70.06,4171756
2021-07-12,69.58,70.81,69.33,70.69,2728416
2021-07-13,70.65,70.69,69.44,69.62,3523216
2021-07-14,69.84,70.45,69.71,69.85,4298138
2021-07-15,69.49,70.18,69.31,70.12,4558842
2021-07-16,70.34,70.51,69.47,69.73,4840943
2021-07-19,68.57,68.74,67.39,68.03,4949312
2021-07-20,67.99,69.95,67.99,69.74,3448882
2021-07-21,70.12,70.71,69.89,70.56,3714985
2021-07-22,70.88,70.88,69.79,70.16,3716844
2021-07-23,70.44,71.15,70.35,70.92,2605650
2021-07-26,70.85,71.08,70.12,70.64,3098757
2021-07-27,70.15,71.10,69.92,70.77,2817634
2021-07-28,70.69,70.76,69.75,70.29,3952556
2021-07-29,70.94,71.78,70.51,71.60,3378019
2021-07-30,69.99,71.61,69.25,71.42,3910873
2021-08-02,71.70,72.36,70.66,70.70,2436936
2021-08-03,70.98,72.36,70.59,72.29,3574231
2021-08-04,71.99,72.48,71.35,71.36,3964381
2021-08-05,71.76,72.18,71.28,71.89,3350616
2021-08-06,72.24,72.66,71.91,72.07,1952963
2021-08-09,71.74,72.00,71.27,71.73,2754924
2021-08-10,71.83,72.65,71.65,72.34,2074578
2021-08-11,72.55,73.00,72.24,72.99,2135178
2021-08-12,73.00,73.22,72.50,73.00,1704573
2021-08-13,73.00,73.15,72.62,72.82,1734445
2021-08-16,72.76,73.68,72.36,73.51,2134178
2021-08-17,72.94,73.07,71.97,73.00,2454446
2021-08-18,72.69,73.41,72.39,72.44,2645675
2021-08-19,71.69,73.45,71.63,73.03,3795559
2021-08-20,73.15,73.56,72.78,73.40,2371961
2021-08-23,73.75,74.33,73.34,74.17,3129761
2021-08-24,74.04,74.93,74.04,74.62,1874356
2021-08-25,74.82,75.68,74.69,75.13,2004921
2021-08-26,75.02,75.28,74.61,74.77,1916247
2021-08-27,75.18,75.64,74.59,74.73,2778979
2021-08-30,74.94,75.37,74.68,74.97,4681031
2021-08-31,74.77,75.30,74.43,74.80,4563347
2021-09-01,74.78,74.95,74.04,74.32,2925790
2021-09-02,74.69,75.12,74.52,75.11,2813997
2021-09-03,75.02,75.37,74.47,75.02,3329317
2021-09-07,74.62,74.96,72.84,73.35,4077745
2021-09-08,73.12,75.56,72.99,74.70,7783139
2021-09-09,75.06,76.83,75.00,75.63,5018455
2021-09-10,76.37,76.51,75.02,75.07,4193447
2021-09-13,75.68,76.08,74.13,74.74,3851376
2021-09-14,75.04,75.43,74.29,74.37,3666420
2021-09-15,74.33,76.03,74.25,75.77,3507391
2021-09-16,75.77,76.17,75.24,75.31,3559239
2021-09-17,74.70,75.54,74.40,74.59,6721003
2021-09-20,73.28,73.41,71.75,72.73,5632737
2021-09-21,73.38,73.52,71.99,72.25,4125828
2021-09-22,72.65,73.43,72.64,72.82,4666290
2021-09-23,73.20,74.64,73.20,74.08,4888619
2021-09-24,73.43,73.89,73.19,73.57,3372586
2021-09-27,73.44,73.72,71.86,71.92,4940053
2021-09-28,71.22,71.43,69.66,70.44,9213346
2021-09-29,70.75,71.38,70.28,70.49,4293665
2021-09-30,70.88,71.20,68.06,68.08,6255482
2021-10-01,68.34,69.33,67.80,69.02,4209589
2021-10-04,68.50,69.26,67.94,68.59,3834135
2021-10-05,69.01,70.05,68.52,69.27,2671576
2021-10-06,68.61,69.59,68.43,69.48,3360875
2021-10-07,70.07,71.09,70.06,70.29,2681060
2021-10-08,70.57,70.62,68.97,69.01,2717973
2021-10-11,68.74,69.64,68.72,68.79,2283633
2021-10-12,69.03,69.32,67.96,68.16,3479823
2021-10-13,68.57,69.30,68.11,68.95,3880129
2021-10-14,69.43,71.28,69.40,71.25,3038603
2021-10-15,71.89,72.36,71.26,71.30,3299330
2021-10-18,70.71,72.16,70.62,72.10,2996516
2021-10-19,72.42,73.07,72.22,72.48,3337805
2021-10-20,72.66,73.56,72.32,73.12,2327752
2021-10-21,72.91,73.98,72.60,73.93,2084028
2021-10-22,74.25,74.67,73.78,73.87,2635159
2021-10-25,73.88,74.45,72.93,73.95,3452574
2021-10-26,74.27,74.27,73.04,73.07,2313090
2021-10-27,73.08,73.62,71.70,71.73,3366040
2021-10-28,72.27,73.54,72.14,73.43,3898808
2021-10-29,72.97,73.82,72.91,73.37,3216032
2021-11-01,73.30,74.06,72.93,73.58,3430956
2021-11-02,73.89,74.73,73.64,74.23,3597608
2021-11-03,73.83,73.83,71.91,72.46,3336184
2021-11-04,72.69,73.83,72.53,73.80,3280066
2021-11-05,74.38,74.81,73.04,74.63,4185520
2021-11-08,75.57,75.89,74.22,74.47,3055007
2021-11-09,74.51,76.53,74.51,76.41,3781110
2021-11-10,75.90,76.79,75.18,76.15,2487056
2021-11-11,76.19,76.44,75.81,76.18,1689061
2021-11-12,76.69,78.28,76.37,78.20,2629536
2021-11-15,77.84,79.12,77.84,78.33,4272656
2021-11-16,78.31,80.02,78.31,79.69,3468293
2021-11-17,79.73,80.04,78.95,79.59,3713297
2021-11-18,79.95,80.42,79.34,80.34,3970157
2021-11-19,80.28,81.15,80.06,80.85,3192645
2021-11-22,81.11,81.14,79.57,79.65,4999671
2021-11-23,79.37,80.06,78.55,79.20,2889904
2021-11-24,78.64,79.40,78.41,78.89,2158322
2021-11-26,77.62,78.25,76.95,77.42,1885159
2021-11-29,78.24,78.80,77.78,78.36,2855710
2021-11-30,77.89,77.89,74.57,74.76,7478666
2021-12-01,76.39,77.93,74.93,74.97,3693823
2021-12-02,75.47,77.11,75.47,76.66,3390901
2021-12-03,77.10,78.15,76.59,77.95,4115509
2021-12-06,78.87,79.05,78.19,78.19,3186548
2021-12-07,79.20,79.98,78.40,79.15,2483279
2021-12-08,79.32,79.86,78.92,79.54,2506570
2021-12-09,79.35,79.97,78.91,78.98,2389459
2021-12-10,79.14,79.48,78.63,79.32,2350369
2021-12-13,79.47,79.72,78.50,78.90,2781724
2021-12-14,78.44,79.28,77.08,77.78,2807409
2021-12-15,77.91,78.77,76.90,78.64,3444659
2021-12-16,79.11,79.85,78.63,79.10,2731414
2021-12-17,78.86,78.96,76.81,77.05,6034895
2021-12-20,76.19,76.39,74.36,75.94,3261720
2021-12-21,76.60,77.43,75.96,77.17,2332999
2021-12-22,77.16,77.85,77.02,77.67,3738538
2021-12-23,78.05,78.78,78.01,78.11,1772350
2021-12-27,78.67,79.76,78.30,79.74,1406263
2021-12-28,79.74,80.61,79.74,80.39,1778064
2021-12-29,80.52,81.05,80.49,80.99,2728807
2021-12-30,81.22,81.69,80.88,81.00,1558732
2021-12-31,81.08,81.77,80.93,81.31,2005687
2022-01-03,81.18,81.45,78.72,79.35,3598881
2022-01-04,79.95,81.44,79.64,80.34,2941606
2022-01-05,80.35,80.86,78.95,79.03,2944101
2022-01-06,79.35,81.00,79.06,80.38,2925206
2022-01-07,80.25,80.50,79.24,79.27,2759881
2022-01-10,78.26,78.82,76.36,78.41,2832411
2022-01-11,78.66,79.63,77.61,79.56,2518680
2022-01-12,80.42,81.00,79.63,80.03,2467950
2022-01-13,79.77,80.46,78.14,78.43,2653348
2022-01-14,77.38,77.82,75.73,76.56,3376416
2022-01-18,75.97,75.97,74.05,74.74,4331562
2022-01-19,74.99,75.67,73.57,73.71,3209318
2022-01-20,74.28,75.00,72.57,72.70,3914832
2022-01-21,72.77,73.87,72.09,72.72,4563836
2022-01-24,71.18,74.11,70.53,73.79,5566585
2022-01-25,72.70,73.46,70.75,72.99,5432795
2022-01-26,73.65,75.20,71.87,72.50,5387377
2022-01-27,73.12,73.79,71.25,71.55,4010392
2022-01-28,71.37,72.22,70.45,72.16,3851773
2022-01-31,72.03,72.72,71.52,72.67,4917510
2022-02-01,73.19,73.23,71.04,72.31,5607840
2022-02-02,72.73,74.70,71.05,72.32,6147829
2022-02-03,70.81,71.21,68.59,68.88,6618470
2022-02-04,68.11,68.97,66.18,67.47,6969779
2022-02-07,67.64,67.90,66.47,66.68,5065612
2022-02-08,66.80,68.07,66.23,67.46,5279933
2022-02-09,68.69,70.21,68.46,69.39,5720626
2022-02-10,68.03,69.77,67.80,68.34,4501376
2022-02-11,68.53,68.66,66.13,66.45,3389270
2022-02-14,66.40,66.97,65.78,66.50,6010024
2022-02-15,67.56,68.27,67.16,67.70,3947803
2022-02-16,67.32,67.91,67.06,67.49,2673164
2022-02-17,66.99,67.33,65.73,65.82,4139447
2022-02-18,65.91,66.23,65.17,65.37,4152801
2022-02-22,65.20,65.84,64.68,65.22,4147049
2022-02-23,65.59,65.61,63.50,63.83,3499570
2022-02-24,62.53,64.02,61.79,63.81,5678033
2022-02-25,63.99,65.62,63.67,65.43,4969287
2022-02-28,64.56,65.49,64.17,64.96,6055238
2022-03-01,64.96,65.14,62.14,62.58,5001088
2022-03-02,63.35,64.88,62.96,64.53,4179707
2022-03-03,64.96,65.20,63.61,64.64,4200939
2022-03-04,63.63,63.94,62.25,62.92,5740040
2022-03-07,63.24,63.24,60.25,60.31,4825950
2022-03-08,60.54,61.82,59.82,60.17,4011922
2022-03-09,61.81,63.55,61.69,62.81,3317588
2022-03-10,61.65,62.35,61.05,61.46,3137545
2022-03-11,62.15,62.70,60.43,60.48,4916502
2022-03-14,61.03,61.60,60.11,60.57,4693029
2022-03-15,60.99,61.63,60.35,61.49,5501879
2022-03-16,62.37,64.71,62.32,64.62,5607001
2022-03-17,64.11,65.02,63.42,64.87,4449089
2022-03-18,64.49,65.66,63.81,65.61,5929162
2022-03-21,65.32,66.73,65.15,65.89,4040735
2022-03-22,65.91,66.42,65.35,65.64,5332498
2022-03-23,65.01,65.67,64.39,64.76,5473807
2022-03-24,65.76,65.93,64.78,65.58,4073548
2022-03-25,65.79,66.28,65.40,66.24,2858038
2022-03-28,66.05,66.13,65.37,65.99,2790315
2022-03-29,67.29,67.99,66.56,67.12,4461913
2022-03-30,66.95,67.53,66.56,67.00,3160033
2022-03-31,66.67,67.33,65.56,65.57,4848945
2022-04-01,66.24,66.56,65.40,66.49,2879475
2022-04-04,66.02,66.84,65.45,66.64,3913824
2022-04-05,66.09,66.98,66.00,66.20,4142170
2022-04-06,65.29,65.97,64.75,65.86,4638897
2022-04-07,65.06,65.84,64.63,65.51,3987717
2022-04-08,65.63,65.66,64.29,64.50,3321552
2022-04-11,64.19,64.57,63.13,63.34,4421864
2022-04-12,63.59,64.64,61.55,62.15,5153305
2022-04-13,62.26,62.85,62.12,62.67,2692250
2022-04-14,62.86,63.12,61.39,61.53,3877099
2022-04-18,61.56,62.44,61.45,61.86,2442298
2022-04-19,62.23,63.64,62.19,63.53,2966289
2022-04-20,64.25,65.64,64.24,65.10,3111672
2022-04-21,65.91,66.61,64.83,65.14,3711326
2022-04-22,64.69,64.84,62.83,62.93,3774356
2022-04-25,62.40,62.73,61.22,62.71,3971065
2022-04-26,62.08,62.62,60.37,60.38,3334198
2022-04-27,60.32,61.62,60.05,60.84,7091330
2022-04-28,61.08,61.95,59.55,61.50,5113430
2022-04-29,61.29,61.64,59.82,59.87,6824140
2022-05-02,60.23,61.67,59.89,61.55,6106057
2022-05-03,61.49,62.33,61.32,61.91,4808259
2022-05-04,54.06,56.69,51.80,56.52,17195300
2022-05-05,55.87,55.87,53.68,54.18,9968713
2022-05-06,53.78,53.84,52.50,53.26,7430118
2022-05-09,52.57,52.79,51.02,51.77,6496298
2022-05-10,52.48,52.83,50.14,51.20,6075597
2022-05-11,51.05,53.15,50.81,51.03,8965478
2022-05-12,50.59,51.71,49.42,51.01,5754279
2022-05-13,51.58,52.67,51.28,52.21,3768841
2022-05-16,51.86,52.27,50.88,51.81,4005824
2022-05-17,52.73,52.96,51.65,52.37,3967041
2022-05-18,51.32,52.29,50.95,51.42,5227382
2022-05-19,51.15,52.56,50.95,51.89,5806704
2022-05-20,52.17,52.41,49.73,51.11,4162760
2022-05-23,51.75,51.95,50.59,51.73,3806159
2022-05-24,51.48,51.61,49.70,50.95,3833180
2022-05-25,50.66,51.98,50.48,51.77,4190830
2022-05-26,52.27,53.72,52.27,53.60,6077687
2022-05-27,54.08,54.86,53.85,54.71,4396452
2022-05-31,54.31,55.14,53.79,54.51,7405171
2022-06-01,54.78,55.07,53.45,54.00,3031277
2022-06-02,54.49,55.63,54.36,55.57,2950536
2022-06-03,54.94,55.22,54.12,54.41,3173579
2022-06-06,54.98,55.48,54.43,55.00,4560038
2022-06-07,54.56,55.54,54.02,55.45,2277854
2022-06-08,55.03,55.35,54.47,54.85,2539941
2022-06-09,54.49,54.97,53.66,53.72,2252035
2022-06-10,52.60,52.62,51.75,51.92,3485972
2022-06-13,50.72,50.99,49.88,50.23,3968789
2022-06-14,50.14,50.79,49.09,49.60,4843288
2022-06-15,50.04,50.60,49.13,49.86,3772997
2022-06-16,48.71,48.77,47.01,47.37,4673678
2022-06-17,46.89,48.03,46.55,47.23,9204263
2022-06-21,48.11,48.19,47.15,47.40,5033679
2022-06-22,46.74,47.96,46.63,47.44,5564415
2022-06-23,47.32,47.67,46.33,47.41,5018656
2022-06-24,48.06,49.05,47.98,48.95,3985577
2022-06-27,49.12,49.24,48.39,48.65,2857365
2022-06-28,48.98,49.64,48.30,48.44,3425634
2022-06-29,48.41,49.00,47.36,48.68,5796427
2022-06-30,48.18,48.86,47.63,47.88,8834736
2022-07-01,47.88,48.77,47.56,48.48,7547990
2022-07-05,47.73,48.16,46.75,48.14,4751592
2022-07-06,48.43,48.55,47.55,47.82,3818641
2022-07-07,47.92,48.16,46.22,47.43,7085848
2022-07-08,47.68,47.96,46.74,47.27,5143366
2022-07-11,46.89,47.72,46.52,47.09,4478378
2022-07-12,46.86,48.15,46.62,47.04,3813035
2022-07-13,46.18,47.69,45.74,47.28,5210299
2022-07-14,46.36,46.45,45.52,46.30,4786855
2022-07-15,47.17,47.42,46.52,46.91,4219422
2022-07-18,47.16,47.57,46.50,46.69,2975853
2022-07-19,47.29,48.76,47.29,48.66,3805446
2022-07-20,48.58,49.22,48.37,49.17,4084388
2022-07-21,49.22,50.81,49.04,50.76,4130680
2022-07-22,50.92,51.37,50.57,50.78,3777820
2022-07-25,50.72,50.80,50.16,50.62,1858758
2022-07-26,50.39,50.89,50.07,50.38,2497785
2022-07-27,50.67,52.06,50.20,51.71,3238187
2022-07-28,52.11,52.93,51.57,52.80,2586948
2022-07-29,52.88,54.05,52.80,53.91,3065731
2022-08-01,53.37,54.40,53.19,54.12,3537923
2022-08-02,54.00,54.58,53.61,53.76,4217411
2022-08-03,53.69,54.55,53.69,54.28,5422924
2022-08-04,54.50,55.69,53.72,54.63,5431763
2022-08-05,54.10,55.22,53.84,55.10,4328205
2022-08-08,55.52,55.79,54.86,55.05,2759624
2022-08-09,54.70,54.77,53.74,54.11,3410157
2022-08-10,55.21,55.82,55.20,55.45,4074387
2022-08-11,55.91,57.20,55.85,56.36,3471837
2022-08-12,56.55,58.13,56.51,58.05,4084886
2022-08-15,57.64,58.99,57.53,58.79,3638310
2022-08-16,58.18,59.58,58.18,59.00,2773921
2022-08-17,58.26,58.80,57.95,58.53,2138454
2022-08-18,58.76,58.98,58.08,58.93,2291928
2022-08-19,58.43,58.48,57.18,57.26,2278748
2022-08-22,56.28,56.44,55.26,55.40,3384321
2022-08-23,54.90,55.84,54.78,55.22,4156895
2022-08-24,55.13,55.68,54.91,55.47,2107915
2022-08-25,55.88,57.08,55.68,57.02,2722883
2022-08-26,57.14,57.44,54.59,54.61,3219822
2022-08-29,54.00,55.00,53.91,54.43,2449028
2022-08-30,54.80,55.09,53.77,54.49,4600980
2022-08-31,54.77,55.05,54.08,54.14,8143336
2022-09-01,54.10,55.78,53.91,55.65,5244406
2022-09-02,56.83,56.96,54.55,54.89,3499971
2022-09-06,55.10,55.24,54.15,54.99,3511605
2022-09-07,55.06,56.99,54.91,56.96,4073501
2022-09-08,56.50,57.52,56.13,57.46,3422471
2022-09-09,57.70,58.38,57.64,58.15,4790916
2022-09-12,58.52,59.59,58.29,58.86,5379997
2022-09-13,57.32,57.62,56.19,56.44,3593029
2022-09-14,56.66,56.92,55.69,56.29,3725580
2022-09-15,56.29,56.96,55.55,55.89,3218875
2022-09-16,55.23,55.23,53.14,53.61,8204147
2022-09-19,53.19,54.48,53.05,54.31,4420291
2022-09-20,53.74,53.85,52.46,53.09,2413522
2022-09-21,53.64,54.04,52.42,52.55,3514291
2022-09-22,52.46,52.60,51.22,51.24,3388350
2022-09-23,50.48,51.00,49.82,50.67,2816370
2022-09-26,50.50,50.87,49.51,49.68,2816499
2022-09-27,50.32,50.64,48.82,49.29,3400554
2022-09-28,49.69,51.49,49.47,51.28,3751056
2022-09-29,50.72,50.87,49.28,49.47,2553389
2022-09-30,49.36,50.23,49.14,49.22,4424925
2022-10-03,49.92,51.95,49.72,51.51,4050561
2022-10-04,52.36,53.73,52.27,53.55,3503281
2022-10-05,52.60,53.76,52.59,53.34,2857269
2022-10-06,53.06,53.36,52.15,52.45,2856645
2022-10-07,51.86,51.95,50.17,50.44,3431267
2022-10-10,50.94,51.18,50.28,50.67,4104512
2022-10-11,50.17,51.63,50.04,51.05,4485621
2022-10-12,51.35,51.70,50.75,51.03,3823253
2022-10-13,49.89,52.69,49.19,52.44,3905680
2022-10-14,52.78,53.40,50.67,50.84,3629617
2022-10-17,52.12,52.74,51.69,52.45,3757738
2022-10-18,53.84,54.09,52.42,53.22,3326000
2022-10-19,52.62,53.31,51.95,52.41,2580205
2022-10-20,52.28,52.52,50.96,51.29,3149011
2022-10-21,51.53,53.19,51.33,53.04,4820929
2022-10-24,53.52,55.38,53.26,54.95,5535083
2022-10-25,54.90,57.45,54.84,57.18,6867637
2022-10-26,57.28,57.92,56.27,56.92,4724995
2022-10-27,57.26,58.49,57.26,57.68,4838122
2022-10-28,57.84,58.97,57.46,58.70,3355402
2022-10-31,58.19,59.02,57.79,57.84,5097787
2022-11-01,58.63,58.75,57.55,58.00,3606767
2022-11-02,57.72,59.68,57.11,57.11,7185692
2022-11-03,59.00,60.88,58.16,60.39,7940229
2022-11-04,62.63,64.24,61.44,63.81,6783193
2022-11-07,63.81,64.25,63.05,64.13,5160624
2022-11-08,64.38,65.25,63.89,64.88,5341620
2022-11-09,64.33,65.11,63.80,63.85,3356539
2022-11-10,66.42,66.82,65.62,66.66,4164746
2022-11-11,66.46,67.61,66.20,66.39,4611338
2022-11-14,66.07,66.37,65.44,65.58,4858804
2022-11-15,66.53,67.60,65.94,66.40,5120228
2022-11-16,66.27,66.56,65.45,65.82,4981047
2022-11-17,64.65,65.82,64.59,65.77,3091817
2022-11-18,67.00,67.40,66.22,66.98,3739230
2022-11-21,66.78,67.23,66.43,66.65,2834244
2022-11-22,67.24,67.75,66.75,67.58,3552751
2022-11-23,67.64,68.03,66.85,66.95,2447715
2022-11-25,67.12,67.31,66.72,66.85,1430975
2022-11-28,66.24,66.70,65.25,65.84,3240295
2022-11-29,65.60,65.97,65.29,65.40,2644841
2022-11-30,65.26,66.69,64.64,66.44,7976148
2022-12-01,67.49,67.92,66.34,66.90,3694968
2022-12-02,66.42,68.65,66.19,68.12,3895186
2022-12-05,67.28,67.52,66.38,67.21,3201076
2022-12-06,67.18,67.36,65.52,66.10,2459247
2022-12-07,65.95,67.08,65.69,66.39,2842615
2022-12-08,66.57,66.91,66.27,66.77,2027846
2022-12-09,66.70,67.01,65.64,65.77,3316102
2022-12-12,64.89,65.68,64.53,65.64,3463928
2022-12-13,67.83,67.99,65.75,66.58,5130450
2022-12-14,66.83,67.27,65.98,66.55,4725273
2022-12-15,65.41,65.66,64.27,64.82,3396264
2022-12-16,63.88,64.20,62.95,63.35,7851049
2022-12-19,63.49,64.40,62.98,63.46,3681188
2022-12-20,63.47,63.83,63.15,63.25,3896728
2022-12-21,63.85,64.76,63.72,64.62,3262475
2022-12-22,63.94,64.14,63.02,64.13,3798827
2022-12-23,64.08,64.33,63.43,64.10,1568394
2022-12-27,64.18,64.75,63.84,64.30,1162938
2022-12-28,64.48,64.57,63.22,63.22,1275648
2022-12-29,63.74,64.88,63.74,64.46,1625589
2022-12-30,63.92,64.16,63.31,64.00,1594321
2023-01-03,64.90,65.54,64.02,64.74,2095107
2023-01-04,65.45,66.08,64.96,65.80,2469516
2023-01-05,65.55,65.83,64.73,65.03,2539089
2023-01-06,65.87,67.45,65.31,67.15,2246906
2023-01-09,67.44,68.25,66.72,66.78,3698011
2023-01-10,66.25,67.37,66.04,67.31,2089122
2023-01-11,67.89,68.03,67.36,67.59,3079952
2023-01-12,68.01,68.53,67.26,68.38,3177822
2023-01-13,67.85,69.07,67.82,68.83,2388826
2023-01-17,68.86,69.15,67.32,67.77,4216926
2023-01-18,68.00,68.13,66.07,66.16,4103228
2023-01-19,65.96,66.25,64.69,64.83,3444734
2023-01-20,65.34,66.11,65.00,66.05,2998896
2023-01-23,66.26,66.95,65.78,66.73,3013412
2023-01-24,66.37,68.39,66.28,68.06,2498408
2023-01-25,67.45,68.32,66.94,68.10,2438037
2023-01-26,68.48,68.86,67.75,68.82,3046852
2023-01-27,68.68,69.30,68.38,68.85,2865422
2023-01-30,68.34,68.98,68.24,68.26,2870355
2023-01-31,68.56,69.60,68.42,69.57,4920105
2023-02-01,66.25,66.99,64.37,66.36,8301896
2023-02-02,66.25,66.36,64.52,64.57,6505940
2023-02-03,64.03,65.91,63.85,65.72,4821687
2023-02-06,65.22,66.32,64.80,65.82,3836860
2023-02-07,65.34,65.48,63.70,64.52,3587941
2023-02-08,64.02,65.15,63.50,65.06,3452144
2023-02-09,65.95,66.21,64.54,64.69,2645697
2023-02-10,64.62,64.77,64.17,64.59,2234083
2023-02-13,65.00,65.73,64.63,65.70,1984884
2023-02-14,65.38,65.83,64.71,65.19,1788120
2023-02-15,64.45,65.31,64.35,65.20,3431432
2023-02-16,64.21,64.99,64.00,64.45,2375847
2023-02-17,64.10,65.01,63.75,64.71,2831457
2023-02-21,64.19,64.63,62.27,62.69,3153418
2023-02-22,63.03,63.03,62.08,62.49,3535065
2023-02-23,63.00,63.61,62.57,63.12,4923822
2023-02-24,62.30,63.01,62.16,62.55,2678686
2023-02-27,62.91,63.16,62.53,62.74,3050243
2023-02-28,62.57,63.24,62.43,62.72,6011768
2023-03-01,62.43,63.62,62.40,63.19,4857366
2023-03-02,62.81,63.76,62.26,63.69,5155535
2023-03-03,64.06,65.37,63.48,65.21,3553389
2023-03-06,65.31,65.73,65.19,65.55,3677276
2023-03-07,65.51,66.00,64.97,65.11,5708223
2023-03-08,65.46,65.64,64.28,65.02,2351509
2023-03-09,65.38,65.45,63.23,63.30,2230851
2023-03-10,63.36,63.46,60.87,61.46,4253248
2023-03-13,60.54,61.55,60.06,60.53,3096396
2023-03-14,62.05,62.76,61.43,62.57,4858941
2023-03-15,61.20,61.46,58.09,58.99,4746550
2023-03-16,58.36,59.85,58.22,59.45,4957442
2023-03-17,58.37,58.38,56.88,57.30,7202619
2023-03-20,57.97,58.74,57.71,58.54,3255965
2023-03-21,59.66,59.96,59.17,59.67,4132958
2023-03-22,59.69,60.55,58.86,58.88,2596256
2023-03-23,58.88,60.09,58.24,58.71,3310097
2023-03-24,58.04,58.25,57.15,58.23,4130890
2023-03-27,59.03,59.21,58.16,58.56,4487579
2023-03-28,58.77,59.34,58.53,58.91,2586553
2023-03-29,59.60,59.75,59.15,59.56,5953088
2023-03-30,60.11,60.36,59.09,59.44,4145263
2023-03-31,59.87,60.25,59.33,60.22,4017198
2023-04-03,60.02,60.63,59.79,60.40,2812212
2023-04-04,60.35,60.51,57.05,57.28,4968367
2023-04-05,56.93,57.22,55.09,55.70,9487333
2023-04-06,55.55,56.24,54.90,55.98,7828886
2023-04-10,55.76,56.56,55.76,56.36,3212665
2023-04-11,56.62,57.43,56.50,56.67,3844475
2023-04-12,57.35,57.72,56.88,57.37,3132210
2023-04-13,57.15,57.73,56.29,57.50,4112753
2023-04-14,57.57,58.44,57.04,57.49,2937919
2023-04-17,57.74,58.23,57.66,58.23,2437878
2023-04-18,58.58,58.95,58.06,58.19,2127037
2023-04-19,57.92,59.11,57.92,58.87,3659759
2023-04-20,58.67,59.04,58.43,58.59,2546469
2023-04-21,58.49,58.89,58.15,58.61,3032421
2023-04-24,59.02,59.22,58.07,58.42,3790880
2023-04-25,58.08,59.09,58.08,58.30,2751477
2023-04-26,57.69,58.41,57.07,57.29,3822440
2023-04-27,57.79,59.43,57.78,59.37,3260928
2023-04-28,59.31,60.00,58.89,59.84,2738022
2023-05-01,59.84,60.46,59.58,59.61,3124109
2023-05-02,59.38,59.99,58.49,59.89,3194849
2023-05-03,60.19,60.45,58.80,58.98,3484653
2023-05-04,59.12,59.25,58.11,58.51,3357708
2023-05-05,61.90,62.53,60.31,62.09,6385715
2023-05-08,63.00,63.46,62.12,63.09,6068629
2023-05-09,62.88,63.19,62.33,62.98,4113993
2023-05-10,63.38,63.68,61.47,62.30,3435792
2023-05-11,61.90,62.13,61.33,62.06,2251798
2023-05-12,62.44,62.72,61.34,62.03,3428077
2023-05-15,62.02,62.70,61.74,62.42,4336380
2023-05-16,62.09,62.42,60.77,60.80,3724338
2023-05-17,61.26,62.07,61.13,61.97,4251865
2023-05-18,61.92,63.35,61.79,63.19,4588566
2023-05-19,64.05,64.11,62.73,63.22,5242048
2023-05-22,63.20,63.82,62.40,63.00,5268259
2023-05-23,62.44,62.72,61.93,61.97,3739019
2023-05-24,61.62,61.62,60.57,60.75,4105894
2023-05-25,61.26,61.28,60.20,61.04,5017810
2023-05-26,61.18,62.16,61.18,61.88,3433492
2023-05-30,62.21,62.36,61.11,61.68,2764181
2023-05-31,61.22,61.50,59.60,59.70,8579201
2023-06-01,59.06,59.99,59.00,59.96,6097879
2023-06-02,60.86,62.48,60.59,62.39,3370126
2023-06-05,62.48,62.17,61.42,61.79,3067271
2023-06-06,61.85,63.30,61.38,62.55,3321177
2023-06-07,62.86,64.03,62.48,63.83,4253458
2023-06-08,63.68,63.90,63.27,63.55,2287937
2023-06-09,63.66,63.93,62.73,63.51,2657501
2023-06-12,63.61,63.82,63.16,63.55,2080222
2023-06-13,63.81,65.01,63.80,64.73,2641014
2023-06-14,65.33,65.38,64.02,64.50,2599401
2023-06-15,64.80,65.91,64.42,65.65,3810685
2023-06-16,65.65,65.96,65.31,65.47,3938371
2023-06-20,64.92,65.87,64.84,65.70,2985160
2023-06-21,65.63,66.51,65.27,66.48,3520043
2023-06-22,66.51,66.61,65.22,65.34,3679512
2023-06-23,64.49,65.60,64.34,64.99,5643524
2023-06-26,65.17,66.21,64.93,66.00,3800745
2023-06-27,66.20,67.21,66.01,66.95,3387955
2023-06-28,66.82,67.26,66.72,66.80,3206215
2023-06-29,67.02,67.70,66.85,67.32,3820494
2023-06-30,67.79,68.66,67.52,68.14,4120214
2023-07-03,67.91,68.08,66.96,67.67,2530698
2023-07-05,67.56,67.92,67.01,67.15,3133209
2023-07-06,66.58,67.00,66.04,66.86,2902496
2023-07-07,66.80,67.84,66.64,66.90,3806465
2023-07-10,67.31,68.27,67.26,68.04,3915207
2023-07-11,68.23,68.80,67.92,68.34,3632619
2023-07-12,69.14,69.50,68.68,68.80,5611155
2023-07-13,68.68,69.02,68.02,68.79,3666308
2023-07-14,68.79,68.95,68.33,68.71,2912399
2023-07-17,68.76,69.44,68.68,69.37,2015321
2023-07-18,69.23,69.73,69.08,69.45,2879792
2023-07-19,69.18,69.60,68.63,69.47,3004554
2023-07-20,69.76,69.90,68.61,68.77,3107222
2023-07-21,68.86,69.04,68.34,68.97,3057814
2023-07-24,69.07,69.81,68.86,68.90,2504913
2023-07-25,68.34,69.16,68.32,68.83,2488930
2023-07-26,68.67,69.01,68.20,68.75,3522037
2023-07-27,69.15,70.06,68.89,69.32,4286128
2023-07-28,69.85,69.90,69.17,69.19,3767320
2023-07-31,69.40,69.72,69.17,69.55,3466297
2023-08-01,69.28,70.43,69.12,70.03,3750553
2023-08-02,69.00,69.00,62.93,63.55,10345970
2023-08-03,63.44,63.56,61.94,62.04,6237178
2023-08-04,62.45,63.59,61.56,62.76,7332144
2023-08-07,62.77,63.05,62.14,62.57,3595822
2023-08-08,62.09,62.09,60.95,61.38,5362197
2023-08-09,61.31,61.64,60.44,60.59,3731548
2023-08-10,60.47,60.99,59.10,59.66,5943929
2023-08-11,59.49,59.92,59.05,59.39,3448230
2023-08-14,58.96,59.48,58.76,59.42,3424201
2023-08-15,59.09,59.47,58.63,59.13,3251954
2023-08-16,59.22,60.54,58.89,59.28,4996446
2023-08-17,59.49,59.71,58.95,59.16,4078828
2023-08-18,58.68,59.62,58.68,59.29,3365553
2023-08-21,59.29,59.48,58.36,58.85,3491229
2023-08-22,59.27,59.54,58.44,58.65,5383594
2023-08-23,58.84,59.63,58.62,59.29,3658041
2023-08-24,58.98,59.50,58.32,58.37,2913937
2023-08-25,58.63,58.90,57.86,58.53,2354783
2023-08-28,58.77,59.19,58.43,58.63,2310996
2023-08-29,58.56,59.28,58.34,58.96,3044875
2023-08-30,59.12,59.57,58.94,59.03,3584241
2023-08-31,59.25,59.55,58.94,59.06,5099135
2023-09-01,59.47,59.83,59.25,59.78,2682801
2023-09-05,59.51,59.78,58.32,58.35,3456567
2023-09-06,58.30,58.50,57.36,57.58,5838318
2023-09-07,57.28,57.47,56.13,57.00,5073663
2023-09-08,56.96,57.89,56.78,57.35,6773840
2023-09-11,57.74,57.76,57.04,57.17,4134770
2023-09-12,56.66,57.70,56.36,57.33,2838964
2023-09-13,57.24,58.12,56.93,57.18,5799611
2023-09-14,57.73,57.94,56.39,57.12,5115984
2023-09-15,56.99,57.60,56.56,57.13,5428356
2023-09-18,57.00,57.93,56.71,57.56,2537470
2023-09-19,57.34,57.54,56.52,57.26,4019409
2023-09-20,57.57,57.76,56.46,56.51,3052847
2023-09-21,56.12,56.23,55.18,55.22,3843558
2023-09-22,54.82,55.52,54.69,55.15,2905327
2023-09-25,54.74,55.12,54.46,55.09,3133130
2023-09-26,54.68,55.36,54.15,54.18,3165120
2023-09-27,55.39,55.41,54.31,54.54,5066934
2023-09-28,51.69,53.93,51.46,53.19,8483639
2023-09-29,53.92,54.10,52.79,53.21,4196569
2023-10-02,52.94,53.21,52.08,52.38,3968688
2023-10-03,52.09,52.30,51.53,51.97,3243061
2023-10-04,51.99,52.34,51.62,52.16,3649972
2023-10-05,52.00,52.15,51.05,51.33,5188850
2023-10-06,51.30,52.82,51.09,52.35,4281745
2023-10-09,52.15,52.68,51.71,52.62,2827044
2023-10-10,52.88,53.05,52.56,52.63,4512852
2023-10-11,52.77,53.51,52.52,53.41,3511152
2023-10-12,53.17,53.26,51.82,52.36,2544038
2023-10-13,52.46,52.59,51.28,51.64,3896473
2023-10-16,52.16,52.69,51.75,52.64,4156978
2023-10-17,52.32,53.01,52.02,52.81,2681603
2023-10-18,52.11,52.11,50.38,50.54,3371725
2023-10-19,50.54,50.77,49.09,49.20,5207553
2023-10-20,49.18,49.30,48.65,48.71,6901983
2023-10-23,48.60,49.23,48.32,48.40,6148717
2023-10-24,49.05,49.42,48.44,48.72,7672457
2023-10-25,48.40,48.71,47.90,48.10,5018800
2023-10-26,48.59,49.45,48.47,48.89,4455603
2023-10-27,48.74,48.95,48.08,48.21,3292220
2023-10-30,48.65,48.96,48.13,48.62,3626959
2023-10-31,48.64,49.16,48.53,49.02,4492387
2023-11-01,49.42,50.05,49.20,49.78,7851707
2023-11-02,50.61,51.01,49.64,50.86,5614014
2023-11-03,51.83,52.15,51.43,51.48,6299466
2023-11-06,51.40,51.52,50.58,51.16,6613799
2023-11-07,50.84,51.30,50.62,50.92,4784033
2023-11-08,50.99,51.12,50.39,50.62,4310967
2023-11-09,51.05,51.06,50.07,50.25,4239388
2023-11-10,50.57,51.29,50.00,51.25,2815289
2023-11-13,50.89,51.08,50.59,50.79,3068214
2023-11-14,51.49,52.81,51.34,52.44,5384348
2023-11-15,52.40,52.84,51.85,51.87,5974070
2023-11-16,51.84,52.15,51.41,51.92,5039858
2023-11-17,52.46,52.53,51.41,52.24,4330547
2023-11-20,52.27,52.43,51.60,52.40,4140420
2023-11-21,52.00,52.76,51.85,52.53,3469709
2023-11-22,52.63,52.93,52.19,52.72,2536475
2023-11-24,52.74,52.81,52.33,52.40,1485362
2023-11-27,52.15,52.61,52.01,52.43,3081075
2023-11-28,52.20,52.76,52.06,52.27,3219869
2023-11-29,52.64,53.19,52.38,52.76,3402167
2023-11-30,52.96,53.02,52.26,52.80,8551906
2023-12-01,52.97,53.95,52.79,53.89,4526087
2023-12-04,53.40,54.34,53.40,54.26,4597609
2023-12-05,54.37,54.80,54.20,54.42,4927990
2023-12-06,54.81,55.62,54.80,55.04,6240517
2023-12-07,55.35,55.66,54.84,55.50,5543407
2023-12-08,55.73,57.12,55.63,56.08,7686080
2023-12-11,56.30,56.89,56.16,56.57,7022686
2023-12-12,54.51,55.25,52.10,53.19,18484490
2023-12-13,52.24,53.32,51.70,53.29,13261870
2023-12-14,53.75,55.28,53.75,54.10,14047200
2023-12-15,53.47,53.71,52.21,52.44,12475550
2023-12-18,52.50,54.24,52.31,53.52,9292944
2023-12-19,54.11,54.70,53.79,54.12,9628053
2023-12-20,54.00,55.58,53.62,54.71,8365004
2023-12-21,55.03,56.07,54.92,55.97,5838803
2023-12-22,56.14,57.24,56.12,56.74,4731969
2023-12-26,56.79,57.73,56.74,57.63,4644261
2023-12-27,57.80,58.23,57.61,57.68,4558244
2023-12-28,57.49,57.88,57.29,57.70,3093656
2023-12-29,57.60,57.88,57.37,57.64,3358070
2024-01-02,57.38,58.03,57.00,57.08,6739769
2024-01-03,56.55,56.58,55.39,56.04,4722590
2024-01-04,55.84,57.05,55.78,56.72,5406173
2024-01-05,56.61,57.52,56.23,57.18,4597131
2024-01-08,57.20,57.61,56.95,57.20,4924804
2024-01-09,57.00,57.78,56.81,57.66,4457185
2024-01-10,57.66,57.80,57.23,57.44,5918818
2024-01-11,57.62,57.96,57.15,57.79,4712515
2024-01-12,57.86,58.03,56.31,56.34,5240241
2024-01-16,55.61,55.61,52.38,52.40,12190900
2024-01-17,52.20,54.37,51.71,54.23,8753738
2024-01-18,54.49,54.58,53.38,53.67,5753102
2024-01-19,53.66,54.32,52.88,54.19,4095326
2024-01-22,54.33,55.03,54.33,54.90,4527672
2024-01-23,55.13,55.67,54.88,55.64,5304623
2024-01-24,55.96,55.96,54.99,55.02,5044908
2024-01-25,55.65,55.73,54.69,55.70,6448874
2024-01-26,55.84,58.00,55.51,56.59,10346160
2024-01-29,56.39,56.67,55.80,56.65,9004275
2024-01-30,55.31,55.88,53.21,54.49,10868650
2024-01-31,53.95,54.27,52.02,52.69,11717570
2024-02-01,53.26,54.52,52.98,54.03,5815274
2024-02-02,53.63,54.49,53.29,54.45,5413084
2024-02-05,53.79,54.15,53.31,53.34,5822568
2024-02-06,53.10,53.57,52.79,53.26,8325107
2024-02-07,53.94,54.42,53.34,54.40,4807826
2024-02-08,54.52,55.34,54.19,55.11,5620770
2024-02-09,55.22,55.73,55.09,55.50,4475926
2024-02-12,55.52,56.04,55.40,55.46,3520247
2024-02-13,54.75,55.20,54.07,54.74,7073033
2024-02-14,55.07,57.31,55.07,57.07,9543602
2024-02-15,56.92,58.13,56.83,57.40,6408859
2024-02-16,57.28,57.91,56.69,56.86,4529341
2024-02-20,56.31,56.92,56.28,56.63,5807622
2024-02-21,56.48,57.82,56.44,57.80,4742413
2024-02-22,58.00,58.50,57.78,58.27,5316017
2024-02-23,58.22,58.92,58.10,58.44,5334848
2024-02-26,58.26,58.70,58.15,58.58,3890972
2024-02-27,59.27,59.55,58.90,59.42,4043523
2024-02-28,59.37,59.59,59.05,59.51,3601473
2024-02-29,59.95,60.06,59.19,59.27,6170818
2024-03-01,59.17,60.36,59.11,60.12,3761759
2024-03-04,60.24,60.83,59.84,60.36,5160052
2024-03-05,60.14,60.71,59.85,60.35,10455640
2024-03-06,60.90,61.17,60.45,60.51,4250969
2024-03-07,61.01,61.38,60.85,61.32,4019547
2024-03-08,61.69,61.98,61.37,61.73,4707466
2024-03-11,61.59,61.76,60.77,61.21,4254101
2024-03-12,61.39,62.09,61.02,61.99,4085357
2024-03-13,61.93,62.34,61.85,62.30,4437657
2024-03-14,62.45,63.22,62.31,63.09,9737572
2024-03-15,62.95,63.55,62.82,63.19,10462620
2024-03-18,63.47,63.69,63.01,63.16,5138283
2024-03-19,63.18,63.82,62.96,63.76,3601710
2024-03-20,63.87,64.37,63.44,64.13,3077814
2024-03-21,64.30,64.85,64.10,64.78,4690624
2024-03-22,64.48,64.59,63.71,63.75,3631884
2024-03-25,63.83,63.98,63.50,63.63,5132960
2024-03-26,63.79,64.45,63.62,64.10,6032843
2024-03-27,64.37,64.88,64.09,64.87,4126073
2024-03-28,64.98,65.40,64.78,65.32,9387861
2024-04-01,65.37,65.45,64.67,65.13,4797060
2024-04-02,65.21,65.58,64.89,65.50,5658496
2024-04-03,65.50,66.16,65.27,65.52,4702699
2024-04-04,66.30,66.49,64.14,64.39,5979349
2024-04-05,64.61,65.44,64.56,65.19,3043053
2024-04-08,65.45,65.55,64.81,64.85,3761578
2024-04-09,64.87,65.72,64.46,65.66,3605156
2024-04-10,64.85,65.51,64.62,65.41,4016201
2024-04-11,65.78,65.86,64.35,65.17,3438347
2024-04-12,64.57,65.48,64.50,65.29,4673201
2024-04-15,66.21,66.30,64.18,64.40,3384450
2024-04-16,64.11,64.41,63.51,64.23,3655062
2024-04-17,64.78,64.78,63.16,63.69,3920429
2024-04-18,64.13,64.60,63.71,63.77,3263181
2024-04-19,63.97,64.50,63.56,63.66,5220302
2024-04-22,63.70,65.15,63.70,64.64,3195649
2024-04-23,64.85,65.45,64.78,65.17,2654684
2024-04-24,65.01,65.56,63.99,64.61,7309742
2024-04-25,64.51,64.78,63.78,64.45,5145292
2024-04-26,64.69,65.42,64.46,65.11,6408009
2024-04-29,65.12,65.61,64.98,65.31,5015570
2024-04-30,65.32,65.99,64.98,65.07,5314781
2024-05-01,62.07,62.88,59.83,60.47,14984810
2024-05-02,60.72,61.14,60.04,60.75,7559399
2024-05-03,61.25,62.47,60.84,62.38,7096178
2024-05-06,62.28,63.44,62.10,63.38,7291958
2024-05-07,63.57,64.59,63.39,64.46,5413433
2024-05-08,64.58,65.45,64.19,65.24,4819675
2024-05-09,65.50,65.97,65.00,65.74,4620399
2024-05-10,65.91,66.15,65.23,65.59,3957414
2024-05-13,65.92,66.40,65.87,66.06,5026260
2024-05-14,66.53,67.24,66.42,66.88,3895035
2024-05-15,67.04,68.31,66.97,68.18,5961255
2024-05-16,68.33,69.49,68.17,68.27,5774359
2024-05-17,68.20,69.22,67.97,69.02,5002949
2024-05-20,71.80,72.99,70.26,70.62,13185790
2024-05-21,70.62,73.08,70.62,72.86,11636230
2024-05-22,72.09,73.28,72.05,73.19,7180978
2024-05-23,73.66,73.68,72.25,73.26,6172389
2024-05-24,73.73,74.23,73.13,73.90,4473217
2024-05-28,73.80,73.92,72.33,72.68,5684539
2024-05-29,72.90,73.41,71.01,71.10,6001757
2024-05-30,71.16,71.76,70.82,71.56,3705512
2024-05-31,71.61,72.05,70.87,71.91,6091049
2024-06-03,72.21,72.30,70.71,71.66,4976601
2024-06-04,71.40,72.09,70.81,71.08,3815399
2024-06-05,71.11,72.14,71.00,71.95,2577315
2024-06-06,71.82,71.84,69.47,69.58,4226746
2024-06-07,69.37,70.36,68.77,69.95,3976893
2024-06-10,69.64,70.90,69.11,70.79,2989941
2024-06-11,70.32,70.70,69.77,70.55,2173726
2024-06-12,71.39,71.61,70.28,71.17,5608293
2024-06-13,71.06,71.10,69.68,70.62,3969202
2024-06-14,69.95,70.17,68.61,69.43,4533528
2024-06-17,69.03,69.50,68.75,69.31,3502704
2024-06-18,69.25,69.38,67.53,69.10,4749352
2024-06-20,68.96,69.34,68.13,68.19,4164840
2024-06-21,68.13,68.51,67.55,68.17,7326886
2024-06-24,68.28,69.32,68.04,68.77,4352900
2024-06-25,68.70,68.99,67.51,67.62,3494642
2024-06-26,67.19,67.41,65.88,65.91,5102290
2024-06-27,66.20,67.09,65.92,67.03,5580412
2024-06-28,66.71,67.80,66.42,66.47,5242277
2024-07-01,66.78,67.04,65.49,65.52,4176876
2024-07-02,65.82,66.58,65.58,66.32,3126467
2024-07-03,66.15,67.15,66.15,66.86,1934278
2024-07-05,66.86,67.00,66.17,66.79,3702911
2024-07-08,67.00,67.62,66.86,67.23,3082576
2024-07-09,67.60,67.77,67.08,67.14,3723622
2024-07-10,67.31,67.88,66.59,67.80,3187332
2024-07-11,68.15,69.94,68.10,69.70,3220223
2024-07-12,70.00,70.40,69.69,69.98,2482501
2024-07-15,70.75,71.14,69.97,70.01,2630184
2024-07-16,70.35,72.24,70.35,72.18,2998049
2024-07-17,71.70,71.85,69.75,69.85,2923112
2024-07-18,69.48,71.80,69.13,69.54,6398866
2024-07-19,70.12,70.12,68.81,68.95,2441695
2024-07-22,69.64,70.23,68.90,70.20,2133280
2024-07-23,69.64,69.98,68.20,69.12,7095244
2024-07-24,68.80,68.84,67.42,67.54,8242551
2024-07-25,67.55,68.03,66.58,66.72,5836188
2024-07-26,67.85,69.23,67.71,68.77,4794459
2024-07-29,68.92,69.63,68.85,69.30,6716382
2024-07-30,69.36,69.98,68.98,69.03,4127147
2024-07-31,75.00,75.36,70.72,71.54,13980070
2024-08-01,71.79,72.97,69.92,70.33,6129145
2024-08-02,69.00,69.08,66.87,67.42,10348380
2024-08-05,65.60,66.12,64.31,65.71,6572636
2024-08-06,65.78,67.72,65.61,66.70,3423604
2024-08-07,67.51,68.69,65.69,65.76,4611503
2024-08-08,66.37,68.05,66.16,67.77,6337461
2024-08-09,67.77,68.06,66.98,67.65,2757181
2024-08-12,67.47,67.80,66.40,66.56,6673710
2024-08-13,67.27,68.34,67.12,67.82,3747442
2024-08-14,68.03,69.03,68.00,68.50,4915332
2024-08-15,69.34,69.96,68.94,69.76,4469368
2024-08-16,69.58,69.85,69.05,69.38,3270770
2024-08-19,69.71,70.64,69.45,70.53,2900405
2024-08-20,70.50,70.69,70.10,70.30,1782621
2024-08-21,70.69,71.06,70.32,70.55,5150601
2024-08-22,70.71,71.02,70.07,70.60,3012819
2024-08-23,71.11,71.56,70.71,71.24,6220347
2024-08-26,71.51,71.78,71.02,71.45,4921185
2024-08-27,71.11,71.51,70.74,71.45,3700396
2024-08-28,71.47,71.55,70.48,70.79,4208478
2024-08-29,71.23,71.92,70.64,71.08,5178216
2024-08-30,71.50,72.96,71.25,72.85,2740162
2024-09-03,72.75,73.06,70.37,70.76,2418059
2024-09-04,70.63,71.10,69.77,70.04,3000708
2024-09-05,70.13,70.91,68.79,69.38,3643082
2024-09-06,69.57,70.32,67.68,67.84,4249129
2024-09-09,68.39,69.13,68.03,68.60,4203243
2024-09-10,70.42,70.53,69.39,70.34,4591585
2024-09-11,70.12,70.96,68.41,70.68,4111006
2024-09-12,70.70,71.23,69.82,71.22,4658667
2024-09-13,71.50,72.96,71.34,72.55,4559214
2024-09-16,73.01,73.39,72.43,72.51,2674692
2024-09-17,72.86,73.15,72.25,72.87,3163047
2024-09-18,72.23,73.97,72.19,72.77,3276725
2024-09-19,74.57,74.89,73.81,74.23,4425897
2024-09-20,73.77,74.21,73.54,74.10,7051335
2024-09-23,75.00,75.81,74.67,75.27,7033598
2024-09-24,75.55,75.98,75.22,75.55,5299623
2024-09-25,75.54,75.95,75.24,75.83,5474047
2024-09-26,76.58,76.93,75.96,76.54,3953509
2024-09-27,76.95,77.70,76.74,77.21,3796465
2024-09-30,76.96,77.70,76.74,77.61,5720007
2024-10-01,78.02,78.23,76.50,76.81,3424878
2024-10-02,76.19,77.12,76.10,76.57,2271030
2024-10-03,76.30,76.47,74.98,75.49,2443913
2024-10-04,76.08,76.17,74.85,75.68,2436050
2024-10-07,75.03,75.74,74.61,75.55,2260786
2024-10-08,75.78,76.49,75.28,76.35,3644536
2024-10-09,76.64,77.87,76.47,77.70,3194834
2024-10-10,77.37,77.58,76.64,76.92,2198274
2024-10-11,76.43,77.83,76.36,77.61,2613789
2024-10-14,77.43,77.75,77.13,77.68,1971744
2024-10-15,77.52,77.75,76.48,76.60,3095473
2024-10-16,76.69,77.09,76.11,76.39,2547099
2024-10-17,77.10,77.39,76.60,77.25,2407777
2024-10-18,77.65,77.75,77.02,77.44,2567387
2024-10-21,77.47,77.88,76.73,77.17,2546758
2024-10-22,76.91,77.21,76.05,76.64,2492073
2024-10-23,76.44,77.57,76.10,76.48,3293338
2024-10-24,77.12,77.26,75.73,76.86,4002436
2024-10-25,77.35,77.88,76.53,76.74,3226968
2024-10-28,77.32,77.99,77.20,77.73,7183698
2024-10-29,77.10,77.45,76.50,77.07,3038856
2024-10-30,76.39,76.84,76.08,76.32,3832718
2024-10-31,75.90,76.52,75.39,75.55,3652616
2024-11-01,75.95,76.21,75.37,75.50,2284792
2024-11-04,75.31,75.85,73.81,74.23,3412327
2024-11-05,74.03,74.99,73.92,74.86,4247638
2024-11-06,77.55,81.98,77.10,81.47,7906824
2024-11-07,81.46,82.21,80.27,81.91,4840164
2024-11-08,81.87,84.78,81.86,84.62,4392978
2024-11-11,84.78,87.16,84.78,86.60,5489388
2024-11-12,86.09,86.89,84.56,85.16,3623196
2024-11-13,85.44,86.46,85.25,85.71,3449892
2024-11-14,85.41,85.98,84.87,85.14,3545192
2024-11-15,84.58,85.23,84.29,84.40,3143791
2024-11-18,84.27,84.50,83.54,83.65,3439247
2024-11-19,82.90,83.92,82.44,83.53,3419144
2024-11-20,83.61,83.69,82.58,82.98,3632442
2024-11-21,83.45,84.75,83.08,83.99,3040107
2024-11-22,83.77,84.17,83.14,83.45,4360652
2024-11-25,84.13,84.42,83.28,83.34,4764470
2024-11-26,83.03,84.12,82.32,83.75,4447973
2024-11-27,83.92,84.48,83.37,83.71,2754734
2024-11-29,84.17,85.58,83.86,83.86,2898293
2024-12-02,84.16,84.43,83.65,83.67,2720601
2024-12-03,83.64,84.09,82.44,82.48,2673849
2024-12-04,82.24,84.16,82.02,83.79,2455454
2024-12-05,83.27,84.00,83.00,83.09,3668547
2024-12-06,83.37,84.37,83.10,84.34,4223078
2024-12-09,83.99,85.13,83.73,83.92,4337026
2024-12-10,83.50,83.70,82.20,82.78,2983931
2024-12-11,83.28,84.17,82.54,84.02,3310629
2024-12-12,84.02,84.48,83.31,83.33,2121565
2024-12-13,83.02,83.76,82.51,82.63,2354216
2024-12-16,82.34,84.64,81.89,84.02,4600710
2024-12-17,83.41,83.98,81.57,81.85,4465375
2024-12-18,82.69,82.85,78.75,78.82,4206325
2024-12-19,80.05,81.34,78.49,78.71,3905604
2024-12-20,78.60,81.03,78.27,80.64,6394252
2024-12-23,79.84,80.72,79.54,80.31,4021040
2024-12-24,80.05,80.99,79.98,80.99,1241122
2024-12-26,80.76,81.28,80.50,80.85,1348554
2024-12-27,79.78,80.80,79.50,79.82,1651837
2024-12-30,78.75,79.59,78.13,79.14,1621639
2024-12-31,79.61,79.95,78.64,78.93,1689514
2025-01-02,79.68,80.14,78.51,78.95,1929250
2025-01-03,79.40,80.49,79.19,79.92,1849350
2025-01-06,80.01,81.01,79.06,79.27,2261772
2025-01-07,79.24,80.04,78.78,79.17,2859699
2025-01-08,78.82,80.11,78.82,80.04,2185123
2025-01-10,79.23,79.67,78.38,78.66,3036240
2025-01-13,77.39,79.40,77.22,79.30,2766219
2025-01-14,79.77,80.61,79.43,80.21,2144908
2025-01-15,81.94,81.94,79.29,79.44,5092588
2025-01-16,79.77,80.69,79.42,80.46,3962391
2025-01-17,80.96,81.55,80.63,81.14,3591091
2025-01-21,82.01,82.53,81.48,82.48,3827555
2025-01-22,82.71,82.90,82.06,82.10,2588723
2025-01-23,82.18,82.26,81.49,82.03,4748452
2025-01-24,82.03,82.22,81.00,81.60,4893318
2025-01-27,78.75,78.79,75.96,77.06,8283530
2025-01-28,77.60,77.83,75.32,76.12,8319522
2025-01-29,75.94,77.08,75.91,76.28,5511691
2025-01-30,77.11,78.67,76.45,78.21,5231088
2025-01-31,78.19,79.04,77.74,78.00,6427958
2025-02-03,76.44,77.44,75.89,77.00,4182307
2025-02-04,77.27,77.91,76.94,77.29,4008825
2025-02-05,87.11,88.90,85.41,86.01,12268360
2025-02-06,86.93,88.37,85.65,88.00,11127930
2025-02-07,88.41,88.75,87.37,87.65,7031192
2025-02-10,89.77,89.95,88.78,89.52,5919008
2025-02-11,89.24,89.77,88.51,89.16,4399676
2025-02-12,87.72,89.35,87.34,89.03,2846669
2025-02-13,89.07,89.17,87.97,88.55,3231739
2025-02-14,88.60,89.86,88.37,89.77,2800413
2025-02-18,90.00,91.14,89.61,90.60,3508475
2025-02-19,90.11,90.56,89.61,90.45,2118510
2025-02-20,90.30,90.45,88.48,88.83,3639100
2025-02-21,88.93,89.26,84.53,85.28,4748574
2025-02-24,85.38,85.49,83.28,84.03,4767906
2025-02-25,83.99,84.46,82.67,83.90,4467309
2025-02-26,85.08,86.52,84.84,84.91,4657641
2025-02-27,85.28,86.28,84.20,84.25,3921547
2025-02-28,84.29,85.71,83.96,85.66,7334435
2025-03-03,86.23,86.50,82.09,82.56,4011843
2025-03-04,81.10,82.59,79.29,80.90,5895759
2025-03-05,81.26,82.93,81.06,82.22,4602991
2025-03-06,80.96,82.21,80.69,81.07,5345083
2025-03-07,80.10,81.23,79.07,80.06,5576740
2025-03-10,77.89,78.80,77.25,77.92,6093295
2025-03-11,77.92,78.74,76.60,76.99,6666317
2025-03-12,78.50,79.93,78.00,78.68,4958047
2025-03-13,78.23,79.12,76.94,77.46,3503238
2025-03-14,78.90,79.86,78.38,79.65,4696597
2025-03-17,79.19,82.05,79.01,81.51,4057424
2025-03-18,80.76,81.68,80.23,81.61,4735985
2025-03-19,81.42,83.43,81.38,82.89,4495540
2025-03-20,81.93,83.39,81.85,83.15,3842050
2025-03-21,82.41,82.79,81.27,82.73,6990736
2025-03-24,83.79,84.58,83.30,84.52,3865988
2025-03-25,84.52,85.10,83.77,84.34,3086268
2025-03-26,84.26,84.80,82.46,82.76,5015764
2025-03-27,82.74,82.83,81.69,82.17,4444728
2025-03-28,81.78,82.04,79.38,79.69,3498841
2025-03-31,78.63,80.57,77.51,80.11,3930162
2025-04-01,79.72,81.45,79.07,81.40,4099700
2025-04-02,80.01,83.06,80.01,82.86,3437631
2025-04-03,78.09,79.50,76.94,77.23,5782790
2025-04-04,75.02,75.74,71.62,71.70,7065098
2025-04-07,70.10,74.19,68.03,72.03,9017369
2025-04-08,73.29,74.65,69.99,71.14,5603853
2025-04-09,70.71,79.93,70.08,78.83,7791737
2025-04-10,76.50,77.50,74.08,76.23,6459124
2025-04-11,76.03,78.13,74.84,77.72,3026686
2025-04-14,78.74,79.38,77.78,78.50,3308577
2025-04-15,78.61,79.84,78.38,78.59,3519894
2025-04-16,77.52,78.10,75.91,76.66,3346434
2025-04-17,76.94,77.86,76.59,76.83,4893466
2025-04-21,75.70,76.34,73.55,74.45,4544624
2025-04-22,75.69,76.88,75.17,76.61,3873515
2025-04-23,78.96,80.33,78.12,78.28,4031744
2025-04-24,78.08,80.61,77.99,80.36,3277205
2025-04-25,80.35,81.47,80.01,81.07,2920561
2025-04-28,81.33,81.95,80.19,81.10,3155661
2025-04-29,80.85,82.48,80.55,82.33,3220904
2025-04-30,82.47,84.02,81.55,83.90,4910056
2025-05-01,84.65,88.25,84.61,87.25,7535760
2025-05-02,88.16,89.38,88.06,88.92,5868605
2025-05-05,88.08,89.49,87.31,89.33,3961899
2025-05-06,87.93,89.24,87.93,88.81,4590858
2025-05-07,88.50,91.05,87.77,89.75,7014662
2025-05-08,90.81,92.41,90.35,91.24,9040831
2025-05-09,91.83,92.08,90.91,91.92,3018779
2025-05-12,95.33,95.50,94.35,95.28,4890162
2025-05-13,95.58,97.11,95.31,96.06,4951034
2025-05-14,96.06,96.69,95.64,96.35,4820005
2025-05-15,95.80,96.98,95.80,96.79,2544773
2025-05-16,96.78,97.95,96.30,97.93,3609693
2025-05-19,96.53,98.33,96.05,97.86,3201333
2025-05-20,97.75,98.19,97.05,97.65,3542310
2025-05-21,96.21,97.87,96.01,97.21,5303944
2025-05-22,97.03,98.53,96.70,97.93,5307040
2025-05-23,96.67,98.10,96.31,97.99,3224535
2025-05-27,99.30,101.05,98.74,101.02,5542073
2025-05-28,101.02,101.50,100.40,101.49,5433076
2025-05-29,102.26,102.36,100.47,102.14,4489753
2025-05-30,101.67,101.67,100.54,101.37,6829367
2025-06-02,100.90,101.00,99.11,100.39,4524642
2025-06-03,100.39,101.36,100.10,101.18,3803817
2025-06-04,102.18,102.97,101.23,102.33,3788713
2025-06-05,102.64,102.68,101.37,102.32,3363325
2025-06-06,103.28,103.84,102.50,103.79,3687648
2025-06-09,103.24,104.00,102.67,103.54,3063386
2025-06-10,103.81,104.01,101.64,102.90,4080809
2025-06-11,103.20,104.15,102.30,103.19,4816454
2025-06-12,102.97,103.95,102.81,103.60,5976391
2025-06-13,102.34,102.74,101.29,101.97,5525713
2025-06-16,103.33,105.19,103.25,104.49,6221230
2025-06-17,104.44,104.88,103.52,103.84,3150926
2025-06-18,103.97,104.84,103.22,103.48,4118099
2025-06-20,103.72,104.00,100.86,102.25,7548595
2025-06-23,101.96,103.42,101.25,103.35,6015159
2025-06-24,104.00,104.40,102.86,103.60,2830983
2025-06-25,104.02,104.02,102.99,103.35,3752246
2025-06-26,103.85,104.79,103.66,104.44,7391727
2025-06-27,104.75,105.89,104.50,105.07,4955275
2025-06-30,105.17,105.68,104.56,105.62,5090863
2025-07-01,105.22,106.07,103.59,104.67,4994661
2025-07-02,104.70,105.19,104.33,105.07,3676524
2025-07-03,104.98,106.96,104.98,106.71,2981953
2025-07-07,106.82,107.06,105.48,105.98,3524833
2025-07-08,106.43,107.09,104.70,105.50,6179755
2025-07-09,106.44,106.56,105.28,106.50,5242901
2025-07-10,106.76,107.20,105.56,106.33,4247347
2025-07-11,105.68,106.63,105.17,105.85,2234200
2025-07-14,105.78,106.68,105.15,106.26,3223105
2025-07-15,106.55,106.88,105.83,106.02,2934865
2025-07-16,106.23,107.36,105.19,107.28,3841747
2025-07-17,107.06,109.02,106.90,108.95,3512118
2025-07-18,108.95,109.40,108.35,108.96,3219958
2025-07-21,109.07,109.18,107.88,108.27,2882638
2025-07-22,108.01,108.51,105.40,108.30,4866855
2025-07-23,109.01,110.59,108.70,110.13,6925472
2025-07-24,109.43,110.67,109.06,110.02,4598125
2025-07-25,110.21,112.00,109.67,111.73,4408783
2025-07-28,112.00,112.63,111.01,111.52,6984655
2025-07-29,106.56,108.60,102.52,103.24,11353600
2025-07-30,102.68,105.20,102.09,104.02,7926750
2025-07-31,104.36,107.20,104.27,105.00,6355110
2025-08-01,104.27,107.48,103.36,106.48,5337547
2025-08-04,107.00,107.20,105.89,106.48,3107443
2025-08-05,107.00,107.00,103.72,104.84,3827250
2025-08-06,104.83,105.42,103.76,104.67,2961981
2025-08-07,105.58,105.94,104.01,104.31,2832474
2025-08-08,105.03,105.98,104.33,105.55,6227781
2025-08-11,105.44,105.98,105.13,105.71,8854180
2025-08-12,106.17,106.83,105.08,106.64,6756042
2025-08-13,107.28,107.87,104.68,105.77,7802165
2025-08-14,104.86,105.98,104.86,105.02,5250402
2025-08-15,105.44,105.44,103.38,103.52,6360270
2025-08-18,103.49,105.95,103.07,105.71,4879844
2025-08-19,105.54,105.99,103.96,104.52,5470732
2025-08-20,104.21,106.44,103.66,106.00,4755201
2025-08-21,105.71,106.45,104.57,104.75,3801772
2025-08-22,105.34,107.96,105.11,107.26,5090927
2025-08-25,107.03,107.61,106.37,106.40,3927675
2025-08-26,106.68,108.76,106.38,108.46,6269528
2025-08-27,108.24,110.34,108.06,109.27,4714364
2025-08-28,109.51,109.64,108.50,108.65,3751956
2025-08-29,108.68,109.17,106.23,106.89,4216483
2025-09-02,105.06,106.03,103.82,105.96,4591055
2025-09-03,106.01,106.29,104.80,105.34,3934942
2025-09-04,105.88,107.16,105.25,107.09,2746331
2025-09-05,107.26,107.69,104.03,106.23,4278865
2025-09-08,106.57,108.26,105.71,107.17,4681532
2025-09-09,106.69,107.21,104.52,106.29,4016284
2025-09-10,107.75,109.98,105.86,107.80,4182558
2025-09-11,108.02,109.29,107.24,107.82,4620729
2025-09-12,107.32,108.72,107.06,107.53,2826284
2025-09-15,107.81,108.06,106.55,107.81,4277748
2025-09-16,107.86,107.94,106.08,106.96,3224120
2025-09-17,106.94,108.37,106.42,107.41,3196101
2025-09-18,107.81,109.89,107.63,108.48,3792735
2025-09-19,109.19,109.19,107.03,108.69,7388834
2025-09-22,107.69,109.59,107.23,109.29,4214258
2025-09-23,109.17,110.33,107.44,108.29,4009668
2025-09-24,108.54,108.93,106.25,106.54,5199875
2025-09-25,105.63,106.00,104.58,105.77,4860314
2025-09-26,106.33,107.29,105.67,107.01,2940467
2025-09-29,108.24,108.88,107.44,108.16,2719163
2025-09-30,108.40,110.01,108.22,109.95,3341161
2025-10-01,109.12,109.81,107.25,108.89,4189005
2025-10-02,109.41,110.25,107.45,108.66,3383350
2025-10-03,108.76,109.33,107.60,108.79,3792260
2025-10-06,110.11,111.22,109.47,109.58,2940349
2025-10-07,110.06,110.14,107.67,108.31,2824903
2025-10-08,108.58,109.91,107.00,108.43,3892965
2025-10-09,108.97,110.00,106.80,107.76,3626225
2025-10-10,108.42,109.34,105.41,105.55,3140485
2025-10-13,106.69,107.59,106.02,106.38,2336772
2025-10-14,105.00,108.25,104.49,107.85,2819747
2025-10-15,108.78,111.13,108.70,110.82,3935739
2025-10-16,111.45,111.45,108.45,109.37,3679206
2025-10-17,108.87,109.69,107.77,108.83,4228716
2025-10-20,109.86,110.63,109.36,110.60,3116111
2025-10-21,110.22,111.59,109.73,111.18,3962583
2025-10-22,112.00,112.17,107.83,108.54,3933379
2025-10-23,108.80,110.71,108.47,110.55,3740956
2025-10-24,112.00,113.38,111.60,112.94,4231479
2025-10-27,114.07,114.60,112.39,113.05,3660111
2025-10-28,112.97,113.41,111.53,112.21,2952758
2025-10-29,112.07,114.31,112.07,113.34,3187340
2025-10-30,113.07,116.48,112.39,114.21,3424087
2025-10-31,113.80,115.16,113.80,114.39,3696688
2025-11-03,114.49,114.95,112.63,113.18,4320619
2025-11-04,111.57,112.34,110.70,111.04,6765589
2025-11-05,120.92,123.05,118.00,120.86,13299820
2025-11-06,120.64,123.37,119.02,122.25,6802348
2025-11-07,120.80,122.55,119.35,122.25,4901018
2025-11-10,122.75,123.76,121.85,122.58,5589320
2025-11-11,122.31,122.67,121.34,121.94,4341086
2025-11-12,122.07,123.78,122.07,122.66,5138772
2025-11-13,122.73,123.65,119.75,120.20,4220316
2025-11-14,118.60,120.28,118.00,118.72,3399900
2025-11-17,118.49,119.08,115.83,116.38,4266736
2025-11-18,115.80,116.01,114.07,114.44,4865410
2025-11-19,114.40,116.37,114.11,114.42,4288253
2025-11-20,116.30,117.32,112.83,112.99,7047592
2025-11-21,113.06,114.31,112.20,113.55,5121886
2025-11-24,114.08,115.52,113.55,114.19,6430266
2025-11-25,114.76,115.50,112.56,114.65,6359385
2025-11-26,114.69,117.18,114.55,116.29,3488419
2025-11-28,116.88,117.26,115.43,116.31,1395997
2025-12-01,115.41,116.12,114.77,114.94,3481698
2025-12-02,115.34,115.73,114.58,115.28,3870396
2025-12-03,115.00,115.40,113.47,114.22,5045985
2025-12-04,113.61,115.16,113.00,114.20,4471785
2025-12-05,114.00,114.45,113.46,114.23,4329307
2025-12-08,114.52,117.34,114.22,114.98,4658859
2025-12-09,114.20,116.52,114.06,115.77,4534268
2025-12-10,116.22,117.02,114.98,115.81,5003011
2025-12-11,115.28,118.06,114.19,118.06,4423700
2025-12-12,117.74,118.06,113.92,114.76,7293290
2025-12-15,116.02,116.91,115.08,116.88,6351887
2025-12-16,117.46,119.60,116.94,118.85,6854878
2025-12-17,118.52,120.00,116.00,116.38,8227524
2025-12-18,118.00,119.52,116.81,117.74,8073591
2025-12-19,117.49,120.19,117.49,119.53,17473150
2025-12-22,119.97,120.13,118.77,119.96,3635522
2025-12-23,119.78,121.15,119.43,121.13,3726741
2025-12-24,121.23,121.68,120.91,121.39,1108840
2025-12-26,121.42,122.11,121.12,122.06,1912377
2025-12-29,121.50,122.21,121.33,121.71,2460032
2025-12-30,121.57,122.16,120.88,120.94,2554048
2025-12-31,121.00,121.17,119.67,119.75,2586555
2026-01-02,120.46,122.90,120.35,122.31,3196828
2026-01-05,123.00,124.07,121.48,121.53,4007388
2026-01-06,112.59,115.07,108.41,113.95,18982180
2026-01-07,115.00,115.94,112.38,112.41,6801663
2026-01-08,111.31,113.16,110.92,111.29,8168047
2026-01-09,111.34,112.48,110.77,110.85,6351839
2026-01-12,110.82,112.28,110.01,111.39,8936270
2026-01-13,111.69,112.64,111.11,112.09,8770083
2026-01-14,112.08,112.80,109.83,112.13,5771937
2026-01-15,113.21,113.92,112.32,112.95,6372323
2026-01-16,113.75,115.39,113.20,114.61,6561964
2026-01-20,113.19,114.75,113.19,114.56,4171529
2026-01-21,115.18,116.19,114.67,115.49,3607281
2026-01-22,116.28,116.61,113.96,114.51,3726314
2026-01-23,114.63,114.69,113.02,113.59,3410249
2026-01-26,113.66,115.76,112.95,115.07,4422558
2026-01-27,115.95,117.77,115.20,116.96,3810947
2026-01-28,116.03,117.65,115.55,116.74,3656634
2026-01-29,118.25,120.84,118.25,120.28,5806953
2026-01-30,119.00,120.78,118.92,119.26,6034411
2026-02-02,119.00,123.11,118.41,122.98,5418170
2026-02-03,123.43,124.81,122.37,124.01,7458805
2026-02-04,132.50,136.24,128.17,129.49,15320720
2026-02-05,130.47,132.77,129.14,132.52,7252346
2026-02-06,136.05,138.23,134.40,137.65,5373742
2026-02-09,136.00,139.43,136.00,139.00,5143055
2026-02-10,138.65,140.20,138.17,138.75,4526357
2026-02-11,141.14,142.87,139.77,140.96,3669586
2026-02-12,142.13,143.17,138.09,138.57,5474764
2026-02-13,138.55,139.98,137.87,139.24,3844370
2026-02-17,139.11,142.76,138.80,142.21,5043351
2026-02-18,141.87,143.00,139.40,139.48,4417932
2026-02-19,138.84,142.78,138.84,142.70,3555952
2026-02-20,142.61,145.34,142.06,143.79,4623317
2026-02-23,142.83,144.54,142.10,142.83,3516972
2026-02-24,143.21,145.86,142.60,144.71,8472872
2026-02-25,144.56,146.49,143.53,144.49,3254743
2026-02-26,144.78,145.25,141.61,143.42,4034523
2026-02-27,142.80,144.59,142.25,144.30,7554098
2026-03-02,144.20,146.14,142.98,145.46,2604395
2026-03-03,141.06,142.74,138.16,139.58,5490759
2026-03-04,141.35,141.96,139.37,140.00,3194989
2026-03-05,138.77,139.28,134.10,137.18,6187373
2026-03-06,135.21,135.72,131.85,132.40,4206161
2026-03-09,130.19,134.25,128.76,133.09,4954176
2026-03-10,133.36,136.18,132.60,133.94,4396448
2026-03-11,133.48,135.18,132.20,134.99,2711484
2026-03-12,134.02,134.48,130.40,130.94,5126050
2026-03-13,132.22,133.00,129.15,130.16,4120784
2026-03-16,131.62,132.13,130.60,131.69,4971392
2026-03-17,132.15,132.96,129.37,132.56,2961642
2026-03-18,133.05,135.54,133.03,133.76,3278751
2026-03-19,131.55,133.80,130.73,133.25,3712405
2026-03-20,133.08,133.54,128.41,129.70,8636485
2026-03-23,133.60,135.40,132.40,133.27,2899220
2026-03-24,131.83,136.88,130.77,136.43,3109236
2026-03-25,137.08,138.38,136.43,137.48,2281610
2026-03-26,136.00,136.87,130.96,131.57,4322093
2026-03-27,131.19,133.32,130.75,131.29,3372133
2026-03-30,132.44,132.98,125.91,126.58,3422572
2026-03-31,128.57,131.68,127.29,130.95,4190474
2026-04-01,133.02,135.59,132.53,134.72,2911150
2026-04-02,131.39,134.99,130.78,132.97,2466799
2026-04-06,132.97,133.92,132.30,133.75,1394407
2026-04-07,132.97,134.10,131.70,133.15,2368717
2026-04-08,137.99,140.64,137.13,139.00,3788436
2026-04-09,138.94,142.36,138.59,141.85,3910164
2026-04-10,142.57,143.05,141.52,142.53,3583839
2026-04-13,141.61,143.00,140.64,142.82,3974303
2026-04-14,141.52,143.14,139.41,142.05,3439975
2026-04-15,140.50,141.30,135.88,137.21,4222589
2026-04-16,136.97,138.28,135.10,137.55,2912542
2026-04-17,139.29,142.46,138.11,140.87,3582550
2026-04-20,140.53,141.77,140.20,140.98,1696864
2026-04-21,140.78,142.31,139.04,139.72,2163596
2026-04-22,140.44,140.97,138.35,139.81,2844361
2026-04-23,141.14,142.92,140.01,141.73,2728681
2026-04-24,141.75,142.91,141.25,141.92,2229510
2026-04-27,143.17,144.88,142.07,143.38,3077479
2026-04-28,141.50,142.34,138.99,141.59,2737806
2026-04-29,141.35,143.07,140.71,141.35,1976357
2026-04-30,143.48,146.21,143.11,146.03,3742495
2026-05-01,146.56,146.90,145.08,145.08,2062841
2026-05-04,144.75,146.45,143.10,144.40,2747332
2026-05-05,145.94,147.32,142.82,144.82,4087861
2026-05-06,138.83,144.31,138.36,143.14,7007649
2026-05-07,144.62,145.13,137.40,139.25,5939640
2026-05-08,140.65,142.33,139.33,139.52,2582456
2026-05-11,138.74,143.05,137.84,141.78,2788524
2026-05-12,140.97,142.48,138.85,141.04,3748593
2026-05-13,141.52,145.07,140.91,143.80,4486082
2026-05-14,144.33,145.88,143.38,145.03,3543088
2026-05-15,142.47,143.73,141.19,143.08,3177848
2026-05-18,142.83,142.83,137.14,137.31,4698403
2026-05-19,136.32,137.09,133.60,135.42,3263674
2026-05-20,136.43,138.68,135.80,137.75,3867883
2026-05-21,137.56,137.56,135.30,135.47,2801315
2026-05-22,136.56,140.19,134.30,138.36,3502783
2026-05-26,140.47,141.45,139.24,140.22,1962794
2026-05-27,141.18,141.19,137.30,138.20,3067234
2026-05-28,137.36,138.01,135.17,136.15,3028031
2026-05-29,135.90,137.68,133.98,134.06,5301260
2026-06-01,132.05,135.53,131.32,133.91,3278663
2026-06-02,137.42,142.24,136.54,141.99,4048625
2026-06-03,142.21,148.38,141.89,146.96,5298636
2026-06-04,145.51,147.88,144.19,147.40,4668382
2026-06-05,145.75,146.63,142.30,143.65,4685758
2026-06-08,145.06,146.50,143.34,144.05,4421325
2026-06-09,147.10,148.70,143.32,147.75,5465731
2026-06-10,148.18,149.10,138.65,139.36,5715313
2026-06-11,141.66,144.87,139.73,144.01,3552331
2026-06-12,145.83,146.28,143.53,144.96,2809404
2026-06-15,147.67,149.23,145.96,146.06,3602556
2026-06-16,146.36,149.00,145.13,145.17,3563543
2026-06-17,146.34,148.85,143.44,143.62,4803292
2026-06-18,148.70,149.38,144.79,144.82,6996860
2026-06-22,145.31,148.78,145.06,148.21,5710999
2026-06-23,143.76,145.95,141.07,141.28,5000728
2026-06-24,141.84,144.46,140.53,142.81,6238549
2026-06-25,145.83,147.76,144.96,145.49,4449777
2026-06-26,143.60,143.60,138.15,138.40,8311725
2026-06-29,138.48,140.94,138.16,140.47,5326749
2026-06-30,141.58,148.25,141.58,146.11,7556057
2026-07-01,144.25,151.18,142.72,144.80,9190558
2026-07-02,144.58,146.27,139.23,140.76,5968856
2026-07-06,142.70,144.88,142.00,142.72,3244445
2026-07-07,142.94,142.94,136.22,140.62,3972488
2026-07-08,139.14,140.62,138.44,140.23,3096629
2026-07-09,142.25,142.82,138.09,140.53,4414215
2026-07-10,140.06,144.72,139.80,142.81,2330660
2026-07-13,141.40,144.63,140.87,143.93,3384522
2026-07-14,145.69,147.25,143.44,145.24,3944612
2026-07-15,145.84,146.55,140.00,142.76,3112297
2026-07-16,140.32,142.37,139.25,141.26,3046536
2026-07-17,138.60,142.53,137.13,140.46,3398702
2026-07-20,142.83,143.07,138.74,139.37,2433326
2026-07-21,142.20,142.94,139.94,141.71,2051059
2026-07-22,140.25,143.43,140.25,142.49,1916497
2026-07-23,142.15,145.28,141.61,143.29,2815775
2026-07-24,142.46,144.24,141.88,143.37,3068534
2026-07-27,144.05,144.58,140.65,143.39,2896065
2026-07-28,141.52,141.81,136.68,140.28,5549376
2026-07-29,144.33,147.04,136.24,139.42,7138756
2026-07-30,144.03,146.07,141.82,143.88,4619372
2026-07-31,146.63,147.86,144.39,146.66,3519827
2026-08-03,146.68,148.41,143.71,146.39,3172557
2026-08-04,149.00,154.32,146.80,153.62,4569575
2026-08-05,152.23,157.06,152.23,153.65,4802764
2026-08-06,153.65,156.00,152.56,154.55,3799211
2026-08-07,154.30,154.85,151.49,152.21,2759560
2026-08-10,153.30,153.81,150.33,150.70,3546747
2026-08-11,153.12,154.96,151.76,154.76,3379550
2026-08-12,156.51,156.84,152.65,152.79,2577507
2026-08-13,152.63,152.99,150.01,151.45,2427481
2026-08-14,151.51,153.93,150.24,153.64,2245218
2026-08-17,154.11,155.78,152.73,153.92,2280285
2026-08-18,151.40,152.22,148.25,149.68,3890837
2026-08-19,149.06,149.64,144.64,144.94,4359884
2026-08-20,143.70,146.17,142.84,143.16,2980134
2026-08-21,146.00,146.08,143.02,143.05,3228279
2026-08-24,142.54,143.50,140.80,142.99,2390695
2026-08-25,144.85,144.99,141.24,141.82,2075615
2026-08-26,142.72,145.17,142.34,144.33,1922806
2026-08-27,145.35,145.41,141.71,142.21,1927937
2026-08-28,142.66,142.66,138.82,139.59,2681207
2026-08-31,138.89,139.15,137.97,138.24,3088358
2026-09-01,138.57,139.70,137.59,139.25,3161020
2026-09-02,140.00,140.00,137.54,139.25,2502123
2026-09-03,139.52,142.79,138.47,142.23,2630110
2026-09-04,142.15,144.97,142.15,144.94,3105634
2026-09-08,145.50,146.68,144.83,146.37,2804344
2026-09-09,145.21,147.05,144.62,144.92,2850903
2026-09-10,143.31,144.52,142.43,142.81,3091038
2026-09-11,144.55,147.05,144.29,146.01,5788248
2026-09-14,139.95,140.45,135.78,137.76,5007517
2026-09-15,139.17,140.43,137.13,138.29,5149514
