date,open,high,low,close,volume
2016-09-15,117.81,118.94,117.32,118.63,5814688
2016-09-16,118.51,119.14,118.12,118.25,12378670
2016-09-19,118.36,118.66,117.64,117.66,5454828
2016-09-20,118.17,118.24,117.69,117.95,5181473
2016-09-21,117.95,119.00,117.64,118.91,6336207
2016-09-22,119.25,119.84,119.14,119.46,5340374
2016-09-23,119.41,119.60,118.71,118.81,4772976
2016-09-26,118.63,118.64,117.56,117.78,5996021
2016-09-27,118.39,119.22,117.72,119.22,5349409
2016-09-28,119.05,119.52,118.81,119.39,5075789
2016-09-29,118.88,119.27,117.04,117.27,6188019
2016-09-30,117.78,118.62,117.39,118.13,7940863
2016-10-03,118.00,119.01,117.43,118.81,6097487
2016-10-04,118.84,119.48,118.28,118.82,5729753
2016-10-05,119.22,119.44,118.59,119.18,5778614
2016-10-06,118.50,118.85,117.92,118.75,4447824
2016-10-07,119.17,119.56,118.69,119.24,4798331
2016-10-10,119.51,120.20,119.35,119.80,3628341
2016-10-11,119.41,119.63,117.06,117.64,6394153
2016-10-12,117.96,118.43,117.50,117.97,4685998
2016-10-13,117.54,119.20,117.28,118.26,7387365
2016-10-14,118.50,118.80,117.56,117.56,5639841
2016-10-17,117.50,118.55,117.50,118.49,6951063
2016-10-18,117.38,118.48,115.16,115.41,12596660
2016-10-19,115.57,115.89,114.46,114.59,7397689
2016-10-20,114.83,115.70,114.59,114.87,6969184
2016-10-21,114.11,114.24,112.99,113.44,8412849
2016-10-24,113.93,114.19,113.44,113.61,6141630
2016-10-25,113.64,114.16,113.09,113.96,5591160
2016-10-26,113.64,115.22,113.60,114.56,6429053
2016-10-27,114.98,116.55,114.79,115.70,7543980
2016-10-28,115.82,115.91,114.57,115.33,8812952
2016-10-31,115.28,116.23,114.50,115.99,8552218
2016-11-01,114.76,115.94,114.63,115.34,7584930
2016-11-02,115.52,115.76,114.83,114.86,6591283
2016-11-03,114.88,115.44,114.75,115.03,6227010
2016-11-04,115.04,115.94,115.04,115.11,7160568
2016-11-07,115.89,116.72,115.84,116.66,6397553
2016-11-08,116.48,117.57,116.47,117.05,6674915
2016-11-09,120.00,122.50,118.10,120.31,16218520
2016-11-10,120.77,121.10,119.02,119.54,11904270
2016-11-11,119.49,119.49,118.13,118.47,8118577
2016-11-14,118.58,118.99,116.50,116.60,10026630
2016-11-15,116.40,116.69,115.82,116.32,7446648
2016-11-16,116.65,116.78,116.08,116.36,6593499
2016-11-17,116.68,116.68,116.12,116.57,5724608
2016-11-18,115.79,115.92,114.81,115.36,7714342
2016-11-21,115.44,115.68,114.80,115.00,5843009
2016-11-22,114.59,115.00,112.27,112.74,11649450
2016-11-23,112.25,113.43,111.56,113.07,8462726
2016-11-25,113.60,114.23,113.38,114.13,3433340
2016-11-28,113.79,114.12,113.05,113.13,9025809
2016-11-29,112.95,113.41,112.17,112.48,7791426
2016-11-30,112.19,112.52,111.30,111.30,11172470
2016-12-01,111.36,111.54,111.00,111.38,8138568
2016-12-02,111.72,112.53,111.44,111.96,6163516
2016-12-05,112.40,112.42,111.73,111.94,5451514
2016-12-06,112.24,113.20,111.85,112.06,6530150
2016-12-07,111.89,111.89,109.32,111.10,11758630
2016-12-08,110.54,111.19,109.93,110.99,7774760
2016-12-09,111.41,112.43,111.20,112.26,7667549
2016-12-12,112.69,115.40,112.58,115.36,9522630
2016-12-13,115.53,115.97,115.01,115.89,6849757
2016-12-14,116.12,117.30,114.58,114.99,9378073
2016-12-15,115.33,115.92,114.89,115.89,6737431
2016-12-16,116.41,116.46,115.46,115.88,11291110
2016-12-19,116.07,116.66,115.94,116.02,6307348
2016-12-20,115.98,116.25,114.91,115.66,5714945
2016-12-21,116.20,116.20,114.74,115.31,5907736
2016-12-22,115.00,115.53,113.88,115.44,4602124
2016-12-23,115.40,116.32,115.30,115.96,2993283
2016-12-27,115.89,116.00,115.38,115.91,3232914
2016-12-28,115.88,116.16,115.05,115.10,3171943
2016-12-29,115.23,115.87,115.01,115.49,2993588
2016-12-30,115.80,115.99,114.97,115.21,5506726
2017-01-03,115.78,116.00,115.23,115.84,5952734
2017-01-04,115.50,116.23,115.31,115.65,5828492
2017-01-05,116.00,116.97,115.44,116.86,5739435
2017-01-06,116.67,117.00,115.76,116.30,5218381
2017-01-09,116.35,116.61,115.89,116.28,5454115
2017-01-10,116.03,117.00,115.87,116.16,5312768
2017-01-11,116.08,116.25,114.02,114.73,8880478
2017-01-12,114.27,114.73,113.37,114.62,6622687
2017-01-13,114.94,115.02,114.44,114.60,4735022
2017-01-17,113.94,115.05,113.67,114.87,6255415
2017-01-18,114.94,115.10,114.41,114.70,5014568
2017-01-19,114.68,114.90,113.92,114.20,5539459
2017-01-20,114.49,115.03,114.08,114.15,7499223
2017-01-23,114.51,114.77,113.80,113.91,7983810
2017-01-24,112.91,113.30,111.15,111.76,12432170
2017-01-25,111.93,112.80,110.76,112.80,9373419
2017-01-26,112.00,112.84,111.60,111.84,10163060
2017-01-27,112.00,113.54,111.90,113.38,8885852
2017-01-30,113.40,113.60,112.85,113.13,6964226
2017-01-31,112.79,113.40,112.43,113.25,8713170
2017-02-01,112.48,113.32,112.47,113.23,7081008
2017-02-02,112.82,113.62,112.77,113.57,7825354
2017-02-03,113.50,113.66,112.66,113.64,7267561
2017-02-06,113.46,113.59,112.62,113.40,6178403
2017-02-07,113.60,113.62,113.05,113.48,5507884
2017-02-08,113.30,113.69,113.15,113.40,5271595
2017-02-09,113.47,114.65,113.40,114.08,5854484
2017-02-10,114.32,115.99,114.23,115.24,6438530
2017-02-13,115.28,116.12,115.22,115.88,5708370
2017-02-14,115.44,116.40,115.32,116.36,5538935
2017-02-15,115.90,117.46,115.59,117.20,5978352
2017-02-16,117.00,118.28,117.00,118.08,7116860
2017-02-17,118.19,118.90,118.05,118.86,8689766
2017-02-21,118.40,119.89,118.32,119.66,8594948
2017-02-22,119.28,119.77,119.25,119.52,5100873
2017-02-23,119.52,121.90,119.48,121.70,9977400
2017-02-24,121.50,122.74,120.90,122.73,10827470
2017-02-27,122.13,122.88,122.10,122.40,5945993
2017-02-28,122.01,122.65,121.94,122.21,8885422
2017-03-01,122.49,124.45,122.42,123.86,9393865
2017-03-02,123.75,124.36,123.02,123.63,6947181
2017-03-03,123.41,123.93,123.23,123.79,5585401
2017-03-06,123.01,124.43,122.60,123.71,6670613
2017-03-07,122.58,124.46,122.39,123.83,6643988
2017-03-08,123.75,124.68,123.50,124.10,7909551
2017-03-09,124.58,126.21,124.17,125.95,8570092
2017-03-10,126.04,126.49,125.54,126.21,7394931
2017-03-13,125.83,126.95,125.79,126.68,7011289
2017-03-14,126.86,127.75,126.77,127.05,7679697
2017-03-15,127.05,129.00,126.60,128.96,8358693
2017-03-16,128.44,128.70,127.77,128.46,7605720
2017-03-17,128.45,128.94,127.95,128.06,13300760
2017-03-20,128.04,128.42,127.97,128.07,5827478
2017-03-21,128.38,128.45,127.14,127.25,7580185
2017-03-22,127.05,127.65,126.21,126.26,10264430
2017-03-23,126.10,127.00,125.66,125.90,8504865
2017-03-24,125.86,126.36,125.13,125.48,6489792
2017-03-27,125.16,126.14,125.15,125.80,5004273
2017-03-28,125.62,125.78,124.78,125.66,5287426
2017-03-29,125.05,125.33,124.36,124.92,3970484
2017-03-30,124.74,125.43,124.28,124.66,4711589
2017-03-31,124.11,124.83,124.03,124.55,5657510
2017-04-03,124.73,125.31,124.28,124.69,4956497
2017-04-04,124.51,124.77,124.22,124.68,5358383
2017-04-05,124.72,125.60,124.41,124.80,5644609
2017-04-06,124.85,125.46,124.50,125.05,4324381
2017-04-07,125.12,125.47,124.83,124.92,3614838
2017-04-10,124.87,124.95,124.23,124.34,4594187
2017-04-11,124.26,124.79,123.95,124.22,4161382
2017-04-12,124.54,125.46,124.36,125.40,5556451
2017-04-13,125.13,125.65,124.96,124.99,5396329
2017-04-17,125.02,125.81,124.93,125.72,5364067
2017-04-18,123.18,123.37,120.95,121.82,13485220
2017-04-19,122.10,122.28,121.11,121.37,6992934
2017-04-20,121.86,122.15,121.35,121.87,6329935
2017-04-21,121.78,122.04,121.54,121.76,6021266
2017-04-24,122.52,123.21,122.15,122.89,5451446
2017-04-25,123.34,123.75,123.01,123.43,5087104
2017-04-26,123.79,124.26,123.48,123.51,5021739
2017-04-27,123.58,124.31,123.40,123.74,4225165
2017-04-28,123.85,123.90,123.13,123.47,4381739
2017-05-01,123.40,123.78,123.00,123.34,4556359
2017-05-02,123.52,123.74,122.89,123.70,4817604
2017-05-03,123.59,123.70,123.04,123.33,3736277
2017-05-04,123.69,123.95,123.23,123.95,3753198
2017-05-05,123.80,123.80,122.86,123.51,4139294
2017-05-08,123.53,123.80,123.02,123.25,3608928
2017-05-09,123.23,123.47,122.88,123.21,3762470
2017-05-10,122.91,123.06,122.38,122.81,4237412
2017-05-11,122.50,123.21,122.34,123.20,4095572
2017-05-12,123.11,124.10,123.01,123.64,4097060
2017-05-15,124.41,127.36,124.33,126.99,9794254
2017-05-16,127.34,128.37,127.06,127.77,7232051
2017-05-17,126.60,127.89,126.45,126.67,6480085
2017-05-18,126.46,127.87,125.96,126.97,6571153
2017-05-19,127.03,127.39,126.44,127.00,6957165
2017-05-22,126.63,127.65,126.63,127.26,4858159
2017-05-23,127.31,128.15,127.31,127.52,3972921
2017-05-24,127.79,128.00,127.29,127.51,3967529
2017-05-25,126.74,127.62,126.33,127.53,5291963
2017-05-26,127.23,127.67,126.83,126.92,4005009
2017-05-30,126.70,127.39,126.19,127.11,3665304
2017-05-31,127.35,128.80,127.35,128.25,8820874
2017-06-01,128.32,128.78,128.12,128.78,5790898
2017-06-02,129.05,130.14,128.83,130.08,6562127
2017-06-05,129.97,130.70,129.80,130.36,4630663
2017-06-06,130.18,131.33,130.03,130.83,5618977
2017-06-07,131.00,131.48,130.58,130.75,5765471
2017-06-08,131.00,131.40,129.96,130.55,8059640
2017-06-09,130.37,131.70,130.31,131.53,5992981
2017-06-12,131.64,132.04,131.09,131.82,8020733
2017-06-13,131.75,132.73,131.40,132.02,5733699
2017-06-14,132.51,133.56,132.51,132.77,7325276
2017-06-15,132.00,133.35,131.81,133.04,5264953
2017-06-16,133.72,134.60,133.04,134.35,12348830
2017-06-19,134.15,134.68,133.49,134.07,7395744
2017-06-20,133.90,134.75,133.90,134.22,5201124
2017-06-21,134.29,135.11,134.02,134.91,5742634
2017-06-22,135.45,137.00,135.27,136.05,7121981
2017-06-23,135.45,136.51,135.32,136.43,8725772
2017-06-26,136.48,136.90,136.20,136.34,5506369
2017-06-27,136.50,136.73,134.99,135.01,6120001
2017-06-28,135.95,136.20,133.57,133.82,6557758
2017-06-29,133.40,133.73,132.31,132.64,5748322
2017-06-30,132.70,133.20,132.28,132.29,5264066
2017-07-03,132.79,133.32,132.65,132.90,2930998
2017-07-05,132.98,134.06,132.42,133.64,4302661
2017-07-06,133.61,133.97,132.41,132.52,4282214
2017-07-07,132.91,133.00,131.69,132.54,4754373
2017-07-10,132.74,132.87,131.23,131.55,4019415
2017-07-11,131.43,131.79,130.48,131.23,3731521
2017-07-12,132.04,132.89,131.77,132.23,5053093
2017-07-13,132.10,132.22,130.99,131.86,4424392
2017-07-14,132.00,133.00,131.74,132.60,4358202
2017-07-17,132.71,132.93,131.75,132.15,4923634
2017-07-18,131.62,134.95,131.08,134.46,10184290
2017-07-19,134.84,135.41,134.52,135.21,5343284
2017-07-20,135.73,137.08,135.62,136.57,6082586
2017-07-21,135.33,136.27,135.10,135.31,6773409
2017-07-24,134.99,135.16,132.85,133.01,8244387
2017-07-25,133.74,133.85,131.45,131.88,6256493
2017-07-26,131.66,132.24,130.75,130.95,5381100
2017-07-27,130.85,131.15,129.57,130.83,5838020
2017-07-28,131.14,131.99,130.52,131.85,4689777
2017-07-31,132.14,133.58,132.10,132.72,5440751
2017-08-01,133.17,133.35,132.28,132.51,3823335
2017-08-02,132.08,132.50,131.50,132.16,4029293
2017-08-03,131.91,133.40,131.51,133.35,4327164
2017-08-04,133.74,134.01,132.80,133.18,3190320
2017-08-07,133.09,133.48,132.51,132.86,3010654
2017-08-08,132.50,132.80,131.40,132.27,5514561
2017-08-09,132.81,133.41,132.37,133.23,6332347
2017-08-10,133.04,133.85,132.37,133.09,5607311
2017-08-11,133.64,134.49,132.75,133.10,4270571
2017-08-14,134.20,134.37,132.87,133.48,3040989
2017-08-15,133.85,133.94,133.19,133.38,3931758
2017-08-16,134.08,134.97,133.86,134.17,4469862
2017-08-17,134.18,134.74,133.03,133.04,5547902
2017-08-18,132.67,133.78,132.38,132.63,4661580
2017-08-21,132.28,133.65,132.19,133.45,4534446
2017-08-22,133.27,134.79,132.90,134.70,4147259
2017-08-23,134.43,134.49,132.65,132.80,5126588
2017-08-24,132.82,133.08,132.27,132.89,5398132
2017-08-25,131.91,132.56,131.62,131.68,4131779
2017-08-28,131.68,132.12,131.49,131.74,5348181
2017-08-29,131.57,132.45,131.30,132.21,3277861
2017-08-30,132.00,132.00,130.90,131.07,5426760
2017-08-31,131.39,132.50,131.25,132.37,7407073
2017-09-01,132.60,132.65,130.94,131.03,3820314
2017-09-05,130.72,131.18,129.72,129.90,5148145
2017-09-06,130.54,131.00,130.21,130.67,5599937
2017-09-07,130.86,132.52,130.25,132.19,3800199
2017-09-08,132.00,132.34,130.87,130.98,4854414
2017-09-11,131.37,133.34,131.02,133.21,5715415
2017-09-12,133.83,133.88,131.93,132.63,5468924
2017-09-13,132.67,133.75,131.85,132.45,4677048
2017-09-14,132.14,134.47,131.99,134.18,6273788
2017-09-15,134.79,135.45,134.18,134.45,15508590
2017-09-18,134.44,135.77,134.11,135.38,5261393
2017-09-19,135.02,135.79,134.35,135.22,4900976
2017-09-20,133.25,134.29,132.34,133.22,7542845
2017-09-21,133.31,133.82,131.38,131.75,6026614
2017-09-22,131.99,132.39,131.27,131.39,4332430
2017-09-25,131.47,131.76,130.83,131.17,6017418
2017-09-26,131.50,131.94,130.82,130.94,3692728
2017-09-27,131.00,131.09,129.43,129.75,5781672
2017-09-28,129.91,130.27,129.29,129.47,3992032
2017-09-29,129.58,130.47,129.05,130.01,5700701
2017-10-02,130.16,131.33,130.02,131.22,4483751
2017-10-03,131.65,132.40,131.36,132.10,3900754
2017-10-04,132.40,133.18,132.10,132.89,3586327
2017-10-05,132.89,133.31,132.36,133.19,3740875
2017-10-06,133.00,133.25,132.48,133.22,2469471
2017-10-09,133.66,133.81,133.17,133.45,3750978
2017-10-10,133.56,134.13,132.92,133.90,4184558
2017-10-11,134.88,137.08,134.37,136.65,8268128
2017-10-12,136.34,137.52,136.02,136.83,5311047
2017-10-13,136.60,137.42,136.34,136.43,4106431
2017-10-16,136.45,137.26,135.54,136.12,5119364
2017-10-17,137.67,141.12,137.06,140.79,11597750
2017-10-18,140.79,141.58,140.07,140.68,6823119
2017-10-19,140.71,142.98,140.53,142.04,9180957
2017-10-20,142.38,143.62,141.83,142.40,5634523
2017-10-23,142.13,144.35,142.08,143.62,6685083
2017-10-24,143.38,143.38,140.93,141.64,6533349
2017-10-25,141.16,143.23,140.96,142.36,6563480
2017-10-26,142.51,143.75,141.38,141.81,5839327
2017-10-27,141.00,142.70,140.20,141.78,5140589
2017-10-30,141.08,141.21,139.32,140.00,6034336
2017-10-31,140.02,140.26,138.98,139.41,4825995
2017-11-01,139.83,140.59,139.34,139.98,5006301
2017-11-02,140.11,140.29,139.11,139.93,3493520
2017-11-03,139.73,140.40,139.30,140.08,2736651
2017-11-06,140.01,140.49,139.72,139.76,4220629
2017-11-07,140.08,140.15,138.91,139.77,4194070
2017-11-08,139.70,141.87,139.46,141.32,4440694
2017-11-09,140.86,141.41,139.80,140.35,3516662
2017-11-10,140.13,140.13,138.61,139.56,4240286
2017-11-13,139.01,140.02,138.42,139.76,4322275
2017-11-14,139.57,140.28,138.92,139.49,4078193
2017-11-15,139.23,139.83,138.75,139.10,3743866
2017-11-16,139.42,139.68,138.64,138.87,4174302
2017-11-17,138.30,138.86,137.89,138.00,4126085
2017-11-20,138.15,138.56,137.74,137.93,4265654
2017-11-21,138.45,139.26,138.19,138.34,5656820
2017-11-22,138.30,138.38,136.60,137.29,3917359
2017-11-24,137.50,138.38,137.31,138.01,2606832
2017-11-27,137.51,138.31,137.48,138.10,3933046
2017-11-28,138.30,140.53,138.25,140.02,5052471
2017-11-29,140.22,140.63,138.95,139.81,5849832
2017-11-30,140.06,140.28,138.48,139.33,8941891
2017-12-01,139.57,140.53,138.60,139.98,5986547
2017-12-04,140.62,141.50,138.93,139.01,5916532
2017-12-05,139.88,140.81,139.20,139.67,6745123
2017-12-06,140.25,141.96,140.19,141.06,5309744
2017-12-07,141.00,141.50,139.26,140.01,4713146
2017-12-08,140.00,140.76,139.80,140.59,4400597
2017-12-11,140.10,141.17,139.83,141.14,4358269
2017-12-12,142.06,143.57,142.04,142.60,8016720
2017-12-13,142.50,143.43,142.21,142.89,6118375
2017-12-14,143.52,143.62,141.61,141.65,5334000
2017-12-15,142.48,143.14,141.78,142.46,12516470
2017-12-18,142.56,143.80,141.40,141.80,5833146
2017-12-19,141.89,142.38,141.36,141.78,6573080
2017-12-20,142.26,142.58,141.08,141.16,5955152
2017-12-21,141.59,142.17,141.02,141.06,5863130
2017-12-22,141.00,141.35,140.04,140.12,4665582
2017-12-26,140.46,140.54,139.68,140.09,3271050
2017-12-27,140.42,141.15,140.20,140.57,3753579
2017-12-28,140.70,141.00,140.33,140.56,2484927
2017-12-29,140.98,141.21,139.58,139.72,4452674
2018-01-02,139.66,139.95,138.72,139.23,6841910
2018-01-03,139.36,140.68,138.90,140.56,5243114
2018-01-04,140.45,141.14,140.22,140.55,4837047
2018-01-05,140.69,141.82,140.28,141.71,6157144
2018-01-08,141.70,142.00,140.92,141.89,5129754
2018-01-09,142.37,145.68,142.26,144.14,8893371
2018-01-10,143.55,144.16,143.32,143.97,6558622
2018-01-11,144.13,144.90,143.69,144.79,4962043
2018-01-12,144.99,146.42,144.90,145.76,5450265
2018-01-16,146.42,148.06,146.03,146.86,7865458
2018-01-17,147.84,148.32,145.48,146.98,10619510
2018-01-18,146.93,147.44,145.97,146.92,5553288
2018-01-19,147.46,147.65,146.42,147.36,8705833
2018-01-22,147.01,148.14,146.72,148.14,6936948
2018-01-23,146.96,147.44,141.62,141.83,17387940
2018-01-24,143.50,143.56,141.80,142.07,12456280
2018-01-25,142.31,144.66,142.21,144.40,7926925
2018-01-26,144.50,145.60,144.13,145.33,7590128
2018-01-29,144.85,144.94,143.53,143.68,8007882
2018-01-30,143.40,143.82,142.43,142.43,8288638
2018-01-31,142.57,142.57,138.10,138.19,13125620
2018-02-01,137.53,140.67,137.00,140.02,9380896
2018-02-02,139.02,140.36,137.38,137.68,9257577
2018-02-05,136.58,137.00,122.15,130.39,19559500
2018-02-06,130.01,132.99,128.00,131.83,19168620
2018-02-07,131.89,133.43,131.35,131.42,10517770
2018-02-08,130.91,131.25,126.11,126.36,11673810
2018-02-09,127.52,130.92,125.44,129.53,14962250
2018-02-12,130.00,131.32,127.68,130.27,9963731
2018-02-13,129.21,130.60,128.70,129.96,6335714
2018-02-14,129.44,130.01,128.39,129.67,6259257
2018-02-15,130.10,131.28,129.40,131.23,5594496
2018-02-16,130.96,134.45,130.84,133.15,7965393
2018-02-20,132.87,133.45,130.66,130.87,6562691
2018-02-21,130.80,132.43,129.86,129.91,6568365
2018-02-22,130.10,131.02,129.48,129.91,5731881
2018-02-23,130.09,132.08,130.02,132.02,5120872
2018-02-26,131.71,133.41,131.00,132.07,6683112
2018-02-27,132.21,133.09,131.60,131.67,7101343
2018-02-28,131.95,132.33,129.87,129.88,7983393
2018-03-01,129.11,130.12,126.52,127.28,9252401
2018-03-02,126.91,129.11,126.91,128.82,6908551
2018-03-05,128.63,130.30,128.18,129.79,5799756
2018-03-06,130.00,130.20,127.92,128.22,5541885
2018-03-07,127.48,129.33,127.27,129.04,6389910
2018-03-08,129.33,132.30,129.33,132.06,6888710
2018-03-09,132.51,133.82,131.56,133.80,7259408
2018-03-12,133.80,134.23,132.32,132.63,4941896
2018-03-13,133.80,135.39,133.45,134.35,9148962
2018-03-14,135.24,135.70,131.90,132.32,6770089
2018-03-15,132.55,134.24,132.47,133.06,6147108
2018-03-16,133.16,134.40,132.10,133.68,14232980
2018-03-19,133.35,133.47,129.36,130.24,5987591
2018-03-20,130.78,131.78,129.38,131.21,6214209
2018-03-21,131.40,132.78,130.66,131.19,5152954
2018-03-22,130.47,130.68,127.10,127.38,7551409
2018-03-23,127.63,127.87,124.90,125.10,8450246
2018-03-26,126.41,127.54,125.21,127.39,8357935
2018-03-27,127.11,129.10,126.39,127.21,7788761
2018-03-28,127.63,129.02,127.21,127.45,6868531
2018-03-29,127.97,128.76,126.82,128.15,6119424
2018-04-02,127.82,127.88,123.54,124.56,8890864
2018-04-03,125.18,128.49,124.68,128.35,8034690
2018-04-04,126.90,131.12,126.39,130.41,7497536
2018-04-05,130.41,131.20,129.50,130.71,5594740
2018-04-06,130.22,130.64,126.41,128.10,6359695
2018-04-09,128.65,131.14,127.68,129.48,6394732
2018-04-10,130.25,130.91,129.29,130.25,6062936
2018-04-11,129.14,130.35,129.03,129.63,4574560
2018-04-12,130.09,131.31,129.86,130.43,4531503
2018-04-13,131.09,131.42,129.63,130.62,4741975
2018-04-16,131.41,132.88,131.28,131.76,6371955
2018-04-17,132.11,132.20,128.81,130.54,11002620
2018-04-18,129.69,129.90,126.94,127.72,9381341
2018-04-19,127.63,128.27,126.89,127.55,5892891
2018-04-20,128.00,128.30,126.17,126.66,7742356
2018-04-23,126.88,127.30,125.78,126.83,7375899
2018-04-24,126.94,127.46,125.31,126.19,6577044
2018-04-25,125.91,126.85,125.28,126.76,5841729
2018-04-26,126.62,129.22,126.62,128.01,8072369
2018-04-27,127.73,128.79,127.50,128.27,4266651
2018-04-30,128.86,128.98,126.49,126.49,8217766
2018-05-01,126.32,126.64,124.97,126.01,5122215
2018-05-02,125.52,126.18,123.20,123.50,7317397
2018-05-03,123.30,123.69,121.28,123.03,7282779
2018-05-04,122.60,124.51,121.80,124.19,6125068
2018-05-07,124.14,125.24,123.32,123.59,6710686
2018-05-08,122.86,123.49,121.69,122.61,5942045
2018-05-09,122.99,124.05,122.53,123.51,6807684
2018-05-10,124.22,126.05,124.00,125.35,4947698
2018-05-11,125.77,127.60,125.76,127.24,5716461
2018-05-14,127.35,127.61,125.60,126.06,6101624
2018-05-15,125.54,125.83,124.40,125.13,5874364
2018-05-16,125.44,125.90,125.00,125.35,3802599
2018-05-17,125.49,125.59,123.55,123.85,6452206
2018-05-18,123.78,124.44,123.28,124.24,5432512
2018-05-21,124.62,124.99,123.32,123.72,5550196
2018-05-22,123.80,124.24,122.76,122.91,7170167
2018-05-23,122.87,123.97,122.74,123.45,4930681
2018-05-24,123.22,123.39,121.55,122.25,6920528
2018-05-25,121.56,122.80,121.13,121.47,4594738
2018-05-29,120.50,120.80,118.62,119.40,9820181
2018-05-30,120.12,121.58,119.54,120.97,6422574
2018-05-31,120.92,121.25,119.54,119.62,10335900
2018-06-01,120.38,121.32,119.97,121.26,5740366
2018-06-04,121.85,122.37,121.02,121.95,4851726
2018-06-05,122.05,122.56,120.90,121.48,5123041
2018-06-06,121.97,122.79,121.46,122.79,6798091
2018-06-07,123.00,123.49,122.27,123.33,7412738
2018-06-08,123.36,124.84,123.33,124.06,6207388
2018-06-11,124.27,124.34,122.55,122.66,5502245
2018-06-12,123.16,123.18,121.95,122.54,5207920
2018-06-13,123.15,124.09,122.46,122.63,5689761
2018-06-14,122.71,123.15,122.09,122.41,5238722
2018-06-15,122.10,122.73,121.24,122.61,13172950
2018-06-18,121.61,121.81,120.25,121.32,6783598
2018-06-19,120.66,123.17,120.57,122.57,8569090
2018-06-20,122.42,122.66,121.66,122.04,6275329
2018-06-21,121.83,122.24,121.11,121.45,4417134
2018-06-22,121.68,123.38,121.65,122.84,10231590
2018-06-25,122.82,123.43,121.51,122.59,8084394
2018-06-26,122.49,122.89,121.60,122.35,5492642
2018-06-27,122.13,122.97,121.45,121.61,5665840
2018-06-28,121.78,122.41,121.07,122.00,5296030
2018-06-29,122.24,123.18,121.19,121.34,7308698
2018-07-02,121.34,121.73,120.11,121.58,5362766
2018-07-03,121.65,123.46,121.26,122.71,4248060
2018-07-05,123.60,125.12,123.23,125.00,7314204
2018-07-06,125.16,125.92,124.61,125.75,7297581
2018-07-09,126.22,126.75,125.60,126.05,6702093
2018-07-10,126.37,127.52,126.11,127.38,5069308
2018-07-11,127.41,127.44,126.06,126.24,4815507
2018-07-12,127.71,128.21,127.17,127.76,6167397
2018-07-13,125.32,127.50,125.32,125.93,8236247
2018-07-16,126.00,126.10,124.16,124.69,7311339
2018-07-17,128.53,130.54,127.56,129.11,12849710
2018-07-18,128.81,129.05,127.17,127.80,6991560
2018-07-19,127.53,127.70,125.87,125.94,5903095
2018-07-20,125.30,126.14,125.12,125.85,5835531
2018-07-23,125.75,126.68,125.45,126.63,4425883
2018-07-24,127.24,129.62,127.15,129.36,7158631
2018-07-25,129.14,129.23,127.65,128.62,6522827
2018-07-26,129.90,131.22,129.85,130.28,7638927
2018-07-27,129.98,132.27,129.94,131.55,6620170
2018-07-30,131.78,132.49,131.25,132.17,11012580
2018-07-31,132.28,132.64,131.77,132.52,7556829
2018-08-01,132.39,132.96,132.08,132.64,5770410
2018-08-02,132.89,133.00,131.09,131.25,6563338
2018-08-03,131.18,132.70,130.90,131.95,6498713
2018-08-06,131.64,132.53,131.01,132.02,5840034
2018-08-07,131.88,132.17,131.30,131.46,4626774
2018-08-08,131.49,131.80,130.89,131.17,3721547
2018-08-09,131.54,131.72,130.67,131.20,3849559
2018-08-10,131.19,131.63,130.26,130.75,4321842
2018-08-13,130.72,130.90,129.85,130.22,3760818
2018-08-14,129.67,130.47,129.35,129.50,4514231
2018-08-15,129.75,130.74,128.93,130.43,5346519
2018-08-16,131.02,132.88,130.57,132.48,7788872
2018-08-17,132.45,135.00,132.19,134.47,6698662
2018-08-20,134.93,137.12,134.00,136.88,7875831
2018-08-21,137.00,137.43,135.30,135.35,5826363
2018-08-22,135.56,135.68,134.42,134.61,4688412
2018-08-23,134.61,135.49,134.10,135.11,5055783
2018-08-24,135.11,136.15,134.83,135.95,4809388
2018-08-27,135.50,136.05,134.21,134.92,4325876
2018-08-28,134.78,134.90,133.89,134.32,6037014
2018-08-29,134.32,134.94,133.94,134.86,4648614
2018-08-30,134.70,135.60,134.60,134.95,4821940
2018-08-31,134.60,135.00,133.97,134.69,6130260
2018-09-04,134.69,134.75,133.44,133.72,4406324
2018-09-05,133.48,135.94,133.46,135.86,6174811
2018-09-06,135.50,137.31,135.18,136.87,6556556
2018-09-07,136.78,137.69,135.75,137.32,6374329
2018-09-10,137.53,138.47,137.06,137.21,4794313
2018-09-11,137.64,138.91,137.22,138.51,7834011
2018-09-12,138.90,139.99,138.56,139.36,6744443
2018-09-13,139.89,140.48,139.02,139.89,6111004
2018-09-14,140.00,140.35,139.10,139.49,4322968
2018-09-17,139.33,140.40,139.18,139.96,5144209
2018-09-18,140.27,140.84,139.83,140.54,4563751
2018-09-19,140.76,140.99,140.05,140.46,5049188
2018-09-20,140.82,142.14,140.51,141.98,4995902
2018-09-21,142.18,143.13,141.69,142.88,13099350
2018-09-24,142.10,142.50,140.23,140.47,6677846
2018-09-25,140.53,140.96,138.40,138.64,7716268
2018-09-26,138.95,140.00,137.96,138.16,6967068
2018-09-27,138.45,139.58,137.57,138.22,6392637
2018-09-28,138.10,138.56,137.41,138.17,5801928
2018-10-01,138.26,139.85,138.00,139.69,4839384
2018-10-02,139.79,140.73,139.65,140.48,5920004
2018-10-03,140.54,141.27,138.88,139.03,5134538
2018-10-04,138.55,139.53,137.32,139.35,4626908
2018-10-05,139.80,140.25,138.56,139.10,4308720
2018-10-08,138.90,139.68,138.62,139.39,4458531
2018-10-09,138.74,139.62,137.81,139.20,4474698
2018-10-10,139.35,140.46,137.73,137.73,6702824
2018-10-11,137.91,138.66,132.88,133.84,11589230
2018-10-12,134.40,134.41,132.23,133.87,6853987
2018-10-15,133.88,135.30,133.51,133.95,6377165
2018-10-16,134.75,137.99,134.75,136.56,9327013
2018-10-17,136.23,140.00,136.21,139.46,8092183
2018-10-18,139.20,139.81,137.71,139.50,7296212
2018-10-19,138.34,140.00,137.91,139.05,5745483
2018-10-22,138.61,139.26,138.14,138.68,4637393
2018-10-23,137.79,139.49,137.45,138.93,8282673
2018-10-24,138.52,140.11,137.17,137.47,8136686
2018-10-25,137.46,139.09,135.05,138.47,9692758
2018-10-26,137.94,139.30,135.33,136.97,11365750
2018-10-29,136.99,139.10,136.22,137.55,6762493
2018-10-30,137.93,141.10,137.00,140.75,9625421
2018-10-31,141.00,141.43,139.61,139.99,9950798
2018-11-01,140.07,141.58,139.85,140.82,6572666
2018-11-02,141.97,142.00,139.66,140.68,7645374
2018-11-05,141.00,142.74,139.00,142.20,5581312
2018-11-06,141.53,142.83,141.06,142.57,5797605
2018-11-07,143.10,144.87,142.97,144.75,6986137
2018-11-08,144.31,145.79,144.00,145.30,5440152
2018-11-09,145.04,145.74,144.38,145.34,5343128
2018-11-12,144.99,146.24,144.73,145.62,7007089
2018-11-13,146.19,146.75,143.42,144.68,7318120
2018-11-14,145.02,145.31,143.56,144.25,6426460
2018-11-15,143.41,144.51,142.48,144.50,6657825
2018-11-16,144.71,146.74,144.55,145.99,7971861
2018-11-19,146.43,148.44,146.37,147.73,8709192
2018-11-20,147.50,148.75,146.35,146.45,8937629
2018-11-21,146.23,146.23,140.78,141.99,10275090
2018-11-23,141.85,142.73,141.60,142.23,3404882
2018-11-26,142.00,142.05,140.72,141.37,7565570
2018-11-27,140.57,143.35,139.66,143.22,5961075
2018-11-28,143.83,146.56,143.36,146.44,8262289
2018-11-29,145.62,147.20,144.84,145.85,6764979
2018-11-30,145.34,147.00,145.10,146.90,12513380
2018-12-03,145.57,146.63,144.94,146.21,8670766
2018-12-04,146.32,148.99,145.82,146.03,9455653
2018-12-06,144.50,146.45,142.79,145.91,11229670
2018-12-07,145.49,147.34,144.12,145.43,9299936
2018-12-10,145.39,145.88,142.38,145.26,6828853
2018-12-11,146.29,148.21,145.79,146.50,8272025
2018-12-12,147.00,148.49,147.00,147.10,8869173
2018-12-13,146.96,148.59,146.80,147.84,5983317
2018-12-14,144.34,145.38,130.20,133.00,58124730
2018-12-17,128.32,131.65,126.83,129.14,36854740
2018-12-18,132.05,132.80,129.20,130.42,23589620
2018-12-19,129.87,131.35,127.09,127.61,21220840
2018-12-20,127.72,129.75,126.76,128.27,16094130
2018-12-21,127.80,130.60,127.12,128.09,19631160
2018-12-24,127.30,128.00,121.00,122.84,7531885
2018-12-26,123.42,126.76,122.01,126.71,9236009
2018-12-27,125.87,127.41,123.07,127.41,9848557
2018-12-28,127.91,128.75,126.75,127.27,6301850
2018-12-31,128.18,129.55,127.42,129.05,6964740
2019-01-02,128.13,128.38,126.28,127.75,6985739
2019-01-03,128.13,128.27,125.36,125.72,8597698
2019-01-04,127.12,128.65,126.73,127.83,8746471
2019-01-07,127.63,128.35,126.80,127.01,8381321
2019-01-08,128.18,130.50,127.73,129.96,9198666
2019-01-09,129.83,130.24,128.33,128.93,7400359
2019-01-10,127.69,129.89,127.69,129.71,6217193
2019-01-11,129.00,129.84,128.31,129.75,5296821
2019-01-14,128.74,128.96,127.59,128.28,7362039
2019-01-15,128.52,129.49,127.65,129.36,5149230
2019-01-16,129.41,129.41,127.90,128.04,6194415
2019-01-17,127.71,129.52,127.46,129.09,7457899
2019-01-18,129.90,131.18,129.45,130.69,10584780
2019-01-22,128.20,129.50,127.01,128.80,10543790
2019-01-23,128.50,129.30,127.93,128.80,9230022
2019-01-24,128.49,128.70,125.00,127.03,9913640
2019-01-25,128.13,128.45,127.18,128.23,7585115
2019-01-28,127.81,129.15,127.29,128.99,6886728
2019-01-29,128.95,130.47,128.50,130.33,6593286
2019-01-30,130.37,132.19,130.30,131.64,7200648
2019-01-31,131.63,135.19,130.87,133.08,17259950
2019-02-01,134.02,134.69,133.47,134.20,9485474
2019-02-04,133.96,134.15,132.21,132.88,7728385
2019-02-05,133.52,133.88,132.75,132.88,6364450
2019-02-06,133.08,133.56,132.30,133.00,5065673
2019-02-07,132.45,132.64,131.53,132.05,6082234
2019-02-08,131.95,132.46,131.54,132.40,4436608
2019-02-11,132.31,132.67,131.26,132.00,4962197
2019-02-12,132.08,134.30,132.08,134.16,6237991
2019-02-13,134.07,134.98,133.21,134.45,7727235
2019-02-14,134.30,134.82,133.35,134.31,3910400
2019-02-15,135.19,136.41,135.01,136.38,6660029
2019-02-19,136.14,136.38,135.63,135.69,5854777
2019-02-20,135.97,136.73,135.73,136.35,5677567
2019-02-21,134.98,135.79,134.27,135.42,6475773
2019-02-22,135.29,136.64,134.82,136.60,5222557
2019-02-25,136.35,137.49,135.86,136.20,6846220
2019-02-26,136.44,136.96,136.05,136.11,5106308
2019-02-27,135.52,136.25,135.39,135.87,4378013
2019-02-28,135.95,137.95,135.69,136.64,10090530
2019-03-01,137.22,138.61,137.01,138.35,5534214
2019-03-04,138.85,139.41,137.51,138.48,8361996
2019-03-05,138.81,139.14,138.36,138.77,6420178
2019-03-06,139.47,139.65,138.60,139.09,6233386
2019-03-07,138.53,139.12,137.70,138.24,6098258
2019-03-08,138.09,139.30,136.42,138.06,7046679
2019-03-11,138.11,139.03,137.52,138.56,6149884
2019-03-12,138.65,140.00,138.50,139.18,5552794
2019-03-13,139.59,139.84,139.02,139.41,6166512
2019-03-14,138.34,138.80,137.94,138.02,8488611
2019-03-15,138.00,138.26,136.83,137.60,11922510
2019-03-18,137.65,137.78,136.72,137.17,6995326
2019-03-19,137.61,138.82,137.47,138.44,5717594
2019-03-20,138.33,138.51,136.65,137.29,5409839
2019-03-21,137.00,138.78,136.95,138.10,5764916
2019-03-22,137.75,138.39,136.86,136.91,6525925
2019-03-25,136.91,137.01,135.74,136.61,4500291
2019-03-26,136.93,139.27,136.93,138.57,4758601
2019-03-27,138.59,139.48,138.07,138.70,6708470
2019-03-28,139.06,139.46,138.71,138.88,4486248
2019-03-29,139.28,139.88,138.88,139.79,7087185
2019-04-01,139.99,140.29,138.74,138.98,5372503
2019-04-02,139.01,139.01,136.91,137.71,5128936
2019-04-03,138.20,138.24,136.87,137.17,5945714
2019-04-04,136.87,137.00,135.13,135.57,5844556
2019-04-05,136.04,136.58,135.70,136.18,4643231
2019-04-08,136.05,136.51,135.70,136.14,4329575
2019-04-09,136.00,136.26,134.56,135.57,5194452
2019-04-10,135.89,136.13,135.33,135.58,3988460
2019-04-11,135.96,136.18,134.42,135.21,4485058
2019-04-12,135.22,136.35,134.75,135.98,5704494
2019-04-15,136.00,136.79,135.80,136.52,5038056
2019-04-16,138.32,140.70,137.56,138.02,10745650
2019-04-17,139.00,140.15,137.67,138.52,9477638
2019-04-18,139.35,140.24,135.75,137.52,10477560
2019-04-22,136.98,138.49,136.46,137.83,4433795
2019-04-23,137.42,140.85,137.25,139.90,5761125
2019-04-24,139.65,140.14,138.86,139.20,5666841
2019-04-25,138.52,139.77,137.96,139.65,5044214
2019-04-26,139.88,140.52,139.31,140.39,4364653
2019-04-29,140.35,140.43,139.58,139.84,4214567
2019-04-30,140.19,141.45,138.96,141.20,5993418
2019-05-01,140.95,142.35,139.75,141.95,6656335
2019-05-02,141.91,142.15,140.12,141.28,8835587
2019-05-03,141.29,142.09,141.08,142.01,5281630
2019-05-06,140.25,142.24,139.93,142.09,5818880
2019-05-07,140.82,141.38,139.06,139.97,6606664
2019-05-08,140.20,140.92,139.70,139.79,4667257
2019-05-09,138.95,139.32,137.64,138.73,5604201
2019-05-10,138.43,139.25,136.41,139.05,4771626
2019-05-13,137.85,138.06,136.53,137.20,5560421
2019-05-14,137.04,137.84,136.73,136.82,7179438
2019-05-15,136.90,137.49,135.33,136.91,6429352
2019-05-16,137.39,139.19,136.97,138.21,6857180
2019-05-17,137.00,139.03,136.86,138.61,6915286
2019-05-20,138.61,138.96,137.68,138.42,4771127
2019-05-21,139.12,139.57,138.08,138.12,4859048
2019-05-22,138.35,138.95,137.49,138.76,5456839
2019-05-23,138.50,139.85,137.67,139.79,6951797
2019-05-24,139.50,139.50,138.56,138.85,5473499
2019-05-28,139.00,140.49,137.00,137.07,11919580
2019-05-29,135.89,135.89,128.52,131.33,23247410
2019-05-30,131.44,132.82,131.17,132.11,7361016
2019-05-31,131.52,132.00,129.61,131.15,7810987
2019-06-03,131.50,132.40,131.04,131.44,8434761
2019-06-04,132.60,134.30,132.58,133.73,6649100
2019-06-05,134.70,135.13,133.86,134.38,6860551
2019-06-06,134.90,137.66,134.59,136.68,9115846
2019-06-07,137.59,139.59,137.14,138.55,6533960
2019-06-10,138.60,139.15,137.60,139.02,4994790
2019-06-11,139.68,140.66,139.50,139.78,8230527
2019-06-12,140.30,142.91,140.30,141.68,9216636
2019-06-13,141.72,141.95,140.21,140.71,7500807
2019-06-14,141.23,141.49,140.04,140.09,6548166
2019-06-17,140.00,140.24,139.21,139.44,5562791
2019-06-18,140.56,140.93,139.79,140.23,7122711
2019-06-19,140.01,140.97,139.91,140.45,6393620
2019-06-20,141.25,142.40,141.00,142.21,7335833
2019-06-21,141.46,142.43,141.01,142.09,11272210
2019-06-24,142.42,143.70,142.09,143.06,5894683
2019-06-25,143.27,144.98,143.19,144.24,7517135
2019-06-26,143.85,143.85,140.76,141.85,7674128
2019-06-27,142.23,142.50,140.60,140.69,5233481
2019-06-28,140.74,141.10,138.50,139.28,12792460
2019-07-01,140.20,140.26,138.72,139.36,5875080
2019-07-02,139.22,140.03,138.69,140.03,4501207
2019-07-03,141.00,142.18,140.79,142.14,3436339
2019-07-05,141.74,141.86,140.37,140.57,4652419
2019-07-08,140.12,141.08,139.63,140.97,4078372
2019-07-09,141.46,142.47,140.91,141.41,4217453
2019-07-10,141.78,141.99,140.67,141.21,4874373
2019-07-11,140.94,141.21,139.02,140.11,5817412
2019-07-12,140.12,140.12,132.32,134.30,17780110
2019-07-15,135.39,136.36,134.45,134.71,10038220
2019-07-16,132.93,133.83,131.75,132.50,10214540
2019-07-17,132.49,133.58,131.41,131.86,8862093
2019-07-18,132.13,132.51,131.17,132.07,6203739
2019-07-19,132.25,132.39,130.19,130.31,8340239
2019-07-22,130.00,130.15,127.84,128.64,12625510
2019-07-23,128.61,129.45,128.16,128.84,5803625
2019-07-24,128.88,129.79,128.57,129.78,6838620
2019-07-25,130.06,131.53,129.67,131.12,8897902
2019-07-26,131.30,131.30,130.49,130.73,4894714
2019-07-29,131.00,133.31,130.21,133.02,7831982
2019-07-30,132.47,132.49,131.27,132.08,5509621
2019-07-31,131.64,132.00,130.18,130.22,8559201
2019-08-01,130.26,130.74,129.02,130.29,7870738
2019-08-02,130.86,131.47,129.77,131.07,6574944
2019-08-05,130.91,131.46,129.01,130.16,9480016
2019-08-06,130.34,131.22,129.59,130.77,7880567
2019-08-07,129.36,130.91,128.19,130.21,6771743
2019-08-08,130.98,131.94,130.23,131.68,5260533
2019-08-09,131.80,132.76,131.23,132.04,4677327
2019-08-12,131.50,132.70,131.29,131.93,6852115
2019-08-13,132.30,134.10,132.00,133.42,5101835
2019-08-14,132.53,132.54,130.13,130.26,7736420
2019-08-15,130.17,131.07,129.25,130.54,7251225
2019-08-16,131.47,131.67,130.59,131.36,5858866
2019-08-19,132.50,132.57,131.82,132.25,4958004
2019-08-20,131.96,132.66,130.46,130.60,7302016
2019-08-21,131.70,132.41,130.85,131.53,6914009
2019-08-22,131.60,132.13,130.80,131.27,7213567
2019-08-23,131.07,131.26,127.13,127.73,15714750
2019-08-26,127.42,128.08,126.63,127.80,8916621
2019-08-27,129.88,132.40,129.10,129.64,20186780
2019-08-28,127.86,128.87,127.01,128.68,9885221
2019-08-29,128.84,129.20,126.83,128.24,6750113
2019-08-30,128.27,129.10,127.62,128.36,7371134
2019-09-03,127.99,128.98,127.51,128.74,5710249
2019-09-04,129.49,129.59,128.08,128.86,4821460
2019-09-05,129.90,129.90,128.31,128.58,4754074
2019-09-06,128.88,129.23,128.07,128.21,6758329
2019-09-09,128.00,128.16,126.59,126.95,7684665
2019-09-10,127.34,129.55,126.34,129.55,8239733
2019-09-11,129.86,131.28,129.08,131.17,6203628
2019-09-12,131.36,131.77,130.06,130.43,5250032
2019-09-13,131.33,131.57,129.96,130.78,5369774
2019-09-16,130.11,130.75,129.33,129.54,5101689
2019-09-17,129.60,130.50,129.11,129.67,5002870
2019-09-18,129.90,130.56,128.78,130.41,4450707
2019-09-19,129.63,131.19,129.36,130.11,4857275
2019-09-20,131.00,132.00,130.29,131.65,12335330
2019-09-23,131.02,132.05,130.49,131.74,5422371
2019-09-24,132.10,132.78,131.34,131.55,7131472
2019-09-25,131.50,131.57,130.23,130.99,4569635
2019-09-26,131.09,131.31,128.03,128.85,7706003
2019-09-27,128.61,129.40,126.70,128.60,6006690
2019-09-30,129.07,130.28,129.00,129.38,6825489
2019-10-01,130.02,130.80,129.77,129.99,7706218
2019-10-02,132.76,134.70,131.22,132.00,12088620
2019-10-03,131.64,132.37,130.01,131.19,7413819
2019-10-04,131.34,133.72,131.25,133.66,7240361
2019-10-07,133.09,133.82,132.14,133.16,5437161
2019-10-08,132.45,133.26,131.49,131.84,7926935
2019-10-09,131.14,131.25,128.52,129.22,7854729
2019-10-10,128.95,130.12,128.63,129.06,5265916
2019-10-11,131.14,132.62,130.82,131.33,7187687
2019-10-14,131.36,131.36,130.42,130.72,5851866
2019-10-15,133.00,134.25,132.10,132.84,10048880
2019-10-16,134.90,136.59,133.80,135.17,12463870
2019-10-17,135.96,137.49,135.65,136.17,8612673
2019-10-18,133.31,134.39,127.70,127.70,25879460
2019-10-21,128.67,129.67,127.06,128.02,14107410
2019-10-22,128.76,130.54,128.09,129.20,7625647
2019-10-23,129.66,130.48,129.07,129.90,6722254
2019-10-24,130.42,130.58,126.10,127.50,12146360
2019-10-25,127.83,129.10,127.31,128.35,6947250
2019-10-28,128.62,130.00,128.51,129.18,7876303
2019-10-29,129.70,129.97,128.56,129.12,4506298
2019-10-30,133.30,133.53,131.73,132.84,9627603
2019-10-31,132.38,132.84,130.89,132.04,7686682
2019-11-01,132.05,133.00,131.14,131.20,5541792
2019-11-04,131.80,131.95,130.09,130.23,6140323
2019-11-05,130.53,131.47,129.68,130.42,6257266
2019-11-06,130.42,131.48,129.70,130.96,5450031
2019-11-07,131.73,132.38,131.01,131.43,5874081
2019-11-08,131.30,133.04,130.97,133.00,5003528
2019-11-11,132.27,132.52,131.33,131.98,4371362
2019-11-12,132.00,132.09,131.02,131.35,5229157
2019-11-13,131.04,131.49,130.72,131.27,5921414
2019-11-14,131.03,131.36,130.14,130.96,4217472
2019-11-15,131.25,134.97,130.78,134.94,10495620
2019-11-18,134.22,135.69,132.66,134.83,9293614
2019-11-19,135.00,135.19,134.21,134.82,5192243
2019-11-20,135.11,136.34,134.07,135.94,7600882
2019-11-21,135.94,136.85,135.00,136.44,6424868
2019-11-22,136.65,138.63,136.50,138.07,9235894
2019-11-25,137.06,137.65,136.24,137.18,6111909
2019-11-26,136.47,137.34,135.15,137.17,10637410
2019-11-27,137.16,138.25,136.90,137.75,5522951
2019-11-29,137.60,138.27,136.94,137.49,3278854
2019-12-02,137.72,137.85,136.85,137.36,4717317
2019-12-03,136.91,137.45,136.16,137.16,6419310
2019-12-04,138.50,139.74,138.04,139.38,7257393
2019-12-05,139.35,139.75,137.95,139.56,5473037
2019-12-06,139.46,141.58,139.46,140.38,6640534
2019-12-09,140.39,140.81,140.06,140.50,4260566
2019-12-10,140.80,141.00,139.91,139.99,5310783
2019-12-11,140.93,141.98,140.63,140.98,6631591
2019-12-12,141.32,142.06,140.73,141.34,5012506
2019-12-13,141.10,141.80,140.31,141.38,4257231
2019-12-16,141.73,142.85,141.49,141.79,5353158
2019-12-17,143.00,144.05,142.52,143.56,10724070
2019-12-18,143.72,143.88,142.74,143.19,7849413
2019-12-19,143.89,145.88,143.61,145.35,9874889
2019-12-20,146.88,147.84,144.80,146.06,14533000
2019-12-23,145.74,146.76,145.34,146.44,6559466
2019-12-24,146.00,146.01,145.26,145.93,4238924
2019-12-26,145.97,146.18,145.16,145.83,3020481
2019-12-27,146.20,146.55,145.54,145.75,3432686
2019-12-30,145.78,146.20,145.03,145.30,2923859
2019-12-31,145.10,146.01,144.78,145.87,4435105
2020-01-02,145.87,146.02,145.08,145.97,5634469
2020-01-03,143.50,145.37,143.00,144.28,5753422
2020-01-06,144.00,144.20,142.85,144.10,7731435
2020-01-07,144.01,145.45,141.38,144.98,7389034
2020-01-08,144.87,145.98,143.70,144.96,6605775
2020-01-09,145.76,146.03,144.99,145.39,6112783
2020-01-10,145.75,146.18,144.90,145.06,5042668
2020-01-13,145.48,145.79,144.72,145.70,4593819
2020-01-14,145.05,146.61,144.73,146.52,7038779
2020-01-15,146.40,147.40,146.24,147.01,4960460
2020-01-16,147.42,148.84,146.20,148.20,6476379
2020-01-17,148.41,149.41,147.93,149.17,9083838
2020-01-21,148.58,150.17,148.50,149.27,9543905
2020-01-22,146.70,149.18,146.00,148.25,10305330
2020-01-23,148.04,148.77,146.75,148.53,8671988
2020-01-24,148.58,148.94,147.93,148.32,9051933
2020-01-27,147.52,149.46,147.00,148.75,7587103
2020-01-28,148.46,150.57,148.15,149.50,7336636
2020-01-29,149.45,151.19,149.13,150.54,6288760
2020-01-30,150.03,150.51,149.05,150.36,6470584
2020-01-31,149.75,150.00,148.64,148.87,8651930
2020-02-03,149.42,150.49,149.24,150.17,5765413
2020-02-04,151.49,152.75,151.20,151.60,6541584
2020-02-05,151.72,154.02,151.31,153.99,5980013
2020-02-06,154.25,154.50,152.74,153.53,6201257
2020-02-07,153.34,153.46,151.55,151.89,5700295
2020-02-10,151.68,151.91,150.89,151.86,4836002
2020-02-11,152.29,152.38,151.54,151.99,3715389
2020-02-12,151.87,152.15,150.92,151.09,5167069
2020-02-13,150.16,151.04,149.88,150.09,5480225
2020-02-14,150.56,150.64,149.15,150.13,5716549
2020-02-18,150.47,150.74,149.06,149.14,7231010
2020-02-19,149.21,149.76,148.58,148.94,6115220
2020-02-20,148.61,149.38,147.40,148.37,7465047
2020-02-21,148.09,150.24,147.54,149.93,7776835
2020-02-24,146.50,149.00,145.25,145.91,10589200
2020-02-25,145.99,146.75,143.83,144.65,10529370
2020-02-26,145.35,146.22,143.59,143.68,10094400
2020-02-27,142.56,144.77,138.95,139.12,12566710
2020-02-28,135.36,137.29,130.82,134.48,19825530
2020-03-02,134.78,140.13,134.01,140.02,11508230
2020-03-03,140.00,140.99,133.10,135.59,13662450
2020-03-04,137.68,143.64,137.14,143.48,10560820
2020-03-05,140.80,142.68,139.84,142.01,11339190
2020-03-06,138.48,143.01,137.41,142.03,12239090
2020-03-09,136.33,139.68,134.90,136.44,13848570
2020-03-10,139.97,141.95,134.23,141.64,12698070
2020-03-11,138.09,138.75,131.50,131.80,17768060
2020-03-12,127.31,133.76,124.50,125.41,21539200
2020-03-13,129.32,134.92,124.65,134.29,20084150
2020-03-16,123.57,133.76,122.43,127.13,18877920
2020-03-17,128.55,136.77,127.81,136.59,18911760
2020-03-18,131.02,135.67,128.71,134.96,17521130
2020-03-19,134.99,134.99,126.15,127.05,18482340
2020-03-20,126.83,127.44,118.13,119.89,19785130
2020-03-23,117.00,118.56,109.16,111.14,20815230
2020-03-24,118.76,119.65,113.86,119.18,17604770
2020-03-25,118.91,123.96,116.70,119.40,13986050
2020-03-26,120.57,127.10,120.38,126.57,15068650
2020-03-27,121.65,127.62,120.58,123.16,12133220
2020-03-30,128.46,133.99,127.50,133.01,21754030
2020-03-31,134.99,135.71,130.05,131.13,15746120
2020-04-01,127.70,130.23,125.50,128.81,12606080
2020-04-02,129.12,134.00,127.22,133.15,11594460
2020-04-03,132.38,134.78,131.58,134.17,10071180
2020-04-06,137.01,140.97,135.54,139.76,14994420
2020-04-07,139.86,142.03,137.26,137.48,11567070
2020-04-08,137.75,144.13,137.30,143.26,10758180
2020-04-09,144.01,145.42,140.28,141.23,11127210
2020-04-13,140.00,141.49,137.84,139.77,8153228
2020-04-14,145.42,147.42,144.05,146.03,13838020
2020-04-15,145.55,147.91,143.54,147.66,11962260
2020-04-16,148.31,150.68,146.44,149.67,12181700
2020-04-17,151.99,152.30,149.60,152.02,10920020
2020-04-20,150.93,153.00,150.09,151.67,12226200
2020-04-21,150.12,151.64,148.57,149.68,9951106
2020-04-22,152.81,155.00,151.73,152.99,11518320
2020-04-23,154.25,157.00,153.70,155.51,10665020
2020-04-24,155.57,156.30,153.64,154.86,8654126
2020-04-27,154.81,156.05,154.00,154.29,8924048
2020-04-28,151.25,153.10,150.70,151.39,8558719
2020-04-29,151.38,151.63,149.16,150.24,9285216
2020-04-30,148.46,150.43,147.16,150.04,14829600
2020-05-01,149.62,149.67,146.79,148.29,7308960
2020-05-04,148.77,149.08,147.09,148.27,7198409
2020-05-05,149.00,150.78,148.64,149.50,6562288
2020-05-06,150.00,150.32,148.04,148.08,6191594
2020-05-07,149.37,149.53,147.13,147.59,5571034
2020-05-08,148.92,149.18,147.89,148.70,4712477
2020-05-11,148.45,150.10,148.12,149.11,5887489
2020-05-12,150.10,150.34,147.03,147.14,7039227
2020-05-13,146.08,148.95,146.01,147.13,6970457
2020-05-14,145.39,147.76,144.26,147.64,6871412
2020-05-15,147.87,150.48,145.66,150.44,10340400
2020-05-18,152.49,153.62,150.46,150.52,7389995
2020-05-19,150.10,151.10,148.40,149.02,6107256
2020-05-20,149.75,150.39,147.27,147.68,5713440
2020-05-21,148.50,148.50,145.82,146.71,6487343
2020-05-22,144.57,146.28,144.06,144.37,6140899
2020-05-26,146.19,146.44,144.30,144.56,7072258
2020-05-27,144.32,145.25,143.01,144.89,7950008
2020-05-28,146.02,148.11,145.81,146.97,6190582
2020-05-29,147.96,149.35,145.33,148.75,8505215
2020-06-01,147.29,148.34,146.01,147.19,6142580
2020-06-02,147.06,148.35,146.12,148.25,6078311
2020-06-03,148.52,149.14,146.45,148.65,6339468
2020-06-04,146.80,148.37,145.58,146.73,8170480
2020-06-05,147.69,149.64,146.60,147.30,9725441
2020-06-08,145.88,147.61,145.74,146.77,7555622
2020-06-09,148.25,149.33,145.65,145.96,8247233
2020-06-10,146.60,150.03,146.60,147.80,10137070
2020-06-11,148.58,149.17,140.75,140.87,11913270
2020-06-12,142.84,143.71,140.28,142.15,8687356
2020-06-15,141.00,142.40,139.39,141.25,8655014
2020-06-16,144.09,145.42,142.77,144.46,7582631
2020-06-17,144.90,145.42,143.47,144.02,5100095
2020-06-18,142.52,144.12,141.87,143.41,4797449
2020-06-19,145.79,145.88,143.25,143.83,12194090
2020-06-22,143.47,143.66,142.03,143.39,5285631
2020-06-23,143.74,144.08,142.68,142.86,5921594
2020-06-24,141.49,142.19,138.72,139.82,8211239
2020-06-25,140.57,140.57,137.54,139.67,7421160
2020-06-26,139.53,139.60,137.02,137.81,12849740
2020-06-29,138.74,139.70,137.98,139.04,5309797
2020-06-30,139.40,141.02,137.84,140.63,7738296
2020-07-01,140.69,141.39,140.06,140.38,6175020
2020-07-02,141.25,141.84,140.33,140.97,5152238
2020-07-06,142.17,143.77,141.88,142.98,6156354
2020-07-07,141.39,143.97,141.23,142.85,5622609
2020-07-08,142.87,143.39,141.70,143.27,6257537
2020-07-09,142.76,144.43,140.58,142.49,5738564
2020-07-10,142.75,142.87,141.43,142.37,4282406
2020-07-13,143.61,146.64,143.28,145.21,6951941
2020-07-14,145.32,148.39,145.26,147.92,7447125
2020-07-15,149.73,150.21,148.23,148.26,8512838
2020-07-16,148.68,149.34,146.68,149.25,9304669
2020-07-17,150.00,150.58,148.69,149.35,7444124
2020-07-20,150.23,150.32,148.43,149.60,6191457
2020-07-21,149.60,151.67,149.50,149.74,5579687
2020-07-22,149.93,150.41,147.85,150.01,5910193
2020-07-23,150.21,150.85,149.28,149.61,6566269
2020-07-24,150.50,150.60,147.03,148.12,5405867
2020-07-27,147.37,148.92,146.86,147.18,5675155
2020-07-28,147.40,147.99,146.75,146.83,4842184
2020-07-29,146.39,147.47,146.07,146.54,4489147
2020-07-30,147.44,147.50,146.14,146.84,5922481
2020-07-31,146.66,147.45,143.96,145.76,8257997
2020-08-03,146.39,147.79,146.15,147.35,4079755
2020-08-04,146.99,147.22,145.82,147.22,4162154
2020-08-05,149.10,149.31,147.80,148.40,5493196
2020-08-06,148.40,149.25,146.50,147.55,4837865
2020-08-07,147.51,148.65,147.15,148.60,3635071
2020-08-10,148.86,149.01,147.72,148.03,4096620
2020-08-11,149.14,149.23,146.37,146.97,6388389
2020-08-12,147.54,150.24,147.49,149.66,5258127
2020-08-13,148.54,149.19,147.53,148.00,5155457
2020-08-14,147.61,149.34,147.58,148.24,4240189
2020-08-17,148.32,150.23,148.23,148.99,4306909
2020-08-18,149.26,150.10,148.57,150.09,4322567
2020-08-19,149.58,151.58,149.32,150.39,7816251
2020-08-20,149.75,151.58,149.55,151.42,4874739
2020-08-21,151.78,153.65,150.59,152.76,6722759
2020-08-24,152.74,152.90,150.35,152.15,5387937
2020-08-25,152.78,153.07,151.53,152.06,3863477
2020-08-26,151.86,152.65,150.64,152.30,8008292
2020-08-27,152.42,153.26,151.89,152.98,5575432
2020-08-28,152.74,153.70,151.90,153.64,5395684
2020-08-31,153.00,154.40,152.26,153.41,6362683
2020-09-01,153.87,154.08,150.07,151.52,6309237
2020-09-02,150.79,154.33,149.25,153.83,6881856
2020-09-03,154.83,155.47,148.30,149.55,8672808
2020-09-04,150.17,150.95,147.13,148.59,7200065
2020-09-08,150.25,150.89,146.90,147.26,8756842
2020-09-09,148.15,151.10,148.12,149.70,6960668
2020-09-10,149.25,149.78,146.52,146.91,6191800
2020-09-11,147.05,148.53,146.63,147.78,3934691
2020-09-14,148.12,149.47,148.01,148.35,4375798
2020-09-15,149.45,150.59,148.52,148.89,3659221
2020-09-16,149.39,150.06,148.35,148.40,4323502
2020-09-17,148.04,148.63,146.05,147.17,5461414
2020-09-18,146.51,149.65,146.20,149.18,12174040
2020-09-21,147.58,147.93,142.96,145.10,7574501
2020-09-22,144.69,145.35,143.72,144.21,5295917
2020-09-23,147.48,147.55,144.38,144.44,8784436
2020-09-24,144.56,145.25,143.34,144.67,5614844
2020-09-25,144.00,146.25,143.89,145.66,5531209
2020-09-28,146.73,148.29,146.42,147.11,5843189
2020-09-29,147.60,147.92,146.06,147.06,6771016
2020-09-30,147.45,149.73,146.84,148.88,8487691
2020-10-01,149.31,149.65,146.46,147.32,6457808
2020-10-02,146.21,148.41,145.83,146.24,5485602
2020-10-05,147.00,148.38,146.42,148.23,4992758
2020-10-06,148.28,148.61,145.87,146.26,5118212
2020-10-07,146.49,148.23,145.81,147.88,5603123
2020-10-08,148.50,149.85,148.04,148.89,4413531
2020-10-09,149.65,151.48,149.44,150.97,5054116
2020-10-12,151.60,153.14,151.02,151.84,7273170
2020-10-13,149.00,150.12,147.77,148.36,11057570
2020-10-14,148.82,149.03,147.39,148.10,7707047
2020-10-15,147.48,147.90,146.33,147.19,5979015
2020-10-16,147.60,148.76,147.01,148.10,6098404
2020-10-19,148.53,148.90,144.13,144.32,7250755
2020-10-20,144.66,145.75,144.12,144.55,5326540
2020-10-21,144.12,145.34,143.91,143.93,5221348
2020-10-22,144.16,145.69,143.84,145.08,5280253
2020-10-23,145.88,147.47,144.35,145.24,4154372
2020-10-26,144.43,144.77,142.75,143.97,6929472
2020-10-27,143.74,144.29,142.92,143.15,4890064
2020-10-28,141.43,141.98,138.18,138.36,8426065
2020-10-29,138.00,138.70,136.05,137.19,7205409
2020-10-30,136.68,137.54,133.65,137.11,7364752
2020-11-02,138.98,139.01,137.49,138.69,7088029
2020-11-03,140.02,140.96,137.78,138.50,6362978
2020-11-04,139.49,142.54,138.70,139.40,10263520
2020-11-05,140.55,141.83,139.26,139.76,8016160
2020-11-06,140.40,143.19,139.65,142.25,5942538
2020-11-09,148.43,148.99,144.92,146.08,12351640
2020-11-10,147.25,148.75,146.26,148.28,7386462
2020-11-11,149.17,149.20,146.86,147.80,6382407
2020-11-12,147.61,148.65,146.75,148.30,4712177
2020-11-13,149.09,150.41,148.41,149.90,5896537
2020-11-16,150.92,151.30,149.80,150.85,6266384
2020-11-17,150.00,150.63,149.12,149.35,7297736
2020-11-18,148.87,149.76,147.37,147.37,6661008
2020-11-19,147.30,147.46,145.59,147.14,7987716
2020-11-20,147.05,147.94,146.13,146.36,6356142
2020-11-23,146.01,146.01,143.04,143.87,7318255
2020-11-24,144.00,144.76,143.61,143.87,11038820
2020-11-25,144.06,144.17,142.86,143.68,7594618
2020-11-27,144.50,144.66,143.22,144.00,3059001
2020-11-30,144.23,144.86,143.06,144.68,15663240
2020-12-01,146.29,149.13,145.86,147.45,9741260
2020-12-02,147.85,149.71,147.70,148.14,7745516
2020-12-03,148.04,149.58,147.69,149.00,7310486
2020-12-04,149.79,150.31,149.27,150.27,6747083
2020-12-07,149.35,149.91,148.51,148.97,6634743
2020-12-08,150.00,152.14,149.55,151.55,8339847
2020-12-09,152.83,153.50,151.75,153.10,8440069
2020-12-10,152.82,152.98,151.68,152.25,7392928
2020-12-11,151.53,153.41,151.23,152.95,5973255
2020-12-14,153.25,153.48,148.99,149.07,8547296
2020-12-15,150.00,150.75,149.53,150.57,7614746
2020-12-16,150.20,150.92,149.55,149.67,8486069
2020-12-17,150.09,153.88,149.96,153.62,9920312
2020-12-18,153.65,155.10,151.67,154.51,17137230
2020-12-21,152.01,153.41,150.05,153.02,7893359
2020-12-22,152.40,153.90,151.86,152.72,4703185
2020-12-23,152.80,153.60,151.90,151.94,4607275
2020-12-24,151.85,153.04,151.82,152.47,2114901
2020-12-28,153.32,153.87,152.30,153.19,3855466
2020-12-29,154.11,154.93,153.80,154.14,5211972
2020-12-30,154.74,156.38,154.60,156.05,5412775
2020-12-31,156.53,157.66,155.11,157.38,5099880
2021-01-04,157.24,157.38,154.13,156.50,11765870
2021-01-05,156.25,158.76,155.07,158.34,9602290
2021-01-06,157.24,160.23,156.72,159.83,8230086
2021-01-07,159.00,161.03,158.35,160.37,7747161
2021-01-08,160.51,161.10,159.88,160.04,8228938
2021-01-11,160.56,161.32,158.77,159.37,7068176
2021-01-12,159.15,159.66,157.33,158.13,6903189
2021-01-13,158.23,158.46,156.75,157.89,6643065
2021-01-14,160.45,161.95,159.61,160.65,10030790
2021-01-15,160.30,161.41,159.11,160.30,7630813
2021-01-19,162.00,163.04,161.10,162.78,9057555
2021-01-20,163.20,164.14,161.80,162.38,6839850
2021-01-21,161.32,162.48,160.06,161.73,6822770
2021-01-22,162.36,165.16,161.87,163.55,8137018
2021-01-25,165.01,166.09,163.66,165.98,9924438
2021-01-26,169.70,173.65,169.39,170.48,14205690
2021-01-27,169.12,170.92,167.45,167.88,14207290
2021-01-28,168.20,170.86,167.80,169.16,8944399
2021-01-29,164.26,166.00,160.55,163.13,22505860
2021-02-01,165.31,165.31,162.60,162.71,9971395
2021-02-02,163.38,163.66,161.18,161.25,11443250
2021-02-03,160.94,161.52,159.57,160.50,8601883
2021-02-04,161.00,162.09,159.76,161.99,7758128
2021-02-05,164.86,165.44,163.86,164.45,9495309
2021-02-08,165.03,165.92,163.88,164.92,6035341
2021-02-09,165.20,166.59,164.97,166.27,5544214
2021-02-10,167.89,167.94,165.70,166.81,5921312
2021-02-11,167.00,167.38,165.60,166.06,4871250
2021-02-12,164.40,166.85,164.00,166.58,4413066
2021-02-16,166.58,167.05,164.64,165.07,5656092
2021-02-17,164.97,166.09,164.36,165.66,6680909
2021-02-18,164.96,166.16,164.30,165.74,5191590
2021-02-19,165.60,165.96,162.91,162.98,8190883
2021-02-22,161.87,162.54,160.29,161.87,6447105
2021-02-23,161.48,163.19,160.40,160.44,7042829
2021-02-24,162.40,164.39,160.92,162.59,10286110
2021-02-25,163.13,163.70,161.99,162.76,9719715
2021-02-26,162.00,162.41,157.97,158.46,14417550
2021-03-01,161.45,161.53,159.09,159.32,10551380
2021-03-02,159.78,160.78,158.60,159.02,7610885
2021-03-03,158.25,158.90,156.06,156.22,8499626
2021-03-04,155.99,156.10,151.47,153.07,11033180
2021-03-05,153.98,156.69,153.13,156.10,8331633
2021-03-08,157.00,159.33,155.98,157.40,6546688
2021-03-09,156.89,160.75,156.89,157.70,7461267
2021-03-10,158.82,159.90,157.36,159.15,6635577
2021-03-11,159.54,160.63,158.92,159.14,6305584
2021-03-12,159.28,160.31,159.19,159.60,5474849
2021-03-15,159.75,160.66,158.50,160.42,5526008
2021-03-16,160.46,161.68,160.24,161.37,6369144
2021-03-17,160.83,161.73,159.53,160.77,6001421
2021-03-18,160.21,161.49,159.96,160.47,4801794
2021-03-19,160.69,161.50,159.47,160.04,14891520
2021-03-22,158.31,160.65,158.00,160.50,7544052
2021-03-23,160.21,161.20,158.88,160.35,7178323
2021-03-24,160.10,162.48,159.82,161.91,6370143
2021-03-25,162.44,162.45,160.64,161.97,6269774
2021-03-26,162.09,165.10,161.38,164.93,7619247
2021-03-29,163.83,167.03,163.63,166.04,8535084
2021-03-30,165.02,165.66,164.23,165.01,7236347
2021-03-31,164.96,165.39,163.70,164.35,8281521
2021-04-01,162.60,163.84,162.26,162.83,7229717
2021-04-05,163.64,164.75,162.66,163.43,7387123
2021-04-06,164.08,164.52,163.00,163.39,5074239
2021-04-07,163.55,164.28,163.32,163.61,4608010
2021-04-08,164.00,164.11,162.85,162.97,5039397
2021-04-09,162.12,162.93,159.78,161.25,8418332
2021-04-12,161.09,162.08,160.34,161.64,5023037
2021-04-13,156.86,159.93,156.53,159.48,18424080
2021-04-14,157.83,160.11,157.54,159.92,7718321
2021-04-15,160.72,162.39,160.23,160.39,7524568
2021-04-16,161.34,162.51,160.56,162.24,9049432
2021-04-19,162.50,163.11,160.84,162.69,8353528
2021-04-20,161.00,167.79,161.00,166.48,14050660
2021-04-21,166.37,166.91,165.29,166.59,6333210
2021-04-22,165.84,166.28,164.62,165.18,7232981
2021-04-23,164.53,166.06,164.00,165.52,6033245
2021-04-26,165.21,165.41,163.76,164.12,6027788
2021-04-27,163.76,163.91,162.47,163.18,6217651
2021-04-28,162.86,163.20,161.65,161.98,7448016
2021-04-29,161.90,164.26,161.81,164.20,6394287
2021-04-30,164.15,164.33,162.52,162.73,9079081
2021-05-03,163.60,165.32,163.12,165.21,6594230
2021-05-04,164.83,167.85,164.67,167.77,10179540
2021-05-05,167.50,167.50,166.79,167.07,5134587
2021-05-06,166.79,167.88,166.24,167.74,5529946
2021-05-07,168.30,169.18,167.83,168.50,5316209
2021-05-10,169.90,171.53,169.23,170.27,8357486
2021-05-11,170.65,170.87,168.28,168.88,8217953
2021-05-12,168.54,169.80,167.95,168.20,6758316
2021-05-13,166.97,170.70,166.97,169.96,8018910
2021-05-14,171.48,171.61,170.17,170.22,5797704
2021-05-17,170.40,171.89,170.31,170.39,5720954
2021-05-18,169.98,171.37,169.53,170.45,5845985
2021-05-19,169.91,170.16,168.04,170.08,5533788
2021-05-20,169.94,171.59,169.69,171.07,4853192
2021-05-21,171.33,172.74,170.87,170.96,6501751
2021-05-24,170.90,171.35,169.77,170.55,5195384
2021-05-25,170.67,171.03,169.74,170.08,7444857
2021-05-26,170.00,170.08,168.28,169.07,5726683
2021-05-27,169.26,170.17,168.38,168.81,8114708
2021-05-28,169.52,171.00,169.17,169.25,6401011
2021-06-01,170.15,170.20,165.38,165.53,10448370
2021-06-02,165.30,166.72,165.11,166.20,6806032
2021-06-03,165.89,167.15,165.71,166.04,5809122
2021-06-04,167.00,167.56,165.87,165.97,6510480
2021-06-07,166.00,166.32,164.63,164.84,5362781
2021-06-08,165.28,165.66,162.07,163.39,7746805
2021-06-09,163.99,165.78,163.66,165.59,5552600
2021-06-10,166.00,167.57,165.95,167.08,6463322
2021-06-11,167.07,167.08,164.22,164.96,7389922
2021-06-14,164.50,165.46,163.90,165.37,4931297
2021-06-15,165.23,165.86,164.39,164.49,5063027
2021-06-16,164.80,165.75,163.48,164.43,6988477
2021-06-17,164.19,165.70,163.50,165.22,5874962
2021-06-18,163.27,164.19,161.79,161.98,12993020
2021-06-21,162.77,164.25,162.25,163.84,6592400
2021-06-22,163.71,164.04,163.28,163.62,5627795
2021-06-23,163.69,163.69,162.48,162.63,4493351
2021-06-24,163.27,164.20,162.80,163.37,4549234
2021-06-25,162.94,164.78,162.89,164.21,10963810
2021-06-28,164.44,165.07,163.52,164.02,5604009
2021-06-29,164.00,164.64,163.41,164.03,3749744
2021-06-30,164.00,164.97,163.67,164.74,6151745
2021-07-01,164.74,166.01,164.63,165.96,6320173
2021-07-02,166.02,169.30,165.64,168.98,9060270
2021-07-06,167.91,168.86,166.99,167.97,6098526
2021-07-07,167.48,169.50,167.48,169.41,6293581
2021-07-08,168.70,169.46,167.58,169.08,5755679
2021-07-09,169.37,170.37,169.24,169.75,6120925
2021-07-12,169.73,171.18,168.54,169.48,7840452
2021-07-13,168.97,169.75,168.67,169.27,4691233
2021-07-14,170.00,170.83,169.04,170.42,6162925
2021-07-15,169.30,169.90,167.72,168.37,6656878
2021-07-16,168.34,169.09,167.95,168.10,5835263
2021-07-19,166.48,168.19,165.32,166.88,8220113
2021-07-20,166.90,170.81,166.84,168.45,9902815
2021-07-21,169.30,169.69,167.48,169.49,7585479
2021-07-22,169.36,171.07,168.65,169.98,5281948
2021-07-23,171.00,172.18,170.38,171.79,5015073
2021-07-26,171.82,172.14,170.86,171.87,4485035
2021-07-27,171.80,172.72,170.67,172.66,7089269
2021-07-28,172.73,173.38,172.08,172.18,5750714
2021-07-29,172.74,173.34,171.09,172.18,4214059
2021-07-30,172.54,172.98,171.84,172.20,5346742
2021-08-02,172.47,172.84,171.30,172.27,3721473
2021-08-03,172.73,174.50,172.44,174.39,6032998
2021-08-04,174.20,174.59,173.26,173.36,4793117
2021-08-05,173.85,173.85,172.42,173.69,4291332
2021-08-06,173.94,173.94,172.45,173.11,4581065
2021-08-09,173.72,174.25,172.93,173.71,3950185
2021-08-10,173.26,174.11,172.78,173.77,3678454
2021-08-11,174.25,174.47,173.56,173.80,4221298
2021-08-12,173.82,175.29,173.59,175.20,4301392
2021-08-13,175.29,176.29,175.12,176.25,5882102
2021-08-16,176.55,177.89,175.95,177.84,4783192
2021-08-17,177.31,179.51,177.31,179.47,6041881
2021-08-18,179.50,179.50,177.13,177.19,7134094
2021-08-19,176.62,179.33,176.07,178.57,5615038
2021-08-20,178.89,179.92,178.07,179.44,5428729
2021-08-23,178.39,178.93,177.54,177.61,6461676
2021-08-24,176.99,177.21,175.28,175.39,5734824
2021-08-25,175.69,175.90,173.89,174.23,5700289
2021-08-26,173.95,174.72,173.05,173.30,5031639
2021-08-27,174.28,174.28,172.75,172.93,7046079
2021-08-30,172.79,174.28,172.78,173.66,3253006
2021-08-31,173.49,174.49,172.48,173.13,7106790
2021-09-01,172.90,173.74,172.06,173.74,5327351
2021-09-02,174.34,175.19,173.91,174.93,4545449
2021-09-03,175.10,175.22,173.81,175.04,4097512
2021-09-07,174.35,175.03,171.67,172.32,6859871
2021-09-08,171.62,172.98,171.08,171.90,4661733
2021-09-09,171.19,171.48,167.70,168.07,7114577
2021-09-10,168.55,169.09,166.87,166.97,6699315
2021-09-13,167.92,168.12,165.13,165.80,6273506
2021-09-14,166.40,166.54,164.51,164.80,5259559
2021-09-15,165.00,165.96,164.31,165.42,7935279
2021-09-16,165.65,166.46,164.19,165.22,5665537
2021-09-17,164.30,164.91,163.56,164.75,13422110
2021-09-20,163.48,165.17,162.16,163.81,7271017
2021-09-21,164.61,165.98,164.24,164.53,6663566
2021-09-22,165.35,165.95,163.63,163.93,5657126
2021-09-23,164.40,165.77,164.15,164.86,4697939
2021-09-24,164.75,165.65,163.89,164.36,4399614
2021-09-27,164.00,164.36,162.85,163.17,5775461
2021-09-28,163.10,163.91,161.77,162.81,7610354
2021-09-29,163.00,164.66,162.78,164.02,5124102
2021-09-30,164.64,165.40,161.41,161.50,6974317
2021-10-01,161.53,161.90,158.62,160.47,8568560
2021-10-04,159.99,161.00,157.67,159.22,8621017
2021-10-05,159.86,161.11,159.15,159.58,5129033
2021-10-06,159.87,159.95,157.84,159.91,7312649
2021-10-07,160.02,162.61,160.02,161.34,5309181
2021-10-08,161.32,161.61,160.25,160.93,4343438
2021-10-11,160.86,161.85,159.94,160.25,4101646
2021-10-12,160.00,160.18,157.34,157.69,6686443
2021-10-13,157.82,160.08,157.75,159.20,6901589
2021-10-14,159.71,161.14,159.60,160.11,4580894
2021-10-15,161.03,161.81,160.41,161.30,6918407
2021-10-18,160.25,160.89,159.20,160.12,7465461
2021-10-19,160.90,165.15,160.72,163.87,10081290
2021-10-20,163.98,164.75,163.26,163.78,6003177
2021-10-21,164.30,164.39,162.28,163.40,4524127
2021-10-22,163.06,164.06,162.96,163.72,4304467
2021-10-25,163.72,164.31,161.71,164.08,6715399
2021-10-26,164.56,166.03,164.05,165.75,6939057
2021-10-27,165.68,165.76,163.31,163.74,7018787
2021-10-28,163.77,165.20,162.32,162.85,6278844
2021-10-29,162.35,163.25,160.61,162.88,8526806
2021-11-01,163.16,163.98,159.40,163.02,5846426
2021-11-02,163.70,166.98,162.98,165.59,8450626
2021-11-03,165.04,165.77,163.43,165.06,6717787
2021-11-04,164.94,164.99,162.67,164.60,8224377
2021-11-05,162.48,164.60,162.20,163.43,6215911
2021-11-08,163.68,164.17,162.01,162.87,5579037
2021-11-09,162.61,163.59,162.02,162.51,6112777
2021-11-10,162.53,164.84,162.35,164.27,6225098
2021-11-11,163.49,163.81,162.49,163.06,4118791
2021-11-12,167.43,167.62,164.61,165.01,18995210
2021-11-15,165.00,165.46,163.22,163.52,7496205
2021-11-16,163.18,164.35,162.62,162.67,7594717
2021-11-17,162.87,163.86,161.79,163.28,5414474
2021-11-18,163.45,164.47,162.13,162.40,6359664
2021-11-19,163.04,163.19,161.78,162.89,7628928
2021-11-22,161.03,162.64,159.65,159.70,7642322
2021-11-23,159.52,161.00,158.78,160.69,7735770
2021-11-24,160.14,160.62,159.38,160.24,5230887
2021-11-26,160.60,161.16,158.66,159.20,8523072
2021-11-29,159.50,160.42,158.42,159.75,9188537
2021-11-30,158.51,159.00,155.85,155.93,14981660
2021-12-01,156.88,160.08,156.25,158.08,9836412
2021-12-02,157.26,159.29,156.75,157.09,11334740
2021-12-03,157.91,159.67,157.59,159.38,8750521
2021-12-06,160.19,163.52,159.83,162.94,9692041
2021-12-07,164.00,164.27,162.41,163.36,8311254
2021-12-08,163.47,164.57,162.64,164.34,6216391
2021-12-09,164.18,165.98,163.49,165.90,8574177
2021-12-10,165.57,166.69,164.65,165.49,6572247
2021-12-13,164.75,169.19,163.80,168.45,11142280
2021-12-14,168.33,170.97,167.16,170.29,10482430
2021-12-15,169.85,171.29,169.42,171.14,8552246
2021-12-16,171.26,173.51,170.84,173.01,8998582
2021-12-17,169.64,170.78,167.66,168.23,16732020
2021-12-20,167.81,168.51,166.55,167.75,7954532
2021-12-21,168.06,168.10,165.98,167.21,7954249
2021-12-22,167.06,168.17,166.12,167.93,4178361
2021-12-23,167.88,168.95,167.36,168.25,3501450
2021-12-27,169.14,169.85,168.70,169.67,3705063
2021-12-28,169.79,170.64,169.59,170.35,3187062
2021-12-29,170.00,171.99,169.91,171.55,3661968
2021-12-30,172.12,172.88,171.75,172.31,4231812
2021-12-31,172.53,172.68,171.03,171.07,4409475
2022-01-03,170.21,171.60,169.10,171.54,6012777
2022-01-04,171.06,172.29,170.59,171.08,6748363
2022-01-05,172.00,173.47,171.62,172.22,7016099
2022-01-06,172.15,172.50,170.80,171.63,7301633
2022-01-07,171.46,174.30,171.13,173.95,6986006
2022-01-10,173.69,173.69,172.16,173.09,7698444
2022-01-11,172.99,173.39,170.11,171.25,8341067
2022-01-12,169.61,170.08,168.34,169.79,8116205
2022-01-13,169.00,170.42,168.46,168.76,6159444
2022-01-14,168.62,168.65,167.15,167.84,5847839
2022-01-18,167.10,167.72,166.01,167.10,7815939
2022-01-19,167.20,168.72,166.32,166.58,5926454
2022-01-20,167.29,167.86,164.93,165.25,6011300
2022-01-21,166.19,167.99,164.47,164.87,10550300
2022-01-24,164.00,164.17,158.26,162.97,14087600
2022-01-25,162.36,168.41,161.58,167.63,14081250
2022-01-26,167.54,169.22,166.23,168.38,9963229
2022-01-27,169.39,171.91,169.00,170.59,9068738
2022-01-28,170.86,171.84,169.30,171.79,9783217
2022-01-31,171.50,172.62,170.82,172.29,8054895
2022-02-01,171.74,171.98,169.43,170.88,8154721
2022-02-02,169.65,172.99,169.65,172.77,7382821
2022-02-03,172.26,173.62,171.04,172.76,6240613
2022-02-04,171.00,172.98,170.12,171.63,6392155
2022-02-07,171.41,171.74,170.01,171.06,6065670
2022-02-08,171.02,172.05,170.48,171.51,6296300
2022-02-09,172.07,172.24,171.25,171.49,5387540
2022-02-10,171.21,171.22,169.30,169.42,10355350
2022-02-11,169.12,170.15,167.54,167.71,13125330
2022-02-14,167.71,167.97,163.81,165.60,8967638
2022-02-15,166.13,168.10,166.01,167.31,6632823
2022-02-16,166.49,167.84,165.71,167.21,8482618
2022-02-17,167.21,167.45,164.92,166.19,6227569
2022-02-18,164.98,165.36,162.94,163.36,6423165
2022-02-22,163.57,163.74,160.44,161.14,6868893
2022-02-23,161.51,162.64,160.85,161.22,8016903
2022-02-24,159.78,160.13,155.72,158.14,12883440
2022-02-25,160.00,166.99,159.70,166.00,11340350
2022-02-28,162.87,165.18,162.38,164.57,9373511
2022-03-01,163.04,164.75,162.41,164.00,8737846
2022-03-02,164.41,167.63,164.04,166.04,6793377
2022-03-03,166.70,169.34,166.32,168.48,7333736
2022-03-04,167.64,169.86,166.85,169.48,6302672
2022-03-07,168.30,173.12,167.36,172.21,11663350
2022-03-08,172.04,173.12,168.51,168.72,11100340
2022-03-09,170.01,170.23,167.89,169.36,7248218
2022-03-10,168.56,170.15,168.07,169.66,6171649
2022-03-11,169.13,171.46,169.02,169.35,5188196
2022-03-14,170.68,174.12,170.35,171.69,7729453
2022-03-15,173.33,176.52,172.55,176.14,10554600
2022-03-16,175.46,176.95,172.56,174.52,9603324
2022-03-17,175.21,176.84,174.20,176.80,7472219
2022-03-18,177.00,177.00,173.66,174.84,13809540
2022-03-21,174.66,177.16,174.32,175.83,7574873
2022-03-22,175.83,176.37,173.91,175.00,8442113
2022-03-23,175.23,175.54,174.09,174.34,5254350
2022-03-24,175.00,175.54,174.07,175.24,5012277
2022-03-25,175.69,177.70,175.22,176.92,4809977
2022-03-28,176.65,178.18,176.35,177.83,5604162
2022-03-29,178.62,179.40,176.80,177.74,5933444
2022-03-30,178.44,179.86,177.68,179.59,6277556
2022-03-31,179.59,180.21,176.98,177.23,11490400
2022-04-01,177.05,178.43,175.60,178.19,6525643
2022-04-04,178.19,178.19,175.52,176.47,6860771
2022-04-05,176.47,179.65,176.29,177.61,7446074
2022-04-06,179.39,182.60,178.62,182.23,10330890
2022-04-07,181.67,182.95,180.23,181.76,7385179
2022-04-08,181.33,183.19,180.43,182.12,7144608
2022-04-11,183.00,184.20,179.60,179.84,5932040
2022-04-12,179.20,180.81,178.20,179.90,5957536
2022-04-13,179.90,180.84,179.24,180.66,5643118
2022-04-14,180.00,181.40,179.73,179.90,6188193
2022-04-18,179.73,180.39,176.74,177.66,6318656
2022-04-19,180.72,185.94,179.95,183.08,14380840
2022-04-20,182.24,184.32,181.90,183.89,8044908
2022-04-21,183.93,184.87,182.56,183.36,6969405
2022-04-22,182.47,183.15,181.38,181.54,8003593
2022-04-25,182.34,186.69,182.10,186.01,11176500
2022-04-26,185.10,186.57,184.18,184.68,10190020
2022-04-27,184.24,184.82,181.74,182.10,11090330
2022-04-28,182.25,184.50,181.92,183.46,9405147
2022-04-29,182.50,182.54,180.20,180.46,8464103
2022-05-02,180.47,181.41,177.03,178.64,7145420
2022-05-03,178.80,180.63,177.68,178.29,5898660
2022-05-04,178.15,180.50,177.15,180.20,5923144
2022-05-05,179.42,179.71,175.27,176.76,7089184
2022-05-06,175.14,176.87,174.69,176.37,6434011
2022-05-09,175.45,178.56,174.59,177.33,7855212
2022-05-10,178.23,179.18,176.50,177.09,8186717
2022-05-11,175.96,178.32,175.88,176.13,6138896
2022-05-12,176.47,177.95,174.71,177.87,6898565
2022-05-13,178.70,178.89,175.80,176.85,7732163
2022-05-16,176.85,179.13,176.17,178.08,5516706
2022-05-17,178.72,179.70,176.59,178.82,5751129
2022-05-18,178.84,179.37,175.17,175.50,8608771
2022-05-19,174.72,174.80,172.69,173.94,6874509
2022-05-20,174.85,177.16,174.05,176.98,7522122
2022-05-23,177.60,179.93,177.46,179.44,7040831
2022-05-24,179.25,181.74,179.10,181.40,6419836
2022-05-25,180.53,181.55,179.06,179.62,6558994
2022-05-26,181.00,181.00,178.60,179.46,6897747
2022-05-27,179.76,181.16,178.23,181.09,5853621
2022-05-31,178.00,180.17,175.01,179.53,16391450
2022-06-01,179.15,179.83,175.90,177.71,5175435
2022-06-02,177.74,177.81,174.59,177.15,8666511
2022-06-03,177.07,178.67,176.15,176.42,4234186
2022-06-06,177.21,178.50,176.00,176.40,5386517
2022-06-07,176.98,179.30,176.40,178.34,5447818
2022-06-08,178.10,179.45,176.80,177.28,4333091
2022-06-09,177.21,178.65,173.64,173.71,5510417
2022-06-10,172.17,173.97,170.62,172.55,6647865
2022-06-13,170.08,172.25,170.08,170.81,7997023
2022-06-14,171.06,171.11,167.26,168.19,7116777
2022-06-15,169.64,171.44,168.64,169.99,7796330
2022-06-16,168.40,170.21,167.41,170.08,7056743
2022-06-17,170.63,172.20,169.24,169.46,12486570
2022-06-21,170.75,173.86,169.56,173.01,8219662
2022-06-22,172.00,177.92,171.69,175.74,10593450
2022-06-23,177.00,179.81,176.52,179.66,10223460
2022-06-24,180.78,182.53,179.98,182.29,9374446
2022-06-27,181.64,183.35,181.50,182.12,5908839
2022-06-28,182.17,182.97,176.31,176.94,9277210
2022-06-29,177.22,178.30,176.43,176.99,7097873
2022-06-30,176.86,178.29,175.03,177.51,10777250
2022-07-01,177.45,179.72,176.69,179.52,5498393
2022-07-05,178.83,179.12,174.61,178.14,5677363
2022-07-06,178.07,179.44,177.41,178.30,5335631
2022-07-07,177.86,179.12,177.51,178.50,5725839
2022-07-08,178.33,179.99,177.77,178.28,3828375
2022-07-11,177.70,179.02,177.52,178.35,3645448
2022-07-12,177.98,178.45,175.20,175.85,4708892
2022-07-13,175.66,176.33,174.50,175.44,5291697
2022-07-14,172.53,176.01,172.30,175.68,5359551
2022-07-15,177.71,178.51,176.55,178.23,5691095
2022-07-18,177.74,178.19,173.91,174.23,7605677
2022-07-19,176.33,176.75,169.88,171.69,13256440
2022-07-20,172.20,172.55,169.76,170.71,7455775
2022-07-21,170.05,171.39,169.77,171.31,5729215
2022-07-22,171.59,172.49,171.06,172.12,4257032
2022-07-25,172.12,172.97,171.72,172.46,4437270
2022-07-26,172.56,174.98,172.49,173.68,4525545
2022-07-27,172.63,174.10,171.13,173.20,4648499
2022-07-28,173.40,176.09,171.44,174.20,5513018
2022-07-29,173.79,174.85,172.91,174.52,6451431
2022-08-01,174.17,175.16,173.54,173.91,5461387
2022-08-02,175.01,175.49,172.70,172.92,5794225
2022-08-03,172.55,175.26,171.77,174.59,5009952
2022-08-04,174.81,175.09,171.60,171.79,5651554
2022-08-05,171.30,171.53,169.79,171.11,5235516
2022-08-08,171.30,171.48,169.44,170.20,4630836
2022-08-09,170.54,171.12,169.73,170.18,5532526
2022-08-10,171.02,171.24,169.53,170.67,5603444
2022-08-11,168.52,169.95,166.98,167.14,9328688
2022-08-12,167.54,167.94,165.15,165.30,14606900
2022-08-15,166.00,166.75,165.12,166.09,10072040
2022-08-16,165.86,168.25,165.60,167.57,7453595
2022-08-17,166.41,168.56,166.41,167.58,7406590
2022-08-18,167.68,168.30,165.93,166.77,8312105
2022-08-19,167.10,170.12,167.00,169.31,8128543
2022-08-22,168.90,168.92,167.17,167.59,5462550
2022-08-23,167.00,167.77,165.80,166.13,5566296
2022-08-24,166.56,166.59,165.07,165.58,5684329
2022-08-25,165.95,167.24,164.70,167.13,5678662
2022-08-26,167.46,167.50,164.19,164.27,5667136
2022-08-29,163.47,163.84,162.02,163.00,5259249
2022-08-30,163.30,163.54,162.03,162.43,6973254
2022-08-31,163.23,163.55,161.27,161.34,8741708
2022-09-01,161.49,165.50,161.48,165.34,7509594
2022-09-02,165.86,166.20,162.01,162.74,5803704
2022-09-06,163.94,166.22,162.82,163.18,7394550
2022-09-07,162.91,164.42,162.16,164.07,4546700
2022-09-08,163.88,165.42,163.08,165.39,5838401
2022-09-09,164.99,166.20,164.39,165.71,5501863
2022-09-12,166.11,166.57,165.22,165.64,6365306
2022-09-13,163.57,164.44,160.81,161.33,6726360
2022-09-14,162.38,165.36,162.38,164.66,9555693
2022-09-15,164.45,166.07,164.10,165.08,7174495
2022-09-16,165.32,167.63,164.75,167.60,20201540
2022-09-19,166.30,166.43,164.08,166.28,7380906
2022-09-20,165.22,165.90,164.32,164.97,7143441
2022-09-21,165.02,166.79,163.24,163.28,8071195
2022-09-22,163.15,167.16,162.83,166.18,7401060
2022-09-23,165.74,167.48,164.66,166.72,9598555
2022-09-26,165.80,166.84,164.38,165.70,8735455
2022-09-27,166.36,167.67,164.40,164.94,8686684
2022-09-28,166.25,167.38,165.10,166.36,8661065
2022-09-29,166.48,167.17,163.89,164.53,7008279
2022-09-30,165.00,165.74,163.32,163.36,8985190
2022-10-03,164.29,164.38,161.70,163.20,8656972
2022-10-04,163.85,166.00,162.92,165.62,6236107
2022-10-05,165.02,166.04,164.21,165.11,4539577
2022-10-06,164.79,165.00,161.69,161.91,5890654
2022-10-07,161.77,162.22,159.17,160.20,6363549
2022-10-10,160.63,161.28,159.18,160.41,5315589
2022-10-11,160.37,164.11,160.37,162.73,6212362
2022-10-12,162.94,164.88,162.50,162.69,4341741
2022-10-13,160.89,165.99,160.75,165.15,6465108
2022-10-14,164.44,165.68,163.60,164.46,5684946
2022-10-17,165.40,167.21,165.01,166.59,6710843
2022-10-18,165.00,167.17,163.05,166.01,10883580
2022-10-19,166.00,166.25,163.89,164.69,10044640
2022-10-20,165.00,165.74,164.33,165.11,5659884
2022-10-21,164.71,169.37,164.43,168.71,8487565
2022-10-24,169.81,172.08,169.25,170.98,6855502
2022-10-25,170.17,171.11,168.52,170.71,5661948
2022-10-26,171.32,172.57,170.52,172.21,6124314
2022-10-27,172.35,173.43,171.72,172.31,5390871
2022-10-28,173.00,175.39,172.59,174.87,6073933
2022-10-31,174.52,175.16,173.42,173.97,7809972
2022-11-01,174.06,174.63,170.42,173.09,6985027
2022-11-02,172.89,173.94,170.29,170.43,6878410
2022-11-03,169.81,171.47,168.94,170.72,4819890
2022-11-04,171.56,172.50,169.24,171.48,5300904
2022-11-07,171.67,173.85,171.44,172.98,6621046
2022-11-08,173.13,174.69,172.18,173.84,5148386
2022-11-09,174.27,175.00,172.34,172.45,6150217
2022-11-10,174.35,174.77,172.04,174.47,7877515
2022-11-11,172.73,173.11,166.82,169.25,11074660
2022-11-14,170.25,173.26,170.25,171.91,6581488
2022-11-15,172.19,173.00,170.52,172.39,9350954
2022-11-16,173.64,174.99,173.13,173.46,5501017
2022-11-17,173.00,174.99,172.98,174.86,4465845
2022-11-18,175.00,176.64,174.62,176.20,6555709
2022-11-21,175.89,176.55,174.83,175.97,5706552
2022-11-22,176.40,177.19,176.33,176.82,4708028
2022-11-23,176.44,177.40,176.01,177.01,5389488
2022-11-25,177.38,178.12,176.86,177.24,3058608
2022-11-28,176.75,177.77,176.56,177.33,6183178
2022-11-29,177.01,177.26,174.66,176.09,6700469
2022-11-30,176.37,178.01,174.78,178.00,13288010
2022-12-01,179.00,179.96,177.77,178.74,6282567
2022-12-02,177.50,178.96,176.96,178.88,5824048
2022-12-05,178.36,179.36,178.00,178.78,5120648
2022-12-06,179.92,180.00,175.93,176.10,7943506
2022-12-07,176.57,177.88,176.23,177.17,5702579
2022-12-08,176.82,177.47,176.34,177.20,4798463
2022-12-09,177.12,177.89,175.66,175.74,4560968
2022-12-12,175.95,177.87,175.60,177.84,4882385
2022-12-13,179.10,180.20,178.31,179.21,9177603
2022-12-14,178.58,181.04,178.58,179.76,9533583
2022-12-15,179.20,179.84,176.40,177.49,7602616
2022-12-16,177.00,177.00,174.86,175.67,18841800
2022-12-19,175.35,176.16,174.07,175.48,5736042
2022-12-20,176.00,176.44,175.17,175.67,6174730
2022-12-21,176.27,178.18,175.65,177.68,5471973
2022-12-22,176.77,177.51,175.34,177.03,5709312
2022-12-23,176.67,177.52,175.81,177.48,3683420
2022-12-27,178.11,178.35,176.99,177.43,3067292
2022-12-28,177.76,178.45,176.65,176.66,2645619
2022-12-29,177.55,178.30,177.07,177.56,2828780
2022-12-30,177.49,177.77,175.40,176.65,4216656
2023-01-03,176.16,178.38,176.01,178.19,6344864
2023-01-04,178.89,180.19,178.48,180.13,9788784
2023-01-05,179.02,179.99,178.41,178.80,6255308
2023-01-06,180.13,180.93,179.39,180.25,5705960
2023-01-09,179.30,179.76,175.18,175.58,7925277
2023-01-10,175.70,176.14,174.32,175.16,5047467
2023-01-11,175.57,175.72,172.11,174.88,6494755
2023-01-12,174.26,174.71,172.80,174.00,4269394
2023-01-13,173.19,174.01,172.38,173.43,6088155
2023-01-17,174.00,174.58,172.09,172.36,6053302
2023-01-18,171.65,172.00,169.71,169.76,7047759
2023-01-19,169.03,171.28,168.71,169.53,6939514
2023-01-20,170.10,170.11,167.48,168.74,8620553
2023-01-23,169.10,169.63,167.95,168.31,8425412
2023-01-24,175.00,175.00,166.01,168.31,10541840
2023-01-25,167.17,169.51,167.08,169.51,7099816
2023-01-26,169.55,169.91,168.65,168.89,6946106
2023-01-27,168.54,168.87,167.77,168.23,6058104
2023-01-30,167.93,168.54,161.08,162.00,23259080
2023-01-31,161.70,163.43,161.05,163.42,11612530
2023-02-01,162.99,165.98,162.40,164.92,9865296
2023-02-02,163.00,166.22,162.82,165.54,10098970
2023-02-03,166.03,166.34,163.89,164.61,6868540
2023-02-06,164.55,164.85,163.10,163.36,7020989
2023-02-07,161.60,163.88,161.42,163.40,7310756
2023-02-08,163.30,164.56,162.90,163.61,6054697
2023-02-09,163.63,164.79,161.07,161.40,7949544
2023-02-10,161.77,162.79,161.35,162.15,7028039
2023-02-13,161.33,162.82,161.15,162.75,6414709
2023-02-14,162.74,162.97,161.76,162.04,6316011
2023-02-15,161.95,161.98,159.29,159.37,12633300
2023-02-16,159.07,159.65,157.92,158.24,11176960
2023-02-17,157.02,161.11,156.62,160.39,12401930
2023-02-21,159.65,160.35,157.89,158.00,9423860
2023-02-22,158.50,158.85,157.37,157.78,9820240
2023-02-23,157.71,158.59,156.67,157.73,9385092
2023-02-24,156.65,156.85,155.21,155.97,8689726
2023-02-27,156.45,156.90,155.08,155.63,7267122
2023-02-28,154.98,155.27,153.04,153.26,9062342
2023-03-01,153.01,153.24,151.91,152.57,6766972
2023-03-02,151.75,152.76,151.23,152.45,8765070
2023-03-03,153.37,154.12,152.84,154.02,5747158
2023-03-06,154.66,155.73,154.56,155.56,8148207
2023-03-07,156.09,156.25,153.35,154.09,7457731
2023-03-08,153.98,154.20,152.48,152.96,6230522
2023-03-09,153.46,153.60,150.71,151.24,7439367
2023-03-10,151.86,153.49,151.10,151.61,8504316
2023-03-13,152.09,155.91,151.57,153.06,10799580
2023-03-14,153.28,154.03,151.90,153.92,8421189
2023-03-15,152.84,154.89,152.53,154.35,7757686
2023-03-16,153.45,154.37,152.60,154.03,7606079
2023-03-17,154.48,154.95,152.30,152.38,20540670
2023-03-20,152.47,154.07,152.38,153.89,7128958
2023-03-21,154.00,154.13,152.17,153.89,8376843
2023-03-22,153.85,154.06,151.03,151.05,7943526
2023-03-23,151.18,151.69,150.11,151.13,9051510
2023-03-24,151.48,152.76,150.83,152.65,5696845
2023-03-27,154.20,154.54,153.11,153.30,6772282
2023-03-28,152.39,153.45,151.72,151.82,6115293
2023-03-29,152.24,153.38,152.07,153.31,6012030
2023-03-30,153.58,153.80,152.81,153.43,4555905
2023-03-31,153.79,155.19,153.24,155.00,9890047
2023-04-03,154.95,157.01,153.94,156.85,6841888
2023-04-04,156.97,158.97,156.59,158.49,8314527
2023-04-05,164.37,165.66,162.76,165.61,16704180
2023-04-06,165.99,167.23,164.80,165.15,9615407
2023-04-10,164.63,164.84,163.64,164.32,5353951
2023-04-11,164.42,165.28,164.04,164.27,5903824
2023-04-12,163.94,164.84,163.10,163.92,5764240
2023-04-13,164.18,166.33,163.81,166.11,5640617
2023-04-14,165.97,166.12,164.06,165.84,7225127
2023-04-17,165.74,166.24,164.94,165.67,8046428
2023-04-18,164.25,164.69,159.65,161.01,14571490
2023-04-19,161.99,162.68,161.17,162.53,6752006
2023-04-20,162.43,163.82,160.96,163.58,9498768
2023-04-21,164.44,164.97,161.97,162.69,7014214
2023-04-24,162.69,163.81,161.87,163.68,5278892
2023-04-25,164.31,165.35,164.16,165.18,6263103
2023-04-26,164.09,164.39,162.24,162.62,5518174
2023-04-27,162.90,163.41,162.13,163.00,5739700
2023-04-28,162.81,163.76,162.56,163.70,6024864
2023-05-01,163.60,164.30,162.24,163.60,4893426
2023-05-02,164.34,165.48,163.56,165.03,7541724
2023-05-03,165.55,166.18,162.51,162.87,5937170
2023-05-04,162.68,162.90,161.25,162.13,5127992
2023-05-05,162.84,163.13,161.69,162.68,5194461
2023-05-08,161.99,162.57,161.34,162.31,4994929
2023-05-09,161.75,162.13,160.79,161.05,5520642
2023-05-10,161.20,161.97,160.06,161.65,6756629
2023-05-11,161.83,162.19,159.39,160.99,5867620
2023-05-12,161.36,161.56,160.01,160.78,3904327
2023-05-15,160.80,161.03,158.94,159.55,5104486
2023-05-16,159.06,160.25,158.53,159.34,5599505
2023-05-17,159.79,160.06,157.77,158.99,6840687
2023-05-18,158.66,158.93,157.56,158.48,5172966
2023-05-19,158.59,159.93,158.14,158.91,6527141
2023-05-22,158.00,159.14,156.78,156.87,5675927
2023-05-23,157.10,158.27,156.37,156.81,5793009
2023-05-24,157.08,157.14,155.92,156.66,5015148
2023-05-25,156.05,156.29,153.72,154.41,6886056
2023-05-26,154.69,155.28,154.20,154.35,6845396
2023-05-30,153.97,155.38,153.32,154.37,5593080
2023-05-31,154.69,155.69,153.85,155.06,11324590
2023-06-01,154.54,155.04,153.15,154.54,7901348
2023-06-02,154.72,157.31,154.09,156.97,7659721
2023-06-05,156.75,158.64,156.97,158.32,6430453
2023-06-06,159.58,159.61,157.40,158.18,5073642
2023-06-07,158.10,158.80,157.44,158.52,6504285
2023-06-08,158.50,160.42,157.82,160.26,5818952
2023-06-09,160.42,160.72,159.47,160.01,6264779
2023-06-12,160.00,160.25,158.73,159.90,6511261
2023-06-13,159.73,160.84,159.15,160.74,6066788
2023-06-14,161.60,162.08,160.98,161.56,6699139
2023-06-15,162.05,163.91,161.43,163.73,7138314
2023-06-16,164.48,164.99,163.87,164.23,13426610
2023-06-20,164.26,165.31,163.81,164.13,7996117
2023-06-21,163.58,164.92,162.69,163.88,7177549
2023-06-22,163.90,165.72,163.79,165.62,5486186
2023-06-23,166.11,166.27,165.03,165.48,9450724
2023-06-26,164.98,164.98,161.33,163.63,6978804
2023-06-27,163.68,163.88,162.44,163.29,4927711
2023-06-28,163.20,163.20,161.91,162.96,6780435
2023-06-29,162.64,164.32,162.23,164.10,4547514
2023-06-30,164.86,165.94,164.35,165.52,7580141
2023-07-03,164.34,164.39,162.96,163.35,4033713
2023-07-05,162.99,163.92,162.73,162.81,7225523
2023-07-06,162.25,162.37,161.00,161.60,6333687
2023-07-07,160.47,161.04,159.20,159.25,7022226
2023-07-10,159.43,160.30,159.00,159.51,5739364
2023-07-11,159.13,160.30,157.60,158.63,6606956
2023-07-12,158.94,158.94,157.88,158.08,6940442
2023-07-13,158.00,159.13,157.41,158.81,6401743
2023-07-14,159.18,160.22,158.98,159.87,5362237
2023-07-17,159.75,159.87,158.15,159.07,5488030
2023-07-18,159.07,160.89,158.19,159.06,6332509
2023-07-19,157.91,160.41,157.33,158.74,7522557
2023-07-20,161.94,169.14,161.30,168.38,21892880
2023-07-21,168.18,170.82,168.18,170.19,12080000
2023-07-24,171.50,173.82,170.99,171.08,15155450
2023-07-25,170.45,172.68,169.75,172.39,13790050
2023-07-26,172.00,173.85,171.40,172.72,14288170
2023-07-27,172.18,174.29,172.04,173.69,12446390
2023-07-28,174.00,175.36,173.23,174.48,14138840
2023-07-31,169.69,170.22,166.71,167.53,22632720
2023-08-01,166.37,169.09,166.06,168.89,15811550
2023-08-02,168.85,171.24,168.85,169.91,14599260
2023-08-03,169.95,171.32,169.67,170.64,17425230
2023-08-04,170.34,172.68,167.89,169.04,23415050
2023-08-07,169.49,173.34,169.36,173.10,17736440
2023-08-08,172.99,173.55,171.39,173.18,27378700
2023-08-09,173.00,174.25,172.05,173.07,42974370
2023-08-10,174.00,175.97,171.64,172.17,48213840
2023-08-11,172.48,173.95,171.62,173.85,45905610
2023-08-14,173.52,175.60,171.75,173.44,64036950
2023-08-15,172.80,174.56,172.14,172.94,88924920
2023-08-16,172.53,174.73,172.13,172.39,85594290
2023-08-17,172.86,175.39,172.76,174.01,70904180
2023-08-18,173.17,173.99,171.31,172.49,49631740
2023-08-21,169.69,169.85,165.96,167.35,151319500
2023-08-22,166.86,167.84,165.41,166.02,56835370
2023-08-23,168.93,170.18,162.01,163.20,119011400
2023-08-24,164.03,166.67,163.86,165.09,70755060
2023-08-25,164.30,167.78,164.06,166.25,18185520
2023-08-28,165.00,166.21,163.16,164.29,18457990
2023-08-29,164.87,165.68,162.77,164.31,12208610
2023-08-30,165.11,165.83,163.68,163.73,9939097
2023-08-31,163.37,163.57,161.28,161.68,15333000
2023-09-01,161.42,162.48,160.01,160.48,8610052
2023-09-05,160.56,161.97,160.28,160.68,9019777
2023-09-06,159.84,160.00,157.35,158.01,9753833
2023-09-07,159.14,161.06,158.98,160.03,9931811
2023-09-08,159.59,160.68,159.19,160.56,6958201
2023-09-11,161.06,162.69,160.45,162.66,6309295
2023-09-12,162.22,163.93,161.53,163.58,6045756
2023-09-13,163.76,164.95,163.00,163.99,7397520
2023-09-14,164.68,165.27,163.44,163.74,7758552
2023-09-15,163.98,164.82,161.21,161.45,13392070
2023-09-18,162.12,163.15,160.75,162.47,5789146
2023-09-19,162.25,162.85,161.38,162.20,5550851
2023-09-20,162.19,163.54,161.66,162.91,3837595
2023-09-21,162.57,163.50,161.59,161.66,4526772
2023-09-22,161.30,161.40,160.25,160.50,4977354
2023-09-25,160.07,160.36,158.73,160.26,6722584
2023-09-26,159.81,160.08,158.86,159.02,4904860
2023-09-27,158.58,158.76,155.25,157.11,10210690
2023-09-28,157.50,157.96,156.22,156.88,7861879
2023-09-29,157.37,157.60,155.35,155.75,7680711
2023-10-02,155.42,155.42,153.32,155.15,7259935
2023-10-03,154.68,155.50,153.89,155.34,5741035
2023-10-04,155.57,155.93,154.57,155.52,4955308
2023-10-05,156.27,158.04,156.07,157.14,5993541
2023-10-06,157.08,158.30,156.59,157.64,5802226
2023-10-09,157.18,158.88,157.09,158.54,4414322
2023-10-10,158.38,159.27,157.90,158.36,5273531
2023-10-11,158.46,159.05,156.04,156.18,6922907
2023-10-12,155.92,156.56,155.07,156.33,5792419
2023-10-13,156.73,157.36,156.05,156.85,5360347
2023-10-16,157.82,158.25,156.84,157.53,6408142
2023-10-17,155.98,158.95,154.61,156.09,12244370
2023-10-18,155.41,155.95,152.05,152.73,9097348
2023-10-19,151.67,153.11,150.15,152.32,7733790
2023-10-20,152.74,153.87,152.33,153.00,7206976
2023-10-23,152.86,153.50,151.21,151.39,5873981
2023-10-24,150.75,151.96,150.13,151.23,6155269
2023-10-25,151.24,152.17,150.23,151.57,5880816
2023-10-26,151.97,151.97,148.88,149.00,7612507
2023-10-27,148.49,148.66,144.95,145.60,11385750
2023-10-30,146.09,147.24,146.00,147.03,8205509
2023-10-31,147.54,148.54,146.64,148.34,7577017
2023-11-01,149.19,149.76,148.46,148.69,5732973
2023-11-02,147.71,150.40,147.54,150.24,5349097
2023-11-03,151.21,152.27,150.15,151.34,4926765
2023-11-06,151.78,152.43,151.37,151.70,4851421
2023-11-07,151.93,152.25,150.68,150.90,4840590
2023-11-08,151.35,151.83,150.34,150.35,5460167
2023-11-09,150.50,150.50,147.26,147.42,6973598
2023-11-10,148.25,148.50,145.64,147.25,6931611
2023-11-13,147.25,147.90,146.65,147.63,5889367
2023-11-14,147.64,148.54,146.97,147.66,6713647
2023-11-15,147.35,149.42,147.27,148.80,6729120
2023-11-16,149.50,150.17,148.64,150.10,6875566
2023-11-17,150.55,150.78,149.06,149.79,7025544
2023-11-20,147.91,150.40,147.54,149.91,8860472
2023-11-21,150.10,151.29,149.61,151.12,5916344
2023-11-22,151.63,152.04,150.39,150.82,4635503
2023-11-24,150.86,152.68,150.86,152.50,3351448
2023-11-27,152.29,152.32,150.97,151.28,6449740
2023-11-28,151.40,151.81,150.84,151.63,5909044
2023-11-29,151.33,152.20,151.07,152.11,5190026
2023-11-30,152.26,155.14,151.92,154.66,12481870
2023-12-01,156.44,158.46,155.47,158.38,10342900
2023-12-04,158.00,160.02,158.00,158.88,8920279
2023-12-05,158.80,159.63,158.22,158.55,7268151
2023-12-06,158.52,158.66,156.17,156.62,6642891
2023-12-07,156.58,156.58,154.71,155.40,6532388
2023-12-08,155.42,155.85,153.84,154.42,6254673
2023-12-11,154.50,155.48,154.35,155.06,6090360
2023-12-12,155.00,155.32,153.65,155.07,5324406
2023-12-13,153.66,155.94,151.77,155.79,10764580
2023-12-14,156.47,157.16,155.05,156.87,9240800
2023-12-15,155.49,156.69,153.76,155.16,21727750
2023-12-18,155.21,156.44,154.76,155.44,7231383
2023-12-19,155.30,156.50,154.94,156.46,6651744
2023-12-20,156.54,156.66,153.11,153.27,7008313
2023-12-21,153.69,155.13,153.30,154.84,4598843
2023-12-22,155.25,156.53,155.02,155.46,3798865
2023-12-26,155.00,156.35,154.85,156.14,4170190
2023-12-27,155.50,156.52,155.42,156.35,5288101
2023-12-28,156.00,157.24,155.99,156.58,4377535
2023-12-29,156.51,156.90,155.98,156.74,4313691
2024-01-02,156.93,161.64,156.79,159.97,9622108
2024-01-03,160.64,161.44,159.80,160.97,8231987
2024-01-04,161.59,161.98,160.42,160.63,6766641
2024-01-05,160.50,161.34,159.47,161.13,5602564
2024-01-08,161.10,161.66,159.61,161.53,6569810
2024-01-09,161.63,163.28,160.59,161.63,6357014
2024-01-10,161.82,162.62,161.20,161.87,4945088
2024-01-11,162.07,162.20,160.78,161.15,4946015
2024-01-12,161.84,162.47,161.69,162.39,4496942
2024-01-16,161.57,162.25,160.18,160.52,6923174
2024-01-17,160.25,161.30,159.87,160.43,5072104
2024-01-18,160.00,161.37,159.69,161.21,5368502
2024-01-19,161.15,161.92,160.28,161.68,7071320
2024-01-22,162.00,163.58,161.34,162.47,6824156
2024-01-23,159.66,160.51,156.91,159.81,9149777
2024-01-24,159.75,160.60,158.16,158.96,7247926
2024-01-25,159.00,159.62,158.47,159.56,5478898
2024-01-26,160.43,160.74,159.36,159.50,5591930
2024-01-29,159.01,160.07,158.96,159.36,6483190
2024-01-30,159.35,159.76,158.13,158.77,7200538
2024-01-31,160.40,160.62,158.67,158.90,8257029
2024-02-01,158.16,158.49,157.05,158.36,8012122
2024-02-02,157.97,158.31,155.94,156.61,8295916
2024-02-05,156.61,156.89,155.34,155.80,9121808
2024-02-06,155.83,158.73,155.60,158.06,9230611
2024-02-07,157.80,159.37,157.69,157.98,8690294
2024-02-08,157.34,157.34,155.31,156.40,9754960
2024-02-09,156.27,157.20,155.67,156.76,6529202
2024-02-12,156.58,158.41,156.35,157.85,6701508
2024-02-13,157.64,158.45,155.75,156.47,8621022
2024-02-14,156.35,156.46,154.84,155.74,9098805
2024-02-15,155.98,158.47,155.89,157.92,7462529
2024-02-16,156.60,157.25,155.67,156.55,8540961
2024-02-20,156.56,158.61,156.44,157.86,9501742
2024-02-21,158.02,158.69,157.13,158.68,7473300
2024-02-22,158.98,160.74,157.77,160.45,8065010
2024-02-23,160.88,162.25,160.16,161.84,6725963
2024-02-26,161.80,162.01,160.57,160.79,5465417
2024-02-27,160.34,161.04,159.64,160.98,5078650
2024-02-28,161.00,161.61,160.29,161.55,6071076
2024-02-29,162.00,162.19,160.94,161.38,9849270
2024-03-01,161.83,162.57,161.09,162.12,5670135
2024-03-04,161.32,161.61,158.27,159.84,8533083
2024-03-05,160.62,161.24,159.20,159.97,8298182
2024-03-06,159.46,160.93,159.22,159.34,5773683
2024-03-07,160.00,160.36,158.24,158.87,5188726
2024-03-08,158.87,160.39,158.43,159.52,5283951
2024-03-11,159.49,161.32,158.88,161.23,4620826
2024-03-12,161.58,163.11,161.13,162.74,8018736
2024-03-13,162.53,162.68,159.81,161.10,6260000
2024-03-14,160.94,161.54,158.69,159.21,6988264
2024-03-15,158.06,159.19,157.10,158.18,13165500
2024-03-18,158.57,158.69,156.50,156.76,6602255
2024-03-19,156.67,156.86,155.66,156.21,7840624
2024-03-20,155.70,156.44,155.21,155.76,5982304
2024-03-21,155.59,156.95,155.10,155.75,5915777
2024-03-22,155.69,156.36,155.11,155.23,7248622
2024-03-25,155.40,155.98,154.90,155.22,7498100
2024-03-26,155.61,156.23,154.76,155.77,6864099
2024-03-27,155.99,158.22,155.44,157.96,8461600
2024-03-28,158.20,159.14,158.11,158.19,6181503
2024-04-01,157.72,158.15,156.77,157.78,4364699
2024-04-02,156.57,157.83,155.95,157.73,6102497
2024-04-03,157.79,158.05,154.25,154.26,8098242
2024-04-04,155.31,155.50,152.41,152.50,6947423
2024-04-05,152.03,153.01,151.61,152.39,6783020
2024-04-08,151.99,153.03,151.56,151.59,5935415
2024-04-09,151.55,152.53,150.94,152.29,6135556
2024-04-10,151.53,151.82,149.76,150.20,6809519
2024-04-11,150.80,150.87,148.39,148.79,8374434
2024-04-12,148.06,149.06,147.15,147.52,7100178
2024-04-15,148.37,149.49,147.37,147.59,8502266
2024-04-16,145.01,146.25,143.39,144.45,12774860
2024-04-17,145.00,145.41,143.54,144.77,9378059
2024-04-18,144.98,145.80,143.13,145.74,9887704
2024-04-19,146.15,148.13,144.54,147.91,9750751
2024-04-22,148.51,150.27,147.30,149.12,10118690
2024-04-23,149.86,150.49,148.20,149.56,10110440
2024-04-24,148.14,148.99,146.86,148.53,9756259
2024-04-25,149.37,149.58,146.33,146.82,7642732
2024-04-26,146.70,147.18,145.95,146.14,6182982
2024-04-29,146.14,147.22,145.99,146.82,6461588
2024-04-30,146.88,146.88,144.53,144.59,8817719
2024-05-01,148.74,151.85,147.62,151.18,14473710
2024-05-02,152.04,152.33,149.14,149.92,8459796
2024-05-03,149.89,149.89,147.82,149.27,6532718
2024-05-06,149.87,150.05,147.91,148.58,5042757
2024-05-07,149.38,149.73,148.45,148.72,7333730
2024-05-08,149.12,149.73,148.70,148.95,7735148
2024-05-09,148.98,150.10,148.89,149.85,6546153
2024-05-10,150.00,150.09,149.19,149.91,5710566
2024-05-13,150.04,152.00,149.71,151.22,5628467
2024-05-14,151.85,152.21,150.70,151.38,8254171
2024-05-15,151.82,152.95,151.30,152.67,5547955
2024-05-16,153.00,154.38,152.33,154.28,7590959
2024-05-17,154.86,154.86,153.71,154.64,6521794
2024-05-20,153.10,153.39,151.26,151.27,7742280
2024-05-21,151.78,152.59,150.78,151.24,5492354
2024-05-22,150.84,154.08,150.32,153.50,6609788
2024-05-23,152.75,152.84,149.38,149.70,8000422
2024-05-24,149.53,149.81,146.76,146.97,9520576
2024-05-28,146.79,146.79,144.15,144.38,10499830
2024-05-29,143.82,145.41,143.71,144.44,8263810
2024-05-30,144.62,145.61,144.02,145.28,8491111
2024-05-31,145.57,147.48,145.19,146.67,14621200
2024-06-03,147.25,148.90,146.77,147.74,7329241
2024-06-04,147.48,148.31,146.19,147.80,8876441
2024-06-05,147.97,147.99,145.85,145.97,5891299
2024-06-06,145.50,147.00,144.66,146.42,5016301
2024-06-07,146.68,148.30,146.34,147.08,5111626
2024-06-10,146.53,147.56,145.60,147.13,5751309
2024-06-11,146.81,147.16,145.44,146.76,5661236
2024-06-12,147.06,147.21,144.78,145.41,6180493
2024-06-13,145.07,146.00,143.88,145.45,6840374
2024-06-14,145.14,145.97,144.48,145.54,4075342
2024-06-17,145.02,146.43,144.74,145.95,6666583
2024-06-18,145.96,146.39,145.26,145.65,6156572
2024-06-20,145.27,148.08,145.01,147.78,8749717
2024-06-21,147.89,149.08,147.37,148.75,15176870
2024-06-24,149.00,149.72,148.17,149.12,6914671
2024-06-25,149.18,149.20,146.94,147.19,6620303
2024-06-26,146.20,147.19,145.78,146.82,5267809
2024-06-27,146.80,147.36,144.84,145.80,5739246
2024-06-28,146.04,147.07,145.65,146.16,10495740
2024-07-01,146.07,148.70,145.62,146.44,5144443
2024-07-02,146.43,147.15,145.74,146.03,5491962
2024-07-03,146.20,146.65,144.74,145.69,3246157
2024-07-05,145.77,146.55,144.50,146.48,4888535
2024-07-08,146.40,147.22,145.25,145.48,5260229
2024-07-09,145.67,147.13,145.18,147.05,5892187
2024-07-10,147.26,149.47,146.68,149.43,6093187
2024-07-11,149.58,150.58,148.64,149.70,6352109
2024-07-12,150.00,150.88,149.24,149.88,5336394
2024-07-15,150.08,150.25,148.87,149.24,6711354
2024-07-16,149.69,151.08,149.16,151.01,6469582
2024-07-17,151.55,157.49,151.41,156.58,13801430
2024-07-18,155.60,157.07,154.62,155.42,10166250
2024-07-19,156.51,156.51,154.12,154.69,7398036
2024-07-22,154.77,155.11,153.59,154.24,6840609
2024-07-23,153.31,153.50,151.57,152.35,6261870
2024-07-24,152.76,156.41,152.33,156.28,7168217
2024-07-25,156.48,160.58,156.00,159.64,10019580
2024-07-26,159.75,161.58,159.47,160.64,8356878
2024-07-29,159.97,160.00,158.05,158.56,5625204
2024-07-30,158.54,161.55,158.36,161.33,6545677
2024-07-31,159.85,160.35,157.74,157.85,8293239
2024-08-01,158.48,160.81,157.71,160.76,7213419
2024-08-02,161.90,164.85,161.00,164.14,11280360
2024-08-05,163.79,165.78,160.58,161.25,12032210
2024-08-06,161.05,161.48,158.94,158.97,7607144
2024-08-07,158.87,160.62,158.19,158.90,5993028
2024-08-08,158.57,160.70,158.03,160.22,5094830
2024-08-09,160.12,160.93,159.34,160.62,4579186
2024-08-12,160.97,161.70,158.71,159.88,7605419
2024-08-13,160.27,160.37,156.44,158.39,9711395
2024-08-14,157.83,159.55,157.40,158.48,5141249
2024-08-15,158.37,159.50,157.84,159.09,7237785
2024-08-16,159.14,159.94,158.18,159.39,5012774
2024-08-19,159.46,160.29,159.13,159.63,4408517
2024-08-20,160.00,160.93,159.67,160.16,7275133
2024-08-21,160.40,161.48,160.31,161.43,5019375
2024-08-22,162.00,162.49,160.79,162.35,6552142
2024-08-23,162.50,164.22,161.69,164.13,7093429
2024-08-26,164.17,165.71,163.54,164.61,6870622
2024-08-27,163.50,164.03,162.16,162.95,4388728
2024-08-28,163.00,165.00,162.71,163.92,5187198
2024-08-29,164.63,164.72,163.36,164.23,7390125
2024-08-30,164.12,165.98,163.81,165.86,7971017
2024-09-03,165.24,167.81,164.77,167.16,6956452
2024-09-04,167.81,168.85,166.04,167.36,6939132
2024-09-05,167.20,167.37,164.83,164.99,4600392
2024-09-06,165.18,165.94,164.12,164.38,6016884
2024-09-09,164.84,167.41,164.47,166.61,7538233
2024-09-10,167.50,168.46,166.75,167.38,6559734
2024-09-11,166.79,166.79,164.09,164.82,5920165
2024-09-12,164.20,165.10,162.71,164.64,4541046
2024-09-13,164.74,165.75,163.82,165.52,3693548
2024-09-16,166.36,167.25,165.78,166.99,5187887
2024-09-17,166.24,167.72,165.93,167.07,5066586
2024-09-18,166.63,168.35,165.74,166.15,4722765
2024-09-19,166.23,166.37,164.42,164.82,4956119
2024-09-20,164.30,164.87,163.55,164.16,11838970
2024-09-23,164.40,164.50,162.72,163.22,4671645
2024-09-24,162.79,163.49,161.55,162.78,6041561
2024-09-25,163.00,163.31,160.36,160.60,5420011
2024-09-26,160.24,161.54,160.02,161.39,6122231
2024-09-27,162.00,163.43,161.34,161.40,7553905
2024-09-30,161.57,162.18,160.68,162.06,6010407
2024-10-01,162.43,162.75,161.18,161.99,4408019
2024-10-02,161.51,162.12,160.65,161.17,4684472
2024-10-03,160.78,161.44,160.22,160.50,4791223
2024-10-04,159.63,160.50,158.78,160.29,5331694
2024-10-07,160.25,160.86,159.22,159.53,4265971
2024-10-08,159.49,160.25,158.95,159.69,4766250
2024-10-09,159.92,161.22,159.51,160.65,6047269
2024-10-10,161.36,161.39,160.00,160.51,4793889
2024-10-11,162.18,162.66,161.20,161.46,5253459
2024-10-14,161.40,162.14,160.90,161.60,5963961
2024-10-15,160.00,166.75,159.00,164.10,10547970
2024-10-16,164.00,164.99,162.64,164.28,5982291
2024-10-17,164.26,165.00,163.63,164.47,4798238
2024-10-18,164.89,165.29,163.93,165.12,5908012
2024-10-21,165.10,165.25,162.31,162.83,6082736
2024-10-22,162.32,163.73,161.90,163.45,5680612
2024-10-23,162.82,166.00,162.42,165.86,7442026
2024-10-24,165.00,165.51,163.34,163.67,5386525
2024-10-25,163.68,163.92,160.61,160.88,6400449
2024-10-28,161.13,161.97,161.00,161.60,4842653
2024-10-29,161.46,162.17,160.06,160.09,5216879
2024-10-30,159.45,161.28,159.03,160.61,5820530
2024-10-31,159.99,160.87,159.46,159.86,8613860
2024-11-01,160.58,161.06,159.88,160.13,5256652
2024-11-04,159.70,160.28,158.07,158.24,4644011
2024-11-05,157.67,158.59,156.35,158.35,6547074
2024-11-06,159.90,160.85,157.35,157.88,8926601
2024-11-07,158.47,158.75,156.51,156.73,7522812
2024-11-08,157.00,157.08,155.41,155.47,8926134
2024-11-11,155.62,157.58,154.91,155.04,7146759
2024-11-12,154.53,155.04,152.37,152.64,7181408
2024-11-13,152.50,153.51,151.42,153.24,7162233
2024-11-14,153.18,153.59,150.76,151.87,7716385
2024-11-15,150.90,154.43,150.90,154.00,11328520
2024-11-18,152.59,155.33,152.33,154.77,7514177
2024-11-19,153.94,153.99,152.05,153.00,8233678
2024-11-20,153.03,153.25,151.81,153.11,9061274
2024-11-21,153.62,156.06,152.81,155.50,10141060
2024-11-22,155.90,157.12,154.11,155.17,8265961
2024-11-25,155.17,157.03,155.14,155.78,12256240
2024-11-26,155.16,155.25,153.16,154.52,5683499
2024-11-27,154.63,156.63,154.60,155.40,4140444
2024-11-29,154.89,155.67,154.17,155.01,5687821
2024-12-02,154.75,155.00,153.93,154.80,6946494
2024-12-03,154.80,154.80,152.31,152.36,8674415
2024-12-04,151.29,151.56,149.75,150.47,10333110
2024-12-05,150.00,150.38,148.95,149.52,7898098
2024-12-06,149.39,150.05,148.38,149.31,8389611
2024-12-09,149.29,150.89,148.44,149.60,8410303
2024-12-10,149.93,150.83,148.33,149.23,9398671
2024-12-11,148.50,148.50,146.37,146.64,13446660
2024-12-12,147.20,147.77,146.01,146.24,6176269
2024-12-13,145.66,146.93,145.04,146.62,8324900
2024-12-16,146.73,147.25,143.52,143.85,8732378
2024-12-17,143.84,146.66,143.71,146.41,10342960
2024-12-18,145.68,146.74,144.67,144.75,9336094
2024-12-19,144.14,145.22,143.37,143.58,9516653
2024-12-20,143.05,145.47,142.75,144.47,17702760
2024-12-23,144.63,145.33,143.45,145.27,8720824
2024-12-24,145.00,145.85,144.33,145.85,3164071
2024-12-26,145.51,146.37,145.09,145.58,4656981
2024-12-27,144.87,146.60,144.68,145.05,5588306
2024-12-30,144.84,144.88,142.95,143.34,6268692
2024-12-31,143.76,144.67,143.31,144.62,5811401
2025-01-02,145.23,145.77,143.78,144.02,6051330
2025-01-03,144.07,144.57,143.62,144.19,5879816
2025-01-06,143.51,144.81,142.93,143.66,7910493
2025-01-07,143.75,147.18,143.59,146.23,8422010
2025-01-08,145.49,145.59,141.44,142.27,11175550
2025-01-10,141.00,143.67,140.68,142.06,8821541
2025-01-13,142.98,145.07,142.31,144.47,10376380
2025-01-14,144.50,144.81,142.86,144.75,8681741
2025-01-15,145.31,146.05,144.26,144.97,7434562
2025-01-16,144.32,148.07,144.06,147.77,8964016
2025-01-17,147.44,148.38,146.61,147.03,10773050
2025-01-21,147.56,148.86,147.05,148.15,11111750
2025-01-22,144.00,145.47,142.11,145.27,16834750
2025-01-23,145.44,147.91,144.81,146.64,10506360
2025-01-24,146.81,147.63,146.38,146.82,9887682
2025-01-27,148.45,153.45,148.00,152.89,15152310
2025-01-28,152.66,152.97,150.30,150.38,10320610
2025-01-29,150.50,151.88,150.00,151.15,7156421
2025-01-30,151.91,154.14,151.36,152.87,8910983
2025-01-31,152.62,153.18,152.06,152.15,8458715
2025-02-03,152.00,152.47,150.78,151.87,6687487
2025-02-04,151.36,154.18,150.94,153.49,9645289
2025-02-05,153.82,154.73,153.31,154.69,8946957
2025-02-06,154.79,154.84,153.38,153.51,7418468
2025-02-07,153.53,154.49,152.80,153.12,6204916
2025-02-10,153.61,154.37,152.29,154.24,6936561
2025-02-11,154.11,156.39,153.94,156.13,7554811
2025-02-12,155.27,155.66,154.27,155.26,7746014
2025-02-13,155.26,158.13,154.79,157.25,10705080
2025-02-14,157.29,157.47,156.06,156.15,6411840
2025-02-18,154.14,155.45,153.24,154.99,9670657
2025-02-19,155.00,158.30,154.75,157.89,7974736
2025-02-20,156.95,159.95,156.95,159.68,7224030
2025-02-21,159.88,163.51,159.28,162.30,12546930
2025-02-24,162.68,164.87,162.05,163.74,10201920
2025-02-25,164.10,166.43,163.94,166.09,12303700
2025-02-26,165.08,165.13,162.56,163.08,11396410
2025-02-27,162.31,163.95,161.73,163.73,8364573
2025-02-28,164.31,165.94,162.70,165.02,12037420
2025-03-03,164.96,167.33,164.84,167.28,9191464
2025-03-04,168.08,169.99,165.32,165.42,11999960
2025-03-05,164.51,166.46,163.53,165.12,8745050
2025-03-06,165.00,165.87,163.51,165.83,8037888
2025-03-07,165.13,168.46,164.70,166.69,9637593
2025-03-10,167.48,169.90,167.05,167.70,17558980
2025-03-11,167.20,167.30,165.05,165.86,9890648
2025-03-12,163.73,164.21,162.23,162.85,8010692
2025-03-13,163.43,164.54,162.66,162.99,5286734
2025-03-14,162.12,163.15,161.10,162.81,6235797
2025-03-17,162.41,163.50,161.73,162.84,6669815
2025-03-18,163.44,164.86,162.97,164.25,7348974
2025-03-19,163.97,164.36,162.21,162.99,5936637
2025-03-20,163.00,163.20,161.93,163.02,7485930
2025-03-21,163.00,164.13,162.48,163.63,17047110
2025-03-24,162.84,164.39,162.50,163.29,8046565
2025-03-25,163.52,164.19,160.56,161.02,7456197
2025-03-26,161.21,162.49,160.64,161.72,7223773
2025-03-27,162.35,164.06,161.32,163.13,6752466
2025-03-28,163.59,164.52,162.91,163.71,5760545
2025-03-31,164.37,166.63,164.23,165.84,12481400
2025-04-01,160.73,161.81,153.13,153.25,23303070
2025-04-02,154.01,155.79,153.45,155.36,10356920
2025-04-03,158.75,160.65,157.48,159.82,13249310
2025-04-04,159.16,159.82,152.93,153.24,16601730
2025-04-07,151.28,152.71,147.40,150.62,18083040
2025-04-08,153.59,153.59,148.00,150.00,12018390
2025-04-09,142.20,153.19,141.50,150.97,18773740
2025-04-10,150.37,151.20,145.13,148.69,13830470
2025-04-11,149.33,152.35,148.19,151.73,9943851
2025-04-14,151.59,154.67,151.17,154.36,10685340
2025-04-15,155.70,156.30,152.10,153.62,10847650
2025-04-16,155.37,155.63,152.24,153.91,7987296
2025-04-17,154.16,159.44,154.16,157.47,10981070
2025-04-21,157.96,158.23,155.49,156.92,6285438
2025-04-22,157.55,158.72,156.26,157.75,7136321
2025-04-23,156.49,157.10,154.33,155.38,9099438
2025-04-24,155.80,155.90,153.44,154.93,8310425
2025-04-25,154.32,154.90,152.45,154.58,8643927
2025-04-28,155.50,155.81,153.82,155.35,5815179
2025-04-29,155.45,157.02,154.29,155.91,5246725
2025-04-30,158.20,158.20,155.02,156.31,9598156
2025-05-01,155.00,155.09,153.36,154.46,7325849
2025-05-02,156.07,156.72,155.04,156.12,5974539
2025-05-05,156.67,156.79,154.72,155.00,5464496
2025-05-06,154.82,155.90,153.69,154.47,8644189
2025-05-07,154.74,157.94,154.50,157.30,7854106
2025-05-08,155.82,157.03,154.78,155.66,7606095
2025-05-09,155.42,156.06,153.81,154.22,6520449
2025-05-12,152.02,155.36,151.18,154.14,9023782
2025-05-13,151.70,151.70,148.08,148.44,10549610
2025-05-14,148.66,148.82,146.12,146.36,10215950
2025-05-15,148.00,149.65,147.33,149.61,7945768
2025-05-16,149.67,151.50,149.22,151.33,8051150
2025-05-19,151.89,152.66,151.05,152.49,12639950
2025-05-20,152.33,154.04,152.12,153.66,7351451
2025-05-21,153.19,154.43,153.00,153.18,7032225
2025-05-22,152.65,153.32,151.37,152.61,7535335
2025-05-23,153.00,153.48,152.21,152.94,6727539
2025-05-27,152.52,154.04,151.93,153.25,6990694
2025-05-28,153.28,153.64,151.93,152.43,8459310
2025-05-29,151.75,154.04,151.56,153.58,6810982
2025-05-30,153.90,155.71,153.22,155.21,15529720
2025-06-02,154.48,155.54,152.30,155.40,6669669
2025-06-03,154.80,155.66,154.08,154.42,8209757
2025-06-04,154.93,154.93,153.13,153.22,6983861
2025-06-05,153.68,154.09,152.64,153.66,5296258
2025-06-06,154.00,156.03,154.00,155.03,5391841
2025-06-09,154.85,155.99,154.45,155.23,5319232
2025-06-10,155.43,157.44,155.02,156.45,6791881
2025-06-11,156.30,156.60,154.73,155.26,6016039
2025-06-12,156.24,156.68,155.17,156.66,7075511
2025-06-13,155.97,157.67,155.97,157.10,6587849
2025-06-16,156.42,156.50,154.45,155.22,7023995
2025-06-17,154.97,155.28,152.10,152.38,6407098
2025-06-18,152.57,152.65,150.71,150.73,8325237
2025-06-20,151.26,151.40,149.04,149.79,22605470
2025-06-23,149.74,151.43,149.74,151.32,7397853
2025-06-24,151.50,152.72,150.98,152.19,9544217
2025-06-25,151.38,153.07,150.73,152.28,7153708
2025-06-26,152.70,153.22,151.53,152.01,7156903
2025-06-27,152.01,153.33,151.01,152.41,10010790
2025-06-30,152.16,152.97,151.52,152.75,9039552
2025-07-01,153.00,157.75,152.81,155.92,10896680
2025-07-02,156.00,156.30,155.07,155.56,5544030
2025-07-03,155.43,156.28,154.88,156.01,3482521
2025-07-07,156.02,156.35,154.89,155.27,6270887
2025-07-08,154.48,156.76,154.21,155.79,6438221
2025-07-09,155.79,156.69,155.06,156.28,6147685
2025-07-10,156.10,159.24,155.82,157.69,6733128
2025-07-11,157.09,157.18,155.18,156.90,7872172
2025-07-14,156.87,157.47,155.52,156.82,10185630
2025-07-15,156.36,157.19,154.80,155.17,6873200
2025-07-16,160.30,166.12,159.80,164.78,22134770
2025-07-17,163.18,164.70,162.30,162.98,11295750
2025-07-18,163.93,165.10,163.36,163.70,9793046
2025-07-21,163.77,164.91,162.78,164.36,8254003
2025-07-22,165.00,168.06,164.71,167.93,9287991
2025-07-23,168.60,169.12,166.59,169.10,10617640
2025-07-24,169.50,169.99,168.88,169.56,6636918
2025-07-25,169.75,169.88,167.44,168.30,6255183
2025-07-28,167.86,167.94,165.05,166.22,8014640
2025-07-29,166.67,168.78,166.37,168.11,7663408
2025-07-30,167.69,168.61,166.78,167.26,6189161
2025-07-31,165.93,167.07,164.23,164.74,11036180
2025-08-01,165.47,167.62,164.79,167.33,8928229
2025-08-04,167.03,171.19,166.64,171.04,12679100
2025-08-05,170.54,171.56,169.65,170.74,7934442
2025-08-06,169.91,172.18,169.68,170.59,8957240
2025-08-07,171.17,171.62,169.92,171.53,9315942
2025-08-08,171.02,173.96,170.39,173.33,7686765
2025-08-11,173.40,174.60,173.05,173.82,7256778
2025-08-12,174.00,174.75,171.81,172.78,7917437
2025-08-13,173.00,174.54,172.69,174.42,5878666
2025-08-14,174.31,175.72,172.72,174.72,8241942
2025-08-15,175.57,177.26,174.96,176.64,9477559
2025-08-18,176.50,177.57,176.10,176.25,9284138
2025-08-19,176.04,178.18,175.98,177.80,9274182
2025-08-20,178.50,180.61,178.00,178.84,9030396
2025-08-21,178.55,180.08,178.16,178.93,8859552
2025-08-22,180.03,181.16,177.47,179.29,9524308
2025-08-25,179.52,180.26,178.29,178.41,6229149
2025-08-26,176.75,177.16,175.77,176.49,9145045
2025-08-27,176.97,177.69,176.16,176.79,5951099
2025-08-28,176.37,176.49,174.63,175.45,6424695
2025-08-29,175.97,177.41,175.45,177.17,6942311
2025-09-02,177.47,179.20,176.89,178.06,9049003
2025-09-03,177.67,178.29,176.53,178.00,7111689
2025-09-04,178.00,178.90,177.55,178.76,7854833
2025-09-05,178.00,179.50,176.56,178.43,9733803
2025-09-08,177.36,179.44,176.70,178.13,8382514
2025-09-09,178.00,178.09,176.45,176.96,6005703
2025-09-10,176.30,176.60,174.33,175.79,6891590
2025-09-11,175.75,178.84,175.62,178.50,5792527
2025-09-12,177.71,178.80,176.72,178.06,7220473
2025-09-15,177.76,178.99,176.93,177.40,4768547
2025-09-16,177.57,177.62,175.65,176.46,7959652
2025-09-17,176.71,178.51,176.59,177.20,6715188
2025-09-18,176.60,177.02,173.87,174.16,8200854
2025-09-19,174.69,177.16,173.33,176.19,25620950
2025-09-22,176.09,176.64,174.12,174.21,7193868
2025-09-23,174.89,176.97,174.83,176.58,8350743
2025-09-24,176.14,176.95,175.74,176.69,6676770
2025-09-25,177.20,178.40,175.91,177.73,8474975
2025-09-26,178.60,179.91,177.32,179.71,8634403
2025-09-29,179.82,181.87,179.80,181.62,8597083
2025-09-30,181.70,185.99,181.07,185.42,11569020
2025-10-01,186.00,186.56,183.91,186.05,13063790
2025-10-02,184.19,186.59,184.09,185.98,7728069
2025-10-03,187.06,189.78,186.91,188.64,8675087
2025-10-06,188.00,189.92,187.37,188.16,5806089
2025-10-07,183.77,189.23,182.94,188.89,8776784
2025-10-08,188.87,190.22,188.27,189.69,5751163
2025-10-09,190.00,192.10,189.73,191.08,7484764
2025-10-10,192.01,192.07,189.85,190.72,9598019
2025-10-13,189.83,191.30,189.28,190.90,7979476
2025-10-14,192.92,194.40,185.88,190.85,13613340
2025-10-15,191.48,193.57,189.30,191.17,9472995
2025-10-16,191.34,193.05,190.43,192.12,10611760
2025-10-17,192.50,193.60,191.68,193.22,7764449
2025-10-20,193.50,194.48,192.33,193.72,8034740
2025-10-21,193.01,193.55,191.77,191.88,6716360
2025-10-22,192.00,193.45,191.78,192.94,6343472
2025-10-23,192.56,194.00,191.54,192.47,8882491
2025-10-24,192.20,192.31,189.42,190.40,6903379
2025-10-27,189.99,190.80,189.53,190.30,7125956
2025-10-28,189.26,189.50,186.62,186.93,8329457
2025-10-29,186.70,187.10,184.66,186.60,10551080
2025-10-30,187.08,189.38,186.91,189.05,7072517
2025-10-31,187.46,189.50,186.76,188.87,8791666
2025-11-03,189.00,189.03,185.52,186.26,7542636
2025-11-04,186.83,187.82,185.62,186.86,7209395
2025-11-05,186.64,187.83,185.40,186.00,5049443
2025-11-06,186.76,187.52,185.37,186.97,6767417
2025-11-07,187.74,188.35,185.70,186.57,6959209
2025-11-10,186.00,188.42,185.12,188.41,5324077
2025-11-11,189.38,193.92,189.05,193.83,7465592
2025-11-12,193.36,195.54,193.07,194.39,8803005
2025-11-13,194.21,196.00,193.45,195.25,8631614
2025-11-14,195.00,197.18,193.55,195.93,8824847
2025-11-17,196.96,200.28,195.90,199.58,13257000
2025-11-18,199.01,200.30,198.53,200.00,12468620
2025-11-19,200.00,203.48,199.38,202.51,14690840
2025-11-20,202.00,204.51,201.57,203.07,10612550
2025-11-21,203.96,206.94,202.99,203.90,13189060
2025-11-24,203.71,206.12,203.00,206.05,14803870
2025-11-25,205.18,207.72,205.18,206.67,10275720
2025-11-26,206.49,207.81,205.94,207.56,6728994
2025-11-28,207.00,207.46,204.63,206.92,5638279
2025-12-01,206.50,207.70,205.34,205.34,8473726
2025-12-02,205.24,205.61,203.10,205.42,8393565
2025-12-03,205.90,207.02,204.99,205.33,8363292
2025-12-04,204.59,204.86,201.71,202.48,9049943
2025-12-05,202.98,203.45,200.81,201.93,7785552
2025-12-08,202.66,203.25,200.99,201.62,7785708
2025-12-09,202.92,205.54,199.91,199.96,7509402
2025-12-10,200.59,206.80,200.18,206.54,11599790
2025-12-11,207.90,211.24,207.83,210.01,9008960
2025-12-12,210.28,212.27,208.96,211.58,6922683
2025-12-15,210.34,215.19,209.01,214.17,8466964
2025-12-16,214.00,214.73,208.81,209.30,9949810
2025-12-17,209.38,211.51,208.46,210.33,8457560
2025-12-18,209.80,211.06,207.76,208.31,7499852
2025-12-19,207.56,209.24,206.03,206.37,24803920
2025-12-22,206.13,208.08,205.50,207.32,8187755
2025-12-23,205.02,206.53,203.28,205.78,7047346
2025-12-24,206.00,207.94,205.57,207.78,2376541
2025-12-26,207.53,208.04,206.71,207.63,2316730
2025-12-29,208.00,209.47,207.38,207.56,4348854
2025-12-30,207.51,207.69,206.52,206.91,3937395
2025-12-31,206.91,207.50,206.37,206.95,4084013
2026-01-02,206.82,207.38,203.68,207.35,6325672
2026-01-05,205.87,205.94,200.91,204.31,9476975
2026-01-06,204.60,206.71,204.12,204.79,8107853
2026-01-07,205.26,208.26,205.03,207.49,7545920
2026-01-08,206.93,208.98,204.97,205.75,6557776
2026-01-09,205.91,206.70,204.01,204.39,6154326
2026-01-12,205.55,209.90,203.85,209.72,11794340
2026-01-13,209.91,214.39,208.86,213.65,11379590
2026-01-14,214.73,218.86,214.15,218.55,11858780
2026-01-15,218.23,219.75,215.91,219.57,8492116
2026-01-16,219.04,220.11,218.13,218.66,10021520
2026-01-20,217.09,218.72,214.50,218.21,14057140
2026-01-21,211.00,218.68,210.50,218.01,14762880
2026-01-22,218.77,222.17,218.10,218.49,13160040
2026-01-23,219.80,221.21,217.84,220.14,6951040
2026-01-26,220.21,222.03,220.00,221.49,6857093
2026-01-27,222.00,225.50,220.70,224.44,8154489
2026-01-28,226.40,228.57,226.07,227.72,9026495
2026-01-29,228.81,230.00,227.08,227.29,9645348
2026-01-30,228.26,228.50,225.33,227.25,11045530
2026-02-02,228.32,231.19,227.25,230.75,8187529
2026-02-03,231.50,235.20,230.48,233.10,9346605
2026-02-04,235.00,235.83,232.94,234.47,8641449
2026-02-05,235.00,239.58,234.99,237.79,10267500
2026-02-06,238.96,240.94,237.98,239.99,8274034
2026-02-09,240.25,240.74,237.04,238.64,9378548
2026-02-10,239.98,240.50,237.88,238.35,6723253
2026-02-11,239.34,241.26,237.40,240.86,6803917
2026-02-12,240.48,246.35,239.68,244.55,10254260
2026-02-13,244.59,244.95,242.61,243.45,13268520
2026-02-17,244.13,244.49,241.87,243.33,12703030
2026-02-18,243.24,245.06,242.82,244.99,8129663
2026-02-19,244.62,246.96,244.27,246.91,7553934
2026-02-20,246.47,246.88,240.28,242.49,13565790
2026-02-23,243.63,246.81,242.60,245.84,9622742
2026-02-24,245.34,247.25,244.54,246.28,7246279
2026-02-25,244.86,247.25,243.72,245.17,7698199
2026-02-26,245.11,245.47,242.02,243.47,7172607
2026-02-27,244.03,248.94,242.50,248.43,16428550
2026-03-02,249.19,251.71,246.87,248.56,9042359
2026-03-03,246.46,247.88,244.36,246.75,6178739
2026-03-04,245.75,246.57,243.18,245.30,5767980
2026-03-05,242.63,243.00,235.93,239.63,9375412
2026-03-06,238.12,240.79,235.43,240.40,7179790
2026-03-09,240.87,244.09,240.04,242.59,7844028
2026-03-10,242.30,245.00,240.82,243.71,7214122
2026-03-11,242.87,243.69,241.36,242.99,6934842
2026-03-12,241.46,244.40,240.30,242.04,7710152
2026-03-13,244.21,245.59,241.50,241.52,6415539
2026-03-16,243.92,245.06,241.67,243.19,7571757
2026-03-17,243.58,244.14,237.22,238.11,7281819
2026-03-18,237.87,239.11,235.42,237.28,6811546
2026-03-19,238.34,239.26,236.31,237.60,7511537
2026-03-20,236.83,238.29,234.50,235.37,17156620
2026-03-23,237.40,238.31,234.25,235.42,7313653
2026-03-24,234.14,236.00,232.24,235.27,9046201
2026-03-25,236.80,241.46,235.73,239.93,6456736
2026-03-26,240.00,241.65,238.93,239.24,5171440
2026-03-27,241.19,242.68,239.13,240.45,7617616
2026-03-30,243.49,244.21,240.51,242.49,7241324
2026-03-31,243.01,245.33,242.65,244.44,7554152
2026-04-01,245.60,247.20,243.74,244.12,6314634
2026-04-02,245.11,247.21,241.87,243.04,6878704
2026-04-06,242.65,243.52,240.50,240.97,4442427
2026-04-07,240.78,240.78,236.01,238.41,6241146
2026-04-08,236.64,241.33,233.90,241.30,8771117
2026-04-09,241.30,244.20,240.54,241.31,6216497
2026-04-10,242.00,242.26,237.91,238.46,7354528
2026-04-13,237.71,238.39,235.18,237.96,7663571
2026-04-14,235.01,242.19,233.25,240.10,10318730
2026-04-15,239.94,240.42,236.75,238.67,6463456
2026-04-16,237.42,238.14,232.12,234.54,8668883
2026-04-17,234.36,235.54,232.04,234.18,8946288
2026-04-20,234.81,235.26,229.53,230.69,7810471
2026-04-21,229.35,229.69,224.70,226.16,11681240
2026-04-22,226.18,227.48,223.78,226.10,9003352
2026-04-23,227.25,231.39,227.03,230.65,7097642
2026-04-24,229.03,229.99,227.02,227.50,6067521
2026-04-27,225.77,227.91,224.35,225.34,7897807
2026-04-28,227.73,231.03,226.37,227.79,7179849
2026-04-29,225.52,228.71,224.86,227.35,7071144
2026-04-30,227.95,231.16,227.81,229.85,8157165
2026-05-01,229.06,229.77,227.02,227.19,6863587
2026-05-04,225.51,227.07,223.58,224.20,8215235
2026-05-05,225.39,226.53,224.90,225.55,5556720
2026-05-06,225.25,226.34,222.95,224.62,7982250
2026-05-07,224.78,224.78,220.63,222.51,7269708
2026-05-08,222.94,223.37,220.92,221.32,5550555
2026-05-11,221.32,223.28,220.37,221.43,6223182
2026-05-12,223.00,227.65,221.65,224.26,8632470
2026-05-13,225.82,230.80,225.44,230.42,7464490
2026-05-14,231.00,231.76,229.16,230.80,6974439
2026-05-15,230.77,232.13,226.44,226.71,12166950
2026-05-18,226.71,229.70,225.86,228.92,10141610
2026-05-19,228.94,230.85,228.04,230.00,9677943
2026-05-20,231.69,232.00,229.17,229.32,7353781
2026-05-21,229.31,231.89,227.35,231.73,5239027
2026-05-22,233.00,235.50,232.72,234.34,5464729
2026-05-26,233.00,233.24,229.08,230.18,6623641
2026-05-27,229.98,232.89,229.02,231.29,5836343
2026-05-28,230.03,231.87,229.73,230.80,7194961
2026-05-29,231.23,231.50,224.59,225.33,13901490
2026-06-01,223.20,224.44,220.84,223.51,8040997
2026-06-02,222.58,225.50,221.17,222.89,5668958
2026-06-03,222.45,224.93,222.00,223.24,6507220
2026-06-04,227.09,228.67,225.90,228.17,7274807
2026-06-05,230.00,235.22,229.00,232.77,8034922
2026-06-08,232.77,234.95,230.56,232.16,7559782
2026-06-09,232.38,237.71,230.41,237.00,8354459
2026-06-10,238.85,240.93,237.05,238.49,8350790
2026-06-11,240.00,241.60,238.14,238.33,7398981
2026-06-12,240.00,240.91,237.52,240.87,6459438
2026-06-15,239.00,239.50,233.58,235.66,7731954
2026-06-16,236.37,236.37,231.02,235.18,7718142
2026-06-17,234.03,235.43,230.70,234.20,8548042
2026-06-18,231.78,232.75,227.60,228.39,18989760
2026-06-22,228.95,231.45,227.50,231.29,8518348
2026-06-23,235.64,239.80,234.35,239.08,11802000
2026-06-24,239.89,243.04,238.75,241.00,8139188
2026-06-25,241.27,248.19,240.88,244.88,10134550
2026-06-26,248.27,255.11,247.87,254.66,16316770
2026-06-29,253.19,258.58,252.03,258.51,8608378
2026-06-30,259.00,259.90,253.17,253.97,8469520
2026-07-01,253.25,254.20,251.07,253.98,6516504
2026-07-02,255.78,263.10,254.00,263.04,8000738
2026-07-06,260.23,261.38,255.93,259.33,6803700
2026-07-07,264.89,269.43,264.05,267.24,9089652
2026-07-08,268.60,268.60,263.13,263.40,6769425
2026-07-09,260.63,263.45,258.13,259.10,6426079
2026-07-10,260.19,261.30,255.52,256.98,6534728
2026-07-13,257.95,259.52,256.15,257.77,5272240
2026-07-14,255.53,256.39,252.14,253.85,8770553
2026-07-15,250.09,256.83,246.05,247.02,10547300
2026-07-16,248.90,253.54,246.30,249.97,11097640
2026-07-17,252.59,255.66,251.95,253.04,10167710
2026-07-20,252.01,254.18,248.63,248.82,8114657
2026-07-21,247.45,251.34,245.49,250.61,7793070
2026-07-22,252.76,256.29,251.21,255.63,9100164
2026-07-23,255.24,260.20,254.42,259.27,8063250
2026-07-24,261.43,263.71,259.61,263.40,6351847
2026-07-27,262.55,268.80,261.35,265.95,9647870
2026-07-28,270.00,274.90,266.18,266.73,10497910
2026-07-29,268.50,269.34,264.79,265.53,6111627
2026-07-30,259.03,260.52,254.56,255.82,8219560
2026-07-31,256.01,258.48,253.29,256.35,6782065
2026-08-03,254.97,257.75,250.91,254.41,8136276
2026-08-04,254.41,255.52,250.44,254.93,7362394
2026-08-05,255.25,259.32,254.47,257.59,6472628
2026-08-06,261.71,262.11,255.28,256.98,6931752
2026-08-07,255.89,259.60,255.12,259.24,6532116
2026-08-10,259.06,262.00,258.55,261.81,8985115
2026-08-11,261.23,264.15,258.36,259.80,5945941
2026-08-12,256.00,261.41,255.25,260.86,4629325
2026-08-13,261.73,262.62,259.65,262.08,4852713
2026-08-14,260.65,261.71,259.16,260.35,4998288
2026-08-17,258.87,264.28,258.01,262.37,5515539
2026-08-18,267.67,271.73,266.33,271.11,7838157
2026-08-19,273.00,276.47,270.56,273.41,7728511
2026-08-20,273.40,273.40,267.37,267.37,6475879
2026-08-21,267.83,272.65,267.00,270.24,6186832
2026-08-24,269.74,273.98,268.57,273.04,5437473
2026-08-25,271.00,273.80,270.18,273.14,4688017
2026-08-26,271.97,272.90,269.55,270.00,7220371
2026-08-27,268.45,268.45,263.83,265.77,7311379
2026-08-28,265.78,268.38,264.27,268.04,5766429
2026-08-31,267.12,267.77,265.17,265.85,7900418
2026-09-01,270.83,271.91,267.02,271.19,6035314
2026-09-02,274.74,281.07,273.53,275.21,7913032
2026-09-03,277.32,278.89,273.15,278.43,5940829
2026-09-04,275.13,277.80,274.75,275.23,4320878
2026-09-08,271.28,271.99,266.88,269.12,8085992
2026-09-09,268.51,270.10,266.73,267.08,6125049
2026-09-10,270.21,271.27,265.72,266.35,4931607
2026-09-11,268.03,270.40,265.25,265.58,4706291
2026-09-14,271.00,271.55,266.19,266.32,4742712
2026-09-15,265.81,267.20,260.68,267.20,5284830
