date,open,high,low,close,volume
2016-09-15,70.83,71.53,70.41,71.31,3943096
2016-09-16,71.02,71.18,70.43,70.95,6526734
2016-09-19,70.95,71.65,70.90,71.31,5216579
2016-09-20,71.70,72.09,71.30,71.37,4482228
2016-09-21,71.36,72.12,71.11,72.05,4511624
2016-09-22,72.25,72.59,71.76,72.08,4206756
2016-09-23,72.19,72.98,71.73,72.35,6045771
2016-09-26,71.92,72.08,70.76,70.81,7549511
2016-09-27,71.01,71.70,70.73,71.50,4806386
2016-09-28,71.88,72.42,71.26,71.76,8168165
2016-09-29,72.47,73.58,72.01,72.01,6399099
2016-09-30,72.06,72.48,71.38,72.21,6713922
2016-10-03,72.06,72.44,71.95,72.19,5354543
2016-10-04,72.24,73.05,72.18,72.70,6379144
2016-10-05,72.66,73.22,72.21,72.25,4499101
2016-10-06,70.49,72.27,70.29,72.09,6658636
2016-10-07,72.00,72.87,71.09,71.30,5418199
2016-10-10,71.75,71.85,70.90,70.97,4323597
2016-10-11,70.90,70.98,69.97,70.09,4897297
2016-10-12,70.27,71.78,70.25,71.32,5729519
2016-10-13,71.07,71.36,70.33,71.10,4395749
2016-10-14,71.57,71.93,71.24,71.35,5651026
2016-10-17,70.65,71.08,69.94,69.98,4954738
2016-10-18,70.53,70.66,69.57,70.24,5949071
2016-10-19,70.22,70.24,68.89,69.59,6749680
2016-10-20,69.53,70.12,69.37,69.89,6155336
2016-10-21,69.46,70.92,69.39,70.65,5702742
2016-10-24,71.06,71.55,70.80,70.98,4514671
2016-10-25,69.41,69.59,68.31,68.47,8631625
2016-10-26,67.19,68.02,67.00,67.37,9070604
2016-10-27,67.75,68.00,66.96,67.16,5299007
2016-10-28,67.16,67.67,66.71,67.03,8565140
2016-10-31,66.71,66.98,66.38,66.65,6228152
2016-11-01,66.44,66.69,65.18,65.63,6364357
2016-11-02,65.72,67.27,65.66,66.56,5408665
2016-11-03,67.06,67.08,66.42,66.59,4572028
2016-11-04,66.74,67.12,66.22,66.25,4740324
2016-11-07,67.11,67.67,67.01,67.23,4513872
2016-11-08,67.12,67.25,66.64,66.81,6778211
2016-11-09,65.50,68.16,64.87,67.84,7594004
2016-11-10,68.40,70.48,68.25,69.46,9723760
2016-11-11,69.32,70.06,69.16,69.73,6565386
2016-11-14,70.04,70.45,69.69,70.01,9012638
2016-11-15,68.84,69.85,68.04,69.05,11225110
2016-11-16,66.23,68.84,65.12,67.02,17528890
2016-11-17,67.02,68.04,66.55,67.95,9501825
2016-11-18,67.92,69.58,67.77,69.31,10588840
2016-11-21,69.42,69.70,68.83,69.41,6052027
2016-11-22,70.19,71.97,69.70,71.59,10666160
2016-11-23,71.83,72.37,71.62,71.77,5499947
2016-11-25,71.90,72.34,71.60,72.21,2710550
2016-11-28,71.84,72.18,71.15,71.20,5276013
2016-11-29,71.34,71.69,70.55,70.71,5870279
2016-11-30,70.75,71.11,70.44,70.55,6377326
2016-12-01,70.34,71.02,69.92,71.00,7626839
2016-12-02,71.14,72.81,71.08,72.31,7211996
2016-12-05,72.42,73.14,72.39,72.66,7490893
2016-12-06,72.58,73.11,72.34,72.46,6478549
2016-12-07,72.62,76.47,72.52,76.40,9268094
2016-12-08,75.47,76.37,74.97,75.24,7711492
2016-12-09,75.10,75.39,74.53,74.69,5537932
2016-12-12,74.29,74.96,74.06,74.51,6036541
2016-12-13,74.87,75.19,74.37,74.65,6295343
2016-12-14,74.71,75.23,73.45,73.56,6790049
2016-12-15,73.73,74.49,73.50,73.67,6210671
2016-12-16,73.88,74.16,72.65,72.96,7638850
2016-12-19,72.62,73.52,72.56,72.92,5056299
2016-12-20,73.05,74.48,72.80,74.27,5348531
2016-12-21,74.09,74.32,73.80,74.19,2936784
2016-12-22,73.55,74.09,72.88,73.01,4008261
2016-12-23,73.10,73.29,72.24,72.30,3591768
2016-12-27,72.59,72.75,71.96,72.23,3788788
2016-12-28,72.45,72.47,71.46,71.57,4193340
2016-12-29,71.50,71.90,71.24,71.34,4009802
2016-12-30,71.63,72.08,70.78,71.12,3877713
2017-01-03,71.71,71.92,70.49,70.95,6411938
2017-01-04,71.18,72.23,71.05,71.81,5845793
2017-01-05,71.44,71.79,70.76,71.07,4420248
2017-01-06,71.20,71.40,70.54,70.95,4643752
2017-01-09,70.93,71.32,70.90,71.07,3563619
2017-01-10,70.95,71.70,70.67,71.21,4133974
2017-01-11,71.16,71.37,70.56,71.26,3417526
2017-01-12,71.25,71.64,70.80,71.58,4310547
2017-01-13,71.40,72.61,71.39,72.15,5531557
2017-01-17,71.62,73.21,71.39,72.38,5468495
2017-01-18,72.10,72.10,71.06,71.38,8783803
2017-01-19,71.29,72.65,71.15,71.60,6274008
2017-01-20,71.63,71.93,71.26,71.76,5581257
2017-01-23,71.24,72.84,71.24,72.58,5361054
2017-01-24,72.61,74.03,72.50,74.00,5728389
2017-01-25,74.29,74.75,73.04,73.06,5354044
2017-01-26,73.38,73.83,72.87,73.23,5268762
2017-01-27,73.29,73.43,72.72,73.25,4183467
2017-01-30,73.09,73.64,72.57,73.57,3856043
2017-01-31,72.84,73.54,72.75,73.08,4537446
2017-02-01,72.91,73.03,72.32,72.35,4006537
2017-02-02,72.73,72.79,71.90,71.95,3538280
2017-02-03,72.12,73.40,71.79,73.29,5685154
2017-02-06,72.96,73.20,72.40,72.61,5166819
2017-02-07,72.85,72.99,72.11,72.24,3749125
2017-02-08,72.61,72.77,72.21,72.45,4029600
2017-02-09,72.71,73.69,72.43,73.53,4040872
2017-02-10,73.42,74.04,73.11,73.97,3661291
2017-02-13,74.08,74.26,73.58,73.90,3007985
2017-02-14,74.06,75.89,73.96,75.72,8106823
2017-02-15,75.47,77.47,75.35,76.91,10410200
2017-02-16,76.91,77.40,75.66,76.32,4686163
2017-02-17,76.16,76.74,75.94,76.74,5442653
2017-02-21,77.50,77.52,76.46,77.25,5293925
2017-02-22,77.33,77.45,76.60,76.80,3707186
2017-02-23,77.15,77.21,75.73,75.80,5663203
2017-02-24,75.91,76.34,75.41,76.10,11147640
2017-02-27,76.20,76.45,75.69,76.42,4005511
2017-02-28,75.91,75.93,74.17,74.37,10696140
2017-03-01,81.28,82.85,80.60,81.45,21442680
2017-03-02,81.37,81.40,80.28,80.40,8423504
2017-03-03,80.60,81.87,80.56,81.68,6554390
2017-03-06,81.27,81.50,81.02,81.02,6611917
2017-03-07,81.00,81.32,80.65,80.84,4718040
2017-03-08,80.84,81.72,80.84,81.33,4869179
2017-03-09,81.36,81.81,81.07,81.17,3806749
2017-03-10,81.56,82.00,81.44,81.58,4091048
2017-03-13,81.58,81.98,81.36,81.58,3794553
2017-03-14,81.68,82.18,81.31,81.94,4383366
2017-03-15,82.00,83.32,81.98,83.27,4786308
2017-03-16,83.32,84.00,83.07,83.22,4804578
2017-03-17,83.62,83.74,82.98,83.53,5706464
2017-03-20,83.53,83.53,82.14,82.35,6067455
2017-03-21,82.82,83.30,81.71,81.92,5110952
2017-03-22,82.25,82.93,81.79,82.35,4567683
2017-03-23,82.35,83.05,82.12,82.45,3407356
2017-03-24,82.52,82.89,81.89,82.21,3456869
2017-03-27,81.32,82.06,81.04,81.56,4498113
2017-03-28,81.52,82.65,81.47,82.40,4350450
2017-03-29,82.26,82.62,81.72,82.21,3968337
2017-03-30,82.09,82.55,81.89,82.30,3741424
2017-03-31,82.01,82.55,81.81,82.21,4556952
2017-04-03,83.11,83.14,81.75,82.04,5423090
2017-04-04,81.91,82.08,81.26,81.59,4994405
2017-04-05,81.75,82.69,81.57,81.62,4081106
2017-04-06,81.87,82.46,81.79,81.97,3471785
2017-04-07,81.91,82.40,81.91,82.14,3243588
2017-04-10,82.08,82.99,82.08,82.42,2987594
2017-04-11,82.28,82.75,81.76,82.41,3111658
2017-04-12,81.85,82.17,81.29,81.87,3713700
2017-04-13,81.63,81.92,81.05,81.06,3846277
2017-04-17,81.06,81.98,81.05,81.95,3308129
2017-04-18,81.80,82.32,81.65,82.13,3036512
2017-04-19,82.49,82.74,81.96,81.99,3937277
2017-04-20,82.42,83.56,82.33,83.29,4538850
2017-04-21,83.26,83.69,82.97,83.47,5232922
2017-04-24,84.00,84.47,83.58,84.17,4553407
2017-04-25,84.78,85.31,84.07,84.51,5825162
2017-04-26,84.61,85.65,84.41,85.23,4404842
2017-04-27,85.45,85.76,84.86,85.27,6586303
2017-04-28,85.16,85.29,84.05,84.88,4794990
2017-05-01,84.84,85.10,84.22,84.40,3839301
2017-05-02,84.76,85.43,84.19,85.38,4241906
2017-05-03,85.41,86.00,85.14,85.53,3711767
2017-05-04,85.77,85.86,85.00,85.40,3429397
2017-05-05,85.70,86.00,85.09,86.00,3027779
2017-05-08,86.00,86.18,85.41,86.00,4110978
2017-05-09,86.20,86.25,85.61,85.85,5666160
2017-05-10,85.87,86.13,85.45,86.06,5151911
2017-05-11,85.75,85.81,84.18,84.70,6382034
2017-05-12,84.70,85.03,84.29,84.82,3569151
2017-05-15,85.19,86.06,84.85,85.19,7242234
2017-05-16,86.00,86.20,85.03,85.36,5682324
2017-05-17,84.57,84.90,83.67,83.75,4971884
2017-05-18,83.75,84.44,83.63,84.05,4554120
2017-05-19,84.16,84.92,83.90,84.59,3765412
2017-05-22,84.83,84.92,83.98,84.05,7372500
2017-05-23,84.14,84.19,82.15,82.34,9490381
2017-05-24,79.33,80.28,78.40,79.85,18998600
2017-05-25,80.06,81.66,79.98,81.33,10283680
2017-05-26,81.26,81.48,80.56,80.91,4571171
2017-05-30,80.77,80.81,79.28,79.41,6941846
2017-05-31,79.52,79.64,78.10,78.77,8678546
2017-06-01,78.77,80.43,78.29,80.43,6339809
2017-06-02,80.03,80.74,80.03,80.22,4387707
2017-06-05,80.25,80.33,79.41,79.44,3426435
2017-06-06,78.86,79.19,78.52,78.70,7232977
2017-06-07,78.80,78.93,77.70,77.79,5741465
2017-06-08,77.99,78.48,77.55,77.64,7217574
2017-06-09,77.77,78.85,77.71,78.65,5978948
2017-06-12,78.47,79.80,78.36,79.03,6262739
2017-06-13,79.04,79.81,78.91,79.65,4459009
2017-06-14,79.81,81.04,79.32,80.56,5194876
2017-06-15,80.10,80.49,79.70,80.39,6004778
2017-06-16,80.14,80.36,79.24,79.80,7739672
2017-06-19,80.23,81.35,79.56,81.08,4477752
2017-06-20,81.00,81.45,80.37,80.46,4234266
2017-06-21,80.48,80.81,79.04,79.14,4751774
2017-06-22,79.20,79.35,78.30,78.34,8240900
2017-06-23,78.38,78.41,75.83,76.07,13573530
2017-06-26,76.33,76.95,76.30,76.70,5210483
2017-06-27,76.48,77.11,75.79,76.33,7801680
2017-06-28,76.63,77.22,76.52,77.02,4368383
2017-06-29,77.10,77.19,76.16,76.60,3876836
2017-06-30,76.53,77.94,76.53,77.53,4681304
2017-07-03,78.00,78.45,77.99,78.26,2287863
2017-07-05,78.24,78.39,77.03,77.37,3929977
2017-07-06,77.07,77.30,76.43,76.59,4439156
2017-07-07,76.73,77.30,76.65,77.15,3828539
2017-07-10,77.30,77.47,76.85,76.92,4611890
2017-07-11,76.98,77.12,76.02,76.25,5139131
2017-07-12,76.60,76.92,76.03,76.22,4379323
2017-07-13,76.51,76.91,76.28,76.52,4611490
2017-07-14,76.53,76.70,75.74,76.06,4778219
2017-07-17,76.06,76.67,75.94,76.43,3959193
2017-07-18,76.24,76.41,75.88,75.96,3173891
2017-07-19,76.24,77.15,76.21,76.83,4233606
2017-07-20,75.96,76.14,71.58,72.56,23851730
2017-07-21,72.75,74.11,72.72,73.84,9743645
2017-07-24,73.50,74.76,73.06,74.31,7749241
2017-07-25,74.69,76.18,74.51,75.69,6505935
2017-07-26,75.69,76.33,75.30,75.98,4480828
2017-07-27,75.83,77.68,75.81,77.00,6934778
2017-07-28,76.96,77.35,76.20,76.48,5000589
2017-07-31,76.57,77.52,76.37,77.40,6824530
2017-08-01,77.27,77.96,76.25,77.83,3731130
2017-08-02,77.57,78.15,77.50,77.86,3688005
2017-08-03,78.14,78.91,77.86,77.91,3833165
2017-08-04,78.46,78.57,77.68,78.37,2493044
2017-08-07,78.50,78.84,78.09,78.32,4236408
2017-08-08,78.27,78.33,77.12,77.21,4401736
2017-08-09,77.00,78.36,76.60,78.34,3507912
2017-08-10,77.80,77.99,76.62,77.01,4028520
2017-08-11,76.76,77.51,76.67,77.26,3089325
2017-08-14,77.80,78.12,77.18,77.72,3602793
2017-08-15,77.90,77.90,74.18,74.30,9111846
2017-08-16,74.66,75.55,74.61,75.35,4900370
2017-08-17,75.27,75.53,74.11,74.12,5943163
2017-08-18,74.02,74.19,73.22,73.64,5092174
2017-08-21,73.87,74.49,73.34,73.85,8130827
2017-08-22,74.08,75.93,73.91,75.82,7446230
2017-08-23,71.95,73.41,70.76,73.01,26360570
2017-08-24,73.20,73.87,72.32,72.61,10577370
2017-08-25,72.63,73.63,72.53,73.35,6424631
2017-08-28,74.40,75.23,73.63,73.80,6496841
2017-08-29,73.72,74.17,73.28,73.45,6832554
2017-08-30,73.50,74.27,73.41,73.91,6597866
2017-08-31,74.50,74.83,73.89,73.89,9008850
2017-09-01,74.19,74.78,73.72,74.65,4816692
2017-09-05,75.27,76.14,75.03,75.68,8553627
2017-09-06,76.50,77.52,76.42,77.47,8121597
2017-09-07,78.33,78.74,76.50,77.68,10402890
2017-09-08,78.05,79.35,77.63,78.56,11612190
2017-09-11,77.94,78.25,76.59,77.50,7581514
2017-09-12,77.88,78.80,77.53,78.66,5240222
2017-09-13,78.83,79.43,77.72,77.86,7471000
2017-09-14,77.90,78.59,77.90,78.46,5600576
2017-09-15,78.43,78.78,77.95,77.99,14470600
2017-09-18,77.83,78.19,77.31,77.67,8310963
2017-09-19,77.75,78.15,77.20,77.49,5988659
2017-09-20,77.23,78.08,77.20,77.91,6672056
2017-09-21,78.00,78.20,77.49,78.04,6175513
2017-09-22,78.08,78.44,78.00,78.23,5981210
2017-09-25,78.26,79.52,78.26,79.34,8822431
2017-09-26,79.54,79.82,78.94,79.29,5227628
2017-09-27,79.56,79.80,78.63,79.23,5084099
2017-09-28,79.10,79.69,78.90,79.45,4553247
2017-09-29,79.58,80.15,79.33,79.94,4360194
2017-10-02,80.04,81.27,79.85,80.79,7171299
2017-10-03,80.89,81.61,80.86,81.35,3967673
2017-10-04,81.32,81.74,81.06,81.46,4277328
2017-10-05,81.38,82.74,81.28,82.26,5202496
2017-10-06,82.15,82.64,81.59,81.86,4074342
2017-10-09,81.90,82.41,81.53,81.74,3815352
2017-10-10,81.64,81.87,81.02,81.10,4069816
2017-10-11,81.17,81.56,81.04,81.21,4911671
2017-10-12,81.20,81.83,80.74,81.57,3505039
2017-10-13,81.72,82.52,81.57,82.33,5529865
2017-10-16,82.24,82.44,81.10,81.20,4586470
2017-10-17,81.28,81.68,80.23,81.11,5134643
2017-10-18,81.16,81.31,80.71,80.75,4060952
2017-10-19,80.68,81.40,80.43,81.27,3339370
2017-10-20,81.56,81.64,79.94,80.04,6087082
2017-10-23,80.23,81.20,80.12,80.41,5817347
2017-10-24,79.86,81.16,79.74,81.16,4909239
2017-10-25,81.14,81.55,80.53,80.99,4258806
2017-10-26,81.11,82.48,80.96,81.53,5133794
2017-10-27,80.75,81.02,79.42,80.61,7316931
2017-10-30,80.27,80.32,79.40,79.41,7204504
2017-10-31,79.50,80.21,79.45,79.95,5066524
2017-11-01,79.62,80.50,79.42,79.92,4524373
2017-11-02,79.20,79.30,75.36,76.65,11436560
2017-11-03,76.99,78.11,76.62,77.92,5412001
2017-11-06,78.31,78.37,77.27,77.41,3870929
2017-11-07,77.71,78.32,77.22,77.63,4611890
2017-11-08,77.50,78.52,77.19,78.09,4745683
2017-11-09,77.90,78.31,77.39,78.08,4536362
2017-11-10,77.93,78.02,77.28,77.49,7451823
2017-11-13,77.50,77.88,77.19,77.53,6962307
2017-11-14,77.17,79.26,77.14,79.23,6498323
2017-11-15,79.00,79.04,78.27,78.37,5194895
2017-11-16,78.70,79.55,78.23,79.47,5524435
2017-11-17,79.51,80.50,79.17,80.22,6964596
2017-11-20,80.66,81.90,80.38,81.46,7482580
2017-11-21,79.70,82.22,79.50,80.59,13040550
2017-11-22,80.84,81.18,79.55,79.56,7000422
2017-11-24,79.93,79.95,79.11,79.24,2842050
2017-11-27,79.95,80.78,79.54,79.83,6650967
2017-11-28,79.69,81.74,79.69,81.68,7636099
2017-11-29,81.75,84.36,81.60,83.30,10573470
2017-11-30,83.45,84.68,83.10,83.37,9106052
2017-12-01,83.24,84.42,82.12,84.23,4935341
2017-12-04,84.94,88.48,84.71,88.04,13046040
2017-12-05,88.03,88.55,86.28,86.31,9665449
2017-12-06,84.94,86.09,82.37,82.40,12119250
2017-12-07,82.41,83.74,82.23,83.63,10391110
2017-12-08,83.85,85.73,83.85,85.60,7679123
2017-12-11,85.58,86.10,85.21,85.54,6773081
2017-12-12,85.53,85.71,84.88,84.99,7125575
2017-12-13,85.35,85.79,85.11,85.60,5722849
2017-12-14,86.04,86.35,85.38,85.58,3880581
2017-12-15,85.98,87.14,85.97,86.69,7932880
2017-12-18,87.12,88.09,87.04,87.44,7188363
2017-12-19,87.85,89.33,87.23,88.86,5653819
2017-12-20,89.23,90.94,88.93,90.19,6527421
2017-12-21,89.96,91.03,89.90,90.73,5132217
2017-12-22,90.91,91.25,90.19,91.19,3554473
2017-12-26,91.30,92.08,91.11,91.89,2754976
2017-12-27,91.96,92.40,91.89,92.11,2761191
2017-12-28,92.54,92.94,92.17,92.86,3561024
2017-12-29,93.41,93.55,92.91,92.94,3371577
2018-01-02,93.02,93.46,91.52,91.62,6572041
2018-01-03,91.75,92.09,91.17,92.02,4571744
2018-01-04,92.19,92.82,91.58,92.74,3542777
2018-01-05,94.00,94.80,93.76,94.74,5517945
2018-01-08,94.38,95.13,93.67,93.71,6191494
2018-01-09,94.32,94.92,93.56,94.55,4106880
2018-01-10,94.46,94.83,93.85,94.17,2771570
2018-01-11,94.54,95.78,94.01,95.74,3172593
2018-01-12,96.01,102.28,95.63,100.86,14244790
2018-01-16,101.50,105.60,100.09,100.97,13556640
2018-01-17,101.26,102.29,100.56,101.68,5289480
2018-01-18,102.02,102.13,100.81,101.36,5955805
2018-01-19,104.28,105.35,102.47,104.95,9555111
2018-01-22,107.00,107.38,105.35,107.11,6935605
2018-01-23,107.00,108.31,106.15,107.11,6117851
2018-01-24,107.39,107.64,105.90,106.72,3996429
2018-01-25,108.94,108.98,106.11,106.38,4864849
2018-01-26,106.64,107.40,105.53,107.40,4011471
2018-01-29,108.00,108.38,106.68,106.84,3787109
2018-01-30,105.71,106.14,104.63,105.18,6356170
2018-01-31,105.67,106.20,104.54,104.73,7081988
2018-02-01,103.84,105.08,103.25,103.86,4918633
2018-02-02,103.85,103.86,101.15,101.50,6241579
2018-02-05,101.38,103.11,97.04,97.58,8248746
2018-02-06,95.29,100.92,94.81,100.22,9028174
2018-02-07,100.00,102.32,99.75,99.92,5241876
2018-02-08,99.92,100.11,94.89,95.01,7647405
2018-02-09,96.19,98.16,92.51,97.17,9662929
2018-02-12,98.25,99.00,97.17,97.78,7998652
2018-02-13,96.96,97.61,94.87,96.06,5538410
2018-02-14,95.09,97.40,94.40,96.93,8395724
2018-02-15,98.18,98.19,95.62,96.51,5696666
2018-02-16,96.48,97.67,95.78,96.31,5331213
2018-02-20,96.55,97.68,95.43,95.65,6647654
2018-02-21,96.00,97.20,95.22,95.34,4240717
2018-02-22,96.02,97.18,95.73,96.89,4360302
2018-02-23,97.33,97.62,96.62,97.49,4354804
2018-02-26,97.92,97.98,96.70,97.51,4732016
2018-02-27,97.62,98.41,95.48,95.79,8480830
2018-02-28,87.40,92.22,86.75,89.59,34093010
2018-03-01,89.57,89.70,87.11,87.96,15152420
2018-03-02,86.88,87.34,85.08,85.34,12431840
2018-03-05,85.06,87.02,85.05,86.33,8324283
2018-03-06,86.50,87.20,86.29,87.12,6346132
2018-03-07,86.49,86.81,85.51,86.11,6408196
2018-03-08,86.44,86.81,85.46,86.16,4812910
2018-03-09,86.75,87.33,86.23,87.28,6370224
2018-03-12,87.25,88.06,87.01,87.68,5793226
2018-03-13,87.73,88.02,85.90,86.14,5758961
2018-03-14,86.74,86.92,85.26,86.38,7038811
2018-03-15,86.55,86.65,85.29,85.54,4727171
2018-03-16,85.53,87.34,85.53,87.00,8707209
2018-03-19,86.61,87.02,85.30,85.79,6711106
2018-03-20,86.19,86.45,85.07,85.73,4797608
2018-03-21,85.89,87.98,85.67,87.25,6807860
2018-03-22,86.50,87.27,85.65,85.70,11973250
2018-03-23,85.94,86.65,83.74,83.77,7383528
2018-03-26,88.36,90.33,87.65,89.30,13637670
2018-03-27,89.00,89.00,85.51,85.96,10935380
2018-03-28,86.09,86.93,85.08,85.88,7724858
2018-03-29,86.23,88.00,85.97,87.75,8515644
2018-04-02,87.35,87.55,83.08,84.59,9588750
2018-04-03,85.02,86.01,84.34,85.45,7352909
2018-04-04,84.32,88.27,84.15,88.06,7860319
2018-04-05,88.51,89.05,88.23,88.75,5078088
2018-04-06,88.14,89.15,87.22,88.24,8742765
2018-04-09,88.46,88.60,85.07,85.24,7342710
2018-04-10,85.89,87.29,85.38,87.14,5633756
2018-04-11,86.36,87.77,86.23,86.65,4551813
2018-04-12,86.93,87.30,86.67,87.04,3928453
2018-04-13,87.35,87.63,85.77,86.23,4674371
2018-04-16,86.75,86.98,85.86,86.06,5093332
2018-04-17,86.58,86.93,86.04,86.16,5044193
2018-04-18,86.35,87.45,86.06,86.41,5118118
2018-04-19,86.30,86.30,83.98,84.88,5698403
2018-04-20,85.38,85.56,83.28,83.62,7568400
2018-04-23,84.17,84.57,83.45,84.35,5083655
2018-04-24,84.73,85.07,82.56,82.91,5437119
2018-04-25,82.56,82.76,81.31,81.48,10635130
2018-04-26,81.75,84.08,81.64,83.28,9154176
2018-04-27,83.16,84.45,82.91,84.00,3985555
2018-04-30,84.30,84.38,82.43,82.43,4193707
2018-05-01,81.75,82.98,81.16,82.96,3967402
2018-05-02,82.66,85.22,82.51,83.96,6419325
2018-05-03,83.51,83.56,81.36,82.83,5679071
2018-05-04,82.59,84.74,82.21,84.23,3242653
2018-05-07,84.38,84.52,83.34,83.85,4806614
2018-05-08,83.43,84.28,83.00,84.25,3725667
2018-05-09,84.01,85.13,83.27,84.42,4222340
2018-05-10,84.81,85.50,84.09,85.07,5140763
2018-05-11,85.20,87.74,85.20,87.45,6844485
2018-05-14,87.69,87.93,86.06,86.58,5065335
2018-05-15,85.70,86.65,85.21,85.69,4735042
2018-05-16,86.01,86.12,85.18,85.51,3975077
2018-05-17,85.60,86.18,85.21,85.47,3180772
2018-05-18,85.31,86.87,85.22,86.34,5824104
2018-05-21,86.84,87.55,86.59,87.39,4309694
2018-05-22,90.05,90.35,85.58,85.75,10758900
2018-05-23,90.70,95.14,90.52,94.69,26243340
2018-05-24,93.85,96.75,93.07,96.49,10065120
2018-05-25,96.70,97.49,96.05,96.69,7641823
2018-05-29,95.50,96.75,95.40,95.78,5032612
2018-05-30,96.31,97.98,96.05,97.42,4926659
2018-05-31,97.40,97.83,94.86,95.01,7596677
2018-06-01,95.44,96.34,95.16,95.83,4784581
2018-06-04,95.95,97.90,95.89,97.59,4990588
2018-06-05,97.12,97.69,96.74,97.50,3833640
2018-06-06,97.98,98.64,97.14,98.49,4136658
2018-06-07,98.68,99.64,98.68,99.27,4235609
2018-06-08,99.11,100.30,98.51,100.22,3680355
2018-06-11,100.44,100.93,100.00,100.50,3553537
2018-06-12,101.25,101.33,99.86,100.50,3336075
2018-06-13,100.60,100.83,99.44,99.46,4139679
2018-06-14,99.50,99.98,98.66,99.16,3965214
2018-06-15,98.36,99.67,98.17,99.18,6197751
2018-06-18,98.43,99.39,98.31,98.59,3765103
2018-06-19,97.96,98.75,97.64,98.16,6225787
2018-06-20,98.00,98.94,97.68,98.44,4419737
2018-06-21,98.34,99.39,97.87,99.06,4253656
2018-06-22,99.36,99.47,98.00,98.22,5613897
2018-06-25,97.76,98.48,96.21,96.85,4213828
2018-06-26,97.36,97.67,96.94,97.13,4443438
2018-06-27,97.28,98.24,96.21,96.31,3293288
2018-06-28,96.02,96.74,95.20,96.00,3945068
2018-06-29,96.60,97.43,95.57,95.57,4212889
2018-07-02,95.36,95.55,93.96,94.87,6036289
2018-07-03,95.25,96.20,94.89,95.06,2193134
2018-07-05,95.42,95.68,94.80,95.52,3081417
2018-07-06,95.25,96.51,94.51,96.14,3818556
2018-07-09,96.56,97.72,96.26,96.96,2645015
2018-07-10,97.99,99.41,97.64,99.01,4546758
2018-07-11,98.50,98.90,97.57,98.61,3795138
2018-07-12,99.02,99.07,97.91,98.30,2961165
2018-07-13,99.00,100.74,98.87,99.58,5197381
2018-07-16,99.67,99.85,98.75,99.63,2502123
2018-07-17,99.60,100.46,99.38,100.25,2865125
2018-07-18,100.34,101.10,100.23,101.05,2826229
2018-07-19,101.00,101.98,100.82,101.39,2656525
2018-07-20,101.11,101.25,100.45,100.66,5424699
2018-07-23,100.16,101.48,100.13,101.16,3617745
2018-07-24,101.27,101.48,99.58,100.00,3017408
2018-07-25,99.89,100.06,97.84,99.02,4288477
2018-07-26,99.10,99.42,97.98,98.52,3063385
2018-07-27,99.00,99.40,97.54,98.00,3718948
2018-07-30,98.07,99.53,98.05,99.28,4518363
2018-07-31,99.39,100.16,98.96,99.34,3239393
2018-08-01,98.99,99.32,97.71,97.96,2942138
2018-08-02,97.70,97.89,96.74,97.44,4156773
2018-08-03,97.83,98.45,97.48,97.63,3546783
2018-08-06,97.52,98.03,97.35,97.75,3247198
2018-08-07,97.66,99.00,97.38,98.78,2754777
2018-08-08,98.81,99.30,98.52,98.87,1816100
2018-08-09,99.43,100.58,98.88,99.94,4205911
2018-08-10,99.17,99.62,98.03,98.31,3067518
2018-08-13,98.31,98.61,97.04,97.09,3399270
2018-08-14,97.45,98.57,96.24,98.40,3754079
2018-08-15,97.75,97.95,96.26,96.83,3979111
2018-08-16,97.26,98.23,97.16,97.68,4324543
2018-08-17,97.67,98.23,97.33,97.98,2575837
2018-08-20,97.98,99.14,97.91,98.97,3466949
2018-08-21,99.29,100.29,98.81,99.74,5590171
2018-08-22,104.97,109.80,104.27,105.52,24927870
2018-08-23,106.93,107.64,106.20,107.15,7492657
2018-08-24,106.84,108.01,106.66,106.80,5107041
2018-08-27,107.41,107.99,106.77,106.97,3119400
2018-08-28,106.89,108.39,106.89,108.27,3794632
2018-08-29,108.25,108.86,107.62,108.68,3297721
2018-08-30,108.29,108.49,107.59,107.88,2533309
2018-08-31,107.78,108.83,107.69,108.75,4257855
2018-09-04,108.39,110.23,108.03,109.93,3883834
2018-09-05,109.66,110.78,108.38,108.41,4722860
2018-09-06,108.44,109.68,108.28,109.38,3621561
2018-09-07,108.99,110.49,108.82,109.59,3826213
2018-09-10,110.72,112.89,110.24,112.39,6208354
2018-09-11,112.95,114.53,112.10,114.18,5712343
2018-09-12,114.31,114.54,112.84,114.34,5507647
2018-09-13,113.49,113.70,112.01,112.75,4815176
2018-09-14,113.26,114.23,112.16,113.89,5253909
2018-09-17,113.68,114.15,113.41,113.74,4763959
2018-09-18,113.30,115.72,113.22,115.55,4438011
2018-09-19,115.69,116.50,115.48,116.26,3587072
2018-09-20,116.02,116.86,116.02,116.70,4650968
2018-09-21,116.94,117.35,116.34,116.84,9122319
2018-09-24,116.21,116.58,114.83,115.01,5641420
2018-09-25,115.32,116.00,114.94,115.20,3761281
2018-09-26,115.78,116.19,114.77,114.79,4099984
2018-09-27,114.59,115.18,113.57,114.50,4419873
2018-09-28,116.63,117.70,114.67,114.82,5722908
2018-10-01,115.58,115.63,114.04,114.07,4394284
2018-10-02,114.38,114.77,112.57,112.59,4791697
2018-10-03,113.00,113.51,111.54,111.75,5732562
2018-10-04,111.75,111.83,110.02,110.78,5608303
2018-10-05,110.64,111.11,108.39,109.74,5277107
2018-10-08,109.52,110.09,108.77,109.90,4127735
2018-10-09,110.09,110.98,109.14,109.17,3425729
2018-10-10,110.93,111.11,106.06,106.29,5252354
2018-10-11,106.39,108.74,103.81,104.23,6018132
2018-10-12,105.75,107.03,104.02,105.36,4395145
2018-10-15,105.36,105.91,104.64,104.67,3721441
2018-10-16,105.05,106.56,104.23,105.98,3637261
2018-10-17,102.37,103.32,101.39,102.44,5958038
2018-10-18,102.16,102.37,99.52,99.71,7071781
2018-10-19,99.78,100.56,98.95,99.59,4686437
2018-10-22,99.89,100.26,98.18,98.39,3770535
2018-10-23,96.84,98.88,95.60,98.12,6968495
2018-10-24,98.32,100.71,96.32,96.53,5723803
2018-10-25,97.06,98.78,95.76,97.95,4534026
2018-10-26,96.36,96.63,93.10,93.78,6599990
2018-10-29,94.86,95.55,91.61,92.86,4244932
2018-10-30,93.11,95.02,92.99,94.74,4913000
2018-10-31,95.82,97.55,95.04,95.22,5790222
2018-11-01,95.29,97.81,94.60,97.44,4440244
2018-11-02,98.42,99.11,95.80,96.82,4528258
2018-11-05,96.65,97.64,95.69,97.07,3309700
2018-11-06,96.78,97.59,96.33,97.51,2432237
2018-11-07,98.10,100.66,96.90,100.60,6632559
2018-11-08,99.39,100.69,98.98,99.47,4857268
2018-11-09,98.95,99.05,96.43,96.82,5166219
2018-11-12,96.60,97.66,95.40,95.65,6183358
2018-11-13,94.95,96.20,93.77,95.59,5170333
2018-11-14,96.67,97.40,94.39,94.91,4380767
2018-11-15,94.11,94.44,91.58,93.68,6465981
2018-11-16,92.84,93.47,92.01,93.25,4073208
2018-11-19,93.31,93.90,90.58,91.35,5868228
2018-11-20,85.86,89.62,84.75,86.18,10060920
2018-11-21,86.55,89.02,86.21,88.37,7344491
2018-11-23,88.02,88.60,87.54,87.81,3008423
2018-11-26,88.67,89.48,87.30,89.31,5003494
2018-11-27,89.11,91.64,89.11,91.64,5608113
2018-11-28,92.04,93.74,90.62,93.69,6960306
2018-11-29,93.35,93.55,91.96,93.20,5280373
2018-11-30,92.95,94.53,92.46,94.37,6872141
2018-12-03,95.49,96.06,93.84,94.29,5596244
2018-12-04,94.52,95.10,89.93,90.33,5850747
2018-12-06,88.84,91.02,87.48,90.95,5824474
2018-12-07,90.37,92.29,89.05,89.40,4895813
2018-12-10,89.74,90.28,87.30,89.43,3262653
2018-12-11,90.35,92.08,89.00,89.48,4134634
2018-12-12,89.99,93.74,87.67,92.11,10834920
2018-12-13,92.80,94.50,92.14,94.29,7974386
2018-12-14,93.68,94.95,92.97,93.36,7075651
2018-12-17,92.79,92.89,89.80,90.45,6043571
2018-12-18,91.37,92.96,90.75,91.46,4516758
2018-12-19,91.76,93.96,89.68,90.33,5108689
2018-12-20,89.61,90.95,87.43,89.16,6748467
2018-12-21,89.51,91.46,87.54,87.64,8070292
2018-12-24,87.07,88.38,85.90,85.96,3121748
2018-12-26,86.51,91.05,86.48,91.04,4194102
2018-12-27,89.57,91.92,88.33,91.86,3849000
2018-12-28,92.23,93.21,91.19,91.87,3304727
2018-12-31,92.80,93.64,91.52,92.36,4034076
2019-01-02,91.22,92.84,90.78,92.27,4191474
2019-01-03,91.65,92.52,90.65,91.17,3540160
2019-01-04,91.95,94.43,91.89,93.87,4106876
2019-01-07,93.68,96.80,93.68,95.65,4883276
2019-01-08,96.66,97.86,95.61,97.63,4632041
2019-01-09,97.38,98.22,96.68,97.03,5692228
2019-01-10,96.36,96.53,94.67,95.98,4450914
2019-01-11,95.72,97.61,95.40,97.30,3682103
2019-01-14,96.34,97.19,96.18,96.91,2711436
2019-01-15,95.77,95.77,94.26,94.91,4921143
2019-01-16,94.82,95.39,93.85,93.96,4566075
2019-01-17,92.63,92.72,91.21,92.05,6944559
2019-01-18,92.83,95.03,92.68,94.98,7206525
2019-01-22,93.41,93.41,90.75,91.56,5949995
2019-01-23,91.16,92.24,90.23,91.83,4800213
2019-01-24,91.84,92.17,91.11,91.80,4047179
2019-01-25,92.55,93.86,92.55,93.82,4750863
2019-01-28,93.08,93.36,92.01,93.15,3610975
2019-01-29,92.41,93.53,92.15,93.43,3125486
2019-01-30,93.76,96.40,93.52,95.75,4959524
2019-01-31,95.29,97.49,94.91,96.16,5399481
2019-02-01,96.20,97.16,95.84,97.11,5324106
2019-02-04,97.64,98.01,96.91,97.87,2791656
2019-02-05,97.67,98.58,97.48,98.10,3667013
2019-02-06,97.92,98.23,96.85,97.19,2952339
2019-02-07,96.49,97.14,95.93,96.88,3987022
2019-02-08,96.46,97.35,95.98,97.17,6217136
2019-02-11,97.19,97.44,96.65,96.88,3045634
2019-02-12,97.55,99.89,97.26,99.47,3553231
2019-02-13,99.95,101.76,99.89,101.46,6576398
2019-02-14,100.80,101.96,99.80,101.51,3009756
2019-02-15,102.74,104.50,102.43,104.24,4658316
2019-02-19,104.02,105.71,103.80,105.06,3342782
2019-02-20,105.66,105.91,104.80,105.66,3298899
2019-02-21,105.51,106.35,105.03,105.52,3357893
2019-02-22,105.89,106.35,105.40,106.27,2734640
2019-02-25,107.00,107.00,104.63,105.01,4664052
2019-02-26,103.23,105.08,102.74,105.03,7950540
2019-02-27,109.01,109.92,105.21,107.62,8873839
2019-02-28,107.51,107.51,104.10,105.09,8123203
2019-03-01,105.90,106.10,103.25,103.96,4649247
2019-03-04,104.66,104.89,102.31,103.19,4015258
2019-03-05,103.45,103.75,102.44,103.01,3406968
2019-03-06,103.26,103.54,102.21,102.34,2717869
2019-03-07,102.03,102.06,100.41,100.71,4648447
2019-03-08,99.78,100.56,98.00,99.33,6025440
2019-03-11,99.83,100.70,97.55,100.40,4598900
2019-03-12,100.40,101.24,99.58,100.86,4928428
2019-03-13,101.10,101.92,100.61,101.17,6259049
2019-03-14,100.98,101.26,100.25,100.81,5393350
2019-03-15,101.07,101.15,99.43,100.14,6677536
2019-03-18,99.99,101.98,99.99,101.88,4433028
2019-03-19,102.49,104.35,102.44,103.45,5784679
2019-03-20,103.78,104.38,102.12,103.59,4636004
2019-03-21,103.88,106.69,103.70,106.35,4785502
2019-03-22,106.05,107.03,104.92,104.95,4106376
2019-03-25,104.76,106.80,104.76,106.03,3994479
2019-03-26,106.86,107.22,105.51,105.96,4633234
2019-03-27,106.04,108.04,105.99,107.39,4225975
2019-03-28,107.88,108.89,107.72,108.37,3947569
2019-03-29,108.78,109.94,108.44,109.47,5318646
2019-04-01,110.21,111.21,105.84,108.93,10324950
2019-04-02,108.90,110.03,108.86,109.91,3722286
2019-04-03,110.55,112.20,110.00,111.93,4127131
2019-04-04,112.14,113.35,111.71,113.32,3007758
2019-04-05,113.63,115.25,113.63,114.98,3776747
2019-04-08,115.00,116.17,114.90,115.79,4988087
2019-04-09,115.23,115.26,112.88,113.14,3538986
2019-04-10,113.82,113.85,111.90,113.76,4424580
2019-04-11,113.87,115.22,113.36,115.13,2540497
2019-04-12,115.58,116.81,115.36,116.26,3213580
2019-04-15,116.42,117.42,116.23,117.18,3053198
2019-04-16,117.50,117.94,116.56,117.03,2687807
2019-04-17,117.50,118.23,116.92,117.12,3736111
2019-04-18,117.02,117.07,113.70,113.74,6321401
2019-04-22,113.52,115.31,113.05,113.43,4670684
2019-04-23,112.99,114.74,112.04,113.54,4033842
2019-04-24,113.82,114.82,113.55,113.97,2936549
2019-04-25,113.58,114.15,112.63,113.60,4104869
2019-04-26,113.49,113.86,112.06,112.48,4064462
2019-04-29,112.02,112.51,110.59,112.22,3179722
2019-04-30,111.57,113.30,111.20,113.14,3367100
2019-05-01,113.04,113.04,110.70,110.70,2953077
2019-05-02,110.60,112.17,110.37,112.11,3206036
2019-05-03,112.62,113.13,112.15,112.36,2575243
2019-05-06,111.04,111.67,110.10,111.35,2730551
2019-05-07,110.00,110.00,106.17,107.12,4885507
2019-05-08,107.08,107.71,106.21,106.73,3366516
2019-05-09,105.74,106.50,104.63,106.29,2919723
2019-05-10,105.69,107.26,103.75,106.64,3795277
2019-05-13,104.75,105.02,103.52,104.66,4714889
2019-05-14,105.01,106.56,104.60,105.75,2961971
2019-05-15,105.41,108.05,105.12,107.62,5104231
2019-05-16,108.27,109.60,108.05,108.59,2860528
2019-05-17,107.64,110.04,107.50,109.02,3712866
2019-05-20,108.09,110.14,108.09,109.20,4452366
2019-05-21,107.75,111.71,107.62,111.10,6415472
2019-05-22,101.25,102.51,95.41,97.94,22721530
2019-05-23,97.19,97.50,94.22,94.80,12687500
2019-05-24,95.43,95.75,94.39,95.37,7096188
2019-05-28,95.19,95.68,91.67,91.87,11747170
2019-05-29,91.79,93.75,91.60,93.23,9281782
2019-05-30,93.84,94.73,93.39,93.88,5709933
2019-05-31,92.50,94.06,92.29,93.28,6530391
2019-06-03,93.03,95.06,92.90,93.84,8393931
2019-06-04,95.01,97.05,95.01,96.83,5560500
2019-06-05,97.54,97.54,95.29,96.25,5137114
2019-06-06,96.30,96.77,95.13,96.24,4569636
2019-06-07,96.98,97.61,96.70,96.76,3974720
2019-06-10,97.50,98.42,96.14,96.31,5789543
2019-06-11,97.28,97.63,96.12,96.35,3256229
2019-06-12,96.21,97.04,96.14,96.33,2878911
2019-06-13,96.85,98.67,96.73,98.62,3617561
2019-06-14,98.99,99.99,98.50,99.63,4437205
2019-06-17,99.77,100.75,99.33,100.08,4212725
2019-06-18,100.69,101.57,99.20,99.31,3960933
2019-06-19,99.19,99.33,97.53,98.73,5558055
2019-06-20,99.91,101.83,99.75,101.44,5355382
2019-06-21,101.81,102.96,100.78,100.84,7188197
2019-06-24,100.70,101.04,98.99,99.02,4920158
2019-06-25,99.65,100.19,98.10,98.22,4767924
2019-06-26,98.61,100.03,98.09,99.24,4399905
2019-06-27,99.29,99.96,98.90,99.36,3395753
2019-06-28,99.39,101.18,99.31,100.91,4298887
2019-07-01,102.10,103.77,101.44,102.20,4073827
2019-07-02,102.25,102.95,101.82,102.69,2560358
2019-07-03,103.05,103.62,102.64,103.15,1851187
2019-07-05,102.79,104.36,102.72,104.22,2536419
2019-07-08,104.12,105.18,103.79,104.66,3882856
2019-07-09,103.82,105.16,103.82,104.86,3719691
2019-07-10,104.66,104.66,102.12,103.08,4302209
2019-07-11,104.12,105.13,103.60,104.87,2977779
2019-07-12,105.40,107.76,105.36,107.40,4814239
2019-07-15,107.72,108.31,107.24,107.97,4492340
2019-07-16,107.48,108.22,106.44,106.50,4722809
2019-07-17,106.36,106.71,104.88,104.93,5159198
2019-07-18,104.06,104.30,103.34,103.75,5149568
2019-07-19,104.19,104.31,102.47,102.50,4190920
2019-07-22,102.79,103.26,101.96,102.55,4501160
2019-07-23,102.44,103.50,102.28,102.60,5064163
2019-07-24,102.45,103.99,102.22,102.80,5989181
2019-07-25,102.47,103.47,101.77,102.05,4215087
2019-07-26,102.29,103.90,101.59,103.53,4785832
2019-07-29,103.68,104.39,103.64,103.96,3909648
2019-07-30,103.40,104.23,102.97,103.77,3981449
2019-07-31,103.22,103.80,100.84,101.40,5533366
2019-08-01,101.74,102.97,99.21,99.49,5469572
2019-08-02,99.45,100.14,98.85,99.23,3917864
2019-08-05,97.59,97.66,96.11,97.04,4685062
2019-08-06,97.20,98.09,95.90,97.92,4167823
2019-08-07,97.00,98.76,96.01,98.38,3686654
2019-08-08,99.69,100.48,99.16,100.47,3495843
2019-08-09,100.37,100.75,98.18,98.55,5370930
2019-08-12,97.67,97.89,95.95,96.08,2878757
2019-08-13,95.27,98.39,95.15,96.58,5133010
2019-08-14,94.80,95.32,93.54,93.59,5746305
2019-08-15,94.32,94.56,91.82,93.38,4745131
2019-08-16,94.20,94.98,93.38,93.92,4368316
2019-08-19,95.27,96.03,94.65,95.05,7211985
2019-08-20,95.82,99.12,95.38,97.87,9301559
2019-08-21,110.02,110.24,107.11,108.00,19756400
2019-08-22,108.38,108.61,106.93,108.16,7264735
2019-08-23,107.09,107.84,105.75,106.39,5520765
2019-08-26,107.60,107.60,105.55,106.40,4720441
2019-08-27,107.08,107.53,105.98,106.04,3722670
2019-08-28,105.60,108.58,105.32,108.18,4188054
2019-08-29,109.37,112.86,109.06,112.59,5997472
2019-08-30,113.24,113.24,111.84,112.20,4611660
2019-09-03,111.37,112.52,110.65,111.18,3893604
2019-09-04,111.57,112.04,109.50,111.92,4114047
2019-09-05,113.19,115.25,113.02,114.21,3662707
2019-09-06,114.73,115.40,114.09,114.71,3462662
2019-09-09,114.89,115.40,114.04,114.79,3782239
2019-09-10,114.47,115.96,112.95,115.28,4771653
2019-09-11,115.45,115.67,113.14,113.49,4073659
2019-09-12,114.08,115.14,113.86,113.88,3471363
2019-09-13,114.47,115.15,113.15,113.36,3476547
2019-09-16,112.65,113.89,112.14,112.63,2433439
2019-09-17,111.72,112.88,110.88,112.73,2833220
2019-09-18,112.48,113.14,111.56,112.60,2358126
2019-09-19,112.64,112.88,111.68,111.87,2425078
2019-09-20,112.93,113.19,110.95,110.96,6261592
2019-09-23,110.19,112.02,109.59,110.44,5644597
2019-09-24,111.26,112.22,109.75,110.02,3947625
2019-09-25,110.21,111.25,109.96,110.75,2915149
2019-09-26,111.08,111.42,109.39,110.72,3993389
2019-09-27,111.48,111.84,108.81,109.54,3939603
2019-09-30,109.83,110.30,108.96,109.96,4028065
2019-10-01,110.09,111.92,108.85,109.52,3969748
2019-10-02,109.31,109.31,105.92,106.35,5055502
2019-10-03,106.28,106.70,104.59,106.37,5027743
2019-10-04,106.92,107.79,106.29,107.42,4323319
2019-10-07,107.63,108.96,107.20,108.23,3690282
2019-10-08,106.89,108.23,106.48,106.50,3385135
2019-10-09,107.19,107.66,105.64,106.30,3228483
2019-10-10,106.46,108.50,106.45,108.19,3301010
2019-10-11,109.89,111.65,109.40,110.81,4511822
2019-10-14,110.45,111.24,110.26,110.67,2156990
2019-10-15,111.61,113.00,111.20,112.42,3346517
2019-10-16,112.21,112.78,111.72,112.33,2915472
2019-10-17,112.86,113.42,111.96,112.60,2711541
2019-10-18,112.16,113.12,112.05,112.84,3713073
2019-10-21,113.32,113.81,111.40,111.95,2907836
2019-10-22,111.71,113.53,111.61,112.47,3655344
2019-10-23,111.96,112.27,110.76,111.51,2261579
2019-10-24,111.67,112.92,110.46,110.87,2167238
2019-10-25,110.59,112.55,110.35,111.58,2260022
2019-10-28,111.97,112.49,111.03,111.64,2489342
2019-10-29,111.27,111.52,109.21,109.53,3034818
2019-10-30,109.88,111.46,109.19,111.28,3064933
2019-10-31,112.34,112.99,110.80,111.61,3413101
2019-11-01,111.92,112.97,110.14,112.95,2801801
2019-11-04,113.06,113.64,111.71,112.62,2517961
2019-11-05,112.66,112.75,111.03,112.20,2360415
2019-11-06,113.00,113.81,111.42,112.67,3229238
2019-11-07,113.45,114.16,112.12,112.60,2656481
2019-11-08,112.74,114.07,112.26,114.00,2792509
2019-11-11,113.22,114.49,112.72,114.45,2936827
2019-11-12,114.38,115.54,114.19,114.32,4174632
2019-11-13,112.97,114.41,111.94,112.85,4331526
2019-11-14,113.52,114.84,112.70,114.54,2852445
2019-11-15,115.12,115.70,113.50,115.52,3623193
2019-11-18,115.74,116.80,115.02,115.02,5513349
2019-11-19,115.12,115.12,112.88,113.40,7160251
2019-11-20,118.28,121.22,116.96,117.83,16114960
2019-11-21,118.99,119.00,116.68,117.02,5747806
2019-11-22,117.09,118.20,116.75,118.20,4473303
2019-11-25,118.82,119.15,116.69,117.00,4468956
2019-11-26,117.56,118.34,116.95,117.78,4752658
2019-11-27,118.06,118.96,117.70,118.46,2947744
2019-11-29,118.45,118.75,117.09,117.31,1596032
2019-12-02,117.60,117.89,115.96,116.00,3324769
2019-12-03,114.80,115.26,113.61,114.55,5149269
2019-12-04,115.00,117.46,114.87,115.46,4147399
2019-12-05,115.97,116.28,114.96,115.58,2651218
2019-12-06,116.18,117.32,116.03,116.28,2463219
2019-12-09,116.33,118.33,116.14,117.87,2628654
2019-12-10,117.78,117.86,116.38,116.48,2561763
2019-12-11,115.70,117.67,115.23,117.66,3611154
2019-12-12,117.67,118.78,117.20,118.20,2533231
2019-12-13,117.67,118.61,116.82,118.50,3119506
2019-12-16,119.47,121.17,119.28,120.08,3749106
2019-12-17,120.69,121.46,119.23,119.32,3534180
2019-12-18,119.66,120.19,119.27,119.31,3309526
2019-12-19,119.33,120.57,118.90,120.21,4501980
2019-12-20,119.73,120.28,119.30,119.73,5996119
2019-12-23,120.03,120.58,119.31,119.59,3190548
2019-12-24,119.59,120.13,119.39,119.77,1126013
2019-12-26,119.93,120.30,119.48,119.73,1714839
2019-12-27,119.86,120.68,119.62,120.23,2419847
2019-12-30,120.55,120.75,118.94,120.05,2327858
2019-12-31,119.57,119.83,118.44,119.76,2651251
2020-01-02,120.05,120.46,119.26,120.46,2788927
2020-01-03,118.71,119.82,118.05,119.60,2774182
2020-01-06,118.65,120.39,118.30,120.35,3636175
2020-01-07,120.49,120.66,119.21,119.63,4221371
2020-01-08,120.15,122.73,119.58,121.53,4030145
2020-01-09,121.57,122.88,121.50,122.05,2932420
2020-01-10,121.70,121.96,120.93,121.00,2391285
2020-01-13,120.97,121.71,120.70,121.05,3817242
2020-01-14,120.85,121.68,119.62,120.07,3823426
2020-01-15,119.95,120.19,119.19,119.52,3673751
2020-01-16,119.94,120.05,118.88,119.27,3780956
2020-01-17,119.75,122.49,119.58,122.36,5913778
2020-01-21,121.17,121.75,120.16,120.93,3478130
2020-01-22,121.20,122.90,120.70,121.91,4843517
2020-01-23,121.23,123.14,121.05,122.71,3365431
2020-01-24,122.58,122.87,119.48,120.23,3670596
2020-01-27,118.25,120.86,118.25,119.76,3497366
2020-01-28,120.06,121.68,119.22,121.15,3228550
2020-01-29,121.40,122.41,120.36,120.42,2566974
2020-01-30,119.53,120.37,118.57,119.72,3471763
2020-01-31,119.47,119.67,116.09,116.24,4370319
2020-02-03,117.00,119.22,116.72,117.18,3979612
2020-02-04,118.81,120.31,118.32,119.35,4119670
2020-02-05,120.52,122.35,119.93,122.13,3215539
2020-02-06,122.44,122.87,121.50,121.51,2469155
2020-02-07,121.65,121.96,120.79,121.48,2068771
2020-02-10,120.90,121.82,120.45,121.21,2976076
2020-02-11,121.31,123.19,121.16,123.03,2316260
2020-02-12,123.90,125.20,123.62,125.03,2727460
2020-02-13,124.24,125.27,123.97,124.77,2532130
2020-02-14,125.15,125.56,124.49,125.42,2774739
2020-02-18,124.64,125.91,122.82,123.23,3430099
2020-02-19,123.67,124.47,123.16,123.44,3170623
2020-02-20,123.77,126.73,123.01,126.57,4696018
2020-02-21,125.75,126.20,124.42,125.31,3861552
2020-02-24,122.32,124.42,122.01,122.91,5399788
2020-02-25,124.39,124.39,118.52,118.52,6522646
2020-02-26,120.30,120.45,111.96,113.30,12740490
2020-02-27,110.10,112.54,107.53,107.62,8830090
2020-02-28,104.07,107.17,102.93,106.57,9987816
2020-03-02,107.20,111.18,105.09,111.04,8793951
2020-03-03,111.31,113.03,107.15,108.56,8337606
2020-03-04,110.71,113.55,109.56,113.29,5207114
2020-03-05,110.28,111.24,106.88,107.52,6619108
2020-03-06,103.95,106.05,102.17,105.31,7887195
2020-03-09,97.82,99.82,93.15,94.22,8188181
2020-03-10,98.25,104.14,95.05,104.02,9289533
2020-03-11,100.33,103.31,97.76,99.15,6206639
2020-03-12,91.21,94.90,89.11,89.92,9903372
2020-03-13,93.66,96.56,88.38,96.49,10007080
2020-03-16,85.55,87.60,71.18,72.59,14770820
2020-03-17,73.55,75.62,64.25,73.79,15323890
2020-03-18,68.51,70.12,61.00,65.02,11133920
2020-03-19,64.41,73.21,60.00,69.87,12141240
2020-03-20,72.25,72.98,65.53,66.36,11541390
2020-03-23,65.22,69.11,63.05,67.80,9594423
2020-03-24,72.76,77.59,72.05,77.30,9004114
2020-03-25,80.11,86.99,78.31,83.72,9907535
2020-03-26,86.08,90.94,85.95,88.11,10105800
2020-03-27,84.08,89.72,83.40,86.98,6885783
2020-03-30,87.40,89.53,85.43,88.71,5717052
2020-03-31,88.07,88.94,85.53,86.05,5526239
2020-04-01,80.74,83.92,79.08,80.42,8115372
2020-04-02,79.85,83.27,79.25,82.86,8246667
2020-04-03,82.13,84.24,81.15,82.20,6448510
2020-04-06,87.09,89.37,84.00,88.77,9422337
2020-04-07,94.96,96.18,90.75,90.96,7854933
2020-04-08,91.45,94.77,90.59,94.35,4715922
2020-04-09,96.44,98.39,94.77,95.31,6543908
2020-04-13,95.39,95.84,93.04,95.20,5489697
2020-04-14,97.84,99.82,96.82,99.07,5654981
2020-04-15,94.89,95.90,92.56,94.34,7379578
2020-04-16,94.00,96.08,91.79,92.44,9034704
2020-04-17,96.50,98.67,95.34,97.10,7136331
2020-04-20,95.25,97.81,94.53,95.13,5271887
2020-04-21,92.09,93.70,91.49,92.62,5541463
2020-04-22,93.80,96.03,93.16,94.95,4772293
2020-04-23,95.26,96.66,94.82,94.90,4096215
2020-04-24,96.07,99.66,95.72,98.75,5432695
2020-04-27,99.32,102.97,99.31,101.97,5336463
2020-04-28,105.45,106.57,102.43,103.52,5588369
2020-04-29,106.73,107.80,105.18,106.16,5205478
2020-04-30,104.71,106.72,103.47,104.75,4814059
2020-05-01,102.50,104.69,102.31,104.46,3811309
2020-05-04,103.41,107.38,102.83,107.35,4088055
2020-05-05,108.93,111.69,108.88,110.15,5237018
2020-05-06,110.29,111.53,108.95,109.62,4435194
2020-05-07,111.15,113.13,111.07,111.92,3207222
2020-05-08,113.77,114.63,112.10,114.23,3951912
2020-05-11,113.10,114.75,112.57,113.39,3863707
2020-05-12,114.82,115.05,111.18,111.24,3685234
2020-05-13,111.89,113.39,108.81,110.43,6643319
2020-05-14,107.25,110.42,106.20,110.39,6097865
2020-05-15,108.71,114.16,108.42,113.78,8950421
2020-05-18,118.00,118.40,116.45,116.73,7741506
2020-05-19,116.00,118.60,115.45,116.87,7040980
2020-05-20,122.61,122.69,115.52,116.99,19289690
2020-05-21,118.90,121.25,117.00,120.64,9727918
2020-05-22,121.00,122.53,119.07,122.25,6064702
2020-05-26,124.94,125.84,123.34,123.59,7683963
2020-05-27,125.31,128.46,123.26,128.01,7615454
2020-05-28,128.90,131.40,126.71,128.12,8011337
2020-05-29,128.10,130.53,127.69,130.35,7402414
2020-06-01,129.89,130.14,128.30,129.32,5141545
2020-06-02,131.16,132.46,130.22,131.98,6023238
2020-06-03,132.50,133.39,131.34,132.84,4585179
2020-06-04,131.35,131.87,127.93,128.68,7448654
2020-06-05,130.23,131.39,128.46,130.97,5550395
2020-06-08,130.12,131.24,129.43,130.81,4951579
2020-06-09,129.56,131.43,129.21,129.57,4472629
2020-06-10,130.31,131.24,128.97,130.10,3708386
2020-06-11,127.23,128.81,123.25,123.94,5998558
2020-06-12,126.76,128.39,123.47,126.05,4463104
2020-06-15,123.40,127.97,123.09,127.73,5063425
2020-06-16,131.84,132.15,128.60,131.74,5024975
2020-06-17,133.29,136.78,133.13,135.65,7238823
2020-06-18,135.22,136.04,133.31,134.55,3898088
2020-06-19,137.29,137.29,132.35,133.83,6684331
2020-06-22,132.92,135.02,132.78,134.72,3449218
2020-06-23,136.39,136.71,134.17,134.28,3384224
2020-06-24,133.27,134.45,128.97,131.98,4150138
2020-06-25,131.35,132.01,129.65,131.77,4022797
2020-06-26,132.12,132.84,128.93,129.41,5710869
2020-06-29,130.37,133.54,129.31,133.52,3327977
2020-06-30,134.30,135.94,133.13,135.12,4462362
2020-07-01,135.40,136.29,134.75,135.63,4802519
2020-07-02,137.24,138.18,135.11,135.71,3523089
2020-07-06,137.42,138.25,135.26,135.76,3698717
2020-07-07,134.51,136.76,134.34,135.02,2991690
2020-07-08,135.67,136.36,134.42,135.75,2754018
2020-07-09,136.33,136.94,134.05,135.61,3397972
2020-07-10,136.26,137.64,134.82,137.43,3252341
2020-07-13,138.45,140.79,135.90,136.55,4227187
2020-07-14,136.09,140.17,135.80,140.06,4360894
2020-07-15,142.28,142.34,139.12,141.22,3496199
2020-07-16,141.22,144.94,140.84,142.75,4125056
2020-07-17,144.29,144.63,141.88,144.39,3901389
2020-07-20,143.33,144.71,142.90,144.10,2769027
2020-07-21,143.95,145.92,143.51,145.00,2628433
2020-07-22,145.16,149.15,145.16,148.54,4612952
2020-07-23,149.30,149.65,145.40,146.50,3664786
2020-07-24,146.79,147.62,145.40,147.03,3740089
2020-07-27,147.23,149.43,147.23,149.12,2791065
2020-07-28,149.30,149.78,147.43,147.71,3571838
2020-07-29,148.04,149.81,148.00,148.71,2732768
2020-07-30,147.87,149.90,146.90,149.20,2575043
2020-07-31,149.47,149.92,146.61,148.91,3928596
2020-08-03,149.90,151.35,149.50,150.27,3137355
2020-08-04,149.75,150.74,148.78,149.67,2381645
2020-08-05,149.94,150.46,148.71,150.26,3050364
2020-08-06,150.25,152.24,149.64,151.19,2450175
2020-08-07,151.95,154.12,151.70,152.78,2904970
2020-08-10,153.23,154.71,153.02,153.72,3065394
2020-08-11,155.06,155.42,152.87,153.87,3722973
2020-08-12,156.13,157.98,154.56,156.63,3792902
2020-08-13,156.36,157.15,155.14,155.70,2272323
2020-08-14,155.57,156.08,153.91,154.34,3404870
2020-08-17,157.26,158.72,155.84,158.41,5159599
2020-08-18,159.80,160.60,157.00,157.91,5741440
2020-08-19,161.00,162.89,156.26,158.28,9727137
2020-08-20,156.58,159.16,156.50,158.58,4288539
2020-08-21,159.09,162.08,158.47,161.72,4568809
2020-08-24,163.69,165.65,163.01,165.63,4872703
2020-08-25,166.39,167.43,164.37,165.92,3490852
2020-08-26,167.66,170.50,167.03,170.39,5319007
2020-08-27,170.70,171.32,165.34,166.31,4425020
2020-08-28,166.08,166.89,164.09,165.51,3291367
2020-08-31,165.77,166.37,163.68,164.69,3421317
2020-09-01,164.41,167.64,164.11,167.59,4285439
2020-09-02,167.86,170.83,166.60,170.49,4262700
2020-09-03,169.70,170.48,160.36,161.52,5734405
2020-09-04,162.93,163.17,153.44,156.39,6303827
2020-09-08,153.94,156.86,151.89,153.74,4892810
2020-09-09,155.89,161.19,155.10,159.53,4382558
2020-09-10,160.09,162.93,157.06,158.33,4129178
2020-09-11,160.35,162.59,159.44,161.89,4870777
2020-09-14,163.17,165.80,163.00,165.19,3583326
2020-09-15,167.44,169.88,166.62,169.03,3998096
2020-09-16,170.37,171.72,166.11,166.71,3815603
2020-09-17,163.11,165.92,161.92,163.78,3717813
2020-09-18,161.36,163.85,158.51,160.10,5485112
2020-09-21,157.95,159.62,155.20,159.60,3929497
2020-09-22,160.03,161.79,159.64,161.55,3526263
2020-09-23,162.44,162.91,157.75,158.61,3245543
2020-09-24,158.77,160.85,156.81,158.52,3889008
2020-09-25,157.90,160.20,156.60,159.55,2828842
2020-09-28,161.59,163.10,160.51,162.59,2815732
2020-09-29,163.48,163.97,162.21,162.26,2212820
2020-09-30,162.98,167.62,162.48,165.86,4198617
2020-10-01,167.34,168.28,165.37,167.17,2677248
2020-10-02,164.47,167.46,164.05,166.49,2026575
2020-10-05,168.11,168.97,167.01,168.54,2437416
2020-10-06,168.48,168.98,164.42,164.99,2765645
2020-10-07,167.72,169.81,166.63,168.47,2587682
2020-10-08,169.49,171.61,168.24,170.87,3105667
2020-10-09,171.37,175.00,171.37,173.23,4594018
2020-10-12,174.84,174.84,172.37,172.73,3377890
2020-10-13,172.86,175.94,172.63,175.33,2987766
2020-10-14,175.12,175.90,171.21,173.61,3476180
2020-10-15,171.56,176.40,171.01,176.15,3632100
2020-10-16,176.79,180.67,176.73,177.70,3879396
2020-10-19,178.23,179.91,174.82,175.13,4073635
2020-10-20,175.50,179.27,174.51,177.09,3604505
2020-10-21,177.04,179.61,174.32,174.50,3431813
2020-10-22,174.94,175.25,170.71,171.25,3267591
2020-10-23,171.46,172.17,169.22,172.14,2963323
2020-10-26,169.97,171.23,165.85,168.13,4380849
2020-10-27,169.05,169.45,165.01,165.14,4425735
2020-10-28,161.29,164.47,159.42,161.42,4947684
2020-10-29,162.26,164.05,160.64,160.75,3697758
2020-10-30,159.87,160.70,155.77,158.10,3949225
2020-11-02,159.89,162.71,158.14,160.23,2978889
2020-11-03,162.37,165.47,161.30,164.65,2908208
2020-11-04,165.41,171.44,165.25,168.22,5006468
2020-11-05,171.42,173.56,168.40,169.25,4088125
2020-11-06,169.40,169.51,167.44,168.52,2673017
2020-11-09,169.50,170.25,152.93,153.45,10765250
2020-11-10,155.60,157.34,153.01,155.71,5925070
2020-11-11,157.64,159.62,157.00,158.00,4551682
2020-11-12,159.28,160.00,156.63,157.98,3894652
2020-11-13,158.43,159.98,157.76,159.23,4079036
2020-11-16,159.07,162.00,158.66,161.90,5005435
2020-11-17,159.80,161.50,156.56,159.86,5642100
2020-11-18,150.37,154.31,146.72,146.74,18087830
2020-11-19,148.59,151.25,148.00,149.60,9393703
2020-11-20,149.33,150.96,148.89,149.93,6015151
2020-11-23,150.28,154.14,150.11,153.67,6987844
2020-11-24,154.45,156.00,153.71,154.96,7192821
2020-11-25,155.33,156.46,154.01,154.88,5228333
2020-11-27,155.69,157.37,154.06,154.67,2081323
2020-11-30,154.46,155.86,151.39,155.82,7292382
2020-12-01,155.82,156.78,152.72,153.40,6105759
2020-12-02,152.40,153.00,150.44,151.81,5133113
2020-12-03,151.99,153.15,151.36,151.97,4870135
2020-12-04,151.75,152.40,149.83,150.00,4709070
2020-12-07,150.11,152.58,149.31,151.99,7306753
2020-12-08,152.66,153.03,150.46,151.24,6737305
2020-12-09,159.50,160.98,157.22,160.13,11093280
2020-12-10,159.49,161.45,158.00,160.22,6647403
2020-12-11,159.77,160.11,157.48,157.82,5292644
2020-12-14,158.77,162.44,158.37,160.09,4654327
2020-12-15,161.13,164.29,160.94,163.33,4766801
2020-12-16,164.12,166.19,162.57,163.20,4443487
2020-12-17,164.64,165.41,163.08,163.54,4471539
2020-12-18,163.14,165.32,161.89,163.20,11916930
2020-12-21,162.02,165.86,161.27,164.33,5153058
2020-12-22,164.02,165.86,163.62,164.61,3275626
2020-12-23,165.00,165.63,162.30,162.43,3613660
2020-12-24,162.43,163.20,162.10,162.77,1044638
2020-12-28,163.25,163.83,161.61,162.04,2634983
2020-12-29,162.95,163.30,159.48,160.54,3326108
2020-12-30,160.60,161.69,160.18,160.56,3227031
2020-12-31,160.61,160.86,159.25,160.51,2335557
2021-01-04,160.77,161.38,157.13,160.38,7243433
2021-01-05,159.44,162.08,159.12,160.92,3911928
2021-01-06,158.37,165.15,158.00,163.07,4937017
2021-01-07,163.45,164.84,162.79,163.71,4144388
2021-01-08,163.74,166.25,163.04,165.05,4971508
2021-01-11,164.91,167.40,164.30,166.32,3005368
2021-01-12,166.29,170.24,165.16,168.99,4036911
2021-01-13,170.13,171.69,169.22,169.83,3291825
2021-01-14,170.35,172.58,169.97,170.39,4090919
2021-01-15,168.49,172.01,168.00,171.34,3727244
2021-01-19,172.90,173.81,170.64,170.76,4683073
2021-01-20,171.24,174.05,169.65,172.39,3899972
2021-01-21,173.59,175.07,172.26,172.34,5323189
2021-01-22,171.89,174.12,171.03,172.40,3612323
2021-01-25,172.91,175.15,171.44,174.10,4764237
2021-01-26,174.29,174.90,173.00,173.70,2496297
2021-01-27,171.04,171.86,167.04,167.71,4762674
2021-01-28,168.89,173.73,167.76,172.34,3816635
2021-01-29,171.55,171.80,166.50,166.85,4400488
2021-02-01,167.12,168.19,162.14,163.37,3898535
2021-02-02,163.88,167.79,163.44,166.66,3182202
2021-02-03,166.26,170.22,166.11,169.88,2996757
2021-02-04,170.53,173.14,169.81,173.03,2679813
2021-02-05,174.68,175.20,173.19,175.03,2562845
2021-02-08,175.98,179.21,175.51,179.17,3422083
2021-02-09,178.83,179.46,177.38,177.78,2724077
2021-02-10,179.00,179.00,175.14,177.24,2837880
2021-02-11,176.99,177.64,174.88,175.73,2783923
2021-02-12,175.77,177.67,175.41,177.16,2035571
2021-02-16,176.27,177.30,173.93,174.06,2947651
2021-02-17,173.85,177.47,173.50,177.13,2278889
2021-02-18,175.96,178.05,175.34,177.16,2758921
2021-02-19,177.51,179.09,176.78,177.54,2841998
2021-02-22,176.22,176.49,172.20,172.41,3767706
2021-02-23,170.75,170.91,165.00,168.59,5149516
2021-02-24,168.66,169.61,160.11,162.31,9972310
2021-02-25,163.49,163.50,157.95,158.52,6639320
2021-02-26,160.34,162.42,159.13,159.75,6030418
2021-03-01,160.76,163.50,160.76,161.94,3361327
2021-03-02,162.43,164.79,162.40,163.05,4330969
2021-03-03,162.19,162.83,158.23,158.29,5238504
2021-03-04,157.17,158.28,150.84,153.77,7792734
2021-03-05,154.95,159.09,151.07,158.58,5143052
2021-03-08,159.74,165.30,159.29,162.92,4613427
2021-03-09,165.74,169.22,165.00,165.99,4585161
2021-03-10,167.00,170.40,166.46,168.46,3394910
2021-03-11,170.82,173.13,170.36,170.75,4989587
2021-03-12,170.08,171.83,169.23,171.55,3638686
2021-03-15,172.56,175.31,172.56,174.20,3745517
2021-03-16,174.02,176.52,173.97,175.33,3737227
2021-03-17,174.81,175.92,173.88,174.44,3119925
2021-03-18,172.91,176.63,172.31,174.87,3888064
2021-03-19,174.24,180.55,174.24,179.49,8525104
2021-03-22,179.55,183.60,178.34,181.89,4700154
2021-03-23,181.25,183.80,179.94,180.40,3324449
2021-03-24,181.12,184.15,180.65,180.68,3555416
2021-03-25,179.71,186.17,179.52,185.17,4543280
2021-03-26,185.84,191.85,185.34,191.61,4795152
2021-03-29,192.00,192.91,187.79,188.62,3970939
2021-03-30,186.89,191.02,186.70,190.02,3547575
2021-03-31,190.99,192.18,189.17,190.18,3564357
2021-04-01,191.20,191.88,189.69,191.32,3192229
2021-04-05,191.86,194.67,191.25,193.73,3507184
2021-04-06,192.89,194.97,192.49,194.20,2917930
2021-04-07,193.50,194.75,192.68,193.67,3276259
2021-04-08,194.27,195.11,193.28,194.21,2684463
2021-04-09,195.40,198.67,194.30,198.51,3168770
2021-04-12,198.16,200.98,198.16,200.65,3647875
2021-04-13,200.71,201.22,199.02,199.72,2964525
2021-04-14,201.05,204.18,200.72,201.52,3371879
2021-04-15,200.65,205.07,200.61,204.57,3656292
2021-04-16,206.57,208.98,205.27,208.25,6359772
2021-04-19,206.01,207.29,203.49,204.01,3828801
2021-04-20,203.42,204.00,200.43,202.77,3006194
2021-04-21,203.80,204.93,203.22,203.91,2716757
2021-04-22,203.88,204.85,199.24,201.30,3712957
2021-04-23,201.79,201.89,199.51,200.93,3634022
2021-04-26,200.83,200.93,198.30,199.19,3017006
2021-04-27,200.07,201.13,198.68,199.05,3453852
2021-04-28,199.74,199.84,195.70,196.06,4939169
2021-04-29,197.31,199.43,196.93,198.44,3860273
2021-04-30,197.80,198.25,195.27,196.25,4255564
2021-05-03,198.75,200.07,197.87,199.20,4629549
2021-05-04,198.70,200.49,196.78,200.30,4150088
2021-05-05,201.54,203.10,198.80,200.00,2512020
2021-05-06,201.30,206.06,200.43,205.94,4525204
2021-05-07,206.06,209.24,204.70,208.40,3695125
2021-05-10,209.54,215.22,208.51,211.31,4476915
2021-05-11,208.01,209.66,201.22,205.34,4449217
2021-05-12,203.20,203.97,194.80,195.54,5406645
2021-05-13,197.83,202.75,197.60,200.34,4495509
2021-05-14,201.71,202.22,197.22,198.91,3742979
2021-05-17,197.64,198.70,192.13,194.13,5794274
2021-05-18,194.00,196.00,191.72,192.75,5691482
2021-05-19,189.54,191.65,186.38,190.72,6797914
2021-05-20,191.76,194.89,191.38,193.41,4397664
2021-05-21,194.35,195.87,191.33,192.47,4032744
2021-05-24,193.24,193.52,190.51,190.66,3396434
2021-05-25,191.17,193.33,190.61,193.02,4089275
2021-05-26,192.59,194.25,192.52,193.60,3565939
2021-05-27,194.34,195.62,193.57,193.77,5126469
2021-05-28,197.00,197.84,194.68,194.83,3619589
2021-06-01,195.00,196.10,191.54,191.85,4105632
2021-06-02,192.30,193.18,190.06,190.77,3997711
2021-06-03,190.00,190.83,188.48,190.30,3469466
2021-06-04,190.38,191.39,188.29,189.91,4210681
2021-06-07,189.95,191.11,188.54,190.25,2913482
2021-06-08,191.16,192.69,190.25,191.40,3604841
2021-06-09,192.00,192.50,190.36,190.60,3638947
2021-06-10,190.87,191.65,187.35,188.78,3905835
2021-06-11,189.88,191.69,189.30,190.81,3127773
2021-06-14,190.12,190.50,188.21,189.66,3257722
2021-06-15,189.47,189.65,186.75,187.88,4472613
2021-06-16,188.00,188.20,184.58,186.20,4176146
2021-06-17,186.50,188.16,184.46,186.84,4260944
2021-06-18,184.73,187.90,184.49,186.88,9316869
2021-06-21,187.97,190.54,187.69,188.88,4539680
2021-06-22,189.92,192.68,189.57,191.72,3995715
2021-06-23,191.15,192.17,190.84,191.14,2836086
2021-06-24,192.68,193.09,190.93,191.75,2768003
2021-06-25,192.12,192.86,191.20,192.66,4149785
2021-06-28,192.59,194.17,191.38,193.21,2510639
2021-06-29,193.04,195.84,193.04,194.20,2628892
2021-06-30,194.13,195.26,193.85,193.97,2716109
2021-07-01,194.50,196.10,193.85,195.82,2456346
2021-07-02,196.39,196.52,195.21,195.71,2553453
2021-07-06,195.80,196.38,192.78,194.75,2588629
2021-07-07,193.67,196.46,193.29,195.88,3647371
2021-07-08,193.39,194.15,191.16,192.80,3993821
2021-07-09,194.18,196.75,194.18,195.33,2436359
2021-07-12,194.90,196.42,194.31,195.57,2405689
2021-07-13,195.93,196.15,193.74,194.28,3192075
2021-07-14,195.17,195.40,192.60,192.74,2943386
2021-07-15,191.52,195.93,191.52,195.75,3187979
2021-07-16,196.94,198.86,195.82,196.14,4920693
2021-07-19,191.98,193.67,190.04,192.90,5213961
2021-07-20,191.68,195.41,191.17,194.11,2882733
2021-07-21,194.56,195.43,193.93,195.13,2112874
2021-07-22,196.11,196.96,194.79,196.77,3244279
2021-07-23,198.00,201.42,197.61,200.84,3358116
2021-07-26,196.31,197.91,193.84,197.74,3422176
2021-07-27,197.68,197.72,191.49,193.51,4106073
2021-07-28,193.67,195.39,192.00,192.39,2152764
2021-07-29,193.25,194.32,191.96,193.62,2532817
2021-07-30,192.60,195.30,192.42,192.69,2841591
2021-08-02,193.81,194.22,190.85,190.96,3051665
2021-08-03,191.58,194.61,191.47,193.95,2335367
2021-08-04,193.06,194.28,189.81,189.90,3162398
2021-08-05,190.97,192.58,189.99,190.68,2335758
2021-08-06,191.73,192.60,189.82,190.16,2855017
2021-08-09,189.75,190.16,187.84,187.99,2296182
2021-08-10,188.14,190.86,187.37,189.73,2548402
2021-08-11,191.29,194.71,191.00,194.52,3367253
2021-08-12,194.26,194.92,190.79,192.00,2754081
2021-08-13,191.93,192.35,189.76,190.51,2400926
2021-08-16,189.94,193.89,189.14,193.48,3486642
2021-08-17,187.43,187.85,182.08,182.26,8256370
2021-08-18,189.25,203.72,188.50,199.73,16992720
2021-08-19,198.75,203.32,198.46,202.59,5378332
2021-08-20,202.75,208.89,202.56,208.21,4915661
2021-08-23,208.81,209.49,205.73,206.06,4195205
2021-08-24,206.16,206.45,202.85,203.39,4110644
2021-08-25,203.41,206.83,203.07,206.18,2628833
2021-08-26,205.29,206.98,204.05,205.65,3250430
2021-08-27,205.37,207.53,204.75,205.90,3128212
2021-08-30,208.45,209.41,204.89,204.99,3986280
2021-08-31,206.37,206.59,203.32,203.89,4877879
2021-09-01,204.55,205.04,201.55,203.43,2835036
2021-09-02,203.77,206.63,203.70,206.15,2656307
2021-09-03,204.90,206.83,204.15,205.98,2260908
2021-09-07,205.70,207.24,204.91,205.15,2591895
2021-09-08,204.35,204.42,201.50,204.09,3344859
2021-09-09,204.47,204.72,202.49,203.01,2566245
2021-09-10,204.78,206.58,204.16,204.33,2505756
2021-09-13,205.72,207.24,204.75,206.05,3159040
2021-09-14,206.55,207.41,203.92,204.17,2488582
2021-09-15,204.17,206.21,201.48,205.61,2956611
2021-09-16,205.66,209.33,205.66,208.48,3365599
2021-09-17,207.36,211.98,207.36,209.03,5835397
2021-09-20,206.52,208.46,203.03,205.27,3640389
2021-09-21,206.66,208.23,205.36,206.27,2681274
2021-09-22,208.05,210.28,206.73,208.89,3169203
2021-09-23,210.00,211.65,207.79,207.98,3128815
2021-09-24,208.07,208.80,206.89,207.87,2275876
2021-09-27,207.63,212.25,207.50,210.63,2886211
2021-09-28,209.10,209.46,204.69,205.43,4030423
2021-09-29,206.16,208.35,205.92,207.10,2678368
2021-09-30,206.93,207.46,202.27,202.86,3829021
2021-10-01,203.73,205.41,201.83,203.70,3016400
2021-10-04,202.84,204.59,201.58,204.51,5195641
2021-10-05,205.87,207.75,204.16,204.27,3483142
2021-10-06,202.90,205.19,201.91,204.00,3079628
2021-10-07,205.92,209.61,205.62,207.90,3001146
2021-10-08,205.59,207.76,204.45,206.16,3042044
2021-10-11,208.11,211.74,207.84,208.85,3267889
2021-10-12,209.85,211.73,209.73,209.80,2793550
2021-10-13,210.63,213.63,210.60,212.12,3275725
2021-10-14,214.34,216.56,213.44,216.45,3177235
2021-10-15,218.76,219.99,217.39,219.16,2930548
2021-10-18,218.40,222.71,218.27,221.74,2785992
2021-10-19,221.85,223.77,221.51,222.91,2976253
2021-10-20,224.00,225.30,222.69,225.01,2293870
2021-10-21,224.91,227.66,224.51,227.42,2883245
2021-10-22,227.48,229.86,227.48,228.77,2207451
2021-10-25,228.55,232.18,228.11,231.82,3018519
2021-10-26,233.11,233.67,230.50,231.07,2801056
2021-10-27,231.62,234.96,231.62,231.77,2801745
2021-10-28,232.96,234.68,231.25,231.76,2421697
2021-10-29,230.78,234.74,230.50,233.82,3316325
2021-11-01,235.00,235.90,230.21,231.75,3861604
2021-11-02,232.32,234.14,231.29,233.03,2167348
2021-11-03,232.89,234.68,232.08,234.30,2629344
2021-11-04,235.00,238.93,234.94,237.78,2508823
2021-11-05,239.00,239.27,235.05,235.54,2356480
2021-11-08,236.55,238.07,233.16,234.79,2797387
2021-11-09,235.06,237.27,233.04,233.91,2307588
2021-11-10,232.62,235.78,231.31,232.55,2403123
2021-11-11,234.32,234.73,231.29,232.32,1921436
2021-11-12,234.43,236.72,232.06,236.32,2462903
2021-11-15,236.10,237.15,234.33,234.92,2219943
2021-11-16,240.60,246.72,239.39,244.78,5223229
2021-11-17,250.02,255.22,245.25,245.73,6823898
2021-11-18,246.45,250.00,245.23,247.38,3468889
2021-11-19,247.77,250.74,245.75,249.52,3685521
2021-11-22,250.26,256.39,249.85,252.35,4460971
2021-11-23,251.14,252.67,248.60,251.91,2550700
2021-11-24,249.42,253.41,249.00,252.63,1952637
2021-11-26,249.62,252.11,247.15,247.69,1890971
2021-11-29,250.31,252.49,248.38,248.58,3209064
2021-11-30,247.76,250.44,244.51,244.59,6236008
2021-12-01,248.30,252.37,245.22,245.34,4019688
2021-12-02,247.01,251.68,245.84,250.39,3706711
2021-12-03,252.52,253.85,247.07,248.69,3972165
2021-12-06,252.49,254.33,250.42,251.18,3008545
2021-12-07,253.50,257.54,252.40,256.91,3405621
2021-12-08,256.59,258.63,254.55,256.74,3820799
2021-12-09,255.77,260.81,254.86,258.15,3812705
2021-12-10,258.41,261.48,257.72,261.38,2547664
2021-12-13,262.85,263.31,256.29,257.24,3915269
2021-12-14,255.92,256.81,250.51,252.46,5100578
2021-12-15,249.60,258.34,249.25,257.54,4939283
2021-12-16,259.23,259.50,253.10,253.24,4457213
2021-12-17,252.34,253.29,247.45,248.09,10175910
2021-12-20,245.22,245.94,242.30,245.62,3900882
2021-12-21,247.71,248.41,243.58,246.98,2963847
2021-12-22,247.11,249.95,246.13,249.70,1772047
2021-12-23,250.24,251.71,249.04,250.09,2060478
2021-12-27,251.14,253.78,251.14,253.70,1590318
2021-12-28,254.00,254.89,252.82,254.02,1531542
2021-12-29,255.01,258.54,254.96,257.57,1617702
2021-12-30,258.35,259.25,256.06,256.39,1488100
2021-12-31,256.15,259.77,255.85,258.48,1774222
2022-01-03,259.20,260.19,253.07,255.51,5305697
2022-01-04,255.64,260.83,255.59,259.81,3638211
2022-01-05,258.71,259.44,254.72,254.75,3808574
2022-01-06,257.64,258.45,255.00,257.79,3616309
2022-01-07,255.70,257.38,250.71,251.09,4945544
2022-01-10,247.89,248.10,240.56,247.69,6292571
2022-01-11,247.91,249.95,244.68,249.50,3414950
2022-01-12,251.19,254.71,249.94,250.72,2825576
2022-01-13,253.08,253.75,250.09,250.70,2243611
2022-01-14,247.30,248.70,241.47,243.40,3258477
2022-01-18,239.20,239.59,234.27,238.41,4612577
2022-01-19,239.63,241.16,234.27,234.70,4146791
2022-01-20,236.27,237.59,223.34,223.93,5946565
2022-01-21,222.89,229.85,221.50,225.02,5724411
2022-01-24,220.53,232.71,220.20,232.35,4912593
2022-01-25,227.50,231.94,224.51,230.01,4099153
2022-01-26,232.56,235.00,225.74,228.10,4349153
2022-01-27,230.66,233.17,223.95,225.93,3426116
2022-01-28,227.99,235.14,224.48,234.99,3215463
2022-01-31,233.99,237.61,232.66,237.35,4486036
2022-02-01,238.45,239.48,233.81,238.35,2723824
2022-02-02,238.61,240.71,236.45,239.11,2442894
2022-02-03,236.00,239.49,233.81,234.11,2512234
2022-02-04,234.15,234.15,225.17,229.07,3456689
2022-02-07,230.52,230.98,224.53,227.02,2990056
2022-02-08,227.20,232.62,225.86,231.76,2572444
2022-02-09,234.52,236.48,232.84,233.66,2115334
2022-02-10,230.69,232.86,225.79,227.40,3053766
2022-02-11,227.52,229.72,224.76,225.91,2192806
2022-02-14,223.77,227.02,223.12,225.95,2025703
2022-02-15,228.31,230.06,226.98,228.10,1846100
2022-02-16,226.52,228.17,223.51,227.01,2461400
2022-02-17,225.93,227.22,223.25,223.79,2482353
2022-02-18,222.95,225.72,220.41,222.69,4241661
2022-02-22,218.29,221.45,210.76,214.59,7641105
2022-02-23,222.00,227.75,214.13,215.09,8936864
2022-02-24,209.69,214.26,206.24,213.41,5749345
2022-02-25,214.27,219.69,210.21,219.18,4613281
2022-02-28,217.26,221.30,215.82,221.06,5440555
2022-03-01,221.38,224.44,220.23,221.50,3953236
2022-03-02,220.60,230.01,220.11,228.66,4513727
2022-03-03,229.12,230.72,225.06,226.28,3180721
2022-03-04,224.58,226.69,221.75,224.07,3145816
2022-03-07,224.03,227.98,222.08,222.26,4022744
2022-03-08,222.26,229.62,222.08,223.26,3726146
2022-03-09,227.98,230.28,225.59,225.88,3428704
2022-03-10,223.00,224.39,219.09,224.17,3318890
2022-03-11,223.90,227.56,221.99,222.21,2616309
2022-03-14,223.98,227.71,221.08,226.51,3607706
2022-03-15,227.80,232.34,227.51,231.07,3413674
2022-03-16,233.13,234.43,226.79,231.33,3497382
2022-03-17,230.00,234.41,228.31,234.38,3323855
2022-03-18,231.65,236.26,229.93,235.67,9149965
2022-03-21,236.50,238.37,225.69,227.60,4349172
2022-03-22,227.65,229.87,225.35,228.47,3248750
2022-03-23,227.00,227.95,219.83,220.92,3728128
2022-03-24,220.83,221.96,217.96,219.17,3399162
2022-03-25,220.73,220.96,211.39,212.92,6832850
2022-03-28,211.38,213.90,207.42,213.78,6579600
2022-03-29,217.76,221.34,216.54,219.57,4993689
2022-03-30,215.75,217.15,208.93,209.49,7090934
2022-03-31,206.85,208.74,201.99,202.19,7318469
2022-04-01,204.10,204.16,201.40,202.40,4827182
2022-04-04,201.54,204.26,199.77,204.12,5427547
2022-04-05,203.21,208.14,201.67,204.87,4707282
2022-04-06,201.20,202.85,196.64,200.65,6356121
2022-04-07,199.11,204.20,197.55,202.64,4411564
2022-04-08,201.03,207.72,200.54,206.66,5065517
2022-04-11,204.66,208.45,203.35,204.59,3576161
2022-04-12,209.01,210.59,203.40,204.14,4354856
2022-04-13,203.63,206.85,203.22,205.51,2803473
2022-04-14,206.23,207.30,201.03,201.28,4001575
2022-04-18,200.62,202.00,197.33,198.52,3800438
2022-04-19,198.17,203.51,197.70,203.04,3392926
2022-04-20,205.84,210.06,205.19,208.74,3906051
2022-04-21,210.42,210.84,204.28,205.03,3797609
2022-04-22,204.12,204.31,196.10,197.06,4216309
2022-04-25,197.05,200.74,194.67,200.38,3895913
2022-04-26,198.91,204.37,198.24,199.59,3959126
2022-04-27,199.25,203.46,198.97,199.57,3028244
2022-04-28,201.62,207.15,200.03,205.14,3250689
2022-04-29,203.49,205.18,197.08,197.73,4217600
2022-05-02,198.12,204.65,197.72,203.14,3697789
2022-05-03,202.47,204.93,200.21,201.63,3002576
2022-05-04,200.73,207.96,198.25,207.16,4452366
2022-05-05,203.91,204.61,193.52,195.92,4262901
2022-05-06,194.17,195.45,189.66,192.29,3910713
2022-05-09,189.59,198.47,188.25,196.07,3998316
2022-05-10,198.11,199.04,190.25,192.13,3638724
2022-05-11,192.84,195.19,187.30,187.77,4598202
2022-05-12,187.77,194.84,187.23,191.70,4292960
2022-05-13,191.27,197.41,190.35,194.00,2911878
2022-05-16,192.57,196.22,189.50,194.73,4405388
2022-05-17,198.92,199.47,187.87,194.03,8209965
2022-05-18,187.50,191.46,179.75,183.82,7847561
2022-05-19,182.68,191.81,182.68,187.86,5132247
2022-05-20,188.93,189.26,179.22,184.69,5722556
2022-05-23,186.50,186.83,181.39,186.25,3546848
2022-05-24,184.98,187.80,182.39,184.62,4486453
2022-05-25,182.60,189.89,182.26,188.55,3986461
2022-05-26,190.57,197.04,190.28,195.53,3338117
2022-05-27,196.72,199.66,195.87,199.63,2779220
2022-05-31,197.60,198.75,194.39,195.30,4733916
2022-06-01,196.39,197.14,191.64,191.72,3290348
2022-06-02,192.56,196.22,191.75,196.13,3359184
2022-06-03,193.97,197.95,193.25,195.45,2262787
2022-06-06,196.00,198.78,194.20,196.77,2691594
2022-06-07,190.35,196.20,189.01,195.65,3269772
2022-06-08,193.90,194.71,191.38,192.45,2775810
2022-06-09,192.11,198.74,191.90,194.28,2999674
2022-06-10,189.30,192.24,186.15,186.33,3565302
2022-06-13,182.33,184.50,180.11,181.26,3899277
2022-06-14,180.83,182.86,176.43,177.94,4037325
2022-06-15,179.40,181.01,176.30,179.01,4127799
2022-06-16,174.50,174.93,170.48,171.61,5536507
2022-06-17,170.94,175.28,170.14,172.47,8498950
2022-06-21,176.09,176.41,171.39,172.38,4753347
2022-06-22,171.34,175.37,170.12,173.60,4437993
2022-06-23,174.52,176.44,173.60,176.33,3611682
2022-06-24,177.76,182.94,177.13,182.84,5346188
2022-06-27,183.00,185.32,182.12,184.22,2829378
2022-06-28,184.48,185.61,174.57,174.72,4992125
2022-06-29,174.97,177.39,174.16,176.10,2802682
2022-06-30,172.04,176.08,170.76,174.67,4415419
2022-07-01,175.83,178.59,174.64,177.36,3095545
2022-07-05,175.05,179.94,174.48,179.88,3227129
2022-07-06,180.78,182.95,177.44,179.06,2177656
2022-07-07,179.87,182.08,178.82,181.57,2935689
2022-07-08,180.90,182.96,179.42,181.63,2024782
2022-07-11,181.22,183.00,179.66,180.11,2285164
2022-07-12,181.99,185.40,180.09,181.00,3184728
2022-07-13,178.77,183.77,177.55,182.37,2935421
2022-07-14,179.41,182.95,178.69,182.66,3262080
2022-07-15,185.71,186.14,183.96,185.00,2901426
2022-07-18,186.60,189.08,185.19,185.79,2965993
2022-07-19,186.57,189.56,184.82,188.78,2683876
2022-07-20,188.39,191.44,187.99,191.03,2427275
2022-07-21,191.24,193.78,189.42,193.56,3266101
2022-07-22,194.82,199.12,194.24,195.58,3329487
2022-07-25,195.70,195.85,193.17,194.80,2492199
2022-07-26,188.18,190.97,187.60,188.60,3647204
2022-07-27,188.70,190.89,183.70,189.92,3714121
2022-07-28,187.49,191.72,183.74,190.80,6034590
2022-07-29,189.81,192.49,188.72,191.53,4507128
2022-08-01,191.55,195.26,191.28,194.09,3349467
2022-08-02,193.27,193.40,187.87,187.95,3401823
2022-08-03,189.63,195.98,189.63,195.42,3292746
2022-08-04,195.76,199.05,195.42,197.16,3534251
2022-08-05,195.89,199.23,195.33,199.08,2409730
2022-08-08,200.00,204.31,199.78,201.84,3042755
2022-08-09,200.75,200.75,193.72,195.20,3914537
2022-08-10,199.27,201.66,198.60,201.43,4094417
2022-08-11,200.10,204.29,200.07,202.18,3337506
2022-08-12,203.35,206.60,201.73,206.47,3014054
2022-08-15,206.00,209.02,204.90,208.04,4075486
2022-08-16,206.66,217.39,206.50,214.12,5892219
2022-08-17,212.01,221.19,211.50,215.37,8082124
2022-08-18,215.11,218.09,214.57,216.47,3011833
2022-08-19,215.50,215.84,209.85,211.36,3347472
2022-08-22,209.21,212.58,208.48,209.99,4136594
2022-08-23,210.00,211.36,207.28,207.47,2533885
2022-08-24,206.81,210.54,205.78,208.41,2634446
2022-08-25,208.59,211.17,207.95,210.96,2634866
2022-08-26,211.73,212.63,200.94,200.99,3720486
2022-08-29,200.12,203.61,199.08,201.07,3273815
2022-08-30,202.46,203.30,196.41,197.22,3906978
2022-08-31,197.10,197.43,194.00,194.14,5145146
2022-09-01,193.79,195.95,192.61,195.76,3462176
2022-09-02,197.40,199.03,194.29,195.51,3165925
2022-09-06,196.17,196.81,191.25,192.96,3128847
2022-09-07,193.71,201.94,193.58,201.30,4086611
2022-09-08,200.65,204.51,198.73,204.38,3564194
2022-09-09,203.98,206.53,203.32,205.65,3176502
2022-09-12,206.00,209.41,205.50,206.40,3218785
2022-09-13,201.26,202.89,192.95,193.63,4441373
2022-09-14,194.55,195.22,190.21,192.39,3963670
2022-09-15,193.32,194.49,190.01,191.04,3309679
2022-09-16,189.00,193.07,188.75,191.81,10187850
2022-09-19,190.91,195.90,190.67,195.10,3351878
2022-09-20,192.62,194.18,188.68,190.41,3650226
2022-09-21,191.91,194.81,188.32,188.36,2925726
2022-09-22,188.00,189.78,186.51,188.12,2864643
2022-09-23,186.75,189.16,185.56,188.13,3382504
2022-09-26,188.06,190.00,185.69,186.02,2938703
2022-09-27,187.94,190.85,186.21,187.67,3866498
2022-09-28,192.45,195.47,190.14,194.53,5384929
2022-09-29,192.00,192.43,188.81,190.46,3622750
2022-09-30,189.43,191.09,185.96,187.81,6049011
2022-10-03,191.61,195.80,191.03,193.92,4346473
2022-10-04,196.97,199.66,196.33,197.42,4139074
2022-10-05,195.32,200.32,194.00,199.03,3196077
2022-10-06,198.45,202.29,198.32,199.98,3305087
2022-10-07,198.02,198.51,195.34,197.21,3467037
2022-10-10,195.95,196.96,192.71,194.90,2449746
2022-10-11,194.94,198.37,193.97,196.43,2765991
2022-10-12,197.79,198.38,193.78,193.87,2354000
2022-10-13,189.83,194.93,185.48,193.16,4851092
2022-10-14,194.84,196.96,188.73,188.96,4143263
2022-10-17,192.25,195.22,192.09,194.09,3504756
2022-10-18,196.20,198.56,192.56,193.20,3804253
2022-10-19,187.28,188.47,180.22,183.94,5362452
2022-10-20,183.39,185.40,177.47,178.30,4095592
2022-10-21,178.14,182.67,176.50,182.37,3583575
2022-10-24,183.58,188.51,183.58,187.61,3705003
2022-10-25,189.90,195.08,188.89,193.85,3245708
2022-10-26,194.23,195.61,191.28,193.55,2567321
2022-10-27,195.24,196.48,192.53,193.66,2457637
2022-10-28,193.50,199.74,192.85,198.73,3292225
2022-10-31,196.99,197.97,194.36,194.95,3550336
2022-11-01,198.00,199.74,192.28,193.55,3260207
2022-11-02,193.19,194.68,185.53,185.71,4539660
2022-11-03,180.85,182.86,178.71,179.82,4187460
2022-11-04,182.78,187.85,178.30,182.15,4623564
2022-11-07,183.57,187.80,181.04,186.56,2715511
2022-11-08,188.06,190.01,185.78,188.36,2880906
2022-11-09,187.31,191.27,186.31,186.63,3007351
2022-11-10,195.31,204.74,195.30,204.32,4837244
2022-11-11,205.09,211.26,204.51,209.02,4272464
2022-11-14,208.43,210.47,204.23,204.66,4164981
2022-11-15,206.75,211.25,203.82,208.84,5127810
2022-11-16,212.09,221.42,211.60,215.13,8173082
2022-11-17,212.50,212.99,205.37,208.40,3509736
2022-11-18,211.82,211.84,206.41,209.93,2912756
2022-11-21,210.13,210.81,208.23,210.27,2326785
2022-11-22,211.65,215.53,211.07,214.47,2845905
2022-11-23,215.23,215.70,210.02,211.02,2593950
2022-11-25,211.36,211.83,210.01,210.97,975678
2022-11-28,210.39,211.47,208.51,209.04,2202367
2022-11-29,208.00,208.65,206.62,207.47,1980888
2022-11-30,206.11,212.97,203.25,212.55,4701568
2022-12-01,214.79,216.72,212.71,215.48,2735131
2022-12-02,212.40,216.60,211.50,214.84,3242449
2022-12-05,210.91,211.60,205.40,206.18,3308476
2022-12-06,205.21,205.71,199.00,201.91,3627519
2022-12-07,202.76,209.99,202.26,206.89,3999395
2022-12-08,205.00,206.41,202.46,203.56,3150188
2022-12-09,201.00,204.61,200.20,201.77,3226910
2022-12-12,202.29,205.10,201.04,205.08,2720027
2022-12-13,216.71,217.83,208.92,211.22,4168645
2022-12-14,210.95,216.63,210.06,212.11,3727712
2022-12-15,208.61,209.72,205.49,208.02,3374053
2022-12-16,206.36,207.36,203.32,206.14,9543471
2022-12-19,205.35,205.94,201.99,203.17,2442444
2022-12-20,201.19,202.13,197.69,200.86,2372187
2022-12-21,202.93,203.62,200.27,202.43,2345410
2022-12-22,198.52,200.22,195.27,199.15,2414946
2022-12-23,198.42,202.32,197.02,201.88,1469299
2022-12-27,201.69,203.99,201.31,201.71,2076600
2022-12-28,201.96,203.50,199.63,200.06,1419898
2022-12-29,201.68,203.12,201.30,202.26,1270947
2022-12-30,200.03,200.50,197.21,199.24,2154647
2023-01-03,201.49,202.30,197.14,199.04,2602208
2023-01-04,201.43,202.35,197.51,201.39,2507434
2023-01-05,199.30,201.44,197.48,200.77,1942252
2023-01-06,200.73,201.79,194.45,200.97,3121509
2023-01-09,202.42,204.13,199.34,199.44,2748474
2023-01-10,199.92,201.67,198.54,201.40,2200918
2023-01-11,202.16,208.72,202.15,208.59,2780964
2023-01-12,210.26,211.57,206.59,210.26,2690152
2023-01-13,207.81,213.56,207.81,212.16,3875862
2023-01-17,212.17,214.98,209.25,209.52,2943807
2023-01-18,210.72,214.18,208.11,208.50,3575106
2023-01-19,207.50,207.90,201.19,202.13,3508807
2023-01-20,201.36,204.99,198.66,204.53,3517607
2023-01-23,203.52,206.91,201.79,205.11,3473698
2023-01-24,202.61,206.58,202.61,206.41,2862499
2023-01-25,204.52,206.29,201.84,206.11,2283441
2023-01-26,204.35,208.77,201.64,201.81,3426079
2023-01-27,201.45,203.42,200.44,202.49,2907889
2023-01-30,201.97,204.56,201.15,201.91,2786376
2023-01-31,203.25,208.33,202.50,208.25,3415828
2023-02-01,207.46,215.14,204.39,213.56,3363932
2023-02-02,216.05,223.31,215.98,221.56,4156769
2023-02-03,217.14,218.39,214.82,215.97,3047868
2023-02-06,214.25,216.84,214.06,215.87,2380640
2023-02-07,212.89,215.57,210.42,214.73,2552300
2023-02-08,214.21,214.21,211.07,212.76,2421051
2023-02-09,214.77,215.24,207.96,208.64,2386806
2023-02-10,207.46,208.93,206.33,208.78,1836457
2023-02-13,209.30,214.30,207.43,214.14,2363984
2023-02-14,212.03,215.12,211.14,213.76,2316568
2023-02-15,212.35,215.50,211.27,215.03,1851560
2023-02-16,210.20,216.07,209.62,214.01,2479039
2023-02-17,213.24,213.71,208.90,212.75,3462070
2023-02-21,205.27,206.90,201.22,201.85,3942873
2023-02-22,201.21,204.44,200.06,202.63,2667375
2023-02-23,202.56,203.75,199.13,202.21,2332267
2023-02-24,199.79,202.59,198.46,201.54,2163697
2023-02-27,204.33,206.49,203.44,204.24,2765044
2023-02-28,203.98,208.28,203.30,205.75,4391371
2023-03-01,205.44,205.64,191.27,194.31,9814299
2023-03-02,192.66,195.45,192.03,195.10,4097297
2023-03-03,195.78,200.55,195.06,199.73,3483230
2023-03-06,200.30,203.71,200.06,201.57,3160916
2023-03-07,202.49,202.49,197.26,197.41,3320205
2023-03-08,198.22,202.08,197.69,201.14,2670533
2023-03-09,202.09,204.05,198.54,199.05,2440684
2023-03-10,199.12,201.69,196.09,196.66,2986817
2023-03-13,195.74,201.39,194.73,197.55,3116451
2023-03-14,199.40,200.09,193.82,196.83,3909236
2023-03-15,195.84,200.45,194.61,198.59,3794220
2023-03-16,197.57,200.08,196.44,199.67,3154009
2023-03-17,199.79,201.30,195.79,197.36,7271376
2023-03-20,197.01,197.89,195.41,196.79,2405200
2023-03-21,198.50,198.77,195.18,196.79,2940356
2023-03-22,196.89,197.49,191.36,191.57,3275746
2023-03-23,192.72,193.10,188.07,189.69,3346503
2023-03-24,188.75,190.27,187.44,189.46,2692548
2023-03-27,190.07,191.94,188.90,190.53,2488490
2023-03-28,190.46,192.44,189.62,190.15,1872337
2023-03-29,190.95,191.99,190.00,191.94,2436492
2023-03-30,194.07,195.20,192.30,192.65,2157103
2023-03-31,194.09,200.23,193.65,199.97,3151577
2023-04-03,201.07,204.23,200.97,203.99,3471080
2023-04-04,203.50,204.28,200.75,203.00,2500147
2023-04-05,203.00,203.35,198.65,199.43,2417870
2023-04-06,198.12,199.48,195.50,198.57,2403332
2023-04-10,197.60,201.17,196.21,199.78,2387668
2023-04-11,200.99,202.94,200.76,201.34,2458989
2023-04-12,203.40,204.71,199.41,199.77,2665419
2023-04-13,199.77,201.84,196.24,201.47,2778705
2023-04-14,201.52,203.88,201.10,202.18,2028284
2023-04-17,202.50,205.03,202.41,205.00,2420060
2023-04-18,206.28,208.63,205.75,208.10,2685246
2023-04-19,207.17,209.05,206.26,208.83,2488819
2023-04-20,208.48,212.37,208.45,209.76,2948979
2023-04-21,211.34,212.50,210.01,211.04,2864183
2023-04-24,210.30,212.03,210.09,211.04,2758708
2023-04-25,210.99,211.24,205.78,205.88,2723867
2023-04-26,205.49,205.71,200.10,200.80,3409008
2023-04-27,200.62,204.83,200.62,204.53,2498982
2023-04-28,204.60,207.88,204.34,207.83,2451890
2023-05-01,207.83,208.92,207.13,208.22,2282164
2023-05-02,208.50,208.50,203.24,205.97,2201912
2023-05-03,206.38,210.32,205.15,205.31,2386576
2023-05-04,205.24,206.63,201.27,202.80,2375943
2023-05-05,204.05,206.52,203.31,205.81,2495636
2023-05-08,205.60,206.12,203.03,204.05,1586594
2023-05-09,204.10,207.18,203.24,207.12,2249984
2023-05-10,207.95,208.76,201.98,204.32,2715621
2023-05-11,204.00,204.44,201.84,203.30,3015622
2023-05-12,203.32,204.50,201.25,203.26,2261757
2023-05-15,202.45,202.95,199.35,201.55,2971473
2023-05-16,196.47,199.97,193.59,199.22,4685913
2023-05-17,199.37,207.43,198.75,207.20,3756108
2023-05-18,207.50,209.25,205.50,209.16,2275344
2023-05-19,208.34,208.53,204.94,206.27,2768457
2023-05-22,206.70,208.37,202.91,203.15,3536961
2023-05-23,202.83,209.75,202.44,206.65,6507459
2023-05-24,206.75,208.92,202.10,203.63,2829807
2023-05-25,203.00,204.01,200.90,201.04,3030425
2023-05-26,202.06,206.78,201.22,206.52,3072744
2023-05-30,207.00,207.44,203.78,205.70,2534120
2023-05-31,204.12,204.12,199.50,201.13,3894803
2023-06-01,200.96,204.74,197.48,203.92,2764765
2023-06-02,205.50,210.30,205.50,209.81,2834616
2023-06-05,208.30,208.60,206.27,206.78,2345664
2023-06-06,206.54,208.50,205.63,207.16,2804958
2023-06-07,208.00,211.85,208.00,211.21,3334704
2023-06-08,211.85,213.79,210.26,210.46,2409775
2023-06-09,211.26,211.49,208.77,209.12,2093011
2023-06-12,210.20,213.85,209.20,213.36,2465152
2023-06-13,215.00,217.48,214.09,217.35,3056105
2023-06-14,216.78,218.28,213.75,214.86,3080477
2023-06-15,215.80,219.60,215.79,218.93,3186992
2023-06-16,219.34,219.49,216.85,217.08,6874356
2023-06-20,215.83,216.75,214.41,215.46,3058345
2023-06-21,215.64,215.81,213.86,214.25,3364501
2023-06-22,213.79,215.37,211.62,214.82,2781938
2023-06-23,213.92,216.40,213.10,215.22,3997351
2023-06-26,215.96,219.03,215.56,217.96,2498941
2023-06-27,218.99,223.99,218.99,223.56,4223483
2023-06-28,222.25,224.15,221.55,222.52,3372676
2023-06-29,223.23,223.81,221.82,222.82,3058232
2023-06-30,224.10,226.49,223.58,225.70,3633322
2023-07-03,224.62,226.05,223.49,224.59,1498445
2023-07-05,224.41,226.95,224.12,225.49,2876405
2023-07-06,222.80,223.56,221.28,221.42,3012138
2023-07-07,221.05,223.90,220.73,221.94,2345358
2023-07-10,223.12,229.16,222.88,229.12,2536242
2023-07-11,231.27,231.27,228.85,229.43,2219693
2023-07-12,231.75,235.07,231.10,232.11,2256058
2023-07-13,232.57,233.26,228.44,229.54,1882917
2023-07-14,229.95,230.86,228.49,228.74,1536023
2023-07-17,228.71,230.10,227.25,227.97,1951534
2023-07-18,227.75,231.12,226.55,229.91,1858121
2023-07-19,229.60,232.23,229.48,230.89,1649635
2023-07-20,231.38,231.38,228.42,230.99,1959688
2023-07-21,232.45,235.02,231.72,233.78,3348441
2023-07-24,234.20,235.81,233.58,234.00,2018959
2023-07-25,232.38,234.38,231.19,233.94,1547780
2023-07-26,233.70,235.16,232.83,234.07,1720191
2023-07-27,236.08,237.21,234.40,234.90,1973004
2023-07-28,236.96,237.20,234.45,235.09,1767327
2023-07-31,235.08,235.94,232.73,234.27,2614906
2023-08-01,232.94,234.97,232.11,232.35,2030978
2023-08-02,229.76,231.95,229.28,229.49,2298063
2023-08-03,228.87,229.20,226.55,226.72,2436264
2023-08-04,224.00,226.21,222.42,223.12,2549633
2023-08-07,224.20,225.04,222.61,223.30,1902580
2023-08-08,220.00,221.39,217.42,220.91,2152115
2023-08-09,220.58,221.16,218.50,219.64,2061312
2023-08-10,221.47,223.25,219.21,220.86,1815543
2023-08-11,221.02,225.20,220.58,223.69,2356325
2023-08-14,224.37,226.47,223.65,225.89,2927365
2023-08-15,223.53,226.76,223.26,223.84,2079076
2023-08-16,224.79,226.86,222.11,222.15,1403585
2023-08-17,223.23,223.87,217.72,218.15,1791189
2023-08-18,217.46,219.95,216.59,219.35,2250674
2023-08-21,218.62,220.62,216.25,217.59,2804770
2023-08-22,222.06,227.28,221.23,225.74,4084562
2023-08-23,225.96,227.50,224.84,227.19,2390719
2023-08-24,226.79,228.94,222.96,222.97,1994762
2023-08-25,223.81,226.16,221.75,223.07,1805094
2023-08-28,223.99,225.58,221.40,222.72,1726208
2023-08-29,222.74,226.69,222.67,226.41,1800713
2023-08-30,227.50,230.85,227.18,230.31,2839645
2023-08-31,230.85,231.83,230.33,230.48,3433327
2023-09-01,232.30,233.97,231.97,232.51,2562017
2023-09-05,233.54,233.64,229.94,230.43,2569274
2023-09-06,230.24,231.19,228.78,229.61,2123857
2023-09-07,230.15,234.37,230.15,233.61,2576666
2023-09-08,232.73,233.25,230.68,231.29,2166312
2023-09-11,232.69,233.62,231.38,231.91,1658010
2023-09-12,231.78,233.85,230.38,230.44,2192622
2023-09-13,229.51,230.94,228.14,228.82,2769395
2023-09-14,230.10,231.23,228.50,230.87,2621766
2023-09-15,228.36,228.36,219.61,220.02,9188534
2023-09-18,220.09,221.80,217.21,217.72,3447255
2023-09-19,216.43,217.99,214.21,217.50,3450363
2023-09-20,218.33,219.24,214.38,214.91,2490529
2023-09-21,213.01,213.68,210.18,210.61,2959624
2023-09-22,209.54,211.23,209.23,210.49,2940143
2023-09-25,210.37,212.86,210.01,212.50,3971609
2023-09-26,210.90,211.71,208.16,208.54,2782536
2023-09-27,209.08,210.26,206.27,206.96,2860083
2023-09-28,206.83,210.39,206.30,207.78,2379053
2023-09-29,208.79,210.38,207.30,207.84,2304858
2023-10-02,207.38,208.48,204.85,205.74,2265031
2023-10-03,204.89,205.01,198.71,200.16,3532600
2023-10-04,200.33,201.15,198.47,199.59,2569581
2023-10-05,198.85,200.05,197.53,199.80,2233663
2023-10-06,198.01,202.04,197.56,199.54,2251010
2023-10-09,197.62,200.97,196.46,200.74,1649705
2023-10-10,201.26,203.81,200.27,202.75,2209863
2023-10-11,203.79,204.13,200.94,203.29,2178927
2023-10-12,203.30,203.50,196.77,196.90,2488525
2023-10-13,197.02,197.95,194.77,195.75,2220612
2023-10-16,197.40,199.25,196.23,198.25,2139996
2023-10-17,197.48,198.87,196.97,198.15,1698871
2023-10-18,196.37,196.37,193.39,193.46,2694918
2023-10-19,193.55,193.84,189.82,190.46,2944234
2023-10-20,190.19,191.76,188.69,190.50,2776180
2023-10-23,190.41,191.59,187.93,188.38,2322199
2023-10-24,188.16,189.18,185.03,186.24,2107639
2023-10-25,185.55,187.26,184.66,186.09,2406238
2023-10-26,186.95,188.51,184.50,184.73,2855560
2023-10-27,184.86,185.45,181.85,183.62,2371503
2023-10-30,184.80,188.38,183.79,187.72,2683263
2023-10-31,188.47,191.07,187.77,190.57,3181233
2023-11-01,191.18,192.20,188.70,191.29,3070168
2023-11-02,193.73,196.66,193.41,194.32,2220134
2023-11-03,194.89,197.22,193.88,194.94,2755531
2023-11-06,194.55,195.80,193.28,194.23,1913066
2023-11-07,194.26,195.20,193.42,194.58,2150319
2023-11-08,194.84,196.87,192.88,194.68,3077543
2023-11-09,192.30,194.88,190.39,190.49,3270987
2023-11-10,190.93,194.84,189.05,194.60,2381673
2023-11-13,193.00,194.43,192.09,193.84,3155792
2023-11-14,203.44,204.79,199.22,202.24,4237647
2023-11-15,202.44,206.26,202.43,204.85,2848609
2023-11-16,203.93,205.69,200.85,202.28,2705728
2023-11-17,203.29,204.16,202.25,203.70,2217015
2023-11-20,203.50,205.00,203.09,204.44,3170080
2023-11-21,197.52,201.74,196.62,198.06,5880551
2023-11-22,198.49,199.70,196.71,198.48,3232363
2023-11-24,198.00,199.41,196.23,199.07,1322235
2023-11-27,198.38,200.94,197.85,199.82,2345824
2023-11-28,199.54,201.01,197.97,200.05,2651067
2023-11-29,201.07,201.67,199.66,199.92,2119035
2023-11-30,200.18,200.22,196.32,198.83,3812156
2023-12-01,199.20,204.36,198.52,203.92,2965668
2023-12-04,203.75,208.77,203.72,207.55,3429689
2023-12-05,205.71,206.86,203.85,205.92,2552139
2023-12-06,207.00,209.76,207.00,208.70,2595419
2023-12-07,208.97,209.17,207.40,208.30,3069321
2023-12-08,208.06,208.46,206.18,207.83,2210351
2023-12-11,208.22,209.17,206.31,206.34,3390140
2023-12-12,206.81,208.86,205.84,208.70,3552247
2023-12-13,208.77,215.56,206.08,215.45,5170140
2023-12-14,220.42,225.94,220.04,225.54,7636601
2023-12-15,225.32,227.00,223.77,225.59,9581221
2023-12-18,226.19,227.00,223.51,224.06,3132449
2023-12-19,224.62,226.33,224.51,225.42,3101105
2023-12-20,222.48,224.73,221.24,222.01,3727327
2023-12-21,223.79,224.44,222.23,223.55,2640254
2023-12-22,224.03,225.08,221.99,223.00,2368842
2023-12-26,222.90,223.69,222.63,222.82,1656417
2023-12-27,222.52,223.36,221.72,222.89,1449441
2023-12-28,223.41,223.42,221.97,222.90,1543404
2023-12-29,222.94,223.98,220.94,222.55,2631431
2024-01-02,220.25,222.60,218.46,218.65,3277952
2024-01-03,216.37,216.90,212.13,212.27,3285533
2024-01-04,211.90,213.33,211.09,211.22,2487196
2024-01-05,210.62,214.32,210.41,212.51,2577946
2024-01-08,213.14,217.42,212.64,217.14,2462748
2024-01-09,215.39,217.53,215.33,217.01,2025015
2024-01-10,217.75,220.56,217.65,220.21,2311541
2024-01-11,220.12,220.86,218.14,220.16,1864818
2024-01-12,220.26,221.06,218.08,218.91,1603978
2024-01-16,219.06,220.60,217.70,220.43,2594522
2024-01-17,218.98,221.00,216.48,218.05,2824029
2024-01-18,219.00,220.22,215.83,218.23,3121889
2024-01-19,218.58,221.56,216.86,220.01,2851899
2024-01-22,217.81,220.37,216.27,219.86,2540988
2024-01-23,218.76,218.76,213.84,214.47,2375886
2024-01-24,215.16,215.30,210.40,210.55,3514766
2024-01-25,211.57,212.72,209.55,212.08,2892223
2024-01-26,212.32,213.01,210.78,211.98,1912592
2024-01-29,211.78,212.70,209.81,211.84,2194778
2024-01-30,210.87,216.37,210.10,214.52,2742541
2024-01-31,215.11,216.58,212.71,212.84,3429347
2024-02-01,213.02,220.56,212.37,220.23,3265383
2024-02-02,217.54,220.94,212.51,219.49,3305043
2024-02-05,217.33,218.33,214.88,218.01,2303718
2024-02-06,217.80,219.92,216.22,218.12,2147574
2024-02-07,219.32,222.35,218.88,221.69,3303149
2024-02-08,222.00,223.59,219.25,220.39,1909727
2024-02-09,220.81,222.31,219.17,222.26,1359165
2024-02-12,226.37,230.94,225.88,229.86,3258428
2024-02-13,224.93,227.81,223.65,225.43,3388592
2024-02-14,226.00,227.17,222.87,226.93,2002276
2024-02-15,227.75,228.61,226.39,228.33,1925111
2024-02-16,227.27,228.94,225.37,226.85,2388390
2024-02-20,222.99,226.43,221.77,225.51,2580058
2024-02-21,225.71,228.10,225.03,227.79,1701034
2024-02-22,228.32,231.29,227.63,230.51,2115687
2024-02-23,231.45,233.09,231.16,232.56,2112698
2024-02-26,232.98,234.23,230.98,231.32,2928025
2024-02-27,232.43,239.49,230.02,235.39,5076660
2024-02-28,238.00,241.44,237.35,238.80,3288573
2024-02-29,238.97,241.39,238.55,240.67,3107636
2024-03-01,240.27,245.09,239.76,244.69,2712535
2024-03-04,244.22,245.29,242.03,242.10,2321570
2024-03-05,241.76,243.03,240.11,240.82,2514736
2024-03-06,241.33,242.47,239.86,241.12,2367655
2024-03-07,242.13,244.15,241.42,241.72,1792912
2024-03-08,241.61,243.99,241.51,241.95,1503062
2024-03-11,241.32,242.16,238.92,240.96,2058978
2024-03-12,241.69,244.47,241.11,243.26,2095414
2024-03-13,244.24,248.55,244.24,247.41,2238060
2024-03-14,246.66,247.80,242.49,244.63,2492732
2024-03-15,244.23,247.25,243.61,244.73,5692794
2024-03-18,245.70,246.33,243.01,243.48,2480954
2024-03-19,244.50,248.20,244.47,248.02,2408500
2024-03-20,248.53,252.42,247.42,251.96,1882575
2024-03-21,252.96,261.34,252.95,261.00,3418453
2024-03-22,261.13,262.49,258.37,258.50,2493244
2024-03-25,258.72,259.46,253.73,254.00,2024658
2024-03-26,253.47,255.04,251.28,251.42,3048905
2024-03-27,252.37,253.36,251.24,253.33,2351859
2024-03-28,252.81,255.29,250.98,254.73,2631256
2024-04-01,253.35,255.31,248.52,249.28,2362999
2024-04-02,246.28,247.02,243.48,244.45,2819734
2024-04-03,241.06,244.14,240.49,240.70,3144468
2024-04-04,243.56,245.35,237.81,238.01,2343670
2024-04-05,238.00,240.43,237.82,239.32,1680813
2024-04-08,238.26,242.72,237.97,242.59,2389245
2024-04-09,243.79,244.81,240.88,244.39,2126476
2024-04-10,238.14,239.28,235.07,237.16,2955194
2024-04-11,239.00,240.29,233.19,235.44,2494647
2024-04-12,233.37,233.91,230.74,232.05,2117498
2024-04-15,234.76,234.85,229.17,230.01,1933112
2024-04-16,228.93,229.84,227.32,228.35,2201031
2024-04-17,230.24,230.89,227.24,228.86,1982302
2024-04-18,229.87,232.29,227.55,228.79,1993307
2024-04-19,229.49,232.11,228.89,230.24,2112314
2024-04-22,231.73,233.04,229.56,231.23,1872903
2024-04-23,231.23,234.21,230.22,233.56,2189892
2024-04-24,232.20,232.37,228.83,230.29,1485099
2024-04-25,227.77,230.65,224.68,229.96,1996750
2024-04-26,229.97,233.24,229.72,229.87,2001196
2024-04-29,230.01,231.85,229.84,230.94,1540518
2024-04-30,230.00,231.28,227.69,227.99,2435401
2024-05-01,227.37,230.99,225.47,227.52,1713954
2024-05-02,230.13,230.23,226.38,229.58,1672867
2024-05-03,233.60,238.15,231.98,232.13,1834728
2024-05-06,234.83,234.95,231.19,231.70,1714000
2024-05-07,232.46,234.83,231.22,231.46,1912475
2024-05-08,229.58,233.00,229.00,232.07,1689183
2024-05-09,232.08,236.96,232.08,236.13,1652674
2024-05-10,235.77,237.34,234.43,235.03,1336848
2024-05-13,236.30,236.88,231.69,232.98,1983692
2024-05-14,232.86,235.15,229.86,231.58,2763197
2024-05-15,235.08,237.32,234.83,236.08,2103795
2024-05-16,234.36,234.98,231.72,232.26,1847420
2024-05-17,232.67,233.05,230.15,231.11,1968856
2024-05-20,230.21,231.08,228.24,229.17,2684427
2024-05-21,231.80,231.80,221.41,224.86,5397725
2024-05-22,224.16,225.43,220.21,221.13,2769766
2024-05-23,221.76,221.85,216.82,217.48,2636560
2024-05-24,217.74,218.27,214.75,215.21,2632395
2024-05-28,214.78,216.80,213.97,215.37,3072477
2024-05-29,213.63,214.62,212.78,214.27,2359893
2024-05-30,215.31,216.75,213.43,215.46,2778340
2024-05-31,216.50,221.42,216.03,221.29,4598591
2024-06-03,219.69,221.02,216.00,216.73,2480480
2024-06-04,215.30,218.33,215.11,216.53,2291245
2024-06-05,216.79,219.65,215.76,219.47,1727902
2024-06-06,219.23,220.19,217.99,218.45,2033971
2024-06-07,216.29,218.23,214.75,216.67,1602454
2024-06-10,216.45,218.39,216.10,218.10,1851477
2024-06-11,217.84,218.53,215.01,218.35,1910339
2024-06-12,221.82,226.99,221.82,225.02,3609499
2024-06-13,225.97,227.40,223.38,226.86,2116751
2024-06-14,224.81,225.75,221.42,223.35,1936610
2024-06-17,222.36,227.23,221.61,226.77,1700868
2024-06-18,227.51,229.20,226.95,227.77,2073005
2024-06-20,226.80,228.37,225.10,227.53,2377813
2024-06-21,227.68,230.10,226.55,228.59,3627458
2024-06-24,228.76,230.01,227.75,228.39,3463050
2024-06-25,226.80,227.06,216.97,217.25,3906630
2024-06-26,216.46,219.16,215.87,218.78,2601170
2024-06-27,219.55,220.32,218.08,219.80,2654556
2024-06-28,220.17,221.56,218.37,220.46,12630450
2024-07-01,219.44,220.50,213.48,213.56,2569227
2024-07-02,212.69,214.85,211.80,213.70,2173766
2024-07-03,215.83,217.00,213.05,213.30,1423518
2024-07-05,212.69,214.84,212.53,213.89,1907546
2024-07-08,215.00,218.30,214.79,217.15,2947581
2024-07-09,215.97,217.19,215.21,216.33,2571702
2024-07-10,217.57,220.91,216.89,220.74,2007164
2024-07-11,225.61,229.98,223.54,229.75,3007619
2024-07-12,231.12,238.06,230.34,234.08,3180752
2024-07-15,234.00,235.09,230.63,232.17,2074765
2024-07-16,232.82,241.01,232.10,240.97,2356646
2024-07-17,239.45,245.63,237.74,243.04,3958797
2024-07-18,241.95,246.97,237.91,239.37,2606757
2024-07-19,239.40,241.03,237.85,238.52,2739484
2024-07-22,239.45,241.40,236.57,240.27,2308501
2024-07-23,241.09,241.98,237.52,238.31,2211185
2024-07-24,236.49,239.09,231.45,231.67,2756937
2024-07-25,231.82,238.68,231.04,234.77,2142842
2024-07-26,236.25,242.52,236.07,238.87,1942530
2024-07-29,238.27,240.98,237.33,239.80,2082253
2024-07-30,240.19,242.38,238.30,241.40,1782458
2024-07-31,242.64,248.99,241.24,245.51,3054929
2024-08-01,246.83,248.27,239.02,241.36,2022760
2024-08-02,238.27,240.52,235.20,240.42,2258921
2024-08-05,236.33,240.99,232.74,237.02,3058061
2024-08-06,235.67,244.21,235.67,240.65,2319611
2024-08-07,241.70,243.34,231.10,231.59,3355604
2024-08-08,232.19,236.81,231.00,236.33,2084303
2024-08-09,235.78,237.75,234.30,235.83,1675460
2024-08-12,234.75,234.75,229.38,231.07,2592251
2024-08-13,228.80,236.79,227.63,236.19,2860834
2024-08-14,235.83,239.65,235.79,237.64,2098680
2024-08-15,242.28,242.94,238.26,240.06,3029526
2024-08-16,240.43,242.16,239.14,241.15,1725785
2024-08-19,242.26,243.54,240.15,243.21,2708565
2024-08-20,240.00,245.87,238.65,240.33,3910428
2024-08-21,241.50,242.70,239.85,242.37,2676588
2024-08-22,243.00,243.32,239.69,240.31,1979879
2024-08-23,241.65,251.23,240.84,250.07,2685374
2024-08-26,251.88,253.20,250.12,250.50,2790685
2024-08-27,249.86,249.93,247.62,248.57,1772536
2024-08-28,248.48,250.43,246.92,248.94,1372125
2024-08-29,250.00,250.75,246.38,246.77,1612885
2024-08-30,247.84,249.06,245.40,248.50,2587136
2024-09-03,247.20,249.44,243.62,245.46,2460263
2024-09-04,244.86,245.84,242.10,245.45,2094745
2024-09-05,246.35,246.35,241.59,244.11,2083344
2024-09-06,244.85,247.46,243.14,243.81,1889727
2024-09-09,245.25,245.74,242.34,244.73,1823006
2024-09-10,244.47,248.38,242.61,247.38,2112914
2024-09-11,245.06,247.84,240.00,247.38,1841498
2024-09-12,248.59,252.20,247.52,252.05,2223687
2024-09-13,252.99,257.41,252.61,255.41,2118111
2024-09-16,257.05,258.13,254.22,256.64,1591253
2024-09-17,256.39,259.49,256.00,256.72,1343594
2024-09-18,257.13,261.97,255.55,256.63,1625278
2024-09-19,260.89,262.28,259.55,261.00,2261448
2024-09-20,259.28,261.55,257.95,260.14,4470317
2024-09-23,260.80,262.46,258.28,262.29,2131018
2024-09-24,265.33,268.09,263.44,266.04,3414069
2024-09-25,266.15,266.60,263.92,264.97,1815547
2024-09-26,266.14,266.73,259.29,265.61,2254578
2024-09-27,267.75,268.71,265.74,267.14,1852410
2024-09-30,268.43,271.27,267.07,270.85,2033056
2024-10-01,270.01,274.16,268.22,272.64,2552393
2024-10-02,271.78,272.90,270.75,271.86,2244216
2024-10-03,271.48,272.30,268.62,270.21,1634627
2024-10-04,270.00,270.46,263.16,267.76,2245752
2024-10-07,265.15,269.91,263.59,268.54,2302061
2024-10-08,270.48,274.26,269.81,273.27,1947866
2024-10-09,278.10,278.10,273.28,277.18,2431030
2024-10-10,272.82,275.05,270.99,273.21,1714497
2024-10-11,274.01,276.73,274.01,275.76,1303706
2024-10-14,275.69,281.40,275.51,280.73,1760290
2024-10-15,281.92,287.01,281.37,281.83,2369110
2024-10-16,281.09,284.40,280.81,284.05,1754965
2024-10-17,284.00,285.24,281.01,281.31,1574212
2024-10-18,281.80,282.38,279.09,281.64,2031301
2024-10-21,280.58,282.70,275.67,276.84,2438280
2024-10-22,272.02,273.42,268.17,272.22,3102498
2024-10-23,270.66,272.61,269.24,270.11,2109433
2024-10-24,270.70,272.38,269.79,271.36,2025982
2024-10-25,270.47,271.18,266.26,267.64,1788117
2024-10-28,270.20,271.19,267.60,267.97,2140445
2024-10-29,263.20,265.06,260.52,262.97,2311324
2024-10-30,262.53,265.44,260.21,261.39,2356532
2024-10-31,261.40,263.54,260.96,261.83,2950658
2024-11-01,265.55,266.77,261.57,261.94,2262390
2024-11-04,262.41,267.57,262.38,264.98,1741746
2024-11-05,264.06,269.27,264.06,269.18,1562891
2024-11-06,266.15,266.15,257.25,261.73,4439548
2024-11-07,262.79,267.14,262.50,266.30,1972519
2024-11-08,268.98,271.90,267.91,271.10,2102467
2024-11-11,273.54,276.30,272.29,274.51,2252308
2024-11-12,275.75,276.77,269.44,269.90,2634640
2024-11-13,272.72,274.30,270.82,272.32,1820019
2024-11-14,272.66,273.39,269.81,270.35,2324168
2024-11-15,269.90,271.95,268.46,269.40,2264979
2024-11-18,268.43,273.62,267.33,271.77,2603906
2024-11-19,263.09,264.99,258.46,259.26,4214007
2024-11-20,259.30,263.66,258.95,263.03,2864500
2024-11-21,264.06,265.69,262.26,265.22,1844990
2024-11-22,266.11,266.91,262.92,264.68,2411086
2024-11-25,268.94,275.62,268.49,275.32,3691744
2024-11-26,274.63,274.78,270.97,274.47,2422271
2024-11-27,275.15,276.39,272.56,273.19,2263842
2024-11-29,272.71,274.17,271.93,272.43,1526387
2024-12-02,273.44,273.80,269.45,272.05,2202719
2024-12-03,272.92,275.43,269.94,274.39,2459327
2024-12-04,272.42,274.12,270.26,272.27,2081231
2024-12-05,271.63,272.83,269.54,270.07,1959856
2024-12-06,271.89,276.93,271.12,273.43,1746084
2024-12-09,274.00,280.64,272.71,274.15,2647022
2024-12-10,272.48,272.93,268.59,270.11,2214706
2024-12-11,271.36,273.35,267.24,267.90,3297336
2024-12-12,268.32,268.39,263.05,263.50,2391562
2024-12-13,263.13,264.75,262.07,262.39,1999384
2024-12-16,262.77,264.01,259.95,260.10,1964717
2024-12-17,258.44,259.97,256.32,257.75,2402264
2024-12-18,257.41,259.64,249.64,249.81,3084382
2024-12-19,249.00,250.63,244.14,244.52,4159534
2024-12-20,244.53,249.21,244.00,247.72,5693222
2024-12-23,246.25,247.92,245.23,247.37,2079337
2024-12-24,247.98,250.22,247.19,250.22,992143
2024-12-26,248.24,250.14,247.82,249.43,1435255
2024-12-27,248.35,250.08,247.29,248.34,1581279
2024-12-30,247.90,247.93,244.53,246.73,1622871
2024-12-31,247.25,248.20,245.79,246.80,1397897
2025-01-02,248.27,249.87,245.24,246.98,2740993
2025-01-03,248.12,248.77,245.92,248.48,1889257
2025-01-06,248.74,252.70,247.29,249.74,2573514
2025-01-07,250.13,251.66,246.13,246.57,1803534
2025-01-08,245.44,247.24,242.96,246.89,2364932
2025-01-10,247.00,250.00,244.50,247.90,2537988
2025-01-13,248.08,251.16,246.74,248.66,2689830
2025-01-14,250.01,252.37,249.28,251.19,2055084
2025-01-15,257.83,259.75,256.05,256.72,2880607
2025-01-16,256.80,259.53,255.91,258.78,1882336
2025-01-17,259.96,262.02,258.39,261.06,2758748
2025-01-21,263.00,266.84,262.69,264.35,2804420
2025-01-22,262.55,262.55,257.74,258.00,2074468
2025-01-23,257.80,261.50,257.80,261.32,2614254
2025-01-24,260.90,262.98,259.38,262.20,2021679
2025-01-27,263.13,269.19,263.00,268.42,2179059
2025-01-28,266.25,266.95,263.61,264.41,1459359
2025-01-29,265.19,266.60,261.41,261.73,2092380
2025-01-30,263.65,266.56,262.45,264.00,1630364
2025-01-31,262.28,264.18,259.61,260.04,1735528
2025-02-03,256.04,258.68,252.38,256.50,1862407
2025-02-04,255.95,258.23,255.12,257.23,1976333
2025-02-05,258.91,259.44,254.87,258.47,1693310
2025-02-06,260.11,260.61,255.71,256.95,2397540
2025-02-07,256.82,257.35,251.35,251.94,2163802
2025-02-10,255.32,256.86,252.56,256.44,1980690
2025-02-11,256.00,257.93,255.60,257.03,1549889
2025-02-12,250.75,251.00,246.51,250.26,2634154
2025-02-13,251.63,253.31,250.14,252.66,1832103
2025-02-14,254.50,256.42,251.25,251.79,1805890
2025-02-18,250.47,251.36,248.39,250.71,1989472
2025-02-19,247.25,248.88,245.12,246.68,2513461
2025-02-20,246.18,246.68,244.11,246.42,2025714
2025-02-21,247.38,247.74,238.75,239.17,3164990
2025-02-24,238.84,239.46,235.93,237.08,4871363
2025-02-25,238.00,244.44,238.00,242.39,4380914
2025-02-26,251.93,252.95,241.07,247.07,4664256
2025-02-27,247.08,248.45,244.93,245.50,2702063
2025-02-28,248.17,249.71,244.30,248.64,3011114
2025-03-03,248.68,249.68,243.80,246.16,2741104
2025-03-04,244.60,244.67,239.08,239.85,2791892
2025-03-05,238.00,243.00,237.80,242.96,3176013
2025-03-06,241.82,245.31,240.04,243.50,2596562
2025-03-07,242.06,243.05,238.35,242.66,2570621
2025-03-10,242.50,246.62,241.07,242.38,2497539
2025-03-11,241.82,242.03,231.59,232.67,3294820
2025-03-12,233.01,234.75,226.40,228.33,2825523
2025-03-13,227.73,228.35,220.17,222.66,3193636
2025-03-14,224.34,224.76,221.02,224.44,2672429
2025-03-17,225.00,226.63,223.40,225.85,2821389
2025-03-18,224.87,225.58,222.57,222.95,1811857
2025-03-19,223.80,225.89,222.42,225.51,1944280
2025-03-20,225.54,229.56,224.01,226.26,1924206
2025-03-21,224.34,227.19,221.00,227.07,6353432
2025-03-24,228.38,233.13,228.38,232.89,2485260
2025-03-25,232.31,233.15,228.07,230.69,2476805
2025-03-26,230.80,233.57,230.66,232.05,1790641
2025-03-27,232.74,233.88,230.86,232.17,2425105
2025-03-28,232.49,232.62,227.44,228.42,2118307
2025-03-31,226.74,234.98,226.74,233.23,3465666
2025-04-01,232.40,234.51,230.48,234.01,2212787
2025-04-02,232.14,236.11,232.14,235.28,2534399
2025-04-03,222.78,226.17,220.61,222.52,4475436
2025-04-04,220.65,229.83,219.04,223.29,4830075
2025-04-07,218.05,225.65,211.69,216.94,4478135
2025-04-08,220.02,223.88,207.58,211.69,3294379
2025-04-09,208.79,224.31,206.38,223.20,4106221
2025-04-10,220.96,223.40,213.36,221.20,3482549
2025-04-11,219.35,221.17,213.83,220.35,2903959
2025-04-14,222.92,225.60,220.50,224.14,2766285
2025-04-15,224.00,225.03,218.80,220.51,2805296
2025-04-16,219.35,221.35,213.30,214.41,1916389
2025-04-17,217.02,220.69,215.78,219.00,2166915
2025-04-21,217.67,218.17,210.41,212.77,2769651
2025-04-22,214.79,220.55,214.56,219.07,2223981
2025-04-23,222.12,225.66,217.15,217.76,2382524
2025-04-24,217.76,222.94,216.29,222.05,2243202
2025-04-25,222.21,222.34,218.76,220.91,1493759
2025-04-28,220.50,223.54,219.30,221.15,2046830
2025-04-29,219.31,223.88,219.31,223.27,1604037
2025-04-30,221.93,224.00,218.19,223.56,3455615
2025-05-01,223.49,225.54,221.19,222.32,2067991
2025-05-02,224.52,227.73,223.94,227.19,2318855
2025-05-05,226.01,227.11,224.09,225.19,1878347
2025-05-06,223.15,224.68,221.96,223.01,2175713
2025-05-07,222.95,225.06,221.69,223.51,2924153
2025-05-08,224.56,226.63,222.44,224.48,2405726
2025-05-09,223.68,225.18,221.38,222.26,2054235
2025-05-12,231.00,233.76,230.27,232.78,3496589
2025-05-13,235.14,235.35,229.58,230.77,2963449
2025-05-14,229.50,231.17,228.04,228.51,2291184
2025-05-15,227.19,232.65,226.97,232.45,2489195
2025-05-16,232.60,234.29,231.90,234.23,1818413
2025-05-19,230.36,236.00,229.96,234.43,3386956
2025-05-20,237.00,237.54,230.15,231.25,3459469
2025-05-21,232.70,233.14,225.18,227.37,4541950
2025-05-22,226.08,227.45,222.97,223.75,3116840
2025-05-23,220.91,222.97,220.26,221.07,2958799
2025-05-27,223.30,225.82,222.00,225.81,3418212
2025-05-28,225.00,226.76,224.36,224.52,2214549
2025-05-29,225.54,226.00,221.66,224.93,2739534
2025-05-30,223.91,226.27,222.41,225.73,4127344
2025-06-02,224.09,225.89,221.33,225.52,3890535
2025-06-03,225.90,229.32,225.23,228.80,2456189
2025-06-04,228.66,230.10,227.85,228.39,2301525
2025-06-05,228.92,229.81,227.04,227.59,1985188
2025-06-06,228.81,229.12,224.77,225.27,2217181
2025-06-09,225.69,225.69,223.12,223.61,2523409
2025-06-10,224.05,225.93,222.14,224.89,2174476
2025-06-11,226.64,226.64,220.66,221.60,2377958
2025-06-12,221.60,224.33,219.75,223.50,2486061
2025-06-13,221.25,223.25,216.33,217.27,2426030
2025-06-16,218.36,218.60,214.81,216.08,2392491
2025-06-17,215.05,215.78,211.12,211.92,2518595
2025-06-18,212.56,213.69,210.41,210.83,2528356
2025-06-20,211.66,212.93,210.33,212.75,6148480
2025-06-23,212.79,218.79,211.79,218.57,2639485
2025-06-24,219.00,220.41,217.71,219.98,2210033
2025-06-25,219.50,221.61,218.19,220.70,2082949
2025-06-26,221.25,222.81,220.05,221.23,2254661
2025-06-27,221.42,225.22,221.27,223.63,3256659
2025-06-30,224.07,224.84,219.65,221.87,2735369
2025-07-01,219.52,232.17,219.14,228.64,3974824
2025-07-02,229.13,229.39,225.56,226.94,2174540
2025-07-03,226.98,228.53,224.04,228.31,1777904
2025-07-07,227.74,228.27,222.65,224.99,2740527
2025-07-08,224.05,226.83,223.40,223.67,2672036
2025-07-09,224.20,225.66,222.11,225.57,2339394
2025-07-10,224.76,230.36,224.50,227.91,2417270
2025-07-11,225.58,226.71,223.44,224.13,1840323
2025-07-14,223.27,224.18,219.80,222.40,2767371
2025-07-15,223.01,223.06,214.91,215.01,2947168
2025-07-16,215.50,216.65,212.56,216.60,3604675
2025-07-17,216.35,219.03,215.85,218.58,2474059
2025-07-18,219.31,219.85,217.56,219.16,2399245
2025-07-21,220.03,222.74,219.62,220.91,2904702
2025-07-22,222.65,227.24,221.50,226.83,2880001
2025-07-23,226.68,228.99,225.77,228.61,2337300
2025-07-24,228.06,229.48,225.51,225.56,2083634
2025-07-25,226.50,227.33,225.09,226.80,2053537
2025-07-28,226.75,231.85,225.50,229.99,3302385
2025-07-29,230.33,230.84,228.15,230.04,1853163
2025-07-30,230.25,231.13,225.52,227.43,2047634
2025-07-31,225.90,228.32,222.98,223.57,2778602
2025-08-01,223.51,228.15,221.75,226.40,3400947
2025-08-04,226.41,234.55,226.28,233.81,3871305
2025-08-05,234.38,238.29,234.12,237.46,3107407
2025-08-06,237.56,239.71,236.57,238.29,2448844
2025-08-07,240.00,241.26,236.61,238.56,1948334
2025-08-08,239.10,242.14,238.30,241.15,2746407
2025-08-11,241.55,243.17,237.81,239.85,2689705
2025-08-12,241.94,245.36,240.94,244.87,2973350
2025-08-13,247.50,258.50,246.73,256.33,6030329
2025-08-14,252.01,253.78,251.57,253.05,3635195
2025-08-15,254.17,254.17,249.43,252.06,3026801
2025-08-18,251.70,253.00,250.47,250.89,2977124
2025-08-19,254.76,258.38,254.76,256.36,4702560
2025-08-20,265.39,267.52,256.45,257.14,5226000
2025-08-21,256.08,258.67,254.32,255.65,2697253
2025-08-22,257.35,265.50,254.64,263.73,3796690
2025-08-25,262.06,262.64,258.75,258.87,2336749
2025-08-26,258.47,258.76,256.14,258.33,2865352
2025-08-27,258.84,260.63,258.07,258.67,2149071
2025-08-28,259.20,259.44,255.69,257.54,1779192
2025-08-29,257.77,258.81,255.96,258.06,2177733
2025-09-02,256.45,259.01,255.61,258.74,1783660
2025-09-03,257.45,261.39,257.00,260.68,2002463
2025-09-04,263.04,264.71,261.47,264.57,2258933
2025-09-05,267.37,270.68,265.23,269.97,4488357
2025-09-08,269.21,273.22,268.68,273.02,4465199
2025-09-09,272.28,272.28,267.60,269.03,3120808
2025-09-10,268.41,269.00,265.08,266.55,1918258
2025-09-11,267.84,273.41,267.21,272.40,2253586
2025-09-12,270.06,272.60,269.53,271.83,2906277
2025-09-15,271.48,272.65,269.10,272.09,2648353
2025-09-16,272.93,273.27,269.41,270.52,1940749
2025-09-17,272.60,274.98,266.86,267.95,2854562
2025-09-18,269.07,270.57,267.49,267.57,2301723
2025-09-19,267.53,267.63,265.11,265.20,4079150
2025-09-22,265.00,265.41,260.36,260.39,3435420
2025-09-23,259.56,260.78,257.25,259.81,2972901
2025-09-24,258.29,259.51,256.34,257.33,3156029
2025-09-25,254.92,257.43,254.17,255.53,2877910
2025-09-26,255.61,257.69,254.20,257.12,1923595
2025-09-29,257.13,257.33,250.73,253.32,3282140
2025-09-30,252.81,253.60,249.63,251.31,3114495
2025-10-01,251.11,251.26,246.46,247.99,3106631
2025-10-02,246.63,249.00,246.35,247.33,1952309
2025-10-03,246.56,247.73,245.53,246.35,2023559
2025-10-06,246.12,246.49,240.53,241.67,3307704
2025-10-07,241.11,241.34,237.94,239.89,2597807
2025-10-08,239.41,239.41,237.24,237.59,1995689
2025-10-09,237.60,237.96,234.48,234.67,2285086
2025-10-10,235.35,236.13,231.61,232.22,2158590
2025-10-13,233.00,235.98,232.64,234.48,3072070
2025-10-14,233.92,241.74,233.23,240.75,3130340
2025-10-15,241.51,246.07,240.52,241.53,2569572
2025-10-16,242.34,243.20,240.44,243.10,2258714
2025-10-17,243.21,245.22,243.21,244.70,2549749
2025-10-20,244.98,246.10,242.26,242.27,2110566
2025-10-21,241.88,247.00,241.00,245.27,2056175
2025-10-22,244.28,246.14,242.52,243.53,2508352
2025-10-23,242.11,244.78,239.99,243.87,2234799
2025-10-24,245.34,246.03,242.71,242.71,1804093
2025-10-27,243.45,244.47,241.74,243.65,1939596
2025-10-28,242.26,246.62,242.09,244.07,1613082
2025-10-29,242.50,243.57,236.87,238.49,3121386
2025-10-30,238.07,243.32,237.01,239.82,2077030
2025-10-31,238.08,239.34,236.45,238.13,2404946
2025-11-03,236.41,237.31,232.98,235.64,2333965
2025-11-04,235.52,238.01,233.47,237.76,2632642
2025-11-05,236.55,238.13,231.62,234.35,2749755
2025-11-06,233.08,234.97,231.12,231.35,3272655
2025-11-07,231.84,234.18,231.12,233.16,3054223
2025-11-10,232.61,234.11,229.18,233.03,2588023
2025-11-11,233.75,236.86,233.68,235.34,1968302
2025-11-12,234.39,236.71,232.88,234.70,2587556
2025-11-13,234.45,236.65,230.91,231.47,3108986
2025-11-14,230.27,232.14,226.97,227.85,2692002
2025-11-17,227.20,228.77,224.96,225.00,4411473
2025-11-18,219.05,223.72,218.80,219.57,6260404
2025-11-19,230.01,232.97,224.26,228.41,7728854
2025-11-20,228.08,230.45,225.78,228.43,4769495
2025-11-21,230.54,236.56,228.96,234.29,6089987
2025-11-24,234.00,234.46,228.73,228.76,4212622
2025-11-25,230.72,238.91,230.29,238.10,3330346
2025-11-26,237.50,243.05,236.65,241.61,2303332
2025-11-28,241.59,243.03,240.80,242.48,1289922
2025-12-01,242.00,249.44,241.26,246.39,4083176
2025-12-02,246.31,247.22,242.60,243.17,3886111
2025-12-03,243.18,247.99,243.18,246.94,3275647
2025-12-04,246.60,248.16,245.00,246.17,4092878
2025-12-05,246.15,248.68,245.66,248.47,2642080
2025-12-08,247.11,248.09,244.82,244.82,3935356
2025-12-09,243.81,245.98,240.89,242.67,2865544
2025-12-10,242.81,248.44,242.38,246.20,4778877
2025-12-11,248.63,251.89,247.51,248.08,2832185
2025-12-12,249.15,250.73,245.93,247.29,2046922
2025-12-15,247.74,249.44,243.86,248.78,3108604
2025-12-16,250.21,250.97,246.04,246.47,2692238
2025-12-17,246.00,249.61,245.08,247.96,2030706
2025-12-18,250.76,254.04,247.46,247.71,2553447
2025-12-19,247.04,247.13,240.33,240.44,5458224
2025-12-22,240.58,242.75,239.63,242.07,1776590
2025-12-23,241.50,242.21,239.54,242.15,1863854
2025-12-24,241.75,243.98,241.34,243.00,787860
2025-12-26,242.73,244.71,242.30,244.49,1179670
2025-12-29,245.11,245.36,242.63,243.83,1597154
2025-12-30,242.64,243.64,241.04,243.18,1371370
2025-12-31,242.41,243.39,241.03,241.16,1615256
2026-01-02,241.50,247.22,239.97,246.89,2595209
2026-01-05,245.08,247.83,243.95,244.75,2835846
2026-01-06,241.49,248.30,240.02,246.49,2573598
2026-01-07,251.88,256.80,247.10,247.12,2423334
2026-01-08,245.12,257.82,243.91,256.21,3163372
2026-01-09,259.95,268.05,259.13,267.21,4092150
2026-01-12,266.49,271.53,263.61,270.89,3269848
2026-01-13,273.14,274.74,270.35,274.25,2946729
2026-01-14,272.20,278.10,272.20,274.95,3207683
2026-01-15,275.14,278.21,273.44,277.01,2620735
2026-01-16,276.32,278.44,274.07,277.55,2916044
2026-01-20,272.20,275.24,267.77,268.40,3956162
2026-01-21,267.44,278.33,267.01,277.11,4022055
2026-01-22,277.37,281.36,274.88,274.95,2883572
2026-01-23,275.00,277.29,273.98,276.73,2204185
2026-01-26,278.83,279.50,275.62,277.91,2021973
2026-01-27,277.01,277.01,272.32,273.94,2493257
2026-01-28,273.72,274.00,268.06,269.42,2952407
2026-01-29,268.71,270.98,265.71,266.64,3264816
2026-01-30,266.06,267.56,262.67,267.06,3199361
2026-02-02,266.66,270.33,262.69,269.06,2763532
2026-02-03,267.94,280.50,267.61,274.85,3450220
2026-02-04,276.32,280.17,273.29,275.85,2774043
2026-02-05,275.64,277.08,272.24,274.89,2683482
2026-02-06,276.58,279.67,275.02,278.38,2211839
2026-02-09,278.33,279.00,274.45,276.89,2471135
2026-02-10,279.00,285.73,277.38,284.67,2820186
2026-02-11,282.39,287.34,280.78,287.04,2945350
2026-02-12,289.39,293.06,285.07,285.53,3659837
2026-02-13,285.42,289.87,282.15,287.39,2241885
2026-02-17,287.02,289.86,278.25,281.16,2304987
2026-02-18,280.42,283.87,278.00,282.13,2018694
2026-02-19,281.44,282.11,276.73,278.18,1997055
2026-02-20,277.67,283.81,276.87,280.36,2810019
2026-02-23,280.76,281.98,272.34,274.36,3058332
2026-02-24,278.11,281.17,277.09,278.59,3284689
2026-02-25,266.25,274.19,262.56,263.02,5565667
2026-02-26,263.34,266.15,261.94,264.39,3428368
2026-02-27,261.69,265.50,260.10,264.57,3252503
2026-03-02,260.00,261.45,256.19,257.17,3024046
2026-03-03,253.48,258.98,251.30,257.70,2758431
2026-03-04,258.01,258.91,255.49,258.62,2175270
2026-03-05,256.40,257.02,252.63,254.71,2273956
2026-03-06,250.56,252.98,248.11,251.89,3127034
2026-03-09,250.12,251.45,243.59,250.22,2896485
2026-03-10,248.92,254.61,247.32,251.11,2091996
2026-03-11,250.07,251.36,246.26,246.88,1896591
2026-03-12,244.24,245.87,238.82,239.45,3009054
2026-03-13,240.85,241.82,236.99,237.59,2754950
2026-03-16,240.71,243.95,239.38,242.11,2315371
2026-03-17,242.44,244.00,239.52,239.71,1969320
2026-03-18,237.08,238.78,230.35,231.09,2742753
2026-03-19,230.46,230.77,226.16,229.71,4129184
2026-03-20,229.24,229.86,224.15,224.63,3643980
2026-03-23,231.56,236.75,230.16,234.25,3830601
2026-03-24,230.36,235.17,228.45,234.43,2133358
2026-03-25,237.34,238.79,233.38,236.18,2322846
2026-03-26,234.17,238.53,233.87,236.03,2113704
2026-03-27,235.29,235.88,229.29,230.31,2999793
2026-03-30,232.74,234.22,231.12,232.58,2905515
2026-03-31,236.57,238.78,232.44,236.28,2636443
2026-04-01,236.76,238.46,235.06,235.98,2378478
2026-04-02,231.13,235.51,228.00,231.03,2760193
2026-04-06,229.80,235.76,228.88,235.20,1949863
2026-04-07,232.79,233.84,229.32,231.61,2522362
2026-04-08,244.36,247.00,242.61,243.66,2539946
2026-04-09,241.00,248.99,238.18,247.81,2283335
2026-04-10,248.46,249.25,243.64,244.22,1840301
2026-04-13,243.84,247.28,241.23,247.08,2484525
2026-04-14,246.88,248.68,244.56,248.44,1959902
2026-04-15,247.80,248.44,242.87,243.99,1757539
2026-04-16,243.83,245.80,241.76,242.42,2374295
2026-04-17,246.29,255.52,246.29,251.72,3773573
2026-04-20,250.80,254.65,248.01,253.29,3852227
2026-04-21,254.17,257.10,250.67,251.19,2493573
2026-04-22,252.02,252.02,243.76,245.19,2256136
2026-04-23,244.86,247.62,244.02,246.54,1775823
2026-04-24,245.13,247.27,243.13,244.45,2098409
2026-04-27,243.35,246.88,242.10,242.55,2854459
2026-04-28,244.05,245.50,238.99,240.32,1700950
2026-04-29,237.88,238.43,231.27,233.50,3205436
2026-04-30,234.48,239.27,233.90,238.79,2959163
2026-05-01,238.35,239.16,233.07,233.33,1879729
2026-05-04,231.63,232.49,223.60,223.72,3578482
2026-05-05,224.50,227.87,223.00,225.23,2745049
2026-05-06,230.50,234.03,228.94,233.37,3095517
2026-05-07,233.22,235.59,230.51,230.88,2175198
2026-05-08,232.96,232.96,228.15,229.20,1746408
2026-05-11,228.00,229.00,224.50,226.06,1948558
2026-05-12,228.96,229.10,224.13,224.52,3269874
2026-05-13,223.00,223.18,218.09,220.45,3080212
2026-05-14,222.78,224.22,221.23,223.61,2142592
2026-05-15,222.31,222.52,218.22,218.42,3019336
2026-05-18,218.42,222.65,217.33,218.02,3714145
2026-05-19,216.01,220.05,213.50,218.37,3343884
2026-05-20,213.98,221.54,208.00,221.05,6111577
2026-05-21,217.75,219.44,214.57,217.41,3267041
2026-05-22,217.22,217.22,213.57,215.03,2801668
2026-05-26,215.98,217.31,211.05,212.08,3715496
2026-05-27,215.07,220.34,214.63,216.84,3052519
2026-05-28,217.00,218.51,214.50,217.92,2127544
2026-05-29,217.03,219.07,214.15,214.36,3624017
2026-06-01,213.00,213.95,207.55,207.70,3295678
2026-06-02,208.06,208.50,204.51,206.64,2959860
2026-06-03,203.57,207.85,203.40,207.65,3873467
2026-06-04,212.23,213.13,206.89,207.53,3173690
2026-06-05,208.00,211.86,207.44,210.74,2424006
2026-06-08,208.77,212.40,207.91,207.97,2343322
2026-06-09,209.26,217.40,208.69,217.37,3779781
2026-06-10,217.89,218.50,214.78,216.19,2656206
2026-06-11,216.51,221.65,215.70,221.05,2705714
2026-06-12,222.77,223.56,219.28,220.78,2434402
2026-06-15,225.00,226.20,219.99,220.19,2861155
2026-06-16,221.90,225.46,221.56,224.02,2156769
2026-06-17,222.97,227.32,216.46,217.27,3889157
2026-06-18,219.49,224.81,219.49,222.20,6813321
2026-06-22,217.50,219.08,213.90,214.40,3169208
2026-06-23,213.85,216.50,212.14,213.54,2766580
2026-06-24,215.78,222.90,215.34,221.45,3183152
2026-06-25,221.57,226.33,220.11,221.93,3063845
2026-06-26,222.54,224.26,220.98,222.48,3337870
2026-06-29,221.22,221.79,219.05,219.65,2373007
2026-06-30,219.69,221.00,216.60,220.49,3015865
2026-07-01,222.76,226.49,220.70,221.92,2864707
2026-07-02,223.51,227.50,221.18,227.50,2333306
2026-07-06,228.00,228.81,218.56,223.78,2479714
2026-07-07,226.58,226.59,219.35,220.90,2074518
2026-07-08,217.08,217.08,212.34,212.85,2994734
2026-07-09,213.32,215.17,212.08,213.00,1704399
2026-07-10,213.12,214.82,211.41,211.63,2166063
2026-07-13,212.99,213.66,206.76,207.70,4265141
2026-07-14,209.31,210.80,207.55,207.68,3032661
2026-07-15,207.77,212.16,207.54,209.66,2993451
2026-07-16,209.60,216.23,209.60,216.16,4230869
2026-07-17,217.95,220.49,208.42,208.73,3475863
2026-07-20,209.56,210.00,203.62,204.71,3266010
2026-07-21,203.92,204.99,201.88,203.51,3390014
2026-07-22,203.50,205.07,202.21,204.35,3248136
2026-07-23,201.75,203.00,199.40,201.92,4132516
2026-07-24,202.60,207.83,201.96,207.64,3427919
2026-07-27,211.30,213.14,209.31,211.55,2981997
2026-07-28,216.16,220.15,215.72,218.24,3970002
2026-07-29,215.95,220.28,213.74,215.68,2420404
2026-07-30,214.35,214.88,208.53,210.08,2756036
2026-07-31,207.75,210.09,206.02,207.81,3976950
2026-08-03,212.00,214.90,207.66,212.06,2271080
2026-08-04,211.75,218.79,211.03,218.08,2852947
2026-08-05,218.04,220.12,217.08,219.94,2360231
2026-08-06,220.00,220.06,216.26,218.40,2137984
2026-08-07,218.82,223.58,218.31,223.35,2360392
2026-08-10,220.25,221.23,217.00,218.88,2116894
2026-08-11,219.00,223.91,218.94,221.25,2138728
2026-08-12,219.55,220.91,214.19,215.97,2136930
2026-08-13,218.29,218.66,215.36,218.22,2755030
2026-08-14,218.52,218.70,215.84,218.47,1737283
2026-08-17,215.75,216.34,213.56,215.81,2955790
2026-08-18,219.26,220.50,214.62,215.64,3127996
2026-08-19,217.00,225.79,212.38,220.00,4957529
2026-08-20,215.96,220.31,212.38,217.34,5891892
2026-08-21,218.72,218.72,215.13,216.09,2928841
2026-08-24,217.32,219.82,215.45,216.98,2552867
2026-08-25,216.99,217.62,213.27,214.60,1990534
2026-08-26,215.09,215.39,210.21,210.36,3778605
2026-08-27,208.53,208.94,205.78,206.74,3084610
2026-08-28,207.99,208.70,205.70,208.05,2791791
2026-08-31,206.00,207.13,204.60,204.70,4341035
2026-09-01,203.75,204.39,199.39,200.05,3507532
2026-09-02,201.00,202.18,199.34,199.84,2789920
2026-09-03,201.00,203.37,199.35,201.90,3397146
2026-09-04,201.03,205.48,200.51,204.45,2436937
2026-09-08,204.00,204.75,200.72,200.80,2869278
2026-09-09,200.00,201.14,197.14,198.60,2445208
2026-09-10,198.10,198.10,195.06,196.59,2488243
2026-09-11,199.00,199.85,196.71,196.82,3293411
2026-09-14,196.17,199.78,195.99,198.17,2368380
2026-09-15,197.73,197.76,194.09,194.61,4093663
