date,open,high,low,close,volume
2016-09-15,68.51,69.50,68.13,69.29,3281501
2016-09-16,69.07,69.12,68.12,68.69,3271078
2016-09-19,68.99,69.38,67.95,68.34,1795108
2016-09-20,68.91,70.99,68.66,69.94,11410300
2016-09-21,69.80,70.34,69.24,70.14,15921370
2016-09-22,70.54,70.73,69.51,69.75,17560830
2016-09-23,69.36,69.44,68.09,68.44,11920830
2016-09-26,69.20,69.23,67.01,67.15,5063831
2016-09-27,67.20,67.92,66.95,67.05,4869140
2016-09-28,67.04,67.44,66.70,67.38,4599161
2016-09-29,67.21,68.09,66.98,67.10,3181846
2016-09-30,67.40,67.74,66.95,67.33,6088172
2016-10-03,67.34,67.78,67.29,67.45,2599447
2016-10-04,67.33,67.44,66.88,67.11,2749174
2016-10-05,67.21,67.69,67.12,67.47,2556204
2016-10-06,67.35,67.64,66.84,67.51,2265338
2016-10-07,67.49,67.85,66.74,67.14,2874490
2016-10-10,67.55,68.06,67.37,67.39,1979212
2016-10-11,67.12,67.46,66.16,66.61,6713507
2016-10-12,66.60,67.07,66.43,66.91,2103712
2016-10-13,66.34,67.34,66.06,67.27,3456854
2016-10-14,67.43,67.87,67.01,67.45,2654825
2016-10-17,67.35,67.76,66.84,66.92,1631804
2016-10-18,67.72,68.07,67.23,67.83,2935795
2016-10-19,67.95,68.25,67.74,67.96,1631723
2016-10-20,67.75,67.85,66.79,67.40,2068366
2016-10-21,67.06,67.51,66.59,67.14,1855365
2016-10-24,67.75,68.47,67.36,67.38,2610331
2016-10-25,67.36,67.51,67.00,67.21,2038199
2016-10-26,66.48,66.99,65.91,66.69,3793728
2016-10-27,66.70,66.96,66.21,66.92,2306969
2016-10-28,66.98,67.88,66.69,67.44,1992970
2016-10-31,67.72,68.96,67.72,68.70,2697757
2016-11-01,68.68,69.00,67.74,68.32,3147206
2016-11-02,68.40,69.27,68.03,68.40,2920156
2016-11-03,68.58,69.40,68.40,69.24,3204001
2016-11-04,68.68,70.60,68.68,69.61,4147463
2016-11-07,70.66,71.18,70.28,71.10,3572384
2016-11-08,70.00,73.64,69.04,73.02,7878980
2016-11-09,71.16,74.28,71.00,74.08,5023477
2016-11-10,74.52,75.09,73.22,73.42,5273770
2016-11-11,73.15,73.86,72.75,73.39,2986783
2016-11-14,73.50,77.81,73.46,77.24,7131580
2016-11-15,77.00,77.85,76.74,77.71,3863390
2016-11-16,77.39,78.18,77.28,77.57,2747565
2016-11-17,77.51,78.03,77.23,77.47,2295150
2016-11-18,77.42,77.64,77.04,77.14,1647256
2016-11-21,77.04,77.82,76.88,77.29,2605628
2016-11-22,77.38,77.98,77.16,77.85,2706277
2016-11-23,77.60,78.12,77.33,78.08,1817793
2016-11-25,78.10,78.90,77.26,78.52,1059567
2016-11-28,77.55,78.52,77.03,78.07,3416917
2016-11-29,78.09,79.58,78.09,79.11,3427958
2016-11-30,79.07,79.39,78.03,78.78,3540334
2016-12-01,78.47,80.29,78.47,79.82,4127057
2016-12-02,79.18,80.27,78.79,79.20,2769256
2016-12-05,80.51,81.25,80.04,81.00,3507972
2016-12-06,81.00,82.10,80.67,82.08,2907256
2016-12-07,82.12,84.27,81.86,83.92,3964602
2016-12-08,84.08,84.59,83.14,83.49,4058650
2016-12-09,83.98,83.98,83.07,83.55,2386288
2016-12-12,83.43,83.98,82.76,83.91,1859735
2016-12-13,84.00,84.96,83.86,84.40,2478915
2016-12-14,84.55,85.05,83.76,83.94,2011410
2016-12-15,84.43,85.35,83.92,84.33,3305181
2016-12-16,84.89,86.15,84.30,86.05,9993690
2016-12-19,85.75,86.00,84.71,84.86,3139050
2016-12-20,85.27,85.77,84.81,85.10,2637568
2016-12-21,85.07,85.45,84.75,84.85,1818333
2016-12-22,84.97,85.00,83.33,83.73,2575113
2016-12-23,83.73,84.17,83.60,84.09,2316857
2016-12-27,84.50,84.69,83.95,84.14,1374249
2016-12-28,84.41,84.50,83.31,83.36,1545135
2016-12-29,83.57,83.74,83.11,83.32,1590762
2016-12-30,83.48,83.61,82.54,82.68,2403317
2017-01-03,83.35,83.85,81.71,82.50,3277090
2017-01-04,82.74,83.39,82.25,82.34,4016215
2017-01-05,82.07,83.07,81.66,81.78,2828241
2017-01-06,81.79,83.02,81.33,82.30,2306201
2017-01-09,82.05,82.70,81.60,82.25,2643139
2017-01-10,82.09,82.42,81.66,81.93,2167964
2017-01-11,82.28,83.42,81.80,82.84,2888140
2017-01-12,82.69,82.76,81.04,81.89,2281638
2017-01-13,81.93,82.65,81.93,82.64,1671459
2017-01-17,82.57,82.90,82.21,82.38,2113634
2017-01-18,82.41,83.09,82.07,83.00,1467270
2017-01-19,83.72,85.29,83.72,84.53,3465030
2017-01-20,84.87,85.76,84.16,84.38,2434777
2017-01-23,84.15,84.53,83.82,84.37,1451988
2017-01-24,84.35,84.97,84.02,84.51,1455829
2017-01-25,84.79,85.70,84.24,85.61,2094728
2017-01-26,85.79,86.24,85.54,85.84,2148260
2017-01-27,85.97,86.32,85.53,86.08,1692432
2017-01-30,85.83,85.83,84.58,85.26,2251919
2017-01-31,85.24,85.24,84.36,84.60,2461976
2017-02-01,84.49,85.21,84.27,84.64,2241738
2017-02-02,84.40,84.81,83.81,84.50,1803807
2017-02-03,84.77,85.52,84.77,85.45,1386684
2017-02-06,85.46,85.73,85.20,85.65,1224274
2017-02-07,85.56,86.33,85.55,85.81,1547704
2017-02-08,85.72,86.48,85.37,86.36,1869493
2017-02-09,86.56,86.97,86.26,86.79,2460783
2017-02-10,86.99,86.99,86.44,86.45,1866744
2017-02-13,86.84,87.42,86.58,87.38,1504163
2017-02-14,87.31,87.91,87.06,87.89,2366781
2017-02-15,87.57,89.46,87.27,89.46,3445845
2017-02-16,89.10,91.07,88.50,89.44,3415881
2017-02-17,89.28,89.66,87.24,89.36,4975117
2017-02-21,88.54,88.88,87.74,87.99,3637118
2017-02-22,87.70,88.03,87.61,87.68,1986798
2017-02-23,87.82,87.99,86.96,87.00,2013454
2017-02-24,87.03,87.59,86.80,87.08,2521731
2017-02-27,86.97,87.65,86.75,87.45,1885190
2017-02-28,87.31,87.75,86.89,86.99,2587163
2017-03-01,87.50,88.93,87.38,88.49,2589460
2017-03-02,88.20,88.22,87.22,87.52,2966746
2017-03-03,87.34,87.69,86.42,86.79,2061637
2017-03-06,86.58,87.03,86.06,86.72,2106975
2017-03-07,86.66,86.84,85.93,86.15,1908010
2017-03-08,85.95,86.71,85.63,86.39,2709185
2017-03-09,86.44,87.11,86.05,86.31,1906347
2017-03-10,86.98,87.02,86.03,86.62,2187416
2017-03-13,86.59,87.08,86.42,87.03,2235408
2017-03-14,86.86,86.86,86.25,86.27,2058875
2017-03-15,86.68,88.09,86.67,87.82,2012080
2017-03-16,87.82,88.50,87.35,88.06,1846418
2017-03-17,88.39,88.49,87.89,88.33,3015136
2017-03-20,88.34,89.23,88.31,88.68,2183480
2017-03-21,90.02,91.57,88.67,89.10,5425136
2017-03-22,89.27,92.26,89.05,92.14,4539340
2017-03-23,92.14,93.69,92.08,93.14,4658219
2017-03-24,93.50,93.86,93.25,93.50,2274870
2017-03-27,92.99,93.53,92.45,93.17,2136667
2017-03-28,93.17,94.99,93.00,94.49,2256913
2017-03-29,94.01,94.70,93.86,94.59,1663239
2017-03-30,94.40,95.42,94.40,94.64,2078584
2017-03-31,94.60,94.97,93.99,94.18,2269717
2017-04-03,94.28,94.53,92.08,92.75,3635609
2017-04-04,92.67,92.99,91.92,92.47,3098026
2017-04-05,92.80,93.22,91.55,91.96,2686517
2017-04-06,91.90,92.15,91.07,91.77,2516244
2017-04-07,91.73,91.73,90.25,91.21,2954694
2017-04-10,91.04,91.72,90.66,91.06,2152901
2017-04-11,91.16,91.59,90.79,91.40,2732254
2017-04-12,91.98,92.00,90.88,91.75,3416564
2017-04-13,91.70,92.12,91.32,91.55,2244914
2017-04-17,91.91,91.97,91.60,91.95,1283991
2017-04-18,91.59,92.25,90.00,92.02,3102398
2017-04-19,92.09,92.42,91.18,91.49,2025780
2017-04-20,91.96,92.98,90.67,92.77,2792850
2017-04-21,92.77,92.95,92.24,92.47,2521379
2017-04-24,93.65,93.90,93.15,93.52,2085005
2017-04-25,93.99,94.77,93.75,94.57,1636917
2017-04-26,94.56,96.82,94.36,96.30,3614491
2017-04-27,96.32,96.43,95.42,95.74,3655294
2017-04-28,95.91,96.02,93.70,94.42,2859866
2017-05-01,94.72,96.06,94.46,95.58,1674741
2017-05-02,95.92,97.17,95.74,97.10,2483008
2017-05-03,97.20,97.31,96.56,96.99,2387155
2017-05-04,97.19,97.38,96.67,96.88,2571053
2017-05-05,97.22,97.22,96.74,97.05,3038497
2017-05-08,97.09,97.55,95.89,96.37,3942421
2017-05-09,101.20,103.22,99.35,102.50,6721578
2017-05-10,102.34,103.43,101.71,103.24,2611129
2017-05-11,103.08,103.62,102.57,102.82,1622566
2017-05-12,102.77,103.10,102.05,102.45,1957921
2017-05-15,102.40,104.34,102.25,104.06,2412633
2017-05-16,104.51,104.52,103.43,103.99,2405459
2017-05-17,103.07,103.10,102.06,102.11,1944119
2017-05-18,102.13,103.71,101.74,102.53,3512885
2017-05-19,102.57,103.25,102.37,102.82,1977317
2017-05-22,102.93,104.33,102.69,104.22,2016297
2017-05-23,104.12,105.53,103.88,105.49,2867518
2017-05-24,105.95,106.10,105.51,105.88,1655628
2017-05-25,106.00,107.45,106.00,106.53,5163088
2017-05-26,106.69,107.50,106.55,106.90,1794734
2017-05-30,106.65,107.24,106.41,106.74,2129136
2017-05-31,107.01,107.68,106.39,107.65,3013912
2017-06-01,108.00,108.99,107.65,108.68,1778313
2017-06-02,108.89,110.51,108.76,110.06,2886223
2017-06-05,110.10,110.35,107.80,108.19,2193231
2017-06-06,107.32,107.51,104.92,104.99,4531547
2017-06-07,105.50,105.61,103.12,105.12,4503604
2017-06-08,104.56,105.17,102.40,105.08,3315891
2017-06-09,104.98,105.46,101.86,102.42,3629512
2017-06-12,101.79,102.49,100.77,102.07,5035449
2017-06-13,102.55,103.89,102.25,103.88,2978367
2017-06-14,104.38,104.91,102.86,103.91,2316116
2017-06-15,103.35,104.82,102.54,104.74,1559970
2017-06-16,104.41,105.31,103.97,104.50,3960268
2017-06-19,105.01,106.31,104.64,105.93,1626186
2017-06-20,105.43,105.88,104.16,104.19,1641503
2017-06-21,104.32,104.75,103.67,104.13,1441375
2017-06-22,104.09,104.40,103.39,103.89,1516790
2017-06-23,103.81,104.45,103.32,104.06,6252434
2017-06-26,104.07,105.15,103.51,103.93,2111930
2017-06-27,103.53,103.56,100.89,101.03,2719033
2017-06-28,101.00,102.51,100.47,101.98,2059229
2017-06-29,102.16,102.34,99.08,100.21,3052762
2017-06-30,101.18,101.22,100.28,100.31,2837436
2017-07-03,100.61,101.00,99.92,100.11,1230937
2017-07-05,100.30,101.56,100.05,101.17,2290927
2017-07-06,100.45,100.75,99.38,99.65,1984415
2017-07-07,99.70,100.74,99.43,100.35,2430767
2017-07-10,100.23,100.89,99.56,100.71,1523908
2017-07-11,100.33,100.95,99.83,100.73,1793714
2017-07-12,101.65,102.05,100.68,100.80,1776851
2017-07-13,101.00,101.24,100.46,100.70,1396410
2017-07-14,100.81,101.37,100.17,100.99,1323909
2017-07-17,100.89,101.95,100.61,101.35,1229825
2017-07-18,100.98,102.31,100.64,102.00,1367371
2017-07-19,101.88,102.61,101.45,102.24,1053973
2017-07-20,102.19,102.93,101.91,102.40,1615304
2017-07-21,102.05,103.06,102.02,102.85,1363918
2017-07-24,103.03,103.12,102.61,102.71,1506067
2017-07-25,103.15,103.32,102.64,103.06,1524211
2017-07-26,103.39,104.84,102.47,103.04,2606163
2017-07-27,103.48,104.41,102.98,104.06,2066365
2017-07-28,103.64,104.61,103.27,103.34,2004587
2017-07-31,103.75,104.97,103.57,104.19,1248366
2017-08-01,104.80,105.55,104.61,105.13,1298178
2017-08-02,104.38,104.74,102.05,103.49,2182321
2017-08-03,103.62,105.19,103.45,103.66,2250279
2017-08-04,104.07,105.05,103.65,105.02,3066572
2017-08-07,107.00,107.63,105.70,106.17,4811436
2017-08-08,100.95,104.76,100.53,103.95,4617821
2017-08-09,103.10,103.20,101.21,101.35,2777792
2017-08-10,100.96,101.00,99.20,99.52,3911240
2017-08-11,99.50,100.16,98.86,99.40,2152638
2017-08-14,100.19,100.45,99.67,100.07,2578235
2017-08-15,100.32,101.04,99.93,100.40,1603427
2017-08-16,100.60,100.85,99.69,100.30,1905949
2017-08-17,100.18,100.18,97.80,97.84,2555976
2017-08-18,97.80,98.74,96.90,98.03,1581465
2017-08-21,98.16,99.20,97.99,99.08,1491580
2017-08-22,99.21,102.41,98.86,102.00,2592716
2017-08-23,101.15,101.70,100.27,100.43,2749752
2017-08-24,100.56,101.03,99.58,99.95,1364972
2017-08-25,100.79,100.97,100.15,100.66,1346355
2017-08-28,100.99,100.99,100.24,100.71,1389157
2017-08-29,99.91,100.54,99.58,100.23,1286208
2017-08-30,100.76,103.75,100.56,103.64,1954360
2017-08-31,103.71,104.35,102.81,103.58,1837114
2017-09-01,104.02,104.25,103.42,103.80,1258055
2017-09-05,103.67,103.82,101.11,102.28,1886720
2017-09-06,102.68,102.86,101.22,101.80,1262245
2017-09-07,102.13,102.24,101.21,101.76,1661419
2017-09-08,101.73,104.44,101.61,103.43,1876132
2017-09-11,103.82,106.20,103.82,104.63,2974882
2017-09-12,104.66,105.48,104.29,105.08,1269203
2017-09-13,105.00,106.92,104.71,106.77,1821571
2017-09-14,106.34,106.96,105.65,106.39,3517535
2017-09-15,105.97,105.97,104.39,105.39,2759698
2017-09-18,105.77,106.48,105.45,105.54,2274159
2017-09-19,105.58,107.43,105.07,107.35,2135309
2017-09-20,107.30,108.24,106.84,107.69,3472112
2017-09-21,107.84,108.50,107.33,107.57,1911798
2017-09-22,107.18,108.07,107.00,107.88,1179138
2017-09-25,107.85,109.97,107.43,108.87,3708992
2017-09-26,109.07,109.65,107.96,108.07,2802990
2017-09-27,108.36,108.96,107.43,108.36,3532231
2017-09-28,108.15,110.06,107.96,110.00,1821401
2017-09-29,109.67,111.32,109.20,110.26,3555261
2017-10-02,110.35,111.46,109.70,110.53,1545494
2017-10-03,110.39,110.84,108.99,109.40,2224872
2017-10-04,109.25,109.54,108.31,108.82,2720428
2017-10-05,109.22,111.50,108.87,111.27,3459129
2017-10-06,111.24,111.77,110.74,111.76,1872486
2017-10-09,111.96,112.79,111.70,112.76,1309980
2017-10-10,112.88,114.11,112.46,114.08,1921419
2017-10-11,113.89,114.41,113.69,114.13,1337790
2017-10-12,114.07,114.87,113.65,114.46,1755546
2017-10-13,115.00,115.31,114.40,115.11,1690312
2017-10-16,115.00,115.40,113.81,114.75,4016200
2017-10-17,114.55,115.08,114.17,115.04,743957
2017-10-18,115.32,116.67,115.05,115.77,2457821
2017-10-19,115.35,115.41,114.54,115.20,1695186
2017-10-20,115.49,115.61,114.40,115.02,2545237
2017-10-23,115.06,115.52,114.71,115.31,1409337
2017-10-24,115.77,117.09,115.44,116.81,1697080
2017-10-25,116.11,117.04,115.57,116.33,2885591
2017-10-26,117.53,119.36,116.40,118.81,2637154
2017-10-27,117.41,119.42,117.27,118.87,2067384
2017-10-30,118.67,118.97,117.52,118.52,1841346
2017-10-31,118.62,119.91,118.32,119.48,1712804
2017-11-01,120.51,120.92,119.60,120.16,1380127
2017-11-02,120.44,121.25,119.02,119.64,3713451
2017-11-03,119.69,121.58,119.61,121.55,4043277
2017-11-06,121.34,123.03,120.85,121.98,2838283
2017-11-07,122.21,123.31,120.66,120.89,5249345
2017-11-08,121.00,124.34,119.19,119.98,6134025
2017-11-09,119.26,120.12,118.13,118.81,3317549
2017-11-10,119.04,120.87,118.01,120.11,3377034
2017-11-13,119.67,120.88,119.60,120.39,2387311
2017-11-14,120.08,123.10,119.95,123.06,2141797
2017-11-15,122.91,122.96,121.38,122.26,3043260
2017-11-16,121.94,124.42,121.50,124.38,3490602
2017-11-17,123.98,125.64,123.77,125.48,3601316
2017-11-20,125.33,126.24,125.06,125.91,1937760
2017-11-21,126.33,128.37,126.33,127.62,3467926
2017-11-22,127.96,128.00,126.07,126.39,2323935
2017-11-24,126.51,127.10,126.38,126.50,729350
2017-11-27,126.33,127.37,126.33,126.93,2560256
2017-11-28,127.25,127.55,126.56,126.90,3064750
2017-11-29,127.25,127.43,125.61,126.49,2721723
2017-11-30,126.14,127.97,125.65,127.00,3102675
2017-12-01,126.03,127.34,124.45,126.86,2371086
2017-12-04,127.71,129.56,127.67,127.73,2128509
2017-12-05,127.92,129.47,127.38,127.53,2063936
2017-12-06,127.74,128.05,127.15,127.30,1638826
2017-12-07,127.21,127.98,126.90,127.85,1464967
2017-12-08,128.41,129.99,128.39,129.32,4325149
2017-12-11,128.84,129.25,128.00,128.57,1432705
2017-12-12,128.60,129.02,127.93,128.76,1529245
2017-12-13,128.88,129.64,128.35,128.47,2119587
2017-12-14,128.58,128.78,127.69,127.72,2536609
2017-12-15,128.70,129.90,128.08,129.82,4092282
2017-12-18,130.45,134.31,130.33,133.34,3720669
2017-12-19,133.88,134.04,132.65,133.14,2914797
2017-12-20,133.68,134.26,133.26,133.84,1455646
2017-12-21,134.45,135.18,133.47,133.95,1908485
2017-12-22,133.70,134.74,133.50,133.97,2780885
2017-12-26,133.96,134.22,133.15,133.30,1151076
2017-12-27,133.70,136.33,133.60,136.25,2284504
2017-12-28,136.46,136.64,135.50,136.57,1704183
2017-12-29,136.51,137.60,135.35,135.73,1685606
2018-01-02,135.89,135.98,132.20,133.75,2906928
2018-01-03,134.01,136.80,133.70,136.45,1507877
2018-01-04,136.85,137.15,134.95,135.70,3186884
2018-01-05,136.45,136.45,134.20,134.40,3404292
2018-01-08,134.11,136.58,134.11,136.34,3275513
2018-01-09,136.52,138.30,136.00,137.71,3071480
2018-01-10,136.91,137.79,136.51,137.70,1143445
2018-01-11,136.65,139.54,136.65,139.43,1326509
2018-01-12,140.11,140.25,138.53,139.78,1806773
2018-01-16,141.36,141.39,138.35,139.12,2403421
2018-01-17,140.21,142.64,139.84,142.00,2433224
2018-01-18,141.65,142.69,140.87,141.13,1691176
2018-01-19,141.62,144.07,141.44,144.07,3267004
2018-01-22,144.25,144.29,142.06,143.81,2153912
2018-01-23,143.54,146.43,143.04,145.80,1499491
2018-01-24,146.12,146.69,143.83,144.39,3711997
2018-01-25,144.52,146.06,143.99,145.50,1198028
2018-01-26,145.71,147.15,144.92,147.14,1111614
2018-01-29,146.66,148.91,145.77,147.99,2201502
2018-01-30,148.22,149.21,147.06,147.27,1658163
2018-01-31,147.42,148.66,146.93,147.34,2315294
2018-02-01,146.60,148.26,145.82,147.52,1674872
2018-02-02,146.69,147.01,140.97,141.17,2665425
2018-02-05,140.82,142.60,136.28,136.34,2895187
2018-02-06,134.07,140.23,131.00,140.03,2881832
2018-02-07,139.25,142.77,138.66,139.64,1800625
2018-02-08,139.61,139.94,133.81,133.88,2956496
2018-02-09,134.54,137.47,131.10,136.29,2881543
2018-02-12,137.42,139.93,137.27,139.10,2818883
2018-02-13,138.45,141.02,137.71,140.61,1973984
2018-02-14,141.00,145.40,140.32,145.24,3542191
2018-02-15,142.12,144.95,140.85,141.29,4295294
2018-02-16,140.76,141.44,138.48,138.50,2855444
2018-02-20,138.14,140.95,138.13,140.44,2148031
2018-02-21,140.81,144.86,140.62,141.96,3809841
2018-02-22,142.19,142.71,139.82,140.60,2029397
2018-02-23,141.82,142.24,140.65,142.17,1329496
2018-02-26,142.58,143.17,141.23,141.35,1873806
2018-02-27,141.79,142.35,138.08,138.12,2203897
2018-02-28,138.50,143.34,138.50,141.21,2426514
2018-03-01,141.21,142.07,137.17,137.54,3056953
2018-03-02,136.52,139.95,135.13,139.58,2385471
2018-03-05,138.45,138.96,134.29,135.73,3597572
2018-03-06,136.58,138.47,136.00,137.61,2375202
2018-03-07,137.00,139.44,136.52,138.98,1629541
2018-03-08,139.19,140.21,138.85,139.35,1619427
2018-03-09,141.86,144.61,140.19,143.29,2496165
2018-03-12,143.22,143.67,141.31,141.81,2190195
2018-03-13,142.48,143.36,141.57,141.75,2013042
2018-03-14,142.42,142.99,140.67,141.43,1310079
2018-03-15,141.58,143.04,140.94,141.73,1308520
2018-03-16,142.01,142.45,141.05,141.06,2596314
2018-03-19,139.93,140.55,138.50,139.82,1646176
2018-03-20,140.52,141.30,140.15,140.55,1340674
2018-03-21,140.27,141.32,139.54,140.42,1232296
2018-03-22,139.09,140.96,137.15,137.25,1599684
2018-03-23,137.06,137.94,133.75,133.76,2039206
2018-03-26,135.49,139.12,134.99,138.92,1949631
2018-03-27,139.41,139.67,134.97,135.59,1796185
2018-03-28,135.60,136.50,132.56,133.90,2210205
2018-03-29,134.89,137.49,134.51,135.98,2524738
2018-04-02,134.96,136.41,130.39,132.07,3141275
2018-04-03,133.19,134.17,131.37,132.50,3640862
2018-04-04,130.87,136.15,130.42,135.81,3194397
2018-04-05,136.91,138.41,133.23,134.44,2903376
2018-04-06,133.15,134.23,129.53,130.93,2619734
2018-04-09,131.90,133.27,130.57,130.72,2449652
2018-04-10,132.46,132.83,128.97,129.84,3656316
2018-04-11,130.75,133.64,130.75,132.03,3893071
2018-04-12,132.51,133.70,131.86,133.01,2899484
2018-04-13,133.54,133.93,130.51,131.06,1352666
2018-04-16,132.05,134.28,131.92,133.47,1501463
2018-04-17,134.67,137.55,134.46,136.81,2928183
2018-04-18,136.88,139.19,136.69,138.31,1612196
2018-04-19,137.93,138.65,136.99,137.62,1149616
2018-04-20,137.15,138.25,136.73,137.48,1376054
2018-04-23,137.90,138.79,136.82,137.63,843335
2018-04-24,138.84,139.50,135.36,136.90,1561700
2018-04-25,136.39,137.79,135.28,137.24,1112314
2018-04-26,138.16,138.80,136.22,137.76,1237891
2018-04-27,137.28,139.00,136.56,137.42,1112751
2018-04-30,138.12,139.48,136.47,136.68,1104559
2018-05-01,136.19,137.76,135.49,137.60,1046617
2018-05-02,137.12,137.72,134.01,134.16,2324233
2018-05-03,133.40,135.19,130.72,134.64,2471188
2018-05-04,133.92,137.06,133.18,135.85,2778430
2018-05-07,136.58,137.25,135.85,136.64,2328394
2018-05-08,136.53,139.45,136.00,139.31,3751769
2018-05-09,138.43,139.17,134.25,137.90,3997762
2018-05-10,138.12,138.99,137.40,138.57,2114771
2018-05-11,138.88,140.11,138.18,139.82,1509102
2018-05-14,139.91,140.28,138.96,139.35,1845416
2018-05-15,139.00,139.14,137.84,138.86,1492672
2018-05-16,139.21,141.61,138.61,140.44,1620222
2018-05-17,139.89,140.01,138.05,138.29,1894560
2018-05-18,139.47,139.47,137.72,138.52,1444562
2018-05-21,138.88,139.84,137.98,138.80,1101398
2018-05-22,139.39,139.39,137.50,137.78,1099409
2018-05-23,136.76,137.84,136.76,137.59,1059649
2018-05-24,137.43,138.37,137.25,137.87,1503003
2018-05-25,137.81,139.18,137.27,137.97,1396668
2018-05-29,136.32,136.86,134.07,134.55,2011676
2018-05-30,135.02,136.94,134.60,136.27,1262972
2018-05-31,136.32,136.75,134.66,135.36,2316284
2018-06-01,136.58,138.99,135.71,138.34,1558270
2018-06-04,138.82,138.99,137.41,138.69,1277663
2018-06-05,138.50,139.84,137.84,138.22,1331688
2018-06-06,137.97,141.72,137.70,141.57,2112918
2018-06-07,141.66,142.19,139.01,139.44,1622597
2018-06-08,139.48,139.62,137.94,138.38,1609216
2018-06-11,138.04,139.84,137.75,139.14,1802706
2018-06-12,139.56,140.42,139.24,139.86,1343840
2018-06-13,140.00,140.48,137.76,138.35,1658629
2018-06-14,138.70,139.39,138.15,138.75,1214473
2018-06-15,139.00,139.19,137.22,138.83,2291412
2018-06-18,137.82,138.86,137.50,138.67,826478
2018-06-19,137.14,137.52,135.50,136.58,1363908
2018-06-20,136.75,138.22,135.83,135.99,1794920
2018-06-21,135.79,135.99,133.42,133.73,1684111
2018-06-22,133.95,134.31,132.48,132.61,1813937
2018-06-25,131.47,131.99,128.66,129.10,2430487
2018-06-26,129.45,130.14,128.96,129.43,1748811
2018-06-27,129.56,130.77,126.70,126.94,2282226
2018-06-28,127.04,127.29,124.22,125.26,2073545
2018-06-29,125.38,127.55,125.25,126.60,2022556
2018-07-02,125.57,126.92,125.00,126.49,1681299
2018-07-03,127.06,127.54,124.34,124.52,1345846
2018-07-05,125.06,126.71,125.06,126.49,1982623
2018-07-06,126.71,127.96,125.84,127.66,1323633
2018-07-09,129.08,130.26,127.91,130.16,2627746
2018-07-10,130.09,131.43,130.09,130.73,2163384
2018-07-11,130.07,130.63,129.26,129.85,1829090
2018-07-12,130.68,131.09,129.37,130.77,1334980
2018-07-13,130.54,131.16,130.41,131.01,843578
2018-07-16,131.24,131.44,130.26,130.79,1440275
2018-07-17,130.13,130.94,129.90,130.45,1224025
2018-07-18,130.36,133.68,130.16,133.13,2127614
2018-07-19,131.02,133.47,131.02,133.20,1944191
2018-07-20,132.91,134.12,132.07,133.05,1529458
2018-07-23,133.05,133.05,131.87,132.03,1471540
2018-07-24,132.01,132.31,128.77,130.02,3871104
2018-07-25,129.00,131.73,127.21,131.50,2717221
2018-07-26,132.17,133.66,130.77,130.97,1960197
2018-07-27,131.13,131.87,128.34,128.55,2028413
2018-07-30,128.29,128.47,125.69,125.91,2022714
2018-07-31,126.21,128.06,125.70,127.84,1606278
2018-08-01,127.78,129.18,126.97,127.87,2321718
2018-08-02,126.72,129.32,125.92,129.13,1508344
2018-08-03,129.11,129.28,127.58,128.19,1325692
2018-08-06,128.51,129.51,127.40,129.28,2003065
2018-08-07,125.31,126.83,123.96,124.43,3858302
2018-08-08,124.61,125.67,121.50,121.63,2864476
2018-08-09,122.03,122.90,120.61,120.79,3166580
2018-08-10,120.57,121.64,119.77,120.16,2313990
2018-08-13,120.65,121.45,119.90,120.46,1713023
2018-08-14,121.51,122.00,120.84,121.61,2138917
2018-08-15,120.56,121.02,119.32,120.43,2115688
2018-08-16,121.18,122.83,121.11,122.15,2475258
2018-08-17,122.10,123.88,121.42,123.85,2652799
2018-08-20,123.84,124.52,123.63,124.40,2398161
2018-08-21,124.43,125.64,124.36,125.16,2474320
2018-08-22,124.34,124.71,123.55,123.71,1582597
2018-08-23,123.65,123.83,122.02,122.18,1667186
2018-08-24,122.58,123.59,122.30,123.11,1408312
2018-08-27,123.68,124.70,123.58,124.29,1269859
2018-08-28,124.58,125.27,123.57,124.68,1698237
2018-08-29,124.31,127.76,124.16,126.95,3105175
2018-08-30,126.86,127.05,125.74,126.21,1812621
2018-08-31,126.34,127.27,126.21,126.47,2245616
2018-09-04,126.11,126.72,125.06,126.55,1912986
2018-09-05,125.70,126.19,124.86,125.01,3074411
2018-09-06,125.12,125.65,123.56,124.98,2464736
2018-09-07,125.01,126.70,124.38,126.61,2913971
2018-09-10,127.08,128.04,126.70,127.68,3869733
2018-09-11,126.90,128.21,126.67,127.35,2683275
2018-09-12,127.18,127.71,126.50,127.57,1449437
2018-09-13,128.05,129.86,128.01,129.54,1911870
2018-09-14,129.82,130.86,129.42,130.43,1680958
2018-09-17,130.29,130.51,129.36,129.77,1935409
2018-09-18,129.85,130.27,129.25,129.81,1755926
2018-09-19,130.30,131.59,129.78,131.23,1625378
2018-09-20,131.72,132.25,130.24,132.18,1786422
2018-09-21,132.66,133.36,130.41,130.90,5518721
2018-09-24,130.38,130.76,128.39,130.24,1566780
2018-09-25,130.71,130.74,129.15,129.27,1342511
2018-09-26,129.52,132.04,129.34,130.98,2280283
2018-09-27,130.48,133.50,130.34,133.42,1880633
2018-09-28,132.80,133.13,131.87,132.03,2438980
2018-10-01,132.67,132.86,128.30,128.35,2287016
2018-10-02,128.16,128.49,125.95,125.97,2157025
2018-10-03,126.30,126.89,124.34,124.59,2451676
2018-10-04,124.29,124.56,121.08,122.20,2714311
2018-10-05,122.92,123.52,120.29,121.45,2302893
2018-10-08,121.45,121.69,119.50,120.57,1627553
2018-10-09,120.48,121.26,119.68,119.77,1718194
2018-10-10,119.27,119.66,116.41,116.48,2210930
2018-10-11,116.34,117.42,114.05,114.63,2596260
2018-10-12,117.21,117.89,115.74,117.49,2248582
2018-10-15,117.05,117.40,115.47,115.51,1499501
2018-10-16,116.23,118.33,115.96,117.95,1529261
2018-10-17,118.17,118.72,116.37,117.96,1067698
2018-10-18,117.49,117.93,115.12,115.29,2174253
2018-10-19,114.71,115.29,112.01,112.04,2663720
2018-10-22,112.55,113.12,111.28,111.49,1559573
2018-10-23,111.00,112.40,107.90,112.35,4007767
2018-10-24,112.03,113.78,106.96,107.13,5112690
2018-10-25,108.16,112.38,108.16,111.54,3274328
2018-10-26,108.63,114.18,108.44,112.73,3120027
2018-10-29,113.92,114.53,111.20,112.78,2868470
2018-10-30,112.85,115.37,112.45,115.27,2419788
2018-10-31,116.33,118.72,116.21,116.89,2437879
2018-11-01,118.48,121.23,116.02,121.09,2471128
2018-11-02,122.24,122.97,119.94,120.93,2797282
2018-11-05,121.30,121.53,119.71,120.68,2402128
2018-11-06,115.00,117.39,112.11,114.55,6906307
2018-11-07,114.82,117.15,114.64,116.14,2503054
2018-11-08,115.61,117.21,115.26,116.91,1810487
2018-11-09,116.65,117.62,116.18,117.04,1687452
2018-11-12,116.56,117.31,114.73,115.07,1987614
2018-11-13,115.72,117.92,115.70,116.55,2381774
2018-11-14,117.35,118.00,115.60,116.30,1383043
2018-11-15,115.24,118.62,115.03,118.31,1595980
2018-11-16,117.22,119.32,117.04,118.65,1369326
2018-11-19,118.45,118.86,115.39,116.50,1692187
2018-11-20,114.26,116.29,113.14,115.56,2237734
2018-11-21,116.10,118.74,116.09,117.17,1317537
2018-11-23,116.51,118.00,115.80,117.26,445155
2018-11-26,118.99,120.51,118.28,119.90,1280633
2018-11-27,120.00,120.40,119.07,119.97,1539401
2018-11-28,119.99,122.27,118.52,122.19,1497529
2018-11-29,121.37,122.83,120.55,121.84,1174537
2018-11-30,113.60,116.72,113.38,115.03,9546649
2018-12-03,116.00,120.09,115.69,119.53,3620090
2018-12-04,119.00,119.23,112.92,113.50,3097300
2018-12-06,111.68,115.50,111.11,115.32,2910950
2018-12-07,114.85,116.25,110.69,111.25,2637020
2018-12-10,111.44,112.35,109.20,110.81,1773460
2018-12-11,112.33,112.94,109.79,110.03,2613804
2018-12-12,110.19,111.89,109.97,110.07,2615777
2018-12-13,110.57,110.97,108.24,108.85,2066551
2018-12-14,108.00,109.98,107.37,107.66,2241619
2018-12-17,107.92,109.34,106.58,107.66,2326262
2018-12-18,108.71,109.39,107.52,108.24,1881548
2018-12-19,108.76,109.75,105.76,106.39,2234003
2018-12-20,106.24,106.24,102.96,104.19,4178151
2018-12-21,104.39,106.53,102.30,102.88,4319214
2018-12-24,102.52,102.99,100.62,100.99,1450123
2018-12-26,101.70,105.68,101.42,105.58,2458110
2018-12-27,104.27,106.66,102.80,106.63,1630241
2018-12-28,107.19,108.52,106.40,107.24,1280441
2018-12-31,107.61,108.56,107.39,108.56,1771174
2019-01-02,106.72,108.58,105.28,107.46,1802105
2019-01-03,106.35,107.00,101.57,101.74,3335349
2019-01-04,103.14,107.92,103.14,107.81,3045321
2019-01-07,107.41,108.88,105.95,108.01,1528402
2019-01-08,108.86,110.07,107.82,109.76,1595368
2019-01-09,109.93,110.53,108.59,109.20,2750124
2019-01-10,108.32,111.17,108.00,110.05,1681203
2019-01-11,109.27,109.45,107.33,109.42,1819654
2019-01-14,108.63,109.10,107.83,108.13,1407978
2019-01-15,108.28,110.24,107.54,110.18,1788122
2019-01-16,109.87,111.37,109.09,109.28,2813549
2019-01-17,108.80,109.89,108.18,108.47,2143885
2019-01-18,109.80,109.80,108.26,109.05,2361241
2019-01-22,108.71,108.85,106.02,107.26,2799296
2019-01-23,107.45,108.37,106.58,108.09,1645559
2019-01-24,108.06,108.95,107.40,108.24,769173
2019-01-25,109.18,109.93,107.81,109.85,1586916
2019-01-28,109.11,110.84,108.74,110.53,1348094
2019-01-29,110.47,111.34,109.98,111.12,1185910
2019-01-30,111.75,113.78,111.02,113.64,2495948
2019-01-31,113.60,115.03,112.68,114.53,2279965
2019-02-01,114.79,115.20,114.01,114.57,1540808
2019-02-04,114.68,115.69,114.43,115.65,1067009
2019-02-05,115.97,117.00,115.77,116.91,1448858
2019-02-06,116.77,117.75,116.67,117.27,1555807
2019-02-07,116.42,116.83,114.76,115.52,1358563
2019-02-08,114.58,115.51,114.58,115.48,1381292
2019-02-11,115.86,116.69,115.46,115.65,992247
2019-02-12,116.41,116.77,114.49,114.74,2374481
2019-02-13,116.00,119.61,115.93,118.86,2293535
2019-02-14,118.14,118.81,116.64,118.62,1785429
2019-02-15,119.80,121.60,118.81,121.05,2011105
2019-02-19,120.29,122.40,120.15,122.03,2618167
2019-02-20,122.54,127.27,121.95,126.97,3327196
2019-02-21,127.04,128.25,125.45,127.37,2892987
2019-02-22,127.93,129.72,127.57,128.84,2085733
2019-02-25,129.69,130.16,128.42,128.48,2309766
2019-02-26,128.19,129.90,128.17,128.57,1971278
2019-02-27,127.65,128.63,126.64,126.93,2165122
2019-02-28,126.76,127.00,125.01,125.27,3300998
2019-03-01,125.49,126.55,122.23,124.45,4382896
2019-03-04,126.49,126.49,122.34,123.94,2090752
2019-03-05,124.00,125.57,124.00,125.22,1775864
2019-03-06,125.18,125.84,124.82,125.12,1642039
2019-03-07,125.13,125.16,122.07,122.22,2043334
2019-03-08,121.19,121.54,119.99,120.70,2261293
2019-03-11,120.86,121.17,120.11,120.25,2141934
2019-03-12,120.50,121.59,119.10,120.69,2185254
2019-03-13,121.14,122.66,120.01,120.19,3070646
2019-03-14,120.00,120.53,118.99,119.62,2359916
2019-03-15,120.02,124.83,119.89,122.32,3600341
2019-03-18,124.99,125.97,123.83,124.96,2436711
2019-03-19,124.97,126.72,124.66,125.75,2345585
2019-03-20,125.39,125.73,123.54,123.67,1925804
2019-03-21,123.37,125.18,122.98,125.06,1710176
2019-03-22,124.37,124.91,123.42,124.50,3400727
2019-03-25,124.01,124.45,123.13,123.66,1493650
2019-03-26,122.89,124.60,122.72,123.56,1722608
2019-03-27,123.72,123.72,121.33,122.17,1924926
2019-03-28,122.28,124.36,122.28,124.08,1496259
2019-03-29,124.01,125.45,123.87,125.09,2175104
2019-04-01,126.24,127.59,125.85,127.45,1354150
2019-04-02,127.23,128.60,126.51,128.50,1780744
2019-04-03,129.45,131.84,128.72,131.59,2217687
2019-04-04,131.55,132.50,131.13,132.20,2268976
2019-04-05,132.57,134.81,132.32,134.06,2209847
2019-04-08,133.88,134.96,133.47,134.91,1866719
2019-04-09,134.13,134.95,132.27,132.65,1688972
2019-04-10,132.99,133.18,132.30,132.75,1470361
2019-04-11,133.42,133.82,132.72,133.25,1243658
2019-04-12,133.49,134.74,133.26,134.65,1163890
2019-04-15,134.50,134.97,133.10,134.37,657417
2019-04-16,134.40,135.91,134.37,135.80,979921
2019-04-17,136.27,136.94,135.65,135.93,1111337
2019-04-18,136.74,136.74,133.49,134.41,1378277
2019-04-22,133.65,136.16,133.33,135.86,1182276
2019-04-23,136.28,136.79,135.44,136.28,1036940
2019-04-24,134.66,136.04,134.66,135.48,1231256
2019-04-25,134.92,136.20,134.11,135.68,926129
2019-04-26,136.25,137.03,135.57,136.45,837462
2019-04-29,136.45,137.10,135.82,135.97,1135880
2019-04-30,136.35,136.83,135.28,136.42,1259645
2019-05-01,137.80,140.37,137.56,138.86,1632054
2019-05-02,138.55,139.06,135.72,136.89,1155505
2019-05-03,137.79,140.28,137.28,140.14,1076921
2019-05-06,137.46,138.17,136.58,137.75,1415294
2019-05-07,136.16,137.10,134.07,135.15,1547000
2019-05-08,134.42,135.38,133.60,134.77,1244814
2019-05-09,133.93,136.17,132.79,135.47,1913728
2019-05-10,130.88,132.11,127.70,131.71,4463172
2019-05-13,129.47,129.78,125.72,126.01,2392067
2019-05-14,126.68,130.97,126.31,129.87,2273434
2019-05-15,128.79,132.33,127.27,131.83,1907858
2019-05-16,132.07,133.29,130.96,132.51,1818360
2019-05-17,132.15,133.17,130.87,130.91,1653493
2019-05-20,128.75,129.59,127.49,127.86,1591780
2019-05-21,128.71,129.65,128.06,129.43,1780139
2019-05-22,128.83,129.20,127.63,127.77,1620114
2019-05-23,125.98,126.10,123.53,123.91,2227093
2019-05-24,124.63,125.74,124.38,125.00,1357083
2019-05-28,125.15,125.50,123.63,123.70,3209131
2019-05-29,123.29,124.63,122.52,124.42,1321921
2019-05-30,124.71,125.60,123.82,124.65,1116243
2019-05-31,123.45,125.57,122.46,124.84,2000013
2019-06-03,124.76,125.27,123.46,124.36,2263450
2019-06-04,126.30,128.24,125.51,128.18,1796099
2019-06-05,128.55,128.63,126.44,127.55,1422595
2019-06-06,127.62,129.01,126.96,128.60,1355297
2019-06-07,129.50,133.03,129.00,132.52,1458481
2019-06-10,133.13,134.76,132.47,132.75,1315494
2019-06-11,134.14,135.47,133.21,134.52,1387618
2019-06-12,134.87,135.42,132.68,132.70,1184307
2019-06-13,133.26,134.33,132.03,133.62,1116059
2019-06-14,133.63,134.03,132.17,133.68,872550
2019-06-17,134.04,134.11,132.58,132.85,1263608
2019-06-18,135.00,136.30,133.85,134.96,1531626
2019-06-19,135.00,135.84,134.09,135.68,1222354
2019-06-20,136.90,138.42,136.46,137.19,1582731
2019-06-21,136.54,138.05,136.04,137.07,2353466
2019-06-24,137.40,137.98,136.39,136.76,1095189
2019-06-25,136.71,136.73,132.74,133.28,1729774
2019-06-26,134.15,136.26,133.70,135.65,1546274
2019-06-27,135.92,138.83,135.91,138.29,1865235
2019-06-28,138.45,140.46,138.15,140.29,3030299
2019-07-01,142.41,142.90,140.78,141.23,1825597
2019-07-02,140.81,141.27,139.25,141.26,986446
2019-07-03,141.79,142.09,141.09,141.75,650541
2019-07-05,140.89,142.18,139.63,142.01,1274148
2019-07-08,141.74,141.74,140.02,141.30,1166369
2019-07-09,138.63,139.61,137.85,139.52,1808107
2019-07-10,139.43,141.62,139.00,141.57,1956849
2019-07-11,142.25,142.25,140.70,141.90,1290482
2019-07-12,142.23,142.75,141.64,142.55,1057918
2019-07-15,142.08,142.88,140.88,142.78,1656087
2019-07-16,142.99,144.24,142.60,143.96,1023541
2019-07-17,143.94,143.94,141.15,141.24,1229487
2019-07-18,140.68,140.85,138.68,139.80,1597396
2019-07-19,140.23,140.23,137.63,137.73,1549821
2019-07-22,137.50,137.79,135.39,136.06,1998078
2019-07-23,137.32,140.88,136.11,140.69,2288063
2019-07-24,140.08,140.53,137.75,139.79,1729997
2019-07-25,139.66,141.74,139.31,140.72,1395540
2019-07-26,141.29,141.34,139.92,140.27,1235165
2019-07-29,139.94,141.59,139.46,141.23,1113900
2019-07-30,140.33,141.46,139.88,140.81,947484
2019-07-31,140.98,141.23,137.80,139.06,1551642
2019-08-01,138.99,140.49,136.50,136.87,1268737
2019-08-02,136.76,137.24,135.45,135.98,1098742
2019-08-05,134.09,134.53,129.86,130.34,3161859
2019-08-06,126.58,132.44,126.30,128.49,3932539
2019-08-07,126.27,128.91,124.77,127.82,2447899
2019-08-08,129.11,131.06,128.22,130.34,1651036
2019-08-09,131.34,132.98,129.73,132.46,2304381
2019-08-12,131.20,131.75,129.84,130.01,2305298
2019-08-13,130.19,133.23,130.01,132.41,1616068
2019-08-14,130.36,131.93,126.23,126.85,2103388
2019-08-15,128.89,129.28,126.02,126.70,1950782
2019-08-16,127.94,129.26,127.33,128.82,1307626
2019-08-19,130.89,131.24,129.96,130.57,1289252
2019-08-20,130.03,131.60,129.73,130.68,979775
2019-08-21,131.58,131.65,128.00,128.35,1646620
2019-08-22,128.83,129.43,126.97,128.19,963929
2019-08-23,127.26,127.92,124.67,125.10,1736121
2019-08-26,126.43,126.86,125.37,126.23,1263397
2019-08-27,127.02,127.20,125.26,125.35,1214763
2019-08-28,125.17,125.94,124.66,125.34,1892196
2019-08-29,127.20,127.46,125.38,125.73,1701851
2019-08-30,126.30,127.61,125.79,126.06,1877383
2019-09-03,124.94,124.94,123.63,124.27,1894973
2019-09-04,125.61,126.03,124.92,125.69,2471546
2019-09-05,126.89,128.87,125.92,128.46,2941849
2019-09-06,128.50,129.78,128.05,129.43,1120150
2019-09-09,129.79,129.95,128.36,129.91,1291058
2019-09-10,130.00,131.71,128.67,131.69,1259001
2019-09-11,131.39,133.59,130.83,133.09,1613905
2019-09-12,133.50,134.37,132.39,132.51,1080141
2019-09-13,132.98,135.46,132.56,133.99,1168282
2019-09-16,132.80,132.80,130.18,130.48,1310600
2019-09-17,130.68,131.43,129.78,130.56,879721
2019-09-18,130.13,130.48,128.71,130.19,1095359
2019-09-19,130.49,131.35,129.41,129.55,1092356
2019-09-20,129.07,129.46,126.86,126.97,3064587
2019-09-23,126.25,126.80,125.40,125.85,3094689
2019-09-24,126.11,126.11,122.19,122.27,2766697
2019-09-25,122.50,123.37,121.28,123.03,2929815
2019-09-26,122.36,122.89,121.35,121.67,2716929
2019-09-27,122.48,123.00,120.02,120.77,3215616
2019-09-30,121.88,124.61,120.66,124.37,2804408
2019-10-01,125.05,126.41,123.31,123.40,1846141
2019-10-02,122.30,122.30,119.60,120.33,1950000
2019-10-03,120.29,120.68,118.53,119.02,2369326
2019-10-04,119.96,121.02,119.60,120.86,1913747
2019-10-07,120.08,120.71,118.88,119.20,1731720
2019-10-08,118.20,118.92,116.85,117.67,1721319
2019-10-09,118.59,119.06,117.25,118.49,1458601
2019-10-10,118.57,119.84,117.67,118.19,1706322
2019-10-11,119.73,122.31,119.03,121.18,1831210
2019-10-14,120.79,121.21,119.37,120.10,1065157
2019-10-15,120.33,121.71,120.29,121.11,956423
2019-10-16,121.18,121.70,120.34,121.09,1098354
2019-10-17,120.81,121.73,120.35,120.57,985740
2019-10-18,120.40,121.40,118.96,121.05,1437521
2019-10-21,122.26,123.40,121.91,123.00,1837822
2019-10-22,122.62,123.01,121.85,122.05,1734824
2019-10-23,121.46,123.67,121.02,123.49,1450746
2019-10-24,123.93,124.65,122.86,124.30,1357329
2019-10-25,123.77,126.72,123.77,126.18,1364597
2019-10-28,126.03,126.75,125.14,126.60,1017114
2019-10-29,126.77,127.17,125.54,126.53,1229036
2019-10-30,126.37,126.96,124.71,126.44,931684
2019-10-31,125.96,126.84,124.72,126.55,1500024
2019-11-01,128.24,129.12,126.94,128.08,1633396
2019-11-04,128.86,130.56,127.47,130.16,2225938
2019-11-05,128.01,134.32,127.75,133.69,3577847
2019-11-06,133.42,133.77,131.74,132.58,1678187
2019-11-07,132.55,134.14,132.04,133.06,1651895
2019-11-08,132.84,133.40,131.98,133.20,1020339
2019-11-11,132.25,132.43,130.83,131.75,1282675
2019-11-12,132.16,134.24,132.00,132.53,1365491
2019-11-13,132.23,133.85,131.52,133.65,1305952
2019-11-14,133.42,134.77,132.94,134.55,1238804
2019-11-15,134.91,135.96,134.17,135.52,1371231
2019-11-18,135.17,136.31,135.03,135.68,1568761
2019-11-19,136.12,136.33,135.23,135.47,992680
2019-11-20,133.86,134.58,131.26,132.71,1408586
2019-11-21,133.16,133.52,131.35,132.98,997316
2019-11-22,133.61,136.52,132.84,136.25,1304510
2019-11-25,137.00,138.51,136.60,137.98,1422521
2019-11-26,138.15,140.30,137.34,140.08,1757560
2019-11-27,140.18,141.75,140.10,141.34,1362281
2019-11-29,140.77,141.75,140.06,140.36,751605
2019-12-02,140.68,140.81,139.88,140.43,1402125
2019-12-03,138.90,139.14,137.76,138.56,1141070
2019-12-04,138.46,139.83,138.38,139.26,1149774
2019-12-05,139.97,140.50,139.51,140.30,991581
2019-12-06,141.31,142.72,141.00,142.29,1349107
2019-12-09,142.22,142.56,141.32,141.35,850224
2019-12-10,141.09,141.90,140.20,140.57,1166142
2019-12-11,141.28,143.25,140.80,142.75,1428810
2019-12-12,142.64,145.59,142.33,145.10,1472613
2019-12-13,145.05,146.45,144.31,146.16,1615366
2019-12-16,147.60,148.95,147.06,147.90,1303838
2019-12-17,147.86,149.31,147.69,148.91,1251672
2019-12-18,148.92,149.72,148.38,149.55,1201637
2019-12-19,149.16,150.43,149.16,150.04,1889753
2019-12-20,151.28,151.55,148.52,150.80,2853576
2019-12-23,151.00,151.89,150.62,151.24,863626
2019-12-24,151.17,152.36,150.66,151.50,668349
2019-12-26,151.76,153.16,151.55,153.13,692438
2019-12-27,153.38,153.39,152.53,152.73,629805
2019-12-30,153.00,153.24,151.24,151.87,820252
2019-12-31,151.69,152.45,150.81,151.43,1186070
2020-01-02,151.50,152.60,151.03,151.49,1777471
2020-01-03,149.19,150.02,148.74,149.27,2116944
2020-01-06,147.90,147.99,146.21,147.34,2178244
2020-01-07,146.74,147.22,144.68,144.94,2073528
2020-01-08,145.13,147.62,144.72,146.73,1412775
2020-01-09,147.46,147.59,146.20,146.45,1197938
2020-01-10,146.20,146.57,145.05,145.39,848173
2020-01-13,145.76,146.98,145.54,146.80,987538
2020-01-14,146.41,147.63,146.11,147.15,944731
2020-01-15,146.77,148.15,146.65,147.30,800192
2020-01-16,147.98,149.04,147.50,149.02,804480
2020-01-17,149.19,150.63,148.07,150.26,1058863
2020-01-21,148.08,148.44,143.42,144.37,2757179
2020-01-22,145.00,147.19,143.75,144.12,1297129
2020-01-23,142.43,145.06,141.25,144.96,1863062
2020-01-24,144.97,145.02,139.84,141.02,2073428
2020-01-27,137.73,139.63,133.36,138.00,2641198
2020-01-28,138.71,141.79,138.32,141.25,1958468
2020-01-29,141.50,143.24,140.38,142.61,1290673
2020-01-30,140.53,143.54,138.83,143.31,1848612
2020-01-31,142.15,142.25,138.95,140.06,2070215
2020-02-03,141.70,144.46,140.87,141.48,1527564
2020-02-04,144.47,148.24,143.68,147.40,1812857
2020-02-05,149.72,150.17,147.31,147.71,1872525
2020-02-06,148.29,148.87,145.78,146.22,1065851
2020-02-07,144.91,145.40,142.78,144.07,1717590
2020-02-10,143.01,145.84,142.45,145.73,1169798
2020-02-11,145.87,148.95,145.22,147.19,1461280
2020-02-12,148.04,150.97,148.04,150.78,1583792
2020-02-13,149.45,149.53,146.66,146.72,1933876
2020-02-14,146.98,147.36,143.90,144.90,2441278
2020-02-18,144.23,145.86,144.23,144.94,2353889
2020-02-19,144.56,147.91,144.56,147.63,2018045
2020-02-20,147.53,148.91,146.27,146.84,1279602
2020-02-21,145.38,145.52,142.54,143.24,1858050
2020-02-24,136.82,137.38,134.22,134.83,3197451
2020-02-25,135.99,136.05,123.48,124.08,5128449
2020-02-26,126.29,127.67,119.85,120.19,4964341
2020-02-27,117.00,127.28,114.46,119.64,6958568
2020-02-28,116.25,124.33,116.00,124.00,6660793
2020-03-02,123.07,123.68,116.64,122.96,6375455
2020-03-03,122.76,123.74,113.88,114.28,6796506
2020-03-04,115.49,118.54,111.28,118.33,7343706
2020-03-05,113.79,115.00,108.80,110.22,6977165
2020-03-06,104.64,113.62,103.89,110.66,6790291
2020-03-09,102.00,108.92,101.76,104.19,6687359
2020-03-10,108.83,110.03,102.80,109.98,5395484
2020-03-11,106.20,106.50,99.56,100.11,8901640
2020-03-12,90.00,97.81,88.76,93.71,9065674
2020-03-13,98.23,100.78,91.60,95.61,8552816
2020-03-16,84.68,91.07,78.12,86.42,9327208
2020-03-17,87.52,89.61,67.74,75.24,12101620
2020-03-18,67.15,67.16,46.56,63.81,25881830
2020-03-19,61.18,72.70,52.65,66.80,17497680
2020-03-20,73.71,84.00,69.52,74.58,18154670
2020-03-23,75.02,80.70,67.28,70.13,12931810
2020-03-24,76.05,81.36,75.00,79.14,9113056
2020-03-25,83.50,92.68,79.23,85.25,8717945
2020-03-26,87.60,96.00,80.59,82.81,10449610
2020-03-27,78.70,82.79,76.25,78.85,5749800
2020-03-30,76.71,78.43,72.84,76.16,6097793
2020-03-31,74.98,79.24,74.52,74.81,5176088
2020-04-01,70.00,71.41,67.65,69.15,7651268
2020-04-02,69.29,70.59,61.55,63.00,8062657
2020-04-03,64.36,64.71,57.00,59.08,10622240
2020-04-06,64.55,70.90,63.78,70.59,12186120
2020-04-07,78.31,81.98,72.68,73.82,11850380
2020-04-08,75.24,83.94,74.96,82.53,9143563
2020-04-09,86.04,89.03,79.67,81.31,10342960
2020-04-13,81.56,81.57,75.71,78.09,4157842
2020-04-14,81.00,83.30,78.86,82.68,6093093
2020-04-15,78.02,81.99,77.53,80.73,4822723
2020-04-16,80.09,80.99,76.25,80.39,5398754
2020-04-17,85.30,85.63,82.29,84.26,5299531
2020-04-20,81.61,83.25,79.29,79.77,4155031
2020-04-21,77.63,80.05,77.11,79.90,4746956
2020-04-22,81.43,82.47,78.75,80.02,3710079
2020-04-23,80.45,83.50,79.96,81.10,4540340
2020-04-24,81.25,82.18,78.40,80.71,3545323
2020-04-27,82.38,86.26,81.53,85.27,5419851
2020-04-28,87.41,88.74,84.52,87.42,4210942
2020-04-29,90.97,97.45,90.37,95.99,7369508
2020-04-30,93.60,93.90,89.27,90.94,5366076
2020-05-01,87.09,88.48,84.23,84.75,4234307
2020-05-04,81.79,85.60,80.41,82.58,4087134
2020-05-05,85.12,87.07,83.07,83.66,3458185
2020-05-06,84.32,84.93,80.87,81.11,3013128
2020-05-07,83.35,86.95,83.05,85.98,4036189
2020-05-08,88.08,88.50,85.65,87.17,4269552
2020-05-11,84.30,84.75,81.51,82.31,6832659
2020-05-12,82.96,83.88,79.27,79.33,3605479
2020-05-13,79.06,79.32,74.57,75.26,4880565
2020-05-14,73.00,79.28,71.52,79.25,5425359
2020-05-15,78.47,79.91,77.36,79.76,6526946
2020-05-18,85.06,93.90,84.86,93.62,11012240
2020-05-19,92.27,94.84,89.16,90.67,7090296
2020-05-20,92.36,92.98,90.27,92.68,4265676
2020-05-21,91.97,93.11,90.27,91.35,3009033
2020-05-22,92.18,92.25,89.52,91.05,2259710
2020-05-26,97.89,97.93,94.55,94.92,6258418
2020-05-27,98.64,98.98,94.77,97.96,5392025
2020-05-28,97.61,97.92,91.53,91.64,5203029
2020-05-29,91.21,91.75,88.10,88.50,5874442
2020-06-01,89.73,95.64,89.30,95.03,5084212
2020-06-02,97.23,97.35,94.01,95.61,5470735
2020-06-03,97.30,100.56,96.21,99.90,6136335
2020-06-04,100.14,105.05,98.08,104.82,6777775
2020-06-05,114.38,118.41,106.77,107.96,10069840
2020-06-08,113.46,114.46,110.51,113.14,6056216
2020-06-09,109.80,110.50,106.31,107.32,4008725
2020-06-10,106.03,106.65,100.05,102.62,5641982
2020-06-11,95.05,96.50,90.61,91.44,7614102
2020-06-12,97.61,97.76,90.07,92.26,7108265
2020-06-15,88.00,92.33,86.79,90.79,9052926
2020-06-16,96.34,96.40,90.70,93.99,6197188
2020-06-17,93.52,94.00,90.80,91.13,4423063
2020-06-18,90.50,94.18,90.17,92.75,3746910
2020-06-19,93.91,94.13,88.66,89.68,4880572
2020-06-22,89.50,91.00,88.28,90.18,4588838
2020-06-23,91.00,91.49,88.83,90.62,5829178
2020-06-24,89.33,89.52,83.88,85.00,6403929
2020-06-25,83.59,84.56,82.12,84.04,5210944
2020-06-26,83.55,83.95,80.40,80.94,10150240
2020-06-29,81.53,86.61,80.26,86.60,5132982
2020-06-30,85.41,86.92,84.00,85.73,4343105
2020-07-01,86.67,90.50,86.33,86.62,5708185
2020-07-02,89.70,90.23,86.26,87.80,3877406
2020-07-06,89.66,90.34,87.12,89.83,3138232
2020-07-07,88.63,88.98,87.08,87.43,2993873
2020-07-08,87.29,90.03,86.49,89.99,3407632
2020-07-09,90.22,90.28,86.00,86.25,5263545
2020-07-10,85.86,88.61,85.50,88.51,3246396
2020-07-13,89.07,90.54,87.31,87.50,3955135
2020-07-14,87.00,87.73,86.00,87.12,3063535
2020-07-15,90.23,94.75,90.16,94.03,6761443
2020-07-16,92.13,93.43,90.76,93.11,2483978
2020-07-17,93.03,93.10,90.10,91.48,2329687
2020-07-20,90.64,91.63,87.57,88.48,3052426
2020-07-21,89.67,91.50,88.50,89.96,2443338
2020-07-22,89.07,90.96,88.81,90.81,1741359
2020-07-23,89.91,90.20,87.92,88.97,2564106
2020-07-24,88.89,88.89,86.57,87.50,2369546
2020-07-27,86.11,87.14,85.20,86.27,2675842
2020-07-28,86.31,87.88,85.96,86.55,2105019
2020-07-29,87.08,88.18,86.00,87.14,1653673
2020-07-30,85.46,86.11,84.54,85.51,2794673
2020-07-31,84.53,84.61,82.06,83.83,3922499
2020-08-03,83.26,84.19,81.30,83.52,3361965
2020-08-04,83.42,86.27,82.62,86.10,2981182
2020-08-05,87.72,87.93,85.88,87.27,2200758
2020-08-06,86.46,91.22,85.95,90.39,3763776
2020-08-07,90.23,94.05,88.62,93.78,4949803
2020-08-10,94.25,98.12,93.30,97.13,5863849
2020-08-11,101.18,101.62,96.87,97.01,5372175
2020-08-12,99.21,99.65,95.39,96.03,3831000
2020-08-13,95.93,98.50,95.54,96.50,2158738
2020-08-14,97.25,97.67,95.96,96.01,3407036
2020-08-17,97.22,97.50,95.16,95.72,2095986
2020-08-18,95.52,95.84,93.43,94.44,1718129
2020-08-19,94.91,95.84,93.67,94.00,1536862
2020-08-20,92.46,95.63,92.07,94.02,2240497
2020-08-21,93.81,97.03,93.50,95.27,2069222
2020-08-24,96.01,98.57,95.00,97.89,2791726
2020-08-25,98.83,100.38,97.52,98.77,2302662
2020-08-26,98.34,98.57,96.33,97.38,2158295
2020-08-27,99.25,103.32,99.00,101.79,3856863
2020-08-28,102.96,106.61,101.95,106.26,3660993
2020-08-31,105.25,105.96,102.84,102.91,2881353
2020-09-01,101.48,104.58,100.76,103.09,1918168
2020-09-02,103.28,104.84,102.40,104.39,2101262
2020-09-03,104.99,107.90,102.21,103.09,2956161
2020-09-04,104.89,107.04,103.21,104.82,2856159
2020-09-08,103.00,107.15,102.37,103.98,2745935
2020-09-09,103.81,103.94,100.83,102.01,2630087
2020-09-10,102.94,105.38,100.11,100.38,2263060
2020-09-11,100.94,101.11,97.39,99.26,2637962
2020-09-14,100.88,104.91,100.55,104.68,2729265
2020-09-15,104.98,106.36,103.22,105.39,1921960
2020-09-16,106.11,108.89,104.44,107.76,3004530
2020-09-17,105.77,107.13,103.70,104.41,2763129
2020-09-18,103.37,103.94,99.58,99.88,5327653
2020-09-21,95.96,96.40,91.40,93.02,4863196
2020-09-22,93.51,95.53,93.00,95.50,3605399
2020-09-23,96.35,97.86,92.61,92.94,2788335
2020-09-24,92.27,93.58,90.48,91.35,4025958
2020-09-25,90.33,93.43,90.27,92.99,2318070
2020-09-28,95.05,97.39,93.94,96.00,2965384
2020-09-29,96.19,96.19,92.81,93.22,2217894
2020-09-30,94.41,96.02,92.15,92.58,2921840
2020-10-01,93.22,94.95,92.51,94.35,2182134
2020-10-02,91.70,95.62,91.44,95.25,2198953
2020-10-05,95.78,97.24,95.13,96.78,2153125
2020-10-06,98.13,100.34,96.52,96.92,3023232
2020-10-07,98.24,99.94,98.01,99.01,1845529
2020-10-08,99.81,100.44,98.20,100.31,1799171
2020-10-09,101.29,102.09,99.26,99.34,1673778
2020-10-12,99.46,101.11,98.84,100.71,2318741
2020-10-13,99.24,99.53,96.91,98.24,2738986
2020-10-14,98.54,99.20,96.56,97.07,2448558
2020-10-15,96.29,97.29,94.77,97.07,1886712
2020-10-16,97.33,98.99,96.80,97.76,1707504
2020-10-19,98.52,98.52,93.64,93.94,2073616
2020-10-20,95.30,97.09,94.20,96.09,1783088
2020-10-21,95.53,96.02,94.31,95.15,1512178
2020-10-22,96.10,101.21,95.64,100.82,3033640
2020-10-23,101.71,102.27,100.18,101.76,2032637
2020-10-26,99.50,99.51,94.42,96.02,2912893
2020-10-27,96.47,96.87,93.35,93.46,2512042
2020-10-28,91.57,92.52,88.92,89.97,4302436
2020-10-29,89.99,93.77,89.01,93.33,2728970
2020-10-30,92.05,94.03,90.55,92.88,2732358
2020-11-02,93.00,93.39,91.60,92.90,2320087
2020-11-03,94.26,97.19,93.89,96.09,2658398
2020-11-04,97.42,100.56,95.13,98.04,3274487
2020-11-05,98.73,102.89,98.13,100.91,3572771
2020-11-06,102.00,104.65,101.50,103.89,4167957
2020-11-09,123.05,131.90,113.60,118.30,14217330
2020-11-10,117.20,119.80,115.92,118.48,4883897
2020-11-11,117.54,118.20,115.07,116.39,3846817
2020-11-12,114.60,116.31,111.87,115.34,3115329
2020-11-13,116.31,120.13,115.65,120.00,2806144
2020-11-16,125.70,125.70,121.65,123.76,4596254
2020-11-17,123.63,123.66,120.36,122.78,2924367
2020-11-18,122.26,124.22,120.22,120.34,2370148
2020-11-19,120.35,121.71,119.53,121.11,2034789
2020-11-20,120.65,121.91,119.21,119.28,5292167
2020-11-23,120.95,123.42,120.57,123.09,2185388
2020-11-24,126.29,131.35,125.36,130.91,5307604
2020-11-25,129.87,130.25,127.76,129.22,2086576
2020-11-27,128.00,130.74,127.20,128.35,1365789
2020-11-30,127.92,128.31,124.88,126.87,2094480
2020-12-01,129.50,129.67,127.67,128.52,1891690
2020-12-02,128.11,130.64,127.68,128.72,1955063
2020-12-03,129.96,134.67,129.10,132.32,2693953
2020-12-04,133.64,135.84,132.77,135.61,1923206
2020-12-07,134.88,135.28,132.16,132.96,1766416
2020-12-08,131.50,134.17,131.05,132.55,1552763
2020-12-09,133.93,134.34,129.32,130.47,2787239
2020-12-10,129.86,132.41,128.88,131.77,1791266
2020-12-11,130.66,131.81,127.64,128.51,2171863
2020-12-14,131.29,131.43,126.43,126.62,1888963
2020-12-15,129.35,130.49,126.84,130.36,1812403
2020-12-16,130.60,130.92,128.74,130.44,1752454
2020-12-17,130.78,132.40,128.67,130.29,1818381
2020-12-18,130.34,130.91,128.27,128.82,3376444
2020-12-21,125.79,128.15,123.78,127.32,2187192
2020-12-22,126.54,127.28,124.44,126.26,1498541
2020-12-23,127.06,129.08,126.74,128.61,1624632
2020-12-24,128.62,128.98,127.50,128.75,592067
2020-12-28,130.25,130.57,128.12,128.32,1330284
2020-12-29,129.49,131.33,128.40,129.00,1685107
2020-12-30,129.21,131.35,128.50,130.47,1284661
2020-12-31,130.29,132.52,128.83,131.92,1537281
2021-01-04,131.51,132.11,123.36,124.77,3992316
2021-01-05,123.93,127.31,123.58,126.09,1428925
2021-01-06,124.84,130.73,124.84,129.39,2280080
2021-01-07,129.26,131.19,129.14,130.35,1910032
2021-01-08,131.20,132.19,128.98,129.69,1485477
2021-01-11,127.75,129.25,127.07,128.66,1692490
2021-01-12,127.89,128.60,126.10,127.39,2928158
2021-01-13,126.81,127.32,124.39,126.51,2715009
2021-01-14,128.35,130.63,127.26,128.93,1886605
2021-01-15,128.23,128.38,125.74,126.80,1698367
2021-01-19,127.33,128.23,125.46,126.86,1587263
2021-01-20,126.03,127.64,125.03,126.73,1990152
2021-01-21,126.01,127.69,124.52,126.62,1771945
2021-01-22,125.27,126.27,122.78,122.90,2155253
2021-01-25,122.39,122.59,116.90,119.62,4417475
2021-01-26,120.38,121.44,119.30,120.44,1966367
2021-01-27,118.69,120.39,115.95,117.47,3939606
2021-01-28,120.01,123.47,120.01,120.71,3559856
2021-01-29,119.75,119.97,115.50,116.31,4896777
2021-02-01,117.95,119.77,117.08,117.75,2227410
2021-02-02,119.47,122.56,118.99,122.10,2591735
2021-02-03,122.00,124.77,121.85,123.35,2256753
2021-02-04,124.01,125.85,123.31,125.45,1869230
2021-02-05,126.99,129.52,126.98,129.48,2807278
2021-02-08,130.15,130.82,126.70,129.09,2187988
2021-02-09,129.29,129.29,126.10,127.05,1404124
2021-02-10,127.07,128.93,126.16,126.75,1699892
2021-02-11,127.56,128.74,125.03,126.65,1929388
2021-02-12,125.74,129.79,125.56,129.48,1741073
2021-02-16,130.01,131.09,128.58,130.40,2443775
2021-02-17,128.40,133.26,127.53,131.34,2906528
2021-02-18,128.26,132.77,127.54,131.98,2625496
2021-02-19,131.28,137.58,131.28,136.28,2855958
2021-02-22,139.20,145.43,138.67,142.56,5314873
2021-02-23,145.00,149.67,142.15,149.55,5632769
2021-02-24,149.50,157.60,149.39,157.50,5865841
2021-02-25,156.26,159.98,148.80,150.09,5147253
2021-02-26,150.28,152.23,145.80,148.07,4107630
2021-03-01,151.03,151.03,147.97,148.47,2285993
2021-03-02,147.14,149.78,145.87,148.95,2893200
2021-03-03,149.51,150.33,146.28,146.31,2334317
2021-03-04,147.23,147.62,139.60,144.77,4121771
2021-03-05,146.66,147.39,138.97,146.92,3040551
2021-03-08,149.57,153.05,146.32,150.44,3123708
2021-03-09,151.24,151.41,146.66,147.00,2955901
2021-03-10,147.40,150.81,146.83,147.14,2262781
2021-03-11,147.14,150.64,145.76,148.83,2247279
2021-03-12,149.35,151.91,148.12,150.20,1688083
2021-03-15,152.49,154.05,150.25,153.56,2565604
2021-03-16,153.56,154.15,149.54,150.63,1720086
2021-03-17,149.85,156.15,149.77,155.95,2756606
2021-03-18,154.57,157.64,152.10,154.29,2840339
2021-03-19,152.59,153.44,149.04,152.28,5443993
2021-03-22,150.55,152.25,149.38,151.50,2595709
2021-03-23,149.68,149.70,141.40,142.42,4233188
2021-03-24,144.20,147.65,143.19,143.28,2869497
2021-03-25,141.84,146.96,139.41,146.57,2134993
2021-03-26,147.35,147.54,142.81,146.82,2726675
2021-03-29,146.00,146.80,143.15,144.60,2577968
2021-03-30,144.79,149.68,144.53,148.23,2753473
2021-03-31,148.96,150.34,147.03,148.11,2352517
2021-04-01,148.27,149.33,146.57,148.27,2082479
2021-04-05,150.50,153.23,150.24,150.93,2352501
2021-04-06,150.99,152.77,150.73,151.62,1754254
2021-04-07,152.25,152.41,148.07,148.81,1577138
2021-04-08,148.50,149.94,146.79,149.44,1522322
2021-04-09,148.27,149.00,146.07,148.48,1602000
2021-04-12,148.47,149.45,146.90,149.35,1305933
2021-04-13,148.11,149.16,145.99,148.81,1865806
2021-04-14,149.09,151.94,148.70,149.59,1676823
2021-04-15,149.80,150.62,148.46,149.18,1412698
2021-04-16,150.12,151.32,147.70,148.63,2718353
2021-04-19,148.00,148.93,146.85,147.90,1209789
2021-04-20,146.47,146.47,140.05,141.97,2763302
2021-04-21,141.70,145.40,140.87,144.76,2527132
2021-04-22,144.67,149.27,143.32,146.64,2251472
2021-04-23,147.04,148.72,145.80,148.36,1240794
2021-04-26,149.50,150.74,147.76,148.48,1177244
2021-04-27,148.96,150.35,148.19,149.74,1570704
2021-04-28,149.58,150.25,148.58,149.45,1230123
2021-04-29,151.31,152.99,148.75,151.03,1460727
2021-04-30,149.10,150.02,146.54,148.52,1759521
2021-05-03,149.32,150.16,148.33,148.89,1413483
2021-05-04,148.27,148.27,144.33,147.61,1794781
2021-05-05,147.82,148.92,144.18,144.51,1854890
2021-05-06,144.58,144.58,140.58,142.59,2180456
2021-05-07,143.00,146.89,142.50,146.69,2969160
2021-05-10,144.87,145.40,140.60,140.66,4140799
2021-05-11,139.58,141.94,138.38,141.71,3166657
2021-05-12,140.48,141.31,135.35,135.94,2761998
2021-05-13,136.56,140.39,136.56,139.27,2364088
2021-05-14,140.42,143.80,139.08,143.29,2200314
2021-05-17,143.26,143.26,138.24,139.86,1741346
2021-05-18,140.87,142.99,139.76,139.77,1518428
2021-05-19,137.86,139.50,136.34,139.43,1593277
2021-05-20,139.80,139.96,137.59,138.98,2098290
2021-05-21,139.71,140.74,138.57,139.01,1846890
2021-05-24,140.08,142.21,139.11,141.89,1409639
2021-05-25,142.45,144.24,141.98,142.79,1665464
2021-05-26,144.03,145.27,142.88,144.47,1440385
2021-05-27,145.42,146.00,143.49,145.84,1936522
2021-05-28,145.63,145.71,143.01,143.58,1712315
2021-06-01,145.40,146.93,144.31,145.18,1688072
2021-06-02,145.99,146.05,142.33,142.63,2284627
2021-06-03,141.74,141.90,139.66,140.40,1921783
2021-06-04,141.63,142.50,140.64,142.06,1651346
2021-06-07,143.04,143.25,141.87,142.48,2196321
2021-06-08,142.80,146.38,142.58,145.72,1900107
2021-06-09,146.38,146.50,143.39,143.82,1540993
2021-06-10,144.18,144.75,142.61,143.97,1544913
2021-06-11,144.00,144.64,142.93,143.48,1444022
2021-06-14,143.69,144.53,142.90,143.90,1245504
2021-06-15,143.62,144.46,143.57,144.11,1232252
2021-06-16,143.97,144.59,142.00,143.21,1431391
2021-06-17,143.29,144.86,141.74,141.79,1579013
2021-06-18,140.22,140.62,138.47,138.83,3027210
2021-06-21,139.77,143.00,138.83,142.88,2328300
2021-06-22,142.00,142.49,140.69,141.40,1637561
2021-06-23,140.84,141.70,140.28,141.10,1346306
2021-06-24,142.08,142.70,139.94,140.79,1936513
2021-06-25,141.02,141.32,139.26,140.14,6295622
2021-06-28,139.33,139.46,134.51,135.87,2892139
2021-06-29,136.00,136.81,134.42,135.00,1936225
2021-06-30,135.00,137.35,134.92,136.52,2222440
2021-07-01,137.22,139.59,136.86,139.24,3448546
2021-07-02,139.75,141.75,139.09,141.26,2073075
2021-07-06,141.48,141.89,138.65,140.13,2464700
2021-07-07,139.50,141.18,136.70,139.61,1753207
2021-07-08,136.87,139.10,134.89,137.64,2304612
2021-07-09,138.26,142.71,138.00,142.48,2119903
2021-07-12,141.03,142.73,140.35,141.77,2143187
2021-07-13,140.95,141.72,138.16,138.34,1859083
2021-07-14,138.76,140.67,137.21,139.63,1845062
2021-07-15,139.40,140.22,138.13,139.53,1383820
2021-07-16,140.66,141.20,134.89,135.05,1984757
2021-07-19,130.85,132.90,127.23,130.85,4067597
2021-07-20,131.28,135.92,130.34,135.03,2227328
2021-07-21,135.43,141.07,135.43,140.36,2798368
2021-07-22,139.46,139.91,137.28,138.50,1755506
2021-07-23,138.77,139.99,138.21,139.18,1731637
2021-07-26,139.73,142.59,138.15,142.49,1781607
2021-07-27,141.25,143.49,140.52,143.45,1668727
2021-07-28,144.13,145.31,141.22,144.57,1649296
2021-07-29,145.39,149.80,143.34,147.88,2612515
2021-07-30,146.38,147.96,144.69,145.98,2115977
2021-08-02,147.06,148.67,144.15,144.87,2409833
2021-08-03,145.65,145.72,139.34,142.63,2849270
2021-08-04,141.00,141.00,136.81,137.97,3217676
2021-08-05,139.04,142.94,138.46,141.72,2250464
2021-08-06,141.65,142.20,139.35,141.59,2099969
2021-08-09,141.02,141.14,135.74,137.11,3075059
2021-08-10,136.95,139.16,136.37,137.99,1939020
2021-08-11,137.38,138.89,136.15,138.12,1131637
2021-08-12,137.55,138.03,134.24,134.77,2238844
2021-08-13,135.11,135.45,133.59,134.38,1728136
2021-08-16,133.46,134.30,131.35,133.13,1626564
2021-08-17,131.18,131.49,129.02,130.36,2292146
2021-08-18,130.25,132.47,129.38,130.00,1915403
2021-08-19,128.99,130.38,127.58,130.26,2393707
2021-08-20,129.55,131.53,129.02,131.15,1761820
2021-08-23,132.30,134.17,132.26,134.15,1983043
2021-08-24,135.09,137.74,134.98,136.89,1966213
2021-08-25,137.32,137.58,135.13,136.90,1357498
2021-08-26,136.00,136.41,133.17,133.67,1523917
2021-08-27,133.62,136.76,133.61,136.02,1221014
2021-08-30,136.29,136.46,134.04,135.10,1477522
2021-08-31,134.46,135.96,133.43,135.14,1763197
2021-09-01,136.30,136.47,134.21,134.83,1738662
2021-09-02,135.24,136.88,133.92,135.40,1072575
2021-09-03,134.39,135.30,131.66,133.00,1354785
2021-09-07,132.42,134.40,131.84,134.05,1255737
2021-09-08,134.49,134.96,131.71,133.78,2281306
2021-09-09,133.61,137.50,133.16,136.09,2072706
2021-09-10,136.71,137.72,134.49,135.64,1574455
2021-09-13,136.96,140.58,135.94,139.98,1923643
2021-09-14,139.97,142.69,139.00,142.34,2159366
2021-09-15,141.54,145.09,140.05,144.68,3068248
2021-09-16,144.40,146.01,143.83,144.80,1966801
2021-09-17,145.02,145.63,143.66,143.90,2650198
2021-09-20,142.51,143.12,139.76,142.82,2375420
2021-09-21,143.70,144.54,141.22,142.01,1707350
2021-09-22,142.76,145.79,142.35,144.40,1543099
2021-09-23,144.69,150.18,144.40,149.91,2914129
2021-09-24,149.23,152.75,149.06,152.51,1881598
2021-09-27,152.63,155.78,152.53,154.32,1891006
2021-09-28,153.13,155.30,152.23,153.59,2151853
2021-09-29,154.30,154.38,150.68,151.91,1535560
2021-09-30,152.13,152.13,147.64,148.09,2030902
2021-10-01,150.75,157.28,150.27,155.97,4710118
2021-10-04,155.86,158.76,154.33,155.14,1860717
2021-10-05,155.25,156.52,153.35,155.44,1744908
2021-10-06,153.51,155.46,151.82,155.31,1667256
2021-10-07,157.03,159.66,156.06,157.75,1861994
2021-10-08,157.99,158.74,156.43,157.09,1193933
2021-10-11,157.41,159.77,156.57,156.82,1677850
2021-10-12,156.60,158.23,155.97,157.45,1995785
2021-10-13,158.23,158.45,154.16,154.62,1973149
2021-10-14,155.87,156.54,154.07,155.22,1978432
2021-10-15,157.11,161.42,157.00,160.04,2801381
2021-10-18,159.00,160.44,158.22,159.21,1541852
2021-10-19,158.00,158.90,154.49,155.02,2619787
2021-10-20,154.75,155.19,152.65,153.27,2402898
2021-10-21,153.55,155.78,152.84,155.65,1192894
2021-10-22,155.31,155.96,154.12,154.75,996318
2021-10-25,155.28,156.17,153.45,154.79,1434282
2021-10-26,156.65,157.61,155.17,156.04,1804264
2021-10-27,155.07,160.56,154.18,159.80,2100301
2021-10-28,159.56,162.31,158.26,159.97,2317612
2021-10-29,159.00,161.05,157.45,160.02,2025350
2021-11-01,160.40,162.15,159.29,161.83,2178086
2021-11-02,160.95,161.92,158.33,160.06,2616123
2021-11-03,160.76,166.82,157.07,164.53,3158379
2021-11-04,166.02,166.02,162.71,164.09,1863766
2021-11-05,169.40,171.68,166.23,167.61,2955557
2021-11-08,170.33,170.84,167.33,168.39,2476613
2021-11-09,168.05,168.05,162.39,164.77,1774555
2021-11-10,163.48,164.50,159.59,160.99,1555026
2021-11-11,160.62,161.00,156.62,156.87,1664922
2021-11-12,157.50,158.95,155.53,156.48,1914131
2021-11-15,157.04,157.79,154.88,155.68,1378623
2021-11-16,155.13,155.58,152.81,153.99,2137677
2021-11-17,153.27,156.91,152.33,156.72,1965643
2021-11-18,156.77,157.74,154.84,155.73,1126849
2021-11-19,153.98,156.09,150.26,154.92,1879819
2021-11-22,156.16,157.15,152.79,156.41,2269155
2021-11-23,157.38,158.45,156.14,157.44,1926847
2021-11-24,156.12,158.07,153.40,157.61,1533094
2021-11-26,146.65,147.76,140.55,147.44,4264532
2021-11-29,149.70,154.55,149.70,150.77,3155282
2021-11-30,148.56,149.00,145.70,147.56,3466028
2021-12-01,150.26,152.07,142.11,142.50,3200818
2021-12-02,143.37,152.59,143.13,151.12,3099022
2021-12-03,151.57,152.22,146.80,149.98,3104572
2021-12-06,152.22,159.48,152.22,156.70,2421826
2021-12-07,158.49,162.18,155.70,156.53,2416568
2021-12-08,157.46,159.57,155.81,157.64,1618506
2021-12-09,156.26,158.48,155.36,157.15,1103149
2021-12-10,158.21,160.95,156.02,160.81,1705555
2021-12-13,159.07,159.68,153.42,153.68,2362785
2021-12-14,152.77,155.94,152.55,154.01,1548775
2021-12-15,152.99,153.93,148.65,151.18,2227965
2021-12-16,151.16,153.12,150.09,150.76,2738361
2021-12-17,149.38,151.83,147.51,150.19,3599989
2021-12-20,146.99,151.24,145.79,149.68,2765697
2021-12-21,150.92,158.70,150.92,158.32,2269270
2021-12-22,158.56,163.23,158.36,162.58,2000955
2021-12-23,164.25,165.78,162.54,165.19,1528875
2021-12-27,164.47,167.09,163.45,166.71,1139944
2021-12-28,165.91,167.66,165.28,166.75,1297369
2021-12-29,166.35,167.58,165.50,166.55,905630
2021-12-30,166.55,167.98,164.73,164.86,840916
2021-12-31,164.85,166.18,164.07,165.24,902689
2022-01-03,165.07,166.41,161.23,163.91,1836948
2022-01-04,166.77,171.16,165.80,168.01,2131595
2022-01-05,168.27,169.00,164.33,164.37,1656732
2022-01-06,165.30,166.46,164.23,165.22,1421790
2022-01-07,166.00,168.75,164.69,166.66,1508821
2022-01-10,167.25,167.88,160.13,162.05,2228632
2022-01-11,161.97,165.65,160.07,165.20,2141150
2022-01-12,166.35,166.87,162.66,164.86,1606565
2022-01-13,164.94,167.30,164.10,164.51,1619741
2022-01-14,163.89,164.42,159.72,162.80,1886383
2022-01-18,160.12,161.11,157.68,159.51,2087795
2022-01-19,159.93,159.98,154.11,154.20,2396501
2022-01-20,155.55,161.69,155.37,156.70,2160377
2022-01-21,156.70,160.20,154.50,156.99,4745703
2022-01-24,154.00,156.50,150.93,155.74,3537843
2022-01-25,153.95,158.25,150.35,157.03,2197205
2022-01-26,158.04,164.00,156.69,158.73,2345804
2022-01-27,159.63,160.86,152.13,153.71,2184969
2022-01-28,154.00,159.51,152.75,159.38,1930432
2022-01-31,158.54,161.28,157.24,161.12,1972161
2022-02-01,161.12,163.68,160.33,163.02,1755064
2022-02-02,163.34,163.64,160.11,160.87,3912465
2022-02-03,160.00,164.49,160.00,162.01,2920099
2022-02-04,161.01,163.71,158.92,162.74,2204708
2022-02-07,163.12,167.24,162.75,166.04,2003352
2022-02-08,167.06,172.04,165.30,171.55,2553003
2022-02-09,172.56,176.52,172.03,173.53,2100280
2022-02-10,170.89,176.48,170.00,174.68,2122073
2022-02-11,175.16,177.23,168.68,169.88,2819319
2022-02-14,170.55,174.40,169.42,171.33,2675152
2022-02-15,175.90,181.34,174.54,181.20,4264781
2022-02-16,178.31,184.99,178.00,183.26,3263847
2022-02-17,180.17,181.78,177.71,178.17,3356259
2022-02-18,177.58,179.54,174.72,174.92,2882441
2022-02-22,174.62,175.82,169.81,173.12,2744041
2022-02-23,174.14,174.55,167.37,167.97,3494821
2022-02-24,163.06,169.55,162.95,168.75,4332662
2022-02-25,170.53,174.60,168.43,174.37,2805882
2022-02-28,170.39,172.49,167.53,170.14,2574380
2022-03-01,168.70,170.01,163.88,164.91,2886118
2022-03-02,167.58,171.01,166.91,168.23,2159787
2022-03-03,169.74,171.53,164.45,165.47,2444926
2022-03-04,163.00,163.93,156.76,159.28,2858565
2022-03-07,159.22,159.22,147.93,148.06,3769069
2022-03-08,148.92,159.11,146.07,152.79,4939350
2022-03-09,158.20,162.56,157.74,159.47,3509843
2022-03-10,156.55,164.22,156.05,162.56,2573293
2022-03-11,164.35,165.53,161.30,161.64,2316271
2022-03-14,162.27,164.13,160.11,161.76,1917647
2022-03-15,163.93,167.33,163.65,166.40,2297297
2022-03-16,168.19,172.50,167.03,172.29,2300310
2022-03-17,170.33,171.25,168.13,171.24,1582325
2022-03-18,170.26,173.44,167.65,171.19,3542392
2022-03-21,169.95,170.22,167.85,169.95,1770436
2022-03-22,171.67,172.88,169.98,170.57,2004139
2022-03-23,169.41,170.98,167.20,167.65,2709050
2022-03-24,169.00,171.99,167.20,171.98,1795794
2022-03-25,172.00,173.69,170.75,171.52,1428091
2022-03-28,172.10,172.57,169.14,171.56,1215627
2022-03-29,174.24,178.97,174.10,178.32,2201137
2022-03-30,177.54,179.12,175.40,176.45,2285208
2022-03-31,177.19,179.30,175.72,175.75,2368859
2022-04-01,176.92,178.38,172.61,173.68,1900406
2022-04-04,173.37,175.04,171.62,174.65,1394902
2022-04-05,174.41,176.61,172.00,174.00,1545257
2022-04-06,171.76,171.76,165.62,166.17,2180145
2022-04-07,165.58,166.62,162.36,164.66,2608678
2022-04-08,163.61,165.31,162.40,163.86,1522384
2022-04-11,161.96,165.56,161.66,162.45,1402520
2022-04-12,164.63,165.96,162.28,163.24,1549813
2022-04-13,164.16,176.25,164.01,175.54,3343813
2022-04-14,176.20,181.52,176.20,180.51,3631673
2022-04-18,179.23,184.95,179.23,183.15,2961141
2022-04-19,182.28,189.55,182.05,188.78,2775237
2022-04-20,189.00,193.79,188.78,190.30,3500765
2022-04-21,193.54,195.90,183.70,184.17,2905571
2022-04-22,183.76,184.17,178.94,179.49,1872901
2022-04-25,178.87,182.69,177.01,182.48,2368338
2022-04-26,181.00,183.18,176.81,177.25,2085142
2022-04-27,177.93,181.83,175.91,180.20,1808884
2022-04-28,181.72,186.17,180.07,184.56,2337835
2022-04-29,182.97,185.13,176.96,177.52,2605463
2022-05-02,178.95,180.32,173.28,178.14,2589988
2022-05-03,178.65,178.69,170.79,173.04,4135837
2022-05-04,176.00,181.57,172.31,181.24,4283883
2022-05-05,179.69,183.51,175.18,177.66,3174391
2022-05-06,178.18,178.53,169.28,172.52,2764177
2022-05-09,170.98,170.98,162.10,163.85,4058540
2022-05-10,168.06,170.24,164.93,168.09,2594670
2022-05-11,167.62,172.49,165.79,166.96,2973825
2022-05-12,165.47,167.31,159.96,163.34,2619605
2022-05-13,166.00,167.48,163.75,166.40,2772442
2022-05-16,165.70,166.39,161.40,162.33,2367894
2022-05-17,166.33,167.32,162.50,164.86,2302548
2022-05-18,162.73,164.38,153.01,154.02,3748404
2022-05-19,153.29,159.59,152.25,156.94,2228075
2022-05-20,159.42,159.63,151.43,155.23,2105866
2022-05-23,156.47,159.16,153.32,157.96,1832336
2022-05-24,155.68,156.69,149.76,152.64,2303637
2022-05-25,151.39,160.35,150.77,159.55,3079793
2022-05-26,160.35,171.69,160.35,170.17,3693136
2022-05-27,170.45,177.00,170.45,172.56,2387184
2022-05-31,171.05,172.89,168.33,171.58,2225038
2022-06-01,172.54,174.00,167.86,170.59,1729678
2022-06-02,170.75,174.58,170.38,174.42,1749952
2022-06-03,172.79,175.40,171.85,174.65,1370333
2022-06-06,177.00,179.24,175.29,177.61,1394792
2022-06-07,175.77,177.83,173.67,177.18,1336439
2022-06-08,175.27,175.68,171.77,173.19,1693578
2022-06-09,173.08,173.08,167.64,167.65,1449532
2022-06-10,165.03,167.02,159.76,159.87,2736867
2022-06-13,154.00,154.57,149.87,152.10,4029935
2022-06-14,153.86,154.73,150.28,152.22,2667331
2022-06-15,154.76,157.16,153.12,154.80,2051178
2022-06-16,149.85,150.80,144.59,145.16,2610864
2022-06-17,145.84,147.64,142.80,145.23,3277730
2022-06-21,147.83,147.99,141.17,141.58,3357092
2022-06-22,139.44,141.58,135.99,136.46,4112937
2022-06-23,137.67,137.70,131.01,133.06,3285920
2022-06-24,135.00,141.07,133.26,139.39,3076109
2022-06-27,139.60,141.09,138.34,140.19,2056474
2022-06-28,142.73,146.06,138.51,138.69,2241569
2022-06-29,138.69,139.62,135.72,137.73,2621595
2022-06-30,135.12,138.14,133.07,136.01,3379238
2022-07-01,135.74,139.25,134.62,139.18,2039948
2022-07-05,135.92,138.75,133.99,138.69,2367125
2022-07-06,138.95,139.71,133.54,135.65,1880513
2022-07-07,137.47,139.81,136.97,138.68,2017207
2022-07-08,138.68,138.83,135.56,137.80,1631468
2022-07-11,137.10,138.52,135.15,137.76,2161695
2022-07-12,136.93,141.25,136.93,139.12,1691720
2022-07-13,136.26,142.11,135.70,140.80,2337111
2022-07-14,137.96,141.26,137.95,140.78,2398105
2022-07-15,142.61,144.44,141.65,143.35,2072306
2022-07-18,145.19,149.02,143.69,144.59,2028528
2022-07-19,146.09,151.26,145.94,150.92,2531118
2022-07-20,150.77,153.52,150.00,152.60,1932187
2022-07-21,151.00,151.89,147.76,151.00,1777393
2022-07-22,152.51,154.74,150.29,150.91,2259718
2022-07-25,152.81,153.40,150.20,152.99,1543426
2022-07-26,152.09,152.80,150.56,151.04,2032499
2022-07-27,155.08,159.24,154.84,157.60,2660068
2022-07-28,158.13,159.61,154.86,158.09,1708600
2022-07-29,157.52,159.83,156.63,158.82,1936997
2022-08-01,158.00,160.02,156.39,159.57,2051039
2022-08-02,162.20,162.22,155.58,158.24,3113990
2022-08-03,159.30,161.07,158.61,159.34,1791261
2022-08-04,159.43,159.78,157.18,158.99,1337614
2022-08-05,157.73,159.19,155.93,157.01,2146103
2022-08-08,157.57,161.18,157.39,158.27,1445225
2022-08-09,158.07,159.57,156.67,158.79,1499520
2022-08-10,161.82,162.80,160.29,161.24,1480640
2022-08-11,163.54,164.34,160.70,161.13,1324353
2022-08-12,162.00,164.36,160.89,164.07,1610288
2022-08-15,162.12,164.40,161.70,163.18,1305098
2022-08-16,162.79,166.56,162.48,166.24,1869729
2022-08-17,163.99,164.72,161.88,163.57,1452119
2022-08-18,163.67,165.49,163.03,165.05,1093220
2022-08-19,163.43,164.25,160.89,161.38,1401917
2022-08-22,158.26,159.72,157.47,157.92,1417908
2022-08-23,158.36,160.56,158.35,158.64,1423884
2022-08-24,157.80,160.53,157.80,159.93,1892354
2022-08-25,161.27,163.24,160.65,162.67,1274210
2022-08-26,163.07,163.86,156.25,156.69,1747946
2022-08-29,154.98,156.79,154.46,155.72,1555541
2022-08-30,156.72,157.29,153.00,153.34,1987559
2022-08-31,154.25,155.91,153.34,153.74,2241895
2022-09-01,152.43,154.17,149.90,153.95,2297028
2022-09-02,155.00,157.69,153.43,154.23,1855031
2022-09-06,155.21,156.25,150.50,152.37,1680874
2022-09-07,152.70,157.94,152.30,157.60,2240870
2022-09-08,156.38,159.45,155.52,159.40,1690789
2022-09-09,160.39,162.77,160.19,162.36,1392597
2022-09-12,163.95,165.00,162.80,163.78,1602109
2022-09-13,158.99,161.75,157.04,157.88,2260998
2022-09-14,158.00,162.68,156.65,162.54,1789987
2022-09-15,163.44,166.55,161.73,162.51,1862684
2022-09-16,160.32,160.32,153.28,154.92,3370094
2022-09-19,152.95,158.22,152.66,157.36,1972724
2022-09-20,156.72,158.41,154.84,157.01,2102928
2022-09-21,156.31,156.50,148.15,148.17,3281218
2022-09-22,147.03,147.46,139.66,140.11,3542469
2022-09-23,138.15,138.32,135.90,137.48,2414647
2022-09-26,137.78,140.21,136.02,136.22,1946866
2022-09-27,139.40,141.11,136.89,138.68,2251293
2022-09-28,139.06,144.56,138.51,143.82,2085080
2022-09-29,141.98,142.32,138.98,140.51,1870989
2022-09-30,139.90,143.98,138.27,140.14,2100902
2022-10-03,142.09,142.66,138.71,140.80,2107014
2022-10-04,144.39,148.72,143.40,147.56,2128578
2022-10-05,145.30,148.21,144.82,147.18,1488986
2022-10-06,146.77,148.27,143.60,144.07,1653332
2022-10-07,141.93,142.17,139.31,141.50,2409116
2022-10-10,142.12,143.41,139.47,140.50,1509102
2022-10-11,140.84,141.56,137.25,138.79,1873949
2022-10-12,138.50,143.25,137.29,141.87,1855585
2022-10-13,138.76,144.11,137.26,143.22,2398525
2022-10-14,146.01,147.84,142.52,143.53,2076119
2022-10-17,146.99,148.43,145.84,147.85,2060027
2022-10-18,151.48,153.88,148.58,149.99,1871064
2022-10-19,148.64,151.67,148.64,149.99,1173848
2022-10-20,150.57,153.17,147.17,147.52,1408199
2022-10-21,146.71,154.01,146.50,153.49,2339520
2022-10-24,154.27,156.47,152.41,154.98,1967933
2022-10-25,154.36,156.11,153.11,155.43,1697073
2022-10-26,156.67,158.82,154.15,155.04,2464610
2022-10-27,156.79,158.47,156.00,156.25,1624726
2022-10-28,156.25,160.01,155.29,159.65,1796967
2022-10-31,158.75,162.54,158.14,160.11,2492983
2022-11-01,162.42,163.00,159.22,160.07,1573557
2022-11-02,158.96,159.26,152.30,152.99,2596944
2022-11-03,149.79,150.81,143.92,146.48,2929797
2022-11-04,149.44,151.28,147.34,148.96,3342959
2022-11-07,149.54,150.04,145.00,148.35,2039645
2022-11-08,149.07,152.72,148.45,150.50,1760334
2022-11-09,148.28,153.16,148.08,149.57,2136462
2022-11-10,155.81,158.56,155.80,157.98,2421929
2022-11-11,160.00,164.89,159.83,163.78,2634540
2022-11-14,162.00,164.40,159.26,159.53,2082586
2022-11-15,161.30,163.20,159.51,161.77,2003520
2022-11-16,161.76,162.54,160.39,161.60,2063543
2022-11-17,158.30,160.06,157.50,159.97,1647271
2022-11-18,162.16,163.12,160.45,161.71,1864895
2022-11-21,161.34,162.76,159.94,160.53,1322143
2022-11-22,160.90,163.26,159.56,162.94,1508789
2022-11-23,162.87,163.50,161.09,161.48,1455727
2022-11-25,161.57,163.84,161.25,162.53,918743
2022-11-28,161.74,161.79,158.68,158.89,1856367
2022-11-29,159.00,162.15,159.00,161.26,1824563
2022-11-30,160.60,165.37,159.52,165.35,2662851
2022-12-01,165.63,167.18,164.25,165.19,1874439
2022-12-02,163.00,165.76,162.50,165.63,1419335
2022-12-05,164.31,164.77,161.70,162.04,2180076
2022-12-06,161.94,162.75,158.88,160.47,1898244
2022-12-07,159.69,160.31,157.10,157.28,2199606
2022-12-08,158.66,161.65,158.02,160.66,1849604
2022-12-09,160.38,162.52,160.07,161.16,1264138
2022-12-12,161.01,163.21,159.46,163.17,1554547
2022-12-13,168.66,169.05,162.22,163.12,2177724
2022-12-14,161.25,163.37,157.43,159.33,2464741
2022-12-15,156.25,157.05,153.21,155.41,2517749
2022-12-16,154.07,154.80,152.44,153.79,4943541
2022-12-19,154.07,154.38,150.52,151.37,2019632
2022-12-20,150.90,152.25,150.12,150.41,1675450
2022-12-21,151.35,152.09,147.75,148.75,2284481
2022-12-22,147.23,148.53,145.37,147.22,1837689
2022-12-23,146.32,148.90,146.32,148.58,1067627
2022-12-27,149.02,149.38,147.94,148.35,1349955
2022-12-28,148.53,149.37,145.58,145.60,1321584
2022-12-29,146.92,148.80,146.26,147.97,1431888
2022-12-30,147.01,149.05,146.42,148.89,1542129
2023-01-03,149.85,150.73,147.10,147.75,1686198
2023-01-04,149.24,151.24,149.10,149.86,1731266
2023-01-05,149.01,150.09,147.96,148.88,1542375
2023-01-06,150.54,153.91,150.03,153.38,1588966
2023-01-09,151.76,155.38,151.65,152.53,1864551
2023-01-10,152.44,153.78,151.50,153.16,1275249
2023-01-11,154.16,158.58,153.93,158.47,1712693
2023-01-12,158.37,160.59,157.68,159.99,1627054
2023-01-13,159.59,162.11,159.18,161.78,1532615
2023-01-17,161.28,162.57,160.44,160.99,2570481
2023-01-18,162.30,163.75,159.70,159.79,2188004
2023-01-19,158.44,161.94,158.25,161.03,2184894
2023-01-20,160.67,167.15,160.16,166.91,2330283
2023-01-23,166.00,169.80,165.07,169.02,2585452
2023-01-24,168.57,169.70,167.59,169.63,1645133
2023-01-25,167.62,172.94,167.62,172.33,1881588
2023-01-26,173.47,174.67,172.59,174.58,1620137
2023-01-27,174.50,176.57,174.02,174.33,1637044
2023-01-30,172.36,173.52,171.03,171.20,2041967
2023-01-31,171.45,174.22,170.81,174.18,1329080
2023-02-01,173.02,176.70,171.01,175.36,1456267
2023-02-02,176.60,177.58,175.02,176.17,1145476
2023-02-03,173.99,175.71,172.90,174.43,1504506
2023-02-06,172.72,173.94,171.72,172.32,1485882
2023-02-07,172.00,176.53,170.84,175.42,1808863
2023-02-08,173.72,175.02,173.00,174.01,1520221
2023-02-09,175.56,177.59,174.25,174.90,1525374
2023-02-10,173.14,174.08,170.06,171.37,1544692
2023-02-13,172.03,175.03,171.73,174.37,1995357
2023-02-14,175.72,181.55,171.53,181.27,3366209
2023-02-15,180.92,181.26,179.18,180.59,2563243
2023-02-16,177.40,179.66,175.44,175.79,2277920
2023-02-17,174.63,174.69,171.11,172.52,1890043
2023-02-21,170.76,172.29,169.84,170.68,1817835
2023-02-22,170.04,171.79,169.20,170.59,1250459
2023-02-23,171.53,172.87,169.85,171.94,1382673
2023-02-24,169.47,170.68,169.00,170.33,1642378
2023-02-27,171.76,172.08,169.26,169.61,1543050
2023-02-28,169.56,171.04,168.86,169.24,2709689
2023-03-01,169.42,170.79,168.37,169.44,1799578
2023-03-02,169.39,171.57,167.86,170.90,1254290
2023-03-03,171.85,173.58,171.08,173.07,1406475
2023-03-06,173.29,176.99,173.29,175.12,2136106
2023-03-07,175.58,176.78,173.03,173.57,1436244
2023-03-08,173.64,174.94,172.41,173.44,1184562
2023-03-09,173.46,173.70,167.44,167.73,1870970
2023-03-10,166.94,168.82,164.00,164.53,1710771
2023-03-13,162.54,162.72,158.94,160.56,2394711
2023-03-14,163.02,164.90,161.28,162.69,1901294
2023-03-15,158.94,159.23,155.53,158.33,2757734
2023-03-16,157.56,161.74,157.00,161.13,1886979
2023-03-17,159.86,160.38,157.44,158.77,2480163
2023-03-20,159.66,163.39,159.20,163.04,2342738
2023-03-21,164.97,168.33,164.94,167.76,2327800
2023-03-22,167.30,167.56,163.12,163.21,2397638
2023-03-23,163.81,165.85,158.50,159.98,2423288
2023-03-24,157.95,158.27,153.56,156.56,2510668
2023-03-27,158.15,158.84,156.05,156.58,1637479
2023-03-28,155.89,159.07,155.80,158.98,1825970
2023-03-29,160.22,162.68,160.15,162.13,1752201
2023-03-30,163.91,164.50,162.41,162.67,1175805
2023-03-31,164.29,166.68,164.29,166.04,1514268
2023-04-03,165.43,166.04,163.32,164.46,1533033
2023-04-04,165.15,165.39,163.51,164.38,1200746
2023-04-05,163.62,163.89,162.08,162.56,1380117
2023-04-06,163.00,163.59,161.38,163.05,1092351
2023-04-10,162.23,165.37,162.23,162.79,1256558
2023-04-11,163.45,164.73,162.99,163.88,1204103
2023-04-12,164.93,165.29,161.01,161.47,1370642
2023-04-13,163.01,165.63,161.72,165.50,1569685
2023-04-14,165.50,168.19,165.50,168.10,1736450
2023-04-17,168.73,170.09,168.24,169.75,1221218
2023-04-18,171.59,173.93,171.13,173.66,1867701
2023-04-19,172.38,174.38,172.38,173.71,1430411
2023-04-20,172.90,174.54,172.76,173.76,2001673
2023-04-21,173.90,174.94,173.11,174.41,1321101
2023-04-24,174.78,175.11,173.47,174.33,1146863
2023-04-25,173.80,174.71,172.40,172.86,2226257
2023-04-26,172.95,174.13,164.69,165.12,3087416
2023-04-27,166.00,166.29,162.78,165.39,2105946
2023-04-28,165.15,169.91,164.35,169.34,1646008
2023-05-01,168.96,173.29,168.78,170.14,1928689
2023-05-02,173.75,178.95,173.63,178.61,3821345
2023-05-03,179.62,183.27,177.62,178.45,2378525
2023-05-04,178.45,179.94,175.90,176.48,2090078
2023-05-05,179.12,179.23,174.42,176.57,1638349
2023-05-08,177.36,178.42,175.69,177.95,1244935
2023-05-09,178.54,179.75,177.61,178.99,1400205
2023-05-10,180.00,180.50,172.95,175.63,2198592
2023-05-11,175.19,175.27,173.02,174.49,1447963
2023-05-12,174.49,175.35,172.81,174.10,1053129
2023-05-15,174.63,175.56,172.82,175.50,975755
2023-05-16,174.98,176.33,173.90,174.57,1119036
2023-05-17,176.55,178.68,174.98,177.11,1073794
2023-05-18,176.25,181.41,176.25,181.04,1344527
2023-05-19,181.30,181.45,177.51,178.43,1227321
2023-05-22,178.41,178.56,174.22,174.68,1715395
2023-05-23,173.43,173.43,168.60,169.54,2605853
2023-05-24,168.75,169.35,167.20,168.25,1618983
2023-05-25,167.94,172.09,167.11,171.66,1619172
2023-05-26,171.47,174.09,171.47,171.76,1390016
2023-05-30,172.43,173.04,168.75,169.09,1037450
2023-05-31,169.47,169.84,165.13,167.79,2088720
2023-06-01,167.79,172.15,166.83,171.14,1791567
2023-06-02,171.82,177.40,171.82,177.22,1652956
2023-06-05,176.73,177.58,175.73,177.22,1712949
2023-06-06,177.41,181.46,177.26,180.90,1622097
2023-06-07,180.90,182.78,176.50,177.25,1791292
2023-06-08,175.92,178.81,175.39,178.48,1182580
2023-06-09,178.71,180.00,178.03,179.01,1377766
2023-06-12,179.85,180.98,177.63,180.94,1324712
2023-06-13,182.00,183.33,180.57,181.41,1179247
2023-06-14,182.00,182.94,179.63,181.46,1603648
2023-06-15,178.55,178.84,173.77,176.68,3526617
2023-06-16,177.27,178.28,175.63,176.36,4719571
2023-06-20,175.82,176.44,173.25,173.79,1529486
2023-06-21,173.49,177.11,172.76,176.12,1867790
2023-06-22,176.26,176.67,174.32,175.69,1163231
2023-06-23,173.33,173.39,171.00,171.45,2099414
2023-06-26,170.54,173.20,170.03,171.51,1525757
2023-06-27,173.12,177.54,172.80,177.31,1442151
2023-06-28,177.49,178.00,176.62,177.66,1235378
2023-06-29,177.89,181.41,177.10,181.27,1716157
2023-06-30,182.31,184.89,182.18,183.69,1696080
2023-07-03,183.41,184.97,182.43,184.23,1152402
2023-07-05,183.52,183.74,181.07,182.12,1572992
2023-07-06,180.07,182.41,178.24,182.04,1358085
2023-07-07,181.35,187.12,181.33,185.66,1904473
2023-07-10,185.95,190.99,185.91,190.94,1912097
2023-07-11,191.00,193.24,190.59,191.26,1941870
2023-07-12,193.30,193.30,189.73,190.01,1944935
2023-07-13,190.94,192.40,190.56,191.48,1346967
2023-07-14,191.00,191.00,187.60,189.39,1817420
2023-07-17,187.91,192.88,187.91,191.29,1422791
2023-07-18,191.41,194.37,191.21,193.66,1422671
2023-07-19,193.23,193.54,189.99,190.21,1952004
2023-07-20,190.61,193.50,190.27,191.48,1547663
2023-07-21,193.26,195.90,193.13,194.90,6638568
2023-07-24,193.76,194.46,191.83,194.27,1793831
2023-07-25,193.58,195.95,192.54,194.83,2261350
2023-07-26,194.41,196.24,192.02,193.73,3471403
2023-07-27,194.32,197.06,193.98,195.75,2482033
2023-07-28,197.82,199.98,197.27,199.61,1503354
2023-07-31,199.85,203.41,199.60,201.81,2734284
2023-08-01,199.55,205.94,198.76,204.74,2935297
2023-08-02,204.00,206.53,202.46,203.51,2882419
2023-08-03,201.77,202.79,197.31,200.85,3288771
2023-08-04,202.02,205.68,199.41,202.98,2649970
2023-08-07,204.55,205.61,203.59,204.70,1540627
2023-08-08,203.08,207.20,202.95,206.46,2506968
2023-08-09,206.47,209.00,204.97,206.12,2040112
2023-08-10,208.39,210.98,207.60,208.39,3442550
2023-08-11,207.00,209.32,206.63,208.51,1702022
2023-08-14,207.40,209.00,205.52,206.84,2477113
2023-08-15,206.35,207.98,205.16,206.00,2042523
2023-08-16,204.25,208.48,204.14,206.48,1770353
2023-08-17,207.71,207.71,202.15,202.33,2775078
2023-08-18,200.38,204.07,200.23,202.09,1781693
2023-08-21,202.09,203.55,198.59,199.81,2210811
2023-08-22,200.00,204.52,199.69,203.95,3170957
2023-08-23,203.94,205.17,202.75,203.25,1509408
2023-08-24,203.00,205.38,198.44,198.79,1903167
2023-08-25,199.63,201.37,198.23,199.79,1510423
2023-08-28,200.66,203.07,199.14,202.53,1062152
2023-08-29,201.67,206.46,201.51,206.15,1189525
2023-08-30,206.10,206.55,204.43,205.35,1098526
2023-08-31,206.13,206.51,203.42,203.51,1321173
2023-09-01,204.67,206.42,203.72,205.82,1085953
2023-09-05,205.55,205.55,200.31,201.03,1989042
2023-09-06,200.08,203.39,199.51,202.42,1487270
2023-09-07,202.00,202.05,198.80,199.87,1847366
2023-09-08,200.38,205.70,200.03,205.45,1753495
2023-09-11,206.88,208.23,203.15,204.16,1715766
2023-09-12,203.81,205.12,203.18,203.80,1399622
2023-09-13,203.07,203.83,199.55,200.23,1676206
2023-09-14,201.18,205.19,200.04,204.21,1729309
2023-09-15,204.42,205.21,202.22,203.16,3899862
2023-09-18,202.60,203.65,200.57,200.68,1700782
2023-09-19,200.51,200.69,196.92,198.54,2356298
2023-09-20,199.62,202.94,199.62,199.86,1499985
2023-09-21,197.71,198.05,195.09,195.17,1730860
2023-09-22,195.22,196.91,194.00,194.36,1374984
2023-09-25,193.22,195.47,190.55,192.93,2141546
2023-09-26,192.00,195.19,190.75,191.76,2188709
2023-09-27,194.07,196.28,191.98,193.88,2283972
2023-09-28,194.44,200.29,194.10,199.55,1786747
2023-09-29,199.35,199.79,195.29,196.56,1764522
2023-10-02,196.00,196.14,191.75,193.75,1640754
2023-10-03,191.97,193.00,189.34,190.39,1650450
2023-10-04,191.19,195.93,190.54,194.82,2282580
2023-10-05,195.43,196.12,192.55,194.77,1582735
2023-10-06,193.32,197.82,192.85,195.98,1735822
2023-10-09,193.00,194.56,189.49,194.43,1615370
2023-10-10,195.70,201.29,195.70,198.46,1691908
2023-10-11,198.47,198.95,195.14,198.27,1379221
2023-10-12,199.04,199.19,196.38,197.80,1397750
2023-10-13,197.70,199.51,192.48,192.93,1531293
2023-10-16,196.31,199.15,195.06,197.04,1382589
2023-10-17,196.68,199.56,196.35,197.51,1230886
2023-10-18,195.87,196.87,193.95,194.40,1255989
2023-10-19,195.20,196.21,191.47,192.31,1770813
2023-10-20,190.85,191.47,187.74,187.97,2367811
2023-10-23,189.37,190.77,186.85,188.64,1848318
2023-10-24,189.76,191.32,188.04,190.14,1810178
2023-10-25,187.79,190.70,186.54,188.43,1784845
2023-10-26,188.90,190.66,186.41,186.45,1528088
2023-10-27,186.71,188.06,184.11,185.26,1282336
2023-10-30,188.10,189.62,187.09,188.09,1485116
2023-10-31,187.84,189.18,186.01,188.56,1233984
2023-11-01,189.88,189.88,185.91,188.80,2313664
2023-11-02,184.30,186.55,180.75,185.70,3054268
2023-11-03,188.10,191.88,187.38,191.30,1746126
2023-11-06,192.29,192.40,189.34,191.16,1543671
2023-11-07,191.82,195.21,189.44,194.50,2057263
2023-11-08,195.40,195.86,192.04,192.58,1511455
2023-11-09,193.16,195.41,192.27,194.39,1490200
2023-11-10,194.71,197.77,193.79,197.60,1165685
2023-11-13,197.24,198.44,196.24,197.71,1075611
2023-11-14,200.00,204.15,199.98,202.36,1853393
2023-11-15,203.39,203.79,200.98,201.17,1516215
2023-11-16,201.36,203.84,201.06,203.68,1284232
2023-11-17,205.00,206.38,203.80,205.77,1295254
2023-11-20,204.86,207.36,204.86,206.96,1292773
2023-11-21,206.10,207.74,206.10,207.19,1109896
2023-11-22,208.98,210.74,208.25,209.95,1241233
2023-11-24,209.69,210.43,208.65,208.93,710232
2023-11-27,208.17,209.29,206.78,207.51,1544543
2023-11-28,207.25,207.51,204.55,204.66,1345388
2023-11-29,204.72,205.91,202.29,202.48,1296077
2023-11-30,202.49,203.34,200.94,202.70,1385737
2023-12-01,202.75,209.50,202.75,209.28,1474990
2023-12-04,208.90,213.13,208.08,209.61,1462675
2023-12-05,207.22,208.43,202.24,202.71,1539500
2023-12-06,204.91,207.73,204.30,204.78,1196505
2023-12-07,206.34,208.13,205.32,208.03,1248676
2023-12-08,207.68,209.82,207.18,209.40,1276280
2023-12-11,212.04,217.33,211.48,216.48,2065618
2023-12-12,216.50,217.74,215.60,216.87,1546341
2023-12-13,217.00,218.91,214.35,218.07,1556600
2023-12-14,219.25,221.75,218.34,220.09,1729192
2023-12-15,220.46,222.15,219.12,221.14,3845043
2023-12-18,221.48,222.64,219.41,222.12,1440185
2023-12-19,223.49,224.22,220.83,221.39,1525298
2023-12-20,220.53,220.69,216.34,216.72,1874575
2023-12-21,218.54,222.24,218.54,221.84,1214561
2023-12-22,222.27,223.12,220.88,222.62,994960
2023-12-26,222.23,223.75,221.63,223.45,1118569
2023-12-27,223.94,224.51,222.88,224.44,1329742
2023-12-28,223.87,224.75,223.23,224.08,970966
2023-12-29,224.71,226.63,224.38,225.51,2008659
2024-01-02,225.50,227.18,220.59,221.84,1524791
2024-01-03,220.35,220.97,218.01,219.04,1299881
2024-01-04,219.61,222.41,218.88,220.02,1238784
2024-01-05,219.21,223.40,219.00,222.42,1005249
2024-01-08,222.50,228.29,222.42,228.23,1690687
2024-01-09,225.60,227.47,225.43,226.48,1358349
2024-01-10,225.89,227.98,225.88,226.77,1225339
2024-01-11,227.36,228.94,225.39,226.98,1176052
2024-01-12,227.79,227.83,223.94,225.50,758958
2024-01-16,224.02,226.38,223.07,226.34,1108052
2024-01-17,225.24,227.90,225.02,227.70,1248730
2024-01-18,227.70,233.06,227.69,232.68,2209810
2024-01-19,232.67,234.10,231.56,233.67,1885255
2024-01-22,234.25,238.30,234.08,237.38,1552297
2024-01-23,236.97,237.91,235.74,237.10,1268751
2024-01-24,238.46,239.33,237.32,237.87,1239403
2024-01-25,241.70,243.53,241.36,242.52,1594268
2024-01-26,242.52,243.22,241.04,241.60,1118996
2024-01-29,241.58,242.52,239.78,242.13,1302970
2024-01-30,240.19,244.01,240.19,243.19,1059861
2024-01-31,243.41,243.91,239.27,239.73,1181240
2024-02-01,240.41,243.79,238.72,243.67,1191016
2024-02-02,243.22,246.75,241.61,245.12,1222339
2024-02-05,244.16,245.29,241.84,244.23,1338286
2024-02-06,244.23,245.75,242.83,244.76,1471497
2024-02-07,246.10,250.00,245.08,247.94,1046799
2024-02-08,249.69,250.44,245.81,249.58,1030919
2024-02-09,250.64,250.75,245.45,247.02,1479755
2024-02-12,246.28,249.14,246.00,248.84,1429926
2024-02-13,241.90,241.90,232.01,234.94,3110216
2024-02-14,235.81,236.41,232.20,235.39,2349732
2024-02-15,237.53,240.85,236.89,240.49,1521703
2024-02-16,239.03,243.21,238.30,241.63,2119841
2024-02-20,241.19,243.97,240.51,242.94,2162176
2024-02-21,241.28,244.01,240.57,243.35,1396478
2024-02-22,244.99,250.43,244.78,249.31,1383565
2024-02-23,248.59,252.17,248.59,251.48,1477347
2024-02-26,251.47,251.47,247.05,249.22,1475992
2024-02-27,248.89,249.82,247.68,249.03,1079289
2024-02-28,248.73,251.23,248.18,248.99,953425
2024-02-29,249.70,250.35,247.87,249.87,1698183
2024-03-01,248.98,251.16,247.94,250.00,1096855
2024-03-04,249.77,250.49,247.02,247.42,1156253
2024-03-05,247.53,249.19,245.69,247.88,1083968
2024-03-06,247.88,250.57,246.97,247.10,1314748
2024-03-07,248.40,248.97,246.21,246.91,1197493
2024-03-08,247.17,251.11,246.22,250.28,1276756
2024-03-11,250.28,250.70,246.99,248.47,1176455
2024-03-12,248.69,252.32,248.69,250.69,1271141
2024-03-13,249.90,253.12,248.19,251.41,1804650
2024-03-14,252.38,253.00,247.72,248.00,1711041
2024-03-15,246.15,246.97,243.36,244.07,3709734
2024-03-18,246.60,249.36,246.41,248.52,1915491
2024-03-19,249.36,250.01,247.83,249.82,1164320
2024-03-20,249.43,254.69,249.26,254.05,1630410
2024-03-21,254.74,256.12,253.38,255.27,1530806
2024-03-22,255.91,256.53,253.22,255.16,1282881
2024-03-25,255.31,255.67,252.04,252.11,856014
2024-03-26,253.16,254.29,251.16,252.18,1351407
2024-03-27,254.96,254.96,252.74,253.56,1302306
2024-03-28,255.07,255.10,251.65,252.31,999237
2024-04-01,253.52,254.51,250.73,251.33,1178685
2024-04-02,250.17,250.17,246.54,247.74,1252386
2024-04-03,247.17,250.80,246.77,250.59,1071150
2024-04-04,253.34,254.83,248.06,248.89,1607501
2024-04-05,248.90,254.33,248.27,253.93,1293446
2024-04-08,254.24,255.04,253.41,254.68,1205693
2024-04-09,255.46,255.49,251.34,254.94,1152825
2024-04-10,252.29,255.19,251.26,254.35,1317494
2024-04-11,254.11,260.57,253.01,258.55,1545327
2024-04-12,256.11,257.14,249.31,251.06,1931880
2024-04-15,255.07,257.01,248.21,248.41,1433293
2024-04-16,248.21,248.74,244.74,245.62,1088930
2024-04-17,244.07,245.33,237.54,238.46,2684061
2024-04-18,240.65,241.24,236.08,236.30,1841224
2024-04-19,237.38,239.30,234.55,236.00,1842310
2024-04-22,238.56,239.09,235.51,237.41,1046353
2024-04-23,237.41,239.98,237.41,239.69,1196185
2024-04-24,244.17,249.62,243.31,244.06,2301316
2024-04-25,242.07,243.12,240.23,241.94,1207368
2024-04-26,240.77,244.12,240.74,240.84,1065547
2024-04-29,241.47,244.24,239.59,240.49,1209117
2024-04-30,240.95,241.92,235.50,236.13,1862918
2024-05-01,233.75,237.24,230.81,233.86,2157183
2024-05-02,236.35,236.70,232.63,235.56,1413317
2024-05-03,237.38,238.76,234.30,234.59,1572856
2024-05-06,235.41,237.36,235.39,236.82,1068009
2024-05-07,236.81,238.27,235.66,235.99,898005
2024-05-08,235.55,236.28,234.47,235.35,1194614
2024-05-09,232.67,237.74,230.84,237.54,1229719
2024-05-10,238.00,240.67,237.50,240.46,1145266
2024-05-13,241.25,241.70,236.21,237.50,1288816
2024-05-14,237.97,238.58,235.69,235.87,2105279
2024-05-15,236.75,237.47,235.56,236.00,1569035
2024-05-16,235.64,239.49,235.64,238.96,1280881
2024-05-17,238.96,239.58,236.32,237.73,1217046
2024-05-20,237.85,240.51,237.43,240.33,954160
2024-05-21,241.22,241.22,237.12,238.28,839678
2024-05-22,237.24,239.40,235.50,236.16,1091592
2024-05-23,236.50,236.50,231.84,232.06,1650396
2024-05-24,233.83,236.72,233.28,236.59,909514
2024-05-28,234.82,237.61,232.98,234.14,993794
2024-05-29,231.86,232.44,227.82,228.46,1161711
2024-05-30,228.79,229.60,226.70,228.96,934690
2024-05-31,229.52,231.39,227.44,231.17,1660301
2024-06-03,231.73,232.00,226.03,228.38,1644005
2024-06-04,226.60,231.69,226.44,230.51,1100568
2024-06-05,231.18,233.23,229.50,232.77,987840
2024-06-06,232.87,235.45,231.37,232.03,1028049
2024-06-07,231.52,232.90,230.13,231.10,2723430
2024-06-10,230.00,233.41,229.98,232.76,1219818
2024-06-11,231.78,233.24,229.93,232.64,1285070
2024-06-12,234.02,237.13,234.02,236.56,1477791
2024-06-13,235.22,240.77,234.66,240.47,1188728
2024-06-14,239.33,239.75,235.14,239.45,1566397
2024-06-17,238.55,245.04,237.60,244.70,1406883
2024-06-18,245.28,247.20,242.13,243.05,1320126
2024-06-20,242.68,244.40,242.66,243.98,1154434
2024-06-21,245.69,245.94,242.75,243.53,3299600
2024-06-24,243.23,246.27,243.23,245.66,1058551
2024-06-25,246.53,246.87,243.78,244.83,1283805
2024-06-26,242.67,243.26,239.67,241.51,1592636
2024-06-27,242.95,242.95,240.20,242.25,1153713
2024-06-28,242.40,246.79,241.02,241.77,6788860
2024-07-01,242.19,243.36,237.45,239.51,1475150
2024-07-02,239.81,240.12,236.68,239.98,1417325
2024-07-03,239.63,241.67,238.48,240.17,866747
2024-07-05,240.50,241.38,238.45,240.98,851934
2024-07-08,242.09,243.06,239.17,239.86,1040260
2024-07-09,240.86,240.86,237.39,237.52,1254901
2024-07-10,237.96,242.74,237.16,242.52,1376220
2024-07-11,242.94,242.94,239.25,239.78,1765451
2024-07-12,241.17,245.44,240.16,242.79,1699285
2024-07-15,242.80,246.84,241.99,246.67,1062332
2024-07-16,247.94,255.19,247.69,255.11,1562526
2024-07-17,253.25,255.32,247.49,247.55,1753015
2024-07-18,244.77,248.50,244.05,244.09,1399758
2024-07-19,245.00,245.72,242.65,243.91,1342586
2024-07-22,243.61,244.00,241.15,242.94,1212752
2024-07-23,242.66,245.60,241.97,242.31,730968
2024-07-24,241.24,241.61,234.90,235.04,1762579
2024-07-25,235.00,237.51,232.32,233.75,1380149
2024-07-26,235.60,237.74,234.00,236.60,929373
2024-07-29,237.94,239.52,235.70,238.45,1335718
2024-07-30,239.00,241.54,238.05,238.77,1752791
2024-07-31,230.00,236.22,222.93,227.30,4316714
2024-08-01,226.15,226.49,215.60,218.78,3067875
2024-08-02,215.12,216.64,210.02,213.67,3679065
2024-08-05,209.07,212.34,204.55,211.35,4057455
2024-08-06,212.50,218.41,211.19,215.25,1911718
2024-08-07,215.94,217.64,213.78,214.77,2854397
2024-08-08,215.44,217.81,214.78,215.80,1369788
2024-08-09,215.50,219.00,214.05,217.97,1214086
2024-08-12,217.95,217.95,214.41,214.68,1075264
2024-08-13,215.26,216.85,213.27,216.43,1081200
2024-08-14,217.00,217.71,215.54,217.10,847405
2024-08-15,219.68,222.95,218.93,221.90,1726691
2024-08-16,221.61,221.67,219.72,220.56,1005775
2024-08-19,221.30,226.00,221.06,225.15,1068580
2024-08-20,224.50,225.48,222.87,223.13,1069762
2024-08-21,224.07,225.14,223.06,224.51,710527
2024-08-22,223.81,225.90,223.13,224.12,991214
2024-08-23,225.98,227.65,224.95,225.26,958335
2024-08-26,226.57,228.13,224.15,224.67,1105008
2024-08-27,224.40,228.18,223.80,227.62,1017819
2024-08-28,226.42,228.18,226.18,227.32,1026185
2024-08-29,229.75,233.61,228.88,231.37,1954464
2024-08-30,232.56,235.43,231.04,234.69,2218129
2024-09-03,234.20,234.69,229.74,230.72,1802666
2024-09-04,230.00,230.66,228.11,229.46,1412173
2024-09-05,229.73,230.55,226.86,229.06,1808762
2024-09-06,229.47,232.90,227.16,227.60,3355319
2024-09-09,228.93,230.95,226.53,228.59,1876853
2024-09-10,227.68,229.00,221.95,225.67,1755184
2024-09-11,225.67,227.78,221.84,227.33,1330936
2024-09-12,228.80,230.82,227.59,230.70,1044702
2024-09-13,231.55,232.56,229.67,231.74,1034102
2024-09-16,233.07,235.75,231.90,232.46,993122
2024-09-17,233.73,236.23,232.76,235.61,1005287
2024-09-18,238.90,241.73,236.80,238.74,1539802
2024-09-19,242.97,246.02,242.04,244.46,1676231
2024-09-20,243.90,244.74,240.90,244.39,3663555
2024-09-23,244.85,245.12,241.36,241.67,1393435
2024-09-24,243.02,247.46,242.85,247.38,1225328
2024-09-25,247.47,247.62,244.63,245.50,951362
2024-09-26,248.17,251.00,246.22,250.71,1431803
2024-09-27,252.81,254.43,251.67,253.04,1238389
2024-09-30,252.05,253.95,246.46,248.60,1646374
2024-10-01,248.71,249.31,243.10,246.08,1382540
2024-10-02,245.29,249.00,244.85,248.82,857615
2024-10-03,246.06,249.67,246.01,249.48,935640
2024-10-04,253.28,254.84,252.22,254.61,1129513
2024-10-07,254.00,255.85,253.07,255.16,2406904
2024-10-08,255.32,257.35,253.53,256.58,1207924
2024-10-09,256.29,263.02,256.00,261.88,1442671
2024-10-10,260.89,261.92,259.29,260.54,1038242
2024-10-11,261.23,264.14,261.05,262.63,1084725
2024-10-14,261.22,263.34,260.42,261.56,1139628
2024-10-15,261.37,263.32,259.50,260.58,1252364
2024-10-16,260.43,263.29,259.60,262.57,709199
2024-10-17,264.50,265.20,262.29,264.57,1163528
2024-10-18,264.57,266.58,263.08,265.60,886768
2024-10-21,264.49,266.44,263.26,264.97,869066
2024-10-22,264.80,265.88,263.35,265.50,1198254
2024-10-23,260.48,263.00,255.48,257.82,1990316
2024-10-24,259.97,261.82,257.43,260.63,1195081
2024-10-25,263.31,265.13,261.36,262.12,1162123
2024-10-28,264.35,264.60,260.68,262.55,1127532
2024-10-29,262.80,265.11,262.28,263.89,791538
2024-10-30,263.67,265.60,263.25,264.26,897851
2024-10-31,264.26,265.37,259.92,260.02,1308428
2024-11-01,258.48,263.39,258.43,260.57,1481686
2024-11-04,255.43,256.69,249.55,256.43,2222042
2024-11-05,254.08,261.07,254.08,259.66,1604478
2024-11-06,270.11,277.41,268.49,276.26,2148694
2024-11-07,276.13,278.50,273.86,277.68,1472662
2024-11-08,277.81,282.80,277.20,280.80,1516591
2024-11-11,281.07,286.19,281.07,285.91,1895938
2024-11-12,285.62,287.00,283.71,286.02,1143262
2024-11-13,284.69,289.04,284.36,286.47,1274029
2024-11-14,286.48,287.51,281.76,282.02,1396808
2024-11-15,281.99,282.46,277.67,278.78,1751074
2024-11-18,280.59,282.24,278.05,281.45,1734237
2024-11-19,279.30,280.71,276.28,279.27,890495
2024-11-20,279.55,280.82,278.54,280.18,938554
2024-11-21,281.92,283.82,280.27,283.44,944564
2024-11-22,283.33,284.95,282.88,284.29,990343
2024-11-25,286.08,289.62,285.80,288.00,1808427
2024-11-26,288.80,289.80,286.53,288.18,1459095
2024-11-27,287.88,287.90,284.62,285.60,1112890
2024-11-29,285.55,290.43,285.54,289.09,702422
2024-12-02,288.97,289.94,284.64,286.24,1574285
2024-12-03,287.21,287.99,283.71,284.93,929039
2024-12-04,286.08,290.01,284.50,289.63,1115419
2024-12-05,289.96,294.65,289.88,292.48,1307416
2024-12-06,292.69,295.45,292.34,292.59,1013086
2024-12-09,292.49,293.87,286.28,286.97,1064793
2024-12-10,289.01,289.75,285.50,287.67,866960
2024-12-11,289.99,292.96,289.54,291.73,876856
2024-12-12,292.68,294.01,289.75,289.99,1168265
2024-12-13,288.61,289.59,286.07,287.08,797449
2024-12-16,287.58,292.07,286.34,290.40,977268
2024-12-17,288.77,291.32,288.46,289.44,1310619
2024-12-18,289.50,291.25,277.53,277.65,1861454
2024-12-19,281.20,282.79,278.19,279.02,1490454
2024-12-20,276.83,286.93,276.81,283.96,2619126
2024-12-23,283.49,284.16,280.48,283.63,907991
2024-12-24,283.63,286.55,282.76,286.39,424024
2024-12-26,285.01,287.27,284.85,286.56,473766
2024-12-27,284.01,286.05,280.78,283.66,717608
2024-12-30,281.68,282.10,277.49,280.31,1021016
2024-12-31,280.98,281.20,278.21,278.94,740243
2025-01-02,281.16,281.24,273.51,274.45,1212083
2025-01-03,276.07,276.95,272.19,275.28,1772997
2025-01-06,275.25,275.91,272.00,272.62,1260366
2025-01-07,271.52,273.90,269.28,269.78,1132144
2025-01-08,270.08,273.90,269.83,273.53,1172271
2025-01-10,273.17,275.16,270.53,270.76,1317643
2025-01-13,270.38,273.33,269.84,272.29,935768
2025-01-14,273.00,276.74,272.06,276.43,1106098
2025-01-15,281.60,283.59,275.81,276.05,1513463
2025-01-16,276.00,277.82,275.05,276.00,1588213
2025-01-17,279.00,279.60,276.50,277.18,1805205
2025-01-21,271.27,278.05,269.72,277.72,2772936
2025-01-22,277.77,280.78,277.71,280.41,1412397
2025-01-23,281.79,285.14,277.41,285.07,1694373
2025-01-24,285.00,286.59,282.35,284.11,1339808
2025-01-27,281.45,288.27,280.42,288.05,1569869
2025-01-28,287.30,290.88,286.33,288.64,1403425
2025-01-29,289.37,290.27,287.19,289.66,1302188
2025-01-30,290.92,294.99,290.92,292.54,1030707
2025-01-31,291.65,293.71,289.29,290.59,1293170
2025-02-03,286.79,290.97,283.09,290.46,1217955
2025-02-04,291.48,291.86,289.10,290.75,1402064
2025-02-05,291.06,293.14,288.08,292.39,1329864
2025-02-06,293.98,304.13,293.50,302.95,1826892
2025-02-07,304.93,307.52,302.86,303.97,1662594
2025-02-10,305.92,306.22,301.36,304.45,1770750
2025-02-11,291.32,295.59,285.01,288.00,3055616
2025-02-12,283.98,291.47,283.49,290.45,2692619
2025-02-13,290.67,291.46,285.91,288.24,1899461
2025-02-14,290.28,290.56,283.08,283.52,1660212
2025-02-18,283.52,289.30,280.88,288.42,1601951
2025-02-19,286.48,288.93,283.94,287.56,1414412
2025-02-20,286.92,287.65,283.31,287.20,1153114
2025-02-21,286.65,287.20,275.00,277.47,1983281
2025-02-24,279.35,280.60,274.74,276.76,2058251
2025-02-25,277.66,277.78,271.70,277.46,1807907
2025-02-26,279.17,285.00,278.93,282.16,1607596
2025-02-27,281.48,283.66,276.68,277.21,1571315
2025-02-28,278.97,282.35,277.76,280.45,2269813
2025-03-03,280.00,284.48,275.37,277.72,1635223
2025-03-04,276.41,276.41,268.00,270.80,2390183
2025-03-05,269.55,272.47,268.02,271.10,1456005
2025-03-06,268.38,268.55,262.14,262.63,1663205
2025-03-07,261.45,264.98,256.65,262.75,2337385
2025-03-10,258.36,260.69,255.07,257.22,2447348
2025-03-11,254.87,255.93,243.32,246.31,3143002
2025-03-12,248.00,249.04,240.19,243.81,2349839
2025-03-13,243.47,243.92,236.21,237.29,2026705
2025-03-14,239.42,243.62,239.00,243.11,1414070
2025-03-17,243.92,249.40,242.24,248.11,1971967
2025-03-18,247.08,247.21,239.93,240.39,1253670
2025-03-19,241.60,248.60,241.53,247.62,1373564
2025-03-20,244.91,248.02,243.89,244.84,922654
2025-03-21,235.79,237.94,229.38,237.49,4301171
2025-03-24,241.06,243.49,239.27,242.92,1935633
2025-03-25,243.73,246.75,241.60,246.48,1401122
2025-03-26,247.26,250.43,246.07,246.72,1842222
2025-03-27,245.23,245.97,239.69,244.45,1953054
2025-03-28,243.41,243.41,236.00,237.01,1570780
2025-03-31,234.80,239.68,230.92,238.20,1948856
2025-04-01,237.48,238.98,233.42,238.24,1451291
2025-04-02,235.10,244.03,235.10,242.56,1718845
2025-04-03,230.39,230.58,223.36,224.62,3460349
2025-04-04,218.33,222.66,212.56,214.58,3573939
2025-04-07,207.77,224.14,205.40,213.36,3900249
2025-04-08,220.59,222.12,207.62,211.12,3721898
2025-04-09,210.62,235.29,208.16,233.39,4482470
2025-04-10,228.45,230.22,217.27,222.92,3603193
2025-04-11,222.95,227.75,219.01,225.22,2013997
2025-04-14,224.93,225.47,220.00,223.49,1875711
2025-04-15,224.63,225.49,221.43,222.58,1205378
2025-04-16,219.94,223.98,216.68,218.79,1671307
2025-04-17,221.27,222.42,218.46,220.41,1523469
2025-04-21,218.30,218.99,212.53,215.69,1543023
2025-04-22,217.53,221.37,216.97,220.59,1476546
2025-04-23,228.88,236.44,228.36,229.79,3492933
2025-04-24,228.48,237.35,227.55,236.26,2329901
2025-04-25,236.51,238.01,232.82,236.20,1989937
2025-04-28,238.29,240.82,234.07,236.93,2418262
2025-04-29,235.33,240.85,235.13,239.67,2255183
2025-04-30,234.53,239.05,231.21,238.58,2246386
2025-05-01,241.26,246.24,240.36,243.95,1818154
2025-05-02,247.57,250.54,247.13,249.47,1302164
2025-05-05,248.00,250.84,246.50,247.27,1894389
2025-05-06,256.14,258.59,250.01,251.96,2527732
2025-05-07,251.78,258.10,250.79,255.99,1866604
2025-05-08,256.87,263.12,255.99,259.30,1787666
2025-05-09,259.11,259.99,255.69,257.97,1489136
2025-05-12,269.40,273.42,268.63,271.96,2551069
2025-05-13,272.00,276.02,271.20,274.14,1690372
2025-05-14,272.40,275.62,272.09,272.59,1520773
2025-05-15,271.99,272.95,270.73,271.47,1483535
2025-05-16,271.54,273.32,269.33,273.23,1235055
2025-05-19,269.61,273.76,269.45,273.19,1099182
2025-05-20,271.64,271.64,266.92,267.34,1500733
2025-05-21,263.89,264.59,260.14,260.69,1271790
2025-05-22,261.17,262.11,259.21,260.69,1083009
2025-05-23,255.69,258.97,255.53,257.70,1270776
2025-05-27,260.08,266.35,260.08,266.10,1338943
2025-05-28,266.59,266.89,264.18,264.53,1340577
2025-05-29,265.56,266.18,261.00,263.61,949722
2025-05-30,263.57,265.12,262.10,263.83,1245336
2025-06-02,262.12,262.74,258.79,261.21,1339626
2025-06-03,260.16,265.56,260.16,264.40,1358220
2025-06-04,264.22,265.28,261.93,261.93,926347
2025-06-05,261.93,262.90,259.46,259.81,1188868
2025-06-06,263.85,266.05,262.80,265.63,986737
2025-06-09,265.99,267.73,264.67,265.93,1207503
2025-06-10,266.12,269.08,265.75,268.04,1478986
2025-06-11,269.03,269.19,265.35,266.06,1079385
2025-06-12,264.24,265.84,262.56,263.23,1152397
2025-06-13,259.00,260.57,253.56,254.99,1783228
2025-06-16,256.48,259.53,256.20,257.91,1925923
2025-06-17,255.50,259.44,255.00,256.20,1187148
2025-06-18,256.47,260.84,256.04,257.53,1136426
2025-06-20,259.57,261.52,257.49,260.19,2244294
2025-06-23,259.57,264.32,254.49,264.11,1728502
2025-06-24,266.70,269.91,265.60,268.73,1505779
2025-06-25,269.01,269.10,264.74,265.99,1514085
2025-06-26,266.26,270.49,266.26,269.62,1245117
2025-06-27,269.54,274.51,269.33,273.47,4507328
2025-06-30,274.50,275.80,270.52,273.21,1341813
2025-07-01,271.44,279.09,271.44,278.07,1515520
2025-07-02,277.20,278.18,275.72,277.52,1086334
2025-07-03,277.62,281.28,277.50,280.03,623225
2025-07-07,279.18,280.13,275.56,278.40,1258177
2025-07-08,279.39,282.36,278.69,279.96,1507140
2025-07-09,281.34,282.04,278.55,279.19,906963
2025-07-10,280.52,283.75,278.90,282.30,1440183
2025-07-11,281.49,282.61,279.01,281.65,990638
2025-07-14,280.97,283.48,279.62,282.87,976125
2025-07-15,282.80,282.97,274.67,274.90,1772494
2025-07-16,274.78,276.91,272.60,273.60,1005179
2025-07-17,273.14,274.55,270.04,271.60,1564945
2025-07-18,272.36,273.64,270.74,272.58,1547074
2025-07-21,273.48,274.70,271.21,271.56,1294366
2025-07-22,272.61,273.30,270.03,272.98,1467494
2025-07-23,272.55,273.73,269.50,273.51,1351173
2025-07-24,272.92,276.30,271.39,272.88,1103449
2025-07-25,274.04,279.21,272.75,279.11,1013516
2025-07-28,278.68,280.00,275.61,275.79,1484970
2025-07-29,276.92,276.95,272.57,273.47,1504491
2025-07-30,274.66,275.05,269.22,270.04,1300400
2025-07-31,268.22,270.05,262.95,263.83,2279462
2025-08-01,260.88,261.02,253.75,255.35,2496311
2025-08-04,256.78,259.51,255.43,259.13,2057933
2025-08-05,259.31,262.26,255.27,259.72,2346065
2025-08-06,259.29,263.27,257.33,262.71,1635609
2025-08-07,265.30,266.41,259.75,260.59,1695900
2025-08-08,260.40,262.75,257.31,259.92,1353655
2025-08-11,259.47,261.38,256.49,257.97,1285820
2025-08-12,259.43,265.49,258.02,265.01,1110791
2025-08-13,265.12,270.21,264.38,269.70,1038555
2025-08-14,267.55,268.77,265.67,266.55,1153243
2025-08-15,268.62,268.62,264.63,265.20,1083738
2025-08-18,265.13,267.04,263.90,266.26,908969
2025-08-19,265.76,270.24,265.76,266.78,1141479
2025-08-20,266.78,268.65,263.42,263.53,1090025
2025-08-21,262.38,264.00,261.44,262.27,1116599
2025-08-22,263.70,274.53,263.06,273.82,1606020
2025-08-25,272.79,272.82,268.51,268.60,1259678
2025-08-26,268.20,270.49,266.99,267.85,1254219
2025-08-27,266.88,269.98,265.92,269.67,907360
2025-08-28,270.09,271.57,268.80,270.25,970192
2025-08-29,269.10,270.38,266.19,267.86,858966
2025-09-02,264.93,265.69,261.57,264.48,1422988
2025-09-03,264.76,267.08,263.89,265.07,1046345
2025-09-04,266.61,269.80,265.17,268.85,1232388
2025-09-05,270.69,271.67,262.00,264.70,1378657
2025-09-08,265.13,268.38,263.19,268.06,998226
2025-09-09,267.76,268.62,263.83,264.00,1253682
2025-09-10,264.00,265.78,261.10,262.42,1414650
2025-09-11,263.30,268.92,262.49,267.94,1126642
2025-09-12,266.88,267.78,263.50,266.50,1051626
2025-09-15,267.25,268.62,264.39,265.14,1412251
2025-09-16,265.59,269.10,264.02,267.89,1266410
2025-09-17,267.39,268.31,260.15,262.05,1941596
2025-09-18,262.72,266.62,262.27,263.95,1376676
2025-09-19,265.40,270.28,264.16,268.52,2771039
2025-09-22,265.77,266.18,263.07,264.10,1477695
2025-09-23,263.50,266.02,261.40,261.84,1050340
2025-09-24,263.15,264.29,260.13,262.14,1295681
2025-09-25,260.95,262.25,258.89,260.90,1194624
2025-09-26,261.63,266.00,261.63,264.21,1292382
2025-09-29,265.40,267.69,264.01,266.82,1362065
2025-09-30,265.50,265.96,259.62,260.44,1695657
2025-10-01,258.37,262.26,258.07,261.66,1235244
2025-10-02,261.08,266.79,261.05,266.40,1026760
2025-10-03,265.98,268.95,264.96,267.57,2617913
2025-10-06,269.17,273.10,267.90,271.94,2064848
2025-10-07,272.43,273.04,265.53,267.45,1729643
2025-10-08,267.88,269.48,264.32,267.98,1419841
2025-10-09,268.18,272.85,265.93,266.14,1300873
2025-10-10,266.33,270.22,259.86,260.20,1728208
2025-10-13,263.61,265.29,261.32,263.26,1421682
2025-10-14,260.89,269.64,260.42,267.97,1305774
2025-10-15,267.80,269.79,263.44,266.19,1187499
2025-10-16,267.38,267.72,257.92,259.04,1369991
2025-10-17,259.00,263.07,258.62,260.85,1646033
2025-10-20,262.30,263.81,259.93,260.00,1650241
2025-10-21,263.01,269.57,262.04,268.43,1529014
2025-10-22,268.00,276.80,268.00,272.07,1548188
2025-10-23,272.12,273.04,268.85,269.70,1393216
2025-10-24,271.39,273.31,269.81,271.32,1077703
2025-10-27,272.42,274.94,270.05,271.21,995474
2025-10-28,269.88,271.19,265.32,265.45,1090085
2025-10-29,263.37,267.11,262.03,263.12,1378536
2025-10-30,263.30,267.32,261.70,262.27,1218161
2025-10-31,261.40,261.55,256.76,260.58,1439918
2025-11-03,261.62,264.81,258.99,263.89,2242913
2025-11-04,264.40,275.66,263.50,272.24,2845394
2025-11-05,273.75,285.66,272.66,283.07,2736852
2025-11-06,283.00,286.58,279.87,281.14,1543953
2025-11-07,282.15,291.66,281.93,291.16,2471580
2025-11-10,292.12,294.18,286.10,290.47,1737833
2025-11-11,290.56,294.01,290.04,291.90,1408985
2025-11-12,291.39,294.99,290.54,291.67,1102883
2025-11-13,290.06,293.49,287.01,287.43,1769626
2025-11-14,285.07,288.02,281.19,285.72,1363290
2025-11-17,286.35,286.89,280.99,282.89,1182960
2025-11-18,283.22,286.94,281.30,282.90,1553459
2025-11-19,282.88,285.46,281.53,284.20,1040779
2025-11-20,285.42,289.36,281.72,282.38,1215489
2025-11-21,284.37,298.03,284.27,295.84,2384761
2025-11-24,295.55,297.96,292.72,296.23,2348154
2025-11-25,297.15,305.01,296.67,304.12,1372806
2025-11-26,303.51,306.00,301.94,304.65,1240871
2025-11-28,303.90,305.14,302.95,304.79,575482
2025-12-01,302.43,307.08,302.00,303.44,1421176
2025-12-02,304.56,305.66,299.33,304.65,1126148
2025-12-03,303.52,309.43,303.52,306.65,1459561
2025-12-04,302.93,306.65,292.37,296.00,2268290
2025-12-05,295.20,296.28,292.00,292.59,1604610
2025-12-08,292.07,292.16,286.65,287.82,1569930
2025-12-09,287.40,287.67,283.10,283.84,2035779
2025-12-10,283.89,287.98,282.03,286.96,1743841
2025-12-11,287.17,297.41,285.07,296.46,2260840
2025-12-12,298.26,300.75,296.63,298.72,1788688
2025-12-15,304.45,310.23,302.17,308.49,2216981
2025-12-16,308.48,309.60,303.05,305.97,2012835
2025-12-17,305.46,311.65,305.46,310.07,1659069
2025-12-18,310.25,311.69,304.89,306.82,1659700
2025-12-19,304.40,311.68,304.40,310.16,3064594
2025-12-22,310.74,315.40,309.95,313.75,1209939
2025-12-23,313.14,316.69,313.14,314.07,1171811
2025-12-24,313.09,316.22,313.07,315.16,531716
2025-12-26,315.16,315.96,314.05,315.58,663534
2025-12-29,315.10,315.57,312.43,314.41,764642
2025-12-30,314.41,315.51,313.55,313.94,877254
2025-12-31,313.93,315.34,309.67,310.24,1228384
2026-01-02,310.55,314.30,309.00,313.41,1060674
2026-01-05,311.82,316.32,308.31,311.03,2174606
2026-01-06,309.95,322.60,309.60,321.86,1601216
2026-01-07,319.74,322.24,317.53,319.26,1347293
2026-01-08,317.65,325.71,316.70,324.91,1265342
2026-01-09,326.96,331.09,326.52,328.18,1463770
2026-01-12,325.15,325.15,319.01,323.35,1397657
2026-01-13,322.97,325.46,319.82,322.96,1233340
2026-01-14,321.05,322.05,314.75,319.68,1442044
2026-01-15,322.36,329.69,322.36,325.79,2121646
2026-01-16,326.70,327.75,322.07,325.88,1903443
2026-01-20,320.68,321.96,312.67,313.84,1756064
2026-01-21,314.82,321.84,312.59,320.56,1984622
2026-01-22,322.99,327.20,320.71,321.67,1575616
2026-01-23,319.31,320.74,316.69,319.70,1368537
2026-01-26,317.59,319.47,313.00,316.70,1247611
2026-01-27,315.84,316.35,313.26,313.95,953968
2026-01-28,315.08,316.00,311.56,312.07,1264167
2026-01-29,312.49,320.75,312.49,319.77,1698239
2026-01-30,316.71,318.95,313.25,315.30,1325280
2026-02-02,316.45,321.10,314.26,319.29,978562
2026-02-03,316.54,322.86,316.07,318.42,1263950
2026-02-04,321.35,329.78,320.39,324.56,2069338
2026-02-05,324.33,326.93,320.40,326.45,1351153
2026-02-06,326.40,333.96,326.00,333.24,1415331
2026-02-09,331.25,332.07,326.13,331.21,2357496
2026-02-10,349.91,363.54,347.36,359.35,4006590
2026-02-11,358.63,367.73,355.00,358.75,2491956
2026-02-12,361.98,370.00,352.55,355.08,1873683
2026-02-13,353.35,359.08,350.18,353.89,1590927
2026-02-17,354.95,361.75,354.84,359.94,2160097
2026-02-18,355.53,360.17,352.86,356.00,1917150
2026-02-19,353.19,354.91,349.33,349.89,1734494
2026-02-20,347.40,352.61,345.04,347.93,2276684
2026-02-23,348.46,348.65,337.77,342.62,1729954
2026-02-24,342.74,347.88,341.50,343.15,1388033
2026-02-25,346.70,348.15,343.50,347.44,2465831
2026-02-26,349.37,354.46,347.85,350.57,1471720
2026-02-27,346.81,347.95,339.51,341.73,1664580
2026-03-02,330.50,336.37,325.81,330.47,2038896
2026-03-03,322.60,337.13,320.56,335.91,2231278
2026-03-04,337.93,339.98,333.07,335.94,1360179
2026-03-05,332.20,334.05,326.53,333.04,1472651
2026-03-06,324.98,326.73,316.12,323.80,2064507
2026-03-09,317.12,329.33,311.20,328.86,1993522
2026-03-10,326.05,331.71,323.78,326.00,1149205
2026-03-11,326.59,327.70,322.95,326.38,989943
2026-03-12,320.17,320.96,315.37,316.31,1608770
2026-03-13,318.38,322.39,313.46,313.81,1082177
2026-03-16,318.24,323.25,316.97,321.84,1419972
2026-03-17,325.60,330.84,325.56,327.28,1054264
2026-03-18,326.00,329.35,322.20,322.52,1399962
2026-03-19,323.50,326.83,320.06,324.89,1278194
2026-03-20,323.08,325.32,317.31,319.76,3151169
2026-03-23,328.90,333.45,325.46,326.52,1856659
2026-03-24,323.37,326.34,321.96,324.29,1103209
2026-03-25,326.19,329.07,322.25,326.79,1513387
2026-03-26,325.52,328.93,323.59,325.74,1010262
2026-03-27,323.11,324.50,316.54,317.54,1875123
2026-03-30,320.00,323.61,317.81,319.31,1425705
2026-03-31,321.17,330.92,321.17,327.07,2458187
2026-04-01,329.64,334.13,325.31,333.46,1577656
2026-04-02,327.42,335.31,324.89,331.93,1119449
2026-04-06,328.72,338.43,328.00,338.00,1110412
2026-04-07,337.27,337.27,326.75,330.93,1497975
2026-04-08,349.06,353.60,346.04,348.58,1701241
2026-04-09,347.51,354.00,344.53,352.93,1147160
2026-04-10,354.32,357.03,352.02,354.10,1122867
2026-04-13,351.52,359.74,348.00,359.56,1286342
2026-04-14,358.94,367.31,357.79,366.70,1476788
2026-04-15,365.80,366.14,360.87,363.74,1528504
2026-04-16,364.93,367.50,361.23,362.42,1535832
2026-04-17,370.49,379.56,368.97,377.93,2052267
2026-04-20,375.36,379.18,374.51,378.72,1205146
2026-04-21,377.34,380.00,373.14,375.45,1562364
2026-04-22,376.02,377.61,366.53,367.13,1391527
2026-04-23,369.84,372.09,363.55,368.24,1141203
2026-04-24,367.45,368.73,364.00,367.15,1148653
2026-04-27,364.00,367.06,358.38,360.67,1354568
2026-04-28,358.64,366.50,356.96,358.33,1240283
2026-04-29,357.39,357.39,349.05,353.95,1249864
2026-04-30,357.96,363.26,355.10,361.69,1997191
2026-05-01,357.50,363.75,354.67,354.97,1001557
2026-05-04,351.16,353.84,345.38,347.24,977453
2026-05-05,347.39,357.91,347.39,354.52,1878880
2026-05-06,363.87,365.00,352.80,359.06,1972494
2026-05-07,358.01,360.83,350.49,352.05,1209083
2026-05-08,353.48,358.39,352.33,353.18,1067994
2026-05-11,350.54,353.53,348.14,353.32,1729258
2026-05-12,355.00,358.18,349.43,350.23,1297694
2026-05-13,347.72,353.91,346.26,350.19,1387848
2026-05-14,352.18,357.07,351.49,353.47,1138922
2026-05-15,351.90,354.49,350.95,353.17,1114160
2026-05-18,354.66,363.79,352.94,359.18,1410118
2026-05-19,357.96,362.59,354.36,358.69,1656031
2026-05-20,359.19,371.51,356.58,369.75,1748103
2026-05-21,366.62,371.15,361.40,370.56,908573
2026-05-22,368.21,370.91,367.30,369.15,820086
2026-05-26,369.85,374.57,368.76,373.81,1105620
2026-05-27,378.57,386.30,378.57,385.86,1617944
2026-05-28,384.90,388.37,381.62,385.76,1974228
2026-05-29,385.56,386.88,373.29,375.60,2322757
2026-06-01,371.33,378.33,370.57,376.96,1396780
2026-06-02,376.70,377.66,373.16,373.76,1186759
2026-06-03,373.83,377.13,371.28,376.75,1057961
2026-06-04,383.20,385.98,380.64,385.30,1150122
2026-06-05,388.11,396.65,386.45,392.51,1975908
2026-06-08,392.51,395.85,388.39,391.42,1349130
2026-06-09,394.00,398.96,389.38,393.61,1394899
2026-06-10,393.80,398.51,385.16,386.23,1701614
2026-06-11,389.00,397.37,386.20,396.89,1496710
2026-06-12,399.39,403.25,396.98,402.54,1115785
2026-06-15,406.43,410.98,399.26,400.63,1515778
2026-06-16,391.50,400.37,387.50,399.10,1860344
2026-06-17,396.17,404.07,393.72,394.61,1672108
2026-06-18,398.63,403.26,394.90,396.20,2846697
2026-06-22,394.56,395.02,383.20,384.19,1607239
2026-06-23,384.46,390.36,381.43,386.83,2019554
2026-06-24,389.52,392.63,382.17,383.56,1414711
2026-06-25,383.54,388.25,377.92,378.91,1498834
2026-06-26,379.48,381.21,372.81,377.31,2426347
2026-06-29,378.57,382.27,373.81,374.88,1487457
2026-06-30,373.57,374.57,367.38,370.59,1910905
2026-07-01,369.95,373.38,365.45,368.32,1669533
2026-07-02,369.88,374.07,366.96,372.95,1552709
2026-07-06,373.23,379.90,371.64,379.75,1737977
2026-07-07,382.15,383.99,380.00,380.75,1494846
2026-07-08,378.15,378.20,369.73,371.16,1391592
2026-07-09,371.80,376.01,366.46,372.47,1207969
2026-07-10,372.82,378.32,372.78,376.11,1028427
2026-07-13,375.70,378.06,361.73,362.87,1592475
2026-07-14,360.78,364.14,359.96,363.19,1736816
2026-07-15,363.61,370.67,363.61,369.05,1111083
2026-07-16,370.49,376.44,368.33,371.14,1257811
2026-07-17,371.14,372.98,363.51,366.24,1845616
2026-07-20,369.81,371.33,364.63,366.93,1064707
2026-07-21,370.79,372.21,365.05,367.81,1013065
2026-07-22,367.53,371.40,366.75,369.80,915122
2026-07-23,363.67,365.92,360.71,364.47,1200348
2026-07-24,365.58,375.78,364.25,374.43,1231813
2026-07-27,378.11,384.20,377.53,383.06,1377211
2026-07-28,382.64,384.23,374.55,383.52,1805631
2026-07-29,377.25,383.26,375.62,381.12,1542696
2026-07-30,380.00,380.60,371.09,375.48,1593673
2026-07-31,377.01,377.93,372.63,372.83,1564261
2026-08-03,359.44,365.47,344.13,346.83,4419268
2026-08-04,344.79,346.36,340.81,345.20,3376608
2026-08-05,348.31,361.83,347.78,361.31,2051359
2026-08-06,362.01,364.74,356.01,359.67,1677250
2026-08-07,358.84,359.97,353.46,353.91,2278678
2026-08-10,350.10,353.36,344.70,348.44,1716765
2026-08-11,348.97,352.27,347.27,349.49,2390459
2026-08-12,351.60,356.60,348.88,354.58,1350859
2026-08-13,356.58,357.61,350.98,352.53,997100
2026-08-14,350.72,358.10,349.74,356.72,880606
2026-08-17,353.94,357.98,353.00,356.57,1313291
2026-08-18,358.35,361.46,355.66,357.33,1505518
2026-08-19,358.40,365.11,357.18,359.95,1288249
2026-08-20,356.61,358.75,354.57,356.60,1861784
2026-08-21,359.02,361.00,354.19,356.39,995008
2026-08-24,359.37,363.39,357.25,360.20,954646
2026-08-25,360.61,362.29,357.43,357.77,1436150
2026-08-26,358.06,360.67,355.07,358.67,2033857
2026-08-27,354.59,357.93,353.77,353.87,1481162
2026-08-28,358.16,358.16,350.81,351.08,1011182
2026-08-31,348.70,350.55,341.14,341.76,1422809
2026-09-01,340.54,342.49,333.74,334.55,1676249
2026-09-02,336.04,337.99,332.24,333.14,1266652
2026-09-03,333.27,337.95,331.14,336.07,1401764
2026-09-04,334.22,339.30,334.22,336.51,1175577
2026-09-08,332.08,336.74,328.24,328.79,2107672
2026-09-09,326.33,332.25,320.91,331.52,2233878
2026-09-10,330.50,334.12,328.60,329.07,1580404
2026-09-11,334.28,336.80,330.45,334.69,1502443
2026-09-14,333.24,341.30,332.04,340.46,1698100
2026-09-15,339.51,342.31,335.44,337.24,1556937
