date,open,high,low,close,volume
2016-09-15,84.66,86.00,84.38,85.66,4703058
2016-09-16,85.76,86.08,85.55,86.01,7781973
2016-09-19,86.02,86.77,85.93,85.99,4008456
2016-09-20,86.48,86.89,86.22,86.36,3874848
2016-09-21,86.44,87.36,86.09,87.14,3492488
2016-09-22,87.52,88.05,87.40,87.82,4351137
2016-09-23,87.61,88.00,87.43,87.71,3509067
2016-09-26,87.28,87.46,86.29,86.56,3729569
2016-09-27,86.16,86.78,85.73,86.67,3722731
2016-09-28,86.56,86.89,86.16,86.74,3207358
2016-09-29,86.86,87.46,85.06,85.40,4125631
2016-09-30,85.66,86.68,85.55,86.40,5000310
2016-10-03,86.00,86.44,85.71,86.39,3205333
2016-10-04,86.51,86.62,85.83,86.11,4092654
2016-10-05,86.12,86.62,86.04,86.30,2656435
2016-10-06,86.18,86.26,85.63,85.95,3057109
2016-10-07,86.22,86.50,85.59,85.96,3182108
2016-10-10,86.18,86.75,85.96,86.17,2815922
2016-10-11,85.96,85.99,82.27,83.20,9865199
2016-10-12,83.42,84.03,83.20,83.68,3861544
2016-10-13,83.37,83.85,82.86,83.31,4941252
2016-10-14,83.43,83.78,82.70,82.71,4042211
2016-10-17,82.53,82.78,82.40,82.57,3986835
2016-10-18,83.09,83.86,82.70,83.55,3510342
2016-10-19,83.77,84.03,83.45,83.67,3485860
2016-10-20,83.66,84.31,83.31,84.02,4438641
2016-10-21,83.32,84.03,83.21,83.91,4413898
2016-10-24,84.39,84.64,83.29,83.30,3777339
2016-10-25,83.34,83.42,82.29,82.47,3866554
2016-10-26,81.89,81.90,80.70,81.12,4626374
2016-10-27,81.30,81.69,80.83,81.13,3305190
2016-10-28,81.04,82.33,80.91,81.93,5281306
2016-10-31,80.95,82.12,80.88,82.02,6285420
2016-11-01,82.02,82.40,80.45,80.92,5663856
2016-11-02,81.04,81.78,80.94,81.09,4613146
2016-11-03,81.39,81.68,81.19,81.60,5501825
2016-11-04,81.69,83.02,81.64,82.14,5584541
2016-11-07,83.28,84.17,82.97,83.95,4519159
2016-11-08,83.85,85.09,83.50,84.34,4793090
2016-11-09,82.67,84.07,81.65,82.86,9800343
2016-11-10,83.59,83.59,82.35,82.72,6401746
2016-11-11,82.18,82.61,81.73,82.07,5199245
2016-11-14,82.22,82.22,76.39,78.75,12327750
2016-11-15,79.40,80.59,79.29,80.27,6878996
2016-11-16,80.25,81.05,79.75,80.89,4281539
2016-11-17,81.10,81.81,81.01,81.80,3792648
2016-11-18,81.71,81.91,80.82,80.93,4674186
2016-11-21,81.22,81.69,80.51,80.58,7387475
2016-11-22,74.25,75.36,72.03,73.60,31138570
2016-11-23,73.26,76.10,73.19,75.78,14395470
2016-11-25,76.41,76.44,75.08,75.52,3045998
2016-11-28,75.45,75.61,73.88,73.99,7517724
2016-11-29,74.40,74.71,72.77,73.42,6746201
2016-11-30,73.71,73.98,72.35,73.01,11613710
2016-12-01,73.01,73.24,71.03,71.88,9619021
2016-12-02,72.55,72.64,71.79,72.01,6521554
2016-12-05,72.56,72.66,71.53,71.67,8077868
2016-12-06,72.06,72.43,71.58,72.11,6504670
2016-12-07,71.90,72.30,71.05,72.22,7481875
2016-12-08,72.11,72.20,71.42,72.07,9466183
2016-12-09,72.25,73.41,72.07,73.35,7159923
2016-12-12,73.36,74.09,73.31,73.71,6144646
2016-12-13,73.92,74.31,73.07,73.37,6532087
2016-12-14,73.49,73.81,72.84,73.30,5438838
2016-12-15,73.33,73.98,72.93,73.44,6240265
2016-12-16,73.63,74.26,73.32,73.46,9969709
2016-12-19,73.52,73.78,73.01,73.10,4585053
2016-12-20,73.08,73.37,72.32,72.44,6851461
2016-12-21,72.12,72.32,71.22,71.58,7623866
2016-12-22,71.50,72.07,71.13,71.74,5846714
2016-12-23,71.76,72.24,71.53,71.95,3124465
2016-12-27,72.03,72.29,71.69,71.77,3256501
2016-12-28,71.87,72.49,71.72,71.81,5527965
2016-12-29,71.73,71.98,71.33,71.54,3893469
2016-12-30,71.79,72.00,71.08,71.23,5631041
2017-01-03,70.25,71.03,69.35,70.61,11125150
2017-01-04,70.90,71.66,70.82,71.27,7806120
2017-01-05,71.48,71.51,70.59,70.83,6217295
2017-01-06,71.14,72.88,71.11,72.87,8985558
2017-01-09,73.30,74.11,73.20,73.82,9671816
2017-01-10,74.27,75.27,74.12,74.90,7681679
2017-01-11,75.12,75.12,73.38,74.44,7475291
2017-01-12,74.06,75.23,73.74,75.11,6462586
2017-01-13,75.00,75.30,74.66,75.09,5455763
2017-01-17,75.06,75.95,74.37,75.82,7084365
2017-01-18,76.27,76.27,75.21,75.67,5833131
2017-01-19,75.30,75.72,74.94,75.30,6753457
2017-01-20,75.51,75.68,74.72,74.99,8898612
2017-01-23,74.72,75.14,74.36,74.77,4523412
2017-01-24,74.64,74.73,73.59,73.83,6430163
2017-01-25,73.99,74.61,73.59,74.49,6165720
2017-01-26,74.49,74.58,73.89,74.04,3699424
2017-01-27,74.54,75.23,74.47,74.95,4903039
2017-01-30,74.68,74.94,74.32,74.67,4372073
2017-01-31,74.59,76.23,74.27,76.02,7828003
2017-02-01,75.28,76.04,75.23,76.00,5618117
2017-02-02,75.58,76.29,75.44,75.92,5357309
2017-02-03,76.13,76.50,75.67,76.34,4985915
2017-02-06,76.32,76.34,75.52,75.98,3817622
2017-02-07,75.87,76.16,75.52,76.12,3898535
2017-02-08,76.07,76.14,75.52,75.60,3668198
2017-02-09,75.77,75.88,75.44,75.71,4367492
2017-02-10,75.85,76.26,75.71,76.15,3427115
2017-02-13,76.27,76.93,76.15,76.92,4081589
2017-02-14,77.00,77.30,76.46,77.05,3781965
2017-02-15,76.64,77.89,76.57,77.70,4244103
2017-02-16,77.72,78.00,77.16,77.99,4152533
2017-02-17,77.86,78.98,77.80,78.88,9954153
2017-02-21,80.00,80.98,79.80,80.56,7313030
2017-02-22,80.25,80.47,79.24,79.62,5507981
2017-02-23,80.25,80.93,79.95,80.74,4552586
2017-02-24,80.54,81.05,80.44,81.03,4488896
2017-02-27,81.03,81.16,80.65,80.75,3589002
2017-02-28,80.51,81.13,80.46,80.91,3749112
2017-03-01,81.31,82.28,80.96,82.07,4995975
2017-03-02,81.90,82.47,81.49,81.99,4069136
2017-03-03,81.62,82.00,81.34,81.86,2775583
2017-03-06,81.42,81.86,81.28,81.54,2681161
2017-03-07,81.18,81.72,81.10,81.40,2594882
2017-03-08,81.40,82.40,81.27,82.22,4018613
2017-03-09,82.15,82.88,81.89,82.79,3478828
2017-03-10,83.00,83.19,82.58,83.04,4034470
2017-03-13,82.99,83.19,82.44,82.89,2968647
2017-03-14,82.66,84.00,82.14,82.52,3591793
2017-03-15,82.60,83.45,82.57,83.30,3266484
2017-03-16,83.24,83.47,81.61,81.83,6346271
2017-03-17,81.81,82.34,81.70,82.23,11360890
2017-03-20,82.16,82.24,81.28,81.42,4423782
2017-03-21,81.80,81.90,80.72,81.12,5344333
2017-03-22,80.70,81.19,80.36,81.00,4417546
2017-03-23,80.74,81.35,80.68,80.86,4194822
2017-03-24,80.85,81.47,80.85,81.00,3010258
2017-03-27,80.70,81.16,80.39,81.03,5272208
2017-03-28,80.92,81.05,80.62,80.74,7442253
2017-03-29,80.83,81.33,80.45,81.14,5686691
2017-03-30,81.04,81.22,80.50,80.99,2421421
2017-03-31,80.75,81.11,80.55,80.56,3789850
2017-04-03,80.85,81.16,80.21,81.03,3250242
2017-04-04,81.00,81.07,80.48,80.62,3097811
2017-04-05,80.92,81.09,80.21,80.24,3612765
2017-04-06,80.68,80.68,79.82,80.22,3930319
2017-04-07,80.25,80.65,80.14,80.37,2515187
2017-04-10,80.30,80.61,80.12,80.30,2666891
2017-04-11,80.11,80.35,79.79,80.15,2642725
2017-04-12,79.77,80.16,79.65,80.10,3551357
2017-04-13,80.00,80.50,79.88,80.01,3440864
2017-04-17,80.17,80.41,79.91,80.36,2695256
2017-04-18,80.68,80.68,80.12,80.33,4543196
2017-04-19,80.75,80.75,80.27,80.32,3781707
2017-04-20,80.16,81.24,79.91,81.02,5323991
2017-04-21,80.99,81.07,80.29,80.48,3582332
2017-04-24,81.36,81.54,80.60,80.65,4153896
2017-04-25,80.76,82.21,80.75,81.76,4251163
2017-04-26,82.24,82.97,82.07,82.14,4445177
2017-04-27,82.22,83.50,82.12,83.13,4878111
2017-04-28,83.04,83.11,82.66,83.09,3915398
2017-05-01,83.01,84.06,83.01,83.74,4325896
2017-05-02,83.65,84.79,83.65,84.75,5260678
2017-05-03,84.71,84.71,83.91,84.09,3226126
2017-05-04,84.10,84.41,83.84,83.91,3669585
2017-05-05,84.15,84.21,83.79,84.00,4030096
2017-05-08,83.98,83.98,83.09,83.30,3913173
2017-05-09,83.33,83.77,83.19,83.34,3819667
2017-05-10,83.24,83.24,82.58,82.89,4942597
2017-05-11,82.45,83.02,82.20,83.01,3800968
2017-05-12,82.87,83.88,82.81,83.42,3013434
2017-05-15,83.41,84.25,83.13,84.14,3301994
2017-05-16,84.09,84.33,83.46,83.94,4635296
2017-05-17,82.89,83.51,82.59,82.66,5861612
2017-05-18,81.59,82.90,81.50,82.40,5225543
2017-05-19,82.45,83.51,82.23,83.23,4780348
2017-05-22,83.26,84.35,83.26,83.99,3912487
2017-05-23,84.10,84.92,83.94,84.61,4385962
2017-05-24,84.80,85.20,84.08,84.70,6666663
2017-05-25,85.21,86.00,83.86,85.58,7210611
2017-05-26,85.58,85.82,84.59,85.09,4796850
2017-05-30,85.11,85.33,84.50,84.86,4131612
2017-05-31,84.99,85.40,83.78,84.28,7442941
2017-06-01,84.61,86.08,84.37,86.08,7535114
2017-06-02,86.12,86.72,85.54,85.82,6162465
2017-06-05,85.59,86.02,85.41,85.95,3243898
2017-06-06,85.88,86.55,85.68,86.00,3627102
2017-06-07,86.37,86.46,85.84,85.98,3291780
2017-06-08,85.90,86.34,85.64,85.94,4138461
2017-06-09,85.85,86.64,85.75,86.51,4715135
2017-06-12,86.61,88.16,86.53,87.63,8823632
2017-06-13,87.58,88.20,87.12,87.20,4459803
2017-06-14,87.56,88.00,87.35,87.65,3509774
2017-06-15,87.33,87.98,87.14,87.66,2967516
2017-06-16,88.00,88.35,87.53,88.08,5429141
2017-06-19,88.08,89.07,88.04,88.99,3806484
2017-06-20,88.73,89.52,88.56,88.82,3535017
2017-06-21,88.97,89.14,88.57,88.79,3549356
2017-06-22,88.97,89.59,88.71,89.09,3549352
2017-06-23,89.44,89.50,88.89,89.20,6707093
2017-06-26,89.22,89.72,88.98,89.15,3491550
2017-06-27,89.15,89.43,88.79,88.79,3149612
2017-06-28,89.13,89.61,88.94,89.30,3339370
2017-06-29,89.38,89.39,88.12,88.71,2887356
2017-06-30,88.75,89.17,88.57,88.75,3827936
2017-07-03,88.80,89.20,88.75,88.81,2006736
2017-07-05,88.52,89.10,88.28,88.90,2892122
2017-07-06,88.70,88.98,87.26,87.26,3884944
2017-07-07,87.65,88.10,87.40,87.96,2796311
2017-07-10,87.86,88.00,87.05,87.20,3062125
2017-07-11,87.05,87.41,86.68,87.26,2792873
2017-07-12,87.75,88.25,87.40,87.81,2128409
2017-07-13,87.93,88.00,87.30,87.81,2306315
2017-07-14,87.81,88.82,87.66,88.57,2257794
2017-07-17,88.57,88.79,85.84,86.06,9485374
2017-07-18,86.00,86.43,85.78,85.85,5505674
2017-07-19,85.98,86.14,85.46,85.65,4596998
2017-07-20,85.91,86.09,85.50,85.67,4286509
2017-07-21,85.67,85.95,84.94,85.17,3523156
2017-07-24,85.21,85.31,84.71,85.09,4095993
2017-07-25,85.40,86.01,85.03,85.93,5255975
2017-07-26,85.82,86.28,85.39,85.74,3331550
2017-07-27,85.86,85.86,84.33,84.68,5244667
2017-07-28,84.57,84.81,84.17,84.29,4550821
2017-07-31,84.50,84.68,83.92,83.97,5452060
2017-08-01,84.11,84.38,83.49,83.52,5356055
2017-08-02,83.52,83.61,82.98,83.20,4909187
2017-08-03,82.96,83.49,82.83,83.29,5944272
2017-08-04,83.54,83.96,83.23,83.68,3414725
2017-08-07,83.77,84.55,83.70,84.37,3647613
2017-08-08,84.29,84.53,83.67,83.83,3816734
2017-08-09,83.75,84.02,83.51,83.95,3519268
2017-08-10,83.58,83.86,83.02,83.04,3495747
2017-08-11,83.32,84.23,83.09,83.71,4301967
2017-08-14,84.05,85.07,84.05,84.47,3357610
2017-08-15,84.58,85.01,84.42,84.59,2760589
2017-08-16,84.83,84.92,84.54,84.60,4376105
2017-08-17,84.48,84.85,83.64,83.67,3699794
2017-08-18,83.32,83.81,83.12,83.41,4294555
2017-08-21,83.33,84.02,82.94,83.52,4626476
2017-08-22,81.46,82.15,81.00,81.76,9381995
2017-08-23,81.32,81.57,79.45,79.75,8667498
2017-08-24,79.69,80.10,79.11,79.24,7364983
2017-08-25,79.42,79.85,79.03,79.06,4231072
2017-08-28,79.57,79.87,79.40,79.59,4900577
2017-08-29,79.36,79.89,79.02,79.72,4130854
2017-08-30,79.70,79.92,79.34,79.86,3725782
2017-08-31,80.00,80.72,79.80,80.62,5661927
2017-09-01,80.70,80.75,79.88,80.05,3133488
2017-09-05,79.88,80.40,79.57,79.82,3258813
2017-09-06,79.92,80.08,79.36,79.87,3784045
2017-09-07,79.92,80.28,79.71,79.95,3386960
2017-09-08,79.90,82.48,79.90,82.03,7881013
2017-09-11,82.25,82.50,81.19,81.56,5853634
2017-09-12,81.50,82.36,81.09,82.30,4075362
2017-09-13,82.13,82.45,81.70,81.93,4795089
2017-09-14,81.88,81.93,81.07,81.80,4461655
2017-09-15,81.63,82.14,81.38,82.12,9541895
2017-09-18,82.37,82.53,81.75,82.40,4162647
2017-09-19,82.65,82.74,81.13,81.19,5584776
2017-09-20,81.19,81.51,79.34,80.16,6384361
2017-09-21,80.14,80.55,79.50,79.53,4785344
2017-09-22,79.48,79.89,79.11,79.70,4556538
2017-09-25,79.49,79.59,77.90,78.27,7151269
2017-09-26,78.25,78.88,78.07,78.37,4791028
2017-09-27,78.67,78.87,77.45,77.84,4756514
2017-09-28,77.70,77.91,77.17,77.71,5536651
2017-09-29,77.66,78.01,77.55,77.77,6171012
2017-10-02,78.06,78.23,77.50,78.05,4312895
2017-10-03,78.18,78.20,77.58,78.11,5866570
2017-10-04,78.25,78.90,78.20,78.63,5735223
2017-10-05,79.37,79.86,79.00,79.51,6322885
2017-10-06,79.57,79.81,79.26,79.81,3223222
2017-10-09,77.80,78.26,76.52,76.93,12760120
2017-10-10,76.95,77.38,76.91,77.29,7244828
2017-10-11,77.08,78.48,77.08,78.24,6442301
2017-10-12,77.72,77.96,77.10,77.92,8498205
2017-10-13,77.89,78.23,77.46,78.07,5442264
2017-10-16,78.03,78.44,77.71,77.73,5392190
2017-10-17,77.76,78.24,77.39,78.00,3809570
2017-10-18,78.00,78.89,77.91,78.59,4613277
2017-10-19,78.57,78.99,78.44,78.48,2765286
2017-10-20,78.77,78.88,78.17,78.34,4173780
2017-10-23,78.72,79.25,78.34,79.02,4811635
2017-10-24,79.11,79.20,78.44,78.66,4436217
2017-10-25,78.58,79.31,78.24,79.20,4906487
2017-10-26,78.90,80.72,78.86,80.44,7266503
2017-10-27,80.89,81.69,80.70,81.30,7744020
2017-10-30,81.04,81.06,79.50,80.53,5994181
2017-10-31,80.47,80.81,80.14,80.52,4611944
2017-11-01,80.42,81.16,80.01,80.31,5136496
2017-11-02,80.30,80.58,77.17,77.87,10276710
2017-11-03,77.62,78.71,77.06,78.43,6936404
2017-11-06,78.46,78.49,77.62,77.69,4005722
2017-11-07,77.90,78.19,77.65,78.01,3655031
2017-11-08,78.16,78.16,77.22,77.81,4468004
2017-11-09,80.14,81.12,79.46,80.81,8803378
2017-11-10,80.40,80.47,78.31,79.33,6416385
2017-11-13,79.28,79.42,78.26,79.20,4013706
2017-11-14,78.94,79.37,78.63,79.16,2701075
2017-11-15,79.00,79.14,78.62,78.68,4084928
2017-11-16,79.02,79.68,78.97,79.26,4755915
2017-11-17,78.83,80.09,78.74,79.49,7097883
2017-11-20,79.38,79.72,78.89,78.90,7446659
2017-11-21,83.60,84.11,82.50,82.66,10876060
2017-11-22,82.76,82.97,82.05,82.34,5303092
2017-11-24,82.69,83.50,82.61,83.25,3165628
2017-11-27,83.26,83.53,81.06,81.41,6346517
2017-11-28,81.67,82.58,81.36,82.46,5741150
2017-11-29,82.31,82.98,81.97,82.11,3942458
2017-11-30,82.66,82.78,82.04,82.13,5655554
2017-12-01,82.46,82.57,80.61,81.27,5993062
2017-12-04,81.32,81.37,79.74,79.87,8687312
2017-12-05,79.57,81.47,79.57,80.92,5392208
2017-12-06,81.15,81.80,80.92,81.50,5192142
2017-12-07,81.61,82.09,80.29,80.57,5491155
2017-12-08,80.66,81.12,80.54,81.07,4101163
2017-12-11,81.08,81.54,80.85,81.27,3501371
2017-12-12,82.49,82.69,81.80,82.00,4858179
2017-12-13,81.80,82.16,81.53,81.92,4473330
2017-12-14,81.95,82.47,81.72,81.83,4972483
2017-12-15,82.44,83.70,82.44,83.50,9812544
2017-12-18,83.61,83.78,83.08,83.43,5204169
2017-12-19,83.72,84.11,82.00,82.04,5096508
2017-12-20,82.39,82.97,81.29,81.38,3769402
2017-12-21,81.54,82.46,81.36,81.48,4051146
2017-12-22,81.56,81.96,81.27,81.54,3187505
2017-12-26,81.57,81.88,81.39,81.47,1923005
2017-12-27,81.63,81.93,81.44,81.76,2463076
2017-12-28,81.33,81.58,81.08,81.34,2859752
2017-12-29,81.58,81.80,80.73,80.75,3259884
2018-01-02,82.16,82.69,81.95,82.21,4783465
2018-01-03,82.20,84.82,82.17,83.92,6878823
2018-01-04,84.45,84.90,83.14,84.12,5943163
2018-01-05,84.53,85.74,84.01,85.54,7427862
2018-01-08,85.50,85.69,85.20,85.51,6057600
2018-01-09,85.86,86.75,85.66,85.88,6100603
2018-01-10,85.55,85.99,84.52,85.49,3575338
2018-01-11,85.94,85.94,85.08,85.73,3930314
2018-01-12,85.85,85.99,85.30,85.45,5069538
2018-01-16,85.58,86.13,84.87,85.32,5412642
2018-01-17,85.88,86.44,85.44,86.11,5425898
2018-01-18,86.16,87.93,85.95,87.26,7317999
2018-01-19,87.58,87.90,86.03,86.68,7303328
2018-01-22,86.42,86.56,85.40,86.05,5926903
2018-01-23,86.22,86.22,84.98,85.23,4958155
2018-01-24,85.83,86.13,85.16,85.76,5680191
2018-01-25,85.99,86.98,85.66,86.82,3937748
2018-01-26,86.86,87.18,86.36,87.12,3805774
2018-01-29,86.85,87.30,86.32,86.72,3798150
2018-01-30,85.93,86.72,85.75,85.96,3859828
2018-01-31,86.33,86.50,85.62,85.89,5257670
2018-02-01,85.38,85.68,84.63,84.98,4174011
2018-02-02,84.67,85.25,84.36,84.45,5505353
2018-02-05,84.07,84.58,80.92,81.42,7034133
2018-02-06,80.06,82.06,79.09,81.67,10183900
2018-02-07,81.40,82.96,81.29,81.35,5926259
2018-02-08,81.33,81.51,78.35,78.38,7025505
2018-02-09,78.88,80.08,77.56,79.48,6053075
2018-02-12,79.71,80.75,79.25,80.24,4307279
2018-02-13,79.85,80.59,79.35,80.22,4574599
2018-02-14,79.72,82.06,79.63,81.86,5000029
2018-02-15,82.41,82.98,81.95,82.94,3987656
2018-02-16,82.80,83.76,82.12,83.31,6824743
2018-02-20,83.14,83.37,80.87,81.61,11125870
2018-02-21,81.43,81.70,80.22,80.72,6805561
2018-02-22,80.91,81.81,80.21,80.41,4527866
2018-02-23,80.95,81.20,79.89,80.39,5132162
2018-02-26,81.40,82.48,80.32,82.42,6201227
2018-02-27,82.62,82.69,81.06,81.24,5179363
2018-02-28,81.52,81.61,79.84,79.89,6706403
2018-03-01,79.79,79.83,77.77,78.30,7944842
2018-03-02,77.90,78.50,77.69,78.33,5695901
2018-03-05,77.85,80.04,77.75,79.74,5371710
2018-03-06,80.01,80.61,79.84,80.41,5338331
2018-03-07,79.79,81.32,79.63,81.13,6040246
2018-03-08,81.33,82.25,81.28,82.21,6620253
2018-03-09,82.44,83.39,82.36,83.15,4655303
2018-03-12,83.26,83.72,83.00,83.30,4218696
2018-03-13,83.75,84.18,83.25,83.47,4367566
2018-03-14,83.78,83.96,81.91,82.30,5182079
2018-03-15,82.39,82.51,81.66,82.03,3394407
2018-03-16,82.36,82.57,81.29,81.29,9360565
2018-03-19,81.28,81.62,79.39,80.13,4594803
2018-03-20,80.53,81.00,79.40,79.90,4267021
2018-03-21,79.90,80.77,79.76,80.04,4329308
2018-03-22,79.16,79.81,78.00,78.14,4440250
2018-03-23,78.21,78.60,76.41,76.55,6065685
2018-03-26,77.44,78.53,76.57,78.46,6159551
2018-03-27,78.74,79.50,77.64,78.16,5451431
2018-03-28,78.39,79.25,78.26,78.46,5274448
2018-03-29,79.26,80.92,78.78,80.22,6162341
2018-04-02,79.79,79.90,76.62,77.48,6352185
2018-04-03,77.76,78.55,77.28,78.35,4444049
2018-04-04,77.24,78.95,76.92,78.72,4134635
2018-04-05,79.02,80.08,78.69,79.70,4173155
2018-04-06,79.20,79.82,77.13,77.64,5175571
2018-04-09,78.27,79.64,77.87,78.46,4708414
2018-04-10,79.13,79.69,78.78,79.29,4733405
2018-04-11,78.63,79.28,78.25,78.59,3749664
2018-04-12,79.16,80.11,79.15,79.84,3555565
2018-04-13,80.17,80.24,79.13,79.57,3996869
2018-04-16,80.19,81.25,80.03,80.60,3628281
2018-04-17,81.03,81.24,79.96,80.63,4611217
2018-04-18,80.89,81.04,80.17,80.19,6131378
2018-04-19,80.20,80.60,79.64,80.00,3720978
2018-04-20,80.10,80.49,79.48,79.90,3686813
2018-04-23,80.15,80.45,79.82,80.02,2582623
2018-04-24,80.50,80.57,78.57,79.37,4924847
2018-04-25,79.02,79.50,78.52,79.46,2931149
2018-04-26,79.70,80.86,79.20,80.59,5144720
2018-04-27,80.36,81.41,80.15,81.29,4191453
2018-04-30,81.40,81.46,80.03,80.13,6057105
2018-05-01,79.60,81.03,79.50,81.01,2986745
2018-05-02,80.73,80.79,79.73,79.92,3838385
2018-05-03,79.24,79.74,78.29,79.58,4532823
2018-05-04,79.33,81.19,79.01,81.08,3563889
2018-05-07,82.38,85.36,82.21,84.82,10271870
2018-05-08,84.32,84.32,82.76,83.20,7002056
2018-05-09,83.33,84.34,82.43,84.06,4884703
2018-05-10,84.32,85.77,84.02,85.68,4632996
2018-05-11,85.60,86.00,85.22,85.56,4020735
2018-05-14,85.51,86.33,85.01,86.18,3837791
2018-05-15,85.58,85.72,83.98,84.37,4544871
2018-05-16,84.46,86.22,84.42,85.55,4033377
2018-05-17,85.37,85.44,84.59,85.11,3517560
2018-05-18,84.73,84.91,84.00,84.64,4643810
2018-05-21,85.25,85.81,85.05,85.32,3335790
2018-05-22,85.36,85.60,84.91,84.97,4208727
2018-05-23,84.54,86.18,84.51,85.26,5212865
2018-05-24,86.35,88.65,86.00,86.99,8715361
2018-05-25,86.99,88.26,85.77,86.30,4685474
2018-05-29,85.58,85.72,84.61,85.39,4539523
2018-05-30,85.72,86.56,85.31,85.89,4236814
2018-05-31,85.56,86.67,85.50,86.32,4815882
2018-06-01,86.85,88.08,86.54,87.83,5438279
2018-06-04,87.92,88.17,87.35,87.52,4507361
2018-06-05,87.22,87.87,86.11,86.66,5357775
2018-06-06,86.80,87.33,86.08,87.24,5424908
2018-06-07,87.32,87.61,85.96,86.63,5350326
2018-06-08,86.70,87.30,86.51,87.18,4566597
2018-06-11,86.91,87.05,86.04,86.59,4307254
2018-06-12,86.93,87.20,86.35,86.69,4288852
2018-06-13,86.73,86.90,85.56,85.84,3735165
2018-06-14,86.12,86.66,85.92,86.57,3756356
2018-06-15,86.73,86.99,85.90,86.78,6445495
2018-06-18,86.06,86.30,85.59,86.25,3002587
2018-06-19,85.56,86.81,85.35,86.61,4506980
2018-06-20,86.46,86.67,85.83,86.13,4334173
2018-06-21,86.28,86.80,85.63,86.30,3401773
2018-06-22,86.66,87.58,86.61,86.81,5573760
2018-06-25,86.70,86.94,85.67,86.74,5242691
2018-06-26,86.72,87.34,86.36,86.86,7807017
2018-06-27,86.43,86.51,85.39,85.49,6309512
2018-06-28,85.52,86.53,85.35,86.33,3948415
2018-06-29,84.68,86.68,84.58,85.61,5082503
2018-07-02,84.38,86.11,83.61,86.03,4677080
2018-07-03,85.28,86.87,85.28,85.98,3002456
2018-07-05,85.39,86.00,85.30,85.91,3148783
2018-07-06,85.81,87.03,85.58,86.63,3618105
2018-07-09,86.53,87.22,86.38,87.13,3475085
2018-07-10,87.17,87.53,87.11,87.39,3485462
2018-07-11,86.79,87.58,86.57,87.26,3855418
2018-07-12,87.49,87.97,86.98,87.87,3494419
2018-07-13,87.89,88.60,87.89,88.36,4388569
2018-07-16,88.20,88.30,87.53,87.73,2814563
2018-07-17,87.87,88.83,87.73,88.29,4932039
2018-07-18,88.29,88.77,87.89,88.01,4938213
2018-07-19,87.90,88.93,87.88,88.42,3969469
2018-07-20,87.78,88.55,87.71,88.02,4313099
2018-07-23,87.59,88.73,87.45,88.63,2891970
2018-07-24,88.82,89.19,88.53,88.91,3188621
2018-07-25,88.65,89.95,88.65,89.73,3438057
2018-07-26,89.95,90.04,89.13,89.26,3831605
2018-07-27,89.29,89.36,88.17,88.66,4486566
2018-07-30,88.71,89.33,88.51,89.08,4067558
2018-07-31,89.36,90.35,88.87,90.23,6244282
2018-08-01,89.96,90.74,89.71,90.24,4810214
2018-08-02,89.79,90.39,89.48,89.89,3394889
2018-08-03,89.80,90.60,89.57,90.48,2611031
2018-08-06,90.35,90.85,90.07,90.59,2946097
2018-08-07,90.64,91.02,90.25,90.85,3510516
2018-08-08,90.81,91.23,90.43,90.81,4691968
2018-08-09,90.81,91.47,90.81,91.22,3834101
2018-08-10,90.87,91.13,90.08,90.60,3443121
2018-08-13,90.50,91.42,90.29,90.74,5010496
2018-08-14,90.70,91.50,90.64,91.05,3875270
2018-08-15,90.91,91.16,90.23,90.99,4082415
2018-08-16,91.27,91.37,90.84,91.10,4190276
2018-08-17,91.29,91.34,90.42,90.60,8878156
2018-08-20,90.65,90.88,89.87,90.03,6550660
2018-08-21,94.00,95.78,93.00,95.17,14697190
2018-08-22,94.87,96.14,94.22,95.58,8564977
2018-08-23,95.36,96.50,95.20,95.61,6535015
2018-08-24,95.66,96.18,95.39,95.55,5284778
2018-08-27,95.61,95.92,95.05,95.44,5593290
2018-08-28,95.55,96.24,95.44,95.77,5150964
2018-08-29,95.86,96.74,95.70,96.59,3808320
2018-08-30,96.44,97.38,96.31,96.81,4519195
2018-08-31,96.32,96.76,96.00,96.41,4238625
2018-09-04,96.57,96.69,95.30,95.56,4448603
2018-09-05,95.45,96.12,95.11,96.04,4410254
2018-09-06,95.81,96.91,95.62,96.49,4943918
2018-09-07,96.30,96.89,96.13,96.32,5662971
2018-09-10,96.64,97.06,96.31,96.37,3137942
2018-09-11,96.18,96.62,95.51,96.08,3544639
2018-09-12,96.03,96.52,95.76,96.25,3667212
2018-09-13,96.53,97.00,96.38,96.95,3883828
2018-09-14,96.95,97.28,96.65,97.01,3261692
2018-09-17,97.01,97.15,95.82,96.03,3672948
2018-09-18,95.81,97.04,95.79,96.88,4469582
2018-09-19,97.27,97.38,96.25,96.46,3184933
2018-09-20,97.18,97.76,96.81,97.48,4298893
2018-09-21,97.59,98.00,96.96,97.85,7815351
2018-09-24,97.99,98.96,97.72,98.86,5576989
2018-09-25,99.01,99.65,98.73,99.00,5694330
2018-09-26,99.35,100.15,98.83,99.17,5651972
2018-09-27,98.82,100.00,97.27,97.70,4710657
2018-09-28,97.62,98.88,97.20,98.37,4430794
2018-10-01,98.72,99.66,98.50,99.49,3623601
2018-10-02,99.27,99.47,98.47,99.02,3880007
2018-10-03,99.35,99.77,97.11,97.47,4449675
2018-10-04,97.15,97.63,96.35,96.98,4211188
2018-10-05,97.26,97.71,96.23,97.17,4630999
2018-10-08,96.75,97.17,95.14,95.97,4637629
2018-10-09,95.68,96.50,95.37,96.19,3179004
2018-10-10,96.10,96.81,94.91,95.07,5827322
2018-10-11,95.03,95.63,92.65,93.11,7168236
2018-10-12,94.43,95.16,93.50,94.69,4713230
2018-10-15,93.85,94.82,93.23,93.82,4046676
2018-10-16,94.93,96.92,94.83,96.55,4982330
2018-10-17,95.63,97.40,95.33,97.29,4640706
2018-10-18,97.17,97.43,95.03,95.92,4128268
2018-10-19,95.66,95.80,93.69,93.94,6693509
2018-10-22,93.94,94.35,92.98,93.62,3931591
2018-10-23,92.50,93.55,91.90,93.09,5507519
2018-10-24,93.12,93.95,91.26,91.47,4811300
2018-10-25,91.80,92.41,90.79,91.76,4545193
2018-10-26,91.03,91.73,89.08,89.75,6725617
2018-10-29,91.09,91.48,88.44,89.45,6242927
2018-10-30,89.65,90.62,89.16,90.27,5572726
2018-10-31,91.00,91.36,89.75,89.82,8494593
2018-11-01,90.13,91.95,90.00,91.55,5013845
2018-11-02,91.89,92.85,90.68,91.42,4500085
2018-11-05,91.95,92.32,91.19,91.61,3938642
2018-11-06,91.54,92.61,91.25,92.51,3927015
2018-11-07,93.24,94.20,92.91,94.12,5484144
2018-11-08,94.00,94.75,93.60,94.74,5300122
2018-11-09,94.69,94.86,93.85,94.36,4306391
2018-11-12,94.48,94.63,92.23,92.64,4232514
2018-11-13,92.60,93.09,91.74,92.07,4949370
2018-11-14,92.86,93.53,91.54,92.11,4266685
2018-11-15,91.54,92.79,89.86,92.77,6573536
2018-11-16,92.72,94.60,92.72,93.70,7915029
2018-11-19,94.01,94.23,90.04,90.37,6517497
2018-11-20,94.87,94.89,91.33,92.16,8268872
2018-11-21,92.76,93.31,91.65,92.97,6829350
2018-11-23,92.50,93.00,91.71,92.01,2560349
2018-11-26,90.62,92.58,90.51,92.06,4853121
2018-11-27,91.69,93.16,91.29,93.13,6094777
2018-11-28,93.39,95.57,93.31,95.37,6507533
2018-11-29,95.38,97.31,95.31,96.60,5864963
2018-11-30,96.81,97.59,96.76,97.53,6581397
2018-12-03,98.00,99.14,97.92,98.75,6166811
2018-12-04,98.58,99.41,96.10,96.49,7037193
2018-12-06,95.21,96.24,93.66,96.24,7948794
2018-12-07,95.92,96.22,93.50,94.24,5902907
2018-12-10,94.00,95.91,92.91,95.48,5092541
2018-12-11,96.48,97.41,94.99,95.47,4765021
2018-12-12,96.40,97.12,95.68,95.71,6023253
2018-12-13,96.58,96.91,94.97,95.50,4563930
2018-12-14,94.40,94.76,93.11,93.72,6328033
2018-12-17,93.47,93.47,91.17,91.85,5972104
2018-12-18,92.96,93.28,91.20,92.00,5544121
2018-12-19,93.72,93.94,90.30,91.26,7605590
2018-12-20,91.15,91.88,89.11,89.90,7633502
2018-12-21,89.11,91.24,88.31,88.60,10902760
2018-12-24,88.23,88.59,85.80,85.80,3748071
2018-12-26,86.39,88.68,85.30,88.66,5786517
2018-12-27,87.45,89.66,86.38,89.65,5933490
2018-12-28,90.21,90.64,88.95,89.26,4508057
2018-12-31,89.92,91.21,89.60,90.96,5163602
2019-01-02,89.53,90.14,87.09,87.92,7085462
2019-01-03,87.62,87.73,85.18,85.45,6070521
2019-01-04,86.84,88.71,86.74,88.13,5240392
2019-01-07,88.37,89.08,82.24,82.45,17428210
2019-01-08,83.28,83.96,81.66,83.03,14324700
2019-01-09,83.79,85.50,83.45,84.30,7880771
2019-01-10,83.86,84.91,83.34,84.84,5191279
2019-01-11,84.17,84.88,83.45,84.84,4971708
2019-01-14,84.35,84.98,84.11,84.75,5054232
2019-01-15,85.27,86.57,85.03,86.03,6269843
2019-01-16,86.58,87.31,86.20,86.99,5017560
2019-01-17,86.97,88.19,86.79,87.60,7444508
2019-01-18,88.52,88.62,86.31,87.30,8545440
2019-01-22,86.82,87.02,86.00,87.00,6519220
2019-01-23,87.08,87.29,85.91,87.16,4635758
2019-01-24,87.26,87.32,86.43,87.23,4515378
2019-01-25,87.68,87.91,86.70,87.02,5283463
2019-01-28,86.52,87.00,85.66,86.42,5037478
2019-01-29,85.96,87.08,85.96,86.47,3670602
2019-01-30,86.49,87.97,86.26,87.83,5382205
2019-01-31,87.74,89.32,87.51,88.39,9443527
2019-02-01,88.87,89.45,87.73,88.31,4263074
2019-02-04,88.31,88.46,86.84,87.81,4956124
2019-02-05,88.26,88.62,87.75,88.03,5324496
2019-02-06,88.28,89.10,87.81,88.86,3373467
2019-02-07,88.41,89.36,88.13,88.90,4299340
2019-02-08,88.43,89.51,88.17,89.01,3982228
2019-02-11,89.48,89.90,89.14,89.60,4011028
2019-02-12,90.00,90.52,89.27,90.25,3713430
2019-02-13,90.76,90.95,90.20,90.67,3468148
2019-02-14,90.84,91.63,90.54,91.23,4644095
2019-02-15,91.96,92.34,91.53,92.27,5596252
2019-02-19,93.22,94.59,92.23,92.33,6891367
2019-02-20,92.45,93.00,92.21,92.80,4924706
2019-02-21,92.67,92.89,92.12,92.61,4125714
2019-02-22,93.00,93.83,92.94,93.77,4551328
2019-02-25,93.92,94.06,92.17,92.22,7098583
2019-02-26,92.25,92.45,91.21,91.29,4484705
2019-02-27,91.00,91.39,90.57,90.89,7327243
2019-02-28,90.93,91.27,90.39,90.50,12183270
2019-03-01,91.18,92.17,90.95,92.09,8016693
2019-03-04,92.51,93.16,91.25,92.29,5483005
2019-03-05,92.01,93.03,91.45,92.72,5771582
2019-03-06,92.88,93.02,91.98,92.08,4070668
2019-03-07,91.81,92.13,90.86,91.08,4812873
2019-03-08,90.98,91.28,89.50,90.52,4113511
2019-03-11,90.97,92.11,90.88,92.00,4272800
2019-03-12,92.24,92.81,91.90,92.44,5809219
2019-03-13,92.86,93.64,92.64,93.02,6502716
2019-03-14,93.10,93.53,92.44,93.33,5578616
2019-03-15,93.36,94.20,93.29,93.79,9493802
2019-03-18,93.26,93.62,91.21,91.89,8347669
2019-03-19,92.06,92.88,91.42,92.66,5822088
2019-03-20,92.39,92.55,91.54,91.72,4737339
2019-03-21,90.97,92.90,90.63,92.10,4217016
2019-03-22,91.63,92.11,90.37,90.39,4291708
2019-03-25,90.38,90.97,90.01,90.62,3264626
2019-03-26,91.36,92.17,90.61,91.07,4458325
2019-03-27,91.07,91.29,89.51,90.26,4794911
2019-03-28,90.30,90.66,89.47,89.96,6534894
2019-03-29,90.22,91.19,89.80,91.08,4677393
2019-04-01,91.63,91.87,90.39,90.69,4102238
2019-04-02,90.95,91.02,90.16,90.40,3438480
2019-04-03,90.84,90.86,88.31,88.45,7605898
2019-04-04,88.50,89.47,88.08,89.23,6085172
2019-04-05,89.72,90.04,88.73,88.93,6192314
2019-04-08,89.17,89.17,88.00,88.99,5464532
2019-04-09,88.68,89.12,88.47,88.72,4938743
2019-04-10,88.72,89.35,88.49,88.63,5008838
2019-04-11,89.20,89.20,87.25,87.60,7759531
2019-04-12,88.00,88.07,86.62,86.75,7142328
2019-04-15,87.13,87.29,86.67,86.87,5815673
2019-04-16,87.51,87.55,86.05,86.15,8423144
2019-04-17,86.24,86.42,84.55,84.73,9363980
2019-04-18,84.54,84.64,82.77,84.22,6798024
2019-04-22,83.76,84.69,83.65,84.15,3669186
2019-04-23,84.47,85.78,84.40,85.10,6415008
2019-04-24,84.89,86.27,84.36,85.64,4388695
2019-04-25,85.75,86.94,85.36,86.86,5847759
2019-04-26,87.25,87.49,86.74,87.35,3363904
2019-04-29,87.23,87.65,86.92,87.44,3997512
2019-04-30,87.61,89.10,87.40,88.81,7112126
2019-05-01,88.82,89.08,87.41,88.31,4685536
2019-05-02,88.29,89.17,88.03,89.14,4761915
2019-05-03,89.55,89.86,89.13,89.58,3705101
2019-05-06,88.50,90.35,88.24,90.15,5504709
2019-05-07,89.75,90.30,88.74,89.27,6455588
2019-05-08,89.02,89.47,88.79,89.00,4556410
2019-05-09,88.34,88.34,86.69,88.14,6844167
2019-05-10,87.53,88.65,86.09,88.33,4239865
2019-05-13,87.26,87.57,86.62,87.33,3823753
2019-05-14,87.45,88.31,87.31,87.66,3194635
2019-05-15,87.23,88.61,86.76,88.27,3696217
2019-05-16,88.67,89.26,88.07,88.11,5013215
2019-05-17,87.22,88.58,87.15,87.73,4735765
2019-05-20,87.51,88.00,86.89,87.57,4677387
2019-05-21,88.02,88.69,87.71,87.77,6403380
2019-05-22,87.72,89.12,87.42,88.76,7391275
2019-05-23,91.08,91.79,90.12,91.64,12993230
2019-05-24,92.40,93.92,92.01,93.03,7341216
2019-05-28,92.89,93.50,91.25,91.31,8852181
2019-05-29,91.18,91.78,90.25,91.52,5830411
2019-05-30,91.87,93.37,91.58,92.58,4400781
2019-05-31,92.12,92.93,91.83,92.58,5949907
2019-06-03,92.78,94.00,92.36,93.33,8489104
2019-06-04,94.00,94.72,93.38,94.41,6871343
2019-06-05,95.70,96.86,95.00,96.55,7867801
2019-06-06,96.51,97.23,95.70,96.50,6495064
2019-06-07,96.94,97.47,96.89,97.11,4848711
2019-06-10,97.03,97.83,96.82,97.75,3975939
2019-06-11,98.00,98.74,97.14,97.56,3621487
2019-06-12,97.53,97.98,97.19,97.53,3108782
2019-06-13,97.50,97.77,96.98,97.50,4281404
2019-06-14,97.60,98.16,97.37,97.50,3056865
2019-06-17,97.51,97.74,97.05,97.32,2749538
2019-06-18,97.82,98.39,97.45,97.96,3653993
2019-06-19,97.63,99.06,97.59,98.75,4307296
2019-06-20,99.31,99.90,98.45,99.26,4887158
2019-06-21,99.21,99.77,98.44,99.38,7027596
2019-06-24,99.29,99.87,98.90,99.16,4037935
2019-06-25,99.15,99.69,98.84,98.90,4416108
2019-06-26,98.46,98.49,96.85,97.22,4315029
2019-06-27,97.84,98.05,96.52,97.48,7428044
2019-06-28,97.90,97.98,96.88,97.39,5539398
2019-07-01,98.29,98.56,97.38,98.10,3329347
2019-07-02,98.10,98.60,97.65,98.05,3380398
2019-07-03,98.06,98.81,97.87,98.81,2325952
2019-07-05,97.91,98.35,97.44,98.11,2319827
2019-07-08,98.16,98.39,97.50,98.02,4384849
2019-07-09,98.40,99.11,98.12,98.44,5665312
2019-07-10,98.50,98.95,98.01,98.85,3482072
2019-07-11,99.60,100.00,98.95,100.00,3981463
2019-07-12,99.87,100.00,98.46,99.25,3545575
2019-07-15,99.29,99.87,98.96,99.82,3075914
2019-07-16,99.98,100.26,99.54,99.87,3632832
2019-07-17,100.27,101.32,99.85,100.92,5579077
2019-07-18,100.60,101.84,100.59,101.34,3922927
2019-07-19,102.08,102.74,100.79,100.80,5292514
2019-07-22,101.12,101.86,100.96,101.24,3061359
2019-07-23,101.56,101.95,101.11,101.61,3304476
2019-07-24,101.85,102.37,101.28,102.33,3429898
2019-07-25,102.09,102.26,101.48,102.09,3007466
2019-07-26,102.50,103.29,101.90,102.55,3515640
2019-07-29,102.57,103.46,102.20,103.26,3131252
2019-07-30,102.97,103.87,102.51,103.75,3892319
2019-07-31,103.53,103.95,101.24,101.94,6937144
2019-08-01,101.86,103.71,101.55,102.37,4287761
2019-08-02,102.02,102.76,101.45,102.33,3632162
2019-08-05,100.31,101.52,98.42,99.51,4598653
2019-08-06,100.00,101.29,99.34,101.24,4786436
2019-08-07,100.36,101.84,99.13,101.39,3954092
2019-08-08,101.53,102.60,100.93,102.28,4951171
2019-08-09,101.88,102.99,101.46,101.67,6602127
2019-08-12,101.67,102.01,100.66,101.00,2668856
2019-08-13,101.27,102.70,101.02,102.40,3700778
2019-08-14,101.50,102.26,100.81,100.93,4715063
2019-08-15,100.79,102.12,100.63,101.75,4366017
2019-08-16,102.51,103.04,101.92,102.76,4758099
2019-08-19,103.50,104.42,103.02,104.18,6106832
2019-08-20,107.98,109.70,106.74,106.91,11295410
2019-08-21,106.61,108.01,106.47,107.79,6550042
2019-08-22,108.00,108.31,107.23,107.83,4402639
2019-08-23,107.66,108.03,105.55,106.05,5316316
2019-08-26,106.61,106.96,106.17,106.89,3092653
2019-08-27,106.97,107.83,106.95,107.54,4429485
2019-08-28,106.98,108.46,106.97,108.00,3924315
2019-08-29,108.44,108.70,107.30,107.80,3992877
2019-08-30,108.43,108.45,107.32,107.89,3776737
2019-09-03,107.24,107.65,106.79,107.47,4360123
2019-09-04,107.89,108.09,107.16,107.66,4323346
2019-09-05,108.76,108.76,107.23,107.72,4148218
2019-09-06,107.87,108.75,107.42,108.69,4484986
2019-09-09,108.80,109.25,107.55,107.93,4652738
2019-09-10,107.22,107.58,106.08,107.48,5063883
2019-09-11,108.20,109.37,107.50,108.63,6209092
2019-09-12,109.50,111.24,109.39,110.38,5203198
2019-09-13,110.00,110.48,109.30,109.67,6828617
2019-09-16,109.50,109.79,108.83,109.05,3402091
2019-09-17,109.05,110.03,108.96,109.34,4333645
2019-09-18,109.50,110.32,108.87,110.00,5529759
2019-09-19,110.33,111.73,110.13,111.01,3730766
2019-09-20,111.46,111.60,110.65,111.18,7400834
2019-09-23,110.79,111.38,110.70,110.84,3431127
2019-09-24,111.14,112.05,109.48,109.76,6249885
2019-09-25,109.54,109.76,106.73,107.62,6749058
2019-09-26,107.94,107.98,106.28,107.40,4358334
2019-09-27,107.90,108.52,106.50,107.32,3111780
2019-09-30,107.61,109.06,107.46,108.62,3766897
2019-10-01,108.84,109.70,108.05,108.22,3667457
2019-10-02,108.12,108.45,105.24,105.94,4507893
2019-10-03,105.87,107.26,105.20,106.93,3046707
2019-10-04,107.54,108.65,107.38,108.56,3441271
2019-10-07,107.92,108.36,107.17,107.26,4001884
2019-10-08,106.50,106.74,105.00,105.01,4648611
2019-10-09,105.80,107.02,105.45,106.75,2916949
2019-10-10,105.87,107.61,105.78,107.42,2921137
2019-10-11,108.52,108.74,107.44,107.58,3658460
2019-10-14,107.94,108.21,107.31,107.57,1943055
2019-10-15,108.11,108.48,107.53,108.19,2797701
2019-10-16,108.17,108.74,107.42,108.50,2995903
2019-10-17,108.63,108.98,108.09,108.51,2342179
2019-10-18,108.47,108.91,107.96,108.12,3155137
2019-10-21,108.45,108.61,106.46,106.62,4186633
2019-10-22,106.93,107.41,104.28,104.49,6184681
2019-10-23,105.38,106.07,104.81,105.22,4571887
2019-10-24,105.73,106.19,104.45,105.29,3532239
2019-10-25,105.59,105.70,104.64,105.44,2671885
2019-10-28,105.45,106.34,105.11,106.22,2651089
2019-10-29,105.92,107.92,105.60,107.55,3587047
2019-10-30,107.55,108.74,106.91,108.55,3065080
2019-10-31,108.39,109.25,107.72,108.90,3999197
2019-11-01,109.20,110.20,108.41,108.57,3844223
2019-11-04,109.00,109.00,106.97,107.15,3524819
2019-11-05,106.94,106.96,104.86,105.53,4135653
2019-11-06,105.76,107.28,105.53,106.87,3653996
2019-11-07,107.35,107.48,106.02,106.80,2630172
2019-11-08,107.12,107.59,106.66,107.03,2312775
2019-11-11,107.72,108.74,107.06,107.96,3090434
2019-11-12,108.52,108.99,108.13,108.63,2413464
2019-11-13,108.70,109.25,108.34,109.01,2255372
2019-11-14,109.95,109.99,108.24,109.21,3401551
2019-11-15,109.94,112.15,109.90,112.06,6223634
2019-11-18,113.28,114.46,111.13,111.25,7550482
2019-11-19,112.49,112.56,109.49,111.07,7542154
2019-11-20,111.41,112.99,111.24,111.79,6029651
2019-11-21,111.57,112.27,109.67,110.49,7026189
2019-11-22,110.85,111.46,110.65,110.82,5567630
2019-11-25,111.23,111.86,110.67,111.78,5652781
2019-11-26,112.00,112.15,110.83,111.33,9387255
2019-11-27,111.38,112.71,111.23,112.47,3367231
2019-11-29,112.24,112.38,110.90,111.39,2786573
2019-12-02,111.20,111.62,109.69,110.91,3429970
2019-12-03,110.05,111.53,110.01,110.99,3648694
2019-12-04,111.15,112.14,110.98,111.94,3003415
2019-12-05,111.94,112.31,111.22,112.20,3205737
2019-12-06,112.50,113.62,112.08,113.09,3622995
2019-12-09,112.83,112.98,111.01,111.13,3463288
2019-12-10,111.36,111.89,110.90,111.04,3850797
2019-12-11,111.54,111.84,111.17,111.72,2897249
2019-12-12,111.43,113.08,111.22,112.38,3741359
2019-12-13,112.06,113.89,111.84,113.52,4180347
2019-12-16,114.07,114.97,114.01,114.54,4304190
2019-12-17,114.97,115.65,114.14,114.35,3864253
2019-12-18,114.11,114.55,113.70,113.80,4895186
2019-12-19,113.90,114.30,112.77,113.49,5116571
2019-12-20,115.25,115.94,113.36,113.74,10323890
2019-12-23,113.78,114.14,113.39,113.89,3726872
2019-12-24,114.07,114.30,113.48,113.77,1281430
2019-12-26,113.21,113.34,112.15,112.58,2942512
2019-12-27,112.90,113.59,112.48,113.35,2458895
2019-12-30,113.77,113.89,112.54,112.93,2112937
2019-12-31,113.00,113.46,112.20,113.45,2806469
2020-01-02,114.46,114.91,113.10,114.56,3916983
2020-01-03,113.16,114.41,113.05,113.88,2764848
2020-01-06,113.27,114.95,113.10,114.89,3332213
2020-01-07,114.34,115.30,114.14,114.49,4443899
2020-01-08,115.31,116.89,115.25,116.50,5482835
2020-01-09,117.05,118.67,116.95,118.39,5120866
2020-01-10,118.71,118.96,117.92,118.64,3181042
2020-01-13,118.31,118.73,117.16,118.01,3367807
2020-01-14,117.38,117.67,116.16,117.04,5695377
2020-01-15,117.17,118.41,116.95,117.33,3683218
2020-01-16,118.12,119.30,117.78,118.86,4019411
2020-01-17,118.95,119.84,118.56,119.03,4906103
2020-01-21,119.00,120.50,118.81,120.32,5596969
2020-01-22,121.59,122.15,120.36,121.09,4169487
2020-01-23,120.74,121.29,119.64,120.97,4126009
2020-01-24,120.89,121.03,118.86,119.26,3382523
2020-01-27,118.50,120.06,118.21,119.23,4192093
2020-01-28,119.21,120.05,119.16,119.18,3422692
2020-01-29,119.75,120.15,118.32,118.37,3019517
2020-01-30,117.43,118.50,116.69,118.15,5056151
2020-01-31,117.76,118.15,115.00,115.44,6068013
2020-02-03,115.95,118.33,115.89,117.99,5618531
2020-02-04,119.45,120.47,119.17,119.99,4000311
2020-02-05,120.63,121.41,120.12,120.62,3811073
2020-02-06,120.63,121.36,119.81,121.30,3763727
2020-02-07,120.63,120.91,118.76,118.95,3946911
2020-02-10,118.32,119.49,118.21,119.38,4057058
2020-02-11,119.93,120.18,118.43,118.95,3959335
2020-02-12,118.89,118.89,116.29,116.49,7629474
2020-02-13,115.00,117.51,114.00,116.83,5639938
2020-02-14,116.85,117.53,116.00,117.33,3815629
2020-02-18,114.23,115.00,111.95,112.66,12050650
2020-02-19,113.90,114.94,113.20,113.77,5198364
2020-02-20,115.03,115.41,113.22,113.86,4914920
2020-02-21,113.59,113.86,112.68,113.28,5493800
2020-02-24,111.90,112.87,110.70,111.35,5334310
2020-02-25,111.60,111.91,108.26,108.53,7074382
2020-02-26,109.43,110.09,106.03,106.15,5426396
2020-02-27,104.84,105.55,100.94,100.98,7263717
2020-02-28,98.97,101.00,96.56,100.67,11689010
2020-03-02,101.63,102.88,99.50,102.62,8358170
2020-03-03,103.19,104.67,98.79,100.40,8371573
2020-03-04,102.55,103.98,100.95,103.59,8935193
2020-03-05,102.78,102.83,99.04,100.18,5881972
2020-03-06,97.28,99.43,96.79,99.06,6843152
2020-03-09,94.02,95.47,91.71,92.40,9053834
2020-03-10,95.20,96.37,91.39,96.36,9725814
2020-03-11,93.69,94.58,90.85,92.44,7894629
2020-03-12,88.30,90.40,83.85,84.40,11417390
2020-03-13,88.93,89.88,81.46,88.82,13456800
2020-03-16,80.53,83.44,76.30,77.43,10210040
2020-03-17,79.07,81.45,76.58,80.21,11584620
2020-03-18,77.00,78.41,72.13,74.54,10468720
2020-03-19,78.04,80.50,73.30,79.22,11112030
2020-03-20,80.97,81.66,75.79,77.46,11355150
2020-03-23,75.68,77.12,72.16,72.92,11494600
2020-03-24,77.37,82.22,76.56,80.35,9955897
2020-03-25,82.00,90.04,80.62,86.82,16273680
2020-03-26,89.04,93.77,89.04,91.94,12539040
2020-03-27,88.56,92.41,88.00,89.89,10665820
2020-03-30,90.75,93.12,90.50,92.05,8248210
2020-03-31,91.68,92.51,89.52,90.18,14091070
2020-04-01,87.11,87.69,82.98,84.11,8109985
2020-04-02,82.79,86.50,81.33,86.15,7152579
2020-04-03,86.03,87.49,84.78,86.27,5625742
2020-04-06,89.35,95.00,88.05,94.09,8952316
2020-04-07,97.26,101.00,94.32,94.46,7688810
2020-04-08,95.17,99.83,94.64,99.28,7655375
2020-04-09,99.50,102.48,99.27,101.03,8080498
2020-04-13,100.23,100.48,97.24,99.52,5355943
2020-04-14,101.22,101.79,99.83,101.20,5013651
2020-04-15,97.36,98.16,95.86,97.32,7727638
2020-04-16,98.11,98.19,95.47,95.70,7944403
2020-04-17,97.86,103.55,97.84,103.33,9559852
2020-04-20,102.05,103.06,101.52,101.54,4729960
2020-04-21,99.50,100.68,97.30,97.61,5472906
2020-04-22,98.57,98.59,93.72,96.08,7696798
2020-04-23,96.50,97.44,95.74,95.83,5854948
2020-04-24,97.60,99.53,96.50,99.30,4631650
2020-04-27,100.03,101.48,99.25,100.76,5019090
2020-04-28,102.36,102.49,97.82,98.04,4501037
2020-04-29,99.50,100.79,98.73,99.14,5393580
2020-04-30,98.13,99.44,96.85,97.63,5496967
2020-05-01,97.00,97.18,94.60,95.14,4172073
2020-05-04,94.53,95.70,93.61,95.26,4717841
2020-05-05,96.79,98.92,96.68,97.90,4200320
2020-05-06,98.31,98.74,96.57,96.76,3606178
2020-05-07,98.38,99.75,97.84,98.94,4403589
2020-05-08,100.42,100.65,98.13,99.03,4278530
2020-05-11,97.84,99.31,96.96,98.74,3490398
2020-05-12,99.10,99.26,95.17,95.20,4411837
2020-05-13,95.00,95.43,92.98,93.28,7110952
2020-05-14,92.20,93.88,89.65,93.82,6355773
2020-05-15,92.98,94.22,92.00,93.89,8591675
2020-05-18,96.82,100.15,96.55,98.90,7047690
2020-05-19,99.00,99.88,96.95,97.03,4801712
2020-05-20,97.89,99.19,96.95,98.08,4270871
2020-05-21,95.10,97.30,94.07,95.41,7021696
2020-05-22,95.52,95.88,92.79,94.72,6518336
2020-05-26,97.58,98.09,94.82,97.15,7086461
2020-05-27,97.43,98.14,94.91,96.00,6163890
2020-05-28,97.52,99.73,97.20,98.14,5444505
2020-05-29,99.10,99.10,96.22,98.58,8961668
2020-06-01,97.73,98.50,96.91,97.11,4863939
2020-06-02,97.20,97.67,96.47,97.25,8363274
2020-06-03,97.51,98.04,96.97,97.10,7508920
2020-06-04,96.75,97.67,96.42,96.99,8785239
2020-06-05,98.75,103.08,98.07,102.04,10060550
2020-06-08,101.72,103.23,100.86,101.33,6929642
2020-06-09,102.01,103.06,99.00,99.11,5622749
2020-06-10,99.21,99.67,97.15,97.55,6098279
2020-06-11,95.85,95.92,90.79,90.87,8829601
2020-06-12,93.85,95.30,91.75,93.21,7333625
2020-06-15,91.37,94.00,90.68,93.62,6025986
2020-06-16,96.50,96.90,94.63,95.55,6500301
2020-06-17,95.65,96.49,95.00,95.48,5360944
2020-06-18,94.74,95.57,93.95,94.43,3692976
2020-06-19,96.04,96.38,93.34,93.91,7060890
2020-06-22,93.03,93.72,91.69,93.33,5370322
2020-06-23,94.38,95.13,93.29,93.39,5160336
2020-06-24,92.51,92.61,88.87,88.93,10928580
2020-06-25,88.20,89.08,87.68,88.86,5671510
2020-06-26,89.00,89.60,88.19,88.77,9108629
2020-06-29,89.48,90.30,88.45,90.26,5241640
2020-06-30,90.20,92.17,89.01,91.70,5464235
2020-07-01,91.78,92.73,91.46,92.32,4328701
2020-07-02,93.31,94.42,92.97,93.16,3937913
2020-07-06,94.12,94.82,92.50,93.21,4366627
2020-07-07,92.07,93.09,91.45,91.67,4045613
2020-07-08,91.62,92.01,90.64,91.61,3956329
2020-07-09,91.44,91.79,89.22,90.13,4061053
2020-07-10,89.68,90.97,89.37,90.81,4934177
2020-07-13,91.31,94.67,91.04,92.77,7442257
2020-07-14,92.74,94.67,91.98,94.65,5421931
2020-07-15,95.61,98.22,95.61,97.16,5644559
2020-07-16,96.60,96.83,95.25,95.75,4124198
2020-07-17,96.24,98.96,96.11,98.58,5557692
2020-07-20,98.22,98.31,95.68,95.73,4081805
2020-07-21,96.52,98.00,96.21,96.81,3664805
2020-07-22,96.77,97.56,96.39,97.49,3618172
2020-07-23,97.61,97.61,96.18,96.57,3652568
2020-07-24,96.43,96.88,95.80,96.35,4071858
2020-07-27,96.31,97.25,95.67,96.43,3701883
2020-07-28,96.17,97.21,95.78,96.35,4325485
2020-07-29,96.83,99.40,96.45,98.72,7020200
2020-07-30,97.21,97.51,95.38,96.47,3829987
2020-07-31,96.42,96.55,94.64,96.48,5154028
2020-08-03,96.94,97.64,95.96,97.33,3708134
2020-08-04,96.90,97.58,95.97,96.29,4241664
2020-08-05,96.81,97.77,96.69,97.02,3651523
2020-08-06,96.82,97.71,96.31,96.73,5009009
2020-08-07,96.73,100.09,96.60,100.05,4477066
2020-08-10,100.18,100.55,99.57,100.38,5096413
2020-08-11,101.70,102.49,100.52,100.72,4464942
2020-08-12,102.10,102.75,100.97,102.09,3472357
2020-08-13,101.27,101.88,100.29,101.29,3715109
2020-08-14,101.04,102.04,100.33,100.71,2925739
2020-08-17,102.09,103.19,101.51,101.86,3689598
2020-08-18,102.42,102.83,101.46,101.56,4043941
2020-08-19,101.90,102.18,100.60,100.82,3353396
2020-08-20,100.19,100.71,99.88,100.28,3350597
2020-08-21,99.97,100.08,98.44,98.73,6734066
2020-08-24,99.82,101.29,99.38,100.13,5265404
2020-08-25,104.90,105.88,102.25,102.59,9155297
2020-08-26,103.50,104.59,102.10,104.08,6126259
2020-08-27,104.45,107.19,104.25,106.86,6872669
2020-08-28,106.84,108.20,106.01,107.86,5699434
2020-08-31,107.70,108.72,107.15,107.47,4706252
2020-09-01,106.35,107.53,106.14,107.52,3705562
2020-09-02,107.56,109.15,107.14,108.78,4452172
2020-09-03,108.83,109.16,105.35,106.15,5028352
2020-09-04,106.51,107.75,104.23,105.74,5813149
2020-09-08,105.00,105.55,103.82,104.58,5090928
2020-09-09,105.05,107.35,105.01,106.66,5549154
2020-09-10,106.80,107.14,104.43,104.78,3636952
2020-09-11,105.09,105.49,103.97,104.77,2836657
2020-09-14,105.67,107.64,105.51,106.97,4393610
2020-09-15,107.78,108.69,107.23,107.57,3293590
2020-09-16,107.95,108.56,107.31,107.49,3723898
2020-09-17,107.24,107.89,105.92,107.81,3541857
2020-09-18,107.82,109.24,107.08,107.60,6265952
2020-09-21,105.27,105.70,103.09,104.80,4821365
2020-09-22,104.44,105.19,102.90,104.35,3568899
2020-09-23,104.34,104.78,102.92,102.98,5057867
2020-09-24,101.77,102.17,100.32,101.27,5352432
2020-09-25,100.88,103.65,100.30,103.16,3662061
2020-09-28,104.88,105.39,103.46,103.63,3403233
2020-09-29,105.12,105.24,102.09,102.69,4044789
2020-09-30,102.82,104.87,102.50,103.92,6474797
2020-10-01,103.48,104.95,102.02,102.30,5228442
2020-10-02,101.00,103.11,101.00,101.96,4116265
2020-10-05,103.20,104.12,102.66,103.71,2551009
2020-10-06,103.69,105.33,103.07,103.38,2982489
2020-10-07,104.33,106.31,103.92,105.66,3386181
2020-10-08,110.00,110.00,107.73,107.80,5617093
2020-10-09,108.50,109.06,107.97,108.68,2950867
2020-10-12,109.63,109.94,108.10,109.06,2898911
2020-10-13,108.60,108.96,106.55,106.94,3822794
2020-10-14,107.73,109.56,107.29,107.56,3594696
2020-10-15,106.02,108.22,105.79,107.52,3952660
2020-10-16,107.88,111.04,107.80,110.13,6405628
2020-10-19,110.85,111.58,108.13,108.48,5333701
2020-10-20,108.14,110.43,108.14,109.15,3879362
2020-10-21,108.86,110.33,108.27,109.23,3566870
2020-10-22,109.36,112.20,109.07,111.84,4306796
2020-10-23,111.80,112.48,111.15,111.42,3919053
2020-10-26,110.02,110.28,106.43,107.93,5763760
2020-10-27,107.60,108.07,104.90,105.21,5023438
2020-10-28,103.12,104.24,101.46,102.59,7090004
2020-10-29,102.60,103.05,100.89,101.37,4858230
2020-10-30,101.25,101.50,98.94,100.57,5872471
2020-11-02,102.79,102.98,101.15,102.43,5302686
2020-11-03,103.82,105.19,103.07,103.13,3859193
2020-11-04,104.11,105.15,102.12,102.46,6023302
2020-11-05,104.30,105.02,103.42,104.01,3692755
2020-11-06,104.33,104.57,103.00,103.56,3924333
2020-11-09,113.13,116.21,111.69,113.22,11675130
2020-11-10,112.81,114.92,111.94,114.56,5441382
2020-11-11,114.62,114.90,109.68,110.24,6191714
2020-11-12,109.50,111.03,108.81,109.60,3904568
2020-11-13,110.92,112.69,110.12,112.50,3627174
2020-11-16,114.12,114.30,111.08,111.62,3690566
2020-11-17,110.54,110.85,109.36,110.14,3588984
2020-11-18,110.13,110.89,109.44,109.47,4393111
2020-11-19,109.68,111.31,108.60,111.00,4477923
2020-11-20,110.74,111.02,109.57,110.16,4380825
2020-11-23,111.76,112.11,110.39,110.97,3509614
2020-11-24,112.13,115.24,111.97,114.06,6674427
2020-11-25,113.76,114.53,112.69,113.31,3266683
2020-11-27,113.74,114.74,112.75,114.59,2082096
2020-11-30,114.04,114.44,113.06,113.70,5797285
2020-12-01,114.58,115.13,111.92,112.14,5035459
2020-12-02,112.04,113.76,111.11,113.60,5116824
2020-12-03,113.27,113.54,112.11,112.47,3441453
2020-12-04,112.23,113.86,111.70,113.85,4077936
2020-12-07,113.46,113.74,111.92,112.61,3047835
2020-12-08,112.05,112.25,110.06,111.18,5768094
2020-12-09,111.54,113.45,111.30,112.95,5574906
2020-12-10,112.87,113.72,111.70,112.68,3398360
2020-12-11,111.59,112.65,111.49,112.38,3843399
2020-12-14,113.18,113.75,111.90,111.97,5414937
2020-12-15,114.33,115.72,113.35,114.89,7534110
2020-12-16,114.77,116.07,114.02,114.97,3356657
2020-12-17,115.25,115.74,114.55,115.34,2944609
2020-12-18,115.28,117.51,114.80,116.71,10211590
2020-12-21,114.70,114.95,112.65,114.45,4308618
2020-12-22,114.54,115.94,114.07,114.63,3953693
2020-12-23,114.88,115.59,113.92,113.94,2373501
2020-12-24,114.08,114.53,113.61,114.03,1025223
2020-12-28,114.88,115.81,114.76,115.13,2286447
2020-12-29,116.00,116.58,115.35,115.57,2717595
2020-12-30,115.50,116.63,115.26,115.64,2055241
2020-12-31,115.75,117.24,115.48,117.14,2544159
2021-01-04,117.20,117.78,114.44,116.02,4579167
2021-01-05,116.00,117.64,115.33,116.95,3395482
2021-01-06,116.57,119.56,116.57,118.86,4493883
2021-01-07,118.88,119.73,117.96,118.70,3908866
2021-01-08,118.91,119.87,118.39,119.71,3529887
2021-01-11,118.56,119.47,117.58,118.50,3728432
2021-01-12,118.12,118.30,116.58,117.29,3213144
2021-01-13,117.70,119.71,117.12,118.72,4070929
2021-01-14,118.29,119.27,117.55,117.77,4281616
2021-01-15,117.54,118.30,116.59,116.81,5659503
2021-01-19,117.65,119.00,117.23,118.31,4508566
2021-01-20,118.56,119.50,117.96,119.29,4062522
2021-01-21,118.90,119.29,117.11,117.91,3806020
2021-01-22,117.70,117.76,116.56,116.58,3028395
2021-01-25,116.73,116.99,115.82,116.90,3287628
2021-01-26,117.03,117.54,116.57,116.75,3371784
2021-01-27,115.21,115.45,111.13,111.50,6894590
2021-01-28,112.16,115.86,112.16,114.77,4236897
2021-01-29,114.02,114.02,111.08,111.33,7315097
2021-02-01,112.66,113.22,110.45,111.18,5905813
2021-02-02,112.91,115.25,112.28,113.95,3865903
2021-02-03,113.67,113.91,112.09,112.63,4602968
2021-02-04,113.13,117.48,112.51,117.00,5903486
2021-02-05,118.00,118.90,117.73,118.40,4147805
2021-02-08,118.38,118.77,117.60,118.07,4780276
2021-02-09,118.36,119.53,117.52,117.88,3624053
2021-02-10,118.59,119.00,116.95,117.44,3424045
2021-02-11,117.66,119.00,117.21,118.72,3892773
2021-02-12,118.93,119.88,118.53,119.74,3005377
2021-02-16,119.74,120.53,118.60,119.68,5417955
2021-02-17,118.53,119.00,117.12,118.16,3299364
2021-02-18,117.22,117.74,115.25,115.39,6044626
2021-02-19,115.61,116.08,112.63,113.33,10331590
2021-02-22,112.77,116.58,112.58,115.75,5808446
2021-02-23,117.49,119.75,116.50,118.00,5961414
2021-02-24,118.04,119.51,117.77,118.74,6461896
2021-02-25,118.08,118.90,117.02,117.88,4207944
2021-02-26,118.56,118.92,116.77,116.97,5225150
2021-03-01,118.00,119.21,117.57,117.86,4613816
2021-03-02,118.10,118.49,117.12,117.87,3688378
2021-03-03,117.27,119.05,116.80,117.95,4564083
2021-03-04,118.08,118.57,114.07,115.27,5052278
2021-03-05,115.71,118.76,115.26,118.26,4636133
2021-03-08,118.25,118.44,116.61,116.67,3873959
2021-03-09,117.59,119.14,116.91,117.05,4025416
2021-03-10,118.10,119.44,117.27,118.66,4475181
2021-03-11,119.35,119.35,117.60,118.10,3654731
2021-03-12,117.95,119.24,117.86,118.81,3063449
2021-03-15,119.12,119.55,118.17,119.15,3886451
2021-03-16,119.35,119.66,118.30,118.94,3590541
2021-03-17,119.11,119.64,118.44,118.56,4398424
2021-03-18,118.42,120.25,118.22,118.83,4269958
2021-03-19,118.66,118.67,116.38,116.62,9590551
2021-03-22,116.50,117.77,115.51,116.84,4879139
2021-03-23,116.82,117.08,114.78,115.03,6830860
2021-03-24,115.15,117.10,115.11,115.96,4206208
2021-03-25,115.89,116.88,114.78,116.58,3944497
2021-03-26,116.66,118.81,116.01,118.56,5802885
2021-03-29,117.64,119.66,117.02,119.16,4285411
2021-03-30,118.52,119.33,118.18,118.83,4489553
2021-03-31,119.28,119.44,118.07,118.13,5711803
2021-04-01,118.44,118.78,117.62,118.19,6020885
2021-04-05,118.83,120.31,118.49,120.25,4984487
2021-04-06,119.89,121.81,119.65,121.15,5128199
2021-04-07,121.00,122.05,119.96,120.63,4299641
2021-04-08,121.29,121.56,120.59,120.65,3393795
2021-04-09,120.90,122.00,120.66,122.00,3918703
2021-04-12,121.75,122.26,121.15,121.79,4361447
2021-04-13,121.44,123.91,121.26,123.63,6238813
2021-04-14,123.60,124.86,123.53,123.90,5845057
2021-04-15,124.01,126.14,124.01,125.85,5605457
2021-04-16,126.83,126.83,125.08,125.91,4509818
2021-04-19,125.36,126.29,125.10,126.13,4172293
2021-04-20,125.91,128.42,125.79,128.28,5411114
2021-04-21,128.81,131.38,128.36,130.25,6046068
2021-04-22,130.07,130.91,129.33,129.85,3623308
2021-04-23,129.89,131.79,129.51,131.20,3801186
2021-04-26,131.42,131.49,130.02,130.12,2793864
2021-04-27,129.37,130.39,128.90,129.97,3279088
2021-04-28,130.26,131.62,130.00,131.20,3875118
2021-04-29,132.08,132.30,130.91,131.50,4239158
2021-04-30,130.67,131.21,129.78,130.92,4866478
2021-05-03,131.76,131.91,130.90,131.20,3109857
2021-05-04,130.87,130.99,128.07,128.50,6659133
2021-05-05,128.36,128.45,126.41,127.00,4882691
2021-05-06,126.74,127.50,125.82,127.30,4449461
2021-05-07,127.45,128.44,126.52,126.70,3871140
2021-05-10,127.00,128.04,126.83,126.90,3866411
2021-05-11,126.30,126.74,124.44,125.22,3501433
2021-05-12,124.39,124.90,122.86,123.12,4796297
2021-05-13,123.38,124.99,123.31,124.19,3261797
2021-05-14,124.79,125.64,124.57,125.27,3687588
2021-05-17,125.45,126.13,125.06,125.53,3007434
2021-05-18,125.48,127.14,125.48,125.85,4232873
2021-05-19,125.10,125.89,124.40,125.67,4608897
2021-05-20,125.45,127.28,125.31,126.70,3385058
2021-05-21,127.30,128.56,127.16,127.29,3647617
2021-05-24,128.09,128.67,127.70,128.10,3826868
2021-05-25,128.55,129.15,128.07,128.40,3855010
2021-05-26,127.52,128.24,125.31,126.27,6450186
2021-05-27,124.56,127.61,124.00,125.15,9866430
2021-05-28,126.65,128.04,126.37,126.59,5530224
2021-06-01,128.07,128.12,124.69,124.79,5644019
2021-06-02,124.64,124.99,123.47,123.80,6011290
2021-06-03,123.37,123.63,122.28,123.07,4762972
2021-06-04,123.62,124.39,123.24,123.85,4037422
2021-06-07,124.39,125.14,123.88,123.96,5765659
2021-06-08,124.63,124.75,120.53,121.80,6380272
2021-06-09,122.18,123.23,121.98,123.11,3880204
2021-06-10,124.01,124.93,123.67,124.74,3514334
2021-06-11,124.88,124.90,123.17,123.78,6245263
2021-06-14,124.32,124.32,122.96,124.15,3435028
2021-06-15,124.47,125.36,123.95,125.17,4381805
2021-06-16,125.26,125.53,124.09,125.02,4678190
2021-06-17,124.38,125.39,124.05,125.21,3837431
2021-06-18,123.59,124.36,123.19,123.23,5820593
2021-06-21,123.50,125.82,123.32,125.54,4623501
2021-06-22,126.34,127.12,125.68,126.73,3924014
2021-06-23,126.74,126.92,125.44,125.49,3575113
2021-06-24,125.61,125.80,125.06,125.09,3690143
2021-06-25,125.25,125.66,124.50,124.93,4182591
2021-06-28,125.29,125.42,122.99,123.74,4552573
2021-06-29,123.95,124.68,123.80,124.54,3922604
2021-06-30,124.37,124.89,123.59,124.13,3703950
2021-07-01,124.46,126.19,124.01,126.13,3182560
2021-07-02,125.82,126.86,125.64,126.83,3478991
2021-07-06,126.81,127.06,125.61,126.97,3066471
2021-07-07,127.00,127.82,126.49,127.74,3216204
2021-07-08,127.57,127.65,125.75,127.44,3815297
2021-07-09,127.89,128.61,127.66,128.17,3750618
2021-07-12,128.20,128.74,127.75,128.20,3165176
2021-07-13,127.57,128.05,126.84,127.40,3214749
2021-07-14,128.05,128.07,127.04,127.74,3049736
2021-07-15,126.46,126.89,124.99,125.36,5115391
2021-07-16,125.65,126.16,125.05,125.80,3646378
2021-07-19,124.83,125.14,121.93,122.75,4678893
2021-07-20,122.76,126.12,122.76,125.51,5137412
2021-07-21,126.66,127.18,126.02,127.05,3385963
2021-07-22,127.35,127.73,126.23,127.11,2342177
2021-07-23,127.57,128.79,127.57,128.54,2985482
2021-07-26,128.29,128.69,127.05,128.07,2402190
2021-07-27,127.81,130.94,127.66,130.22,4152045
2021-07-28,130.22,131.14,129.72,130.52,4317207
2021-07-29,130.94,131.24,129.50,130.68,3195648
2021-07-30,130.54,131.71,130.35,131.31,2740182
2021-08-02,131.56,132.39,131.10,131.26,3401066
2021-08-03,131.15,131.54,130.47,131.46,3208592
2021-08-04,130.63,130.97,128.29,128.38,4045149
2021-08-05,128.51,128.64,127.12,128.02,3711891
2021-08-06,128.52,128.79,127.62,128.64,2414741
2021-08-09,128.67,129.33,126.68,126.92,3411517
2021-08-10,126.82,127.24,123.94,125.30,4123835
2021-08-11,126.00,126.41,125.50,126.04,3403848
2021-08-12,126.25,127.89,126.08,127.52,2689345
2021-08-13,127.84,128.37,127.24,128.34,2552498
2021-08-16,128.45,129.66,128.03,129.59,3233925
2021-08-17,129.45,130.78,129.00,130.76,3410343
2021-08-18,130.80,131.17,129.26,129.33,4050502
2021-08-19,128.58,129.41,128.01,128.93,4016665
2021-08-20,128.83,130.03,128.21,129.90,4496627
2021-08-23,130.16,130.20,127.59,128.48,5028291
2021-08-24,128.78,134.73,128.59,132.57,10319200
2021-08-25,132.67,135.20,132.20,134.55,6484071
2021-08-26,134.65,134.65,132.79,133.37,4448208
2021-08-27,133.73,134.06,133.07,133.81,3801440
2021-08-30,134.18,134.58,133.50,133.84,3550285
2021-08-31,133.96,134.79,133.03,133.48,4769939
2021-09-01,134.17,134.27,132.77,134.17,2422424
2021-09-02,135.00,135.67,134.24,134.73,4963714
2021-09-03,134.66,135.13,134.20,134.63,2298422
2021-09-07,133.87,134.66,132.95,134.57,3214021
2021-09-08,134.42,135.68,133.85,135.17,2175423
2021-09-09,135.18,135.89,133.36,133.43,3445274
2021-09-10,133.77,133.97,130.62,131.14,4278818
2021-09-13,132.15,132.19,128.76,130.04,4703232
2021-09-14,130.80,131.21,129.79,130.58,3333653
2021-09-15,130.83,132.58,130.01,131.65,3303943
2021-09-16,131.66,132.34,130.16,130.92,3049513
2021-09-17,130.36,130.83,129.17,129.70,6833296
2021-09-20,128.29,129.29,127.51,128.73,3385306
2021-09-21,129.71,130.05,127.76,127.84,2999442
2021-09-22,128.79,129.69,128.17,128.91,3479773
2021-09-23,128.56,131.14,128.47,130.64,3890596
2021-09-24,130.28,131.31,129.63,130.02,2801261
2021-09-27,129.75,130.07,128.30,128.75,2931356
2021-09-28,127.81,127.94,125.78,126.00,6100452
2021-09-29,126.35,127.16,125.38,126.58,2693847
2021-09-30,126.58,127.98,125.32,125.35,5647064
2021-10-01,126.00,127.94,125.17,127.31,4042582
2021-10-04,127.01,128.56,124.25,125.05,5126094
2021-10-05,125.70,127.59,124.98,125.80,3853219
2021-10-06,124.89,126.15,123.97,126.09,4005491
2021-10-07,127.09,128.85,126.62,126.83,3135583
2021-10-08,127.00,127.26,125.06,125.27,4116283
2021-10-11,124.83,125.52,123.48,123.54,3588593
2021-10-12,123.79,124.00,122.33,122.93,4298097
2021-10-13,122.83,123.23,121.96,122.57,4063556
2021-10-14,123.45,125.13,123.27,124.80,4658592
2021-10-15,126.00,128.32,125.75,127.75,7229918
2021-10-18,123.06,123.26,119.50,120.72,10310600
2021-10-19,121.71,122.77,121.17,122.20,5031222
2021-10-20,123.00,123.25,121.36,121.79,5138863
2021-10-21,121.94,122.03,121.33,121.65,3737329
2021-10-22,121.59,123.57,121.51,123.09,3747022
2021-10-25,123.12,123.61,122.05,123.56,4182111
2021-10-26,124.22,124.80,123.15,124.05,3390884
2021-10-27,124.51,124.69,122.05,122.50,3611074
2021-10-28,122.30,123.10,120.91,121.27,4242920
2021-10-29,120.59,120.62,118.88,119.86,8118734
2021-11-01,120.14,121.04,120.00,120.23,3600557
2021-11-02,120.76,123.17,120.15,121.30,6909698
2021-11-03,121.36,121.81,119.94,121.18,4763001
2021-11-04,121.60,121.77,119.97,120.69,3928570
2021-11-05,121.27,124.63,120.88,122.98,6147573
2021-11-08,123.03,123.96,122.34,123.02,4183901
2021-11-09,123.10,123.87,122.05,122.29,3150724
2021-11-10,122.09,122.93,121.61,122.41,3225677
2021-11-11,122.39,122.55,118.89,119.58,4046959
2021-11-12,120.01,120.10,118.29,119.31,5539462
2021-11-15,119.85,119.94,117.46,117.58,5775249
2021-11-16,117.30,118.60,116.71,117.99,5283535
2021-11-17,117.19,118.37,116.63,117.83,3976705
2021-11-18,117.94,118.05,115.59,117.67,7731843
2021-11-19,117.94,118.13,116.73,117.22,7324971
2021-11-22,117.79,118.80,116.76,116.89,6813222
2021-11-23,112.68,115.61,111.11,113.38,11152110
2021-11-24,113.06,115.28,112.52,114.44,5588711
2021-11-26,113.46,113.51,110.78,111.05,5561251
2021-11-29,112.00,112.47,110.17,110.28,7026175
2021-11-30,109.57,109.88,106.59,106.70,14018750
2021-12-01,108.77,108.92,105.38,105.47,8205379
2021-12-02,105.74,107.92,105.02,107.28,7458787
2021-12-03,107.62,108.50,105.91,106.87,6923056
2021-12-06,108.03,111.23,107.71,110.24,7624800
2021-12-07,111.80,114.44,111.64,112.27,9550735
2021-12-08,112.38,112.90,111.48,112.42,5585337
2021-12-09,111.96,113.49,111.47,112.81,6162655
2021-12-10,113.69,114.15,111.85,112.43,4342720
2021-12-13,112.30,113.41,112.16,112.86,4749989
2021-12-14,112.27,113.01,111.27,111.69,8183264
2021-12-15,105.61,105.78,103.43,104.94,18546520
2021-12-16,103.33,104.37,101.23,102.21,18427440
2021-12-17,100.51,103.94,100.26,100.63,22573450
2021-12-20,99.92,100.43,98.38,99.53,12699930
2021-12-21,99.97,102.75,99.86,101.65,9610521
2021-12-22,101.65,101.82,100.91,101.34,6690616
2021-12-23,102.12,103.40,101.18,102.90,7255507
2021-12-27,103.29,105.25,102.58,104.43,6593913
2021-12-28,104.66,104.77,103.95,104.53,7488212
2021-12-29,104.71,104.98,103.93,103.95,3635700
2021-12-30,103.88,105.58,103.84,104.47,3519159
2021-12-31,104.47,104.88,103.44,103.45,3608935
2022-01-03,103.14,106.33,102.77,106.10,7797764
2022-01-04,105.73,107.49,105.39,106.39,7680577
2022-01-05,107.14,108.99,106.00,106.01,7205966
2022-01-06,106.29,106.81,104.62,104.97,5207133
2022-01-07,104.00,105.83,103.86,105.16,5142285
2022-01-10,104.94,105.65,103.62,105.62,6500550
2022-01-11,106.08,108.07,106.00,107.89,7217276
2022-01-12,107.71,109.23,107.50,108.95,8421709
2022-01-13,108.73,110.60,108.45,108.78,5165605
2022-01-14,108.09,108.85,107.24,108.55,6291571
2022-01-18,107.01,108.21,106.32,107.49,8019406
2022-01-19,107.39,109.09,106.95,107.76,7278842
2022-01-20,106.66,108.94,105.97,106.11,6110629
2022-01-21,107.35,107.42,104.47,105.60,6406155
2022-01-24,103.61,104.83,100.68,104.21,10362070
2022-01-25,102.65,104.66,101.27,104.17,8577420
2022-01-26,104.62,105.84,103.25,104.09,6568212
2022-01-27,105.09,105.96,102.82,103.18,5979290
2022-01-28,103.45,103.94,101.21,103.13,8459443
2022-01-31,103.00,103.59,101.81,103.49,9254953
2022-02-01,103.69,104.19,102.50,103.59,8114936
2022-02-02,102.99,103.49,101.40,103.37,10230150
2022-02-03,102.12,102.93,101.30,102.17,7134199
2022-02-04,101.62,103.54,101.57,102.73,4526896
2022-02-07,102.65,103.24,101.81,101.99,5258379
2022-02-08,102.51,104.60,102.02,104.21,5775471
2022-02-09,104.80,106.30,104.80,106.09,7087626
2022-02-10,105.53,106.77,104.54,104.88,6516774
2022-02-11,104.69,105.83,102.63,102.99,5858994
2022-02-14,103.24,103.39,101.69,102.31,7079850
2022-02-15,103.37,104.80,103.01,103.91,5325606
2022-02-16,103.07,103.52,101.61,103.15,7499428
2022-02-17,102.25,103.00,101.39,101.70,5551565
2022-02-18,101.50,102.02,100.28,100.58,8364702
2022-02-22,100.45,104.68,100.30,103.72,9610036
2022-02-23,104.24,104.50,102.55,103.03,6454050
2022-02-24,100.97,103.48,100.07,103.33,7617334
2022-02-25,103.63,105.91,103.04,105.84,6969300
2022-02-28,104.33,105.44,103.60,104.99,5780752
2022-03-01,104.60,105.12,102.82,103.66,4543455
2022-03-02,105.09,106.98,104.83,106.38,5919336
2022-03-03,107.01,108.49,106.35,107.65,6479973
2022-03-04,106.04,108.54,105.92,108.31,5186620
2022-03-07,107.75,108.14,106.44,106.64,6556794
2022-03-08,106.32,106.98,104.04,104.09,7482696
2022-03-09,106.04,106.67,103.35,103.58,9961966
2022-03-10,102.81,104.64,102.40,104.46,5146890
2022-03-11,105.41,106.05,103.60,103.82,5149808
2022-03-14,104.47,105.07,102.84,103.22,4175599
2022-03-15,103.97,105.55,103.74,105.40,5017919
2022-03-16,105.97,107.38,105.40,107.30,5255179
2022-03-17,107.00,109.79,106.66,109.74,5693442
2022-03-18,109.73,110.39,108.48,110.18,16292910
2022-03-21,109.04,110.60,108.08,108.75,8206071
2022-03-22,109.02,109.55,108.77,108.97,5601778
2022-03-23,108.33,108.90,105.70,106.16,7002664
2022-03-24,106.20,106.55,105.18,106.35,5660463
2022-03-25,106.87,108.48,106.78,108.46,5605499
2022-03-28,108.94,110.00,108.15,109.93,5687974
2022-03-29,111.00,112.47,110.69,112.38,8862182
2022-03-30,111.93,112.52,111.26,111.56,4694970
2022-03-31,111.27,112.49,110.90,110.95,6899909
2022-04-01,111.35,112.66,110.84,112.52,4479184
2022-04-04,112.00,112.16,110.41,110.88,5099324
2022-04-05,110.55,111.85,110.17,110.50,5496095
2022-04-06,109.73,112.03,109.00,111.72,5560691
2022-04-07,111.48,113.12,110.89,112.33,6668839
2022-04-08,112.06,113.11,111.27,112.47,5230510
2022-04-11,112.36,112.74,111.35,111.52,3407109
2022-04-12,111.67,112.22,110.15,110.58,4733973
2022-04-13,109.66,110.68,109.62,110.46,4791626
2022-04-14,110.83,111.11,108.91,109.02,6665823
2022-04-18,108.53,109.25,107.54,108.08,3418015
2022-04-19,108.65,111.66,108.49,110.22,9780326
2022-04-20,110.79,113.49,110.79,113.00,5477689
2022-04-21,114.00,114.31,113.03,113.09,5859312
2022-04-22,111.75,111.82,107.70,107.80,6351458
2022-04-25,107.44,109.67,106.88,109.48,5498176
2022-04-26,107.85,109.42,106.76,106.78,5251290
2022-04-27,106.78,108.25,106.19,106.63,4757700
2022-04-28,107.28,107.64,105.35,107.15,5063221
2022-04-29,106.63,106.63,104.12,104.36,5206041
2022-05-02,105.17,105.56,101.26,103.14,6104004
2022-05-03,103.43,104.19,102.66,103.11,3841543
2022-05-04,103.09,106.20,102.48,105.83,4258146
2022-05-05,104.50,105.67,103.47,104.55,3945375
2022-05-06,103.97,104.83,102.72,103.45,5496491
2022-05-09,102.28,102.32,99.21,99.58,6593316
2022-05-10,100.78,101.33,98.79,100.31,5638885
2022-05-11,100.46,102.46,100.24,100.65,4113575
2022-05-12,99.96,101.40,99.49,101.11,4434706
2022-05-13,102.36,103.03,101.80,102.67,3525871
2022-05-16,102.00,104.33,102.00,103.81,3751212
2022-05-17,105.27,106.33,104.99,106.26,3168209
2022-05-18,105.14,105.90,103.25,103.57,4133787
2022-05-19,102.23,103.25,101.25,102.75,4230560
2022-05-20,103.53,103.74,100.42,102.53,5335985
2022-05-23,103.83,104.44,102.50,104.26,4134411
2022-05-24,104.14,105.73,103.76,105.59,4381903
2022-05-25,105.26,106.06,104.34,105.54,5495110
2022-05-26,98.75,101.39,98.18,99.44,12674270
2022-05-27,99.13,99.18,96.86,99.08,13358570
2022-05-31,98.34,100.61,98.22,100.15,11330490
2022-06-01,100.28,100.32,96.38,97.78,6493675
2022-06-02,97.86,98.89,96.12,98.50,6794682
2022-06-03,98.77,98.77,95.38,95.48,9097041
2022-06-06,96.25,96.86,95.19,95.49,5432545
2022-06-07,95.11,96.55,94.57,96.47,5928990
2022-06-08,96.28,96.79,95.81,96.04,5665615
2022-06-09,95.00,95.47,93.17,93.20,6008758
2022-06-10,91.87,93.78,91.01,92.74,6723909
2022-06-13,90.50,91.80,89.74,90.17,8502494
2022-06-14,90.04,90.31,87.69,88.48,7522133
2022-06-15,89.21,90.34,88.44,89.35,5236231
2022-06-16,87.50,88.06,86.95,87.40,6729959
2022-06-17,88.27,89.51,87.71,88.22,8299306
2022-06-21,89.65,89.75,88.11,88.71,6520412
2022-06-22,88.18,89.89,88.05,89.25,7458663
2022-06-23,88.37,89.61,88.16,88.67,6823293
2022-06-24,89.35,90.51,88.25,90.22,7131823
2022-06-27,90.36,91.20,89.88,90.47,7237245
2022-06-28,90.86,91.96,89.12,89.20,4167035
2022-06-29,89.89,90.55,89.07,90.42,4072752
2022-06-30,89.42,90.82,88.91,89.75,5206691
2022-07-01,89.76,91.54,89.06,91.38,3985095
2022-07-05,90.53,90.84,88.81,90.49,3590439
2022-07-06,90.04,90.48,89.10,89.62,8061917
2022-07-07,89.37,89.70,88.70,89.50,5581165
2022-07-08,89.62,90.41,89.23,89.48,3997922
2022-07-11,88.66,89.32,88.17,88.95,3345253
2022-07-12,88.80,89.99,88.38,88.69,6200478
2022-07-13,87.66,88.60,86.81,87.91,4244168
2022-07-14,87.08,87.67,86.70,87.51,3843303
2022-07-15,88.81,89.29,88.07,89.12,5587974
2022-07-18,89.56,89.78,87.71,87.90,4264775
2022-07-19,88.76,90.42,88.76,90.33,4654777
2022-07-20,90.03,90.32,88.50,89.23,6264151
2022-07-21,89.67,90.55,89.16,90.26,4607039
2022-07-22,90.55,91.62,89.98,90.72,3466589
2022-07-25,90.98,91.52,90.46,90.75,3723199
2022-07-26,91.08,92.22,90.71,91.90,5163013
2022-07-27,92.66,93.53,92.50,93.22,5933352
2022-07-28,93.46,94.05,92.49,93.47,4726113
2022-07-29,93.04,93.45,92.26,92.52,6870985
2022-08-01,91.83,93.28,91.35,93.08,4711659
2022-08-02,93.03,94.14,92.67,93.21,4049185
2022-08-03,93.28,94.14,92.81,93.77,3489072
2022-08-04,93.78,94.15,92.98,93.21,3390445
2022-08-05,92.89,93.38,92.54,93.28,3333036
2022-08-08,93.65,94.39,93.48,93.58,3649680
2022-08-09,93.55,93.97,92.91,93.10,2945071
2022-08-10,94.00,94.36,93.64,94.17,4369722
2022-08-11,94.74,94.97,93.85,94.04,5907529
2022-08-12,94.05,94.83,93.89,94.82,8837499
2022-08-15,94.56,95.49,94.10,95.20,3541483
2022-08-16,94.61,95.56,94.61,95.31,3664610
2022-08-17,94.55,95.26,94.28,94.91,3505422
2022-08-18,95.00,95.34,94.14,95.24,3552273
2022-08-19,95.40,95.60,94.27,95.00,4761660
2022-08-22,94.39,94.97,92.89,93.09,6859256
2022-08-23,93.10,93.17,89.33,90.22,8490649
2022-08-24,89.47,89.96,88.42,89.28,6853322
2022-08-25,90.00,92.18,89.53,92.14,6650308
2022-08-26,92.52,92.93,89.38,89.43,5407602
2022-08-29,89.09,89.48,88.67,88.91,4585106
2022-08-30,89.00,89.04,87.14,87.25,5442878
2022-08-31,88.29,89.17,87.73,87.92,6742990
2022-09-01,87.73,88.59,86.42,88.53,4860979
2022-09-02,89.33,89.33,86.88,87.20,4507248
2022-09-06,87.20,87.51,85.88,86.20,5778285
2022-09-07,85.97,87.34,85.66,87.11,11559820
2022-09-08,86.80,88.51,86.45,87.89,7034471
2022-09-09,88.19,90.06,87.85,89.73,6756564
2022-09-12,90.48,92.39,90.25,92.06,6874585
2022-09-13,90.47,91.75,90.25,90.32,6810650
2022-09-14,89.99,91.17,89.80,90.62,7183067
2022-09-15,90.83,91.90,90.53,90.62,5963030
2022-09-16,90.00,90.62,89.41,90.25,14640650
2022-09-19,89.37,89.95,87.81,89.68,5065530
2022-09-20,88.94,89.02,87.60,88.46,5598757
2022-09-21,88.78,89.20,85.70,85.73,5353821
2022-09-22,84.60,84.92,83.21,83.56,6309538
2022-09-23,83.05,83.12,81.62,82.66,5960774
2022-09-26,82.22,82.59,80.69,81.33,7099935
2022-09-27,82.06,82.39,80.39,80.89,5222962
2022-09-28,81.41,82.92,80.81,82.59,6099946
2022-09-29,82.36,83.14,81.43,82.27,5311250
2022-09-30,82.60,83.55,80.69,80.75,5972884
2022-10-03,81.50,83.24,81.21,82.70,5871441
2022-10-04,83.65,84.86,83.38,84.50,4872439
2022-10-05,83.69,85.37,83.58,85.05,3890950
2022-10-06,84.75,85.05,83.83,84.42,5471422
2022-10-07,83.91,84.04,82.01,82.42,4267873
2022-10-10,82.89,83.06,81.56,81.84,3380613
2022-10-11,82.03,82.88,81.00,81.89,5410397
2022-10-12,81.65,82.02,80.30,80.31,6152475
2022-10-13,80.00,84.21,79.44,83.50,6323978
2022-10-14,84.11,84.70,81.34,81.61,5500162
2022-10-17,82.80,83.58,82.34,82.76,9022201
2022-10-18,84.88,85.12,83.50,84.10,6913771
2022-10-19,83.80,84.17,82.07,83.66,5470148
2022-10-20,83.71,84.01,82.20,82.45,4043036
2022-10-21,82.25,83.53,80.99,83.26,5974542
2022-10-24,84.13,84.46,83.06,83.88,6044134
2022-10-25,83.52,84.70,83.45,84.50,5142481
2022-10-26,84.89,86.65,84.86,85.37,3986511
2022-10-27,85.55,86.06,84.58,85.57,5077282
2022-10-28,85.55,86.95,85.31,86.82,5429977
2022-10-31,86.65,87.68,86.36,87.34,6549232
2022-11-01,87.46,88.05,86.36,87.74,6682988
2022-11-02,87.48,88.74,85.77,85.78,6015877
2022-11-03,84.82,84.83,83.52,84.02,5151422
2022-11-04,84.82,84.89,83.15,84.65,5672888
2022-11-07,85.53,85.84,84.92,85.54,5217647
2022-11-08,81.75,82.18,79.72,80.19,12753700
2022-11-09,80.34,81.49,79.19,79.29,7150259
2022-11-10,82.11,82.20,81.04,81.84,9212322
2022-11-11,82.47,83.64,81.94,83.55,8502426
2022-11-14,83.65,84.69,82.76,82.90,6772122
2022-11-15,83.28,84.26,82.49,83.40,6765905
2022-11-16,82.17,83.27,81.63,81.78,8289565
2022-11-17,81.30,81.30,79.37,79.94,8954936
2022-11-18,79.72,81.63,79.51,81.30,9028616
2022-11-21,81.51,83.44,81.39,82.29,8304222
2022-11-22,78.00,78.28,76.60,77.93,17129920
2022-11-23,77.51,79.23,77.28,79.02,9874024
2022-11-25,79.32,79.72,78.75,79.12,4879811
2022-11-28,78.50,79.10,75.84,76.13,11014930
2022-11-29,76.40,77.16,75.83,76.48,8177339
2022-11-30,76.87,79.07,76.05,79.04,10610560
2022-12-01,79.31,80.16,78.92,79.25,7876827
2022-12-02,78.60,79.70,78.55,79.62,6339518
2022-12-05,79.04,79.42,78.35,78.79,8514997
2022-12-06,78.39,78.75,76.75,77.08,7228423
2022-12-07,77.33,77.66,76.55,76.91,6089391
2022-12-08,76.50,78.17,76.47,77.79,5938740
2022-12-09,77.77,78.92,77.30,78.59,6370242
2022-12-12,79.10,79.73,78.77,79.71,5997109
2022-12-13,80.76,81.24,79.82,80.14,11389560
2022-12-14,79.74,81.19,78.11,78.79,9302907
2022-12-15,77.68,78.68,77.14,77.72,9888834
2022-12-16,77.14,77.58,75.77,76.72,17064420
2022-12-19,76.71,77.21,76.29,77.12,9357569
2022-12-20,76.50,77.09,76.46,76.70,8063300
2022-12-21,77.34,77.97,76.91,77.16,6804570
2022-12-22,76.68,77.21,75.79,77.14,7458637
2022-12-23,76.95,77.75,76.46,77.50,3856666
2022-12-27,77.51,77.90,76.50,77.64,5336204
2022-12-28,78.05,78.38,76.24,76.30,6052986
2022-12-29,76.57,78.23,76.27,77.81,4931632
2022-12-30,77.56,77.91,76.86,77.72,4991371
2023-01-03,77.97,78.33,77.38,78.26,6544560
2023-01-04,79.14,81.78,78.80,80.97,9769531
2023-01-05,80.88,81.16,80.00,80.03,7048100
2023-01-06,80.49,81.23,79.35,80.86,5994450
2023-01-09,80.75,81.26,77.47,77.54,11108690
2023-01-10,77.87,79.41,77.75,78.89,6494661
2023-01-11,79.46,80.44,78.14,80.32,8366488
2023-01-12,80.58,80.68,78.89,79.85,5738182
2023-01-13,79.17,80.69,78.91,80.59,6024040
2023-01-17,80.58,80.95,79.38,80.35,8383020
2023-01-18,80.27,80.39,78.66,78.73,5792186
2023-01-19,78.38,80.06,77.87,79.52,7831403
2023-01-20,80.05,80.99,79.34,80.91,6806430
2023-01-23,81.02,82.95,80.75,82.37,9491529
2023-01-24,81.73,82.35,80.50,80.80,7180272
2023-01-25,80.35,81.36,80.11,81.20,4200779
2023-01-26,81.74,81.88,81.02,81.84,4162732
2023-01-27,82.18,83.17,80.81,82.58,4858532
2023-01-30,82.76,82.98,82.22,82.58,6559099
2023-01-31,82.75,83.71,82.58,83.69,7396054
2023-02-01,84.00,86.09,83.60,85.77,8395751
2023-02-02,85.80,87.85,85.71,87.58,6940446
2023-02-03,86.70,87.54,86.50,87.10,4949935
2023-02-06,86.83,86.90,85.22,85.24,4731270
2023-02-07,85.50,86.93,85.10,86.58,5129644
2023-02-08,86.50,87.00,86.00,86.16,5454552
2023-02-09,86.06,86.51,83.40,83.61,6188010
2023-02-10,83.48,83.95,82.80,83.69,4544013
2023-02-13,83.68,84.41,83.56,84.39,4279499
2023-02-14,84.10,84.50,82.89,83.40,4527759
2023-02-15,82.84,84.50,82.51,84.49,4585749
2023-02-16,83.77,85.13,83.68,84.20,4784832
2023-02-17,84.20,84.93,83.38,84.80,6825099
2023-02-21,84.23,86.59,84.23,85.49,8135904
2023-02-22,86.22,86.44,84.73,85.10,6083636
2023-02-23,84.81,85.09,83.43,83.99,6695060
2023-02-24,83.35,83.67,82.34,83.49,7401519
2023-02-27,83.63,84.13,83.25,83.39,6379546
2023-02-28,83.32,83.69,82.77,82.80,6657451
2023-03-01,82.40,82.53,81.67,82.08,5249066
2023-03-02,81.49,82.56,81.20,82.26,4985284
2023-03-03,82.79,83.63,82.44,83.41,4771833
2023-03-06,83.49,83.83,81.45,81.93,6845513
2023-03-07,82.09,82.15,79.51,79.74,6876295
2023-03-08,79.53,79.69,78.03,78.40,6810313
2023-03-09,78.79,79.33,77.98,78.00,5634405
2023-03-10,77.87,78.11,76.14,76.72,5901731
2023-03-13,76.22,78.50,76.02,77.98,7575990
2023-03-14,79.02,79.32,77.03,77.86,6808197
2023-03-15,77.13,78.46,76.80,78.41,5368016
2023-03-16,77.66,79.40,77.57,79.27,5774323
2023-03-17,79.07,79.53,77.88,78.29,8838609
2023-03-20,78.75,79.77,78.51,79.61,7224108
2023-03-21,79.96,81.41,79.95,81.23,5829926
2023-03-22,81.45,81.97,79.92,79.94,5537907
2023-03-23,79.50,79.81,77.30,77.57,6712630
2023-03-24,77.40,79.53,77.30,79.37,6217251
2023-03-27,80.50,81.31,79.58,79.64,5641584
2023-03-28,78.88,80.30,78.60,79.51,5146781
2023-03-29,78.64,79.35,78.44,79.07,7074749
2023-03-30,79.70,79.85,78.95,79.18,4142088
2023-03-31,79.65,80.63,79.24,80.62,5561355
2023-04-03,80.35,80.35,79.05,79.67,6072008
2023-04-04,79.85,80.35,79.40,79.47,4508921
2023-04-05,79.73,80.46,79.07,80.27,4518844
2023-04-06,80.85,81.33,80.08,80.30,4313017
2023-04-10,79.93,80.25,79.21,80.24,3648237
2023-04-11,80.75,81.11,80.51,81.00,4421810
2023-04-12,81.67,82.04,80.77,80.81,4298383
2023-04-13,80.65,81.59,80.55,81.59,5224502
2023-04-14,81.63,81.80,80.34,80.71,4312469
2023-04-17,80.96,82.17,80.81,82.12,5048853
2023-04-18,82.72,82.75,81.59,81.65,4157480
2023-04-19,81.85,85.33,81.65,84.87,8988811
2023-04-20,84.64,84.97,83.06,83.49,5798665
2023-04-21,84.23,88.13,83.60,85.73,12750110
2023-04-24,88.27,89.78,87.99,89.69,14462130
2023-04-25,89.60,91.00,89.43,89.69,8189879
2023-04-26,89.82,90.28,88.71,89.97,8977655
2023-04-27,89.92,91.48,89.83,91.38,6386080
2023-04-28,91.35,91.86,90.67,90.95,7281739
2023-05-01,90.83,91.47,90.58,90.68,5502539
2023-05-02,90.20,91.00,89.43,90.23,5135160
2023-05-03,90.46,92.02,90.35,90.69,6964310
2023-05-04,90.00,90.14,88.78,89.27,4780896
2023-05-05,89.64,90.26,89.54,90.06,4332859
2023-05-08,89.57,90.32,89.25,90.19,3287584
2023-05-09,90.19,90.19,89.31,89.60,3245439
2023-05-10,90.17,90.40,89.00,89.41,3599328
2023-05-11,89.30,89.42,88.54,89.02,3995720
2023-05-12,88.58,88.97,87.87,88.88,4450196
2023-05-15,89.11,89.91,88.93,89.31,4053317
2023-05-16,88.84,89.41,88.82,88.90,3888910
2023-05-17,89.04,89.08,87.79,88.58,6631950
2023-05-18,88.36,89.25,88.11,89.02,4536110
2023-05-19,89.19,89.87,89.00,89.33,6819703
2023-05-22,89.12,89.91,89.02,89.50,4699340
2023-05-23,88.97,89.20,87.09,87.13,5459827
2023-05-24,87.14,87.95,86.66,87.49,6787535
2023-05-25,85.27,85.40,82.31,83.54,12201960
2023-05-26,82.77,83.50,81.02,81.46,9655604
2023-05-30,82.37,83.35,82.01,82.50,8655004
2023-05-31,82.60,82.96,81.83,82.76,8238797
2023-06-01,82.84,83.25,82.44,82.75,6588295
2023-06-02,83.15,84.03,82.91,83.76,6062326
2023-06-05,83.83,84.51,83.47,83.73,3596056
2023-06-06,83.54,84.02,83.23,83.60,5046825
2023-06-07,83.79,83.79,82.23,82.89,5381981
2023-06-08,82.53,83.45,82.26,83.10,5701344
2023-06-09,83.14,83.86,82.61,83.73,3302195
2023-06-12,83.84,84.45,83.23,84.28,4429223
2023-06-13,85.17,86.05,84.90,85.75,8454306
2023-06-14,88.53,89.87,87.66,87.91,8387898
2023-06-15,87.95,88.56,87.30,88.25,5552928
2023-06-16,88.28,89.72,88.28,89.15,9108507
2023-06-20,88.52,89.38,88.16,88.94,5066607
2023-06-21,88.89,89.11,88.02,88.32,5587986
2023-06-22,88.01,88.26,87.22,87.41,5162834
2023-06-23,87.24,87.78,87.01,87.48,5496577
2023-06-26,87.35,87.62,86.28,87.00,4171226
2023-06-27,86.88,87.23,86.06,87.15,4998956
2023-06-28,87.15,87.44,86.20,86.36,4952519
2023-06-29,85.94,86.99,85.82,86.77,3842236
2023-06-30,87.70,88.77,87.57,88.10,5484516
2023-07-03,87.55,87.61,86.39,87.14,2584132
2023-07-05,86.75,87.36,86.63,86.87,3464060
2023-07-06,86.28,86.40,85.43,86.07,3910075
2023-07-07,85.70,86.67,85.63,85.89,5094806
2023-07-10,86.15,86.83,86.08,86.45,3234860
2023-07-11,86.32,87.33,86.12,87.29,2888352
2023-07-12,87.81,88.01,87.27,87.57,3847422
2023-07-13,87.50,88.34,87.08,88.05,4492649
2023-07-14,87.97,88.17,87.22,87.65,4394366
2023-07-17,87.56,87.85,86.69,86.71,4468963
2023-07-18,86.13,86.63,84.10,86.60,5697036
2023-07-19,86.35,87.01,85.97,86.12,4796836
2023-07-20,87.25,89.49,87.12,89.35,5982106
2023-07-21,89.70,89.98,88.92,88.96,4673985
2023-07-24,89.09,89.56,88.75,88.76,3930279
2023-07-25,88.45,89.17,88.07,88.96,3116216
2023-07-26,88.56,90.54,88.51,90.40,5472555
2023-07-27,91.00,91.00,88.49,88.51,4654787
2023-07-28,88.95,89.26,88.20,88.25,3446728
2023-07-31,88.64,88.64,87.39,87.76,5786819
2023-08-01,87.30,87.83,87.20,87.68,3514290
2023-08-02,87.08,87.34,85.25,85.46,5507361
2023-08-03,85.00,85.31,84.43,84.49,4414087
2023-08-04,84.11,85.00,83.69,84.04,5346634
2023-08-07,84.38,84.80,84.24,84.72,3361614
2023-08-08,83.87,84.07,81.55,82.24,8227639
2023-08-09,82.27,83.67,82.14,82.94,4535998
2023-08-10,83.40,83.87,83.02,83.12,4128750
2023-08-11,82.86,83.70,82.75,83.45,3596218
2023-08-14,83.38,83.66,83.04,83.16,3296041
2023-08-15,82.97,83.32,82.61,82.84,3842365
2023-08-16,82.48,82.92,81.56,81.57,4222163
2023-08-17,82.29,82.35,81.41,81.56,4848255
2023-08-18,81.38,81.88,81.29,81.52,5205720
2023-08-21,81.73,82.29,81.23,81.61,4721954
2023-08-22,82.61,84.78,82.50,83.72,10016310
2023-08-23,84.67,84.94,83.31,83.68,5268336
2023-08-24,82.81,83.38,81.00,81.06,6765265
2023-08-25,81.52,82.49,81.23,82.19,4441640
2023-08-28,82.79,83.31,81.04,81.39,4308678
2023-08-29,81.69,82.10,81.28,82.08,3757915
2023-08-30,82.37,82.67,81.89,82.31,3881261
2023-08-31,82.40,82.72,81.50,81.50,4423232
2023-09-01,82.11,82.34,81.52,82.13,4238872
2023-09-05,81.88,82.02,80.17,80.20,5612119
2023-09-06,79.64,81.10,78.92,80.71,6795477
2023-09-07,80.90,81.20,79.80,79.93,4276553
2023-09-08,79.57,80.09,79.42,79.96,4208713
2023-09-11,80.33,81.53,80.11,81.40,4763674
2023-09-12,81.58,81.77,80.78,80.98,3328628
2023-09-13,81.25,81.40,80.59,81.32,3521012
2023-09-14,81.76,82.38,81.70,81.96,5924239
2023-09-15,82.00,82.39,81.57,81.77,9072482
2023-09-18,82.25,83.64,82.11,82.80,5829589
2023-09-19,82.84,82.99,81.78,82.63,4655508
2023-09-20,83.00,83.10,81.28,81.48,5845709
2023-09-21,80.61,81.17,80.19,80.46,5620854
2023-09-22,80.55,80.77,80.20,80.27,5067970
2023-09-25,80.00,80.26,79.51,79.97,3799682
2023-09-26,78.92,79.49,78.62,78.95,5166964
2023-09-27,79.05,79.15,77.44,78.22,7418382
2023-09-28,78.34,79.11,78.29,78.69,5354099
2023-09-29,79.18,80.31,77.84,78.36,6308865
2023-10-02,77.90,77.95,77.11,77.77,4517059
2023-10-03,77.28,77.39,76.00,76.54,5741007
2023-10-04,76.92,77.04,75.82,76.27,7115526
2023-10-05,76.38,76.78,75.50,76.15,7235932
2023-10-06,75.60,76.51,74.95,76.12,6762177
2023-10-09,75.66,75.87,74.35,75.13,7825497
2023-10-10,74.88,76.56,74.87,76.18,6319652
2023-10-11,75.69,75.89,72.41,72.89,8881174
2023-10-12,73.20,73.41,70.95,71.29,10503290
2023-10-13,71.26,72.31,70.97,71.96,8169002
2023-10-16,72.15,72.74,71.30,71.75,9083720
2023-10-17,71.50,73.24,71.33,72.81,7936366
2023-10-18,73.75,73.94,72.23,72.70,7900724
2023-10-19,72.64,72.86,71.70,72.35,7048594
2023-10-20,72.46,73.20,72.01,72.70,8399348
2023-10-23,72.68,73.78,72.11,72.39,7133516
2023-10-24,72.46,73.04,71.34,71.96,13129440
2023-10-25,71.75,72.44,70.95,71.40,7462722
2023-10-26,71.25,71.53,70.31,70.37,7894027
2023-10-27,71.08,71.42,69.04,69.43,10009110
2023-10-30,69.82,70.16,68.84,69.97,8934838
2023-10-31,69.91,70.95,69.91,70.56,10770190
2023-11-01,70.52,71.07,70.04,70.85,5380262
2023-11-02,70.98,72.15,70.95,72.09,6330206
2023-11-03,72.58,72.99,72.23,72.56,5198383
2023-11-06,72.65,73.53,72.54,73.42,5916518
2023-11-07,73.28,73.62,72.30,72.48,5653391
2023-11-08,72.79,72.96,71.14,71.71,6767084
2023-11-09,71.80,71.86,70.01,70.09,8320982
2023-11-10,70.43,70.83,69.32,70.68,7558330
2023-11-13,72.29,73.02,71.64,72.08,8452257
2023-11-14,72.37,73.34,72.08,72.59,6478163
2023-11-15,72.82,74.25,72.79,74.02,8385797
2023-11-16,74.30,75.15,74.20,74.88,9048630
2023-11-17,75.14,75.38,74.41,74.76,6264088
2023-11-20,75.31,75.64,74.66,75.16,8690878
2023-11-21,77.55,78.82,77.11,78.62,10745280
2023-11-22,78.90,79.34,78.01,78.37,6004868
2023-11-24,78.24,79.03,78.23,78.97,3310917
2023-11-27,78.77,79.31,78.24,79.00,7252935
2023-11-28,78.90,79.05,78.40,78.63,4972439
2023-11-29,78.75,79.77,78.61,78.86,4260440
2023-11-30,78.93,79.31,78.20,79.27,6219373
2023-12-01,79.09,80.08,78.76,79.99,5101999
2023-12-04,79.56,80.23,79.41,79.76,6206376
2023-12-05,79.55,79.63,78.66,78.82,4818911
2023-12-06,78.86,79.14,78.48,79.04,5319573
2023-12-07,79.21,79.72,78.73,79.55,5251028
2023-12-08,79.60,79.85,79.28,79.35,6241007
2023-12-11,79.33,80.07,79.33,79.72,5598881
2023-12-12,80.05,80.22,79.22,80.08,5263373
2023-12-13,79.72,81.92,79.50,81.90,6304717
2023-12-14,82.76,84.73,82.66,83.43,9680767
2023-12-15,83.08,83.29,82.30,82.61,12388930
2023-12-18,82.96,83.48,82.58,83.06,6447294
2023-12-19,82.17,82.78,81.78,82.07,5060919
2023-12-20,81.81,81.88,80.57,80.61,7257568
2023-12-21,80.87,82.10,80.81,81.96,7440627
2023-12-22,82.25,82.74,81.54,81.92,3426685
2023-12-26,81.96,82.52,81.64,82.30,2954845
2023-12-27,82.08,82.49,82.04,82.42,4041661
2023-12-28,82.28,83.04,82.22,82.73,3297037
2023-12-29,82.53,82.90,82.14,82.38,3847619
2024-01-02,82.11,83.79,81.97,82.84,5425992
2024-01-03,82.94,83.78,82.14,83.20,6182663
2024-01-04,83.15,84.22,82.98,83.93,5621962
2024-01-05,83.71,85.01,83.52,84.57,5107573
2024-01-08,84.80,86.72,84.31,86.57,7867239
2024-01-09,86.43,88.04,86.30,86.66,7223200
2024-01-10,86.50,87.53,86.36,87.08,4980830
2024-01-11,87.09,87.28,86.36,87.09,5099477
2024-01-12,87.60,88.73,87.26,87.42,5969191
2024-01-16,86.96,87.18,86.25,86.54,5398297
2024-01-17,86.20,86.82,85.67,86.05,6956156
2024-01-18,86.85,87.14,86.08,86.29,7203739
2024-01-19,86.26,86.70,85.72,86.49,4819293
2024-01-22,86.59,87.36,86.28,86.47,6015862
2024-01-23,86.86,87.36,85.61,86.34,5060433
2024-01-24,86.18,86.32,84.67,84.72,6035159
2024-01-25,85.26,85.83,84.60,85.79,5557802
2024-01-26,86.19,86.60,85.63,86.54,6784389
2024-01-29,86.30,87.48,86.13,87.44,7144745
2024-01-30,87.46,87.56,86.50,86.97,5760184
2024-01-31,88.29,89.18,87.52,87.54,10357900
2024-02-01,87.36,88.54,86.70,88.09,4319952
2024-02-02,87.46,88.14,87.06,87.63,5052031
2024-02-05,87.58,87.78,86.74,86.75,4083640
2024-02-06,87.08,87.84,86.87,87.74,4667164
2024-02-07,88.05,88.25,87.03,87.16,4740113
2024-02-08,86.55,86.76,85.39,86.18,5938152
2024-02-09,86.08,86.16,84.46,84.99,8843539
2024-02-12,84.63,85.33,84.38,85.07,5892373
2024-02-13,84.57,85.00,83.13,83.59,7579609
2024-02-14,83.67,84.34,83.24,83.68,4934627
2024-02-15,83.83,85.01,83.76,84.72,4867874
2024-02-16,84.49,85.74,84.11,84.42,10848640
2024-02-20,86.96,87.22,82.59,85.85,11771450
2024-02-21,86.53,86.53,84.84,85.90,6877145
2024-02-22,85.77,85.87,84.48,85.06,9824939
2024-02-23,85.33,85.95,84.86,85.67,4707655
2024-02-26,85.56,85.56,83.48,83.67,5974145
2024-02-27,83.46,84.17,83.14,83.84,4546366
2024-02-28,83.63,83.83,83.23,83.36,4755340
2024-02-29,83.53,83.77,82.79,83.36,8893093
2024-03-01,83.42,83.84,82.65,83.60,4266698
2024-03-04,83.60,85.11,83.23,85.06,5553111
2024-03-05,85.44,85.84,84.30,84.60,5073742
2024-03-06,84.73,85.80,84.60,85.55,6048456
2024-03-07,86.00,86.43,84.68,85.15,6177553
2024-03-08,85.48,86.27,84.92,85.13,6561312
2024-03-11,84.54,85.63,84.54,85.50,5539055
2024-03-12,85.15,86.09,84.90,85.74,4562160
2024-03-13,86.01,86.35,84.79,85.08,5908339
2024-03-14,84.52,84.71,83.99,84.39,7836207
2024-03-15,83.44,84.01,82.82,83.57,17082110
2024-03-18,83.80,84.06,83.33,83.66,4783947
2024-03-19,83.69,84.14,83.30,84.11,4903025
2024-03-20,83.75,84.18,83.54,84.04,4191688
2024-03-21,83.57,83.99,83.09,83.41,6233826
2024-03-22,83.70,83.86,82.93,83.08,5181488
2024-03-25,82.81,83.40,82.72,83.24,5481262
2024-03-26,83.50,83.86,83.05,83.70,4806870
2024-03-27,84.19,87.03,84.10,86.92,8220106
2024-03-28,87.10,87.73,86.93,87.15,7579459
2024-04-01,86.84,87.18,86.43,87.02,4727418
2024-04-02,86.86,86.91,84.95,85.20,6007243
2024-04-03,85.47,85.73,84.73,85.00,5887405
2024-04-04,85.34,85.40,83.75,83.92,6797059
2024-04-05,83.44,84.68,83.10,84.56,4935938
2024-04-08,84.26,84.35,82.48,82.91,8725417
2024-04-09,83.38,83.83,83.00,83.80,5681094
2024-04-10,82.85,83.29,81.83,82.33,6509396
2024-04-11,82.92,83.06,82.12,82.17,5241326
2024-04-12,81.74,81.79,79.56,80.13,6562831
2024-04-15,80.96,81.50,79.87,80.23,7500241
2024-04-16,80.34,80.49,78.79,79.25,7674490
2024-04-17,79.41,79.85,78.95,79.08,5640094
2024-04-18,79.25,79.30,78.43,79.19,6065702
2024-04-19,79.53,79.64,79.09,79.48,6756950
2024-04-22,79.87,80.90,79.40,80.57,4962583
2024-04-23,80.96,81.34,80.62,81.29,5296230
2024-04-24,80.77,80.83,80.01,80.38,5028857
2024-04-25,80.04,80.35,78.78,79.25,5624078
2024-04-26,79.40,79.85,78.95,79.74,5024880
2024-04-29,79.62,81.12,79.52,80.86,6154266
2024-04-30,80.02,80.68,79.76,80.24,6487413
2024-05-01,79.99,81.73,79.99,80.89,5366116
2024-05-02,81.44,81.73,80.13,80.92,6338796
2024-05-03,81.07,81.92,81.01,81.69,4987236
2024-05-06,82.52,82.56,81.26,81.76,3676174
2024-05-07,82.18,82.28,81.67,81.90,4939733
2024-05-08,81.48,82.02,81.37,81.55,4175665
2024-05-09,81.66,82.78,81.57,82.76,5545720
2024-05-10,83.00,83.06,82.28,82.84,4217841
2024-05-13,83.10,83.84,83.06,83.52,4950890
2024-05-14,83.73,84.61,83.62,84.30,4053666
2024-05-15,84.69,84.89,83.69,84.72,6227356
2024-05-16,84.74,85.72,84.61,85.64,5506954
2024-05-17,85.83,86.17,85.10,85.92,8236275
2024-05-20,85.42,85.85,84.45,84.51,5513007
2024-05-21,84.54,85.29,84.50,85.17,4131608
2024-05-22,84.88,85.90,84.88,85.76,8527853
2024-05-23,83.57,84.11,81.22,81.38,10712260
2024-05-24,80.99,82.35,80.88,82.29,8732273
2024-05-28,82.13,82.74,81.87,82.00,7478985
2024-05-29,81.34,81.94,80.75,81.49,7910489
2024-05-30,80.97,81.39,80.46,80.60,8871618
2024-05-31,80.72,81.48,80.62,81.37,11406030
2024-06-03,81.51,82.47,81.12,82.12,6151100
2024-06-04,81.78,83.38,81.51,83.27,6331319
2024-06-05,83.10,83.18,81.72,82.31,7058331
2024-06-06,82.43,82.97,81.86,82.34,7366734
2024-06-07,82.25,84.22,82.16,84.07,7038909
2024-06-10,83.72,83.95,82.61,83.14,4966543
2024-06-11,83.04,83.04,81.87,81.95,5340603
2024-06-12,82.27,82.93,81.92,82.23,5549124
2024-06-13,82.00,82.00,80.85,81.66,5934408
2024-06-14,81.15,81.54,80.52,81.04,3688958
2024-06-17,80.26,80.50,79.26,79.95,5435355
2024-06-18,79.92,80.34,79.17,79.75,7012073
2024-06-20,79.16,80.35,78.95,80.17,7139740
2024-06-21,80.17,81.70,79.93,81.64,11096010
2024-06-24,81.76,81.98,80.73,81.04,6798930
2024-06-25,81.19,81.24,79.70,80.41,5327248
2024-06-26,79.50,80.23,79.17,80.05,5737599
2024-06-27,80.00,80.07,78.71,79.33,8044841
2024-06-28,78.74,79.27,78.26,78.71,8917219
2024-07-01,78.40,79.38,76.93,77.12,7111819
2024-07-02,76.85,77.50,76.52,77.37,7111929
2024-07-03,77.32,77.75,77.08,77.17,2838401
2024-07-05,77.07,77.93,76.70,77.61,4370078
2024-07-08,77.43,77.60,76.58,76.84,5606455
2024-07-09,76.84,76.99,75.96,76.88,6145101
2024-07-10,76.84,77.09,76.33,77.06,6736475
2024-07-11,77.43,78.20,77.19,78.07,6226298
2024-07-12,78.20,78.66,77.81,77.95,5661443
2024-07-15,77.82,78.01,76.95,77.08,4497792
2024-07-16,77.04,78.20,76.68,78.10,6811206
2024-07-17,77.95,81.56,77.94,81.26,9848124
2024-07-18,80.45,83.63,80.08,81.21,8427750
2024-07-19,81.58,81.67,79.41,79.48,9292752
2024-07-22,79.55,80.08,79.08,79.30,5904536
2024-07-23,79.45,79.66,78.81,79.40,5022949
2024-07-24,79.58,80.36,78.93,79.97,5658574
2024-07-25,79.63,81.46,78.40,78.46,6356996
2024-07-26,78.62,79.45,78.32,78.70,4574693
2024-07-29,79.00,80.39,78.60,80.00,6551527
2024-07-30,79.72,81.00,79.70,80.81,6568358
2024-07-31,80.36,80.99,78.97,80.32,7573272
2024-08-01,80.69,81.09,79.38,80.49,4873077
2024-08-02,81.04,81.89,80.32,81.51,5057940
2024-08-05,80.82,81.81,80.21,80.33,7503446
2024-08-06,80.46,81.68,79.92,80.78,5514028
2024-08-07,80.81,82.74,80.55,81.09,5596608
2024-08-08,81.23,82.62,80.91,82.21,4088206
2024-08-09,82.28,82.40,81.50,82.04,3094299
2024-08-12,82.03,82.06,80.81,81.19,4502246
2024-08-13,81.41,82.36,81.11,82.27,3704777
2024-08-14,81.42,81.86,80.78,81.74,5612856
2024-08-15,82.56,84.03,82.17,83.65,6743480
2024-08-16,84.03,84.74,83.80,84.60,5374797
2024-08-19,84.68,85.29,84.49,84.82,7492752
2024-08-20,84.00,87.70,83.28,85.38,10841600
2024-08-21,85.93,87.57,85.86,87.54,10608510
2024-08-22,87.91,89.23,87.55,87.83,8429821
2024-08-23,88.25,88.50,87.71,88.35,4843533
2024-08-26,88.60,90.13,88.12,89.34,5948360
2024-08-27,89.56,89.72,88.08,88.80,4174736
2024-08-28,88.97,89.14,87.95,88.33,5230635
2024-08-29,88.89,88.94,88.02,88.19,5024526
2024-08-30,88.33,88.60,87.23,88.58,7940126
2024-09-03,88.27,89.36,88.07,88.96,4745317
2024-09-04,88.80,91.49,88.80,91.03,8953629
2024-09-05,91.16,91.18,89.09,89.39,7007382
2024-09-06,89.72,90.53,89.30,89.89,7116627
2024-09-09,90.00,91.15,89.88,90.62,8642962
2024-09-10,90.76,91.12,90.19,90.99,5628083
2024-09-11,90.67,90.67,88.82,90.35,5805980
2024-09-12,90.26,90.56,89.20,90.00,4856481
2024-09-13,90.06,90.52,89.89,90.00,5209364
2024-09-16,90.00,90.24,89.44,90.11,5620395
2024-09-17,90.00,90.24,88.03,88.63,7012291
2024-09-18,88.03,88.51,87.67,88.13,7691433
2024-09-19,88.69,89.94,88.55,89.47,9374681
2024-09-20,89.48,89.59,88.74,89.34,25452930
2024-09-23,89.54,90.05,89.00,89.86,6324621
2024-09-24,89.73,90.29,89.15,89.76,7657662
2024-09-25,90.17,90.40,89.19,89.39,3944437
2024-09-26,89.08,89.57,88.51,89.45,6320985
2024-09-27,89.36,90.02,89.11,89.32,5232492
2024-09-30,89.48,90.10,89.02,90.03,4784911
2024-10-01,90.25,90.35,89.21,90.00,4907093
2024-10-02,89.54,89.69,88.98,89.12,4438984
2024-10-03,89.02,89.24,87.66,87.77,3435187
2024-10-04,87.96,88.28,87.21,88.26,3598594
2024-10-07,87.86,87.98,86.88,87.04,3794463
2024-10-08,87.32,88.56,87.23,88.14,4608836
2024-10-09,87.96,88.44,87.67,88.35,2773514
2024-10-10,89.26,89.44,88.79,88.85,3219927
2024-10-11,88.98,89.59,88.91,89.36,4482912
2024-10-14,89.53,90.06,89.15,90.01,3849199
2024-10-15,90.05,90.50,89.44,89.84,4173757
2024-10-16,89.82,90.24,89.49,89.99,3773313
2024-10-17,90.15,90.15,89.63,89.79,5392852
2024-10-18,89.97,92.25,89.84,92.24,7355589
2024-10-21,92.00,92.05,90.78,91.03,4411573
2024-10-22,90.70,91.34,89.98,91.12,4400400
2024-10-23,90.74,92.39,90.68,92.27,6842268
2024-10-24,92.49,92.68,90.94,90.99,3813834
2024-10-25,91.14,91.60,90.13,90.59,3446977
2024-10-28,90.68,91.35,90.55,90.60,4241980
2024-10-29,90.37,91.43,90.31,90.32,7279759
2024-10-30,89.98,91.80,89.95,90.50,5325699
2024-10-31,89.83,89.93,88.99,89.25,6955679
2024-11-01,89.83,91.00,89.26,90.07,5052408
2024-11-04,90.03,90.52,89.22,89.31,4513845
2024-11-05,89.05,89.69,88.61,89.68,4578164
2024-11-06,91.86,92.03,88.90,90.11,6282042
2024-11-07,89.49,89.50,87.70,88.12,7077445
2024-11-08,88.36,88.69,87.57,87.72,8137674
2024-11-11,88.21,88.82,87.75,88.27,4544773
2024-11-12,88.23,88.82,87.80,88.30,7202797
2024-11-13,87.99,88.26,87.50,87.97,8338962
2024-11-14,87.70,88.15,85.90,86.00,7956078
2024-11-15,85.47,87.57,85.01,87.53,7952317
2024-11-18,87.50,88.72,87.00,87.59,10341890
2024-11-19,86.00,86.48,84.50,85.00,12000800
2024-11-20,84.73,84.98,83.55,84.11,7389082
2024-11-21,84.20,85.13,83.92,84.74,5699821
2024-11-22,84.79,86.30,84.62,86.21,6532130
2024-11-25,86.50,86.83,84.77,85.75,10635960
2024-11-26,86.34,86.56,85.02,85.68,5702542
2024-11-27,86.13,86.90,85.92,86.27,5106486
2024-11-29,85.65,86.75,85.53,86.54,3543192
2024-12-02,86.17,86.85,85.94,86.54,7058956
2024-12-03,86.51,86.53,85.47,85.71,4979401
2024-12-04,85.35,86.12,85.01,85.32,5352529
2024-12-05,84.57,85.33,84.00,84.14,6967690
2024-12-06,84.00,84.55,83.57,84.01,4310061
2024-12-09,84.13,84.41,83.66,83.96,5015090
2024-12-10,84.00,84.10,82.88,83.58,5095605
2024-12-11,83.40,83.97,82.89,82.92,6125595
2024-12-12,82.91,83.25,82.53,82.73,5482817
2024-12-13,82.84,82.94,81.88,82.48,4301567
2024-12-16,82.00,82.51,81.12,81.35,6351880
2024-12-17,80.96,82.29,80.69,81.37,8021428
2024-12-18,81.37,81.66,80.00,80.03,7048610
2024-12-19,79.79,80.59,79.52,79.99,7191234
2024-12-20,79.87,81.27,79.80,81.03,10707300
2024-12-23,80.69,81.60,80.42,81.40,7421726
2024-12-24,81.30,81.78,81.09,81.54,2465929
2024-12-26,81.31,81.77,81.22,81.60,3320029
2024-12-27,80.54,81.27,80.45,80.74,3880783
2024-12-30,80.20,80.37,79.29,79.61,5136445
2024-12-31,79.82,80.23,79.38,79.88,4803813
2025-01-02,80.37,80.67,79.86,80.22,5575206
2025-01-03,80.50,81.00,79.98,80.95,5394979
2025-01-06,80.52,81.14,79.66,79.84,7886375
2025-01-07,80.37,81.07,79.74,79.87,7363342
2025-01-08,80.41,83.22,80.35,82.68,11154160
2025-01-10,82.00,82.49,80.51,80.66,7068239
2025-01-13,80.91,82.12,80.01,81.79,6487705
2025-01-14,83.39,85.31,83.11,85.25,13399700
2025-01-15,83.92,85.89,83.92,85.40,12261140
2025-01-16,85.43,87.22,85.03,87.16,7267463
2025-01-17,87.25,88.63,87.05,88.08,9578891
2025-01-21,88.45,88.70,87.77,88.38,8376553
2025-01-22,88.24,88.46,87.42,87.84,5222894
2025-01-23,87.87,89.33,87.80,89.25,5694287
2025-01-24,89.11,90.30,88.82,90.19,7349517
2025-01-27,90.66,92.48,90.35,92.46,9164274
2025-01-28,92.46,93.08,91.67,91.98,7961373
2025-01-29,92.53,92.98,91.36,91.41,5514659
2025-01-30,91.72,92.81,91.46,91.99,5101862
2025-01-31,91.72,92.10,90.65,90.82,7216805
2025-02-03,90.27,91.21,89.25,90.53,5800340
2025-02-04,89.86,91.11,89.70,90.97,5196286
2025-02-05,91.27,92.07,90.67,91.69,5181172
2025-02-06,91.26,91.94,90.76,90.82,4509493
2025-02-07,91.12,91.17,89.55,90.01,6349592
2025-02-10,90.29,90.94,90.01,90.84,5029341
2025-02-11,90.84,91.47,90.50,91.20,6535110
2025-02-12,90.60,91.64,89.91,91.35,7053205
2025-02-13,91.27,92.47,90.87,92.20,5990974
2025-02-14,92.42,93.05,91.86,92.81,10855450
2025-02-18,87.96,88.44,85.06,86.07,14516660
2025-02-19,86.00,87.17,85.69,87.00,8972062
2025-02-20,86.77,88.27,86.35,87.94,5804290
2025-02-21,87.64,91.15,87.58,89.94,11762990
2025-02-24,89.54,91.07,89.12,90.17,7158499
2025-02-25,90.36,90.85,89.22,90.48,6290495
2025-02-26,90.46,91.19,90.00,90.58,5108476
2025-02-27,90.30,91.28,90.10,90.74,4735875
2025-02-28,91.55,92.40,90.30,92.02,7685318
2025-03-03,92.67,94.93,92.30,94.30,9306335
2025-03-04,94.75,95.57,92.95,93.03,7644253
2025-03-05,93.59,94.73,93.27,94.06,5820604
2025-03-06,93.74,93.98,92.09,93.13,5339821
2025-03-07,92.60,95.03,92.44,94.50,7796339
2025-03-10,94.58,96.25,93.55,93.80,10771730
2025-03-11,93.40,93.94,92.67,93.28,7457625
2025-03-12,92.89,93.00,90.35,91.51,6301000
2025-03-13,91.77,92.74,91.56,92.33,6737600
2025-03-14,92.31,93.30,92.12,93.07,7788807
2025-03-17,93.07,93.68,92.81,93.35,8099201
2025-03-18,93.67,93.72,91.74,92.21,12259290
2025-03-19,92.26,92.82,91.14,91.87,11665320
2025-03-20,92.00,92.00,90.29,91.22,10469570
2025-03-21,90.56,90.84,89.63,90.33,14027970
2025-03-24,90.69,90.84,89.70,90.13,5420539
2025-03-25,90.28,90.50,87.52,88.59,8819832
2025-03-26,88.63,89.16,88.02,88.23,7466403
2025-03-27,88.66,89.45,88.00,88.98,7340176
2025-03-28,87.85,88.38,87.23,87.63,6320312
2025-03-31,87.00,90.31,86.92,89.86,8241412
2025-04-01,88.79,89.59,88.21,88.49,7059601
2025-04-02,88.43,88.99,87.46,88.86,5577162
2025-04-03,88.60,89.54,87.69,87.89,7663140
2025-04-04,87.99,88.10,82.68,82.88,12033960
2025-04-07,81.22,85.37,80.58,83.15,12129090
2025-04-08,84.50,85.31,80.61,81.88,10183870
2025-04-09,80.50,85.50,79.55,85.28,11981140
2025-04-10,84.83,85.30,80.99,82.54,8838405
2025-04-11,83.16,83.44,81.18,82.90,8014039
2025-04-14,83.97,84.26,83.12,84.22,5596036
2025-04-15,84.63,84.73,82.22,82.37,5829510
2025-04-16,83.20,84.49,82.20,82.70,7111766
2025-04-17,82.51,83.32,82.12,82.60,5940495
2025-04-21,82.60,82.89,81.16,81.80,5220184
2025-04-22,82.81,83.62,82.50,83.37,5284905
2025-04-23,84.16,85.34,83.36,83.75,6468233
2025-04-24,84.03,84.54,83.26,84.30,5958950
2025-04-25,84.41,84.66,83.50,84.16,5879954
2025-04-28,84.60,84.88,83.38,84.04,4513541
2025-04-29,84.00,85.08,83.81,84.60,4495711
2025-04-30,84.98,85.00,83.68,84.76,7469756
2025-05-01,84.20,84.48,82.95,83.56,6015162
2025-05-02,84.48,85.07,83.88,84.85,5727613
2025-05-05,84.63,84.80,83.23,83.45,7168668
2025-05-06,83.34,83.46,82.04,82.32,7415781
2025-05-07,82.32,83.57,81.87,83.16,7557239
2025-05-08,83.47,84.58,83.16,83.62,6252546
2025-05-09,83.50,84.24,83.35,83.48,6588594
2025-05-12,84.44,86.25,84.06,85.81,7720307
2025-05-13,85.49,85.80,84.81,85.11,5532722
2025-05-14,84.90,85.11,84.09,84.25,5684923
2025-05-15,84.80,86.12,84.70,86.11,6567764
2025-05-16,86.13,86.45,85.84,86.44,6506996
2025-05-19,85.79,87.07,85.69,86.97,7296876
2025-05-20,85.42,86.86,85.39,86.37,9253531
2025-05-21,86.59,88.28,84.21,84.41,12936880
2025-05-22,83.28,83.62,80.87,80.91,14683390
2025-05-23,80.62,80.81,79.93,80.68,10571900
2025-05-27,81.15,81.60,80.71,81.18,8294453
2025-05-28,81.50,82.30,81.14,81.24,7515926
2025-05-29,81.28,82.42,81.25,82.41,8093554
2025-05-30,82.20,83.27,81.51,82.98,11026170
2025-06-02,82.40,83.77,82.21,83.74,7904393
2025-06-03,83.14,85.62,83.14,85.54,11977730
2025-06-04,85.54,86.35,85.54,85.60,9070714
2025-06-05,85.85,87.21,85.49,87.00,10364300
2025-06-06,87.29,87.45,86.79,87.44,7577543
2025-06-09,87.40,87.81,86.38,87.45,8624992
2025-06-10,87.72,88.50,87.46,87.96,6628034
2025-06-11,87.93,88.47,87.76,88.06,4643328
2025-06-12,88.03,88.53,87.65,88.49,5855307
2025-06-13,88.21,88.63,87.08,87.27,6011709
2025-06-16,88.21,88.77,87.58,87.92,8414689
2025-06-17,88.11,88.14,85.96,86.17,6939254
2025-06-18,86.31,86.40,85.41,85.73,8514790
2025-06-20,86.14,86.42,85.73,86.34,13089620
2025-06-23,86.24,86.34,84.58,85.96,6747004
2025-06-24,85.82,86.39,84.94,86.08,11144180
2025-06-25,85.86,86.42,85.44,85.97,8461705
2025-06-26,85.89,86.68,85.50,86.18,11117680
2025-06-27,85.50,86.52,85.22,86.02,10134010
2025-06-30,86.65,87.41,86.18,87.17,8205656
2025-07-01,86.83,88.75,86.71,88.75,10089400
2025-07-02,88.82,89.17,88.03,88.28,8663002
2025-07-03,88.37,88.70,88.06,88.39,2989470
2025-07-07,88.49,88.64,87.32,87.67,7218269
2025-07-08,87.56,89.04,87.31,88.58,5403110
2025-07-09,88.83,89.14,87.98,89.00,4673255
2025-07-10,89.23,90.48,88.50,89.40,7962916
2025-07-11,91.77,91.85,89.06,89.92,12259490
2025-07-14,89.75,90.24,88.98,89.73,8911898
2025-07-15,89.70,90.12,88.41,89.22,8617505
2025-07-16,89.59,89.92,89.02,89.78,5173559
2025-07-17,89.53,89.69,88.35,89.53,6952025
2025-07-18,89.98,90.52,89.31,89.61,6413567
2025-07-21,89.43,90.45,89.18,89.70,6016191
2025-07-22,89.97,91.92,89.81,91.65,7457148
2025-07-23,91.85,92.77,90.89,92.01,7818824
2025-07-24,92.04,92.50,91.32,92.32,6684945
2025-07-25,91.97,93.10,91.93,92.94,5376597
2025-07-28,92.72,92.75,91.87,91.97,4311524
2025-07-29,91.81,92.71,91.75,92.44,4676829
2025-07-30,92.26,92.38,91.22,91.64,5424024
2025-07-31,91.42,91.69,90.14,90.24,8310198
2025-08-01,89.61,89.96,88.69,89.34,6658193
2025-08-04,89.45,90.11,88.25,89.64,8078844
2025-08-05,90.14,90.20,89.29,89.67,5596977
2025-08-06,89.68,90.00,88.96,89.36,5545019
2025-08-07,89.99,91.73,89.72,91.24,8206997
2025-08-08,91.20,92.96,91.20,92.88,6637029
2025-08-11,92.85,93.28,92.35,92.74,6782958
2025-08-12,92.84,93.12,91.45,92.08,5445260
2025-08-13,92.00,93.16,91.66,92.91,6596944
2025-08-14,92.85,92.91,91.72,91.98,6873526
2025-08-15,92.52,93.18,92.02,93.02,6641183
2025-08-18,92.77,93.32,92.51,92.81,11581760
2025-08-19,87.83,90.15,87.50,89.90,19583910
2025-08-20,90.36,94.44,90.29,93.22,13227390
2025-08-21,93.31,93.79,91.03,91.10,6808601
2025-08-22,91.68,92.96,91.68,92.71,4876003
2025-08-25,92.74,93.05,91.92,92.04,5106523
2025-08-26,92.43,92.50,91.86,92.18,6251652
2025-08-27,92.04,92.18,91.33,92.05,4223306
2025-08-28,92.10,92.10,91.33,91.96,5626571
2025-08-29,92.05,92.82,91.96,92.81,5174580
2025-09-02,92.54,93.83,92.41,93.33,7150345
2025-09-03,93.15,93.56,91.42,92.25,5365396
2025-09-04,92.26,94.35,91.79,92.85,6641476
2025-09-05,93.14,93.94,92.52,92.90,4856952
2025-09-08,92.16,93.00,91.39,92.99,5024124
2025-09-09,92.83,94.31,92.73,94.07,7038706
2025-09-10,94.25,94.30,91.59,92.32,5625566
2025-09-11,92.31,94.27,92.25,94.25,6957857
2025-09-12,93.96,95.29,93.51,94.03,7334440
2025-09-15,94.60,94.93,93.22,93.43,5716301
2025-09-16,93.27,95.54,93.27,94.19,7722422
2025-09-17,94.42,95.12,93.81,94.58,8145826
2025-09-18,94.49,95.64,93.81,95.59,9364631
2025-09-19,95.91,95.91,94.08,95.08,15677040
2025-09-22,95.39,95.50,94.30,94.62,7581703
2025-09-23,94.52,95.66,94.17,94.96,7101065
2025-09-24,94.85,95.98,94.80,95.74,11265280
2025-09-25,95.27,95.63,92.72,94.30,7560775
2025-09-26,93.85,94.73,93.48,94.22,5042833
2025-09-29,94.21,94.33,93.29,93.97,5452013
2025-09-30,93.90,95.39,93.81,95.24,7119027
2025-10-01,95.15,95.73,91.86,94.81,10343770
2025-10-02,94.41,95.74,93.98,95.48,6212680
2025-10-03,95.67,97.94,95.38,97.70,8573349
2025-10-06,97.64,98.66,97.63,98.43,8134730
2025-10-07,98.33,99.37,97.90,98.33,5894117
2025-10-08,98.57,98.68,96.77,97.87,7470103
2025-10-09,98.19,98.23,95.96,96.50,6207278
2025-10-10,96.68,97.05,95.30,95.45,6829767
2025-10-13,95.70,96.41,95.06,95.58,4619902
2025-10-14,95.26,96.60,95.26,96.54,4863007
2025-10-15,96.07,96.86,94.06,95.34,7246922
2025-10-16,95.20,95.97,94.70,95.04,4802755
2025-10-17,95.28,95.81,94.90,95.78,6136039
2025-10-20,96.09,96.60,94.93,95.92,5137888
2025-10-21,95.62,96.16,95.24,95.83,4405415
2025-10-22,96.58,97.24,95.55,95.90,6652051
2025-10-23,96.15,96.24,91.87,94.21,9122220
2025-10-24,94.42,94.96,93.29,93.67,4309275
2025-10-27,93.73,94.24,93.11,94.13,5562825
2025-10-28,93.81,94.59,93.21,93.23,4279834
2025-10-29,92.78,92.81,91.38,91.73,6963908
2025-10-30,91.77,91.94,90.70,90.97,5617394
2025-10-31,90.60,91.32,90.09,90.70,5959771
2025-11-03,90.65,90.65,89.04,90.20,7307737
2025-11-04,90.18,90.47,89.66,90.42,4729161
2025-11-05,89.80,90.49,89.36,90.40,5675116
2025-11-06,90.09,90.82,89.62,90.06,5462225
2025-11-07,90.70,92.24,90.20,92.20,7520670
2025-11-10,91.95,92.79,91.52,92.66,5375272
2025-11-11,92.97,95.40,92.80,95.40,8555772
2025-11-12,95.00,96.29,94.82,95.81,6321992
2025-11-13,95.00,96.71,94.64,96.14,5284495
2025-11-14,95.81,96.57,95.14,95.87,6324550
2025-11-17,95.82,97.25,95.80,96.28,11087620
2025-11-18,99.97,102.48,99.41,100.80,21965410
2025-11-19,100.99,102.59,99.97,100.34,12429760
2025-11-20,100.37,101.19,99.08,99.35,6726453
2025-11-21,99.65,102.03,99.26,101.20,11381040
2025-11-24,101.53,103.70,100.97,103.20,13926400
2025-11-25,103.80,105.60,103.80,105.35,9483222
2025-11-26,105.06,106.33,104.70,105.02,5249721
2025-11-28,105.04,105.33,104.62,105.33,2618151
2025-12-01,105.00,105.73,103.31,103.34,6666521
2025-12-02,103.42,103.47,101.70,102.03,5797376
2025-12-03,102.54,102.91,101.58,101.97,4167811
2025-12-04,102.04,102.75,101.74,101.99,4480706
2025-12-05,102.11,102.46,101.31,101.36,5158121
2025-12-08,101.81,102.49,101.05,101.26,5528785
2025-12-09,101.43,102.00,99.58,99.62,4666268
2025-12-10,99.50,101.07,99.49,100.77,6158778
2025-12-11,101.39,101.39,99.62,99.75,8339069
2025-12-12,99.85,100.11,99.00,99.87,6546521
2025-12-15,99.90,100.67,98.35,98.57,9569280
2025-12-16,98.55,98.62,97.17,97.72,5639065
2025-12-17,97.81,98.59,97.76,98.30,5574541
2025-12-18,98.69,99.26,98.08,98.48,6306005
2025-12-19,98.54,99.24,98.22,98.63,12760080
2025-12-22,98.40,98.48,96.89,97.71,6546910
2025-12-23,97.51,97.89,97.27,97.47,3579805
2025-12-24,97.41,97.60,97.00,97.27,1978993
2025-12-26,96.71,96.75,96.01,96.52,4340534
2025-12-29,96.74,96.91,95.96,96.15,4790828
2025-12-30,96.32,96.88,96.08,96.66,3741169
2025-12-31,96.55,96.99,95.94,96.06,4731633
2026-01-02,96.04,96.44,95.29,96.05,6221960
2026-01-05,95.63,97.56,95.17,97.36,6597746
2026-01-06,98.06,100.54,97.71,100.31,7107604
2026-01-07,100.68,101.32,99.37,99.77,7117928
2026-01-08,99.62,100.40,98.67,98.69,5386152
2026-01-09,98.95,99.19,97.10,97.53,5982810
2026-01-12,97.87,98.00,95.87,96.95,7837007
2026-01-13,97.31,97.31,95.93,96.42,5823362
2026-01-14,96.33,98.77,95.83,98.74,9909283
2026-01-15,98.38,99.46,97.64,99.00,6703773
2026-01-16,98.68,98.95,96.67,96.76,9035618
2026-01-20,96.26,98.67,95.69,98.60,10113610
2026-01-21,99.29,101.03,98.74,100.29,11295110
2026-01-22,100.42,102.08,100.11,101.34,9978749
2026-01-23,101.01,101.72,100.23,100.88,8482439
2026-01-26,100.94,102.10,100.58,100.67,8402344
2026-01-27,100.23,102.03,99.68,100.69,7132022
2026-01-28,100.46,101.25,100.26,100.79,6643248
2026-01-29,101.14,101.59,99.69,101.00,10125990
2026-01-30,101.66,103.02,101.28,102.96,8579907
2026-02-02,102.85,103.32,102.11,102.71,7284239
2026-02-03,102.71,105.03,102.56,103.18,10725640
2026-02-04,103.32,105.50,101.19,101.84,12572090
2026-02-05,101.92,104.50,101.92,102.95,9834986
2026-02-06,102.99,103.75,101.89,102.90,6618197
2026-02-09,103.59,103.62,101.43,101.65,8888848
2026-02-10,101.60,103.11,100.88,101.42,9032288
2026-02-11,101.22,101.22,98.62,101.08,10405990
2026-02-12,101.13,102.05,100.56,100.88,9379147
2026-02-13,100.92,102.50,99.12,99.49,10354800
2026-02-17,95.88,98.12,95.50,96.41,17374820
2026-02-18,96.00,98.55,95.94,98.49,10367990
2026-02-19,98.36,98.72,96.88,97.58,9888427
2026-02-20,97.18,97.86,96.47,96.86,7188694
2026-02-23,96.65,98.98,96.54,98.61,5960120
2026-02-24,98.54,98.73,96.57,96.75,7614107
2026-02-25,96.32,97.39,95.89,96.65,6830917
2026-02-26,97.10,97.60,95.98,97.03,7910880
2026-02-27,96.69,98.06,96.30,97.66,8290547
2026-03-02,97.11,98.77,96.71,98.10,6393946
2026-03-03,97.27,97.73,95.98,96.71,6728039
2026-03-04,96.68,96.90,95.42,95.60,7236087
2026-03-05,94.75,94.90,92.31,93.01,8368744
2026-03-06,92.49,92.67,90.17,90.90,10787210
2026-03-09,90.00,91.54,89.01,91.34,11112360
2026-03-10,91.21,91.41,89.15,89.89,8834439
2026-03-11,90.00,90.35,87.99,88.97,7974055
2026-03-12,89.38,90.17,87.31,87.38,11034140
2026-03-13,87.66,88.56,86.72,87.14,7923383
2026-03-16,87.41,88.75,87.25,88.24,8110063
2026-03-17,88.46,89.36,88.16,88.44,6283027
2026-03-18,88.05,88.73,87.06,87.21,7081775
2026-03-19,87.25,87.72,86.51,86.87,5755710
2026-03-20,86.83,87.28,85.78,86.16,11113870
2026-03-23,87.24,87.68,86.36,87.17,6903337
2026-03-24,86.49,87.30,86.16,86.58,6696405
2026-03-25,86.90,88.07,86.34,87.89,9380121
2026-03-26,87.30,89.18,87.30,87.67,10770060
2026-03-27,87.32,87.53,86.35,87.14,10312350
2026-03-30,87.45,87.53,85.65,85.74,8716183
2026-03-31,86.72,86.78,84.92,86.65,7342182
2026-04-01,86.58,86.96,85.40,86.06,7408644
2026-04-02,85.86,86.97,85.21,86.63,4687667
2026-04-06,86.43,87.30,86.07,86.28,4532309
2026-04-07,85.99,86.97,85.31,86.42,6995410
2026-04-08,87.86,88.84,86.91,88.65,12720900
2026-04-09,87.91,88.55,87.30,87.91,7896838
2026-04-10,88.35,88.35,87.07,87.21,8279818
2026-04-13,87.00,88.16,86.41,88.00,8277152
2026-04-14,88.00,88.67,87.43,88.12,5640336
2026-04-15,87.86,87.91,86.45,87.10,8543161
2026-04-16,86.82,87.58,85.50,85.65,8816850
2026-04-17,85.72,87.05,85.55,86.19,10461060
2026-04-20,85.99,87.05,84.99,85.00,8500582
2026-04-21,85.25,85.35,81.96,82.00,10786360
2026-04-22,82.90,84.27,82.66,83.22,10669070
2026-04-23,83.85,84.25,82.87,83.79,7864775
2026-04-24,83.51,83.77,82.78,83.32,6570203
2026-04-27,83.12,84.05,82.86,82.92,6635219
2026-04-28,83.73,84.00,81.25,81.90,9889167
2026-04-29,81.44,81.45,78.91,79.37,10814130
2026-04-30,79.50,81.11,78.98,80.97,15781680
2026-05-01,80.95,81.17,79.97,80.00,8268505
2026-05-04,79.47,79.59,78.29,78.30,11134050
2026-05-05,78.50,78.55,77.39,77.79,9327189
2026-05-06,78.18,78.46,77.16,77.60,11477420
2026-05-07,77.99,79.11,77.64,77.96,10008260
2026-05-08,78.34,78.34,75.91,76.15,10199480
2026-05-11,76.25,76.50,74.40,74.54,10495720
2026-05-12,74.97,77.12,74.60,76.82,10255150
2026-05-13,75.93,76.48,75.40,76.21,10975170
2026-05-14,76.36,77.10,75.94,76.97,7444027
2026-05-15,77.00,77.38,75.85,76.15,9127303
2026-05-18,76.30,77.55,76.03,77.32,10973290
2026-05-19,77.35,78.99,76.74,78.58,11931680
2026-05-20,78.17,78.60,77.35,78.15,9665664
2026-05-21,77.49,78.17,76.98,78.15,9226489
2026-05-22,78.40,79.25,78.21,78.60,7051744
2026-05-26,78.55,78.55,77.47,77.60,6704214
2026-05-27,77.68,78.22,75.84,75.98,10474880
2026-05-28,75.55,76.26,75.30,75.57,13098870
2026-05-29,75.85,75.85,73.67,73.81,22243500
2026-06-01,74.00,75.03,73.77,73.98,14209850
2026-06-02,73.81,74.48,73.31,73.75,14441700
2026-06-03,77.12,78.36,76.27,77.95,20289730
2026-06-04,80.00,82.83,79.87,81.93,19849640
2026-06-05,82.10,82.68,81.11,81.67,15286760
2026-06-08,80.99,81.06,79.96,80.69,10254470
2026-06-09,80.76,82.34,80.60,81.98,9825490
2026-06-10,82.21,82.25,80.16,80.25,7004383
2026-06-11,80.09,80.92,79.80,80.33,8411606
2026-06-12,80.58,80.74,79.26,80.20,7692356
2026-06-15,80.25,80.78,79.98,80.38,6492246
2026-06-16,81.30,81.62,80.60,81.32,8459428
2026-06-17,81.00,81.75,77.62,78.14,11874710
2026-06-18,78.59,79.51,78.45,79.34,22656860
2026-06-22,79.17,79.87,78.30,79.27,10018920
2026-06-23,79.75,80.75,79.58,80.63,8482604
2026-06-24,80.12,82.09,80.07,80.13,8817761
2026-06-25,80.17,82.48,80.17,80.52,9055164
2026-06-26,79.84,81.87,79.71,80.98,12401090
2026-06-29,81.15,81.78,80.56,80.93,8597344
2026-06-30,81.11,81.20,78.14,78.23,9876723
2026-07-01,78.60,80.28,78.60,79.20,7640513
2026-07-02,80.00,83.31,79.90,83.19,9723080
2026-07-06,83.25,83.77,81.41,83.06,10711170
2026-07-07,84.57,85.99,83.73,83.83,9080715
2026-07-08,83.15,83.50,81.87,82.01,5746777
2026-07-09,81.69,83.00,81.10,82.39,5532717
2026-07-10,82.83,84.19,82.56,83.87,7191947
2026-07-13,84.00,84.69,83.53,83.57,4885229
2026-07-14,81.59,82.00,78.97,79.30,8499354
2026-07-15,79.61,81.88,79.46,80.47,8785630
2026-07-16,81.45,84.79,81.19,83.56,9698350
2026-07-17,83.52,84.69,82.71,83.20,9207621
2026-07-20,82.98,84.03,82.80,83.29,7232476
2026-07-21,82.49,83.29,81.49,82.35,5840408
2026-07-22,82.96,83.10,81.52,81.89,4666993
2026-07-23,81.74,82.86,81.50,82.01,5543916
2026-07-24,82.87,83.59,82.41,83.21,4336173
2026-07-27,83.51,85.14,83.21,84.22,5420891
2026-07-28,86.22,88.98,86.15,86.88,14505130
2026-07-29,86.54,88.69,86.32,87.54,8294788
2026-07-30,86.40,86.99,85.08,85.71,7383087
2026-07-31,85.33,85.97,83.83,85.39,9605293
2026-08-03,86.81,87.89,85.81,86.68,6785320
2026-08-04,85.49,86.24,84.95,86.20,6361105
2026-08-05,86.50,86.83,85.01,85.99,4734047
2026-08-06,87.01,87.30,85.67,85.92,4976344
2026-08-07,85.46,87.19,84.95,87.16,5056708
2026-08-10,87.16,89.45,86.72,89.41,6572304
2026-08-11,89.26,90.73,88.70,90.68,8392591
2026-08-12,88.96,91.03,88.50,90.76,6232173
2026-08-13,91.44,91.61,90.41,90.58,6475825
2026-08-14,90.99,91.99,90.41,91.27,8245571
2026-08-17,90.89,91.79,90.08,90.60,7830501
2026-08-18,92.00,93.09,91.47,92.09,6790310
2026-08-19,92.38,94.72,91.95,94.13,5636476
2026-08-20,93.37,94.53,92.23,92.30,6348891
2026-08-21,92.57,93.55,91.73,93.35,7494836
2026-08-24,93.43,94.05,92.66,92.90,6010950
2026-08-25,92.28,92.82,91.11,91.14,6799593
2026-08-26,91.08,92.53,90.75,92.02,6046535
2026-08-27,91.50,91.61,89.96,89.97,7774372
2026-08-28,90.29,91.56,89.94,91.23,6468868
2026-08-31,90.75,91.12,90.04,90.65,12630530
2026-09-01,94.00,95.41,90.80,92.04,18840840
2026-09-02,92.25,94.61,91.47,92.18,9161918
2026-09-03,93.04,93.72,90.97,93.10,7411529
2026-09-04,92.76,94.74,92.31,94.17,9013901
2026-09-08,93.25,93.30,91.42,92.39,8195161
2026-09-09,92.39,93.39,91.75,91.89,7734755
2026-09-10,92.00,92.53,90.58,91.62,5119406
2026-09-11,93.00,93.00,90.26,90.96,5408612
2026-09-14,93.35,94.08,92.73,93.80,9255938
2026-09-15,93.69,94.70,92.73,93.75,7147304
