date,open,high,low,close,volume
2016-09-15,30.50,30.76,30.35,30.68,5180036
2016-09-16,30.56,30.89,30.43,30.83,13406008
2016-09-19,30.91,31.22,30.86,31.18,4990332
2016-09-20,31.21,31.44,31.21,31.27,8329668
2016-09-21,31.30,31.97,31.26,31.96,7809476
2016-09-22,32.10,32.22,31.92,32.01,6233048
2016-09-23,31.39,31.92,31.01,31.69,9781076
2016-09-26,31.64,31.75,31.45,31.56,5539916
2016-09-27,31.77,32.15,31.64,31.70,9811944
2016-09-28,31.83,31.86,31.33,31.62,6843108
2016-09-29,31.47,31.48,30.68,30.93,11062344
2016-09-30,31.07,31.22,30.44,30.58,12255176
2016-10-03,30.61,30.67,30.06,30.28,6773620
2016-10-04,30.29,30.29,29.52,29.73,9205392
2016-10-05,29.77,30.04,29.60,29.64,8269264
2016-10-06,29.53,29.78,29.38,29.51,10979452
2016-10-07,29.97,30.82,29.92,30.43,19343468
2016-10-10,30.46,30.73,30.31,30.70,8225748
2016-10-11,30.54,30.62,30.20,30.29,7655512
2016-10-12,30.34,30.79,30.30,30.75,7696472
2016-10-13,30.73,31.29,30.63,31.16,8133068
2016-10-14,31.09,31.26,30.97,31.01,5538056
2016-10-17,31.09,31.12,30.91,31.02,4531708
2016-10-18,31.25,31.36,30.92,31.28,5262996
2016-10-19,31.23,31.34,31.03,31.14,6226296
2016-10-20,31.14,31.40,30.98,31.03,7426140
2016-10-21,30.88,31.05,30.72,30.93,4504608
2016-10-24,31.05,31.14,30.87,31.09,5947996
2016-10-25,31.04,31.40,30.98,31.38,5536620
2016-10-26,31.39,31.63,31.21,31.55,5263996
2016-10-27,31.46,31.60,31.08,31.28,6069236
2016-10-28,31.33,31.61,31.23,31.43,7975220
2016-10-31,31.76,32.12,31.44,32.00,12201296
2016-11-01,32.05,32.07,31.36,31.47,6613160
2016-11-02,30.82,31.07,30.55,30.92,24143924
2016-11-03,30.93,31.10,30.73,30.96,8894096
2016-11-04,31.11,31.18,30.79,30.80,8715108
2016-11-07,30.95,31.17,30.70,31.16,11353888
2016-11-08,31.18,31.36,31.02,31.29,8471956
2016-11-09,30.29,30.29,29.05,29.37,28179296
2016-11-10,29.20,29.23,28.09,28.77,29856156
2016-11-11,28.64,28.88,28.19,28.39,16935976
2016-11-14,28.23,28.64,27.62,28.61,26598356
2016-11-15,28.57,28.84,28.44,28.76,17988420
2016-11-16,28.82,28.90,28.30,28.57,16974372
2016-11-17,28.48,28.79,28.47,28.70,8680468
2016-11-18,28.91,28.91,28.36,28.52,12270512
2016-11-21,28.61,28.66,28.42,28.59,9186360
2016-11-22,28.46,28.68,28.40,28.46,10324836
2016-11-23,28.23,28.46,28.18,28.36,9498796
2016-11-25,28.48,28.79,28.47,28.69,4609304
2016-11-28,28.81,29.16,28.75,29.07,18532464
2016-11-29,29.07,29.63,29.05,29.32,12668340
2016-11-30,28.97,29.00,28.54,28.56,13299292
2016-12-01,28.38,28.48,28.16,28.24,12058400
2016-12-02,28.43,28.73,28.40,28.60,8449188
2016-12-05,28.58,28.85,28.30,28.75,10143080
2016-12-06,28.70,28.91,28.62,28.69,11771440
2016-12-07,28.75,29.43,28.70,29.42,10759932
2016-12-08,29.20,29.41,29.09,29.22,8968048
2016-12-09,29.25,29.34,28.93,29.12,11915900
2016-12-12,29.02,29.45,28.96,29.36,16724844
2016-12-13,29.38,29.80,29.37,29.75,9463244
2016-12-14,29.92,30.11,29.00,29.01,10483076
2016-12-15,29.00,29.26,28.71,29.26,10801096
2016-12-16,29.31,29.80,29.28,29.73,15695108
2016-12-19,29.88,29.92,29.58,29.80,5144564
2016-12-20,29.81,29.98,29.69,29.82,6165952
2016-12-21,29.77,29.95,29.63,29.65,6056672
2016-12-22,29.66,29.75,29.54,29.73,4984660
2016-12-23,29.72,29.82,29.64,29.81,3570516
2016-12-27,29.77,29.89,29.64,29.81,2621748
2016-12-28,29.83,29.92,29.62,29.66,5123964
2016-12-29,29.81,30.07,29.63,30.05,4047848
2016-12-30,30.05,30.19,29.77,29.86,5695860
2017-01-03,29.89,29.91,29.45,29.68,6103172
2017-01-04,29.81,29.95,29.64,29.77,8520048
2017-01-05,29.95,29.95,29.44,29.75,6144844
2017-01-06,29.60,29.78,29.50,29.66,8792276
2017-01-09,29.78,29.88,29.52,29.59,6063312
2017-01-10,29.53,29.68,29.33,29.64,6338248
2017-01-11,29.56,29.90,29.56,29.85,5589828
2017-01-12,29.90,29.98,29.72,29.88,6519652
2017-01-13,29.82,29.85,29.47,29.76,5751076
2017-01-17,29.85,30.07,29.80,30.05,6961876
2017-01-18,30.05,30.24,29.96,30.01,5774980
2017-01-19,29.84,30.06,29.71,29.82,4701880
2017-01-20,29.87,29.91,29.59,29.82,4985240
2017-01-23,29.88,29.98,29.66,29.70,9114712
2017-01-24,29.68,29.82,29.59,29.70,4848528
2017-01-25,29.56,29.77,29.53,29.75,6880480
2017-01-26,29.68,29.82,29.48,29.69,5509596
2017-01-27,29.99,30.46,29.83,30.34,12540400
2017-01-30,30.42,30.91,30.39,30.61,11280128
2017-01-31,30.61,31.08,30.54,30.93,8781240
2017-02-01,30.68,30.91,30.52,30.66,8220460
2017-02-02,30.74,30.88,30.53,30.86,5004968
2017-02-03,30.98,31.22,30.89,31.05,8227232
2017-02-06,31.10,31.21,30.88,30.96,4192608
2017-02-07,31.02,31.16,30.93,31.08,6258892
2017-02-08,31.06,31.61,31.06,31.57,8594420
2017-02-09,31.43,31.54,31.05,31.16,6425800
2017-02-10,31.12,31.39,31.06,31.37,4823828
2017-02-13,31.38,31.53,31.29,31.50,3544452
2017-02-14,31.25,31.52,31.13,31.50,6451012
2017-02-15,31.26,31.49,31.14,31.32,7062156
2017-02-16,31.38,31.55,31.31,31.55,4989968
2017-02-17,31.67,31.74,31.49,31.71,9354416
2017-02-21,31.61,32.12,31.50,32.06,6306632
2017-02-22,32.00,32.17,31.86,32.11,8544256
2017-02-23,32.19,32.41,32.05,32.29,7606364
2017-02-24,32.21,32.74,32.12,32.74,10271772
2017-02-27,32.77,32.77,32.30,32.47,7332956
2017-02-28,32.49,32.87,32.39,32.75,8994320
2017-03-01,32.39,32.56,32.15,32.35,9071992
2017-03-02,32.33,32.91,32.25,32.73,6114528
2017-03-03,32.67,32.75,32.45,32.70,5288340
2017-03-06,32.62,32.75,32.44,32.66,8208200
2017-03-07,32.59,32.78,32.56,32.66,7964576
2017-03-08,32.39,32.53,32.22,32.36,6330196
2017-03-09,32.41,32.55,32.18,32.19,5044268
2017-03-10,32.45,32.54,32.25,32.52,5924864
2017-03-13,32.52,32.67,32.36,32.62,5837260
2017-03-14,32.58,32.74,32.51,32.64,5369724
2017-03-15,32.71,33.16,32.59,32.98,8121140
2017-03-16,32.90,32.94,32.40,32.48,10442676
2017-03-17,32.53,32.95,32.52,32.56,18648388
2017-03-20,32.68,32.80,32.38,32.47,7566784
2017-03-21,32.55,33.09,32.40,32.96,9537600
2017-03-22,33.00,33.30,32.95,33.10,5531992
2017-03-23,33.12,33.28,32.94,33.02,6200924
2017-03-24,32.99,33.32,32.93,33.20,5727936
2017-03-27,33.26,33.28,32.66,32.77,8160312
2017-03-28,32.69,32.89,32.63,32.81,5511096
2017-03-29,32.64,32.76,32.55,32.64,4426788
2017-03-30,32.51,32.65,31.95,32.03,13592288
2017-03-31,32.02,32.32,31.95,32.09,9346148
2017-04-03,32.12,32.19,31.77,32.18,6970148
2017-04-04,32.23,32.48,32.10,32.38,5439760
2017-04-05,32.35,32.71,32.25,32.66,7144636
2017-04-06,32.52,32.61,32.35,32.44,6117872
2017-04-07,32.51,32.59,32.19,32.23,7067332
2017-04-10,32.24,32.41,32.14,32.36,4207308
2017-04-11,32.28,32.39,32.08,32.33,4214200
2017-04-12,32.15,32.63,32.12,32.63,5874924
2017-04-13,32.52,32.88,32.50,32.69,7746504
2017-04-17,32.67,32.82,32.62,32.73,4508232
2017-04-18,32.73,33.02,32.61,32.98,7822400
2017-04-19,32.98,33.00,32.72,32.88,8320032
2017-04-20,32.77,32.86,32.30,32.72,8054648
2017-04-21,32.81,33.58,32.81,33.26,10480648
2017-04-24,33.16,33.28,32.86,33.19,8935844
2017-04-25,33.15,33.25,32.97,33.23,5167340
2017-04-26,33.25,33.46,33.16,33.21,5967096
2017-04-27,33.16,33.55,33.16,33.38,5624144
2017-04-28,33.34,33.53,33.27,33.39,6652636
2017-05-01,33.53,33.58,33.20,33.26,7204240
2017-05-02,33.31,33.51,33.27,33.51,6858836
2017-05-03,33.47,33.56,33.29,33.34,6576744
2017-05-04,33.28,33.62,33.27,33.59,7013172
2017-05-05,33.70,33.80,33.56,33.58,7312356
2017-05-08,33.62,33.79,33.54,33.74,5804772
2017-05-09,33.61,33.73,33.37,33.44,6189884
2017-05-10,33.45,33.62,33.35,33.54,7498908
2017-05-11,33.52,33.66,33.40,33.66,3581368
2017-05-12,33.68,33.96,33.66,33.89,5678920
2017-05-15,33.81,34.16,33.76,34.03,7688456
2017-05-16,34.03,34.20,33.95,33.98,5438044
2017-05-17,34.03,34.29,34.02,34.11,7484704
2017-05-18,34.16,34.43,33.93,34.23,8878000
2017-05-19,34.26,34.40,33.90,34.32,6914860
2017-05-22,34.34,34.65,34.25,34.59,8549488
2017-05-23,34.63,35.02,34.59,34.74,7788684
2017-05-24,34.80,35.11,34.76,35.04,6256492
2017-05-25,34.93,35.22,34.81,35.17,4765256
2017-05-26,35.20,35.27,35.09,35.18,4430032
2017-05-30,35.13,35.26,35.06,35.16,11000520
2017-05-31,35.18,35.46,35.18,35.36,13282228
2017-06-01,35.34,35.48,35.18,35.48,6446368
2017-06-02,35.69,35.73,35.43,35.68,7339492
2017-06-05,35.60,35.66,35.45,35.46,4325672
2017-06-06,35.63,35.66,35.43,35.48,8223784
2017-06-07,35.48,35.74,35.36,35.65,5715024
2017-06-08,35.65,35.65,35.16,35.36,6747316
2017-06-09,35.27,35.44,34.99,35.06,7173028
2017-06-12,35.15,35.22,34.54,34.85,8946256
2017-06-13,34.85,35.09,34.74,34.99,6944848
2017-06-14,35.29,35.55,35.15,35.29,5691132
2017-06-15,35.30,35.53,35.16,35.47,11065568
2017-06-16,35.55,35.79,35.48,35.71,10408868
2017-06-19,35.76,35.80,35.53,35.60,9268148
2017-06-20,35.61,35.71,35.48,35.49,8612920
2017-06-21,35.53,35.59,35.10,35.27,6519452
2017-06-22,35.22,35.55,35.17,35.40,7685620
2017-06-23,35.40,36.08,35.34,35.78,11007452
2017-06-26,35.85,36.22,35.78,36.06,7911256
2017-06-27,35.89,36.09,35.51,35.57,9663316
2017-06-28,35.73,35.81,35.19,35.26,8363564
2017-06-29,35.05,35.09,34.74,34.99,11583004
2017-06-30,35.06,35.41,35.02,35.03,8531568
2017-07-03,35.21,35.45,34.91,34.91,4121116
2017-07-05,34.90,34.95,34.56,34.70,7705792
2017-07-06,34.63,34.95,34.50,34.89,6964508
2017-07-07,34.91,35.29,34.84,35.12,5347600
2017-07-10,35.16,35.45,35.07,35.26,6750404
2017-07-11,35.38,35.38,34.88,35.19,7596636
2017-07-12,35.47,35.56,35.16,35.20,6771448
2017-07-13,35.30,35.33,35.05,35.15,5557028
2017-07-14,35.41,35.53,35.33,35.41,5052948
2017-07-17,35.35,35.43,35.19,35.24,11235940
2017-07-18,35.32,35.53,35.25,35.37,5471432
2017-07-19,35.48,35.52,35.33,35.45,3773640
2017-07-20,35.58,35.97,35.50,35.87,6225800
2017-07-21,35.79,36.11,35.64,36.09,5413660
2017-07-24,36.10,36.10,35.78,35.79,8382416
2017-07-25,35.84,35.86,35.53,35.78,5400976
2017-07-26,35.66,36.40,35.57,36.37,7041564
2017-07-27,36.24,36.34,35.99,36.16,5680008
2017-07-28,36.15,36.44,36.11,36.28,4625152
2017-07-31,36.33,36.72,36.31,36.52,6780568
2017-08-01,36.47,36.80,36.46,36.64,6039768
2017-08-02,36.54,36.74,36.34,36.69,6687396
2017-08-03,36.64,36.96,36.59,36.88,5674424
2017-08-04,36.74,36.83,36.52,36.69,5915792
2017-08-07,36.71,36.87,36.62,36.77,4819388
2017-08-08,36.75,36.90,36.67,36.84,4752684
2017-08-09,36.97,37.05,36.74,36.81,11041940
2017-08-10,36.72,37.08,36.70,36.93,5366328
2017-08-11,36.91,37.01,36.66,36.80,5085916
2017-08-14,36.90,37.09,36.84,37.02,3907876
2017-08-15,36.87,37.34,36.87,37.26,4777080
2017-08-16,37.25,37.55,37.20,37.49,5415172
2017-08-17,37.36,37.58,37.09,37.15,5317700
2017-08-18,37.12,37.65,37.01,37.48,5723564
2017-08-21,37.50,37.71,37.42,37.61,3897920
2017-08-22,37.64,37.80,37.51,37.71,5402352
2017-08-23,37.41,37.59,37.19,37.41,5794480
2017-08-24,37.50,37.50,37.23,37.33,5164448
2017-08-25,37.41,37.61,37.25,37.52,5036428
2017-08-28,37.58,37.73,37.51,37.72,3499740
2017-08-29,37.76,37.82,37.53,37.68,5597004
2017-08-30,37.60,37.71,37.54,37.66,4246176
2017-08-31,37.75,37.76,37.55,37.63,6826060
2017-09-01,37.75,37.83,37.41,37.54,4287048
2017-09-05,37.55,37.61,37.33,37.56,4300688
2017-09-06,37.65,37.68,37.06,37.06,9125856
2017-09-07,37.11,37.73,37.11,37.37,7741196
2017-09-08,37.30,37.37,36.77,37.06,11785412
2017-09-11,37.06,37.90,37.00,37.85,9117800
2017-09-12,37.77,37.84,36.98,37.28,7719668
2017-09-13,37.26,37.30,37.01,37.05,5824284
2017-09-14,37.00,37.45,36.91,37.39,4587808
2017-09-15,37.53,37.59,37.30,37.52,9063484
2017-09-18,37.50,37.50,36.84,37.08,6556840
2017-09-19,37.12,37.23,36.93,36.98,7018424
2017-09-20,37.10,37.15,36.48,36.69,5489728
2017-09-21,36.69,36.96,36.62,36.70,5415448
2017-09-22,36.76,36.81,36.55,36.59,4904032
2017-09-25,36.55,36.83,36.46,36.70,6024988
2017-09-26,36.73,37.06,36.73,36.92,5331268
2017-09-27,36.71,36.85,36.43,36.56,6819888
2017-09-28,36.37,36.84,36.17,36.75,5398588
2017-09-29,36.74,36.81,36.58,36.64,5246180
2017-10-02,36.84,36.92,36.59,36.69,4574716
2017-10-03,36.59,36.74,36.41,36.72,4010112
2017-10-04,36.75,37.15,36.65,37.14,4390236
2017-10-05,37.13,37.14,36.77,36.94,6817584
2017-10-06,36.80,36.92,36.57,36.87,5112112
2017-10-09,36.99,37.10,36.92,36.98,4397856
2017-10-10,36.98,37.28,36.86,37.26,3511864
2017-10-11,37.16,37.69,37.16,37.47,5319416
2017-10-12,37.53,37.73,37.35,37.67,5310468
2017-10-13,37.85,38.07,37.61,37.64,4461780
2017-10-16,37.81,37.95,37.48,37.88,5377512
2017-10-17,37.88,38.22,37.76,38.17,5163936
2017-10-18,38.06,38.20,37.92,38.13,4298644
2017-10-19,38.17,38.49,38.05,38.47,5090196
2017-10-20,38.44,38.56,38.24,38.54,5750948
2017-10-23,38.49,38.67,38.33,38.59,4873144
2017-10-24,38.53,38.60,38.30,38.55,5680212
2017-10-25,38.48,38.55,37.84,38.47,7499000
2017-10-26,38.70,39.00,38.34,38.35,5893912
2017-10-27,38.35,39.20,38.34,38.96,5807344
2017-10-30,38.83,39.05,38.72,38.84,5415896
2017-10-31,38.77,38.89,38.58,38.77,5310608
2017-11-01,38.92,38.93,38.27,38.34,5747592
2017-11-02,38.37,38.69,37.09,37.47,15917136
2017-11-03,37.44,38.29,37.38,38.16,12340204
2017-11-06,38.23,38.28,37.91,37.97,5631520
2017-11-07,38.08,38.95,37.98,38.87,7872144
2017-11-08,38.75,38.94,38.48,38.73,7970968
2017-11-09,38.59,38.90,38.53,38.81,4779520
2017-11-10,38.65,38.85,38.46,38.79,5143296
2017-11-13,38.84,39.25,38.71,39.20,4000008
2017-11-14,39.13,39.64,39.06,39.60,6055000
2017-11-15,39.71,39.82,39.26,39.34,5308128
2017-11-16,39.35,39.43,39.09,39.32,5450852
2017-11-17,39.25,39.32,38.97,39.01,4311916
2017-11-20,39.05,39.17,38.83,38.98,5789620
2017-11-21,39.12,39.22,38.94,39.05,5325276
2017-11-22,38.81,38.99,38.64,38.80,7773684
2017-11-24,38.90,39.10,38.87,39.01,2544508
2017-11-27,39.06,39.39,38.98,39.25,5924868
2017-11-28,39.38,39.60,39.27,39.45,4949084
2017-11-29,39.33,39.57,39.12,39.44,8345900
2017-11-30,39.52,39.72,39.34,39.51,13607260
2017-12-01,39.60,39.80,39.11,39.37,5501700
2017-12-04,39.41,39.49,38.88,38.99,5592000
2017-12-05,39.11,39.21,38.61,38.91,6802072
2017-12-06,39.13,39.59,38.95,39.45,7934788
2017-12-07,39.34,39.55,39.25,39.55,5808424
2017-12-08,39.45,39.76,39.35,39.76,5247400
2017-12-11,39.76,39.84,39.36,39.81,6435532
2017-12-12,39.71,39.85,39.20,39.27,7954932
2017-12-13,39.41,39.51,38.95,39.12,14156632
2017-12-14,39.18,39.81,38.89,39.49,8902920
2017-12-15,39.67,39.76,39.31,39.61,13972036
2017-12-18,39.66,39.79,39.03,39.09,7763112
2017-12-19,39.12,39.25,38.51,38.52,6259428
2017-12-20,38.52,38.84,38.37,38.41,8841952
2017-12-21,38.46,38.82,38.17,38.62,7139928
2017-12-22,38.73,38.84,38.58,38.63,4315068
2017-12-26,38.67,38.84,38.50,38.50,2880844
2017-12-27,38.66,38.84,38.53,38.82,4305292
2017-12-28,38.80,39.10,38.79,39.09,3426900
2017-12-29,39.21,39.32,39.00,39.05,4746380
2018-01-02,39.11,39.17,38.60,38.77,4766556
2018-01-03,38.52,38.96,37.95,37.95,10995568
2018-01-04,37.88,38.26,37.66,37.76,13629312
2018-01-05,37.84,37.98,37.65,37.93,10318160
2018-01-08,37.93,38.31,37.88,38.24,7216360
2018-01-09,38.39,38.39,37.83,37.96,6516752
2018-01-10,37.72,37.90,37.54,37.65,7035288
2018-01-11,37.62,37.77,37.44,37.62,7550588
2018-01-12,37.53,37.87,37.31,37.58,6386308
2018-01-16,37.61,37.77,37.27,37.63,7386732
2018-01-17,37.74,38.19,37.65,37.97,9202024
2018-01-18,38.02,38.02,37.55,37.70,7942920
2018-01-19,37.77,37.82,37.48,37.54,8970696
2018-01-22,37.62,37.83,37.40,37.51,7430800
2018-01-23,37.50,38.27,37.50,38.18,9835284
2018-01-24,37.98,38.06,37.52,37.71,7873284
2018-01-25,37.71,38.34,37.50,38.27,9762492
2018-01-26,38.72,39.81,38.67,39.42,14336604
2018-01-29,39.30,39.33,38.87,38.92,10044692
2018-01-30,38.88,39.12,38.57,38.77,7811360
2018-01-31,38.81,39.70,38.66,39.60,12919656
2018-02-01,39.65,39.91,38.92,39.09,8741516
2018-02-02,38.87,39.35,38.77,38.98,9268752
2018-02-05,39.01,39.57,38.46,38.57,14467236
2018-02-06,37.96,38.34,36.79,37.39,16927092
2018-02-07,37.40,37.67,36.97,37.02,11472180
2018-02-08,36.92,37.28,36.32,36.32,9583492
2018-02-09,36.49,37.29,36.28,37.02,9090780
2018-02-12,37.05,37.79,36.72,37.50,8101668
2018-02-13,37.45,37.95,37.06,37.77,6311520
2018-02-14,37.52,37.88,37.20,37.52,6428320
2018-02-15,37.56,38.61,37.46,38.61,8727600
2018-02-16,38.67,39.14,38.40,39.01,6537996
2018-02-20,38.90,39.03,38.31,38.45,7791988
2018-02-21,38.45,38.80,37.90,37.94,8547320
2018-02-22,38.13,38.37,37.83,38.08,5789612
2018-02-23,38.12,39.16,38.09,39.06,7264964
2018-02-26,38.94,39.08,38.53,38.66,7737340
2018-02-27,38.68,38.87,37.92,37.92,8126244
2018-02-28,38.08,38.38,37.94,38.04,10899068
2018-03-01,38.17,38.59,37.99,38.31,12315404
2018-03-02,38.30,38.65,37.84,38.21,8696808
2018-03-05,38.17,38.81,38.02,38.76,6860628
2018-03-06,38.65,38.90,38.21,38.31,10118828
2018-03-07,38.19,38.42,38.02,38.26,8303976
2018-03-08,38.39,38.67,38.23,38.58,6963264
2018-03-09,38.59,38.72,38.32,38.70,6492948
2018-03-12,38.67,38.75,38.38,38.60,7625236
2018-03-13,38.80,39.10,38.51,38.67,6514108
2018-03-14,39.02,39.61,39.01,39.50,12253856
2018-03-15,39.50,39.77,39.23,39.53,9356536
2018-03-16,39.60,40.42,39.56,40.26,31708628
2018-03-19,40.26,40.42,39.70,39.98,9586916
2018-03-20,40.02,40.18,39.88,40.10,6392648
2018-03-21,40.10,40.49,39.92,40.02,6277640
2018-03-22,40.08,41.06,39.95,40.47,14211424
2018-03-23,40.49,40.90,39.80,39.87,12314416
2018-03-26,40.01,40.52,39.97,40.36,6941864
2018-03-27,40.44,41.10,40.25,40.65,9721544
2018-03-28,40.79,40.86,40.01,40.57,13329076
2018-03-29,40.88,41.03,40.68,40.83,7818668
2018-04-02,40.98,41.18,40.26,40.59,7958380
2018-04-03,40.59,40.80,40.18,40.50,9571512
2018-04-04,40.42,40.67,40.11,40.58,6718192
2018-04-05,40.57,41.11,40.19,41.00,6173812
2018-04-06,40.88,41.04,40.56,40.69,5771032
2018-04-09,40.58,40.85,40.34,40.53,7304564
2018-04-10,40.23,40.69,40.23,40.45,7605152
2018-04-11,40.33,40.44,40.06,40.26,5022412
2018-04-12,40.26,40.43,39.66,39.77,6209452
2018-04-13,39.92,40.22,39.88,40.05,5483104
2018-04-16,40.25,40.66,40.18,40.53,6586396
2018-04-17,40.56,40.90,40.29,40.80,5316568
2018-04-18,40.98,41.29,40.70,40.72,4332936
2018-04-19,40.67,40.78,40.27,40.63,6356040
2018-04-20,40.68,40.85,40.03,40.20,6915200
2018-04-23,40.29,40.37,40.08,40.28,6570240
2018-04-24,40.50,40.96,39.90,40.54,11651856
2018-04-25,40.39,40.69,39.98,40.08,7904256
2018-04-26,40.21,40.97,40.15,40.80,7385164
2018-04-27,40.68,41.10,40.58,40.99,5681804
2018-04-30,41.07,41.24,40.95,40.98,9038636
2018-05-01,40.92,40.94,40.69,40.80,5028508
2018-05-02,40.87,41.04,40.71,40.86,10693904
2018-05-03,40.71,41.02,40.38,40.77,10460228
2018-05-04,40.80,41.28,40.77,41.02,6463608
2018-05-07,41.07,41.09,40.72,40.84,7900496
2018-05-08,40.65,40.66,39.88,39.98,8817416
2018-05-09,40.03,40.07,39.47,39.57,8864376
2018-05-10,39.94,40.07,39.62,40.06,7837908
2018-05-11,40.18,40.33,39.99,40.19,4292556
2018-05-14,40.26,40.28,39.84,40.05,4741440
2018-05-15,39.81,39.98,39.39,39.71,6076356
2018-05-16,39.65,39.75,39.16,39.29,6008916
2018-05-17,39.38,39.45,39.01,39.10,5947568
2018-05-18,39.12,39.34,38.80,39.11,6245700
2018-05-21,39.26,40.13,39.25,40.05,8352700
2018-05-22,40.16,40.33,39.79,39.86,6550040
2018-05-23,40.02,40.22,39.85,40.07,9008000
2018-05-24,40.03,40.42,39.99,40.30,6401088
2018-05-25,40.30,40.75,40.27,40.60,6497844
2018-05-29,40.41,41.12,40.41,40.93,7674072
2018-05-30,40.84,41.42,40.76,41.32,8798236
2018-05-31,41.20,41.66,41.06,41.45,10634868
2018-06-01,41.42,41.42,40.51,40.77,7782332
2018-06-04,40.63,40.77,40.17,40.29,7134556
2018-06-05,40.35,40.35,39.74,39.83,8261248
2018-06-06,39.83,40.00,38.95,39.03,10116932
2018-06-07,39.05,39.41,38.87,39.09,7094868
2018-06-08,39.17,39.34,39.05,39.20,7226900
2018-06-11,39.26,39.29,38.76,38.85,6425696
2018-06-12,38.85,39.39,38.82,39.35,7450752
2018-06-13,39.41,39.67,39.18,39.28,6272064
2018-06-14,39.29,39.79,39.06,39.70,8828564
2018-06-15,39.65,39.91,39.21,39.88,16681828
2018-06-18,39.91,40.19,39.79,40.10,6415436
2018-06-19,40.16,40.77,40.16,40.75,9902276
2018-06-20,40.88,40.88,40.54,40.67,5251636
2018-06-21,40.66,41.14,40.62,40.84,7012088
2018-06-22,40.91,41.11,40.70,41.08,9184840
2018-06-25,41.23,41.71,41.10,41.60,7016312
2018-06-26,41.58,42.08,41.58,41.69,7905196
2018-06-27,41.84,42.16,41.74,42.02,8824120
2018-06-28,42.05,42.38,41.64,41.70,7838520
2018-06-29,41.66,42.05,41.47,41.76,6784412
2018-07-02,41.91,42.30,41.75,42.25,6444260
2018-07-03,42.25,42.31,41.91,42.14,5366336
2018-07-05,42.17,42.20,41.86,42.13,9304436
2018-07-06,42.22,42.66,42.15,42.58,6277520
2018-07-09,42.53,42.60,41.18,41.33,9353924
2018-07-10,41.08,42.07,40.88,41.86,7363412
2018-07-11,41.92,42.32,41.85,42.10,5579176
2018-07-12,42.12,42.29,41.84,42.12,7370052
2018-07-13,42.17,42.41,41.98,42.38,6308776
2018-07-16,42.38,42.51,42.18,42.38,5545492
2018-07-17,42.42,42.67,42.41,42.55,5193296
2018-07-18,42.52,42.58,42.25,42.35,4660684
2018-07-19,42.50,42.88,42.42,42.56,6447264
2018-07-20,42.48,42.56,42.09,42.49,4944956
2018-07-23,42.59,42.64,42.07,42.21,6602436
2018-07-24,41.95,42.61,41.55,42.55,9323720
2018-07-25,42.26,42.40,41.63,41.94,10608728
2018-07-26,42.10,42.35,41.84,42.04,7826696
2018-07-27,41.97,42.12,41.56,41.74,6894780
2018-07-30,41.68,41.80,41.44,41.56,5708660
2018-07-31,41.77,41.93,41.48,41.88,6672304
2018-08-01,41.77,42.07,41.36,41.98,8429136
2018-08-02,42.13,42.41,41.70,42.36,7048932
2018-08-03,42.33,42.98,42.21,42.79,5184088
2018-08-06,42.66,43.02,42.64,42.75,3531256
2018-08-07,42.74,42.74,42.39,42.66,4073588
2018-08-08,42.52,42.73,42.30,42.52,3775924
2018-08-09,42.54,42.76,42.40,42.71,3215672
2018-08-10,42.87,43.27,42.70,42.73,4482624
2018-08-13,42.79,43.10,42.75,42.83,6452100
2018-08-14,42.87,43.13,42.82,42.98,4366600
2018-08-15,43.08,43.48,43.01,43.19,6485464
2018-08-16,43.14,43.76,42.97,43.70,6614408
2018-08-17,43.77,43.91,43.46,43.79,5126084
2018-08-20,43.79,43.90,43.47,43.58,4510916
2018-08-21,43.62,43.62,43.04,43.16,4931480
2018-08-22,43.23,43.30,42.78,42.93,5132964
2018-08-23,43.01,43.26,42.85,42.91,4972332
2018-08-24,43.04,43.21,42.77,43.17,5074964
2018-08-27,43.33,43.45,42.65,42.87,5531348
2018-08-28,42.83,42.87,42.43,42.64,6960952
2018-08-29,42.50,42.72,42.48,42.63,5860176
2018-08-30,42.59,42.88,42.57,42.71,6477052
2018-08-31,42.73,42.95,42.35,42.52,7193552
2018-09-04,42.56,42.69,42.30,42.51,6797148
2018-09-05,42.50,42.97,42.41,42.91,7756408
2018-09-06,43.10,43.70,43.05,43.45,8766264
2018-09-07,43.07,43.38,42.87,43.02,7581804
2018-09-10,43.19,43.25,42.91,43.01,6013332
2018-09-11,43.03,43.34,43.02,43.04,8125292
2018-09-12,43.06,43.26,42.93,43.12,7213372
2018-09-13,43.20,43.67,42.98,43.65,8133924
2018-09-14,43.53,43.59,43.00,43.41,6617108
2018-09-17,43.20,43.52,43.10,43.47,6198820
2018-09-18,43.46,43.56,43.20,43.36,4172516
2018-09-19,43.33,43.39,41.93,42.29,9291672
2018-09-20,42.17,42.38,41.60,42.32,8137032
2018-09-21,42.41,42.84,41.98,42.69,16863036
2018-09-24,42.62,42.63,42.11,42.20,8974648
2018-09-25,42.29,42.29,41.53,41.71,7196252
2018-09-26,41.84,41.84,41.07,41.11,8836916
2018-09-27,41.16,41.64,41.06,41.40,9601156
2018-09-28,41.52,41.91,41.52,41.90,9424968
2018-10-01,41.85,41.85,41.58,41.75,5190212
2018-10-02,41.91,42.44,41.88,42.34,5572576
2018-10-03,42.24,42.77,41.64,42.06,9156084
2018-10-04,42.04,42.33,41.55,42.31,9447860
2018-10-05,42.35,43.19,42.35,43.09,8373120
2018-10-08,43.15,43.61,43.00,43.33,6727320
2018-10-09,43.40,43.62,43.15,43.43,5880588
2018-10-10,43.43,43.91,43.15,43.19,7875456
2018-10-11,43.37,43.51,42.21,42.27,8435028
2018-10-12,42.30,42.45,41.97,42.34,6924060
2018-10-15,42.32,42.65,42.12,42.41,6929744
2018-10-16,42.60,43.09,42.41,42.82,4700452
2018-10-17,42.79,42.90,42.39,42.70,3537508
2018-10-18,42.79,43.02,42.63,42.89,4088536
2018-10-19,42.91,43.62,42.83,43.37,7296952
2018-10-22,43.40,43.41,42.98,43.16,5971704
2018-10-23,42.23,43.61,42.23,42.66,8898776
2018-10-24,42.84,44.21,42.68,43.90,8550076
2018-10-25,43.71,43.80,42.97,43.30,8854264
2018-10-26,43.52,43.70,42.18,42.47,8519700
2018-10-29,42.57,43.24,42.52,43.20,6566652
2018-10-30,43.43,43.63,42.83,43.39,7572932
2018-10-31,43.20,43.51,42.76,43.12,9048056
2018-11-01,43.38,43.38,42.33,42.62,9389172
2018-11-02,42.77,42.94,41.69,42.04,11724016
2018-11-05,42.05,42.90,42.04,42.68,8273892
2018-11-06,42.64,42.90,42.38,42.87,5963764
2018-11-07,43.14,43.47,42.93,43.38,6529904
2018-11-08,43.38,43.51,42.91,43.49,6676436
2018-11-09,43.58,44.26,43.41,44.14,8160536
2018-11-12,44.05,45.00,43.90,44.62,8538772
2018-11-13,44.76,44.87,44.33,44.66,7297616
2018-11-14,44.42,44.56,43.79,44.20,12376788
2018-11-15,44.07,44.80,43.66,44.80,10935584
2018-11-16,45.05,45.15,44.58,45.10,7947864
2018-11-19,45.04,45.52,44.80,45.50,7012788
2018-11-20,45.66,45.91,44.64,44.69,9752612
2018-11-21,44.62,44.62,43.98,44.05,5978852
2018-11-23,44.05,44.45,43.83,44.33,4360684
2018-11-26,44.35,44.49,43.92,44.26,7455228
2018-11-27,44.39,44.55,44.05,44.50,9084712
2018-11-28,44.64,44.81,44.30,44.51,7868548
2018-11-29,44.27,44.38,43.72,44.28,6827016
2018-11-30,44.42,45.51,44.30,45.43,15807232
2018-12-03,45.10,45.62,44.86,45.62,9516472
2018-12-04,45.62,46.04,45.40,45.54,9829448
2018-12-06,45.60,45.76,44.67,45.66,11055884
2018-12-07,45.49,46.05,45.21,45.72,8665012
2018-12-10,45.64,45.84,44.92,45.65,10441668
2018-12-11,45.58,45.96,45.29,45.74,10101180
2018-12-12,45.74,45.93,45.30,45.33,11912324
2018-12-13,45.34,45.80,45.34,45.55,11265492
2018-12-14,45.45,45.61,44.98,45.31,9227520
2018-12-17,45.59,45.59,43.72,43.91,13066096
2018-12-18,44.06,44.45,43.85,44.00,11755112
2018-12-19,44.12,44.29,43.41,43.63,13437468
2018-12-20,43.62,44.14,43.10,43.73,13012052
2018-12-21,43.60,44.64,43.31,43.53,24138940
2018-12-24,43.61,43.84,41.73,42.02,6629840
2018-12-26,42.02,42.59,41.20,42.59,8384348
2018-12-27,42.63,43.04,41.99,43.04,9480532
2018-12-28,43.15,43.59,42.91,43.18,6923988
2018-12-31,43.25,43.51,42.82,43.45,6417476
2019-01-02,43.17,43.33,42.25,42.46,10492456
2019-01-03,42.48,42.79,42.17,42.35,9245672
2019-01-04,42.29,43.15,42.16,43.13,10692300
2019-01-07,42.91,43.23,42.62,43.07,9420772
2019-01-08,43.04,43.45,42.89,43.38,9629328
2019-01-09,43.39,43.50,43.01,43.20,7047688
2019-01-10,43.33,43.91,43.14,43.85,11370952
2019-01-11,43.78,44.03,43.41,43.93,8860052
2019-01-14,43.66,43.66,42.34,42.81,15334748
2019-01-15,42.85,43.95,42.69,43.68,8873512
2019-01-16,43.51,43.73,43.21,43.67,7034816
2019-01-17,43.78,43.98,43.61,43.87,8103080
2019-01-18,44.10,44.15,43.78,44.02,7409952
2019-01-22,43.86,44.49,43.81,44.34,8297560
2019-01-23,44.48,44.87,44.05,44.84,9089044
2019-01-24,44.81,45.22,44.49,45.07,9812592
2019-01-25,44.62,44.87,43.48,43.55,15254468
2019-01-28,44.03,44.03,42.94,43.12,11962648
2019-01-29,43.27,43.36,42.94,43.22,7086416
2019-01-30,43.06,43.66,43.02,43.40,8341908
2019-01-31,43.36,44.82,43.34,44.74,12481408
2019-02-01,44.59,44.78,44.12,44.45,8866472
2019-02-04,44.28,44.55,44.03,44.52,10581332
2019-02-05,44.39,44.67,44.19,44.54,7880812
2019-02-06,44.68,44.81,44.40,44.52,6647204
2019-02-07,44.50,45.36,44.47,45.34,8510536
2019-02-08,45.30,45.84,45.26,45.75,7314064
2019-02-11,45.60,45.98,45.58,45.75,7400648
2019-02-12,45.75,46.10,45.42,45.82,6972336
2019-02-13,45.77,45.97,45.61,45.71,5720504
2019-02-14,45.84,46.11,45.63,45.65,6389884
2019-02-15,46.15,46.28,45.83,46.01,8813244
2019-02-19,46.03,46.45,45.85,46.34,9774124
2019-02-20,46.27,46.52,46.01,46.41,9170028
2019-02-21,46.22,46.72,46.14,46.64,7824928
2019-02-22,46.71,47.03,46.44,47.03,6735088
2019-02-25,47.11,47.35,46.58,46.97,7555432
2019-02-26,47.05,47.25,46.79,47.06,7644280
2019-02-27,46.65,46.87,46.52,46.70,7288064
2019-02-28,46.75,47.19,46.52,46.93,12454080
2019-03-01,46.88,47.15,46.65,46.89,6865668
2019-03-04,47.06,47.14,46.64,47.06,8598208
2019-03-05,47.09,47.30,47.01,47.08,7622144
2019-03-06,47.02,47.24,46.74,46.89,7155772
2019-03-07,47.06,47.28,46.84,46.98,9411128
2019-03-08,47.15,47.36,46.73,47.17,6972812
2019-03-11,47.15,47.45,47.12,47.38,7135568
2019-03-12,47.50,47.84,47.36,47.72,7140584
2019-03-13,47.47,47.88,47.37,47.74,4906916
2019-03-14,47.79,48.04,47.55,47.74,5814432
2019-03-15,47.69,47.98,47.50,47.81,14402168
2019-03-18,47.87,47.99,47.53,47.72,7469300
2019-03-19,47.63,47.65,46.95,47.12,8029976
2019-03-20,47.26,47.79,46.96,47.47,8669116
2019-03-21,47.57,48.07,47.46,47.98,6708132
2019-03-22,48.06,48.89,48.06,48.48,9469504
2019-03-25,48.61,48.77,48.39,48.40,5170508
2019-03-26,48.45,48.83,48.26,48.75,6093116
2019-03-27,48.81,48.83,48.22,48.48,5636392
2019-03-28,48.48,48.60,47.83,47.98,7145964
2019-03-29,47.98,48.37,47.83,48.33,10735652
2019-04-01,48.35,48.44,47.55,47.62,9382120
2019-04-02,47.68,47.75,47.18,47.37,9948192
2019-04-03,47.28,47.57,46.97,47.33,8202984
2019-04-04,47.49,47.51,46.86,47.10,7003892
2019-04-05,47.34,47.59,47.00,47.52,6452692
2019-04-08,47.36,47.45,46.96,47.16,5772888
2019-04-09,47.16,47.48,47.13,47.43,6617064
2019-04-10,47.44,47.85,47.10,47.16,5164740
2019-04-11,47.16,47.55,47.10,47.51,5460540
2019-04-12,47.34,47.76,47.11,47.71,4768548
2019-04-15,47.78,48.02,47.67,47.79,5872760
2019-04-16,47.77,48.08,47.35,47.38,6523216
2019-04-17,47.44,47.64,47.26,47.41,6742080
2019-04-18,47.35,47.67,47.31,47.34,6670700
2019-04-22,47.29,47.71,47.26,47.59,7303504
2019-04-23,47.72,47.87,47.02,47.45,8817936
2019-04-24,47.44,47.77,47.29,47.52,6187184
2019-04-25,47.36,47.93,47.31,47.62,5898200
2019-04-26,47.85,48.35,47.82,47.93,5653544
2019-04-29,48.01,48.22,47.65,47.94,7094348
2019-04-30,47.94,48.66,47.81,48.61,10643712
2019-05-01,48.38,48.76,48.23,48.32,8541308
2019-05-02,48.21,48.47,47.64,47.93,10035528
2019-05-03,47.89,48.16,47.70,48.10,6694724
2019-05-06,48.05,48.33,47.71,47.73,6730324
2019-05-07,47.45,47.69,47.22,47.44,7748500
2019-05-08,47.40,47.50,46.82,46.97,7887644
2019-05-09,47.11,47.30,46.87,47.15,6872448
2019-05-10,47.14,48.05,47.02,47.94,6419932
2019-05-13,47.85,48.85,47.77,48.73,10632936
2019-05-14,48.73,49.18,48.38,48.73,8954652
2019-05-15,48.80,49.03,48.62,48.72,7072100
2019-05-16,48.62,49.48,48.45,49.28,8465600
2019-05-17,48.96,49.87,48.91,49.74,6821680
2019-05-20,49.82,50.15,49.73,49.84,5464572
2019-05-21,49.88,50.25,49.70,49.73,6069376
2019-05-22,49.87,50.59,49.66,50.48,6706640
2019-05-23,50.56,50.95,50.56,50.88,8215984
2019-05-24,50.93,51.18,50.78,50.84,5559256
2019-05-28,50.94,51.02,50.23,50.29,7048292
2019-05-29,50.43,50.57,49.62,49.68,7215780
2019-05-30,49.78,50.01,49.62,49.73,6462968
2019-05-31,49.57,49.85,49.15,49.55,9161532
2019-06-03,49.73,49.91,49.33,49.90,6806120
2019-06-04,50.03,50.08,49.09,49.84,7811664
2019-06-05,50.12,51.21,50.01,51.16,7546708
2019-06-06,51.25,51.60,50.97,51.44,5614528
2019-06-07,51.73,52.12,51.10,51.10,6242848
2019-06-10,51.02,51.17,50.37,50.85,7104620
2019-06-11,50.80,50.95,50.19,50.49,4606812
2019-06-12,50.83,51.33,50.70,51.14,5237340
2019-06-13,51.15,51.38,50.81,51.19,6806444
2019-06-14,51.41,51.83,51.24,51.74,5525216
2019-06-17,51.81,52.00,51.31,51.59,6233544
2019-06-18,51.96,51.99,50.97,51.35,6576228
2019-06-19,51.07,51.77,51.06,51.56,6602672
2019-06-20,51.66,51.87,51.18,51.59,8883408
2019-06-21,51.78,52.12,51.35,51.89,12560808
2019-06-24,52.09,52.16,51.72,52.05,6009332
2019-06-25,52.09,52.23,51.49,51.55,6954172
2019-06-26,51.35,51.56,50.76,50.77,7394440
2019-06-27,51.20,51.37,50.91,51.14,7529232
2019-06-28,50.99,52.06,50.81,51.22,11647700
2019-07-01,51.09,51.22,50.27,51.01,8538088
2019-07-02,51.19,51.98,51.19,51.91,6696132
2019-07-03,51.97,52.37,51.91,52.18,5654408
2019-07-05,51.86,52.12,51.33,52.03,4196592
2019-07-08,52.15,52.33,51.85,52.28,4322444
2019-07-09,52.06,52.25,51.79,52.04,7276232
2019-07-10,52.11,52.71,51.89,52.37,5922860
2019-07-11,52.40,52.68,52.14,52.60,5830528
2019-07-12,52.48,52.56,51.95,52.18,6283312
2019-07-15,52.17,52.41,51.92,52.21,8714000
2019-07-16,52.16,52.36,51.70,51.97,4281704
2019-07-17,52.17,52.84,52.17,52.48,6556724
2019-07-18,52.56,53.12,52.25,53.09,4413220
2019-07-19,52.95,53.12,52.35,52.43,5843476
2019-07-22,52.50,52.67,51.93,52.34,6547736
2019-07-23,52.35,52.38,51.73,51.83,6337260
2019-07-24,52.09,52.52,51.63,52.52,6080364
2019-07-25,52.03,52.36,51.76,51.91,7009844
2019-07-26,52.03,52.44,51.95,52.29,4324684
2019-07-29,52.48,52.88,52.32,52.84,5273832
2019-07-30,52.85,53.09,52.07,52.35,6450440
2019-07-31,52.47,52.54,51.55,51.79,8447708
2019-08-01,51.66,52.90,51.62,52.56,7508148
2019-08-02,52.78,53.31,52.51,52.85,6912676
2019-08-05,52.89,53.16,51.77,52.01,8838332
2019-08-06,52.03,53.04,51.66,52.85,7171456
2019-08-07,52.85,53.50,52.16,53.22,6892764
2019-08-08,53.30,53.98,52.80,53.80,5971580
2019-08-09,53.97,54.30,53.75,54.12,5828736
2019-08-12,54.28,54.28,53.66,53.86,3922216
2019-08-13,53.85,54.26,53.70,53.91,7562780
2019-08-14,54.02,54.49,53.68,53.74,9557960
2019-08-15,53.66,54.47,53.57,54.29,7865536
2019-08-16,54.57,54.94,54.10,54.38,10488428
2019-08-19,54.33,54.90,54.16,54.74,5632476
2019-08-20,54.95,54.95,54.35,54.78,8316128
2019-08-21,54.97,55.34,54.79,55.31,7483400
2019-08-22,55.29,55.44,54.88,55.41,9160244
2019-08-23,55.63,56.05,55.16,55.48,10485952
2019-08-26,55.62,55.92,55.40,55.91,7455472
2019-08-27,56.06,56.39,55.98,56.00,9541344
2019-08-28,55.78,55.99,55.04,55.30,11356664
2019-08-29,55.63,55.63,54.80,55.28,8511824
2019-08-30,55.45,55.49,54.71,54.77,11787864
2019-09-03,54.70,56.40,54.70,56.39,9718596
2019-09-04,56.40,56.49,55.71,56.03,8913200
2019-09-05,54.80,55.34,54.65,54.95,17662356
2019-09-06,55.03,55.26,54.69,55.03,9130828
2019-09-09,54.80,55.22,54.72,54.97,8297580
2019-09-10,54.82,54.91,54.09,54.53,11094976
2019-09-11,54.51,55.15,54.36,55.02,8817896
2019-09-12,55.47,55.56,54.93,55.19,8671044
2019-09-13,55.02,55.03,54.45,54.62,8213196
2019-09-16,54.64,54.77,54.31,54.58,5033560
2019-09-17,54.61,55.58,54.61,55.55,7706524
2019-09-18,55.72,56.05,55.34,55.98,7688560
2019-09-19,56.19,56.35,55.89,56.23,5946144
2019-09-20,56.30,56.50,55.91,56.43,19179312
2019-09-23,56.36,56.62,56.21,56.32,6746816
2019-09-24,56.47,57.17,56.34,57.13,8847020
2019-09-25,57.23,57.37,56.88,57.34,8473612
2019-09-26,57.50,58.20,57.40,57.93,8727848
2019-09-27,58.06,58.14,57.54,57.81,7501172
2019-09-30,58.01,58.36,57.94,58.25,8961688
2019-10-01,58.04,58.29,57.66,58.01,6731760
2019-10-02,57.92,58.12,57.13,57.28,8891736
2019-10-03,57.22,57.57,57.14,57.54,10032628
2019-10-04,57.53,58.47,57.50,58.40,6633428
2019-10-07,58.36,58.45,57.79,58.14,6375888
2019-10-08,58.03,58.05,57.49,57.49,7595084
2019-10-09,58.06,58.57,57.75,58.34,6014092
2019-10-10,58.01,58.22,57.56,58.00,7550976
2019-10-11,57.95,58.09,57.14,57.38,8303988
2019-10-14,57.50,57.59,56.89,57.23,4718920
2019-10-15,57.34,57.45,56.71,56.88,5939792
2019-10-16,56.92,57.59,56.65,57.48,7698920
2019-10-17,57.32,57.90,57.32,57.77,5567476
2019-10-18,57.80,58.20,57.58,58.12,8784292
2019-10-21,58.10,58.26,57.66,58.20,6955080
2019-10-22,58.45,59.97,58.25,59.06,12978520
2019-10-23,59.39,59.65,58.93,59.00,8950576
2019-10-24,59.00,59.42,58.70,59.39,6518180
2019-10-25,59.41,59.41,58.89,59.22,6072392
2019-10-28,59.12,59.18,58.16,58.31,7164220
2019-10-29,58.07,58.29,57.80,58.15,6861336
2019-10-30,58.33,59.16,58.25,58.87,4959028
2019-10-31,58.88,59.62,58.73,59.59,8228544
2019-11-01,59.67,59.72,58.77,58.93,8017964
2019-11-04,58.81,58.81,57.05,57.40,13459664
2019-11-05,56.85,57.33,56.18,56.78,9502220
2019-11-06,56.88,57.12,56.65,56.87,6976372
2019-11-07,56.66,56.66,55.16,55.77,12473360
2019-11-08,55.77,56.17,55.26,55.52,6431684
2019-11-11,55.59,55.87,55.43,55.55,6142952
2019-11-12,55.55,56.00,55.52,55.80,5798412
2019-11-13,56.23,57.05,56.23,56.98,7216052
2019-11-14,57.00,57.53,56.90,57.47,6346572
2019-11-15,57.60,57.88,57.09,57.85,7382488
2019-11-18,57.99,58.61,57.94,58.04,7011552
2019-11-19,58.02,58.58,57.78,58.16,6522472
2019-11-20,58.34,59.19,58.18,58.80,8506160
2019-11-21,58.93,59.07,58.53,58.78,4990032
2019-11-22,58.85,59.04,57.93,58.34,5016120
2019-11-25,58.47,58.64,57.94,58.14,7456224
2019-11-26,58.29,58.81,58.25,58.73,15634816
2019-11-27,58.33,58.45,58.14,58.27,8584076
2019-11-29,58.65,58.93,58.31,58.45,3557788
2019-12-02,58.43,58.43,57.77,57.81,7118524
2019-12-03,58.00,58.20,57.85,58.06,9601004
2019-12-04,57.91,58.62,57.88,58.56,6699084
2019-12-05,58.28,58.70,58.26,58.64,6184328
2019-12-06,58.60,58.86,58.38,58.60,6196064
2019-12-09,58.73,58.74,58.46,58.57,4618392
2019-12-10,58.59,58.74,58.45,58.61,4345640
2019-12-11,58.75,58.97,58.48,58.95,6212832
2019-12-12,58.88,59.05,58.19,58.48,6970264
2019-12-13,58.27,59.34,58.19,59.24,8345068
2019-12-16,59.31,59.88,59.10,59.87,14284932
2019-12-17,59.87,60.23,59.70,59.95,10374164
2019-12-18,60.18,60.25,59.69,60.07,8585444
2019-12-19,60.04,60.26,59.86,60.16,6882884
2019-12-20,61.02,61.25,60.05,60.68,16197852
2019-12-23,60.70,60.74,59.59,59.70,9487848
2019-12-24,59.73,60.13,59.46,60.13,2739516
2019-12-26,60.06,60.49,60.02,60.49,5813252
2019-12-27,60.57,60.69,60.38,60.63,4319460
2019-12-30,60.42,60.55,60.07,60.32,4450200
2019-12-31,60.39,60.65,59.98,60.54,6909972
2020-01-02,60.49,60.92,59.49,59.66,7272424
2020-01-03,59.66,60.34,59.53,60.08,7097176
2020-01-06,60.17,60.65,60.10,60.38,5518992
2020-01-07,60.17,60.55,60.04,60.33,6737932
2020-01-08,60.42,60.74,60.25,60.30,5936160
2020-01-09,60.16,60.95,60.13,60.77,6958988
2020-01-10,60.95,61.17,60.80,60.89,5125500
2020-01-13,60.76,61.71,60.76,61.60,5879784
2020-01-14,61.56,61.95,61.45,61.93,8252852
2020-01-15,62.15,63.05,62.14,62.90,6397296
2020-01-16,62.72,63.08,62.59,63.07,7914316
2020-01-17,63.09,63.44,62.85,63.35,9354120
2020-01-21,63.51,64.33,63.20,64.22,11486412
2020-01-22,64.74,65.19,64.42,64.97,7066372
2020-01-23,64.84,65.69,64.84,65.02,10213960
2020-01-24,64.26,66.02,64.04,65.93,10310856
2020-01-27,65.66,66.94,65.57,66.69,8678916
2020-01-28,66.69,67.25,65.93,66.45,8262972
2020-01-29,66.69,66.70,66.03,66.44,6008696
2020-01-30,66.47,67.56,66.25,67.48,6329752
2020-01-31,67.36,67.67,66.68,67.05,7537132
2020-02-03,67.17,67.37,66.55,66.70,11041464
2020-02-04,66.57,66.83,65.98,66.14,10482852
2020-02-05,66.07,66.92,65.55,66.68,8666788
2020-02-06,66.69,67.58,66.59,67.08,7874456
2020-02-07,67.38,67.91,67.30,67.39,6410064
2020-02-10,67.58,67.95,67.33,67.94,7667060
2020-02-11,68.19,68.50,67.99,68.04,7850920
2020-02-12,67.86,68.07,67.53,67.56,5836544
2020-02-13,67.56,68.97,67.56,68.87,7500848
2020-02-14,68.92,69.77,68.89,69.63,7354956
2020-02-18,70.00,70.84,69.59,70.51,9809232
2020-02-19,68.75,69.28,68.64,68.67,21135372
2020-02-20,68.98,69.28,68.33,69.26,10731452
2020-02-21,69.38,69.69,69.02,69.40,11030736
2020-02-24,68.70,69.65,68.48,68.48,9093044
2020-02-25,68.48,68.97,67.45,67.58,10285576
2020-02-26,67.23,68.33,67.00,67.37,9552512
2020-02-27,67.01,67.73,63.90,63.96,14604044
2020-02-28,62.04,63.48,60.77,63.19,27474784
2020-03-02,63.41,67.22,63.08,67.09,19306940
2020-03-03,67.27,68.58,65.72,66.29,15636992
2020-03-04,67.30,70.64,67.30,70.56,14713152
2020-03-05,69.26,69.97,68.11,69.04,12412628
2020-03-06,67.14,68.23,65.42,67.95,14556776
2020-03-09,63.62,66.58,63.62,65.32,15565080
2020-03-10,66.41,66.83,60.58,63.93,23744404
2020-03-11,62.30,62.30,59.64,60.31,19631744
2020-03-12,54.03,57.91,51.51,52.22,31668272
2020-03-13,55.01,55.50,49.09,55.39,31586708
2020-03-16,49.50,55.16,49.19,50.34,20240468
2020-03-17,51.37,56.87,51.00,55.44,21538120
2020-03-18,52.27,57.00,49.94,52.66,22197816
2020-03-19,52.50,55.41,50.13,51.77,17442404
2020-03-20,51.44,52.48,46.72,47.94,22482388
2020-03-23,46.67,47.14,43.70,45.41,23661572
2020-03-24,46.96,52.12,46.62,51.63,17900644
2020-03-25,51.42,55.06,48.77,52.57,17794784
2020-03-26,52.73,58.54,52.65,57.77,14655684
2020-03-27,56.37,60.08,55.85,57.99,16184520
2020-03-30,59.33,62.06,58.59,61.50,16375208
2020-03-31,60.53,61.98,59.79,60.16,18907616
2020-04-01,57.74,58.00,53.26,54.56,13692428
2020-04-02,53.75,57.38,53.53,56.61,9234484
2020-04-03,55.99,57.14,54.38,55.41,8756752
2020-04-06,57.70,59.26,57.01,58.63,13267648
2020-04-07,60.09,60.25,57.04,57.12,10507776
2020-04-08,57.41,59.05,56.01,58.38,18290716
2020-04-09,58.96,62.72,58.84,61.32,19587652
2020-04-13,60.64,60.97,58.59,59.05,10757888
2020-04-14,60.46,61.24,59.59,60.59,11673780
2020-04-15,60.01,60.35,58.88,59.30,9990652
2020-04-16,59.99,60.20,58.92,59.37,10331208
2020-04-17,60.63,61.78,59.69,61.56,10953432
2020-04-20,61.36,61.83,59.28,59.40,8714536
2020-04-21,58.77,59.54,57.77,58.85,10622464
2020-04-22,59.48,62.17,59.48,61.79,11760200
2020-04-23,61.60,61.94,60.03,60.28,9360620
2020-04-24,60.43,60.49,58.99,59.92,8029576
2020-04-27,60.53,61.58,60.36,60.90,8458012
2020-04-28,61.56,61.73,59.52,59.83,8465072
2020-04-29,60.50,60.59,58.32,58.78,9901856
2020-04-30,58.47,58.48,57.23,57.78,17935888
2020-05-01,57.48,57.51,56.25,56.76,9168400
2020-05-04,56.75,57.79,56.23,57.52,9077132
2020-05-05,57.84,58.64,57.35,57.52,8041996
2020-05-06,57.73,57.79,55.66,55.66,7378876
2020-05-07,56.30,57.15,55.70,56.12,8692248
2020-05-08,56.85,57.66,56.44,57.43,11310372
2020-05-11,56.70,57.07,56.03,56.84,7854612
2020-05-12,57.05,57.36,56.32,56.98,9565308
2020-05-13,56.71,57.63,56.50,57.53,14076960
2020-05-14,56.94,58.33,56.82,58.06,11596060
2020-05-15,57.51,57.72,55.80,56.96,20232904
2020-05-18,58.48,59.23,58.12,58.86,9123776
2020-05-19,58.48,58.68,57.62,57.62,6532932
2020-05-20,58.08,59.06,57.70,58.20,5847716
2020-05-21,58.17,58.37,57.02,57.23,8308472
2020-05-22,57.21,58.50,56.79,58.46,5990352
2020-05-26,59.09,59.60,58.45,58.58,7659548
2020-05-27,59.44,60.31,58.73,60.28,12343488
2020-05-28,61.10,63.02,60.91,62.84,12416348
2020-05-29,62.53,64.13,62.38,63.89,15309664
2020-06-01,63.52,64.58,62.81,63.91,6657248
2020-06-02,63.89,65.08,63.43,64.15,10640596
2020-06-03,64.55,65.56,64.17,64.89,7303340
2020-06-04,64.42,65.14,62.02,62.97,12012488
2020-06-05,63.05,64.64,62.50,63.59,12370852
2020-06-08,63.27,65.19,62.64,65.12,8149344
2020-06-09,64.78,64.79,63.52,64.67,7990400
2020-06-10,64.70,65.22,63.89,64.20,6674556
2020-06-11,63.72,63.74,61.47,62.08,9719352
2020-06-12,62.94,63.03,61.06,61.73,8356660
2020-06-15,61.18,62.73,60.33,62.14,8405032
2020-06-16,63.38,63.42,61.67,62.04,8057180
2020-06-17,62.50,62.75,61.43,62.25,6768688
2020-06-18,62.05,62.48,61.59,62.23,6386752
2020-06-19,62.88,62.91,60.55,60.55,14437900
2020-06-22,60.80,62.05,60.14,61.76,7191032
2020-06-23,62.29,62.56,60.58,60.80,9306140
2020-06-24,60.34,61.12,59.63,60.42,6901228
2020-06-25,60.33,60.33,58.89,59.79,7825092
2020-06-26,59.62,60.52,58.70,59.05,10107056
2020-06-29,59.38,59.62,58.44,59.56,5793208
2020-06-30,59.73,60.45,59.38,60.04,9532448
2020-07-01,59.92,61.88,59.58,61.56,6024588
2020-07-02,62.04,62.43,61.44,61.60,5981432
2020-07-06,62.05,62.29,61.15,61.74,6257252
2020-07-07,61.11,62.09,60.91,61.68,6017324
2020-07-08,61.71,63.53,61.53,63.32,9634960
2020-07-09,62.81,63.34,62.14,63.00,6818800
2020-07-10,63.05,65.32,62.94,64.90,10079088
2020-07-13,64.75,65.60,63.85,64.06,9600600
2020-07-14,64.06,66.17,63.97,65.64,12154340
2020-07-15,66.14,66.61,64.70,64.75,8444728
2020-07-16,64.96,67.45,64.69,67.09,10142192
2020-07-17,67.52,69.36,67.23,68.84,12462528
2020-07-20,68.88,69.47,68.31,68.58,6368800
2020-07-21,68.48,69.89,68.44,69.08,5958396
2020-07-22,69.12,70.60,68.63,70.11,6369500
2020-07-23,70.00,71.08,69.78,70.24,8150880
2020-07-24,70.72,71.41,69.50,70.06,7716268
2020-07-27,70.25,70.40,69.03,69.41,8909828
2020-07-28,69.30,70.82,69.16,70.01,6547616
2020-07-29,70.06,71.22,69.96,70.36,5381712
2020-07-30,70.03,70.61,69.78,70.58,4235424
2020-07-31,70.23,70.70,68.97,70.17,8030404
2020-08-03,70.28,70.47,69.11,69.40,8624864
2020-08-04,69.68,71.31,69.35,71.26,9142624
2020-08-05,71.31,71.50,70.49,70.94,6670980
2020-08-06,70.76,71.19,70.28,70.70,4587952
2020-08-07,70.71,72.35,70.62,71.94,4369004
2020-08-10,72.07,72.28,70.73,70.91,7240040
2020-08-11,71.00,71.14,69.11,69.45,6826552
2020-08-12,69.81,71.49,69.67,71.15,6124292
2020-08-13,70.76,71.36,70.66,71.10,3680032
2020-08-14,71.00,71.03,70.00,70.12,4912984
2020-08-17,70.52,71.27,70.08,70.75,4801520
2020-08-18,70.68,71.29,70.55,70.76,4764720
2020-08-19,71.06,71.06,70.45,70.58,5481728
2020-08-20,70.19,70.94,70.14,70.53,3631048
2020-08-21,70.67,70.76,70.11,70.60,5686356
2020-08-24,70.75,70.78,70.06,70.66,3549744
2020-08-25,70.90,70.91,69.78,70.33,4052220
2020-08-26,70.03,70.35,69.54,69.75,5239988
2020-08-27,69.50,70.12,69.15,69.72,4555868
2020-08-28,69.89,69.99,69.31,69.89,4618528
2020-08-31,69.84,70.91,69.67,69.79,6013632
2020-09-01,69.75,69.88,68.51,69.28,5730836
2020-09-02,69.36,72.42,68.92,72.06,9754220
2020-09-03,72.14,72.77,69.49,70.15,7856908
2020-09-04,70.80,71.50,68.20,69.33,7247412
2020-09-08,69.44,70.21,68.83,69.48,7158300
2020-09-09,70.00,71.70,69.96,70.59,4781788
2020-09-10,70.27,70.50,69.11,69.23,4362992
2020-09-11,69.54,69.80,68.86,69.54,3932812
2020-09-14,69.89,71.00,69.61,70.48,3916248
2020-09-15,73.91,74.83,72.79,73.92,10827732
2020-09-16,71.19,71.74,69.78,70.09,19506696
2020-09-17,69.50,70.07,68.95,69.88,9385624
2020-09-18,69.74,70.50,68.96,69.23,14386372
2020-09-21,68.75,69.17,67.89,69.05,7559692
2020-09-22,69.36,69.99,68.74,69.52,7192788
2020-09-23,69.67,69.67,68.28,68.33,5855096
2020-09-24,68.18,69.94,68.14,69.39,7478556
2020-09-25,68.85,70.53,68.58,70.45,5456916
2020-09-28,70.86,71.51,70.66,71.03,6918668
2020-09-29,71.03,71.48,70.55,70.78,7101512
2020-09-30,70.20,70.78,66.78,69.39,23239708
2020-10-01,69.77,71.01,69.66,70.69,10018944
2020-10-02,69.69,71.79,69.62,70.29,8306860
2020-10-05,70.96,72.25,70.73,71.98,6599620
2020-10-06,72.16,73.12,71.31,72.57,7288464
2020-10-07,73.24,74.44,72.38,74.28,10131804
2020-10-08,74.67,75.50,74.23,75.26,5694224
2020-10-09,75.93,75.93,75.07,75.73,6473504
2020-10-12,75.75,77.02,75.50,76.42,5816732
2020-10-13,75.75,76.08,74.75,75.37,8597788
2020-10-14,75.50,75.82,74.67,75.16,5503208
2020-10-15,74.50,74.97,73.92,74.61,5739420
2020-10-16,74.89,76.55,74.68,76.40,7450228
2020-10-19,76.28,76.91,74.53,74.89,7711220
2020-10-20,75.31,76.03,74.86,75.25,6005188
2020-10-21,74.72,75.62,73.86,74.42,7796076
2020-10-22,74.91,76.08,74.81,75.57,8463980
2020-10-23,75.78,76.39,75.41,75.77,5617628
2020-10-26,75.32,75.74,74.39,75.66,5708924
2020-10-27,76.14,76.43,75.02,75.78,4834201
2020-10-28,74.74,76.05,74.29,74.46,7508864
2020-10-29,74.38,75.03,72.94,74.01,7753112
2020-10-30,73.73,74.35,72.50,73.21,8791013
2020-11-02,74.10,75.45,73.72,75.13,9233583
2020-11-03,76.05,76.93,75.39,76.02,6887858
2020-11-04,74.51,74.91,73.00,73.32,12128770
2020-11-05,75.30,76.25,74.49,74.75,8644098
2020-11-06,75.00,76.06,74.12,75.72,6076444
2020-11-09,81.09,83.34,75.35,75.51,12864450
2020-11-10,77.39,77.53,75.31,75.99,8649193
2020-11-11,76.51,78.38,76.21,77.54,6903309
2020-11-12,77.61,77.90,76.02,76.67,5902718
2020-11-13,77.00,77.73,76.79,77.19,6235962
2020-11-16,78.20,78.28,76.32,77.75,7667558
2020-11-17,77.75,78.47,76.39,76.61,5866315
2020-11-18,77.32,77.36,75.77,75.79,6502247
2020-11-19,75.94,76.02,74.81,75.13,7392277
2020-11-20,75.28,76.33,75.25,75.55,5891530
2020-11-23,76.00,76.02,74.13,74.57,7637177
2020-11-24,75.47,75.66,74.51,74.98,6701691
2020-11-25,74.67,76.02,74.49,75.97,6443469
2020-11-27,76.05,76.13,74.70,75.13,3669268
2020-11-30,75.30,75.40,73.25,73.59,13120300
2020-12-01,74.12,75.57,73.95,74.15,8100241
2020-12-02,74.14,74.36,72.91,74.31,5129023
2020-12-03,74.04,74.55,73.02,73.35,7660479
2020-12-04,73.12,73.55,71.94,72.52,7763769
2020-12-07,72.50,73.79,72.40,73.27,6752167
2020-12-08,72.86,74.29,72.13,73.68,8255351
2020-12-09,73.54,73.90,72.45,73.67,6683654
2020-12-10,73.79,74.11,72.99,73.28,6204647
2020-12-11,73.14,73.89,73.01,73.80,6022483
2020-12-14,74.40,75.22,73.50,73.55,5759933
2020-12-15,73.66,75.30,73.28,74.91,6860174
2020-12-16,75.18,75.75,74.20,74.44,7787687
2020-12-17,75.06,76.02,74.84,75.06,9384348
2020-12-18,75.09,75.54,73.93,74.51,13298310
2020-12-21,73.94,74.55,72.88,74.40,7251495
2020-12-22,74.44,75.23,73.88,74.71,5335517
2020-12-23,75.16,75.55,74.33,74.33,4626573
2020-12-24,74.45,75.16,74.16,74.98,1387544
2020-12-28,75.43,75.88,75.04,75.49,3753720
2020-12-29,75.61,75.87,75.11,75.33,3775012
2020-12-30,75.63,76.28,75.51,75.91,3805046
2020-12-31,75.90,77.19,75.66,77.15,4119379
2021-01-04,77.21,77.50,73.58,74.22,9388405
2021-01-05,74.51,75.18,74.06,74.77,7339802
2021-01-06,76.65,79.37,75.60,78.43,12155710
2021-01-07,79.90,80.66,78.89,79.29,8816007
2021-01-08,79.83,81.21,79.44,81.13,8376215
2021-01-11,80.98,81.00,78.97,79.69,7065973
2021-01-12,79.65,80.55,78.54,79.75,7669321
2021-01-13,80.60,82.24,80.16,81.84,8542550
2021-01-14,81.96,82.74,81.15,82.53,8898982
2021-01-15,82.44,83.26,81.95,82.04,10561590
2021-01-19,82.50,83.20,81.76,82.81,8142683
2021-01-20,82.65,85.03,82.42,84.05,8576777
2021-01-21,84.25,84.75,83.65,83.71,9270033
2021-01-22,83.95,84.55,83.55,84.21,6371755
2021-01-25,84.12,87.69,84.10,86.87,13215630
2021-01-26,86.65,87.26,84.75,85.23,12476870
2021-01-27,84.60,84.80,79.61,80.19,16893290
2021-01-28,80.67,83.86,80.05,82.46,8541340
2021-01-29,81.82,82.46,80.22,80.87,13189680
2021-02-01,82.27,83.14,80.85,81.70,5589545
2021-02-02,82.11,84.47,82.05,82.93,6645364
2021-02-03,83.45,83.88,82.91,83.05,5971186
2021-02-04,83.02,83.55,82.57,83.00,6398350
2021-02-05,83.38,84.55,83.00,83.60,5745770
2021-02-08,84.00,84.73,83.13,83.40,6792281
2021-02-09,83.56,84.37,83.00,83.83,5008864
2021-02-10,84.95,84.99,83.45,83.91,6201136
2021-02-11,84.00,84.80,83.61,83.95,4417241
2021-02-12,84.03,84.17,82.62,83.13,5787194
2021-02-16,83.29,83.57,80.99,81.19,8312572
2021-02-17,80.83,81.03,79.62,80.68,8667217
2021-02-18,80.83,81.29,79.94,80.73,5379458
2021-02-19,80.44,80.58,77.95,78.10,9660915
2021-02-22,77.80,77.94,74.55,75.10,13190290
2021-02-23,75.00,75.00,73.31,74.71,12719010
2021-02-24,74.83,74.91,73.33,73.76,12302200
2021-02-25,73.35,74.34,72.71,74.06,11747110
2021-02-26,74.13,75.56,73.47,73.48,12583210
2021-03-01,74.64,76.91,74.37,75.91,12272600
2021-03-02,76.63,76.85,75.45,75.54,8738510
2021-03-03,75.78,75.93,72.09,72.52,11748900
2021-03-04,72.29,73.06,70.49,71.29,11998690
2021-03-05,71.61,72.00,68.33,70.70,15509910
2021-03-08,71.00,72.44,70.55,70.86,12479370
2021-03-09,72.41,74.71,72.32,74.02,9363710
2021-03-10,73.81,74.74,72.69,74.46,8247157
2021-03-11,74.96,75.55,74.46,74.86,6602716
2021-03-12,75.18,76.01,74.04,75.67,6113142
2021-03-15,75.49,76.21,75.04,75.52,7129893
2021-03-16,75.17,76.34,75.13,75.38,6512659
2021-03-17,75.00,75.19,72.81,72.96,10343260
2021-03-18,73.00,73.01,70.27,71.13,14198760
2021-03-19,71.18,72.63,70.06,70.84,22806730
2021-03-22,70.76,72.43,70.76,71.69,10058050
2021-03-23,71.58,74.29,71.57,74.02,10723750
2021-03-24,73.43,73.66,72.41,72.83,14537720
2021-03-25,73.11,73.73,72.47,73.45,6823717
2021-03-26,73.10,74.13,72.64,74.06,10105960
2021-03-29,74.11,75.20,73.69,74.80,8644546
2021-03-30,74.11,74.56,73.74,74.22,5964628
2021-03-31,74.54,75.94,74.43,75.61,9430478
2021-04-01,75.50,76.38,75.38,75.77,6548916
2021-04-05,76.54,77.48,76.54,76.78,7328654
2021-04-06,76.57,77.75,75.95,77.56,6570483
2021-04-07,77.61,78.06,76.78,77.41,6761608
2021-04-08,77.70,78.41,77.44,77.76,7454597
2021-04-09,77.90,78.18,77.62,77.94,4969701
2021-04-12,77.78,78.29,77.21,77.64,6052897
2021-04-13,77.28,79.20,77.25,79.04,6319042
2021-04-14,78.54,79.23,78.38,79.13,4478249
2021-04-15,79.21,80.27,79.02,80.18,5012562
2021-04-16,80.73,81.41,80.25,80.94,15124110
2021-04-19,81.00,81.37,79.62,79.79,7658207
2021-04-20,79.66,80.96,79.63,80.53,7192059
2021-04-21,80.88,81.18,77.69,77.97,8565070
2021-04-22,78.20,79.30,78.02,78.32,8261666
2021-04-23,78.19,78.62,77.83,78.24,6035347
2021-04-26,78.39,78.61,77.54,77.93,7425054
2021-04-27,77.93,78.15,77.08,77.28,5871937
2021-04-28,77.25,77.45,76.63,77.09,5522214
2021-04-29,77.10,77.77,76.66,77.22,5558949
2021-04-30,77.24,77.64,76.69,77.51,8024682
2021-05-03,77.83,77.99,76.52,76.70,6075961
2021-05-04,76.20,76.41,74.76,75.69,9178252
2021-05-05,75.76,75.90,73.39,73.78,7277565
2021-05-06,74.00,74.19,73.31,74.01,7069184
2021-05-07,74.50,75.63,74.50,74.53,5677354
2021-05-10,74.34,75.72,74.26,74.80,6210497
2021-05-11,73.62,74.14,72.69,74.07,10515090
2021-05-12,73.50,73.66,71.50,71.54,9093240
2021-05-13,72.15,73.14,71.68,72.63,5469529
2021-05-14,73.00,73.65,72.79,73.12,5446234
2021-05-17,73.00,73.16,71.71,71.90,10368030
2021-05-18,71.75,72.67,71.28,72.29,8195146
2021-05-19,71.61,72.72,71.20,72.66,8486579
2021-05-20,73.13,74.77,72.99,74.29,10798650
2021-05-21,74.58,75.25,73.99,74.44,8689543
2021-05-24,74.77,74.88,73.92,74.03,6746870
2021-05-25,74.02,74.02,73.15,73.37,7440920
2021-05-26,73.40,73.81,73.05,73.47,7409048
2021-05-27,73.62,73.81,72.80,73.00,10956060
2021-05-28,73.60,74.23,73.19,73.22,9178572
2021-06-01,73.40,73.40,72.04,72.12,9056101
2021-06-02,72.08,73.17,71.82,72.71,6421068
2021-06-03,72.02,72.98,72.02,72.37,8871512
2021-06-04,72.68,72.89,72.26,72.34,6586274
2021-06-07,72.57,72.95,72.11,72.47,5988535
2021-06-08,72.92,73.11,71.71,72.14,5803236
2021-06-09,72.37,72.90,72.06,72.45,6660486
2021-06-10,72.34,73.55,72.17,73.51,8203306
2021-06-11,73.60,73.60,72.92,73.49,4548519
2021-06-14,73.61,73.94,73.03,73.31,4991867
2021-06-15,73.42,74.07,73.06,73.43,7770482
2021-06-16,74.00,74.59,73.11,73.30,9646321
2021-06-17,73.34,74.97,73.02,74.58,10553810
2021-06-18,74.44,74.92,73.03,73.28,17538960
2021-06-21,73.69,74.53,72.62,74.33,6499819
2021-06-22,74.18,74.74,74.08,74.11,5513307
2021-06-23,74.12,74.31,73.01,73.35,6079658
2021-06-24,73.48,73.59,72.59,72.88,7925541
2021-06-25,73.22,73.95,73.21,73.86,6677085
2021-06-28,74.77,75.84,74.63,75.15,8444305
2021-06-29,74.75,75.65,74.03,74.08,6477528
2021-06-30,74.27,74.48,73.07,73.28,8672907
2021-07-01,73.30,74.48,73.08,74.19,6423169
2021-07-02,74.33,74.44,73.72,74.28,4282376
2021-07-06,74.51,75.17,74.04,75.13,6957513
2021-07-07,75.26,75.61,74.85,75.33,5661844
2021-07-08,74.62,76.02,74.42,75.13,5881384
2021-07-09,75.00,75.42,74.28,74.99,5592806
2021-07-12,75.20,75.49,74.38,75.09,5743608
2021-07-13,75.10,75.76,74.63,74.86,5165670
2021-07-14,75.00,76.17,74.64,75.70,6956113
2021-07-15,75.66,76.88,75.19,76.82,7638248
2021-07-16,76.87,78.35,76.87,77.92,9087965
2021-07-19,77.43,78.38,76.02,76.99,9891840
2021-07-20,77.02,77.70,76.86,77.17,6562396
2021-07-21,77.17,77.28,75.81,75.88,8931948
2021-07-22,75.99,76.65,75.89,76.12,5534769
2021-07-23,76.53,77.41,75.92,77.20,4953605
2021-07-26,76.79,77.14,76.44,76.91,6014052
2021-07-27,76.88,77.98,76.11,77.86,7592122
2021-07-28,77.89,78.33,77.22,77.85,5177503
2021-07-29,78.00,78.40,77.62,78.16,4141909
2021-07-30,77.98,78.85,77.74,77.90,5489214
2021-08-02,78.47,78.91,78.13,78.81,7520735
2021-08-03,78.75,79.85,78.37,79.42,6249519
2021-08-04,79.36,80.00,78.77,79.87,8050180
2021-08-05,79.79,80.62,79.53,80.49,6283837
2021-08-06,80.49,81.00,80.06,80.61,4634514
2021-08-09,80.96,81.14,80.12,80.56,5621878
2021-08-10,80.68,80.81,80.20,80.53,4506801
2021-08-11,81.14,83.41,80.97,82.37,9419301
2021-08-12,82.02,83.12,81.83,83.00,6763081
2021-08-13,83.25,83.55,82.83,83.45,3999620
2021-08-16,83.45,84.43,83.14,83.95,8579942
2021-08-17,83.60,84.00,83.12,83.96,5257074
2021-08-18,84.23,84.96,83.89,84.42,9511749
2021-08-19,83.97,85.10,83.92,84.55,6968132
2021-08-20,84.54,86.43,84.02,86.28,7589673
2021-08-23,85.81,86.08,84.01,84.40,8837088
2021-08-24,84.23,84.48,83.41,84.14,5786105
2021-08-25,84.14,84.86,83.58,84.53,5930314
2021-08-26,84.11,84.19,83.67,83.81,5294036
2021-08-27,83.94,84.19,83.34,83.41,5974286
2021-08-30,83.26,84.25,83.01,83.95,6001736
2021-08-31,83.82,84.44,83.50,83.99,6844079
2021-09-01,84.15,85.76,84.06,85.34,5862467
2021-09-02,85.42,86.51,85.42,86.48,5222042
2021-09-03,85.76,86.31,85.38,85.69,4621683
2021-09-07,85.44,85.49,84.47,85.03,6791395
2021-09-08,85.12,86.97,84.79,86.44,6230117
2021-09-09,86.29,86.67,85.75,85.84,4108268
2021-09-10,85.97,85.97,84.60,84.93,5508194
2021-09-13,85.89,85.94,84.39,84.58,6498792
2021-09-14,84.79,85.19,84.45,84.64,4658308
2021-09-15,84.33,85.14,84.06,84.61,5707060
2021-09-16,84.48,84.97,83.66,84.00,5380677
2021-09-17,83.40,83.93,81.55,81.64,15398330
2021-09-20,81.54,82.54,80.66,81.69,8994275
2021-09-21,81.93,82.86,81.73,81.92,6450728
2021-09-22,82.09,82.91,81.57,81.90,5662292
2021-09-23,82.18,82.38,81.14,81.27,6414328
2021-09-24,81.24,81.73,80.49,80.70,6114089
2021-09-27,80.01,80.78,78.55,78.76,8600913
2021-09-28,78.48,78.59,77.01,77.27,9257726
2021-09-29,77.62,79.03,77.45,78.35,7496134
2021-09-30,78.84,79.41,77.90,78.52,10188220
2021-10-01,79.02,79.59,78.02,79.21,7961191
2021-10-04,79.05,79.92,78.51,79.36,6027836
2021-10-05,79.43,79.90,79.09,79.48,5434634
2021-10-06,79.26,81.29,78.64,81.18,6876164
2021-10-07,81.48,82.61,80.79,80.92,5753531
2021-10-08,81.01,81.03,80.15,80.21,3593132
2021-10-11,79.20,79.36,77.73,77.83,8798686
2021-10-12,78.10,79.18,77.57,78.87,7791238
2021-10-13,79.04,80.36,78.59,80.19,6262681
2021-10-14,80.36,81.85,80.21,81.46,6485984
2021-10-15,81.94,82.45,81.20,81.67,14634320
2021-10-18,81.34,81.66,80.76,80.99,4942093
2021-10-19,81.72,82.15,81.22,82.03,5717490
2021-10-20,82.75,84.66,82.38,83.92,6942573
2021-10-21,84.21,84.70,83.72,83.81,4945087
2021-10-22,83.97,84.59,83.74,84.42,4732452
2021-10-25,84.40,84.81,83.93,84.29,3987335
2021-10-26,84.41,86.28,84.37,85.47,6969242
2021-10-27,86.01,86.35,84.76,85.01,4356891
2021-10-28,84.92,86.49,84.73,86.42,6568440
2021-10-29,86.17,86.46,84.94,85.33,7792641
2021-11-01,85.44,85.82,84.93,85.59,5135356
2021-11-02,85.85,86.24,84.39,85.42,7266589
2021-11-03,85.67,85.80,84.24,85.24,5723226
2021-11-04,85.16,85.39,83.17,84.76,6593952
2021-11-05,84.75,85.71,84.32,85.53,4885446
2021-11-08,85.53,85.60,84.04,84.59,5391028
2021-11-09,84.69,85.17,84.36,84.94,3917872
2021-11-10,84.94,85.37,84.51,85.20,5192569
2021-11-11,85.47,85.50,84.57,85.37,5370538
2021-11-12,85.37,86.67,85.03,86.31,6467097
2021-11-15,86.91,87.35,86.47,87.34,5543270
2021-11-16,87.07,87.42,86.67,86.98,5497172
2021-11-17,86.83,87.88,86.41,87.78,6203092
2021-11-18,87.72,87.88,86.82,87.60,5537871
2021-11-19,88.00,88.83,87.00,88.31,6765477
2021-11-22,88.15,88.42,87.33,87.36,5214530
2021-11-23,87.10,87.90,86.53,87.31,7407983
2021-11-24,86.61,87.30,86.19,87.21,4553877
2021-11-26,86.92,87.45,85.86,86.09,4340680
2021-11-29,87.22,88.92,86.55,88.66,8712519
2021-11-30,88.05,88.95,86.42,86.78,16328320
2021-12-01,87.00,89.68,87.00,87.84,10063580
2021-12-02,87.95,89.52,87.61,88.62,8303507
2021-12-03,89.15,89.15,86.02,88.03,11191050
2021-12-06,88.07,89.75,87.88,89.15,8946614
2021-12-07,89.53,90.55,88.94,90.41,7909730
2021-12-08,90.70,90.92,89.59,90.32,5356519
2021-12-09,90.50,90.50,89.51,89.91,5731213
2021-12-10,90.01,90.90,89.80,90.28,4996753
2021-12-13,90.26,92.11,90.14,91.74,6446514
2021-12-14,91.23,91.65,89.45,90.03,11022620
2021-12-15,90.29,92.06,89.58,92.00,9590049
2021-12-16,91.62,92.70,91.52,92.23,7623333
2021-12-17,92.00,92.36,90.74,90.94,15343330
2021-12-20,89.80,90.08,88.50,89.94,10167720
2021-12-21,90.65,91.34,89.36,90.45,6287882
2021-12-22,90.24,90.88,89.89,90.80,4143104
2021-12-23,90.68,91.31,90.40,90.70,5845630
2021-12-27,90.85,91.35,90.63,91.32,5410410
2021-12-28,91.66,92.19,91.51,91.88,3097581
2021-12-29,91.95,92.26,91.59,91.99,2945412
2021-12-30,92.23,92.91,91.81,92.77,3716396
2021-12-31,92.58,93.73,92.50,93.36,4811867
2022-01-03,93.42,93.65,90.54,91.66,7865567
2022-01-04,91.65,91.93,90.62,90.68,8379249
2022-01-05,90.28,91.50,89.68,89.73,6722525
2022-01-06,89.09,89.36,85.65,85.77,12658590
2022-01-07,85.77,86.86,84.51,86.41,13359260
2022-01-10,85.80,86.36,83.74,84.29,11378660
2022-01-11,83.83,85.01,83.68,84.79,8395893
2022-01-12,84.28,85.81,84.10,85.09,6484042
2022-01-13,85.58,85.81,84.72,84.90,7203060
2022-01-14,84.88,85.14,82.67,83.20,11084270
2022-01-18,82.00,82.17,80.70,81.25,10848140
2022-01-19,81.04,83.35,81.00,82.59,9673853
2022-01-20,83.32,85.28,83.15,83.51,12028920
2022-01-21,83.70,83.93,81.83,82.60,12809060
2022-01-24,81.65,82.05,79.24,81.92,14694980
2022-01-25,78.20,80.19,74.79,75.10,22925030
2022-01-26,76.50,76.53,72.36,72.64,24721670
2022-01-27,73.30,74.39,72.41,72.51,21252750
2022-01-28,72.32,72.95,69.79,72.50,25537080
2022-01-31,72.91,78.30,72.75,78.12,21787790
2022-02-01,78.04,79.47,76.03,77.23,12082920
2022-02-02,77.42,78.00,76.83,77.73,8397670
2022-02-03,76.56,77.29,75.43,75.77,7960725
2022-02-04,75.10,76.84,74.54,76.01,12132130
2022-02-07,76.00,76.12,75.30,75.68,8184500
2022-02-08,75.75,76.75,75.22,75.46,6758461
2022-02-09,76.61,77.27,76.32,76.66,7390923
2022-02-10,74.91,76.85,74.70,75.45,9673297
2022-02-11,75.90,76.70,74.67,74.96,8999327
2022-02-14,74.95,75.31,73.88,74.92,8329188
2022-02-15,75.73,76.47,74.74,75.09,9102501
2022-02-16,75.13,75.64,74.48,75.23,7505070
2022-02-17,74.72,75.84,74.48,75.38,10093090
2022-02-18,74.96,75.81,73.81,74.15,9558597
2022-02-22,73.93,74.46,73.27,73.78,8233368
2022-02-23,74.22,74.42,72.22,72.32,7837056
2022-02-24,71.00,75.78,70.74,75.44,15750420
2022-02-25,76.12,77.24,75.22,77.16,12609480
2022-02-28,77.09,78.87,76.80,78.27,16345680
2022-03-01,78.07,78.83,76.54,77.44,13930440
2022-03-02,77.29,77.81,76.49,77.55,6988696
2022-03-03,77.85,79.36,77.66,78.79,10075520
2022-03-04,78.93,80.45,78.48,80.21,8996514
2022-03-07,80.96,84.39,80.72,84.18,19948910
2022-03-08,84.31,85.40,81.74,81.95,14717620
2022-03-09,82.38,82.48,80.11,80.32,12710000
2022-03-10,79.56,80.46,78.44,80.16,9554345
2022-03-11,80.30,81.09,79.23,79.30,7230646
2022-03-14,79.68,80.64,78.70,79.28,7133771
2022-03-15,80.20,82.25,80.10,81.98,9567041
2022-03-16,81.85,82.74,80.84,82.51,8261224
2022-03-17,82.56,83.24,82.42,82.69,6341919
2022-03-18,82.92,83.49,82.24,82.37,13470790
2022-03-21,82.00,82.76,81.48,81.80,7181684
2022-03-22,81.87,82.95,81.42,82.85,8516858
2022-03-23,82.48,83.10,82.01,82.57,6125879
2022-03-24,82.91,83.79,82.76,83.70,5498108
2022-03-25,84.09,84.24,83.21,83.94,5482368
2022-03-28,84.05,84.72,83.67,84.43,6177702
2022-03-29,85.00,85.04,83.65,84.62,8954273
2022-03-30,85.13,85.78,84.63,85.50,6829267
2022-03-31,85.06,86.28,84.71,84.71,10082910
2022-04-01,84.49,85.80,84.12,85.71,6453765
2022-04-04,85.64,85.91,84.64,85.62,6465738
2022-04-05,85.86,87.45,85.72,86.33,7203263
2022-04-06,86.17,86.52,85.43,86.49,7621879
2022-04-07,86.30,87.29,85.70,87.08,7817509
2022-04-08,87.16,87.52,85.96,86.09,5731579
2022-04-11,86.15,86.22,84.35,84.58,6745351
2022-04-12,84.45,84.84,83.38,83.89,8714757
2022-04-13,84.37,84.48,83.08,83.55,7858452
2022-04-14,83.55,83.89,82.78,82.81,7164130
2022-04-18,83.00,83.61,81.06,81.71,6279188
2022-04-19,81.76,82.10,81.11,81.83,8104770
2022-04-20,83.03,83.03,81.32,81.51,8457127
2022-04-21,80.32,81.00,75.98,76.18,17712830
2022-04-22,76.17,76.37,73.88,73.95,15284830
2022-04-25,74.00,74.51,71.59,74.04,15697920
2022-04-26,74.05,74.97,73.49,73.57,10971640
2022-04-27,73.83,75.14,73.19,73.27,10989630
2022-04-28,73.50,73.91,72.77,73.49,11325720
2022-04-29,72.88,73.45,70.88,71.02,14912850
2022-05-02,71.10,71.51,68.52,69.87,14338300
2022-05-03,70.00,71.53,69.57,70.76,10419990
2022-05-04,72.00,73.33,70.73,73.06,10859580
2022-05-05,72.70,72.97,71.20,71.84,10382390
2022-05-06,71.26,72.86,71.09,72.47,9364858
2022-05-09,71.80,72.08,70.26,70.71,10442850
2022-05-10,71.00,71.74,68.72,69.99,14731910
2022-05-11,69.65,71.35,69.54,70.20,11129160
2022-05-12,69.59,70.49,67.22,68.51,15364930
2022-05-13,69.43,70.19,68.53,69.80,8010789
2022-05-16,69.64,70.72,69.40,70.12,7339495
2022-05-17,70.90,72.03,70.13,72.02,8889290
2022-05-18,71.79,72.25,70.70,71.00,10316930
2022-05-19,71.09,71.09,69.53,70.46,9593613
2022-05-20,70.90,71.56,69.98,71.22,9747755
2022-05-23,71.81,72.59,71.46,72.55,10378700
2022-05-24,72.61,74.92,72.17,74.67,11133490
2022-05-25,75.12,75.15,73.59,74.79,11192150
2022-05-26,75.05,75.75,74.77,75.04,9431312
2022-05-27,74.49,77.45,74.17,77.43,9435316
2022-05-31,76.78,76.94,75.17,75.69,29712070
2022-06-01,75.76,76.63,75.33,76.17,7994137
2022-06-02,76.45,78.65,76.00,78.52,9640582
2022-06-03,78.09,78.94,77.80,78.69,9293717
2022-06-06,81.19,81.49,80.07,80.19,12716930
2022-06-07,79.76,80.18,78.28,79.78,7405617
2022-06-08,78.98,79.58,78.24,78.49,5198031
2022-06-09,78.24,78.86,77.30,77.34,8354816
2022-06-10,76.55,76.90,75.77,75.91,8598729
2022-06-13,74.58,74.76,71.96,72.41,11882260
2022-06-14,72.31,73.12,70.27,71.48,11412710
2022-06-15,72.46,75.55,72.21,74.19,12085300
2022-06-16,72.71,73.08,70.12,70.87,12729160
2022-06-17,70.64,72.75,70.64,70.81,15918970
2022-06-21,70.80,73.40,70.80,72.73,8466948
2022-06-22,72.20,75.55,71.85,74.69,12687570
2022-06-23,75.54,77.41,75.32,77.20,12502550
2022-06-24,77.33,78.13,76.63,78.02,9320546
2022-06-27,77.73,78.18,77.36,77.89,6557215
2022-06-28,77.91,78.33,76.23,76.44,6140782
2022-06-29,76.10,76.54,75.26,76.00,7082185
2022-06-30,75.46,78.24,75.32,77.46,8872992
2022-07-01,78.33,80.64,78.09,80.56,7718439
2022-07-05,80.50,80.72,77.56,79.11,11279200
2022-07-06,79.70,80.20,78.60,79.57,7918440
2022-07-07,79.83,80.58,79.81,80.38,5498179
2022-07-08,79.70,80.43,79.41,80.25,5708363
2022-07-11,80.00,80.98,79.72,80.68,6100477
2022-07-12,80.55,80.90,79.52,79.95,7554112
2022-07-13,79.38,81.30,79.07,80.26,7552499
2022-07-14,78.71,80.35,78.52,80.13,6124510
2022-07-15,78.25,78.85,76.33,78.71,8780599
2022-07-18,78.33,78.66,77.50,77.51,6610894
2022-07-19,78.13,79.33,77.92,78.93,6403986
2022-07-20,79.16,79.40,77.86,78.32,6323732
2022-07-21,78.72,78.96,78.13,78.87,7847605
2022-07-22,80.13,81.80,79.26,80.25,11517230
2022-07-25,80.00,81.04,79.48,80.98,5035636
2022-07-26,80.54,80.62,79.18,79.91,6740940
2022-07-27,80.03,80.78,79.55,80.38,6056151
2022-07-28,84.81,86.27,84.29,84.54,13561460
2022-07-29,84.50,85.41,84.31,84.49,11474870
2022-08-01,84.45,85.42,83.56,85.31,7004481
2022-08-02,85.44,86.77,85.20,85.67,7664259
2022-08-03,85.77,86.82,84.36,86.46,7640608
2022-08-04,86.96,88.66,86.45,87.98,8679156
2022-08-05,87.88,88.49,86.94,87.98,8643274
2022-08-08,88.46,88.96,86.78,87.52,7243316
2022-08-09,88.22,89.11,87.78,88.92,5154122
2022-08-10,89.66,90.08,88.84,89.78,5693721
2022-08-11,90.31,91.03,89.29,89.43,7525833
2022-08-12,90.18,90.65,89.33,90.47,5262780
2022-08-15,90.48,91.20,90.14,91.00,5032686
2022-08-16,90.54,91.35,90.33,90.53,5250574
2022-08-17,89.97,90.67,89.74,90.20,4177991
2022-08-18,90.20,90.63,89.87,90.24,5090664
2022-08-19,90.11,90.59,89.36,89.71,5542923
2022-08-22,88.93,89.53,88.23,88.54,5783453
2022-08-23,88.61,88.65,87.62,87.98,3473741
2022-08-24,88.15,88.78,87.96,88.71,5669340
2022-08-25,89.01,89.45,88.06,89.39,5595183
2022-08-26,89.99,90.56,87.74,88.06,7990147
2022-08-29,86.98,87.85,86.41,87.02,5827891
2022-08-30,87.20,87.33,85.21,85.70,7394279
2022-08-31,85.70,86.27,84.80,85.06,6830948
2022-09-01,85.33,86.46,84.71,86.26,5896345
2022-09-02,86.45,87.23,84.77,85.11,5785696
2022-09-06,87.24,88.27,87.02,87.37,11077350
2022-09-07,87.71,90.42,87.61,90.24,11366640
2022-09-08,89.73,91.06,89.63,90.27,8852494
2022-09-09,90.81,90.98,89.83,89.90,5701551
2022-09-12,90.18,90.85,89.78,90.81,5573784
2022-09-13,90.05,90.47,88.45,88.86,5624836
2022-09-14,88.36,89.37,88.06,88.88,7281493
2022-09-15,85.44,86.80,84.83,86.01,18680970
2022-09-16,85.41,85.99,84.50,84.79,19190740
2022-09-19,84.72,86.90,84.54,86.84,8820990
2022-09-20,85.99,86.45,84.92,85.69,6242074
2022-09-21,86.00,86.44,83.95,83.97,6706453
2022-09-22,83.80,84.19,83.03,83.54,6748710
2022-09-23,82.50,82.67,81.34,82.52,6719672
2022-09-26,82.47,82.78,80.32,81.15,7702927
2022-09-27,82.02,82.62,80.11,81.08,9247037
2022-09-28,82.29,83.03,81.25,82.37,8713365
2022-09-29,82.17,82.35,79.46,79.97,8291549
2022-09-30,80.30,80.60,78.29,78.41,12854290
2022-10-03,79.83,81.63,79.22,81.19,8115199
2022-10-04,81.98,82.89,81.56,82.82,8193853
2022-10-05,81.75,82.48,80.52,81.77,5468664
2022-10-06,81.63,81.73,78.85,78.91,8374624
2022-10-07,78.56,78.64,76.19,76.73,7697379
2022-10-10,77.03,77.68,76.40,76.74,6118014
2022-10-11,76.25,76.93,75.22,76.03,9143163
2022-10-12,75.81,76.36,72.62,72.75,9715274
2022-10-13,71.59,73.57,70.39,73.09,13644010
2022-10-14,73.79,74.84,71.44,71.77,8735692
2022-10-17,72.80,74.42,72.75,73.65,7563540
2022-10-18,75.55,75.94,74.11,75.06,6998542
2022-10-19,74.24,74.47,72.52,73.64,8579687
2022-10-20,73.36,73.48,69.81,70.64,13023810
2022-10-21,71.08,73.00,70.30,71.65,11161270
2022-10-24,72.49,73.69,71.96,73.28,9989846
2022-10-25,73.75,76.09,73.60,75.86,9216900
2022-10-26,75.86,76.53,75.30,75.60,6247194
2022-10-27,76.05,76.93,75.46,75.47,7163308
2022-10-28,76.75,79.30,76.65,79.03,9123339
2022-10-31,78.45,79.27,76.76,77.50,8273667
2022-11-01,78.19,78.19,77.17,77.71,5410269
2022-11-02,77.70,79.83,77.02,77.28,7119075
2022-11-03,76.74,79.18,76.36,78.18,6920481
2022-11-04,78.60,79.18,77.42,78.80,7758947
2022-11-07,78.73,79.12,76.29,77.29,7008635
2022-11-08,77.67,79.14,77.16,78.27,5518358
2022-11-09,78.60,79.11,78.00,78.20,4940236
2022-11-10,81.31,83.77,79.95,83.20,9315878
2022-11-11,83.27,83.85,81.98,83.31,5730882
2022-11-14,83.09,83.78,81.61,81.66,7904057
2022-11-15,82.52,83.82,82.04,82.91,5594983
2022-11-16,83.06,84.75,83.06,84.32,8444892
2022-11-17,83.26,83.35,81.87,82.35,8334511
2022-11-18,83.26,83.79,82.57,83.20,6664774
2022-11-21,82.62,83.75,82.62,83.60,6593861
2022-11-22,84.06,84.91,83.72,84.11,4105654
2022-11-23,83.54,85.00,83.44,84.92,4259871
2022-11-25,85.27,85.80,85.13,85.34,3622249
2022-11-28,84.33,85.01,83.34,83.73,6464225
2022-11-29,82.91,83.13,81.97,82.49,5398297
2022-11-30,82.09,84.90,82.06,84.70,9739222
2022-12-01,85.40,85.97,83.99,84.83,5830713
2022-12-02,83.73,85.21,83.40,85.20,6316947
2022-12-05,85.00,86.03,84.77,85.15,5511867
2022-12-06,84.91,85.25,83.70,85.18,5027803
2022-12-07,85.16,86.35,84.61,85.29,5108818
2022-12-08,85.27,86.40,84.90,85.76,4281909
2022-12-09,85.56,86.00,84.42,84.51,4460299
2022-12-12,85.12,86.60,84.80,86.55,5348953
2022-12-13,88.00,88.37,86.00,87.15,7179494
2022-12-14,87.46,88.61,86.34,87.05,6111627
2022-12-15,86.90,87.05,85.48,85.81,6469095
2022-12-16,84.60,84.86,83.27,84.14,16949480
2022-12-19,83.98,84.28,82.96,83.52,5681098
2022-12-20,83.40,84.04,82.75,83.52,4812075
2022-12-21,83.85,84.95,83.65,84.65,5356209
2022-12-22,84.54,84.54,82.16,83.34,4491039
2022-12-23,83.00,84.27,83.00,84.17,3254730
2022-12-27,84.10,84.28,83.47,84.00,4726551
2022-12-28,84.20,84.54,82.97,83.16,3536487
2022-12-29,83.73,84.69,83.49,84.08,3378421
2022-12-30,83.95,84.02,82.47,83.60,4266918
2023-01-03,84.37,84.90,82.54,83.83,5535451
2023-01-04,84.36,85.46,83.83,84.49,4831342
2023-01-05,83.61,84.01,82.14,82.63,5472659
2023-01-06,83.56,84.37,82.82,83.65,5235338
2023-01-09,83.64,84.93,83.49,84.07,4749024
2023-01-10,84.07,84.60,83.37,84.54,4921129
2023-01-11,84.47,85.36,84.22,85.00,6153716
2023-01-12,85.10,85.67,84.39,85.07,4648571
2023-01-13,84.44,84.97,83.75,84.68,4943170
2023-01-17,85.19,86.47,85.18,85.74,8410165
2023-01-18,85.93,86.04,83.73,83.80,6107756
2023-01-19,84.06,84.34,82.29,82.59,7099850
2023-01-20,82.51,82.54,80.50,81.82,9429170
2023-01-23,81.38,83.22,80.90,82.67,6864386
2023-01-24,82.79,84.20,80.28,83.90,6652336
2023-01-25,80.53,80.99,75.90,76.59,28527410
2023-01-26,75.10,77.45,74.80,76.40,18508680
2023-01-27,76.07,76.40,75.51,75.58,13243240
2023-01-30,75.36,76.35,74.89,75.05,10669820
2023-01-31,74.54,74.83,73.34,74.63,19020420
2023-02-01,74.62,75.04,73.34,74.24,15188690
2023-02-02,73.57,76.84,73.21,75.60,18604060
2023-02-03,75.25,75.44,73.67,74.67,11671470
2023-02-06,74.60,75.56,74.45,75.51,9343358
2023-02-07,75.37,76.58,74.75,76.08,10855800
2023-02-08,75.98,76.15,74.86,75.03,9082151
2023-02-09,75.20,75.94,73.12,73.27,13163460
2023-02-10,73.42,75.25,73.42,74.74,9883033
2023-02-13,75.34,76.01,75.16,75.62,8114222
2023-02-14,75.29,76.33,74.80,76.03,7089389
2023-02-15,75.65,77.09,75.65,76.94,9345468
2023-02-16,75.80,76.52,75.66,75.69,7795625
2023-02-17,75.70,76.48,75.38,76.07,9436331
2023-02-21,75.44,75.53,73.61,73.66,11915630
2023-02-22,73.98,74.74,73.44,73.68,9351183
2023-02-23,74.37,74.37,72.65,72.87,9049874
2023-02-24,72.12,73.33,71.80,72.92,9127811
2023-02-27,72.97,73.67,71.68,71.86,7029663
2023-02-28,71.70,71.85,70.80,71.03,11276730
2023-03-01,70.86,71.03,69.64,69.87,11809200
2023-03-02,70.36,72.22,70.12,72.21,16067200
2023-03-03,72.89,73.87,72.18,73.83,10724780
2023-03-06,73.54,74.60,73.41,74.40,6888875
2023-03-07,73.94,74.49,73.02,73.75,7308906
2023-03-08,73.38,74.38,73.04,74.25,5913550
2023-03-09,74.50,74.99,73.39,73.76,7678060
2023-03-10,73.99,74.27,72.37,73.01,10167050
2023-03-13,73.06,75.18,73.00,73.29,8388885
2023-03-14,73.99,74.85,73.43,74.55,8635793
2023-03-15,74.45,75.84,73.93,75.52,12030330
2023-03-16,75.66,76.51,74.83,76.23,8896527
2023-03-17,76.29,76.29,74.74,75.67,14137400
2023-03-20,75.60,77.00,75.31,75.97,7140296
2023-03-21,76.34,76.34,74.27,75.36,6222390
2023-03-22,75.31,75.98,74.09,74.13,7038158
2023-03-23,73.77,75.72,73.37,73.81,7541396
2023-03-24,73.99,75.75,73.71,75.69,5294109
2023-03-27,75.87,76.06,74.95,75.44,5516054
2023-03-28,75.50,76.25,74.82,75.24,5935605
2023-03-29,75.47,76.31,75.47,76.11,5680646
2023-03-30,76.36,77.02,76.17,76.59,6187023
2023-03-31,76.77,77.12,75.98,77.08,10124430
2023-04-03,77.05,77.05,75.80,76.67,5778653
2023-04-04,76.85,77.69,76.43,77.16,6165648
2023-04-05,77.90,78.95,77.73,78.33,8200436
2023-04-06,78.80,79.00,77.96,78.97,5427720
2023-04-10,78.35,78.50,77.31,78.43,5647541
2023-04-11,78.39,78.61,77.90,78.34,6019632
2023-04-12,78.69,79.44,78.25,78.59,6786576
2023-04-13,78.42,79.11,77.48,78.85,4928608
2023-04-14,78.39,78.47,77.56,78.02,4920866
2023-04-17,78.18,78.55,77.79,78.54,4393358
2023-04-18,78.73,79.06,77.94,78.30,8147618
2023-04-19,78.31,79.17,78.29,78.94,3813305
2023-04-20,78.72,79.10,78.23,78.75,4350401
2023-04-21,79.44,79.78,78.56,78.99,5192615
2023-04-24,78.51,79.25,78.50,79.04,5725790
2023-04-25,77.73,79.10,77.50,77.82,8399806
2023-04-26,76.78,76.95,74.03,74.07,12656660
2023-04-27,74.31,76.52,73.91,75.85,8155578
2023-04-28,75.41,76.70,75.41,76.63,10005850
2023-05-01,76.47,77.38,76.36,76.80,5214783
2023-05-02,76.66,77.02,75.51,75.94,7674164
2023-05-03,76.26,76.56,75.27,75.39,6265933
2023-05-04,75.38,75.67,74.56,75.51,6042464
2023-05-05,75.61,76.57,75.19,75.51,6215614
2023-05-08,75.53,76.69,75.28,76.06,6751748
2023-05-09,76.22,76.22,75.19,75.58,5588127
2023-05-10,76.13,77.16,75.94,76.89,5696014
2023-05-11,76.59,76.84,75.54,76.10,6542687
2023-05-12,76.89,77.99,76.58,77.96,8315032
2023-05-15,78.47,78.53,76.82,77.54,5430028
2023-05-16,77.50,77.50,75.69,75.84,6216026
2023-05-17,76.17,76.28,75.19,75.34,5408735
2023-05-18,74.75,75.25,74.21,75.10,6970597
2023-05-19,75.55,75.78,74.47,74.48,6338617
2023-05-22,74.91,75.17,74.47,74.58,4272571
2023-05-23,74.10,75.20,73.91,74.16,8751256
2023-05-24,74.15,74.42,73.66,74.24,6879457
2023-05-25,74.18,74.18,72.47,73.39,7716369
2023-05-26,73.13,74.56,72.60,73.92,7174042
2023-05-30,74.35,74.75,72.55,72.69,6873997
2023-05-31,72.64,73.77,71.88,73.46,11112210
2023-06-01,73.05,73.43,72.46,72.96,6738779
2023-06-02,73.04,74.20,72.52,73.85,7175380
2023-06-05,74.15,74.89,73.33,73.59,5266767
2023-06-06,73.78,74.15,73.36,73.38,5653068
2023-06-07,73.64,74.50,73.28,74.17,6488121
2023-06-08,74.48,75.12,74.07,74.90,9988095
2023-06-09,74.86,75.20,74.00,74.07,6012161
2023-06-12,74.41,74.47,73.69,73.98,7564700
2023-06-13,73.90,74.69,73.75,74.35,8579415
2023-06-14,74.90,74.95,73.28,73.40,8893648
2023-06-15,73.74,74.52,73.41,74.36,10098260
2023-06-16,74.75,76.42,74.72,75.59,23053580
2023-06-20,75.63,76.17,74.50,74.76,7802048
2023-06-21,74.45,76.03,73.72,75.78,7176113
2023-06-22,76.07,76.39,75.00,75.13,6976575
2023-06-23,75.29,75.99,74.00,74.17,9080057
2023-06-26,74.09,74.78,73.81,74.29,5670176
2023-06-27,74.56,74.80,73.21,73.91,5979167
2023-06-28,73.95,74.21,73.22,73.44,8735091
2023-06-29,72.68,73.60,72.51,72.81,7193155
2023-06-30,72.94,74.31,72.78,74.20,9259959
2023-07-03,73.87,74.47,73.50,74.38,2484462
2023-07-05,73.98,75.59,73.92,74.95,8450272
2023-07-06,74.29,74.29,73.00,73.02,7271407
2023-07-07,72.53,72.72,71.89,72.05,7511673
2023-07-10,71.80,72.49,71.10,71.71,7704747
2023-07-11,71.64,72.23,70.85,72.19,6623380
2023-07-12,72.54,73.56,72.19,73.47,9710524
2023-07-13,73.52,73.93,73.38,73.71,6058553
2023-07-14,73.48,73.75,72.79,73.20,6463743
2023-07-17,72.96,73.42,72.45,72.66,5149275
2023-07-18,72.77,73.08,71.30,72.05,7239505
2023-07-19,72.36,72.93,72.05,72.10,7464792
2023-07-20,72.10,74.13,71.64,74.10,9221590
2023-07-21,74.42,76.27,74.30,75.90,11878440
2023-07-24,75.88,76.67,75.37,75.50,8609665
2023-07-25,75.76,75.94,74.62,75.44,8847806
2023-07-26,74.89,76.19,73.88,74.37,7244567
2023-07-27,73.94,74.89,73.19,73.27,10185630
2023-07-28,73.75,74.38,72.48,72.85,6231189
2023-07-31,73.40,74.47,73.04,73.30,10877530
2023-08-01,73.32,73.81,72.09,72.17,6725407
2023-08-02,71.50,72.34,71.46,71.91,6590418
2023-08-03,71.20,71.50,70.06,70.10,9075969
2023-08-04,70.55,70.69,69.02,69.17,9140539
2023-08-07,69.50,69.72,68.61,68.64,8397223
2023-08-08,68.34,68.95,67.91,68.71,8889954
2023-08-09,68.79,69.58,68.51,68.92,7452963
2023-08-10,69.30,69.66,68.15,68.29,7959864
2023-08-11,68.30,68.94,68.16,68.92,6524199
2023-08-14,68.85,68.93,68.30,68.56,8021137
2023-08-15,68.15,68.23,67.17,67.35,7704092
2023-08-16,67.72,67.95,67.31,67.56,6433500
2023-08-17,67.34,68.15,67.29,67.51,6677561
2023-08-18,67.34,68.06,67.33,67.83,6291293
2023-08-21,67.75,67.80,66.67,67.08,6856055
2023-08-22,67.11,67.82,66.76,67.52,7370570
2023-08-23,68.07,68.14,67.30,67.89,7721840
2023-08-24,67.89,68.41,67.08,67.22,9242494
2023-08-25,67.30,68.22,67.23,67.96,10114250
2023-08-28,68.25,68.59,67.98,68.02,7152597
2023-08-29,67.78,67.85,67.11,67.51,11209660
2023-08-30,67.36,67.73,66.82,67.09,7461489
2023-08-31,67.50,67.78,66.73,66.80,11797760
2023-09-01,67.34,67.57,66.45,66.87,8296631
2023-09-05,66.82,67.27,65.81,66.20,10002870
2023-09-06,66.03,66.41,65.36,65.69,9250260
2023-09-07,66.28,66.97,65.87,66.25,9981143
2023-09-08,66.26,67.00,66.07,66.83,7485845
2023-09-11,67.00,67.89,66.95,67.53,7981595
2023-09-12,67.50,68.03,67.11,67.73,7171538
2023-09-13,67.88,68.77,67.88,68.43,8925740
2023-09-14,68.90,69.35,68.42,69.28,7944919
2023-09-15,69.34,69.89,68.60,68.64,18391420
2023-09-18,68.81,68.86,67.91,68.24,7534094
2023-09-19,68.05,68.16,67.34,67.59,8215771
2023-09-20,68.07,68.14,67.24,67.35,5804231
2023-09-21,67.11,67.71,66.77,66.91,9460787
2023-09-22,66.50,68.39,66.34,67.70,11796660
2023-09-25,67.22,67.50,66.78,67.47,8656485
2023-09-26,67.12,67.19,65.27,65.34,9042592
2023-09-27,64.70,64.99,59.53,59.96,25606210
2023-09-28,60.30,60.70,56.98,57.08,31153830
2023-09-29,57.67,58.76,56.98,57.29,19047600
2023-10-02,56.08,56.38,50.18,52.15,54022780
2023-10-03,52.07,53.11,50.49,52.78,36257520
2023-10-04,53.71,53.95,50.54,50.62,28467450
2023-10-05,49.81,50.13,48.23,49.45,29911390
2023-10-06,49.05,50.50,47.15,50.24,24718490
2023-10-09,49.69,50.42,48.38,49.32,20644630
2023-10-10,49.68,51.62,49.52,51.58,23164340
2023-10-11,52.05,53.57,51.70,53.54,22401370
2023-10-12,53.07,53.97,52.23,53.00,27972800
2023-10-13,53.53,55.25,53.50,54.49,22321200
2023-10-16,54.49,55.04,53.56,54.38,17089370
2023-10-17,53.58,54.84,53.55,54.17,13365490
2023-10-18,54.08,54.77,53.07,53.24,13593320
2023-10-19,53.28,53.99,52.38,52.39,11580430
2023-10-20,51.95,52.69,51.69,51.96,17798910
2023-10-23,51.27,52.56,50.95,51.52,15200700
2023-10-24,54.44,55.43,53.11,55.12,20060330
2023-10-25,55.61,56.94,54.91,56.46,19262370
2023-10-26,56.77,58.24,56.68,57.57,17357830
2023-10-27,57.36,58.02,55.93,56.24,11921200
2023-10-30,56.41,57.47,55.77,57.20,11017780
2023-10-31,57.56,58.49,57.39,58.30,19978340
2023-11-01,58.10,58.79,57.18,58.43,13428920
2023-11-02,58.52,60.47,58.50,59.91,15076480
2023-11-03,61.22,61.49,59.37,59.38,13938040
2023-11-06,59.40,59.88,58.86,59.04,9293798
2023-11-07,59.05,59.55,58.40,58.46,9615549
2023-11-08,58.17,58.17,56.78,57.50,12781790
2023-11-09,57.12,57.27,54.62,54.72,17147940
2023-11-10,55.00,55.37,54.51,55.14,12777600
2023-11-13,55.05,55.06,53.81,54.50,8951803
2023-11-14,56.08,57.73,55.45,57.55,13399480
2023-11-15,57.48,58.73,56.98,57.00,11295040
2023-11-16,57.42,57.77,56.58,56.60,11155370
2023-11-17,57.01,57.38,56.49,57.37,10136480
2023-11-20,57.00,57.68,56.30,57.34,8405713
2023-11-21,57.32,58.29,56.77,57.98,11952630
2023-11-22,57.98,58.31,56.98,57.47,9626942
2023-11-24,57.14,57.60,56.93,57.55,4629432
2023-11-27,57.50,57.70,56.87,57.58,9779081
2023-11-28,57.56,58.58,57.26,58.16,9473579
2023-11-29,58.53,59.23,57.98,58.36,17019120
2023-11-30,58.48,58.68,57.98,58.51,15381850
2023-12-01,58.55,59.54,57.67,59.17,10510220
2023-12-04,58.59,59.53,58.58,58.67,10239550
2023-12-05,58.68,58.86,57.87,58.23,12545000
2023-12-06,58.62,60.26,58.62,60.20,13235710
2023-12-07,60.38,60.56,59.44,59.85,12230500
2023-12-08,59.57,59.95,59.10,59.70,9408385
2023-12-11,58.53,59.94,58.53,59.71,11005790
2023-12-12,59.66,59.76,58.08,59.52,9931191
2023-12-13,59.60,62.60,59.33,62.51,13013430
2023-12-14,63.65,64.59,62.36,62.78,16809080
2023-12-15,62.10,62.91,61.02,61.50,28901540
2023-12-18,61.60,62.10,60.85,61.00,10755840
2023-12-19,61.36,61.83,60.87,61.57,11509560
2023-12-20,61.55,61.72,59.78,59.84,10091170
2023-12-21,60.13,60.65,59.06,59.60,12604170
2023-12-22,59.96,60.87,59.67,59.75,9799434
2023-12-26,59.68,60.56,59.62,60.21,6791580
2023-12-27,59.91,60.67,59.65,60.58,6787475
2023-12-28,60.12,61.10,60.12,61.02,5981881
2023-12-29,60.80,61.05,60.27,60.74,6814640
2024-01-02,60.55,62.15,60.18,61.57,10064320
2024-01-03,61.11,62.12,60.46,61.99,10306320
2024-01-04,62.17,62.76,61.73,61.80,10568090
2024-01-05,61.65,62.56,61.27,62.08,7803807
2024-01-08,61.78,63.05,61.59,62.92,7766698
2024-01-09,62.94,63.04,61.88,62.01,6921586
2024-01-10,62.02,62.73,61.90,62.28,8100055
2024-01-11,62.00,62.19,60.59,60.72,10686040
2024-01-12,61.18,61.66,60.91,61.04,7796869
2024-01-16,60.66,61.20,60.21,60.35,11633090
2024-01-17,59.46,60.01,57.80,58.27,11543140
2024-01-18,57.96,58.08,57.23,57.65,9626481
2024-01-19,57.72,57.78,56.58,57.26,12762600
2024-01-22,57.37,57.79,56.66,56.85,12979900
2024-01-23,57.28,57.51,56.89,57.38,16080950
2024-01-24,58.10,58.41,56.75,57.01,14471410
2024-01-25,58.95,59.36,57.06,57.98,15702620
2024-01-26,58.33,59.02,58.22,58.48,11649980
2024-01-29,58.47,59.79,58.21,59.57,10102830
2024-01-30,59.50,59.75,58.56,59.28,7807828
2024-01-31,59.70,59.98,58.42,58.63,11124880
2024-02-01,58.39,59.83,58.01,59.75,8687613
2024-02-02,58.89,59.03,57.98,58.15,14952860
2024-02-05,57.37,57.43,55.88,55.97,14293580
2024-02-06,56.00,56.58,55.51,56.23,10306850
2024-02-07,56.32,56.66,55.63,56.38,7761335
2024-02-08,56.42,56.42,55.38,56.29,8143193
2024-02-09,55.98,56.63,55.72,56.58,8003540
2024-02-12,56.59,57.63,56.50,57.55,9622014
2024-02-13,56.88,57.14,54.66,55.25,12759750
2024-02-14,55.39,56.06,55.09,56.01,8831274
2024-02-15,56.30,57.66,56.22,57.27,9880017
2024-02-16,56.86,57.42,56.33,57.03,9943508
2024-02-20,56.74,57.31,56.05,56.61,13014550
2024-02-21,57.02,57.34,56.64,57.10,9322699
2024-02-22,56.79,57.08,56.32,56.67,10425980
2024-02-23,56.80,57.46,56.51,56.78,10563930
2024-02-26,55.90,55.93,54.86,55.15,12753830
2024-02-27,55.44,55.98,54.79,55.56,12421770
2024-02-28,55.35,55.72,54.71,55.04,13240400
2024-02-29,55.49,55.86,54.96,55.19,19993610
2024-03-01,55.26,55.62,54.28,55.21,15398190
2024-03-04,54.78,55.07,53.95,54.97,11674600
2024-03-05,55.00,56.51,54.95,55.40,16026130
2024-03-06,55.98,56.91,55.26,55.53,11074910
2024-03-07,56.08,56.47,55.53,56.25,10227280
2024-03-08,56.72,58.16,56.31,57.81,12735610
2024-03-11,57.57,58.14,56.89,57.87,9681500
2024-03-12,57.67,58.00,56.55,57.15,9634415
2024-03-13,59.00,60.37,58.95,59.54,17495260
2024-03-14,59.20,60.24,59.11,59.54,16996070
2024-03-15,59.20,60.13,58.88,60.08,32424620
2024-03-18,60.08,61.13,59.44,60.17,17073650
2024-03-19,60.38,61.38,60.26,61.27,11433880
2024-03-20,61.45,62.41,61.36,62.20,14564500
2024-03-21,62.20,63.38,61.29,61.36,18090250
2024-03-22,62.22,62.49,61.72,61.78,10046340
2024-03-25,62.00,62.64,61.41,62.61,11423470
2024-03-26,62.62,62.91,61.30,61.43,13829570
2024-03-27,62.16,63.85,62.02,63.79,13409040
2024-03-28,63.67,64.26,63.39,63.91,12830840
2024-04-01,63.91,64.05,62.76,63.38,13175190
2024-04-02,63.27,63.34,62.36,62.88,9905331
2024-04-03,62.69,62.99,61.85,62.55,10551440
2024-04-04,63.35,63.98,62.97,63.73,10690080
2024-04-05,63.05,64.36,62.90,64.18,10278090
2024-04-08,64.15,64.92,63.93,64.86,8054868
2024-04-09,65.15,65.86,64.79,65.38,9188529
2024-04-10,63.50,64.24,63.00,64.01,10783390
2024-04-11,64.63,64.79,63.31,63.94,12145600
2024-04-12,64.12,64.31,62.95,63.08,9039494
2024-04-15,63.53,64.33,62.30,62.75,11147110
2024-04-16,62.49,62.58,61.31,61.70,11594120
2024-04-17,62.24,63.92,61.92,63.79,15653740
2024-04-18,63.85,64.39,63.13,64.01,10134980
2024-04-19,64.22,64.90,63.65,64.30,13419420
2024-04-22,64.59,65.48,63.92,65.31,14747200
2024-04-23,65.24,67.17,65.10,66.20,14349200
2024-04-24,65.91,67.10,65.22,66.56,12149630
2024-04-25,66.00,67.12,65.51,66.90,11418540
2024-04-26,67.22,67.30,65.75,65.99,9982762
2024-04-29,67.02,67.91,66.96,67.42,9911004
2024-04-30,66.90,67.48,66.27,66.97,10042560
2024-05-01,66.87,68.86,66.74,68.61,13993000
2024-05-02,68.88,69.02,67.67,68.85,10815920
2024-05-03,69.89,70.28,69.31,70.14,12687500
2024-05-06,70.36,71.30,70.26,71.25,14042120
2024-05-07,71.69,72.04,71.31,71.95,13621060
2024-05-08,71.70,72.89,71.48,72.85,9914979
2024-05-09,73.00,74.73,72.58,74.58,16627900
2024-05-10,74.87,75.21,73.65,73.79,12046750
2024-05-13,74.14,74.67,73.59,74.58,7685511
2024-05-14,74.94,75.61,74.66,75.42,8176616
2024-05-15,75.97,77.19,75.97,77.05,12470580
2024-05-16,77.06,77.41,76.06,76.41,10414250
2024-05-17,76.35,76.55,75.54,76.09,9490319
2024-05-20,75.99,76.19,75.57,75.87,7179699
2024-05-21,75.87,76.96,75.45,76.95,6420057
2024-05-22,76.41,77.18,76.16,76.32,8773558
2024-05-23,75.96,75.96,74.62,75.32,9097766
2024-05-24,75.42,77.10,75.26,76.61,7601101
2024-05-28,76.62,78.25,76.33,77.53,11987000
2024-05-29,76.77,76.90,76.16,76.68,6896342
2024-05-30,76.87,78.26,76.61,78.19,21764690
2024-05-31,78.29,80.47,78.13,80.02,16196030
2024-06-03,79.50,79.75,77.52,77.71,15410520
2024-06-04,77.61,77.79,76.53,77.15,8484305
2024-06-05,77.05,77.33,76.60,77.05,9264742
2024-06-06,76.94,77.77,76.63,76.70,6550584
2024-06-07,75.56,77.00,75.01,75.39,10059490
2024-06-10,75.47,77.06,74.85,76.97,11218860
2024-06-11,75.30,75.32,71.55,72.74,22781520
2024-06-12,73.79,73.95,71.40,72.26,13930470
2024-06-13,72.56,73.72,72.36,73.18,10023180
2024-06-14,72.76,73.54,72.38,73.06,6568564
2024-06-17,72.73,73.40,72.19,72.31,8445308
2024-06-18,69.10,70.59,68.97,70.44,29169780
2024-06-20,71.00,72.89,70.78,72.46,14857200
2024-06-21,73.36,73.69,72.07,72.81,19465800
2024-06-24,72.50,74.26,72.25,73.85,12063920
2024-06-25,73.57,73.74,72.39,72.98,11011770
2024-06-26,72.80,73.61,71.92,73.37,11481520
2024-06-27,73.62,74.39,73.23,73.72,9824715
2024-06-28,73.21,73.31,69.86,70.81,23935560
2024-07-01,71.46,71.63,69.54,69.90,11036450
2024-07-02,70.00,70.59,69.38,70.47,9415185
2024-07-03,70.92,71.91,70.55,71.83,4487233
2024-07-05,72.00,72.35,71.64,72.09,7689004
2024-07-08,72.15,72.58,71.74,72.11,5368723
2024-07-09,72.06,72.99,71.68,72.12,6220183
2024-07-10,72.26,73.13,71.68,72.90,6741131
2024-07-11,73.50,75.21,73.46,74.70,12189470
2024-07-12,75.00,76.70,74.77,76.00,11099390
2024-07-15,74.17,74.40,70.76,70.97,19575360
2024-07-16,71.54,72.29,70.85,71.90,10551760
2024-07-17,71.75,72.25,70.48,70.90,11878860
2024-07-18,71.00,72.36,70.82,71.67,10212370
2024-07-19,71.92,72.36,71.44,72.00,7752092
2024-07-22,72.95,74.15,72.76,72.90,9034733
2024-07-23,72.43,73.02,71.91,72.11,7027548
2024-07-24,72.73,75.75,72.29,75.41,17813680
2024-07-25,75.19,75.67,73.30,73.44,13934190
2024-07-26,74.23,74.99,73.52,74.26,7076174
2024-07-29,74.46,74.67,73.56,74.34,5977542
2024-07-30,74.53,74.53,73.20,74.28,8505519
2024-07-31,74.87,76.88,74.69,76.39,15618060
2024-08-01,76.32,78.42,75.90,78.39,11136570
2024-08-02,79.36,80.56,77.82,79.20,14513110
2024-08-05,78.55,79.00,76.48,76.68,11877570
2024-08-06,76.85,78.40,76.67,76.97,9050972
2024-08-07,77.72,78.76,77.29,77.56,8193227
2024-08-08,77.12,78.23,76.60,77.54,6935882
2024-08-09,77.50,78.03,76.35,77.46,5041288
2024-08-12,77.33,77.61,76.89,77.58,5955633
2024-08-13,78.35,78.50,77.53,78.12,5108864
2024-08-14,78.00,78.58,77.10,78.01,4620863
2024-08-15,77.54,77.81,77.13,77.41,5946540
2024-08-16,77.52,78.79,77.24,78.57,6344213
2024-08-19,78.57,79.57,78.43,79.35,5616992
2024-08-20,79.35,79.79,78.96,78.98,5967470
2024-08-21,79.17,79.99,79.13,79.64,5125298
2024-08-22,79.68,79.94,78.46,78.92,8006561
2024-08-23,79.46,80.32,79.16,79.66,5052935
2024-08-26,80.00,81.07,79.96,80.64,5378679
2024-08-27,80.36,80.64,79.58,79.61,5086035
2024-08-28,79.73,80.13,79.19,79.41,5462405
2024-08-29,79.53,80.18,78.70,80.03,5179197
2024-08-30,79.59,80.73,79.47,80.51,6808205
2024-09-03,80.77,81.18,79.63,79.93,9883868
2024-09-04,80.41,81.54,80.32,81.08,7517703
2024-09-05,81.96,82.14,80.23,80.33,8494898
2024-09-06,80.86,81.19,79.81,79.98,8181470
2024-09-09,80.11,81.24,79.26,81.19,6917950
2024-09-10,81.47,82.39,81.05,82.30,9588045
2024-09-11,82.70,83.56,81.73,83.43,10216520
2024-09-12,83.43,83.97,82.71,83.46,7857125
2024-09-13,83.90,84.73,83.50,84.65,6734402
2024-09-16,85.09,85.56,84.36,84.64,8791397
2024-09-17,84.79,85.00,84.17,84.97,7415059
2024-09-18,84.49,84.99,83.51,84.28,9286154
2024-09-19,83.63,83.80,81.47,82.29,13965220
2024-09-20,82.25,83.75,82.05,82.76,26032280
2024-09-23,83.66,84.94,82.94,84.82,7915992
2024-09-24,84.20,85.27,83.92,84.29,8205325
2024-09-25,84.61,85.21,83.85,84.62,8354739
2024-09-26,84.25,84.60,83.24,83.46,8462456
2024-09-27,83.77,84.84,83.76,84.54,8200940
2024-09-30,84.50,84.95,84.01,84.53,13884710
2024-10-01,84.11,85.75,83.82,85.27,9112611
2024-10-02,84.77,85.59,84.49,85.43,8403754
2024-10-03,85.65,86.10,84.75,85.05,7031487
2024-10-04,83.48,84.08,83.01,83.85,8341913
2024-10-07,83.55,83.55,80.19,80.29,11971570
2024-10-08,80.78,81.81,80.49,80.50,10098330
2024-10-09,79.66,81.10,79.66,80.58,10102450
2024-10-10,81.00,82.56,80.82,80.94,7928446
2024-10-11,80.98,81.88,80.39,81.86,7057095
2024-10-14,81.90,83.19,81.61,82.91,5814827
2024-10-15,83.00,84.05,82.67,82.79,15825030
2024-10-16,83.08,84.64,82.72,84.39,8061561
2024-10-17,84.30,84.63,83.69,83.78,6153217
2024-10-18,83.92,84.41,83.55,84.38,8595305
2024-10-21,84.76,84.96,83.66,84.03,7053832
2024-10-22,83.20,84.23,83.14,83.70,8358531
2024-10-23,84.59,86.00,83.00,84.96,10825060
2024-10-24,84.00,84.55,82.50,82.81,9705333
2024-10-25,82.90,83.13,81.29,81.43,6581101
2024-10-28,82.04,83.84,81.61,82.87,8679617
2024-10-29,79.95,80.70,79.47,79.56,19232880
2024-10-30,79.75,79.89,78.89,79.09,11650480
2024-10-31,78.39,79.85,78.14,79.25,13034690
2024-11-01,79.39,79.45,76.97,77.35,14615300
2024-11-04,77.35,78.82,77.10,78.37,11759140
2024-11-05,77.77,78.78,76.97,78.65,9051659
2024-11-06,74.30,74.98,72.69,74.52,28637810
2024-11-07,73.61,75.09,73.57,74.62,16311250
2024-11-08,74.98,77.19,74.68,76.97,14657140
2024-11-11,76.98,77.15,75.74,75.91,10275680
2024-11-12,75.61,75.80,73.62,74.26,12569790
2024-11-13,74.63,75.03,73.92,74.24,12451790
2024-11-14,73.88,76.18,73.65,75.28,13780490
2024-11-15,75.45,76.69,75.29,76.35,12930530
2024-11-18,76.30,76.67,75.31,76.39,9044451
2024-11-19,76.31,77.32,75.72,77.08,7942453
2024-11-20,77.19,77.50,76.36,76.88,7065237
2024-11-21,76.79,77.51,76.36,77.36,8908942
2024-11-22,77.23,77.54,75.76,76.00,8165408
2024-11-25,76.73,77.10,75.83,76.64,20803130
2024-11-26,77.00,77.78,76.47,77.49,10563820
2024-11-27,78.13,79.38,77.86,78.52,8689888
2024-11-29,78.58,78.99,78.32,78.67,6186543
2024-12-02,78.92,79.05,76.89,77.07,11361510
2024-12-03,77.07,77.57,76.23,76.29,9806907
2024-12-04,76.00,76.02,75.10,75.74,8310426
2024-12-05,75.64,76.54,75.42,76.20,6487534
2024-12-06,76.19,76.50,74.92,75.24,7079516
2024-12-09,75.50,75.63,74.56,74.70,9269802
2024-12-10,74.50,74.52,73.35,74.14,8619649
2024-12-11,74.20,74.55,73.58,73.98,7472931
2024-12-12,73.84,74.08,73.09,73.22,6969872
2024-12-13,73.05,73.75,72.94,73.62,7671173
2024-12-16,73.70,74.22,72.76,72.79,9767445
2024-12-17,72.31,72.60,71.80,72.27,7723138
2024-12-18,71.96,72.53,70.43,70.52,12495980
2024-12-19,70.52,71.00,69.71,69.77,13731900
2024-12-20,69.58,71.98,69.32,71.67,27547620
2024-12-23,71.34,72.53,71.25,72.49,7509001
2024-12-24,72.42,72.91,72.03,72.91,3001825
2024-12-26,72.48,72.90,72.27,72.37,4505047
2024-12-27,71.90,72.43,71.68,72.11,5458151
2024-12-30,71.68,71.91,70.98,71.76,8398953
2024-12-31,71.86,72.41,71.40,71.69,6216657
2025-01-02,72.47,72.62,71.29,71.61,5344988
2025-01-03,71.92,72.68,71.59,71.99,5089044
2025-01-06,71.80,71.94,70.84,71.24,7025967
2025-01-07,71.46,71.90,70.06,70.43,8975403
2025-01-08,70.02,70.70,69.46,70.66,7930615
2025-01-10,69.99,70.07,67.07,67.38,16261770
2025-01-13,67.22,67.36,65.89,66.96,17056590
2025-01-14,66.98,68.01,66.88,67.98,10699320
2025-01-15,69.27,70.04,69.01,69.29,12416460
2025-01-16,68.96,71.42,68.89,71.37,11469450
2025-01-17,71.09,71.84,70.74,70.76,12664620
2025-01-21,71.36,71.88,70.78,70.85,12153830
2025-01-22,70.56,70.56,68.34,68.49,14415160
2025-01-23,68.85,69.35,68.27,69.23,10780080
2025-01-24,68.10,74.05,68.00,72.83,24588510
2025-01-27,73.30,73.92,70.64,73.83,19128900
2025-01-28,72.33,72.88,69.92,70.54,16630490
2025-01-29,70.75,71.52,70.61,70.89,9496652
2025-01-30,71.99,72.00,70.79,71.30,8639210
2025-01-31,71.51,71.73,70.93,71.56,10709600
2025-02-03,70.50,71.79,70.19,71.05,9128746
2025-02-04,70.25,70.85,69.62,69.90,10574730
2025-02-05,70.75,70.79,69.14,69.20,9026138
2025-02-06,69.40,69.62,68.26,69.27,9145309
2025-02-07,69.14,69.39,68.20,68.27,9320375
2025-02-10,68.34,69.74,68.09,69.70,9121312
2025-02-11,69.41,70.38,68.71,70.33,7020144
2025-02-12,69.31,70.19,68.98,69.28,8574359
2025-02-13,69.42,69.66,68.56,68.60,15172980
2025-02-14,68.60,69.02,67.88,68.06,14184620
2025-02-18,68.00,68.55,67.53,68.50,12090910
2025-02-19,68.54,69.51,68.41,69.06,8843351
2025-02-20,69.08,70.44,68.82,70.14,9340542
2025-02-21,70.14,71.97,70.01,71.58,16742520
2025-02-24,71.30,71.46,69.92,70.80,11971110
2025-02-25,71.20,71.70,70.68,71.28,14063440
2025-02-26,71.19,71.64,70.51,71.01,8010527
2025-02-27,70.57,70.91,69.31,69.38,9379812
2025-02-28,69.59,70.22,69.28,70.17,11247970
2025-03-03,70.05,71.70,70.00,71.62,9492200
2025-03-04,71.96,73.08,70.76,70.85,17869690
2025-03-05,70.53,70.89,69.39,70.48,7722573
2025-03-06,70.02,70.11,69.02,70.01,7482322
2025-03-07,70.18,73.12,70.06,72.83,13469720
2025-03-10,73.00,76.29,72.48,76.16,25263690
2025-03-11,75.90,76.26,73.20,74.03,14836830
2025-03-12,73.00,73.38,71.78,72.92,12110930
2025-03-13,73.20,73.55,72.05,72.73,11253000
2025-03-14,72.78,73.68,72.33,73.55,8699712
2025-03-17,73.43,73.43,71.07,72.11,14953960
2025-03-18,72.20,72.20,70.27,70.70,15212060
2025-03-19,71.02,71.18,70.00,70.50,9457390
2025-03-20,71.04,72.09,70.59,71.15,11816010
2025-03-21,71.02,71.96,70.17,70.88,15782000
2025-03-24,70.95,71.79,69.91,70.07,12385400
2025-03-25,70.48,70.48,68.42,68.59,12618830
2025-03-26,68.77,69.84,68.68,69.73,9156026
2025-03-27,69.76,71.02,69.61,70.03,8748755
2025-03-28,70.44,70.97,70.17,70.45,7846856
2025-03-31,70.71,71.75,70.62,70.89,13347210
2025-04-01,71.00,71.57,70.52,70.92,8715835
2025-04-02,71.09,71.29,70.13,70.48,8480094
2025-04-03,71.67,72.96,71.37,72.14,13652660
2025-04-04,72.79,73.42,66.86,66.91,20993500
2025-04-07,65.50,67.27,63.93,65.06,19494900
2025-04-08,66.43,66.58,63.20,64.11,14232560
2025-04-09,63.38,67.79,61.72,67.58,23207760
2025-04-10,66.80,67.50,65.24,66.72,12801860
2025-04-11,66.45,66.99,64.60,65.81,14856880
2025-04-14,66.48,68.12,65.96,67.69,11588860
2025-04-15,67.86,68.44,67.53,67.66,7851961
2025-04-16,67.95,68.05,65.30,65.64,11356130
2025-04-17,66.04,67.34,65.97,66.31,11212550
2025-04-21,65.82,66.06,63.64,64.68,11568660
2025-04-22,65.45,66.80,65.35,66.64,14352020
2025-04-23,67.55,69.10,66.99,67.27,19476240
2025-04-24,67.04,67.20,65.24,66.35,13724660
2025-04-25,66.66,66.87,65.36,66.09,9640220
2025-04-28,66.16,66.34,65.28,66.19,7123541
2025-04-29,66.05,67.39,65.72,67.25,8891809
2025-04-30,67.01,67.21,65.46,66.88,13763460
2025-05-01,67.49,67.63,65.94,66.05,11487950
2025-05-02,66.10,67.37,65.99,67.09,13333450
2025-05-05,67.00,67.03,65.88,66.10,7118165
2025-05-06,65.81,66.89,65.35,66.54,7943024
2025-05-07,66.26,67.98,65.97,67.36,9961743
2025-05-08,67.27,69.38,66.91,68.32,13030110
2025-05-09,68.68,70.49,68.45,70.31,17326220
2025-05-12,70.91,70.99,68.70,69.69,18943810
2025-05-13,70.07,72.48,69.96,72.11,22962510
2025-05-14,71.80,72.44,70.75,72.19,15238940
2025-05-15,73.00,74.83,72.45,74.55,17789930
2025-05-16,74.55,75.00,73.71,75.00,12829840
2025-05-19,74.22,74.25,73.16,73.86,14438390
2025-05-20,74.00,75.21,73.83,74.41,8046695
2025-05-21,74.07,74.34,71.36,71.54,16133070
2025-05-22,68.90,69.00,63.88,66.94,40207600
2025-05-23,67.01,67.95,65.97,67.76,17161110
2025-05-27,67.75,68.37,67.47,68.04,10910710
2025-05-28,67.89,68.15,66.83,67.21,7835739
2025-05-29,66.77,69.10,66.77,68.99,11571350
2025-05-30,68.80,70.69,68.50,70.64,18802730
2025-06-02,69.75,70.20,69.04,70.15,9366900
2025-06-03,70.30,71.08,69.86,70.95,11014330
2025-06-04,71.15,71.15,69.79,69.88,10894930
2025-06-05,70.30,72.00,69.75,71.50,10968310
2025-06-06,71.62,72.28,71.47,72.16,9286003
2025-06-09,72.23,72.45,71.32,71.90,7062809
2025-06-10,72.30,73.06,71.93,72.81,9887954
2025-06-11,72.83,73.48,72.56,73.00,12000200
2025-06-12,73.42,74.43,73.26,73.84,11022450
2025-06-13,73.79,75.25,73.39,74.78,13213700
2025-06-16,75.20,75.30,72.56,73.78,14545960
2025-06-17,73.33,73.62,70.45,71.86,12971300
2025-06-18,71.97,72.44,71.38,71.57,7203391
2025-06-20,71.87,72.56,71.50,71.53,15182940
2025-06-23,71.79,72.32,70.13,70.73,8671288
2025-06-24,71.02,71.61,70.68,71.40,9001465
2025-06-25,70.64,71.13,70.14,70.34,12839260
2025-06-26,70.40,71.20,70.29,70.99,8011224
2025-06-27,71.50,71.81,70.35,70.89,14275020
2025-06-30,67.83,69.68,67.20,69.42,20894540
2025-07-01,69.57,73.15,67.54,73.06,23841120
2025-07-02,72.78,73.75,72.58,73.02,11240500
2025-07-03,73.00,75.05,72.47,73.88,8560920
2025-07-07,73.70,74.86,73.50,74.75,11368300
2025-07-08,72.86,73.40,71.26,72.46,19550840
2025-07-09,72.87,73.89,72.67,73.65,8818666
2025-07-10,73.30,74.84,73.00,74.64,6956315
2025-07-11,73.85,74.44,73.48,74.40,8094493
2025-07-14,74.40,75.83,74.17,75.04,10420520
2025-07-15,75.34,75.54,74.19,74.70,8880120
2025-07-16,75.06,75.31,74.26,74.77,8906275
2025-07-17,74.51,75.47,74.37,75.18,7174822
2025-07-18,75.25,76.35,74.97,75.95,7986274
2025-07-21,76.34,77.09,75.96,76.17,8349922
2025-07-22,76.35,77.59,76.35,77.54,9032595
2025-07-23,77.50,78.46,72.07,72.82,21219490
2025-07-24,72.93,72.97,71.34,71.97,11166120
2025-07-25,72.10,72.72,71.08,71.85,8074767
2025-07-28,71.90,72.30,70.97,71.34,8157246
2025-07-29,71.64,72.28,71.05,71.95,7588460
2025-07-30,71.90,72.01,70.93,70.99,6940339
2025-07-31,70.41,71.22,69.69,71.06,8845220
2025-08-01,71.43,71.79,70.34,70.40,6628715
2025-08-04,70.50,71.20,70.18,70.53,6543554
2025-08-05,70.86,71.94,70.66,71.18,7178889
2025-08-06,71.44,71.51,70.49,70.54,7720218
2025-08-07,70.67,72.66,70.67,72.58,7418564
2025-08-08,72.66,73.00,72.23,72.41,5575995
2025-08-11,72.80,73.02,71.12,72.45,8420031
2025-08-12,72.69,72.78,71.14,71.86,8671482
2025-08-13,71.90,72.31,71.20,72.30,8122597
2025-08-14,71.80,72.51,71.35,72.24,6780960
2025-08-15,72.24,76.69,71.78,75.41,23398400
2025-08-18,76.11,77.31,75.31,75.72,12568360
2025-08-19,75.80,76.58,75.45,76.51,8047317
2025-08-20,76.72,77.26,75.83,76.18,11012040
2025-08-21,76.47,77.42,75.58,76.08,8637112
2025-08-22,76.65,77.09,75.42,76.32,13129290
2025-08-25,75.81,76.20,75.11,75.32,6338079
2025-08-26,75.44,75.75,74.43,74.84,7162661
2025-08-27,74.91,75.01,73.40,73.89,10119020
2025-08-28,73.26,73.48,71.90,72.09,10917220
2025-08-29,72.40,72.83,71.82,72.05,11280520
2025-09-02,72.27,72.66,71.49,72.65,8661508
2025-09-03,72.12,72.63,71.36,71.63,7722299
2025-09-04,72.05,72.50,70.16,70.87,14596840
2025-09-05,71.25,71.73,70.25,70.90,10067580
2025-09-08,70.83,70.84,69.24,69.77,12596530
2025-09-09,69.66,70.31,69.54,70.07,7294486
2025-09-10,70.00,71.33,69.62,71.04,9254413
2025-09-11,70.97,71.44,70.51,71.32,7418268
2025-09-12,71.15,72.49,70.81,71.64,9345589
2025-09-15,71.58,72.20,71.30,71.50,10399060
2025-09-16,71.29,71.54,69.77,69.83,7930212
2025-09-17,70.28,71.01,70.10,70.31,10799590
2025-09-18,70.00,71.09,69.37,70.79,8488453
2025-09-19,70.98,71.40,70.37,71.08,14819310
2025-09-22,71.40,72.54,71.27,72.35,9856721
2025-09-23,72.10,72.62,71.72,72.32,7795855
2025-09-24,72.19,73.88,72.05,73.83,11281750
2025-09-25,74.06,74.91,73.59,74.65,12916530
2025-09-26,74.73,75.86,74.63,75.85,8271468
2025-09-29,75.68,76.29,75.27,76.21,10365970
2025-09-30,76.46,76.70,75.12,75.49,9392710
2025-10-01,76.33,78.70,76.22,78.67,15044770
2025-10-02,78.64,78.89,77.53,78.18,9266552
2025-10-03,78.45,81.36,77.65,80.06,12116580
2025-10-06,80.14,82.36,80.14,82.11,15767640
2025-10-07,83.13,84.61,82.41,83.21,16109690
2025-10-08,83.70,84.39,82.87,84.04,13775570
2025-10-09,84.46,84.82,83.45,83.71,7486115
2025-10-10,83.90,84.83,83.19,83.35,10285600
2025-10-13,83.12,85.03,83.01,84.30,8424314
2025-10-14,84.17,84.84,83.43,84.64,8912866
2025-10-15,85.07,86.49,84.83,85.79,9268628
2025-10-16,86.22,86.74,84.97,85.05,8333744
2025-10-17,85.45,85.82,84.17,84.53,9142163
2025-10-20,85.19,85.34,84.31,84.77,5225666
2025-10-21,85.00,85.11,83.03,83.99,7282198
2025-10-22,84.07,84.22,82.47,82.84,9208885
2025-10-23,83.89,83.89,82.57,83.25,5630797
2025-10-24,83.58,84.78,83.36,84.41,6249998
2025-10-27,83.98,87.29,83.79,86.03,18741040
2025-10-28,87.52,87.53,82.91,83.57,13998070
2025-10-29,83.30,83.79,81.05,81.76,11681470
2025-10-30,81.81,82.58,81.44,81.64,7620145
2025-10-31,81.34,82.03,80.86,81.40,9407303
2025-11-03,81.30,82.09,80.60,81.78,8508152
2025-11-04,81.78,82.20,80.80,81.69,6474545
2025-11-05,81.42,82.63,81.11,82.14,7290988
2025-11-06,82.12,82.97,81.99,82.00,6212724
2025-11-07,81.91,84.00,81.62,83.93,9167105
2025-11-10,84.18,85.47,83.69,84.77,11701680
2025-11-11,84.69,85.83,84.55,85.76,11733860
2025-11-12,85.43,86.25,85.01,85.89,7604779
2025-11-13,85.78,85.93,83.93,83.99,11859270
2025-11-14,83.51,84.49,82.53,83.88,8352489
2025-11-17,83.69,85.77,83.69,85.75,11607950
2025-11-18,86.12,86.69,84.62,84.64,11061210
2025-11-19,85.12,85.34,83.92,84.27,11138730
2025-11-20,84.79,86.49,84.20,84.30,10966990
2025-11-21,84.18,84.67,81.64,83.48,13930130
2025-11-24,83.77,84.79,83.01,84.23,13291480
2025-11-25,84.69,85.34,84.18,84.83,7916846
2025-11-26,85.25,85.69,84.69,85.54,6550698
2025-11-28,85.44,86.47,85.15,86.29,4123323
2025-12-01,85.59,85.67,84.39,84.65,7987007
2025-12-02,84.91,85.28,84.25,84.58,7086954
2025-12-03,84.66,85.97,84.50,84.95,9615114
2025-12-04,84.52,84.81,82.74,83.39,12489640
2025-12-05,83.51,84.19,83.06,83.13,8194564
2025-12-08,83.14,83.16,80.41,80.55,18136590
2025-12-09,80.80,81.14,79.50,79.64,13760420
2025-12-10,80.05,81.92,79.64,81.27,13341140
2025-12-11,81.25,82.41,81.06,81.21,9494052
2025-12-12,81.84,82.27,81.33,81.65,7783135
2025-12-15,82.01,82.24,80.53,81.65,9489842
2025-12-16,81.64,81.85,80.19,81.32,6616573
2025-12-17,80.97,81.31,79.65,80.29,10212040
2025-12-18,80.40,81.17,80.00,80.85,9201309
2025-12-19,80.57,81.14,79.53,79.54,30492280
2025-12-22,79.02,80.18,78.72,80.04,7136210
2025-12-23,80.03,80.70,79.75,79.79,7874966
2025-12-24,80.14,80.47,79.69,80.45,3011338
2025-12-26,80.48,80.64,80.05,80.41,3636427
2025-12-29,80.42,81.25,80.22,80.27,5854642
2025-12-30,80.20,80.67,80.15,80.53,4075907
2025-12-31,80.69,80.69,80.20,80.28,5036195
2026-01-02,80.45,81.02,79.58,80.93,8852857
2026-01-05,81.16,81.34,79.25,81.32,8301902
2026-01-06,81.25,81.59,80.50,81.05,7254482
2026-01-07,80.67,80.79,78.36,78.37,9859907
2026-01-08,78.45,79.96,78.38,79.49,8696735
2026-01-09,80.20,80.92,79.87,79.89,5842230
2026-01-12,79.84,81.15,79.52,81.12,11088090
2026-01-13,81.16,81.93,80.42,81.64,8542992
2026-01-14,80.94,82.63,80.94,81.98,10282420
2026-01-15,81.98,82.67,81.54,82.19,7419269
2026-01-16,83.00,84.05,82.14,83.63,12874870
2026-01-20,83.01,83.93,82.52,83.51,10054790
2026-01-21,84.04,84.39,83.20,83.85,8296598
2026-01-22,84.58,85.51,83.67,85.07,9802319
2026-01-23,85.25,85.25,84.20,84.81,13302140
2026-01-26,85.27,86.28,84.84,85.47,10990610
2026-01-27,84.50,88.96,83.80,87.15,15472300
2026-01-28,87.72,88.62,87.06,87.57,8200027
2026-01-29,88.58,89.19,87.64,88.18,11202430
2026-01-30,87.90,88.29,86.16,87.90,10205300
2026-02-02,88.14,88.75,86.32,86.33,9423138
2026-02-03,86.68,88.89,86.68,88.82,9600167
2026-02-04,89.73,90.69,88.96,89.97,12182750
2026-02-05,90.00,90.49,88.09,89.21,9799393
2026-02-06,90.53,90.99,88.39,89.47,8225154
2026-02-09,89.34,89.78,88.75,89.48,6529158
2026-02-10,89.73,91.96,89.27,90.83,7213672
2026-02-11,91.36,91.59,90.46,91.36,7304978
2026-02-12,91.38,93.58,91.23,91.93,9181583
2026-02-13,91.52,94.94,91.08,93.80,10402770
2026-02-17,94.91,95.56,92.28,92.71,9455448
2026-02-18,93.00,93.01,90.59,91.22,9064757
2026-02-19,91.06,92.17,91.03,91.64,8483548
2026-02-20,92.19,92.45,91.31,92.18,7175568
2026-02-23,92.94,94.19,92.59,94.06,8433555
2026-02-24,94.40,95.83,93.92,95.68,11597580
2026-02-25,95.69,95.91,93.81,95.11,9025534
2026-02-26,94.62,95.00,91.85,91.99,20015710
2026-02-27,90.90,94.14,90.65,93.77,25138540
2026-03-02,93.40,93.65,91.75,92.71,10147780
2026-03-03,91.35,93.10,90.33,92.59,11307700
2026-03-04,92.56,93.10,91.63,92.60,9384334
2026-03-05,92.30,92.38,89.90,91.13,12093630
2026-03-06,90.55,91.63,90.01,91.02,9745149
2026-03-09,90.27,92.19,89.65,92.01,9563640
2026-03-10,91.71,92.14,91.06,91.54,7485901
2026-03-11,91.54,92.46,91.10,91.66,9735768
2026-03-12,91.20,92.73,90.81,91.73,8730027
2026-03-13,92.73,93.90,92.31,92.78,7504416
2026-03-16,93.90,94.44,92.24,92.82,8466066
2026-03-17,93.58,93.71,92.27,92.53,5496623
2026-03-18,92.26,92.53,90.61,90.96,7053722
2026-03-19,90.65,92.45,90.30,92.41,10538410
2026-03-20,92.74,94.21,89.17,89.50,21860770
2026-03-23,91.04,91.41,90.15,90.23,10284310
2026-03-24,90.29,92.50,90.05,91.62,8807996
2026-03-25,92.41,92.57,91.07,91.16,8639930
2026-03-26,91.70,92.00,90.56,91.16,6537755
2026-03-27,91.22,92.22,90.70,91.40,7749634
2026-03-30,92.71,92.97,91.50,92.05,9362133
2026-03-31,92.26,92.98,91.36,92.88,13914180
2026-04-01,92.73,93.86,92.24,92.85,7759367
2026-04-02,93.04,94.28,92.74,93.15,10419040
2026-04-06,92.92,93.66,92.53,92.73,4790083
2026-04-07,92.87,93.67,92.16,93.67,6125410
2026-04-08,93.08,94.33,92.02,94.17,6935422
2026-04-09,94.00,96.20,93.97,94.48,7349008
2026-04-10,94.35,94.82,93.92,94.08,5323075
2026-04-13,93.85,94.04,91.93,92.30,6111535
2026-04-14,91.69,91.86,90.58,91.31,9370599
2026-04-15,90.17,91.29,89.98,91.24,9144766
2026-04-16,90.80,91.86,90.57,91.83,7734270
2026-04-17,91.06,92.02,90.46,91.98,8148844
2026-04-20,92.08,93.08,91.57,92.01,7734786
2026-04-21,92.50,92.59,90.56,90.60,8625831
2026-04-22,91.36,92.18,89.90,90.00,9477067
2026-04-23,92.60,96.70,92.32,96.25,17524920
2026-04-24,97.24,97.63,95.14,95.28,9761924
2026-04-27,95.86,96.90,94.77,94.83,7773758
2026-04-28,95.87,96.61,95.15,96.51,7245137
2026-04-29,96.58,97.00,93.66,94.17,9091705
2026-04-30,94.58,98.03,94.44,97.88,17551230
2026-05-01,98.00,98.75,96.67,96.95,7106181
2026-05-04,96.07,96.83,94.98,95.51,6806639
2026-05-05,95.93,97.06,95.30,96.28,7187410
2026-05-06,96.13,96.71,95.02,95.39,8242924
2026-05-07,94.32,94.85,92.72,93.32,9681769
2026-05-08,93.88,94.37,92.58,93.10,6230102
2026-05-11,94.00,95.80,94.00,94.84,7233830
2026-05-12,94.70,95.08,93.59,94.59,6922362
2026-05-13,94.10,95.39,93.32,94.85,6775662
2026-05-14,94.78,95.72,94.21,95.68,5438167
2026-05-15,94.66,95.08,92.70,93.36,11418360
2026-05-18,91.11,91.60,86.63,89.04,39950600
2026-05-19,88.95,90.27,87.36,90.06,25749430
2026-05-20,90.02,90.69,88.09,88.27,15748790
2026-05-21,88.97,89.85,88.46,89.69,12490630
2026-05-22,89.71,89.84,87.95,88.55,10761460
2026-05-26,89.13,89.50,87.53,87.65,11762980
2026-05-27,87.53,88.09,86.93,87.65,10857890
2026-05-28,87.71,88.46,87.03,87.25,12970320
2026-05-29,87.02,87.21,85.69,87.01,25348420
2026-06-01,85.89,86.20,83.57,83.66,14192220
2026-06-02,84.28,85.76,84.11,85.68,11709820
2026-06-03,85.66,86.30,84.52,84.58,11902960
2026-06-04,85.04,85.91,84.27,85.68,9488877
2026-06-05,85.08,86.10,84.61,85.84,11843240
2026-06-08,85.71,86.14,83.98,84.01,9541654
2026-06-09,84.11,85.06,83.38,84.83,12217280
2026-06-10,85.29,85.33,84.51,85.12,9142879
2026-06-11,85.27,85.88,84.73,84.84,8639063
2026-06-12,85.19,86.02,84.88,85.99,9973553
2026-06-15,85.53,86.66,85.06,86.12,10284310
2026-06-16,86.25,87.39,85.87,86.23,10342640
2026-06-17,86.26,86.91,85.28,85.73,9603388
2026-06-18,85.77,87.58,85.67,86.75,19306560
2026-06-22,86.89,87.40,86.02,86.08,11538900
2026-06-23,86.00,86.83,85.66,86.43,12881700
2026-06-24,86.74,87.68,86.37,87.62,14080270
2026-06-25,87.69,88.48,86.83,87.70,13479630
2026-06-26,87.93,88.56,87.65,88.56,15654180
2026-06-29,89.00,89.19,86.95,88.66,11131260
2026-06-30,88.28,88.89,87.43,87.77,15742720
2026-07-01,88.05,88.05,86.32,86.37,9709223
2026-07-02,86.69,88.37,86.35,88.34,14283570
2026-07-06,88.18,88.52,87.16,87.44,10274120
2026-07-07,88.11,89.25,88.01,88.47,13106330
2026-07-08,88.15,88.53,87.33,87.44,13581310
2026-07-09,88.27,88.39,86.84,87.10,9389295
2026-07-10,87.13,87.97,87.07,87.96,11223200
2026-07-13,87.75,88.73,87.68,88.38,6741183
2026-07-14,89.24,89.86,88.80,89.54,10677720
2026-07-15,89.88,89.98,88.44,89.10,10258020
2026-07-16,89.20,89.99,88.73,89.35,8336637
2026-07-17,90.23,90.72,88.42,88.80,9450738
2026-07-20,88.98,89.42,87.70,88.00,8418003
2026-07-21,87.68,88.09,87.44,87.93,7096923
2026-07-22,88.59,89.74,88.34,89.41,8708235
2026-07-23,88.81,90.49,88.60,89.79,9882981
2026-07-24,90.91,90.91,88.43,89.78,11653060
2026-07-27,89.66,90.16,88.29,88.83,10181720
2026-07-28,89.39,90.99,89.11,89.28,13256440
2026-07-29,90.02,90.52,88.00,88.46,10408690
2026-07-30,88.90,89.22,86.86,87.93,11689060
2026-07-31,87.82,88.11,86.92,86.92,13184240
2026-08-03,86.75,87.38,85.71,86.55,11862340
2026-08-04,86.13,87.31,85.48,87.20,11420070
2026-08-05,86.90,87.03,84.97,85.91,11841090
2026-08-06,86.71,86.88,83.94,84.60,18596430
2026-08-07,83.89,85.36,83.49,84.65,9327417
2026-08-10,84.18,84.76,83.65,84.70,10046740
2026-08-11,84.49,85.79,84.38,85.74,6668660
2026-08-12,85.49,86.10,85.26,85.78,7473345
2026-08-13,85.75,86.24,85.46,86.01,8872098
2026-08-14,86.02,86.53,85.83,86.19,7238409
2026-08-17,85.84,86.32,85.51,86.22,9556926
2026-08-18,87.05,87.52,86.09,86.22,10956680
2026-08-19,86.54,86.83,85.58,85.91,14932760
2026-08-20,85.38,85.99,84.60,85.03,15235750
2026-08-21,85.20,85.27,83.54,83.65,11890990
2026-08-24,83.95,84.19,83.24,84.10,7670835
2026-08-25,84.01,84.55,83.30,84.22,7679838
2026-08-26,84.16,84.72,84.03,84.22,5686424
2026-08-27,83.52,83.75,82.78,83.47,8645921
2026-08-28,82.92,82.98,81.33,81.84,13956220
2026-08-31,81.08,82.60,80.75,82.34,14054470
2026-09-01,82.70,83.11,82.28,82.93,11159130
2026-09-02,82.56,83.24,82.05,83.10,12714630
2026-09-03,83.54,84.25,83.29,84.06,11540030
2026-09-04,83.70,84.12,83.23,83.43,10766160
2026-09-08,83.31,84.38,83.31,83.83,7629250
2026-09-09,83.99,84.25,82.62,82.65,8956651
2026-09-10,82.80,83.35,82.23,82.44,13595810
2026-09-11,83.20,83.28,82.22,82.31,9882956
2026-09-14,82.63,82.73,81.51,81.63,11144800
2026-09-15,81.83,82.14,80.95,81.07,11507940
