date,open,high,low,close,volume
2016-09-15,75.95,76.23,75.58,76.17,451178
2016-09-16,75.56,76.03,75.40,75.91,435218
2016-09-19,76.99,77.08,76.55,76.82,381467
2016-09-20,76.56,77.15,76.49,76.70,619165
2016-09-21,75.96,77.02,75.49,76.99,694909
2016-09-22,78.32,78.56,77.86,78.17,346384
2016-09-23,76.42,77.35,76.37,76.94,448399
2016-09-26,77.42,77.57,77.21,77.42,328442
2016-09-27,77.97,78.50,77.89,77.99,604696
2016-09-28,78.44,78.49,78.00,78.40,422938
2016-09-29,79.47,79.51,78.13,78.31,480458
2016-09-30,78.33,78.46,77.38,77.57,403169
2016-10-03,77.56,77.66,77.16,77.54,488716
2016-10-04,77.76,77.92,75.93,76.25,504116
2016-10-05,75.48,75.57,74.74,75.24,514388
2016-10-06,73.80,74.18,73.59,73.78,923973
2016-10-07,71.21,71.73,71.04,71.21,1497978
2016-10-10,70.97,71.39,70.80,71.33,1648031
2016-10-11,71.53,71.60,70.09,70.20,674055
2016-10-12,70.19,70.81,70.09,70.60,1229322
2016-10-13,70.61,71.30,70.49,70.96,1000322
2016-10-14,71.42,71.45,70.82,70.94,826194
2016-10-17,70.55,71.10,70.52,70.73,380624
2016-10-18,71.83,71.87,71.17,71.43,490752
2016-10-19,71.45,71.98,71.35,71.51,344496
2016-10-20,71.02,71.85,71.01,71.36,584263
2016-10-21,71.00,71.33,70.91,71.30,616181
2016-10-24,70.81,70.96,69.96,70.30,408824
2016-10-25,70.15,70.60,69.96,70.58,537587
2016-10-26,70.31,70.61,70.07,70.53,322796
2016-10-27,70.87,71.04,70.18,70.75,1043269
2016-10-28,70.40,70.82,70.30,70.54,318450
2016-10-31,70.75,71.57,70.63,71.37,381568
2016-11-01,71.18,71.21,70.33,70.40,367191
2016-11-02,70.33,70.36,69.46,69.58,411735
2016-11-03,69.61,70.17,69.50,69.94,378072
2016-11-04,70.39,70.53,69.59,69.60,428564
2016-11-07,69.02,69.52,68.33,69.50,778850
2016-11-08,69.14,70.16,69.14,69.93,483844
2016-11-09,68.99,69.43,68.47,68.78,552967
2016-11-10,65.41,65.88,63.35,65.55,1719795
2016-11-11,66.74,66.86,65.83,65.90,885770
2016-11-14,63.93,63.94,63.21,63.41,1287808
2016-11-15,63.67,64.32,63.46,64.21,718337
2016-11-16,63.45,63.96,63.40,63.93,1022501
2016-11-17,64.11,64.42,63.77,63.94,520187
2016-11-18,63.32,63.59,63.15,63.27,651546
2016-11-21,63.83,64.44,63.60,64.42,541405
2016-11-22,63.28,63.63,63.24,63.53,505490
2016-11-23,62.75,63.08,62.50,62.57,631518
2016-11-25,63.41,63.57,63.10,63.26,285149
2016-11-28,63.89,63.97,63.48,63.65,450417
2016-11-29,63.55,63.80,63.46,63.63,733029
2016-11-30,63.40,63.43,62.24,62.26,712573
2016-12-01,62.18,62.43,61.64,61.81,860275
2016-12-02,62.86,63.24,62.47,62.80,829868
2016-12-05,62.30,62.63,61.94,62.51,528931
2016-12-06,62.53,62.95,62.40,62.49,502043
2016-12-07,62.47,63.10,62.44,62.98,517819
2016-12-08,63.34,63.41,62.87,63.28,594390
2016-12-09,63.58,64.05,63.48,64.05,542842
2016-12-12,63.25,64.45,63.22,64.19,787859
2016-12-13,64.43,64.55,64.11,64.43,661008
2016-12-14,64.71,64.80,63.17,63.24,664764
2016-12-15,63.17,63.33,62.84,63.11,619751
2016-12-16,63.16,64.15,63.10,63.70,527119
2016-12-19,63.84,64.21,63.60,63.98,592732
2016-12-20,63.37,63.74,63.28,63.51,840722
2016-12-21,63.33,63.70,63.16,63.16,479365
2016-12-22,63.05,63.37,62.97,63.10,523373
2016-12-23,63.93,63.93,63.33,63.49,470445
2016-12-27,63.29,63.64,63.29,63.45,370024
2016-12-28,63.44,63.52,63.04,63.08,447021
2016-12-29,63.27,64.00,63.21,63.99,453574
2016-12-30,64.11,64.42,63.53,63.63,710901
2017-01-03,63.39,63.53,62.86,62.92,1707993
2017-01-04,62.60,62.97,62.54,62.84,1138164
2017-01-05,62.92,63.99,62.91,63.76,1046481
2017-01-06,63.21,63.70,63.20,63.64,1101766
2017-01-09,63.34,63.48,62.87,62.89,870928
2017-01-10,62.31,62.47,61.88,62.01,856354
2017-01-11,61.80,62.74,61.68,62.54,812271
2017-01-12,63.79,63.85,63.31,63.52,775837
2017-01-13,63.59,63.94,63.29,63.92,829514
2017-01-17,64.55,64.95,64.46,64.79,872187
2017-01-18,63.82,64.08,63.56,63.60,504024
2017-01-19,63.11,63.39,62.95,63.09,515787
2017-01-20,63.22,63.79,63.15,63.63,612974
2017-01-23,63.76,64.11,63.68,64.06,459408
2017-01-24,63.75,64.13,63.73,63.85,652460
2017-01-25,64.06,64.08,63.59,63.71,425746
2017-01-26,63.09,63.20,62.74,63.13,1830113
2017-01-27,63.28,63.38,63.08,63.14,427758
2017-01-30,62.79,63.09,62.74,62.85,667161
2017-01-31,63.31,63.92,63.24,63.79,846175
2017-02-01,63.33,63.68,62.89,63.31,796098
2017-02-02,63.15,63.40,63.07,63.31,480065
2017-02-03,63.36,63.57,63.13,63.28,402102
2017-02-06,63.52,63.62,63.34,63.43,551951
2017-02-07,63.63,64.45,63.48,64.28,677814
2017-02-08,65.40,65.82,65.08,65.29,895409
2017-02-09,66.25,66.28,65.15,65.31,895613
2017-02-10,64.99,65.41,64.99,65.32,371487
2017-02-13,65.35,65.40,65.07,65.33,539082
2017-02-14,65.59,65.61,64.85,65.18,474801
2017-02-15,64.37,65.02,64.31,65.02,473328
2017-02-16,64.91,65.42,64.91,65.39,312562
2017-02-17,65.45,65.51,64.99,65.33,399395
2017-02-21,65.39,66.16,65.28,66.13,473608
2017-02-22,66.10,66.46,65.72,66.04,429932
2017-02-23,66.22,66.69,66.20,66.49,415447
2017-02-24,66.51,66.79,66.35,66.64,401571
2017-02-27,66.21,66.62,66.02,66.39,349333
2017-02-28,66.09,66.60,66.07,66.38,371797
2017-03-01,65.32,65.84,65.27,65.47,696123
2017-03-02,65.45,66.29,65.40,66.11,432178
2017-03-03,65.14,65.84,64.91,65.71,578341
2017-03-06,65.50,65.63,65.31,65.45,281925
2017-03-07,64.87,65.49,64.85,65.36,692930
2017-03-08,64.84,65.03,64.63,64.93,579025
2017-03-09,64.94,65.38,64.94,65.08,516734
2017-03-10,65.36,65.62,65.18,65.44,813613
2017-03-13,65.48,65.84,65.39,65.63,570860
2017-03-14,65.68,65.86,65.51,65.57,260234
2017-03-15,65.45,66.28,65.32,66.02,632150
2017-03-16,66.44,66.66,66.20,66.28,548577
2017-03-17,66.35,67.43,66.29,67.13,1245402
2017-03-20,67.18,67.29,66.76,67.06,602103
2017-03-21,67.64,68.73,67.54,68.45,1318868
2017-03-22,68.28,68.68,67.93,68.52,641704
2017-03-23,68.50,69.11,68.50,68.86,1815555
2017-03-24,69.25,69.52,69.03,69.32,717292
2017-03-27,69.92,70.06,69.44,69.71,458694
2017-03-28,69.39,69.64,68.81,69.02,334747
2017-03-29,68.36,69.00,68.30,68.93,298845
2017-03-30,68.69,68.77,68.30,68.50,277314
2017-03-31,69.22,69.51,69.03,69.25,505529
2017-04-03,68.80,69.03,68.56,68.98,339040
2017-04-04,68.64,69.11,68.59,68.86,363342
2017-04-05,68.78,69.26,68.75,69.17,255394
2017-04-06,69.36,69.61,69.12,69.39,433111
2017-04-07,69.58,70.04,69.35,69.39,408463
2017-04-10,69.53,69.76,69.36,69.68,301246
2017-04-11,70.00,70.32,69.90,70.12,456708
2017-04-12,70.78,71.15,70.57,71.03,548589
2017-04-13,70.78,70.91,70.45,70.59,397377
2017-04-17,70.76,71.27,70.69,70.99,295535
2017-04-18,70.31,70.91,70.23,70.78,369877
2017-04-19,70.04,70.17,69.65,69.92,605403
2017-04-20,69.27,69.60,69.26,69.38,569608
2017-04-21,69.73,70.10,69.69,70.01,336812
2017-04-24,70.71,71.12,70.49,71.00,549092
2017-04-25,70.78,70.96,70.67,70.87,302248
2017-04-26,70.15,70.70,70.12,70.31,378548
2017-04-27,70.88,71.18,70.77,70.96,396235
2017-04-28,70.52,70.83,70.43,70.77,276621
2017-05-01,70.57,70.70,70.41,70.54,371216
2017-05-02,71.08,71.23,70.84,71.20,352060
2017-05-03,71.35,71.56,71.12,71.23,480091
2017-05-04,70.75,71.52,70.72,71.47,492763
2017-05-05,71.53,72.19,71.48,72.13,501458
2017-05-08,73.25,73.32,72.51,72.65,473436
2017-05-09,72.51,72.94,72.39,72.55,477096
2017-05-10,73.20,73.46,72.84,73.19,477140
2017-05-11,72.52,72.85,72.33,72.75,289692
2017-05-12,72.59,73.20,72.59,73.07,337827
2017-05-15,73.43,73.79,73.24,73.75,638736
2017-05-16,74.03,74.40,73.82,73.84,624597
2017-05-17,74.62,75.09,74.23,74.47,1076139
2017-05-18,74.33,74.57,73.78,74.25,585622
2017-05-19,74.33,75.24,74.22,75.21,485533
2017-05-22,69.26,69.54,68.91,69.38,468416
2017-05-23,69.81,70.33,69.74,70.19,553217
2017-05-24,70.00,70.50,69.98,70.48,486805
2017-05-25,70.63,70.76,70.41,70.68,422379
2017-05-26,70.01,70.12,69.70,69.99,690434
2017-05-30,70.39,70.42,70.02,70.31,555365
2017-05-31,68.41,68.77,68.37,68.50,547394
2017-06-01,68.07,68.35,67.90,68.32,640916
2017-06-02,67.55,67.65,67.12,67.60,1423990
2017-06-05,67.51,67.68,67.35,67.51,1065907
2017-06-06,66.89,67.05,66.70,66.74,1055790
2017-06-07,66.84,67.00,66.62,66.86,572155
2017-06-08,66.48,66.91,65.89,66.86,829620
2017-06-09,65.45,65.72,65.00,65.18,828749
2017-06-12,64.92,65.06,64.42,64.72,735080
2017-06-13,65.24,65.66,65.09,65.54,473489
2017-06-14,65.81,65.95,65.43,65.61,587532
2017-06-15,64.79,65.45,64.75,65.37,490706
2017-06-16,65.59,66.02,65.49,65.97,540286
2017-06-19,65.88,65.97,65.59,65.69,347446
2017-06-20,65.77,65.81,65.00,65.09,497141
2017-06-21,64.67,64.74,64.37,64.48,392430
2017-06-22,64.35,64.44,64.00,64.05,551833
2017-06-23,64.48,64.60,64.17,64.21,342874
2017-06-26,64.61,65.06,64.55,64.74,926962
2017-06-27,64.07,64.15,63.67,63.81,627060
2017-06-28,63.95,64.11,63.57,63.59,354358
2017-06-29,63.11,63.28,62.62,62.93,383186
2017-06-30,63.06,63.12,62.59,62.82,339427
2017-07-03,62.73,62.81,62.40,62.40,311168
2017-07-05,61.39,61.95,61.30,61.92,764204
2017-07-06,61.44,61.58,61.21,61.43,658239
2017-07-07,61.32,61.40,61.06,61.17,431709
2017-07-10,61.01,61.10,60.76,60.77,495591
2017-07-11,60.52,60.53,60.08,60.41,417516
2017-07-12,60.82,61.13,60.70,60.98,404436
2017-07-13,61.46,61.50,61.16,61.31,574135
2017-07-14,61.92,62.10,61.51,61.66,481633
2017-07-17,61.68,61.79,61.60,61.71,375827
2017-07-18,62.07,62.26,61.98,62.20,397138
2017-07-19,62.52,62.52,62.30,62.30,268292
2017-07-20,62.52,62.85,62.52,62.79,384157
2017-07-21,62.74,62.92,62.49,62.92,306714
2017-07-24,61.99,62.05,61.71,61.82,526938
2017-07-25,62.31,62.32,61.70,61.80,374571
2017-07-26,62.48,62.77,62.29,62.71,379431
2017-07-27,62.89,63.07,62.43,62.63,333433
2017-07-28,62.04,62.33,61.90,62.21,437278
2017-07-31,62.64,62.66,62.37,62.51,328667
2017-08-01,63.36,63.40,63.05,63.15,530991
2017-08-02,63.19,63.42,63.11,63.33,410867
2017-08-03,63.44,63.78,63.25,63.72,436512
2017-08-04,63.35,63.42,62.96,63.17,314202
2017-08-07,62.83,63.30,62.81,63.28,310088
2017-08-08,63.20,63.27,62.90,63.08,257711
2017-08-09,63.15,63.52,63.04,63.30,272328
2017-08-10,63.20,63.46,63.02,63.37,285741
2017-08-11,63.11,63.11,62.77,62.88,581017
2017-08-14,63.21,63.55,63.11,63.38,306040
2017-08-15,63.08,63.33,62.89,63.25,287493
2017-08-16,62.87,63.23,62.82,63.18,782875
2017-08-17,63.22,63.28,62.83,62.84,340864
2017-08-18,62.79,62.97,62.56,62.78,243817
2017-08-21,62.88,63.09,62.73,63.05,294205
2017-08-22,63.36,63.40,63.21,63.29,217789
2017-08-23,62.99,63.29,62.92,63.28,267462
2017-08-24,63.37,63.62,63.20,63.37,648723
2017-08-25,63.30,63.65,63.14,63.42,378130
2017-08-28,63.71,63.80,63.47,63.57,303230
2017-08-29,63.30,63.44,63.10,63.22,367571
2017-08-30,63.13,63.44,63.01,63.21,383755
2017-08-31,63.45,63.92,63.37,63.83,370126
2017-09-01,64.06,64.10,63.65,63.77,353048
2017-09-05,63.85,64.19,63.80,64.07,323293
2017-09-06,64.51,64.54,64.03,64.11,333218
2017-09-07,64.94,65.20,64.73,65.10,401830
2017-09-08,64.98,65.29,64.84,65.15,323701
2017-09-11,65.07,65.20,64.80,65.04,308417
2017-09-12,64.88,64.89,64.14,64.29,257515
2017-09-13,64.30,64.33,63.91,63.94,203904
2017-09-14,64.49,64.78,64.46,64.62,309961
2017-09-15,65.30,65.60,65.26,65.38,718839
2017-09-18,65.12,65.20,64.26,64.55,430701
2017-09-19,64.99,65.12,64.77,64.97,359437
2017-09-20,65.07,65.43,64.51,64.69,399328
2017-09-21,64.68,65.09,64.68,64.77,298339
2017-09-22,64.93,64.93,64.30,64.42,379883
2017-09-25,64.71,64.79,64.52,64.70,848197
2017-09-26,64.59,64.64,63.92,64.21,462936
2017-09-27,63.03,63.26,62.45,62.59,662128
2017-09-28,62.32,62.88,62.29,62.79,531251
2017-09-29,62.71,62.82,62.52,62.71,266856
2017-10-02,62.66,63.13,62.51,62.95,368120
2017-10-03,62.45,62.62,62.37,62.47,415108
2017-10-04,62.62,62.80,62.54,62.75,234815
2017-10-05,62.38,62.47,62.26,62.39,305641
2017-10-06,61.86,62.28,61.78,62.26,393888
2017-10-09,62.52,62.76,62.40,62.62,206120
2017-10-10,62.80,63.21,62.77,63.08,181317
2017-10-11,63.04,63.36,62.97,63.32,263626
2017-10-12,62.65,63.22,62.58,63.09,307819
2017-10-13,63.27,63.31,62.71,62.73,266918
2017-10-16,61.84,61.89,61.38,61.64,511792
2017-10-17,62.00,62.16,61.79,62.10,518526
2017-10-18,62.30,62.66,62.03,62.63,284934
2017-10-19,62.38,62.76,62.32,62.45,262975
2017-10-20,62.29,62.38,61.76,62.01,271301
2017-10-23,62.60,62.74,62.37,62.55,309130
2017-10-24,61.93,61.97,61.43,61.62,371460
2017-10-25,61.43,61.47,60.50,60.92,467292
2017-10-26,61.08,61.15,60.57,60.72,403859
2017-10-27,60.76,61.17,60.71,61.04,397143
2017-10-30,60.97,61.02,60.60,60.77,403113
2017-10-31,61.13,61.20,60.84,61.05,385859
2017-11-01,60.83,61.05,60.47,60.55,418900
2017-11-02,61.12,61.15,60.48,60.78,409488
2017-11-03,60.89,61.08,60.72,60.86,390147
2017-11-06,61.07,61.46,60.98,61.27,430898
2017-11-07,61.35,61.56,61.13,61.49,274800
2017-11-08,61.35,61.97,61.26,61.85,311249
2017-11-09,59.83,60.59,59.64,60.48,622953
2017-11-10,60.29,60.30,59.83,59.95,412579
2017-11-13,59.65,59.70,59.11,59.20,1078099
2017-11-14,59.00,59.20,58.80,59.19,647251
2017-11-15,59.44,59.83,59.26,59.35,375230
2017-11-16,59.23,59.53,59.17,59.30,402928
2017-11-17,59.08,59.21,58.86,58.94,445362
2017-11-20,59.07,59.15,58.80,58.81,490142
2017-11-21,59.00,59.02,58.71,58.72,602039
2017-11-22,58.70,58.97,58.46,58.68,644770
2017-11-24,58.68,58.79,58.42,58.45,296860
2017-11-27,59.36,59.41,59.08,59.13,820226
2017-11-28,59.33,59.36,58.95,59.13,645936
2017-11-29,59.53,59.91,59.46,59.77,794480
2017-11-30,60.48,60.69,59.99,60.11,810614
2017-12-01,60.14,60.44,59.96,60.04,717735
2017-12-04,60.40,60.62,59.90,59.95,641012
2017-12-05,59.86,59.95,59.50,59.59,581432
2017-12-06,59.77,59.83,59.24,59.32,636501
2017-12-07,59.30,59.69,59.10,59.68,527941
2017-12-08,59.27,59.57,59.15,59.57,444471
2017-12-11,59.18,59.42,59.10,59.33,528904
2017-12-12,59.31,59.47,59.13,59.13,495178
2017-12-13,59.20,59.37,58.75,58.95,606384
2017-12-14,58.85,58.86,58.27,58.30,684136
2017-12-15,58.34,58.43,57.91,57.99,1338752
2017-12-18,58.95,59.01,58.42,58.44,1193626
2017-12-19,58.88,58.92,58.41,58.41,1019571
2017-12-20,58.77,58.88,58.30,58.30,923486
2017-12-21,58.14,58.42,57.91,57.95,770043
2017-12-22,58.00,58.15,57.86,57.91,615537
2017-12-26,57.67,58.03,57.65,57.87,497191
2017-12-27,58.28,58.46,58.18,58.23,678326
2017-12-28,58.78,58.84,58.47,58.60,687991
2017-12-29,58.86,58.98,58.65,58.81,455485
2018-01-02,58.81,58.99,58.43,58.84,805645
2018-01-03,57.69,57.99,57.55,57.66,713477
2018-01-04,58.43,58.67,58.04,58.10,766250
2018-01-05,58.95,59.07,58.70,58.93,761443
2018-01-08,58.50,59.03,58.36,59.00,744155
2018-01-09,58.12,58.23,57.41,57.51,888903
2018-01-10,57.28,57.33,56.63,56.84,692563
2018-01-11,57.51,57.63,57.01,57.11,853624
2018-01-12,57.58,57.79,57.42,57.58,767088
2018-01-16,57.80,58.66,57.74,58.31,1484643
2018-01-17,58.54,58.66,58.29,58.32,667688
2018-01-18,57.91,58.12,57.57,57.92,664841
2018-01-19,57.81,57.92,57.54,57.62,537286
2018-01-22,57.83,58.14,57.76,57.89,632228
2018-01-23,57.35,58.06,57.35,57.77,836906
2018-01-24,58.47,58.47,57.54,57.68,709994
2018-01-25,57.36,57.40,57.03,57.38,1007757
2018-01-26,57.53,57.71,57.33,57.59,583042
2018-01-29,56.89,57.25,56.85,56.99,756776
2018-01-30,57.20,57.36,56.96,57.12,477597
2018-01-31,57.40,57.70,57.21,57.68,550219
2018-02-01,57.55,57.61,56.92,57.00,493572
2018-02-02,55.93,56.41,55.85,56.05,540635
2018-02-05,55.44,55.48,53.68,53.72,953823
2018-02-06,52.69,53.89,52.37,53.71,1397481
2018-02-07,53.18,54.06,53.18,53.41,681459
2018-02-08,53.68,53.71,52.50,52.51,675862
2018-02-09,52.33,52.83,51.51,52.60,836808
2018-02-12,52.31,52.82,52.10,52.69,757413
2018-02-13,51.99,52.18,51.64,52.01,855991
2018-02-14,51.81,52.82,51.80,52.41,946169
2018-02-15,52.51,53.05,52.44,53.04,786386
2018-02-16,53.14,53.56,53.11,53.39,747045
2018-02-20,53.00,53.26,52.88,53.12,955348
2018-02-21,53.02,53.02,52.01,52.01,614037
2018-02-22,52.42,53.23,52.25,53.05,816767
2018-02-23,53.55,54.13,53.41,54.06,761219
2018-02-26,54.12,54.20,53.80,53.95,494348
2018-02-27,53.61,53.66,52.85,52.85,481119
2018-02-28,52.32,52.38,51.57,51.59,801451
2018-03-01,51.84,52.20,51.44,51.95,1119943
2018-03-02,51.69,52.09,51.55,51.94,757719
2018-03-05,51.82,52.92,51.75,52.82,636861
2018-03-06,53.58,53.59,52.97,53.17,1564140
2018-03-07,54.47,54.74,54.21,54.45,1009245
2018-03-08,55.12,55.57,54.95,55.07,905255
2018-03-09,54.97,55.00,54.47,54.71,871774
2018-03-12,54.84,55.19,54.74,54.95,505385
2018-03-13,54.93,55.14,54.48,54.73,563343
2018-03-14,54.78,55.15,54.61,54.87,515233
2018-03-15,54.55,54.93,54.09,54.22,855659
2018-03-16,54.56,54.89,54.51,54.72,925520
2018-03-19,54.19,54.58,54.02,54.27,640496
2018-03-20,53.95,54.14,53.50,53.58,896685
2018-03-21,53.82,54.26,53.60,53.78,636567
2018-03-22,53.48,53.92,53.26,53.32,1268045
2018-03-23,54.14,54.45,53.23,53.29,897305
2018-03-26,54.14,54.22,53.69,54.20,527547
2018-03-27,54.11,55.16,53.97,54.65,705212
2018-03-28,56.34,56.98,55.91,56.69,1229102
2018-03-29,56.74,56.96,56.34,56.43,577185
2018-04-02,56.37,56.70,55.92,56.06,539406
2018-04-03,56.37,56.76,56.06,56.57,700840
2018-04-04,56.63,57.25,56.57,57.19,660947
2018-04-05,57.57,58.25,57.39,58.22,910911
2018-04-06,58.15,58.44,58.01,58.06,497158
2018-04-09,59.03,59.33,58.82,58.96,613245
2018-04-10,58.03,58.67,57.87,58.55,1814582
2018-04-11,58.88,59.15,58.74,58.82,642741
2018-04-12,59.19,59.19,58.39,58.46,844137
2018-04-13,58.70,59.10,58.70,58.88,353510
2018-04-16,58.84,58.90,58.22,58.60,859856
2018-04-17,58.49,59.09,58.48,58.89,397498
2018-04-18,58.89,59.25,58.45,58.48,669531
2018-04-19,57.93,58.12,57.38,57.61,462275
2018-04-20,57.06,57.30,57.00,57.12,441585
2018-04-23,55.56,56.18,55.46,56.07,733017
2018-04-24,56.35,56.63,56.11,56.30,617527
2018-04-25,56.33,56.76,56.12,56.52,632016
2018-04-26,57.79,58.03,57.52,57.99,624700
2018-04-27,57.93,58.51,57.87,58.45,352990
2018-04-30,58.31,58.46,58.16,58.18,313196
2018-05-01,58.00,58.17,57.94,58.04,498030
2018-05-02,58.03,58.14,57.62,57.71,287730
2018-05-03,57.95,58.03,57.50,57.94,410857
2018-05-04,57.92,58.05,57.64,57.87,439551
2018-05-07,57.83,58.03,57.71,57.78,315623
2018-05-08,57.40,57.42,56.78,56.99,529026
2018-05-09,57.10,57.64,57.00,57.47,402218
2018-05-10,57.20,57.55,56.87,57.54,318825
2018-05-11,57.38,57.64,57.26,57.49,279408
2018-05-14,58.04,58.12,57.60,57.77,353659
2018-05-15,56.97,57.18,56.48,56.63,497043
2018-05-16,56.45,56.50,56.25,56.49,332070
2018-05-17,58.48,58.60,58.02,58.25,941072
2018-05-18,59.24,59.51,59.09,59.42,997105
2018-05-21,59.44,59.70,59.19,59.64,497160
2018-05-22,59.47,59.82,59.33,59.49,385054
2018-05-23,59.15,59.29,58.68,59.11,476823
2018-05-24,59.20,59.29,58.77,59.02,336393
2018-05-25,58.73,58.81,58.46,58.59,344622
2018-05-29,58.27,58.66,58.22,58.47,415694
2018-05-30,58.29,58.66,58.03,58.59,430515
2018-05-31,56.03,56.15,55.56,55.81,680852
2018-06-01,55.99,55.99,55.42,55.58,647140
2018-06-04,56.69,56.69,55.77,55.79,504279
2018-06-05,55.40,55.43,55.10,55.19,660102
2018-06-06,55.77,55.85,55.26,55.59,1476638
2018-06-07,55.81,55.90,55.44,55.54,716994
2018-06-08,55.60,55.69,55.40,55.56,375165
2018-06-11,55.56,55.89,55.48,55.53,431332
2018-06-12,55.89,56.17,55.81,56.15,454036
2018-06-13,55.81,55.89,55.39,55.46,376775
2018-06-14,55.39,55.95,55.35,55.59,446474
2018-06-15,55.27,55.27,54.92,55.25,635424
2018-06-18,54.94,55.10,54.81,54.93,446237
2018-06-19,54.55,54.96,54.53,54.94,494607
2018-06-20,55.37,55.38,55.09,55.13,380496
2018-06-21,54.84,55.09,54.73,54.94,541020
2018-06-22,55.39,55.83,55.30,55.62,434537
2018-06-25,55.52,55.80,55.33,55.60,381866
2018-06-26,55.50,55.73,55.39,55.53,470688
2018-06-27,55.14,55.50,55.08,55.30,520689
2018-06-28,55.26,55.69,55.12,55.51,950281
2018-06-29,55.62,56.15,55.53,55.85,412306
2018-07-02,55.69,56.12,55.56,56.10,542239
2018-07-03,56.82,57.28,56.72,56.86,396762
2018-07-05,57.36,57.72,57.17,57.72,542413
2018-07-06,58.24,58.67,58.16,58.59,384040
2018-07-09,58.78,58.83,57.18,57.33,687506
2018-07-10,57.04,57.36,56.90,57.20,543124
2018-07-11,56.59,57.03,56.55,56.67,423773
2018-07-12,57.43,57.54,57.22,57.43,312437
2018-07-13,57.25,57.31,57.03,57.20,263011
2018-07-16,56.44,56.65,56.33,56.59,327880
2018-07-17,55.73,56.38,55.73,56.02,399524
2018-07-18,55.49,55.64,55.28,55.37,369368
2018-07-19,55.04,55.78,55.04,55.47,461377
2018-07-20,55.87,56.05,55.64,56.00,425445
2018-07-23,55.90,56.03,55.24,55.33,306485
2018-07-24,54.78,54.86,54.31,54.77,517080
2018-07-25,54.10,54.63,54.07,54.58,416551
2018-07-26,54.75,55.01,54.61,54.68,307959
2018-07-27,54.74,54.97,54.44,54.50,305642
2018-07-30,53.73,54.05,53.60,53.78,432436
2018-07-31,54.16,54.29,53.82,54.08,302805
2018-08-01,52.87,52.96,52.42,52.77,745751
2018-08-02,52.88,52.93,52.58,52.86,385220
2018-08-03,52.82,53.34,52.73,53.16,268417
2018-08-06,52.82,52.93,52.63,52.72,489772
2018-08-07,53.30,53.30,52.83,53.00,403694
2018-08-08,52.72,52.91,52.63,52.79,394941
2018-08-09,52.78,52.90,52.67,52.84,364986
2018-08-10,52.53,53.03,52.51,52.65,498956
2018-08-13,52.81,52.90,52.54,52.86,444998
2018-08-14,52.95,53.03,52.72,52.83,419584
2018-08-15,52.16,52.90,52.07,52.83,1019812
2018-08-16,52.89,53.22,52.84,52.98,541249
2018-08-17,52.93,53.68,52.90,53.65,578639
2018-08-20,53.42,53.85,53.42,53.75,1054334
2018-08-21,54.26,54.26,53.70,53.82,971379
2018-08-22,53.88,53.95,53.22,53.38,360263
2018-08-23,53.37,53.40,53.02,53.14,367564
2018-08-24,52.91,53.19,52.80,53.10,424605
2018-08-27,53.32,53.35,52.87,53.15,256667
2018-08-28,53.41,53.41,53.07,53.12,442007
2018-08-29,53.26,53.40,53.11,53.32,385524
2018-08-30,52.93,53.26,52.90,53.09,313239
2018-08-31,53.47,53.62,52.84,53.00,454204
2018-09-04,52.25,52.65,52.25,52.51,654399
2018-09-05,52.57,52.84,52.42,52.63,586386
2018-09-06,53.13,53.38,52.92,53.17,558590
2018-09-07,52.62,52.79,52.32,52.39,492156
2018-09-10,53.04,53.07,52.75,52.93,569979
2018-09-11,52.94,53.02,52.65,52.79,675048
2018-09-12,52.46,52.93,52.46,52.76,410291
2018-09-13,52.85,52.91,52.61,52.91,318835
2018-09-14,52.46,52.56,52.25,52.43,618838
2018-09-17,52.79,53.05,52.72,52.98,445139
2018-09-18,52.84,52.97,52.69,52.91,374447
2018-09-19,51.89,51.96,51.27,51.36,956649
2018-09-20,52.16,52.52,51.95,52.45,592744
2018-09-21,52.03,52.30,51.90,52.07,465657
2018-09-24,51.73,51.82,51.41,51.46,543911
2018-09-25,51.40,51.41,50.77,50.79,528013
2018-09-26,50.87,51.01,50.52,50.55,1242867
2018-09-27,51.42,51.69,51.23,51.30,661795
2018-09-28,51.88,52.11,51.79,51.86,739716
2018-10-01,52.00,52.01,51.50,51.57,690237
2018-10-02,51.58,52.17,51.49,52.13,668580
2018-10-03,52.48,52.63,51.55,51.78,583228
2018-10-04,51.03,51.28,50.91,51.25,593489
2018-10-05,51.58,52.26,51.55,52.09,684324
2018-10-08,52.17,52.30,51.83,52.03,592042
2018-10-09,51.40,52.20,51.36,52.14,778937
2018-10-10,53.55,54.15,53.29,53.41,1198181
2018-10-11,53.91,54.02,52.59,52.84,915709
2018-10-12,52.81,52.87,52.23,52.51,686409
2018-10-15,52.23,53.61,52.23,53.36,1373056
2018-10-16,54.25,54.59,54.11,54.24,597480
2018-10-17,53.95,54.25,53.74,54.20,424070
2018-10-18,54.08,54.38,53.72,53.85,468968
2018-10-19,54.61,54.87,54.44,54.72,647338
2018-10-22,54.54,54.84,54.29,54.40,499111
2018-10-23,55.24,55.37,54.37,54.72,797693
2018-10-24,54.39,55.03,54.39,54.71,651486
2018-10-25,54.50,54.60,54.12,54.33,623456
2018-10-26,54.25,54.50,53.49,53.89,641442
2018-10-29,54.31,54.74,54.19,54.39,707833
2018-10-30,54.68,54.92,54.34,54.81,764517
2018-10-31,53.76,53.84,53.32,53.50,821214
2018-11-01,54.67,54.73,53.92,54.47,680716
2018-11-02,53.96,54.14,53.72,53.89,703503
2018-11-05,54.45,55.01,54.43,54.76,590013
2018-11-06,54.93,55.26,54.73,55.21,533747
2018-11-07,55.54,55.67,55.22,55.65,460983
2018-11-08,55.86,55.94,55.24,55.35,407256
2018-11-09,55.83,56.14,55.21,55.42,735310
2018-11-12,55.58,56.02,55.52,55.68,658175
2018-11-13,55.75,55.87,55.37,55.64,710519
2018-11-14,56.37,56.38,55.74,55.80,1125650
2018-11-15,53.86,54.05,53.48,53.64,1267143
2018-11-16,53.12,53.27,52.85,53.13,707211
2018-11-19,53.22,53.63,53.10,53.58,959455
2018-11-20,54.50,54.56,54.07,54.32,1374636
2018-11-21,54.12,54.15,53.24,53.34,1073174
2018-11-23,52.46,52.73,52.31,52.61,480880
2018-11-26,53.40,53.49,53.09,53.42,728030
2018-11-27,53.55,53.88,53.50,53.70,591592
2018-11-28,53.87,53.96,53.47,53.59,564339
2018-11-29,53.43,53.62,53.19,53.24,561302
2018-11-30,53.36,53.47,53.06,53.45,574559
2018-12-03,52.98,53.27,52.90,53.09,712868
2018-12-04,53.16,53.28,52.76,52.99,924892
2018-12-06,53.09,53.09,52.34,52.95,851176
2018-12-07,53.12,53.27,52.88,53.06,739445
2018-12-10,52.20,52.27,51.11,51.64,943197
2018-12-11,52.38,52.38,51.92,52.03,1140002
2018-12-12,53.14,53.43,53.00,53.22,851061
2018-12-13,53.75,53.98,53.33,53.52,1070972
2018-12-14,53.21,53.24,52.63,52.78,936165
2018-12-17,53.25,53.29,51.64,51.80,1263188
2018-12-18,49.26,49.54,46.36,46.72,3000881
2018-12-19,48.76,49.21,48.17,48.32,1669779
2018-12-20,50.16,50.39,49.28,49.76,2079945
2018-12-21,49.45,49.89,48.74,48.77,1438403
2018-12-24,49.06,49.15,47.43,47.83,656652
2018-12-26,47.65,48.18,46.92,48.13,1262220
2018-12-27,47.78,48.01,46.99,47.89,1569297
2018-12-28,48.80,48.91,48.15,48.47,1315784
2018-12-31,48.60,48.63,47.69,47.98,1375936
2019-01-02,48.28,48.85,47.96,48.75,1329790
2019-01-03,48.90,49.30,48.72,48.99,1022302
2019-01-04,49.15,49.79,49.09,49.78,670231
2019-01-07,49.63,49.93,49.50,49.77,820079
2019-01-08,49.72,50.32,49.61,50.30,776920
2019-01-09,50.02,50.62,50.00,50.56,853246
2019-01-10,51.02,51.31,50.85,51.30,680003
2019-01-11,51.45,51.72,51.17,51.51,832115
2019-01-14,51.10,51.12,50.19,50.51,1412185
2019-01-15,50.78,51.26,50.73,51.18,757501
2019-01-16,51.25,51.59,51.24,51.53,610125
2019-01-17,51.12,51.72,51.12,51.44,654385
2019-01-18,52.08,52.16,51.72,52.00,623114
2019-01-22,51.51,51.93,51.42,51.86,871815
2019-01-23,52.37,52.54,52.28,52.44,574163
2019-01-24,52.19,52.99,51.96,52.95,639605
2019-01-25,52.10,52.52,52.07,52.26,577347
2019-01-28,51.94,52.43,51.85,52.40,643621
2019-01-29,53.21,53.42,52.97,53.32,766109
2019-01-30,53.92,54.12,53.54,53.98,593627
2019-01-31,54.16,54.56,53.93,54.49,570423
2019-02-01,54.29,54.83,54.29,54.78,790249
2019-02-04,54.10,54.67,53.97,54.61,659450
2019-02-05,54.44,55.02,54.42,54.95,597640
2019-02-06,54.63,54.95,54.57,54.69,485451
2019-02-07,55.07,55.09,54.82,55.02,703316
2019-02-08,54.55,54.82,54.47,54.78,495667
2019-02-11,54.40,54.61,54.32,54.52,605352
2019-02-12,54.54,54.69,54.23,54.50,531159
2019-02-13,54.40,54.51,54.26,54.40,343692
2019-02-14,54.45,54.67,54.26,54.36,527673
2019-02-15,54.02,54.36,53.98,54.31,446082
2019-02-19,54.91,55.21,54.75,55.12,547084
2019-02-20,55.13,55.64,55.09,55.54,410772
2019-02-21,55.20,55.98,55.15,55.94,339111
2019-02-22,55.86,56.38,55.75,56.21,460562
2019-02-25,56.11,56.16,55.85,56.06,346030
2019-02-26,56.61,57.03,56.38,56.92,556413
2019-02-27,56.96,57.01,56.70,56.75,681460
2019-02-28,56.29,56.76,56.23,56.50,426622
2019-03-01,56.28,56.53,56.17,56.48,448822
2019-03-04,56.13,56.33,55.84,56.31,398348
2019-03-05,55.85,56.15,55.82,56.10,723742
2019-03-06,55.77,56.03,55.62,55.83,624738
2019-03-07,56.57,57.00,56.39,56.72,564520
2019-03-08,57.05,57.23,56.92,57.22,367107
2019-03-11,57.10,57.52,57.09,57.35,423931
2019-03-12,57.59,57.93,57.57,57.70,342173
2019-03-13,57.89,58.00,57.71,57.98,295323
2019-03-14,57.95,58.10,57.75,57.87,307268
2019-03-15,57.99,58.38,57.91,58.28,332179
2019-03-18,58.48,58.63,58.30,58.62,304891
2019-03-19,58.98,59.00,58.21,58.40,403254
2019-03-20,58.27,58.88,58.18,58.46,334834
2019-03-21,58.36,58.57,57.67,58.13,464926
2019-03-22,58.18,58.52,58.18,58.20,594117
2019-03-25,58.10,58.27,57.93,58.18,370843
2019-03-26,58.62,59.01,58.48,58.93,613111
2019-03-27,58.25,58.74,58.09,58.58,567232
2019-03-28,56.06,56.56,55.82,56.20,795193
2019-03-29,56.25,56.28,55.48,55.84,883235
2019-04-01,55.51,55.69,55.07,55.40,882810
2019-04-02,54.98,55.58,54.87,55.40,1822444
2019-04-03,55.38,55.69,55.10,55.43,905543
2019-04-04,55.32,55.39,54.85,55.17,1171918
2019-04-05,54.21,54.67,54.15,54.55,1445842
2019-04-08,54.68,54.77,54.35,54.45,931341
2019-04-09,54.23,54.38,54.14,54.18,526038
2019-04-10,54.50,54.77,54.44,54.45,754830
2019-04-11,54.07,54.20,53.82,53.95,466247
2019-04-12,53.63,53.80,53.46,53.78,551940
2019-04-15,53.84,53.93,53.66,53.81,281745
2019-04-16,53.83,53.84,53.24,53.27,320527
2019-04-17,53.28,53.52,53.15,53.35,614443
2019-04-18,53.23,53.42,53.14,53.19,301454
2019-04-22,53.28,53.41,53.06,53.15,446573
2019-04-23,53.16,53.27,52.97,53.08,341901
2019-04-24,53.22,53.83,53.19,53.52,382614
2019-04-25,53.43,53.90,53.38,53.68,318439
2019-04-26,54.05,54.25,53.82,53.85,299924
2019-04-29,54.10,54.12,53.78,53.90,347171
2019-04-30,54.22,54.75,54.15,54.72,449386
2019-05-01,54.07,54.45,53.90,53.92,443757
2019-05-02,53.93,54.02,53.64,53.71,326434
2019-05-03,53.99,54.57,53.98,54.43,280873
2019-05-06,53.81,54.32,53.71,54.18,243375
2019-05-07,54.33,54.57,54.11,54.32,383653
2019-05-08,53.85,53.88,53.57,53.59,403764
2019-05-09,53.82,54.04,53.61,53.93,327526
2019-05-10,54.39,54.99,54.28,54.98,421293
2019-05-13,54.77,55.28,54.76,55.27,443032
2019-05-14,55.07,55.16,54.38,54.47,667558
2019-05-15,54.25,54.50,54.07,54.14,535605
2019-05-16,52.28,52.44,51.61,51.84,828343
2019-05-17,51.90,52.33,51.90,52.22,648266
2019-05-20,52.09,52.30,51.79,51.86,333843
2019-05-21,51.76,52.23,51.66,52.16,687145
2019-05-22,51.05,51.72,51.02,51.50,564531
2019-05-23,51.00,51.32,50.88,51.26,897496
2019-05-24,51.60,51.94,51.52,51.79,472534
2019-05-28,51.58,51.77,51.24,51.30,495789
2019-05-29,51.79,51.82,51.03,51.09,637806
2019-05-30,49.24,49.30,48.84,48.95,681117
2019-05-31,49.59,50.30,49.59,50.28,779696
2019-06-03,50.43,50.63,50.19,50.60,517218
2019-06-04,50.19,50.22,49.65,50.10,585979
2019-06-05,50.40,50.97,50.33,50.76,492058
2019-06-06,51.45,51.83,51.41,51.52,1279306
2019-06-07,52.77,52.98,51.81,51.83,740862
2019-06-10,51.64,51.82,51.48,51.65,602932
2019-06-11,51.69,51.91,51.66,51.76,420466
2019-06-12,52.17,52.44,52.08,52.13,396201
2019-06-13,51.96,52.12,51.77,51.96,378203
2019-06-14,52.36,52.83,52.32,52.56,410143
2019-06-17,52.27,52.38,52.09,52.18,373133
2019-06-18,53.17,53.24,52.65,52.99,656843
2019-06-19,52.52,53.12,52.50,53.00,395202
2019-06-20,53.37,53.76,53.33,53.72,377413
2019-06-21,53.80,54.06,53.58,54.04,399897
2019-06-24,54.06,54.19,53.80,53.87,988625
2019-06-25,53.58,53.62,53.16,53.21,572464
2019-06-26,53.06,53.09,52.56,52.60,502601
2019-06-27,52.73,52.89,52.57,52.75,385277
2019-06-28,53.03,53.25,52.95,53.18,339194
2019-07-01,52.88,53.15,52.62,53.12,447009
2019-07-02,54.00,54.46,53.93,54.38,616240
2019-07-03,54.75,54.80,54.29,54.33,283815
2019-07-05,53.43,53.93,53.01,53.88,471681
2019-07-08,53.20,53.48,53.13,53.45,461009
2019-07-09,53.20,53.51,53.20,53.49,445811
2019-07-10,53.18,53.64,53.03,53.53,489738
2019-07-11,53.28,53.33,52.18,52.85,706241
2019-07-12,52.37,52.77,52.24,52.65,393301
2019-07-15,52.46,52.83,52.42,52.54,369217
2019-07-16,51.78,51.80,51.50,51.66,517231
2019-07-17,51.69,51.86,51.52,51.53,378011
2019-07-18,51.89,52.37,51.68,52.32,484045
2019-07-19,52.28,52.31,51.85,51.88,377036
2019-07-22,52.17,52.19,51.83,51.91,316064
2019-07-23,52.63,52.65,52.24,52.24,455844
2019-07-24,52.74,52.75,52.42,52.61,371933
2019-07-25,52.26,52.55,52.17,52.38,361580
2019-07-26,52.35,52.55,52.20,52.28,274249
2019-07-29,52.57,52.70,52.23,52.43,281002
2019-07-30,52.03,52.20,51.60,51.69,372906
2019-07-31,51.40,51.90,51.22,51.44,440938
2019-08-01,51.20,52.22,51.19,51.99,517106
2019-08-02,52.48,52.50,51.81,51.90,452093
2019-08-05,51.30,51.48,50.53,50.66,445491
2019-08-06,50.80,50.88,50.37,50.76,451915
2019-08-07,50.91,51.55,50.75,51.39,370147
2019-08-08,50.91,51.53,50.88,51.40,353005
2019-08-09,51.43,51.58,51.01,51.04,583446
2019-08-12,51.01,51.22,50.91,51.10,381678
2019-08-13,51.03,51.07,50.53,50.94,628333
2019-08-14,50.66,50.91,50.36,50.38,622839
2019-08-15,51.55,51.72,51.37,51.61,638159
2019-08-16,52.20,52.33,52.10,52.26,468152
2019-08-19,52.34,52.66,52.27,52.50,481622
2019-08-20,51.88,51.97,51.54,51.58,344168
2019-08-21,51.86,52.00,51.77,51.91,265261
2019-08-22,51.95,52.11,51.69,52.04,322200
2019-08-23,52.65,52.65,51.83,51.91,482574
2019-08-26,51.99,52.06,51.62,52.02,249477
2019-08-27,52.56,52.74,52.28,52.30,498931
2019-08-28,52.02,52.29,51.79,51.87,509729
2019-08-29,52.28,52.32,51.92,52.09,371655
2019-08-30,52.56,52.65,52.01,52.31,400027
2019-09-03,51.84,53.03,51.82,52.93,612156
2019-09-04,52.74,53.01,52.70,52.95,372637
2019-09-05,52.45,52.45,51.81,52.08,605813
2019-09-06,51.68,51.95,51.58,51.70,485713
2019-09-09,51.18,51.19,50.54,50.54,560088
2019-09-10,50.30,50.71,50.26,50.55,491482
2019-09-11,50.50,51.09,50.48,51.06,456979
2019-09-12,51.07,51.38,51.03,51.29,398767
2019-09-13,51.92,51.92,51.38,51.44,362975
2019-09-16,52.28,52.28,51.67,51.73,493006
2019-09-17,51.99,52.58,51.98,52.40,649910
2019-09-18,52.91,53.00,52.43,52.61,527636
2019-09-19,52.96,53.23,52.92,53.23,416900
2019-09-20,53.30,53.38,53.04,53.16,481863
2019-09-23,53.39,53.60,53.27,53.43,390886
2019-09-24,53.67,54.10,53.60,53.94,555856
2019-09-25,53.49,53.55,53.00,53.17,406611
2019-09-26,54.44,54.89,54.39,54.62,510148
2019-09-27,54.53,54.55,53.84,54.02,949217
2019-09-30,54.39,54.52,54.05,54.13,649045
2019-10-01,53.65,54.18,53.48,54.05,288546
2019-10-02,53.19,53.41,52.88,52.91,583822
2019-10-03,52.93,53.33,52.87,52.95,289854
2019-10-04,53.24,53.80,53.23,53.76,329477
2019-10-07,54.12,54.24,53.85,54.13,861928
2019-10-08,53.96,54.14,53.67,53.88,923053
2019-10-09,53.67,53.90,53.53,53.60,1232935
2019-10-10,53.39,53.92,53.27,53.84,529147
2019-10-11,56.00,56.48,55.72,55.78,1162979
2019-10-14,55.55,55.89,55.25,55.34,590146
2019-10-15,56.17,56.97,56.10,56.78,1070196
2019-10-16,57.24,57.39,56.75,57.06,1554673
2019-10-17,57.80,57.85,57.48,57.76,1479398
2019-10-18,57.76,58.29,57.66,58.21,690505
2019-10-21,58.58,58.65,57.83,58.02,589924
2019-10-22,58.68,58.95,58.38,58.46,683967
2019-10-23,59.04,59.50,59.04,59.47,809515
2019-10-24,59.33,59.40,58.65,59.05,1077750
2019-10-25,57.82,57.97,57.37,57.89,614212
2019-10-28,57.75,58.04,57.61,57.65,362538
2019-10-29,56.51,57.58,56.50,57.42,432541
2019-10-30,57.54,58.05,57.48,57.75,349294
2019-10-31,58.38,58.49,58.15,58.37,402584
2019-11-01,58.44,58.53,58.00,58.12,346191
2019-11-04,58.31,58.32,57.51,57.58,486989
2019-11-05,57.41,57.64,57.12,57.27,311647
2019-11-06,57.80,57.82,57.41,57.45,633104
2019-11-07,57.26,57.27,56.64,56.89,647898
2019-11-08,57.09,57.20,56.75,56.96,370799
2019-11-11,57.01,57.12,56.75,56.77,278333
2019-11-12,57.01,57.12,56.61,56.72,1126237
2019-11-13,56.83,57.22,56.70,56.99,687049
2019-11-14,57.84,58.03,57.32,57.41,595214
2019-11-15,57.38,57.87,57.36,57.74,551076
2019-11-18,59.01,59.25,58.39,58.43,466240
2019-11-19,58.44,58.51,57.89,58.19,360032
2019-11-20,57.63,57.87,57.36,57.50,309008
2019-11-21,57.37,57.44,56.78,57.42,411778
2019-11-22,57.67,57.87,57.34,57.80,367607
2019-11-25,58.51,58.98,58.31,58.94,989683
2019-11-26,58.70,58.74,58.26,58.63,659666
2019-11-27,58.23,58.45,58.11,58.30,574506
2019-11-29,57.65,57.79,57.36,57.46,232456
2019-12-02,57.29,57.39,56.72,56.87,486688
2019-12-03,56.77,57.13,56.71,57.00,365237
2019-12-04,57.29,57.58,57.29,57.53,849900
2019-12-05,57.91,58.07,57.79,58.05,1021594
2019-12-06,58.20,58.50,58.14,58.39,528009
2019-12-09,58.55,58.61,58.38,58.47,578618
2019-12-10,58.47,58.60,58.34,58.43,379928
2019-12-11,58.67,59.23,58.62,59.19,576561
2019-12-12,58.36,58.50,57.81,58.21,756493
2019-12-13,62.45,62.46,61.30,61.88,2878928
2019-12-16,61.87,62.58,61.87,62.52,749606
2019-12-17,62.36,62.68,62.19,62.64,879939
2019-12-18,62.44,62.64,62.06,62.46,1237012
2019-12-19,62.29,62.45,62.08,62.27,2354541
2019-12-20,62.43,62.94,62.40,62.65,1471113
2019-12-23,62.57,62.77,62.24,62.46,322234
2019-12-24,62.28,62.54,62.00,62.43,130897
2019-12-26,62.46,62.71,62.39,62.64,152764
2019-12-27,62.83,62.98,62.73,62.92,271865
2019-12-30,62.82,62.85,62.52,62.65,274101
2019-12-31,62.52,62.74,62.39,62.67,178101
2020-01-02,62.70,62.95,62.13,62.34,452270
2020-01-03,61.98,62.42,61.98,62.20,296281
2020-01-06,62.20,62.42,62.10,62.17,456620
2020-01-07,62.27,62.27,61.70,61.90,591679
2020-01-08,61.42,61.78,61.37,61.62,348328
2020-01-09,61.10,61.27,61.04,61.20,789416
2020-01-10,60.94,61.24,60.94,61.05,513514
2020-01-13,61.14,61.25,60.94,61.11,460318
2020-01-14,61.26,61.41,60.90,61.20,496276
2020-01-15,61.81,62.37,61.78,62.32,1158704
2020-01-16,62.73,62.74,62.47,62.60,525542
2020-01-17,63.26,63.64,63.19,63.54,741333
2020-01-21,64.10,64.41,63.90,64.29,759769
2020-01-22,65.03,65.33,64.88,64.98,637368
2020-01-23,64.93,65.41,64.69,65.33,925953
2020-01-24,66.30,66.46,66.07,66.29,654624
2020-01-27,66.18,66.33,65.36,65.46,561502
2020-01-28,65.51,66.16,65.46,66.06,546227
2020-01-29,66.15,66.37,66.08,66.30,945048
2020-01-30,66.47,66.79,66.18,66.70,460292
2020-01-31,66.37,66.50,65.99,66.28,365807
2020-02-03,65.72,65.84,65.48,65.71,463428
2020-02-04,65.33,65.91,65.14,65.55,365976
2020-02-05,65.73,66.32,65.65,66.06,557907
2020-02-06,66.50,66.60,66.28,66.30,448971
2020-02-07,66.45,66.49,65.90,65.96,351639
2020-02-10,66.39,66.45,66.01,66.30,257770
2020-02-11,66.87,66.92,66.42,66.48,284500
2020-02-12,66.38,66.75,66.11,66.60,423837
2020-02-13,66.27,66.65,66.05,66.56,526506
2020-02-14,67.15,67.69,67.08,67.38,646613
2020-02-18,68.36,68.62,68.17,68.33,959655
2020-02-19,69.04,69.06,68.38,68.38,908598
2020-02-20,68.13,68.37,67.88,68.33,310644
2020-02-21,68.89,69.08,68.58,68.75,264807
2020-02-24,67.36,67.58,67.05,67.10,573399
2020-02-25,67.31,67.37,66.23,66.26,435347
2020-02-26,66.70,67.72,66.64,66.75,495466
2020-02-27,67.47,67.59,65.47,65.47,732113
2020-02-28,62.37,63.65,61.63,63.26,921252
2020-03-02,62.90,65.09,62.77,64.73,1105011
2020-03-03,65.48,65.90,63.50,64.07,1826541
2020-03-04,66.42,67.91,66.06,67.91,1583935
2020-03-05,66.93,68.08,66.91,67.59,701066
2020-03-06,65.93,66.68,65.37,66.55,632146
2020-03-09,63.79,64.56,62.20,62.99,698968
2020-03-10,62.66,63.64,60.03,62.08,1302267
2020-03-11,61.00,61.07,58.92,59.43,892251
2020-03-12,55.74,55.74,53.01,53.85,1347500
2020-03-13,55.58,55.79,52.75,55.69,1335632
2020-03-16,51.79,53.53,50.91,51.43,1435018
2020-03-17,55.05,59.33,54.12,58.93,1613423
2020-03-18,54.30,56.88,53.53,54.52,1017690
2020-03-19,53.40,55.10,52.32,53.07,1247471
2020-03-20,52.54,53.91,49.51,49.65,1189290
2020-03-23,48.65,49.26,44.29,45.35,1707158
2020-03-24,47.69,49.88,47.38,49.55,930320
2020-03-25,50.50,54.51,50.31,53.20,1172756
2020-03-26,53.59,57.50,53.51,57.14,815164
2020-03-27,55.95,58.81,55.50,57.47,1013127
2020-03-30,58.17,59.47,57.84,59.32,803671
2020-03-31,58.61,59.16,57.74,58.27,627748
2020-04-01,56.68,57.41,55.34,55.65,805603
2020-04-02,54.32,55.15,53.25,54.27,774175
2020-04-03,51.27,51.80,50.86,51.22,774485
2020-04-06,52.32,54.18,52.26,53.45,953031
2020-04-07,53.82,54.04,52.21,52.57,1283537
2020-04-08,53.87,54.98,53.07,54.42,729393
2020-04-09,55.07,56.66,54.94,56.50,840519
2020-04-13,55.81,56.31,54.87,55.76,316716
2020-04-14,56.36,57.07,56.30,56.72,584091
2020-04-15,55.00,56.13,54.90,55.31,465682
2020-04-16,56.67,56.91,55.39,55.90,411352
2020-04-17,57.09,57.31,56.20,56.96,504514
2020-04-20,56.29,56.92,55.56,55.61,329612
2020-04-21,56.14,56.21,54.76,55.18,478652
2020-04-22,57.04,57.91,56.96,57.73,365876
2020-04-23,57.62,58.13,57.03,57.23,442794
2020-04-24,58.15,58.28,57.57,58.13,560874
2020-04-27,58.09,58.92,57.96,58.60,527243
2020-04-28,59.29,59.30,58.34,58.41,313277
2020-04-29,59.30,59.30,58.58,58.75,466455
2020-04-30,59.09,59.21,58.02,58.56,531249
2020-05-01,58.59,58.61,57.24,57.36,708275
2020-05-04,58.20,58.53,57.77,58.09,901760
2020-05-05,58.55,58.93,58.39,58.52,379094
2020-05-06,58.14,58.20,57.31,57.31,388603
2020-05-07,56.97,57.25,56.43,56.58,298213
2020-05-08,57.16,57.78,56.85,57.57,331463
2020-05-11,56.94,57.53,56.64,57.35,359072
2020-05-12,57.88,58.22,57.22,57.27,303066
2020-05-13,58.19,58.23,56.72,56.91,522032
2020-05-14,56.14,56.28,55.15,56.02,385622
2020-05-15,56.36,56.59,55.14,55.74,472311
2020-05-18,56.50,57.44,56.33,57.25,1349618
2020-05-19,56.17,56.31,55.61,55.61,389154
2020-05-20,56.54,56.62,55.96,56.17,308474
2020-05-21,55.64,55.93,55.13,55.25,479121
2020-05-22,53.58,54.08,53.26,54.01,515223
2020-05-26,54.80,55.29,54.62,54.71,629977
2020-05-27,54.69,55.43,54.61,55.33,674511
2020-05-28,57.26,57.63,56.90,57.10,414999
2020-05-29,57.20,57.52,56.58,57.12,528126
2020-06-01,57.57,58.58,57.38,58.21,348636
2020-06-02,58.84,58.89,58.39,58.80,345610
2020-06-03,59.31,60.57,59.28,60.20,384385
2020-06-04,59.34,59.79,58.50,58.88,417697
2020-06-05,58.38,58.53,57.73,57.96,564239
2020-06-08,58.75,59.99,58.66,59.89,382692
2020-06-09,58.90,58.97,58.41,58.77,450021
2020-06-10,59.90,59.99,59.28,59.53,371689
2020-06-11,58.67,58.71,56.41,56.53,554692
2020-06-12,57.94,58.17,56.67,57.37,351772
2020-06-15,57.16,58.48,56.92,58.27,375650
2020-06-16,58.36,59.00,58.16,58.62,546904
2020-06-17,59.78,59.89,59.07,59.25,470888
2020-06-18,59.28,59.29,58.64,59.04,652779
2020-06-19,60.13,60.35,59.50,59.75,535359
2020-06-22,60.58,60.64,59.81,60.09,1078606
2020-06-23,60.79,61.37,60.29,60.39,912643
2020-06-24,60.05,60.25,59.24,59.39,600434
2020-06-25,60.35,60.59,59.30,60.01,964001
2020-06-26,59.78,60.25,58.96,59.19,703905
2020-06-29,59.30,60.04,59.21,60.04,571079
2020-06-30,60.41,61.15,60.29,60.74,951084
2020-07-01,59.76,60.18,59.16,60.09,981782
2020-07-02,58.48,58.76,58.14,58.16,689767
2020-07-06,57.80,58.05,56.95,57.36,520638
2020-07-07,56.49,56.70,56.11,56.16,629463
2020-07-08,56.26,57.56,56.17,57.38,1091764
2020-07-09,54.05,54.44,53.33,53.63,1273446
2020-07-10,55.08,55.59,54.74,55.27,539338
2020-07-13,54.45,55.31,54.38,54.57,650085
2020-07-14,54.56,55.40,54.52,55.34,569369
2020-07-15,55.05,55.48,54.58,54.73,721222
2020-07-16,55.14,55.45,54.99,55.14,400042
2020-07-17,55.99,56.19,55.74,56.06,413831
2020-07-20,56.73,56.86,56.39,56.58,506215
2020-07-21,57.34,57.58,57.14,57.26,289655
2020-07-22,57.09,57.76,56.95,57.70,247138
2020-07-23,57.38,57.79,57.38,57.53,250437
2020-07-24,57.84,57.96,57.32,57.38,325833
2020-07-27,58.28,58.30,57.79,58.20,252785
2020-07-28,58.04,59.20,58.04,59.06,286107
2020-07-29,59.77,59.79,59.37,59.69,285851
2020-07-30,58.85,58.98,58.21,58.95,224475
2020-07-31,59.77,59.78,58.63,59.11,306245
2020-08-03,59.40,59.94,59.27,59.68,406407
2020-08-04,59.37,60.37,59.37,60.26,265937
2020-08-05,60.35,60.49,59.30,59.41,394022
2020-08-06,58.58,59.32,58.51,59.22,348647
2020-08-07,58.19,59.24,58.18,59.20,389406
2020-08-10,59.24,59.40,58.97,59.18,313518
2020-08-11,59.06,59.09,57.90,58.01,401232
2020-08-12,59.10,60.49,59.10,59.93,331914
2020-08-13,59.23,59.52,58.83,59.02,222085
2020-08-14,58.41,58.66,58.22,58.35,251242
2020-08-17,58.32,58.38,57.76,57.95,311292
2020-08-18,58.42,58.54,57.61,57.85,267908
2020-08-19,57.54,57.76,57.07,57.10,292216
2020-08-20,57.16,57.71,57.02,57.58,481974
2020-08-21,57.36,57.55,57.07,57.44,218034
2020-08-24,58.50,58.52,57.82,58.18,249567
2020-08-25,58.30,58.36,57.12,57.34,218358
2020-08-26,56.65,56.97,56.35,56.85,166342
2020-08-27,57.03,57.11,56.17,56.35,262939
2020-08-28,56.59,56.63,55.83,56.55,194930
2020-08-31,56.33,56.82,56.32,56.48,170379
2020-09-01,56.47,56.48,55.73,56.16,403524
2020-09-02,56.76,57.68,56.64,57.52,325883
2020-09-03,57.29,57.40,56.28,56.50,332115
2020-09-04,56.14,56.34,55.01,55.61,489891
2020-09-08,55.66,55.75,55.20,55.32,478033
2020-09-09,56.03,56.52,55.79,55.82,423521
2020-09-10,55.34,55.34,54.17,54.17,360158
2020-09-11,54.93,54.95,54.28,54.49,344630
2020-09-14,55.15,55.15,54.54,54.58,311828
2020-09-15,54.84,55.16,54.44,54.60,381445
2020-09-16,54.90,55.41,54.78,55.10,289361
2020-09-17,54.19,54.67,54.11,54.39,240547
2020-09-18,54.77,54.96,54.51,54.75,471408
2020-09-21,53.38,53.69,53.11,53.50,469382
2020-09-22,53.67,54.02,53.19,53.71,358715
2020-09-23,54.54,54.62,53.73,53.80,325954
2020-09-24,53.95,54.09,53.09,53.63,286455
2020-09-25,53.88,54.69,53.78,54.64,334075
2020-09-28,55.04,55.20,54.56,54.56,318784
2020-09-29,56.62,57.38,56.54,56.89,469764
2020-09-30,57.80,57.94,57.34,57.79,635625
2020-10-01,58.22,58.93,57.69,58.28,899511
2020-10-02,59.13,59.96,59.11,59.92,757375
2020-10-05,59.33,60.12,59.11,60.04,332837
2020-10-06,59.67,60.06,59.33,59.59,364889
2020-10-07,59.78,60.73,59.66,60.62,403726
2020-10-08,60.69,61.22,60.62,61.02,282847
2020-10-09,60.59,60.91,60.25,60.64,482667
2020-10-12,61.07,61.93,60.96,61.46,228495
2020-10-13,60.79,61.01,60.55,60.85,292766
2020-10-14,61.26,61.49,61.04,61.25,201312
2020-10-15,59.55,60.48,59.49,60.26,297398
2020-10-16,60.68,61.14,60.61,61.05,223725
2020-10-19,61.31,61.45,60.46,60.59,193886
2020-10-20,60.93,61.24,60.62,60.65,202040
2020-10-21,61.15,61.54,61.02,61.07,288211
2020-10-22,60.94,61.28,60.80,61.16,232626
2020-10-23,61.78,61.99,61.35,61.69,188902
2020-10-26,62.06,62.13,61.34,61.61,282883
2020-10-27,61.76,61.79,61.23,61.35,200745
2020-10-28,59.62,60.11,59.23,59.57,577846
2020-10-29,59.96,60.19,59.24,59.96,286008
2020-10-30,59.63,59.92,59.16,59.45,290952
2020-11-02,59.33,59.77,59.05,59.66,425329
2020-11-03,60.87,61.62,60.80,61.43,333006
2020-11-04,60.89,62.17,60.79,61.39,325526
2020-11-05,62.57,62.64,61.80,62.20,283155
2020-11-06,61.50,61.67,61.19,61.32,247810
2020-11-09,62.19,62.31,61.27,61.33,470949
2020-11-10,62.05,62.94,61.97,62.70,308007
2020-11-11,63.05,63.78,62.98,63.33,221946
2020-11-12,62.77,62.86,61.91,62.35,295595
2020-11-13,62.50,63.12,62.50,62.94,224747
2020-11-16,62.50,62.83,61.87,62.30,603490
2020-11-17,61.75,62.32,61.55,61.67,442335
2020-11-18,62.57,62.83,61.82,61.82,323768
2020-11-19,61.98,61.98,61.16,61.90,403183
2020-11-20,61.87,62.06,61.53,61.67,312122
2020-11-23,61.79,61.79,61.01,61.26,271538
2020-11-24,60.85,61.20,60.72,61.16,359275
2020-11-25,59.52,60.00,59.42,59.85,303203
2020-11-27,58.70,58.87,58.33,58.50,257425
2020-11-30,57.75,58.10,56.68,56.68,737984
2020-12-01,57.15,57.82,57.09,57.34,722644
2020-12-02,57.79,57.93,57.44,57.89,853138
2020-12-03,58.04,58.10,57.48,57.58,517126
2020-12-04,58.04,58.26,57.08,57.21,536189
2020-12-07,57.03,57.48,56.97,57.35,261459
2020-12-08,57.97,58.27,57.76,58.23,532242
2020-12-09,60.12,60.28,59.89,60.21,500817
2020-12-10,59.57,59.93,58.91,59.22,369440
2020-12-11,58.38,58.45,57.62,57.84,344535
2020-12-14,58.69,59.08,58.28,58.28,299297
2020-12-15,58.37,58.57,58.13,58.52,222869
2020-12-16,59.33,59.59,58.37,58.51,597864
2020-12-17,59.34,59.73,59.22,59.42,342276
2020-12-18,58.86,59.01,58.10,58.21,376701
2020-12-21,56.52,57.18,55.96,57.14,397037
2020-12-22,56.63,56.83,56.36,56.79,221261
2020-12-23,57.91,58.42,57.72,57.82,336678
2020-12-24,58.00,58.18,57.65,57.89,100608
2020-12-28,57.84,58.45,57.77,58.00,143143
2020-12-29,59.55,59.72,59.06,59.23,345677
2020-12-30,59.30,59.32,58.89,58.96,217435
2020-12-31,58.96,59.13,58.55,59.03,191949
2021-01-04,60.32,60.54,59.69,59.72,397138
2021-01-05,59.05,59.46,58.86,59.35,254686
2021-01-06,59.72,60.45,59.69,59.84,506508
2021-01-07,60.07,60.10,59.37,59.63,277867
2021-01-08,59.71,59.82,59.33,59.77,262915
2021-01-11,58.90,59.36,58.83,59.25,232715
2021-01-12,58.43,58.66,58.03,58.63,240772
2021-01-13,59.19,60.04,59.15,59.88,274817
2021-01-14,59.69,59.88,59.50,59.70,337067
2021-01-15,58.95,59.68,58.89,59.47,258411
2021-01-19,59.95,60.00,59.59,59.78,385192
2021-01-20,59.31,59.75,59.07,59.67,263319
2021-01-21,59.61,59.79,59.35,59.75,315910
2021-01-22,59.95,60.25,59.55,60.06,302112
2021-01-25,60.04,60.96,60.01,60.82,315116
2021-01-26,60.64,60.86,60.38,60.74,219091
2021-01-27,59.85,60.32,59.51,59.56,305540
2021-01-28,58.85,59.68,58.75,59.08,324523
2021-01-29,58.40,58.78,58.01,58.08,390338
2021-02-01,58.90,59.55,58.50,59.19,461458
2021-02-02,59.08,59.50,58.90,59.24,263554
2021-02-03,59.97,59.97,59.39,59.67,267402
2021-02-04,59.14,59.68,59.02,59.53,242231
2021-02-05,58.70,59.06,58.27,58.64,405775
2021-02-08,58.37,58.56,58.19,58.24,400233
2021-02-09,58.88,59.29,58.86,59.28,355199
2021-02-10,59.65,59.68,59.04,59.13,249827
2021-02-11,59.38,59.53,58.88,59.13,205481
2021-02-12,59.17,59.33,58.91,59.23,224320
2021-02-16,59.48,59.48,58.91,59.13,218942
2021-02-17,59.52,60.35,59.40,60.29,354232
2021-02-18,59.61,60.10,59.44,59.68,459509
2021-02-19,59.68,59.72,59.02,59.08,271900
2021-02-22,59.09,59.13,58.00,58.32,321664
2021-02-23,58.66,59.32,58.57,59.07,318149
2021-02-24,58.60,58.95,58.32,58.56,246347
2021-02-25,58.39,58.69,57.67,57.83,356622
2021-02-26,56.91,57.03,55.89,55.89,485235
2021-03-01,57.05,57.64,56.62,57.24,533986
2021-03-02,57.99,58.25,57.54,58.01,383013
2021-03-03,57.16,57.24,56.25,56.74,437703
2021-03-04,57.95,58.46,57.19,57.35,476159
2021-03-05,57.26,57.68,56.96,57.63,428629
2021-03-08,56.90,57.96,56.75,57.78,522586
2021-03-09,58.88,58.98,58.01,58.32,484209
2021-03-10,58.43,58.80,58.11,58.64,374562
2021-03-11,58.89,58.98,58.60,58.62,239665
2021-03-12,58.37,58.93,58.32,58.92,309728
2021-03-15,58.87,59.16,58.51,59.11,380431
2021-03-16,59.21,59.42,58.94,59.38,350604
2021-03-17,58.49,58.65,57.65,57.77,741468
2021-03-18,58.12,58.63,57.79,58.06,707489
2021-03-19,58.37,58.81,57.95,58.55,489797
2021-03-22,58.37,58.93,58.26,58.65,314969
2021-03-23,58.98,59.57,58.88,59.14,377067
2021-03-24,58.66,59.33,58.60,59.12,272468
2021-03-25,59.76,60.19,59.53,59.96,394123
2021-03-26,59.10,59.61,59.00,59.49,339443
2021-03-29,59.45,60.14,59.45,60.00,249383
2021-03-30,58.91,59.22,58.76,59.01,297224
2021-03-31,59.13,59.62,59.05,59.24,603482
2021-04-01,59.58,59.91,59.34,59.64,544172
2021-04-05,59.59,60.37,59.51,60.00,422805
2021-04-06,60.11,60.56,59.94,60.34,555737
2021-04-07,61.17,61.25,60.77,60.87,592195
2021-04-08,62.12,62.29,61.80,61.82,597361
2021-04-09,61.83,61.90,61.43,61.54,331576
2021-04-12,61.73,62.03,61.64,61.76,258486
2021-04-13,61.15,61.58,61.05,61.58,257993
2021-04-14,61.30,61.39,60.86,61.21,226397
2021-04-15,61.30,61.99,61.30,61.93,196499
2021-04-16,61.98,62.53,61.93,62.39,378052
2021-04-19,63.22,63.48,62.73,63.21,431933
2021-04-20,63.05,63.50,63.05,63.42,322244
2021-04-21,62.96,63.22,62.80,63.01,297588
2021-04-22,63.36,63.65,63.03,63.36,424583
2021-04-23,62.57,62.83,62.32,62.58,524513
2021-04-26,62.62,62.75,62.42,62.52,202977
2021-04-27,62.64,62.82,62.45,62.50,209865
2021-04-28,62.26,62.65,62.24,62.48,151813
2021-04-29,61.89,62.39,61.86,62.18,235795
2021-04-30,63.30,63.45,62.68,62.98,279355
2021-05-03,63.11,63.71,63.00,63.32,273134
2021-05-04,63.28,63.70,63.25,63.67,227608
2021-05-05,63.51,63.59,63.14,63.44,106203
2021-05-06,64.51,64.97,64.42,64.90,369179
2021-05-07,65.00,65.35,64.89,65.02,319382
2021-05-10,65.13,65.82,65.11,65.51,232698
2021-05-11,64.95,65.10,64.43,64.60,305202
2021-05-12,65.00,65.33,64.34,64.36,307250
2021-05-13,64.13,65.08,64.13,64.92,235772
2021-05-14,65.89,66.10,65.68,65.78,568771
2021-05-17,65.83,66.22,65.67,65.87,181880
2021-05-18,66.25,66.31,65.83,65.96,230449
2021-05-19,65.94,66.16,65.53,65.80,232114
2021-05-20,66.49,67.38,66.44,67.28,429370
2021-05-21,67.02,67.25,66.84,67.21,488984
2021-05-24,67.34,67.77,67.33,67.58,390249
2021-05-25,67.12,67.31,66.71,67.01,253997
2021-05-26,67.55,67.87,67.47,67.59,228711
2021-05-27,67.23,67.34,66.85,67.09,296910
2021-05-28,66.59,67.01,66.52,66.87,511212
2021-06-01,67.77,67.80,67.19,67.24,533788
2021-06-02,68.06,68.49,67.95,68.16,554260
2021-06-03,65.23,65.35,64.94,65.19,414016
2021-06-04,65.30,65.30,64.83,64.92,304740
2021-06-07,65.17,65.33,65.08,65.28,368129
2021-06-08,65.41,65.41,64.90,65.29,300894
2021-06-09,65.01,65.08,64.72,64.94,353043
2021-06-10,65.00,65.27,64.91,65.11,353712
2021-06-11,65.26,65.50,65.11,65.47,231212
2021-06-14,65.37,65.70,65.27,65.70,234316
2021-06-15,65.63,65.97,65.51,65.76,254479
2021-06-16,66.16,66.43,65.40,65.47,283453
2021-06-17,64.97,65.40,64.89,65.24,250022
2021-06-18,64.75,64.75,64.08,64.08,322493
2021-06-21,64.60,65.37,64.32,65.25,363451
2021-06-22,65.23,65.37,65.01,65.03,204369
2021-06-23,65.04,65.04,64.48,64.72,217761
2021-06-24,64.69,64.95,64.54,64.87,266501
2021-06-25,64.58,64.72,64.38,64.64,368467
2021-06-28,64.56,64.80,64.51,64.61,165435
2021-06-29,64.25,64.35,63.86,63.95,285629
2021-06-30,63.87,64.10,63.80,63.94,358965
2021-07-01,63.79,64.36,63.69,63.90,478211
2021-07-02,64.03,64.46,63.73,64.45,475708
2021-07-06,64.23,64.80,64.13,64.70,249509
2021-07-07,65.03,65.26,64.91,65.17,282544
2021-07-08,64.59,64.94,64.50,64.73,210882
2021-07-09,65.15,65.72,65.06,65.71,309890
2021-07-12,65.70,66.06,65.31,65.43,504950
2021-07-13,65.35,65.79,65.06,65.19,250105
2021-07-14,64.79,65.12,64.68,64.82,424844
2021-07-15,64.76,65.00,64.46,64.96,235422
2021-07-16,65.16,65.59,65.05,65.32,214055
2021-07-19,64.36,64.67,63.49,63.97,407352
2021-07-20,62.98,63.59,62.93,63.32,468334
2021-07-21,63.58,63.78,63.36,63.36,288088
2021-07-22,63.37,63.64,63.33,63.47,238775
2021-07-23,63.94,64.58,63.94,64.45,314047
2021-07-26,64.56,64.65,64.22,64.31,568158
2021-07-27,64.21,65.22,64.07,65.15,214055
2021-07-28,65.09,65.18,64.63,65.08,207438
2021-07-29,65.00,65.28,64.94,65.03,166973
2021-07-30,64.47,64.88,64.25,64.32,253689
2021-08-02,64.56,64.95,64.46,64.73,247674
2021-08-03,64.79,65.05,64.74,64.89,240738
2021-08-04,64.91,65.15,64.57,65.15,241272
2021-08-05,65.30,65.64,65.20,65.64,156208
2021-08-06,65.18,65.58,65.17,65.28,195371
2021-08-09,65.86,66.03,65.47,65.70,237536
2021-08-10,65.92,66.13,65.80,65.90,222792
2021-08-11,65.65,65.89,65.59,65.77,148416
2021-08-12,66.00,66.05,65.71,65.88,152215
2021-08-13,66.02,66.42,65.95,66.37,171131
2021-08-16,66.34,66.55,66.17,66.39,229612
2021-08-17,66.34,66.63,65.99,66.41,203652
2021-08-18,66.74,67.16,66.53,67.01,420928
2021-08-19,66.82,67.16,66.68,66.74,183098
2021-08-20,66.58,66.95,66.53,66.90,160005
2021-08-23,66.60,66.71,66.37,66.43,170242
2021-08-24,65.76,66.23,65.56,65.93,268462
2021-08-25,65.52,65.77,65.36,65.49,299277
2021-08-26,64.80,64.91,64.59,64.60,474160
2021-08-27,64.64,64.86,64.47,64.66,250428
2021-08-30,64.66,65.01,64.62,64.67,127443
2021-08-31,64.90,65.10,64.67,64.89,190439
2021-09-01,65.15,65.51,65.10,65.25,260866
2021-09-02,65.25,65.59,65.17,65.52,297834
2021-09-03,64.97,65.35,64.85,65.05,281583
2021-09-07,64.32,64.41,64.02,64.02,221154
2021-09-08,64.62,65.28,64.57,65.06,322596
2021-09-09,65.40,65.48,65.02,65.03,432737
2021-09-10,65.46,65.52,64.62,64.70,397248
2021-09-13,66.32,66.56,65.87,66.05,399039
2021-09-14,66.93,67.00,66.57,66.62,409977
2021-09-15,66.32,66.56,66.15,66.39,296621
2021-09-16,66.45,66.88,66.24,66.69,316981
2021-09-17,66.65,66.83,65.69,66.02,509161
2021-09-20,64.88,65.52,64.49,64.97,397065
2021-09-21,65.19,65.72,65.12,65.19,254217
2021-09-22,64.46,64.90,64.03,64.07,340491
2021-09-23,64.39,64.59,63.89,63.95,280723
2021-09-24,63.22,63.37,62.54,62.57,314733
2021-09-27,62.38,62.71,61.85,61.89,259348
2021-09-28,60.62,60.78,60.09,60.25,574929
2021-09-29,60.06,60.53,59.82,60.21,329837
2021-09-30,60.14,60.22,59.53,59.63,339046
2021-10-01,60.79,60.94,60.52,60.60,500010
2021-10-04,61.15,61.77,61.15,61.69,497825
2021-10-05,61.85,62.12,61.68,61.90,239733
2021-10-06,61.00,61.82,60.98,61.72,279982
2021-10-07,61.30,61.58,60.91,60.95,375528
2021-10-08,60.67,60.84,60.42,60.43,365283
2021-10-11,60.42,60.54,60.15,60.21,201485
2021-10-12,60.12,60.54,60.03,60.31,175859
2021-10-13,61.09,61.75,61.06,61.70,268903
2021-10-14,61.73,61.86,61.57,61.66,223817
2021-10-15,61.50,61.85,61.45,61.61,200216
2021-10-18,61.95,62.13,61.71,61.92,392519
2021-10-19,62.26,62.54,62.21,62.42,228811
2021-10-20,62.84,63.19,62.82,63.07,179775
2021-10-21,62.46,62.79,62.43,62.56,175713
2021-10-22,62.70,62.95,62.65,62.82,192394
2021-10-25,62.83,62.97,62.49,62.56,221953
2021-10-26,63.05,63.60,62.98,63.30,358857
2021-10-27,64.17,64.35,64.05,64.08,484770
2021-10-28,64.80,65.21,64.74,65.14,577611
2021-10-29,64.42,64.70,63.91,64.08,352617
2021-11-01,64.55,64.93,64.35,64.87,225083
2021-11-02,64.65,64.80,64.43,64.57,200291
2021-11-03,64.75,64.95,64.46,64.88,177085
2021-11-04,64.40,64.82,64.16,64.52,245979
2021-11-05,64.38,64.57,64.07,64.41,346948
2021-11-08,64.74,64.82,64.28,64.39,230061
2021-11-09,64.22,64.39,63.83,64.12,278500
2021-11-10,65.13,65.30,64.86,65.01,235815
2021-11-11,65.38,65.39,64.71,64.97,180911
2021-11-12,65.41,65.61,65.33,65.45,234688
2021-11-15,65.78,66.00,65.65,65.92,173265
2021-11-16,65.45,65.61,65.21,65.25,180547
2021-11-17,65.67,65.90,65.31,65.81,199096
2021-11-18,65.63,66.47,65.63,66.17,269064
2021-11-19,66.22,66.34,66.08,66.23,337561
2021-11-22,65.76,66.34,65.75,66.13,340908
2021-11-23,66.55,66.77,66.48,66.65,322337
2021-11-24,66.51,66.75,66.38,66.64,187257
2021-11-26,67.49,67.63,66.58,66.73,193795
2021-11-29,67.02,67.16,66.63,66.75,297715
2021-11-30,67.18,67.40,66.04,66.07,498002
2021-12-01,66.50,67.18,66.00,66.00,444216
2021-12-02,65.56,65.94,65.20,65.66,383687
2021-12-03,66.23,66.62,65.93,66.59,301157
2021-12-06,67.70,68.23,67.43,67.49,363862
2021-12-07,67.76,68.08,67.68,67.95,241039
2021-12-08,68.58,68.92,68.40,68.77,305963
2021-12-09,69.00,69.37,68.88,69.15,441394
2021-12-10,69.26,69.68,69.22,69.54,235140
2021-12-13,69.22,69.74,69.22,69.28,347732
2021-12-14,69.58,69.77,69.38,69.60,253014
2021-12-15,70.05,70.39,69.76,70.24,283864
2021-12-16,68.70,69.90,68.66,69.57,320458
2021-12-17,69.56,71.40,69.56,70.43,652171
2021-12-20,70.56,71.36,70.44,71.21,377119
2021-12-21,71.33,72.00,71.33,71.49,424261
2021-12-22,71.44,72.41,71.42,72.27,345151
2021-12-23,72.37,72.80,72.37,72.37,191155
2021-12-27,72.30,72.68,71.98,72.62,133074
2021-12-28,72.51,72.78,72.41,72.66,171245
2021-12-29,73.14,73.55,73.13,73.44,308589
2021-12-30,73.11,73.17,72.60,72.96,252602
2021-12-31,71.87,72.39,71.24,72.32,271394
2022-01-03,72.24,72.57,71.92,72.31,415387
2022-01-04,72.56,73.08,72.44,72.45,315883
2022-01-05,72.15,72.48,71.75,71.75,347517
2022-01-06,71.56,71.63,70.93,71.03,300562
2022-01-07,71.40,71.84,71.24,71.61,276572
2022-01-10,71.06,71.61,71.01,71.54,279986
2022-01-11,71.65,71.74,71.27,71.63,321271
2022-01-12,71.86,72.31,71.75,72.04,215858
2022-01-13,72.61,73.23,72.51,73.02,409340
2022-01-14,73.99,74.07,73.59,73.65,522650
2022-01-18,73.24,73.95,73.10,73.80,373996
2022-01-19,73.65,74.35,73.65,74.08,395901
2022-01-20,74.27,74.71,73.91,73.96,336484
2022-01-21,73.21,73.80,73.16,73.58,762608
2022-01-24,72.76,73.14,71.85,72.94,625961
2022-01-25,72.39,73.48,72.31,73.05,579123
2022-01-26,72.71,72.98,71.75,72.01,603791
2022-01-27,73.37,73.95,73.03,73.31,346651
2022-01-28,73.33,73.81,73.07,73.79,369668
2022-01-31,72.38,73.20,72.34,73.19,311197
2022-02-01,74.25,74.50,73.65,74.25,493970
2022-02-02,74.10,74.98,74.03,74.88,313344
2022-02-03,74.93,75.14,74.49,74.59,257752
2022-02-04,73.01,73.37,72.48,73.12,408790
2022-02-07,72.50,73.21,72.47,73.08,303999
2022-02-08,73.42,73.58,73.04,73.32,326008
2022-02-09,73.68,73.70,73.16,73.34,253621
2022-02-10,73.82,74.45,73.44,73.51,539805
2022-02-11,74.20,74.66,73.71,73.85,548855
2022-02-14,73.38,73.51,72.44,72.86,498377
2022-02-15,72.96,73.17,72.27,72.49,338296
2022-02-16,72.95,73.71,72.95,73.59,302335
2022-02-17,73.40,74.63,73.01,73.63,550811
2022-02-18,73.87,74.15,73.63,73.85,324284
2022-02-22,71.97,73.08,71.84,72.86,392739
2022-02-23,72.85,73.38,72.67,72.77,356163
2022-02-24,71.27,71.51,70.18,71.29,590286
2022-02-25,73.43,74.23,73.33,74.21,486835
2022-02-28,75.38,75.86,75.12,75.58,550652
2022-03-01,76.26,76.77,75.34,75.76,407558
2022-03-02,75.25,75.67,75.19,75.39,397488
2022-03-03,74.47,74.98,73.74,74.67,526810
2022-03-04,73.47,74.12,73.20,74.08,718680
2022-03-07,73.51,74.02,72.88,73.16,592638
2022-03-08,73.72,74.15,72.32,73.21,495034
2022-03-09,74.68,75.53,74.29,75.07,492581
2022-03-10,73.86,74.69,73.81,74.44,298551
2022-03-11,73.43,73.76,72.62,72.72,672426
2022-03-14,72.91,73.74,72.70,72.89,467509
2022-03-15,75.32,75.82,74.69,75.60,454625
2022-03-16,75.08,75.08,73.06,73.98,407318
2022-03-17,74.99,75.44,74.52,75.21,285261
2022-03-18,74.58,75.16,74.23,74.98,496726
2022-03-21,74.94,75.15,74.51,74.66,381866
2022-03-22,74.92,74.92,74.27,74.53,270773
2022-03-23,73.32,73.82,73.23,73.49,318071
2022-03-24,73.97,74.32,73.73,74.10,288255
2022-03-25,74.42,74.91,74.24,74.89,196997
2022-03-28,74.03,74.72,73.98,74.54,235056
2022-03-29,75.37,75.56,74.97,75.52,197087
2022-03-30,76.01,76.98,76.01,76.85,332237
2022-03-31,76.99,77.46,76.81,76.87,278512
2022-04-01,76.35,77.03,76.24,77.02,464549
2022-04-04,76.78,77.10,76.55,76.89,318897
2022-04-05,78.78,79.70,78.59,78.63,450559
2022-04-06,79.35,80.17,79.10,80.01,481633
2022-04-07,79.48,79.79,79.21,79.63,377552
2022-04-08,79.87,80.08,79.47,79.83,384028
2022-04-11,79.99,80.20,79.02,79.09,340791
2022-04-12,77.80,78.15,77.35,77.65,626427
2022-04-13,77.44,78.20,77.23,77.92,402044
2022-04-14,78.04,78.14,77.43,77.49,342915
2022-04-18,77.38,77.69,76.98,77.15,241683
2022-04-19,76.40,76.55,76.09,76.39,313281
2022-04-20,77.18,77.65,77.09,77.31,241219
2022-04-21,75.97,76.39,75.34,75.39,489920
2022-04-22,75.97,76.04,75.43,75.46,319903
2022-04-25,75.76,76.13,75.01,76.03,444837
2022-04-26,76.01,76.48,75.09,75.11,463467
2022-04-27,75.75,76.37,75.26,75.67,425605
2022-04-28,75.90,76.79,75.83,76.53,362126
2022-04-29,75.96,76.03,74.07,74.16,432909
2022-05-02,73.91,74.42,73.01,73.72,356486
2022-05-03,74.03,74.82,73.82,74.15,354640
2022-05-04,74.53,75.11,73.76,75.01,373147
2022-05-05,74.75,74.95,73.80,74.18,461160
2022-05-06,73.13,73.58,72.76,73.37,520119
2022-05-09,72.70,73.52,72.49,73.11,455775
2022-05-10,73.44,73.79,72.67,73.27,424478
2022-05-11,73.06,74.20,72.80,72.85,384304
2022-05-12,73.51,73.60,72.55,73.11,402644
2022-05-13,73.85,75.05,73.75,75.01,349113
2022-05-16,75.17,75.77,75.15,75.57,330027
2022-05-17,76.57,77.39,76.19,77.34,353505
2022-05-18,76.83,77.52,76.49,76.54,387760
2022-05-19,75.74,76.34,75.13,75.95,411249
2022-05-20,75.71,76.27,75.36,76.21,380932
2022-05-23,76.88,77.60,76.70,77.02,422501
2022-05-24,76.61,77.75,76.43,77.72,465332
2022-05-25,77.85,77.94,77.10,77.79,407447
2022-05-26,75.81,75.84,74.86,75.04,422643
2022-05-27,73.98,74.33,73.73,74.15,381873
2022-05-31,74.38,74.73,74.01,74.38,460683
2022-06-01,73.54,73.63,72.31,72.49,473813
2022-06-02,72.84,73.61,71.91,73.50,333622
2022-06-03,71.42,71.68,70.80,70.88,214417
2022-06-06,71.44,71.59,71.03,71.15,348964
2022-06-07,69.94,70.62,69.82,70.62,517236
2022-06-08,69.37,69.68,68.94,68.95,464240
2022-06-09,68.30,69.14,67.43,67.43,437938
2022-06-10,66.77,67.66,66.70,67.35,441604
2022-06-13,66.58,66.63,65.32,65.49,540285
2022-06-14,64.81,64.93,63.17,63.68,585113
2022-06-15,64.65,65.44,64.14,64.81,680647
2022-06-16,64.46,64.77,64.23,64.48,716978
2022-06-17,64.32,64.50,63.28,63.40,662883
2022-06-21,63.34,63.57,62.98,63.23,467648
2022-06-22,63.51,64.48,63.46,64.02,630255
2022-06-23,63.35,63.62,62.87,63.43,540615
2022-06-24,64.84,65.39,64.70,65.28,425754
2022-06-27,65.11,66.07,65.07,65.78,400753
2022-06-28,65.45,65.90,65.29,65.36,406425
2022-06-29,66.09,66.34,65.89,66.04,335879
2022-06-30,65.00,65.16,64.33,64.69,554862
2022-07-01,64.33,66.01,64.24,65.97,657459
2022-07-05,65.12,65.20,63.88,64.74,597911
2022-07-06,65.46,65.86,64.74,65.29,572171
2022-07-07,65.14,65.33,64.71,65.18,340523
2022-07-08,64.60,64.98,64.40,64.64,335112
2022-07-11,64.68,65.30,64.52,65.11,346950
2022-07-12,65.33,65.57,64.88,65.02,422144
2022-07-13,65.00,66.07,64.98,65.61,277065
2022-07-14,64.73,65.74,64.50,65.62,351909
2022-07-15,65.96,66.33,65.61,66.29,359896
2022-07-18,66.44,66.98,66.31,66.34,294076
2022-07-19,66.96,67.21,66.84,66.89,323328
2022-07-20,66.97,67.01,66.12,66.25,361191
2022-07-21,64.45,65.20,64.28,65.06,307830
2022-07-22,65.89,66.81,65.89,66.56,329512
2022-07-25,66.80,67.57,66.67,67.57,285167
2022-07-26,67.75,68.20,67.73,68.12,301256
2022-07-27,67.75,68.11,67.36,68.00,255232
2022-07-28,67.51,68.74,67.29,68.70,250568
2022-07-29,68.94,69.75,68.81,69.61,241855
2022-08-01,69.73,69.80,69.13,69.38,427324
2022-08-02,70.81,70.90,70.04,70.07,469377
2022-08-03,69.98,69.98,69.03,69.83,374889
2022-08-04,69.42,69.93,69.30,69.61,308802
2022-08-05,68.57,68.68,67.77,68.55,296752
2022-08-08,69.73,69.82,68.97,69.32,293230
2022-08-09,69.49,70.40,69.49,70.08,220424
2022-08-10,70.37,70.66,70.00,70.24,230111
2022-08-11,70.09,70.09,69.40,69.47,322740
2022-08-12,69.83,70.47,69.79,70.42,243380
2022-08-15,70.62,70.81,70.27,70.67,248680
2022-08-16,71.22,71.78,71.14,71.53,274191
2022-08-17,70.92,71.58,70.71,71.41,336543
2022-08-18,71.20,71.40,70.57,70.79,391267
2022-08-19,70.16,70.51,69.80,70.19,338870
2022-08-22,70.47,70.69,70.15,70.24,380124
2022-08-23,69.28,69.60,68.93,69.27,502217
2022-08-24,68.46,68.85,68.27,68.68,376434
2022-08-25,68.19,68.57,67.91,68.57,267570
2022-08-26,68.70,68.92,67.52,67.56,299486
2022-08-29,67.18,68.33,67.18,68.04,211234
2022-08-30,67.41,67.55,65.88,66.02,818901
2022-08-31,64.10,64.23,63.15,63.19,764221
2022-09-01,62.74,63.31,62.50,63.06,577187
2022-09-02,62.61,63.18,61.97,62.15,376229
2022-09-06,62.87,63.41,62.42,62.73,512028
2022-09-07,62.52,62.69,62.24,62.68,342262
2022-09-08,61.72,62.46,61.63,61.97,504353
2022-09-09,62.82,63.12,62.55,62.85,301707
2022-09-12,63.45,64.12,63.27,63.59,399581
2022-09-13,63.10,63.50,62.36,62.42,453597
2022-09-14,61.67,62.23,61.42,61.68,389670
2022-09-15,60.70,60.73,59.80,59.83,546912
2022-09-16,59.69,60.19,59.69,59.97,301844
2022-09-19,59.50,60.12,59.38,60.02,377443
2022-09-20,59.53,59.59,58.69,58.95,438316
2022-09-21,59.57,59.93,58.76,58.76,342192
2022-09-22,59.02,59.11,58.37,58.66,310377
2022-09-23,56.39,56.48,55.72,56.32,694065
2022-09-26,53.59,54.26,52.97,53.54,1044172
2022-09-27,53.43,53.55,51.12,51.49,1024133
2022-09-28,53.00,53.23,52.26,52.86,1037726
2022-09-29,52.49,52.57,51.67,51.74,926399
2022-09-30,52.29,52.60,51.52,51.53,810188
2022-10-03,52.57,53.40,52.35,52.87,791593
2022-10-04,53.79,54.01,53.35,53.86,802785
2022-10-05,52.67,52.78,51.85,52.51,687383
2022-10-06,51.93,51.97,50.66,50.78,558485
2022-10-07,51.32,51.41,50.04,50.35,803088
2022-10-10,49.68,49.99,49.39,49.47,825396
2022-10-11,49.46,49.57,48.58,48.64,826504
2022-10-12,47.91,48.05,47.22,47.26,656944
2022-10-13,48.17,49.45,48.01,49.29,751194
2022-10-14,49.95,49.98,48.41,48.65,623043
2022-10-17,51.20,51.98,51.04,51.36,822372
2022-10-18,51.16,51.44,50.81,51.37,663915
2022-10-19,50.66,50.92,50.47,50.86,571020
2022-10-20,50.81,50.94,50.13,50.32,602060
2022-10-21,49.93,51.11,49.76,50.90,405746
2022-10-24,52.45,52.72,51.71,51.97,854754
2022-10-25,53.00,54.00,52.92,53.70,879326
2022-10-26,54.03,54.32,53.68,53.79,485987
2022-10-27,53.93,54.55,53.93,54.25,537475
2022-10-28,54.22,55.32,54.17,55.30,460179
2022-10-31,54.71,54.95,54.21,54.62,637811
2022-11-01,55.37,55.45,54.81,55.00,567048
2022-11-02,55.48,56.21,54.91,54.96,508023
2022-11-03,53.44,54.31,53.44,54.15,583294
2022-11-04,54.30,55.33,54.25,55.23,544363
2022-11-07,55.53,55.61,54.53,55.19,426260
2022-11-08,55.95,56.65,55.90,56.20,541307
2022-11-09,55.95,56.35,55.65,55.66,421938
2022-11-10,59.12,59.71,58.25,59.57,663408
2022-11-11,59.11,59.48,58.24,59.40,426147
2022-11-14,59.44,59.55,58.93,58.98,484586
2022-11-15,59.98,60.25,58.78,59.30,449621
2022-11-16,59.46,60.25,59.44,60.03,347669
2022-11-17,59.41,59.61,58.87,59.34,351154
2022-11-18,60.18,60.62,60.11,60.42,340805
2022-11-21,60.75,61.03,60.57,60.75,368037
2022-11-22,60.85,61.45,60.84,61.27,331511
2022-11-23,60.70,61.53,60.66,61.48,466439
2022-11-25,61.31,61.74,61.31,61.70,235681
2022-11-28,61.29,61.68,60.79,60.92,470922
2022-11-29,60.39,60.93,60.28,60.62,334955
2022-11-30,60.95,61.74,60.28,61.60,341264
2022-12-01,62.66,63.33,62.56,62.84,707081
2022-12-02,62.27,62.83,62.12,62.46,343232
2022-12-05,62.54,62.95,62.24,62.60,357968
2022-12-06,62.23,62.44,61.71,62.20,292087
2022-12-07,62.23,62.60,61.87,61.99,306481
2022-12-08,62.01,62.99,61.87,62.80,625647
2022-12-09,62.31,62.86,62.30,62.33,363043
2022-12-12,62.38,62.53,62.01,62.46,308474
2022-12-13,63.12,63.60,62.42,62.75,372846
2022-12-14,63.39,63.97,62.92,63.14,383993
2022-12-15,62.98,63.14,62.04,62.19,375801
2022-12-16,60.77,61.04,60.31,60.73,447154
2022-12-19,60.85,61.11,60.30,60.51,430081
2022-12-20,60.18,60.81,60.12,60.65,370868
2022-12-21,60.34,60.77,60.27,60.71,489682
2022-12-22,60.06,60.34,59.47,60.32,298723
2022-12-23,60.36,60.84,60.02,60.84,238911
2022-12-27,60.08,60.73,60.00,60.68,224795
2022-12-28,60.81,61.11,59.90,59.93,355182
2022-12-29,60.33,60.94,60.33,60.74,284830
2022-12-30,60.44,60.69,59.87,60.32,219338
2023-01-03,60.19,60.68,59.85,60.49,446051
2023-01-04,61.75,62.53,61.65,62.05,484033
2023-01-05,61.75,62.03,61.14,61.35,478741
2023-01-06,61.78,63.78,61.77,63.76,562528
2023-01-09,62.82,63.54,62.72,62.87,462668
2023-01-10,62.51,62.61,61.98,62.32,307119
2023-01-11,62.45,63.03,62.38,63.02,308558
2023-01-12,63.44,63.66,62.73,63.31,233508
2023-01-13,62.76,63.41,62.76,63.15,288307
2023-01-17,63.08,64.02,63.08,63.82,283256
2023-01-18,64.11,64.31,63.65,63.76,297529
2023-01-19,63.76,64.40,63.73,64.25,321739
2023-01-20,64.25,64.38,63.82,64.38,282078
2023-01-23,63.46,64.14,63.30,63.88,262696
2023-01-24,63.71,64.06,63.27,64.03,201235
2023-01-25,64.03,64.55,63.91,64.52,212991
2023-01-26,64.27,64.31,63.86,64.26,212512
2023-01-27,63.36,63.98,63.27,63.64,233549
2023-01-30,63.95,64.43,63.86,63.87,238346
2023-01-31,63.40,63.83,63.08,63.77,200169
2023-02-01,63.10,64.00,62.65,63.93,467882
2023-02-02,63.70,64.21,63.28,63.72,278064
2023-02-03,63.15,63.24,62.21,62.34,263449
2023-02-06,62.68,62.92,62.28,62.90,274825
2023-02-07,62.35,62.75,61.96,62.46,182115
2023-02-08,62.67,62.72,61.73,61.91,196612
2023-02-09,63.03,63.18,62.09,62.18,282421
2023-02-10,62.49,62.75,62.20,62.70,274843
2023-02-13,63.56,64.10,63.49,63.73,246344
2023-02-14,64.23,64.77,63.97,64.23,291288
2023-02-15,63.19,63.76,63.12,63.64,207957
2023-02-16,62.82,63.30,62.27,62.95,205346
2023-02-17,63.97,64.72,63.90,64.49,245532
2023-02-21,64.91,65.05,64.41,64.41,283301
2023-02-22,64.50,64.96,64.18,64.29,268269
2023-02-23,64.19,64.35,63.63,63.98,176395
2023-02-24,63.33,63.52,63.13,63.40,229369
2023-02-27,63.98,64.61,63.86,64.03,244939
2023-02-28,63.45,63.74,62.74,62.91,305777
2023-03-01,61.45,61.58,60.93,61.35,411606
2023-03-02,61.12,61.94,61.11,61.90,210598
2023-03-03,61.58,62.30,61.25,62.30,235209
2023-03-06,62.02,62.44,62.01,62.28,232872
2023-03-07,61.97,62.19,60.82,61.03,266015
2023-03-08,61.34,62.08,61.29,62.06,228991
2023-03-09,62.21,62.68,61.78,61.91,212051
2023-03-10,63.80,63.82,62.39,62.44,423053
2023-03-13,64.75,65.13,64.20,64.49,511006
2023-03-14,64.95,65.16,64.15,64.64,371611
2023-03-15,63.83,64.09,62.94,63.58,697970
2023-03-16,63.46,64.68,63.35,64.61,442134
2023-03-17,63.23,63.83,62.99,63.69,460758
2023-03-20,64.58,64.96,64.25,64.72,279724
2023-03-21,64.85,64.91,63.38,63.93,250363
2023-03-22,63.77,64.75,63.63,63.72,314526
2023-03-23,64.66,65.09,63.99,64.29,536891
2023-03-24,64.06,65.35,64.06,65.32,355910
2023-03-27,65.50,65.92,65.50,65.63,291028
2023-03-28,65.62,66.32,65.61,66.05,266544
2023-03-29,66.01,66.58,65.95,66.39,324442
2023-03-30,66.84,67.53,66.82,67.41,245992
2023-03-31,67.84,68.21,67.75,67.99,305744
2023-04-03,67.52,68.17,67.20,67.92,362059
2023-04-04,67.98,69.28,67.98,69.02,332367
2023-04-05,70.21,70.71,70.07,70.37,530216
2023-04-06,71.26,71.59,70.84,71.31,404961
2023-04-10,70.90,71.26,70.39,71.26,217105
2023-04-11,71.04,71.37,70.96,71.13,243601
2023-04-12,72.11,72.28,71.68,71.76,262834
2023-04-13,71.87,72.31,71.38,72.07,271542
2023-04-14,70.46,70.51,69.31,69.61,533985
2023-04-17,69.56,69.76,69.00,69.47,434704
2023-04-18,69.44,69.52,69.21,69.31,220264
2023-04-19,70.06,70.43,69.78,69.88,189288
2023-04-20,70.43,70.69,70.16,70.54,283540
2023-04-21,71.44,71.64,70.73,71.34,314941
2023-04-24,71.07,71.18,70.70,71.08,286147
2023-04-25,71.30,71.71,71.15,71.38,254688
2023-04-26,71.62,71.68,70.98,71.07,203419
2023-04-27,71.06,71.89,70.99,71.77,210223
2023-04-28,71.55,72.00,71.45,71.65,183511
2023-05-01,71.62,72.16,71.39,71.83,172406
2023-05-02,70.59,71.54,70.55,71.51,277985
2023-05-03,71.57,72.16,71.25,71.63,223454
2023-05-04,72.04,73.32,72.04,72.90,332682
2023-05-05,72.61,73.25,72.43,73.24,275167
2023-05-08,73.15,73.63,72.90,72.93,158209
2023-05-09,72.44,73.25,72.39,73.10,434896
2023-05-10,72.77,73.57,72.64,73.50,483623
2023-05-11,72.91,72.99,72.23,72.74,598566
2023-05-12,73.01,74.48,72.94,74.22,1867326
2023-05-15,73.63,73.69,72.96,73.55,754993
2023-05-16,73.64,73.89,72.84,72.84,377535
2023-05-17,72.65,72.65,71.85,72.44,485473
2023-05-18,70.74,70.78,68.80,69.22,579405
2023-05-19,69.25,69.93,69.09,69.32,432060
2023-05-22,69.41,69.73,69.15,69.42,253333
2023-05-23,69.80,69.98,69.47,69.60,273452
2023-05-24,68.52,68.67,68.24,68.40,301770
2023-05-25,67.25,67.75,66.94,67.63,358687
2023-05-26,68.16,68.30,67.72,68.20,399436
2023-05-30,69.20,69.33,68.70,68.90,419488
2023-05-31,69.08,69.40,68.78,69.35,355318
2023-06-01,66.67,67.19,66.29,67.13,442753
2023-06-02,66.36,66.88,66.31,66.68,656280
2023-06-05,66.52,67.45,66.51,66.97,430380
2023-06-06,67.21,67.47,66.89,67.31,366673
2023-06-07,66.96,67.01,66.42,66.79,378318
2023-06-08,66.54,67.04,66.46,66.98,375626
2023-06-09,67.14,67.38,66.89,67.26,261748
2023-06-12,66.82,66.85,66.14,66.35,332330
2023-06-13,66.40,66.45,66.02,66.22,325026
2023-06-14,66.32,66.60,65.80,66.05,343262
2023-06-15,66.73,67.27,66.65,67.25,260337
2023-06-16,68.69,68.88,67.88,67.93,609509
2023-06-20,67.86,68.05,67.52,67.83,327928
2023-06-21,67.23,67.84,66.96,67.80,288886
2023-06-22,67.05,67.10,66.73,67.06,199530
2023-06-23,67.11,67.38,66.53,66.57,257889
2023-06-26,66.90,67.25,66.70,67.07,234226
2023-06-27,67.52,67.65,67.33,67.57,206380
2023-06-28,67.41,67.44,66.86,67.07,208860
2023-06-29,65.93,66.39,65.57,66.19,278040
2023-06-30,66.96,67.33,66.87,67.33,241226
2023-07-03,67.32,67.63,67.21,67.60,284266
2023-07-05,66.58,66.91,66.19,66.32,574558
2023-07-06,65.83,65.99,65.41,65.87,342201
2023-07-07,65.14,65.33,64.60,64.99,323894
2023-07-10,64.76,64.85,64.25,64.46,286539
2023-07-11,64.38,65.18,64.17,65.18,263094
2023-07-12,65.78,66.72,65.78,66.57,294315
2023-07-13,67.13,67.72,67.04,67.72,200866
2023-07-14,68.01,68.15,67.86,67.93,347097
2023-07-17,67.89,67.97,67.42,67.59,401167
2023-07-18,67.56,67.59,66.57,67.07,264175
2023-07-19,67.99,68.53,67.92,68.29,255576
2023-07-20,68.30,68.94,67.96,68.88,557614
2023-07-21,68.43,68.91,68.33,68.71,347538
2023-07-24,69.17,69.24,68.70,68.92,256713
2023-07-25,67.97,68.72,67.90,68.60,176549
2023-07-26,68.33,69.00,68.22,68.74,276871
2023-07-27,68.31,68.48,67.58,67.58,201749
2023-07-28,67.88,67.88,67.01,67.14,254539
2023-07-31,67.55,67.97,67.17,67.38,181979
2023-08-01,66.29,66.45,65.66,65.67,495407
2023-08-02,64.31,64.56,63.95,64.15,304673
2023-08-03,63.00,63.12,62.47,62.69,376190
2023-08-04,63.01,63.45,62.66,62.83,346166
2023-08-07,62.65,62.82,62.20,62.48,515160
2023-08-08,62.85,63.23,62.82,63.18,370928
2023-08-09,62.75,63.33,62.74,63.17,624827
2023-08-10,63.74,63.92,63.28,63.40,276696
2023-08-11,63.42,63.69,63.17,63.41,379409
2023-08-14,62.79,62.99,62.38,62.87,233990
2023-08-15,62.07,62.16,61.62,61.73,231897
2023-08-16,61.85,62.00,61.58,61.58,201766
2023-08-17,61.39,61.61,60.83,60.88,200161
2023-08-18,61.20,61.63,61.12,61.37,311058
2023-08-21,61.16,61.24,60.79,61.22,416152
2023-08-22,60.95,61.10,60.64,60.88,323953
2023-08-23,61.80,62.22,61.70,62.11,322464
2023-08-24,61.90,62.52,61.64,61.66,237299
2023-08-25,62.09,62.35,61.90,62.17,207112
2023-08-28,62.18,62.66,62.18,62.38,193982
2023-08-29,62.58,63.41,62.44,63.35,275664
2023-08-30,64.07,64.10,63.52,63.71,374570
2023-08-31,64.06,64.06,63.21,63.21,185057
2023-09-01,63.48,63.48,62.55,62.90,362103
2023-09-05,62.25,62.37,61.67,61.74,265414
2023-09-06,61.58,61.73,61.39,61.67,205206
2023-09-07,62.28,63.06,62.25,62.91,293507
2023-09-08,62.87,63.27,62.86,63.17,251536
2023-09-11,63.23,63.79,63.16,63.53,481915
2023-09-12,63.25,63.54,63.04,63.36,283644
2023-09-13,62.80,63.83,62.79,63.61,272719
2023-09-14,64.09,64.92,64.08,64.82,265071
2023-09-15,64.65,65.08,64.21,64.23,488350
2023-09-18,64.08,64.30,63.73,64.06,267422
2023-09-19,63.99,64.28,63.66,63.66,261940
2023-09-20,64.70,65.24,64.47,64.61,250294
2023-09-21,64.26,64.47,63.88,63.95,220345
2023-09-22,63.60,63.92,63.35,63.36,241938
2023-09-25,61.91,62.55,61.80,62.41,424022
2023-09-26,62.38,62.41,61.47,61.55,279433
2023-09-27,61.06,61.11,60.27,60.40,384986
2023-09-28,60.25,60.47,59.75,59.79,543838
2023-09-29,61.18,61.29,60.27,60.63,390228
2023-10-02,59.84,60.06,57.97,58.21,481696
2023-10-03,57.12,57.68,56.41,57.55,579775
2023-10-04,58.45,58.54,57.36,58.15,406526
2023-10-05,58.36,58.92,58.11,58.72,479188
2023-10-06,57.14,58.76,56.67,58.69,520138
2023-10-09,58.65,59.20,58.43,59.14,415199
2023-10-10,59.88,60.34,59.72,60.25,389070
2023-10-11,60.62,60.87,60.25,60.79,439764
2023-10-12,60.12,60.28,59.13,59.48,475563
2023-10-13,60.68,60.93,60.05,60.31,377690
2023-10-16,60.09,60.58,59.70,60.36,264954
2023-10-17,60.37,60.58,59.93,60.20,303973
2023-10-18,60.43,60.58,59.51,59.62,315223
2023-10-19,59.65,60.07,59.30,59.44,576975
2023-10-20,59.20,59.51,58.84,58.90,331291
2023-10-23,58.56,59.29,58.19,58.88,375599
2023-10-24,59.39,59.87,59.33,59.76,413460
2023-10-25,59.68,60.16,59.44,59.61,312441
2023-10-26,60.88,61.11,60.23,60.37,402444
2023-10-27,60.94,60.94,59.76,59.88,656628
2023-10-30,60.44,60.74,59.73,60.22,341322
2023-10-31,59.81,60.20,59.56,60.15,334322
2023-11-01,60.37,61.22,60.21,61.06,387038
2023-11-02,61.53,61.94,61.47,61.78,408044
2023-11-03,63.09,63.19,62.06,62.12,401844
2023-11-06,61.86,61.99,61.39,61.74,305817
2023-11-07,61.80,61.87,61.34,61.49,301671
2023-11-08,60.40,60.72,60.11,60.70,359347
2023-11-09,61.08,61.37,60.42,60.47,362483
2023-11-10,60.76,61.09,60.36,60.98,378689
2023-11-13,61.00,61.17,60.74,60.85,430270
2023-11-14,61.89,62.69,61.89,62.66,309545
2023-11-15,62.12,62.52,61.94,61.97,257757
2023-11-16,63.19,63.65,63.06,63.44,359157
2023-11-17,63.80,64.75,63.58,64.42,1145854
2023-11-20,64.12,65.29,63.86,65.19,1467627
2023-11-21,65.56,66.13,65.50,65.59,1112532
2023-11-22,64.86,64.95,64.09,64.50,413538
2023-11-24,64.37,65.00,64.29,64.97,389047
2023-11-27,64.92,65.51,64.56,65.41,413912
2023-11-28,65.71,66.35,65.50,65.70,577746
2023-11-29,66.09,66.22,65.69,65.91,434543
2023-11-30,65.72,66.24,65.44,66.01,401132
2023-12-01,65.98,66.92,65.94,66.84,401316
2023-12-04,66.14,66.68,66.11,66.21,455065
2023-12-05,66.20,66.42,66.00,66.24,582248
2023-12-06,66.96,67.28,66.80,67.13,322068
2023-12-07,68.04,68.25,67.79,67.81,361208
2023-12-08,67.15,67.58,67.07,67.47,336180
2023-12-11,67.40,67.87,67.33,67.77,483170
2023-12-12,68.15,68.21,66.63,66.95,1393307
2023-12-13,67.81,69.36,67.41,69.30,615757
2023-12-14,69.80,69.96,69.18,69.29,410401
2023-12-15,68.24,68.43,67.67,67.82,472856
2023-12-18,67.86,67.86,66.97,67.15,356891
2023-12-19,67.70,68.09,67.54,67.81,322832
2023-12-20,67.88,68.29,67.33,67.33,308418
2023-12-21,67.82,68.18,67.54,68.18,367347
2023-12-22,68.53,69.09,68.27,68.62,252273
2023-12-26,68.39,69.00,68.36,68.89,171142
2023-12-27,68.09,68.61,68.00,68.48,276428
2023-12-28,68.32,68.55,68.11,68.21,181744
2023-12-29,67.85,68.11,67.62,67.99,192192
2024-01-02,67.31,67.99,67.22,67.82,454282
2024-01-03,67.41,68.50,67.41,68.38,335143
2024-01-04,68.78,69.36,68.76,68.98,593559
2024-01-05,68.66,69.31,68.53,69.28,291527
2024-01-08,68.95,69.20,68.82,69.17,299342
2024-01-09,68.70,69.12,68.70,68.90,348888
2024-01-10,68.87,69.08,68.83,68.87,168656
2024-01-11,69.02,69.07,67.80,68.29,320133
2024-01-12,68.75,68.90,68.48,68.68,218648
2024-01-16,68.38,68.45,67.92,68.06,271161
2024-01-17,66.11,66.51,65.84,66.23,501662
2024-01-18,66.03,66.07,65.56,65.94,304571
2024-01-19,65.80,66.14,65.57,66.11,272810
2024-01-22,66.45,66.72,66.10,66.38,563816
2024-01-23,65.94,66.73,65.73,66.70,2033334
2024-01-24,67.34,67.46,66.26,66.28,1763204
2024-01-25,66.45,66.58,65.92,66.57,281243
2024-01-26,66.93,67.40,66.93,67.22,260687
2024-01-29,67.21,67.69,66.95,67.53,282787
2024-01-30,67.42,67.75,67.11,67.51,190914
2024-01-31,67.94,68.40,67.36,67.53,232266
2024-02-01,67.47,68.62,67.12,68.58,622254
2024-02-02,67.44,67.52,66.38,66.88,224725
2024-02-05,66.73,67.03,66.46,66.85,985405
2024-02-06,66.08,66.64,65.99,66.57,1427149
2024-02-07,66.52,66.64,66.33,66.46,484113
2024-02-08,65.69,65.78,64.74,64.88,468803
2024-02-09,64.28,64.52,63.77,64.22,428668
2024-02-12,64.08,64.64,63.88,64.58,412314
2024-02-13,64.31,64.36,63.35,63.70,289420
2024-02-14,63.86,64.08,63.60,64.02,896622
2024-02-15,64.48,65.03,64.38,64.80,297444
2024-02-16,64.72,65.21,64.63,65.09,256503
2024-02-20,66.25,66.88,66.18,66.71,647735
2024-02-21,66.55,66.91,66.23,66.68,533497
2024-02-22,66.08,66.32,65.60,66.03,349463
2024-02-23,66.53,66.91,66.38,66.64,240860
2024-02-26,66.35,66.39,65.62,65.66,284396
2024-02-27,65.94,66.41,65.80,66.38,208505
2024-02-28,65.92,66.23,65.81,66.08,376251
2024-02-29,67.01,67.38,66.55,66.66,326054
2024-03-01,66.51,66.70,65.86,66.53,253997
2024-03-04,66.40,67.58,66.36,67.48,375373
2024-03-05,67.90,68.51,67.67,67.75,406163
2024-03-06,68.67,68.87,68.13,68.42,299131
2024-03-07,68.93,69.03,68.45,68.72,266196
2024-03-08,68.72,69.04,68.59,68.80,380700
2024-03-11,68.58,68.80,68.28,68.59,236828
2024-03-12,68.15,68.19,67.08,67.49,333526
2024-03-13,67.83,68.16,67.60,67.60,224379
2024-03-14,67.90,67.92,67.08,67.45,219501
2024-03-15,67.71,67.97,67.41,67.89,368621
2024-03-18,67.59,67.63,67.11,67.21,227667
2024-03-19,67.17,67.44,67.04,67.29,184185
2024-03-20,67.85,68.55,67.70,68.53,283874
2024-03-21,68.73,68.94,67.88,67.92,311039
2024-03-22,67.68,68.33,67.68,68.00,217581
2024-03-25,68.19,68.39,67.94,67.98,479051
2024-03-26,67.85,67.97,67.12,67.15,372552
2024-03-27,66.64,67.90,66.57,67.83,302265
2024-03-28,67.98,68.39,67.93,68.22,279978
2024-04-01,67.92,68.08,67.35,67.83,232895
2024-04-02,67.99,68.55,67.98,68.02,320999
2024-04-03,68.00,68.42,67.61,68.16,247308
2024-04-04,68.83,68.96,67.91,68.21,233135
2024-04-05,66.77,66.88,66.01,66.33,404703
2024-04-08,66.29,67.00,66.29,66.56,414404
2024-04-09,66.77,66.98,66.32,66.77,215266
2024-04-10,65.95,65.95,64.68,64.87,294050
2024-04-11,65.26,65.27,64.20,64.66,246272
2024-04-12,65.25,66.09,64.90,65.00,437711
2024-04-15,65.11,65.20,64.41,64.51,312167
2024-04-16,64.03,64.10,63.31,63.52,449538
2024-04-17,64.28,64.73,63.99,64.59,286466
2024-04-18,65.20,65.49,64.93,65.44,350427
2024-04-19,65.49,65.85,65.32,65.38,488885
2024-04-22,65.41,66.08,65.28,65.85,451422
2024-04-23,66.28,67.11,66.27,66.84,336496
2024-04-24,66.73,66.96,66.40,66.82,253779
2024-04-25,66.32,66.81,66.00,66.76,232314
2024-04-26,66.80,66.93,66.30,66.31,287058
2024-04-29,67.10,67.42,67.04,67.12,231745
2024-04-30,66.68,66.93,66.43,66.65,217199
2024-05-01,66.82,67.62,66.69,67.12,257789
2024-05-02,67.26,67.79,67.08,67.61,526964
2024-05-03,68.30,68.56,67.83,68.33,267820
2024-05-06,68.06,68.80,68.04,68.65,186467
2024-05-07,69.70,69.93,69.46,69.62,250600
2024-05-08,69.47,69.97,69.45,69.84,185450
2024-05-09,70.21,70.90,70.17,70.80,284593
2024-05-10,71.30,71.30,70.82,71.21,295191
2024-05-13,71.24,71.47,70.75,70.80,246373
2024-05-14,71.81,71.94,71.37,71.53,172983
2024-05-15,72.93,73.08,72.71,72.80,298749
2024-05-16,73.09,73.40,72.88,73.31,318311
2024-05-17,72.94,73.17,72.74,72.83,226044
2024-05-20,73.23,73.28,72.29,72.37,324362
2024-05-21,72.10,72.82,72.02,72.72,243096
2024-05-22,72.22,72.70,71.94,71.99,326269
2024-05-23,65.48,65.48,61.56,61.72,1682693
2024-05-24,61.83,62.44,60.40,60.69,1041987
2024-05-28,61.00,61.26,59.33,60.01,800959
2024-05-29,58.66,58.99,57.34,58.58,1113661
2024-05-30,57.06,58.30,57.01,58.09,1326593
2024-05-31,57.40,57.96,57.00,57.86,1696503
2024-06-03,57.68,58.27,57.45,58.12,779661
2024-06-04,58.82,59.84,58.69,59.81,826043
2024-06-05,59.37,59.37,58.37,58.90,762094
2024-06-06,58.83,59.11,58.29,58.64,816817
2024-06-07,55.99,56.73,55.88,56.00,663161
2024-06-10,56.27,56.53,55.99,56.53,577077
2024-06-11,55.80,55.91,55.13,55.50,753413
2024-06-12,57.36,57.40,56.26,56.90,1217590
2024-06-13,56.84,56.88,55.91,56.15,953796
2024-06-14,56.16,56.62,56.02,56.55,1066391
2024-06-17,55.88,56.09,55.65,55.80,834266
2024-06-18,56.69,56.93,56.42,56.50,1457659
2024-06-20,57.15,58.10,57.15,57.85,1367476
2024-06-21,57.37,57.75,56.93,57.13,1320966
2024-06-24,57.01,57.50,56.95,57.43,1098847
2024-06-25,57.24,57.80,57.15,57.66,1081727
2024-06-26,56.51,57.37,56.39,56.98,1084302
2024-06-27,56.34,56.74,56.13,56.71,1178514
2024-06-28,56.96,56.96,56.60,56.80,1050428
2024-07-01,57.26,57.82,56.87,57.14,1031488
2024-07-02,57.56,57.67,57.12,57.41,825443
2024-07-03,58.71,59.14,58.58,59.08,744214
2024-07-05,60.12,60.37,59.67,60.05,1415620
2024-07-08,60.50,60.84,60.25,60.71,834742
2024-07-09,60.61,60.80,60.11,60.35,538229
2024-07-10,61.00,61.44,60.95,61.44,719647
2024-07-11,62.54,62.89,62.38,62.85,1005538
2024-07-12,62.19,62.70,62.11,62.15,1419391
2024-07-15,61.63,61.63,60.80,60.81,986989
2024-07-16,60.61,61.01,60.32,60.99,710353
2024-07-17,61.24,61.91,61.13,61.78,727941
2024-07-18,61.53,61.83,60.94,60.95,785413
2024-07-19,61.16,61.82,60.66,61.79,1411108
2024-07-22,62.03,62.29,61.82,62.09,684708
2024-07-23,61.92,62.24,61.65,62.04,332125
2024-07-24,62.18,62.88,62.11,62.82,584738
2024-07-25,62.62,63.15,62.54,62.65,501888
2024-07-26,63.35,63.68,63.14,63.62,519177
2024-07-29,63.70,64.38,63.28,64.34,903411
2024-07-30,63.93,64.05,63.59,63.95,757120
2024-07-31,64.25,64.74,64.06,64.45,635628
2024-08-01,63.72,64.23,63.45,63.67,1170002
2024-08-02,65.00,65.49,64.49,65.08,1171428
2024-08-05,62.95,63.17,62.07,62.11,1139992
2024-08-06,61.75,63.06,61.58,62.76,708784
2024-08-07,63.24,63.25,62.55,62.57,579782
2024-08-08,62.81,63.50,62.72,63.13,485922
2024-08-09,63.31,63.70,62.88,63.61,734249
2024-08-12,63.49,63.61,63.30,63.52,308749
2024-08-13,64.37,64.49,64.03,64.32,601675
2024-08-14,63.94,64.65,63.90,64.55,532941
2024-08-15,64.34,64.50,63.88,64.35,386248
2024-08-16,64.26,64.66,64.26,64.43,324083
2024-08-19,64.71,65.34,64.67,65.00,349985
2024-08-20,65.00,65.41,64.96,65.19,287660
2024-08-21,65.29,65.50,64.91,65.27,262259
2024-08-22,65.76,65.89,65.36,65.44,285797
2024-08-23,66.03,66.69,65.80,66.61,521096
2024-08-26,66.53,67.03,66.42,66.76,276980
2024-08-27,66.54,66.88,66.45,66.67,381205
2024-08-28,66.77,67.18,66.75,67.00,312068
2024-08-29,66.47,66.59,66.03,66.31,318118
2024-08-30,66.51,66.72,66.17,66.60,335040
2024-09-03,66.16,66.43,66.05,66.16,574164
2024-09-04,66.29,66.90,66.29,66.80,407923
2024-09-05,68.03,68.32,67.87,67.99,415820
2024-09-06,68.20,68.29,67.55,67.62,401853
2024-09-09,68.35,68.90,68.32,68.78,410198
2024-09-10,69.11,69.33,68.88,69.14,417622
2024-09-11,68.87,69.36,68.46,69.32,389703
2024-09-12,68.98,69.29,68.70,69.27,342605
2024-09-13,69.45,69.67,69.27,69.60,494158
2024-09-16,69.95,70.29,69.77,70.13,461378
2024-09-17,70.50,70.70,70.15,70.37,573263
2024-09-18,70.46,70.53,69.88,70.05,499030
2024-09-19,68.25,68.98,67.76,68.83,466010
2024-09-20,69.60,69.75,69.15,69.55,521632
2024-09-23,70.24,70.52,70.13,70.48,451997
2024-09-24,70.16,70.71,70.03,70.11,412539
2024-09-25,70.03,70.25,69.94,70.10,444854
2024-09-26,70.26,70.40,69.61,70.06,347169
2024-09-27,70.13,70.40,69.72,69.73,344229
2024-09-30,70.03,70.18,69.48,69.67,283461
2024-10-01,69.96,71.43,69.79,70.05,1046604
2024-10-02,69.34,69.34,68.76,68.78,469191
2024-10-03,67.42,67.47,66.97,66.97,500739
2024-10-04,65.58,66.55,65.45,66.50,551032
2024-10-07,65.99,66.08,65.40,65.48,534269
2024-10-08,65.71,66.03,65.58,65.90,295351
2024-10-09,65.58,65.83,65.33,65.63,289341
2024-10-10,65.91,66.08,65.68,65.68,257273
2024-10-11,65.84,66.35,65.79,66.24,296708
2024-10-14,66.19,66.97,66.19,66.89,316723
2024-10-15,67.53,67.77,67.10,67.16,452855
2024-10-16,67.96,68.15,67.79,68.14,692670
2024-10-17,67.48,67.61,67.06,67.19,476437
2024-10-18,67.21,68.06,67.12,68.00,391694
2024-10-21,67.54,67.66,66.73,67.03,327815
2024-10-22,65.75,66.39,65.60,66.29,317793
2024-10-23,66.11,66.44,66.00,66.44,461401
2024-10-24,66.90,67.07,66.03,66.34,277491
2024-10-25,65.91,65.93,65.22,65.35,480202
2024-10-28,66.11,66.47,65.87,66.00,331171
2024-10-29,65.43,65.50,64.94,65.12,463110
2024-10-30,65.65,65.90,64.93,65.07,417594
2024-10-31,63.90,63.97,63.38,63.59,580208
2024-11-01,64.91,64.95,64.16,64.26,465089
2024-11-04,64.93,65.23,64.17,64.45,395212
2024-11-05,65.01,65.53,64.85,65.47,308216
2024-11-06,63.40,64.28,63.30,64.12,437822
2024-11-07,64.66,64.78,63.73,64.30,527555
2024-11-08,63.78,64.23,63.56,63.94,488061
2024-11-11,64.20,64.61,63.88,64.14,404687
2024-11-12,63.58,63.58,62.79,62.90,853347
2024-11-13,62.49,62.58,61.93,62.12,1237250
2024-11-14,62.41,62.76,62.22,62.37,481368
2024-11-15,62.34,62.77,62.34,62.75,684074
2024-11-18,62.15,62.92,62.10,62.90,577688
2024-11-19,63.26,63.72,63.06,63.58,720929
2024-11-20,63.20,63.29,62.90,63.27,549428
2024-11-21,63.10,63.15,62.52,63.10,898430
2024-11-22,63.37,63.54,62.94,63.11,1020861
2024-11-25,63.28,63.49,62.96,63.26,666397
2024-11-26,63.11,63.14,62.49,62.83,985969
2024-11-27,63.09,63.64,62.94,63.33,389681
2024-11-29,63.66,63.82,63.57,63.68,340582
2024-12-02,63.87,63.97,63.06,63.38,561507
2024-12-03,63.54,63.63,62.93,62.97,404990
2024-12-04,62.40,62.60,62.11,62.17,522587
2024-12-05,62.41,62.66,62.30,62.36,331046
2024-12-06,62.16,62.21,61.20,61.28,385352
2024-12-09,62.08,62.23,61.57,61.58,537507
2024-12-10,61.28,61.38,60.77,60.94,489816
2024-12-11,60.73,60.88,60.06,60.07,620441
2024-12-12,59.97,60.28,59.45,59.47,593047
2024-12-13,59.87,59.90,59.58,59.63,588174
2024-12-16,59.46,59.85,58.76,58.79,979753
2024-12-17,59.30,60.00,59.23,59.40,979188
2024-12-18,58.94,59.09,57.77,57.77,751733
2024-12-19,57.84,58.21,57.68,57.68,790963
2024-12-20,57.96,58.89,57.95,58.50,708362
2024-12-23,58.86,59.02,58.54,59.02,891415
2024-12-24,58.65,58.95,58.60,58.86,260793
2024-12-26,58.64,59.06,58.64,58.92,488036
2024-12-27,58.72,59.56,58.68,59.31,632639
2024-12-30,59.15,59.34,58.93,59.21,618757
2024-12-31,59.29,59.74,59.20,59.42,337353
2025-01-02,59.66,59.86,59.49,59.54,515019
2025-01-03,59.50,59.50,59.14,59.15,391053
2025-01-06,58.82,59.34,58.48,58.87,623990
2025-01-07,59.15,59.30,58.55,58.60,457073
2025-01-08,57.43,58.03,57.16,57.98,394871
2025-01-10,56.71,56.84,56.04,56.13,964975
2025-01-13,56.09,56.57,55.85,56.43,807104
2025-01-14,56.01,56.34,55.82,56.27,942713
2025-01-15,57.87,57.95,57.47,57.60,527733
2025-01-16,57.39,59.34,57.30,59.15,1576560
2025-01-17,59.21,59.66,59.05,59.53,1669886
2025-01-21,60.14,61.89,60.09,61.59,2219075
2025-01-22,60.51,60.59,60.02,60.05,1526084
2025-01-23,60.41,60.84,60.15,60.71,941019
2025-01-24,60.07,60.60,59.97,60.28,949632
2025-01-27,61.48,61.63,60.58,61.50,1013636
2025-01-28,61.62,61.77,60.98,61.08,734122
2025-01-29,60.92,61.17,60.72,60.77,704560
2025-01-30,61.39,61.95,61.24,61.74,483916
2025-01-31,61.80,61.80,61.26,61.40,876742
2025-02-03,61.23,62.20,61.16,62.01,511420
2025-02-04,61.67,62.25,61.38,61.86,667203
2025-02-05,62.59,63.09,62.38,62.67,440882
2025-02-06,62.37,62.37,61.41,61.67,607891
2025-02-07,61.71,61.89,61.36,61.54,378341
2025-02-10,61.12,61.49,60.92,61.49,583872
2025-02-11,61.33,61.49,60.71,61.48,661792
2025-02-12,60.15,60.67,60.01,60.58,714248
2025-02-13,60.60,61.38,60.36,61.27,640197
2025-02-14,61.16,61.32,60.70,60.73,511377
2025-02-18,60.26,60.49,60.06,60.38,691252
2025-02-19,60.34,61.05,60.21,61.03,442121
2025-02-20,60.51,61.18,60.44,61.10,463928
2025-02-21,60.97,61.47,60.81,61.31,653394
2025-02-24,62.23,62.60,61.83,62.19,570161
2025-02-25,62.68,63.01,62.47,62.73,762173
2025-02-26,62.62,62.86,62.34,62.56,632470
2025-02-27,62.05,62.06,61.39,61.47,689098
2025-02-28,62.11,62.25,61.58,62.13,395497
2025-03-03,61.34,61.96,61.30,61.72,691743
2025-03-04,62.59,62.94,62.25,62.37,917474
2025-03-05,60.59,61.04,60.39,60.89,455961
2025-03-06,59.43,59.99,59.35,59.44,692005
2025-03-07,60.14,60.98,60.13,60.83,400161
2025-03-10,62.04,62.73,61.65,62.14,620068
2025-03-11,62.89,63.00,61.90,62.25,696028
2025-03-12,61.66,62.47,61.48,62.26,600511
2025-03-13,61.94,62.46,61.85,62.32,541080
2025-03-14,62.26,63.27,62.08,63.21,660316
2025-03-17,63.72,64.37,63.71,64.14,572324
2025-03-18,63.85,64.03,63.48,63.81,405200
2025-03-19,63.59,63.89,63.41,63.81,523595
2025-03-20,64.67,65.25,64.63,65.08,615267
2025-03-21,64.15,64.54,63.57,63.85,697516
2025-03-24,63.31,63.66,62.76,62.84,352516
2025-03-25,63.50,63.61,62.78,62.99,456509
2025-03-26,63.11,63.66,63.07,63.57,357013
2025-03-27,63.67,64.16,63.67,63.93,407778
2025-03-28,65.63,65.93,65.44,65.57,839713
2025-03-31,65.39,65.80,65.20,65.61,422642
2025-04-01,65.31,65.94,64.91,65.78,588333
2025-04-02,66.02,66.12,65.48,65.78,352962
2025-04-03,70.30,70.43,69.17,69.39,1056947
2025-04-04,69.50,69.64,65.55,65.93,2145150
2025-04-07,62.99,64.44,62.13,62.90,1507292
2025-04-08,63.83,64.22,62.29,62.74,856115
2025-04-09,63.24,65.61,62.23,65.21,1628560
2025-04-10,65.05,66.05,64.31,65.59,1089001
2025-04-11,66.80,68.20,66.26,68.06,962817
2025-04-14,67.80,69.49,67.65,69.39,995665
2025-04-15,70.00,71.42,69.78,70.98,1700049
2025-04-16,71.40,72.07,71.27,71.48,1472387
2025-04-17,71.98,73.09,71.96,72.11,1525792
2025-04-21,71.78,72.97,71.64,72.90,962595
2025-04-22,73.58,74.82,73.58,74.35,1467761
2025-04-23,71.71,71.97,71.09,71.71,1195916
2025-04-24,71.91,72.44,71.56,72.26,887358
2025-04-25,72.11,72.28,71.63,72.04,548261
2025-04-28,72.16,72.87,71.79,72.85,862610
2025-04-29,72.64,73.37,72.64,73.04,691291
2025-04-30,73.07,73.27,72.46,73.00,951960
2025-05-01,72.25,72.61,71.60,71.65,963722
2025-05-02,71.92,72.00,71.34,71.68,514742
2025-05-05,71.59,71.93,71.18,71.84,361294
2025-05-06,72.64,72.71,72.24,72.30,854042
2025-05-07,72.26,72.75,72.21,72.57,473321
2025-05-08,71.94,72.03,70.06,70.18,950328
2025-05-09,70.60,70.85,70.36,70.69,875493
2025-05-12,67.95,68.39,67.36,67.53,1342105
2025-05-13,67.96,67.99,67.08,67.53,1976107
2025-05-14,67.78,67.91,67.28,67.43,3304705
2025-05-15,70.21,70.27,69.42,70.03,1384912
2025-05-16,69.78,71.36,69.76,71.28,750387
2025-05-19,70.89,72.46,70.74,72.43,1293512
2025-05-20,72.53,73.46,72.49,73.42,746662
2025-05-21,73.56,73.96,73.32,73.57,1019781
2025-05-22,72.66,73.80,72.36,73.63,1008688
2025-05-23,73.81,74.81,73.20,74.79,947106
2025-05-27,74.49,74.70,73.73,74.70,2442014
2025-05-28,72.92,73.10,72.42,72.67,1089951
2025-05-29,72.48,72.86,72.13,72.57,1279573
2025-05-30,70.89,71.56,70.80,71.39,785380
2025-06-02,71.15,72.17,70.99,71.90,1683232
2025-06-03,71.67,71.69,71.14,71.33,1019560
2025-06-04,71.52,71.70,71.01,71.05,1843755
2025-06-05,71.24,71.28,70.87,71.03,755660
2025-06-06,70.77,71.09,70.62,70.70,537067
2025-06-09,70.48,71.35,70.19,71.12,1576887
2025-06-10,71.24,71.36,70.97,71.21,656872
2025-06-11,71.25,71.75,71.23,71.47,924172
2025-06-12,72.28,72.97,72.23,72.82,652690
2025-06-13,72.53,73.03,72.47,72.71,670864
2025-06-16,72.61,72.76,71.30,71.40,1131965
2025-06-17,71.68,71.73,71.21,71.65,1530583
2025-06-18,71.33,71.46,70.95,71.02,1271170
2025-06-20,71.28,71.42,70.74,70.86,1241547
2025-06-23,71.84,73.41,71.73,73.33,1291531
2025-06-24,73.37,73.77,73.16,73.25,845166
2025-06-25,73.02,73.53,72.69,73.23,854443
2025-06-26,73.99,74.36,73.83,74.33,670274
2025-06-27,73.92,74.14,73.25,73.52,1176227
2025-06-30,73.27,74.44,73.22,74.41,1259723
2025-07-01,74.41,74.58,73.87,74.38,1535513
2025-07-02,71.55,71.75,70.48,70.61,1457948
2025-07-03,71.69,71.93,71.34,71.69,808722
2025-07-07,71.11,71.21,70.70,70.94,674672
2025-07-08,69.77,70.69,69.47,70.55,679292
2025-07-09,70.58,70.96,70.34,70.85,569550
2025-07-10,69.80,70.66,69.66,70.65,951106
2025-07-11,70.01,70.45,69.88,70.19,941048
2025-07-14,70.99,71.45,70.79,71.12,734172
2025-07-15,70.98,71.19,70.31,71.00,997957
2025-07-16,70.53,71.11,70.48,70.88,923879
2025-07-17,71.04,71.40,70.82,71.17,812606
2025-07-18,71.69,72.09,71.45,71.57,663739
2025-07-21,72.08,73.03,72.01,72.53,630351
2025-07-22,73.25,74.35,73.18,74.28,1167311
2025-07-23,72.42,73.35,72.35,72.65,1147569
2025-07-24,72.39,72.63,72.06,72.23,1224821
2025-07-25,71.82,72.16,71.72,72.15,553504
2025-07-28,71.59,71.64,70.18,70.32,1514821
2025-07-29,70.18,70.55,69.91,70.52,1143819
2025-07-30,69.85,70.88,69.85,70.19,805005
2025-07-31,69.97,70.59,69.89,70.39,723844
2025-08-01,71.78,72.05,71.53,71.82,894955
2025-08-04,72.15,72.95,72.15,72.65,708361
2025-08-05,72.59,72.63,72.14,72.28,566693
2025-08-06,72.53,72.97,72.30,72.30,567162
2025-08-07,71.74,72.39,71.65,72.08,660292
2025-08-08,71.99,72.04,70.91,71.01,701989
2025-08-11,71.24,71.40,70.97,71.23,437764
2025-08-12,70.64,70.64,69.93,70.28,524089
2025-08-13,70.90,70.94,70.30,70.53,575003
2025-08-14,70.78,71.69,70.75,71.56,591093
2025-08-15,71.24,71.58,71.20,71.43,547750
2025-08-18,71.20,71.31,70.61,70.70,555504
2025-08-19,70.76,71.09,70.66,70.98,447849
2025-08-20,71.62,72.28,71.62,72.08,591792
2025-08-21,71.55,71.79,71.30,71.43,547439
2025-08-22,71.33,71.86,71.31,71.41,435495
2025-08-25,71.40,71.40,70.47,70.49,320931
2025-08-26,71.16,71.18,70.88,71.04,411872
2025-08-27,71.37,71.80,71.21,71.73,478735
2025-08-28,71.14,71.42,70.76,70.85,399036
2025-08-29,70.40,70.95,70.34,70.57,323389
2025-09-02,67.63,68.44,67.52,67.98,941747
2025-09-03,68.44,68.87,68.19,68.57,572956
2025-09-04,69.39,69.52,68.59,68.92,677937
2025-09-05,69.78,70.13,69.72,70.10,570025
2025-09-08,69.99,70.48,69.73,70.42,843432
2025-09-09,69.89,70.71,69.77,70.36,805798
2025-09-10,70.40,70.68,70.30,70.68,540210
2025-09-11,70.30,71.08,70.08,71.07,337607
2025-09-12,71.17,71.63,71.08,71.60,409112
2025-09-15,71.60,71.71,71.36,71.62,351394
2025-09-16,71.54,71.57,70.85,70.88,406207
2025-09-17,71.63,71.84,71.09,71.15,474046
2025-09-18,70.28,70.58,69.99,69.99,442247
2025-09-19,70.41,70.48,70.03,70.09,476681
2025-09-22,70.43,71.13,70.38,70.96,555593
2025-09-23,71.15,71.36,70.64,71.36,644446
2025-09-24,71.38,71.60,71.04,71.15,746748
2025-09-25,71.26,71.33,70.35,70.52,406883
2025-09-26,71.10,71.65,71.05,71.55,425071
2025-09-29,71.41,71.85,71.15,71.80,795383
2025-09-30,72.01,72.81,71.97,72.67,924001
2025-10-01,73.08,73.62,72.80,72.86,906962
2025-10-02,72.07,72.68,71.94,72.53,607211
2025-10-03,72.71,73.58,72.65,73.43,624837
2025-10-06,73.11,73.94,72.99,73.90,668404
2025-10-07,73.42,74.48,73.34,73.88,834066
2025-10-08,74.17,74.17,73.31,73.61,523875
2025-10-09,74.14,74.20,73.23,73.33,677670
2025-10-10,73.70,74.58,73.53,74.52,913939
2025-10-13,73.64,73.71,73.28,73.30,491220
2025-10-14,73.98,74.31,73.54,74.25,692789
2025-10-15,73.57,75.16,73.55,75.03,876676
2025-10-16,75.60,76.12,75.32,75.90,1073550
2025-10-17,76.24,77.01,75.98,76.95,1083619
2025-10-20,76.66,76.93,76.35,76.61,855830
2025-10-21,77.10,77.17,76.24,76.39,545131
2025-10-22,76.79,77.25,76.61,76.90,457297
2025-10-23,77.22,77.27,76.58,76.70,566003
2025-10-24,76.96,77.10,76.58,76.95,367091
2025-10-27,77.31,77.35,76.56,77.17,415833
2025-10-28,76.69,77.03,76.38,76.65,416905
2025-10-29,76.18,76.29,75.44,75.55,531413
2025-10-30,75.65,76.14,75.56,76.05,531927
2025-10-31,75.32,75.41,74.91,75.25,563789
2025-11-03,74.68,75.09,74.24,74.74,688189
2025-11-04,74.65,75.19,74.44,75.14,404743
2025-11-05,75.29,75.69,75.16,75.37,511266
2025-11-06,76.10,76.72,76.00,76.29,697910
2025-11-07,76.10,77.94,75.89,77.75,1022336
2025-11-10,77.16,77.56,77.01,77.33,592794
2025-11-11,77.26,77.45,76.95,77.31,870939
2025-11-12,77.44,78.06,77.36,78.03,828932
2025-11-13,77.77,78.49,77.31,78.09,607762
2025-11-14,77.00,77.65,76.79,77.38,876137
2025-11-17,77.83,78.06,77.47,77.94,765892
2025-11-18,77.84,78.27,77.32,77.53,752528
2025-11-19,76.74,77.02,75.94,76.09,783228
2025-11-20,76.25,76.35,75.45,75.83,620591
2025-11-21,74.89,75.43,74.67,75.19,806289
2025-11-24,74.30,74.47,73.37,73.54,1032797
2025-11-25,74.00,74.55,73.98,74.07,717652
2025-11-26,74.75,75.53,74.53,75.51,736063
2025-11-28,75.79,76.16,75.64,76.11,456889
2025-12-01,76.18,76.29,75.56,75.65,832892
2025-12-02,76.51,76.59,75.45,75.64,751556
2025-12-03,75.94,76.49,75.90,76.49,777518
2025-12-04,76.25,76.58,75.79,75.91,408758
2025-12-05,75.91,76.14,75.33,75.41,433995
2025-12-08,75.94,75.97,75.20,75.33,527068
2025-12-09,75.51,75.60,74.81,74.89,477974
2025-12-10,74.98,75.06,74.22,74.64,407598
2025-12-11,74.59,75.12,74.49,74.69,419342
2025-12-12,74.61,74.96,74.53,74.93,421219
2025-12-15,75.48,76.12,75.39,76.03,568420
2025-12-16,75.77,75.85,75.28,75.77,734533
2025-12-17,76.79,77.35,76.67,77.16,855229
2025-12-18,76.85,76.93,76.35,76.39,650623
2025-12-19,76.09,76.93,75.92,76.11,757653
2025-12-22,76.21,76.50,75.83,76.41,550136
2025-12-23,76.79,77.44,76.71,77.24,440563
2025-12-24,77.39,77.49,77.00,77.49,175954
2025-12-26,77.50,77.73,77.06,77.64,213694
2025-12-29,77.31,77.75,77.25,77.45,367585
2025-12-30,77.60,78.00,77.52,77.77,308129
2025-12-31,77.60,77.60,77.30,77.35,192465
2026-01-02,78.18,78.97,77.89,78.70,667410
2026-01-05,78.43,78.46,76.95,78.26,637806
2026-01-06,79.92,80.33,79.10,79.59,887352
2026-01-07,79.71,80.05,79.32,79.39,823846
2026-01-08,79.70,79.85,79.20,79.48,924255
2026-01-09,79.45,80.32,79.40,80.12,877932
2026-01-12,79.71,80.03,79.37,79.76,529633
2026-01-13,78.06,78.19,77.38,78.08,698060
2026-01-14,77.98,79.02,77.70,78.88,673005
2026-01-15,78.94,79.60,78.78,79.36,572745
2026-01-16,80.06,80.89,79.69,80.89,592818
2026-01-20,80.21,80.54,79.94,80.00,590598
2026-01-21,80.69,80.97,79.89,80.85,794557
2026-01-22,80.72,81.00,79.75,80.18,500073
2026-01-23,80.69,81.50,80.33,81.50,611000
2026-01-26,82.50,83.06,82.25,82.58,655887
2026-01-27,83.34,84.50,83.20,84.31,754609
2026-01-28,84.22,84.89,83.92,84.68,852407
2026-01-29,85.09,85.65,84.38,85.07,787268
2026-01-30,85.22,85.47,84.35,85.27,1239485
2026-02-02,85.53,85.73,84.30,84.61,1076616
2026-02-03,84.49,86.35,84.49,86.23,788059
2026-02-04,88.83,89.13,87.23,87.79,1205001
2026-02-05,86.15,87.34,86.03,86.89,982750
2026-02-06,87.94,88.34,87.38,88.06,1021918
2026-02-09,87.11,88.51,86.96,88.39,819451
2026-02-10,88.18,89.22,87.82,88.76,781990
2026-02-11,90.77,90.89,90.24,90.64,1269266
2026-02-12,91.00,92.24,90.88,91.22,2424675
2026-02-13,92.16,93.13,91.64,92.40,2841397
2026-02-17,93.00,93.17,92.30,92.42,1890200
2026-02-18,92.53,92.58,90.70,90.81,1060497
2026-02-19,90.01,90.50,89.61,90.27,787073
2026-02-20,91.06,91.14,89.87,90.28,1225503
2026-02-23,90.99,92.01,90.81,91.44,1439144
2026-02-24,93.15,93.22,91.78,92.38,2538767
2026-02-25,93.19,94.06,92.55,93.93,1238749
2026-02-26,93.70,93.82,93.26,93.72,1056232
2026-02-27,93.85,94.64,93.51,93.77,962652
2026-03-02,93.05,94.34,92.70,93.88,1001734
2026-03-03,89.47,90.92,88.66,90.74,1128640
2026-03-04,90.80,91.11,89.89,90.43,1128348
2026-03-05,90.08,90.51,89.21,89.74,1340554
2026-03-06,89.35,90.07,88.96,89.86,1328909
2026-03-09,89.01,90.63,88.53,90.41,1277569
2026-03-10,90.59,91.31,89.73,89.85,2044966
2026-03-11,89.71,90.49,89.30,89.69,1313016
2026-03-12,89.56,91.81,89.56,90.81,1139866
2026-03-13,91.49,92.21,90.64,90.90,1107933
2026-03-16,91.21,91.64,90.26,90.89,998293
2026-03-17,91.22,91.36,90.35,90.42,1671795
2026-03-18,88.87,88.97,87.32,87.40,1145358
2026-03-19,86.17,86.38,84.86,85.53,1451135
2026-03-20,84.88,85.16,81.45,81.99,3059596
2026-03-23,82.82,83.68,81.49,82.06,1721861
2026-03-24,81.72,82.97,81.67,82.33,1324722
2026-03-25,84.14,84.67,83.59,84.29,1136814
2026-03-26,82.76,83.29,82.28,82.40,939767
2026-03-27,81.65,82.69,81.58,81.92,979654
2026-03-30,83.84,84.11,83.31,83.69,814800
2026-03-31,84.71,84.85,83.56,84.60,1498251
2026-04-01,85.89,87.03,85.81,86.84,1160898
2026-04-02,86.76,88.00,86.65,87.99,935967
2026-04-06,87.73,87.98,87.01,87.06,572395
2026-04-07,87.25,87.67,87.01,87.52,707955
2026-04-08,89.73,90.00,88.84,89.96,1075797
2026-04-09,89.72,90.93,89.65,90.32,742593
2026-04-10,90.54,91.17,90.20,90.29,611274
2026-04-13,89.49,89.50,88.22,88.95,884424
2026-04-14,88.92,89.36,88.58,88.95,754075
2026-04-15,88.52,88.57,87.66,87.86,610646
2026-04-16,88.62,88.73,86.93,87.52,724150
2026-04-17,86.40,87.18,85.56,86.92,848782
2026-04-20,86.88,86.88,85.81,86.02,1312030
2026-04-21,86.00,86.13,84.27,84.27,938407
2026-04-22,86.51,86.79,85.48,85.60,843711
2026-04-23,86.36,87.05,86.34,86.96,644911
2026-04-24,87.42,87.69,87.09,87.42,692440
2026-04-27,87.45,87.92,87.22,87.23,573851
2026-04-28,87.00,87.78,86.77,87.45,790304
2026-04-29,86.73,86.93,85.68,85.98,1145678
2026-04-30,88.24,89.67,88.16,89.54,1289438
2026-05-01,88.86,89.74,88.47,88.48,884096
2026-05-04,88.47,88.60,87.17,87.50,511342
2026-05-05,87.12,88.09,86.81,87.64,889413
2026-05-06,88.16,88.63,87.85,87.85,813755
2026-05-07,87.23,87.23,85.86,85.91,843151
2026-05-08,87.14,87.28,86.56,86.89,1000434
2026-05-11,86.58,87.63,86.57,87.16,1583842
2026-05-12,86.00,87.52,85.58,87.24,2618918
2026-05-13,86.63,87.19,86.26,86.98,2897685
2026-05-14,87.73,87.86,86.70,87.43,4458482
2026-05-15,81.83,82.19,79.47,80.64,7056153
2026-05-18,82.02,83.89,82.02,83.84,4209472
2026-05-19,84.05,84.81,83.34,84.15,1416163
2026-05-20,84.08,85.20,83.96,84.72,1189220
2026-05-21,85.47,86.49,85.42,86.42,714551
2026-05-22,87.14,87.34,86.45,86.61,728338
2026-05-26,88.12,88.14,87.22,87.68,669417
2026-05-27,85.96,86.35,85.50,85.79,1061174
2026-05-28,85.79,86.10,84.50,84.86,904199
2026-05-29,82.40,82.49,81.12,81.53,1521263
2026-06-01,80.61,80.81,79.69,80.00,1631786
2026-06-02,80.59,81.25,80.02,80.64,901797
2026-06-03,80.97,81.53,80.23,80.23,1070601
2026-06-04,81.68,81.81,80.71,81.38,899859
2026-06-05,81.62,82.04,81.48,81.86,979075
2026-06-08,80.72,81.05,80.00,80.17,1066778
2026-06-09,80.80,81.08,80.33,81.08,904612
2026-06-10,80.59,80.90,80.37,80.38,707959
2026-06-11,81.53,81.95,80.88,81.52,910737
2026-06-12,81.24,81.94,81.22,81.84,666295
2026-06-15,81.06,81.85,80.72,81.57,896102
2026-06-16,81.64,82.94,81.47,82.28,1029215
2026-06-17,81.45,81.85,80.48,80.68,954003
2026-06-18,80.15,80.20,78.76,79.44,2964133
2026-06-22,80.49,81.34,80.34,80.97,1289800
2026-06-23,80.59,81.83,80.39,81.57,1318307
2026-06-24,81.45,83.21,81.11,82.83,2709307
2026-06-25,83.51,84.10,83.00,83.42,1239532
2026-06-26,83.52,83.73,82.51,83.01,1250973
2026-06-29,83.45,83.87,83.08,83.76,995168
2026-06-30,83.26,83.55,82.80,82.87,1000669
2026-07-01,81.37,81.67,80.15,80.18,1379650
2026-07-02,82.30,82.97,82.21,82.85,1103735
2026-07-06,82.77,82.83,81.95,82.59,997087
2026-07-07,83.33,84.07,83.07,83.11,794727
2026-07-08,83.31,83.72,83.13,83.53,903085
2026-07-09,82.76,82.91,82.25,82.32,662132
2026-07-10,82.80,83.07,82.42,82.59,470438
2026-07-13,82.75,83.53,82.73,83.28,749260
2026-07-14,83.79,84.15,83.38,83.41,727060
2026-07-15,83.38,83.61,82.72,82.91,858161
2026-07-16,81.58,82.61,81.50,82.51,802539
2026-07-17,84.42,85.02,83.73,83.99,831657
2026-07-20,83.93,84.21,82.30,82.44,793520
2026-07-21,82.51,82.56,81.58,82.05,766376
2026-07-22,83.79,84.03,83.33,83.87,725820
2026-07-23,81.50,82.45,81.43,82.37,846388
2026-07-24,82.59,83.00,82.26,82.30,525203
2026-07-27,82.14,82.47,81.11,81.21,746534
2026-07-28,81.21,81.95,80.81,80.86,627656
2026-07-29,79.82,79.96,78.76,78.88,948801
2026-07-30,80.34,80.69,79.53,80.39,887245
2026-07-31,80.36,80.47,79.58,79.97,802886
2026-08-03,79.70,80.03,79.34,79.86,918263
2026-08-04,80.13,80.49,79.17,80.42,762998
2026-08-05,81.08,81.15,79.85,80.26,761667
2026-08-06,81.07,81.13,80.11,80.41,618483
2026-08-07,81.10,81.43,80.78,80.88,610528
2026-08-10,79.91,79.95,79.10,79.48,648845
2026-08-11,79.77,80.42,79.71,80.27,612479
2026-08-12,80.97,81.50,80.48,80.68,552421
2026-08-13,80.64,81.20,80.62,81.20,698466
2026-08-14,80.93,81.40,80.81,81.05,599646
2026-08-17,80.53,81.42,80.17,81.29,1117445
2026-08-18,81.85,82.34,81.71,82.15,1756409
2026-08-19,81.74,82.11,80.22,80.66,854689
2026-08-20,80.92,81.57,80.60,80.62,645966
2026-08-21,81.21,81.21,79.72,79.76,599271
2026-08-24,79.90,80.43,79.76,80.42,542323
2026-08-25,80.71,81.33,80.33,81.17,454841
2026-08-26,80.61,81.08,80.35,80.53,568694
2026-08-27,79.37,79.55,78.78,79.43,602398
2026-08-28,79.92,80.01,79.22,79.35,729053
2026-08-31,78.99,79.45,78.81,79.16,415619
2026-09-01,78.83,79.42,78.70,79.15,847003
2026-09-02,77.88,78.28,77.39,78.05,1438426
2026-09-03,77.61,78.17,77.24,78.17,997670
2026-09-04,77.90,78.60,77.74,78.12,845396
2026-09-08,77.47,78.27,77.34,78.06,995942
2026-09-09,78.48,78.67,77.13,77.28,939875
2026-09-10,77.66,77.76,76.37,76.38,791563
2026-09-11,77.22,77.22,76.39,76.86,841896
2026-09-14,75.40,75.84,74.91,74.96,1086666
2026-09-15,75.11,75.36,74.56,74.93,1514813
