date,open,high,low,close,volume
2016-09-15,76.43,77.56,76.23,77.28,1261262
2016-09-16,76.96,77.05,76.55,76.76,1111327
2016-09-19,77.22,77.61,77.17,77.34,1375584
2016-09-20,78.55,78.72,78.35,78.42,1342125
2016-09-21,78.41,79.03,77.97,78.86,1308189
2016-09-22,79.27,79.56,79.14,79.36,1594450
2016-09-23,78.48,79.02,78.45,78.83,1031218
2016-09-26,78.40,78.49,77.95,78.10,1249311
2016-09-27,77.25,78.26,77.11,78.25,1485891
2016-09-28,78.56,78.74,78.01,78.57,1495784
2016-09-29,77.91,78.05,76.51,76.67,1922735
2016-09-30,75.86,76.56,75.73,76.39,3635597
2016-10-03,76.37,76.50,76.14,76.43,1162587
2016-10-04,76.40,76.71,75.95,76.29,1354163
2016-10-05,76.54,76.67,76.27,76.55,935863
2016-10-06,76.11,76.17,75.82,75.89,980795
2016-10-07,75.99,76.06,75.23,75.74,1409707
2016-10-10,74.59,75.30,74.53,75.22,2599139
2016-10-11,74.69,74.83,74.11,74.31,3511674
2016-10-12,73.38,74.14,73.13,73.88,4066464
2016-10-13,72.25,74.75,72.18,74.26,7886622
2016-10-14,74.22,74.58,73.61,73.61,4044586
2016-10-17,73.18,73.32,72.85,73.12,3019213
2016-10-18,73.42,73.90,73.35,73.82,2911242
2016-10-19,73.42,73.50,73.16,73.19,1572299
2016-10-20,73.10,73.73,73.08,73.45,1722641
2016-10-21,72.68,73.15,72.61,73.08,1789444
2016-10-24,72.40,73.42,72.34,72.99,4287956
2016-10-25,70.44,70.82,70.10,70.26,6130489
2016-10-26,68.99,69.46,68.65,68.81,3181126
2016-10-27,69.78,69.94,69.11,69.28,2907718
2016-10-28,69.31,69.37,68.70,68.75,4362926
2016-10-31,69.38,69.40,68.64,68.71,3155004
2016-11-01,69.02,69.27,68.63,69.03,2997109
2016-11-02,69.62,69.65,68.86,68.94,3195743
2016-11-03,68.90,68.91,67.56,67.64,4062757
2016-11-04,67.98,68.13,67.76,67.96,2988356
2016-11-07,68.52,68.85,68.40,68.59,2784814
2016-11-08,68.88,69.25,68.55,68.96,2143688
2016-11-09,71.25,72.08,70.60,71.87,7322522
2016-11-10,71.38,72.06,70.92,71.66,5227807
2016-11-11,71.35,71.56,70.59,71.10,2838371
2016-11-14,69.37,69.99,69.34,69.69,4034704
2016-11-15,68.87,69.70,68.73,69.56,2877019
2016-11-16,69.14,70.10,69.14,69.84,7301847
2016-11-17,70.08,70.36,69.83,70.18,3147243
2016-11-18,68.97,69.13,68.25,68.34,2861246
2016-11-21,67.66,67.95,67.60,67.85,2805530
2016-11-22,66.47,66.53,65.43,65.87,5433870
2016-11-23,65.23,66.59,65.09,66.57,4877667
2016-11-25,67.86,67.86,67.26,67.31,1770452
2016-11-28,67.27,67.45,66.80,66.83,2267189
2016-11-29,66.74,67.07,66.61,66.71,1829954
2016-11-30,67.19,67.19,66.51,66.52,2189669
2016-12-01,66.02,66.19,65.34,65.54,2401267
2016-12-02,65.46,66.08,65.37,65.95,2430926
2016-12-05,66.42,66.84,66.27,66.72,2987940
2016-12-06,66.62,66.83,66.32,66.71,2134585
2016-12-07,66.49,66.52,65.79,66.38,3187894
2016-12-08,64.87,65.45,64.75,65.39,5413870
2016-12-09,66.90,67.66,66.84,67.47,3219047
2016-12-12,66.88,67.30,66.76,67.18,3203852
2016-12-13,68.75,69.14,68.71,68.90,3218144
2016-12-14,69.28,69.37,68.45,68.63,5049184
2016-12-15,68.88,69.07,68.56,68.75,2569593
2016-12-16,69.17,69.50,69.05,69.44,3438305
2016-12-19,69.53,69.84,69.25,69.30,2857763
2016-12-20,69.71,69.84,69.31,69.62,2645658
2016-12-21,69.75,69.81,69.17,69.18,1927180
2016-12-22,69.77,69.80,69.34,69.43,2391808
2016-12-23,69.59,69.68,69.35,69.51,1471218
2016-12-27,70.19,70.22,69.63,69.69,1878037
2016-12-28,70.13,70.14,69.28,69.29,1584394
2016-12-29,70.37,70.47,70.02,70.08,2200222
2016-12-30,70.70,70.97,70.22,70.47,3679005
2017-01-03,70.52,70.72,70.10,70.46,3368875
2017-01-04,69.84,70.35,69.59,70.25,3663579
2017-01-05,71.30,71.97,70.99,71.66,3428267
2017-01-06,71.17,71.42,71.05,71.10,3653925
2017-01-09,71.28,71.95,71.04,71.75,2911403
2017-01-10,71.88,72.02,71.64,71.70,2122819
2017-01-11,70.99,71.17,69.52,70.35,3767004
2017-01-12,69.38,70.47,69.35,70.42,5441552
2017-01-13,70.39,70.39,69.93,70.04,6149958
2017-01-17,69.19,69.70,68.90,69.64,7406792
2017-01-18,69.49,69.73,69.36,69.55,2626718
2017-01-19,68.20,68.57,67.94,68.14,5657699
2017-01-20,68.12,68.48,68.01,68.35,3027134
2017-01-23,67.90,68.12,67.55,67.86,4729068
2017-01-24,67.66,67.90,67.27,67.75,4070528
2017-01-25,68.91,69.97,68.45,69.81,6469700
2017-01-26,69.88,69.96,69.43,69.57,4885056
2017-01-27,69.36,69.88,69.17,69.86,4527745
2017-01-30,69.61,70.13,69.47,69.94,4097743
2017-01-31,70.13,71.54,69.90,71.51,3501644
2017-02-01,70.73,71.06,70.37,71.03,5323274
2017-02-02,70.39,70.85,70.35,70.70,4212413
2017-02-03,71.22,71.56,71.10,71.48,3019758
2017-02-06,71.25,71.68,71.25,71.67,1995755
2017-02-07,71.97,72.02,71.57,71.72,2015578
2017-02-08,71.54,72.21,71.44,72.17,2620975
2017-02-09,72.54,72.94,72.44,72.67,2633393
2017-02-10,72.36,72.93,72.31,72.76,2025492
2017-02-13,72.97,73.00,72.70,72.97,2865835
2017-02-14,72.55,72.88,72.10,72.71,3080706
2017-02-15,72.46,73.44,72.42,73.36,3136451
2017-02-16,73.95,74.25,73.65,74.23,2497879
2017-02-17,73.79,74.69,73.75,74.69,3566815
2017-02-21,74.04,74.82,73.99,74.53,3897897
2017-02-22,74.01,74.60,73.99,74.35,3981486
2017-02-23,74.84,75.13,74.56,74.93,3532363
2017-02-24,74.34,74.83,74.32,74.76,2744398
2017-02-27,74.83,75.17,74.77,75.05,1635632
2017-02-28,75.21,75.97,75.16,75.62,2788279
2017-03-01,72.95,73.48,72.87,73.26,2722243
2017-03-02,72.02,72.77,71.99,72.39,6191941
2017-03-03,72.88,73.57,72.81,73.45,3216458
2017-03-06,73.24,73.34,72.91,73.09,1940806
2017-03-07,71.36,72.12,71.21,71.95,4214334
2017-03-08,71.68,72.14,71.65,71.84,3494147
2017-03-09,72.02,72.75,71.98,72.66,3117099
2017-03-10,72.78,73.24,72.58,73.14,3009912
2017-03-13,73.19,73.27,72.75,73.15,2271900
2017-03-14,72.52,72.85,72.46,72.61,3574776
2017-03-15,72.31,73.16,72.16,73.11,3765965
2017-03-16,73.00,73.24,72.87,73.20,2094463
2017-03-17,73.28,73.50,73.09,73.09,1758413
2017-03-20,73.51,73.69,73.21,73.21,1437727
2017-03-21,73.42,73.48,71.87,71.97,3744266
2017-03-22,71.97,72.01,71.54,71.77,3272126
2017-03-23,72.02,72.45,71.92,72.01,2132551
2017-03-24,71.84,72.06,71.66,71.95,1637449
2017-03-27,72.37,72.87,72.34,72.65,1878834
2017-03-28,72.74,72.84,72.39,72.39,1934093
2017-03-29,72.42,72.66,72.38,72.41,1822912
2017-03-30,72.59,72.87,72.25,72.32,1836072
2017-03-31,72.20,72.21,71.83,71.85,1516042
2017-04-03,72.02,72.23,71.66,71.98,1409324
2017-04-04,71.93,72.50,71.84,72.33,1843171
2017-04-05,71.80,72.21,71.35,71.37,2652439
2017-04-06,71.69,71.72,71.25,71.31,1503669
2017-04-07,71.26,71.62,71.19,71.32,1174255
2017-04-10,71.42,71.45,71.12,71.12,2385764
2017-04-11,71.67,71.72,71.27,71.55,1670451
2017-04-12,71.63,71.77,71.36,71.60,1318267
2017-04-13,71.11,71.28,70.74,70.77,2281453
2017-04-17,70.70,71.12,70.62,70.94,1315268
2017-04-18,70.80,70.82,70.35,70.55,2365057
2017-04-19,70.59,70.86,70.30,70.37,1415356
2017-04-20,71.48,71.50,71.05,71.22,3940013
2017-04-21,71.27,71.42,70.92,71.01,2326290
2017-04-24,72.00,72.22,71.65,72.18,2979106
2017-04-25,73.80,74.08,73.34,73.76,3570731
2017-04-26,73.18,74.15,73.16,73.86,1855034
2017-04-27,74.53,74.98,74.48,74.55,3748854
2017-04-28,74.15,74.53,74.10,74.52,1771838
2017-05-01,74.48,74.71,74.39,74.49,1241796
2017-05-02,75.05,75.41,74.89,75.40,1895621
2017-05-03,75.29,75.29,74.71,75.06,1936875
2017-05-04,75.01,75.28,74.87,75.28,1674783
2017-05-05,75.35,75.40,74.99,75.28,1398113
2017-05-08,75.68,75.72,75.27,75.36,2044256
2017-05-09,76.00,76.30,75.74,75.96,3571697
2017-05-10,76.22,76.31,75.81,76.26,1566871
2017-05-11,75.71,76.28,75.71,76.16,1784266
2017-05-12,77.48,78.10,77.36,77.86,3170830
2017-05-15,77.75,78.15,77.72,77.95,2183281
2017-05-16,79.26,79.27,77.95,78.23,4580041
2017-05-17,78.53,78.80,77.22,77.26,4422686
2017-05-18,77.57,78.00,76.97,77.47,6800668
2017-05-19,78.01,78.20,77.72,77.80,4565158
2017-05-22,78.80,79.13,78.46,78.64,5882423
2017-05-23,78.48,78.78,78.25,78.42,2479805
2017-05-24,78.56,78.87,78.24,78.75,2233568
2017-05-25,78.75,78.90,78.57,78.70,947660
2017-05-26,78.23,78.38,77.95,78.00,1735230
2017-05-30,77.81,78.28,77.78,77.91,1335359
2017-05-31,79.00,79.42,78.94,79.11,1702056
2017-06-01,79.12,79.24,78.94,79.19,1214376
2017-06-02,79.52,79.79,79.34,79.55,1107318
2017-06-05,79.17,79.26,78.75,79.16,911655
2017-06-06,79.20,79.34,79.02,79.17,1376839
2017-06-07,79.35,79.42,78.32,78.57,2557457
2017-06-08,78.51,78.66,78.14,78.41,1831731
2017-06-09,77.98,78.69,77.86,78.50,2061558
2017-06-12,78.49,78.60,77.89,78.21,1763343
2017-06-13,78.77,78.99,78.60,78.80,1720122
2017-06-14,78.74,78.92,78.43,78.62,1506195
2017-06-15,77.12,77.95,77.09,77.83,1953042
2017-06-16,78.01,78.20,77.62,78.20,1770435
2017-06-19,78.34,78.89,78.26,78.79,1139392
2017-06-20,79.76,79.79,78.87,78.94,1897036
2017-06-21,79.21,79.93,79.12,79.87,1982868
2017-06-22,82.32,84.07,82.31,83.53,6139354
2017-06-23,82.78,83.75,82.72,83.53,2199472
2017-06-26,83.00,83.40,82.94,82.96,2960277
2017-06-27,83.21,83.34,82.52,82.53,2623418
2017-06-28,82.87,83.00,82.34,82.47,1255982
2017-06-29,81.72,81.72,80.93,81.45,1688507
2017-06-30,81.39,81.52,80.63,80.75,2034800
2017-07-03,80.77,81.07,80.69,80.87,862042
2017-07-05,79.46,80.45,79.39,80.42,2484953
2017-07-06,79.25,79.33,78.83,79.30,2365363
2017-07-07,79.30,79.72,79.16,79.64,1004989
2017-07-10,79.33,79.75,79.26,79.43,873643
2017-07-11,78.90,79.39,78.78,79.32,1154841
2017-07-12,80.43,81.26,80.38,80.50,1813535
2017-07-13,80.23,80.33,79.61,79.86,1756264
2017-07-14,80.40,80.64,80.03,80.45,1313913
2017-07-17,81.11,81.14,80.25,80.56,1628200
2017-07-18,81.87,82.41,81.23,82.01,2645572
2017-07-19,82.11,82.49,82.04,82.26,1736352
2017-07-20,82.45,82.85,82.41,82.64,1442261
2017-07-21,82.35,82.37,81.96,82.22,1256718
2017-07-24,81.54,81.74,81.27,81.54,1045543
2017-07-25,81.87,81.90,81.19,81.46,1387032
2017-07-26,81.86,82.11,81.59,82.09,1441445
2017-07-27,82.43,82.54,81.73,82.20,2748675
2017-07-28,81.71,82.09,81.56,81.99,1278927
2017-07-31,82.65,82.71,82.30,82.42,1824571
2017-08-01,82.68,82.84,82.49,82.56,1148892
2017-08-02,82.71,82.80,82.37,82.49,1138919
2017-08-03,82.52,82.54,82.02,82.11,962508
2017-08-04,82.12,82.38,81.83,82.20,990012
2017-08-07,81.80,81.92,81.50,81.69,1305892
2017-08-08,81.77,82.01,81.22,81.42,996101
2017-08-09,81.51,81.51,80.93,81.44,1582409
2017-08-10,81.30,81.30,80.40,80.47,1250416
2017-08-11,80.40,80.74,80.25,80.63,1363885
2017-08-14,81.28,81.45,80.95,81.13,798736
2017-08-15,81.35,81.53,81.00,81.36,1271151
2017-08-16,81.52,81.76,81.32,81.62,766349
2017-08-17,81.30,81.50,80.45,80.47,920020
2017-08-18,80.39,80.44,79.96,80.06,1319136
2017-08-21,80.47,80.57,80.21,80.32,1039214
2017-08-22,80.59,81.08,80.55,80.79,1127866
2017-08-23,80.40,80.73,80.21,80.57,1114953
2017-08-24,81.13,81.29,80.74,80.86,673174
2017-08-25,80.92,81.35,80.80,80.81,1485836
2017-08-28,80.63,80.70,80.34,80.62,1893856
2017-08-29,80.53,81.20,80.50,80.90,1265870
2017-08-30,80.21,80.31,79.92,80.04,3293199
2017-08-31,80.56,81.80,80.52,81.54,5257740
2017-09-01,81.51,81.65,81.01,81.08,2578306
2017-09-05,80.99,81.13,80.70,81.07,2355844
2017-09-06,81.00,81.52,80.95,81.13,2046391
2017-09-07,81.97,82.67,81.71,82.52,2289055
2017-09-08,82.72,82.92,82.52,82.84,1254258
2017-09-11,82.51,82.95,82.51,82.80,1584364
2017-09-12,82.93,83.24,82.79,82.93,847930
2017-09-13,83.14,83.22,82.66,82.75,1440145
2017-09-14,82.61,83.22,82.57,83.03,1523748
2017-09-15,83.03,83.06,82.59,82.79,1933469
2017-09-18,82.98,82.98,82.15,82.34,855436
2017-09-19,82.85,83.15,82.72,83.05,1773692
2017-09-20,83.40,83.60,82.30,82.99,2009254
2017-09-21,82.63,82.77,82.13,82.17,1235240
2017-09-22,83.44,83.53,83.05,83.35,2721428
2017-09-25,83.19,83.74,83.11,83.42,2217256
2017-09-26,82.89,83.14,82.19,82.46,1788738
2017-09-27,81.57,81.86,81.52,81.82,1597139
2017-09-28,82.24,82.35,81.94,81.99,1130181
2017-09-29,82.55,83.11,82.27,83.05,1778684
2017-10-02,83.55,83.85,83.30,83.53,2001713
2017-10-03,83.67,83.83,83.58,83.83,2600992
2017-10-04,83.43,83.72,83.05,83.27,1578649
2017-10-05,82.70,82.98,82.50,82.85,1053370
2017-10-06,82.62,83.19,82.61,82.98,818819
2017-10-09,82.98,83.04,82.41,82.67,1084281
2017-10-10,82.68,83.00,82.41,82.95,1351851
2017-10-11,83.23,83.77,83.13,83.58,1619403
2017-10-12,83.32,83.42,83.05,83.19,1229018
2017-10-13,83.47,83.54,83.18,83.32,846361
2017-10-16,83.54,84.04,83.38,83.56,857876
2017-10-17,83.05,83.70,82.97,83.53,1294500
2017-10-18,83.31,83.50,83.08,83.24,1120561
2017-10-19,83.74,83.79,83.05,83.35,2113782
2017-10-20,83.25,83.27,82.71,82.95,2021656
2017-10-23,83.41,83.77,83.00,83.11,4253339
2017-10-24,80.97,81.04,80.26,80.42,6932198
2017-10-25,80.03,80.03,78.27,78.72,4176652
2017-10-26,78.71,78.90,78.07,78.27,3955808
2017-10-27,78.51,78.66,77.97,78.09,3063045
2017-10-30,78.76,79.43,78.65,79.08,2405611
2017-10-31,79.99,80.04,79.26,79.89,3104850
2017-11-01,80.10,80.93,79.99,80.07,1946604
2017-11-02,80.37,80.43,79.87,80.08,1826043
2017-11-03,80.38,80.98,80.34,80.97,844937
2017-11-06,81.09,81.23,80.66,80.78,885528
2017-11-07,79.88,80.09,79.53,79.71,3413353
2017-11-08,79.77,80.36,79.76,80.24,921779
2017-11-09,79.36,79.88,79.03,79.79,1581584
2017-11-10,79.46,79.75,79.16,79.70,1182447
2017-11-13,79.79,80.26,79.74,80.02,1040018
2017-11-14,80.06,80.39,79.94,80.33,1113819
2017-11-15,80.05,80.20,79.88,79.91,838947
2017-11-16,80.33,80.65,80.23,80.32,1216786
2017-11-17,80.92,81.55,80.53,81.24,1545668
2017-11-20,81.26,81.30,80.48,80.51,4008604
2017-11-21,81.17,81.80,81.17,81.53,1944527
2017-11-22,82.28,82.43,81.53,81.73,1540361
2017-11-24,82.41,82.57,82.13,82.31,733965
2017-11-27,82.32,82.34,81.74,81.77,836771
2017-11-28,82.25,82.70,81.98,82.59,1306220
2017-11-29,82.24,82.58,82.19,82.38,1004469
2017-11-30,82.78,83.24,82.55,83.00,927776
2017-12-01,82.79,83.35,82.79,83.25,1178747
2017-12-04,83.20,83.32,82.09,82.11,997976
2017-12-05,81.08,81.49,80.99,81.11,1017615
2017-12-06,80.33,80.82,80.25,80.47,1256817
2017-12-07,79.92,80.38,79.84,80.18,691589
2017-12-08,80.51,81.44,80.49,81.22,1054160
2017-12-11,81.10,81.35,80.95,81.07,1126454
2017-12-12,81.09,81.81,81.04,81.71,980707
2017-12-13,82.16,82.33,81.71,81.90,879329
2017-12-14,82.06,82.16,81.69,81.72,890999
2017-12-15,81.68,82.18,81.55,82.10,1281851
2017-12-18,82.24,82.80,82.14,82.30,1097676
2017-12-19,82.62,82.69,81.96,81.97,1107210
2017-12-20,81.04,81.11,80.18,80.34,1368849
2017-12-21,80.53,81.28,80.35,80.77,1078654
2017-12-22,80.35,80.42,80.07,80.25,803727
2017-12-26,80.14,80.61,80.14,80.40,400166
2017-12-27,81.30,81.32,81.04,81.11,499650
2017-12-28,81.85,81.85,81.43,81.51,723466
2017-12-29,81.84,81.93,81.22,81.22,756085
2018-01-02,81.37,81.92,81.29,81.92,1055999
2018-01-03,81.78,82.81,81.75,82.56,1154870
2018-01-04,82.73,82.74,82.39,82.64,834431
2018-01-05,82.97,83.52,82.86,83.46,755059
2018-01-08,83.46,83.57,83.09,83.41,1079594
2018-01-09,83.29,83.65,83.07,83.56,1333477
2018-01-10,83.36,83.36,82.86,83.06,796682
2018-01-11,82.60,83.09,82.58,82.88,911381
2018-01-12,83.07,83.92,83.03,83.83,1016527
2018-01-16,83.99,84.45,83.83,83.90,1190024
2018-01-17,83.93,84.40,83.62,84.05,1172419
2018-01-18,83.50,83.88,83.41,83.60,1523704
2018-01-19,84.14,84.24,83.51,84.11,770420
2018-01-22,83.46,84.18,83.46,84.17,1671651
2018-01-23,84.56,84.87,83.96,84.37,2446774
2018-01-24,87.75,88.52,87.68,88.46,4030378
2018-01-25,90.06,90.89,90.06,90.60,2839632
2018-01-26,91.06,91.12,90.59,90.85,1944308
2018-01-29,89.87,90.14,89.61,89.95,1537484
2018-01-30,89.12,89.22,88.54,88.69,1399373
2018-01-31,88.57,88.66,87.02,87.13,1438613
2018-02-01,87.03,87.70,86.95,87.60,1545257
2018-02-02,85.99,86.22,85.50,85.51,1448769
2018-02-05,84.51,84.59,81.76,82.07,2419675
2018-02-06,82.21,83.54,81.40,83.42,3530382
2018-02-07,82.11,82.67,81.69,82.06,3379871
2018-02-08,81.51,81.90,79.84,79.85,2891882
2018-02-09,80.58,80.94,78.85,80.54,3499524
2018-02-12,81.07,81.77,80.92,81.27,1318939
2018-02-13,81.21,81.50,80.80,80.88,2067287
2018-02-14,81.14,82.83,81.03,82.73,1745105
2018-02-15,83.43,83.91,83.08,83.86,1005268
2018-02-16,83.83,84.72,83.79,84.08,983166
2018-02-20,82.93,83.36,82.48,82.59,1364800
2018-02-21,82.77,83.29,82.12,82.12,907514
2018-02-22,82.79,82.89,82.14,82.42,989856
2018-02-23,81.89,82.60,81.70,82.55,1099863
2018-02-26,82.41,83.44,82.39,83.23,1844222
2018-02-27,82.49,82.55,81.77,81.80,1483951
2018-02-28,81.81,81.99,80.60,80.63,1380088
2018-03-01,80.34,80.77,79.21,79.72,952000
2018-03-02,80.14,80.47,79.63,80.34,2071089
2018-03-05,80.19,81.71,80.17,81.54,2064350
2018-03-06,78.99,79.24,78.20,78.87,2320235
2018-03-07,78.84,79.34,78.62,79.16,1855632
2018-03-08,79.09,79.76,79.04,79.68,2646737
2018-03-09,79.55,80.15,79.41,80.06,2392687
2018-03-12,80.11,80.43,80.04,80.21,1034801
2018-03-13,80.43,80.55,79.41,79.58,1492994
2018-03-14,80.14,80.36,79.44,79.56,1584919
2018-03-15,79.44,79.86,79.14,79.14,994852
2018-03-16,79.16,79.66,79.14,79.39,1994543
2018-03-19,79.28,79.29,78.16,78.58,1468172
2018-03-20,77.88,78.82,77.85,78.69,1247089
2018-03-21,78.61,79.04,78.34,78.44,1682214
2018-03-22,78.37,78.55,77.26,77.28,1729328
2018-03-23,77.34,77.58,75.98,76.00,2469903
2018-03-26,77.71,77.76,76.12,77.08,1168731
2018-03-27,77.66,77.94,76.60,76.86,1523223
2018-03-28,77.89,79.35,77.61,78.60,1583833
2018-03-29,77.99,78.66,77.85,78.22,1528707
2018-04-02,77.89,78.34,76.59,77.00,1270454
2018-04-03,77.74,77.78,76.86,77.51,1680121
2018-04-04,77.24,78.34,77.09,78.25,2223379
2018-04-05,78.52,78.92,78.27,78.42,1077301
2018-04-06,78.54,78.92,77.18,77.59,1529745
2018-04-09,78.20,79.07,77.99,78.43,2535969
2018-04-10,79.50,79.74,78.97,79.20,1151547
2018-04-11,78.44,78.89,78.23,78.27,1007169
2018-04-12,78.75,79.09,78.71,78.79,1064150
2018-04-13,78.51,78.62,78.07,78.40,1036961
2018-04-16,78.46,78.85,77.96,78.53,1552734
2018-04-17,78.55,79.29,78.49,79.12,3099448
2018-04-18,79.13,79.19,78.61,79.04,4388383
2018-04-19,77.16,77.22,76.24,76.43,5933035
2018-04-20,75.60,75.69,75.18,75.34,2925246
2018-04-23,75.32,75.41,74.98,75.07,1180753
2018-04-24,75.04,75.10,74.16,74.48,1571251
2018-04-25,73.76,74.07,73.26,73.93,1294355
2018-04-26,74.49,74.85,74.43,74.69,1020508
2018-04-27,74.44,74.93,74.26,74.75,1174553
2018-04-30,74.89,75.11,74.15,74.19,1024785
2018-05-01,73.89,73.95,73.43,73.80,1468640
2018-05-02,74.11,74.17,73.29,73.32,1609513
2018-05-03,74.04,74.10,73.43,73.83,1844457
2018-05-04,73.69,74.37,73.59,74.19,915348
2018-05-07,74.64,74.95,74.44,74.58,1054079
2018-05-08,74.90,75.04,74.39,74.63,1187700
2018-05-09,74.31,75.04,74.19,74.58,1137542
2018-05-10,74.67,75.04,74.02,74.43,1612580
2018-05-11,74.87,75.17,74.58,75.02,2729002
2018-05-14,75.80,76.01,75.60,75.78,1653368
2018-05-15,75.31,75.35,74.87,74.93,2319187
2018-05-16,75.37,75.51,75.02,75.07,1326911
2018-05-17,74.70,74.90,74.46,74.64,2098582
2018-05-18,74.86,74.91,74.40,74.55,1478946
2018-05-21,74.75,74.95,74.25,74.29,986952
2018-05-22,74.31,74.78,74.30,74.34,945055
2018-05-23,74.47,74.59,73.83,73.94,836910
2018-05-24,74.13,74.28,73.52,73.69,1186387
2018-05-25,74.18,74.33,73.49,73.62,911624
2018-05-29,72.61,72.95,72.27,72.52,1239329
2018-05-30,73.07,73.59,72.78,73.26,1400815
2018-05-31,72.91,73.06,71.70,72.09,2243234
2018-06-01,72.85,73.34,72.68,73.14,1505276
2018-06-04,73.51,73.54,73.04,73.29,2354310
2018-06-05,72.90,72.93,72.33,72.46,1806058
2018-06-06,72.33,72.89,72.12,72.76,1380203
2018-06-07,73.51,73.51,72.84,73.03,1222762
2018-06-08,72.42,72.83,72.19,72.76,1325483
2018-06-11,72.65,73.55,72.56,73.33,2428895
2018-06-12,73.29,73.46,73.01,73.37,1394588
2018-06-13,73.13,73.54,73.09,73.32,1618890
2018-06-14,73.57,73.80,73.40,73.50,1301684
2018-06-15,73.59,73.85,73.22,73.32,2142157
2018-06-18,71.86,71.88,71.39,71.68,2185040
2018-06-19,70.83,71.48,70.83,71.17,3008815
2018-06-20,72.22,72.22,71.67,71.81,1440143
2018-06-21,72.33,72.36,71.46,71.57,1087986
2018-06-22,72.60,73.01,72.37,72.61,1744719
2018-06-25,71.97,72.14,71.41,71.62,1471482
2018-06-26,71.25,71.47,71.03,71.24,1683233
2018-06-27,70.86,71.17,70.07,70.08,1837451
2018-06-28,70.24,70.72,69.94,70.62,1698437
2018-06-29,73.60,73.66,73.07,73.08,3929809
2018-07-02,71.72,72.28,71.60,72.28,1693603
2018-07-03,73.06,73.13,72.73,73.00,1437514
2018-07-05,74.39,74.50,74.03,74.45,3196820
2018-07-06,74.44,74.82,74.32,74.66,1345216
2018-07-09,74.76,75.17,74.67,74.98,1129626
2018-07-10,74.96,74.98,74.53,74.77,1492990
2018-07-11,74.20,74.37,73.68,73.86,1728346
2018-07-12,75.89,76.67,75.75,76.37,3731757
2018-07-13,76.08,76.32,76.01,76.21,1317920
2018-07-16,76.46,76.49,75.86,76.03,1693208
2018-07-17,75.55,76.42,75.48,76.14,2457541
2018-07-18,78.01,78.36,77.64,78.32,3036351
2018-07-19,78.39,78.62,78.02,78.17,3841419
2018-07-20,79.61,79.92,79.49,79.59,4003077
2018-07-23,79.93,79.96,79.47,79.56,3029837
2018-07-24,79.55,80.27,79.51,79.82,1748469
2018-07-25,79.57,80.32,79.44,80.24,1710322
2018-07-26,80.48,80.95,80.36,80.54,1894343
2018-07-27,80.48,80.91,80.43,80.77,1575216
2018-07-30,81.05,81.26,80.86,81.05,1064567
2018-07-31,81.50,81.75,80.97,81.17,1417123
2018-08-01,80.89,81.13,80.48,80.96,1740381
2018-08-02,81.06,81.50,80.89,81.33,1322147
2018-08-03,79.97,80.73,79.96,80.62,1657127
2018-08-06,80.35,80.90,80.18,80.76,1828292
2018-08-07,80.89,81.01,80.68,80.87,1601672
2018-08-08,80.37,80.98,80.23,80.82,1502868
2018-08-09,80.50,80.76,80.32,80.59,1198525
2018-08-10,79.96,80.17,79.22,79.43,1809662
2018-08-13,79.54,80.00,79.45,79.75,1701003
2018-08-14,79.39,79.65,79.29,79.46,1434581
2018-08-15,78.60,79.31,78.45,79.16,2179131
2018-08-16,79.32,79.69,79.22,79.51,1708370
2018-08-17,80.09,80.51,80.05,80.33,1361455
2018-08-20,80.55,80.92,80.49,80.84,1043290
2018-08-21,81.68,81.71,80.94,81.08,2733164
2018-08-22,81.42,81.58,80.92,80.96,1639182
2018-08-23,81.13,81.19,80.72,80.89,947863
2018-08-24,80.70,81.04,80.47,81.02,884353
2018-08-27,81.08,81.49,81.05,81.34,879489
2018-08-28,81.08,81.22,80.97,81.08,1087338
2018-08-29,80.48,81.07,80.42,80.94,1279677
2018-08-30,80.70,81.07,80.56,80.77,1044791
2018-08-31,80.45,80.67,80.00,80.31,968137
2018-09-04,79.57,79.97,79.57,79.87,902015
2018-09-05,79.05,79.51,79.04,79.43,1326343
2018-09-06,79.44,79.49,78.53,78.88,1471858
2018-09-07,78.63,79.25,78.57,79.12,1230930
2018-09-10,79.93,80.32,79.74,79.84,1360596
2018-09-11,81.18,81.34,80.81,81.23,1956480
2018-09-12,81.65,81.99,81.63,81.68,1158470
2018-09-13,82.27,82.62,82.03,82.52,1982367
2018-09-14,82.40,82.56,82.09,82.44,1333816
2018-09-17,82.07,82.62,82.04,82.36,2468338
2018-09-18,81.36,82.29,81.31,82.26,1878986
2018-09-19,81.43,82.14,81.41,82.13,2539358
2018-09-20,81.93,83.18,81.93,83.17,3142388
2018-09-21,82.39,82.88,82.35,82.68,2938397
2018-09-24,82.53,82.71,82.15,82.51,1799626
2018-09-25,83.27,83.51,83.00,83.10,1330722
2018-09-26,83.07,83.93,83.02,83.60,1417645
2018-09-27,83.08,83.77,83.05,83.30,1614940
2018-09-28,83.62,83.74,83.30,83.35,1217050
2018-10-01,83.63,83.81,83.39,83.52,1249068
2018-10-02,83.09,83.65,82.87,83.53,1892277
2018-10-03,84.44,84.90,84.39,84.60,2261312
2018-10-04,83.75,83.87,82.70,83.05,1121016
2018-10-05,83.03,83.23,82.35,82.72,1203592
2018-10-08,81.86,82.63,81.81,82.48,1833397
2018-10-09,81.68,82.46,81.51,82.31,3587325
2018-10-10,83.37,83.39,81.54,81.64,2824210
2018-10-11,80.86,80.99,79.03,79.52,3572877
2018-10-12,80.45,80.48,79.48,80.08,1793159
2018-10-15,80.73,80.91,80.41,80.44,2065289
2018-10-16,81.74,83.01,81.57,82.93,2827088
2018-10-17,82.62,82.78,81.97,82.50,3122207
2018-10-18,83.16,83.89,82.75,83.43,5483764
2018-10-19,84.46,84.72,84.19,84.35,3400344
2018-10-22,83.86,84.40,83.57,84.26,2843099
2018-10-23,83.86,85.25,83.42,85.14,4343016
2018-10-24,84.28,84.51,81.48,81.51,3823790
2018-10-25,81.27,83.63,80.94,82.95,3975509
2018-10-26,82.29,82.99,81.52,82.51,4323607
2018-10-29,84.16,84.29,82.51,83.29,4175941
2018-10-30,83.87,84.09,83.12,83.81,4109530
2018-10-31,84.19,85.09,84.09,84.61,3472431
2018-11-01,85.02,85.50,84.48,85.33,1998293
2018-11-02,85.06,85.32,84.02,84.36,1509213
2018-11-05,85.13,86.62,84.97,86.32,3150374
2018-11-06,85.33,85.46,84.64,85.06,4601132
2018-11-07,85.56,86.17,85.41,86.00,3045132
2018-11-08,86.35,86.61,86.11,86.33,2637474
2018-11-09,86.12,86.48,85.90,86.31,2706701
2018-11-12,85.79,85.90,85.31,85.36,1908278
2018-11-13,85.38,85.94,85.28,85.43,2515672
2018-11-14,85.31,85.44,84.31,84.49,2289105
2018-11-15,84.00,84.67,83.64,84.40,3041999
2018-11-16,84.05,85.08,84.03,84.89,2188333
2018-11-19,85.38,85.59,84.75,85.43,3856933
2018-11-20,85.34,86.18,83.43,84.12,4440601
2018-11-21,85.08,86.56,84.91,86.13,4700721
2018-11-23,84.75,85.55,84.71,85.16,1449647
2018-11-26,85.73,86.34,85.55,86.10,2442245
2018-11-27,85.18,86.09,84.98,85.99,1940003
2018-11-28,85.64,86.94,85.38,86.86,2165486
2018-11-29,86.94,88.70,86.94,88.08,3886715
2018-11-30,88.07,88.72,88.05,88.55,3342606
2018-12-03,88.86,88.86,88.12,88.53,2296193
2018-12-04,89.07,89.38,87.73,87.81,1472113
2018-12-06,86.21,86.53,85.03,86.15,3432493
2018-12-07,83.93,85.14,83.93,84.24,2925759
2018-12-10,84.47,84.47,83.00,84.07,1475663
2018-12-11,85.05,85.17,83.96,84.38,1465999
2018-12-12,85.25,86.11,85.20,85.26,2000057
2018-12-13,85.47,85.70,85.22,85.52,5240320
2018-12-14,84.33,85.05,84.26,84.54,2462512
2018-12-17,83.80,83.95,82.79,82.97,3070953
2018-12-18,83.00,83.14,82.15,82.61,2739022
2018-12-19,82.52,83.14,81.09,81.70,3881821
2018-12-20,82.41,82.41,80.97,81.49,6387194
2018-12-21,81.17,81.61,80.63,80.63,3935849
2018-12-24,80.58,80.76,79.77,79.80,719255
2018-12-26,79.78,82.01,79.68,82.01,1240166
2018-12-27,80.13,81.33,79.40,81.33,2400399
2018-12-28,82.69,83.28,82.30,82.48,1825004
2018-12-31,82.85,83.19,82.64,83.01,1242442
2019-01-02,81.65,82.29,80.93,81.32,1570284
2019-01-03,82.24,82.73,81.64,81.98,3302060
2019-01-04,82.27,83.52,82.27,83.09,1759319
2019-01-07,81.51,82.41,81.49,82.11,1794330
2019-01-08,83.32,83.92,83.20,83.89,2427181
2019-01-09,84.15,84.36,83.92,84.13,1026909
2019-01-10,85.14,85.33,84.84,85.24,1853131
2019-01-11,85.16,85.49,84.68,84.91,2363764
2019-01-14,84.38,84.53,83.80,83.99,1989859
2019-01-15,84.98,85.49,84.73,85.01,1433048
2019-01-16,85.11,85.43,84.98,85.08,1631508
2019-01-17,85.54,85.84,85.40,85.74,1901757
2019-01-18,86.27,86.30,85.81,86.09,2745441
2019-01-22,85.40,85.55,85.02,85.44,1448324
2019-01-23,85.68,86.02,85.02,85.28,1933327
2019-01-24,84.15,84.23,83.37,83.59,1764718
2019-01-25,83.47,83.62,82.93,83.15,3277976
2019-01-28,82.46,82.91,82.15,82.86,4267686
2019-01-29,83.08,83.87,83.08,83.77,1928399
2019-01-30,82.25,83.29,82.20,82.88,2438960
2019-01-31,83.64,84.82,83.34,84.67,3297695
2019-02-01,84.34,85.08,84.22,84.80,3061443
2019-02-04,85.38,85.73,85.17,85.50,1995691
2019-02-05,85.75,86.33,85.69,86.05,2048024
2019-02-06,86.19,86.52,86.08,86.10,1024148
2019-02-07,85.98,86.06,85.29,85.44,1429898
2019-02-08,85.33,85.99,85.22,85.96,1731775
2019-02-11,85.46,85.74,85.19,85.25,1617439
2019-02-12,85.85,86.05,85.68,85.96,1254804
2019-02-13,85.71,86.22,85.68,85.94,2424271
2019-02-14,85.84,86.33,85.51,86.12,2514553
2019-02-15,86.21,87.06,86.17,86.95,2351243
2019-02-19,86.63,87.17,86.59,87.04,2123231
2019-02-20,87.71,88.06,87.63,87.78,1416617
2019-02-21,87.78,87.83,87.27,87.56,806105
2019-02-22,87.35,87.99,87.32,87.82,1056173
2019-02-25,87.99,88.41,87.91,88.13,1666318
2019-02-26,88.47,88.73,88.39,88.51,1233236
2019-02-27,88.58,88.86,88.23,88.32,1400499
2019-02-28,88.37,88.87,88.18,88.26,1368758
2019-03-01,88.39,88.65,88.19,88.42,1316016
2019-03-04,86.30,86.37,85.86,86.35,1402481
2019-03-05,85.90,87.17,85.89,86.87,3687732
2019-03-06,87.10,87.11,86.44,86.88,1205918
2019-03-07,86.91,87.01,86.40,86.52,1633235
2019-03-08,86.31,86.81,86.03,86.76,1630765
2019-03-11,86.65,87.41,86.63,87.14,1216394
2019-03-12,87.08,87.53,87.02,87.14,1820583
2019-03-13,87.82,88.69,87.64,88.65,2480088
2019-03-14,88.51,89.40,88.38,89.02,1616472
2019-03-15,89.47,90.57,89.28,90.25,2656247
2019-03-18,90.01,90.18,89.69,90.13,2173315
2019-03-19,90.58,90.65,89.87,89.96,2540510
2019-03-20,89.98,90.83,89.76,90.43,1504442
2019-03-21,90.40,90.78,90.32,90.61,3730803
2019-03-22,90.28,90.73,90.20,90.38,2799962
2019-03-25,90.52,90.61,89.87,90.27,1363662
2019-03-26,91.57,92.03,91.39,91.92,4141351
2019-03-27,92.05,92.40,91.42,92.01,3694100
2019-03-28,92.39,92.68,92.21,92.51,1443765
2019-03-29,92.41,93.17,92.17,93.01,1744077
2019-04-01,93.17,93.17,92.53,92.59,1530723
2019-04-02,91.73,91.93,91.60,91.79,1606494
2019-04-03,91.28,91.94,91.09,91.87,3071692
2019-04-04,91.07,91.20,90.45,91.15,2970816
2019-04-05,90.97,91.46,90.72,90.93,2333651
2019-04-08,91.89,91.89,91.25,91.84,2672449
2019-04-09,82.00,82.31,80.55,80.69,6840642
2019-04-10,79.47,79.54,78.99,79.26,4097092
2019-04-11,79.59,79.64,79.00,79.20,2869340
2019-04-12,77.93,78.30,77.51,77.63,4444907
2019-04-15,78.25,78.49,77.93,78.32,2570876
2019-04-16,78.09,78.19,76.68,76.76,2980933
2019-04-17,76.42,76.42,74.70,74.78,4706869
2019-04-18,74.73,74.83,73.49,73.92,5053561
2019-04-22,73.14,73.52,72.53,72.94,8191378
2019-04-23,73.32,74.18,73.11,73.43,8823283
2019-04-24,75.92,76.28,75.23,75.28,4638078
2019-04-25,76.91,78.16,76.76,77.97,3568853
2019-04-26,78.22,78.72,77.96,78.64,2683697
2019-04-29,78.34,78.56,78.20,78.49,1541163
2019-04-30,79.22,79.86,78.88,79.55,2048967
2019-05-01,79.43,80.10,79.08,79.24,1143726
2019-05-02,79.23,79.47,78.77,79.26,1442714
2019-05-03,79.96,80.03,79.49,79.92,1327347
2019-05-06,79.38,80.33,79.35,80.07,1124687
2019-05-07,79.39,79.47,78.09,78.43,1352253
2019-05-08,78.80,79.51,78.56,79.20,1186196
2019-05-09,78.49,78.63,77.93,78.34,2276406
2019-05-10,79.02,79.35,78.41,79.21,2047120
2019-05-13,77.57,78.06,77.41,77.89,2351062
2019-05-14,77.83,78.54,77.80,78.10,1082014
2019-05-15,78.02,79.15,77.97,78.89,1030237
2019-05-16,79.92,80.33,79.69,79.76,1303972
2019-05-17,80.29,80.61,80.01,80.01,1563774
2019-05-20,79.69,79.82,79.02,79.34,2871367
2019-05-21,79.99,80.22,79.53,79.71,2152604
2019-05-22,80.08,81.32,79.95,81.18,2354468
2019-05-23,81.51,81.79,81.20,81.69,2069228
2019-05-24,83.67,85.56,83.51,84.67,4727218
2019-05-28,84.85,85.15,84.06,84.09,2131096
2019-05-29,83.95,83.98,82.94,83.01,3682495
2019-05-30,82.99,83.42,82.62,83.00,1766155
2019-05-31,82.88,83.05,82.55,82.85,2015767
2019-06-03,84.42,84.95,84.15,84.80,2259358
2019-06-04,84.77,84.85,84.22,84.57,1256677
2019-06-05,84.71,85.17,84.64,84.69,1005972
2019-06-06,85.22,85.72,84.79,84.80,2109869
2019-06-07,85.14,85.71,85.09,85.19,3818625
2019-06-10,85.24,85.48,84.84,85.35,1004558
2019-06-11,85.97,86.09,85.11,85.23,4036158
2019-06-12,85.50,86.27,85.44,86.08,1406199
2019-06-13,87.19,87.27,86.35,86.67,1768585
2019-06-14,86.87,87.18,86.48,86.60,1245016
2019-06-17,86.27,87.07,86.27,86.84,860286
2019-06-18,88.34,88.65,88.02,88.33,2300135
2019-06-19,88.05,88.98,88.01,88.92,1406181
2019-06-20,90.21,90.30,89.13,89.36,1760042
2019-06-21,89.54,89.67,88.77,89.48,2316338
2019-06-24,89.42,89.96,89.23,89.78,1087412
2019-06-25,90.55,90.60,89.35,89.36,1462777
2019-06-26,88.59,88.68,87.98,88.23,1614887
2019-06-27,88.13,88.46,87.88,87.98,1524658
2019-06-28,88.45,88.60,88.08,88.34,997722
2019-07-01,88.83,88.99,88.51,88.87,935819
2019-07-02,88.87,89.30,88.80,89.10,1109769
2019-07-03,89.34,89.64,89.23,89.49,1063369
2019-07-05,87.89,87.96,87.37,87.49,1371647
2019-07-08,87.23,87.94,87.16,87.78,1092463
2019-07-09,87.99,88.66,87.95,88.09,1178597
2019-07-10,88.81,88.87,88.21,88.41,1489127
2019-07-11,89.02,89.08,86.86,87.40,2822043
2019-07-12,86.71,86.77,85.16,85.32,3653665
2019-07-15,85.87,86.51,85.77,86.36,3054504
2019-07-16,86.45,86.45,85.76,86.26,1728661
2019-07-17,87.92,88.10,87.16,87.29,3827711
2019-07-18,91.73,91.91,90.31,91.19,5449615
2019-07-19,91.71,91.78,90.33,90.51,3484360
2019-07-22,91.38,91.50,90.79,90.98,2617946
2019-07-23,91.26,91.31,90.41,90.63,2882118
2019-07-24,89.55,90.30,89.17,90.28,1733209
2019-07-25,89.88,89.95,88.88,88.99,1570140
2019-07-26,90.11,90.18,89.88,90.15,1675468
2019-07-29,89.35,89.52,88.98,89.13,1530533
2019-07-30,88.59,88.69,88.27,88.65,1575052
2019-07-31,88.05,89.51,87.94,88.60,1297982
2019-08-01,88.71,89.45,88.47,89.30,1110227
2019-08-02,89.50,89.56,88.62,89.18,1308279
2019-08-05,88.63,88.83,87.03,87.76,1172176
2019-08-06,88.11,88.63,83.91,85.35,6754136
2019-08-07,85.82,86.11,84.72,85.91,6018920
2019-08-08,87.16,88.80,86.98,88.26,1972405
2019-08-09,88.40,88.56,87.50,87.86,1425823
2019-08-12,88.57,88.80,87.82,88.13,1471791
2019-08-13,87.74,88.40,87.62,88.15,1988646
2019-08-14,87.59,87.82,86.07,86.11,1457388
2019-08-15,85.37,86.14,85.24,85.69,1479027
2019-08-16,85.96,86.64,85.92,86.56,1257580
2019-08-19,87.23,87.23,86.36,86.57,1123110
2019-08-20,86.78,86.87,86.16,86.18,1753950
2019-08-21,87.15,87.59,87.03,87.18,2137565
2019-08-22,86.34,86.72,85.98,86.10,1533195
2019-08-23,86.54,86.99,85.34,85.56,2116352
2019-08-26,85.14,85.67,85.10,85.64,860205
2019-08-27,86.32,86.98,86.10,86.46,1179288
2019-08-28,85.95,86.50,85.72,86.08,975107
2019-08-29,86.45,86.56,86.03,86.11,976277
2019-08-30,87.75,88.00,86.72,87.17,1535633
2019-09-03,85.97,87.08,85.95,86.95,2018456
2019-09-04,87.04,87.10,86.26,86.29,1357868
2019-09-05,86.71,86.92,86.36,86.61,1162873
2019-09-06,86.87,87.26,86.71,86.79,1219034
2019-09-09,86.48,86.89,85.97,86.70,2163816
2019-09-10,84.83,85.91,84.24,85.66,2153468
2019-09-11,85.17,86.05,85.13,85.98,1181998
2019-09-12,85.81,86.64,85.72,86.57,2559642
2019-09-13,84.79,84.97,84.07,84.16,2523338
2019-09-16,83.83,84.19,83.27,83.33,1153108
2019-09-17,83.57,83.98,83.34,83.71,2382478
2019-09-18,83.48,83.81,83.05,83.47,1428484
2019-09-19,83.65,83.90,83.53,83.54,909345
2019-09-20,84.78,84.94,83.94,84.23,1916463
2019-09-23,83.89,84.17,83.47,83.79,1948424
2019-09-24,84.02,84.25,83.41,83.63,1368599
2019-09-25,83.04,83.14,82.58,82.75,1340352
2019-09-26,83.80,84.73,83.64,84.05,2426071
2019-09-27,84.15,84.55,84.05,84.55,2326925
2019-09-30,83.71,84.35,83.63,84.07,1463150
2019-10-01,83.58,83.71,82.89,83.24,2343460
2019-10-02,81.69,81.93,81.23,81.60,2237657
2019-10-03,81.76,82.46,81.49,82.41,1915855
2019-10-04,82.91,83.15,82.64,83.14,1825557
2019-10-07,83.49,84.03,83.40,83.41,1930467
2019-10-08,82.70,83.07,82.28,82.54,1583262
2019-10-09,82.88,83.14,82.54,82.90,1355677
2019-10-10,82.25,83.26,82.24,83.13,1928706
2019-10-11,83.89,84.34,83.70,83.78,1124772
2019-10-14,83.02,83.69,82.81,83.13,1235194
2019-10-15,83.23,83.98,83.09,83.88,1389397
2019-10-16,83.71,84.27,83.63,84.17,2009565
2019-10-17,84.75,84.79,84.23,84.39,1361917
2019-10-18,83.72,84.09,83.55,84.05,1015141
2019-10-21,83.69,84.00,83.12,83.74,2340212
2019-10-22,83.13,84.53,83.12,84.14,4073591
2019-10-23,83.96,84.04,83.43,83.81,2028344
2019-10-24,84.08,84.49,83.89,84.40,1785360
2019-10-25,84.33,84.91,84.14,84.47,1570048
2019-10-28,84.37,84.73,84.06,84.09,1744037
2019-10-29,84.45,85.64,84.41,85.51,1711374
2019-10-30,84.24,84.77,84.16,84.76,1961750
2019-10-31,84.50,84.70,84.18,84.59,1884844
2019-11-01,84.67,84.96,84.63,84.78,906083
2019-11-04,86.07,86.10,85.07,85.07,1253289
2019-11-05,84.56,84.67,84.02,84.06,2363367
2019-11-06,84.09,84.86,84.08,84.61,4211189
2019-11-07,84.31,84.42,83.97,84.16,1186280
2019-11-08,84.95,85.58,84.76,85.49,1373051
2019-11-11,85.62,86.02,85.49,85.74,887198
2019-11-12,86.35,86.67,86.29,86.38,807834
2019-11-13,86.75,87.02,86.61,86.93,855018
2019-11-14,86.42,86.73,86.26,86.59,766301
2019-11-15,86.49,87.28,86.46,87.11,1163067
2019-11-18,87.24,87.61,87.07,87.39,1036792
2019-11-19,86.97,87.49,86.62,87.46,2829276
2019-11-20,87.34,87.74,87.29,87.58,1310236
2019-11-21,87.15,87.78,86.94,87.58,1478217
2019-11-22,87.99,88.08,87.28,87.53,907923
2019-11-25,87.35,88.45,87.27,88.33,3090497
2019-11-26,88.62,89.20,88.57,89.12,2127509
2019-11-27,89.08,89.43,89.04,89.19,1371893
2019-11-29,89.02,89.38,89.00,89.29,1324672
2019-12-02,88.70,88.70,88.04,88.45,1749775
2019-12-03,87.48,88.08,87.39,88.05,1780432
2019-12-04,88.31,88.69,88.03,88.58,1346205
2019-12-05,88.97,88.97,88.49,88.65,1242372
2019-12-06,89.30,89.45,89.01,89.07,951440
2019-12-09,89.09,89.76,89.07,89.52,2400215
2019-12-10,89.50,89.83,89.27,89.78,1702531
2019-12-11,89.41,90.12,89.41,90.01,3012454
2019-12-12,89.72,90.13,89.45,90.03,1377246
2019-12-13,89.71,90.21,89.63,89.96,1365218
2019-12-16,89.92,90.31,89.84,90.04,2271269
2019-12-17,90.74,90.78,90.38,90.56,1305313
2019-12-18,90.99,91.11,90.04,90.21,1418671
2019-12-19,91.20,91.29,90.91,91.20,1654204
2019-12-20,91.18,91.47,91.01,91.22,1672718
2019-12-23,91.92,91.97,91.62,91.78,1624710
2019-12-24,91.62,91.82,91.45,91.73,433555
2019-12-26,91.91,91.96,91.56,91.72,730418
2019-12-27,92.38,92.54,92.08,92.26,1083774
2019-12-30,92.40,92.42,91.38,91.47,884022
2019-12-31,91.53,91.62,91.12,91.61,1021170
2020-01-02,91.61,92.36,91.42,91.86,1212954
2020-01-03,91.04,92.18,91.03,91.70,1062277
2020-01-06,91.59,92.32,91.56,92.32,1487645
2020-01-07,91.99,91.99,91.35,91.40,1153731
2020-01-08,91.41,91.79,91.28,91.40,982082
2020-01-09,91.77,92.04,91.54,91.68,768327
2020-01-10,91.38,91.40,90.73,90.80,1706927
2020-01-13,90.86,90.92,90.43,90.66,1582773
2020-01-14,91.02,91.40,90.92,91.31,1084013
2020-01-15,91.74,92.01,91.48,91.52,1546641
2020-01-16,91.97,92.02,91.64,92.00,1441139
2020-01-17,92.60,92.93,92.29,92.81,1854681
2020-01-21,92.52,92.84,92.08,92.09,2616697
2020-01-22,92.21,92.38,91.62,92.11,2762991
2020-01-23,91.99,92.07,91.37,91.83,2122830
2020-01-24,91.91,92.11,90.60,90.81,5575435
2020-01-27,90.02,90.98,89.93,90.65,1410069
2020-01-28,91.41,92.60,91.32,92.43,2442521
2020-01-29,93.10,93.62,92.52,92.62,3156678
2020-01-30,92.50,92.80,91.94,92.80,1849810
2020-01-31,92.05,92.22,91.14,91.43,2067193
2020-02-03,91.27,91.75,91.08,91.18,1615158
2020-02-04,91.38,92.23,91.33,92.00,1312804
2020-02-05,93.48,93.49,92.90,93.23,2897131
2020-02-06,93.11,93.84,92.90,93.80,2116846
2020-02-07,93.49,93.69,92.62,92.71,1586682
2020-02-10,93.04,94.28,92.98,94.25,1455356
2020-02-11,94.63,95.09,94.60,95.03,1862263
2020-02-12,95.14,96.59,94.56,95.78,3000215
2020-02-13,94.70,95.07,94.55,94.59,1676268
2020-02-14,94.53,94.63,94.10,94.45,1058244
2020-02-18,93.81,94.29,93.78,94.03,1130751
2020-02-19,94.19,94.48,94.02,94.05,1331596
2020-02-20,93.89,93.93,92.76,93.15,1283411
2020-02-21,93.06,93.80,92.84,93.61,1452598
2020-02-24,89.70,90.62,87.04,87.15,4167901
2020-02-25,87.62,87.68,84.61,85.08,7631068
2020-02-26,85.70,86.46,84.03,84.27,5514321
2020-02-27,83.92,85.50,83.17,83.22,4531289
2020-02-28,81.20,82.05,80.34,81.22,4826936
2020-03-02,82.81,84.32,81.78,84.04,3202459
2020-03-03,82.95,83.83,80.50,80.90,2426084
2020-03-04,83.88,85.01,82.99,84.79,2416683
2020-03-05,82.65,83.54,82.28,83.01,2389127
2020-03-06,81.58,83.03,81.23,82.93,5624794
2020-03-09,80.25,81.04,77.91,78.81,5811045
2020-03-10,82.19,82.77,79.59,82.18,5580274
2020-03-11,80.57,80.92,78.90,79.46,2626520
2020-03-12,73.71,75.43,69.81,71.66,5738037
2020-03-13,76.63,77.09,71.41,77.02,4352387
2020-03-16,67.79,73.68,66.93,70.76,5888358
2020-03-17,71.41,74.98,70.62,74.44,3689668
2020-03-18,71.30,73.28,69.24,72.52,4221662
2020-03-19,72.69,75.23,71.96,73.10,4823184
2020-03-20,73.48,74.26,69.82,70.06,3553019
2020-03-23,71.33,72.06,67.94,68.37,3714354
2020-03-24,71.49,71.88,69.68,71.16,2877720
2020-03-25,73.08,75.52,71.85,74.39,3623682
2020-03-26,74.39,77.33,74.36,77.14,2677707
2020-03-27,75.01,78.40,74.65,76.70,2654041
2020-03-30,77.94,79.51,77.81,79.23,2864771
2020-03-31,78.64,80.50,77.97,79.76,2764601
2020-04-01,78.37,79.74,77.80,78.29,1979492
2020-04-02,79.31,80.90,78.84,80.88,1882972
2020-04-03,80.97,81.52,80.07,80.92,1598657
2020-04-06,82.33,83.36,82.03,82.94,2018535
2020-04-07,83.69,83.75,81.05,81.25,2090369
2020-04-08,81.95,83.43,81.29,82.83,1524703
2020-04-09,82.23,82.80,81.76,82.09,2245338
2020-04-13,82.23,82.55,81.18,81.46,1453422
2020-04-14,83.52,83.95,82.95,83.41,4104000
2020-04-15,81.96,83.49,81.48,82.82,1744348
2020-04-16,84.69,84.89,83.82,84.69,1642439
2020-04-17,85.92,86.52,85.26,86.38,2219123
2020-04-20,86.81,88.38,86.61,86.86,3097741
2020-04-21,85.87,86.20,85.11,85.39,3280369
2020-04-22,86.38,86.42,85.35,85.42,2214998
2020-04-23,85.39,87.46,84.91,85.23,2546078
2020-04-24,85.34,86.46,84.89,86.15,1775415
2020-04-27,87.05,87.55,86.57,86.67,2022133
2020-04-28,87.53,87.63,84.70,85.17,3462787
2020-04-29,84.49,84.74,82.87,82.92,2953930
2020-04-30,83.13,83.14,81.83,81.97,2183197
2020-05-01,81.26,81.55,80.27,80.69,1401957
2020-05-04,81.34,81.46,80.65,81.26,1598774
2020-05-05,81.86,82.55,81.78,81.99,1613669
2020-05-06,82.60,83.31,82.24,82.57,958586
2020-05-07,82.51,82.68,81.21,81.91,1292917
2020-05-08,82.37,82.52,81.93,82.16,1555321
2020-05-11,82.10,84.08,82.02,83.77,1640417
2020-05-12,83.62,83.78,82.29,82.38,1438605
2020-05-13,82.70,83.34,82.06,82.42,1805587
2020-05-14,80.16,81.50,80.01,81.29,2248033
2020-05-15,81.50,81.80,80.46,81.28,1494655
2020-05-18,82.02,82.64,81.86,82.09,1498249
2020-05-19,82.22,82.86,81.99,82.45,1818166
2020-05-20,82.95,83.32,82.58,83.15,2912698
2020-05-21,83.39,83.41,81.82,82.22,1696045
2020-05-22,81.12,82.16,80.79,82.14,1356741
2020-05-26,82.36,82.75,82.08,82.28,1847886
2020-05-27,81.50,81.76,80.54,81.70,1838219
2020-05-28,82.30,84.44,82.25,83.47,2806444
2020-05-29,84.49,84.74,83.02,84.58,2565942
2020-06-01,84.28,84.54,83.29,83.86,1089866
2020-06-02,83.04,83.64,82.80,83.64,1665906
2020-06-03,82.76,83.19,82.64,82.91,1676857
2020-06-04,82.71,83.53,82.17,82.35,1801250
2020-06-05,82.88,83.63,82.71,83.09,1533296
2020-06-08,82.95,83.40,82.40,82.88,1956364
2020-06-09,85.15,86.43,84.91,85.55,2106997
2020-06-10,85.68,85.82,85.01,85.13,1631112
2020-06-11,84.71,84.84,81.54,81.65,1758380
2020-06-12,82.37,82.56,80.68,81.60,1852784
2020-06-15,82.62,82.97,82.01,82.39,1814043
2020-06-16,84.44,84.60,83.67,83.93,2498694
2020-06-17,86.28,86.76,86.07,86.57,4152279
2020-06-18,86.96,87.47,86.43,86.74,2227316
2020-06-19,87.91,88.46,87.65,88.13,2384756
2020-06-22,87.72,87.75,86.87,87.67,2214869
2020-06-23,87.90,88.45,87.51,87.51,1145220
2020-06-24,87.03,87.59,85.56,85.91,1271568
2020-06-25,85.90,86.72,85.43,86.68,1335917
2020-06-26,85.68,85.89,84.02,84.26,1876920
2020-06-29,85.15,85.15,84.18,84.49,1196017
2020-06-30,83.67,84.79,83.29,84.49,1500523
2020-07-01,84.62,85.32,84.20,84.99,1200781
2020-07-02,84.61,85.20,84.54,84.72,1101452
2020-07-06,85.52,85.97,85.38,85.58,1043332
2020-07-07,85.16,85.62,84.86,84.94,1002460
2020-07-08,84.84,85.25,84.63,85.25,856466
2020-07-09,85.33,85.56,84.08,84.49,1018810
2020-07-10,84.33,84.46,83.75,84.18,1194728
2020-07-13,83.87,84.53,83.16,83.28,1410954
2020-07-14,83.34,84.72,83.13,84.62,1546594
2020-07-15,84.99,85.64,84.53,85.01,1351090
2020-07-16,84.28,84.60,84.01,84.54,886653
2020-07-17,84.66,85.48,84.64,85.30,1243132
2020-07-20,85.77,86.13,84.69,85.14,1963523
2020-07-21,84.39,84.47,83.06,83.22,2580090
2020-07-22,83.97,84.07,83.13,83.68,2705213
2020-07-23,83.55,83.63,81.97,82.12,2617131
2020-07-24,82.01,82.01,81.08,81.48,1968521
2020-07-27,81.59,82.10,81.56,81.95,1445966
2020-07-28,81.62,82.06,81.27,81.27,1332519
2020-07-29,81.26,81.98,80.97,81.66,1407360
2020-07-30,80.37,81.60,80.33,81.49,1968877
2020-07-31,81.31,81.33,78.90,79.46,2341202
2020-08-03,81.15,81.86,80.84,80.92,2409103
2020-08-04,80.92,81.67,80.64,81.41,2115513
2020-08-05,81.47,81.62,80.61,80.70,1067261
2020-08-06,80.75,81.02,80.24,80.69,1415655
2020-08-07,79.97,80.32,79.76,80.21,1289279
2020-08-10,79.68,79.94,79.44,79.71,1251798
2020-08-11,80.76,80.89,79.65,79.74,1645553
2020-08-12,81.75,82.46,81.66,82.16,1882429
2020-08-13,82.81,83.04,82.34,82.59,2656676
2020-08-14,82.30,82.34,81.69,81.89,1935230
2020-08-17,82.66,84.27,82.57,83.29,1573745
2020-08-18,83.34,83.51,82.40,82.84,1602297
2020-08-19,83.69,83.78,82.52,82.69,1676019
2020-08-20,83.16,84.48,82.96,84.30,1992008
2020-08-21,83.42,83.65,83.06,83.59,896697
2020-08-24,83.92,84.16,83.23,83.57,919883
2020-08-25,84.08,84.10,83.32,83.63,1431164
2020-08-26,83.61,84.22,83.50,84.19,1358691
2020-08-27,85.28,85.35,83.85,84.17,1372124
2020-08-28,83.80,83.86,83.04,83.78,1436382
2020-08-31,83.57,84.12,83.24,83.26,2320936
2020-09-01,85.03,85.03,83.40,84.04,2986075
2020-09-02,84.94,86.05,84.88,85.97,1639132
2020-09-03,86.32,86.32,83.74,84.26,1840811
2020-09-04,84.46,84.63,82.66,83.86,1529601
2020-09-08,84.07,85.04,83.65,84.49,1635880
2020-09-09,85.52,86.22,85.35,85.35,1360549
2020-09-10,86.80,86.94,85.49,85.64,1655473
2020-09-11,87.47,87.73,86.43,86.95,1860505
2020-09-14,86.66,87.57,86.63,87.10,1172732
2020-09-15,88.74,88.97,87.91,88.04,1049780
2020-09-16,89.26,89.26,86.76,86.92,5933203
2020-09-17,87.30,88.03,86.96,88.01,2154152
2020-09-18,88.87,88.87,87.36,87.98,2275866
2020-09-21,86.69,86.79,85.47,86.58,1770414
2020-09-22,86.39,86.58,85.45,86.02,1674116
2020-09-23,85.69,85.80,84.50,84.60,1548652
2020-09-24,83.84,84.10,83.05,83.49,1580188
2020-09-25,83.19,84.40,83.19,84.27,1034521
2020-09-28,84.51,84.88,84.16,84.21,1011240
2020-09-29,85.23,85.23,83.86,84.20,3839166
2020-09-30,84.45,84.62,83.66,84.13,2676763
2020-10-01,85.42,85.44,84.20,84.46,1965143
2020-10-02,84.05,84.95,83.93,84.67,1708811
2020-10-05,85.33,85.61,85.10,85.39,2488434
2020-10-06,85.00,85.06,83.52,83.63,1436201
2020-10-07,83.23,83.46,82.59,83.14,1572869
2020-10-08,84.03,84.74,83.92,84.69,1211024
2020-10-09,85.50,85.81,85.31,85.51,1441797
2020-10-12,85.95,86.01,85.22,85.36,1122083
2020-10-13,85.60,85.66,84.49,84.58,2478096
2020-10-14,84.98,85.06,84.19,84.58,1428429
2020-10-15,82.62,83.06,82.18,82.61,1156531
2020-10-16,83.19,84.17,83.11,83.38,1181908
2020-10-19,83.92,84.05,82.66,83.00,1294533
2020-10-20,82.71,83.27,82.55,82.90,1796666
2020-10-21,82.16,82.43,81.39,81.40,1520014
2020-10-22,81.47,81.91,81.30,81.66,1303932
2020-10-23,81.87,82.11,81.38,81.68,810594
2020-10-26,81.36,81.65,80.78,81.44,1876682
2020-10-27,79.32,79.64,78.17,78.31,4040371
2020-10-28,76.80,77.12,75.76,75.81,1971507
2020-10-29,75.13,75.90,74.55,75.53,1639153
2020-10-30,75.18,75.54,74.53,75.54,1467779
2020-11-02,76.63,77.36,76.05,77.17,2102853
2020-11-03,78.78,79.09,78.38,78.41,1759036
2020-11-04,80.72,82.27,80.71,81.03,3426252
2020-11-05,81.72,81.80,81.04,81.49,1748133
2020-11-06,81.92,82.26,81.63,81.96,2262262
2020-11-09,82.41,82.98,81.18,81.20,2226998
2020-11-10,82.01,82.14,81.43,81.51,1577983
2020-11-11,83.14,83.39,82.62,83.20,1334323
2020-11-12,83.61,83.61,82.62,82.83,1177993
2020-11-13,82.93,83.41,82.80,83.30,1046556
2020-11-16,83.48,83.80,83.31,83.60,1033236
2020-11-17,84.12,84.21,83.56,83.70,1553092
2020-11-18,83.83,83.89,82.93,82.93,3149357
2020-11-19,83.55,84.39,83.28,84.36,2659430
2020-11-20,84.19,84.70,84.13,84.67,2651986
2020-11-23,84.31,84.56,84.11,84.47,2805859
2020-11-24,84.90,85.55,84.87,85.42,2750203
2020-11-25,86.12,86.65,85.99,86.27,2030329
2020-11-27,86.26,86.99,85.90,86.84,1503246
2020-11-30,86.95,87.97,86.82,87.87,4070663
2020-12-01,86.39,87.81,86.39,87.76,4722364
2020-12-02,88.45,89.10,88.30,88.60,1317566
2020-12-03,87.86,88.14,87.17,87.30,1499218
2020-12-04,88.09,88.64,88.02,88.64,882626
2020-12-07,88.51,88.73,88.31,88.52,841162
2020-12-08,87.08,88.56,87.07,88.24,1548036
2020-12-09,88.87,88.90,88.18,88.63,1049342
2020-12-10,88.63,89.18,88.35,88.69,856579
2020-12-11,88.93,89.65,88.59,89.60,1908378
2020-12-14,88.38,89.20,87.55,87.60,2339101
2020-12-15,87.13,87.30,86.64,87.04,2137618
2020-12-16,88.04,88.28,87.63,88.01,2159605
2020-12-17,89.43,89.68,88.95,88.98,1674997
2020-12-18,88.87,88.92,87.55,87.95,3210970
2020-12-21,85.39,85.83,84.56,85.58,3298718
2020-12-22,85.54,85.57,85.08,85.31,1428023
2020-12-23,85.83,85.96,85.27,85.50,966660
2020-12-24,85.65,85.83,85.43,85.67,557287
2020-12-28,87.83,88.35,87.20,88.23,2449805
2020-12-29,89.83,90.63,89.73,90.31,2411531
2020-12-30,91.06,91.94,90.91,91.29,1889894
2020-12-31,91.11,91.45,90.32,91.35,913373
2021-01-04,91.92,92.01,90.68,91.30,1467767
2021-01-05,91.51,91.79,90.66,91.53,1581272
2021-01-06,90.22,91.43,90.20,90.46,1251688
2021-01-07,90.25,90.64,89.72,90.36,1572748
2021-01-08,90.90,91.14,90.43,90.98,1595619
2021-01-11,90.62,91.49,90.45,91.32,1669303
2021-01-12,90.72,90.91,89.97,90.79,2098696
2021-01-13,90.47,91.02,90.27,90.27,2659765
2021-01-14,91.00,92.12,90.78,91.54,1966769
2021-01-15,92.50,93.40,92.31,92.51,2409858
2021-01-19,93.24,93.72,92.73,93.54,2280832
2021-01-20,93.65,93.94,93.39,93.76,1780214
2021-01-21,93.72,93.80,93.25,93.72,1072298
2021-01-22,93.78,94.34,93.40,93.74,2545270
2021-01-25,94.02,95.31,93.59,95.26,3089037
2021-01-26,91.27,92.81,90.85,92.81,4486044
2021-01-27,91.67,91.78,89.83,89.87,5090611
2021-01-28,90.76,91.44,89.77,89.82,1957937
2021-01-29,88.28,88.65,86.56,87.52,3008223
2021-02-01,87.76,87.78,86.57,86.84,2164953
2021-02-02,87.52,87.53,86.68,86.70,1872587
2021-02-03,86.44,86.87,86.11,86.43,2479858
2021-02-04,87.39,87.75,86.88,87.68,1986710
2021-02-05,87.63,87.84,87.28,87.58,1567430
2021-02-08,88.44,88.51,87.49,88.04,1957589
2021-02-09,88.04,88.87,87.92,88.60,2548737
2021-02-10,89.00,89.31,88.29,88.49,1807868
2021-02-11,89.22,89.24,88.61,89.19,1826403
2021-02-12,88.42,89.32,88.35,89.03,1605015
2021-02-16,89.34,89.35,88.34,88.48,1523327
2021-02-17,87.51,87.77,86.59,87.16,2254113
2021-02-18,86.66,86.78,86.16,86.48,1789370
2021-02-19,86.12,86.17,85.48,85.53,1810100
2021-02-22,85.34,85.59,85.02,85.05,1565974
2021-02-23,84.06,84.29,83.62,83.68,2119236
2021-02-24,84.32,84.87,83.85,84.58,2571395
2021-02-25,84.69,84.81,83.73,83.89,2113218
2021-02-26,84.30,84.37,82.84,83.11,2230222
2021-03-01,83.73,84.64,83.69,84.60,1647574
2021-03-02,85.21,85.95,85.20,85.30,2135884
2021-03-03,85.13,85.33,84.08,84.71,1959151
2021-03-04,81.85,82.05,79.95,80.78,2045608
2021-03-05,80.64,81.50,79.61,81.27,2019527
2021-03-08,81.25,81.98,80.90,81.00,1925554
2021-03-09,81.12,81.74,80.82,80.82,2084063
2021-03-10,81.76,81.85,81.22,81.45,1708281
2021-03-11,81.92,82.49,81.60,81.98,1535021
2021-03-12,81.16,81.44,80.94,81.39,1374728
2021-03-15,81.59,82.55,81.04,82.51,2311374
2021-03-16,82.63,83.30,82.62,83.21,1433517
2021-03-17,82.38,83.05,81.93,82.85,1392206
2021-03-18,82.39,83.07,82.34,82.41,1173534
2021-03-19,82.83,83.31,82.58,83.14,1341529
2021-03-22,82.73,83.84,82.68,83.69,1447277
2021-03-23,83.40,84.20,83.27,83.45,1597856
2021-03-24,83.19,83.61,82.91,83.22,1385000
2021-03-25,84.14,84.53,83.60,84.37,2213537
2021-03-26,83.98,84.65,83.86,84.56,1573094
2021-03-29,84.48,84.96,84.39,84.50,1568341
2021-03-30,84.00,84.44,83.50,84.19,1703032
2021-03-31,82.88,83.30,82.66,82.70,2350031
2021-04-01,82.87,83.74,82.73,83.28,1567126
2021-04-05,83.55,84.58,83.45,84.43,1092387
2021-04-06,84.08,84.64,83.18,83.55,3264079
2021-04-07,83.57,83.85,83.31,83.49,2140519
2021-04-08,83.90,84.52,83.86,84.16,2374030
2021-04-09,84.32,84.82,84.32,84.70,1792462
2021-04-12,84.38,84.79,84.29,84.49,1222853
2021-04-13,83.38,84.09,83.37,83.79,1848821
2021-04-14,83.64,84.06,83.64,83.92,1701466
2021-04-15,84.03,84.96,83.99,84.36,2303918
2021-04-16,84.59,85.20,84.36,85.15,1891480
2021-04-19,85.61,85.69,85.23,85.50,1930460
2021-04-20,84.92,85.22,84.80,84.97,2327832
2021-04-21,85.44,86.06,85.38,85.77,2202407
2021-04-22,85.24,85.71,85.07,85.36,1537303
2021-04-23,84.99,85.49,84.82,85.39,1497562
2021-04-26,85.25,85.35,84.88,84.95,1732491
2021-04-27,84.22,84.36,83.58,83.82,2863281
2021-04-28,83.51,84.09,83.45,83.99,1719880
2021-04-29,83.52,83.61,83.00,83.23,2158035
2021-04-30,82.83,83.30,82.40,82.46,2248868
2021-05-03,83.41,83.68,83.04,83.58,2577152
2021-05-04,82.89,83.12,82.49,82.84,1978804
2021-05-05,83.36,83.85,83.02,83.68,1024339
2021-05-06,84.03,84.52,83.75,84.50,2017762
2021-05-07,84.97,85.30,84.83,85.09,2048575
2021-05-10,85.13,85.45,84.97,85.11,1681675
2021-05-11,84.42,84.78,84.24,84.56,1736991
2021-05-12,85.09,85.59,84.57,84.72,2077174
2021-05-13,84.80,85.71,84.58,85.52,1623104
2021-05-14,86.22,86.36,85.89,86.06,1771681
2021-05-17,85.82,86.23,85.66,85.67,1551758
2021-05-18,85.75,86.10,85.55,85.81,1596490
2021-05-19,84.78,85.11,84.47,84.80,1599673
2021-05-20,84.42,85.44,84.42,85.08,1452507
2021-05-21,85.24,85.44,85.04,85.24,1254970
2021-05-24,85.45,85.59,85.06,85.15,809779
2021-05-25,85.89,85.90,85.42,85.60,2173822
2021-05-26,86.02,86.31,85.64,86.26,2833399
2021-05-27,85.91,86.13,85.43,85.60,3492074
2021-05-28,85.06,85.80,85.06,85.50,1703940
2021-06-01,86.10,86.12,85.25,85.25,1822570
2021-06-02,85.97,86.29,85.82,85.99,1762268
2021-06-03,86.04,86.42,85.83,86.40,1916447
2021-06-04,86.87,87.23,86.68,86.87,1627631
2021-06-07,86.97,87.10,86.62,86.75,2632786
2021-06-08,87.47,87.48,86.48,86.77,3315908
2021-06-09,88.43,89.27,88.23,89.23,2068888
2021-06-10,89.54,90.66,89.49,90.45,2076880
2021-06-11,90.22,90.22,89.52,89.67,1379723
2021-06-14,90.16,90.61,89.98,90.54,1161608
2021-06-15,91.25,91.29,90.62,90.85,1706933
2021-06-16,91.27,91.68,90.67,90.73,1568711
2021-06-17,90.64,91.09,90.36,91.08,2276039
2021-06-18,90.37,90.52,89.78,89.98,1328513
2021-06-21,90.32,90.98,90.05,90.85,1080782
2021-06-22,90.26,90.48,90.01,90.10,1273624
2021-06-23,90.66,90.66,89.38,89.38,1805216
2021-06-24,89.44,90.13,89.42,89.45,1085004
2021-06-25,89.59,89.67,89.23,89.48,896454
2021-06-28,89.25,89.57,89.18,89.29,1438535
2021-06-29,88.90,89.18,88.70,88.84,1309878
2021-06-30,88.21,88.58,88.02,88.27,1417541
2021-07-01,88.32,88.76,88.21,88.66,1787938
2021-07-02,88.16,89.04,88.04,88.98,1987745
2021-07-06,88.84,89.02,88.32,88.60,1243612
2021-07-07,88.66,89.00,88.42,88.94,2206224
2021-07-08,89.05,89.42,88.71,89.34,2047792
2021-07-09,89.10,89.89,89.09,89.72,1128937
2021-07-12,90.16,90.42,89.87,89.95,1243406
2021-07-13,89.42,89.81,89.39,89.65,1420145
2021-07-14,89.09,89.69,88.92,89.45,1277312
2021-07-15,88.64,88.69,88.06,88.28,1595485
2021-07-16,89.02,89.07,88.55,88.71,2431997
2021-07-19,87.40,87.72,87.18,87.67,1929774
2021-07-20,87.19,87.73,87.09,87.30,1941286
2021-07-21,86.44,87.68,86.24,87.53,2195982
2021-07-22,88.42,88.50,88.02,88.11,2152719
2021-07-23,88.87,89.06,88.31,88.59,1639831
2021-07-26,88.09,88.32,87.78,88.00,1141409
2021-07-27,87.96,88.56,87.61,88.35,1405393
2021-07-28,88.42,89.17,88.32,88.90,1515230
2021-07-29,89.55,89.75,88.92,89.19,1550463
2021-07-30,89.65,89.89,89.29,89.38,1386324
2021-08-02,89.41,89.54,89.08,89.26,1868146
2021-08-03,89.54,89.69,89.09,89.69,2471876
2021-08-04,89.03,89.52,88.59,88.61,2235517
2021-08-05,89.03,89.25,88.82,89.24,940267
2021-08-06,88.49,88.63,88.17,88.35,1312298
2021-08-09,88.83,89.10,88.65,88.82,1229237
2021-08-10,89.13,89.42,88.65,89.26,2283730
2021-08-11,89.72,89.83,89.44,89.48,1749183
2021-08-12,89.73,90.05,89.56,89.84,1172884
2021-08-13,90.40,90.82,90.26,90.77,1871350
2021-08-16,90.69,91.59,90.69,91.38,1212563
2021-08-17,91.31,92.07,91.31,92.04,1163327
2021-08-18,91.64,91.69,90.39,90.40,1961460
2021-08-19,89.91,90.43,89.71,90.16,4288034
2021-08-20,89.66,90.44,89.46,90.29,2207552
2021-08-23,90.80,91.18,90.49,90.70,996532
2021-08-24,90.09,90.09,89.13,89.15,2845875
2021-08-25,88.59,88.96,88.21,88.84,2815605
2021-08-26,88.55,88.78,88.40,88.58,2009000
2021-08-27,88.82,89.33,88.62,89.02,1847491
2021-08-30,88.45,88.87,88.42,88.66,1554362
2021-08-31,89.97,90.60,89.15,89.38,2892867
2021-09-01,89.63,89.94,89.38,89.63,2304815
2021-09-02,89.23,89.37,88.66,89.15,2020603
2021-09-03,88.61,88.71,87.93,88.42,1743798
2021-09-07,87.37,87.54,86.53,86.53,1115748
2021-09-08,85.08,85.21,84.70,84.72,1882576
2021-09-09,84.45,84.49,83.64,83.67,2116462
2021-09-10,83.32,83.49,82.60,82.65,1551745
2021-09-13,82.94,82.94,82.24,82.48,1486489
2021-09-14,82.93,83.06,82.45,82.50,1426489
2021-09-15,82.39,82.57,82.04,82.31,1558182
2021-09-16,81.92,82.09,81.30,81.63,1853221
2021-09-17,81.17,81.34,80.33,80.76,2036779
2021-09-20,79.39,80.58,79.30,80.10,2750018
2021-09-21,80.63,81.19,80.28,80.34,1891570
2021-09-22,80.48,80.55,80.02,80.10,2076445
2021-09-23,80.84,81.24,80.81,80.85,1850844
2021-09-24,80.64,80.94,80.20,80.23,1684525
2021-09-27,79.81,80.19,79.59,79.90,2362559
2021-09-28,80.03,80.05,79.17,79.62,2897145
2021-09-29,80.06,80.34,79.84,80.19,3039328
2021-09-30,79.52,79.81,79.08,79.12,3005740
2021-10-01,78.99,79.62,78.69,79.34,3468543
2021-10-04,79.65,80.44,79.56,79.76,2776649
2021-10-05,79.32,79.58,79.15,79.16,2259554
2021-10-06,78.73,79.29,78.37,79.13,1801541
2021-10-07,79.62,80.41,79.61,79.79,2846525
2021-10-08,80.04,80.20,79.69,80.13,1613836
2021-10-11,80.17,80.33,79.64,79.66,999692
2021-10-12,79.57,79.84,79.31,79.31,1681944
2021-10-13,79.68,80.17,79.64,79.74,1627489
2021-10-14,80.04,80.19,79.77,79.91,1199282
2021-10-15,80.05,80.63,79.93,80.62,1594227
2021-10-18,79.92,79.99,79.51,79.66,1542914
2021-10-19,80.45,80.63,80.29,80.44,1587923
2021-10-20,81.41,82.19,81.34,81.72,2282294
2021-10-21,81.86,82.09,81.42,81.91,2165193
2021-10-22,81.80,82.15,81.62,82.15,1505336
2021-10-25,80.94,81.12,80.53,80.64,2095549
2021-10-26,81.21,82.54,81.04,82.08,3513964
2021-10-27,81.00,81.26,79.74,80.03,3539856
2021-10-28,80.57,81.18,80.31,80.60,2639455
2021-10-29,79.92,80.06,79.56,80.06,2503427
2021-11-01,81.10,81.45,80.92,81.31,1970382
2021-11-02,81.35,81.48,80.61,81.02,2559893
2021-11-03,80.55,81.09,80.41,80.87,2519183
2021-11-04,80.82,81.05,80.64,80.96,3037003
2021-11-05,80.63,80.93,80.23,80.92,2393614
2021-11-08,80.63,80.93,80.35,80.51,2232171
2021-11-09,80.96,80.96,80.24,80.38,2026679
2021-11-10,80.95,81.22,80.46,80.46,2509039
2021-11-11,80.21,80.32,79.99,80.14,3162097
2021-11-12,80.03,80.19,79.80,79.80,1754940
2021-11-15,79.95,80.16,79.48,79.60,2034154
2021-11-16,79.90,80.01,79.24,79.24,1896402
2021-11-17,79.26,79.60,79.15,79.23,1846541
2021-11-18,79.27,79.51,78.93,79.30,1590672
2021-11-19,79.61,79.90,79.00,79.00,2160145
2021-11-22,79.06,79.52,78.63,78.67,1853238
2021-11-23,79.51,80.07,79.31,79.98,2306825
2021-11-24,79.15,79.31,78.85,79.24,1795264
2021-11-26,78.52,78.58,77.91,78.07,1730333
2021-11-29,77.53,78.00,77.36,77.66,2459518
2021-11-30,77.64,77.96,76.76,77.10,1981383
2021-12-01,78.00,78.29,77.21,77.22,2351655
2021-12-02,77.18,77.68,77.12,77.35,2235831
2021-12-03,77.99,78.13,77.05,77.39,2364688
2021-12-06,77.66,78.47,77.57,77.91,2317652
2021-12-07,77.77,78.24,77.67,78.05,1897482
2021-12-08,78.85,78.88,78.32,78.71,3116962
2021-12-09,78.27,78.33,77.54,77.82,2028203
2021-12-10,77.82,78.37,77.76,78.04,2740079
2021-12-13,78.11,78.57,78.07,78.22,3709485
2021-12-14,78.30,78.70,77.89,77.96,3655221
2021-12-15,78.19,79.00,77.90,78.86,3413242
2021-12-16,82.76,83.47,82.52,83.27,6032300
2021-12-17,83.49,83.81,82.82,83.10,5322390
2021-12-20,82.70,82.90,82.36,82.57,3225674
2021-12-21,83.03,83.29,82.60,83.19,2798404
2021-12-22,82.73,83.56,82.54,83.50,2104394
2021-12-23,83.96,84.32,83.70,83.84,3188150
2021-12-27,84.35,84.88,84.16,84.76,2222403
2021-12-28,85.27,85.36,85.05,85.26,1906663
2021-12-29,84.84,85.32,84.64,85.25,1662469
2021-12-30,85.03,85.37,84.61,84.61,1268089
2021-12-31,84.73,85.01,84.61,84.62,1505411
2022-01-03,84.70,85.17,84.29,85.01,2621722
2022-01-04,85.15,85.26,84.53,84.62,2269775
2022-01-05,85.58,85.94,85.10,85.16,2474469
2022-01-06,85.80,85.94,85.31,85.41,2838320
2022-01-07,85.63,86.52,85.59,86.40,2651271
2022-01-10,85.62,87.19,85.58,87.15,2753518
2022-01-11,86.38,87.03,86.38,86.94,2104116
2022-01-12,86.31,86.92,86.27,86.86,2205065
2022-01-13,87.43,88.03,87.19,87.67,1864823
2022-01-14,87.47,87.90,87.20,87.60,1576174
2022-01-18,86.57,86.91,86.11,86.62,2318392
2022-01-19,85.99,86.41,85.76,85.96,2044245
2022-01-20,86.01,86.25,85.27,85.32,2066021
2022-01-21,84.96,85.16,84.07,84.19,2781607
2022-01-24,81.82,82.36,80.58,82.36,3888296
2022-01-25,81.31,82.32,80.55,81.79,2932890
2022-01-26,82.33,82.54,81.13,81.50,2828285
2022-01-27,82.06,83.13,81.88,82.37,2990780
2022-01-28,81.82,83.18,81.52,83.11,2306772
2022-01-31,83.14,84.19,83.03,84.08,3146921
2022-02-01,85.24,85.57,84.80,85.31,3178882
2022-02-02,82.27,83.21,81.54,83.11,4366732
2022-02-03,83.46,84.02,82.99,83.60,3620059
2022-02-04,83.41,83.73,83.21,83.47,2985604
2022-02-07,84.19,84.60,83.94,84.37,2612815
2022-02-08,84.28,84.39,83.75,84.31,2413236
2022-02-09,84.87,85.16,84.34,84.36,2475214
2022-02-10,84.30,84.59,82.83,83.03,4060543
2022-02-11,83.36,83.59,82.69,82.78,4158664
2022-02-14,83.58,83.58,82.53,82.90,5102741
2022-02-15,83.40,83.84,83.31,83.60,2855866
2022-02-16,84.17,85.11,84.09,85.08,2364727
2022-02-17,84.21,84.38,83.69,83.84,2336507
2022-02-18,83.86,84.16,83.49,83.58,1630228
2022-02-22,83.03,83.27,82.43,83.03,3160664
2022-02-23,84.54,84.60,83.49,83.70,2645359
2022-02-24,82.37,82.97,81.87,82.89,3680536
2022-02-25,83.74,84.98,83.60,84.78,2508534
2022-02-28,84.16,84.62,83.70,84.61,3070132
2022-03-01,85.23,85.67,83.95,84.28,2600662
2022-03-02,83.95,85.08,83.82,84.82,2189901
2022-03-03,84.43,84.55,83.11,83.33,2318140
2022-03-04,81.58,82.02,81.21,81.98,2549821
2022-03-07,81.10,81.32,80.54,80.82,3151262
2022-03-08,76.78,78.70,76.51,77.50,4529011
2022-03-09,78.34,79.76,78.07,79.47,3986761
2022-03-10,80.17,80.92,79.47,80.27,2684309
2022-03-11,80.54,80.74,79.67,79.69,2415809
2022-03-14,81.10,82.14,80.92,81.33,2304246
2022-03-15,81.45,82.24,81.03,81.97,2246845
2022-03-16,82.07,82.27,80.85,81.88,2588753
2022-03-17,82.16,83.75,82.11,83.62,1813200
2022-03-18,83.12,84.12,83.04,83.96,2620822
2022-03-21,83.78,84.22,83.18,83.28,2155979
2022-03-22,83.05,83.48,82.75,83.11,2244052
2022-03-23,82.56,83.10,82.42,82.76,1959887
2022-03-24,83.14,83.88,83.05,83.82,1379038
2022-03-25,84.10,84.39,83.77,84.03,1333066
2022-03-28,83.99,84.21,83.72,84.16,1550048
2022-03-29,84.65,84.92,84.38,84.66,1585275
2022-03-30,85.15,85.63,84.74,85.09,2276605
2022-03-31,85.38,85.71,84.85,84.89,1670778
2022-04-01,84.35,84.86,84.10,84.83,2002779
2022-04-04,85.35,85.55,84.15,84.49,4819208
2022-04-05,84.97,85.64,84.91,85.30,2685601
2022-04-06,85.97,87.73,85.76,87.70,2742959
2022-04-07,88.04,88.50,87.76,88.42,2440947
2022-04-08,89.15,90.00,89.08,89.71,3115150
2022-04-11,91.03,91.19,90.52,90.70,4256745
2022-04-12,90.26,90.34,89.39,89.65,2418531
2022-04-13,89.76,90.15,89.43,89.91,1499326
2022-04-14,89.78,90.00,89.36,89.51,1686006
2022-04-18,88.96,89.54,88.88,89.25,1548315
2022-04-19,88.60,89.02,88.21,88.62,2171883
2022-04-20,88.13,88.51,87.61,88.27,1967791
2022-04-21,88.04,88.17,86.76,87.02,3404273
2022-04-22,87.55,87.58,86.30,86.30,1870137
2022-04-25,87.10,87.59,86.27,87.49,3128153
2022-04-26,87.32,88.05,86.06,86.06,2420986
2022-04-27,86.44,86.86,85.92,86.50,2709535
2022-04-28,86.18,87.51,86.15,87.28,2739666
2022-04-29,86.33,86.84,85.08,85.16,2138548
2022-05-02,84.85,85.07,84.00,84.79,2857369
2022-05-03,84.68,85.14,84.36,84.63,1841776
2022-05-04,84.61,85.62,83.66,85.39,2182768
2022-05-05,84.30,84.43,82.69,83.40,3247240
2022-05-06,83.18,83.54,82.71,83.02,2350878
2022-05-09,81.85,81.85,80.65,80.76,3582460
2022-05-10,81.87,82.23,81.26,81.64,2502235
2022-05-11,82.00,82.99,81.25,81.30,2674078
2022-05-12,81.83,82.96,81.76,82.60,3433344
2022-05-13,83.30,83.56,82.50,83.02,2519383
2022-05-16,83.86,85.18,83.76,84.95,2218675
2022-05-17,85.26,85.36,84.73,85.06,2152586
2022-05-18,84.99,85.44,84.69,84.82,3855468
2022-05-19,85.18,86.17,85.14,85.76,3820122
2022-05-20,85.67,86.54,85.54,86.51,4510348
2022-05-23,87.01,88.02,87.01,87.75,3911775
2022-05-24,88.03,89.12,88.00,88.94,3278842
2022-05-25,88.31,88.52,87.71,88.28,2628563
2022-05-26,88.32,88.66,88.07,88.29,1544928
2022-05-27,88.05,88.49,87.64,88.48,2162266
2022-05-31,87.46,88.22,87.03,87.98,3104086
2022-06-01,87.42,87.51,86.25,86.72,1447417
2022-06-02,86.78,86.88,85.97,86.86,1347283
2022-06-03,86.37,86.62,86.07,86.22,1055068
2022-06-06,86.68,86.68,85.61,85.78,1238101
2022-06-07,85.04,85.98,85.02,85.98,1841306
2022-06-08,84.50,85.23,84.43,84.50,1351877
2022-06-09,84.92,85.32,83.56,83.57,1580986
2022-06-10,81.99,82.73,81.60,82.29,1702354
2022-06-13,80.46,81.10,79.63,79.84,2778805
2022-06-14,79.48,79.51,77.54,77.90,2365262
2022-06-15,78.59,79.20,77.64,78.71,2238532
2022-06-16,78.74,79.44,78.35,79.18,2539065
2022-06-17,78.79,79.46,78.27,78.42,1969440
2022-06-21,79.92,80.05,78.79,78.84,3295633
2022-06-22,78.65,79.49,78.55,78.85,2407975
2022-06-23,78.95,79.24,78.60,79.19,1739361
2022-06-24,80.80,82.07,80.63,82.07,1906137
2022-06-27,82.31,83.17,81.93,82.50,2114777
2022-06-28,82.67,82.78,81.30,81.43,1558149
2022-06-29,82.09,82.48,81.89,82.01,1648779
2022-06-30,81.61,82.21,81.00,81.78,2828237
2022-07-01,80.56,81.62,80.36,81.61,1811991
2022-07-05,80.89,81.54,80.63,81.53,2004754
2022-07-06,80.88,81.28,80.48,81.00,1791337
2022-07-07,81.61,81.80,81.31,81.65,1408925
2022-07-08,81.48,82.18,81.36,81.59,1493620
2022-07-11,81.56,82.09,81.48,81.74,1225859
2022-07-12,81.63,81.75,81.09,81.21,1854315
2022-07-13,80.33,80.93,80.19,80.31,3891490
2022-07-14,79.47,79.97,79.10,79.91,2458762
2022-07-15,80.74,81.88,80.52,81.88,1875429
2022-07-18,81.97,82.21,79.78,80.01,4140573
2022-07-19,83.38,83.60,82.63,83.20,2485422
2022-07-20,82.52,82.56,81.41,81.48,2526729
2022-07-21,81.55,83.10,81.34,83.09,2367061
2022-07-22,83.40,83.84,82.75,83.07,1951742
2022-07-25,83.12,83.38,82.81,83.28,1485514
2022-07-26,84.08,84.48,83.83,84.01,1704612
2022-07-27,83.65,84.08,83.00,83.92,2251730
2022-07-28,83.94,84.78,83.36,84.42,2015956
2022-07-29,83.61,83.61,82.83,83.03,2143414
2022-08-01,82.78,83.18,82.38,82.84,1139866
2022-08-02,82.82,83.14,82.22,82.29,1473342
2022-08-03,82.38,82.63,82.09,82.10,1532205
2022-08-04,82.26,82.62,81.82,82.45,1523238
2022-08-05,82.32,82.90,82.14,82.78,1657120
2022-08-08,83.24,83.55,82.86,83.14,1405657
2022-08-09,84.20,84.88,84.08,84.31,1524983
2022-08-10,85.15,85.16,84.06,84.58,1797529
2022-08-11,83.03,83.69,82.62,82.79,2722937
2022-08-12,82.29,83.03,81.92,82.89,2593727
2022-08-15,82.48,82.85,82.26,82.60,1410524
2022-08-16,82.15,83.04,82.09,83.02,1653797
2022-08-17,82.44,82.90,82.09,82.44,1295846
2022-08-18,82.60,82.62,81.76,82.15,1349966
2022-08-19,82.51,83.03,82.41,82.97,1555640
2022-08-22,82.52,82.82,81.52,81.64,1402370
2022-08-23,80.90,80.97,80.29,80.76,1763048
2022-08-24,80.58,81.00,80.35,80.89,1056168
2022-08-25,80.66,80.77,79.65,80.69,2668871
2022-08-26,81.71,81.78,79.93,79.99,1613769
2022-08-29,80.30,80.33,79.55,79.57,2362109
2022-08-30,79.33,79.35,77.96,78.13,3345509
2022-08-31,78.51,78.73,77.86,77.90,4121432
2022-09-01,77.56,77.79,76.77,77.71,5256768
2022-09-02,77.88,78.55,76.99,77.10,3713649
2022-09-06,78.04,78.40,77.00,77.17,3991416
2022-09-07,77.68,78.37,77.46,78.30,3435745
2022-09-08,77.71,78.62,77.50,78.61,1662176
2022-09-09,79.86,80.08,79.66,79.91,1477064
2022-09-12,80.95,81.47,80.75,80.88,1818240
2022-09-13,80.30,80.35,79.07,79.28,2093410
2022-09-14,78.85,79.17,78.00,78.27,1776306
2022-09-15,78.18,78.70,77.97,78.11,1384743
2022-09-16,78.19,78.38,77.54,78.02,1626091
2022-09-19,77.62,78.15,77.32,78.10,2314938
2022-09-20,77.46,77.52,76.77,76.99,1877038
2022-09-21,76.43,76.46,74.98,75.01,2352716
2022-09-22,73.81,74.91,73.78,74.63,3952525
2022-09-23,73.83,74.12,73.07,73.53,2736785
2022-09-26,72.03,72.62,71.68,72.18,2351527
2022-09-27,73.11,73.42,71.95,72.22,3050303
2022-09-28,73.27,74.19,72.91,73.83,6579093
2022-09-29,73.96,74.77,73.22,74.08,4066229
2022-09-30,74.14,74.60,73.46,73.53,2258552
2022-10-03,74.38,74.41,73.79,74.17,1826462
2022-10-04,75.19,75.97,75.01,75.68,2677133
2022-10-05,75.17,75.37,74.65,74.85,4425577
2022-10-06,73.79,74.07,73.15,73.56,2421152
2022-10-07,73.68,73.75,72.90,73.19,1517687
2022-10-10,73.03,73.35,72.81,73.09,1987758
2022-10-11,73.29,74.12,73.11,73.39,2520503
2022-10-12,73.34,73.69,72.85,72.86,2147716
2022-10-13,71.86,73.88,71.82,73.53,2474458
2022-10-14,73.66,74.25,72.84,73.11,2600206
2022-10-17,74.83,75.00,74.56,74.75,2121499
2022-10-18,75.37,75.42,74.66,74.97,2123867
2022-10-19,74.58,74.63,73.61,74.02,1738073
2022-10-20,73.41,73.83,72.92,73.09,2170812
2022-10-21,73.11,74.74,73.03,74.59,1844146
2022-10-24,75.03,75.66,74.77,75.18,2580935
2022-10-25,75.60,75.95,75.30,75.95,2457743
2022-10-26,76.31,77.28,76.31,77.02,2032667
2022-10-27,77.06,77.40,76.79,76.95,1860739
2022-10-28,77.13,78.19,77.06,78.13,2079781
2022-10-31,77.83,78.55,77.49,78.49,2513481
2022-11-01,78.85,78.92,77.85,78.42,2216916
2022-11-02,78.91,79.40,77.96,77.96,2373973
2022-11-03,77.33,77.97,77.15,77.76,2179094
2022-11-04,78.64,79.14,78.12,79.06,1928686
2022-11-07,78.45,79.32,78.29,79.14,1608711
2022-11-08,78.72,79.57,78.61,79.16,2172293
2022-11-09,79.83,80.81,79.74,80.27,2646099
2022-11-10,82.52,82.88,81.73,82.36,2503456
2022-11-11,81.62,81.70,80.60,81.28,2854576
2022-11-14,80.71,81.28,80.58,80.73,2862498
2022-11-15,81.35,81.77,80.49,81.10,2833491
2022-11-16,81.34,81.65,80.61,80.83,2225180
2022-11-17,79.57,80.88,79.56,80.74,2217514
2022-11-18,82.06,83.02,81.94,82.91,2258671
2022-11-21,83.52,84.26,83.20,83.96,2226533
2022-11-22,84.61,84.96,84.38,84.84,1760093
2022-11-23,84.55,84.78,83.87,84.45,1183981
2022-11-25,84.08,84.94,84.02,84.85,971323
2022-11-28,85.09,85.48,84.71,84.82,1031285
2022-11-29,84.89,85.14,84.44,84.51,1403834
2022-11-30,85.55,86.72,84.77,86.64,2870130
2022-12-01,86.80,87.02,86.55,86.89,1477391
2022-12-02,85.96,87.19,85.79,87.06,1913416
2022-12-05,87.87,88.36,87.69,88.00,1863736
2022-12-06,88.03,88.26,87.28,87.78,2090830
2022-12-07,88.69,89.02,88.19,88.74,1801473
2022-12-08,87.71,88.66,87.50,88.60,1401172
2022-12-09,88.81,89.09,87.96,87.99,1446237
2022-12-12,87.94,88.04,87.57,87.92,2375364
2022-12-13,89.04,89.22,88.13,88.24,1998982
2022-12-14,89.12,90.27,88.63,89.52,2287342
2022-12-15,88.88,88.94,87.84,87.93,1551543
2022-12-16,87.51,87.81,87.12,87.53,2430070
2022-12-19,87.53,87.61,86.82,87.25,1408917
2022-12-20,87.10,87.63,86.94,87.43,1578093
2022-12-21,87.49,88.47,87.42,87.94,1469317
2022-12-22,87.83,87.97,87.35,87.94,1213690
2022-12-23,88.00,88.05,87.49,87.91,1196385
2022-12-27,88.44,88.47,87.91,88.16,1116214
2022-12-28,88.18,88.50,87.69,87.88,1713713
2022-12-29,88.37,88.91,88.30,88.62,1489860
2022-12-30,88.61,88.67,87.31,87.76,2086786
2023-01-03,88.13,89.32,88.09,89.21,2197549
2023-01-04,89.97,90.01,88.55,88.85,2125283
2023-01-05,88.09,88.27,87.58,87.84,1381514
2023-01-06,88.15,89.41,87.81,89.28,1631250
2023-01-09,89.96,90.19,86.85,87.02,5149823
2023-01-10,87.29,87.87,86.91,87.49,2120153
2023-01-11,87.95,88.01,87.24,87.52,2127927
2023-01-12,87.12,87.91,86.75,87.61,1735619
2023-01-13,87.75,88.32,87.69,88.09,1920265
2023-01-17,90.15,90.19,89.28,89.37,2338348
2023-01-18,90.20,90.21,89.12,89.16,2165313
2023-01-19,89.07,89.34,89.03,89.23,1269766
2023-01-20,88.98,89.08,88.32,89.07,1439633
2023-01-23,88.81,89.50,88.79,89.21,2410441
2023-01-24,88.70,89.13,84.17,89.02,2715826
2023-01-25,89.16,89.83,89.14,89.79,2088974
2023-01-26,88.02,88.11,86.51,86.91,2675444
2023-01-27,86.43,87.06,86.36,86.57,1702043
2023-01-30,87.14,87.46,86.55,86.72,2194682
2023-01-31,86.64,87.68,86.29,87.67,2683346
2023-02-01,85.33,85.69,84.04,85.36,3068592
2023-02-02,83.76,83.77,82.81,83.30,2944252
2023-02-03,83.28,83.87,82.79,83.05,3891241
2023-02-06,82.78,82.91,82.36,82.69,2130878
2023-02-07,82.93,83.64,82.81,83.53,3386868
2023-02-08,84.13,84.57,83.93,84.06,1738450
2023-02-09,84.79,84.94,83.40,83.50,1366284
2023-02-10,83.45,83.70,83.14,83.66,1287532
2023-02-13,83.99,84.67,83.99,84.64,1281609
2023-02-14,84.87,85.23,84.32,84.70,1704648
2023-02-15,84.52,84.58,84.11,84.34,2062250
2023-02-16,83.09,83.55,82.83,83.16,1556527
2023-02-17,82.96,84.29,82.90,84.21,2457936
2023-02-21,84.08,84.37,83.82,83.93,1083052
2023-02-22,84.76,84.78,83.75,83.86,1442979
2023-02-23,83.74,83.94,83.05,83.72,1685980
2023-02-24,83.51,83.54,82.60,82.83,1297098
2023-02-27,83.36,83.37,82.66,82.76,1422488
2023-02-28,82.37,82.41,81.37,81.38,1949469
2023-03-01,81.52,81.74,80.92,81.09,2214471
2023-03-02,81.27,82.47,81.16,82.35,1980000
2023-03-03,81.89,82.11,81.72,81.92,1570451
2023-03-06,82.20,82.83,81.95,82.15,2015949
2023-03-07,82.24,82.28,80.93,81.24,1767095
2023-03-08,80.92,81.18,80.39,80.58,1593877
2023-03-09,78.13,78.25,77.37,77.42,1704092
2023-03-10,78.03,78.52,77.72,78.04,2470405
2023-03-13,78.75,79.74,78.74,78.95,2875992
2023-03-14,79.17,79.47,78.77,79.42,2232277
2023-03-15,78.62,79.72,78.62,79.43,3139579
2023-03-16,79.57,80.18,79.14,80.08,2216676
2023-03-17,80.06,80.37,79.19,79.51,2375205
2023-03-20,80.13,80.72,79.85,80.71,2616855
2023-03-21,80.92,81.07,80.45,80.94,1831681
2023-03-22,80.23,80.66,79.29,79.29,3435252
2023-03-23,80.00,80.31,79.44,79.82,2612775
2023-03-24,80.48,80.97,80.03,80.87,2237197
2023-03-27,86.13,87.64,86.01,87.34,6364492
2023-03-28,87.01,88.10,86.84,87.99,3460523
2023-03-29,87.27,87.42,86.88,87.25,4162701
2023-03-30,88.06,88.60,87.96,88.60,3278214
2023-03-31,88.79,89.19,88.66,89.00,1690380
2023-04-03,89.32,89.82,89.09,89.51,1920814
2023-04-04,89.62,90.54,89.57,90.43,2337740
2023-04-05,91.61,92.37,91.57,91.97,2020825
2023-04-06,93.20,93.41,92.85,93.12,1986390
2023-04-10,92.85,92.87,92.01,92.58,1443713
2023-04-11,92.60,93.18,92.52,92.68,1956701
2023-04-12,93.38,93.84,93.21,93.33,1443930
2023-04-13,94.54,95.07,94.51,95.02,1923650
2023-04-14,94.87,95.01,94.40,94.69,1284476
2023-04-17,95.14,95.15,94.43,94.78,1970741
2023-04-18,94.95,95.06,94.01,94.15,1859749
2023-04-19,95.20,95.26,94.77,94.83,1823647
2023-04-20,95.15,95.41,95.11,95.39,1473323
2023-04-21,96.43,97.17,96.06,97.03,2585370
2023-04-24,97.51,97.64,96.91,97.31,1890305
2023-04-25,101.43,102.12,100.21,100.65,3910956
2023-04-26,101.27,101.27,99.12,99.20,2514224
2023-04-27,98.81,99.38,98.30,99.31,1829363
2023-04-28,98.52,99.40,98.24,99.23,1892057
2023-05-01,99.40,99.62,99.05,99.20,1018129
2023-05-02,98.64,100.30,98.59,100.17,2370238
2023-05-03,100.72,101.41,100.35,101.05,1568592
2023-05-04,101.07,101.44,100.56,101.21,1407861
2023-05-05,100.43,101.47,100.03,101.31,937252
2023-05-08,101.19,101.92,100.99,101.49,1188725
2023-05-09,101.11,101.50,100.91,101.29,1254971
2023-05-10,100.24,100.51,99.51,100.25,1653797
2023-05-11,99.86,100.20,99.43,100.05,1361224
2023-05-12,99.73,100.41,99.62,99.78,1783254
2023-05-15,99.98,100.11,99.35,99.76,1452551
2023-05-16,99.80,99.87,99.42,99.46,1416617
2023-05-17,98.96,98.96,97.60,97.92,2616250
2023-05-18,97.44,97.85,96.32,97.08,1980085
2023-05-19,96.73,97.71,96.72,97.53,1530063
2023-05-22,98.15,98.68,97.36,97.46,1818952
2023-05-23,98.18,98.19,96.95,96.98,2213922
2023-05-24,96.93,96.96,96.45,96.77,1458456
2023-05-25,95.45,95.45,94.18,94.59,3449816
2023-05-26,94.99,95.61,94.55,94.67,2946088
2023-05-30,93.65,93.94,92.97,93.40,1811285
2023-05-31,93.06,93.35,92.23,93.11,3607519
2023-06-01,93.85,93.99,93.41,93.95,2536169
2023-06-02,94.91,95.71,94.70,95.69,3739795
2023-06-05,96.60,96.73,95.95,96.13,2429265
2023-06-06,97.00,97.10,95.90,96.41,2705715
2023-06-07,96.67,96.74,95.10,95.29,1802730
2023-06-08,96.49,97.54,96.09,97.37,2089564
2023-06-09,97.08,97.74,96.43,97.64,3168391
2023-06-12,97.49,97.59,96.23,96.74,2367397
2023-06-13,96.49,96.63,95.95,96.08,1623653
2023-06-14,96.49,96.70,96.20,96.43,998876
2023-06-15,97.44,98.20,97.14,98.09,1626681
2023-06-16,99.09,99.38,98.23,98.51,2683379
2023-06-20,98.13,98.19,97.39,97.54,1446444
2023-06-21,97.70,98.09,97.19,97.62,1498842
2023-06-22,96.88,97.41,96.81,97.26,959859
2023-06-23,97.43,98.05,97.27,97.41,1279710
2023-06-26,97.15,97.23,95.84,96.27,1732344
2023-06-27,96.26,96.41,95.56,95.95,1739240
2023-06-28,95.68,95.71,94.93,95.23,1243063
2023-06-29,95.40,96.21,95.20,96.12,1493438
2023-06-30,96.84,97.62,96.77,97.62,1129499
2023-07-03,96.44,96.47,95.33,95.55,1110515
2023-07-05,95.73,95.93,95.55,95.73,1078819
2023-07-06,94.60,95.20,94.20,94.82,1555359
2023-07-07,94.66,94.91,90.85,91.64,8939210
2023-07-10,92.96,93.64,92.94,93.40,1771495
2023-07-11,93.62,93.99,93.51,93.99,1262012
2023-07-12,94.27,94.73,94.06,94.51,1114634
2023-07-13,95.46,95.46,95.03,95.13,1173584
2023-07-14,95.43,95.85,95.00,95.61,1585374
2023-07-17,94.98,95.83,94.73,95.72,2382343
2023-07-18,98.51,100.81,98.39,100.09,5229065
2023-07-19,100.70,101.30,99.79,99.86,1772530
2023-07-20,101.37,102.09,101.33,101.71,1834322
2023-07-21,101.60,102.17,101.40,101.59,1528606
2023-07-24,101.54,101.78,100.55,100.70,1360437
2023-07-25,100.05,101.63,99.88,101.41,1393506
2023-07-26,100.51,100.78,100.15,100.51,1352874
2023-07-27,101.21,101.34,100.42,100.45,1184350
2023-07-28,100.81,100.89,100.38,100.79,773643
2023-07-31,101.47,101.60,101.18,101.48,815721
2023-08-01,101.26,101.27,99.44,99.95,1044781
2023-08-02,99.49,100.08,99.39,99.40,807463
2023-08-03,98.03,98.78,97.87,98.72,1467447
2023-08-04,98.34,99.06,98.34,98.48,761099
2023-08-07,99.26,99.64,99.00,99.45,941826
2023-08-08,99.13,100.11,99.02,99.69,1344666
2023-08-09,99.63,100.35,99.60,99.98,1164961
2023-08-10,100.11,100.83,99.81,99.93,1008728
2023-08-11,99.65,100.43,99.42,100.22,1105817
2023-08-14,99.64,100.23,99.48,100.00,825289
2023-08-15,99.68,99.86,99.22,99.25,895805
2023-08-16,99.04,99.38,98.70,98.78,656309
2023-08-17,98.91,99.17,98.42,98.42,870422
2023-08-18,97.71,98.13,97.63,97.73,731258
2023-08-21,99.20,99.71,98.80,99.63,1081672
2023-08-22,99.72,99.79,99.20,99.25,622206
2023-08-23,99.80,99.90,99.09,99.48,700814
2023-08-24,98.62,98.95,97.51,97.56,1005075
2023-08-25,98.21,98.58,97.56,98.46,555887
2023-08-28,99.51,99.57,98.75,99.01,707393
2023-08-29,98.83,100.23,98.82,99.92,1054976
2023-08-30,99.66,100.13,98.50,98.59,801577
2023-08-31,98.29,98.31,97.20,97.21,878299
2023-09-01,98.01,98.07,97.36,97.44,765868
2023-09-05,96.30,96.32,94.79,94.89,1517280
2023-09-06,94.57,94.86,93.75,94.70,1684282
2023-09-07,95.02,96.04,95.02,95.63,793509
2023-09-08,95.35,95.71,94.92,95.14,1382810
2023-09-11,95.44,96.17,95.24,96.01,881626
2023-09-12,97.40,97.77,96.95,97.38,1149937
2023-09-13,97.57,97.72,97.14,97.50,1010098
2023-09-14,97.77,98.75,97.71,98.51,969866
2023-09-15,100.00,100.26,99.27,99.29,1663718
2023-09-18,99.34,99.43,98.53,98.75,956314
2023-09-19,99.15,99.62,98.76,99.56,750333
2023-09-20,100.55,100.90,100.16,100.21,853557
2023-09-21,99.51,99.57,98.73,98.76,1052751
2023-09-22,98.21,98.45,97.74,97.85,792852
2023-09-25,97.55,98.50,97.24,98.49,995107
2023-09-26,98.43,98.88,98.06,98.12,1118777
2023-09-27,97.99,98.05,96.70,96.99,1288098
2023-09-28,98.39,99.33,98.08,99.00,1632783
2023-09-29,100.17,100.23,98.50,98.54,1384634
2023-10-02,98.73,98.75,97.67,98.23,1414506
2023-10-03,96.67,97.01,95.89,96.22,1916424
2023-10-04,96.22,96.41,94.93,96.16,2088955
2023-10-05,95.05,96.29,94.96,96.15,2298138
2023-10-06,97.06,97.46,96.18,97.14,1986451
2023-10-09,97.15,97.61,96.76,97.59,1393734
2023-10-10,97.78,98.68,97.64,98.47,1418595
2023-10-11,99.48,99.51,98.84,99.41,1938461
2023-10-12,98.92,99.29,97.50,97.87,1343502
2023-10-13,97.33,98.00,96.61,97.24,1291349
2023-10-16,96.53,96.93,96.44,96.84,1023947
2023-10-17,97.03,97.46,96.08,96.49,1457395
2023-10-18,96.69,97.31,96.03,96.10,1880796
2023-10-19,95.92,95.92,93.86,94.64,3549698
2023-10-20,95.21,95.79,94.66,94.68,1382329
2023-10-23,94.52,95.05,94.18,94.69,2990523
2023-10-24,94.53,95.49,94.19,94.91,2604199
2023-10-25,95.52,95.96,94.71,95.43,1162222
2023-10-26,95.36,95.63,94.26,94.30,1263144
2023-10-27,94.08,94.16,92.19,92.27,1378765
2023-10-30,93.83,94.06,93.48,93.76,2602618
2023-10-31,93.68,93.85,92.63,93.58,2144017
2023-11-01,93.73,94.39,93.47,94.26,1318580
2023-11-02,93.23,94.19,92.90,94.08,2655291
2023-11-03,92.76,93.15,92.42,92.76,2195735
2023-11-06,93.26,93.94,93.23,93.45,1051752
2023-11-07,93.67,93.84,93.33,93.82,851973
2023-11-08,94.45,95.01,93.90,94.38,1173050
2023-11-09,94.13,94.17,93.11,93.23,819956
2023-11-10,93.53,93.66,92.41,93.54,1087340
2023-11-13,93.30,94.17,92.91,94.09,876650
2023-11-14,94.87,95.17,94.51,94.91,954383
2023-11-15,94.37,94.72,93.80,93.80,967447
2023-11-16,93.89,94.27,93.70,94.06,2927296
2023-11-17,94.92,95.12,94.74,94.91,3196823
2023-11-20,94.74,95.57,94.71,95.25,2174819
2023-11-21,96.12,96.70,96.09,96.38,987154
2023-11-22,97.62,97.71,96.69,97.09,1936918
2023-11-24,97.95,98.33,97.95,98.14,795882
2023-11-27,97.94,98.10,97.36,97.74,1291030
2023-11-28,97.21,97.29,96.87,97.00,1205159
2023-11-29,97.17,97.29,96.49,97.01,820482
2023-11-30,96.88,97.91,96.73,97.90,1099539
2023-12-01,97.66,98.32,97.55,98.13,1195327
2023-12-04,98.17,99.06,98.14,98.99,1785491
2023-12-05,97.15,97.48,96.90,96.97,2772715
2023-12-06,97.47,97.64,96.72,97.05,3823242
2023-12-07,96.11,96.40,95.67,95.93,1172792
2023-12-08,96.11,96.44,95.95,96.30,3314303
2023-12-11,97.02,97.55,96.72,97.28,1144641
2023-12-12,97.72,98.45,97.41,98.17,1380282
2023-12-13,98.87,99.74,98.70,99.71,1517857
2023-12-14,98.04,99.19,97.64,98.87,1340829
2023-12-15,97.57,98.12,97.08,97.40,1849205
2023-12-18,98.64,98.78,98.00,98.22,1989394
2023-12-19,97.56,98.52,97.45,98.29,901205
2023-12-20,98.14,98.41,97.13,97.14,900742
2023-12-21,97.83,98.40,97.61,98.10,995526
2023-12-22,98.85,99.32,98.58,98.75,779146
2023-12-26,98.46,98.89,98.33,98.55,814136
2023-12-27,99.01,99.91,98.83,99.71,1682014
2023-12-28,100.54,101.00,99.97,99.97,920325
2023-12-29,100.34,101.04,100.34,100.97,960276
2024-01-02,100.10,101.91,100.10,101.00,1306300
2024-01-03,103.13,105.05,102.95,104.82,2391032
2024-01-04,104.99,105.75,104.86,105.57,1035535
2024-01-05,105.91,106.89,105.82,106.31,1262249
2024-01-08,107.26,107.39,105.48,107.08,2403611
2024-01-09,106.59,107.38,106.22,106.39,1886720
2024-01-10,107.06,107.80,107.04,107.44,1578602
2024-01-11,107.20,107.66,106.52,107.60,1171165
2024-01-12,107.43,107.89,107.22,107.45,958103
2024-01-16,107.62,108.09,107.35,107.69,940271
2024-01-17,108.22,108.41,107.50,108.26,1445503
2024-01-18,107.42,108.05,107.05,108.03,1020708
2024-01-19,107.55,108.24,107.10,108.23,1202614
2024-01-22,108.36,108.78,108.19,108.47,1101324
2024-01-23,107.43,107.75,106.88,107.73,1346915
2024-01-24,107.97,108.43,107.55,107.55,1163487
2024-01-25,107.08,107.28,106.58,106.99,947118
2024-01-26,107.30,107.46,106.81,107.16,953864
2024-01-29,107.50,107.96,107.22,107.95,926182
2024-01-30,107.31,107.84,106.72,107.75,1376308
2024-01-31,105.55,105.75,102.60,103.47,3348925
2024-02-01,105.07,105.90,104.59,105.33,1983882
2024-02-02,104.80,105.07,103.17,103.72,1652041
2024-02-05,103.54,103.97,103.32,103.47,1414677
2024-02-06,103.31,103.93,102.96,103.74,1016856
2024-02-07,103.83,104.24,103.42,103.46,892193
2024-02-08,101.84,102.10,100.59,101.36,1635367
2024-02-09,100.98,101.19,100.72,101.03,1150806
2024-02-12,99.56,100.60,99.48,100.53,1150524
2024-02-13,100.19,100.42,98.81,99.06,1584490
2024-02-14,99.04,99.28,98.71,99.05,1329013
2024-02-15,99.31,100.17,99.31,99.63,1145311
2024-02-16,100.00,100.57,99.89,100.19,888723
2024-02-20,103.11,103.47,102.25,102.72,2000459
2024-02-21,102.05,102.68,102.05,102.56,1958955
2024-02-22,102.50,102.97,102.31,102.80,1741782
2024-02-23,103.72,104.14,103.62,103.90,1768664
2024-02-26,104.58,104.65,103.17,103.25,2055231
2024-02-27,103.09,103.41,102.88,103.15,1269079
2024-02-28,103.20,103.26,102.05,102.22,2120516
2024-02-29,102.37,102.37,100.92,100.97,3248527
2024-03-01,102.01,102.15,101.50,102.06,1598149
2024-03-04,101.45,102.14,101.35,101.97,836441
2024-03-05,102.30,102.52,101.70,102.10,750928
2024-03-06,102.30,103.03,102.25,102.64,1245562
2024-03-07,100.50,100.63,99.57,99.93,1497376
2024-03-08,100.01,100.87,99.97,100.71,888459
2024-03-11,101.05,101.81,100.53,101.37,1592177
2024-03-12,99.80,100.03,99.33,99.77,1495903
2024-03-13,99.70,99.79,98.86,99.00,916059
2024-03-14,98.41,98.48,97.82,98.13,834449
2024-03-15,98.18,98.32,96.69,97.27,1541064
2024-03-18,96.95,97.02,95.91,95.92,1223923
2024-03-19,96.18,96.50,95.90,96.32,1221529
2024-03-20,95.72,96.15,95.25,96.05,935130
2024-03-21,96.40,96.79,96.04,96.08,943787
2024-03-22,96.24,96.51,96.08,96.23,657587
2024-03-25,96.15,96.29,95.73,95.73,3641761
2024-03-26,95.50,95.56,95.07,95.27,944216
2024-03-27,95.50,95.90,95.27,95.88,2432095
2024-03-28,96.28,97.20,96.15,96.73,1524700
2024-04-01,96.83,97.06,95.44,95.87,1258616
2024-04-02,94.64,94.64,93.92,94.41,1468622
2024-04-03,94.45,94.88,94.17,94.37,1168904
2024-04-04,97.25,98.20,96.54,96.89,2544694
2024-04-05,95.30,95.93,95.13,95.79,1916901
2024-04-08,95.74,96.15,95.25,95.48,1535120
2024-04-09,95.67,95.90,95.39,95.81,1375935
2024-04-10,94.57,94.67,94.03,94.38,2399212
2024-04-11,94.87,94.91,93.75,94.34,1623290
2024-04-12,94.99,95.05,93.41,93.52,2099603
2024-04-15,94.20,94.97,94.11,94.41,1501028
2024-04-16,92.85,93.37,92.64,93.20,1914845
2024-04-17,93.63,93.78,92.87,93.08,1168714
2024-04-18,92.85,92.93,92.35,92.57,1054610
2024-04-19,93.20,94.50,93.15,94.36,2338264
2024-04-22,94.76,96.03,94.72,95.12,2447775
2024-04-23,98.74,99.50,97.03,97.28,3837430
2024-04-24,98.50,98.55,97.41,98.35,2472990
2024-04-25,98.63,99.24,98.26,99.06,2421300
2024-04-26,97.76,98.22,97.44,97.44,1562845
2024-04-29,97.76,97.91,96.86,97.09,2168689
2024-04-30,97.08,97.82,96.92,97.13,1630756
2024-05-01,96.97,97.87,96.72,97.50,1284177
2024-05-02,97.21,97.47,96.85,97.34,1426052
2024-05-03,97.75,97.91,97.07,97.27,1045674
2024-05-06,97.50,97.83,97.11,97.73,1180808
2024-05-07,98.60,99.19,98.54,99.07,1159818
2024-05-08,99.65,99.78,99.26,99.60,1153281
2024-05-09,99.72,100.29,99.44,100.21,1384529
2024-05-10,101.13,102.14,101.04,102.10,1843451
2024-05-13,102.44,102.69,102.15,102.26,1101804
2024-05-14,102.77,103.39,102.72,103.31,1951114
2024-05-15,103.25,103.55,102.96,103.22,1058460
2024-05-16,102.50,102.77,102.13,102.69,812094
2024-05-17,102.87,102.93,102.50,102.57,781507
2024-05-20,102.70,103.00,102.28,102.84,984688
2024-05-21,102.80,103.13,102.76,102.84,882064
2024-05-22,101.81,102.04,101.63,101.96,1051713
2024-05-23,101.93,101.97,101.00,101.11,932645
2024-05-24,100.29,100.78,100.06,100.53,1177608
2024-05-28,100.26,100.33,99.45,99.68,1033525
2024-05-29,99.35,99.52,98.91,99.36,1108549
2024-05-30,100.34,101.01,100.34,100.70,1258059
2024-05-31,102.14,103.37,101.95,103.13,1981421
2024-06-03,103.23,103.70,102.72,102.76,1594316
2024-06-04,103.82,104.95,103.51,104.92,1685683
2024-06-05,105.47,105.59,105.06,105.36,1109131
2024-06-06,105.68,106.46,105.65,106.13,1031381
2024-06-07,106.19,106.22,105.26,105.33,849684
2024-06-10,105.07,105.46,104.78,105.40,1255773
2024-06-11,104.98,104.98,104.20,104.51,1523217
2024-06-12,106.33,106.37,105.52,105.55,1938974
2024-06-13,105.78,106.19,104.94,106.02,1077649
2024-06-14,106.66,106.77,104.95,105.72,2565119
2024-06-17,104.44,105.16,104.23,104.93,997144
2024-06-18,105.33,105.57,104.86,104.94,1051803
2024-06-20,104.66,105.85,104.40,105.74,1285660
2024-06-21,105.39,105.71,104.44,105.22,1302106
2024-06-24,107.47,107.67,106.91,106.95,1551184
2024-06-25,107.22,107.40,106.79,107.37,819381
2024-06-26,106.76,107.34,106.53,107.07,1547216
2024-06-27,106.65,106.78,106.11,106.55,1268678
2024-06-28,106.75,107.12,106.23,106.46,1516862
2024-07-01,106.58,107.62,106.30,106.54,1194262
2024-07-02,106.32,106.68,105.89,106.44,1211306
2024-07-03,106.57,107.03,106.51,106.78,516189
2024-07-05,108.18,108.22,107.27,108.13,1465958
2024-07-08,108.68,108.79,107.87,108.06,1426616
2024-07-09,108.88,108.88,107.82,108.23,1530591
2024-07-10,108.29,109.95,108.22,109.94,1253666
2024-07-11,111.30,111.70,110.36,110.50,1997865
2024-07-12,112.23,112.48,111.60,111.70,1612862
2024-07-15,112.04,112.04,110.23,110.33,1351098
2024-07-16,110.03,110.62,110.01,110.53,1142163
2024-07-17,111.18,112.33,111.00,111.80,1792746
2024-07-18,107.81,108.29,106.67,107.22,3461060
2024-07-19,106.35,106.53,105.72,106.13,1683292
2024-07-22,107.96,108.75,107.58,108.73,1469040
2024-07-23,108.12,108.15,107.23,107.70,1319473
2024-07-24,108.25,109.79,108.15,109.29,2212416
2024-07-25,109.38,110.51,109.36,109.93,1248492
2024-07-26,110.04,110.67,109.67,110.32,858869
2024-07-29,110.99,111.16,110.44,110.67,880367
2024-07-30,111.11,112.14,110.72,111.93,1162328
2024-07-31,112.20,112.29,111.40,111.48,1165355
2024-08-01,112.00,112.49,111.39,112.10,1054594
2024-08-02,112.30,113.00,111.97,112.87,1678907
2024-08-05,111.03,111.34,109.66,109.85,1599331
2024-08-06,108.53,110.69,108.48,110.06,1385012
2024-08-07,111.27,112.19,110.75,111.16,1350841
2024-08-08,110.60,111.46,110.48,111.02,899997
2024-08-09,111.56,112.16,111.51,111.89,1037513
2024-08-12,111.46,111.95,111.10,111.42,925402
2024-08-13,111.60,112.62,111.59,112.53,1001318
2024-08-14,112.81,113.92,112.66,113.53,997835
2024-08-15,113.55,113.66,113.06,113.31,779885
2024-08-16,114.63,114.91,114.18,114.70,1057253
2024-08-19,115.07,116.17,114.80,115.93,857882
2024-08-20,116.58,117.40,116.45,117.13,1115462
2024-08-21,117.28,117.75,116.92,117.61,711866
2024-08-22,117.96,118.15,117.61,117.76,951497
2024-08-23,117.94,118.59,117.71,118.56,801205
2024-08-26,118.69,119.29,118.68,119.15,677222
2024-08-27,119.45,119.91,119.26,119.84,860940
2024-08-28,120.04,120.67,119.67,119.98,860087
2024-08-29,120.09,120.80,119.86,120.42,859698
2024-08-30,120.37,120.92,120.06,120.89,902659
2024-09-03,119.13,119.44,118.27,118.50,1155799
2024-09-04,118.29,119.42,118.29,119.38,1160988
2024-09-05,117.74,117.85,116.33,116.49,1317503
2024-09-06,117.24,117.60,116.62,116.65,1151373
2024-09-09,116.88,117.75,116.78,117.16,1185206
2024-09-10,117.04,117.12,116.06,116.99,954969
2024-09-11,114.98,115.50,113.82,115.28,1342406
2024-09-12,115.35,115.98,114.79,115.72,1543455
2024-09-13,115.81,116.32,115.27,115.66,1866053
2024-09-16,116.41,116.98,116.14,116.95,924951
2024-09-17,116.10,116.10,114.98,115.70,872706
2024-09-18,116.30,116.63,115.60,115.97,771326
2024-09-19,116.21,116.52,115.53,115.98,689625
2024-09-20,116.64,116.69,115.89,115.94,1041498
2024-09-23,116.34,116.81,116.00,116.37,1121970
2024-09-24,115.84,116.48,115.43,116.42,955870
2024-09-25,116.84,116.94,116.42,116.43,1046778
2024-09-26,115.11,115.67,114.91,115.61,845915
2024-09-27,115.86,116.39,115.60,115.61,919170
2024-09-30,115.42,115.50,114.82,115.02,1192501
2024-10-01,115.00,115.04,114.11,114.55,912859
2024-10-02,114.28,114.52,113.81,114.47,825476
2024-10-03,115.05,115.10,113.67,113.77,1004428
2024-10-04,112.88,114.03,112.80,113.95,820386
2024-10-07,114.59,114.66,113.72,113.86,1028954
2024-10-08,114.12,114.19,113.55,113.77,697185
2024-10-09,115.14,115.72,114.97,115.64,1330601
2024-10-10,115.64,115.71,114.58,114.81,762718
2024-10-11,115.70,116.25,115.50,116.22,1095960
2024-10-14,115.92,116.44,115.89,116.30,767338
2024-10-15,116.03,116.92,115.80,116.22,773584
2024-10-16,116.39,116.86,116.26,116.57,620247
2024-10-17,116.51,116.72,116.08,116.51,975389
2024-10-18,116.62,117.36,116.29,117.18,655649
2024-10-21,116.77,116.85,115.59,115.73,646524
2024-10-22,114.16,114.53,113.93,114.32,858955
2024-10-23,113.98,114.27,113.75,114.07,1158198
2024-10-24,114.08,114.23,113.12,113.13,622027
2024-10-25,113.65,114.09,113.50,113.79,904084
2024-10-28,114.28,115.77,114.16,115.63,1602880
2024-10-29,111.81,112.77,109.81,110.53,3154800
2024-10-30,110.63,110.99,109.73,109.91,2845656
2024-10-31,108.46,108.83,107.94,108.40,1403988
2024-11-01,109.86,110.03,109.30,109.35,1112188
2024-11-04,110.90,111.23,110.27,110.52,1054971
2024-11-05,108.97,109.45,108.57,109.38,745178
2024-11-06,107.81,107.83,106.44,106.81,1369534
2024-11-07,106.57,107.10,106.17,107.08,1293264
2024-11-08,106.61,106.69,106.13,106.45,1176937
2024-11-11,106.23,106.41,105.47,105.67,1081095
2024-11-12,105.16,105.23,104.41,104.92,1093829
2024-11-13,104.03,104.16,103.38,103.86,1826021
2024-11-14,104.13,104.68,103.37,103.40,1636811
2024-11-15,102.92,103.30,102.59,103.06,1452444
2024-11-18,102.48,103.42,102.41,103.04,1001690
2024-11-19,102.58,103.35,102.40,103.27,1236829
2024-11-20,102.80,103.19,102.46,103.09,1059772
2024-11-21,103.16,103.93,103.03,103.85,1528050
2024-11-22,104.44,105.19,104.18,104.28,1337234
2024-11-25,103.95,104.43,103.43,103.54,1317465
2024-11-26,104.07,104.09,103.25,103.81,1336406
2024-11-27,104.64,105.30,104.55,104.87,830666
2024-11-29,105.23,105.97,104.86,105.77,679724
2024-12-02,105.33,105.35,104.43,104.80,1167280
2024-12-03,105.28,105.34,104.52,104.56,857673
2024-12-04,102.20,102.20,101.26,101.84,1621224
2024-12-05,102.78,103.06,102.48,102.52,991894
2024-12-06,102.79,102.84,101.97,101.99,802382
2024-12-09,101.55,102.12,101.46,101.68,1123933
2024-12-10,101.55,101.58,100.10,100.13,998612
2024-12-11,99.80,99.80,99.11,99.17,1027214
2024-12-12,98.98,99.45,98.56,98.59,1054278
2024-12-13,98.53,98.55,97.87,98.36,1234001
2024-12-16,98.07,98.80,97.69,97.77,1255110
2024-12-17,98.41,99.67,98.33,99.10,1395153
2024-12-18,98.37,98.85,96.82,96.83,940853
2024-12-19,97.02,97.09,96.52,96.77,1209575
2024-12-20,96.16,97.59,96.06,97.11,1547663
2024-12-23,97.72,98.52,97.10,98.45,1051445
2024-12-24,98.21,98.45,97.67,98.35,337383
2024-12-26,98.13,98.53,98.13,98.40,615009
2024-12-27,97.80,98.59,97.80,98.39,986044
2024-12-30,98.09,98.09,97.28,97.33,868073
2024-12-31,97.33,97.95,97.06,97.31,687865
2025-01-02,97.51,98.00,96.91,97.14,1084879
2025-01-03,97.39,97.90,97.18,97.64,1401999
2025-01-06,97.83,98.46,97.47,97.70,1377313
2025-01-07,98.80,99.58,98.72,98.98,1363540
2025-01-08,99.16,100.67,98.53,100.22,1818317
2025-01-10,99.47,99.72,99.03,99.08,1400076
2025-01-13,98.56,99.27,98.46,99.27,1467228
2025-01-14,98.75,99.44,98.20,99.37,1797353
2025-01-15,99.48,99.73,98.91,99.07,1303896
2025-01-16,99.21,99.78,97.39,97.86,3111821
2025-01-17,98.37,98.50,97.45,97.53,1483645
2025-01-21,98.30,100.09,98.30,99.73,1909893
2025-01-22,99.24,99.24,98.12,98.17,1591882
2025-01-23,99.45,100.18,98.88,100.03,1677513
2025-01-24,99.43,100.00,99.12,99.97,1804391
2025-01-27,102.08,103.49,102.02,103.41,2306129
2025-01-28,102.66,102.91,101.75,101.84,2034468
2025-01-29,102.96,103.27,102.67,102.93,2375313
2025-01-30,103.41,105.04,103.15,104.75,2708450
2025-01-31,106.18,106.78,104.47,104.72,3665338
2025-02-03,104.47,105.98,104.07,105.48,3122823
2025-02-04,105.56,105.76,104.91,105.47,1973750
2025-02-05,108.08,110.08,108.00,109.81,2788717
2025-02-06,108.43,108.73,106.71,106.98,2342474
2025-02-07,107.35,107.37,106.00,106.26,1994160
2025-02-10,106.52,107.04,106.09,106.85,1664595
2025-02-11,106.61,107.99,106.43,107.75,1522493
2025-02-12,106.56,107.50,106.36,107.00,2484445
2025-02-13,106.96,108.09,106.49,107.71,2841575
2025-02-14,106.94,106.98,105.38,105.43,1271691
2025-02-18,106.28,106.70,106.13,106.61,1270627
2025-02-19,106.46,107.14,106.32,106.91,1255443
2025-02-20,106.11,107.50,106.10,107.31,1885853
2025-02-21,108.62,109.78,108.08,109.35,2274808
2025-02-24,109.41,109.88,108.83,109.22,1757407
2025-02-25,111.74,112.98,109.09,109.62,5355415
2025-02-26,108.76,109.10,107.60,108.02,2624956
2025-02-27,107.67,109.04,107.51,108.92,1843385
2025-02-28,108.41,109.07,108.02,109.05,2327098
2025-03-03,109.70,110.94,109.70,110.62,2247211
2025-03-04,111.47,112.54,111.39,111.42,2937692
2025-03-05,112.02,112.82,111.79,111.88,1770830
2025-03-06,111.98,113.14,111.89,112.87,1825716
2025-03-07,114.77,115.97,114.43,115.57,2320018
2025-03-10,115.50,116.91,114.98,115.47,1646253
2025-03-11,113.75,113.75,111.17,111.35,2021490
2025-03-12,109.24,109.25,108.40,108.64,2454438
2025-03-13,109.81,110.11,108.87,109.11,1638111
2025-03-14,107.93,109.30,107.64,109.06,1271249
2025-03-17,110.62,112.42,110.61,112.22,4949438
2025-03-18,112.02,112.50,111.42,112.22,3958137
2025-03-19,111.77,112.06,111.15,111.56,2174809
2025-03-20,112.85,113.38,112.09,113.21,5886023
2025-03-21,113.03,113.28,111.94,112.13,3595590
2025-03-24,111.94,112.20,110.72,111.09,1543455
2025-03-25,112.00,112.23,109.97,110.38,2588499
2025-03-26,109.08,110.20,108.65,110.14,1904128
2025-03-27,111.17,111.64,111.11,111.40,1467080
2025-03-28,111.64,112.85,111.26,112.57,2538058
2025-03-31,110.89,111.67,110.31,111.48,2949455
2025-04-01,112.48,112.50,109.39,109.61,1954370
2025-04-02,110.01,110.83,109.35,110.77,2752073
2025-04-03,114.35,114.44,112.26,112.26,2929799
2025-04-04,109.50,109.91,105.61,105.85,3526299
2025-04-07,101.59,104.13,100.76,102.87,3359624
2025-04-08,105.39,105.50,100.91,101.96,2348064
2025-04-09,98.21,104.15,97.72,103.85,3596976
2025-04-10,102.33,104.34,100.49,103.40,4207383
2025-04-11,105.67,108.13,104.69,107.52,4745965
2025-04-14,107.15,109.67,107.08,109.46,2383483
2025-04-15,109.69,110.53,109.29,109.93,1610915
2025-04-16,110.53,110.76,109.22,109.58,2053493
2025-04-17,109.57,111.27,109.50,110.86,1577946
2025-04-21,110.87,111.64,110.02,110.54,1094676
2025-04-22,111.02,111.95,110.83,111.41,1650863
2025-04-23,110.53,110.73,109.51,110.13,2803270
2025-04-24,111.85,111.94,110.83,111.17,1542885
2025-04-25,111.89,112.27,110.98,112.14,2213618
2025-04-28,112.33,113.44,112.17,112.63,2477098
2025-04-29,113.39,114.70,113.00,113.45,2543503
2025-04-30,114.27,114.51,112.81,113.49,2501395
2025-05-01,112.60,112.65,110.43,111.33,2092686
2025-05-02,114.82,114.88,113.75,114.29,2104513
2025-05-05,114.10,114.16,112.70,113.08,1190710
2025-05-06,113.32,113.40,110.54,110.55,2232461
2025-05-07,112.03,112.38,111.42,111.70,1476073
2025-05-08,111.44,111.44,109.77,110.13,1656806
2025-05-09,109.46,109.86,108.53,108.70,1640081
2025-05-12,106.82,109.26,106.71,108.95,3416089
2025-05-13,108.44,108.44,106.65,106.83,1750825
2025-05-14,108.09,108.19,104.93,104.99,2054554
2025-05-15,107.16,108.51,106.71,108.46,1581522
2025-05-16,107.99,109.63,107.97,109.59,1061708
2025-05-19,109.31,110.73,109.29,110.71,1160434
2025-05-20,112.34,112.51,111.77,112.28,1238667
2025-05-21,113.36,113.67,112.70,112.78,1481746
2025-05-22,111.91,112.75,111.50,112.50,1698539
2025-05-23,112.03,112.95,111.96,112.75,898965
2025-05-27,113.71,113.91,112.86,113.21,1301089
2025-05-28,112.02,112.76,111.62,111.87,1542915
2025-05-29,111.50,112.58,111.06,112.58,1111535
2025-05-30,115.08,115.86,114.03,115.76,2448687
2025-06-02,116.09,116.75,115.81,116.70,1372005
2025-06-03,115.88,116.30,115.28,115.94,1734095
2025-06-04,116.44,117.76,116.40,116.94,929654
2025-06-05,117.49,118.25,117.10,117.79,1072799
2025-06-06,117.24,118.46,117.24,118.02,817873
2025-06-09,117.71,118.40,117.53,118.02,653811
2025-06-10,118.34,118.98,118.23,118.58,1011285
2025-06-11,118.51,118.76,117.71,118.07,1095301
2025-06-12,119.97,120.92,119.75,120.77,1204535
2025-06-13,119.25,120.07,119.05,119.45,1276655
2025-06-16,119.00,119.53,118.05,118.09,1301281
2025-06-17,117.71,117.83,116.26,116.41,1306360
2025-06-18,116.24,116.30,115.55,115.96,1005022
2025-06-20,116.74,116.74,115.43,115.77,2473247
2025-06-23,115.96,117.69,115.89,117.52,1149488
2025-06-24,117.88,119.29,117.50,118.83,1040733
2025-06-25,118.09,118.30,117.63,118.00,934749
2025-06-26,119.81,120.44,119.59,120.32,1638494
2025-06-27,120.47,120.65,119.58,120.01,1540760
2025-06-30,120.12,121.24,120.00,121.01,1280779
2025-07-01,122.10,123.82,121.85,123.10,1430446
2025-07-02,123.54,124.45,123.22,123.81,1586801
2025-07-03,122.36,122.53,121.12,121.90,955240
2025-07-07,122.23,122.66,121.64,122.12,1003944
2025-07-08,121.35,122.77,120.92,121.68,1546269
2025-07-09,122.35,123.13,122.22,122.94,1192888
2025-07-10,123.77,124.83,123.48,123.73,1667545
2025-07-11,122.85,122.86,119.98,121.02,2754114
2025-07-14,120.43,121.28,120.34,121.04,1593983
2025-07-15,121.44,121.50,119.44,119.67,1484261
2025-07-16,118.18,119.55,117.80,118.37,2503200
2025-07-17,115.68,116.33,113.76,114.52,4873217
2025-07-18,115.73,115.77,114.08,114.25,2546624
2025-07-21,115.04,115.31,114.13,114.14,1574164
2025-07-22,114.89,117.07,114.84,116.83,2622937
2025-07-23,116.72,118.32,116.53,117.97,2653857
2025-07-24,117.50,118.11,117.21,117.46,2311695
2025-07-25,116.77,117.71,116.25,117.70,2456038
2025-07-28,117.25,117.25,115.77,116.18,1720589
2025-07-29,116.69,117.78,116.47,117.22,1449132
2025-07-30,117.18,117.61,116.30,116.63,1415128
2025-07-31,115.70,116.12,113.45,113.74,1803255
2025-08-01,112.40,115.54,112.34,115.30,1927951
2025-08-04,116.19,117.87,115.92,117.83,2389716
2025-08-05,118.05,118.38,117.54,117.73,1447325
2025-08-06,115.00,115.44,113.48,113.50,2016679
2025-08-07,114.52,116.00,114.38,115.92,1326669
2025-08-08,115.95,116.97,115.75,116.84,1585040
2025-08-11,118.07,118.86,117.54,118.55,2612611
2025-08-12,118.42,119.43,118.34,119.31,1169951
2025-08-13,119.97,121.55,119.97,121.20,1088353
2025-08-14,120.88,122.50,120.78,122.09,1212701
2025-08-15,122.66,124.31,122.56,124.21,1179429
2025-08-18,123.79,124.48,123.79,124.01,1148137
2025-08-19,124.77,125.62,124.68,124.95,1028358
2025-08-20,126.54,127.68,126.46,127.25,1279256
2025-08-21,126.70,127.47,126.58,126.82,807359
2025-08-22,127.46,128.03,126.86,126.98,1339354
2025-08-25,126.86,126.94,124.99,125.04,706712
2025-08-26,126.31,126.84,125.75,126.64,1337877
2025-08-27,126.53,127.07,126.26,126.89,697717
2025-08-28,126.36,126.88,125.82,126.47,677925
2025-08-29,126.25,126.94,126.05,126.55,761162
2025-09-02,126.07,126.79,125.66,126.64,899344
2025-09-03,126.96,128.44,126.96,128.23,1289326
2025-09-04,129.07,129.21,128.41,128.42,1486689
2025-09-05,129.82,130.46,129.15,129.73,1339550
2025-09-08,128.55,129.07,127.83,128.71,1034414
2025-09-09,128.32,128.58,127.90,128.05,1009014
2025-09-10,127.29,127.29,126.09,126.55,1002047
2025-09-11,127.52,128.05,127.34,127.70,920717
2025-09-12,123.86,125.14,123.47,124.12,1861399
2025-09-15,123.21,123.53,122.32,123.31,1142078
2025-09-16,122.97,123.36,122.68,122.78,954761
2025-09-17,122.29,122.99,122.26,122.47,1291896
2025-09-18,122.00,122.76,121.67,122.29,1409748
2025-09-19,123.34,123.51,122.54,122.93,1284724
2025-09-22,123.50,124.01,123.19,123.36,992460
2025-09-23,122.99,123.40,122.53,122.82,754963
2025-09-24,122.53,123.31,122.37,123.00,691985
2025-09-25,123.97,124.14,122.21,122.23,1400422
2025-09-26,123.00,123.86,122.78,123.65,915202
2025-09-29,123.35,124.60,123.20,124.10,1217296
2025-09-30,123.89,128.51,123.83,128.24,2188928
2025-10-01,129.00,131.96,128.94,131.72,3358714
2025-10-02,131.02,131.52,129.97,130.97,1712983
2025-10-03,132.24,133.37,131.95,132.39,1415447
2025-10-06,132.26,133.55,132.06,132.25,1376813
2025-10-07,132.12,132.55,131.32,131.55,942428
2025-10-08,132.71,133.16,132.26,132.31,3142176
2025-10-09,132.60,132.91,130.99,131.06,1657803
2025-10-10,131.82,131.87,129.93,130.03,2289641
2025-10-13,129.62,130.01,128.83,129.12,1994578
2025-10-14,129.57,130.49,129.32,130.26,1559377
2025-10-15,128.24,130.41,128.18,129.97,1454399
2025-10-16,129.88,131.19,129.65,130.77,1169096
2025-10-17,130.57,132.44,130.41,131.43,1326320
2025-10-20,131.41,132.21,130.60,131.79,1382550
2025-10-21,131.33,131.77,130.88,131.34,734770
2025-10-22,131.06,132.33,131.06,131.43,1029014
2025-10-23,130.82,131.68,130.62,131.64,1670562
2025-10-24,131.53,131.54,130.28,130.36,1219978
2025-10-27,128.00,130.17,127.08,129.14,2578941
2025-10-28,125.52,125.75,123.06,123.43,4631015
2025-10-29,123.29,123.92,121.57,121.80,2582655
2025-10-30,122.65,123.33,121.98,122.61,2358730
2025-10-31,123.41,124.15,122.57,123.79,1655479
2025-11-03,123.08,124.05,122.86,123.86,1657148
2025-11-04,123.51,125.46,123.51,125.01,1509998
2025-11-05,124.53,125.92,124.47,125.50,1260159
2025-11-06,126.27,127.11,126.06,126.57,1119515
2025-11-07,126.47,126.96,126.00,126.35,1417688
2025-11-10,126.69,127.28,126.29,127.20,1224653
2025-11-11,128.81,130.69,128.72,130.50,1594547
2025-11-12,130.92,132.30,130.80,132.29,1290571
2025-11-13,131.88,134.00,131.81,131.91,1603682
2025-11-14,132.46,132.76,130.30,131.26,1822809
2025-11-17,132.39,133.19,131.46,131.55,1743994
2025-11-18,127.83,128.70,126.94,128.01,2003165
2025-11-19,128.21,128.40,126.31,127.31,1716185
2025-11-20,125.63,125.63,123.24,124.36,2417187
2025-11-21,125.88,127.89,125.88,127.31,2200346
2025-11-24,127.44,128.14,126.50,126.54,1712284
2025-11-25,128.75,130.47,128.75,130.26,2017811
2025-11-26,130.16,131.19,129.85,130.44,1312012
2025-11-28,130.21,130.51,129.43,130.40,1514183
2025-12-01,131.02,131.15,128.91,128.97,1603404
2025-12-02,131.55,132.67,130.73,132.28,1943615
2025-12-03,133.62,134.24,133.43,133.72,1259783
2025-12-04,133.63,133.95,132.18,132.43,1266401
2025-12-05,133.82,134.04,132.09,132.16,1997207
2025-12-08,132.83,132.85,129.98,130.17,2245497
2025-12-09,132.55,133.16,130.81,131.01,2127869
2025-12-10,131.05,131.63,130.46,131.19,2068214
2025-12-11,132.46,133.84,132.20,132.36,2062573
2025-12-12,132.37,133.01,131.77,132.57,1226073
2025-12-15,133.90,135.27,133.67,135.19,1635681
2025-12-16,136.66,136.66,134.40,135.03,1721430
2025-12-17,135.34,137.40,134.96,135.03,2458304
2025-12-18,135.19,135.69,134.88,135.27,1544509
2025-12-19,134.94,137.16,134.82,136.06,1392569
2025-12-22,136.48,137.27,136.00,136.87,1388693
2025-12-23,139.60,140.18,138.78,139.13,1945618
2025-12-24,139.06,139.48,138.53,138.88,646982
2025-12-26,138.88,139.22,138.39,139.18,587168
2025-12-29,138.86,139.45,138.84,139.20,777557
2025-12-30,138.76,139.12,138.41,138.72,710477
2025-12-31,138.71,138.91,137.80,137.87,756336
2026-01-02,138.28,138.56,137.02,138.54,1039776
2026-01-05,137.13,137.96,135.55,137.91,1232693
2026-01-06,139.09,142.58,139.09,142.27,3285893
2026-01-07,141.67,143.49,141.16,141.98,2003436
2026-01-08,142.55,143.48,140.85,141.46,1560280
2026-01-09,141.99,142.90,141.46,141.54,1117558
2026-01-12,142.98,143.00,140.31,141.82,1502176
2026-01-13,142.37,142.59,140.79,141.61,2107067
2026-01-14,144.56,146.35,144.29,146.16,1844822
2026-01-15,145.07,145.07,142.26,143.15,1036310
2026-01-16,143.78,144.76,142.89,144.34,1651568
2026-01-20,144.00,144.85,142.82,143.58,1827954
2026-01-21,143.82,145.22,143.43,145.11,2027491
2026-01-22,144.73,146.22,144.45,145.00,1139689
2026-01-23,145.61,148.10,145.26,147.14,1823885
2026-01-26,148.29,150.13,147.99,149.12,1719749
2026-01-27,150.64,152.48,150.49,152.22,3393337
2026-01-28,148.71,149.39,146.84,147.87,1990013
2026-01-29,148.62,149.53,148.34,148.91,1588817
2026-01-30,149.49,149.98,148.13,148.68,1147269
2026-02-02,149.63,151.31,149.54,151.04,1843177
2026-02-03,149.68,151.53,149.38,149.86,3522474
2026-02-04,153.82,154.71,151.41,152.91,4379959
2026-02-05,152.00,154.95,151.68,153.95,4100282
2026-02-06,154.03,156.62,153.90,156.42,3011993
2026-02-09,156.98,157.57,155.94,157.05,2435959
2026-02-10,158.50,159.37,157.46,158.20,4086454
2026-02-11,159.25,160.18,158.04,160.06,2720451
2026-02-12,159.60,162.32,159.47,161.18,2337635
2026-02-13,162.16,163.42,161.79,163.10,1877046
2026-02-17,166.78,167.29,165.57,166.17,2508793
2026-02-18,167.57,167.86,164.71,165.38,2379635
2026-02-19,163.87,164.02,162.53,163.92,1836350
2026-02-20,162.67,163.63,161.75,162.67,2059765
2026-02-23,163.66,165.64,163.66,164.70,1970738
2026-02-24,166.10,167.84,166.10,167.11,3315188
2026-02-25,167.19,168.02,166.75,166.85,3771871
2026-02-26,166.73,166.90,164.27,165.51,4185840
2026-02-27,169.11,170.46,168.56,168.62,3195749
2026-03-02,167.16,167.61,165.79,166.87,2811560
2026-03-03,162.43,164.89,160.42,164.18,3225614
2026-03-04,164.44,165.69,162.19,165.15,2135204
2026-03-05,161.05,161.39,158.95,161.01,4320242
2026-03-06,156.71,160.54,156.18,160.12,3765304
2026-03-09,159.52,163.08,159.22,162.79,1751860
2026-03-10,161.35,163.07,160.43,161.59,3705722
2026-03-11,155.99,156.58,154.96,155.80,5153837
2026-03-12,154.55,155.04,153.69,154.25,1962830
2026-03-13,154.69,155.96,153.18,153.44,1976945
2026-03-16,154.54,155.38,153.85,154.87,2512357
2026-03-17,155.64,155.79,154.38,154.85,2220490
2026-03-18,152.38,152.76,149.47,149.81,1605427
2026-03-19,147.81,149.32,147.15,148.19,2370768
2026-03-20,148.77,148.90,145.29,146.03,2019872
2026-03-23,147.21,148.95,146.90,148.09,1648410
2026-03-24,146.56,148.98,146.22,148.61,1198193
2026-03-25,150.47,151.78,150.15,150.75,1214843
2026-03-26,149.67,151.11,149.31,149.70,1157614
2026-03-27,150.01,150.60,147.85,148.18,1983841
2026-03-30,150.25,150.75,149.56,150.36,2078278
2026-03-31,151.58,152.86,150.51,152.75,2003399
2026-04-01,154.62,156.08,154.12,155.08,1626855
2026-04-02,153.37,154.81,153.16,154.03,2630988
2026-04-06,153.59,154.36,152.84,152.84,1185394
2026-04-07,151.44,151.49,149.49,151.22,2024090
2026-04-08,153.77,154.45,152.71,154.42,2118090
2026-04-09,152.76,156.12,152.48,155.06,906107
2026-04-10,156.46,156.46,153.70,154.05,997057
2026-04-13,153.72,154.50,152.90,154.47,841528
2026-04-14,154.03,155.04,153.33,153.38,1257017
2026-04-15,153.98,154.10,150.86,152.08,1097303
2026-04-16,150.38,150.86,149.38,149.73,1066063
2026-04-17,151.55,152.54,150.75,151.97,1070262
2026-04-20,151.40,152.04,150.77,150.99,1229057
2026-04-21,149.61,149.62,147.77,147.97,2117579
2026-04-22,148.58,148.58,147.12,147.32,1026370
2026-04-23,147.88,148.36,146.58,147.48,1687480
2026-04-24,146.03,146.07,144.05,145.47,1299765
2026-04-27,144.67,145.71,144.12,144.19,1604270
2026-04-28,144.26,145.65,142.65,145.50,2650599
2026-04-29,143.05,144.04,142.25,142.94,1612454
2026-04-30,146.51,148.58,146.22,147.85,1402485
2026-05-01,148.13,148.13,146.35,146.57,1094463
2026-05-04,145.55,145.82,144.45,144.62,1720723
2026-05-05,146.62,146.65,144.79,145.50,1328707
2026-05-06,147.80,148.76,147.51,148.36,1115578
2026-05-07,147.97,148.06,144.99,145.39,1005070
2026-05-08,146.45,146.67,145.48,146.03,1067499
2026-05-11,146.59,147.28,144.75,145.23,2098902
2026-05-12,146.29,148.56,145.88,148.16,921781
2026-05-13,148.23,150.32,148.16,149.75,1271464
2026-05-14,150.13,150.56,148.60,149.77,1521780
2026-05-15,150.12,150.33,147.81,148.08,829343
2026-05-18,149.01,150.58,148.94,149.15,1083235
2026-05-19,149.61,151.41,149.32,150.44,999095
2026-05-20,150.95,151.76,150.23,150.45,1362929
2026-05-21,150.09,152.52,149.54,151.76,965765
2026-05-22,151.56,152.54,151.24,152.01,1410578
2026-05-26,152.30,152.49,150.31,150.80,1047357
2026-05-27,151.05,152.37,150.62,151.12,989019
2026-05-28,150.13,151.74,149.96,151.40,1643104
2026-05-29,151.84,152.03,150.12,150.17,1635433
2026-06-01,146.92,147.50,144.72,145.68,2052759
2026-06-02,144.01,144.46,142.64,143.48,1473008
2026-06-03,142.47,144.25,142.26,143.66,1538154
2026-06-04,146.46,148.48,146.46,148.40,2489180
2026-06-05,147.65,149.16,147.44,149.16,3570679
2026-06-08,147.54,148.53,146.39,146.42,2591967
2026-06-09,147.19,149.71,147.04,149.12,2418942
2026-06-10,149.03,149.72,147.91,148.12,1437031
2026-06-11,152.00,154.71,151.62,153.92,2128732
2026-06-12,153.93,154.22,152.85,153.07,1178040
2026-06-15,153.07,153.32,151.26,151.56,1683510
2026-06-16,150.46,151.38,148.64,150.93,1589302
2026-06-17,151.42,152.57,150.20,150.88,1664884
2026-06-18,149.90,150.08,146.92,147.08,1869631
2026-06-22,146.94,149.23,146.60,148.93,1399965
2026-06-23,151.94,153.47,151.35,153.38,1403616
2026-06-24,154.20,154.96,152.31,153.12,7223545
2026-06-25,153.47,155.84,153.41,155.12,4445153
2026-06-26,153.33,156.38,153.33,155.41,3831260
2026-06-29,156.14,157.73,155.79,157.59,2315161
2026-06-30,157.63,157.89,155.92,156.72,1755153
2026-07-01,154.67,155.02,153.22,154.14,1917955
2026-07-02,157.50,160.57,157.00,159.90,1588015
2026-07-06,157.32,157.57,154.21,155.49,1918302
2026-07-07,157.15,157.93,156.43,157.03,1445023
2026-07-08,155.26,156.40,155.10,155.17,1420131
2026-07-09,154.90,155.47,153.79,154.62,2270450
2026-07-10,154.80,155.00,153.63,154.05,1165696
2026-07-13,152.68,154.17,151.94,153.37,1177435
2026-07-14,152.08,152.44,150.33,150.36,1239870
2026-07-15,150.02,151.66,149.65,150.80,1757763
2026-07-16,150.48,153.18,150.21,152.73,2368258
2026-07-17,153.97,155.30,153.13,153.76,2592816
2026-07-20,153.17,153.54,149.33,149.56,1841361
2026-07-21,155.39,159.30,153.66,153.87,2654214
2026-07-22,156.07,156.41,152.67,153.08,1458913
2026-07-23,151.71,156.94,151.44,156.14,2105475
2026-07-24,156.11,156.38,154.44,155.01,1826639
2026-07-27,156.59,158.08,155.79,156.11,1620400
2026-07-28,158.07,160.34,158.03,159.85,1689946
2026-07-29,159.15,159.37,157.32,158.83,1627202
2026-07-30,156.91,158.55,156.46,158.44,2086787
2026-07-31,156.99,157.12,155.03,156.15,1546279
2026-08-03,155.66,156.37,153.02,153.67,1666572
2026-08-04,154.89,154.89,152.99,153.27,1706548
2026-08-05,155.23,155.56,153.81,154.44,1177802
2026-08-06,155.58,155.88,153.67,154.21,1045448
2026-08-07,156.56,156.68,155.38,156.33,1309131
2026-08-10,155.84,156.93,155.39,156.79,995478
2026-08-11,156.47,157.34,154.51,154.61,1070807
2026-08-12,152.03,153.43,151.81,152.32,2470641
2026-08-13,152.84,153.02,151.53,151.72,1517179
2026-08-14,149.39,151.46,149.09,150.88,1597683
2026-08-17,151.23,152.62,150.83,151.97,1198730
2026-08-18,153.58,155.10,153.38,154.55,1412922
2026-08-19,156.29,160.81,156.17,160.31,2400550
2026-08-20,159.07,159.33,155.87,156.24,1525742
2026-08-21,156.17,159.72,156.10,158.86,1183728
2026-08-24,157.12,158.46,156.77,158.02,801260
2026-08-25,158.51,160.29,157.83,159.98,998182
2026-08-26,158.41,159.19,157.44,157.54,1473550
2026-08-27,155.93,155.93,154.43,154.65,1220734
2026-08-28,154.51,154.56,152.77,153.81,1165888
2026-08-31,152.60,152.74,151.69,152.06,1286181
2026-09-01,162.15,163.57,160.21,161.25,4334983
2026-09-02,160.80,163.18,160.38,162.46,4344101
2026-09-03,164.48,164.48,161.42,163.09,2453140
2026-09-04,159.90,160.93,159.62,159.99,1294324
2026-09-08,139.94,140.46,137.12,137.70,10273930
2026-09-09,138.14,139.45,137.30,137.48,2937132
2026-09-10,138.76,139.43,137.46,137.48,2419869
2026-09-11,139.31,139.55,137.00,137.16,2353807
2026-09-14,141.64,141.64,138.99,138.99,2479927
2026-09-15,138.76,139.11,137.37,138.62,2367107
