date,open,high,low,close,volume
2016-09-15,89.06,90.64,88.82,90.32,2940364
2016-09-16,89.03,89.90,88.83,89.39,3534951
2016-09-19,89.89,91.10,89.82,90.11,1922674
2016-09-20,90.92,90.96,90.07,90.36,1908943
2016-09-21,90.92,91.39,90.07,90.74,1889307
2016-09-22,90.93,91.13,89.79,90.00,2909223
2016-09-23,89.86,90.50,89.41,89.41,2480217
2016-09-26,88.88,89.03,87.53,87.77,3067853
2016-09-27,87.38,88.69,87.04,88.55,3116507
2016-09-28,88.87,89.49,88.48,89.41,3313054
2016-09-29,89.22,90.44,88.52,88.99,3939802
2016-09-30,89.57,90.50,89.28,90.09,3380090
2016-10-03,89.55,89.97,89.12,89.40,1776216
2016-10-04,90.23,90.77,89.44,90.50,2583656
2016-10-05,90.77,91.94,90.34,91.52,3382503
2016-10-06,91.75,91.99,90.98,91.82,3004407
2016-10-07,91.78,91.99,90.79,91.42,2081347
2016-10-10,91.79,92.06,91.41,91.69,2392497
2016-10-11,91.64,91.89,90.18,90.51,2822103
2016-10-12,90.65,91.10,90.17,90.38,2975955
2016-10-13,89.00,89.25,87.34,87.94,4090301
2016-10-14,89.59,90.09,87.59,88.03,4586379
2016-10-17,88.42,89.18,87.97,88.21,3053848
2016-10-18,89.46,89.96,88.64,89.86,2630219
2016-10-19,90.23,91.87,90.13,91.60,3442828
2016-10-20,91.19,93.43,91.04,93.30,4775488
2016-10-21,92.79,93.18,92.37,92.92,3901026
2016-10-24,93.38,93.67,92.87,93.02,2778742
2016-10-25,93.61,93.69,92.87,93.14,3935282
2016-10-26,92.92,94.40,92.76,94.28,2631700
2016-10-27,94.58,95.59,94.46,95.43,3481213
2016-10-28,95.70,95.74,94.39,95.10,2592979
2016-10-31,95.46,95.73,95.08,95.60,2951510
2016-11-01,96.07,96.26,94.64,95.57,2588819
2016-11-02,95.09,95.30,94.44,94.77,3283185
2016-11-03,95.05,96.35,94.54,94.90,3139169
2016-11-04,95.19,95.60,94.30,94.65,2750227
2016-11-07,96.01,96.56,95.97,96.40,2467046
2016-11-08,95.95,96.99,95.30,96.64,2491964
2016-11-09,98.29,101.63,97.30,101.25,5231447
2016-11-10,102.42,106.34,102.42,105.98,6897532
2016-11-11,105.43,106.23,104.78,105.93,4186776
2016-11-14,106.91,109.17,106.48,108.10,6833952
2016-11-15,106.88,108.83,105.47,108.78,3821142
2016-11-16,107.74,108.16,106.97,107.51,3354981
2016-11-17,107.52,110.81,107.46,110.60,4154558
2016-11-18,110.91,111.39,110.27,111.24,5245777
2016-11-21,111.35,111.35,110.22,110.71,2270594
2016-11-22,110.87,111.44,110.19,110.76,2878882
2016-11-23,111.31,111.97,110.37,111.14,3708549
2016-11-25,111.23,112.07,111.15,112.07,1047854
2016-11-28,111.23,111.62,109.61,109.80,2180635
2016-11-29,110.00,110.43,109.16,109.26,3943566
2016-11-30,110.60,111.23,110.12,110.54,5570145
2016-12-01,111.23,112.68,110.68,112.60,5430041
2016-12-02,112.42,112.42,110.69,111.08,2449253
2016-12-05,112.04,112.52,111.10,111.50,3607479
2016-12-06,111.46,111.99,110.84,111.49,4162821
2016-12-07,111.70,112.69,110.97,112.67,4257664
2016-12-08,113.33,115.69,112.88,114.82,3083445
2016-12-09,114.56,115.02,113.57,115.02,2565802
2016-12-12,114.69,115.31,113.95,114.07,3332238
2016-12-13,114.22,115.25,113.62,114.70,3118782
2016-12-14,113.76,115.77,112.61,114.20,5157865
2016-12-15,115.78,116.20,114.44,115.63,2801764
2016-12-16,115.98,116.21,114.65,114.86,3318268
2016-12-19,114.43,116.25,114.38,115.80,3657839
2016-12-20,116.79,118.33,116.30,118.07,1998865
2016-12-21,118.26,118.29,117.38,117.64,1282042
2016-12-22,117.75,118.00,117.21,117.43,1457859
2016-12-23,117.49,117.98,117.07,117.96,913407
2016-12-27,117.89,118.52,117.89,118.31,1076932
2016-12-28,118.38,118.57,116.93,117.06,1165294
2016-12-29,117.28,117.61,115.36,116.10,1542292
2016-12-30,116.21,117.16,115.92,116.96,1624856
2017-01-03,118.78,119.47,116.97,117.97,2989081
2017-01-04,118.32,119.27,117.76,118.97,2279644
2017-01-05,118.41,119.03,116.60,117.38,2405020
2017-01-06,118.21,119.74,117.85,119.05,3003916
2017-01-09,118.31,118.50,117.07,118.20,3294385
2017-01-10,118.01,118.85,117.53,118.67,2914675
2017-01-11,117.93,121.33,117.52,121.33,4408649
2017-01-12,120.13,120.30,116.73,117.93,3970587
2017-01-13,118.96,121.25,117.18,118.79,4034665
2017-01-17,117.94,117.99,113.70,113.93,4301443
2017-01-18,114.69,116.39,113.66,116.32,3086183
2017-01-19,116.67,117.30,115.04,115.61,2589914
2017-01-20,116.29,117.59,115.99,117.35,2876759
2017-01-23,116.81,117.86,116.50,116.93,2485524
2017-01-24,117.50,119.44,116.92,118.66,2564252
2017-01-25,120.00,121.19,119.53,121.01,2572865
2017-01-26,121.17,121.98,120.74,121.63,1947008
2017-01-27,121.34,121.90,120.89,121.64,1609030
2017-01-30,120.97,121.11,119.64,120.38,1995361
2017-01-31,120.16,121.02,119.59,120.46,2620211
2017-02-01,121.66,122.58,121.02,121.14,2673240
2017-02-02,120.20,120.76,119.00,120.01,2091268
2017-02-03,122.18,122.42,121.06,122.16,1955170
2017-02-06,121.61,122.82,121.34,122.41,1563899
2017-02-07,122.81,123.25,121.28,121.47,2680907
2017-02-08,122.20,122.20,120.50,121.46,2892366
2017-02-09,122.10,122.93,121.28,122.39,2076709
2017-02-10,123.30,123.54,122.68,123.10,1965425
2017-02-13,124.00,125.35,123.62,124.42,1929560
2017-02-14,124.54,126.23,123.77,126.10,2420150
2017-02-15,126.28,127.92,125.37,127.76,2589522
2017-02-16,127.30,127.66,126.00,126.96,1929949
2017-02-17,125.73,126.89,125.45,126.86,1733953
2017-02-21,127.20,127.84,126.77,127.55,1748584
2017-02-22,126.78,128.52,126.69,127.76,1541742
2017-02-23,127.84,128.23,126.84,128.14,1221184
2017-02-24,126.92,127.42,126.14,126.88,2586302
2017-02-27,127.19,128.49,126.80,128.13,1895250
2017-02-28,127.36,127.98,126.66,127.23,2343402
2017-03-01,130.48,131.83,129.86,130.85,3367209
2017-03-02,130.98,131.01,127.39,127.51,2092398
2017-03-03,127.41,128.25,126.98,127.83,2493314
2017-03-06,126.76,127.93,126.09,127.59,2289876
2017-03-07,127.40,128.05,126.40,127.40,1764844
2017-03-08,128.92,129.34,127.46,127.55,2258543
2017-03-09,128.04,129.29,127.24,127.48,3436263
2017-03-10,128.25,128.49,125.44,126.46,3731065
2017-03-13,126.65,126.88,125.71,126.40,1815075
2017-03-14,125.90,126.42,124.69,126.22,1660623
2017-03-15,126.74,126.74,124.62,125.23,2106527
2017-03-16,125.77,126.28,124.90,125.72,2413548
2017-03-17,125.92,126.21,124.35,124.35,5734980
2017-03-20,124.16,125.31,123.74,123.79,2575992
2017-03-21,124.13,124.34,118.59,118.70,6317245
2017-03-22,117.90,119.30,116.49,118.65,4423212
2017-03-23,118.67,121.26,118.15,119.28,4002600
2017-03-24,119.90,120.58,118.59,119.40,2425890
2017-03-27,116.50,118.44,115.25,118.20,3440326
2017-03-28,118.06,120.81,117.72,120.27,2654973
2017-03-29,120.07,120.64,119.29,119.34,1758596
2017-03-30,119.22,122.00,119.22,121.53,2091790
2017-03-31,120.97,121.25,120.16,120.24,2189212
2017-04-03,120.65,121.00,118.34,119.84,2124214
2017-04-04,119.33,119.99,118.68,119.15,1871660
2017-04-05,120.78,121.02,118.14,118.29,1872429
2017-04-06,118.25,119.79,117.48,119.26,2072092
2017-04-07,118.52,119.84,118.00,119.17,1921531
2017-04-10,119.08,119.64,117.89,118.37,2083250
2017-04-11,117.44,118.07,116.07,118.03,3339199
2017-04-12,116.99,117.70,115.87,116.00,3038909
2017-04-13,118.00,120.65,115.60,115.80,5103281
2017-04-17,115.98,118.53,115.45,118.41,3233238
2017-04-18,117.41,118.43,115.77,116.41,2915201
2017-04-19,117.46,118.37,115.97,116.48,2275075
2017-04-20,117.31,119.19,116.70,118.83,2053899
2017-04-21,118.55,119.47,117.83,118.17,1960568
2017-04-24,121.00,121.80,120.17,120.86,2727741
2017-04-25,122.06,122.73,121.07,121.11,2955553
2017-04-26,121.29,122.99,121.10,122.00,2040654
2017-04-27,122.17,122.45,120.14,121.02,1555986
2017-04-28,120.69,121.57,119.74,119.75,1865162
2017-05-01,120.69,121.86,119.86,121.15,1857433
2017-05-02,121.49,121.77,119.83,120.66,1597558
2017-05-03,120.06,122.59,119.77,122.44,1675473
2017-05-04,123.69,124.44,122.76,123.45,2076322
2017-05-05,123.76,123.86,122.37,123.12,1696973
2017-05-08,123.19,124.06,123.08,123.68,4158973
2017-05-09,123.64,124.13,121.51,121.96,2221979
2017-05-10,121.83,122.77,121.40,122.45,1594271
2017-05-11,122.02,122.14,120.28,121.74,1570012
2017-05-12,120.55,121.18,119.56,120.81,1547366
2017-05-15,120.78,122.64,120.78,122.14,1395365
2017-05-16,122.31,122.74,121.62,122.62,1167542
2017-05-17,119.69,120.52,116.96,117.19,2657178
2017-05-18,117.27,118.19,115.66,117.36,2833403
2017-05-19,117.51,119.92,117.50,118.76,2229808
2017-05-22,119.22,119.74,118.26,119.45,1571551
2017-05-23,119.45,121.70,119.11,121.15,1476115
2017-05-24,121.85,121.90,120.57,120.96,1796708
2017-05-25,120.96,121.99,120.78,121.45,1311063
2017-05-26,120.96,122.00,120.64,121.32,1173907
2017-05-30,120.50,120.64,118.26,118.86,2779124
2017-05-31,118.88,119.25,116.63,118.70,2750024
2017-06-01,119.35,120.13,117.36,120.13,1679828
2017-06-02,118.93,119.88,117.73,119.16,2253614
2017-06-05,119.46,120.22,118.49,118.58,1695497
2017-06-06,117.59,118.68,117.06,118.15,1764104
2017-06-07,118.60,120.20,118.24,119.90,1434632
2017-06-08,119.64,122.29,119.41,121.01,3140985
2017-06-09,121.79,123.77,121.79,123.17,2102555
2017-06-12,123.18,124.10,121.20,122.84,2941623
2017-06-13,123.39,124.24,122.75,123.81,2232462
2017-06-14,122.79,124.10,121.55,123.97,1952638
2017-06-15,123.28,124.57,122.64,122.97,1723259
2017-06-16,122.86,123.10,121.90,122.51,2248449
2017-06-19,123.55,124.58,123.08,123.79,1867995
2017-06-20,123.67,123.93,122.95,122.99,1851309
2017-06-21,123.50,123.50,121.77,122.33,1793540
2017-06-22,121.86,122.17,120.34,120.76,1872070
2017-06-23,121.51,121.51,118.89,119.55,2689485
2017-06-26,119.99,120.97,119.41,120.38,2316006
2017-06-27,121.32,122.89,120.92,121.12,1871351
2017-06-28,122.19,123.76,122.03,123.40,2580590
2017-06-29,126.63,128.25,124.19,125.25,2669345
2017-06-30,126.00,126.06,124.40,124.87,1669928
2017-07-03,125.65,126.54,125.24,126.00,1589891
2017-07-05,125.98,126.52,124.84,126.08,2495999
2017-07-06,126.15,127.83,125.80,126.01,1763069
2017-07-07,126.96,126.96,125.06,126.54,1787017
2017-07-10,126.16,127.69,125.95,127.20,2175953
2017-07-11,127.35,127.80,126.34,127.39,2663316
2017-07-12,126.98,127.58,126.48,127.22,1975450
2017-07-13,126.93,127.98,125.92,127.32,3159380
2017-07-14,125.90,127.55,124.94,127.17,2437081
2017-07-17,127.04,128.25,126.77,127.36,2321417
2017-07-18,126.29,127.19,125.10,125.57,2891163
2017-07-19,126.07,126.81,125.42,126.40,1966226
2017-07-20,126.39,127.62,126.22,126.95,2156046
2017-07-21,126.41,127.37,125.88,126.24,1445332
2017-07-24,126.24,127.43,126.14,127.14,1494807
2017-07-25,129.39,130.00,128.87,129.33,2977256
2017-07-26,129.17,129.55,126.79,127.36,2554750
2017-07-27,127.28,128.20,126.73,127.67,2475943
2017-07-28,127.57,128.02,126.78,127.65,1567526
2017-07-31,127.91,129.28,127.46,128.80,2017898
2017-08-01,129.59,130.41,129.15,130.41,2386974
2017-08-02,130.63,130.93,129.80,130.68,2055897
2017-08-03,130.50,130.99,129.89,130.51,2312246
2017-08-04,131.31,132.67,130.91,132.17,2399514
2017-08-07,131.94,132.20,130.51,131.11,2517158
2017-08-08,130.60,133.26,130.60,132.36,2798068
2017-08-09,131.66,132.19,130.91,131.73,2246823
2017-08-10,130.40,131.23,128.60,128.99,2651970
2017-08-11,128.72,129.78,127.64,128.05,2931654
2017-08-14,129.42,131.42,128.96,130.90,2249645
2017-08-15,131.77,132.29,130.19,130.34,2615717
2017-08-16,130.92,131.14,129.26,130.10,3122892
2017-08-17,129.58,129.84,127.18,127.30,2736059
2017-08-18,126.65,128.12,126.15,127.11,1511157
2017-08-21,127.34,127.34,126.42,126.60,1283897
2017-08-22,126.89,127.84,126.89,127.51,1216541
2017-08-23,126.60,128.03,126.45,127.53,1082518
2017-08-24,127.81,128.03,127.11,127.67,889519
2017-08-25,128.18,128.45,127.63,127.88,991080
2017-08-28,128.45,128.45,127.24,127.55,1717396
2017-08-29,126.04,126.82,125.25,126.27,2052831
2017-08-30,126.55,126.87,125.55,125.79,2300409
2017-08-31,126.29,126.32,124.65,125.41,2777083
2017-09-01,125.83,127.19,125.11,126.64,1582546
2017-09-05,125.66,125.90,123.38,123.79,2913037
2017-09-06,124.47,124.89,123.24,123.56,1757613
2017-09-07,123.52,123.52,119.77,120.71,3151897
2017-09-08,120.50,122.42,120.39,121.51,1953666
2017-09-11,123.00,123.99,122.66,123.77,2570793
2017-09-12,124.19,126.85,124.15,126.44,2109140
2017-09-13,125.97,127.32,125.72,127.30,1772799
2017-09-14,127.18,128.05,127.03,127.19,1752707
2017-09-15,126.72,128.20,126.45,128.19,3256915
2017-09-18,128.73,130.24,128.55,129.70,2305895
2017-09-19,129.84,131.53,129.44,131.28,1758214
2017-09-20,131.61,133.69,130.82,133.00,2214472
2017-09-21,133.35,134.30,132.83,133.35,1766993
2017-09-22,132.90,133.56,132.11,133.43,1923182
2017-09-25,133.31,134.21,132.67,133.52,1719480
2017-09-26,132.86,133.32,132.25,132.43,2386281
2017-09-27,134.19,135.67,133.30,134.32,2235130
2017-09-28,134.51,134.81,132.91,134.46,1480907
2017-09-29,134.28,135.73,134.26,134.77,2010140
2017-10-02,135.26,135.61,134.26,135.12,1745643
2017-10-03,135.23,135.50,133.85,134.18,2182668
2017-10-04,134.18,135.20,133.71,134.27,1925612
2017-10-05,133.82,136.13,133.11,135.54,1359013
2017-10-06,136.23,136.92,134.64,135.69,1464179
2017-10-09,136.00,136.21,135.11,135.61,869567
2017-10-10,135.53,136.90,135.49,136.72,1409911
2017-10-11,136.27,136.68,135.53,136.49,1733027
2017-10-12,137.41,137.41,134.94,135.27,2377726
2017-10-13,137.00,137.00,132.64,133.75,2724868
2017-10-16,133.52,135.37,133.23,135.03,2279214
2017-10-17,135.53,135.82,134.18,134.26,2048013
2017-10-18,134.85,135.44,134.07,134.74,1709462
2017-10-19,133.84,135.72,133.77,135.30,1329821
2017-10-20,136.84,137.71,136.18,136.95,2081042
2017-10-23,137.07,137.69,136.35,136.77,1300985
2017-10-24,137.09,138.49,136.92,137.83,1311952
2017-10-25,139.23,139.23,136.42,137.46,1249297
2017-10-26,138.32,138.74,137.56,137.85,1547305
2017-10-27,137.31,138.53,136.96,138.17,1198528
2017-10-30,137.15,138.05,136.56,137.16,1199207
2017-10-31,137.20,138.20,136.76,136.79,1131639
2017-11-01,137.88,138.64,136.76,136.94,1207600
2017-11-02,137.20,138.47,136.10,138.40,1089843
2017-11-03,137.63,138.71,137.42,138.64,1003931
2017-11-06,137.98,138.92,137.63,138.59,884261
2017-11-07,138.48,138.81,133.89,134.09,2508415
2017-11-08,133.59,134.21,132.77,133.29,2217767
2017-11-09,132.32,133.57,131.36,132.55,1985568
2017-11-10,133.14,133.86,132.36,132.48,1925404
2017-11-13,131.53,133.08,131.07,132.23,2153926
2017-11-14,131.11,132.59,130.90,132.00,2293842
2017-11-15,130.85,133.83,130.46,132.90,1872180
2017-11-16,133.37,133.84,132.41,132.49,1242205
2017-11-17,131.59,133.16,131.39,132.85,1108830
2017-11-20,133.21,133.59,132.34,133.29,1402735
2017-11-21,133.80,133.99,132.72,133.11,1226283
2017-11-22,133.12,133.83,132.77,133.04,942560
2017-11-24,133.43,133.61,132.55,132.56,612841
2017-11-27,132.60,133.18,132.24,132.56,1155755
2017-11-28,132.89,136.09,132.37,135.68,1923948
2017-11-29,136.92,140.07,136.79,139.73,2909507
2017-11-30,140.59,143.16,139.46,140.56,2765089
2017-12-01,140.90,141.68,136.98,141.00,2572094
2017-12-04,143.42,145.66,142.79,143.84,1962677
2017-12-05,144.26,145.08,142.06,142.43,1602209
2017-12-06,141.89,144.25,140.62,143.01,1495661
2017-12-07,142.30,144.06,142.06,143.42,1418060
2017-12-08,144.27,144.27,142.99,143.80,1524770
2017-12-11,143.70,144.70,142.88,143.29,1440808
2017-12-12,143.46,146.24,143.19,145.85,2142489
2017-12-13,145.35,145.89,143.75,143.83,1989486
2017-12-14,144.70,144.78,142.68,142.97,1560108
2017-12-15,143.96,146.03,143.28,144.95,3397310
2017-12-18,146.24,147.28,145.81,146.15,1727609
2017-12-19,147.06,147.21,145.01,145.10,2714108
2017-12-20,146.50,146.63,144.76,144.92,1599946
2017-12-21,146.23,146.94,145.41,146.26,1567650
2017-12-22,146.93,147.02,145.28,146.12,1008835
2017-12-26,146.26,146.81,144.53,144.90,751933
2017-12-27,145.28,145.53,144.45,144.98,1093554
2017-12-28,145.00,145.75,144.71,145.67,1085621
2017-12-29,146.12,146.20,144.29,144.29,1125469
2018-01-02,145.25,145.46,143.96,144.62,2824938
2018-01-03,144.60,145.36,144.31,144.59,2423185
2018-01-04,145.07,147.12,144.45,144.60,3292507
2018-01-05,145.14,145.37,143.94,144.78,2079048
2018-01-08,144.50,145.74,144.27,145.05,2564879
2018-01-09,145.99,149.03,145.36,147.82,2438234
2018-01-10,148.48,151.10,148.00,149.62,1958848
2018-01-11,150.42,151.49,149.84,151.49,2392390
2018-01-12,152.33,153.50,150.00,151.84,3272771
2018-01-16,152.81,154.90,151.53,152.26,2682314
2018-01-17,152.99,154.93,151.84,154.23,2737901
2018-01-18,153.70,154.89,152.94,153.71,2392332
2018-01-19,154.36,156.15,154.10,155.25,2665274
2018-01-22,155.12,155.72,154.31,155.72,1856465
2018-01-23,154.60,156.51,154.33,155.77,2313114
2018-01-24,155.69,158.27,155.69,157.74,1828774
2018-01-25,158.35,158.69,157.35,157.80,2054779
2018-01-26,158.02,158.75,157.08,158.66,1930106
2018-01-29,158.45,160.07,158.40,159.21,1680124
2018-01-30,158.25,159.42,157.14,157.90,2360325
2018-01-31,158.40,159.43,157.43,158.02,1921285
2018-02-01,157.41,159.84,157.10,159.15,2016456
2018-02-02,158.66,159.44,157.37,157.97,2665011
2018-02-05,156.18,157.74,149.30,150.32,5073021
2018-02-06,147.02,154.76,146.34,154.29,4581403
2018-02-07,153.75,156.87,153.39,155.00,2495546
2018-02-08,155.05,155.83,149.38,149.38,2942996
2018-02-09,150.98,153.00,147.17,151.71,2693350
2018-02-12,152.80,154.29,151.17,152.28,2409964
2018-02-13,151.04,153.53,151.00,153.29,2116946
2018-02-14,152.84,158.70,152.84,158.27,2207095
2018-02-15,159.46,160.32,158.67,159.86,2141540
2018-02-16,158.91,160.81,158.30,159.08,2134846
2018-02-20,158.63,160.77,158.24,159.13,1655336
2018-02-21,158.69,163.24,158.69,161.28,2542796
2018-02-22,161.73,162.80,157.25,157.60,2386510
2018-02-23,158.14,160.15,157.60,160.09,1594362
2018-02-26,160.73,161.90,159.43,161.83,1597822
2018-02-27,161.76,163.59,160.22,160.23,2088938
2018-02-28,160.83,162.04,157.59,157.66,2191568
2018-03-01,157.66,159.01,155.70,155.99,2572035
2018-03-02,155.26,157.82,153.82,157.43,1903243
2018-03-05,155.85,159.66,154.96,158.71,1748392
2018-03-06,159.04,159.85,157.20,159.34,1299783
2018-03-07,157.31,160.08,157.01,159.64,1385070
2018-03-08,159.96,160.39,157.38,159.49,1443281
2018-03-09,161.00,162.80,160.19,162.45,1746853
2018-03-12,162.51,162.99,161.51,162.26,1546195
2018-03-13,162.96,163.00,159.85,160.49,1581534
2018-03-14,161.21,161.79,157.56,158.09,1922602
2018-03-15,158.63,158.77,156.79,157.87,2018315
2018-03-16,158.54,160.96,158.16,160.07,4488797
2018-03-19,159.65,160.33,158.04,159.43,1780932
2018-03-20,160.17,160.70,158.78,158.85,1649779
2018-03-21,159.17,160.94,158.49,158.89,1398053
2018-03-22,156.94,157.74,152.79,153.28,2588088
2018-03-23,153.78,154.26,146.91,147.24,2984140
2018-03-26,150.00,153.34,149.00,153.01,2393088
2018-03-27,153.92,154.19,148.06,149.18,2894569
2018-03-28,149.74,150.77,147.86,149.45,1815858
2018-03-29,150.48,151.84,149.13,151.24,1865415
2018-04-02,151.24,151.68,146.02,148.32,2010598
2018-04-03,149.63,151.46,148.19,151.10,2123667
2018-04-04,148.97,152.96,148.56,152.50,1812090
2018-04-05,154.04,154.58,151.60,152.76,2381000
2018-04-06,151.13,151.69,146.11,147.95,2067504
2018-04-09,148.94,152.36,148.91,149.21,2076083
2018-04-10,151.89,151.99,150.02,151.54,1796969
2018-04-11,149.75,150.91,149.00,149.44,1349202
2018-04-12,150.71,152.98,150.60,152.49,2923121
2018-04-13,149.00,149.89,144.85,145.46,4675862
2018-04-16,145.94,146.88,143.72,143.84,3370090
2018-04-17,144.62,144.80,139.86,140.86,3809699
2018-04-18,141.39,142.80,140.86,141.66,2724268
2018-04-19,141.68,144.65,141.56,144.26,2454015
2018-04-20,144.28,145.60,143.00,144.12,2080417
2018-04-23,144.05,145.59,143.62,145.21,2014122
2018-04-24,146.32,148.27,144.18,145.01,2588646
2018-04-25,144.51,146.67,143.64,145.70,2330160
2018-04-26,145.25,146.75,144.49,145.73,2044944
2018-04-27,145.69,147.86,145.69,147.34,1987046
2018-04-30,147.77,148.39,145.61,145.61,1613587
2018-05-01,145.27,145.75,143.99,145.34,1998865
2018-05-02,144.73,145.66,143.31,143.61,1979609
2018-05-03,143.15,146.50,141.35,145.02,3518567
2018-05-04,144.39,146.89,142.85,145.60,1812419
2018-05-07,145.75,146.60,144.22,145.90,1745397
2018-05-08,145.98,148.55,145.58,147.53,1910434
2018-05-09,148.19,151.01,147.52,150.29,1646772
2018-05-10,150.00,151.50,148.83,150.84,1376766
2018-05-11,151.09,151.91,150.29,150.97,1559047
2018-05-14,151.38,151.77,150.12,150.35,1737276
2018-05-15,150.05,152.29,149.97,150.79,2036119
2018-05-16,150.27,150.78,149.20,149.95,1323039
2018-05-17,149.51,150.79,147.93,150.65,1527021
2018-05-18,150.12,150.48,148.69,148.76,1283111
2018-05-21,149.22,150.52,149.10,149.43,1140291
2018-05-22,149.63,152.25,149.24,150.88,2035184
2018-05-23,149.88,151.06,148.88,149.73,1533596
2018-05-24,149.46,149.62,146.22,148.50,1945430
2018-05-25,148.02,148.59,147.49,148.15,991783
2018-05-29,146.26,146.74,139.96,141.25,3991908
2018-05-30,143.06,144.95,142.46,144.31,2382509
2018-05-31,143.89,144.68,142.63,143.41,2839744
2018-06-01,145.75,146.56,144.63,145.12,1785897
2018-06-04,145.73,146.81,145.27,146.54,1455517
2018-06-05,146.00,146.39,144.80,145.39,1291541
2018-06-06,145.67,148.16,145.51,147.64,2258493
2018-06-07,148.38,149.49,147.35,148.01,2173095
2018-06-08,147.93,149.19,146.97,148.85,1520312
2018-06-11,149.02,149.30,146.87,147.03,1464050
2018-06-12,147.81,148.75,146.42,147.19,1551234
2018-06-13,147.64,148.18,145.12,145.60,2599529
2018-06-14,145.84,145.94,141.20,141.84,3539599
2018-06-15,142.12,144.43,140.35,143.97,5084008
2018-06-18,142.43,143.50,142.04,142.50,2205869
2018-06-19,141.30,142.67,141.30,142.15,3223000
2018-06-20,143.41,143.75,141.26,141.35,2091866
2018-06-21,140.70,142.46,140.51,141.34,3399336
2018-06-22,142.04,142.45,139.01,139.36,2761238
2018-06-25,139.00,139.48,137.07,138.43,3329087
2018-06-26,138.31,138.44,136.45,137.28,2411693
2018-06-27,136.67,138.06,135.06,135.30,2309015
2018-06-28,136.01,136.56,134.59,135.57,2364482
2018-06-29,136.40,137.55,135.09,135.10,3607572
2018-07-02,134.24,136.00,133.50,135.92,2239548
2018-07-03,136.28,136.78,134.13,134.39,1079430
2018-07-05,135.50,136.09,134.65,135.58,1724756
2018-07-06,135.21,136.55,134.42,136.00,1408688
2018-07-09,136.45,139.54,136.10,138.79,2785179
2018-07-10,139.51,139.56,137.08,137.75,2054425
2018-07-11,137.39,138.81,137.06,137.68,2202007
2018-07-12,138.83,138.95,136.62,137.99,2188537
2018-07-13,138.97,139.45,135.25,138.32,5306066
2018-07-16,138.06,141.06,137.48,140.89,3233282
2018-07-17,140.80,142.25,140.61,141.48,2459664
2018-07-18,141.10,142.48,140.94,142.41,2105317
2018-07-19,141.65,142.29,140.18,140.71,2120229
2018-07-20,140.76,142.69,140.21,142.50,2782567
2018-07-23,142.26,144.54,141.99,144.16,2016603
2018-07-24,144.51,144.94,142.84,143.15,2794911
2018-07-25,143.50,143.63,142.26,142.71,3293939
2018-07-26,143.20,144.00,142.49,142.59,2796826
2018-07-27,143.17,144.40,142.58,144.40,3297824
2018-07-30,144.56,146.11,144.32,145.36,2088202
2018-07-31,145.94,146.14,144.54,144.83,1753187
2018-08-01,146.03,147.23,144.72,145.02,1490244
2018-08-02,144.89,145.62,143.74,145.14,1504339
2018-08-03,144.81,145.77,144.65,145.03,2139776
2018-08-06,145.00,145.65,144.23,145.40,1554972
2018-08-07,145.65,146.55,145.51,145.92,1253441
2018-08-08,145.80,146.65,145.20,146.34,1088867
2018-08-09,146.11,146.50,145.03,145.22,803638
2018-08-10,143.53,144.17,142.75,143.55,1539838
2018-08-13,143.37,144.12,141.70,141.91,1438434
2018-08-14,142.01,143.30,141.77,142.72,1973294
2018-08-15,141.86,142.90,141.56,142.01,1672807
2018-08-16,142.91,145.17,142.41,144.46,1451153
2018-08-17,144.39,144.84,143.50,144.55,992904
2018-08-20,144.42,145.00,143.46,144.88,1721464
2018-08-21,144.43,146.73,144.23,145.12,1529307
2018-08-22,144.83,145.44,144.08,144.55,1001983
2018-08-23,144.50,144.50,142.85,143.20,1170521
2018-08-24,143.75,143.88,142.78,142.93,1954714
2018-08-27,143.71,146.33,143.43,145.73,1515396
2018-08-28,145.96,146.58,145.38,146.08,1322304
2018-08-29,146.05,147.00,145.33,145.94,1952801
2018-08-30,145.41,145.86,143.59,143.77,1684238
2018-08-31,143.00,143.74,142.50,143.54,1711987
2018-09-04,143.49,144.37,142.72,143.93,1933317
2018-09-05,143.76,145.08,143.56,144.18,1749459
2018-09-06,143.94,144.04,142.70,143.20,2254475
2018-09-07,143.80,144.09,142.20,142.96,1712046
2018-09-10,143.49,143.64,142.45,142.65,1201355
2018-09-11,142.68,143.71,142.41,143.23,1579493
2018-09-12,142.76,143.37,140.83,141.31,1972906
2018-09-13,141.77,142.27,139.81,140.26,2794087
2018-09-14,140.12,141.16,140.02,140.40,1918254
2018-09-17,140.80,140.89,139.23,139.66,1895975
2018-09-18,139.91,140.41,139.40,139.93,1790282
2018-09-19,139.93,142.16,139.80,141.53,2188068
2018-09-20,142.63,145.30,142.63,144.46,1865621
2018-09-21,144.64,144.77,143.51,144.01,3152700
2018-09-24,143.29,143.99,141.20,141.26,1936392
2018-09-25,142.00,142.13,140.74,140.88,1261987
2018-09-26,141.35,141.55,138.32,138.61,2173041
2018-09-27,137.92,138.64,137.13,137.34,2031480
2018-09-28,136.65,137.60,135.85,136.19,2256955
2018-10-01,137.34,137.65,135.71,135.99,1840914
2018-10-02,135.94,137.52,135.31,136.26,1671220
2018-10-03,137.27,139.02,136.63,138.09,2977957
2018-10-04,138.30,140.76,137.76,139.17,2291362
2018-10-05,139.81,140.27,138.23,138.52,1598627
2018-10-08,138.22,140.70,137.83,139.75,1891125
2018-10-09,139.22,140.05,138.00,138.70,1770116
2018-10-10,139.10,140.14,136.05,136.20,2589313
2018-10-11,135.59,135.97,131.28,131.61,3435267
2018-10-12,128.30,128.73,121.61,124.26,7609314
2018-10-15,125.29,126.78,123.46,125.60,4652798
2018-10-16,124.92,125.18,122.17,124.85,3598011
2018-10-17,124.59,127.91,123.61,127.33,5147806
2018-10-18,126.74,127.64,123.95,124.22,3048103
2018-10-19,124.34,126.39,123.20,125.16,3001917
2018-10-22,125.04,125.37,121.34,121.46,2009631
2018-10-23,119.52,120.86,118.40,120.30,3771360
2018-10-24,119.87,119.93,116.55,116.90,3388377
2018-10-25,117.89,120.84,117.41,119.63,1984409
2018-10-26,118.33,120.70,117.70,119.45,2537430
2018-10-29,120.96,123.99,120.60,122.16,2288965
2018-10-30,122.82,125.01,121.89,124.76,3329802
2018-10-31,125.45,129.78,125.36,128.49,3811398
2018-11-01,129.28,130.08,128.10,129.74,4080369
2018-11-02,130.83,131.48,127.82,129.88,2615301
2018-11-05,129.64,131.68,129.45,130.58,2175353
2018-11-06,130.21,132.11,129.78,131.76,2303335
2018-11-07,131.91,133.46,129.59,133.28,2242427
2018-11-08,132.57,134.76,132.49,134.24,2138600
2018-11-09,134.09,135.59,133.79,134.23,2250227
2018-11-12,134.20,134.77,132.65,132.77,3578955
2018-11-13,132.82,135.84,132.56,135.59,3953765
2018-11-14,136.00,137.13,132.19,134.13,3153983
2018-11-15,133.49,136.73,132.20,136.69,2723249
2018-11-16,135.88,137.47,135.62,136.39,2313998
2018-11-19,135.70,136.89,133.94,135.30,3082271
2018-11-20,134.32,135.10,132.20,133.08,2396815
2018-11-21,133.56,134.63,131.71,132.71,1330076
2018-11-23,131.92,133.75,131.15,132.62,568064
2018-11-26,134.33,136.50,134.07,135.55,1756185
2018-11-27,134.50,135.83,133.35,133.90,1799573
2018-11-28,133.88,135.13,131.78,134.21,2248223
2018-11-29,133.41,134.80,133.01,133.65,2689874
2018-11-30,133.37,136.73,133.25,135.78,3144382
2018-12-03,137.33,138.24,134.63,135.90,3142333
2018-12-04,135.09,135.39,127.93,129.51,3350007
2018-12-06,127.02,129.51,125.39,129.31,3217324
2018-12-07,128.81,130.82,125.65,126.56,2754209
2018-12-10,126.45,126.45,122.12,124.26,3144959
2018-12-11,125.33,126.79,122.36,122.46,2752578
2018-12-12,123.94,124.94,121.81,122.74,3130155
2018-12-13,123.19,123.56,119.24,119.90,2306212
2018-12-14,118.83,120.94,118.29,118.50,2758318
2018-12-17,118.30,120.44,117.64,118.32,2652035
2018-12-18,118.54,119.62,115.90,116.59,2518278
2018-12-19,116.73,118.22,113.35,114.03,3033283
2018-12-20,113.35,115.45,112.66,113.58,4088633
2018-12-21,113.13,115.70,111.33,111.49,7392227
2018-12-24,111.00,112.67,109.60,109.71,2359560
2018-12-26,110.27,114.85,108.45,114.84,3040670
2018-12-27,113.34,115.75,111.62,115.75,2479965
2018-12-28,116.21,117.11,114.85,115.37,1803069
2018-12-31,115.88,117.23,115.15,116.91,1885582
2019-01-02,115.15,119.12,114.85,118.81,1910020
2019-01-03,118.06,120.00,117.29,118.27,2786670
2019-01-04,120.48,121.74,119.73,121.23,2640464
2019-01-07,120.25,121.94,119.80,120.96,2088180
2019-01-08,121.26,121.80,119.31,121.15,3946554
2019-01-09,121.11,121.67,119.45,120.81,3754308
2019-01-10,120.37,120.80,118.37,119.58,3529691
2019-01-11,118.82,120.52,117.94,120.05,2794094
2019-01-14,119.28,121.47,118.81,120.55,2851167
2019-01-15,120.01,121.24,118.31,121.12,4170136
2019-01-16,120.42,121.92,117.17,121.21,6125147
2019-01-17,121.11,122.43,119.80,121.89,4301675
2019-01-18,122.51,125.69,121.92,125.25,2891982
2019-01-22,124.31,125.84,123.67,124.58,2611124
2019-01-23,124.93,125.50,123.41,124.39,1993539
2019-01-24,123.56,124.90,122.80,123.81,2572869
2019-01-25,124.45,125.60,123.64,124.92,1890563
2019-01-28,124.26,125.22,123.40,124.87,1632421
2019-01-29,124.64,125.69,124.21,124.33,1372041
2019-01-30,124.27,125.03,123.20,123.66,1896092
2019-01-31,122.83,123.41,120.50,122.67,2099329
2019-02-01,123.12,123.93,122.38,122.73,2390151
2019-02-04,123.35,124.64,122.83,124.63,2096034
2019-02-05,124.63,124.88,122.33,123.02,2345459
2019-02-06,122.63,123.94,121.81,122.61,2199007
2019-02-07,123.06,125.29,121.70,122.84,2245657
2019-02-08,122.30,123.23,119.69,121.24,1471328
2019-02-11,121.74,122.50,121.00,121.57,1700834
2019-02-12,122.53,123.69,122.37,123.15,1730254
2019-02-13,123.46,123.77,121.37,121.48,2330642
2019-02-14,120.49,121.26,119.37,120.61,2110271
2019-02-15,122.03,124.35,121.55,124.15,2319350
2019-02-19,122.81,125.39,122.81,124.95,2674523
2019-02-20,124.95,126.59,124.56,126.52,1756038
2019-02-21,126.19,126.59,124.53,124.91,2253871
2019-02-22,125.05,125.45,123.74,124.15,1663587
2019-02-25,124.96,125.94,123.62,123.69,2505664
2019-02-26,123.21,124.57,122.44,123.21,2920851
2019-02-27,123.46,125.77,122.88,125.72,1949512
2019-02-28,126.06,126.72,125.47,126.02,2097823
2019-03-01,126.60,127.81,125.57,126.62,1872264
2019-03-04,126.71,128.65,125.33,126.33,1928752
2019-03-05,126.19,128.13,124.66,127.82,3144244
2019-03-06,128.13,129.27,127.35,127.44,2748521
2019-03-07,126.64,126.87,124.46,125.99,2932238
2019-03-08,124.67,126.78,124.52,126.70,2860318
2019-03-11,127.15,128.94,126.96,128.56,2546541
2019-03-12,128.80,129.20,127.37,127.71,3195908
2019-03-13,128.42,129.23,127.36,128.93,1741462
2019-03-14,129.01,130.02,128.48,129.60,1608510
2019-03-15,129.01,130.25,128.76,129.86,3687610
2019-03-18,130.44,132.39,130.13,131.88,1865268
2019-03-19,132.50,132.50,129.13,129.48,2263433
2019-03-20,129.40,129.82,125.36,125.46,2991805
2019-03-21,124.77,124.88,122.79,122.90,2803031
2019-03-22,121.50,122.19,118.70,119.18,3456527
2019-03-25,119.49,120.90,118.78,119.18,2111260
2019-03-26,120.27,121.72,119.62,121.46,1960122
2019-03-27,121.29,121.93,120.38,121.27,1691313
2019-03-28,121.63,122.96,120.96,122.86,1531754
2019-03-29,123.91,124.00,122.17,122.66,1951074
2019-04-01,123.98,127.17,123.84,126.91,1789980
2019-04-02,126.55,128.03,126.16,126.76,1698181
2019-04-03,127.99,129.24,126.09,126.81,2081384
2019-04-04,126.80,129.23,126.80,128.42,1408647
2019-04-05,128.49,129.25,127.36,127.91,1331912
2019-04-08,127.91,128.55,127.34,128.24,1460689
2019-04-09,127.36,127.69,126.22,126.80,1572833
2019-04-10,126.57,127.53,125.78,127.29,1785760
2019-04-11,128.00,128.91,127.50,128.72,2051568
2019-04-12,129.44,133.57,129.18,132.70,4291706
2019-04-15,131.98,132.41,130.50,131.06,2006084
2019-04-16,131.49,134.03,131.49,133.15,2375362
2019-04-17,133.37,134.52,132.31,133.87,1752320
2019-04-18,133.75,134.41,132.76,133.19,2392413
2019-04-22,133.28,134.35,132.48,133.89,1469835
2019-04-23,133.41,134.74,131.72,134.20,3319037
2019-04-24,133.85,134.74,132.86,134.17,1680513
2019-04-25,133.33,135.27,133.04,134.24,1335686
2019-04-26,134.01,136.10,134.01,136.09,1336906
2019-04-29,136.80,138.08,136.18,137.01,1125485
2019-04-30,136.93,137.42,135.67,136.93,1428836
2019-05-01,136.72,138.04,134.88,135.21,1264576
2019-05-02,135.54,136.72,135.40,135.94,1235942
2019-05-03,135.99,137.47,135.70,137.10,1055223
2019-05-06,135.35,136.95,134.14,136.27,1314036
2019-05-07,134.78,134.83,132.26,132.95,1821521
2019-05-08,132.47,132.93,131.79,131.99,1694240
2019-05-09,130.03,132.22,129.47,131.94,1504079
2019-05-10,131.41,133.02,129.55,132.44,1354348
2019-05-13,130.04,131.09,128.14,128.45,2367454
2019-05-14,128.21,131.08,128.01,129.76,1088457
2019-05-15,128.84,130.42,127.59,128.68,1609208
2019-05-16,129.61,131.71,129.28,131.10,1508876
2019-05-17,129.46,132.20,129.42,130.22,1351552
2019-05-20,130.22,132.08,130.09,131.34,1153236
2019-05-21,131.12,132.39,131.04,132.08,988717
2019-05-22,131.61,132.37,130.90,132.02,1166387
2019-05-23,130.99,130.99,128.99,129.97,2026791
2019-05-24,130.34,132.38,130.24,131.97,1162324
2019-05-28,131.74,132.34,129.64,129.64,1944887
2019-05-29,128.70,130.12,127.99,130.03,1640365
2019-05-30,130.29,131.06,127.49,128.61,1185438
2019-05-31,127.38,128.32,126.34,127.26,1543064
2019-06-03,126.98,129.78,126.52,128.97,1711282
2019-06-04,130.79,133.47,130.44,133.40,1503241
2019-06-05,133.41,134.44,131.78,134.25,1620422
2019-06-06,133.89,134.58,132.99,133.75,1250982
2019-06-07,133.35,133.85,132.31,132.88,1619817
2019-06-10,134.33,135.63,133.88,134.38,1015481
2019-06-11,134.78,136.35,134.24,135.18,1248734
2019-06-12,135.09,135.75,133.68,134.10,1172941
2019-06-13,134.36,135.17,132.89,133.73,2019474
2019-06-14,134.07,135.75,133.43,135.21,1757888
2019-06-17,135.21,136.18,132.31,132.54,1710367
2019-06-18,132.46,135.45,131.56,134.43,1781087
2019-06-19,135.25,136.27,132.99,133.25,1521800
2019-06-20,133.56,133.78,130.06,132.90,2128648
2019-06-21,132.88,134.68,132.88,133.17,2480174
2019-06-24,132.41,134.58,132.26,133.67,1515295
2019-06-25,133.59,134.17,131.57,133.36,1446847
2019-06-26,133.86,134.84,132.91,133.64,1387522
2019-06-27,133.99,135.88,133.76,134.66,1504289
2019-06-28,136.11,137.39,135.11,137.28,3171725
2019-07-01,138.38,139.93,138.21,139.80,2131972
2019-07-02,139.27,140.40,138.59,139.59,1828238
2019-07-03,140.00,140.77,139.21,140.67,892420
2019-07-05,141.40,143.09,141.17,141.57,1281029
2019-07-08,140.61,141.45,140.19,140.74,1568619
2019-07-09,139.91,141.60,139.46,140.79,1838385
2019-07-10,140.89,141.79,139.88,140.05,1466448
2019-07-11,140.52,142.07,140.13,141.46,1505694
2019-07-12,142.09,142.48,140.57,142.19,1569224
2019-07-15,142.57,142.57,139.74,140.20,2534868
2019-07-16,140.00,140.30,137.96,138.76,3338413
2019-07-17,138.79,142.38,138.75,139.68,2901831
2019-07-18,138.54,139.95,137.83,138.88,2004837
2019-07-19,139.26,139.95,138.55,138.83,1853939
2019-07-22,138.26,139.94,137.97,139.57,1671347
2019-07-23,139.76,141.12,139.00,140.68,1995593
2019-07-24,139.73,141.89,139.73,141.33,1981181
2019-07-25,142.04,142.32,140.29,140.84,1557165
2019-07-26,140.95,143.18,140.92,142.80,1233059
2019-07-29,142.26,144.32,141.88,141.96,1273077
2019-07-30,140.84,142.64,140.69,141.92,1063617
2019-07-31,141.99,143.84,141.08,142.90,2394633
2019-08-01,142.41,143.54,138.01,138.26,2974308
2019-08-02,138.33,138.70,135.43,137.96,1859440
2019-08-05,135.10,135.63,131.84,132.92,2306146
2019-08-06,134.46,134.64,132.08,134.38,1380322
2019-08-07,131.13,131.95,128.12,129.76,4324355
2019-08-08,131.24,132.34,130.26,131.59,2033569
2019-08-09,131.21,133.17,129.84,132.34,2066314
2019-08-12,130.91,131.03,128.44,128.64,2636022
2019-08-13,128.87,132.15,127.83,130.75,2218213
2019-08-14,126.93,128.31,124.16,124.62,3141965
2019-08-15,125.37,126.10,123.34,124.74,2354856
2019-08-16,125.88,127.41,125.37,127.00,1850182
2019-08-19,129.12,129.67,127.66,128.36,2481402
2019-08-20,127.08,127.77,126.10,126.20,1887974
2019-08-21,127.44,127.48,125.73,126.00,1546963
2019-08-22,127.17,127.61,125.74,126.42,1321358
2019-08-23,126.13,126.99,122.37,123.09,1912868
2019-08-26,123.95,124.25,123.27,124.10,2431849
2019-08-27,124.66,125.12,123.40,124.13,1744639
2019-08-28,123.18,127.23,123.18,126.56,1462828
2019-08-29,127.52,129.26,127.50,128.30,1568905
2019-08-30,129.29,130.67,128.74,128.93,1457911
2019-09-03,127.61,127.77,125.23,126.76,2002894
2019-09-04,128.10,129.00,127.50,128.57,1662509
2019-09-05,130.89,132.94,130.68,131.56,1185286
2019-09-06,131.46,132.19,130.67,131.72,1357356
2019-09-09,132.95,136.93,132.34,136.29,2027811
2019-09-10,137.25,138.96,136.71,137.89,1893205
2019-09-11,138.00,138.05,135.48,136.00,3444920
2019-09-12,134.85,137.38,133.54,137.17,3077079
2019-09-13,139.00,140.29,138.02,139.28,2902827
2019-09-16,137.95,140.52,137.36,140.50,2180197
2019-09-17,139.60,140.04,138.00,139.24,2291902
2019-09-18,138.75,141.31,138.08,141.20,2079104
2019-09-19,139.76,142.09,139.76,141.00,2251155
2019-09-20,141.28,142.26,140.25,140.88,4227124
2019-09-23,139.71,141.75,139.68,141.20,2554578
2019-09-24,140.75,141.83,139.65,140.27,2843570
2019-09-25,140.91,141.69,139.71,140.31,1460987
2019-09-26,139.92,140.65,139.57,140.10,1041694
2019-09-27,141.51,142.23,139.78,140.39,1368600
2019-09-30,141.17,141.17,139.36,140.16,1732707
2019-10-01,141.15,141.55,137.07,137.20,1518938
2019-10-02,136.47,136.65,134.78,135.70,1849242
2019-10-03,134.82,136.75,133.37,136.73,2075266
2019-10-04,136.88,140.69,136.88,140.47,2113192
2019-10-07,140.69,141.72,139.10,139.95,1783856
2019-10-08,138.18,138.46,136.04,136.18,2230244
2019-10-09,137.33,137.68,136.33,136.56,1480551
2019-10-10,137.14,139.62,136.88,138.42,1305625
2019-10-11,140.86,142.48,140.27,140.40,2419897
2019-10-14,139.70,140.77,139.36,140.52,1460344
2019-10-15,140.67,142.85,140.04,141.87,2299752
2019-10-16,142.66,143.27,139.92,141.46,2696807
2019-10-17,142.45,144.10,142.05,142.66,1748999
2019-10-18,142.45,144.70,142.09,143.52,1900976
2019-10-21,145.00,146.39,144.71,145.53,1763400
2019-10-22,145.55,146.88,144.54,145.46,1701069
2019-10-23,144.98,146.43,144.70,146.37,1106487
2019-10-24,146.20,146.69,144.69,145.60,1143786
2019-10-25,145.29,147.86,145.29,146.67,1072489
2019-10-28,147.72,148.50,147.19,147.77,1250675
2019-10-29,147.12,149.39,147.12,148.29,1411653
2019-10-30,147.85,148.77,146.52,147.75,1168020
2019-10-31,146.67,147.75,145.04,146.70,1266893
2019-11-01,148.32,148.91,147.31,148.81,1109540
2019-11-04,150.39,150.73,149.69,150.01,1192869
2019-11-05,150.63,152.14,150.00,151.03,1382660
2019-11-06,150.55,151.76,149.95,151.71,1650286
2019-11-07,152.95,154.75,152.52,153.07,1564977
2019-11-08,152.57,152.92,151.63,152.20,1845821
2019-11-11,151.50,153.23,151.38,152.46,1354834
2019-11-12,152.14,153.17,151.11,152.30,1182208
2019-11-13,150.64,151.75,150.07,150.82,1687346
2019-11-14,150.16,150.86,148.48,149.02,1972957
2019-11-15,150.11,150.92,149.41,150.86,1773044
2019-11-18,150.52,152.43,150.49,151.71,1616634
2019-11-19,152.00,153.10,150.75,151.72,1646957
2019-11-20,151.27,152.66,150.44,151.78,1456386
2019-11-21,152.67,153.53,151.31,151.69,1404551
2019-11-22,151.36,153.72,150.94,152.85,1080611
2019-11-25,153.55,154.42,152.73,153.40,2438336
2019-11-26,153.14,153.47,152.34,152.89,1570718
2019-11-27,153.67,154.15,152.53,153.29,1315344
2019-11-29,153.64,154.45,152.94,153.21,736257
2019-12-02,153.93,154.44,151.94,151.98,1234289
2019-12-03,150.27,150.28,148.09,149.74,2379925
2019-12-04,149.74,151.84,149.64,151.35,1703166
2019-12-05,152.28,152.63,151.59,152.20,2087076
2019-12-06,154.08,154.82,153.50,153.81,2700966
2019-12-09,152.20,154.06,152.04,153.70,1726190
2019-12-10,153.70,156.83,152.74,155.60,2606535
2019-12-11,155.83,156.12,154.90,155.00,1795143
2019-12-12,155.66,159.64,155.12,159.00,3113569
2019-12-13,158.16,160.08,157.39,158.64,2472608
2019-12-16,160.30,160.87,158.89,159.00,1644433
2019-12-17,158.97,160.91,158.48,160.36,1527770
2019-12-18,160.81,160.91,159.38,160.05,1621155
2019-12-19,160.27,160.95,158.72,159.53,1577590
2019-12-20,161.20,161.37,159.37,159.82,3340262
2019-12-23,160.08,160.64,158.92,159.53,1253567
2019-12-24,159.84,160.56,159.58,160.42,1230041
2019-12-26,160.48,161.27,160.28,161.15,798026
2019-12-27,161.55,161.72,160.56,160.81,1051812
2019-12-30,161.59,161.79,159.88,160.02,1401139
2019-12-31,159.85,160.37,158.99,159.63,1499788
2020-01-02,159.75,160.37,158.90,160.37,1881277
2020-01-03,158.41,159.59,157.43,158.83,1374430
2020-01-06,158.10,158.68,157.45,158.51,1335484
2020-01-07,157.43,158.40,156.61,157.26,1936596
2020-01-08,158.00,159.91,157.30,158.89,1958425
2020-01-09,160.38,161.25,159.84,160.81,1651980
2020-01-10,160.98,160.98,158.47,158.57,2182480
2020-01-13,158.88,159.54,157.82,159.44,2391330
2020-01-14,159.17,160.95,158.81,159.88,3335543
2020-01-15,158.31,158.31,153.33,154.08,4078473
2020-01-16,153.58,153.70,149.95,152.62,3831616
2020-01-17,153.05,154.05,152.85,153.36,2515591
2020-01-21,152.14,153.33,151.46,151.65,2036594
2020-01-22,151.96,153.02,151.65,152.26,2637334
2020-01-23,151.39,153.25,149.93,152.71,2118177
2020-01-24,152.48,152.48,149.52,150.38,3152878
2020-01-27,147.94,150.00,147.32,148.53,2343406
2020-01-28,149.32,150.97,148.88,149.69,1636228
2020-01-29,149.91,150.76,148.33,148.59,1091882
2020-01-30,147.13,151.10,147.13,150.96,2277498
2020-01-31,149.27,150.69,148.24,148.55,2808410
2020-02-03,150.04,151.15,149.26,149.54,1969404
2020-02-04,151.95,152.23,150.43,150.66,1502467
2020-02-05,152.52,153.85,152.30,153.79,1451879
2020-02-06,154.82,154.95,152.68,152.85,1484322
2020-02-07,151.82,153.64,151.38,153.35,1547163
2020-02-10,152.49,153.86,152.31,153.86,1206488
2020-02-11,154.34,155.69,154.19,154.79,1224393
2020-02-12,156.00,156.92,154.84,155.21,956180
2020-02-13,154.76,155.55,154.13,155.32,1388011
2020-02-14,155.16,155.44,153.18,154.13,1832369
2020-02-18,153.49,154.13,150.00,151.39,2121901
2020-02-19,152.15,153.90,151.88,153.35,1317613
2020-02-20,152.75,154.94,152.27,154.48,1426397
2020-02-21,153.60,154.07,151.78,153.80,1547548
2020-02-24,149.31,150.22,148.08,148.81,2234698
2020-02-25,148.90,149.34,141.01,141.34,2827986
2020-02-26,142.55,143.08,138.68,138.71,2734837
2020-02-27,136.01,136.81,130.53,130.62,3669168
2020-02-28,126.31,127.95,122.55,126.40,4900446
2020-03-02,126.82,132.76,124.65,132.64,2965206
2020-03-03,132.00,133.64,124.05,125.49,3545500
2020-03-04,127.16,129.61,124.61,129.40,2598630
2020-03-05,124.66,124.81,118.45,120.69,3561536
2020-03-06,115.38,118.49,112.12,114.23,3703980
2020-03-09,102.60,107.21,97.55,98.75,4702274
2020-03-10,104.05,108.98,100.30,108.04,4757122
2020-03-11,104.29,106.08,100.12,101.94,5605566
2020-03-12,93.48,104.00,90.89,94.72,5347720
2020-03-13,103.31,107.18,99.46,106.98,6420111
2020-03-16,91.18,103.29,89.26,89.97,5318354
2020-03-17,91.30,96.19,87.54,96.00,4487231
2020-03-18,88.78,91.19,81.03,87.53,5107585
2020-03-19,85.43,96.50,84.57,92.42,3370805
2020-03-20,94.08,95.37,86.60,89.49,3939893
2020-03-23,86.35,88.44,79.41,80.64,3848297
2020-03-24,86.55,90.99,84.66,90.18,5137316
2020-03-25,91.52,97.17,86.90,92.05,3793113
2020-03-26,92.58,103.73,92.05,102.92,3736695
2020-03-27,97.48,103.29,96.98,100.13,2535559
2020-03-30,99.27,101.68,97.82,100.97,2707409
2020-03-31,98.73,100.54,94.24,95.72,3563801
2020-04-01,90.00,90.76,86.52,87.35,4024819
2020-04-02,87.33,91.97,85.86,90.73,3063549
2020-04-03,89.39,91.12,84.02,85.19,3118565
2020-04-06,90.17,96.15,89.56,95.31,3169721
2020-04-07,101.35,103.33,94.43,94.92,2962491
2020-04-08,95.87,100.35,94.62,99.50,2900385
2020-04-09,101.57,106.77,101.00,105.42,4331530
2020-04-13,105.14,105.27,100.42,100.96,2802304
2020-04-14,103.22,104.15,97.70,99.47,3377049
2020-04-15,94.55,96.60,91.10,92.43,3934217
2020-04-16,92.83,93.33,89.13,90.54,3104173
2020-04-17,94.28,101.86,94.12,101.50,4058169
2020-04-20,98.37,103.99,97.29,102.55,4165203
2020-04-21,98.17,99.93,96.96,99.00,4106994
2020-04-22,101.41,101.84,98.35,98.90,2577943
2020-04-23,99.19,102.20,99.19,99.43,2034925
2020-04-24,99.97,101.78,98.46,100.73,2122806
2020-04-27,102.17,106.08,101.13,105.49,1953504
2020-04-28,109.97,110.68,105.33,105.99,2400069
2020-04-29,110.65,112.90,108.63,110.99,2332312
2020-04-30,107.67,108.47,105.17,106.67,2111323
2020-05-01,103.41,105.96,101.73,102.97,2351004
2020-05-04,100.00,101.93,98.68,101.61,2176026
2020-05-05,103.57,104.17,99.59,99.77,1275383
2020-05-06,101.00,101.35,98.19,98.50,2457869
2020-05-07,99.96,104.40,99.96,101.29,1703858
2020-05-08,104.17,105.48,103.11,105.03,1330885
2020-05-11,103.00,103.00,100.70,102.12,2527933
2020-05-12,102.29,103.15,98.45,100.00,9921638
2020-05-13,99.50,99.66,94.83,96.79,6206138
2020-05-14,94.48,99.00,93.27,97.84,5234199
2020-05-15,96.98,98.91,95.89,97.25,2649636
2020-05-18,101.00,104.83,100.11,104.06,3579694
2020-05-19,103.45,104.50,101.00,101.13,3237965
2020-05-20,102.99,105.43,102.71,104.40,2671990
2020-05-21,102.97,105.47,102.67,103.19,2463208
2020-05-22,103.54,104.86,102.59,104.61,3242318
2020-05-26,109.40,111.65,108.93,109.56,4167374
2020-05-27,118.00,118.00,112.30,116.60,4416476
2020-05-28,117.60,117.65,114.31,115.80,2999039
2020-05-29,113.54,116.14,113.27,114.04,3666929
2020-06-01,114.79,116.00,113.61,114.67,1837595
2020-06-02,116.21,116.50,113.43,114.86,3016896
2020-06-03,119.16,121.48,118.38,119.71,4601191
2020-06-04,119.58,123.26,118.07,122.72,3553443
2020-06-05,130.99,132.58,126.03,128.03,4804739
2020-06-08,130.65,132.37,129.76,131.13,4019751
2020-06-09,126.19,127.76,124.63,126.19,3455941
2020-06-10,125.07,125.69,118.60,118.93,3630754
2020-06-11,112.17,114.23,107.29,107.51,4163120
2020-06-12,113.01,113.21,107.76,110.76,3731016
2020-06-15,106.39,113.32,105.94,112.97,2606739
2020-06-16,117.61,117.71,112.36,114.94,2629539
2020-06-17,114.93,115.38,111.45,111.80,1811344
2020-06-18,110.84,113.52,109.98,110.73,2322658
2020-06-19,112.34,113.12,107.12,108.23,6735232
2020-06-22,107.43,109.98,106.14,108.56,2178385
2020-06-23,110.66,111.83,107.69,107.73,2060833
2020-06-24,106.49,106.49,102.27,103.38,3971096
2020-06-25,102.98,106.91,102.57,106.45,2238335
2020-06-26,104.15,104.62,100.11,100.93,4043286
2020-06-29,102.39,103.62,101.55,102.83,2907742
2020-06-30,101.99,106.04,101.85,105.21,3350965
2020-07-01,105.77,105.78,102.48,102.83,2120759
2020-07-02,105.35,106.29,101.81,102.15,3087168
2020-07-06,104.25,105.70,102.67,103.35,2327120
2020-07-07,102.23,102.62,99.21,99.71,2516090
2020-07-08,99.57,100.85,98.26,100.14,2911315
2020-07-09,99.47,99.99,97.09,98.85,3432030
2020-07-10,98.62,102.01,98.62,101.60,2925425
2020-07-13,102.50,104.26,101.52,102.68,3573374
2020-07-14,102.66,103.36,100.40,101.26,3445811
2020-07-15,103.87,105.33,101.70,104.07,3991027
2020-07-16,101.85,106.67,101.34,104.99,4029279
2020-07-17,104.29,105.13,102.99,103.02,2953448
2020-07-20,102.00,103.63,101.55,102.94,2400966
2020-07-21,103.69,108.28,103.69,107.70,3502463
2020-07-22,106.64,107.79,106.05,106.63,2529894
2020-07-23,106.01,108.28,105.85,107.34,2062464
2020-07-24,108.07,108.87,106.73,106.84,1991331
2020-07-27,105.75,105.75,103.84,104.92,1884332
2020-07-28,104.41,105.63,104.41,104.83,1335831
2020-07-29,104.32,109.30,104.05,108.95,2605115
2020-07-30,106.45,106.62,104.34,106.27,1737076
2020-07-31,105.71,106.78,104.06,106.67,2082383
2020-08-03,106.54,107.59,105.30,105.93,1913248
2020-08-04,106.14,106.14,104.83,105.29,1645437
2020-08-05,106.19,106.78,105.36,106.56,2293394
2020-08-06,105.79,107.38,105.65,107.03,1632845
2020-08-07,105.83,110.03,105.81,109.70,2798178
2020-08-10,110.15,111.61,109.38,109.66,2066986
2020-08-11,112.74,115.29,111.93,112.47,2910879
2020-08-12,114.73,114.85,110.40,112.00,2005578
2020-08-13,110.46,111.79,109.83,111.01,1271012
2020-08-14,109.80,112.49,109.50,111.75,1831323
2020-08-17,110.40,111.05,109.54,110.33,2513583
2020-08-18,109.94,110.33,106.81,107.08,2431407
2020-08-19,106.87,108.75,106.17,106.39,1989178
2020-08-20,105.08,106.43,104.41,106.08,2003970
2020-08-21,105.80,106.99,105.50,106.45,2208336
2020-08-24,106.89,109.88,106.50,109.80,1704683
2020-08-25,111.45,112.00,109.57,110.77,2044232
2020-08-26,110.51,111.32,109.52,110.31,2058248
2020-08-27,110.04,113.48,109.55,112.50,1857218
2020-08-28,113.20,113.20,111.41,112.35,1311909
2020-08-31,112.04,112.26,111.10,111.20,2158632
2020-09-01,109.81,112.39,109.54,111.60,1705794
2020-09-02,111.00,113.00,110.62,112.40,1625089
2020-09-03,113.76,116.67,110.94,111.67,1869810
2020-09-04,113.97,115.56,111.34,113.10,1466775
2020-09-08,111.61,112.11,108.84,110.30,2045332
2020-09-09,111.28,111.28,109.77,109.91,1074888
2020-09-10,110.61,111.59,108.19,108.22,2031367
2020-09-11,109.08,111.26,108.35,110.75,1632018
2020-09-14,111.50,115.08,111.23,114.18,1504321
2020-09-15,113.70,114.43,110.70,111.29,1998406
2020-09-16,111.15,115.13,110.74,113.64,2254118
2020-09-17,111.58,113.59,111.00,111.88,1767399
2020-09-18,110.99,112.40,110.67,111.76,2233292
2020-09-21,108.92,110.57,107.48,108.84,2097751
2020-09-22,108.18,108.84,104.17,105.36,2879617
2020-09-23,105.73,107.34,102.42,102.48,2012975
2020-09-24,103.43,105.39,101.58,103.45,1895767
2020-09-25,102.26,105.05,102.01,104.90,1381304
2020-09-28,106.82,109.15,106.55,108.13,1543044
2020-09-29,107.50,107.76,105.16,106.93,1625334
2020-09-30,107.55,110.28,107.36,109.91,2501492
2020-10-01,110.05,110.90,108.37,109.43,1596518
2020-10-02,108.09,113.00,107.79,112.16,2125278
2020-10-05,113.47,114.97,112.50,114.80,1852083
2020-10-06,115.99,117.16,112.59,113.17,1943256
2020-10-07,114.34,117.04,114.25,115.18,2387182
2020-10-08,115.80,117.03,115.10,116.54,2514133
2020-10-09,117.11,117.22,114.84,115.48,1963679
2020-10-12,115.51,116.83,115.22,116.28,1517432
2020-10-13,115.86,116.23,111.90,112.51,2314778
2020-10-14,112.18,114.39,109.54,109.83,2678057
2020-10-15,108.34,109.56,107.55,109.56,2504502
2020-10-16,109.58,111.51,108.89,111.48,1982618
2020-10-19,111.91,112.23,109.76,109.99,1949965
2020-10-20,110.98,113.84,110.98,112.06,1826005
2020-10-21,112.02,112.73,110.46,110.64,1281695
2020-10-22,110.87,115.39,110.62,115.32,1824957
2020-10-23,116.22,116.52,113.60,114.81,1435683
2020-10-26,113.36,113.40,110.08,111.63,1739901
2020-10-27,111.06,111.08,108.98,109.19,1793892
2020-10-28,107.71,110.07,107.64,108.72,3221725
2020-10-29,108.19,110.66,106.85,109.82,1813073
2020-10-30,109.46,112.01,108.58,111.88,2261486
2020-11-02,113.49,116.14,112.19,114.45,3411610
2020-11-03,117.29,120.08,116.86,119.39,3057524
2020-11-04,116.20,116.49,112.20,112.86,2136108
2020-11-05,113.13,117.60,113.10,117.17,2069346
2020-11-06,117.84,117.84,114.14,114.68,1682257
2020-11-09,125.56,129.56,125.05,127.98,3978731
2020-11-10,129.00,129.00,126.00,126.74,3765841
2020-11-11,127.40,127.40,123.02,125.44,3130670
2020-11-12,123.31,123.31,118.79,121.00,2269947
2020-11-13,122.00,123.78,121.50,122.78,1560944
2020-11-16,125.77,127.02,124.50,126.29,5430962
2020-11-17,124.92,127.07,123.27,126.89,3668146
2020-11-18,127.52,131.31,126.57,129.30,3782353
2020-11-19,128.06,130.36,126.25,130.30,2205654
2020-11-20,128.81,130.32,127.75,128.90,2247054
2020-11-23,132.22,134.16,130.66,133.65,2151646
2020-11-24,136.64,140.24,136.15,140.11,2936191
2020-11-25,139.10,141.82,137.48,140.65,3066744
2020-11-27,140.60,140.69,138.75,139.79,1178239
2020-11-30,138.28,139.54,137.77,138.07,4297660
2020-12-01,140.24,141.40,139.89,140.72,3129512
2020-12-02,139.90,141.69,139.64,141.38,1849423
2020-12-03,140.72,142.13,139.84,141.25,2609943
2020-12-04,142.80,143.50,141.43,142.53,1526333
2020-12-07,141.44,141.95,139.52,141.81,1634310
2020-12-08,140.06,142.43,139.80,141.43,1364850
2020-12-09,142.66,143.82,141.49,143.28,2054039
2020-12-10,142.50,144.15,141.66,143.99,1635923
2020-12-11,142.94,143.76,139.30,143.66,1541057
2020-12-14,145.37,145.42,141.03,141.79,2210876
2020-12-15,142.64,143.65,141.07,143.15,2206493
2020-12-16,143.85,145.48,142.88,145.25,1767705
2020-12-17,144.97,145.69,143.58,145.02,1565821
2020-12-18,144.98,145.49,143.23,144.91,4523560
2020-12-21,146.05,147.23,142.66,144.60,2646529
2020-12-22,144.91,145.18,142.50,143.73,2197352
2020-12-23,144.79,147.67,144.16,146.70,1317136
2020-12-24,146.43,146.69,144.67,146.15,518813
2020-12-28,147.02,148.38,145.85,146.54,1686823
2020-12-29,146.59,146.67,144.64,144.87,1015569
2020-12-30,145.47,147.34,145.08,146.89,1002621
2020-12-31,146.75,149.31,145.83,149.00,1353944
2021-01-04,149.68,149.76,146.05,149.15,2229508
2021-01-05,149.20,150.56,147.29,148.36,2907575
2021-01-06,152.31,158.25,152.15,156.51,3066996
2021-01-07,159.11,162.74,158.95,159.00,2520754
2021-01-08,158.48,159.22,156.10,158.19,1842260
2021-01-11,157.20,159.96,155.46,159.38,1978697
2021-01-12,161.00,162.65,159.58,161.73,2025349
2021-01-13,160.06,161.50,158.28,159.10,1986860
2021-01-14,160.11,162.07,159.54,161.50,2036931
2021-01-15,157.18,158.74,154.37,154.78,3289196
2021-01-19,155.76,156.52,154.21,156.00,2560881
2021-01-20,156.00,156.43,154.66,156.26,1635918
2021-01-21,156.29,156.29,152.99,153.69,2285974
2021-01-22,151.47,153.06,151.33,152.57,1835419
2021-01-25,150.36,151.10,146.87,150.47,2043883
2021-01-26,151.37,151.69,147.82,148.06,1775485
2021-01-27,145.83,145.83,141.60,144.44,2958692
2021-01-28,146.76,148.78,145.48,147.79,1515868
2021-01-29,147.67,147.77,142.97,143.52,2686765
2021-02-01,144.74,146.30,143.69,145.86,1482144
2021-02-02,147.83,152.90,147.56,150.40,1778132
2021-02-03,149.95,152.50,149.90,152.20,1784208
2021-02-04,153.39,156.76,153.33,156.68,1569607
2021-02-05,158.02,158.50,155.88,156.94,1260306
2021-02-08,156.81,158.83,156.69,158.79,1310660
2021-02-09,157.98,158.66,156.62,158.14,1555700
2021-02-10,159.43,160.98,157.91,160.11,1628341
2021-02-11,159.82,161.30,157.71,159.31,1387505
2021-02-12,159.59,162.50,159.33,162.27,1230833
2021-02-16,163.52,171.00,162.75,169.91,2947673
2021-02-17,169.36,170.12,166.68,167.55,2278792
2021-02-18,166.21,167.45,164.46,166.91,1270213
2021-02-19,167.32,171.22,167.07,170.41,1380597
2021-02-22,169.98,172.01,169.60,170.52,1850582
2021-02-23,173.52,174.01,170.16,173.22,2449459
2021-02-24,173.67,179.36,173.67,178.48,2008284
2021-02-25,180.30,180.85,173.20,173.26,1793169
2021-02-26,172.13,172.62,168.28,168.36,2749400
2021-03-01,171.37,174.48,169.71,173.07,2143882
2021-03-02,173.22,177.81,171.84,173.09,1806863
2021-03-03,174.54,176.87,173.00,173.35,2099178
2021-03-04,173.14,174.87,169.08,172.58,2060853
2021-03-05,175.40,176.90,169.64,176.46,2086529
2021-03-08,177.74,181.35,177.08,178.82,2029322
2021-03-09,175.26,176.98,172.04,173.63,2345763
2021-03-10,173.54,178.38,173.15,177.78,1549343
2021-03-11,176.37,178.32,175.04,176.93,1298731
2021-03-12,179.95,181.53,178.93,181.41,1964880
2021-03-15,180.79,181.06,176.60,178.53,1851092
2021-03-16,176.60,176.90,173.74,176.58,1632368
2021-03-17,179.25,180.96,176.62,178.43,1460312
2021-03-18,180.87,184.33,178.99,179.86,1995341
2021-03-19,176.61,178.06,174.17,175.79,6435647
2021-03-22,172.71,173.56,169.59,171.22,1971618
2021-03-23,169.69,172.30,168.44,169.40,1341936
2021-03-24,171.36,173.14,170.24,170.25,1476013
2021-03-25,170.64,177.23,169.61,177.00,1999785
2021-03-26,179.23,180.31,177.09,179.68,2130157
2021-03-29,176.82,177.66,173.20,174.49,1935275
2021-03-30,176.00,179.06,175.78,177.62,1556562
2021-03-31,177.49,177.84,174.64,175.41,1970135
2021-04-01,174.45,177.49,174.38,177.41,1501824
2021-04-05,179.53,180.36,177.84,178.76,1867096
2021-04-06,177.66,178.83,175.96,177.40,1833750
2021-04-07,178.30,179.65,176.61,178.25,1951375
2021-04-08,177.33,178.52,174.50,178.11,1195617
2021-04-09,179.76,180.36,178.30,180.21,1302260
2021-04-12,180.63,181.40,179.77,180.81,1326127
2021-04-13,179.71,179.80,177.11,177.62,1427747
2021-04-14,177.01,180.74,176.71,179.34,1936333
2021-04-15,178.38,178.54,172.12,174.79,3215452
2021-04-16,177.51,180.25,176.62,178.86,2503424
2021-04-19,179.35,180.78,176.94,177.72,1515019
2021-04-20,175.62,176.19,170.96,171.73,2267985
2021-04-21,171.03,175.24,170.14,175.13,1590376
2021-04-22,175.03,175.60,173.09,173.84,2151438
2021-04-23,174.31,179.14,173.53,178.04,2031277
2021-04-26,179.27,181.74,179.00,180.24,1620614
2021-04-27,179.50,183.83,179.50,183.58,1831513
2021-04-28,184.02,186.13,183.95,185.26,1612683
2021-04-29,187.49,189.43,187.09,189.17,1322947
2021-04-30,187.94,189.12,186.75,186.95,1347126
2021-05-03,188.67,189.26,186.72,188.12,1248743
2021-05-04,186.96,193.66,186.08,193.32,2734464
2021-05-05,193.66,196.50,191.44,194.61,1423207
2021-05-06,196.37,198.28,193.13,198.18,1642733
2021-05-07,194.27,199.19,193.94,198.91,1193991
2021-05-10,203.01,203.88,198.43,198.56,2007787
2021-05-11,197.78,200.47,193.22,194.04,2822325
2021-05-12,196.81,197.31,189.64,190.41,2321022
2021-05-13,189.80,197.51,189.71,196.01,1302395
2021-05-14,196.43,199.91,196.25,199.38,1070994
2021-05-17,198.24,199.94,197.41,199.03,1240459
2021-05-18,199.68,200.15,193.77,193.91,2022241
2021-05-19,191.97,193.00,188.68,192.89,2594298
2021-05-20,192.99,193.30,189.87,191.05,1325714
2021-05-21,192.58,194.30,191.31,193.48,1356489
2021-05-24,194.44,194.86,192.89,193.99,901291
2021-05-25,194.74,196.10,191.45,191.70,1741518
2021-05-26,193.24,194.00,190.45,191.90,1687633
2021-05-27,194.69,195.50,192.54,194.12,2515395
2021-05-28,194.32,195.20,192.11,194.68,857053
2021-06-01,197.77,197.82,194.61,195.82,1494363
2021-06-02,196.69,196.87,193.89,195.42,1102596
2021-06-03,195.20,198.38,194.04,195.88,1329470
2021-06-04,195.81,196.23,193.31,194.00,1403905
2021-06-07,194.77,194.77,192.70,193.11,907893
2021-06-08,191.30,194.30,189.55,194.10,1524109
2021-06-09,192.59,193.06,190.61,190.79,1309519
2021-06-10,193.48,193.60,188.67,188.75,1236117
2021-06-11,189.28,190.50,187.79,189.20,1317263
2021-06-14,188.92,189.07,185.89,187.11,1718582
2021-06-15,187.20,190.06,186.76,189.27,1594461
2021-06-16,188.36,191.54,186.13,190.11,1715556
2021-06-17,192.04,192.04,181.73,182.45,2544206
2021-06-18,180.64,180.64,177.69,178.33,3944199
2021-06-21,180.44,184.35,179.74,184.15,1386325
2021-06-22,183.63,185.14,181.67,183.91,1415321
2021-06-23,184.50,186.39,184.10,185.13,1017251
2021-06-24,186.50,189.67,185.04,189.18,1690892
2021-06-25,190.03,193.66,188.90,193.36,1814705
2021-06-28,192.41,192.41,189.91,191.60,1682006
2021-06-29,192.98,194.49,189.47,190.47,1689701
2021-06-30,189.58,191.41,189.56,190.76,1291410
2021-07-01,191.47,192.44,190.39,191.74,1045442
2021-07-02,193.47,193.55,191.06,192.79,1599243
2021-07-06,190.82,192.44,185.67,187.96,2147071
2021-07-07,186.00,188.42,185.54,186.58,1108865
2021-07-08,183.61,184.88,181.68,183.23,2886984
2021-07-09,186.75,190.02,185.97,189.67,1743984
2021-07-12,187.68,192.35,185.87,191.91,1778880
2021-07-13,190.67,191.26,187.98,189.28,1551494
2021-07-14,186.40,191.45,185.49,188.34,2564862
2021-07-15,186.46,191.78,185.76,189.50,2042938
2021-07-16,190.13,190.37,182.81,183.43,1445273
2021-07-19,179.20,180.94,176.43,177.80,1653320
2021-07-20,177.86,183.47,177.21,181.60,1722566
2021-07-21,183.67,186.25,183.54,184.87,1440729
2021-07-22,184.50,184.96,180.66,181.72,1931291
2021-07-23,183.10,185.19,181.98,183.02,1019493
2021-07-26,183.65,185.51,183.00,184.52,873806
2021-07-27,182.09,185.00,180.87,184.27,893169
2021-07-28,185.00,185.56,182.29,183.76,814541
2021-07-29,185.67,186.13,183.48,185.16,825276
2021-07-30,184.49,186.40,181.71,182.41,1020421
2021-08-02,183.53,186.70,181.31,181.78,1025864
2021-08-03,183.51,187.31,180.43,186.34,1552782
2021-08-04,184.04,187.21,183.50,185.02,1008620
2021-08-05,186.95,188.19,185.75,186.68,1082716
2021-08-06,189.35,192.03,188.97,190.27,1247958
2021-08-09,189.59,191.78,188.20,190.01,986946
2021-08-10,188.85,193.75,188.85,191.70,1618853
2021-08-11,192.50,193.95,190.26,193.90,3874435
2021-08-12,193.93,195.33,192.96,193.40,1580897
2021-08-13,193.82,194.35,189.84,190.38,1560909
2021-08-16,188.96,189.79,186.43,189.65,1484521
2021-08-17,188.21,189.62,184.94,187.75,1096453
2021-08-18,186.36,189.24,185.41,185.56,966993
2021-08-19,183.65,186.08,183.04,184.34,1412330
2021-08-20,184.14,186.51,183.58,185.82,1399966
2021-08-23,187.00,188.65,186.82,187.27,1148013
2021-08-24,187.14,189.19,187.11,188.48,1401484
2021-08-25,189.43,193.43,188.45,192.13,1637189
2021-08-26,193.12,193.90,190.63,191.00,1002003
2021-08-27,191.50,194.74,191.12,194.51,1337160
2021-08-30,195.00,195.00,190.10,190.61,1714833
2021-08-31,191.00,192.34,189.66,191.10,2229889
2021-09-01,191.75,191.75,188.18,189.48,1792470
2021-09-02,189.44,192.49,189.22,191.71,1719815
2021-09-03,191.77,192.85,190.63,191.52,1529201
2021-09-07,192.40,194.73,191.92,192.21,2196797
2021-09-08,191.53,192.24,190.42,191.72,1822620
2021-09-09,191.47,194.54,191.18,192.28,1577790
2021-09-10,193.85,193.85,191.33,191.66,1358328
2021-09-13,193.84,195.72,192.66,194.46,1295033
2021-09-14,195.02,196.06,186.02,188.35,3781979
2021-09-15,187.43,191.32,187.43,190.18,1613376
2021-09-16,191.61,192.86,189.14,189.90,985354
2021-09-17,189.90,191.37,188.31,188.92,2850365
2021-09-20,183.73,185.04,181.68,184.67,2406405
2021-09-21,185.60,186.83,183.95,183.97,1242657
2021-09-22,185.95,188.98,185.90,187.67,1309212
2021-09-23,189.44,195.00,189.44,193.61,1312156
2021-09-24,193.61,196.25,193.51,194.50,1195424
2021-09-27,197.63,200.46,197.25,200.20,1696895
2021-09-28,200.66,202.18,197.06,197.72,1973859
2021-09-29,198.53,199.05,196.90,197.44,1955411
2021-09-30,198.89,198.91,195.45,195.64,1455308
2021-10-01,194.53,199.96,193.94,198.31,1501441
2021-10-04,197.81,200.98,196.43,198.09,1334928
2021-10-05,199.47,202.16,198.16,200.49,1924948
2021-10-06,199.52,201.00,196.80,200.82,1428491
2021-10-07,202.78,203.63,201.18,201.80,1570601
2021-10-08,201.55,203.87,200.71,202.76,1021451
2021-10-11,203.69,204.93,200.93,201.05,1420108
2021-10-12,200.39,203.90,200.02,203.30,1864681
2021-10-13,202.64,202.89,198.25,201.76,1353812
2021-10-14,202.98,203.22,200.26,202.50,1875935
2021-10-15,195.62,202.20,195.38,199.13,3557643
2021-10-18,197.68,200.89,197.62,200.84,2134418
2021-10-19,201.90,206.87,201.26,206.83,1955402
2021-10-20,206.82,213.01,205.55,212.80,2352366
2021-10-21,212.72,213.50,210.59,212.73,1490390
2021-10-22,213.86,217.60,213.86,216.08,1890852
2021-10-25,216.92,217.00,215.51,216.56,2124065
2021-10-26,216.71,217.22,215.37,216.07,1281397
2021-10-27,215.04,216.49,212.77,212.91,1512568
2021-10-28,213.98,214.99,212.33,213.05,1440263
2021-10-29,213.96,214.50,210.41,211.03,1776654
2021-11-01,212.97,213.51,209.75,210.64,1247353
2021-11-02,209.89,210.55,208.90,210.10,1626975
2021-11-03,209.18,213.58,208.73,212.70,1439342
2021-11-04,211.86,211.86,206.00,207.71,1440798
2021-11-05,209.52,211.15,205.72,207.10,1157741
2021-11-08,208.23,209.15,206.63,208.17,943083
2021-11-09,206.13,207.97,205.21,207.04,1129467
2021-11-10,207.56,208.26,205.15,205.41,1513592
2021-11-11,205.55,206.82,205.03,205.60,1063634
2021-11-12,205.43,205.63,202.20,203.61,1490901
2021-11-15,204.59,205.22,203.23,204.82,1433723
2021-11-16,204.99,206.52,203.78,205.53,1209968
2021-11-17,205.09,205.39,201.44,202.46,1213832
2021-11-18,202.30,204.08,200.58,200.91,1283134
2021-11-19,198.90,199.79,195.78,199.36,1858149
2021-11-22,202.76,206.50,200.79,204.15,1747184
2021-11-23,205.88,209.22,205.00,209.09,1658088
2021-11-24,208.30,210.24,207.25,208.63,1433739
2021-11-26,201.40,201.87,196.88,200.10,1458995
2021-11-29,203.84,204.16,199.57,200.88,2668725
2021-11-30,198.71,200.26,196.06,197.00,3748221
2021-12-01,202.02,202.38,195.32,195.45,1653985
2021-12-02,197.75,203.31,197.01,201.85,1578159
2021-12-03,201.86,202.15,196.07,197.73,1642416
2021-12-06,199.75,202.75,198.03,199.96,1412340
2021-12-07,201.64,204.44,201.04,203.30,1339226
2021-12-08,203.50,204.37,200.49,202.09,1355851
2021-12-09,200.89,202.67,199.75,200.73,1231038
2021-12-10,203.97,204.84,199.60,201.56,1237720
2021-12-13,200.15,200.19,195.94,196.21,1901873
2021-12-14,196.85,201.26,196.66,198.81,1601025
2021-12-15,199.98,200.39,196.08,198.08,1397732
2021-12-16,201.06,204.89,199.91,201.79,1244357
2021-12-17,201.51,201.58,195.04,197.24,3516348
2021-12-20,194.37,194.39,189.26,192.55,2411696
2021-12-21,194.41,198.70,194.26,196.87,2352084
2021-12-22,196.60,197.84,195.79,197.12,922838
2021-12-23,198.81,200.77,197.87,197.93,707829
2021-12-27,198.81,201.32,197.90,201.07,978003
2021-12-28,200.30,202.68,200.19,201.17,669656
2021-12-29,201.74,202.42,200.41,201.24,684097
2021-12-30,201.89,203.17,200.83,201.00,689518
2021-12-31,200.43,201.90,200.34,200.52,925269
2022-01-03,204.60,208.52,203.01,208.22,2199485
2022-01-04,210.18,218.84,210.18,215.89,2491285
2022-01-05,216.74,218.36,212.23,212.39,2772128
2022-01-06,218.34,220.69,214.75,220.57,2970760
2022-01-07,220.52,224.52,220.07,223.73,2173573
2022-01-10,226.38,226.39,220.87,222.45,2420160
2022-01-11,223.44,224.53,220.56,223.84,2402995
2022-01-12,225.00,226.52,222.19,224.93,1464501
2022-01-13,225.70,228.14,225.70,226.45,1925556
2022-01-14,221.37,224.57,220.07,222.20,3764446
2022-01-18,223.02,224.08,215.53,216.88,3205391
2022-01-19,219.00,219.00,208.40,208.52,2336779
2022-01-20,208.00,211.72,206.39,206.90,2401267
2022-01-21,206.19,206.41,199.41,200.96,3015449
2022-01-24,196.55,204.86,194.47,204.11,3535634
2022-01-25,202.35,206.28,199.08,204.20,1697139
2022-01-26,206.82,208.92,202.75,206.01,1641009
2022-01-27,208.67,210.42,202.68,204.96,1875175
2022-01-28,204.11,208.41,202.72,208.22,1798392
2022-01-31,205.92,207.58,203.41,205.99,2235250
2022-02-01,205.83,209.98,204.44,209.74,2392655
2022-02-02,209.24,211.42,207.26,210.87,1568681
2022-02-03,211.76,212.57,207.75,208.01,1544289
2022-02-04,209.29,212.15,208.93,210.35,2020677
2022-02-07,211.16,211.93,209.51,209.70,2383236
2022-02-08,212.14,213.18,210.50,211.36,3086121
2022-02-09,212.23,212.68,209.98,210.76,2129495
2022-02-10,210.64,214.50,209.79,210.63,1894164
2022-02-11,209.02,212.75,206.16,207.36,2302083
2022-02-14,208.36,208.94,201.99,204.57,3427013
2022-02-15,207.02,208.22,205.62,207.19,3863899
2022-02-16,205.84,209.91,205.84,208.59,1569978
2022-02-17,206.46,206.99,201.12,201.30,1884536
2022-02-18,200.49,203.92,200.47,201.17,1636263
2022-02-22,201.94,205.74,200.57,203.08,2659450
2022-02-23,203.50,205.69,198.04,199.01,2035411
2022-02-24,192.00,196.09,189.64,195.61,2833151
2022-02-25,197.58,203.66,197.13,202.67,2031437
2022-02-28,196.53,199.58,196.29,199.25,2555921
2022-03-01,197.59,198.40,186.56,187.19,3781475
2022-03-02,190.00,195.11,189.46,193.70,2303806
2022-03-03,193.50,195.32,190.61,191.59,2762394
2022-03-04,186.57,187.54,182.11,184.87,2823970
2022-03-07,183.68,184.61,178.67,178.70,3215812
2022-03-08,182.33,187.00,180.00,181.60,3016473
2022-03-09,188.60,190.15,185.85,186.75,1699769
2022-03-10,184.08,185.55,182.10,184.96,2314855
2022-03-11,186.13,188.26,181.89,182.15,2342912
2022-03-14,183.79,186.52,182.19,183.36,2421360
2022-03-15,185.37,186.27,182.48,185.24,2114832
2022-03-16,188.40,192.84,187.41,192.39,2057843
2022-03-17,189.25,193.09,187.32,193.07,2195404
2022-03-18,194.92,195.00,188.97,192.97,5385963
2022-03-21,194.93,195.43,190.73,193.01,1859592
2022-03-22,196.27,199.43,195.38,197.37,1958145
2022-03-23,194.89,197.20,192.61,192.67,1535795
2022-03-24,193.93,194.66,192.06,193.25,1585741
2022-03-25,193.65,197.40,193.26,196.47,1607803
2022-03-28,194.74,195.10,191.56,194.71,1789876
2022-03-29,197.90,198.98,193.39,194.06,1440715
2022-03-30,194.04,194.39,189.21,190.73,1980765
2022-03-31,190.16,191.78,184.34,184.45,3301368
2022-04-01,184.24,185.89,180.21,181.14,2485335
2022-04-04,180.23,184.66,177.53,182.81,2663697
2022-04-05,181.61,185.23,181.21,182.39,1710676
2022-04-06,180.83,182.47,180.15,180.96,1904030
2022-04-07,181.05,182.54,177.32,181.38,2303272
2022-04-08,183.20,185.16,181.94,184.70,2694747
2022-04-11,184.57,188.59,183.66,183.98,2588576
2022-04-12,182.25,184.03,178.56,179.75,1825822
2022-04-13,177.75,180.15,176.97,178.44,2422876
2022-04-14,178.87,180.72,174.26,175.00,3474968
2022-04-18,173.95,177.31,173.95,175.75,2962437
2022-04-19,176.81,178.62,175.98,178.05,3328185
2022-04-20,180.39,183.19,179.51,179.64,2149685
2022-04-21,180.95,183.11,176.91,177.58,2367598
2022-04-22,177.91,178.33,173.07,173.25,3203332
2022-04-25,171.84,172.77,168.03,172.50,3113718
2022-04-26,170.14,172.54,168.96,169.46,2489511
2022-04-27,168.82,171.74,168.05,170.43,2405461
2022-04-28,171.80,171.95,168.33,171.08,2930451
2022-04-29,170.70,172.15,165.59,166.10,3452843
2022-05-02,168.40,169.10,164.10,167.54,2395010
2022-05-03,169.12,171.60,168.03,169.66,2250136
2022-05-04,169.52,174.28,168.52,173.72,2186489
2022-05-05,171.47,171.79,166.33,168.87,1881591
2022-05-06,168.46,168.83,164.59,166.62,2341990
2022-05-09,164.57,165.62,162.70,163.67,2050575
2022-05-10,164.71,166.22,159.62,161.84,2005616
2022-05-11,162.54,166.55,159.65,159.83,1756153
2022-05-12,158.88,160.52,156.20,159.30,2030613
2022-05-13,161.05,161.45,156.75,157.44,2162096
2022-05-16,157.08,157.75,153.12,155.27,2598488
2022-05-17,158.18,161.22,157.67,160.43,1846307
2022-05-18,159.11,159.53,155.35,155.93,1905163
2022-05-19,154.14,156.10,152.69,154.75,2049830
2022-05-20,155.57,157.16,152.35,155.98,2014476
2022-05-23,158.82,163.62,158.51,162.17,2047517
2022-05-24,161.70,163.82,158.71,163.26,2218632
2022-05-25,162.86,169.16,162.83,167.63,2814361
2022-05-26,168.90,174.35,168.47,172.95,2648790
2022-05-27,172.76,175.06,172.56,175.05,1651803
2022-05-31,172.53,176.47,172.18,175.41,2995528
2022-06-01,175.84,176.00,170.14,172.44,1325903
2022-06-02,172.41,175.56,170.96,175.51,1418036
2022-06-03,173.58,175.25,172.81,173.30,1267324
2022-06-06,174.99,176.33,172.82,173.08,924790
2022-06-07,170.82,173.34,170.72,173.20,1221244
2022-06-08,171.71,171.71,168.89,169.90,1112766
2022-06-09,169.15,169.49,162.94,163.00,2103237
2022-06-10,158.87,161.70,157.41,158.33,2252315
2022-06-13,154.39,158.68,154.06,155.53,2955324
2022-06-14,156.13,159.41,154.28,155.66,1932645
2022-06-15,156.68,159.02,154.56,156.51,1918205
2022-06-16,153.74,153.93,150.67,151.48,3403839
2022-06-17,150.00,155.46,149.51,154.09,6732443
2022-06-21,157.62,158.70,155.47,156.49,2184587
2022-06-22,154.90,158.04,154.80,156.61,1868480
2022-06-23,155.63,156.47,153.16,155.80,2157538
2022-06-24,156.91,162.95,156.52,162.84,3039195
2022-06-27,164.00,164.45,160.46,161.45,1462763
2022-06-28,162.57,164.95,159.73,159.75,1577503
2022-06-29,160.25,160.25,157.07,157.37,1132782
2022-06-30,154.03,159.46,152.54,157.77,2296078
2022-07-01,157.27,161.51,155.20,161.30,2165169
2022-07-05,158.00,161.15,155.68,161.09,1936283
2022-07-06,160.09,161.48,158.53,160.03,1692923
2022-07-07,161.09,162.94,160.50,162.31,1561105
2022-07-08,162.98,163.68,160.54,161.38,1456679
2022-07-11,160.95,161.58,158.89,160.22,1776981
2022-07-12,158.00,160.45,156.18,157.09,1681330
2022-07-13,155.14,155.89,151.42,154.31,3068741
2022-07-14,150.57,151.93,149.51,150.96,2120397
2022-07-15,148.00,154.15,146.39,153.42,4838786
2022-07-18,156.03,159.21,153.38,154.67,2219902
2022-07-19,156.85,160.81,156.33,160.19,2018572
2022-07-20,158.99,160.61,157.88,160.15,1683082
2022-07-21,159.39,161.74,158.97,161.61,1547486
2022-07-22,161.86,163.78,160.90,161.76,1457258
2022-07-25,163.32,165.58,162.24,164.70,1294186
2022-07-26,163.44,166.18,161.65,161.72,1574147
2022-07-27,162.37,164.47,161.52,163.00,2153100
2022-07-28,162.77,163.85,160.57,162.90,1732375
2022-07-29,163.50,166.57,163.25,165.94,2122171
2022-08-01,163.88,166.29,162.49,166.06,1159022
2022-08-02,165.53,165.72,163.24,163.31,1597444
2022-08-03,164.69,166.30,163.41,165.35,1151934
2022-08-04,164.87,165.82,163.41,164.08,1473425
2022-08-05,164.22,168.08,163.66,167.04,1556221
2022-08-08,168.29,168.84,165.87,166.04,927275
2022-08-09,166.06,167.00,165.26,165.92,918926
2022-08-10,168.24,170.92,167.51,169.46,2324251
2022-08-11,171.29,172.60,170.58,171.94,1563094
2022-08-12,173.03,174.64,171.77,174.63,1188043
2022-08-15,172.97,174.44,172.35,173.93,910175
2022-08-16,173.15,176.34,173.15,175.04,948343
2022-08-17,172.79,174.32,172.43,173.34,936386
2022-08-18,173.89,173.91,172.30,173.50,691874
2022-08-19,172.02,172.72,169.95,170.79,1240786
2022-08-22,168.89,168.89,166.06,166.46,1269002
2022-08-23,166.73,167.94,166.33,166.49,840420
2022-08-24,165.88,167.67,165.32,167.40,1383104
2022-08-25,167.68,170.00,167.16,168.90,1619735
2022-08-26,169.45,169.84,162.03,162.19,1641972
2022-08-29,161.26,161.74,159.16,160.12,1572110
2022-08-30,160.94,160.94,158.44,159.30,1586755
2022-08-31,160.10,160.41,157.96,158.00,3090559
2022-09-01,157.57,158.56,155.75,158.45,1704510
2022-09-02,160.48,162.00,156.66,157.25,1432997
2022-09-06,158.42,158.42,154.15,156.37,1857762
2022-09-07,155.13,160.18,154.95,159.61,1921960
2022-09-08,158.87,163.02,157.97,162.85,1657899
2022-09-09,163.66,165.19,163.01,164.34,1984838
2022-09-12,165.45,167.24,165.12,166.28,2138745
2022-09-13,162.82,163.81,160.04,160.85,1945842
2022-09-14,161.73,162.91,159.33,162.41,1929853
2022-09-15,163.13,166.89,162.69,165.05,1730987
2022-09-16,163.27,164.17,161.32,163.83,2569126
2022-09-19,161.73,165.67,161.07,165.31,1159410
2022-09-20,164.05,164.81,162.43,163.83,1330395
2022-09-21,163.80,164.50,158.42,158.45,1645173
2022-09-22,159.49,159.49,154.44,154.67,1642138
2022-09-23,152.71,153.61,149.90,151.92,1630371
2022-09-26,150.81,152.29,148.34,148.74,1837216
2022-09-27,150.39,151.00,147.10,148.03,2082977
2022-09-28,148.16,152.46,148.15,151.59,1762864
2022-09-29,149.68,151.61,148.61,150.73,1633665
2022-09-30,150.75,153.69,149.22,149.42,2140660
2022-10-03,151.80,155.00,149.07,153.80,2236422
2022-10-04,156.16,160.74,156.11,160.64,2099940
2022-10-05,158.00,159.98,157.52,159.23,1130821
2022-10-06,158.09,159.00,155.35,155.71,1756882
2022-10-07,154.52,154.76,150.74,151.34,1688110
2022-10-10,152.44,153.43,149.95,150.85,1244278
2022-10-11,149.89,150.78,147.19,147.68,1777149
2022-10-12,147.00,148.28,145.78,146.12,1723570
2022-10-13,143.86,154.07,143.52,152.97,3553043
2022-10-14,150.00,154.89,148.81,149.70,4734958
2022-10-17,153.34,156.47,152.18,155.85,2818060
2022-10-18,159.71,159.85,154.65,156.16,2485077
2022-10-19,154.79,156.81,150.96,151.70,1673077
2022-10-20,150.53,152.97,147.07,147.98,1952115
2022-10-21,147.49,156.67,146.89,156.37,2624563
2022-10-24,157.25,161.21,156.53,160.44,2154831
2022-10-25,159.17,164.16,159.03,163.22,2061471
2022-10-26,163.88,164.84,161.62,161.72,1985947
2022-10-27,163.53,164.94,160.79,161.00,1753673
2022-10-28,161.92,163.30,160.53,162.87,2204512
2022-10-31,162.22,163.25,161.45,161.83,2192249
2022-11-01,162.92,163.40,160.81,161.81,1495328
2022-11-02,161.14,163.38,158.62,158.73,2300843
2022-11-03,157.00,157.59,152.94,153.31,2484942
2022-11-04,155.37,157.28,153.23,156.50,3575102
2022-11-07,158.26,159.18,155.71,156.70,2256321
2022-11-08,156.64,160.16,156.14,158.66,3290444
2022-11-09,157.11,157.68,154.11,155.55,2438178
2022-11-10,160.35,164.47,159.68,163.85,2781814
2022-11-11,164.94,167.50,164.16,165.76,2755091
2022-11-14,165.55,165.90,163.22,163.29,2741583
2022-11-15,165.43,167.63,161.48,164.14,2210396
2022-11-16,164.17,164.59,161.52,161.65,1951203
2022-11-17,159.09,159.85,157.39,158.80,2030999
2022-11-18,161.34,161.72,159.85,161.16,1853136
2022-11-21,161.00,163.34,160.22,162.66,1420773
2022-11-22,164.13,165.50,163.81,164.98,1547810
2022-11-23,164.75,166.89,164.50,166.50,1278166
2022-11-25,167.96,168.82,167.04,167.65,597492
2022-11-28,166.04,166.77,162.29,162.61,1525786
2022-11-29,162.93,164.87,162.26,164.37,975481
2022-11-30,163.78,168.54,159.78,168.26,3296824
2022-12-01,169.55,170.28,164.38,164.80,1854151
2022-12-02,162.72,164.60,162.24,164.23,1569945
2022-12-05,162.77,162.83,152.58,153.11,3811344
2022-12-06,152.99,153.79,149.69,151.86,2563111
2022-12-07,151.10,156.33,150.52,155.10,2628257
2022-12-08,155.85,157.01,153.61,154.34,1927215
2022-12-09,153.62,155.86,153.07,154.08,1760973
2022-12-12,154.59,156.75,152.13,156.70,2349403
2022-12-13,160.73,161.08,153.03,154.03,2621029
2022-12-14,153.37,154.67,149.20,149.62,3205773
2022-12-15,147.50,150.41,147.07,150.18,3043401
2022-12-16,148.86,150.89,148.05,150.39,7000011
2022-12-19,150.27,152.54,148.94,150.16,2070659
2022-12-20,150.48,153.69,150.35,151.68,2144730
2022-12-21,153.65,155.49,153.25,153.90,1541628
2022-12-22,153.17,154.54,151.09,154.29,1522145
2022-12-23,154.23,156.14,154.18,155.02,1027556
2022-12-27,155.36,156.64,154.33,155.96,732960
2022-12-28,156.32,157.03,155.34,155.86,974570
2022-12-29,156.25,158.05,155.61,157.83,994277
2022-12-30,157.24,158.57,156.22,157.94,1035061
2023-01-03,159.65,161.60,157.67,159.52,1650580
2023-01-04,161.60,166.10,160.65,163.73,2107655
2023-01-05,160.96,161.64,157.31,159.37,2174084
2023-01-06,162.50,164.78,158.91,164.21,2250143
2023-01-09,164.95,166.86,163.09,164.28,2473784
2023-01-10,163.49,165.05,162.46,164.94,2139881
2023-01-11,165.12,166.69,165.04,165.84,3197947
2023-01-12,167.00,169.07,166.64,168.82,2169671
2023-01-13,164.75,165.26,161.36,164.00,4379375
2023-01-17,163.13,163.55,161.16,161.85,3608198
2023-01-18,152.49,155.21,149.59,152.07,6677796
2023-01-19,150.50,150.88,147.10,148.02,5764331
2023-01-20,148.44,155.11,147.31,154.87,4166545
2023-01-23,155.22,160.99,154.55,159.34,2433426
2023-01-24,159.73,159.73,157.49,158.42,1631647
2023-01-25,157.22,160.72,156.63,160.18,2227526
2023-01-26,161.02,161.99,159.31,161.93,1397195
2023-01-27,161.99,165.09,161.95,163.17,2046880
2023-01-30,162.19,163.45,162.05,162.86,1947122
2023-01-31,163.00,165.44,161.78,165.43,2295075
2023-02-01,163.85,166.57,162.17,164.79,1844392
2023-02-02,165.50,166.81,163.11,166.17,1930117
2023-02-03,164.70,167.12,164.10,165.39,1507727
2023-02-06,164.07,164.70,162.59,163.00,1567552
2023-02-07,162.45,164.00,160.33,162.94,3890919
2023-02-08,161.06,163.14,160.76,161.56,1929598
2023-02-09,162.35,162.70,158.28,158.88,1637440
2023-02-10,158.21,159.34,157.59,159.34,1863727
2023-02-13,159.03,161.33,158.29,160.98,1227806
2023-02-14,160.36,161.70,159.11,161.13,1122089
2023-02-15,159.49,161.78,159.08,160.00,1813249
2023-02-16,158.52,159.94,157.92,158.30,1781726
2023-02-17,158.00,158.74,156.92,158.59,1797073
2023-02-21,156.86,157.52,154.96,155.48,1843278
2023-02-22,155.24,156.67,154.81,156.30,2630674
2023-02-23,157.87,158.67,155.60,158.10,3004179
2023-02-24,156.51,158.74,155.27,158.49,1553375
2023-02-27,160.07,161.15,157.29,157.70,1488329
2023-02-28,158.56,158.88,157.41,157.92,2740887
2023-03-01,156.98,157.31,154.29,155.21,2504796
2023-03-02,153.85,154.30,148.54,150.24,3523767
2023-03-03,151.61,153.47,151.11,152.89,2465772
2023-03-06,153.88,155.34,152.63,152.68,2454240
2023-03-07,151.32,151.65,145.15,145.72,3520481
2023-03-08,145.17,146.32,144.22,145.13,2574898
2023-03-09,143.98,143.98,137.46,137.87,4319989
2023-03-10,134.21,141.64,132.30,137.16,6957836
2023-03-13,129.33,132.97,124.21,130.06,14700700
2023-03-14,137.50,138.70,126.94,130.53,8289469
2023-03-15,126.09,126.62,122.72,125.05,7609795
2023-03-16,124.50,131.60,120.95,130.12,7679424
2023-03-17,127.79,128.30,122.31,123.72,9095274
2023-03-20,126.11,130.45,124.92,127.35,5179783
2023-03-21,131.50,132.58,129.71,131.62,4103873
2023-03-22,130.58,131.08,124.39,124.40,4249905
2023-03-23,125.58,126.11,121.57,122.13,5851323
2023-03-24,120.00,124.17,119.27,124.15,4144759
2023-03-27,128.72,129.57,124.25,125.02,3467088
2023-03-28,124.48,126.97,124.00,126.86,2703892
2023-03-29,128.97,129.75,127.66,128.92,2575623
2023-03-30,131.09,131.19,126.73,127.03,3064236
2023-03-31,128.45,128.85,126.36,127.10,3600453
2023-04-03,126.91,127.90,124.65,125.00,4845275
2023-04-04,125.88,126.25,121.28,122.83,3480211
2023-04-05,120.81,123.19,120.33,121.43,3550021
2023-04-06,120.00,124.10,119.79,121.88,3507218
2023-04-10,121.22,122.90,120.86,122.20,3234752
2023-04-11,122.10,123.21,121.43,122.31,2726735
2023-04-12,123.05,123.28,119.45,119.70,4446256
2023-04-13,120.00,121.69,118.49,121.41,4856231
2023-04-14,121.50,122.29,117.51,121.85,12921140
2023-04-17,120.18,125.13,118.71,125.09,6292923
2023-04-18,125.09,125.60,122.10,124.76,4718775
2023-04-19,124.60,129.65,123.64,128.37,5967176
2023-04-20,126.60,126.93,124.26,125.60,3720503
2023-04-21,124.73,125.34,122.89,123.38,3537895
2023-04-24,124.00,124.65,122.64,124.27,2333630
2023-04-25,122.44,124.65,121.12,123.70,4996013
2023-04-26,123.45,129.59,123.41,127.85,6547406
2023-04-27,128.66,129.40,127.38,128.02,3124400
2023-04-28,126.71,132.34,126.39,130.25,3942922
2023-05-01,126.48,126.77,121.41,122.00,9064160
2023-05-02,123.25,123.25,117.78,119.14,8595075
2023-05-03,120.09,120.90,116.56,116.65,5764521
2023-05-04,113.38,115.61,111.84,113.64,6975881
2023-05-05,116.61,117.96,114.95,116.18,4790783
2023-05-08,118.00,118.38,115.54,116.99,2867240
2023-05-09,115.65,116.59,114.57,115.70,3063763
2023-05-10,117.28,117.65,113.78,113.97,3473289
2023-05-11,112.56,113.63,111.22,112.70,2511285
2023-05-12,113.70,113.70,110.31,111.58,2212350
2023-05-15,111.90,114.16,111.70,113.67,2256128
2023-05-16,113.73,114.36,111.40,111.59,2244207
2023-05-17,113.49,119.29,113.49,119.25,4488253
2023-05-18,118.77,120.47,117.45,120.15,3077077
2023-05-19,120.64,120.65,116.90,118.48,2680046
2023-05-22,119.44,120.45,117.81,120.42,2452430
2023-05-23,120.58,124.60,120.03,121.49,3221630
2023-05-24,120.16,120.83,119.29,120.25,2062630
2023-05-25,119.77,120.67,118.53,118.99,1776494
2023-05-26,119.31,119.36,117.86,118.78,1803673
2023-05-30,119.53,120.00,116.90,118.85,1787374
2023-05-31,118.00,118.37,114.17,115.83,3715008
2023-06-01,117.23,120.03,114.72,119.74,2964858
2023-06-02,121.68,124.19,120.76,123.58,3105656
2023-06-05,124.01,124.39,121.89,123.28,2829500
2023-06-06,122.95,127.88,122.50,126.38,2509704
2023-06-07,126.26,128.18,124.53,127.56,3204006
2023-06-08,126.98,129.42,126.06,128.86,2942418
2023-06-09,128.63,130.54,128.38,128.93,2365865
2023-06-12,128.51,130.34,125.70,127.41,2981227
2023-06-13,126.62,129.40,126.34,128.86,3344545
2023-06-14,129.50,130.34,126.11,126.52,2024745
2023-06-15,126.51,129.28,126.27,128.79,2076871
2023-06-16,129.38,129.38,127.37,128.47,3465163
2023-06-20,127.60,127.90,126.04,126.46,1809817
2023-06-21,126.35,126.80,125.27,126.66,2319272
2023-06-22,126.55,126.94,122.98,123.44,1688349
2023-06-23,122.26,123.44,121.76,123.03,2399166
2023-06-26,123.59,125.17,123.27,123.73,2031013
2023-06-27,123.43,124.80,122.57,124.01,1715701
2023-06-28,123.88,123.91,122.41,123.56,1501716
2023-06-29,124.74,126.50,124.50,125.68,2272146
2023-06-30,126.79,127.30,124.84,125.95,2257173
2023-07-03,126.45,128.33,126.11,127.53,1193710
2023-07-05,126.46,128.04,125.45,126.34,1854410
2023-07-06,124.83,124.83,121.63,123.88,2515600
2023-07-07,124.26,126.85,123.88,125.61,2194372
2023-07-10,124.82,126.81,124.76,125.36,1734389
2023-07-11,126.15,127.67,125.75,126.49,2265114
2023-07-12,128.45,130.45,126.97,127.23,2508174
2023-07-13,127.88,129.98,127.50,129.79,2563441
2023-07-14,130.00,130.32,125.63,125.79,2507339
2023-07-17,126.26,128.52,125.80,127.16,2649184
2023-07-18,125.01,132.32,124.40,130.35,4679402
2023-07-19,130.22,132.58,130.16,132.37,4648078
2023-07-20,132.26,134.13,131.14,133.99,3554516
2023-07-21,134.58,134.98,131.96,134.26,3582162
2023-07-24,133.87,136.94,133.43,135.60,2910119
2023-07-25,135.96,136.06,133.33,133.54,2509415
2023-07-26,135.11,137.03,133.32,136.01,2971445
2023-07-27,136.87,137.04,132.80,133.12,2462878
2023-07-28,134.56,136.08,133.02,135.50,1736407
2023-07-31,136.12,137.21,135.14,136.89,2478301
2023-08-01,136.21,136.70,134.22,135.43,2442810
2023-08-02,134.12,134.62,132.73,134.12,2003140
2023-08-03,133.82,134.13,132.43,133.02,2173264
2023-08-04,132.85,133.72,130.71,131.46,2858665
2023-08-07,132.24,132.87,131.46,132.40,1698665
2023-08-08,129.08,130.15,125.27,130.05,2825855
2023-08-09,128.83,130.00,127.29,127.35,1729690
2023-08-10,128.04,129.81,127.25,128.09,1657742
2023-08-11,127.35,129.95,127.19,129.94,1203442
2023-08-14,128.86,129.36,126.46,127.28,1371513
2023-08-15,125.44,125.74,123.20,123.60,2080960
2023-08-16,122.98,123.69,122.10,122.73,1612436
2023-08-17,123.15,124.60,122.70,123.50,1511412
2023-08-18,122.06,123.79,122.06,123.20,1346460
2023-08-21,123.67,123.97,121.52,122.93,1191713
2023-08-22,122.89,123.45,118.81,119.02,1498102
2023-08-23,118.97,119.70,118.12,119.41,1670198
2023-08-24,119.30,121.44,117.64,117.67,3178381
2023-08-25,118.25,119.10,117.10,117.74,1794644
2023-08-28,118.66,120.05,118.06,118.41,1221684
2023-08-29,118.72,121.20,118.43,120.59,1311837
2023-08-30,120.37,120.95,119.72,120.48,1219001
2023-08-31,121.03,122.42,119.99,120.73,1981363
2023-09-01,121.71,123.39,120.86,122.22,1235856
2023-09-05,121.73,123.22,120.41,120.49,1604854
2023-09-06,120.00,120.16,117.53,118.36,1841688
2023-09-07,117.00,118.59,115.72,115.77,2009419
2023-09-08,116.32,117.13,115.02,116.93,2097609
2023-09-11,118.09,119.42,117.64,118.02,1242027
2023-09-12,118.18,125.20,118.00,124.85,4910871
2023-09-13,126.00,126.64,122.85,123.61,2747782
2023-09-14,124.80,127.37,124.80,126.97,2396648
2023-09-15,126.02,127.44,125.69,126.35,3619483
2023-09-18,126.00,126.20,124.50,124.68,1431290
2023-09-19,125.11,125.48,123.20,124.19,1172276
2023-09-20,125.21,125.66,123.85,123.95,1689570
2023-09-21,123.09,124.64,122.12,122.17,1502065
2023-09-22,122.43,122.50,120.65,120.85,1369272
2023-09-25,120.37,122.68,120.01,122.62,1368597
2023-09-26,121.31,122.40,120.66,121.59,2059801
2023-09-27,121.88,122.11,120.11,121.81,2163652
2023-09-28,121.98,123.47,121.64,122.83,1694084
2023-09-29,123.96,124.81,122.45,122.77,1749634
2023-10-02,122.02,122.40,119.81,120.02,1993707
2023-10-03,120.63,122.00,119.37,119.78,2285651
2023-10-04,119.67,120.75,119.14,120.10,2347477
2023-10-05,119.33,120.99,119.11,120.38,2692823
2023-10-06,119.60,122.26,118.26,120.32,2079493
2023-10-09,119.41,121.32,118.68,120.86,2405143
2023-10-10,122.09,124.02,121.43,122.23,2192496
2023-10-11,123.07,124.25,122.04,122.74,1840369
2023-10-12,122.91,123.13,120.83,121.32,2497598
2023-10-13,120.65,121.09,116.25,118.14,5577065
2023-10-16,117.92,118.86,115.58,118.13,2197303
2023-10-17,117.76,121.44,117.60,119.13,2614268
2023-10-18,118.09,118.95,115.39,115.69,2537325
2023-10-19,115.10,118.97,115.02,115.66,2867884
2023-10-20,115.80,115.98,111.45,111.82,2865185
2023-10-23,111.41,113.16,109.45,109.71,3068954
2023-10-24,110.20,112.25,110.12,111.28,2669606
2023-10-25,110.58,111.60,109.40,111.29,2214821
2023-10-26,111.24,115.24,110.83,114.36,3305156
2023-10-27,113.65,113.81,110.80,111.24,1854789
2023-10-30,112.20,113.29,111.08,112.89,2306652
2023-10-31,113.37,114.52,112.36,114.47,2233503
2023-11-01,114.75,115.06,112.36,113.46,1675496
2023-11-02,114.51,119.92,114.51,119.85,2822412
2023-11-03,122.12,124.37,121.47,123.21,2824294
2023-11-06,123.22,123.69,120.67,121.55,1690190
2023-11-07,120.93,121.64,120.25,120.78,1801861
2023-11-08,120.77,120.77,118.92,120.26,1599822
2023-11-09,120.91,121.39,118.74,119.36,1920695
2023-11-10,120.51,121.04,118.56,120.43,1585710
2023-11-13,119.88,120.37,118.89,119.60,1046301
2023-11-14,122.75,127.07,122.75,126.66,2766900
2023-11-15,126.59,129.82,126.41,128.96,2700191
2023-11-16,128.90,129.66,128.19,129.34,1838212
2023-11-17,130.35,130.72,129.18,130.26,2129214
2023-11-20,129.74,130.81,128.05,130.34,1674745
2023-11-21,129.52,130.00,127.85,127.97,1248050
2023-11-22,128.54,128.75,127.08,127.95,1036259
2023-11-24,127.70,129.21,127.15,128.70,640824
2023-11-27,127.74,129.06,127.49,128.85,1415777
2023-11-28,128.60,129.73,127.83,129.59,1592911
2023-11-29,130.47,133.17,130.10,132.38,2492849
2023-11-30,132.62,134.70,132.11,133.96,3265216
2023-12-01,133.69,139.05,133.29,139.00,2580721
2023-12-04,137.13,141.05,136.40,140.79,2935124
2023-12-05,139.97,140.28,138.47,138.66,2147567
2023-12-06,139.99,142.06,139.00,139.36,2000435
2023-12-07,140.14,141.15,139.19,139.77,2249469
2023-12-08,139.94,141.54,139.20,140.67,2444452
2023-12-11,141.28,141.75,140.22,141.00,2254354
2023-12-12,140.93,141.75,140.14,140.85,1317623
2023-12-13,140.67,146.45,140.34,146.32,2455328
2023-12-14,149.65,154.13,148.05,153.31,4269968
2023-12-15,152.90,154.47,151.76,152.33,5912676
2023-12-18,152.81,152.81,149.97,151.41,2648752
2023-12-19,151.45,154.88,150.48,154.60,2373544
2023-12-20,153.80,155.38,149.58,149.67,2352997
2023-12-21,150.99,153.07,150.43,151.77,1683520
2023-12-22,151.79,153.49,151.56,152.47,1202080
2023-12-26,152.34,154.58,151.95,154.10,1066680
2023-12-27,153.50,155.05,152.62,155.00,1245436
2023-12-28,155.44,156.21,154.95,155.63,1153323
2023-12-29,155.27,156.11,154.52,154.85,1572627
2024-01-02,153.98,157.41,153.13,156.50,2473197
2024-01-03,154.80,155.45,151.40,151.66,2098627
2024-01-04,151.89,154.12,151.82,152.53,2785840
2024-01-05,153.17,157.14,152.30,156.23,2116278
2024-01-08,156.00,157.69,154.58,157.52,1522941
2024-01-09,156.22,156.22,154.01,154.51,1678466
2024-01-10,154.50,155.42,153.21,155.18,1515710
2024-01-11,154.53,154.54,149.88,152.54,2239787
2024-01-12,151.79,152.86,147.96,148.92,3013415
2024-01-16,147.72,149.88,143.83,149.02,4158964
2024-01-17,147.26,152.31,146.44,148.82,2878507
2024-01-18,148.95,149.38,145.06,146.29,2708276
2024-01-19,147.00,150.94,146.29,150.79,2222643
2024-01-22,151.09,152.63,149.31,149.43,2767574
2024-01-23,149.82,150.77,148.16,149.91,1843933
2024-01-24,150.90,151.56,150.03,150.23,1368740
2024-01-25,152.00,152.00,149.25,151.25,1368848
2024-01-26,151.07,152.28,150.58,151.60,999345
2024-01-29,151.00,153.51,150.84,153.48,1176476
2024-01-30,153.30,154.72,152.81,154.25,1236821
2024-01-31,151.77,155.40,150.89,151.21,2041207
2024-02-01,151.54,151.74,144.89,145.44,5011103
2024-02-02,143.98,148.90,142.40,148.13,4080557
2024-02-05,146.47,147.84,145.43,145.83,1665530
2024-02-06,145.80,150.05,145.64,149.29,3915046
2024-02-07,149.30,149.88,146.30,148.17,3150185
2024-02-08,147.17,148.18,145.84,147.93,1492596
2024-02-09,147.87,148.38,146.68,147.77,1157621
2024-02-12,147.77,150.16,147.34,149.14,1612711
2024-02-13,146.78,147.20,142.80,145.26,2121422
2024-02-14,146.63,147.88,145.97,147.87,1265543
2024-02-15,148.75,150.26,147.37,149.63,1992033
2024-02-16,148.42,149.91,147.69,148.85,1466190
2024-02-20,148.02,148.42,146.39,146.70,2044297
2024-02-21,145.57,146.71,139.69,146.57,2795335
2024-02-22,145.79,148.00,144.83,145.39,2457282
2024-02-23,145.26,147.83,144.71,146.12,1837940
2024-02-26,145.40,147.00,144.73,144.85,1416292
2024-02-27,145.47,146.76,144.87,145.95,1206959
2024-02-28,145.20,147.74,145.20,145.69,1178563
2024-02-29,147.95,148.75,145.93,147.20,2726050
2024-03-01,147.46,148.16,145.28,147.81,1750314
2024-03-04,150.99,156.38,150.34,153.74,5796844
2024-03-05,153.32,157.31,152.93,155.12,2748516
2024-03-06,148.81,152.66,147.09,150.38,7478855
2024-03-07,151.42,153.24,149.60,150.44,2112876
2024-03-08,151.60,151.75,150.19,150.33,1324508
2024-03-11,150.36,153.00,149.00,152.84,1882649
2024-03-12,153.00,153.69,150.32,150.98,1840340
2024-03-13,151.52,153.23,151.38,152.72,1893671
2024-03-14,151.79,154.48,147.28,148.49,2084552
2024-03-15,147.22,150.19,147.22,148.78,3969641
2024-03-18,149.36,150.00,146.98,149.60,1316503
2024-03-19,149.31,150.94,149.12,150.11,2053050
2024-03-20,149.69,154.54,149.06,153.81,1408333
2024-03-21,154.62,158.46,154.62,157.81,2656400
2024-03-22,158.20,158.80,155.50,155.51,1595527
2024-03-25,156.16,157.18,154.49,155.04,1136647
2024-03-26,155.14,156.37,154.74,155.03,1179228
2024-03-27,155.97,160.10,155.51,159.97,1712915
2024-03-28,159.98,162.24,159.88,161.60,1725504
2024-04-01,161.40,161.54,159.67,159.94,1396973
2024-04-02,159.00,159.37,157.46,157.54,1509187
2024-04-03,157.63,159.53,156.29,157.14,1388699
2024-04-04,158.92,159.29,156.12,156.88,1548155
2024-04-05,156.75,157.71,155.82,157.37,1874032
2024-04-08,158.19,161.47,157.57,160.96,1950044
2024-04-09,161.26,162.14,159.35,161.40,1306833
2024-04-10,158.90,158.90,154.13,155.03,1827236
2024-04-11,155.43,155.43,151.81,154.08,1361753
2024-04-12,150.17,152.00,149.69,150.63,1487412
2024-04-15,152.36,154.42,149.31,149.56,2160034
2024-04-16,147.18,148.00,143.52,146.54,3350292
2024-04-17,149.06,149.46,145.78,147.25,1897146
2024-04-18,147.36,149.12,146.89,147.89,1352896
2024-04-19,148.99,152.70,148.66,152.30,2370097
2024-04-22,152.76,156.07,152.24,155.93,2212315
2024-04-23,156.50,158.36,155.86,157.61,2137057
2024-04-24,156.17,158.33,155.80,158.06,1320921
2024-04-25,157.37,158.00,154.44,156.30,1220285
2024-04-26,156.07,157.67,155.36,156.11,979208
2024-04-29,156.13,157.15,155.48,155.78,1400872
2024-04-30,154.75,155.52,152.94,153.26,1632909
2024-05-01,153.24,156.72,152.90,153.98,1436631
2024-05-02,155.81,156.09,153.93,155.68,1172875
2024-05-03,157.36,158.25,156.12,156.22,1141551
2024-05-06,158.00,158.20,156.00,156.43,1189237
2024-05-07,157.04,157.37,155.59,156.15,1092292
2024-05-08,155.29,157.90,155.05,157.21,1254443
2024-05-09,155.90,157.76,155.36,157.12,1558822
2024-05-10,157.84,158.53,157.23,157.58,984955
2024-05-13,158.51,158.80,157.63,158.05,1359457
2024-05-14,159.00,159.81,158.21,159.40,1127862
2024-05-15,160.91,161.88,160.22,161.34,1313252
2024-05-16,161.32,161.49,160.04,160.89,1521944
2024-05-17,162.07,162.07,160.28,160.35,1075124
2024-05-20,160.32,160.63,156.91,157.14,1428101
2024-05-21,157.29,158.66,157.00,158.55,1167970
2024-05-22,157.61,158.55,155.77,156.50,1141369
2024-05-23,156.41,156.49,152.66,152.77,1704495
2024-05-24,153.29,154.31,152.53,154.26,1486425
2024-05-28,154.33,154.73,152.27,152.34,1224159
2024-05-29,150.11,152.30,149.13,151.16,1832958
2024-05-30,152.51,154.79,151.64,153.92,2865664
2024-05-31,154.30,157.62,153.66,157.39,2894495
2024-06-03,158.00,158.35,153.29,155.01,1450738
2024-06-04,153.33,155.38,153.04,154.16,2098871
2024-06-05,154.90,155.22,153.50,154.60,1219240
2024-06-06,154.56,155.79,154.20,154.97,1290781
2024-06-07,153.75,156.69,153.75,155.88,698758
2024-06-10,154.15,154.50,150.98,152.69,1783385
2024-06-11,151.40,151.40,148.08,150.25,2732300
2024-06-12,153.14,154.29,152.02,152.64,1669631
2024-06-13,152.33,152.66,150.37,151.75,918325
2024-06-14,150.07,151.46,149.05,151.09,887888
2024-06-17,150.67,152.87,150.02,152.78,974065
2024-06-18,152.59,154.88,152.00,154.48,1420216
2024-06-20,153.01,153.96,152.37,153.18,1300128
2024-06-21,153.19,153.36,151.13,153.20,2598345
2024-06-24,154.05,156.84,152.94,154.90,1445466
2024-06-25,154.22,155.44,151.84,151.90,1420482
2024-06-26,150.98,152.59,150.28,151.81,1842288
2024-06-27,151.13,152.39,150.60,151.93,1008781
2024-06-28,153.08,155.85,152.84,155.48,2706290
2024-07-01,155.94,157.72,155.46,156.14,1583461
2024-07-02,155.52,158.90,155.45,158.84,1326021
2024-07-03,159.12,159.12,157.57,157.79,914084
2024-07-05,158.10,158.31,155.90,156.51,975132
2024-07-08,158.87,159.94,157.56,158.77,1261470
2024-07-09,158.04,162.07,157.72,161.51,1879130
2024-07-10,161.25,164.46,161.19,164.30,2218936
2024-07-11,165.81,169.11,165.36,168.30,3299033
2024-07-12,167.50,169.68,167.17,168.56,2435860
2024-07-15,168.75,170.91,167.75,169.02,2719193
2024-07-16,168.75,177.83,168.75,176.98,5412704
2024-07-17,177.40,180.86,176.56,179.71,2562473
2024-07-18,178.46,180.97,174.98,176.07,2183854
2024-07-19,176.67,177.93,174.20,175.51,1601122
2024-07-22,175.19,177.23,173.01,177.15,1995217
2024-07-23,176.51,179.60,175.71,178.62,1401218
2024-07-24,179.49,180.65,176.46,177.40,2710404
2024-07-25,178.21,182.50,177.54,180.00,1843334
2024-07-26,180.48,182.42,180.05,181.21,1824138
2024-07-29,181.36,181.83,180.20,181.00,1782422
2024-07-30,182.00,182.84,180.80,181.98,1639885
2024-07-31,181.50,182.79,180.37,181.10,1863386
2024-08-01,181.33,181.86,175.28,175.99,2237926
2024-08-02,173.82,173.82,169.09,170.00,2917005
2024-08-05,166.14,166.81,162.15,165.82,3319115
2024-08-06,165.94,170.14,165.15,169.09,2114859
2024-08-07,171.70,172.73,166.63,166.75,1729130
2024-08-08,168.39,170.59,168.32,170.28,1497312
2024-08-09,170.11,170.52,169.40,169.92,710475
2024-08-12,170.63,171.94,166.80,167.02,1772269
2024-08-13,168.37,168.37,166.42,168.21,1567034
2024-08-14,168.31,169.20,167.00,168.37,1764379
2024-08-15,171.90,173.13,171.25,171.82,1838125
2024-08-16,171.80,174.00,171.80,173.00,1365469
2024-08-19,173.47,174.81,173.15,174.50,971523
2024-08-20,173.69,174.45,173.14,173.59,1323813
2024-08-21,174.10,174.35,172.19,173.37,1082923
2024-08-22,173.56,175.73,173.21,174.92,1531431
2024-08-23,176.15,180.19,175.75,178.10,1753016
2024-08-26,179.29,179.96,177.70,178.11,1009659
2024-08-27,178.02,179.27,177.35,179.15,1335678
2024-08-28,178.58,183.26,178.58,181.78,1577731
2024-08-29,182.71,184.56,180.12,183.04,1034043
2024-08-30,183.17,185.57,183.17,185.09,1978286
2024-09-03,184.19,185.84,183.45,184.50,1572343
2024-09-04,184.50,185.23,181.08,182.36,1621558
2024-09-05,183.80,184.27,179.72,180.95,1230953
2024-09-06,180.71,182.11,175.56,176.70,1679479
2024-09-09,178.48,183.37,177.57,182.61,2900717
2024-09-10,183.35,183.57,175.95,178.78,2628519
2024-09-11,176.97,177.50,172.89,177.12,1886290
2024-09-12,177.52,178.61,175.19,177.60,1939081
2024-09-13,178.10,180.00,176.23,177.24,1745198
2024-09-16,178.23,181.02,178.23,180.92,1187640
2024-09-17,181.52,182.88,180.73,181.49,2024652
2024-09-18,181.85,185.50,180.65,182.57,1458128
2024-09-19,185.09,187.78,183.82,187.20,2140267
2024-09-20,185.93,187.16,185.55,186.36,2651660
2024-09-23,186.60,187.77,184.85,185.09,1545477
2024-09-24,185.88,186.32,183.33,184.62,1404208
2024-09-25,184.47,184.47,181.39,181.77,1209774
2024-09-26,183.73,184.31,182.09,183.32,1445546
2024-09-27,183.74,184.72,182.34,183.07,925650
2024-09-30,182.75,185.32,181.67,184.85,1493442
2024-10-01,183.49,183.71,178.39,179.89,1664915
2024-10-02,179.55,182.07,178.75,179.40,1393969
2024-10-03,178.37,179.45,176.93,178.39,1706128
2024-10-04,181.35,182.90,179.94,182.26,1103791
2024-10-07,181.98,183.25,180.42,182.23,1427644
2024-10-08,183.14,183.40,180.44,180.86,1449473
2024-10-09,180.77,184.04,180.50,183.27,1085335
2024-10-10,182.68,184.43,182.23,183.37,1453912
2024-10-11,185.00,189.17,184.71,187.77,1386809
2024-10-14,187.26,189.69,186.12,188.52,2205755
2024-10-15,190.50,196.64,189.68,192.34,2972480
2024-10-16,192.76,193.85,189.62,189.93,2920392
2024-10-17,190.96,192.93,188.74,188.80,2842933
2024-10-18,190.57,191.49,188.01,189.38,1852617
2024-10-21,188.49,189.81,185.34,185.64,1681152
2024-10-22,185.80,186.81,183.86,186.28,1870925
2024-10-23,185.85,188.53,185.80,188.21,2014666
2024-10-24,188.93,189.69,186.96,188.94,1223001
2024-10-25,190.27,190.64,185.63,185.82,1319036
2024-10-28,187.50,190.12,186.27,189.83,1189180
2024-10-29,189.50,190.00,187.41,187.85,1005986
2024-10-30,187.26,191.87,186.77,190.22,1634894
2024-10-31,189.93,191.84,188.18,188.27,1802504
2024-11-01,189.50,191.37,187.00,187.15,1971479
2024-11-04,187.26,188.30,185.54,185.95,1429462
2024-11-05,186.21,188.86,185.70,188.80,1524103
2024-11-06,200.09,205.06,198.45,204.97,3940724
2024-11-07,202.88,203.84,200.88,203.21,3634289
2024-11-08,203.80,205.20,201.66,203.97,1888935
2024-11-11,206.28,210.43,206.28,209.71,2578705
2024-11-12,209.12,211.40,208.81,211.04,2207154
2024-11-13,212.11,214.19,208.69,209.30,1653217
2024-11-14,209.30,210.40,207.17,207.96,1482863
2024-11-15,208.12,210.04,206.40,207.68,2511633
2024-11-18,207.63,208.41,206.41,206.83,1652501
2024-11-19,204.50,206.90,204.36,204.86,1841920
2024-11-20,205.21,205.62,203.47,203.95,1606178
2024-11-21,203.95,207.91,203.95,205.75,3183070
2024-11-22,205.98,210.71,205.72,210.07,1675397
2024-11-25,211.97,214.64,211.75,212.47,2315146
2024-11-26,211.84,214.81,210.45,214.20,1897517
2024-11-27,214.20,216.18,214.04,215.00,1565734
2024-11-29,216.01,216.26,213.63,214.72,1112919
2024-12-02,215.69,216.13,211.20,211.36,1774180
2024-12-03,212.30,212.62,208.29,209.01,1447131
2024-12-04,209.13,209.97,206.64,207.92,1458359
2024-12-05,208.29,210.82,207.72,208.83,1727008
2024-12-06,209.24,209.85,207.13,208.63,1485962
2024-12-09,208.00,209.16,204.40,204.50,1598838
2024-12-10,205.88,206.37,203.31,204.44,2146196
2024-12-11,206.18,206.47,203.16,203.38,1697503
2024-12-12,204.29,205.15,202.14,202.31,1618748
2024-12-13,203.06,203.06,200.03,201.50,1590543
2024-12-16,201.90,201.90,199.35,200.53,2480042
2024-12-17,199.20,199.47,197.12,198.30,2400732
2024-12-18,198.94,200.36,191.29,191.96,3539022
2024-12-19,194.29,195.58,189.68,190.03,1886463
2024-12-20,189.29,193.42,189.00,192.76,3961459
2024-12-23,191.25,193.30,190.36,193.12,1493742
2024-12-24,193.55,194.25,191.94,194.08,724335
2024-12-26,193.48,194.90,192.18,194.77,746621
2024-12-27,193.62,195.53,192.21,193.28,886451
2024-12-30,191.80,193.32,190.11,192.53,1026878
2024-12-31,193.34,194.14,192.16,192.85,1011554
2025-01-02,192.81,194.40,189.58,191.39,1750516
2025-01-03,192.15,195.69,190.50,195.63,1358144
2025-01-06,197.70,199.23,194.46,195.59,2634138
2025-01-07,195.92,197.37,193.56,194.77,2727094
2025-01-08,194.66,195.41,191.25,194.68,1659710
2025-01-10,192.88,193.51,188.61,189.02,2253610
2025-01-13,189.32,192.71,189.30,192.43,1855673
2025-01-14,194.18,196.47,192.84,195.71,1733404
2025-01-15,199.39,200.62,197.75,200.44,3431199
2025-01-16,185.50,196.99,183.44,196.54,5065767
2025-01-17,198.00,202.20,196.79,198.54,4465719
2025-01-21,199.38,200.63,197.20,198.56,3111215
2025-01-22,197.47,197.78,195.37,196.30,2879941
2025-01-23,195.71,198.68,194.07,197.65,2716372
2025-01-24,196.17,201.39,196.17,199.53,2083088
2025-01-27,200.22,202.93,199.93,202.89,1842006
2025-01-28,202.65,203.58,199.26,201.72,1922384
2025-01-29,201.72,205.46,201.63,202.18,2096673
2025-01-30,204.22,204.74,200.38,202.07,1705356
2025-01-31,202.11,203.06,199.41,200.95,2739780
2025-02-03,197.19,198.76,194.30,197.64,1474583
2025-02-04,198.06,200.28,197.80,198.98,1536321
2025-02-05,200.18,200.57,197.49,198.89,2057758
2025-02-06,201.40,202.51,199.11,202.43,1593745
2025-02-07,202.61,202.75,199.94,200.72,1270968
2025-02-10,200.72,200.95,196.56,197.28,1453240
2025-02-11,196.91,199.51,195.82,199.22,1422253
2025-02-12,197.29,197.64,194.51,195.59,1774516
2025-02-13,195.72,196.43,194.12,195.43,1883567
2025-02-14,196.14,198.09,193.50,193.91,2362069
2025-02-18,194.00,196.86,193.14,196.52,2261702
2025-02-19,194.40,195.37,192.66,194.21,1615626
2025-02-20,194.38,195.03,190.53,191.89,1770591
2025-02-21,192.45,192.53,187.48,188.05,1991923
2025-02-24,188.82,189.20,186.20,186.96,2738804
2025-02-25,188.32,189.32,185.10,186.47,1720611
2025-02-26,187.11,188.88,186.41,187.02,1325028
2025-02-27,187.78,190.84,187.49,188.56,1337905
2025-02-28,190.18,192.23,188.68,191.92,2357990
2025-03-03,192.35,194.27,187.89,189.49,1338050
2025-03-04,187.05,187.91,178.81,180.45,2833310
2025-03-05,180.79,182.11,178.30,180.47,2320442
2025-03-06,178.27,179.96,176.48,178.98,2016600
2025-03-07,178.83,180.61,175.67,179.77,1853508
2025-03-10,176.00,177.99,172.26,174.61,2931701
2025-03-11,173.94,176.23,169.83,170.06,2453503
2025-03-12,172.08,173.08,169.10,171.01,2389148
2025-03-13,172.16,172.89,168.44,168.84,2054537
2025-03-14,171.15,173.15,170.06,172.99,2312339
2025-03-17,172.62,174.57,171.55,174.00,2572856
2025-03-18,174.28,174.70,171.71,173.35,4219805
2025-03-19,173.40,175.72,172.39,173.83,3026204
2025-03-20,172.31,175.18,172.00,173.41,2994467
2025-03-21,172.00,173.68,170.85,173.61,5500386
2025-03-24,175.02,177.05,174.77,176.54,2924441
2025-03-25,176.71,177.99,176.29,176.88,2035867
2025-03-26,177.77,179.68,176.19,176.92,1846980
2025-03-27,177.07,177.19,174.52,174.97,2324379
2025-03-28,174.78,176.05,170.85,171.88,1947380
2025-03-31,172.68,176.48,171.15,175.77,3596067
2025-04-01,174.16,176.15,172.47,174.64,2165810
2025-04-02,173.48,177.42,173.27,177.01,2117575
2025-04-03,168.50,170.50,160.82,161.29,3408474
2025-04-04,155.27,155.94,149.00,153.10,4147705
2025-04-07,150.63,158.32,146.90,152.81,5195266
2025-04-08,157.90,159.10,147.04,149.76,5210862
2025-04-09,146.83,162.20,145.12,160.23,5593866
2025-04-10,156.84,157.72,147.68,152.16,4240189
2025-04-11,150.63,153.96,148.21,151.99,3850446
2025-04-14,154.09,156.55,153.25,155.32,3488789
2025-04-15,152.51,159.58,152.51,155.39,3621140
2025-04-16,152.08,154.93,149.75,151.54,2875357
2025-04-17,152.31,153.82,151.67,152.33,3564384
2025-04-21,150.50,151.98,148.28,150.13,2860453
2025-04-22,151.61,154.72,151.10,154.45,2124178
2025-04-23,157.70,162.06,156.97,157.41,3145621
2025-04-24,157.14,160.10,156.15,159.75,1382360
2025-04-25,158.45,159.61,157.34,158.46,1125223
2025-04-28,158.88,160.75,158.12,159.65,1917491
2025-04-29,158.69,161.37,158.37,160.60,1642997
2025-04-30,157.89,161.08,156.70,160.69,2113661
2025-05-01,159.93,162.58,158.92,160.99,1996661
2025-05-02,163.16,165.90,163.11,165.54,1764795
2025-05-05,163.37,167.36,163.32,165.70,2761249
2025-05-06,164.29,165.64,163.45,163.53,1879962
2025-05-07,164.98,165.79,163.31,163.98,2094492
2025-05-08,165.32,168.24,165.32,166.73,1409886
2025-05-09,166.79,167.49,166.02,166.44,1671271
2025-05-12,173.39,176.24,172.69,175.00,3440004
2025-05-13,175.65,178.18,174.54,177.53,2515420
2025-05-14,177.04,178.50,176.32,177.85,1990231
2025-05-15,177.78,180.07,177.30,179.46,2728978
2025-05-16,179.14,180.34,178.66,179.42,2215928
2025-05-19,177.68,179.71,177.09,178.64,1530180
2025-05-20,177.92,178.62,176.88,177.48,1084359
2025-05-21,175.64,176.28,172.21,172.27,1759492
2025-05-22,171.92,174.04,171.49,172.99,1837088
2025-05-23,169.75,172.63,169.32,171.82,1641637
2025-05-27,174.13,176.26,172.71,176.24,1756120
2025-05-28,176.19,176.92,173.84,173.97,1591553
2025-05-29,175.09,175.20,173.56,175.10,1457533
2025-05-30,174.92,175.27,172.95,173.81,4161485
2025-06-02,173.15,174.23,170.49,173.94,2227601
2025-06-03,173.39,176.91,172.85,176.31,1976204
2025-06-04,176.27,177.65,174.84,174.86,1306191
2025-06-05,174.70,175.41,173.17,174.70,1552231
2025-06-06,177.63,178.80,176.00,178.63,1326804
2025-06-09,179.35,180.42,178.47,178.74,1227286
2025-06-10,178.49,180.68,178.33,179.41,1252693
2025-06-11,179.82,180.11,177.16,177.74,2552854
2025-06-12,177.27,178.38,175.13,177.74,1647524
2025-06-13,175.58,176.23,172.73,173.37,1727612
2025-06-16,175.21,176.56,174.12,175.14,1260175
2025-06-17,173.54,174.99,172.88,173.20,1422431
2025-06-18,173.15,176.85,172.89,175.27,1858900
2025-06-20,176.86,178.58,176.25,177.39,5431319
2025-06-23,176.61,180.90,176.16,180.75,1853190
2025-06-24,182.46,184.31,181.01,182.02,1683441
2025-06-25,181.53,182.64,180.45,182.51,2403291
2025-06-26,183.44,185.87,182.98,185.51,2843468
2025-06-27,185.51,187.42,184.85,185.75,2772368
2025-06-30,186.84,187.73,185.79,186.42,2306843
2025-07-01,186.04,193.22,186.01,192.52,3601902
2025-07-02,193.75,196.15,192.55,195.71,2769117
2025-07-03,195.53,197.34,194.96,196.57,1863484
2025-07-07,196.11,197.33,194.69,196.25,3796278
2025-07-08,197.36,198.59,196.25,198.00,4452129
2025-07-09,200.00,200.95,196.03,196.14,3730503
2025-07-10,196.60,199.02,195.99,197.95,3802789
2025-07-11,197.00,198.12,195.14,197.02,2642932
2025-07-14,197.60,198.07,195.98,197.39,2142083
2025-07-15,195.46,196.31,191.97,192.14,3458384
2025-07-16,196.89,197.07,191.51,193.93,3764062
2025-07-17,193.05,196.67,193.05,195.99,3097058
2025-07-18,196.34,196.79,193.94,196.52,2548396
2025-07-21,197.06,198.55,195.96,196.03,1825242
2025-07-22,195.89,199.00,195.58,196.78,2107062
2025-07-23,197.54,198.09,195.36,197.76,2058963
2025-07-24,197.77,198.68,196.15,196.15,2139323
2025-07-25,196.33,196.70,193.69,196.05,1817327
2025-07-28,196.03,196.50,193.06,193.97,1483996
2025-07-29,195.23,195.51,192.87,193.37,1236607
2025-07-30,195.02,195.26,191.42,192.55,1546152
2025-07-31,192.09,192.87,189.82,190.27,1669394
2025-08-01,187.45,187.97,183.84,185.88,2639409
2025-08-04,186.60,189.27,186.56,189.07,1588569
2025-08-05,189.73,190.50,186.66,188.99,1497506
2025-08-06,189.26,190.17,188.54,188.56,1335774
2025-08-07,190.11,190.12,186.48,187.12,1280661
2025-08-08,188.34,189.99,187.08,189.74,1020090
2025-08-11,190.10,190.48,187.86,188.53,1571719
2025-08-12,189.87,191.88,189.82,191.23,1679250
2025-08-13,192.00,193.68,190.75,193.40,1506096
2025-08-14,192.55,194.74,191.16,194.57,1086602
2025-08-15,195.85,195.85,191.12,191.27,1300420
2025-08-18,191.00,192.19,190.38,192.01,1349093
2025-08-19,191.88,194.07,191.56,192.99,1701235
2025-08-20,193.57,195.55,192.74,195.00,2008763
2025-08-21,194.29,195.16,193.07,194.00,1405535
2025-08-22,195.02,202.07,194.72,201.69,1835667
2025-08-25,201.30,201.47,200.16,200.70,1275034
2025-08-26,200.24,203.74,200.01,203.46,1730826
2025-08-27,203.04,206.61,202.10,206.04,1762703
2025-08-28,207.16,207.16,204.75,205.62,1924999
2025-08-29,205.60,208.34,205.60,207.44,2045639
2025-09-02,205.71,205.71,202.70,205.42,1647359
2025-09-03,204.40,205.74,202.93,205.00,1827833
2025-09-04,206.24,207.46,205.19,207.36,1203323
2025-09-05,207.76,208.80,203.74,204.40,1273036
2025-09-08,204.21,205.64,201.12,203.77,1772950
2025-09-09,203.77,204.95,198.84,200.41,1856221
2025-09-10,200.97,202.56,200.42,201.89,1290604
2025-09-11,201.61,203.53,201.15,202.75,1271076
2025-09-12,202.75,203.04,201.59,201.98,1015308
2025-09-15,202.25,205.13,201.89,202.46,1464319
2025-09-16,202.59,203.14,198.68,200.94,1187414
2025-09-17,201.46,205.84,201.10,203.77,1387626
2025-09-18,203.92,206.53,203.40,206.27,1125199
2025-09-19,206.71,206.71,204.00,205.52,3001359
2025-09-22,204.12,205.45,202.55,203.12,1216702
2025-09-23,204.00,206.79,203.11,203.92,1310711
2025-09-24,203.99,205.97,202.59,204.08,1782659
2025-09-25,203.12,204.22,202.15,202.74,1043034
2025-09-26,204.10,205.65,202.62,203.32,1008195
2025-09-29,203.92,204.04,200.20,201.85,1635910
2025-09-30,202.19,202.79,197.40,200.93,1516701
2025-10-01,199.62,200.38,197.90,198.44,1378280
2025-10-02,197.44,199.61,196.62,198.16,1122401
2025-10-03,198.93,200.52,197.46,198.46,1137861
2025-10-06,199.92,202.00,194.68,195.62,2208719
2025-10-07,196.16,198.93,192.66,193.81,1599375
2025-10-08,193.87,193.87,190.11,190.16,1630140
2025-10-09,191.16,192.25,188.63,190.67,1899880
2025-10-10,191.26,192.04,183.62,183.95,2209011
2025-10-13,186.45,187.72,184.71,186.92,1818117
2025-10-14,184.63,190.40,184.50,189.73,3264286
2025-10-15,183.84,186.90,179.21,182.34,6663169
2025-10-16,183.27,184.77,177.56,178.37,3568280
2025-10-17,179.95,180.54,176.88,179.40,3369753
2025-10-20,180.22,182.42,179.72,182.17,2506588
2025-10-21,182.31,183.32,181.25,181.91,3395594
2025-10-22,182.51,182.51,180.14,181.20,1922068
2025-10-23,182.08,182.99,180.69,181.95,2080094
2025-10-24,183.53,187.33,182.13,186.44,2243136
2025-10-27,186.78,186.85,183.22,184.86,2407020
2025-10-28,185.03,185.03,181.93,182.84,1798432
2025-10-29,181.32,183.59,180.03,181.02,2592955
2025-10-30,181.33,185.09,180.37,182.32,1959904
2025-10-31,181.01,183.21,180.40,182.55,1554566
2025-11-03,181.89,182.79,179.82,182.74,2035676
2025-11-04,181.63,184.78,180.66,182.95,1658832
2025-11-05,183.06,185.29,181.51,184.15,1800969
2025-11-06,183.22,185.00,182.18,182.92,1301510
2025-11-07,181.99,184.23,180.48,184.20,1390051
2025-11-10,184.27,186.03,183.00,185.09,1399501
2025-11-11,185.99,186.36,184.43,184.82,1139976
2025-11-12,185.24,188.08,184.95,186.91,1989836
2025-11-13,186.60,187.08,183.59,183.99,1098031
2025-11-14,183.84,184.85,181.72,183.99,1958020
2025-11-17,183.38,183.81,178.37,179.04,2313161
2025-11-18,178.48,181.73,177.08,180.08,1929049
2025-11-19,180.36,183.40,180.00,182.97,2181757
2025-11-20,184.60,187.22,182.91,183.54,2710318
2025-11-21,184.05,189.34,183.90,186.99,2391029
2025-11-24,186.64,189.45,185.47,188.52,3428945
2025-11-25,190.00,193.83,188.50,192.59,1889640
2025-11-26,192.34,194.09,191.82,191.88,1516858
2025-11-28,191.73,192.60,190.66,190.72,887337
2025-12-01,190.38,193.85,190.00,192.40,1393801
2025-12-02,192.49,193.45,191.37,192.05,1306038
2025-12-03,192.62,198.16,192.00,198.00,1843487
2025-12-04,198.00,199.56,197.77,198.27,1939348
2025-12-05,197.34,199.06,196.44,197.86,1367360
2025-12-08,198.13,199.64,196.32,197.65,2245176
2025-12-09,197.96,203.45,197.18,202.15,2475887
2025-12-10,202.69,207.96,202.22,206.97,2329749
2025-12-11,207.82,212.02,207.12,211.49,2140865
2025-12-12,213.03,213.03,209.96,210.59,1820300
2025-12-15,211.99,213.00,210.89,210.89,1968619
2025-12-16,212.27,212.27,209.81,209.98,1723078
2025-12-17,210.56,212.62,209.48,210.30,1724342
2025-12-18,210.73,213.00,208.69,209.50,2119216
2025-12-19,210.01,211.94,209.36,210.20,4273613
2025-12-22,210.20,213.28,209.37,212.90,1359920
2025-12-23,212.90,213.98,211.61,211.95,1121932
2025-12-24,211.96,214.59,211.32,213.48,712795
2025-12-26,213.23,214.21,212.58,213.89,887285
2025-12-29,213.97,214.01,211.87,211.97,1274660
2025-12-30,212.03,212.27,210.85,211.06,884192
2025-12-31,211.00,211.38,208.38,208.73,1315149
2026-01-02,208.73,212.59,208.36,211.46,2074220
2026-01-05,211.75,219.64,211.75,215.80,3402928
2026-01-06,216.01,219.74,214.36,218.04,2291369
2026-01-07,217.38,218.07,214.85,216.27,2130883
2026-01-08,215.51,220.54,215.25,218.64,3166654
2026-01-09,218.74,220.08,217.43,217.55,2873854
2026-01-12,215.25,217.00,214.22,215.74,2866549
2026-01-13,216.43,216.73,212.26,212.45,2133370
2026-01-14,211.10,213.09,209.53,212.32,3026807
2026-01-15,212.81,216.21,212.42,215.04,2576130
2026-01-16,225.00,227.00,219.69,223.18,4866135
2026-01-20,219.79,224.77,218.29,220.96,5582926
2026-01-21,222.09,227.78,221.59,225.49,4066526
2026-01-22,225.62,227.29,221.52,222.00,5372665
2026-01-23,221.44,221.99,217.50,219.39,3233561
2026-01-26,219.59,221.67,219.22,220.75,2473596
2026-01-27,220.53,224.07,220.53,223.70,2219149
2026-01-28,223.30,224.21,219.40,221.39,2479833
2026-01-29,222.97,224.63,220.85,224.46,2495701
2026-01-30,222.94,225.00,221.68,223.30,2107109
2026-02-02,223.70,227.88,222.41,227.63,2268223
2026-02-03,229.28,234.30,228.15,233.82,3721258
2026-02-04,235.00,240.37,235.00,237.25,3816887
2026-02-05,236.34,239.27,235.22,238.51,3860310
2026-02-06,240.81,243.94,239.54,242.48,2441046
2026-02-09,241.75,243.65,240.71,240.95,2272881
2026-02-10,240.13,242.21,236.73,240.33,2342538
2026-02-11,240.33,242.57,234.83,235.48,2456809
2026-02-12,236.79,237.91,227.30,229.68,2507344
2026-02-13,228.18,231.74,226.37,229.32,2546786
2026-02-17,229.32,233.33,229.32,231.24,2457328
2026-02-18,231.86,235.30,231.46,232.74,2362885
2026-02-19,230.95,232.66,227.88,230.30,1447314
2026-02-20,230.54,233.08,228.05,232.97,1857878
2026-02-23,232.17,233.55,219.31,220.77,2286996
2026-02-24,219.28,220.57,216.23,217.91,2579894
2026-02-25,219.49,222.50,219.09,221.95,2025000
2026-02-26,223.19,227.00,221.13,222.82,2653349
2026-02-27,219.96,220.50,210.35,212.35,3569427
2026-03-02,207.63,215.01,205.89,214.23,5080280
2026-03-03,209.12,216.13,208.48,213.05,2476548
2026-03-04,213.93,215.10,212.26,213.86,1768281
2026-03-05,211.43,213.79,210.53,212.37,2269192
2026-03-06,207.67,209.00,202.83,206.12,3379964
2026-03-09,203.05,206.07,198.04,205.34,3001383
2026-03-10,205.36,210.24,203.61,206.39,2707415
2026-03-11,205.58,206.76,203.32,205.64,1986932
2026-03-12,201.27,203.84,201.18,202.69,3025805
2026-03-13,204.37,205.91,200.52,201.13,2931015
2026-03-16,203.25,205.40,200.45,200.75,2859639
2026-03-17,203.85,205.91,202.80,203.92,2496302
2026-03-18,203.18,206.88,200.54,201.17,2993233
2026-03-19,199.92,203.21,197.56,202.05,2515738
2026-03-20,202.29,203.52,199.60,201.71,6082388
2026-03-23,207.41,208.00,203.22,203.93,2918336
2026-03-24,201.38,208.60,201.38,206.35,2443744
2026-03-25,208.08,209.27,203.64,205.95,1625147
2026-03-26,204.88,206.63,204.24,205.46,1948986
2026-03-27,204.41,206.78,201.81,202.39,2039656
2026-03-30,203.34,204.24,200.75,201.66,1927972
2026-03-31,204.91,208.40,203.07,208.09,2122523
2026-04-01,210.16,211.91,208.86,209.24,1899354
2026-04-02,207.15,211.85,205.23,211.70,2397999
2026-04-06,211.92,213.16,210.64,213.14,1711405
2026-04-07,212.00,215.11,211.56,213.92,3991249
2026-04-08,218.92,222.10,218.75,220.76,2651793
2026-04-09,218.66,224.12,217.96,223.23,1902574
2026-04-10,222.91,223.80,220.39,221.13,1798147
2026-04-13,219.61,223.34,218.00,223.00,2507468
2026-04-14,220.65,221.97,218.55,221.20,2725329
2026-04-15,222.89,225.47,218.40,222.06,2986297
2026-04-16,221.79,224.25,219.87,220.07,2108408
2026-04-17,221.52,226.35,221.37,224.81,2538341
2026-04-20,223.76,227.92,223.62,227.03,2151243
2026-04-21,227.02,230.25,226.69,228.05,3090617
2026-04-22,229.15,229.72,224.51,225.06,1936983
2026-04-23,225.66,227.28,222.92,225.09,1375845
2026-04-24,224.79,225.22,218.79,219.86,1741930
2026-04-27,219.57,222.77,219.56,221.33,1813642
2026-04-28,223.18,223.91,220.22,220.89,1685662
2026-04-29,220.48,222.33,217.79,218.71,1626684
2026-04-30,217.55,224.29,216.64,223.00,2318709
2026-05-01,223.23,223.67,220.70,220.71,1028947
2026-05-04,219.17,221.41,217.15,218.04,1286219
2026-05-05,218.52,223.00,217.97,221.63,1232406
2026-05-06,223.43,226.01,221.81,222.42,1326966
2026-05-07,220.94,223.05,218.48,219.29,1268578
2026-05-08,220.19,221.05,216.47,216.85,1619362
2026-05-11,217.31,219.06,213.77,214.59,2698297
2026-05-12,215.04,216.29,210.91,215.21,1529769
2026-05-13,214.14,215.09,209.70,209.86,1661147
2026-05-14,211.95,214.10,211.61,213.45,1572155
2026-05-15,213.32,213.74,210.86,212.84,2469819
2026-05-18,213.57,215.72,212.99,213.72,1452929
2026-05-19,213.13,215.34,211.35,213.27,1319160
2026-05-20,214.48,218.09,211.88,216.83,2087893
2026-05-21,215.69,218.68,214.55,218.37,1608821
2026-05-22,219.82,220.96,218.59,219.23,1204527
2026-05-26,219.99,222.25,219.25,220.81,1387505
2026-05-27,221.63,223.04,219.71,220.80,1368688
2026-05-28,219.94,221.52,218.19,219.78,1591279
2026-05-29,219.35,221.66,218.35,221.12,2930258
2026-06-01,217.80,219.94,215.78,216.07,1496055
2026-06-02,215.80,221.81,215.20,221.00,1948409
2026-06-03,219.66,220.60,217.50,218.27,1806161
2026-06-04,220.09,227.27,220.09,227.08,1796991
2026-06-05,227.72,230.44,225.70,228.37,1298317
2026-06-08,228.69,230.17,226.76,227.14,1683280
2026-06-09,229.00,232.93,226.77,232.18,2810780
2026-06-10,233.00,236.09,231.59,232.64,2744585
2026-06-11,234.00,235.93,232.33,233.94,2477203
2026-06-12,235.50,238.32,234.13,237.66,1859469
2026-06-15,238.77,239.84,229.74,230.56,3834734
2026-06-16,233.29,235.75,232.22,234.69,2970184
2026-06-17,234.69,237.66,231.66,233.13,2590121
2026-06-18,233.64,236.09,231.33,232.04,4931983
2026-06-22,233.75,235.46,232.21,234.71,2233498
2026-06-23,235.69,238.86,234.37,238.67,2586274
2026-06-24,238.88,240.37,238.00,239.92,2650861
2026-06-25,242.66,249.01,241.71,245.28,2751637
2026-06-26,246.03,246.03,243.08,244.99,2668867
2026-06-29,244.46,247.97,243.00,246.73,2366684
2026-06-30,246.05,247.47,244.69,246.22,1602818
2026-07-01,246.05,252.73,244.87,251.62,2220791
2026-07-02,253.45,254.00,247.34,249.49,1378764
2026-07-06,249.28,253.28,248.31,253.18,2249763
2026-07-07,255.16,256.00,253.84,254.01,1552822
2026-07-08,252.80,252.80,245.39,246.53,2143807
2026-07-09,247.51,251.06,246.76,250.91,2117023
2026-07-10,253.05,254.19,251.75,251.91,2892838
2026-07-13,253.67,253.67,249.92,252.85,2266154
2026-07-14,254.50,256.22,249.32,251.88,2585565
2026-07-15,251.60,255.56,248.09,254.15,3046925
2026-07-16,255.37,256.26,252.53,255.20,2381269
2026-07-17,254.15,256.49,250.04,252.86,2192224
2026-07-20,251.80,252.71,248.88,250.14,2531199
2026-07-21,249.33,251.25,247.43,250.38,1826927
2026-07-22,250.00,253.10,249.45,252.51,1780843
2026-07-23,249.62,249.62,246.75,249.26,1714406
2026-07-24,249.50,252.35,248.53,250.99,1148913
2026-07-27,251.70,253.50,248.21,249.64,1210753
2026-07-28,250.37,252.41,249.60,251.60,1480798
2026-07-29,250.43,252.21,247.02,248.49,2297706
2026-07-30,249.77,249.91,246.61,248.71,1408252
2026-07-31,249.75,250.94,248.17,249.87,1441451
2026-08-03,250.86,253.11,249.98,251.72,2000190
2026-08-04,250.71,256.18,250.69,254.14,1327840
2026-08-05,255.00,256.33,253.49,255.37,1362913
2026-08-06,257.30,258.13,252.00,252.76,1529864
2026-08-07,251.01,253.18,249.53,252.56,956182
2026-08-10,250.88,252.68,250.21,251.76,1629403
2026-08-11,251.90,254.34,251.28,254.23,1481498
2026-08-12,254.89,255.99,253.15,255.46,794281
2026-08-13,256.50,257.94,254.94,255.20,750673
2026-08-14,255.00,257.56,254.92,256.97,785289
2026-08-17,255.95,258.96,254.47,254.55,1073743
2026-08-18,255.88,257.99,253.27,254.28,1282316
2026-08-19,254.49,254.93,245.57,246.46,1286311
2026-08-20,245.76,247.86,241.30,241.62,2012485
2026-08-21,243.52,244.62,241.42,243.13,2331256
2026-08-24,243.86,247.08,242.13,243.68,1963087
2026-08-25,244.27,244.65,242.00,244.11,1641875
2026-08-26,244.73,246.43,243.04,244.67,1528093
2026-08-27,241.86,243.79,240.00,243.51,1892923
2026-08-28,244.52,246.64,241.92,242.22,1376317
2026-08-31,242.04,242.22,239.16,239.63,1586400
2026-09-01,240.02,241.91,236.78,237.49,1348617
2026-09-02,238.84,245.37,238.69,242.46,1383903
2026-09-03,244.09,246.64,242.74,245.18,1338074
2026-09-04,244.25,246.47,243.01,245.60,1088488
2026-09-08,245.07,245.85,242.90,242.91,1057693
2026-09-09,241.80,243.73,240.00,240.69,1254546
2026-09-10,240.68,243.02,239.72,242.98,1673012
2026-09-11,245.78,246.96,241.82,244.24,1068041
2026-09-14,244.09,245.32,241.48,242.72,1546988
2026-09-15,243.67,244.80,239.66,240.78,1717575
