date,open,high,low,close,volume
2016-09-15,60.64,61.94,60.64,61.84,1009468
2016-09-16,61.39,61.39,60.73,61.11,918986
2016-09-19,61.53,61.79,61.00,61.10,703398
2016-09-20,61.36,61.49,61.00,61.32,635905
2016-09-21,61.65,62.27,61.48,62.23,797568
2016-09-22,62.78,63.11,62.61,62.64,872954
2016-09-23,62.25,62.29,61.63,61.78,606785
2016-09-26,61.52,61.60,61.02,61.11,566879
2016-09-27,60.67,61.28,60.57,61.20,539949
2016-09-28,61.41,62.27,61.12,62.16,789332
2016-09-29,62.02,62.48,61.39,61.74,904857
2016-09-30,62.18,62.42,61.94,61.96,810944
2016-10-03,61.96,62.02,61.48,61.75,600325
2016-10-04,61.61,61.92,61.15,61.48,1186188
2016-10-05,61.63,62.11,61.63,61.93,798890
2016-10-06,61.77,62.22,61.75,62.16,658625
2016-10-07,61.86,62.07,61.82,61.98,718542
2016-10-10,61.86,62.07,61.82,61.98,388555
2016-10-11,62.04,62.24,61.55,61.95,644023
2016-10-12,61.97,62.17,61.63,61.94,569322
2016-10-13,61.89,62.70,61.57,62.62,1032755
2016-10-14,62.99,63.34,62.72,62.88,889915
2016-10-17,62.85,63.27,62.85,63.05,766958
2016-10-18,63.61,63.81,63.31,63.66,706315
2016-10-19,63.70,64.31,63.69,63.73,806940
2016-10-20,63.57,63.73,63.36,63.48,745077
2016-10-21,63.00,63.58,62.90,63.41,825759
2016-10-24,62.85,62.88,62.49,62.59,796043
2016-10-25,62.70,62.76,62.41,62.53,639538
2016-10-26,62.25,62.93,62.25,62.52,663728
2016-10-27,62.87,62.87,62.44,62.56,727770
2016-10-28,62.54,62.78,62.29,62.54,633687
2016-10-31,62.53,62.79,62.38,62.48,585179
2016-11-01,62.57,62.72,61.81,62.12,1083400
2016-11-02,61.83,62.06,61.59,61.67,637283
2016-11-03,61.86,62.04,61.57,61.81,769327
2016-11-04,61.48,61.54,60.92,61.20,894339
2016-11-07,61.88,62.30,61.72,62.13,626169
2016-11-08,62.06,62.84,62.00,62.76,687180
2016-11-09,61.84,63.31,61.62,63.06,1514855
2016-11-10,63.12,63.93,62.69,63.65,1135643
2016-11-11,63.29,63.67,62.92,63.47,936247
2016-11-14,63.54,64.04,63.20,63.89,940529
2016-11-15,63.99,64.11,63.73,63.99,831957
2016-11-16,63.53,64.23,63.53,64.01,896313
2016-11-17,64.12,64.56,63.94,64.34,937588
2016-11-18,64.24,64.68,64.20,64.55,639351
2016-11-21,65.16,66.46,65.05,66.37,1574435
2016-11-22,67.03,67.07,65.86,66.33,1060278
2016-11-23,66.09,66.69,65.88,66.59,1027101
2016-11-25,66.47,66.57,66.10,66.53,393195
2016-11-28,66.81,67.00,66.32,66.49,757195
2016-11-29,66.45,67.11,66.43,67.05,1736931
2016-11-30,66.50,66.55,64.82,64.82,2006901
2016-12-01,65.26,65.97,64.92,65.46,1296755
2016-12-02,65.75,66.18,65.58,66.07,921560
2016-12-05,66.48,66.69,66.20,66.28,939261
2016-12-06,66.60,66.62,66.18,66.28,822900
2016-12-07,66.31,66.76,66.03,66.75,1065124
2016-12-08,66.96,68.14,66.75,67.80,1090763
2016-12-09,67.86,68.74,67.86,68.53,1123122
2016-12-12,68.66,68.84,68.52,68.76,816326
2016-12-13,68.99,69.70,68.95,69.46,911689
2016-12-14,69.32,69.35,68.21,68.30,1241563
2016-12-15,67.93,68.75,67.89,68.56,910085
2016-12-16,68.58,68.82,68.35,68.63,1037848
2016-12-19,68.68,68.71,68.39,68.42,1136518
2016-12-20,68.76,68.99,68.51,68.81,747621
2016-12-21,68.75,68.83,68.37,68.61,448828
2016-12-22,68.09,68.27,67.85,68.21,609342
2016-12-23,67.92,67.97,67.68,67.77,423295
2016-12-27,67.97,67.98,67.85,67.90,267932
2016-12-28,67.69,67.95,67.46,67.71,471898
2016-12-29,67.78,68.05,67.33,67.68,618889
2016-12-30,68.16,68.29,67.60,67.71,717457
2017-01-03,67.92,68.42,67.85,68.14,853822
2017-01-04,68.52,69.90,68.52,69.77,1719837
2017-01-05,69.76,70.65,69.76,70.08,1183094
2017-01-06,70.14,70.34,69.86,70.07,918987
2017-01-09,69.83,70.09,69.45,69.94,712517
2017-01-10,70.10,70.46,70.06,70.31,870875
2017-01-11,70.28,71.33,70.10,71.29,1195366
2017-01-12,71.49,71.52,70.80,71.41,1082272
2017-01-13,71.50,72.24,71.41,71.96,1224602
2017-01-17,71.90,72.17,71.54,71.65,1004635
2017-01-18,71.46,71.64,70.25,70.36,1113955
2017-01-19,70.35,70.35,69.84,70.05,693823
2017-01-20,70.11,70.68,69.92,70.65,777605
2017-01-23,70.57,71.10,70.33,70.92,1185462
2017-01-24,70.42,71.13,70.10,71.00,1197375
2017-01-25,71.45,72.06,71.44,71.97,999527
2017-01-26,71.98,72.13,71.68,72.03,695480
2017-01-27,71.91,72.11,71.68,71.90,600782
2017-01-30,71.78,71.93,71.38,71.70,745564
2017-01-31,71.84,72.25,71.23,71.87,1041461
2017-02-01,71.89,72.06,71.37,71.77,779392
2017-02-02,71.86,72.14,71.77,72.03,976310
2017-02-03,72.26,72.95,72.06,72.62,813523
2017-02-06,72.22,72.75,71.96,72.42,754665
2017-02-07,71.92,72.56,71.92,72.37,663123
2017-02-08,72.23,72.61,71.84,72.53,843975
2017-02-09,72.78,73.58,72.69,73.20,983172
2017-02-10,73.62,74.25,73.57,73.98,999026
2017-02-13,74.16,74.65,74.16,74.28,798182
2017-02-14,74.37,74.81,74.07,74.58,755123
2017-02-15,74.60,75.47,74.34,75.32,1002913
2017-02-16,75.32,75.83,75.32,75.46,1252125
2017-02-17,75.19,75.63,75.11,75.63,912328
2017-02-21,75.88,76.01,75.19,75.36,1087289
2017-02-22,75.14,75.24,74.70,75.02,1218797
2017-02-23,75.40,75.67,74.79,74.88,1201577
2017-02-24,75.27,75.28,73.50,73.77,1894102
2017-02-27,74.07,74.35,73.69,74.17,1813235
2017-02-28,73.69,74.14,72.64,72.67,1301221
2017-03-01,73.41,73.61,72.72,73.12,1570207
2017-03-02,73.26,73.38,72.80,73.05,1128627
2017-03-03,72.97,73.58,72.82,73.48,846677
2017-03-06,73.16,74.00,72.85,73.89,771713
2017-03-07,73.64,74.04,73.51,73.58,1075725
2017-03-08,73.63,73.84,72.82,72.85,681803
2017-03-09,72.88,73.16,72.51,72.77,798745
2017-03-10,73.40,73.49,71.98,72.54,1427980
2017-03-13,72.42,72.89,72.30,72.52,1427427
2017-03-14,72.15,72.54,72.00,72.15,932841
2017-03-15,72.29,72.78,71.71,72.64,1397399
2017-03-16,72.34,73.52,72.32,72.94,945505
2017-03-17,72.89,73.20,72.53,72.59,913339
2017-03-20,72.34,72.68,71.81,72.10,859941
2017-03-21,72.47,73.20,71.30,71.45,2352605
2017-03-22,70.80,71.70,70.36,71.46,1222161
2017-03-23,71.50,72.77,71.48,72.41,1017015
2017-03-24,72.47,72.84,71.86,72.14,1036511
2017-03-27,71.54,72.71,71.39,72.39,1030290
2017-03-28,72.40,73.40,72.37,73.09,984362
2017-03-29,73.20,73.76,72.95,73.64,975495
2017-03-30,73.80,74.24,73.31,73.38,1277205
2017-03-31,73.50,73.55,72.88,72.91,882815
2017-04-03,72.64,72.74,71.47,72.32,1182796
2017-04-04,71.62,72.53,71.60,72.30,804978
2017-04-05,72.63,73.03,72.19,72.23,971991
2017-04-06,72.35,73.27,72.28,72.91,1109062
2017-04-07,73.05,73.18,72.40,72.59,803003
2017-04-10,72.71,73.06,72.53,72.91,878013
2017-04-11,72.80,72.87,72.07,72.61,799520
2017-04-12,72.64,72.74,72.08,72.40,923896
2017-04-13,72.43,72.52,70.93,70.99,1273362
2017-04-17,71.34,72.13,71.34,72.06,1302329
2017-04-18,71.76,71.76,70.82,71.33,1353345
2017-04-19,71.41,71.42,70.46,70.61,1090181
2017-04-20,70.77,71.22,70.52,71.09,1101847
2017-04-21,70.27,70.41,69.92,70.00,966264
2017-04-24,70.87,71.38,70.85,71.15,1215183
2017-04-25,71.00,71.78,70.93,71.51,1168321
2017-04-26,71.31,71.60,69.97,70.12,1651728
2017-04-27,70.05,70.10,68.19,68.71,2512833
2017-04-28,68.68,68.95,68.21,68.48,1228394
2017-05-01,68.64,68.84,68.15,68.20,991327
2017-05-02,68.08,68.38,67.43,67.54,1444647
2017-05-03,67.50,67.74,67.03,67.65,1095945
2017-05-04,67.72,68.12,67.25,67.43,1488767
2017-05-05,67.68,68.72,67.30,68.68,1081150
2017-05-08,68.65,68.94,68.46,68.73,697106
2017-05-09,68.75,68.79,67.66,67.72,1380819
2017-05-10,67.84,68.51,67.72,68.32,952251
2017-05-11,67.56,67.94,67.22,67.71,1100446
2017-05-12,67.63,67.72,66.85,67.45,930207
2017-05-15,67.82,68.87,67.82,68.58,1058181
2017-05-16,68.84,69.32,68.39,68.44,1098631
2017-05-17,67.78,67.83,66.84,67.19,1231492
2017-05-18,67.04,68.42,66.66,67.93,1740183
2017-05-19,68.24,68.85,68.22,68.81,809133
2017-05-22,68.98,69.14,68.79,68.87,408585
2017-05-23,69.32,69.70,69.14,69.25,950214
2017-05-24,69.10,69.34,68.58,69.26,1211851
2017-05-25,70.18,70.75,69.37,69.64,1564792
2017-05-26,69.93,69.98,69.35,69.79,743977
2017-05-30,69.74,70.16,69.26,69.49,1129859
2017-05-31,69.78,69.78,68.69,69.10,1386922
2017-06-01,69.43,69.69,68.96,69.38,992693
2017-06-02,69.35,69.64,69.05,69.52,890251
2017-06-05,69.26,69.62,68.89,69.42,766729
2017-06-06,69.10,69.31,68.86,69.05,934854
2017-06-07,69.09,69.52,68.56,68.95,910778
2017-06-08,69.06,69.65,68.89,69.59,796757
2017-06-09,69.70,71.10,69.68,70.80,1330172
2017-06-12,70.82,71.57,69.79,70.70,1001151
2017-06-13,71.46,71.46,70.81,70.94,1098953
2017-06-14,71.09,71.17,70.32,70.57,1529928
2017-06-15,70.06,70.71,69.73,70.60,1085749
2017-06-16,70.52,71.09,70.15,71.01,938968
2017-06-19,71.03,71.64,70.92,71.36,851272
2017-06-20,70.93,71.12,70.62,70.66,943572
2017-06-21,70.56,70.72,69.92,70.05,1073800
2017-06-22,70.41,71.43,70.35,71.07,1155330
2017-06-23,70.82,71.50,70.43,71.03,1248151
2017-06-26,71.41,71.89,70.66,70.96,1015126
2017-06-27,71.23,71.71,70.94,71.44,1419443
2017-06-28,71.99,73.19,71.90,72.97,1728039
2017-06-29,73.62,73.71,72.22,72.78,1778993
2017-06-30,73.10,73.19,72.03,72.52,1494193
2017-07-03,72.80,73.50,72.63,73.39,535228
2017-07-05,72.92,73.40,72.18,73.23,1425133
2017-07-06,73.11,73.79,73.08,73.32,1095955
2017-07-07,73.81,74.11,73.22,73.80,1042671
2017-07-10,73.80,74.02,73.33,73.62,863208
2017-07-11,73.54,73.59,73.06,73.50,910821
2017-07-12,73.57,74.95,73.54,74.55,1415443
2017-07-13,74.54,74.89,74.33,74.77,889221
2017-07-14,74.77,75.44,74.65,75.30,1223173
2017-07-17,75.30,75.43,74.87,75.01,842183
2017-07-18,75.26,75.46,74.66,75.00,769772
2017-07-19,75.40,75.76,75.23,75.38,921942
2017-07-20,75.51,75.86,75.42,75.64,896433
2017-07-21,75.61,75.68,75.07,75.57,860453
2017-07-24,74.97,75.12,74.62,74.94,885125
2017-07-25,75.29,75.59,74.86,75.10,925356
2017-07-26,75.22,75.33,74.64,74.89,940063
2017-07-27,75.01,75.11,73.83,74.23,1106858
2017-07-28,74.47,74.86,74.20,74.62,962053
2017-07-31,74.53,74.92,74.27,74.56,883077
2017-08-01,74.91,74.91,73.88,74.55,881270
2017-08-02,74.43,75.06,74.34,74.89,661014
2017-08-03,74.89,75.03,74.55,74.70,702323
2017-08-04,74.84,75.27,74.48,74.74,678334
2017-08-07,74.71,74.85,74.41,74.51,415131
2017-08-08,74.38,74.87,74.38,74.74,738262
2017-08-09,74.34,74.56,74.00,74.23,683975
2017-08-10,73.91,74.11,72.75,72.89,1434426
2017-08-11,73.06,73.41,72.61,72.89,754161
2017-08-14,73.40,74.08,73.39,73.50,616782
2017-08-15,73.64,73.64,72.94,73.22,1035620
2017-08-16,73.65,73.81,73.47,73.61,576402
2017-08-17,73.35,73.76,72.96,72.96,770200
2017-08-18,73.19,73.60,72.73,73.32,975789
2017-08-21,73.23,73.61,72.99,73.32,1014907
2017-08-22,73.52,73.59,73.06,73.24,999849
2017-08-23,73.32,74.50,73.09,74.22,1198482
2017-08-24,74.67,74.67,74.02,74.23,918235
2017-08-25,74.36,75.03,74.24,74.76,1168184
2017-08-28,74.96,74.96,74.30,74.45,1394409
2017-08-29,73.95,74.17,73.50,74.09,810416
2017-08-30,73.95,74.05,72.84,73.23,1193748
2017-08-31,73.77,74.52,73.45,74.06,1165602
2017-09-01,74.52,74.83,74.25,74.33,706431
2017-09-05,74.17,74.24,73.18,73.32,1054955
2017-09-06,73.50,74.74,73.10,74.29,1250156
2017-09-07,74.70,74.75,74.29,74.60,932475
2017-09-08,74.55,74.75,74.40,74.53,751980
2017-09-11,75.00,75.20,74.80,75.14,939347
2017-09-12,75.22,75.56,75.00,75.31,705007
2017-09-13,75.34,75.79,75.17,75.64,740726
2017-09-14,75.60,75.70,75.45,75.61,485668
2017-09-15,75.67,75.79,75.26,75.50,937786
2017-09-18,75.53,75.65,74.70,74.97,899649
2017-09-19,75.19,75.95,75.10,75.79,878404
2017-09-20,75.95,76.65,75.64,75.95,841406
2017-09-21,76.00,76.67,75.98,76.41,790184
2017-09-22,76.57,76.85,76.31,76.53,545409
2017-09-25,76.54,76.81,76.03,76.31,514214
2017-09-26,76.52,76.65,76.10,76.46,458940
2017-09-27,76.66,77.21,76.39,76.46,796841
2017-09-28,76.48,77.30,76.44,77.18,707945
2017-09-29,77.16,77.78,77.12,77.35,801509
2017-10-02,77.38,78.00,77.35,77.58,633098
2017-10-03,77.57,78.42,77.54,78.35,642089
2017-10-04,78.40,78.66,78.18,78.40,812517
2017-10-05,77.94,78.43,77.94,78.11,631569
2017-10-06,78.16,78.29,77.68,78.25,686989
2017-10-09,78.28,78.29,77.72,77.78,424542
2017-10-10,78.46,78.78,78.36,78.60,787161
2017-10-11,78.65,79.46,78.65,79.37,947554
2017-10-12,79.27,79.36,78.95,79.09,842245
2017-10-13,79.10,79.42,79.04,79.30,827634
2017-10-16,79.19,79.46,79.08,79.30,705416
2017-10-17,79.32,79.73,79.29,79.62,941302
2017-10-18,79.82,80.45,79.78,80.29,926654
2017-10-19,80.05,80.98,80.02,80.74,960433
2017-10-20,80.43,80.73,80.12,80.26,963268
2017-10-23,80.26,80.43,80.10,80.19,714848
2017-10-24,80.38,80.61,80.33,80.48,1394546
2017-10-25,79.78,79.86,78.09,78.34,1422942
2017-10-26,78.50,78.86,78.41,78.58,683710
2017-10-27,78.30,78.95,78.14,78.90,678090
2017-10-30,78.67,78.95,78.47,78.73,685643
2017-10-31,78.44,78.58,78.13,78.15,832548
2017-11-01,78.35,78.45,78.03,78.31,618738
2017-11-02,78.35,79.16,78.11,79.10,597997
2017-11-03,79.34,79.51,79.11,79.42,404089
2017-11-06,79.42,79.79,79.29,79.75,332679
2017-11-07,79.41,79.44,78.87,79.31,532972
2017-11-08,79.56,79.56,79.23,79.42,506783
2017-11-09,79.15,79.46,78.90,79.43,865696
2017-11-10,79.41,79.41,78.44,78.74,610203
2017-11-13,78.28,78.73,78.05,78.57,673898
2017-11-14,78.26,78.62,78.05,78.45,532034
2017-11-15,78.00,78.43,77.67,78.30,478409
2017-11-16,78.47,79.02,78.35,78.81,519867
2017-11-17,78.58,79.21,78.47,79.03,573121
2017-11-20,79.05,79.43,78.80,78.93,628162
2017-11-21,79.30,79.58,78.95,78.95,660309
2017-11-22,79.28,79.97,79.18,79.79,728565
2017-11-24,79.73,79.74,79.43,79.63,340878
2017-11-27,79.78,79.78,79.08,79.12,592422
2017-11-28,78.72,78.99,77.93,78.39,1316766
2017-11-29,78.58,78.97,78.26,78.90,1408537
2017-11-30,78.95,79.06,78.28,78.30,1453420
2017-12-01,79.02,79.87,79.02,79.81,1527532
2017-12-04,80.08,80.43,79.72,79.80,1045947
2017-12-05,79.87,80.12,79.35,79.46,1178762
2017-12-06,79.36,80.02,79.14,79.19,974406
2017-12-07,79.09,79.42,78.89,79.34,957310
2017-12-08,79.45,79.68,79.33,79.64,882424
2017-12-11,79.76,79.76,79.15,79.20,659515
2017-12-12,79.41,79.52,79.13,79.35,846446
2017-12-13,79.50,79.95,79.37,79.59,1170594
2017-12-14,79.67,79.80,79.20,79.55,803914
2017-12-15,79.66,80.04,79.07,79.17,902897
2017-12-18,79.61,80.04,79.23,79.57,568124
2017-12-19,79.75,80.16,79.69,79.75,620945
2017-12-20,80.14,80.15,79.55,79.84,492613
2017-12-21,80.19,80.96,80.10,80.73,835054
2017-12-22,80.44,80.59,80.19,80.53,471397
2017-12-26,80.47,80.58,80.27,80.39,198860
2017-12-27,80.73,81.00,80.67,80.84,620173
2017-12-28,81.05,81.66,81.05,81.65,657099
2017-12-29,81.81,81.81,81.42,81.65,463613
2018-01-02,81.81,82.33,81.58,82.33,555237
2018-01-03,82.27,83.11,82.27,82.84,713464
2018-01-04,83.19,84.12,82.94,83.92,1016622
2018-01-05,84.50,84.70,84.31,84.40,467253
2018-01-08,84.35,84.53,83.96,84.03,530914
2018-01-09,83.91,84.37,83.80,84.12,454833
2018-01-10,84.09,84.52,83.36,83.70,738411
2018-01-11,83.96,84.10,83.62,83.88,570047
2018-01-12,84.09,84.36,83.68,84.35,502343
2018-01-16,85.00,85.71,84.82,85.18,972744
2018-01-17,85.32,86.00,84.66,85.54,807615
2018-01-18,85.57,86.27,85.32,86.11,600106
2018-01-19,86.13,86.77,86.07,86.13,752456
2018-01-22,86.56,87.10,86.50,86.75,742523
2018-01-23,86.71,86.71,85.78,86.41,1157203
2018-01-24,86.09,86.19,85.47,85.97,956085
2018-01-25,86.13,86.20,85.29,85.45,905077
2018-01-26,85.33,86.09,85.28,85.84,650438
2018-01-29,85.46,85.58,85.16,85.25,704632
2018-01-30,84.82,86.04,84.77,85.56,960643
2018-01-31,85.75,86.06,85.42,85.67,822928
2018-02-01,85.30,85.39,84.62,85.26,818100
2018-02-02,84.50,84.89,83.33,83.35,933395
2018-02-05,82.16,82.71,80.36,80.71,1553628
2018-02-06,78.63,81.18,78.10,81.03,1431144
2018-02-07,81.20,81.20,80.31,80.40,1023696
2018-02-08,80.75,80.79,78.62,78.62,1219694
2018-02-09,78.95,78.99,77.44,78.62,1310006
2018-02-12,79.18,79.46,78.53,79.10,911213
2018-02-13,79.00,79.32,78.58,79.24,619338
2018-02-14,78.86,80.87,78.76,80.48,826193
2018-02-15,81.14,81.19,79.89,80.60,671689
2018-02-16,80.27,80.43,79.90,79.98,704266
2018-02-20,79.48,79.94,78.85,79.45,930799
2018-02-21,79.63,81.25,79.63,80.77,1156554
2018-02-22,81.05,81.28,80.25,80.50,1313891
2018-02-23,81.00,81.27,80.01,81.27,1108268
2018-02-26,81.44,81.44,80.74,80.88,776293
2018-02-27,80.66,80.84,79.95,80.49,856746
2018-02-28,80.71,80.71,78.87,78.89,896469
2018-03-01,78.87,79.12,77.61,78.40,982665
2018-03-02,77.53,78.06,77.29,77.52,877096
2018-03-05,76.85,77.89,76.55,77.72,831560
2018-03-06,78.24,78.51,77.93,78.21,771675
2018-03-07,77.45,78.22,77.28,78.01,729384
2018-03-08,78.30,78.73,78.03,78.72,774429
2018-03-09,79.56,79.65,78.64,79.39,784307
2018-03-12,79.39,79.84,79.04,79.33,487958
2018-03-13,79.46,79.57,78.37,78.46,642408
2018-03-14,79.07,79.24,78.34,78.41,757664
2018-03-15,78.56,78.69,78.08,78.30,555503
2018-03-16,78.28,78.67,78.04,78.09,756466
2018-03-19,78.15,78.22,77.47,78.08,637640
2018-03-20,78.08,78.60,78.08,78.42,715544
2018-03-21,78.86,79.65,78.79,79.26,705627
2018-03-22,78.74,78.93,77.48,77.83,1183539
2018-03-23,78.29,78.70,77.00,77.06,1024455
2018-03-26,77.92,78.11,77.01,77.65,742329
2018-03-27,77.83,77.92,76.29,76.66,1025565
2018-03-28,76.59,77.08,76.08,76.32,843111
2018-03-29,76.79,77.37,76.36,77.29,718652
2018-04-02,77.29,77.36,75.90,76.49,721983
2018-04-03,76.93,77.13,76.25,76.68,792114
2018-04-04,75.70,76.54,75.32,76.38,1180225
2018-04-05,76.84,77.21,76.43,77.12,764511
2018-04-06,76.70,77.06,75.84,76.27,751279
2018-04-09,76.53,77.53,76.28,77.16,749412
2018-04-10,78.15,78.27,77.69,77.79,672626
2018-04-11,77.57,77.71,77.06,77.11,604318
2018-04-12,77.16,77.31,76.53,76.88,529770
2018-04-13,77.25,77.29,76.10,76.19,640906
2018-04-16,76.70,76.72,76.28,76.67,538822
2018-04-17,77.01,77.18,76.61,76.73,735478
2018-04-18,76.80,77.28,76.59,76.88,686309
2018-04-19,77.15,77.16,76.19,76.32,682866
2018-04-20,76.20,76.59,76.15,76.29,611555
2018-04-23,76.29,76.45,76.02,76.32,775925
2018-04-24,75.87,75.94,75.14,75.27,919189
2018-04-25,74.98,75.50,74.75,75.21,557638
2018-04-26,75.42,75.68,75.20,75.47,719459
2018-04-27,75.70,76.57,75.61,76.49,769232
2018-04-30,76.51,76.89,76.04,76.05,469114
2018-05-01,75.95,76.09,75.30,75.99,470166
2018-05-02,75.93,76.39,75.77,75.86,493618
2018-05-03,75.87,76.18,75.14,75.92,819581
2018-05-04,75.45,76.45,75.45,76.13,573026
2018-05-07,76.17,76.72,76.10,76.62,460989
2018-05-08,76.41,76.47,75.88,76.35,474449
2018-05-09,76.93,77.41,76.51,77.33,585507
2018-05-10,77.88,78.57,77.80,78.40,663166
2018-05-11,78.44,78.61,78.24,78.49,523990
2018-05-14,78.57,79.12,78.57,78.83,489791
2018-05-15,78.26,78.74,77.98,78.59,528934
2018-05-16,78.63,79.19,78.63,79.16,378673
2018-05-17,78.93,79.15,78.73,78.93,373170
2018-05-18,78.50,78.54,77.67,78.03,460358
2018-05-21,78.44,78.75,78.41,78.71,390777
2018-05-22,78.99,79.80,78.88,79.33,713606
2018-05-23,78.64,78.98,78.07,78.86,731630
2018-05-24,78.38,78.51,76.79,76.91,1102756
2018-05-25,76.41,76.58,76.00,76.03,829804
2018-05-29,75.22,75.29,74.02,74.43,1230676
2018-05-30,75.06,75.38,74.61,75.23,977975
2018-05-31,75.01,75.64,74.33,75.59,1157418
2018-06-01,76.08,76.23,75.11,75.71,667295
2018-06-04,75.96,76.84,75.96,76.49,683319
2018-06-05,76.25,76.61,75.98,76.50,696228
2018-06-06,77.15,77.18,76.51,76.61,573811
2018-06-07,76.81,76.94,76.25,76.53,494181
2018-06-08,76.40,77.22,76.29,77.19,637179
2018-06-11,76.85,77.25,76.70,76.94,571845
2018-06-12,76.94,77.07,76.54,76.88,515905
2018-06-13,77.04,77.27,76.63,76.93,507629
2018-06-14,77.10,77.10,76.10,76.31,580691
2018-06-15,75.92,76.22,75.64,76.01,840731
2018-06-18,75.67,76.19,75.64,76.11,522689
2018-06-19,75.62,75.77,75.20,75.27,586218
2018-06-20,75.37,75.72,75.28,75.48,542101
2018-06-21,75.37,75.80,75.25,75.67,544681
2018-06-22,75.85,76.46,75.53,76.30,738105
2018-06-25,76.00,76.01,74.83,75.00,683462
2018-06-26,75.28,75.48,74.68,74.85,990947
2018-06-27,74.99,75.09,73.92,74.06,890351
2018-06-28,74.29,74.63,74.17,74.46,743985
2018-06-29,75.10,75.41,74.93,75.30,916572
2018-07-02,74.93,75.07,74.37,74.85,479376
2018-07-03,75.19,75.66,74.94,75.45,634484
2018-07-05,75.71,75.96,75.35,75.80,539983
2018-07-06,75.78,76.56,75.70,76.44,419520
2018-07-09,76.79,77.09,76.67,76.84,582471
2018-07-10,76.88,77.31,76.70,77.26,550667
2018-07-11,77.00,77.05,76.05,76.17,641291
2018-07-12,76.68,77.18,76.57,77.13,526064
2018-07-13,77.01,77.15,76.81,77.10,357359
2018-07-16,77.15,77.75,77.14,77.56,540088
2018-07-17,77.29,77.56,77.05,77.30,513208
2018-07-18,77.28,77.32,76.92,77.08,575068
2018-07-19,76.56,76.84,76.27,76.43,583636
2018-07-20,77.11,77.41,76.93,77.32,613312
2018-07-23,77.25,77.44,77.09,77.34,467468
2018-07-24,77.57,77.89,77.45,77.68,867688
2018-07-25,76.92,77.50,76.65,77.40,813461
2018-07-26,77.28,77.64,77.02,77.36,684976
2018-07-27,77.45,77.64,77.21,77.42,1202511
2018-07-30,77.60,78.03,77.56,77.76,754239
2018-07-31,77.79,78.26,77.41,77.97,816397
2018-08-01,77.92,78.45,77.83,78.31,570616
2018-08-02,77.78,78.12,77.39,77.95,414248
2018-08-03,78.00,78.25,77.92,78.11,408070
2018-08-06,78.09,78.20,77.85,78.01,268475
2018-08-07,78.35,78.42,76.81,76.97,766176
2018-08-08,77.06,77.91,76.85,77.71,700341
2018-08-09,77.70,78.18,77.58,78.14,468251
2018-08-10,77.38,77.70,76.90,77.12,580756
2018-08-13,77.04,77.44,76.96,77.17,473678
2018-08-14,77.47,78.12,77.47,78.06,514736
2018-08-15,77.24,77.41,76.79,77.22,622169
2018-08-16,77.40,77.83,77.40,77.45,535760
2018-08-17,77.81,78.87,77.81,78.74,595013
2018-08-20,78.56,78.95,78.47,78.91,505871
2018-08-21,79.00,79.19,78.48,78.48,730702
2018-08-22,79.00,80.14,78.46,80.00,838504
2018-08-23,79.57,79.75,79.26,79.31,663803
2018-08-24,79.46,79.87,79.19,79.56,529084
2018-08-27,79.73,80.40,79.67,80.22,1338907
2018-08-28,80.69,80.75,80.12,80.27,696826
2018-08-29,80.22,81.06,79.98,80.94,889974
2018-08-30,80.40,80.91,80.19,80.75,756018
2018-08-31,80.29,80.31,79.31,79.52,642053
2018-09-04,78.71,78.97,78.18,78.78,987577
2018-09-05,78.83,78.97,78.37,78.76,1326245
2018-09-06,78.66,79.31,78.21,79.16,596884
2018-09-07,79.02,79.02,78.32,78.61,474252
2018-09-10,79.06,79.14,78.73,78.76,452787
2018-09-11,78.81,79.21,78.58,79.13,676004
2018-09-12,79.30,79.65,78.97,79.43,768738
2018-09-13,79.46,79.72,78.99,79.20,460434
2018-09-14,79.09,79.27,78.84,79.08,485085
2018-09-17,79.19,79.56,79.15,79.40,443913
2018-09-18,79.61,80.26,79.43,80.09,506128
2018-09-19,80.20,80.50,79.97,80.49,583537
2018-09-20,80.88,81.22,80.73,81.06,752530
2018-09-21,81.17,81.17,80.58,80.59,986855
2018-09-24,80.83,80.83,80.30,80.55,587547
2018-09-25,80.70,80.99,80.58,80.67,574106
2018-09-26,80.71,81.03,80.12,80.21,576491
2018-09-27,80.12,80.59,80.02,80.24,575893
2018-09-28,80.39,80.64,80.01,80.19,667523
2018-10-01,81.50,81.56,80.56,80.89,650880
2018-10-02,80.75,80.75,79.78,80.23,642474
2018-10-03,80.49,80.49,79.97,80.20,528524
2018-10-04,80.10,80.22,79.58,79.96,528166
2018-10-05,80.01,80.12,79.34,79.48,1146811
2018-10-08,79.20,79.29,78.77,79.14,346898
2018-10-09,78.86,79.62,78.56,79.03,536691
2018-10-10,79.13,79.13,77.14,77.14,1021502
2018-10-11,76.65,76.81,75.66,75.77,1378692
2018-10-12,76.88,76.92,75.40,75.78,827141
2018-10-15,76.03,76.39,75.34,75.76,534742
2018-10-16,76.25,76.94,76.09,76.88,853483
2018-10-17,76.85,76.95,76.36,76.83,588761
2018-10-18,76.64,76.67,75.58,75.69,689368
2018-10-19,75.66,76.11,75.44,75.46,815131
2018-10-22,75.65,75.65,74.81,75.01,750060
2018-10-23,74.44,75.42,73.72,75.21,1158250
2018-10-24,74.38,74.38,72.43,72.48,1134064
2018-10-25,72.96,73.15,72.09,72.48,1116479
2018-10-26,71.82,72.32,71.01,72.14,949063
2018-10-29,72.84,73.03,71.26,71.61,904151
2018-10-30,71.88,72.78,71.36,72.75,926066
2018-10-31,73.14,73.73,72.83,72.84,815201
2018-11-01,73.49,73.64,72.81,73.21,724694
2018-11-02,73.59,73.96,72.69,73.02,568824
2018-11-05,73.17,73.66,72.90,72.97,479759
2018-11-06,72.82,72.85,72.28,72.81,530484
2018-11-07,73.35,73.50,73.14,73.20,564520
2018-11-08,73.15,73.72,73.01,73.42,418020
2018-11-09,73.05,73.32,72.16,72.61,535256
2018-11-12,72.57,72.69,71.96,72.01,488960
2018-11-13,72.14,72.93,71.89,72.22,546645
2018-11-14,72.48,72.84,71.57,71.94,468008
2018-11-15,71.66,72.79,71.64,72.54,518831
2018-11-16,72.41,72.78,72.07,72.44,533875
2018-11-19,72.35,72.42,71.34,71.91,558066
2018-11-20,71.29,71.29,69.99,70.34,670539
2018-11-21,70.85,72.97,70.63,72.39,1159911
2018-11-23,71.52,71.88,71.29,71.49,404571
2018-11-26,72.42,72.52,71.02,71.02,2211671
2018-11-27,71.12,71.97,71.00,71.83,1118797
2018-11-28,72.67,74.18,72.09,73.96,1423764
2018-11-29,73.86,74.38,73.36,73.63,707629
2018-11-30,73.31,73.42,72.92,73.26,606301
2018-12-03,74.53,74.68,73.29,73.74,591128
2018-12-04,73.30,74.19,72.72,72.97,784887
2018-12-06,71.80,71.86,70.62,71.63,1044581
2018-12-07,71.95,72.51,70.93,71.01,651777
2018-12-10,70.85,70.98,69.80,70.19,718427
2018-12-11,71.04,71.40,69.75,69.76,851651
2018-12-12,70.47,71.41,70.13,70.66,673389
2018-12-13,70.76,71.15,70.44,70.56,612662
2018-12-14,69.99,70.58,69.83,70.47,654940
2018-12-17,70.36,70.62,69.51,69.74,765013
2018-12-18,69.79,70.43,69.42,69.55,866407
2018-12-19,69.90,70.17,68.50,68.70,926956
2018-12-20,68.45,69.06,68.15,68.36,825253
2018-12-21,68.29,68.69,66.91,66.93,1060078
2018-12-24,66.40,67.32,66.28,66.36,628781
2018-12-26,66.54,68.49,65.76,68.44,521978
2018-12-27,67.34,68.12,66.91,68.12,1065749
2018-12-28,68.28,68.50,67.82,68.16,1224668
2018-12-31,68.68,68.83,68.25,68.52,773342
2019-01-02,67.80,68.99,67.75,68.92,556890
2019-01-03,68.99,69.04,68.35,68.63,621899
2019-01-04,69.53,70.35,69.17,70.32,764875
2019-01-07,70.70,70.82,69.96,70.61,919256
2019-01-08,71.27,71.38,69.98,70.60,694289
2019-01-09,70.95,72.62,70.95,72.44,795782
2019-01-10,71.98,73.22,71.82,72.95,895044
2019-01-11,72.73,72.90,72.37,72.79,449527
2019-01-14,72.50,73.18,72.43,72.88,442652
2019-01-15,72.97,73.44,72.68,73.32,719553
2019-01-16,73.82,74.02,73.53,73.83,646100
2019-01-17,73.55,74.44,73.26,74.18,553062
2019-01-18,74.70,74.84,74.23,74.32,492580
2019-01-22,74.50,74.93,74.39,74.91,2565751
2019-01-23,74.43,74.52,73.66,73.91,2045840
2019-01-24,73.68,74.22,73.46,74.08,1387949
2019-01-25,74.89,74.97,74.33,74.89,1067224
2019-01-28,74.12,75.00,74.12,75.00,574549
2019-01-29,75.00,75.33,74.87,75.21,1868536
2019-01-30,75.50,76.37,75.32,76.08,638782
2019-01-31,75.76,76.26,75.76,76.18,1168569
2019-02-01,76.47,76.92,76.33,76.54,1157781
2019-02-04,76.46,76.82,76.37,76.73,571834
2019-02-05,76.76,77.10,76.45,77.10,607355
2019-02-06,76.88,77.33,76.62,76.82,733757
2019-02-07,76.50,76.62,75.73,76.29,863819
2019-02-08,76.18,76.44,75.49,76.06,502396
2019-02-11,76.07,76.34,75.31,75.51,614522
2019-02-12,76.13,76.23,75.90,76.09,652857
2019-02-13,76.20,76.44,76.04,76.07,442909
2019-02-14,75.72,75.92,75.20,75.79,543658
2019-02-15,76.18,76.79,76.13,76.59,614738
2019-02-19,76.35,77.11,76.07,77.07,714450
2019-02-20,77.08,78.16,77.08,78.02,827495
2019-02-21,77.99,78.04,76.95,77.30,956816
2019-02-22,76.90,77.40,76.69,77.39,825995
2019-02-25,77.90,77.92,77.47,77.59,1107921
2019-02-26,77.44,78.10,77.44,77.94,711500
2019-02-27,78.07,78.50,77.82,78.47,915660
2019-02-28,78.17,78.34,77.89,78.18,986035
2019-03-01,78.32,78.53,77.75,77.81,879652
2019-03-04,77.83,78.17,77.31,77.74,855589
2019-03-05,77.74,77.89,77.40,77.75,553503
2019-03-06,77.72,77.88,77.06,77.23,663018
2019-03-07,77.20,77.31,76.28,76.67,1018368
2019-03-08,76.25,76.76,76.10,76.72,630444
2019-03-11,76.70,77.13,76.64,76.92,1221109
2019-03-12,77.00,77.14,76.41,76.91,1403320
2019-03-13,76.99,77.40,76.96,77.34,622186
2019-03-14,77.29,77.40,76.89,77.11,586868
2019-03-15,77.63,77.79,77.28,77.64,514174
2019-03-18,77.73,78.05,77.51,78.02,469491
2019-03-19,78.49,78.66,77.75,77.91,537870
2019-03-20,77.65,77.93,77.25,77.43,623078
2019-03-21,76.68,76.90,76.37,76.65,1422432
2019-03-22,76.21,76.35,75.85,76.03,2566676
2019-03-25,76.02,76.21,75.59,76.11,1902291
2019-03-26,76.58,77.07,76.45,76.73,1597457
2019-03-27,76.59,76.59,75.70,76.12,795980
2019-03-28,76.09,76.25,75.47,75.77,869470
2019-03-29,76.19,76.32,75.48,75.55,908788
2019-04-01,76.13,77.01,75.76,76.95,759908
2019-04-02,76.94,77.33,76.64,77.23,681670
2019-04-03,77.50,77.93,77.30,77.42,607723
2019-04-04,77.38,77.69,77.23,77.45,406140
2019-04-05,77.26,77.48,76.98,77.36,499865
2019-04-08,77.33,77.68,77.16,77.65,457533
2019-04-09,77.53,77.60,77.10,77.37,1464032
2019-04-10,77.48,77.77,77.11,77.64,554139
2019-04-11,77.43,78.03,77.43,77.66,1935018
2019-04-12,78.31,78.63,78.18,78.50,596721
2019-04-15,78.57,78.82,78.31,78.51,762085
2019-04-16,78.61,79.26,78.54,79.13,687988
2019-04-17,79.59,79.90,79.52,79.77,596067
2019-04-18,79.76,80.14,79.50,80.01,611770
2019-04-22,79.79,80.33,79.79,80.18,589986
2019-04-23,79.88,80.39,79.82,80.26,1518198
2019-04-24,78.95,79.28,77.97,78.16,940716
2019-04-25,77.97,78.39,77.79,78.16,668101
2019-04-26,78.19,78.70,77.97,78.70,483746
2019-04-29,78.65,79.53,78.47,79.28,647549
2019-04-30,79.21,79.73,78.96,79.69,521296
2019-05-01,79.73,79.82,79.06,79.19,812850
2019-05-02,79.17,79.38,78.93,79.00,1320892
2019-05-03,79.30,79.71,79.21,79.62,473645
2019-05-06,78.24,79.78,78.02,79.65,978722
2019-05-07,78.97,79.07,78.55,78.90,641282
2019-05-08,78.88,79.00,78.46,78.60,401313
2019-05-09,78.25,78.87,77.98,78.75,907757
2019-05-10,78.64,78.86,77.76,78.59,704078
2019-05-13,77.58,77.75,77.16,77.49,1994772
2019-05-14,77.54,78.20,77.09,77.74,556412
2019-05-15,77.40,78.03,77.13,77.95,526232
2019-05-16,78.13,78.46,77.91,78.24,635262
2019-05-17,77.83,78.62,77.83,78.24,829733
2019-05-20,77.83,78.62,77.83,78.24,1138676
2019-05-21,78.61,78.62,77.97,78.42,651388
2019-05-22,78.36,78.51,77.91,78.39,818530
2019-05-23,77.30,77.47,75.33,76.16,1211352
2019-05-24,76.96,77.69,76.56,77.26,770702
2019-05-28,77.41,77.86,76.84,76.84,757232
2019-05-29,76.39,76.68,75.72,76.00,705794
2019-05-30,76.22,76.64,75.62,75.97,665432
2019-05-31,75.33,75.41,74.89,75.15,781513
2019-06-03,75.20,75.84,75.02,75.68,1170727
2019-06-04,76.17,76.98,75.89,76.91,734515
2019-06-05,77.10,77.24,76.46,77.08,660969
2019-06-06,77.31,77.49,76.93,77.17,486010
2019-06-07,77.68,77.91,77.57,77.67,1190047
2019-06-10,77.98,78.20,77.79,77.90,369462
2019-06-11,78.15,78.34,77.29,77.68,1935947
2019-06-12,77.47,77.58,76.69,76.78,635146
2019-06-13,76.77,77.61,76.73,77.27,628212
2019-06-14,77.06,77.34,76.60,77.21,439156
2019-06-17,77.25,77.74,77.09,77.24,371784
2019-06-18,77.59,78.82,77.55,78.72,677800
2019-06-19,78.80,79.29,78.75,79.17,502710
2019-06-20,79.93,80.10,79.32,79.92,853019
2019-06-21,79.80,79.95,79.48,79.51,626788
2019-06-24,79.67,79.97,79.53,79.64,821629
2019-06-25,79.46,79.73,78.92,79.12,741467
2019-06-26,79.19,79.44,78.80,79.11,681994
2019-06-27,79.18,79.48,78.89,78.99,498958
2019-06-28,79.47,79.59,79.17,79.40,754174
2019-07-01,79.80,80.13,79.51,79.67,419708
2019-07-02,79.89,80.17,79.68,79.95,2491361
2019-07-03,80.29,80.89,80.26,80.74,2593684
2019-07-05,80.54,80.87,80.36,80.87,1113056
2019-07-08,80.50,80.59,80.22,80.36,1384350
2019-07-09,79.87,80.46,79.87,80.39,631765
2019-07-10,80.75,81.00,80.27,80.39,800390
2019-07-11,80.33,80.65,80.13,80.38,538212
2019-07-12,80.63,80.63,79.87,80.04,556641
2019-07-15,80.10,80.25,79.62,79.89,652510
2019-07-16,80.13,80.37,79.79,79.88,584971
2019-07-17,79.93,80.17,79.64,79.89,586708
2019-07-18,79.66,80.30,79.64,80.25,629214
2019-07-19,80.12,80.61,80.00,80.32,822788
2019-07-22,80.20,80.50,79.64,79.90,1537873
2019-07-23,79.94,80.39,79.81,80.27,694391
2019-07-24,79.50,79.92,79.22,79.86,667663
2019-07-25,79.95,79.95,79.15,79.40,533164
2019-07-26,79.57,79.68,79.24,79.55,502125
2019-07-29,79.55,79.97,79.43,79.62,500231
2019-07-30,79.04,79.24,78.75,79.24,504887
2019-07-31,79.21,79.48,78.33,78.91,722774
2019-08-01,78.70,78.94,77.66,77.77,738532
2019-08-02,77.40,77.69,76.50,77.31,1016413
2019-08-05,76.32,76.39,75.73,75.96,1150799
2019-08-06,76.22,76.39,75.09,76.06,2279489
2019-08-07,75.20,76.42,74.95,76.17,1666089
2019-08-08,76.59,77.43,76.30,76.97,641319
2019-08-09,76.94,77.14,76.21,76.50,682675
2019-08-12,75.88,76.09,75.22,75.48,509056
2019-08-13,75.10,76.55,74.97,76.13,1184432
2019-08-14,75.00,75.37,73.99,74.16,1009505
2019-08-15,74.12,74.44,73.61,74.13,771409
2019-08-16,74.90,75.42,74.45,75.13,787961
2019-08-19,75.88,75.88,75.25,75.34,702021
2019-08-20,75.15,75.15,74.34,74.45,827537
2019-08-21,74.07,75.90,74.07,75.05,1313793
2019-08-22,75.30,75.47,74.67,74.69,887531
2019-08-23,74.46,74.82,73.19,73.46,941477
2019-08-26,73.90,74.29,73.58,73.87,709982
2019-08-27,73.99,74.26,73.37,73.60,752505
2019-08-28,73.50,74.28,73.45,73.90,608295
2019-08-29,74.19,75.15,74.19,74.80,669576
2019-08-30,75.06,75.44,74.62,74.76,727294
2019-09-03,74.58,74.61,73.76,74.55,621878
2019-09-04,75.00,75.32,74.79,75.14,717456
2019-09-05,75.57,76.48,75.57,76.06,689092
2019-09-06,76.33,76.68,76.15,76.55,561737
2019-09-09,76.89,76.98,76.52,76.90,813336
2019-09-10,76.91,78.00,76.81,77.84,750629
2019-09-11,77.36,78.35,77.16,78.25,2076077
2019-09-12,77.92,79.00,77.81,78.79,1990362
2019-09-13,78.94,79.51,78.72,79.33,1761199
2019-09-16,79.01,79.61,78.64,79.50,902708
2019-09-17,79.16,80.35,78.97,79.95,827382
2019-09-18,79.80,80.28,79.76,80.02,967374
2019-09-19,80.02,80.85,80.02,80.58,901130
2019-09-20,80.62,81.50,80.59,81.31,1236330
2019-09-23,80.87,81.20,80.74,80.98,722820
2019-09-24,81.07,81.40,80.47,80.64,1055265
2019-09-25,80.49,81.25,80.35,81.01,985521
2019-09-26,81.06,81.26,80.90,80.90,753118
2019-09-27,81.28,81.57,80.78,81.08,844816
2019-09-30,81.08,81.61,81.06,81.16,615372
2019-10-01,81.37,81.52,80.35,80.65,772742
2019-10-02,80.13,80.13,78.68,78.99,1772900
2019-10-03,78.87,78.94,77.97,78.82,1417872
2019-10-04,79.00,79.52,78.57,79.50,891147
2019-10-07,79.31,79.71,79.29,79.30,1832784
2019-10-08,78.85,79.00,78.31,78.42,1041916
2019-10-09,78.99,79.36,78.45,79.14,853016
2019-10-10,79.05,80.03,78.97,79.56,823235
2019-10-11,80.33,81.22,80.33,80.56,4101850
2019-10-14,80.57,80.92,80.42,80.60,548079
2019-10-15,80.94,81.45,80.61,81.03,802053
2019-10-16,81.00,81.29,80.89,80.95,700863
2019-10-17,81.25,81.50,80.88,81.10,2180479
2019-10-18,81.39,81.75,81.00,81.48,1178615
2019-10-21,81.65,82.50,81.65,82.27,865070
2019-10-22,82.34,82.58,81.90,81.93,857431
2019-10-23,80.99,81.36,80.92,81.36,645149
2019-10-24,81.40,81.49,80.66,80.96,1893540
2019-10-25,80.88,81.35,80.79,81.22,604120
2019-10-28,81.47,81.64,81.14,81.17,523300
2019-10-29,80.84,81.32,80.71,80.91,721864
2019-10-30,80.81,80.96,80.40,80.95,610537
2019-10-31,80.76,81.15,80.28,80.66,694890
2019-11-01,80.88,81.17,80.69,81.15,465747
2019-11-04,81.44,82.01,81.36,81.82,1335014
2019-11-05,81.82,82.27,81.73,82.03,1149340
2019-11-06,81.92,82.13,81.69,82.00,614955
2019-11-07,82.08,82.49,82.08,82.26,503095
2019-11-08,82.07,82.24,81.82,82.02,524198
2019-11-11,81.79,81.91,81.55,81.83,752452
2019-11-12,81.81,81.90,81.62,81.80,571893
2019-11-13,81.45,81.87,81.16,81.71,546704
2019-11-14,81.71,81.81,81.46,81.77,435179
2019-11-15,81.84,82.27,81.71,82.26,634368
2019-11-18,82.04,82.46,82.02,82.35,546301
2019-11-19,82.39,82.44,81.91,82.00,612428
2019-11-20,81.77,82.11,81.66,81.81,996576
2019-11-21,82.17,82.33,81.83,82.19,681681
2019-11-22,82.55,82.55,82.01,82.20,595040
2019-11-25,82.09,82.44,81.98,82.22,1934127
2019-11-26,81.93,81.97,81.40,81.84,612350
2019-11-27,82.00,82.20,81.69,81.93,679956
2019-11-29,81.64,81.91,81.43,81.75,332550
2019-12-02,81.89,81.89,81.15,81.26,625076
2019-12-03,80.57,80.75,80.16,80.70,829951
2019-12-04,80.16,80.55,79.08,79.52,2389897
2019-12-05,79.45,79.59,78.48,79.46,1235899
2019-12-06,79.52,79.65,79.07,79.20,1070771
2019-12-09,79.20,79.20,78.70,78.95,1222184
2019-12-10,78.83,78.83,78.30,78.50,810121
2019-12-11,78.39,78.82,78.35,78.68,912026
2019-12-12,78.61,79.07,78.50,78.81,830790
2019-12-13,79.08,79.73,78.80,79.42,1497406
2019-12-16,80.09,80.21,79.64,79.65,602098
2019-12-17,79.21,79.64,78.86,79.57,739815
2019-12-18,79.78,79.78,79.07,79.22,571427
2019-12-19,79.13,79.29,78.75,79.15,2468670
2019-12-20,79.13,79.43,78.85,79.25,697136
2019-12-23,79.27,79.28,78.69,78.71,581475
2019-12-24,78.69,78.69,78.37,78.60,300413
2019-12-26,78.64,78.83,78.42,78.66,330361
2019-12-27,79.09,79.25,78.86,79.07,667275
2019-12-30,79.29,79.32,78.75,78.99,625450
2019-12-31,79.02,79.31,78.93,79.20,607004
2020-01-02,79.34,79.78,79.18,79.70,758120
2020-01-03,79.12,79.66,79.03,79.42,543172
2020-01-06,79.29,79.61,79.11,79.59,1304548
2020-01-07,79.51,79.66,79.23,79.37,969448
2020-01-08,79.31,80.22,79.22,79.85,809006
2020-01-09,80.00,80.09,79.70,79.84,573190
2020-01-10,79.97,80.14,79.62,79.85,607728
2020-01-13,79.97,80.24,79.69,80.23,1211926
2020-01-14,80.23,80.63,80.06,80.46,2602964
2020-01-15,80.50,80.80,80.30,80.71,1794649
2020-01-16,81.00,81.68,80.88,81.43,1418405
2020-01-17,81.57,81.73,81.36,81.52,884210
2020-01-21,82.08,82.08,81.59,81.67,785712
2020-01-22,81.90,81.90,81.22,81.27,652604
2020-01-23,81.01,81.73,80.81,81.73,1030723
2020-01-24,80.95,81.17,80.24,80.48,962348
2020-01-27,79.38,80.17,79.10,79.89,969501
2020-01-28,80.00,80.44,79.84,80.34,718781
2020-01-29,80.26,80.50,80.05,80.11,1386631
2020-01-30,79.57,80.16,79.41,80.10,744851
2020-01-31,79.42,79.58,78.86,78.96,906020
2020-02-03,79.19,79.49,78.77,78.78,587066
2020-02-04,79.57,80.20,79.57,80.13,757044
2020-02-05,80.50,80.66,80.24,80.47,860808
2020-02-06,80.75,80.95,80.52,80.92,1042313
2020-02-07,80.49,80.81,80.37,80.65,585320
2020-02-10,80.46,80.70,80.28,80.66,460924
2020-02-11,81.00,81.23,80.82,81.14,486840
2020-02-12,81.40,81.55,81.16,81.53,578331
2020-02-13,81.24,81.75,81.13,81.61,514574
2020-02-14,81.72,81.99,81.46,81.71,633696
2020-02-18,81.36,81.53,81.00,81.40,613645
2020-02-19,81.73,81.73,81.30,81.52,491289
2020-02-20,81.41,81.72,81.23,81.40,921967
2020-02-21,82.02,82.74,81.92,82.62,1294193
2020-02-24,80.87,81.71,80.44,81.41,1219323
2020-02-25,81.47,81.47,79.64,79.79,1888596
2020-02-26,80.12,80.44,78.07,78.09,1587786
2020-02-27,77.05,77.24,75.60,75.99,3327817
2020-02-28,74.17,75.04,73.33,74.47,3452556
2020-03-02,74.41,76.81,73.98,76.74,2726375
2020-03-03,77.10,77.53,75.10,75.20,2811382
2020-03-04,76.37,76.72,74.93,75.61,2573759
2020-03-05,74.32,74.72,73.77,74.31,2158733
2020-03-06,72.78,73.50,72.17,72.69,3054329
2020-03-09,67.12,69.25,65.22,65.41,2899658
2020-03-10,67.57,67.99,65.02,67.28,2150461
2020-03-11,65.86,66.21,63.79,63.91,3020664
2020-03-12,59.51,59.51,56.08,57.18,2584188
2020-03-13,60.72,65.05,59.68,64.72,2692128
2020-03-16,56.41,61.72,56.19,59.89,1931571
2020-03-17,60.44,65.20,59.24,62.43,2087498
2020-03-18,59.02,59.85,53.89,55.93,2647849
2020-03-19,54.84,56.88,53.64,56.63,1726687
2020-03-20,57.77,58.97,54.35,54.51,2844521
2020-03-23,53.66,54.27,49.55,49.61,3623870
2020-03-24,53.06,56.42,52.00,56.36,3120813
2020-03-25,57.50,62.71,56.73,59.68,3389003
2020-03-26,60.46,63.52,60.29,61.46,2873105
2020-03-27,59.25,60.51,57.81,58.98,2286676
2020-03-30,58.76,59.95,56.84,59.84,1829519
2020-03-31,59.25,62.12,58.71,61.55,1721622
2020-04-01,59.11,59.73,58.24,58.50,1847156
2020-04-02,58.14,60.78,58.14,58.99,1352140
2020-04-03,58.75,59.29,57.41,57.97,1089947
2020-04-06,60.30,61.03,59.75,60.78,1312819
2020-04-07,63.43,64.25,61.24,61.25,1614379
2020-04-08,61.97,62.69,60.61,62.40,1408187
2020-04-09,63.31,64.21,62.23,63.11,1387369
2020-04-13,63.28,63.29,61.28,62.14,1652109
2020-04-14,63.19,63.51,61.75,62.64,1268749
2020-04-15,61.06,61.52,60.17,60.56,1344751
2020-04-16,60.51,60.92,58.96,58.97,1611572
2020-04-17,61.42,62.44,60.58,62.33,1531125
2020-04-20,60.93,62.60,60.38,61.36,1441112
2020-04-21,59.99,60.91,59.07,59.12,2463442
2020-04-22,59.44,59.58,58.20,58.43,1410266
2020-04-23,58.95,59.46,58.39,58.42,1086818
2020-04-24,58.70,58.96,57.82,58.88,963631
2020-04-27,59.88,60.71,58.97,60.48,1093450
2020-04-28,61.80,62.28,61.08,61.50,1304631
2020-04-29,62.69,63.78,62.60,63.65,1623651
2020-04-30,62.42,62.86,61.42,61.59,1340048
2020-05-01,60.43,60.43,59.59,60.05,1301124
2020-05-04,59.53,60.41,59.12,60.33,1156641
2020-05-05,61.26,61.48,60.06,60.23,1023209
2020-05-06,60.82,60.89,59.50,59.79,932092
2020-05-07,60.40,61.11,60.06,60.17,957021
2020-05-08,61.03,61.50,60.63,61.33,985411
2020-05-11,60.64,61.90,60.50,61.72,1139840
2020-05-12,61.88,62.27,60.32,60.34,1015234
2020-05-13,60.41,60.54,58.14,58.52,1535481
2020-05-14,57.97,59.61,57.11,59.53,1927936
2020-05-15,58.58,59.38,58.24,58.74,1098761
2020-05-18,60.60,61.96,60.20,61.64,1129583
2020-05-19,61.30,61.32,59.70,60.03,1607815
2020-05-20,60.92,62.40,60.91,61.87,1474690
2020-05-21,61.62,61.78,59.93,59.98,1329513
2020-05-22,59.77,59.81,58.45,58.87,1392762
2020-05-26,60.97,63.82,60.89,63.78,2556476
2020-05-27,63.34,67.34,63.26,66.97,2295203
2020-05-28,67.21,67.32,65.75,66.25,1245529
2020-05-29,65.56,66.17,64.34,64.85,1653960
2020-06-01,65.17,67.60,65.14,67.34,1111546
2020-06-02,68.20,70.07,67.88,69.33,1760588
2020-06-03,70.50,71.02,69.82,69.94,1344205
2020-06-04,69.69,70.62,68.77,70.44,947155
2020-06-05,73.23,74.13,71.48,71.92,1231398
2020-06-08,73.28,73.30,71.49,71.89,1109339
2020-06-09,70.36,71.36,70.25,70.65,1590003
2020-06-10,70.86,71.19,69.59,69.74,940176
2020-06-11,67.37,68.02,65.81,65.99,1405037
2020-06-12,67.95,68.26,66.60,67.30,2190396
2020-06-15,65.71,68.33,65.42,67.37,1095251
2020-06-16,69.23,69.67,67.54,68.48,1114209
2020-06-17,68.79,68.82,67.65,67.98,590951
2020-06-18,67.57,68.85,67.16,68.45,858961
2020-06-19,69.38,69.38,67.74,67.99,1192157
2020-06-22,67.64,68.23,67.29,68.04,651828
2020-06-23,68.71,69.26,67.81,68.32,856555
2020-06-24,67.73,68.03,67.03,67.28,1166028
2020-06-25,67.02,68.50,66.90,68.28,872353
2020-06-26,67.42,67.84,66.41,66.68,1170579
2020-06-29,67.31,68.01,66.81,67.41,852367
2020-06-30,66.87,68.21,66.79,67.80,785616
2020-07-01,68.18,68.70,67.36,67.42,446213
2020-07-02,68.41,69.32,67.81,68.16,881050
2020-07-06,69.20,69.20,68.27,69.02,784288
2020-07-07,68.46,68.63,67.66,67.93,766668
2020-07-08,68.07,68.34,67.45,68.06,644157
2020-07-09,67.86,68.10,66.70,67.16,1368282
2020-07-10,67.03,68.51,67.03,68.48,665528
2020-07-13,68.69,69.51,68.44,68.63,1204197
2020-07-14,68.56,69.75,68.02,69.62,967707
2020-07-15,70.28,71.46,70.28,70.86,834539
2020-07-16,70.34,71.24,70.25,70.44,726066
2020-07-17,70.60,70.81,70.29,70.62,610581
2020-07-20,70.58,70.70,69.87,70.12,746136
2020-07-21,70.93,71.57,70.84,71.09,740708
2020-07-22,71.05,71.19,70.72,71.13,579026
2020-07-23,71.14,71.42,70.83,70.91,3097004
2020-07-24,70.06,70.12,69.27,69.84,4840857
2020-07-27,69.59,69.95,69.21,69.85,623113
2020-07-28,69.66,69.75,69.05,69.11,761763
2020-07-29,69.35,69.87,68.81,69.83,661053
2020-07-30,68.62,69.41,68.22,69.39,550821
2020-07-31,69.26,69.64,68.96,69.14,670405
2020-08-03,69.26,69.64,68.96,69.14,247235
2020-08-04,68.77,69.85,68.77,69.43,630965
2020-08-05,69.99,70.72,69.86,70.62,464860
2020-08-06,70.18,71.28,70.18,71.11,625019
2020-08-07,70.78,71.30,70.30,71.30,511274
2020-08-10,71.50,72.08,71.27,72.03,583855
2020-08-11,73.04,73.90,72.90,73.42,819768
2020-08-12,74.21,74.69,73.85,73.98,596570
2020-08-13,73.97,74.23,73.55,73.86,495157
2020-08-14,73.49,73.89,73.23,73.54,395023
2020-08-17,73.59,73.88,73.40,73.60,501496
2020-08-18,73.77,74.04,73.50,73.89,520516
2020-08-19,74.26,74.73,73.88,73.92,622809
2020-08-20,73.33,74.53,73.23,74.33,637146
2020-08-21,73.83,74.34,73.65,74.31,321692
2020-08-24,74.59,75.22,74.56,74.89,565251
2020-08-25,75.44,76.03,75.10,75.99,610406
2020-08-26,77.40,78.00,76.86,77.11,1167508
2020-08-27,77.46,77.98,77.30,77.57,700504
2020-08-28,78.05,78.31,76.90,77.20,469573
2020-08-31,77.26,77.36,76.08,76.12,854299
2020-09-01,75.86,76.08,75.40,75.79,597810
2020-09-02,75.89,76.43,75.66,75.91,717250
2020-09-03,76.00,76.10,74.29,74.52,706060
2020-09-04,75.21,75.49,73.72,74.22,844579
2020-09-08,73.28,73.35,72.60,72.76,810920
2020-09-09,73.24,74.31,73.21,74.03,711912
2020-09-10,74.36,74.37,72.85,73.03,510047
2020-09-11,73.25,74.03,73.12,73.72,555013
2020-09-14,74.10,74.39,73.85,74.23,492316
2020-09-15,74.52,74.70,74.18,74.41,474594
2020-09-16,74.33,74.69,73.33,73.40,509154
2020-09-17,72.73,73.56,72.47,73.28,407027
2020-09-18,73.13,73.20,72.32,72.34,456133
2020-09-21,71.21,71.27,69.97,70.87,595183
2020-09-22,71.00,71.59,70.42,70.86,434715
2020-09-23,71.39,71.56,69.93,70.00,654614
2020-09-24,69.75,71.04,69.47,70.60,695029
2020-09-25,69.94,70.64,69.67,70.62,529273
2020-09-28,71.44,71.81,71.30,71.45,738099
2020-09-29,71.20,71.31,69.88,70.12,618168
2020-09-30,70.38,70.75,69.97,70.14,808739
2020-10-01,70.58,70.58,69.64,70.41,495435
2020-10-02,69.60,71.09,69.48,70.76,644601
2020-10-05,71.41,72.20,71.00,72.00,427184
2020-10-06,72.46,72.97,71.79,71.87,464579
2020-10-07,73.04,73.77,72.81,73.57,1868561
2020-10-08,73.92,74.28,73.72,74.02,1078086
2020-10-09,74.40,74.51,73.74,74.16,783179
2020-10-12,74.44,74.91,74.15,74.67,425331
2020-10-13,74.48,74.48,73.45,74.03,756560
2020-10-14,74.00,74.27,73.75,73.82,1383457
2020-10-15,72.85,73.77,72.69,73.47,873199
2020-10-16,73.53,73.89,73.32,73.70,835854
2020-10-19,74.08,74.20,72.81,72.97,1627442
2020-10-20,73.06,73.53,72.80,73.05,1032957
2020-10-21,73.01,73.71,72.79,73.57,1339397
2020-10-22,73.50,74.31,73.43,74.10,1414386
2020-10-23,73.78,73.88,73.13,73.30,2468038
2020-10-26,72.58,72.63,71.22,71.60,647835
2020-10-27,71.60,71.60,70.29,70.50,668538
2020-10-28,69.28,69.57,68.42,68.48,705547
2020-10-29,68.35,70.10,67.78,69.75,896626
2020-10-30,69.56,70.00,69.11,69.99,812056
2020-11-02,70.49,70.70,69.82,70.56,549482
2020-11-03,71.57,72.47,71.41,72.19,740386
2020-11-04,71.78,73.82,71.23,73.35,559713
2020-11-05,74.23,74.67,73.65,73.80,576566
2020-11-06,74.20,74.48,73.78,74.19,388688
2020-11-09,76.44,77.44,74.96,75.06,1116886
2020-11-10,75.25,76.50,75.21,76.16,836929
2020-11-11,76.58,77.05,76.39,76.70,682326
2020-11-12,76.21,76.42,75.57,76.37,1058611
2020-11-13,76.56,76.90,76.33,76.44,970419
2020-11-16,77.55,77.73,77.04,77.69,512022
2020-11-17,77.09,79.23,77.09,78.96,657892
2020-11-18,79.19,80.00,78.92,79.57,668653
2020-11-19,79.36,79.72,78.78,79.69,505593
2020-11-20,79.70,80.00,79.40,79.74,580222
2020-11-23,79.98,80.78,79.93,80.72,638911
2020-11-24,81.62,82.88,81.42,82.85,818263
2020-11-25,82.43,83.21,81.93,82.92,636578
2020-11-27,82.92,83.54,82.87,83.21,270224
2020-11-30,82.77,83.23,81.96,81.98,731732
2020-12-01,83.18,83.40,82.64,82.66,661804
2020-12-02,82.74,82.91,81.58,82.18,798873
2020-12-03,82.50,83.03,82.08,82.21,604567
2020-12-04,82.64,82.64,82.01,82.30,666417
2020-12-07,82.02,82.79,81.77,82.56,519923
2020-12-08,82.33,82.94,82.32,82.57,453869
2020-12-09,82.92,83.38,82.59,82.90,605887
2020-12-10,82.93,84.00,82.74,83.58,539358
2020-12-11,82.90,83.44,82.63,83.31,412785
2020-12-14,83.93,84.00,82.09,82.17,530073
2020-12-15,82.82,83.01,82.10,82.25,592039
2020-12-16,82.14,82.36,81.42,82.12,607312
2020-12-17,82.38,82.73,81.73,82.07,406313
2020-12-18,81.97,82.27,81.16,81.36,565520
2020-12-21,80.47,81.03,79.84,80.74,650531
2020-12-22,80.73,80.75,79.82,80.13,542466
2020-12-23,80.72,81.62,80.53,81.49,565690
2020-12-24,81.91,81.94,81.34,81.87,196441
2020-12-28,82.27,83.06,81.72,81.81,279893
2020-12-29,82.37,82.55,81.67,82.05,479552
2020-12-30,82.55,82.65,82.06,82.12,380115
2020-12-31,82.25,82.76,81.89,82.06,673827
2021-01-04,82.62,82.68,81.35,81.87,734335
2021-01-05,81.92,83.29,81.91,83.10,744571
2021-01-06,83.30,84.59,83.01,84.35,907684
2021-01-07,84.60,85.28,84.33,85.20,900853
2021-01-08,85.46,85.73,84.34,84.96,635122
2021-01-11,84.19,84.82,84.04,84.40,540738
2021-01-12,84.48,85.47,84.48,85.31,550963
2021-01-13,84.93,85.72,84.92,85.44,751225
2021-01-14,85.55,86.14,84.97,85.58,569746
2021-01-15,84.88,85.21,84.29,85.06,700326
2021-01-19,85.25,85.42,84.59,84.67,2029104
2021-01-20,84.96,85.45,84.68,85.44,607042
2021-01-21,85.58,85.96,85.08,85.33,2081318
2021-01-22,84.62,84.89,84.12,84.30,3041281
2021-01-25,83.55,83.88,82.66,83.40,2363626
2021-01-26,83.50,83.69,83.04,83.46,576208
2021-01-27,82.45,82.50,81.20,81.33,1083277
2021-01-28,81.68,82.80,81.01,82.13,2330721
2021-01-29,81.77,82.12,80.53,80.87,1813145
2021-02-01,81.32,81.63,80.85,81.27,618090
2021-02-02,82.03,82.82,81.75,82.47,659300
2021-02-03,82.52,82.65,82.07,82.51,773344
2021-02-04,82.71,83.04,82.52,82.87,1136235
2021-02-05,83.69,83.69,83.12,83.52,1331614
2021-02-08,83.61,84.22,83.61,84.09,1278685
2021-02-09,83.97,84.32,83.54,84.26,996493
2021-02-10,83.98,84.29,83.09,83.39,1753242
2021-02-11,83.58,83.67,82.86,83.29,1570664
2021-02-12,83.05,83.78,83.05,83.61,1401572
2021-02-16,84.05,84.21,83.62,83.85,2164114
2021-02-17,83.60,84.78,83.43,84.59,1811915
2021-02-18,84.33,86.09,84.14,86.07,1367911
2021-02-19,86.32,87.32,86.25,86.97,1119482
2021-02-22,86.68,88.55,86.56,87.91,1163546
2021-02-23,88.50,89.69,87.88,88.89,1412982
2021-02-24,89.96,90.14,87.93,89.35,1577993
2021-02-25,89.66,90.59,87.29,87.52,1719907
2021-02-26,86.96,87.21,84.98,85.09,1501769
2021-03-01,86.31,87.47,85.98,86.79,1796055
2021-03-02,86.65,87.82,85.84,86.85,1440414
2021-03-03,86.91,87.46,86.65,86.76,2137636
2021-03-04,86.66,88.18,86.35,86.78,3038356
2021-03-05,87.88,89.02,86.80,88.92,2771569
2021-03-08,88.95,90.80,88.70,90.43,2510004
2021-03-09,90.34,90.87,89.98,90.34,1100840
2021-03-10,90.61,92.13,90.55,91.87,1320361
2021-03-11,92.17,93.30,91.84,92.74,1670670
2021-03-12,93.22,93.41,92.57,93.37,999255
2021-03-15,93.41,93.60,92.19,92.96,822547
2021-03-16,92.72,93.51,92.39,93.23,1193499
2021-03-17,93.34,93.91,92.77,93.73,1116759
2021-03-18,93.83,94.37,93.36,93.52,1152912
2021-03-19,93.18,93.60,92.40,93.20,1279771
2021-03-22,93.19,93.19,92.40,92.62,939981
2021-03-23,92.18,92.80,91.90,92.01,971011
2021-03-24,92.12,92.83,92.05,92.42,1047058
2021-03-25,92.28,92.58,91.83,92.17,1810867
2021-03-26,92.63,93.14,92.60,93.11,1115140
2021-03-29,92.50,93.18,92.23,93.03,864813
2021-03-30,92.78,93.38,92.51,92.71,922329
2021-03-31,92.81,93.00,91.96,92.21,1099875
2021-04-01,92.17,92.56,92.01,92.48,906942
2021-04-05,92.96,93.45,92.85,93.02,1047381
2021-04-06,92.94,93.21,92.60,92.65,712518
2021-04-07,92.51,92.70,92.05,92.37,612696
2021-04-08,92.41,92.92,92.00,92.88,865495
2021-04-09,93.00,93.48,92.69,93.48,792342
2021-04-12,93.14,93.88,93.00,93.62,766950
2021-04-13,93.35,93.84,93.20,93.54,898103
2021-04-14,93.46,94.13,93.21,93.77,721660
2021-04-15,93.99,94.28,93.67,94.13,874291
2021-04-16,94.61,95.02,94.46,94.71,1076337
2021-04-19,94.79,95.14,93.92,94.04,1144602
2021-04-20,93.77,94.04,92.38,92.46,2808603
2021-04-21,91.50,92.92,91.14,92.90,2423662
2021-04-22,92.72,93.04,91.96,92.59,769416
2021-04-23,92.80,93.61,92.38,93.46,882196
2021-04-26,93.60,94.52,93.36,94.19,840663
2021-04-27,94.36,94.70,93.75,94.48,862207
2021-04-28,94.56,95.78,94.46,95.56,2313651
2021-04-29,96.23,96.50,95.79,96.21,853040
2021-04-30,96.21,96.21,95.24,95.40,1141350
2021-05-03,95.88,96.30,95.67,96.21,783676
2021-05-04,95.51,96.14,95.11,95.81,939741
2021-05-05,96.11,97.02,95.89,96.90,1124101
2021-05-06,97.26,98.35,97.16,98.32,841776
2021-05-07,97.67,99.22,97.67,99.10,791295
2021-05-10,99.81,100.34,99.50,99.53,932855
2021-05-11,98.93,99.54,98.20,98.66,1918230
2021-05-12,98.83,99.17,98.38,98.86,1422628
2021-05-13,98.90,100.04,98.68,99.65,1198189
2021-05-14,100.23,100.92,100.15,100.55,1469387
2021-05-17,100.53,101.48,100.35,101.27,1542664
2021-05-18,101.71,102.29,101.35,101.89,1674022
2021-05-19,101.00,101.94,100.59,101.33,1531474
2021-05-20,101.77,102.26,101.46,101.97,867136
2021-05-21,102.47,102.73,102.18,102.45,886036
2021-05-24,102.47,102.73,102.18,102.45,296012
2021-05-25,102.77,103.31,102.23,102.27,933039
2021-05-26,102.34,102.82,101.90,102.69,899887
2021-05-27,103.34,104.73,103.34,104.52,1164323
2021-05-28,104.85,104.85,103.55,103.99,2519326
2021-06-01,104.31,104.88,103.89,104.29,1605129
2021-06-02,104.83,104.87,104.05,104.67,1157138
2021-06-03,104.23,104.61,104.13,104.22,1323127
2021-06-04,104.51,104.80,103.86,104.49,772753
2021-06-07,104.66,104.76,104.14,104.30,1048927
2021-06-08,103.96,104.29,103.63,103.73,923490
2021-06-09,103.76,103.97,102.94,103.12,773574
2021-06-10,103.84,103.84,103.01,103.06,634783
2021-06-11,103.06,103.71,102.86,103.69,682748
2021-06-14,103.92,104.20,103.51,104.20,839404
2021-06-15,104.10,104.76,104.01,104.49,650524
2021-06-16,104.38,104.92,104.03,104.10,806854
2021-06-17,104.32,104.54,102.48,102.90,999232
2021-06-18,101.75,102.10,100.83,101.26,1583079
2021-06-21,101.87,102.52,101.55,102.19,1437451
2021-06-22,102.19,102.59,101.36,102.38,723135
2021-06-23,102.57,102.73,102.02,102.02,714587
2021-06-24,102.24,102.67,101.86,102.01,826103
2021-06-25,102.27,102.99,102.14,102.58,555405
2021-06-28,102.69,102.83,101.30,101.67,1580333
2021-06-29,102.09,102.11,101.27,101.39,1235335
2021-06-30,101.19,101.59,100.93,101.31,843710
2021-07-01,101.84,102.22,101.37,102.08,350721
2021-07-02,101.94,102.43,101.69,102.21,515897
2021-07-06,102.00,102.03,100.58,100.96,750911
2021-07-07,101.14,101.29,100.62,100.78,695536
2021-07-08,99.62,100.38,98.91,100.35,1743601
2021-07-09,101.26,101.85,100.58,101.45,843412
2021-07-12,100.99,102.54,100.85,102.48,600967
2021-07-13,102.24,102.58,101.71,102.19,795403
2021-07-14,102.63,103.39,102.38,102.93,705728
2021-07-15,102.38,102.97,102.16,102.52,710777
2021-07-16,102.63,102.78,100.95,101.05,763871
2021-07-19,99.58,99.58,98.04,98.57,1718721
2021-07-20,98.56,99.70,98.03,99.41,3248068
2021-07-21,99.91,100.77,99.83,100.51,1818007
2021-07-22,100.52,100.73,99.67,100.14,866761
2021-07-23,99.51,100.24,99.51,99.97,2007757
2021-07-26,99.54,100.38,99.47,100.35,674816
2021-07-27,99.70,101.17,99.70,100.49,886509
2021-07-28,100.67,101.27,100.09,101.04,735289
2021-07-29,101.62,102.35,101.62,102.05,781036
2021-07-30,101.91,102.06,100.65,101.14,1033922
2021-08-02,101.48,102.28,100.09,100.49,803306
2021-08-03,100.19,101.06,99.73,100.75,776580
2021-08-04,100.37,101.53,100.37,101.33,696101
2021-08-05,101.83,102.56,101.77,102.36,1167071
2021-08-06,102.35,102.99,102.34,102.81,775341
2021-08-09,102.89,102.96,102.56,102.80,595204
2021-08-10,102.88,104.09,102.72,104.03,781947
2021-08-11,104.20,104.96,104.20,104.76,637114
2021-08-12,104.88,104.91,104.16,104.71,558559
2021-08-13,104.79,105.10,104.40,104.73,396969
2021-08-16,104.25,104.43,103.64,104.35,458946
2021-08-17,103.86,103.93,102.85,103.60,1366588
2021-08-18,103.50,103.90,103.22,103.29,762896
2021-08-19,102.21,102.22,101.15,101.61,1096865
2021-08-20,101.05,102.76,100.77,102.71,965983
2021-08-23,103.58,104.26,103.44,104.16,832451
2021-08-24,104.24,104.93,103.87,104.72,992327
2021-08-25,104.86,106.40,104.68,105.68,1607479
2021-08-26,105.63,106.03,104.34,104.41,1135610
2021-08-27,104.49,105.11,103.92,104.69,870450
2021-08-30,105.12,105.13,103.95,104.00,3211136
2021-08-31,104.13,104.45,102.70,102.76,1105770
2021-09-01,103.14,103.22,102.34,102.59,754906
2021-09-02,102.89,103.45,102.70,103.31,508366
2021-09-03,103.43,103.61,103.01,103.38,451613
2021-09-07,103.18,103.52,102.66,102.68,682831
2021-09-08,102.60,103.04,101.93,101.94,657045
2021-09-09,101.91,103.12,101.90,102.63,574776
2021-09-10,103.30,103.38,102.22,102.23,512863
2021-09-13,102.56,103.30,101.77,102.11,639837
2021-09-14,102.53,102.63,101.14,101.25,631229
2021-09-15,101.45,102.76,101.14,102.60,863958
2021-09-16,102.66,102.93,101.68,102.18,730980
2021-09-17,101.87,102.17,100.10,100.12,1569501
2021-09-20,98.52,98.63,96.85,98.29,1623256
2021-09-21,98.90,99.11,97.76,97.84,841812
2021-09-22,98.46,99.63,98.34,99.00,961770
2021-09-23,100.07,101.27,99.81,101.17,957416
2021-09-24,101.06,101.20,100.45,101.07,608161
2021-09-27,101.21,101.75,101.21,101.35,2842810
2021-09-28,101.08,101.08,99.25,99.80,2119977
2021-09-29,99.81,100.20,99.23,99.24,977965
2021-09-30,99.69,100.30,99.03,99.48,1046808
2021-10-01,99.49,100.35,98.55,99.82,900143
2021-10-04,99.97,101.50,99.80,100.31,840607
2021-10-05,100.77,101.69,100.43,101.17,1056221
2021-10-06,100.50,101.22,99.90,101.15,878983
2021-10-07,101.57,102.19,101.57,101.97,694110
2021-10-08,102.26,103.27,101.80,103.00,830467
2021-10-11,103.33,103.74,102.65,102.73,331438
2021-10-12,102.95,103.41,102.33,102.91,630010
2021-10-13,103.02,103.45,102.19,103.32,669640
2021-10-14,104.26,104.95,104.00,104.84,818891
2021-10-15,105.00,105.77,105.00,105.49,913851
2021-10-18,105.16,106.30,105.06,105.94,896552
2021-10-19,106.40,106.88,106.16,106.44,626344
2021-10-20,106.46,107.44,106.35,107.25,913687
2021-10-21,106.90,107.69,106.79,106.97,1803107
2021-10-22,107.31,108.09,107.21,107.75,931575
2021-10-25,107.13,107.27,106.15,106.95,2201344
2021-10-26,107.13,107.67,107.02,107.06,850545
2021-10-27,106.71,107.45,105.93,105.95,1002887
2021-10-28,106.29,106.62,106.00,106.24,731961
2021-10-29,106.00,106.00,103.91,104.01,1259357
2021-11-01,104.56,104.81,104.03,104.52,633893
2021-11-02,104.18,105.71,103.73,105.42,1650797
2021-11-03,105.27,106.84,105.17,106.67,1525890
2021-11-04,106.56,106.71,105.70,106.34,930395
2021-11-05,106.81,107.01,106.05,106.12,697447
2021-11-08,106.69,106.79,105.73,106.05,599986
2021-11-09,105.86,106.38,105.37,106.26,810660
2021-11-10,106.43,106.91,105.91,105.94,663041
2021-11-11,105.83,106.08,105.44,105.82,497937
2021-11-12,105.97,106.24,105.47,106.18,451137
2021-11-15,106.61,106.89,105.65,105.81,680446
2021-11-16,105.81,105.94,105.14,105.56,1123325
2021-11-17,105.55,105.69,104.52,104.79,616883
2021-11-18,104.79,104.79,104.10,104.63,1166046
2021-11-19,104.01,104.53,103.32,104.34,1339667
2021-11-22,104.51,104.64,103.61,103.65,1938026
2021-11-23,103.01,103.96,102.69,103.91,3771557
2021-11-24,103.56,104.63,103.37,104.30,2081328
2021-11-26,102.71,102.71,101.36,101.52,1776363
2021-11-29,102.54,103.21,101.52,101.70,1665234
2021-11-30,101.11,101.16,98.76,99.03,2718191
2021-12-01,100.50,100.58,98.00,98.01,2007834
2021-12-02,98.85,100.75,98.43,100.10,1587164
2021-12-03,100.52,101.00,99.75,100.21,1430834
2021-12-06,101.01,101.55,100.66,101.17,1211002
2021-12-07,101.99,103.39,101.99,103.09,1247012
2021-12-08,103.07,103.36,102.27,102.49,1110945
2021-12-09,101.85,102.57,101.77,102.02,831060
2021-12-10,102.32,102.59,101.92,102.32,719296
2021-12-13,101.93,102.08,98.55,100.02,3362913
2021-12-14,99.71,100.98,99.61,100.02,1231927
2021-12-15,99.98,101.69,99.93,101.47,1371019
2021-12-16,102.42,103.48,102.34,102.90,2534722
2021-12-17,101.60,103.21,101.48,101.48,2674411
2021-12-20,100.26,101.18,100.06,100.43,2160629
2021-12-21,100.82,102.09,100.82,101.87,1964696
2021-12-22,102.13,103.31,101.84,103.31,895045
2021-12-23,103.49,104.54,103.49,104.33,959402
2021-12-27,104.82,105.73,104.54,105.59,552111
2021-12-28,105.45,106.19,105.45,105.73,502056
2021-12-29,105.01,105.70,105.00,105.29,785726
2021-12-30,105.67,105.77,105.25,105.49,941894
2021-12-31,105.69,106.39,105.60,106.14,878312
2022-01-03,106.41,107.54,106.41,107.07,1515912
2022-01-04,107.22,108.06,106.71,107.57,1909586
2022-01-05,107.69,109.53,107.69,108.34,1279454
2022-01-06,108.79,110.02,108.61,109.91,1196619
2022-01-07,110.25,112.39,110.21,112.13,1527742
2022-01-10,112.26,112.66,111.16,112.46,1312680
2022-01-11,112.34,114.40,112.24,114.39,1026069
2022-01-12,114.75,116.00,114.75,115.97,896526
2022-01-13,116.76,117.30,116.11,116.26,975091
2022-01-14,115.60,117.34,115.36,117.33,1656147
2022-01-18,118.28,119.41,117.78,118.79,2532027
2022-01-19,118.91,119.17,116.65,117.48,2799609
2022-01-20,117.57,118.37,115.94,116.10,2074538
2022-01-21,115.45,115.94,114.17,114.87,3369146
2022-01-24,112.89,113.62,110.79,113.40,3267492
2022-01-25,111.70,112.91,110.11,111.89,2650853
2022-01-26,112.92,113.61,110.90,111.61,3378350
2022-01-27,112.48,113.34,111.11,111.49,1519737
2022-01-28,111.62,112.18,110.93,112.13,1913568
2022-01-31,112.01,114.29,111.92,114.04,1508495
2022-02-01,114.23,115.34,113.80,115.15,1372387
2022-02-02,115.87,116.32,115.30,115.86,1361700
2022-02-03,115.20,115.94,114.93,115.13,1329637
2022-02-04,114.73,115.43,114.19,115.11,1197324
2022-02-07,115.43,115.96,114.86,115.05,1482920
2022-02-08,115.18,116.25,115.03,116.03,1555580
2022-02-09,116.63,116.84,115.27,115.58,1182679
2022-02-10,114.88,116.15,114.23,114.46,1187464
2022-02-11,114.48,116.03,114.17,114.69,1553514
2022-02-14,114.38,114.42,113.05,113.90,1415234
2022-02-15,114.61,114.75,113.55,113.91,1025498
2022-02-16,114.01,114.98,113.75,114.32,963568
2022-02-17,113.72,113.75,111.32,111.34,1113402
2022-02-18,111.29,111.85,110.25,110.52,1280974
2022-02-22,110.35,111.82,110.19,111.53,2083899
2022-02-23,111.75,112.16,109.75,109.91,1572044
2022-02-24,106.03,108.04,105.46,107.48,2299471
2022-02-25,108.80,110.89,108.14,110.49,1802815
2022-02-28,108.98,110.83,108.53,110.42,2782911
2022-03-01,110.21,110.58,107.40,107.80,1601497
2022-03-02,108.75,110.22,108.68,108.99,1681247
2022-03-03,109.03,111.13,108.88,109.64,1378216
2022-03-04,108.07,109.01,107.29,108.70,1464626
2022-03-07,108.30,108.46,106.05,106.40,1790516
2022-03-08,106.25,107.08,104.28,105.02,2051073
2022-03-09,106.69,108.37,106.69,107.63,1166018
2022-03-10,107.17,108.53,107.00,108.28,902361
2022-03-11,109.00,109.88,108.34,108.38,633125
2022-03-14,108.92,110.05,107.79,108.47,880197
2022-03-15,108.76,109.91,107.85,109.72,820924
2022-03-16,111.22,111.89,109.35,111.08,1361307
2022-03-17,110.82,112.40,110.69,112.36,865022
2022-03-18,112.33,113.19,111.35,112.88,1148983
2022-03-21,113.27,113.55,112.82,113.40,782244
2022-03-22,113.76,114.55,113.54,113.82,801090
2022-03-23,113.13,113.31,111.54,111.71,822523
2022-03-24,112.52,113.07,111.47,112.21,595888
2022-03-25,112.40,113.56,112.28,113.36,618669
2022-03-28,112.92,113.06,111.71,112.45,681602
2022-03-29,113.47,113.67,112.19,112.37,1165384
2022-03-30,112.92,113.06,111.45,112.12,720156
2022-03-31,111.58,112.19,110.19,110.27,811116
2022-04-01,110.64,110.75,108.79,109.74,639384
2022-04-04,110.00,111.00,109.39,110.70,741344
2022-04-05,110.73,112.00,110.22,110.47,702123
2022-04-06,110.04,110.36,108.91,109.45,847883
2022-04-07,109.24,109.28,107.08,107.67,874778
2022-04-08,107.69,109.11,107.61,108.70,630234
2022-04-11,108.82,109.71,108.41,108.86,828458
2022-04-12,108.86,109.62,107.40,107.94,900917
2022-04-13,107.43,108.65,106.95,108.58,788481
2022-04-14,108.55,109.27,108.30,108.51,683721
2022-04-18,108.32,109.41,108.10,108.69,575265
2022-04-19,108.98,110.08,108.60,109.95,2182000
2022-04-20,111.22,111.97,110.87,111.22,981944
2022-04-21,111.78,112.67,110.07,110.18,911012
2022-04-22,108.37,108.61,104.33,104.41,2272991
2022-04-25,103.48,103.81,101.71,103.42,1590251
2022-04-26,102.57,103.33,101.46,101.57,838336
2022-04-27,101.10,101.83,100.44,101.14,1054720
2022-04-28,101.47,103.21,101.21,102.73,748695
2022-04-29,102.89,103.43,100.88,101.03,961395
2022-05-02,100.86,101.10,99.33,100.74,842953
2022-05-03,101.12,102.91,101.05,102.05,729921
2022-05-04,102.39,104.28,101.73,104.13,1050547
2022-05-05,103.54,103.72,100.85,101.74,804029
2022-05-06,101.64,101.64,99.75,100.63,805497
2022-05-09,99.13,99.73,97.99,98.09,1080675
2022-05-10,98.96,99.73,96.75,97.04,1473981
2022-05-11,97.17,99.10,96.54,97.25,1417290
2022-05-12,96.27,96.89,95.02,96.14,990319
2022-05-13,96.89,98.36,96.78,98.05,784302
2022-05-16,98.07,99.19,97.20,98.77,974818
2022-05-17,99.71,100.51,98.65,99.28,1530167
2022-05-18,98.67,98.96,97.28,97.78,900337
2022-05-19,97.52,100.00,97.24,99.20,1536810
2022-05-20,100.01,100.19,97.72,99.17,920700
2022-05-23,100.76,101.84,100.35,100.78,566882
2022-05-24,100.98,101.22,99.17,100.49,965881
2022-05-25,100.29,100.98,99.65,100.35,1484498
2022-05-26,100.78,101.12,99.70,100.69,1018052
2022-05-27,101.23,103.43,101.14,103.04,1136044
2022-05-31,103.65,105.00,103.22,104.48,994961
2022-06-01,105.00,105.65,104.17,104.80,868579
2022-06-02,104.84,105.93,104.33,105.71,572076
2022-06-03,105.03,105.54,104.59,104.77,615927
2022-06-06,105.41,106.43,105.15,105.33,570864
2022-06-07,104.90,106.40,104.75,106.26,559454
2022-06-08,105.95,106.07,104.41,105.10,875296
2022-06-09,104.68,105.14,103.05,103.05,874971
2022-06-10,101.33,101.48,99.98,100.61,1211329
2022-06-13,98.47,99.03,97.81,98.26,1428610
2022-06-14,98.30,98.58,96.44,97.26,1100998
2022-06-15,97.51,99.25,96.46,98.20,1047002
2022-06-16,96.68,97.10,95.11,96.48,1111881
2022-06-17,95.92,96.56,94.94,95.59,912292
2022-06-21,97.67,98.30,97.48,97.83,868644
2022-06-22,96.84,97.50,96.12,96.74,1054409
2022-06-23,96.48,96.72,94.23,94.97,902368
2022-06-24,95.50,96.76,95.31,96.48,1102030
2022-06-27,96.90,97.48,96.07,96.86,871746
2022-06-28,97.60,98.73,96.90,97.31,792342
2022-06-29,97.54,98.32,97.10,97.68,798282
2022-06-30,96.68,97.05,95.63,96.82,996110
2022-07-01,96.42,97.81,96.01,97.45,623459
2022-07-05,96.16,96.50,94.28,95.77,995560
2022-07-06,95.81,96.45,95.08,96.25,775068
2022-07-07,96.95,98.77,96.89,98.24,850254
2022-07-08,98.24,99.15,97.91,98.42,616602
2022-07-11,97.75,98.20,97.02,97.92,1007219
2022-07-12,97.38,99.06,97.18,98.01,885898
2022-07-13,97.47,97.68,95.95,97.38,1046525
2022-07-14,95.03,95.09,90.93,91.09,2289838
2022-07-15,92.20,92.45,90.75,91.12,1452020
2022-07-18,92.26,94.48,92.26,93.07,1026177
2022-07-19,94.23,95.97,93.60,95.78,947164
2022-07-20,95.59,96.20,95.04,96.06,1331830
2022-07-21,95.96,96.57,95.04,96.40,695904
2022-07-22,96.53,97.12,95.34,95.74,1889948
2022-07-25,95.59,96.42,95.31,95.90,1965316
2022-07-26,95.16,96.02,94.16,94.55,535091
2022-07-27,94.82,96.20,94.56,95.68,854323
2022-07-28,95.85,96.73,94.78,96.53,834274
2022-07-29,96.76,98.15,96.53,97.51,656685
2022-08-01,97.16,97.60,96.75,97.26,453823
2022-08-02,96.35,97.32,96.00,96.49,552210
2022-08-03,97.13,98.79,96.94,98.36,720577
2022-08-04,98.26,98.42,97.58,98.37,1099558
2022-08-05,97.73,97.98,97.14,97.77,410749
2022-08-08,98.48,98.48,96.80,96.90,560233
2022-08-09,96.91,97.09,95.94,96.36,619652
2022-08-10,97.54,98.95,97.40,98.45,659797
2022-08-11,99.02,99.80,98.96,99.34,416722
2022-08-12,99.75,100.45,99.20,100.26,593133
2022-08-15,98.97,99.62,98.49,99.54,497771
2022-08-16,99.50,100.98,99.35,100.70,534744
2022-08-17,99.75,100.27,99.36,100.00,541225
2022-08-18,100.38,100.50,99.92,100.21,375063
2022-08-19,99.54,99.80,98.66,99.30,483049
2022-08-22,98.25,98.29,97.14,97.80,768838
2022-08-23,97.45,97.93,96.81,97.52,694170
2022-08-24,95.00,95.29,93.84,95.01,1664034
2022-08-25,95.33,97.85,95.10,97.34,860293
2022-08-26,97.79,97.96,95.85,95.85,725942
2022-08-29,95.01,96.33,94.90,96.17,545946
2022-08-30,96.26,96.66,93.74,94.03,616818
2022-08-31,93.93,94.04,93.04,93.04,618842
2022-09-01,92.33,92.75,91.07,92.65,682235
2022-09-02,93.70,95.25,93.26,93.64,714905
2022-09-06,93.90,94.24,92.11,93.16,688078
2022-09-07,92.93,94.68,92.20,94.47,634829
2022-09-08,94.10,96.18,93.69,95.94,777291
2022-09-09,96.84,98.28,96.84,98.04,587115
2022-09-12,98.95,99.77,98.60,99.31,662384
2022-09-13,97.46,97.94,96.03,96.38,661977
2022-09-14,96.85,97.25,95.86,96.42,506989
2022-09-15,96.35,97.95,95.93,96.67,620988
2022-09-16,95.50,95.79,94.75,95.31,862413
2022-09-19,94.29,96.46,93.96,96.26,589121
2022-09-20,95.57,95.57,94.35,95.24,572579
2022-09-21,95.51,95.68,93.39,93.39,647632
2022-09-22,93.50,93.80,92.53,92.68,578528
2022-09-23,91.42,91.65,89.90,90.78,784439
2022-09-26,89.76,91.12,89.29,90.20,666111
2022-09-27,91.02,91.23,89.34,89.57,936235
2022-09-28,89.50,92.03,89.18,91.54,1100393
2022-09-29,90.82,91.19,89.64,90.84,805730
2022-09-30,91.10,91.84,89.80,90.04,912946
2022-10-03,91.25,92.69,90.73,92.01,974641
2022-10-04,93.07,95.51,92.87,95.21,1041395
2022-10-05,93.55,94.33,92.98,94.16,1038793
2022-10-06,93.42,93.76,89.92,90.59,1037831
2022-10-07,90.27,90.42,87.93,88.06,1133556
2022-10-10,88.65,88.84,87.58,87.72,503794
2022-10-11,87.39,87.39,85.28,85.51,931013
2022-10-12,85.51,86.52,85.14,85.83,694139
2022-10-13,84.21,89.44,83.63,88.73,1111743
2022-10-14,89.14,89.84,87.68,87.81,649456
2022-10-17,89.61,90.74,89.31,89.99,542062
2022-10-18,91.47,91.84,89.93,90.34,1132848
2022-10-19,89.95,90.15,88.60,89.60,450545
2022-10-20,89.53,90.44,87.96,88.37,1737253
2022-10-21,88.79,90.79,88.07,90.72,771051
2022-10-24,91.12,91.23,90.09,90.81,2053928
2022-10-25,89.37,91.25,89.34,91.02,1920854
2022-10-26,90.94,92.58,90.79,91.64,782457
2022-10-27,92.29,93.16,91.69,91.95,457774
2022-10-28,91.76,92.45,91.56,92.25,598047
2022-10-31,91.87,92.77,91.82,92.47,543368
2022-11-01,93.35,93.91,92.21,92.47,643642
2022-11-02,92.49,94.26,91.58,91.72,748351
2022-11-03,90.71,91.66,90.32,91.26,598006
2022-11-04,93.32,94.71,93.18,94.45,691869
2022-11-07,94.67,95.36,94.28,95.04,669411
2022-11-08,95.30,96.70,94.98,95.81,522092
2022-11-09,95.42,96.02,94.20,94.37,721540
2022-11-10,96.22,98.28,96.03,98.18,828765
2022-11-11,98.78,99.81,98.20,99.28,599419
2022-11-14,99.20,99.45,98.68,98.88,628681
2022-11-15,99.70,100.05,98.15,99.17,484198
2022-11-16,99.06,99.21,98.18,98.63,435080
2022-11-17,97.54,99.33,97.54,99.28,312168
2022-11-18,99.43,99.98,99.01,99.13,578467
2022-11-21,98.64,98.94,97.98,98.80,397509
2022-11-22,99.31,101.06,98.98,100.81,685403
2022-11-23,100.60,101.43,100.07,100.89,648650
2022-11-25,100.80,101.31,100.80,100.90,185901
2022-11-28,100.18,100.79,98.50,98.64,736526
2022-11-29,97.89,98.64,96.75,98.41,863304
2022-11-30,99.92,99.94,97.15,99.78,1409890
2022-12-01,100.10,100.96,98.95,100.26,810759
2022-12-02,99.28,100.19,99.18,99.64,683605
2022-12-05,99.57,99.70,97.83,98.26,667551
2022-12-06,98.18,98.27,96.03,96.85,543424
2022-12-07,96.67,97.30,96.35,96.63,529502
2022-12-08,97.18,97.44,96.03,96.64,460953
2022-12-09,96.20,96.73,95.84,95.93,479222
2022-12-12,96.06,97.20,95.41,96.98,564857
2022-12-13,98.55,98.64,95.02,95.97,7273544
2022-12-14,95.95,96.56,95.02,95.48,838751
2022-12-15,94.42,94.76,93.14,93.79,920955
2022-12-16,92.98,94.06,92.88,93.45,2320768
2022-12-19,93.90,94.25,92.51,92.81,643243
2022-12-20,93.41,94.38,93.12,93.67,609303
2022-12-21,93.82,95.05,93.82,94.57,642627
2022-12-22,93.83,93.97,92.36,93.66,1221749
2022-12-23,93.31,94.52,93.31,94.37,846346
2022-12-27,94.84,95.20,94.24,94.85,273190
2022-12-28,94.81,95.30,93.62,93.74,814258
2022-12-29,94.36,95.16,94.08,95.03,1135809
2022-12-30,94.51,95.16,93.47,94.02,755669
2023-01-03,94.01,94.51,93.30,93.67,785966
2023-01-04,95.00,96.45,94.54,95.81,817369
2023-01-05,94.81,95.37,94.11,94.80,500725
2023-01-06,95.31,97.07,94.98,96.98,582750
2023-01-09,97.22,98.64,97.22,98.16,779256
2023-01-10,98.42,99.08,97.96,98.97,1385742
2023-01-11,99.20,99.65,98.54,98.94,806492
2023-01-12,99.46,100.38,98.74,99.88,890188
2023-01-13,99.14,100.55,99.01,100.27,728989
2023-01-17,100.78,101.30,100.42,101.07,883457
2023-01-18,101.24,101.57,99.61,99.66,758123
2023-01-19,99.42,100.07,99.06,99.87,686453
2023-01-20,100.00,100.69,99.15,100.68,1730376
2023-01-23,100.66,101.09,99.63,100.75,840611
2023-01-24,101.00,101.23,100.18,100.99,2250418
2023-01-25,99.94,100.11,99.04,99.73,2781989
2023-01-26,100.37,101.87,100.22,101.73,869231
2023-01-27,101.89,101.89,100.91,101.13,476517
2023-01-30,100.49,101.44,100.49,100.87,765295
2023-01-31,100.87,102.43,100.41,102.36,689185
2023-02-01,102.16,103.15,101.36,102.72,954327
2023-02-02,102.93,103.08,102.14,102.45,485591
2023-02-03,101.28,103.28,101.28,103.09,589951
2023-02-06,102.54,102.83,101.76,102.74,607717
2023-02-07,102.48,103.90,102.14,103.37,558459
2023-02-08,102.90,103.83,102.84,103.75,954310
2023-02-09,104.45,104.72,102.93,103.37,747285
2023-02-10,103.87,104.32,103.52,103.93,415084
2023-02-13,103.72,104.57,103.55,104.14,928668
2023-02-14,103.88,104.67,103.24,104.10,387219
2023-02-15,102.81,103.59,102.57,103.54,382181
2023-02-16,103.02,103.74,102.81,103.08,376759
2023-02-17,102.20,103.45,102.07,103.07,714333
2023-02-21,102.36,102.72,101.60,102.11,922872
2023-02-22,102.05,102.05,100.57,100.73,613119
2023-02-23,101.32,101.33,99.72,100.60,485528
2023-02-24,99.22,100.90,98.95,100.85,552211
2023-02-27,101.36,102.49,101.23,101.68,617117
2023-02-28,101.37,102.12,100.95,101.48,1030861
2023-03-01,100.35,100.56,97.11,98.33,1473589
2023-03-02,97.98,100.30,97.69,100.22,943861
2023-03-03,100.39,100.85,100.11,100.59,512364
2023-03-06,100.48,101.24,100.24,100.76,458797
2023-03-07,100.32,100.45,98.59,99.30,737656
2023-03-08,98.66,99.62,98.66,99.36,640252
2023-03-09,99.44,99.71,97.51,97.88,1456410
2023-03-10,97.50,98.00,95.80,96.24,1594375
2023-03-13,94.93,96.45,93.55,95.62,1766879
2023-03-14,97.96,98.07,96.03,97.14,1299201
2023-03-15,94.38,95.08,93.55,94.88,1340526
2023-03-16,94.39,96.39,93.32,95.26,1716208
2023-03-17,94.31,94.31,92.42,92.65,1206305
2023-03-20,93.14,94.59,93.12,94.12,707519
2023-03-21,95.36,95.80,94.46,94.67,833618
2023-03-22,95.14,95.35,93.25,93.26,899719
2023-03-23,93.87,94.65,92.21,92.66,816377
2023-03-24,91.31,92.38,90.99,92.19,550159
2023-03-27,93.46,93.82,92.71,93.55,561910
2023-03-28,93.60,94.04,93.11,93.52,463851
2023-03-29,94.11,94.63,93.83,94.46,615514
2023-03-30,95.42,95.66,94.76,94.95,398894
2023-03-31,95.14,95.61,95.01,95.58,591655
2023-04-03,96.75,97.61,96.60,97.58,791930
2023-04-04,97.71,98.09,96.08,97.02,725858
2023-04-05,96.66,96.96,96.24,96.87,484938
2023-04-06,96.77,96.90,96.03,96.83,551153
2023-04-10,96.20,97.21,96.00,97.12,392773
2023-04-11,97.38,98.38,97.33,97.86,678579
2023-04-12,98.40,98.65,97.33,98.10,740564
2023-04-13,98.53,99.10,98.03,99.05,416576
2023-04-14,99.85,100.12,99.13,99.37,694758
2023-04-17,99.15,99.75,98.71,99.73,606017
2023-04-18,100.00,100.56,99.78,100.28,501802
2023-04-19,99.98,100.31,99.69,100.12,423211
2023-04-20,99.51,100.33,99.40,100.00,4761403
2023-04-21,99.60,100.02,98.98,99.94,1364238
2023-04-24,99.03,99.05,98.20,98.67,2675080
2023-04-25,98.06,98.40,96.20,96.64,695356
2023-04-26,96.70,97.41,96.18,96.94,560309
2023-04-27,97.43,98.62,97.41,98.44,1046151
2023-04-28,97.71,99.31,97.67,99.31,618399
2023-05-01,99.52,100.01,99.11,99.19,923804
2023-05-02,98.64,98.68,96.05,96.49,967924
2023-05-03,96.54,97.33,96.16,96.24,776132
2023-05-04,95.77,95.81,94.55,95.50,935367
2023-05-05,97.03,98.04,96.62,97.94,803015
2023-05-08,98.55,99.14,97.88,98.21,691004
2023-05-09,96.90,97.33,96.09,96.77,698527
2023-05-10,97.23,97.23,95.57,96.41,637625
2023-05-11,95.76,96.36,95.42,96.22,408003
2023-05-12,96.49,96.90,95.37,95.89,360642
2023-05-15,96.22,97.31,96.22,97.22,415091
2023-05-16,96.50,97.14,95.00,95.19,1396645
2023-05-17,95.62,95.88,94.74,95.67,608594
2023-05-18,95.33,95.47,94.09,94.80,773931
2023-05-19,95.11,95.22,93.82,94.20,740290
2023-05-22,94.42,94.42,93.37,94.16,525647
2023-05-23,94.01,94.22,93.25,93.34,717164
2023-05-24,92.31,92.63,90.91,91.10,1010931
2023-05-25,89.96,90.88,88.03,89.10,1924580
2023-05-26,89.12,90.70,88.89,90.41,754388
2023-05-30,90.92,90.92,90.06,90.54,838183
2023-05-31,90.01,90.23,89.17,89.48,857388
2023-06-01,89.65,91.02,89.25,90.38,1448961
2023-06-02,91.05,92.54,91.01,92.43,425928
2023-06-05,92.71,92.90,91.34,91.46,462535
2023-06-06,91.17,92.32,91.17,92.28,368754
2023-06-07,92.15,92.66,91.53,92.02,759418
2023-06-08,92.11,92.56,91.35,92.34,448046
2023-06-09,92.43,92.94,92.11,92.83,403767
2023-06-12,92.57,92.88,92.26,92.77,366435
2023-06-13,93.07,94.35,92.95,93.77,528353
2023-06-14,94.28,94.68,93.50,93.88,523923
2023-06-15,94.10,95.37,93.78,95.23,473835
2023-06-16,95.35,96.11,95.17,95.45,757883
2023-06-20,94.62,94.80,93.90,94.36,534012
2023-06-21,94.29,95.06,93.98,94.69,456045
2023-06-22,94.28,94.69,93.77,94.02,606546
2023-06-23,93.13,93.20,92.59,92.76,600919
2023-06-26,92.76,94.35,92.76,93.99,428726
2023-06-27,94.21,95.28,94.07,95.05,527413
2023-06-28,94.69,94.80,93.79,94.29,422201
2023-06-29,94.22,94.98,94.09,94.76,1016371
2023-06-30,95.03,95.95,94.95,95.51,662566
2023-07-03,95.68,96.51,95.62,96.15,143501
2023-07-05,95.53,95.98,95.10,95.69,1520807
2023-07-06,94.90,95.00,93.66,93.92,1261667
2023-07-07,93.89,94.96,93.78,94.52,737581
2023-07-10,94.45,94.63,94.20,94.33,377769
2023-07-11,94.40,95.10,94.20,95.08,1130105
2023-07-12,95.82,96.00,95.23,95.68,1166921
2023-07-13,95.86,97.46,95.86,97.18,851193
2023-07-14,97.40,97.90,96.80,96.86,630469
2023-07-17,96.97,97.91,96.79,97.85,361273
2023-07-18,97.80,98.69,97.50,98.44,814933
2023-07-19,98.55,99.12,97.94,98.87,592164
2023-07-20,98.94,99.28,98.66,99.01,5548663
2023-07-21,98.90,99.30,98.65,99.11,620363
2023-07-24,99.50,100.83,99.18,100.28,1382594
2023-07-25,99.30,99.44,97.94,98.71,2287409
2023-07-26,98.25,99.07,97.90,98.59,682728
2023-07-27,99.00,99.42,98.11,98.32,639435
2023-07-28,99.11,99.37,98.40,98.52,772905
2023-07-31,98.88,99.74,98.65,99.13,1313838
2023-08-01,98.42,98.49,97.00,97.61,1216755
2023-08-02,96.75,97.00,96.01,96.26,1050960
2023-08-03,95.91,95.99,95.31,95.60,709315
2023-08-04,95.63,96.76,95.37,95.82,541089
2023-08-07,96.19,96.59,96.17,96.35,252924
2023-08-08,94.62,95.28,94.09,95.01,2594133
2023-08-09,95.01,95.20,94.59,94.98,415928
2023-08-10,95.52,96.28,94.97,95.00,461013
2023-08-11,94.80,95.38,94.58,94.84,1509742
2023-08-14,94.50,94.69,93.80,94.27,1098343
2023-08-15,93.65,93.81,91.78,91.90,709028
2023-08-16,91.64,92.18,90.95,91.16,563340
2023-08-17,91.77,93.06,90.44,90.48,1216138
2023-08-18,90.07,90.29,89.58,89.71,720270
2023-08-21,90.02,90.25,89.27,89.57,1159400
2023-08-22,89.68,89.73,88.25,88.28,810904
2023-08-23,88.41,89.45,88.14,88.86,983200
2023-08-24,89.30,90.61,88.95,90.31,1062566
2023-08-25,90.32,91.23,88.49,88.98,1159270
2023-08-28,89.00,89.80,88.80,89.68,617747
2023-08-29,89.58,90.64,89.33,90.42,905752
2023-08-30,90.78,91.25,90.67,90.84,528100
2023-08-31,90.86,91.41,89.84,90.10,775427
2023-09-01,90.30,90.72,90.14,90.32,753703
2023-09-05,90.34,90.57,89.39,89.43,634928
2023-09-06,89.20,89.37,88.41,88.90,633972
2023-09-07,88.64,89.02,87.56,87.90,689454
2023-09-08,88.04,88.41,87.46,88.09,554429
2023-09-11,88.42,89.00,87.83,88.65,544968
2023-09-12,88.68,89.59,88.56,89.41,541668
2023-09-13,89.59,90.80,89.59,89.98,659999
2023-09-14,90.58,91.67,90.58,91.31,720297
2023-09-15,91.07,91.65,90.99,91.51,1317577
2023-09-18,91.86,92.10,91.14,91.39,826359
2023-09-19,91.83,91.87,90.76,91.05,441465
2023-09-20,91.28,91.88,91.12,91.13,351790
2023-09-21,90.34,90.77,89.57,89.57,969673
2023-09-22,89.80,90.20,89.08,89.14,706939
2023-09-25,88.99,89.65,88.43,89.49,721645
2023-09-26,88.76,89.02,87.75,87.93,516442
2023-09-27,88.29,88.30,86.64,86.85,1595498
2023-09-28,87.02,88.51,86.94,88.02,1725077
2023-09-29,88.78,88.78,87.34,87.44,2184502
2023-10-02,87.14,87.26,84.65,84.80,2008531
2023-10-03,84.24,84.53,82.18,82.52,4661960
2023-10-04,82.69,83.12,80.94,83.11,916234
2023-10-05,83.00,83.96,82.99,83.94,748207
2023-10-06,83.71,84.31,82.22,84.08,926149
2023-10-09,83.50,84.30,83.09,84.06,368779
2023-10-10,84.33,85.24,84.20,85.09,802102
2023-10-11,85.38,85.99,84.92,85.59,645172
2023-10-12,85.48,85.73,84.12,84.40,573118
2023-10-13,84.67,85.23,83.67,83.86,635439
2023-10-16,84.39,85.47,83.99,85.37,782275
2023-10-17,84.56,85.77,84.49,84.68,1034782
2023-10-18,84.23,84.34,82.76,82.90,1311509
2023-10-19,82.73,83.74,82.30,82.43,774374
2023-10-20,82.11,82.47,80.88,80.97,1126441
2023-10-23,80.48,82.21,80.30,81.31,4060767
2023-10-24,81.61,81.61,79.94,80.39,3075881
2023-10-25,78.69,79.70,78.21,79.11,3218538
2023-10-26,78.90,80.22,78.71,79.70,1048769
2023-10-27,79.97,79.97,77.90,78.19,1818221
2023-10-30,79.10,80.06,79.03,79.67,2909776
2023-10-31,79.78,79.94,79.12,79.88,704895
2023-11-01,79.97,80.38,79.14,80.30,1122102
2023-11-02,80.99,83.56,80.96,83.56,1229939
2023-11-03,84.34,85.13,84.14,84.88,2507918
2023-11-06,85.54,85.72,84.56,84.89,830703
2023-11-07,84.38,84.38,83.80,84.12,574224
2023-11-08,83.90,84.38,83.60,84.08,678086
2023-11-09,84.26,85.29,84.09,84.17,802516
2023-11-10,84.44,84.80,83.57,84.65,661851
2023-11-13,84.48,85.22,84.28,84.68,761941
2023-11-14,85.82,87.23,85.67,87.02,1175757
2023-11-15,87.46,88.12,87.11,87.61,1047373
2023-11-16,87.28,87.51,86.75,87.01,1006263
2023-11-17,87.59,88.27,87.50,88.00,884633
2023-11-20,87.70,88.25,87.38,87.83,809457
2023-11-21,87.78,88.36,87.31,87.44,946965
2023-11-22,87.42,87.47,86.53,86.89,1407583
2023-11-24,86.99,87.74,86.63,87.63,400093
2023-11-27,87.15,87.15,86.48,86.76,730576
2023-11-28,86.10,86.55,85.02,86.42,1485604
2023-11-29,86.62,87.72,86.36,87.33,1294453
2023-11-30,88.60,90.54,88.49,90.40,1945996
2023-12-01,90.27,91.21,89.85,91.09,1660390
2023-12-04,90.26,91.23,90.21,91.01,3120143
2023-12-05,90.74,91.77,90.74,91.23,1134465
2023-12-06,91.78,92.55,91.05,91.09,825187
2023-12-07,91.24,91.53,90.71,91.42,609753
2023-12-08,91.55,92.47,91.43,92.18,560587
2023-12-11,92.11,92.54,91.77,92.46,514639
2023-12-12,92.47,92.47,91.78,92.35,595238
2023-12-13,92.71,95.34,91.99,95.29,1077898
2023-12-14,95.95,97.79,95.88,97.61,1416092
2023-12-15,97.85,98.61,97.54,98.16,1802278
2023-12-18,98.73,99.36,98.43,98.86,1299757
2023-12-19,99.31,100.19,99.23,100.03,1194370
2023-12-20,99.97,100.84,98.97,98.97,971934
2023-12-21,99.68,100.50,99.68,100.18,1015196
2023-12-22,100.63,101.22,100.46,100.78,779626
2023-12-26,100.98,101.95,100.91,101.95,414194
2023-12-27,101.44,102.07,101.31,101.60,739409
2023-12-28,101.43,101.81,101.11,101.33,609813
2023-12-29,101.19,101.79,100.97,101.13,428362
2024-01-02,100.05,100.80,99.86,100.49,703411
2024-01-03,100.00,100.30,99.36,100.01,682546
2024-01-04,100.00,101.07,99.96,100.17,1614089
2024-01-05,100.26,101.36,100.03,100.75,1213235
2024-01-08,100.58,101.40,100.19,101.31,1105029
2024-01-09,100.52,101.33,100.09,100.99,1757232
2024-01-10,101.03,101.31,100.01,100.65,1410767
2024-01-11,100.24,100.62,98.81,99.55,841031
2024-01-12,100.07,100.40,98.55,98.56,705675
2024-01-16,97.81,98.40,97.43,98.35,703192
2024-01-17,97.51,97.96,96.69,97.48,584960
2024-01-18,98.10,98.52,97.75,98.17,555898
2024-01-19,98.48,99.82,97.65,99.62,691174
2024-01-22,99.62,99.85,98.58,98.95,2630301
2024-01-23,98.95,99.51,98.81,99.27,2198062
2024-01-24,98.89,99.25,97.60,97.83,2970317
2024-01-25,98.27,98.42,97.44,98.21,7576870
2024-01-26,98.24,99.01,98.21,98.85,481809
2024-01-29,98.68,99.01,97.96,98.99,488315
2024-01-30,98.96,99.42,98.27,99.28,727287
2024-01-31,99.20,99.78,97.26,97.61,825490
2024-02-01,97.61,98.25,97.14,98.20,900462
2024-02-02,97.65,97.79,96.79,97.44,523217
2024-02-05,97.03,97.19,96.00,96.44,2146012
2024-02-06,96.48,97.16,96.25,96.94,371868
2024-02-07,97.01,97.31,96.40,97.03,815080
2024-02-08,96.94,97.03,95.64,96.76,1208454
2024-02-09,96.80,97.50,96.52,97.34,1163460
2024-02-12,97.48,97.94,97.04,97.76,1673600
2024-02-13,96.78,96.97,93.97,94.70,1260728
2024-02-14,95.19,96.79,95.19,96.77,581706
2024-02-15,97.16,98.55,96.92,97.97,1057666
2024-02-16,97.68,98.72,97.58,97.83,1103872
2024-02-20,97.30,98.66,97.13,98.02,1365342
2024-02-21,98.12,98.18,97.35,97.68,1232871
2024-02-22,98.07,98.74,97.89,98.14,1061682
2024-02-23,98.46,98.97,98.31,98.66,434145
2024-02-26,98.48,99.06,97.78,97.97,1036606
2024-02-27,97.39,97.90,96.46,96.92,1602768
2024-02-28,96.92,98.18,96.39,96.46,898128
2024-02-29,96.83,97.25,96.08,97.08,1475129
2024-03-01,97.16,97.93,96.56,97.33,754784
2024-03-04,97.00,97.68,96.77,97.18,2146321
2024-03-05,97.11,98.25,97.04,97.96,1459377
2024-03-06,98.62,99.14,97.88,98.23,835918
2024-03-07,98.77,99.40,98.62,99.40,656929
2024-03-08,99.70,99.81,99.03,99.33,382461
2024-03-11,98.99,100.12,98.69,100.03,549091
2024-03-12,100.00,100.78,99.34,100.60,714749
2024-03-13,100.70,101.44,100.64,101.08,610817
2024-03-14,100.94,101.18,99.19,99.76,1030721
2024-03-15,99.68,99.94,98.76,99.34,672912
2024-03-18,99.40,99.56,98.56,99.27,483687
2024-03-19,99.17,99.45,98.77,98.81,687562
2024-03-20,98.43,100.47,98.23,100.40,608335
2024-03-21,100.51,101.50,100.35,100.88,670601
2024-03-22,100.88,101.06,99.31,99.38,458316
2024-03-25,99.55,100.11,99.39,99.42,7055977
2024-03-26,99.43,99.75,99.04,99.15,529454
2024-03-27,99.11,100.40,99.11,100.40,591949
2024-03-28,100.40,101.26,100.19,100.88,594635
2024-04-01,100.88,101.00,99.83,100.30,566291
2024-04-02,99.90,100.00,99.24,99.61,1757129
2024-04-03,99.49,100.72,99.36,100.26,1741516
2024-04-04,101.11,102.32,100.51,100.98,2542805
2024-04-05,101.00,102.54,100.70,102.34,784681
2024-04-08,102.35,103.08,102.21,103.05,771942
2024-04-09,103.30,103.88,101.84,102.78,831807
2024-04-10,101.49,101.49,100.20,100.94,1374112
2024-04-11,100.88,100.95,99.56,100.36,822467
2024-04-12,99.46,99.88,98.14,98.53,826478
2024-04-15,99.29,99.72,97.50,97.92,583599
2024-04-16,97.33,97.42,96.20,96.40,911309
2024-04-17,96.56,97.93,96.13,96.78,821002
2024-04-18,96.73,97.70,96.43,96.90,675645
2024-04-19,97.00,98.12,96.73,97.86,882487
2024-04-22,98.38,99.32,98.07,99.20,3192867
2024-04-23,99.49,100.25,99.25,99.85,1954008
2024-04-24,98.79,98.81,96.82,97.27,3537112
2024-04-25,96.44,97.97,95.84,97.68,649138
2024-04-26,97.97,98.45,97.60,98.16,502507
2024-04-29,98.31,98.67,97.60,97.99,697407
2024-04-30,97.18,97.96,96.74,96.83,799543
2024-05-01,96.98,98.29,96.52,97.38,534757
2024-05-02,98.04,99.34,97.72,99.22,1936711
2024-05-03,100.11,101.31,99.99,101.17,2470596
2024-05-06,101.84,102.04,100.96,101.82,1595965
2024-05-07,102.00,102.12,100.89,101.02,634532
2024-05-08,100.62,101.98,100.32,101.85,564941
2024-05-09,102.10,103.11,101.96,103.09,618636
2024-05-10,103.48,104.08,103.18,103.21,540065
2024-05-13,103.50,104.71,103.30,104.61,561560
2024-05-14,104.99,105.00,103.92,104.30,593245
2024-05-15,104.55,105.52,104.22,105.49,606142
2024-05-16,105.32,106.49,105.18,105.99,812742
2024-05-17,106.15,106.87,105.77,106.79,1492648
2024-05-20,106.79,107.19,105.84,105.84,327990
2024-05-21,105.48,106.38,105.26,105.88,658566
2024-05-22,105.39,106.43,105.00,105.96,933911
2024-05-23,106.48,106.65,104.28,104.61,570303
2024-05-24,104.29,105.77,104.19,105.30,862648
2024-05-28,105.31,105.49,104.62,105.04,427922
2024-05-29,104.19,104.31,102.80,102.85,668772
2024-05-30,105.10,108.66,105.00,108.40,1630508
2024-05-31,109.25,109.47,107.45,109.27,1654522
2024-06-03,109.50,109.51,107.52,108.60,614638
2024-06-04,107.41,108.44,107.00,107.48,568281
2024-06-05,107.83,108.07,106.40,107.11,605105
2024-06-06,107.30,107.67,106.59,107.62,418502
2024-06-07,107.10,107.23,106.22,106.39,395016
2024-06-10,106.07,106.42,105.66,106.23,1807216
2024-06-11,105.60,105.78,105.02,105.38,382767
2024-06-12,106.15,106.69,105.25,105.50,652157
2024-06-13,105.31,105.32,104.00,104.39,537516
2024-06-14,103.69,104.06,102.44,103.94,597137
2024-06-17,103.70,103.78,102.69,103.59,884787
2024-06-18,103.59,104.39,103.36,103.81,979829
2024-06-20,103.41,103.65,102.83,103.38,1024886
2024-06-21,103.03,103.83,102.52,103.63,954576
2024-06-24,104.12,106.36,104.12,106.22,814301
2024-06-25,106.39,106.70,105.61,106.36,1031947
2024-06-26,105.60,105.69,105.06,105.60,482560
2024-06-27,105.70,106.23,105.21,106.13,482216
2024-06-28,106.13,106.73,105.95,106.38,632923
2024-07-01,106.83,107.32,105.97,105.98,420147
2024-07-02,106.00,107.67,105.92,107.52,714288
2024-07-03,108.19,109.60,107.95,109.02,473703
2024-07-05,110.00,110.21,108.77,108.80,828559
2024-07-08,109.00,109.45,108.78,109.19,2193837
2024-07-09,109.01,110.27,108.77,109.59,2244183
2024-07-10,109.91,110.81,109.65,110.76,2750739
2024-07-11,111.24,111.40,110.27,110.27,675536
2024-07-12,110.54,111.49,110.32,111.21,737713
2024-07-15,111.33,111.40,110.61,110.81,676192
2024-07-16,110.82,110.95,110.18,110.54,665336
2024-07-17,110.15,112.28,110.01,112.01,629448
2024-07-18,112.05,112.63,111.57,112.08,791361
2024-07-19,111.86,112.67,110.95,111.13,1723367
2024-07-22,111.65,112.01,111.03,111.60,1218104
2024-07-23,111.82,111.82,110.42,110.51,3533595
2024-07-24,110.33,110.82,109.77,110.31,2307197
2024-07-25,108.83,110.10,108.62,109.59,1688030
2024-07-26,109.78,111.02,109.65,110.67,667352
2024-07-29,110.63,110.90,109.98,110.22,448763
2024-07-30,110.42,111.94,110.28,111.14,722700
2024-07-31,111.42,112.52,111.19,111.74,434535
2024-08-01,111.64,111.90,109.15,109.87,771359
2024-08-02,108.50,108.94,107.06,107.46,681685
2024-08-05,103.00,106.07,102.89,105.65,788251
2024-08-06,105.75,107.57,105.31,107.22,888903
2024-08-07,108.18,108.33,106.35,107.38,979923
2024-08-08,107.69,109.50,107.61,108.73,1920705
2024-08-09,108.95,109.17,108.24,109.13,1726914
2024-08-12,109.22,109.22,108.10,108.26,1138933
2024-08-13,108.89,109.53,108.52,109.48,637053
2024-08-14,109.48,110.52,109.45,110.37,601032
2024-08-15,111.00,111.44,110.60,110.71,722984
2024-08-16,110.85,111.86,110.85,111.81,729376
2024-08-19,111.87,113.11,111.87,112.78,4058843
2024-08-20,112.74,112.74,112.14,112.58,555973
2024-08-21,112.58,113.24,112.55,112.94,656972
2024-08-22,112.98,113.51,112.55,113.34,790377
2024-08-23,113.95,116.56,113.91,115.52,995417
2024-08-26,115.77,116.30,115.49,115.68,531549
2024-08-27,115.82,116.64,115.70,116.40,710530
2024-08-28,117.25,119.92,116.90,118.84,1523481
2024-08-29,119.81,120.68,119.02,119.20,908622
2024-08-30,119.22,121.12,119.15,120.78,940217
2024-09-03,120.17,121.22,120.03,120.84,855044
2024-09-04,120.68,122.28,120.37,122.08,713023
2024-09-05,122.51,122.91,121.11,121.49,464131
2024-09-06,121.84,122.31,119.94,120.93,759529
2024-09-09,121.29,123.19,121.27,122.98,737248
2024-09-10,122.81,122.81,121.06,122.27,697804
2024-09-11,121.85,123.54,120.79,123.28,528037
2024-09-12,123.20,124.00,122.98,123.96,533989
2024-09-13,124.31,124.31,123.38,123.59,589274
2024-09-16,124.00,124.46,122.85,123.33,696711
2024-09-17,123.48,123.53,122.28,122.86,555823
2024-09-18,122.78,123.72,122.05,122.56,588208
2024-09-19,123.60,124.00,122.20,123.06,656976
2024-09-20,123.20,123.20,121.67,121.92,1270266
2024-09-23,122.19,123.28,121.83,123.14,607215
2024-09-24,123.37,123.96,122.86,123.66,416674
2024-09-25,123.66,123.86,123.15,123.55,477175
2024-09-26,124.00,124.81,123.72,124.54,695926
2024-09-27,124.67,124.86,123.95,124.26,837107
2024-09-30,124.10,125.11,123.93,124.73,543658
2024-10-01,124.86,125.28,122.90,123.80,597209
2024-10-02,123.99,124.23,122.76,122.89,536188
2024-10-03,122.51,122.53,120.96,121.39,765694
2024-10-04,121.79,122.42,121.59,122.42,526970
2024-10-07,122.22,122.61,121.01,121.76,975464
2024-10-08,121.51,122.02,120.94,121.81,521979
2024-10-09,121.62,122.56,121.40,122.27,1022742
2024-10-10,122.05,122.46,120.40,121.47,1995606
2024-10-11,121.75,123.95,121.75,123.79,1973765
2024-10-14,123.70,123.89,123.17,123.43,473334
2024-10-15,123.21,124.96,122.89,124.41,725777
2024-10-16,124.63,126.55,124.53,126.11,775055
2024-10-17,125.48,126.95,125.48,126.47,927771
2024-10-18,126.27,126.60,125.07,126.05,2787538
2024-10-21,125.97,126.01,124.41,124.99,423323
2024-10-22,124.55,125.31,124.12,125.09,6284856
2024-10-23,124.60,125.37,124.48,125.18,563362
2024-10-24,123.83,124.70,122.83,123.53,1293999
2024-10-25,124.00,124.36,122.44,122.46,3608422
2024-10-28,122.45,124.46,122.45,124.03,731575
2024-10-29,123.74,124.45,123.00,123.47,659051
2024-10-30,123.28,124.04,122.86,123.58,851284
2024-10-31,123.15,123.37,120.82,120.89,911850
2024-11-01,121.70,122.15,121.10,121.79,713334
2024-11-04,121.89,122.90,121.13,122.27,1023697
2024-11-05,122.67,123.46,122.15,123.15,648888
2024-11-06,123.99,124.23,121.82,122.72,1111410
2024-11-07,123.48,124.75,123.42,124.55,1271153
2024-11-08,124.08,124.08,122.88,123.63,425359
2024-11-11,124.08,124.79,123.87,124.04,503365
2024-11-12,124.37,124.37,123.04,123.89,2361628
2024-11-13,123.90,123.90,122.79,123.15,926714
2024-11-14,123.27,123.35,122.23,122.39,3808737
2024-11-15,121.23,121.80,120.25,121.47,1969208
2024-11-18,121.25,122.49,121.00,122.43,3239410
2024-11-19,121.73,122.95,121.33,122.90,360293
2024-11-20,122.85,122.98,121.22,121.79,457136
2024-11-21,122.46,125.13,122.21,125.09,788218
2024-11-22,125.19,125.45,124.58,125.08,682081
2024-11-25,125.30,125.61,124.22,124.32,953539
2024-11-26,123.20,124.34,122.50,124.15,540786
2024-11-27,123.96,125.70,123.90,125.27,1399717
2024-11-29,125.07,125.82,124.84,125.67,256739
2024-12-02,125.49,125.88,124.23,125.12,1279129
2024-12-03,125.13,125.89,124.44,124.74,755841
2024-12-04,126.27,128.04,125.06,125.36,1141712
2024-12-05,125.37,128.05,125.29,128.02,778593
2024-12-06,127.65,128.01,125.84,126.05,820371
2024-12-09,125.95,126.52,125.29,125.96,689906
2024-12-10,126.20,126.61,125.59,125.92,607766
2024-12-11,126.13,126.93,125.97,126.04,399879
2024-12-12,125.64,126.06,124.68,124.68,371655
2024-12-13,125.00,125.00,123.95,124.50,436968
2024-12-16,124.22,124.91,124.05,124.41,815653
2024-12-17,123.43,124.36,123.33,123.70,407030
2024-12-18,123.65,123.65,119.57,119.84,2656915
2024-12-19,121.11,121.35,119.69,119.72,1566664
2024-12-20,119.57,121.54,118.73,120.72,1008928
2024-12-23,120.19,120.72,119.78,120.72,756821
2024-12-24,120.69,120.85,120.33,120.74,282631
2024-12-26,120.38,121.33,120.38,121.08,281793
2024-12-27,120.46,121.23,120.32,120.88,355952
2024-12-30,120.08,120.89,119.64,120.54,478700
2024-12-31,120.58,121.06,120.24,120.51,735814
2025-01-02,120.10,120.91,119.05,119.68,966964
2025-01-03,119.90,120.52,119.03,120.43,481731
2025-01-06,121.76,122.20,120.71,121.56,670806
2025-01-07,122.30,123.17,121.29,121.33,938914
2025-01-08,120.92,121.86,120.31,121.67,663122
2025-01-10,121.00,121.04,118.04,118.42,731188
2025-01-13,118.04,118.94,117.80,118.77,1761707
2025-01-14,118.94,118.96,117.62,118.63,2009785
2025-01-15,120.00,120.15,119.09,119.78,2063455
2025-01-16,119.77,120.17,119.01,120.08,908470
2025-01-17,120.36,120.73,120.02,120.54,1588795
2025-01-21,120.67,122.47,120.41,122.24,1340012
2025-01-22,122.56,122.56,120.64,121.02,1069091
2025-01-23,121.42,122.50,121.42,122.08,2672627
2025-01-24,122.52,122.85,122.12,122.61,2616316
2025-01-27,121.00,122.74,120.81,122.62,2188049
2025-01-28,122.21,123.45,122.11,123.11,986583
2025-01-29,122.63,123.00,121.71,122.04,761884
2025-01-30,122.65,124.35,122.33,123.40,764915
2025-01-31,123.24,123.90,121.89,121.93,871817
2025-02-03,117.40,120.17,116.51,118.81,1663558
2025-02-04,120.96,121.43,118.29,118.69,925737
2025-02-05,119.20,119.46,118.00,119.07,696998
2025-02-06,119.23,119.72,118.78,119.44,646904
2025-02-07,119.66,119.75,118.50,119.32,1270809
2025-02-10,119.10,119.64,117.91,117.99,1155513
2025-02-11,117.76,118.69,117.02,118.44,544524
2025-02-12,117.57,118.48,117.21,118.37,436511
2025-02-13,118.45,119.46,118.10,119.31,1396212
2025-02-14,119.79,120.09,118.91,119.04,1492766
2025-02-18,118.81,121.00,118.77,120.89,2186300
2025-02-19,120.24,120.57,119.16,120.55,1468215
2025-02-20,120.55,121.03,119.09,119.66,663483
2025-02-21,119.79,119.92,118.76,118.88,2169988
2025-02-24,119.39,119.69,118.37,118.57,1086233
2025-02-25,120.00,120.89,118.74,119.29,1364439
2025-02-26,119.38,119.96,118.65,119.48,1161143
2025-02-27,119.20,119.96,113.73,115.21,2238225
2025-02-28,115.82,118.25,115.22,118.17,1123768
2025-03-03,118.00,119.46,115.84,116.85,1320026
2025-03-04,115.42,115.58,112.18,112.59,1304584
2025-03-05,113.57,115.93,113.20,115.13,2041064
2025-03-06,114.56,116.37,113.87,114.24,920080
2025-03-07,113.61,115.44,113.32,115.07,789374
2025-03-10,113.05,114.25,112.14,112.99,665169
2025-03-11,112.53,113.03,110.13,110.33,1371612
2025-03-12,111.04,111.62,110.38,111.28,1005264
2025-03-13,110.95,111.17,108.76,108.81,2254518
2025-03-14,109.75,111.67,109.57,111.49,1446339
2025-03-17,111.63,113.19,111.22,112.72,1283518
2025-03-18,113.04,113.07,111.77,112.48,692436
2025-03-19,112.61,114.43,112.25,114.22,990806
2025-03-20,113.25,114.18,112.46,113.81,613089
2025-03-21,112.69,114.01,112.68,113.60,758358
2025-03-24,114.25,116.27,114.20,115.91,739053
2025-03-25,117.09,117.33,116.09,116.65,704207
2025-03-26,117.03,117.69,115.82,116.27,748248
2025-03-27,115.91,116.65,114.30,114.71,708559
2025-03-28,114.60,114.86,111.98,112.14,843279
2025-03-31,111.24,113.21,111.03,112.72,840031
2025-04-01,112.23,113.71,110.73,113.65,828609
2025-04-02,113.08,114.72,112.39,114.72,856745
2025-04-03,113.76,117.80,113.70,115.11,1831291
2025-04-04,112.51,113.73,110.04,110.91,2439436
2025-04-07,106.21,112.11,106.10,109.17,2057431
2025-04-08,111.97,112.33,107.72,108.36,4374015
2025-04-09,107.96,114.01,106.85,113.73,4105753
2025-04-10,113.45,113.45,108.93,109.95,1562466
2025-04-11,110.65,113.63,110.14,113.27,1186754
2025-04-14,114.68,115.50,113.43,115.38,1175403
2025-04-15,115.50,116.61,115.02,115.21,2162593
2025-04-16,115.21,116.24,114.25,115.62,935035
2025-04-17,115.53,116.71,115.45,116.24,1090937
2025-04-21,116.00,116.60,114.63,115.21,600060
2025-04-22,115.82,117.97,115.41,117.97,5486237
2025-04-23,119.27,119.86,117.41,117.79,1099753
2025-04-24,117.69,117.72,116.34,117.67,973595
2025-04-25,117.55,118.02,116.78,117.76,787288
2025-04-28,117.80,118.68,117.68,118.58,1006227
2025-04-29,118.47,119.90,118.39,119.90,789289
2025-04-30,118.92,120.11,117.43,119.88,841504
2025-05-01,119.82,120.66,119.50,120.02,721427
2025-05-02,121.36,121.73,120.79,121.27,863930
2025-05-05,121.14,121.56,120.73,120.97,519986
2025-05-06,120.81,121.22,120.08,120.16,605886
2025-05-07,120.03,120.96,119.93,120.19,692909
2025-05-08,120.30,121.21,119.59,119.83,2021295
2025-05-09,120.62,120.62,119.77,120.28,1540197
2025-05-12,121.04,121.36,120.32,120.86,2322734
2025-05-13,121.30,121.90,120.66,121.80,820983
2025-05-14,122.27,122.66,121.61,122.53,1180348
2025-05-15,122.50,124.88,122.50,124.78,1727532
2025-05-16,125.55,127.44,125.21,127.14,2305379
2025-05-19,125.55,127.44,125.21,127.14,940076
2025-05-20,127.00,127.47,126.26,126.48,1619863
2025-05-21,126.24,126.69,125.70,125.82,1104115
2025-05-22,125.66,127.00,124.87,126.52,1211130
2025-05-23,126.44,128.73,126.07,128.43,1355606
2025-05-27,128.31,129.42,128.03,128.86,1344909
2025-05-28,128.43,129.46,128.41,128.94,1044474
2025-05-29,128.67,128.75,124.27,125.00,2218112
2025-05-30,124.88,127.17,124.19,126.66,1359805
2025-06-02,126.27,127.96,126.22,127.87,1063091
2025-06-03,127.76,128.31,127.42,127.49,1023934
2025-06-04,127.78,127.98,127.20,127.37,800511
2025-06-05,128.27,128.50,126.91,126.96,894953
2025-06-06,127.50,128.14,127.31,127.53,885927
2025-06-09,127.29,127.82,127.10,127.61,1050001
2025-06-10,128.01,128.35,127.70,128.31,1022850
2025-06-11,128.79,129.04,127.86,127.88,670855
2025-06-12,128.34,128.87,128.09,128.82,541644
2025-06-13,128.02,128.62,127.35,127.75,783785
2025-06-16,128.59,130.00,128.24,128.88,811402
2025-06-17,128.63,129.03,127.69,127.99,566375
2025-06-18,128.40,128.86,127.98,128.07,719839
2025-06-20,128.74,128.94,127.15,127.29,840424
2025-06-23,126.80,127.22,126.02,127.19,912772
2025-06-24,127.98,129.00,127.90,128.32,1085705
2025-06-25,128.19,128.32,127.49,128.07,1596014
2025-06-26,128.72,130.51,128.59,130.17,973914
2025-06-27,130.13,130.96,129.23,129.71,731473
2025-06-30,130.01,131.69,129.92,131.55,828090
2025-07-01,131.36,132.43,131.36,132.26,517633
2025-07-02,131.59,131.88,130.81,131.17,1451971
2025-07-03,131.58,132.69,131.38,132.64,455532
2025-07-07,131.61,133.36,131.49,131.83,735113
2025-07-08,131.76,132.27,131.38,131.76,758847
2025-07-09,132.22,132.79,131.90,132.43,1541701
2025-07-10,132.34,133.84,132.19,133.29,1887462
2025-07-11,132.64,132.78,131.25,131.76,942022
2025-07-14,131.58,131.88,131.16,131.82,1684505
2025-07-15,132.03,132.10,130.46,130.64,986226
2025-07-16,130.67,132.02,130.53,131.99,744493
2025-07-17,131.29,133.08,130.80,133.02,920844
2025-07-18,133.65,133.66,132.43,132.81,475445
2025-07-21,133.18,133.68,132.94,133.61,3336007
2025-07-22,133.34,133.56,132.80,133.15,1804161
2025-07-23,133.56,134.25,133.32,134.21,4204980
2025-07-24,132.74,133.11,131.93,132.02,937337
2025-07-25,131.18,132.10,130.94,132.05,677694
2025-07-28,131.68,131.82,130.30,130.45,589900
2025-07-29,130.27,130.35,129.08,129.70,908447
2025-07-30,129.41,130.07,128.89,129.39,713988
2025-07-31,129.19,129.54,128.14,128.46,1050802
2025-08-01,127.92,128.87,127.38,128.61,1246412
2025-08-04,129.04,130.01,129.04,129.92,386422
2025-08-05,129.05,130.86,128.95,130.73,715199
2025-08-06,131.47,132.30,131.06,132.21,834943
2025-08-07,132.74,133.02,132.03,132.44,912311
2025-08-08,132.81,133.15,132.27,132.60,1848631
2025-08-11,132.51,133.75,132.51,133.43,1887281
2025-08-12,133.83,135.09,133.66,134.80,975009
2025-08-13,135.44,136.01,135.35,135.91,2295494
2025-08-14,135.27,136.59,135.04,136.59,1349322
2025-08-15,136.88,137.25,136.32,136.43,771993
2025-08-18,136.25,136.59,136.03,136.40,595105
2025-08-19,136.03,136.60,135.95,136.32,676384
2025-08-20,136.28,136.78,136.13,136.49,615913
2025-08-21,136.13,136.79,135.92,136.20,766562
2025-08-22,136.43,138.34,135.97,137.88,700768
2025-08-25,137.78,137.78,136.21,136.23,845675
2025-08-26,136.25,137.70,136.10,137.68,1387816
2025-08-27,141.50,147.64,141.37,145.26,3183382
2025-08-28,145.59,146.33,144.43,145.85,1115479
2025-08-29,145.56,145.95,144.92,145.36,858678
2025-09-02,143.81,144.99,143.20,144.75,1014289
2025-09-03,145.00,145.66,144.72,145.64,653592
2025-09-04,146.03,146.30,145.19,145.81,577160
2025-09-05,145.93,146.50,143.97,144.49,974984
2025-09-08,145.05,145.33,144.17,144.61,1062998
2025-09-09,144.33,144.96,143.94,143.99,749274
2025-09-10,144.07,144.68,143.97,144.14,765622
2025-09-11,144.55,145.21,144.28,145.13,635862
2025-09-12,144.88,144.95,144.00,144.14,585417
2025-09-15,144.51,145.42,144.04,145.39,800765
2025-09-16,145.40,146.50,145.18,146.04,830220
2025-09-17,146.62,146.95,145.72,146.34,1139579
2025-09-18,145.99,146.66,145.54,146.16,790846
2025-09-19,146.52,147.54,146.19,147.26,943195
2025-09-22,147.61,148.81,147.21,148.60,971436
2025-09-23,148.73,149.26,148.05,148.05,836805
2025-09-24,147.67,148.33,146.99,147.28,776331
2025-09-25,146.60,147.09,145.86,146.23,991284
2025-09-26,146.66,146.74,145.91,146.11,687384
2025-09-29,146.38,147.66,146.32,146.96,1079069
2025-09-30,147.05,147.47,145.91,147.32,797148
2025-10-01,147.16,148.00,147.05,147.20,803454
2025-10-02,147.50,147.50,145.79,146.42,585030
2025-10-03,146.55,147.17,146.42,146.96,723820
2025-10-06,147.20,147.47,145.91,147.03,1041086
2025-10-07,146.85,147.20,145.86,145.87,1034794
2025-10-08,146.35,146.47,144.74,145.04,875574
2025-10-09,145.32,145.56,144.66,145.26,1260624
2025-10-10,145.99,146.29,143.52,143.64,1216285
2025-10-13,144.41,144.91,143.97,144.58,508140
2025-10-14,143.72,145.75,143.13,145.44,689588
2025-10-15,145.69,146.94,145.57,146.78,1152377
2025-10-16,146.80,147.30,144.69,145.31,1358020
2025-10-17,144.59,146.10,144.29,145.79,1401849
2025-10-20,145.57,147.37,145.57,146.94,1288676
2025-10-21,147.19,147.54,146.50,146.60,2129679
2025-10-22,146.60,147.17,146.36,146.80,535220
2025-10-23,146.93,147.74,146.75,147.47,559092
2025-10-24,147.59,148.16,147.26,147.78,3877169
2025-10-27,146.93,148.31,146.00,148.23,1842126
2025-10-28,148.36,149.44,147.62,149.05,1076191
2025-10-29,149.05,149.25,146.37,146.69,612904
2025-10-30,146.47,147.12,145.35,145.90,1234932
2025-10-31,145.47,146.76,145.06,146.50,744372
2025-11-03,146.11,147.74,145.70,147.41,633410
2025-11-04,146.06,146.88,145.33,145.77,965478
2025-11-05,145.23,145.88,144.76,145.66,823179
2025-11-06,145.85,145.99,144.67,145.41,568830
2025-11-07,145.45,145.50,143.38,145.46,1082791
2025-11-10,145.99,147.03,145.68,146.89,2461621
2025-11-11,147.00,148.16,147.00,147.72,988157
2025-11-12,147.78,149.02,146.91,148.97,812721
2025-11-13,148.57,149.22,145.85,146.77,810097
2025-11-14,146.00,146.56,144.56,146.56,2137593
2025-11-17,147.02,148.27,146.44,147.13,1729018
2025-11-18,146.77,149.37,145.71,149.11,1680649
2025-11-19,148.47,149.00,147.33,148.27,866000
2025-11-20,146.77,150.04,146.76,147.35,1618877
2025-11-21,148.29,150.25,147.45,149.99,1532498
2025-11-24,150.27,150.85,149.13,149.71,1008236
2025-11-25,150.32,152.79,150.01,152.22,879049
2025-11-26,152.55,153.26,152.40,153.19,787667
2025-11-28,154.00,154.64,153.24,154.09,374257
2025-12-01,154.03,154.43,152.56,152.89,953686
2025-12-02,153.16,155.12,152.50,154.43,1459067
2025-12-03,155.54,157.98,154.50,156.68,1327155
2025-12-04,158.58,161.54,157.64,160.56,1471104
2025-12-05,161.16,162.96,160.91,162.48,1062085
2025-12-08,162.91,163.77,162.55,163.39,2316968
2025-12-09,163.54,164.35,163.14,163.20,1109554
2025-12-10,163.47,165.82,163.14,165.14,821866
2025-12-11,166.54,167.21,165.11,167.02,1232213
2025-12-12,167.30,167.91,165.45,165.86,1585915
2025-12-15,165.72,167.78,165.62,167.09,1006523
2025-12-16,167.16,167.35,165.95,166.37,929166
2025-12-17,166.47,166.82,164.57,165.29,883324
2025-12-18,165.89,168.15,165.89,167.14,1050228
2025-12-19,168.00,169.89,167.63,168.74,1022556
2025-12-22,169.29,170.48,168.46,169.83,724157
2025-12-23,170.09,171.19,169.70,170.91,545181
2025-12-24,171.13,171.84,170.63,171.20,697914
2025-12-26,171.80,171.80,170.75,171.51,306191
2025-12-29,170.97,172.38,170.93,171.74,659308
2025-12-30,171.78,172.37,171.44,171.59,695402
2025-12-31,171.58,171.58,170.49,170.49,729724
2026-01-02,171.24,171.24,169.97,170.78,671222
2026-01-05,170.58,173.20,170.56,173.11,1021084
2026-01-06,173.52,174.61,170.37,170.42,1115596
2026-01-07,170.27,170.68,168.92,169.16,594310
2026-01-08,168.84,170.78,168.73,169.55,591843
2026-01-09,169.49,170.12,168.80,169.19,859834
2026-01-12,168.81,169.69,168.30,169.65,2863667
2026-01-13,170.13,170.14,167.82,168.94,2126833
2026-01-14,168.66,169.05,167.50,168.60,739335
2026-01-15,168.71,169.44,168.59,169.33,539731
2026-01-16,168.88,169.43,168.56,169.18,1971515
2026-01-20,169.46,169.66,167.34,167.44,1286472
2026-01-21,168.20,168.92,166.15,168.00,1150043
2026-01-22,168.61,169.55,168.12,168.86,779645
2026-01-23,168.92,169.94,168.05,169.72,6532419
2026-01-26,168.62,169.32,166.63,167.32,2382046
2026-01-27,167.78,169.20,167.45,168.84,1355096
2026-01-28,168.66,168.79,164.95,166.58,1704608
2026-01-29,167.36,168.92,166.56,168.78,1607097
2026-01-30,167.74,168.51,165.34,166.23,966064
2026-02-02,166.05,168.95,165.78,168.61,755800
2026-02-03,168.61,170.74,168.12,170.56,1243767
2026-02-04,170.85,171.55,169.56,170.02,1737253
2026-02-05,169.00,170.72,167.86,168.84,1100648
2026-02-06,170.17,171.17,169.68,170.40,1124125
2026-02-09,171.61,174.29,171.49,174.16,794122
2026-02-10,174.83,176.19,174.54,175.46,835865
2026-02-11,176.00,176.05,172.69,172.95,3006425
2026-02-12,173.25,174.55,168.61,169.35,2561786
2026-02-13,168.70,169.84,167.30,169.47,1503431
2026-02-17,168.70,170.11,168.07,169.41,1416885
2026-02-18,169.94,171.28,169.94,170.75,959162
2026-02-19,170.70,170.88,169.10,170.70,452814
2026-02-20,171.00,172.52,170.26,172.47,1002470
2026-02-23,172.59,173.55,169.54,170.59,1340870
2026-02-24,169.99,170.87,168.63,170.65,973442
2026-02-25,171.06,174.84,171.01,173.64,1252599
2026-02-26,173.34,173.34,168.50,169.83,1701138
2026-02-27,169.89,170.93,166.18,167.23,2485389
2026-03-02,164.50,168.93,163.55,168.62,1055650
2026-03-03,165.15,167.11,163.55,165.90,992576
2026-03-04,167.67,167.67,165.33,165.95,1150506
2026-03-05,165.15,166.32,163.17,164.41,1371795
2026-03-06,162.54,164.19,161.31,163.52,1174426
2026-03-09,161.61,164.30,160.67,163.44,1446717
2026-03-10,164.31,167.17,163.76,165.41,1255865
2026-03-11,165.49,166.12,164.40,165.00,1157156
2026-03-12,164.01,164.11,162.31,162.97,913118
2026-03-13,163.00,164.05,160.96,161.26,876592
2026-03-16,162.88,164.79,162.75,163.88,1088182
2026-03-17,164.80,165.41,164.09,164.22,1988542
2026-03-18,163.74,164.93,162.13,162.35,2350577
2026-03-19,161.44,161.60,159.84,160.33,1276382
2026-03-20,160.32,161.03,158.21,159.20,1330306
2026-03-23,160.52,163.27,160.40,161.82,1402175
2026-03-24,160.60,162.60,159.95,162.11,1332220
2026-03-25,163.76,163.76,161.52,162.50,1720403
2026-03-26,161.13,162.76,160.04,160.19,1706970
2026-03-27,159.69,159.87,157.57,158.21,2204957
2026-03-30,158.27,159.84,156.91,157.85,1174619
2026-03-31,159.15,161.85,158.88,161.78,1094865
2026-04-01,162.88,164.19,162.75,163.42,1361235
2026-04-02,161.66,163.69,161.32,163.39,785651
2026-04-06,163.55,164.93,163.55,164.45,816744
2026-04-07,164.03,165.60,163.08,165.39,789373
2026-04-08,169.39,169.95,167.99,169.47,2498078
2026-04-09,169.24,171.32,168.71,170.79,2473783
2026-04-10,171.30,172.50,171.04,171.91,1235001
2026-04-13,171.11,173.67,170.13,173.67,2379475
2026-04-14,173.41,174.93,173.41,174.90,1260576
2026-04-15,175.46,176.02,174.92,175.95,1108733
2026-04-16,175.67,175.99,174.86,175.85,2295986
2026-04-17,176.53,179.70,176.52,178.44,2343985
2026-04-20,178.42,180.09,178.38,180.01,1069906
2026-04-21,180.23,180.81,177.25,177.45,1304956
2026-04-22,178.05,178.29,176.30,176.39,5586350
2026-04-23,174.78,175.67,173.32,174.91,3741619
2026-04-24,174.80,176.19,173.50,175.33,2918998
2026-04-27,175.40,176.67,175.40,176.67,2243108
2026-04-28,176.54,177.85,176.21,177.76,1433230
2026-04-29,177.64,177.64,175.11,175.22,1287968
2026-04-30,175.57,180.22,175.57,179.97,1370882
2026-05-01,180.13,180.90,179.19,179.54,604143
2026-05-04,178.43,178.91,177.46,177.93,629355
2026-05-05,178.29,179.71,178.13,178.48,684481
2026-05-06,179.97,182.15,179.97,181.63,749828
2026-05-07,181.73,182.72,180.56,181.35,696696
2026-05-08,181.45,181.85,180.42,181.68,2303898
2026-05-11,181.82,182.10,180.14,180.85,1162098
2026-05-12,181.12,182.34,179.69,182.28,1064779
2026-05-13,181.72,183.12,179.08,179.92,2336682
2026-05-14,180.72,183.87,180.72,183.83,712447
2026-05-15,183.86,185.16,183.75,184.79,743351
2026-05-18,183.86,185.16,183.75,184.79,316055
2026-05-19,184.29,185.34,183.28,183.53,1089937
2026-05-20,184.16,187.63,184.00,187.22,793929
2026-05-21,186.19,189.62,185.71,189.18,787546
2026-05-22,190.00,190.36,189.13,189.71,677874
2026-05-26,190.54,191.51,188.52,189.97,994933
2026-05-27,189.44,190.97,188.46,189.13,1237944
2026-05-28,187.71,190.13,186.42,188.89,1448240
2026-05-29,189.44,190.80,186.95,189.53,2132877
2026-06-01,190.50,190.50,187.58,188.56,2015355
2026-06-02,188.07,191.35,188.05,191.13,1253861
2026-06-03,190.10,192.03,190.07,191.08,1913357
2026-06-04,192.00,195.40,191.93,194.97,883648
2026-06-05,194.55,195.53,193.83,194.04,1312448
2026-06-08,195.06,196.53,194.38,195.32,975806
2026-06-09,196.38,198.57,195.56,197.89,1161892
2026-06-10,197.77,200.05,197.39,197.61,2370228
2026-06-11,198.43,199.77,196.11,199.27,1788764
2026-06-12,199.78,201.74,198.99,199.54,1964585
2026-06-15,200.85,201.65,197.47,199.07,2437903
2026-06-16,200.15,201.24,199.11,201.13,1170982
2026-06-17,200.95,202.90,200.04,200.70,1895545
2026-06-18,201.40,202.60,200.45,201.56,2514888
2026-06-22,200.80,203.29,200.75,202.74,2722561
2026-06-23,201.70,203.01,200.72,202.93,2553298
2026-06-24,203.25,203.54,201.50,202.16,2542299
2026-06-25,203.15,204.82,202.73,203.73,1878853
2026-06-26,203.87,204.25,201.57,202.85,2633067
2026-06-29,202.97,204.98,202.74,204.79,1268361
2026-06-30,205.25,207.22,204.70,206.97,2151577
2026-07-01,206.50,209.37,205.71,208.31,752733
2026-07-02,209.35,209.35,203.53,204.79,2803207
2026-07-06,204.83,208.05,204.70,208.05,1460549
2026-07-07,208.07,209.64,207.38,209.07,1409554
2026-07-08,208.82,209.09,204.49,205.77,1393323
2026-07-09,206.69,209.01,206.42,208.56,897988
2026-07-10,209.38,211.39,208.68,211.09,848445
2026-07-13,211.40,212.36,209.12,210.69,1657361
2026-07-14,211.59,214.48,211.55,214.04,1643554
2026-07-15,214.39,217.87,214.35,217.87,1530919
2026-07-16,218.00,218.56,215.37,216.07,1566504
2026-07-17,214.79,217.52,213.53,215.43,1211858
2026-07-20,215.75,215.90,210.29,210.37,1809420
2026-07-21,210.89,211.56,209.40,210.88,1705488
2026-07-22,211.23,212.53,210.13,211.45,1432764
2026-07-23,209.77,209.81,207.14,208.46,1200011
2026-07-24,208.95,210.15,208.06,209.09,3093804
2026-07-27,208.26,209.80,207.50,209.51,1139159
2026-07-28,209.09,212.68,207.60,212.38,1083454
2026-07-29,211.92,211.92,205.90,206.45,1589420
2026-07-30,208.58,210.71,208.19,210.12,899307
2026-07-31,210.34,211.15,209.17,209.51,1427747
2026-08-03,210.54,210.93,208.91,210.47,941416
2026-08-04,210.71,210.90,208.52,208.54,1596608
2026-08-05,208.49,212.30,208.03,211.27,944907
2026-08-06,211.92,212.65,210.05,211.45,1666640
2026-08-07,212.19,212.68,209.93,211.08,691268
2026-08-10,210.42,213.11,210.42,210.79,678520
2026-08-11,211.66,213.00,210.26,210.26,1261985
2026-08-12,210.94,213.53,210.28,213.48,1720469
2026-08-13,213.54,215.71,213.54,215.00,1843956
2026-08-14,215.63,216.69,215.03,216.56,1193251
2026-08-17,216.54,218.11,216.09,216.19,586410
2026-08-18,216.03,216.07,210.86,212.99,976704
2026-08-19,214.48,214.55,207.22,207.62,2675532
2026-08-20,206.46,207.65,204.08,205.21,1037806
2026-08-21,206.27,207.80,204.58,205.23,1538408
2026-08-24,203.35,205.94,200.85,204.02,1793547
2026-08-25,204.50,207.67,203.51,207.09,1777500
2026-08-26,206.95,208.50,206.38,207.21,1332867
2026-08-27,206.82,207.71,201.79,204.54,1725066
2026-08-28,205.50,206.40,203.55,204.23,970278
2026-08-31,204.65,205.91,203.30,204.15,1578130
2026-09-01,203.78,204.78,201.75,203.48,1483834
2026-09-02,203.90,208.01,203.48,207.86,1010121
2026-09-03,209.00,212.37,208.71,212.07,1033262
2026-09-04,211.46,211.98,210.11,210.59,560060
2026-09-08,210.08,210.78,208.80,209.00,748789
2026-09-09,207.69,208.00,205.88,206.81,497422
2026-09-10,206.89,207.48,205.09,205.98,740954
2026-09-11,207.77,208.00,204.23,205.90,823191
2026-09-14,204.99,206.38,204.09,205.16,866250
2026-09-15,205.00,205.00,202.14,204.23,675908
