date,open,high,low,close,volume
2016-09-15,25.05,25.43,24.90,25.15,767883
2016-09-16,24.76,25.26,24.75,25.07,1029673
2016-09-19,25.48,25.54,25.08,25.24,751355
2016-09-20,25.34,25.41,25.13,25.35,424427
2016-09-21,25.57,25.94,25.37,25.89,940450
2016-09-22,26.23,26.52,25.91,26.00,876490
2016-09-23,25.84,26.11,25.60,25.69,1024832
2016-09-26,25.70,25.79,25.50,25.50,447632
2016-09-27,25.30,25.57,25.19,25.46,524350
2016-09-28,25.75,26.42,25.59,26.41,962295
2016-09-29,26.33,26.41,26.03,26.16,1530938
2016-09-30,26.23,26.43,26.03,26.03,933589
2016-10-03,26.21,26.24,25.87,26.07,917831
2016-10-04,25.96,26.07,25.67,25.74,984234
2016-10-05,25.79,26.42,25.76,26.35,1155941
2016-10-06,26.03,26.40,25.96,26.04,472492
2016-10-07,26.26,26.36,25.78,25.95,571994
2016-10-10,26.22,26.59,26.20,26.47,784006
2016-10-11,26.46,26.56,25.86,25.91,1128778
2016-10-12,25.95,26.54,25.92,26.39,516958
2016-10-13,25.52,26.06,25.52,26.00,550414
2016-10-14,26.14,26.38,25.67,25.74,810394
2016-10-17,25.85,26.18,25.78,26.16,574002
2016-10-18,26.51,26.51,25.90,26.36,734406
2016-10-19,26.47,27.15,26.28,27.12,1231550
2016-10-20,26.96,27.46,26.72,27.45,1296454
2016-10-21,27.26,27.46,27.11,27.12,811130
2016-10-24,27.33,27.46,27.15,27.41,521698
2016-10-25,27.69,28.21,27.55,27.75,1229805
2016-10-26,27.48,27.94,27.35,27.78,1020063
2016-10-27,27.87,28.04,27.62,27.87,687945
2016-10-28,27.81,28.06,27.38,27.52,1067427
2016-10-31,27.71,28.29,27.70,28.10,1605330
2016-11-01,28.40,28.40,27.49,27.49,1221640
2016-11-02,27.33,27.54,26.52,26.53,1136473
2016-11-03,26.66,26.84,26.45,26.49,1088110
2016-11-04,26.37,27.17,26.25,27.05,1404479
2016-11-07,27.40,27.71,27.30,27.67,952098
2016-11-08,27.70,28.55,27.58,28.49,1444110
2016-11-09,28.91,29.71,28.74,29.33,2616179
2016-11-10,29.91,33.67,29.91,33.37,5516299
2016-11-11,34.25,34.43,31.09,32.46,3591389
2016-11-14,32.53,32.84,32.24,32.78,2036799
2016-11-15,32.01,32.35,31.68,32.02,1230617
2016-11-16,31.45,31.91,31.18,31.48,1695146
2016-11-17,31.77,32.46,31.20,31.35,1081597
2016-11-18,30.93,31.43,30.83,31.37,1197926
2016-11-21,31.81,31.97,31.49,31.66,930270
2016-11-22,32.17,32.61,31.88,32.59,1313380
2016-11-23,32.28,33.17,32.13,33.09,1647712
2016-11-25,33.20,33.33,32.86,33.25,784056
2016-11-28,33.12,33.16,32.70,32.77,808315
2016-11-29,31.86,32.21,31.38,31.99,940099
2016-11-30,32.46,32.72,32.08,32.49,1521403
2016-12-01,32.70,33.05,32.52,32.69,1030250
2016-12-02,32.53,32.78,32.39,32.77,700695
2016-12-05,33.24,33.52,33.11,33.49,1014111
2016-12-06,33.36,33.86,33.19,33.81,1129450
2016-12-07,34.14,34.37,33.56,34.08,1322459
2016-12-08,34.32,34.60,33.93,34.48,1046379
2016-12-09,34.49,34.63,34.31,34.62,730976
2016-12-12,34.61,34.65,34.15,34.18,1322514
2016-12-13,33.84,34.07,32.49,33.00,1687547
2016-12-14,32.75,33.45,32.61,32.84,954985
2016-12-15,32.42,33.13,32.14,32.86,809786
2016-12-16,32.59,32.59,32.04,32.07,1782471
2016-12-19,31.86,32.22,31.25,31.34,1842046
2016-12-20,31.49,32.10,31.23,32.08,836802
2016-12-21,32.13,32.26,31.88,32.10,716602
2016-12-22,32.28,32.28,31.47,31.69,982163
2016-12-23,31.69,31.89,31.58,31.76,472423
2016-12-27,31.93,32.13,31.73,31.95,582865
2016-12-28,32.15,32.38,31.81,31.92,709681
2016-12-29,32.01,32.12,31.51,31.70,623203
2016-12-30,31.91,32.06,31.55,31.61,595301
2017-01-03,31.95,32.16,31.77,32.05,861518
2017-01-04,32.29,33.16,32.29,33.13,1193389
2017-01-05,33.15,33.50,32.85,33.15,976109
2017-01-06,33.07,33.32,32.88,33.24,837807
2017-01-09,33.20,33.33,32.85,32.96,669995
2017-01-10,33.97,34.09,33.63,33.83,1137851
2017-01-11,33.85,33.95,33.17,33.38,934100
2017-01-12,33.74,34.73,33.55,34.50,1471746
2017-01-13,34.43,35.09,34.11,34.99,1084708
2017-01-17,34.69,35.11,34.68,34.79,806929
2017-01-18,34.98,35.87,34.91,35.52,1193112
2017-01-19,35.49,35.78,35.16,35.48,799381
2017-01-20,35.46,36.05,35.30,35.64,922511
2017-01-23,36.10,36.38,35.81,36.34,834948
2017-01-24,36.93,37.64,36.87,37.55,1377640
2017-01-25,37.12,38.30,36.90,38.24,1445659
2017-01-26,37.83,38.47,37.00,37.43,1492677
2017-01-27,37.22,38.25,37.07,38.04,1395617
2017-01-30,37.71,38.20,37.43,37.97,1790435
2017-01-31,38.11,38.45,37.59,37.97,1641965
2017-02-01,38.00,38.29,37.39,38.20,1881829
2017-02-02,38.15,38.83,38.04,38.70,2244795
2017-02-03,38.70,38.70,37.88,38.04,1440982
2017-02-06,37.93,38.19,37.09,37.48,1510373
2017-02-07,37.48,37.76,37.20,37.56,1184952
2017-02-08,37.72,38.58,37.72,38.30,1712644
2017-02-09,37.74,37.98,36.70,37.03,1794598
2017-02-10,38.18,39.09,37.18,37.57,2051578
2017-02-13,38.03,38.67,37.93,38.24,1239932
2017-02-14,38.06,38.35,37.89,38.23,1163527
2017-02-15,38.07,38.18,37.71,37.91,826407
2017-02-16,37.97,38.10,37.35,37.59,964992
2017-02-17,37.39,37.39,36.42,36.92,1453671
2017-02-21,37.13,37.70,36.86,37.63,1166928
2017-02-22,36.85,37.77,36.85,37.07,1003263
2017-02-23,37.31,37.45,36.29,36.47,1222145
2017-02-24,36.22,36.45,35.75,35.92,1652704
2017-02-27,36.12,36.61,36.00,36.44,2593601
2017-02-28,36.33,36.79,36.18,36.28,1613510
2017-03-01,36.92,37.73,36.88,37.54,1103851
2017-03-02,37.24,37.66,36.47,36.48,1022084
2017-03-03,36.65,36.87,36.27,36.86,1078965
2017-03-06,36.27,36.50,35.96,36.44,729987
2017-03-07,36.42,36.61,36.05,36.08,964652
2017-03-08,36.16,36.24,35.60,35.69,782983
2017-03-09,35.57,35.74,34.73,34.79,1790314
2017-03-10,35.35,35.59,34.94,35.03,997091
2017-03-13,35.44,35.54,35.03,35.27,937965
2017-03-14,35.01,35.10,34.53,34.71,746863
2017-03-15,35.01,35.79,34.80,35.68,1092093
2017-03-16,36.17,36.18,35.47,35.63,504853
2017-03-17,35.95,36.38,35.63,35.76,1133143
2017-03-20,35.82,36.11,35.64,36.03,848745
2017-03-21,35.97,36.12,35.46,35.52,1278505
2017-03-22,35.52,36.14,35.37,36.11,1146448
2017-03-23,36.00,36.20,35.72,36.04,967469
2017-03-24,35.99,36.21,35.84,36.17,1023532
2017-03-27,35.18,35.45,34.42,35.42,1296204
2017-03-28,35.37,35.85,35.28,35.66,1013820
2017-03-29,35.54,35.89,35.21,35.78,1442533
2017-03-30,35.82,35.99,35.61,35.83,770341
2017-03-31,35.69,35.82,35.32,35.52,880997
2017-04-03,35.69,35.89,35.14,35.65,473529
2017-04-04,35.59,35.86,35.09,35.77,1213077
2017-04-05,36.14,36.23,35.72,35.78,1074263
2017-04-06,35.92,36.26,35.85,35.99,652070
2017-04-07,35.76,36.20,35.50,35.86,925810
2017-04-10,35.89,36.12,35.40,35.82,822275
2017-04-11,36.25,36.25,35.58,36.10,1129637
2017-04-12,35.54,35.71,34.83,34.98,1289221
2017-04-13,34.96,35.34,34.59,34.61,380568
2017-04-17,34.93,35.09,34.81,35.08,480964
2017-04-18,34.49,34.89,34.43,34.60,1036774
2017-04-19,34.92,35.06,34.46,34.54,617396
2017-04-20,35.02,35.29,34.75,35.03,700857
2017-04-21,35.08,35.17,34.77,34.92,754620
2017-04-24,35.26,35.40,35.12,35.15,678191
2017-04-25,35.34,35.51,34.95,35.33,882275
2017-04-26,34.85,35.74,34.49,35.69,803583
2017-04-27,35.75,35.79,34.71,35.04,663392
2017-04-28,35.30,35.30,34.89,35.01,629889
2017-05-01,35.06,35.20,34.70,34.90,522465
2017-05-02,34.61,35.38,33.65,34.91,1037009
2017-05-03,34.37,34.53,33.51,33.53,1283661
2017-05-04,33.35,33.41,32.54,32.67,1764032
2017-05-05,32.66,33.60,32.65,33.34,1046357
2017-05-08,32.73,33.43,32.29,33.36,614565
2017-05-09,33.45,33.66,33.38,33.48,587910
2017-05-10,33.68,34.05,33.63,33.82,847963
2017-05-11,34.13,34.69,33.68,34.56,1221301
2017-05-12,34.41,34.64,34.05,34.24,679863
2017-05-15,34.46,34.68,34.29,34.32,512104
2017-05-16,34.43,34.61,34.17,34.24,809862
2017-05-17,33.93,33.98,33.29,33.31,1000394
2017-05-18,32.95,33.41,32.64,33.31,773880
2017-05-19,33.62,34.47,33.53,34.22,525807
2017-05-22,34.29,34.96,34.16,34.74,636436
2017-05-23,34.57,34.85,34.51,34.65,392417
2017-05-24,34.42,34.84,34.15,34.45,581101
2017-05-25,34.51,34.89,34.26,34.54,466580
2017-05-26,34.52,34.75,34.35,34.53,514000
2017-05-30,34.51,35.04,34.43,34.75,889069
2017-05-31,34.42,34.67,33.96,34.60,829859
2017-06-01,34.56,34.80,34.17,34.36,704100
2017-06-02,34.25,34.29,33.79,34.17,469333
2017-06-05,34.11,34.53,34.01,34.33,529791
2017-06-06,34.28,34.72,34.19,34.64,414973
2017-06-07,34.58,34.92,34.52,34.70,629715
2017-06-08,34.61,35.66,34.58,35.64,807377
2017-06-09,35.63,36.36,35.53,35.90,723620
2017-06-12,35.83,36.27,35.46,35.51,480508
2017-06-13,35.54,35.81,35.45,35.79,439430
2017-06-14,35.93,35.93,34.89,34.98,648153
2017-06-15,34.62,34.78,33.82,34.00,801215
2017-06-16,33.98,34.46,33.79,34.09,897881
2017-06-19,34.20,34.59,34.20,34.36,396145
2017-06-20,33.98,34.06,33.28,33.32,610350
2017-06-21,33.55,34.05,33.31,33.66,406580
2017-06-22,33.73,34.41,33.68,34.04,576342
2017-06-23,34.33,34.69,33.93,34.52,1218712
2017-06-26,34.68,34.79,34.30,34.67,564451
2017-06-27,34.93,35.23,34.00,34.01,696075
2017-06-28,34.36,34.50,34.03,34.22,634581
2017-06-29,34.34,34.85,34.15,34.41,912008
2017-06-30,34.43,34.59,34.23,34.27,482443
2017-07-03,34.39,34.84,34.30,34.73,492898
2017-07-05,34.61,35.01,34.15,34.89,785288
2017-07-06,34.90,35.06,34.15,34.39,1184809
2017-07-07,34.43,34.84,34.40,34.62,463650
2017-07-10,34.43,35.72,34.16,35.42,744604
2017-07-11,35.50,35.83,35.20,35.61,672393
2017-07-12,35.98,36.40,35.74,36.03,959672
2017-07-13,35.99,36.31,35.99,36.19,477647
2017-07-14,36.41,36.79,36.39,36.71,581406
2017-07-17,36.81,37.65,36.73,37.54,845791
2017-07-18,37.46,37.77,37.21,37.42,517043
2017-07-19,37.46,37.80,37.46,37.58,594683
2017-07-20,37.61,37.71,37.28,37.34,643227
2017-07-21,37.18,37.56,37.00,37.44,429884
2017-07-24,37.41,37.77,37.14,37.75,536055
2017-07-25,38.58,39.25,38.40,38.95,924345
2017-07-26,39.06,39.41,38.77,39.31,860647
2017-07-27,39.44,39.52,38.43,38.93,794557
2017-07-28,38.80,39.21,38.74,39.05,533734
2017-07-31,39.13,39.53,38.85,38.94,730576
2017-08-01,38.93,39.24,38.70,39.11,983928
2017-08-02,38.97,39.09,38.46,38.98,814935
2017-08-03,38.98,39.26,38.60,39.03,767446
2017-08-04,39.02,39.02,38.18,38.32,1099639
2017-08-07,38.51,38.83,38.29,38.45,638216
2017-08-08,38.33,39.06,38.05,38.88,662325
2017-08-09,38.76,38.99,38.67,38.85,555805
2017-08-10,38.93,38.95,38.02,38.15,800618
2017-08-11,37.21,38.14,36.75,37.98,848559
2017-08-14,38.20,38.77,37.98,38.71,810341
2017-08-15,38.59,38.67,38.18,38.21,805874
2017-08-16,38.12,39.82,38.09,39.50,1852772
2017-08-17,39.30,39.52,38.59,38.62,1054252
2017-08-18,38.68,39.01,38.47,38.72,711352
2017-08-21,39.05,39.90,39.02,39.65,681398
2017-08-22,40.01,40.79,40.01,40.40,1007237
2017-08-23,40.17,40.78,39.91,40.27,608980
2017-08-24,40.28,40.70,40.04,40.69,512583
2017-08-25,40.86,41.09,40.28,40.30,728898
2017-08-28,40.54,41.34,40.44,41.34,1132905
2017-08-29,41.22,41.22,40.72,40.98,1333097
2017-08-30,40.93,40.93,39.71,39.86,1386444
2017-08-31,40.48,40.48,39.62,40.28,1057358
2017-09-01,40.59,40.98,40.47,40.87,632658
2017-09-05,40.88,41.57,39.84,40.27,1382088
2017-09-06,40.48,40.82,40.23,40.82,828347
2017-09-07,40.87,41.04,40.42,40.63,960078
2017-09-08,40.38,40.38,38.92,39.18,1098341
2017-09-11,39.39,39.85,39.39,39.72,649326
2017-09-12,39.70,40.04,39.54,39.59,595310
2017-09-13,38.94,39.41,38.70,38.92,933092
2017-09-14,38.61,38.86,38.18,38.82,760947
2017-09-15,38.79,39.24,38.66,38.95,1286870
2017-09-18,39.04,39.52,39.04,39.47,1397510
2017-09-19,39.56,40.26,39.34,40.13,869304
2017-09-20,40.10,40.31,39.15,39.34,751879
2017-09-21,39.05,39.43,38.78,39.21,925038
2017-09-22,38.96,39.34,38.55,38.71,581985
2017-09-25,38.62,38.83,38.43,38.63,528130
2017-09-26,38.81,38.98,38.27,38.28,787715
2017-09-27,38.39,38.61,37.95,38.50,834530
2017-09-28,38.34,39.57,38.19,39.21,1100345
2017-09-29,39.40,39.60,38.95,39.35,751588
2017-10-02,39.23,39.57,38.79,39.35,1203104
2017-10-03,39.55,40.42,39.28,40.41,1004493
2017-10-04,40.53,40.78,40.45,40.69,855922
2017-10-05,41.21,42.07,41.16,41.40,1407202
2017-10-06,41.15,41.37,40.79,41.21,842923
2017-10-09,41.34,41.34,40.44,40.53,1023459
2017-10-10,40.69,41.26,40.59,41.12,910432
2017-10-11,41.02,42.01,40.99,41.30,1098633
2017-10-12,41.39,42.02,41.21,42.02,1251236
2017-10-13,42.59,42.91,42.50,42.72,1349527
2017-10-16,43.07,43.70,42.81,43.25,1346284
2017-10-17,43.05,43.17,42.27,43.03,718773
2017-10-18,42.79,43.28,42.57,42.98,822957
2017-10-19,42.76,43.10,42.34,42.84,795027
2017-10-20,43.20,43.44,42.60,42.69,967829
2017-10-23,42.48,43.17,42.24,42.97,924182
2017-10-24,43.08,44.23,43.00,43.91,1602915
2017-10-25,43.90,43.98,42.58,43.20,1407814
2017-10-26,43.26,43.45,42.64,42.78,1441941
2017-10-27,41.85,42.41,41.24,42.04,926520
2017-10-30,41.95,42.68,41.77,42.33,862194
2017-10-31,42.27,43.01,42.09,42.51,1505870
2017-11-01,43.36,43.77,42.40,42.56,937042
2017-11-02,42.35,43.00,42.35,42.50,585390
2017-11-03,42.78,42.82,42.04,42.45,696820
2017-11-06,42.73,44.10,42.45,44.00,1037100
2017-11-07,43.64,43.82,43.23,43.57,918350
2017-11-08,43.64,44.13,43.32,43.93,821403
2017-11-09,43.55,43.79,42.64,43.64,1153481
2017-11-10,43.92,44.02,43.37,43.46,968334
2017-11-13,43.43,43.85,43.13,43.48,698027
2017-11-14,43.05,43.05,42.28,42.46,667209
2017-11-15,42.08,42.24,41.44,41.95,901375
2017-11-16,42.29,42.62,42.02,42.02,877617
2017-11-17,42.07,42.56,42.04,42.51,840376
2017-11-20,42.56,42.78,42.21,42.69,557209
2017-11-21,43.10,43.44,42.99,43.29,1165255
2017-11-22,43.55,43.74,42.98,43.36,1211526
2017-11-24,43.50,43.79,43.38,43.68,206986
2017-11-27,43.55,43.74,42.53,42.72,779306
2017-11-28,42.56,42.82,42.13,42.62,1194335
2017-11-29,42.29,42.62,41.00,42.06,1423368
2017-11-30,42.40,42.56,41.55,41.62,1548846
2017-12-01,41.72,42.37,41.42,42.32,1256391
2017-12-04,42.78,43.13,42.37,42.68,1007376
2017-12-05,41.78,42.27,41.55,41.98,2183517
2017-12-06,41.95,42.34,41.47,41.76,1423627
2017-12-07,41.55,41.95,41.34,41.82,1046496
2017-12-08,42.10,42.16,41.43,41.56,961473
2017-12-11,41.63,42.08,41.23,41.89,991534
2017-12-12,42.09,42.43,41.80,41.84,1178093
2017-12-13,42.03,42.78,41.94,42.78,1079619
2017-12-14,42.70,43.16,42.44,42.47,745956
2017-12-15,42.78,43.14,42.66,42.87,1527737
2017-12-18,43.43,44.34,43.40,44.14,1501503
2017-12-19,44.16,44.66,43.84,44.55,1137279
2017-12-20,45.33,45.83,45.10,45.66,1053662
2017-12-21,45.88,46.30,45.68,45.98,1327209
2017-12-22,46.05,46.13,45.63,45.73,571133
2017-12-26,45.78,46.14,45.34,46.09,487579
2017-12-27,46.31,46.88,46.21,46.61,643519
2017-12-28,46.85,47.31,46.65,47.14,738501
2017-12-29,47.31,47.44,46.62,46.96,743857
2018-01-02,47.45,48.40,47.45,48.40,941702
2018-01-03,48.30,48.55,47.84,48.49,838487
2018-01-04,48.71,48.84,48.23,48.24,638762
2018-01-05,48.12,48.84,48.00,48.61,541323
2018-01-08,48.70,48.95,48.49,48.84,848313
2018-01-09,48.81,48.82,48.23,48.55,966246
2018-01-10,48.88,49.35,48.79,48.95,1073705
2018-01-11,49.22,49.59,48.86,49.58,978043
2018-01-12,49.80,49.80,49.31,49.42,564740
2018-01-16,49.29,49.41,48.73,48.83,840821
2018-01-17,48.88,49.57,48.83,49.32,665145
2018-01-18,49.32,49.41,48.91,49.01,768968
2018-01-19,49.15,49.84,49.11,49.82,780871
2018-01-22,48.84,49.62,48.64,49.57,970202
2018-01-23,49.26,49.26,48.40,48.65,1246035
2018-01-24,49.43,49.57,49.01,49.48,1014903
2018-01-25,50.06,50.38,49.43,49.53,859719
2018-01-26,49.60,50.21,49.60,50.11,436086
2018-01-29,50.06,50.17,49.22,49.24,552387
2018-01-30,49.03,49.30,47.52,47.54,1224706
2018-01-31,48.12,48.20,47.59,48.05,794288
2018-02-01,47.80,48.86,47.77,48.64,660401
2018-02-02,48.12,48.27,46.30,46.91,1068701
2018-02-05,46.24,48.06,45.58,46.37,1471300
2018-02-06,45.53,47.79,45.53,47.53,1241466
2018-02-07,47.10,47.24,46.54,46.73,1173674
2018-02-08,46.73,46.83,44.72,45.00,1432724
2018-02-09,45.52,46.42,44.85,46.02,1574284
2018-02-12,46.12,46.70,46.11,46.39,559666
2018-02-13,46.34,47.86,46.34,47.80,905684
2018-02-14,47.26,50.72,47.07,50.51,1841297
2018-02-15,50.71,51.11,49.69,50.29,1278348
2018-02-16,49.96,50.84,49.78,49.98,808165
2018-02-20,49.40,50.56,48.78,49.95,789383
2018-02-21,49.97,50.50,49.33,49.33,1032235
2018-02-22,49.81,50.43,49.72,50.16,935768
2018-02-23,50.33,51.68,50.33,51.63,1554101
2018-02-26,52.11,53.32,51.97,53.23,1595318
2018-02-27,52.90,53.29,52.40,52.87,2107010
2018-02-28,52.66,52.93,52.07,52.19,2010117
2018-03-01,52.46,52.85,51.55,52.55,1466471
2018-03-02,52.18,52.43,51.39,52.41,1345613
2018-03-05,51.96,53.05,51.87,52.71,1096353
2018-03-06,53.44,54.95,53.44,54.19,1613431
2018-03-07,53.59,54.33,53.22,54.25,1242846
2018-03-08,53.91,53.91,53.08,53.40,1070379
2018-03-09,53.46,54.49,53.46,54.00,1203922
2018-03-12,54.07,54.23,53.05,53.83,929350
2018-03-13,53.98,54.40,53.55,53.65,892565
2018-03-14,54.24,54.43,53.89,54.14,918598
2018-03-15,54.24,54.30,53.66,53.94,644819
2018-03-16,54.09,54.54,53.74,54.10,1180165
2018-03-19,53.69,53.98,53.35,53.88,636973
2018-03-20,54.23,54.91,53.51,54.55,1260041
2018-03-21,54.82,56.03,54.70,55.28,1243875
2018-03-22,54.40,54.96,53.38,53.75,974078
2018-03-23,54.04,54.04,52.90,52.91,1085872
2018-03-26,53.50,53.56,52.31,53.45,1100671
2018-03-27,53.59,53.95,52.55,52.83,730099
2018-03-28,52.58,52.84,51.62,51.89,832243
2018-03-29,52.41,54.01,51.96,53.62,1084894
2018-04-02,53.77,55.13,53.50,53.67,1145266
2018-04-03,53.87,54.44,53.59,54.28,927625
2018-04-04,53.59,55.21,52.84,54.93,1270396
2018-04-05,55.35,56.08,55.23,55.51,983004
2018-04-06,55.23,55.36,53.87,54.16,723095
2018-04-09,54.33,54.36,53.58,53.81,1067199
2018-04-10,55.41,56.17,54.91,55.60,1233752
2018-04-11,55.30,55.93,55.05,55.29,840984
2018-04-12,55.27,55.77,54.87,55.51,890331
2018-04-13,54.43,54.73,53.85,54.33,1355031
2018-04-16,54.88,55.63,54.62,55.25,792932
2018-04-17,55.62,56.13,55.30,56.02,740366
2018-04-18,56.92,57.49,56.63,56.75,1239153
2018-04-19,56.32,56.62,55.42,56.49,1097210
2018-04-20,56.31,56.38,55.37,55.58,642357
2018-04-23,54.99,55.42,54.68,54.80,886509
2018-04-24,55.41,55.45,53.52,54.09,966393
2018-04-25,53.80,54.12,52.26,52.47,1598481
2018-04-26,51.94,53.48,50.83,52.77,2071137
2018-04-27,52.20,52.79,51.41,52.72,1645468
2018-04-30,52.75,53.01,52.26,52.27,1037190
2018-05-01,51.97,52.18,50.01,51.22,1202523
2018-05-02,51.81,51.94,51.10,51.21,808366
2018-05-03,51.33,51.66,51.03,51.28,930309
2018-05-04,51.00,52.64,50.81,52.41,1187103
2018-05-07,52.44,52.70,51.30,51.54,979138
2018-05-08,50.98,51.84,50.26,50.54,1046020
2018-05-09,50.94,51.33,50.49,51.08,1107120
2018-05-10,51.52,51.97,51.27,51.79,1408379
2018-05-11,52.12,52.26,51.16,51.24,650370
2018-05-14,51.15,51.50,50.91,51.25,598107
2018-05-15,50.85,51.27,50.07,51.25,865490
2018-05-16,51.46,52.06,50.97,51.49,1317317
2018-05-17,51.60,51.87,51.37,51.45,418213
2018-05-18,50.93,51.14,50.36,50.82,1056029
2018-05-21,51.31,51.49,50.89,51.12,853088
2018-05-22,51.56,51.74,51.04,51.25,502987
2018-05-23,50.75,50.75,49.65,50.62,705357
2018-05-24,50.73,50.95,50.31,50.82,785623
2018-05-25,50.48,50.53,49.30,49.53,730630
2018-05-29,48.93,49.38,47.74,47.82,978290
2018-05-30,48.33,49.20,47.97,48.83,1075544
2018-05-31,48.99,49.48,48.23,48.39,1232451
2018-06-01,48.63,49.04,48.44,48.75,768579
2018-06-04,49.15,49.69,48.84,49.12,776083
2018-06-05,49.39,50.83,49.37,50.74,1086056
2018-06-06,51.37,52.09,51.26,52.05,1303064
2018-06-07,52.00,52.01,50.45,51.06,863527
2018-06-08,51.09,51.34,50.57,50.93,685257
2018-06-11,50.85,51.27,50.67,50.79,657209
2018-06-12,50.79,50.93,50.30,50.61,509777
2018-06-13,50.65,50.93,49.61,49.99,633726
2018-06-14,50.09,50.25,49.58,49.75,726988
2018-06-15,49.17,49.17,47.61,48.07,1350663
2018-06-18,47.64,48.16,47.34,48.10,807516
2018-06-19,47.03,47.33,46.19,46.77,940692
2018-06-20,47.04,47.04,46.18,46.56,947372
2018-06-21,46.53,46.53,46.02,46.19,650121
2018-06-22,46.89,47.11,46.18,46.24,1787281
2018-06-25,45.92,46.16,45.19,46.08,1928177
2018-06-26,46.23,46.52,45.92,46.48,991423
2018-06-27,46.04,46.36,45.53,45.54,944970
2018-06-28,45.28,45.53,44.27,45.43,1004386
2018-06-29,45.88,46.60,45.57,46.39,926434
2018-07-02,45.41,45.89,44.58,44.97,1004491
2018-07-03,45.38,45.47,43.93,44.14,907890
2018-07-05,44.21,45.15,44.08,44.94,1322442
2018-07-06,44.72,45.54,44.19,45.32,1202970
2018-07-09,45.99,46.12,45.48,46.01,729676
2018-07-10,45.78,46.21,45.45,45.83,703747
2018-07-11,44.86,45.31,43.70,44.06,1088613
2018-07-12,44.38,44.75,43.65,44.33,1619313
2018-07-13,44.36,44.81,44.03,44.63,1300639
2018-07-16,44.69,44.81,44.12,44.26,1029153
2018-07-17,44.15,44.87,44.15,44.65,1301746
2018-07-18,44.83,45.38,44.68,45.15,876602
2018-07-19,44.25,44.29,43.09,43.13,944098
2018-07-20,43.22,43.74,43.22,43.32,1267481
2018-07-23,43.44,44.15,43.20,43.98,2025018
2018-07-24,45.67,46.81,45.35,46.02,1899018
2018-07-25,45.98,47.05,45.91,47.00,1074730
2018-07-26,46.70,47.24,46.47,47.20,1213643
2018-07-27,47.55,47.58,47.09,47.40,1088401
2018-07-30,47.46,47.79,47.22,47.58,1240494
2018-07-31,48.12,49.04,46.94,48.85,1253365
2018-08-01,48.15,48.53,46.87,47.29,1175362
2018-08-02,46.44,46.62,45.62,46.40,1051565
2018-08-03,46.52,47.21,46.31,47.08,671122
2018-08-06,46.70,46.70,45.97,46.09,1098149
2018-08-07,46.51,46.63,45.31,45.42,756377
2018-08-08,45.43,45.59,45.13,45.21,721385
2018-08-09,45.21,45.64,45.00,45.22,744347
2018-08-10,44.58,45.15,44.08,44.84,952801
2018-08-13,44.84,45.16,43.96,44.08,875184
2018-08-14,44.25,44.31,43.33,43.53,1287433
2018-08-15,42.75,42.75,41.31,41.80,1333305
2018-08-16,42.30,42.83,41.62,42.47,971745
2018-08-17,42.46,43.38,42.31,43.18,567807
2018-08-20,43.38,43.65,43.04,43.33,736878
2018-08-21,43.26,43.93,43.14,43.54,575983
2018-08-22,43.82,44.04,43.49,43.92,434359
2018-08-23,43.56,43.56,42.77,42.83,643337
2018-08-24,43.76,43.99,43.21,43.91,566533
2018-08-27,44.03,45.15,44.01,44.91,678943
2018-08-28,45.51,45.51,45.01,45.23,853040
2018-08-29,45.14,45.46,44.77,44.90,782518
2018-08-30,44.51,44.67,42.99,43.26,631796
2018-08-31,43.01,43.61,42.77,43.19,452827
2018-09-04,42.32,42.41,41.35,41.91,919444
2018-09-05,41.91,42.02,41.38,41.78,1383826
2018-09-06,42.12,42.36,40.93,41.02,1418770
2018-09-07,40.71,40.96,39.97,40.02,1484403
2018-09-10,40.22,40.22,39.56,39.63,1208580
2018-09-11,39.25,39.62,38.78,39.39,1006811
2018-09-12,39.56,40.99,39.55,40.69,1217401
2018-09-13,41.44,41.90,40.30,40.76,1057767
2018-09-14,40.85,41.21,40.70,40.93,464491
2018-09-17,41.07,41.23,40.59,40.68,749553
2018-09-18,41.50,41.60,41.04,41.38,879373
2018-09-19,40.96,42.22,40.89,41.93,913547
2018-09-20,42.81,43.13,42.32,42.81,847784
2018-09-21,43.50,44.13,43.30,43.80,1325065
2018-09-24,43.75,43.97,42.97,42.98,636048
2018-09-25,43.16,43.42,42.77,43.35,839924
2018-09-26,43.00,43.74,42.86,43.09,641566
2018-09-27,42.70,43.07,42.41,42.89,670844
2018-09-28,42.80,43.26,42.69,42.70,664400
2018-10-01,42.75,42.84,41.88,42.75,906934
2018-10-02,42.92,43.46,42.81,43.17,640763
2018-10-03,43.41,43.69,42.90,43.30,985964
2018-10-04,43.52,43.70,42.13,42.22,778438
2018-10-05,41.80,41.91,40.92,41.83,1059784
2018-10-08,41.55,42.19,41.22,41.99,757442
2018-10-09,41.79,42.07,41.36,41.79,696138
2018-10-10,41.56,41.59,40.35,40.92,970712
2018-10-11,40.76,42.37,40.76,42.25,1395542
2018-10-12,42.86,42.98,41.31,41.33,1052623
2018-10-15,41.51,42.14,41.41,41.71,926463
2018-10-16,41.60,41.97,41.09,41.47,833743
2018-10-17,41.64,41.83,41.26,41.43,633462
2018-10-18,40.85,41.02,39.55,39.59,1231815
2018-10-19,39.73,39.87,37.76,37.89,1806494
2018-10-22,38.16,38.39,37.51,37.87,1182245
2018-10-23,37.10,37.12,36.16,36.81,1218614
2018-10-24,36.81,37.54,35.48,35.54,1418321
2018-10-25,35.90,37.18,35.87,36.59,1225865
2018-10-26,35.70,37.25,35.70,37.02,969272
2018-10-29,37.62,37.78,35.22,35.50,899987
2018-10-30,35.41,36.45,35.36,36.42,1021703
2018-10-31,36.81,37.98,36.77,37.95,1616726
2018-11-01,38.56,39.79,38.30,39.36,1774451
2018-11-02,40.93,40.99,39.80,40.19,1190853
2018-11-05,40.17,40.44,38.77,39.20,985090
2018-11-06,38.69,39.34,38.67,39.31,795921
2018-11-07,39.45,39.65,39.07,39.31,621212
2018-11-08,39.07,39.52,38.45,38.65,668462
2018-11-09,37.83,37.89,37.20,37.54,789589
2018-11-12,36.89,37.38,36.15,36.50,688820
2018-11-13,36.63,36.91,35.79,36.19,792081
2018-11-14,36.17,36.84,36.17,36.66,745501
2018-11-15,36.57,37.73,36.42,37.35,616955
2018-11-16,37.35,37.71,37.01,37.42,399962
2018-11-19,37.46,37.50,36.72,36.89,349662
2018-11-20,36.33,36.50,35.01,35.23,823795
2018-11-21,35.62,36.08,35.14,35.52,1588007
2018-11-23,34.50,34.50,30.85,31.79,3281117
2018-11-26,31.36,33.19,31.36,31.61,2523267
2018-11-27,31.29,32.93,31.18,32.65,1189356
2018-11-28,32.87,33.78,32.22,33.50,885407
2018-11-29,33.51,33.94,32.95,33.19,648638
2018-11-30,33.00,33.20,32.54,33.14,769480
2018-12-03,34.24,34.63,33.05,33.35,1623216
2018-12-04,33.43,33.70,32.37,32.47,985796
2018-12-06,31.67,32.10,30.94,32.08,1029465
2018-12-07,32.35,32.71,32.17,32.34,1079057
2018-12-10,32.36,32.55,31.86,31.93,967279
2018-12-11,32.64,32.96,31.31,31.82,802197
2018-12-12,31.82,32.47,31.61,31.66,895000
2018-12-13,32.27,32.44,31.54,31.75,709034
2018-12-14,31.07,31.89,30.79,31.37,748003
2018-12-17,31.35,31.97,30.76,30.84,762924
2018-12-18,30.95,31.52,30.66,30.91,1122691
2018-12-19,31.21,31.79,29.56,29.96,991198
2018-12-20,30.20,30.67,29.12,29.47,1339580
2018-12-21,29.58,30.29,29.49,29.89,1788169
2018-12-24,29.84,29.97,29.27,29.57,413720
2018-12-26,29.93,30.50,29.10,30.50,723786
2018-12-27,29.88,30.72,29.56,30.72,595133
2018-12-28,30.87,31.10,30.07,30.28,943348
2018-12-31,30.23,30.65,29.65,30.45,864884
2019-01-02,29.80,30.22,29.26,29.88,1887022
2019-01-03,29.72,30.07,28.71,28.91,1688404
2019-01-04,29.85,31.49,29.72,30.82,1790505
2019-01-07,30.92,31.56,30.80,31.00,1034739
2019-01-08,31.16,31.47,30.86,31.39,1081551
2019-01-09,31.39,31.96,31.35,31.59,1053141
2019-01-10,31.18,31.63,30.99,31.58,1417565
2019-01-11,31.51,31.70,31.03,31.38,1120602
2019-01-14,31.00,31.90,31.00,31.90,1135526
2019-01-15,32.07,32.51,30.21,30.38,1783799
2019-01-16,30.38,31.22,30.35,31.06,1057318
2019-01-17,30.88,31.89,30.88,31.68,776059
2019-01-18,31.95,32.33,31.75,31.96,1097895
2019-01-22,31.54,31.65,31.09,31.48,951308
2019-01-23,31.48,31.53,30.68,30.88,788766
2019-01-24,30.42,31.20,30.42,30.74,891797
2019-01-25,31.57,32.38,31.41,31.91,971094
2019-01-28,31.42,31.62,31.12,31.44,952427
2019-01-29,32.32,32.68,32.05,32.38,1534543
2019-01-30,32.95,33.64,32.44,33.36,1973296
2019-01-31,33.21,33.89,33.06,33.27,1591241
2019-02-01,33.03,33.48,32.88,33.13,756023
2019-02-04,33.05,33.60,32.90,33.42,685248
2019-02-05,33.30,34.21,33.30,33.59,1057310
2019-02-06,33.48,34.02,33.46,33.95,1097196
2019-02-07,33.80,33.80,32.36,32.58,1327011
2019-02-08,32.10,32.41,31.75,32.21,990044
2019-02-11,31.68,31.87,30.77,30.85,1418403
2019-02-12,30.78,31.37,29.67,29.89,1778126
2019-02-13,30.15,30.50,30.00,30.30,1230797
2019-02-14,30.21,31.25,30.02,31.12,1229128
2019-02-15,31.86,32.75,31.80,32.17,1929547
2019-02-19,33.22,34.58,32.91,34.06,2196342
2019-02-20,34.95,35.68,34.65,35.46,2517132
2019-02-21,35.40,35.59,34.91,35.49,1730603
2019-02-22,35.97,36.60,35.71,35.82,1530252
2019-02-25,36.02,36.76,35.97,36.50,1410955
2019-02-26,36.44,36.67,36.09,36.41,1178688
2019-02-27,36.48,36.85,36.20,36.34,949130
2019-02-28,36.35,36.35,35.23,35.24,967346
2019-03-01,35.23,35.73,35.19,35.40,1039406
2019-03-04,35.63,35.81,34.71,35.36,1065638
2019-03-05,35.34,35.93,35.18,35.88,989315
2019-03-06,35.95,36.13,35.74,35.76,927568
2019-03-07,35.52,35.71,35.22,35.40,851763
2019-03-08,35.01,35.54,34.64,35.47,957341
2019-03-11,35.75,36.69,35.65,36.65,827496
2019-03-12,36.89,37.50,36.89,37.44,1239851
2019-03-13,37.75,38.18,37.64,37.86,1192440
2019-03-14,37.20,37.71,36.64,36.70,1136614
2019-03-15,36.89,37.44,36.75,37.23,1528036
2019-03-18,37.43,37.90,37.43,37.68,839032
2019-03-19,38.76,39.16,38.26,38.44,1480025
2019-03-20,38.33,39.07,38.01,38.73,1383084
2019-03-21,38.60,39.08,38.45,39.03,615561
2019-03-22,38.46,38.55,37.14,37.20,821456
2019-03-25,37.19,37.98,37.12,37.54,666251
2019-03-26,37.96,38.81,37.92,38.74,819530
2019-03-27,38.93,39.10,38.06,38.46,848522
2019-03-28,38.30,38.75,38.25,38.62,557363
2019-03-29,39.54,39.82,39.00,39.27,896440
2019-04-01,39.94,40.19,39.62,39.83,783468
2019-04-02,39.81,39.81,38.82,39.48,699387
2019-04-03,40.02,40.37,39.74,40.00,805704
2019-04-04,39.83,40.58,39.61,40.58,922609
2019-04-05,40.69,40.75,40.30,40.61,523077
2019-04-08,40.55,41.34,40.55,41.26,527122
2019-04-09,41.07,41.25,40.15,40.33,632172
2019-04-10,40.38,40.75,40.23,40.65,443210
2019-04-11,40.32,40.32,39.51,39.93,975286
2019-04-12,40.50,41.10,40.34,40.58,735331
2019-04-15,40.53,40.81,40.00,40.20,699671
2019-04-16,40.33,40.90,39.76,40.85,594895
2019-04-17,41.14,41.98,41.10,41.41,686913
2019-04-18,41.27,41.42,40.21,40.61,896955
2019-04-22,40.29,40.30,39.80,39.89,653469
2019-04-23,39.85,40.04,39.63,39.78,837199
2019-04-24,39.78,39.78,38.53,38.95,1046790
2019-04-25,38.63,38.71,37.54,37.61,1064077
2019-04-26,37.70,38.81,37.69,38.53,667656
2019-04-29,38.61,39.02,38.19,38.47,756165
2019-04-30,38.41,38.50,37.26,38.02,793775
2019-05-01,37.63,38.20,36.30,36.32,1171281
2019-05-02,35.95,36.10,35.33,36.02,1267636
2019-05-03,36.51,37.53,36.50,37.36,903624
2019-05-06,36.43,36.65,35.84,36.07,1046013
2019-05-07,35.77,36.63,35.69,36.13,1253662
2019-05-08,35.87,36.42,35.70,35.94,744043
2019-05-09,35.52,35.62,34.77,35.07,1313268
2019-05-10,35.06,35.47,34.48,35.28,1462171
2019-05-13,34.42,34.60,33.65,34.31,962907
2019-05-14,34.61,34.88,34.29,34.66,693173
2019-05-15,34.21,34.90,33.90,34.71,533490
2019-05-16,35.06,35.29,34.71,34.73,693678
2019-05-17,34.40,34.63,34.20,34.36,628784
2019-05-20,34.17,34.44,33.89,33.96,498267
2019-05-21,33.81,34.31,33.66,34.20,562336
2019-05-22,34.04,34.04,33.10,33.14,993184
2019-05-23,32.65,33.00,32.27,32.93,1091701
2019-05-24,33.41,33.61,33.06,33.14,599967
2019-05-28,33.30,33.64,33.20,33.50,1199619
2019-05-29,33.13,33.84,33.00,33.81,709653
2019-05-30,33.91,34.20,33.54,33.59,526401
2019-05-31,33.00,33.51,32.81,33.38,619554
2019-06-03,33.58,34.43,33.54,34.34,468749
2019-06-04,34.64,35.09,34.21,35.08,523287
2019-06-05,35.34,35.42,34.36,34.72,591763
2019-06-06,34.91,35.07,34.52,34.88,427984
2019-06-07,35.07,35.91,34.92,35.68,648956
2019-06-10,36.08,36.19,35.72,35.99,748462
2019-06-11,36.99,37.37,36.69,36.83,677205
2019-06-12,36.62,37.03,36.51,36.54,476644
2019-06-13,36.78,37.27,36.57,37.04,535311
2019-06-14,36.89,37.03,36.48,36.61,467272
2019-06-17,36.64,37.10,36.34,36.88,386410
2019-06-18,37.34,38.49,37.34,38.21,681977
2019-06-19,38.09,38.45,37.44,37.84,599602
2019-06-20,38.60,38.93,38.23,38.60,699948
2019-06-21,38.59,38.95,38.45,38.85,1140665
2019-06-24,38.76,39.11,38.28,39.04,688901
2019-06-25,39.00,39.11,38.41,38.42,525673
2019-06-26,38.36,38.65,37.96,38.62,777336
2019-06-27,38.60,38.99,38.13,38.58,624546
2019-06-28,38.71,38.71,37.94,38.45,1015061
2019-07-01,38.78,38.79,37.86,38.09,735956
2019-07-02,37.84,37.93,36.87,37.66,945259
2019-07-03,37.66,38.09,37.54,38.09,394257
2019-07-05,37.35,37.94,36.92,37.77,428323
2019-07-08,37.71,38.14,37.53,37.60,595496
2019-07-09,37.21,37.25,36.05,36.87,1144839
2019-07-10,37.07,37.38,36.52,36.87,886326
2019-07-11,36.37,36.54,36.12,36.47,933089
2019-07-12,36.34,36.94,36.34,36.49,577913
2019-07-15,36.71,37.28,36.60,37.02,789903
2019-07-16,37.07,37.66,36.88,36.95,684082
2019-07-17,36.96,37.37,36.48,36.50,579762
2019-07-18,36.37,36.60,36.04,36.38,970921
2019-07-19,37.03,37.72,36.79,37.24,923599
2019-07-22,37.36,37.57,36.93,37.24,734623
2019-07-23,37.29,37.92,36.98,37.02,818050
2019-07-24,36.78,37.65,36.72,37.27,715859
2019-07-25,37.37,37.58,36.74,37.03,751928
2019-07-26,37.09,37.09,36.55,36.98,479639
2019-07-29,36.98,37.02,36.38,36.87,524374
2019-07-30,36.75,36.90,36.16,36.68,588143
2019-07-31,36.48,36.66,35.25,35.42,917207
2019-08-01,35.01,35.54,34.17,34.19,1270914
2019-08-02,33.67,34.10,32.72,32.77,1121580
2019-08-05,32.17,32.65,31.43,31.93,1088111
2019-08-06,32.16,32.22,31.53,32.03,937059
2019-08-07,31.40,31.96,31.19,31.88,958269
2019-08-08,32.11,33.06,32.11,32.94,1010359
2019-08-09,32.60,32.62,31.54,31.65,825589
2019-08-12,31.37,31.54,30.68,30.74,749589
2019-08-13,30.83,31.79,30.63,31.45,1208539
2019-08-14,30.79,30.90,30.29,30.30,956999
2019-08-15,30.15,30.50,29.23,29.51,1011070
2019-08-16,29.67,29.78,29.35,29.60,928316
2019-08-19,30.12,30.33,29.88,29.99,1204432
2019-08-20,29.90,30.04,29.51,29.85,781582
2019-08-21,29.87,30.18,29.52,29.61,940851
2019-08-22,29.87,30.05,29.69,29.86,792556
2019-08-23,29.66,30.17,29.13,29.25,881874
2019-08-26,29.39,29.52,29.09,29.23,732949
2019-08-27,29.50,29.80,29.34,29.51,1704872
2019-08-28,29.49,30.29,29.17,30.08,790940
2019-08-29,30.68,31.27,30.58,30.84,1306482
2019-08-30,31.17,31.55,30.96,31.27,944082
2019-09-03,30.68,31.03,30.42,30.94,784463
2019-09-04,31.66,31.85,31.18,31.27,543948
2019-09-05,31.57,32.71,31.54,32.61,1183220
2019-09-06,32.66,33.21,32.37,32.77,952605
2019-09-09,32.93,33.30,32.76,33.25,814811
2019-09-10,33.38,34.16,33.13,34.15,748063
2019-09-11,34.33,34.45,33.30,34.20,598930
2019-09-12,34.43,35.13,33.78,34.97,678345
2019-09-13,35.73,36.04,34.98,35.33,1139611
2019-09-16,35.28,35.28,34.48,34.78,860879
2019-09-17,34.51,34.69,34.19,34.56,485878
2019-09-18,34.44,34.65,34.00,34.32,900168
2019-09-19,34.22,34.67,34.16,34.31,450795
2019-09-20,34.44,34.78,34.10,34.13,796492
2019-09-23,33.69,34.28,33.38,34.21,756178
2019-09-24,34.40,34.64,33.09,33.24,683918
2019-09-25,33.15,34.02,33.01,33.85,597182
2019-09-26,33.59,33.78,33.43,33.56,428224
2019-09-27,33.67,33.99,33.42,33.75,708437
2019-09-30,33.66,33.90,33.48,33.78,704014
2019-10-01,33.58,33.79,32.66,32.76,933772
2019-10-02,32.27,32.36,31.77,32.20,651508
2019-10-03,31.99,32.49,31.85,32.39,486357
2019-10-04,32.33,32.69,32.21,32.66,509713
2019-10-07,32.70,33.17,32.47,32.66,441554
2019-10-08,32.32,32.46,31.92,32.02,663074
2019-10-09,32.36,32.36,31.72,32.10,531999
2019-10-10,32.55,33.20,32.20,32.94,656312
2019-10-11,33.56,34.43,33.29,34.13,810758
2019-10-14,33.65,34.83,33.47,34.55,735855
2019-10-15,34.31,34.61,33.79,33.85,589236
2019-10-16,33.73,34.27,33.66,33.74,453209
2019-10-17,33.97,34.12,33.12,33.21,851268
2019-10-18,33.32,34.08,33.32,33.53,579557
2019-10-21,34.13,34.60,34.06,34.59,736326
2019-10-22,34.41,35.05,34.32,34.98,572273
2019-10-23,35.49,35.79,35.06,35.71,902552
2019-10-24,35.96,36.56,34.84,35.07,1184310
2019-10-25,35.27,35.71,35.09,35.60,577717
2019-10-28,35.92,36.32,35.75,36.04,791094
2019-10-29,35.74,36.36,35.70,36.35,1331932
2019-10-30,36.17,36.34,35.56,36.14,1127160
2019-10-31,35.89,36.05,35.02,35.21,826744
2019-11-01,35.56,36.98,35.56,36.97,780208
2019-11-04,37.41,37.82,37.32,37.74,807690
2019-11-05,37.69,38.18,37.31,37.58,856058
2019-11-06,37.25,37.25,36.46,36.56,771819
2019-11-07,36.99,37.79,36.91,37.63,960953
2019-11-08,37.39,37.63,37.17,37.40,467695
2019-11-11,36.99,37.75,36.80,37.69,699125
2019-11-12,37.79,37.97,37.37,37.39,653144
2019-11-13,36.99,37.50,36.95,36.96,501741
2019-11-14,36.86,37.27,36.53,36.78,405314
2019-11-15,36.90,37.60,36.90,37.33,382239
2019-11-18,37.03,37.30,36.69,36.92,525703
2019-11-19,37.48,37.48,36.51,37.20,512884
2019-11-20,37.07,37.27,36.54,36.59,728064
2019-11-21,36.54,37.06,36.42,36.72,627192
2019-11-22,37.00,37.76,36.80,37.51,663390
2019-11-25,37.74,38.04,37.52,37.81,410846
2019-11-26,37.75,38.02,37.49,37.69,835262
2019-11-27,37.71,38.25,37.41,38.12,473279
2019-11-29,38.23,38.37,37.46,37.64,365470
2019-12-02,37.60,37.93,37.23,37.56,700684
2019-12-03,36.74,37.11,36.42,36.61,1727670
2019-12-04,37.09,37.85,37.09,37.31,775035
2019-12-05,37.44,38.07,37.35,37.99,645376
2019-12-06,38.60,38.89,38.37,38.41,690859
2019-12-09,38.55,39.05,38.54,38.97,582007
2019-12-10,39.06,39.36,38.94,39.23,689273
2019-12-11,39.41,40.20,39.34,40.14,899086
2019-12-12,39.64,40.85,39.52,40.80,764173
2019-12-13,41.08,41.63,40.77,41.06,1055594
2019-12-16,41.69,41.79,40.76,40.81,667061
2019-12-17,40.41,41.64,40.09,41.58,941748
2019-12-18,41.62,42.29,41.60,42.19,1306135
2019-12-19,42.21,42.42,42.06,42.41,657435
2019-12-20,42.42,42.56,41.85,41.85,1180898
2019-12-23,41.91,42.24,41.82,42.23,463245
2019-12-24,42.36,42.43,42.11,42.15,214399
2019-12-26,42.34,42.77,42.31,42.75,276627
2019-12-27,42.93,42.93,42.09,42.13,293011
2019-12-30,42.13,42.29,41.84,42.05,332467
2019-12-31,42.07,42.09,41.83,42.04,535740
2020-01-02,42.52,42.60,42.04,42.27,414168
2020-01-03,41.58,41.94,40.96,41.12,801559
2020-01-06,41.07,41.26,40.70,41.19,598566
2020-01-07,40.98,41.45,40.92,41.25,599017
2020-01-08,41.37,41.58,41.07,41.49,599056
2020-01-09,41.56,41.89,41.36,41.81,581334
2020-01-10,41.81,42.76,41.81,42.55,744638
2020-01-13,42.77,44.02,42.56,43.95,655981
2020-01-14,43.83,44.36,43.53,43.83,725191
2020-01-15,43.62,43.72,43.08,43.37,453568
2020-01-16,43.71,43.91,42.78,43.05,731150
2020-01-17,43.46,43.74,43.11,43.48,682227
2020-01-21,42.80,42.96,41.68,41.83,1038214
2020-01-22,41.98,42.15,41.18,41.42,925865
2020-01-23,40.58,40.66,39.28,40.58,1601016
2020-01-24,40.35,40.35,39.24,39.44,1160530
2020-01-27,38.46,38.67,37.51,37.58,1153643
2020-01-28,37.94,38.60,37.40,38.47,904800
2020-01-29,38.59,38.85,38.18,38.21,712233
2020-01-30,37.75,38.49,37.58,38.47,724311
2020-01-31,37.97,38.01,37.23,37.29,1078342
2020-02-03,37.74,37.98,37.24,37.81,764753
2020-02-04,38.76,39.64,38.76,39.60,1172406
2020-02-05,40.46,40.66,39.53,39.73,641972
2020-02-06,40.17,40.19,39.00,39.18,576444
2020-02-07,38.50,38.73,38.10,38.24,501693
2020-02-10,38.01,38.16,37.61,37.95,961188
2020-02-11,38.46,39.02,38.28,38.54,945112
2020-02-12,39.15,39.31,38.61,39.10,633668
2020-02-13,39.07,39.26,38.69,39.05,562710
2020-02-14,39.01,39.32,38.37,38.86,498935
2020-02-18,37.92,38.09,37.22,37.77,833038
2020-02-19,37.89,38.60,37.82,38.43,455568
2020-02-20,38.21,38.84,37.91,37.91,412089
2020-02-21,37.65,37.72,37.05,37.46,517650
2020-02-24,35.78,35.88,35.16,35.77,1040724
2020-02-25,35.98,36.05,34.62,34.69,1065154
2020-02-26,34.94,35.39,34.45,34.67,891751
2020-02-27,33.68,34.47,33.01,33.22,1564608
2020-02-28,31.81,33.41,31.56,33.30,1655408
2020-03-02,33.60,34.89,32.91,34.79,1280012
2020-03-03,34.95,35.55,33.75,34.31,1772339
2020-03-04,35.09,35.75,34.57,35.44,1073708
2020-03-05,34.57,35.12,34.47,35.00,920298
2020-03-06,34.01,34.98,33.78,34.90,1084933
2020-03-09,32.15,32.43,30.54,31.68,1307589
2020-03-10,32.92,35.27,32.82,34.88,1465833
2020-03-11,33.65,33.78,30.79,31.21,1402966
2020-03-12,29.11,29.11,25.87,26.31,1907841
2020-03-13,28.23,29.07,27.17,28.99,1314840
2020-03-16,25.60,27.83,25.48,27.35,1232561
2020-03-17,27.63,29.91,26.98,27.60,2106772
2020-03-18,25.50,28.01,24.24,25.63,1585643
2020-03-19,25.26,27.25,24.25,26.85,1283949
2020-03-20,27.35,27.58,24.88,25.15,1549531
2020-03-23,24.76,25.14,23.19,23.29,1449413
2020-03-24,24.52,26.66,24.41,26.30,1071965
2020-03-25,26.32,28.47,25.41,27.22,1038893
2020-03-26,27.59,28.41,27.28,28.12,921714
2020-03-27,26.85,27.26,26.11,26.32,723483
2020-03-30,26.55,27.41,25.88,27.34,754862
2020-03-31,27.47,28.84,27.38,27.87,876003
2020-04-01,26.55,27.48,26.12,26.27,1038246
2020-04-02,26.67,27.88,26.11,27.06,755369
2020-04-03,26.78,27.32,26.31,26.52,877699
2020-04-06,28.30,28.31,27.29,28.11,743640
2020-04-07,29.48,30.09,28.89,29.24,1341524
2020-04-08,29.35,30.06,29.08,29.87,681651
2020-04-09,30.46,31.46,30.12,30.80,919202
2020-04-13,30.89,31.25,29.55,30.56,841563
2020-04-14,31.24,31.94,30.24,30.68,759395
2020-04-15,29.04,29.67,28.55,28.57,876551
2020-04-16,28.71,29.08,27.83,28.07,825704
2020-04-17,29.12,30.05,29.12,29.95,725296
2020-04-20,29.60,30.30,29.12,29.29,1022673
2020-04-21,27.92,29.02,27.76,28.72,667100
2020-04-22,29.58,29.85,29.06,29.82,701032
2020-04-23,30.13,30.97,29.92,30.56,838605
2020-04-24,31.15,31.50,30.29,30.43,736469
2020-04-27,30.88,32.27,30.57,32.23,1344420
2020-04-28,33.32,33.32,32.56,33.02,1152759
2020-04-29,34.01,34.42,33.71,34.28,574378
2020-04-30,33.56,33.69,31.95,32.11,1126752
2020-05-01,31.15,31.68,30.90,31.43,542271
2020-05-04,31.31,32.03,30.80,32.01,863516
2020-05-05,32.57,33.16,31.93,32.01,935619
2020-05-06,32.31,32.51,31.93,32.09,637562
2020-05-07,32.61,33.29,31.93,32.57,836693
2020-05-08,33.22,34.22,32.93,34.10,643468
2020-05-11,33.18,33.74,32.87,33.52,665912
2020-05-12,33.63,34.24,32.70,32.74,557400
2020-05-13,32.90,33.11,31.90,32.26,690356
2020-05-14,31.52,33.05,31.05,32.60,1340658
2020-05-15,32.48,33.36,32.25,32.47,743240
2020-05-18,33.88,35.52,33.88,35.26,800786
2020-05-19,35.34,35.88,35.01,35.54,638048
2020-05-20,36.12,36.35,35.52,35.67,599055
2020-05-21,35.36,35.53,34.69,35.11,408379
2020-05-22,34.52,34.98,34.51,34.82,532852
2020-05-26,36.15,36.15,35.11,35.60,676675
2020-05-27,35.89,36.50,35.09,35.93,946335
2020-05-28,36.52,36.73,36.19,36.41,1004145
2020-05-29,36.55,36.55,35.18,35.93,1460251
2020-06-01,35.76,36.83,35.73,36.47,623779
2020-06-02,36.94,37.62,36.63,37.12,770159
2020-06-03,37.56,38.42,37.22,37.90,1040658
2020-06-04,37.74,38.33,37.28,37.69,859777
2020-06-05,39.07,39.90,38.33,38.55,991788
2020-06-08,38.31,38.89,37.80,38.39,940530
2020-06-09,37.53,38.74,37.03,38.53,617609
2020-06-10,38.81,39.45,38.23,39.04,706051
2020-06-11,37.40,37.54,35.54,35.70,1204715
2020-06-12,37.38,37.54,35.96,36.64,924924
2020-06-15,35.53,37.19,35.09,36.84,862114
2020-06-16,37.63,37.99,36.41,36.95,582957
2020-06-17,36.97,37.48,36.95,37.21,530985
2020-06-18,36.63,36.97,36.04,36.50,769111
2020-06-19,37.19,37.43,36.55,37.41,1557596
2020-06-22,37.00,37.38,36.59,37.04,906873
2020-06-23,37.69,38.18,37.50,37.93,554364
2020-06-24,37.60,37.71,36.82,37.09,808328
2020-06-25,37.10,37.96,36.79,37.93,627493
2020-06-26,37.80,38.06,37.00,37.33,1401765
2020-06-29,37.65,38.18,37.55,37.98,404197
2020-06-30,37.88,39.49,37.70,39.36,1205453
2020-07-01,39.45,39.52,37.74,38.19,930698
2020-07-02,38.96,39.47,38.48,38.51,566535
2020-07-06,39.59,40.32,39.12,40.32,1172251
2020-07-07,39.96,40.25,39.56,39.59,1305815
2020-07-08,39.98,40.40,39.50,40.23,770383
2020-07-09,40.58,40.58,39.52,39.91,731343
2020-07-10,40.19,41.26,39.59,41.23,889733
2020-07-13,41.94,42.14,40.42,40.77,1174078
2020-07-14,40.50,42.11,40.30,42.03,996273
2020-07-15,42.56,42.72,41.76,42.37,958959
2020-07-16,41.82,42.65,41.49,42.19,694241
2020-07-17,42.59,43.38,42.14,43.23,678551
2020-07-20,43.06,43.51,42.60,43.34,803563
2020-07-21,43.42,43.77,42.73,42.80,666989
2020-07-22,43.04,43.45,42.54,43.27,879218
2020-07-23,43.49,43.90,42.67,42.92,621693
2020-07-24,42.50,42.88,41.82,42.64,938418
2020-07-27,43.18,45.67,42.85,45.60,1051619
2020-07-28,44.97,45.11,43.91,44.42,974262
2020-07-29,44.51,45.20,43.12,43.81,803117
2020-07-30,42.82,43.63,42.63,43.38,891976
2020-07-31,43.31,43.45,42.71,43.26,668773
2020-08-03,43.78,44.11,43.26,43.71,673462
2020-08-04,42.41,43.13,41.59,43.12,1094679
2020-08-05,44.29,45.25,44.29,44.81,661347
2020-08-06,45.18,46.13,44.64,45.69,929326
2020-08-07,45.12,45.32,44.08,44.60,843911
2020-08-10,44.98,45.72,44.82,45.38,641158
2020-08-11,44.99,45.09,43.88,44.06,917596
2020-08-12,44.84,45.29,44.57,44.86,716842
2020-08-13,44.54,45.31,44.06,44.41,671520
2020-08-14,44.35,44.74,44.16,44.72,506011
2020-08-17,45.53,46.24,45.26,45.46,545891
2020-08-18,46.27,46.94,46.06,46.07,829886
2020-08-19,46.38,47.06,46.18,46.25,769951
2020-08-20,45.56,46.06,45.14,46.02,505124
2020-08-21,45.45,45.76,45.25,45.52,466455
2020-08-24,46.19,46.33,45.56,46.13,474745
2020-08-25,46.30,46.42,45.50,45.80,417326
2020-08-26,46.03,46.76,45.97,46.69,398839
2020-08-27,47.08,47.18,45.59,45.84,466140
2020-08-28,46.74,48.02,46.44,47.71,624160
2020-08-31,48.04,48.19,47.53,47.60,791319
2020-09-01,47.96,48.68,47.52,48.02,1287740
2020-09-02,48.07,48.12,46.92,47.49,769304
2020-09-03,46.78,46.78,45.00,46.12,880421
2020-09-04,46.69,47.02,45.49,46.50,637292
2020-09-08,45.44,46.05,44.47,45.33,799214
2020-09-09,46.18,46.88,45.97,46.39,1073558
2020-09-10,46.28,46.53,44.90,45.01,852496
2020-09-11,45.85,46.73,45.70,46.41,958792
2020-09-14,47.15,47.46,46.77,46.84,741075
2020-09-15,47.50,47.75,46.71,46.80,544658
2020-09-16,47.12,47.39,46.46,46.57,720207
2020-09-17,46.01,46.85,45.72,46.70,805125
2020-09-18,46.92,46.97,45.92,46.00,1089929
2020-09-21,44.90,45.03,43.67,44.71,991557
2020-09-22,45.16,45.38,44.29,44.92,682925
2020-09-23,44.62,44.88,43.48,43.50,793813
2020-09-24,43.15,44.64,42.81,44.09,799562
2020-09-25,43.72,44.16,43.53,44.02,642703
2020-09-28,44.97,45.27,44.39,44.43,829406
2020-09-29,44.29,44.55,43.97,43.99,1004251
2020-09-30,44.37,44.95,44.15,44.80,1368902
2020-10-01,44.97,45.22,43.70,44.03,877335
2020-10-02,43.20,45.78,43.18,45.16,705134
2020-10-05,45.38,46.66,45.30,46.31,784820
2020-10-06,46.37,46.46,45.10,45.14,735779
2020-10-07,46.09,47.64,45.89,46.66,803145
2020-10-08,47.02,47.30,46.38,46.94,455690
2020-10-09,47.76,47.98,47.28,47.59,922427
2020-10-12,47.51,47.60,47.04,47.47,396039
2020-10-13,47.41,47.54,46.69,46.90,476844
2020-10-14,45.94,47.33,45.41,47.07,500922
2020-10-15,46.35,47.88,46.32,47.49,718191
2020-10-16,47.85,48.04,47.39,47.45,633750
2020-10-19,47.65,48.55,47.15,47.31,656686
2020-10-20,47.93,49.19,47.62,48.75,1084459
2020-10-21,49.21,50.15,49.03,49.40,1147481
2020-10-22,49.40,50.18,49.20,49.75,1044401
2020-10-23,49.92,51.65,49.65,51.42,1037555
2020-10-26,50.57,51.47,49.86,50.60,775688
2020-10-27,50.72,52.11,50.62,51.42,1578112
2020-10-28,50.10,51.27,49.39,50.89,932252
2020-10-29,50.49,52.02,50.31,51.97,1156318
2020-10-30,51.76,52.43,51.39,51.80,1140359
2020-11-02,52.33,53.73,52.25,53.65,1254801
2020-11-03,54.29,54.37,53.06,53.37,749847
2020-11-04,53.48,53.64,52.17,52.34,576744
2020-11-05,53.21,54.09,53.03,53.69,850355
2020-11-06,54.33,54.77,53.95,54.56,590724
2020-11-09,55.55,56.39,54.08,54.10,1345095
2020-11-10,53.87,54.30,52.96,53.60,904212
2020-11-11,53.64,53.86,53.18,53.58,702966
2020-11-12,53.85,54.75,52.74,53.03,1016627
2020-11-13,53.57,53.89,53.32,53.83,1004842
2020-11-16,54.72,55.41,54.48,54.97,688738
2020-11-17,54.97,55.90,54.47,55.51,1479293
2020-11-18,55.80,56.06,54.75,55.29,615255
2020-11-19,55.05,55.63,54.34,55.47,448771
2020-11-20,56.11,56.86,55.93,56.24,1244934
2020-11-23,57.04,57.72,56.88,57.55,874482
2020-11-24,58.20,59.37,58.11,58.90,1143276
2020-11-25,58.69,59.58,58.06,59.36,685691
2020-11-27,59.93,60.65,59.76,60.22,499694
2020-11-30,60.01,60.56,58.74,58.76,1799348
2020-12-01,59.88,60.35,59.17,59.53,1044629
2020-12-02,59.58,60.11,59.03,59.58,1193595
2020-12-03,60.09,60.56,59.47,59.69,1072372
2020-12-04,60.09,60.71,60.07,60.39,886774
2020-12-07,60.07,60.20,58.33,58.65,802207
2020-12-08,58.29,60.11,58.29,59.69,1044636
2020-12-09,59.93,60.16,58.06,58.87,1041720
2020-12-10,58.61,59.27,58.27,58.56,1061292
2020-12-11,58.14,59.25,58.11,59.14,542248
2020-12-14,59.53,59.65,58.10,58.62,676766
2020-12-15,59.86,59.96,59.38,59.91,556498
2020-12-16,60.38,62.23,60.08,61.13,1036998
2020-12-17,61.92,62.95,61.86,62.26,1094248
2020-12-18,62.32,62.76,61.63,62.10,1139230
2020-12-21,60.81,63.18,60.38,63.13,783864
2020-12-22,62.95,63.00,61.82,62.45,828844
2020-12-23,62.78,63.80,62.74,63.75,1092399
2020-12-24,64.07,64.31,63.36,63.44,369006
2020-12-28,64.33,64.51,62.59,62.88,416711
2020-12-29,63.02,63.84,62.54,63.61,521901
2020-12-30,63.61,65.20,63.61,65.14,746312
2020-12-31,65.22,65.22,64.10,64.45,496424
2021-01-04,66.69,67.79,66.16,66.58,1497778
2021-01-05,66.26,67.52,66.16,67.46,1060749
2021-01-06,67.86,68.98,67.42,68.24,1085885
2021-01-07,69.28,70.62,69.04,70.45,1245448
2021-01-08,70.36,70.72,69.23,70.70,897585
2021-01-11,68.47,70.60,67.87,69.93,913579
2021-01-12,70.27,71.24,69.33,71.07,923620
2021-01-13,71.05,71.05,69.36,69.52,547290
2021-01-14,69.52,70.95,68.09,70.27,766111
2021-01-15,68.94,69.84,68.07,68.40,649719
2021-01-19,69.52,70.90,69.32,70.17,1044157
2021-01-20,71.26,71.26,69.35,69.55,751400
2021-01-21,69.48,70.05,68.93,69.69,496057
2021-01-22,68.41,70.56,67.73,70.29,667070
2021-01-25,70.81,71.00,68.19,69.07,911027
2021-01-26,69.95,70.50,68.69,69.03,914290
2021-01-27,67.32,67.70,65.63,66.71,1072400
2021-01-28,67.70,69.10,67.15,68.44,1071740
2021-01-29,69.07,69.13,65.64,65.73,1214483
2021-02-01,67.05,68.24,66.17,68.16,913214
2021-02-02,68.16,68.28,66.43,67.43,992445
2021-02-03,68.10,68.19,67.14,67.19,1154129
2021-02-04,67.24,68.88,66.87,68.80,670041
2021-02-05,69.23,71.53,68.97,70.72,1394007
2021-02-08,71.51,72.44,70.30,70.50,1002981
2021-02-09,69.68,70.46,68.66,70.33,688276
2021-02-10,71.72,72.17,69.93,70.76,800897
2021-02-11,70.46,71.41,69.05,69.92,558500
2021-02-12,69.70,71.75,69.60,71.71,696661
2021-02-16,74.23,74.30,71.89,72.27,1051654
2021-02-17,72.57,73.97,72.16,73.56,1205957
2021-02-18,74.45,75.36,73.06,73.74,1216526
2021-02-19,75.27,78.67,74.95,78.60,1945749
2021-02-22,81.15,82.29,79.93,80.69,2015103
2021-02-23,78.61,79.12,75.26,78.45,1742823
2021-02-24,78.35,78.38,76.86,77.67,1422933
2021-02-25,77.07,77.59,74.26,74.31,1292710
2021-02-26,73.64,73.98,70.25,70.60,2599180
2021-03-01,72.07,74.50,71.85,74.12,1347999
2021-03-02,74.75,76.06,73.82,75.36,1460312
2021-03-03,75.00,77.33,74.71,76.20,1285159
2021-03-04,74.78,74.93,69.36,70.67,1919728
2021-03-05,72.23,73.31,69.40,72.98,1061856
2021-03-08,72.80,73.57,71.75,71.78,778732
2021-03-09,71.20,72.74,69.94,72.22,1371519
2021-03-10,72.34,75.23,72.00,74.37,1291806
2021-03-11,76.35,78.80,75.64,77.41,1710892
2021-03-12,76.22,77.55,75.85,77.19,587351
2021-03-15,76.97,77.40,74.15,74.99,1186385
2021-03-16,75.20,75.20,72.86,73.04,1121956
2021-03-17,72.36,74.04,71.81,73.52,766641
2021-03-18,73.44,74.31,72.12,72.19,892536
2021-03-19,72.00,72.36,70.37,71.40,1525013
2021-03-22,71.71,71.94,70.48,71.34,998315
2021-03-23,70.24,70.96,67.19,67.47,1863582
2021-03-24,68.40,69.20,66.38,66.79,1675540
2021-03-25,64.56,65.63,63.29,65.14,2341607
2021-03-26,66.94,68.89,66.26,68.71,1484291
2021-03-29,68.28,68.36,66.78,67.38,1246374
2021-03-30,67.12,67.96,66.73,67.39,1114105
2021-03-31,68.34,68.46,67.12,67.17,939033
2021-04-01,67.79,68.83,67.40,68.70,1133161
2021-04-05,70.07,72.10,69.87,70.96,1359423
2021-04-06,71.18,72.54,70.37,70.67,1316750
2021-04-07,70.46,70.78,69.66,70.11,910078
2021-04-08,70.48,72.25,69.66,71.72,946878
2021-04-09,71.07,71.09,69.43,70.25,859440
2021-04-12,69.82,69.99,69.17,69.67,957529
2021-04-13,69.68,70.78,69.25,70.19,685827
2021-04-14,71.29,73.66,71.05,72.67,917084
2021-04-15,73.71,74.19,72.41,74.10,1491536
2021-04-16,74.38,75.94,74.38,75.42,951297
2021-04-19,75.90,76.91,73.00,73.74,1345672
2021-04-20,73.26,73.52,70.14,70.66,1346239
2021-04-21,68.58,71.53,68.17,71.33,1548670
2021-04-22,70.85,70.85,68.23,68.41,1468866
2021-04-23,69.62,71.09,69.31,70.90,1084025
2021-04-26,71.67,72.70,71.07,72.14,1252676
2021-04-27,72.02,72.62,71.43,72.23,1144461
2021-04-28,72.09,72.46,70.48,72.27,703326
2021-04-29,73.04,73.14,70.41,71.27,734097
2021-04-30,70.36,71.51,68.46,68.70,1677055
2021-05-03,69.54,70.03,68.78,68.86,1088400
2021-05-04,68.89,69.28,67.68,68.92,861492
2021-05-05,69.85,72.15,69.30,71.79,923187
2021-05-06,72.37,72.42,70.85,72.07,1246192
2021-05-07,73.21,76.21,72.59,76.08,1838943
2021-05-10,78.31,82.43,78.19,79.62,4736487
2021-05-11,77.52,80.91,76.06,80.57,2178956
2021-05-12,80.06,81.20,77.56,77.89,1560858
2021-05-13,77.20,79.58,74.90,76.36,1301948
2021-05-14,76.06,76.86,74.03,75.51,1327182
2021-05-17,75.71,77.70,74.78,77.54,1376532
2021-05-18,78.99,79.25,75.73,75.77,1252132
2021-05-19,72.74,73.55,69.74,70.27,2356677
2021-05-20,71.07,71.55,69.63,70.19,1057755
2021-05-21,70.58,70.94,67.84,68.73,1908590
2021-05-24,68.44,68.59,67.10,67.35,1275218
2021-05-25,67.15,67.72,66.14,66.30,1188438
2021-05-26,66.67,67.37,66.14,66.56,1633864
2021-05-27,68.05,69.45,67.84,68.48,1911435
2021-05-28,68.31,69.30,67.43,69.02,1755018
2021-06-01,71.05,71.66,70.02,70.93,1713239
2021-06-02,70.66,71.55,69.73,71.12,1601927
2021-06-03,69.83,70.18,67.98,68.69,1563202
2021-06-04,69.31,70.70,68.33,70.42,1576510
2021-06-07,69.72,70.18,66.59,67.54,2135210
2021-06-08,67.81,69.11,67.29,68.15,1616542
2021-06-09,68.10,68.10,65.84,65.90,1854696
2021-06-10,66.31,67.22,65.83,66.29,1525603
2021-06-11,67.60,68.39,66.08,66.26,1509518
2021-06-14,65.92,65.95,64.63,65.12,1320891
2021-06-15,63.95,63.95,61.56,62.49,3745100
2021-06-16,61.85,62.32,61.27,62.03,2242111
2021-06-17,61.42,61.66,57.85,58.80,2996311
2021-06-18,58.75,59.42,58.40,58.87,2429965
2021-06-21,59.60,61.14,59.43,61.03,1768155
2021-06-22,61.41,61.94,60.48,61.66,1616373
2021-06-23,62.84,63.82,62.07,62.36,1857324
2021-06-24,62.78,63.71,62.30,63.00,1026366
2021-06-25,63.98,64.92,63.56,63.76,2331646
2021-06-28,64.03,64.18,63.11,63.79,1180145
2021-06-29,63.89,64.37,63.28,64.35,1209360
2021-06-30,64.14,64.36,63.51,63.66,1072256
2021-07-01,64.41,64.65,62.24,62.53,1230113
2021-07-02,62.75,63.73,62.46,63.53,689746
2021-07-06,63.72,63.72,61.24,61.80,1354715
2021-07-07,62.56,63.38,61.69,63.33,1318201
2021-07-08,61.67,62.81,60.73,62.24,1040780
2021-07-09,63.65,64.86,63.06,64.51,1082715
2021-07-12,63.53,64.85,63.09,64.40,1258540
2021-07-13,64.03,64.62,63.30,63.73,908668
2021-07-14,64.42,64.88,62.56,63.14,893719
2021-07-15,63.98,64.88,62.60,63.30,950402
2021-07-16,62.35,62.83,60.88,61.31,1533934
2021-07-19,59.38,60.36,58.78,60.24,1387547
2021-07-20,60.22,61.50,59.53,61.40,963375
2021-07-21,61.61,63.34,61.61,62.90,1143437
2021-07-22,63.32,63.32,62.03,62.42,956506
2021-07-23,62.62,62.75,61.37,62.43,1011309
2021-07-26,63.19,64.97,62.94,64.03,1434412
2021-07-27,63.56,64.59,62.70,64.32,936116
2021-07-28,64.75,65.29,64.12,64.51,1312301
2021-07-29,65.81,67.05,65.64,67.01,1249692
2021-07-30,66.37,66.88,64.49,64.96,1729816
2021-08-02,66.21,66.87,63.87,63.95,1510790
2021-08-03,64.32,65.22,63.78,64.78,940918
2021-08-04,64.33,64.72,63.95,63.99,765374
2021-08-05,63.34,64.57,63.12,64.37,801236
2021-08-06,64.69,65.68,64.31,64.74,766332
2021-08-09,64.14,64.64,63.36,64.56,675175
2021-08-10,64.52,66.11,64.39,65.85,1004680
2021-08-11,65.37,66.61,65.09,65.86,1078575
2021-08-12,65.60,65.60,64.77,65.33,858296
2021-08-13,65.52,66.56,65.42,66.52,916991
2021-08-16,65.13,65.27,63.37,64.17,698997
2021-08-17,63.34,63.50,61.48,62.48,941682
2021-08-18,61.53,63.09,61.16,61.88,972018
2021-08-19,60.21,60.73,59.70,60.24,995568
2021-08-20,60.12,60.79,59.79,60.16,913121
2021-08-23,61.16,62.34,60.53,62.05,970100
2021-08-24,63.11,63.52,62.11,62.41,1214663
2021-08-25,62.10,62.62,61.73,61.79,550055
2021-08-26,61.24,61.36,60.24,60.57,842532
2021-08-27,61.07,62.59,61.01,62.35,913174
2021-08-30,62.66,63.02,61.91,62.39,782735
2021-08-31,62.57,62.74,61.23,61.95,830999
2021-09-01,61.23,61.61,60.10,61.09,815575
2021-09-02,61.52,62.29,61.38,61.76,776442
2021-09-03,62.11,62.48,61.65,62.00,519834
2021-09-07,61.73,62.63,61.48,61.73,655501
2021-09-08,61.37,61.67,59.38,59.39,893359
2021-09-09,59.43,60.25,58.93,59.57,691769
2021-09-10,60.63,62.68,60.63,61.23,841583
2021-09-13,61.96,61.96,60.45,60.85,602767
2021-09-14,60.66,60.90,59.67,60.14,566072
2021-09-15,60.86,61.77,60.63,61.70,540704
2021-09-16,60.22,60.30,58.22,58.53,1082182
2021-09-17,58.45,58.62,57.32,57.91,1541274
2021-09-20,55.42,56.38,54.35,56.29,1477421
2021-09-21,56.74,56.81,54.98,55.87,1279547
2021-09-22,56.93,57.49,56.09,56.17,808814
2021-09-23,56.17,57.33,56.17,56.55,1049267
2021-09-24,56.13,57.62,56.13,57.35,663109
2021-09-27,57.40,58.76,57.26,58.64,988652
2021-09-28,58.13,58.13,56.40,57.60,790470
2021-09-29,58.20,58.25,56.46,56.58,909061
2021-09-30,55.96,56.28,54.98,55.56,1713597
2021-10-01,56.21,56.64,54.96,56.21,825383
2021-10-04,57.16,57.27,55.77,55.94,757598
2021-10-05,55.82,56.08,55.03,55.66,946478
2021-10-06,54.97,56.05,54.73,55.62,1295680
2021-10-07,56.76,58.36,56.76,57.71,1068340
2021-10-08,58.33,58.38,57.25,58.00,1000436
2021-10-11,59.59,60.16,58.33,58.37,1267714
2021-10-12,58.26,58.54,57.73,58.28,880495
2021-10-13,58.60,59.54,58.34,58.89,1384459
2021-10-14,60.32,62.77,59.92,62.34,2007210
2021-10-15,63.13,66.21,62.40,65.53,2428436
2021-10-18,63.88,65.10,63.46,64.45,1099471
2021-10-19,64.87,65.74,64.30,65.43,1140201
2021-10-20,64.97,65.45,64.69,65.02,1095570
2021-10-21,63.84,64.11,62.36,63.69,972219
2021-10-22,65.21,65.29,63.21,63.48,1014309
2021-10-25,63.75,65.23,63.18,64.91,837845
2021-10-26,64.83,64.94,63.46,63.72,796675
2021-10-27,62.35,62.97,60.42,60.68,1149019
2021-10-28,61.29,61.80,60.71,61.15,1015643
2021-10-29,60.31,60.72,59.30,59.37,1100648
2021-11-01,59.50,60.29,59.30,59.89,646688
2021-11-02,59.52,59.92,58.81,59.56,793057
2021-11-03,59.48,59.56,57.90,58.50,1046326
2021-11-04,58.73,59.00,57.57,58.32,938965
2021-11-05,58.39,58.94,57.83,58.79,841313
2021-11-08,59.90,61.85,59.87,61.16,1605374
2021-11-09,59.62,60.57,58.44,59.20,1242286
2021-11-10,58.91,59.40,57.46,57.61,799569
2021-11-11,59.09,61.82,59.04,61.09,1983379
2021-11-12,60.73,62.17,60.23,61.82,986512
2021-11-15,61.37,61.52,60.10,60.16,823493
2021-11-16,60.15,60.36,59.26,59.95,777655
2021-11-17,59.55,60.28,58.37,58.82,917661
2021-11-18,58.41,59.52,58.41,59.40,901970
2021-11-19,59.15,59.96,59.04,59.07,651820
2021-11-22,57.87,57.90,55.99,57.39,1544053
2021-11-23,58.05,59.29,57.99,58.62,814062
2021-11-24,58.81,59.43,58.37,58.69,664692
2021-11-26,56.65,57.40,55.69,57.12,711427
2021-11-29,57.90,59.07,57.17,58.95,953625
2021-11-30,58.68,58.99,56.80,57.90,1507267
2021-12-01,58.64,59.80,56.68,56.81,1379787
2021-12-02,56.91,58.11,56.81,58.09,1127829
2021-12-03,58.39,58.64,56.80,57.58,813824
2021-12-06,58.50,58.75,57.01,58.17,640300
2021-12-07,59.48,60.30,59.02,59.20,891118
2021-12-08,59.14,60.24,58.99,59.69,539154
2021-12-09,59.89,60.52,58.84,60.49,785241
2021-12-10,60.52,60.87,59.66,59.84,731649
2021-12-13,59.93,60.17,58.61,58.93,1085797
2021-12-14,58.65,59.97,58.48,58.71,839249
2021-12-15,58.02,58.08,55.93,56.51,2013337
2021-12-16,57.95,58.76,57.00,57.76,2747190
2021-12-17,57.83,58.30,57.04,57.78,1882981
2021-12-20,56.59,56.98,55.86,56.83,934886
2021-12-21,57.51,58.75,57.38,58.63,800147
2021-12-22,58.37,58.79,57.88,58.75,658807
2021-12-23,58.43,59.74,58.36,59.58,654335
2021-12-27,59.41,60.70,59.35,60.68,607871
2021-12-28,60.32,60.94,60.32,60.43,436096
2021-12-29,60.19,60.85,59.73,60.25,531973
2021-12-30,60.62,61.52,60.55,60.60,632878
2021-12-31,60.51,61.27,60.27,61.07,460013
2022-01-03,60.89,61.24,60.29,60.78,785968
2022-01-04,61.47,62.57,61.13,61.94,700690
2022-01-05,62.24,63.50,61.79,61.99,1063763
2022-01-06,61.95,62.36,61.06,61.91,1091480
2022-01-07,62.86,63.78,61.96,63.69,779710
2022-01-10,63.69,64.18,62.18,63.20,907879
2022-01-11,63.26,65.42,62.95,65.33,1184733
2022-01-12,67.55,68.81,67.37,68.50,2325754
2022-01-13,68.22,69.13,67.08,67.27,1401127
2022-01-14,66.34,67.55,65.94,67.10,862454
2022-01-18,67.19,69.10,67.09,67.84,1348305
2022-01-19,68.78,69.72,67.61,67.70,1345990
2022-01-20,68.19,69.26,66.82,67.31,1371628
2022-01-21,66.40,66.78,64.93,65.58,1411350
2022-01-24,63.34,64.16,61.86,64.15,1479374
2022-01-25,63.34,64.29,61.47,63.97,1272532
2022-01-26,65.24,66.18,63.35,63.95,1410361
2022-01-27,64.87,65.47,62.66,63.31,1008247
2022-01-28,62.65,62.65,60.67,61.93,1107818
2022-01-31,61.45,63.23,61.36,63.23,868517
2022-02-01,64.22,64.76,63.29,64.49,942823
2022-02-02,64.73,64.73,62.73,63.37,1339227
2022-02-03,63.33,63.36,62.02,62.53,1030945
2022-02-04,61.69,62.89,61.16,62.56,999471
2022-02-07,62.95,63.40,62.03,63.01,898619
2022-02-08,63.58,65.06,63.25,64.94,1083924
2022-02-09,65.86,67.29,65.06,67.12,1314116
2022-02-10,66.97,68.59,66.16,66.51,1466638
2022-02-11,65.62,67.56,65.11,66.48,1664789
2022-02-14,65.56,66.08,63.90,65.63,1189243
2022-02-15,65.04,66.67,64.77,66.64,1008688
2022-02-16,67.09,68.02,66.83,67.92,944608
2022-02-17,67.51,67.68,66.17,66.58,985753
2022-02-18,67.32,67.77,66.08,66.89,872470
2022-02-22,67.11,67.68,65.66,66.21,920694
2022-02-23,66.55,66.88,65.37,65.57,935214
2022-02-24,63.62,65.51,63.55,65.37,1176609
2022-02-25,65.71,68.09,65.70,68.08,959274
2022-02-28,67.43,69.22,67.23,68.68,1400919
2022-03-01,69.49,72.48,69.36,71.09,1890547
2022-03-02,71.63,72.61,70.46,72.16,1375877
2022-03-03,73.09,74.79,72.46,74.46,1334101
2022-03-04,74.59,75.83,73.08,75.81,1240991
2022-03-07,75.45,75.72,72.70,73.52,1410205
2022-03-08,72.36,75.57,72.36,74.06,1555123
2022-03-09,72.70,75.22,71.72,74.10,1841115
2022-03-10,74.72,75.99,73.89,74.52,1767226
2022-03-11,73.79,74.83,73.15,73.31,1322208
2022-03-14,72.18,72.19,68.33,68.81,1571943
2022-03-15,67.30,68.04,66.61,67.72,1379684
2022-03-16,68.65,69.77,67.96,69.74,925050
2022-03-17,70.27,72.65,70.08,72.33,1131503
2022-03-18,71.80,73.58,71.36,73.55,1852089
2022-03-21,74.22,76.81,74.18,76.28,1090195
2022-03-22,76.29,77.91,75.45,75.76,1063282
2022-03-23,76.31,77.63,76.03,76.77,847802
2022-03-24,75.61,76.69,74.99,76.32,1198721
2022-03-25,76.21,77.01,75.52,76.86,896985
2022-03-28,76.21,76.21,74.26,75.48,623691
2022-03-29,74.86,75.94,74.15,75.64,796489
2022-03-30,76.21,77.00,75.54,76.05,716019
2022-03-31,76.16,76.98,75.10,75.12,889645
2022-04-01,75.64,77.38,75.48,77.37,986602
2022-04-04,77.95,78.50,76.57,77.20,870462
2022-04-05,76.83,77.20,73.29,73.46,1717088
2022-04-06,73.09,73.63,71.22,72.14,1006559
2022-04-07,72.14,73.26,71.64,72.67,612643
2022-04-08,73.23,74.06,72.81,73.07,625404
2022-04-11,72.95,73.15,71.74,72.78,659078
2022-04-12,74.20,74.71,72.50,72.63,674665
2022-04-13,73.05,73.87,72.88,73.83,887597
2022-04-14,73.57,73.95,71.91,72.04,887637
2022-04-18,72.33,73.23,71.91,72.47,603805
2022-04-19,71.63,72.43,71.38,71.93,686310
2022-04-20,71.26,71.48,69.77,71.05,1101068
2022-04-21,70.32,70.70,66.32,67.47,2018350
2022-04-22,66.89,67.37,64.86,65.46,1428906
2022-04-25,63.66,64.10,61.63,63.63,2113229
2022-04-26,63.59,63.64,61.32,61.43,1481487
2022-04-27,62.84,63.81,62.08,62.27,1085040
2022-04-28,62.35,63.30,60.63,62.35,1002948
2022-04-29,63.41,64.49,61.56,61.63,1254940
2022-05-02,60.85,61.39,59.97,61.23,1094709
2022-05-03,61.29,62.81,61.29,62.11,1263653
2022-05-04,62.10,64.52,61.66,64.26,1248212
2022-05-05,64.28,64.36,60.80,61.95,1273944
2022-05-06,61.06,61.20,59.27,60.78,1445112
2022-05-09,58.85,59.30,57.54,57.78,1875378
2022-05-10,58.48,58.70,56.49,57.12,1914992
2022-05-11,57.90,58.43,56.34,56.45,1420066
2022-05-12,55.42,55.95,53.47,54.14,2870519
2022-05-13,54.43,55.42,53.50,54.49,2750690
2022-05-16,53.59,54.00,52.81,53.37,1778244
2022-05-17,54.20,56.44,53.98,56.38,2003308
2022-05-18,56.11,56.61,55.06,55.30,1877292
2022-05-19,55.48,58.31,55.48,57.61,1940362
2022-05-20,58.36,58.52,57.17,58.45,1640718
2022-05-23,59.90,60.51,59.16,59.84,1632240
2022-05-24,59.53,60.59,58.74,60.42,1357311
2022-05-25,59.82,60.69,59.60,60.42,1024717
2022-05-26,60.42,60.89,59.40,60.55,855981
2022-05-27,61.47,62.15,60.64,62.11,1099087
2022-05-31,62.65,63.49,60.65,61.14,2163472
2022-06-01,61.45,62.10,60.52,61.35,1323880
2022-06-02,62.85,63.86,62.70,63.74,1341585
2022-06-03,62.95,63.52,62.32,62.79,876778
2022-06-06,63.44,64.01,62.87,63.42,1198944
2022-06-07,62.65,64.30,62.65,64.22,908513
2022-06-08,63.34,63.60,62.52,62.65,830524
2022-06-09,61.95,62.24,60.40,60.47,938147
2022-06-10,59.20,60.06,58.78,59.49,954157
2022-06-13,57.55,58.25,55.79,57.14,1200747
2022-06-14,57.14,57.32,55.99,56.62,1075379
2022-06-15,57.56,57.75,55.84,57.06,1034966
2022-06-16,55.42,56.52,54.93,55.62,1547998
2022-06-17,55.20,55.58,54.27,54.88,2362376
2022-06-21,55.23,55.73,54.68,54.75,1109228
2022-06-22,53.00,53.29,51.98,52.31,1546119
2022-06-23,51.45,51.86,48.39,49.03,2883026
2022-06-24,49.10,51.53,48.93,50.97,2529251
2022-06-27,51.56,52.14,50.78,51.06,2068764
2022-06-28,52.05,52.81,51.13,51.34,1194834
2022-06-29,52.02,52.02,50.34,50.92,1067854
2022-06-30,49.83,50.21,48.64,49.30,1575064
2022-07-01,48.62,49.60,47.91,49.59,1302177
2022-07-05,47.81,47.99,46.02,47.37,1724788
2022-07-06,47.32,48.32,46.23,48.26,2254442
2022-07-07,50.11,51.07,50.06,50.71,2142369
2022-07-08,50.60,50.83,49.61,50.61,1662400
2022-07-11,49.10,49.65,48.55,48.74,1201225
2022-07-12,47.95,48.94,47.79,47.86,1323157
2022-07-13,47.18,48.37,46.62,47.74,1444238
2022-07-14,45.63,46.18,44.24,45.47,2568768
2022-07-15,45.87,46.59,44.81,46.48,1232358
2022-07-18,47.94,48.47,47.15,47.33,1551332
2022-07-19,47.18,48.69,46.93,48.57,1414727
2022-07-20,48.57,49.10,47.97,47.99,1118605
2022-07-21,47.59,48.74,47.09,48.73,1226651
2022-07-22,49.68,49.72,47.44,47.58,1275430
2022-07-25,48.57,49.55,48.27,48.70,1696701
2022-07-26,49.10,49.10,48.16,48.34,1179422
2022-07-27,48.20,48.42,45.96,47.82,2400559
2022-07-28,48.66,49.29,46.25,47.39,2118161
2022-07-29,47.69,49.70,47.26,49.29,2089180
2022-08-01,48.74,48.74,46.80,47.44,1543577
2022-08-02,47.20,47.46,46.25,46.31,1553877
2022-08-03,46.52,46.57,45.41,45.98,1570503
2022-08-04,46.21,46.38,45.64,45.82,1330120
2022-08-05,45.72,47.32,45.33,46.96,1420789
2022-08-08,47.69,48.38,46.78,47.14,1644772
2022-08-09,47.29,47.42,46.58,47.34,1393556
2022-08-10,47.46,48.18,47.11,47.80,1488242
2022-08-11,48.26,49.35,47.97,48.10,1451205
2022-08-12,47.79,48.73,47.46,48.67,901245
2022-08-15,47.28,48.09,46.80,48.08,1562029
2022-08-16,48.57,48.90,47.96,48.81,927686
2022-08-17,47.91,48.08,47.27,47.66,1384654
2022-08-18,48.00,49.12,47.91,48.91,1212280
2022-08-19,48.29,48.48,47.61,47.90,1044240
2022-08-22,47.13,47.58,46.71,47.20,1120306
2022-08-23,47.90,49.64,47.78,48.87,1344566
2022-08-24,48.19,48.76,47.90,48.72,888815
2022-08-25,49.44,50.17,48.70,50.11,1427487
2022-08-26,50.46,51.14,49.64,50.84,2722360
2022-08-29,49.67,50.10,48.55,49.26,1852006
2022-08-30,48.78,48.82,46.76,47.05,1937509
2022-08-31,46.76,47.38,46.22,46.59,1788697
2022-09-01,45.26,45.47,44.20,44.90,1655508
2022-09-02,45.99,46.42,45.12,45.22,1060533
2022-09-06,45.63,45.94,44.51,44.67,1197303
2022-09-07,44.10,45.33,43.85,45.26,1656876
2022-09-08,45.42,47.02,45.04,46.82,1529306
2022-09-09,47.54,48.84,47.54,48.69,1282947
2022-09-12,49.49,49.57,48.51,49.04,1703604
2022-09-13,47.51,48.57,47.27,47.71,1504651
2022-09-14,47.30,47.41,46.02,46.38,1103337
2022-09-15,46.25,47.47,46.03,46.28,1278578
2022-09-16,46.22,46.97,45.61,46.20,2465167
2022-09-19,45.28,47.36,45.20,47.36,936654
2022-09-20,46.64,46.91,46.13,46.83,985677
2022-09-21,47.02,47.10,44.89,44.89,1232079
2022-09-22,45.83,46.07,44.91,45.10,1254080
2022-09-23,43.71,43.80,42.39,43.00,1626983
2022-09-26,42.22,43.32,41.98,42.37,998586
2022-09-27,43.30,43.68,42.85,43.18,1312930
2022-09-28,43.11,44.41,43.11,44.24,1363926
2022-09-29,44.53,44.73,42.85,44.34,1756956
2022-09-30,44.00,45.75,43.92,44.38,1409876
2022-10-03,45.31,47.59,45.26,47.25,1731009
2022-10-04,48.08,48.41,47.51,48.39,2136915
2022-10-05,47.49,48.51,47.11,48.13,1433414
2022-10-06,47.24,48.12,47.03,47.80,1528668
2022-10-07,47.17,48.33,46.95,47.42,1885778
2022-10-10,47.79,48.61,46.94,46.98,1656164
2022-10-11,46.50,47.68,45.72,46.79,1448060
2022-10-12,46.58,47.74,46.01,47.58,1274851
2022-10-13,46.22,48.90,46.06,48.25,1418458
2022-10-14,48.30,48.40,46.32,46.55,1504139
2022-10-17,47.68,48.39,46.57,47.16,1173119
2022-10-18,47.82,47.88,46.33,46.83,1092236
2022-10-19,46.42,46.75,45.54,45.93,1234532
2022-10-20,46.04,48.14,45.91,46.66,1965127
2022-10-21,45.91,48.33,45.50,48.28,2740293
2022-10-24,47.25,47.44,45.02,45.35,2429185
2022-10-25,44.83,47.20,44.71,46.86,1824730
2022-10-26,47.80,49.15,47.52,48.68,2214752
2022-10-27,48.22,48.34,47.11,47.85,1720421
2022-10-28,47.39,47.53,45.71,46.63,1918888
2022-10-31,45.95,47.44,45.88,46.49,2060834
2022-11-01,48.30,49.72,48.12,49.50,2101627
2022-11-02,49.33,49.58,47.42,47.50,1481942
2022-11-03,46.80,47.93,46.16,47.90,1615413
2022-11-04,51.16,53.36,50.74,53.15,2691431
2022-11-07,53.10,53.58,52.08,52.49,1658480
2022-11-08,52.70,54.60,52.48,53.53,2262728
2022-11-09,52.73,53.86,52.46,52.79,1767424
2022-11-10,54.72,55.66,54.17,55.64,1606753
2022-11-11,58.04,60.51,57.69,59.77,2948704
2022-11-14,58.59,60.37,58.59,59.86,1829143
2022-11-15,60.60,61.25,59.41,60.02,1569484
2022-11-16,58.99,59.40,58.10,58.71,1686915
2022-11-17,57.25,58.16,56.78,57.98,909036
2022-11-18,57.98,58.13,56.93,57.42,786779
2022-11-21,56.48,56.70,55.68,56.66,898809
2022-11-22,57.64,59.25,57.37,58.86,1209554
2022-11-23,57.40,58.91,57.18,58.74,852450
2022-11-25,58.50,58.74,57.87,58.18,430235
2022-11-28,57.87,58.11,56.75,57.04,1044900
2022-11-29,58.55,59.10,57.91,58.72,1216125
2022-11-30,59.33,60.61,58.51,60.39,2241355
2022-12-01,60.12,61.20,59.69,60.83,1430221
2022-12-02,59.84,61.56,59.50,61.33,793547
2022-12-05,61.65,61.73,59.87,60.02,1090390
2022-12-06,60.77,61.53,59.89,60.23,947144
2022-12-07,59.85,61.06,59.35,59.41,1331670
2022-12-08,60.97,61.26,60.34,60.83,1515101
2022-12-09,60.99,61.81,59.97,60.05,986085
2022-12-12,59.19,60.04,58.94,59.86,978244
2022-12-13,62.04,62.50,60.15,60.44,1192056
2022-12-14,60.44,61.02,59.88,60.66,687686
2022-12-15,60.03,60.03,58.85,59.27,1327254
2022-12-16,58.88,59.69,58.76,59.14,1692791
2022-12-19,59.75,59.81,58.54,58.91,726869
2022-12-20,59.38,60.21,59.38,59.79,654584
2022-12-21,60.55,61.06,60.13,60.99,662980
2022-12-22,60.35,60.35,58.99,60.23,863104
2022-12-23,60.54,60.83,59.87,60.43,546417
2022-12-27,61.28,61.70,60.88,61.54,676906
2022-12-28,61.37,61.71,60.32,60.43,676119
2022-12-29,60.76,61.35,60.44,61.15,626394
2022-12-30,60.80,61.15,59.58,59.77,1034947
2023-01-03,60.33,62.30,60.24,61.00,1604169
2023-01-04,60.95,62.68,60.60,62.57,1252651
2023-01-05,62.76,64.17,61.82,64.17,1801084
2023-01-06,65.00,67.31,64.94,66.71,1495395
2023-01-09,67.98,69.37,67.63,68.47,1965633
2023-01-10,69.14,71.35,69.00,71.08,1899774
2023-01-11,72.63,73.22,71.93,72.75,2170081
2023-01-12,74.16,75.50,72.34,74.92,2117005
2023-01-13,74.45,76.48,74.45,76.27,2678657
2023-01-17,75.62,75.71,73.99,74.63,2556423
2023-01-18,76.64,77.27,74.55,74.56,2183403
2023-01-19,74.12,75.67,73.54,75.38,2382991
2023-01-20,74.72,74.88,73.67,74.28,1649768
2023-01-23,73.88,74.10,71.86,73.47,1541088
2023-01-24,73.17,74.93,72.11,74.62,1204141
2023-01-25,73.59,74.61,73.30,74.55,1025149
2023-01-26,74.69,75.18,73.09,74.03,997525
2023-01-27,73.29,74.42,72.62,73.81,1064728
2023-01-30,72.45,74.68,72.25,73.82,1477036
2023-01-31,73.42,75.01,73.21,74.44,1612192
2023-02-01,73.64,77.95,72.86,77.56,1862141
2023-02-02,76.66,76.93,73.56,75.33,1941073
2023-02-03,75.45,77.64,74.44,74.89,1528197
2023-02-06,74.47,74.52,72.98,74.08,1530549
2023-02-07,74.74,74.87,72.96,73.99,1063633
2023-02-08,74.03,74.46,73.48,73.65,666300
2023-02-09,74.94,75.48,73.34,73.69,1060683
2023-02-10,73.24,73.48,72.17,72.83,976720
2023-02-13,71.48,73.41,70.72,72.96,1067403
2023-02-14,72.50,74.10,72.04,73.97,862122
2023-02-15,72.22,74.74,71.76,74.72,1242534
2023-02-16,74.95,76.11,74.04,75.32,975978
2023-02-17,74.28,74.58,72.77,73.28,1048190
2023-02-21,74.80,75.10,73.34,73.59,927290
2023-02-22,72.72,73.37,72.20,72.95,914605
2023-02-23,72.57,73.46,70.61,71.54,1134268
2023-02-24,69.62,70.64,69.07,70.47,1190300
2023-02-27,70.86,72.11,70.58,71.75,850626
2023-02-28,72.22,73.39,71.52,72.93,1323622
2023-03-01,74.86,76.07,74.49,75.37,1221451
2023-03-02,73.55,74.57,72.76,74.47,1839886
2023-03-03,75.21,77.84,74.71,77.79,2060992
2023-03-06,76.78,77.16,75.59,75.98,1187606
2023-03-07,75.22,75.62,71.61,71.82,1707152
2023-03-08,72.53,74.42,72.40,74.14,1258785
2023-03-09,73.95,74.91,72.05,72.58,1325210
2023-03-10,73.00,73.82,71.44,71.62,980428
2023-03-13,70.65,72.68,69.80,71.78,1255237
2023-03-14,73.41,74.34,72.27,73.05,1327385
2023-03-15,70.09,70.39,66.81,67.36,2446783
2023-03-16,66.40,67.82,65.79,67.80,1961883
2023-03-17,68.25,68.34,66.56,67.41,2644437
2023-03-20,68.70,70.84,68.24,70.28,1981346
2023-03-21,71.10,71.97,70.39,70.62,1004677
2023-03-22,70.88,72.59,70.03,70.23,1034685
2023-03-23,70.84,72.47,69.91,70.63,800669
2023-03-24,70.09,70.81,69.16,70.51,1121767
2023-03-27,70.84,71.84,70.37,71.48,734254
2023-03-28,72.16,73.11,71.60,73.06,851019
2023-03-29,73.97,74.99,73.67,74.96,867038
2023-03-30,73.74,75.12,73.57,74.99,986608
2023-03-31,75.10,75.83,74.86,75.47,760646
2023-04-03,75.89,76.52,75.38,76.44,939157
2023-04-04,75.91,75.91,73.44,74.04,805013
2023-04-05,73.51,73.80,72.34,73.45,844299
2023-04-06,73.45,74.09,72.96,73.94,917023
2023-04-10,73.94,74.45,73.47,74.39,618055
2023-04-11,76.09,76.98,75.48,76.73,1022570
2023-04-12,77.19,77.30,76.32,76.59,935100
2023-04-13,77.98,79.95,77.70,79.66,1443303
2023-04-14,79.75,80.76,79.05,79.71,1197011
2023-04-17,79.60,80.15,78.11,79.14,1892859
2023-04-18,79.65,81.14,79.60,81.01,1361312
2023-04-19,79.39,81.21,78.81,80.84,1316428
2023-04-20,79.80,80.42,79.39,79.88,1106361
2023-04-21,78.83,79.06,76.40,77.84,1191117
2023-04-24,77.53,78.73,76.95,78.67,822322
2023-04-25,76.65,76.83,74.33,74.81,1520880
2023-04-26,75.92,75.93,74.16,74.71,1307208
2023-04-27,74.34,75.06,73.19,74.71,942550
2023-04-28,74.17,76.05,74.15,76.04,1211051
2023-05-01,77.71,77.99,75.81,76.17,961651
2023-05-02,75.09,76.42,74.95,76.03,1259406
2023-05-03,75.89,76.03,74.68,75.34,1100634
2023-05-04,75.02,75.52,74.01,74.18,881775
2023-05-05,75.22,78.88,75.16,78.39,1204095
2023-05-08,78.38,79.00,77.67,78.14,778191
2023-05-09,77.09,78.24,76.55,78.23,765376
2023-05-10,77.10,77.10,72.31,73.75,2289429
2023-05-11,71.09,71.41,68.63,68.74,2301060
2023-05-12,68.68,68.99,68.11,68.77,1365575
2023-05-15,69.28,71.78,69.05,71.56,1223970
2023-05-16,70.46,70.67,68.48,68.73,1635386
2023-05-17,70.91,70.91,69.03,70.27,920545
2023-05-18,68.96,69.01,67.67,68.37,1542072
2023-05-19,69.28,69.28,68.01,68.17,1091589
2023-05-22,68.08,69.05,67.96,68.68,890463
2023-05-23,67.67,67.74,65.71,65.97,1927266
2023-05-24,65.62,65.62,64.00,64.36,2107188
2023-05-25,64.27,65.37,64.18,64.52,1157170
2023-05-26,66.58,67.54,65.92,66.57,1191363
2023-05-30,66.57,66.85,65.66,66.35,1032427
2023-05-31,65.60,66.19,64.75,66.08,1145904
2023-06-01,66.36,68.55,66.36,67.99,1252880
2023-06-02,71.17,72.13,69.80,70.21,1990940
2023-06-05,70.22,70.64,68.64,69.74,791872
2023-06-06,69.62,71.01,69.61,70.62,714188
2023-06-07,70.68,71.67,70.34,70.75,839043
2023-06-08,71.33,71.84,70.31,71.21,820223
2023-06-09,71.29,71.72,70.29,70.55,1071312
2023-06-12,69.41,70.21,68.86,69.80,719422
2023-06-13,72.41,73.42,71.78,72.06,1103459
2023-06-14,73.32,73.68,71.93,72.99,1010180
2023-06-15,72.94,74.11,72.74,73.40,1563521
2023-06-16,73.25,73.69,72.87,73.67,1627393
2023-06-20,72.74,73.28,71.19,72.41,1147254
2023-06-21,71.90,72.87,71.65,72.53,895620
2023-06-22,72.19,73.59,72.11,73.04,1033376
2023-06-23,71.57,71.57,69.90,70.52,1348364
2023-06-26,70.90,72.14,70.75,71.89,825586
2023-06-27,72.25,72.91,71.92,72.64,854254
2023-06-28,70.49,70.74,69.37,69.95,1352915
2023-06-29,69.75,70.04,69.11,69.93,1142198
2023-06-30,70.53,71.07,69.87,71.00,1010943
2023-07-03,71.82,72.72,71.60,72.07,442945
2023-07-05,70.75,71.20,69.68,70.15,1149444
2023-07-06,68.58,69.31,66.94,68.29,1233101
2023-07-07,68.73,70.47,68.50,69.94,807895
2023-07-10,69.28,70.71,69.28,70.21,798045
2023-07-11,70.99,71.41,70.37,71.40,698656
2023-07-12,73.00,73.39,72.20,73.37,977182
2023-07-13,74.42,77.24,74.23,77.14,1414962
2023-07-14,76.91,77.38,75.78,75.99,1319842
2023-07-17,74.43,75.21,74.01,75.11,650131
2023-07-18,74.81,76.42,74.69,75.85,997819
2023-07-19,74.70,76.10,74.45,75.97,1250541
2023-07-20,77.07,78.06,76.58,77.45,1282995
2023-07-21,77.84,77.94,77.13,77.56,847100
2023-07-24,77.58,79.05,77.37,78.55,957930
2023-07-25,79.77,83.63,79.61,82.73,1973659
2023-07-26,82.53,83.89,82.44,83.16,1628769
2023-07-27,83.17,84.84,82.87,83.11,1398786
2023-07-28,84.46,84.56,82.15,84.34,793761
2023-07-31,84.97,86.69,84.97,86.54,1213898
2023-08-01,85.14,85.24,83.65,84.02,1300531
2023-08-02,82.11,83.13,80.88,81.25,1114307
2023-08-03,81.28,83.59,81.26,82.91,1065063
2023-08-04,82.68,83.33,81.94,83.02,1032285
2023-08-07,83.46,83.68,82.52,83.19,913568
2023-08-08,80.20,83.24,79.88,82.78,1316095
2023-08-09,83.50,83.61,82.07,82.54,842983
2023-08-10,83.09,84.19,81.76,82.40,1052933
2023-08-11,81.19,81.81,80.66,81.30,1169141
2023-08-14,80.17,81.00,78.93,80.81,976478
2023-08-15,79.84,80.02,78.88,79.33,1167770
2023-08-16,78.78,80.22,78.47,79.47,1307665
2023-08-17,81.08,81.38,78.99,79.13,901064
2023-08-18,78.19,78.23,76.16,76.45,1525576
2023-08-21,76.78,77.91,76.63,77.77,866745
2023-08-22,79.13,79.14,77.94,78.40,711937
2023-08-23,78.74,80.78,78.39,80.58,1132800
2023-08-24,79.49,80.36,77.98,78.11,1198257
2023-08-25,78.57,78.62,76.21,76.99,660213
2023-08-28,77.69,78.29,77.28,78.17,1044563
2023-08-29,78.19,79.70,77.57,79.69,865077
2023-08-30,79.80,80.52,79.35,80.23,745838
2023-08-31,80.28,80.63,79.75,79.83,881682
2023-09-01,81.53,82.25,81.09,81.29,710734
2023-09-05,80.90,81.48,78.42,78.48,1272463
2023-09-06,77.82,78.78,77.23,78.76,1071383
2023-09-07,77.74,77.96,77.03,77.69,811559
2023-09-08,77.24,77.96,76.92,77.91,797719
2023-09-11,80.21,80.52,79.33,79.57,534174
2023-09-12,78.67,79.56,78.15,78.47,779943
2023-09-13,78.47,78.55,77.30,77.56,751247
2023-09-14,79.23,80.47,79.20,79.38,1288465
2023-09-15,79.49,79.72,78.84,78.95,1656641
2023-09-18,78.83,79.23,78.13,78.84,742031
2023-09-19,78.78,79.10,77.09,77.69,770635
2023-09-20,78.28,79.03,77.03,77.08,429809
2023-09-21,75.22,76.05,74.27,75.22,1225797
2023-09-22,76.21,76.45,73.70,73.96,1376256
2023-09-25,73.24,74.00,72.47,73.73,1098081
2023-09-26,72.80,73.59,71.69,71.91,2177934
2023-09-27,72.35,72.50,71.21,72.05,1040513
2023-09-28,73.10,74.69,72.99,74.23,789557
2023-09-29,75.36,75.83,74.25,74.52,807551
2023-10-02,73.72,74.68,72.48,73.19,1038558
2023-10-03,71.96,73.36,71.90,72.71,868285
2023-10-04,72.78,73.13,71.44,72.59,1114486
2023-10-05,72.49,73.18,70.80,70.95,990812
2023-10-06,71.52,73.60,71.17,73.17,1217565
2023-10-09,72.37,73.78,72.16,73.42,611588
2023-10-10,74.09,75.15,73.79,74.44,715863
2023-10-11,74.93,75.05,73.25,73.56,819048
2023-10-12,73.49,73.64,70.98,71.61,853272
2023-10-13,72.21,72.56,71.06,71.40,675463
2023-10-16,71.90,72.81,71.45,72.36,774506
2023-10-17,71.26,73.51,71.13,73.07,659019
2023-10-18,71.91,72.03,70.37,70.38,809989
2023-10-19,70.26,70.63,69.54,70.15,923765
2023-10-20,69.45,70.16,69.00,69.48,861066
2023-10-23,69.08,69.81,68.37,69.45,809963
2023-10-24,69.83,71.17,69.48,70.52,767149
2023-10-25,70.52,73.29,68.75,68.85,1647166
2023-10-26,68.85,70.68,68.55,69.91,889369
2023-10-27,71.90,72.91,70.49,70.79,947962
2023-10-30,71.74,71.94,70.90,71.04,862407
2023-10-31,70.42,70.66,69.50,70.17,935717
2023-11-01,70.51,71.30,69.66,71.17,693979
2023-11-02,72.45,73.68,71.93,73.10,1056479
2023-11-03,73.67,74.49,73.17,73.50,853558
2023-11-06,73.83,74.23,73.20,73.47,589667
2023-11-07,71.17,71.69,70.26,70.56,657907
2023-11-08,70.23,70.84,68.88,69.61,844113
2023-11-09,70.17,70.59,68.98,69.10,730961
2023-11-10,69.01,70.00,68.22,69.94,803959
2023-11-13,69.79,70.20,69.41,69.46,581227
2023-11-14,71.56,73.59,71.25,73.33,1374756
2023-11-15,74.00,75.12,73.44,74.53,1354168
2023-11-16,74.07,74.51,73.16,74.10,687441
2023-11-17,74.65,74.85,73.91,73.98,796182
2023-11-20,74.23,74.92,73.54,74.06,1062346
2023-11-21,74.44,76.42,74.39,75.29,1463355
2023-11-22,75.02,75.67,73.88,74.46,786771
2023-11-24,74.22,74.29,73.19,73.45,538964
2023-11-27,71.51,72.25,70.21,70.28,1730654
2023-11-28,70.28,71.14,69.90,71.10,1438467
2023-11-29,71.51,71.61,70.63,71.03,866793
2023-11-30,71.24,71.44,70.58,71.19,1575545
2023-12-01,72.01,75.99,71.79,75.95,1607870
2023-12-04,73.76,74.46,72.58,72.93,935338
2023-12-05,72.16,72.16,70.74,70.85,1028416
2023-12-06,71.55,71.86,70.23,70.54,785174
2023-12-07,70.96,71.36,70.19,70.93,946415
2023-12-08,71.39,75.31,71.02,74.67,1500346
2023-12-11,73.28,74.48,72.43,74.36,854878
2023-12-12,74.09,74.45,73.50,74.06,740632
2023-12-13,73.91,76.93,73.02,76.55,1078640
2023-12-14,78.18,80.95,78.17,80.87,1800596
2023-12-15,80.27,81.82,79.62,81.43,2216363
2023-12-18,81.65,83.03,81.65,81.97,1261937
2023-12-19,83.38,84.28,82.95,84.09,843264
2023-12-20,83.24,83.96,82.36,82.44,1314221
2023-12-21,84.01,85.31,83.26,85.10,968266
2023-12-22,86.07,86.86,85.46,86.70,1278948
2023-12-26,87.05,87.35,86.19,86.40,611423
2023-12-27,86.71,87.43,86.47,87.29,783470
2023-12-28,86.86,87.49,86.43,86.43,681485
2023-12-29,85.10,85.68,83.58,85.18,793150
2024-01-02,84.40,85.28,83.23,83.79,1164717
2024-01-03,81.52,83.49,80.34,83.03,1243147
2024-01-04,82.65,83.28,82.26,82.95,745498
2024-01-05,82.68,84.13,82.31,82.72,700639
2024-01-08,82.08,84.62,81.74,84.61,741386
2024-01-09,83.55,83.99,83.01,83.41,946465
2024-01-10,83.17,83.41,82.36,82.45,687279
2024-01-11,83.18,83.22,81.36,82.19,732731
2024-01-12,82.94,83.34,81.96,82.28,636912
2024-01-16,80.91,81.07,78.85,78.86,1330463
2024-01-17,77.29,77.91,76.35,77.67,928305
2024-01-18,78.09,78.11,76.83,78.00,787687
2024-01-19,78.00,80.29,77.44,80.26,1318880
2024-01-22,79.16,80.58,78.92,79.59,1173690
2024-01-23,80.66,81.96,80.45,81.12,1282453
2024-01-24,83.93,84.30,82.25,82.39,911236
2024-01-25,82.97,83.42,81.95,82.96,1121479
2024-01-26,83.51,84.26,81.93,82.34,776972
2024-01-29,82.56,83.16,81.75,82.80,780954
2024-01-30,81.66,82.44,81.16,81.94,902609
2024-01-31,82.42,83.58,81.23,81.25,1049899
2024-02-01,81.82,82.96,81.60,82.93,1015753
2024-02-02,80.76,81.86,79.52,80.89,1315960
2024-02-05,79.18,79.18,77.65,78.87,1267479
2024-02-06,79.71,81.55,79.67,81.36,1015311
2024-02-07,81.28,81.34,79.71,81.19,709730
2024-02-08,80.66,80.78,79.06,80.11,804083
2024-02-09,79.76,80.10,78.80,79.33,999160
2024-02-12,78.77,79.83,78.49,79.45,661397
2024-02-13,77.94,78.26,76.62,77.23,1020555
2024-02-14,77.84,79.34,77.72,79.30,645840
2024-02-15,79.85,82.22,79.74,82.12,978775
2024-02-16,83.18,84.74,82.64,82.83,909476
2024-02-20,81.99,82.28,81.09,81.51,587611
2024-02-21,81.69,82.68,81.58,82.51,652123
2024-02-22,82.59,82.97,81.63,82.28,719556
2024-02-23,82.43,82.56,80.93,81.19,602965
2024-02-26,79.79,79.79,78.38,79.12,714678
2024-02-27,79.95,80.13,79.03,79.97,689926
2024-02-28,79.09,79.41,78.01,78.08,542490
2024-02-29,79.59,80.22,79.34,80.03,1092071
2024-03-01,80.46,81.02,79.49,79.83,693080
2024-03-04,79.83,80.98,78.51,80.95,768269
2024-03-05,80.45,80.77,78.77,79.21,817055
2024-03-06,81.11,81.68,80.28,80.55,893601
2024-03-07,82.98,85.34,82.36,83.87,1332109
2024-03-08,84.40,85.64,84.01,85.39,1599357
2024-03-11,84.94,86.00,84.39,85.56,1238044
2024-03-12,86.10,86.70,85.39,86.60,784636
2024-03-13,88.97,96.50,88.97,95.31,3393625
2024-03-14,95.76,97.19,94.66,96.18,2294182
2024-03-15,98.18,102.51,97.81,101.94,3677203
2024-03-18,102.73,103.75,101.15,101.54,1999124
2024-03-19,99.43,99.78,97.88,98.77,1517057
2024-03-20,98.46,102.68,97.69,102.18,1275394
2024-03-21,103.06,103.08,101.40,102.48,1080402
2024-03-22,102.84,104.18,102.03,103.29,1678212
2024-03-25,104.02,105.82,102.80,102.82,1062978
2024-03-26,103.43,103.52,100.81,101.05,907776
2024-03-27,101.40,103.45,100.95,103.25,1041015
2024-03-28,103.91,106.03,103.70,105.42,1141790
2024-04-01,106.65,107.21,105.39,105.94,816304
2024-04-02,106.52,107.54,105.41,106.66,1371186
2024-04-03,107.45,110.70,106.91,110.09,1659549
2024-04-04,110.75,111.19,107.40,108.46,1499504
2024-04-05,107.96,109.58,107.13,109.15,885520
2024-04-08,110.62,111.37,109.02,111.10,1073319
2024-04-09,114.30,116.65,113.29,115.26,1556013
2024-04-10,112.33,116.47,111.42,115.01,1202257
2024-04-11,115.50,115.96,113.38,115.75,1241481
2024-04-12,118.76,119.13,113.57,114.06,1422370
2024-04-15,116.73,116.93,112.89,112.91,1258148
2024-04-16,108.87,113.51,107.68,112.66,1799327
2024-04-17,115.11,116.02,111.46,112.99,1350090
2024-04-18,114.18,115.41,111.89,114.15,1011200
2024-04-19,114.06,115.10,111.79,112.26,1200877
2024-04-22,107.98,111.47,106.23,110.43,1449698
2024-04-23,106.98,110.45,106.68,108.51,1863927
2024-04-24,109.30,110.30,106.58,108.11,1514887
2024-04-25,108.58,111.66,106.92,110.67,1497403
2024-04-26,111.92,116.56,111.12,115.74,2316509
2024-04-29,117.09,119.75,115.08,119.61,1865209
2024-04-30,115.68,118.67,114.71,115.47,2594607
2024-05-01,115.47,116.40,111.75,113.98,1411872
2024-05-02,112.95,114.19,111.39,111.86,1933173
2024-05-03,113.76,114.56,112.06,114.22,1541511
2024-05-06,115.83,116.97,115.11,116.83,907918
2024-05-07,116.10,116.74,114.83,115.07,1001060
2024-05-08,112.02,114.32,110.91,112.98,1307175
2024-05-09,113.00,117.45,113.00,117.02,758912
2024-05-10,118.12,120.19,118.11,118.75,1263816
2024-05-13,119.36,121.00,119.00,120.67,883204
2024-05-14,121.38,125.07,121.38,123.79,1419066
2024-05-15,125.46,125.54,118.89,122.89,1259793
2024-05-16,123.16,124.26,120.15,120.16,909494
2024-05-17,123.37,125.54,122.53,125.35,1280547
2024-05-20,126.21,129.79,125.66,129.26,2116867
2024-05-21,128.54,129.28,125.87,126.71,1225567
2024-05-22,122.25,122.27,116.46,116.66,2202891
2024-05-23,118.56,119.20,115.37,116.55,1369645
2024-05-24,117.98,119.73,117.13,117.51,856568
2024-05-28,122.81,123.49,120.00,120.92,1249506
2024-05-29,119.13,119.75,117.94,119.49,1055175
2024-05-30,116.63,119.02,116.34,118.68,1119297
2024-05-31,119.16,121.71,116.19,118.63,1465849
2024-06-03,119.10,119.50,114.21,115.75,1283833
2024-06-04,113.20,113.74,108.43,110.18,2374827
2024-06-05,111.21,113.00,111.01,111.85,1614886
2024-06-06,111.95,113.90,110.50,113.86,988358
2024-06-07,109.90,111.17,108.82,108.90,1514621
2024-06-10,110.08,110.75,109.23,110.32,1514189
2024-06-11,107.82,108.63,105.81,107.72,1310141
2024-06-12,111.25,111.78,107.74,108.07,2006047
2024-06-13,107.73,107.73,105.20,106.07,1135853
2024-06-14,104.31,107.00,104.04,106.30,995489
2024-06-17,104.54,105.72,103.85,105.26,1159302
2024-06-18,105.20,108.40,104.98,108.01,963631
2024-06-20,110.48,111.25,109.16,110.54,1002799
2024-06-21,109.27,109.94,107.80,109.12,1838001
2024-06-24,109.50,111.25,108.74,109.98,1121907
2024-06-25,109.16,109.98,108.02,109.20,817923
2024-06-26,108.87,108.97,107.80,108.79,830165
2024-06-27,109.37,109.53,107.01,107.73,713856
2024-06-28,109.91,110.68,107.54,107.74,916905
2024-07-01,109.06,110.28,108.41,108.64,743661
2024-07-02,107.84,110.58,107.70,109.94,888760
2024-07-03,112.41,117.03,112.40,116.03,1052055
2024-07-05,118.20,118.96,116.71,116.75,872714
2024-07-08,115.84,117.44,115.29,116.45,1071225
2024-07-09,115.97,117.00,114.92,114.99,814298
2024-07-10,115.55,116.93,115.20,116.34,1067861
2024-07-11,117.00,117.38,113.36,114.59,1018800
2024-07-12,114.30,116.33,113.61,115.20,760089
2024-07-15,113.91,114.69,111.07,112.58,808492
2024-07-16,111.02,112.09,108.63,111.80,1130164
2024-07-17,111.32,111.58,109.45,109.89,904726
2024-07-18,109.01,109.50,103.53,103.98,1741514
2024-07-19,103.11,106.75,102.86,104.30,1370815
2024-07-22,105.16,105.72,103.53,104.90,1485185
2024-07-23,103.66,105.78,101.62,105.69,1385092
2024-07-24,106.31,106.86,103.74,104.18,915034
2024-07-25,103.11,105.20,101.45,104.34,1487690
2024-07-26,105.91,106.17,104.17,105.42,731692
2024-07-29,104.02,105.85,103.69,103.86,1095578
2024-07-30,102.61,103.57,100.69,101.15,1675150
2024-07-31,105.74,107.52,104.91,106.61,1831469
2024-08-01,105.01,106.19,101.26,102.22,1426727
2024-08-02,101.09,101.09,98.25,99.49,1028966
2024-08-05,91.82,97.98,90.85,97.47,1795251
2024-08-06,96.99,101.54,96.38,99.20,1283107
2024-08-07,100.30,100.68,96.87,97.04,1057863
2024-08-08,98.41,102.01,97.90,100.43,803840
2024-08-09,100.50,100.50,98.30,99.17,703021
2024-08-12,100.30,101.58,99.83,100.32,650745
2024-08-13,100.02,101.14,98.87,100.61,825844
2024-08-14,101.03,101.83,100.21,101.47,965690
2024-08-15,104.81,106.90,104.37,105.79,1098186
2024-08-16,105.19,105.39,103.43,103.88,938375
2024-08-19,104.33,105.53,104.20,105.29,936123
2024-08-20,105.58,106.02,102.92,103.32,865495
2024-08-21,104.47,104.77,103.07,104.30,825169
2024-08-22,103.21,103.86,101.36,101.70,780568
2024-08-23,102.81,104.65,102.55,104.62,932225
2024-08-26,106.16,107.80,105.04,105.56,655248
2024-08-27,105.11,106.80,104.33,105.66,751881
2024-08-28,102.51,103.20,100.79,100.86,930474
2024-08-29,100.81,101.82,100.14,101.43,839292
2024-08-30,101.63,101.75,99.88,101.72,1415860
2024-09-03,97.64,97.88,95.16,96.18,1616961
2024-09-04,95.93,97.32,95.85,96.35,1303014
2024-09-05,97.05,98.08,96.54,96.66,781750
2024-09-06,96.04,97.00,93.71,94.10,772264
2024-09-09,95.31,96.24,94.78,95.35,945015
2024-09-10,94.88,95.23,93.43,94.35,1243679
2024-09-11,95.80,96.97,94.89,96.45,1733055
2024-09-12,98.36,99.73,97.72,98.00,896832
2024-09-13,99.31,99.91,98.69,98.69,1033500
2024-09-16,99.49,100.37,99.08,99.47,905633
2024-09-17,99.20,100.28,98.66,99.18,1455718
2024-09-18,99.88,103.70,99.09,101.30,1278946
2024-09-19,105.58,106.34,103.97,104.89,1356019
2024-09-20,104.34,104.36,102.50,103.60,970038
2024-09-23,104.32,106.71,104.13,106.06,865931
2024-09-24,112.10,114.69,111.94,113.72,2250177
2024-09-25,112.94,113.37,111.00,111.27,1342032
2024-09-26,117.33,121.44,116.68,120.43,2449207
2024-09-27,119.50,120.42,117.81,118.87,1665481
2024-09-30,117.15,117.88,114.77,115.67,1185902
2024-10-01,118.00,118.00,115.40,117.08,798640
2024-10-02,118.10,119.48,116.95,117.33,674055
2024-10-03,114.66,115.50,114.00,115.32,792843
2024-10-04,116.13,118.19,116.13,117.95,957876
2024-10-07,117.95,118.54,117.11,117.57,767720
2024-10-08,112.96,113.66,110.27,113.11,1511919
2024-10-09,111.67,114.48,110.72,114.43,826454
2024-10-10,114.63,116.98,114.12,116.38,941749
2024-10-11,116.21,118.46,116.21,117.64,607439
2024-10-14,113.64,117.81,113.17,117.57,777845
2024-10-15,115.15,115.25,110.80,111.51,1518708
2024-10-16,112.53,113.76,111.69,113.14,1053391
2024-10-17,112.55,113.36,111.48,111.99,783643
2024-10-18,114.45,114.77,112.67,112.90,862811
2024-10-21,113.31,113.52,111.20,112.39,863744
2024-10-22,114.81,116.07,112.93,114.57,1202040
2024-10-23,111.99,114.35,111.65,113.83,964915
2024-10-24,114.96,115.00,112.56,114.53,1146832
2024-10-25,115.10,117.34,115.03,115.41,1426992
2024-10-28,115.41,116.00,114.11,114.81,768867
2024-10-29,115.80,116.66,114.26,114.41,679168
2024-10-30,113.36,113.36,111.48,111.85,869667
2024-10-31,110.67,111.10,108.65,109.55,828349
2024-11-01,111.20,111.88,109.93,110.10,631322
2024-11-04,110.90,112.42,110.57,111.31,660010
2024-11-05,112.89,114.06,112.03,114.02,872007
2024-11-06,108.06,111.09,106.34,109.50,1247596
2024-11-07,113.32,114.69,111.90,113.51,945452
2024-11-08,108.79,110.22,106.30,107.11,1084629
2024-11-11,105.33,106.08,103.32,104.76,927439
2024-11-12,102.34,102.99,101.18,102.70,1063603
2024-11-13,102.92,102.92,100.79,100.99,740630
2024-11-14,101.20,102.03,99.81,100.27,1055825
2024-11-15,101.36,101.36,98.96,99.24,794286
2024-11-18,100.49,101.95,99.84,101.83,638779
2024-11-19,101.43,104.13,101.13,103.78,711739
2024-11-20,103.68,104.49,102.60,103.00,775910
2024-11-21,102.78,103.03,99.85,100.68,1215732
2024-11-22,100.27,100.88,99.21,99.74,853410
2024-11-25,100.11,102.31,100.08,102.01,1502791
2024-11-26,101.50,101.51,98.29,98.54,839414
2024-11-27,99.00,100.58,98.94,99.71,752003
2024-11-29,99.39,101.05,99.20,100.35,431715
2024-12-02,100.85,100.85,98.56,100.05,808354
2024-12-03,102.50,102.77,100.01,101.33,872950
2024-12-04,101.00,101.94,100.61,101.22,599173
2024-12-05,101.47,101.70,99.54,101.12,658208
2024-12-06,101.30,101.42,99.62,100.00,580908
2024-12-09,104.70,107.73,103.58,105.54,1457019
2024-12-10,104.02,104.63,102.33,102.52,1059604
2024-12-11,102.81,104.52,101.77,103.51,862027
2024-12-12,102.91,103.10,101.16,101.53,597481
2024-12-13,100.50,100.82,99.10,100.00,710676
2024-12-16,99.58,99.80,97.02,97.39,824150
2024-12-17,96.18,97.06,94.86,96.74,880231
2024-12-18,96.36,97.11,92.81,92.96,801022
2024-12-19,93.30,93.91,91.15,91.98,1066430
2024-12-20,91.56,93.72,91.56,93.01,998655
2024-12-23,92.87,93.87,92.22,93.57,575598
2024-12-24,93.75,94.45,93.11,94.43,298478
2024-12-26,94.01,94.90,93.48,94.60,662626
2024-12-27,93.63,94.16,92.77,93.21,401985
2024-12-30,92.00,92.15,90.76,91.45,688440
2024-12-31,91.50,92.15,90.80,91.13,678093
2025-01-02,92.12,93.39,91.66,92.16,678478
2025-01-03,92.31,92.89,91.20,92.01,695893
2025-01-06,93.94,94.61,93.39,93.56,1234538
2025-01-07,94.40,94.42,92.98,93.78,940862
2025-01-08,93.18,95.69,92.74,95.60,1141668
2025-01-10,96.95,97.10,94.14,94.61,985928
2025-01-13,93.72,95.27,93.66,94.75,799061
2025-01-14,95.50,95.56,94.29,95.34,625657
2025-01-15,98.08,98.27,95.93,96.99,711116
2025-01-16,97.50,97.61,96.48,97.42,723717
2025-01-17,97.61,99.96,96.93,98.12,703676
2025-01-21,99.00,99.35,97.88,98.68,1644001
2025-01-22,98.77,99.33,96.35,96.35,1527104
2025-01-23,95.28,97.98,93.73,97.18,1145371
2025-01-24,98.41,99.44,96.33,96.50,953052
2025-01-27,94.56,94.82,93.36,94.14,1254207
2025-01-28,94.46,94.71,90.05,90.52,1782260
2025-01-29,90.94,92.16,90.26,91.37,1678743
2025-01-30,93.03,93.32,91.86,92.65,1419186
2025-01-31,92.05,93.52,90.79,91.62,1217095
2025-02-03,90.00,91.37,88.15,89.93,1472796
2025-02-04,91.43,93.44,90.69,93.26,1480809
2025-02-05,92.50,93.71,91.86,93.43,1380410
2025-02-06,95.76,96.97,94.61,94.61,1470878
2025-02-07,97.50,99.69,96.44,96.72,1160390
2025-02-10,98.23,98.42,96.58,97.04,1051538
2025-02-11,92.35,93.58,92.06,92.09,991734
2025-02-12,92.30,95.17,92.22,94.26,1366591
2025-02-13,94.83,98.13,93.15,97.84,1784303
2025-02-14,99.20,100.11,96.84,97.27,1946979
2025-02-18,97.17,97.43,95.37,97.43,1159918
2025-02-19,96.50,96.95,94.90,96.38,934271
2025-02-20,97.11,98.68,96.90,97.82,1089273
2025-02-21,97.70,97.70,92.55,92.91,1104869
2025-02-24,92.76,93.67,91.58,92.90,863304
2025-02-25,93.01,93.57,91.07,93.02,1033321
2025-02-26,94.56,95.54,93.04,93.25,1699423
2025-02-27,93.07,93.98,90.17,90.49,1044635
2025-02-28,88.35,88.98,87.57,88.93,1542652
2025-03-03,91.81,92.25,86.36,86.71,1178547
2025-03-04,86.15,87.56,84.33,85.92,1297315
2025-03-05,89.25,90.51,88.19,90.49,2097440
2025-03-06,90.12,92.49,90.00,90.82,1204354
2025-03-07,89.96,91.60,88.33,90.96,2167483
2025-03-10,88.15,89.95,86.62,88.46,1806171
2025-03-11,88.89,90.67,87.38,88.86,1567250
2025-03-12,90.01,91.04,88.31,90.34,1338402
2025-03-13,91.53,94.73,91.38,92.41,2026248
2025-03-14,93.77,96.27,93.42,96.13,1678628
2025-03-17,96.97,98.77,96.72,97.88,1497264
2025-03-18,99.00,99.34,97.06,98.80,973420
2025-03-19,99.09,100.46,98.33,99.54,1244334
2025-03-20,98.51,100.50,98.04,99.22,1199183
2025-03-21,97.64,101.62,96.00,100.41,5119651
2025-03-24,101.62,103.67,99.02,99.64,2368490
2025-03-25,101.15,102.53,100.72,101.48,2644769
2025-03-26,101.99,101.99,96.82,97.70,1940333
2025-03-27,95.93,97.42,94.67,96.84,1330405
2025-03-28,96.14,97.91,93.90,94.14,1136313
2025-03-31,91.09,94.07,90.16,93.46,1155005
2025-04-01,93.00,94.41,92.29,93.88,1138746
2025-04-02,92.92,94.48,92.40,94.36,903482
2025-04-03,89.62,90.88,86.50,86.73,2119613
2025-04-04,81.60,81.96,77.43,78.39,2937294
2025-04-07,75.36,82.92,75.06,79.40,3066278
2025-04-08,81.92,82.16,74.84,75.63,2010111
2025-04-09,77.80,85.34,74.87,84.42,2247720
2025-04-10,83.00,83.07,79.26,81.84,2536269
2025-04-11,83.58,85.68,82.56,84.63,1845794
2025-04-14,85.83,88.82,85.44,87.67,2013431
2025-04-15,87.00,87.70,85.87,86.83,1256724
2025-04-16,86.74,87.89,85.38,86.19,1701967
2025-04-17,86.23,87.26,85.14,86.26,1058476
2025-04-21,86.96,87.43,84.97,86.64,1099231
2025-04-22,88.33,89.77,88.04,89.11,1023322
2025-04-23,91.71,94.07,91.71,92.25,1578364
2025-04-24,93.73,96.42,92.92,95.83,1395178
2025-04-25,93.76,95.11,93.16,94.28,1610129
2025-04-28,94.30,95.27,92.86,93.82,1057986
2025-04-29,93.65,94.61,92.80,92.87,1178332
2025-04-30,88.64,89.66,87.11,89.52,1918636
2025-05-01,89.83,91.47,89.47,89.84,1193075
2025-05-02,90.71,90.90,89.27,90.14,796239
2025-05-05,89.97,90.15,88.51,88.55,664006
2025-05-06,88.57,90.72,88.10,90.52,1034340
2025-05-07,89.40,89.70,86.59,87.46,1326308
2025-05-08,87.25,88.88,87.12,88.08,984339
2025-05-09,89.00,89.44,88.13,89.38,1022848
2025-05-12,92.88,94.20,91.29,92.26,1381353
2025-05-13,92.46,94.04,92.26,93.29,768116
2025-05-14,93.06,93.69,92.43,93.40,791435
2025-05-15,92.50,92.61,90.91,92.21,1000380
2025-05-16,91.11,91.47,88.54,90.79,1174710
2025-05-19,89.23,91.74,89.06,91.63,913609
2025-05-20,91.65,92.13,91.25,91.67,779404
2025-05-21,91.13,92.29,90.41,90.93,984561
2025-05-22,90.19,90.70,89.19,90.42,882805
2025-05-23,89.31,92.81,89.31,92.34,1072256
2025-05-27,92.34,94.30,92.34,93.16,1021655
2025-05-28,92.72,92.72,91.39,91.74,679680
2025-05-29,92.95,93.12,91.81,92.39,1053388
2025-05-30,91.75,91.75,89.57,90.91,1312415
2025-06-02,92.96,93.54,91.65,92.45,1143362
2025-06-03,91.71,92.97,90.81,92.50,1219169
2025-06-04,93.20,94.36,92.60,93.74,1160505
2025-06-05,96.75,97.65,95.66,96.07,1673384
2025-06-06,96.72,97.00,95.33,95.64,836015
2025-06-09,96.38,98.59,96.07,96.93,1037953
2025-06-10,97.13,97.77,96.47,97.62,932713
2025-06-11,97.59,97.60,95.73,96.06,1259661
2025-06-12,94.49,97.07,94.45,95.94,1283353
2025-06-13,94.00,95.23,93.58,94.76,1070985
2025-06-16,96.00,97.40,95.61,96.45,1130980
2025-06-17,96.31,97.00,94.75,95.33,1034161
2025-06-18,95.27,96.15,94.95,95.25,767486
2025-06-20,95.79,95.79,92.95,93.46,6444749
2025-06-23,93.05,94.81,92.88,94.65,975930
2025-06-24,94.60,97.27,94.23,96.91,1371231
2025-06-25,97.23,97.52,95.75,97.08,1133947
2025-06-26,100.01,105.58,100.01,104.64,2099646
2025-06-27,104.50,104.50,101.72,102.51,3331511
2025-06-30,102.13,102.62,100.75,101.17,1613761
2025-07-01,101.45,103.93,100.42,102.10,1743787
2025-07-02,103.51,106.55,103.00,106.09,1667864
2025-07-03,105.83,106.84,104.85,105.86,718128
2025-07-07,104.39,105.50,103.77,104.51,1679363
2025-07-08,105.20,109.40,102.90,103.00,4507140
2025-07-09,103.48,104.00,98.98,99.92,3064875
2025-07-10,101.85,102.59,100.40,102.26,1854406
2025-07-11,100.79,101.91,99.57,101.61,1176213
2025-07-14,100.37,101.06,99.39,99.98,1079296
2025-07-15,99.53,100.00,95.92,97.55,1747760
2025-07-16,97.82,97.90,95.32,96.66,1151528
2025-07-17,96.00,97.20,95.67,96.51,1053780
2025-07-18,97.60,97.70,96.01,96.44,921893
2025-07-21,98.00,99.32,97.81,98.05,814762
2025-07-22,98.90,99.23,97.33,99.15,1031276
2025-07-23,99.33,100.87,99.03,100.83,1793094
2025-07-24,99.70,100.34,98.57,99.48,1103751
2025-07-25,98.99,99.09,97.56,98.19,993017
2025-07-28,99.23,99.68,96.29,97.11,1881221
2025-07-29,97.00,97.41,95.39,96.66,1844915
2025-07-30,95.32,98.10,88.73,90.54,5018536
2025-07-31,89.87,95.05,89.87,94.16,2942555
2025-08-01,92.50,93.70,90.82,91.66,1478627
2025-08-04,92.29,93.21,91.92,93.05,1012803
2025-08-05,92.86,94.91,92.55,94.53,1238918
2025-08-06,95.28,95.71,94.64,95.07,904315
2025-08-07,96.80,97.95,96.45,97.51,1038588
2025-08-08,98.54,101.14,97.58,100.10,1291853
2025-08-11,99.18,99.68,95.81,96.12,1541291
2025-08-12,96.88,99.00,96.80,98.25,958473
2025-08-13,99.30,100.71,98.51,99.50,1088052
2025-08-14,97.56,98.22,96.52,97.62,801390
2025-08-15,96.69,97.07,95.61,95.87,785533
2025-08-18,95.88,96.60,95.11,95.88,819733
2025-08-19,96.48,96.62,93.82,94.25,834208
2025-08-20,93.58,94.12,92.60,93.70,1327115
2025-08-21,92.84,93.97,92.56,93.73,887765
2025-08-22,94.00,97.61,93.74,97.54,1055568
2025-08-25,97.81,98.24,97.00,97.01,678260
2025-08-26,96.57,97.84,96.24,97.78,950796
2025-08-27,96.18,97.00,95.00,96.21,704122
2025-08-28,96.74,97.12,95.54,96.72,966576
2025-08-29,96.49,98.02,95.96,96.09,1044341
2025-09-02,95.00,97.30,92.94,97.25,893646
2025-09-03,98.60,101.65,98.40,100.93,1595487
2025-09-04,100.68,101.00,98.82,100.82,943443
2025-09-05,102.25,103.65,101.26,102.98,1420368
2025-09-08,103.37,103.69,102.07,103.39,1424119
2025-09-09,104.07,106.00,99.87,99.91,1910247
2025-09-10,100.55,102.19,100.43,102.10,1094279
2025-09-11,101.93,105.72,101.77,105.05,958741
2025-09-12,105.39,107.25,104.98,106.18,1606405
2025-09-15,106.63,110.35,106.50,109.94,2089978
2025-09-16,110.49,110.59,107.94,108.45,1764278
2025-09-17,107.37,109.52,106.04,106.88,1477794
2025-09-18,106.21,107.75,105.10,107.26,1682455
2025-09-19,109.00,111.05,108.34,109.99,2267528
2025-09-22,110.54,112.24,109.59,111.44,1466135
2025-09-23,112.00,112.76,110.14,110.26,1351078
2025-09-24,116.19,121.48,115.00,119.50,5793453
2025-09-25,118.28,119.10,116.09,117.96,3098840
2025-09-26,117.69,118.96,116.93,117.00,1227534
2025-09-29,120.71,122.65,119.92,121.09,1936908
2025-09-30,120.65,121.36,119.11,121.36,2002163
2025-10-01,121.91,123.60,121.58,122.64,1450160
2025-10-02,124.23,125.58,122.82,125.32,1522699
2025-10-03,126.60,129.83,126.31,128.29,2475286
2025-10-06,130.59,133.25,129.82,129.98,2580413
2025-10-07,131.12,131.98,126.68,126.73,2232421
2025-10-08,131.00,134.49,130.80,132.53,2194760
2025-10-09,135.73,136.50,129.81,130.57,2001554
2025-10-10,131.60,132.13,124.81,125.10,3150235
2025-10-13,131.28,134.06,129.80,133.20,1867902
2025-10-14,129.35,132.77,127.51,130.75,2010453
2025-10-15,132.99,133.18,130.37,131.90,1150665
2025-10-16,133.50,136.17,131.56,133.27,1928426
2025-10-17,131.93,132.76,128.56,129.81,1288130
2025-10-20,132.50,135.25,131.44,134.94,1211616
2025-10-21,130.00,131.48,127.70,128.32,1770696
2025-10-22,127.45,128.85,125.24,126.92,1265562
2025-10-23,131.01,131.26,128.20,128.37,1012318
2025-10-24,128.90,131.09,127.74,129.34,1007283
2025-10-27,131.00,133.18,130.32,132.99,1485826
2025-10-28,131.44,138.96,131.30,138.36,1868121
2025-10-29,141.33,144.81,140.50,141.68,1722590
2025-10-30,139.93,141.34,137.90,140.11,1413564
2025-10-31,140.35,141.50,138.01,138.80,1542931
2025-11-03,138.80,138.80,135.18,138.29,1376504
2025-11-04,132.65,133.62,130.01,130.79,2060111
2025-11-05,131.91,136.31,131.80,135.92,1324225
2025-11-06,136.71,138.74,135.40,137.24,1872730
2025-11-07,135.50,137.10,134.25,136.61,1084110
2025-11-10,140.17,140.60,138.03,139.49,1024854
2025-11-11,140.00,140.00,137.69,138.52,844450
2025-11-12,139.32,140.06,136.78,136.78,826379
2025-11-13,137.35,138.21,131.52,132.03,1373529
2025-11-14,128.60,132.97,127.12,130.69,757956
2025-11-17,130.00,130.83,125.52,127.05,1533575
2025-11-18,125.76,126.95,123.70,124.14,1716638
2025-11-19,126.00,127.69,124.25,125.38,1596147
2025-11-20,126.63,127.54,119.43,120.02,1528023
2025-11-21,120.02,124.23,119.25,123.69,1220131
2025-11-24,124.38,127.28,124.38,126.80,1370712
2025-11-25,129.00,130.40,127.78,129.12,825844
2025-11-26,130.75,134.94,130.66,133.03,1381567
2025-11-28,135.10,135.48,133.75,134.78,926114
2025-12-01,136.39,137.44,134.68,134.76,1043647
2025-12-02,135.23,136.00,133.26,134.90,1022148
2025-12-03,139.58,140.65,137.52,138.59,1169864
2025-12-04,137.50,140.05,136.06,139.95,892080
2025-12-05,142.00,144.25,140.37,140.41,1257741
2025-12-08,141.00,141.85,139.82,141.04,788648
2025-12-09,138.00,141.97,137.36,140.40,955590
2025-12-10,141.73,144.07,139.72,143.98,992325
2025-12-11,144.41,148.93,143.44,147.63,1245112
2025-12-12,149.00,149.75,141.84,142.41,1748650
2025-12-15,145.45,145.45,142.72,143.86,937602
2025-12-16,141.50,144.21,140.01,140.27,1076353
2025-12-17,142.06,142.76,140.51,141.45,904823
2025-12-18,142.00,142.76,139.66,142.28,847528
2025-12-19,141.89,146.39,141.89,144.00,1889628
2025-12-22,146.87,147.90,145.66,147.18,949846
2025-12-23,148.98,149.25,146.17,148.02,946897
2025-12-24,149.51,149.51,146.72,148.13,346708
2025-12-26,150.87,152.19,149.17,149.52,1101601
2025-12-29,145.75,146.99,143.72,145.30,1120451
2025-12-30,148.48,149.25,145.29,145.48,848718
2025-12-31,144.57,144.72,142.00,143.47,931231
2026-01-02,146.66,149.07,144.79,148.69,1177299
2026-01-05,153.44,155.78,151.86,154.39,1369735
2026-01-06,158.00,161.59,157.63,160.08,1656020
2026-01-07,156.99,158.24,151.60,158.09,2156351
2026-01-08,155.66,161.18,154.12,160.55,2567195
2026-01-09,162.94,171.08,161.96,170.52,2853415
2026-01-12,172.88,177.39,172.53,176.00,2777964
2026-01-13,177.00,177.25,173.41,174.37,2632264
2026-01-14,175.91,181.42,175.00,180.26,2194802
2026-01-15,178.35,184.17,177.60,182.97,1943702
2026-01-16,179.86,181.36,176.01,180.95,2055928
2026-01-20,181.90,186.68,179.00,186.25,1993826
2026-01-21,184.94,191.22,181.50,184.06,3553559
2026-01-22,184.25,184.25,176.10,176.41,2481463
2026-01-23,178.91,185.07,174.45,184.30,2596073
2026-01-26,189.05,193.28,186.77,188.41,3529081
2026-01-27,190.50,194.99,188.45,194.84,2661766
2026-01-28,201.35,201.45,190.25,198.18,2281262
2026-01-29,212.88,218.81,200.29,207.93,4978750
2026-01-30,198.61,203.43,187.79,190.32,4199120
2026-02-02,189.50,194.51,188.38,192.80,2389582
2026-02-03,204.85,215.70,203.22,215.44,3209416
2026-02-04,215.22,215.62,190.00,195.97,4917312
2026-02-05,191.88,192.50,185.66,189.46,3045137
2026-02-06,192.00,200.37,190.58,200.04,2213836
2026-02-09,201.00,209.86,200.63,208.28,1745082
2026-02-10,202.89,204.75,197.10,198.90,1948770
2026-02-11,204.38,207.80,198.75,206.52,1448728
2026-02-12,208.88,209.60,197.50,197.85,1551393
2026-02-13,191.51,199.66,188.08,198.00,1657214
2026-02-17,191.31,191.69,181.60,188.00,2033746
2026-02-18,192.97,196.31,189.62,192.66,1270163
2026-02-19,190.14,195.90,186.74,194.07,1285470
2026-02-20,191.53,201.20,191.53,201.01,1004107
2026-02-23,200.24,208.18,199.57,207.05,1558441
2026-02-24,205.35,212.83,204.41,210.69,1893683
2026-02-25,213.33,220.76,211.83,215.20,2143167
2026-02-26,209.50,216.99,206.01,215.70,1854086
2026-02-27,215.17,223.88,214.13,218.30,2058710
2026-03-02,218.68,221.50,215.51,218.85,1577604
2026-03-03,206.09,208.90,193.51,206.23,2469004
2026-03-04,209.66,211.38,205.30,206.66,1729644
2026-03-05,200.65,201.63,187.75,191.87,1962870
2026-03-06,185.81,190.90,182.76,184.97,1800698
2026-03-09,179.00,191.34,177.54,190.64,2391636
2026-03-10,193.88,200.25,192.59,196.16,1305137
2026-03-11,192.26,193.66,187.00,192.02,1505766
2026-03-12,189.60,189.60,180.43,180.56,2024606
2026-03-13,180.00,180.30,170.79,170.83,2122392
2026-03-16,175.23,177.62,172.00,176.80,1746731
2026-03-17,176.24,179.95,174.02,177.02,1139132
2026-03-18,170.77,171.60,166.18,166.72,2015941
2026-03-19,157.11,161.00,152.29,159.81,3355269
2026-03-20,159.07,160.43,151.37,152.71,3074825
2026-03-23,157.26,162.59,155.64,159.59,2731800
2026-03-24,156.96,160.50,153.19,159.88,1915633
2026-03-25,165.93,167.63,163.10,165.49,1598744
2026-03-26,158.51,160.87,156.19,159.76,1560742
2026-03-27,158.70,165.63,158.00,162.07,1540836
2026-03-30,166.60,167.18,157.18,159.28,1679068
2026-03-31,163.00,172.38,163.00,172.06,1754744
2026-04-01,177.07,181.27,175.00,177.95,1620041
2026-04-02,169.94,179.10,168.77,177.83,1606896
2026-04-06,176.50,178.79,173.60,176.67,945859
2026-04-07,176.05,176.61,170.88,173.97,1161556
2026-04-08,189.06,190.00,183.47,187.17,1615399
2026-04-09,185.92,189.88,184.45,188.05,972171
2026-04-10,192.00,196.38,190.51,192.56,1548543
2026-04-13,189.99,196.51,188.82,196.38,1866760
2026-04-14,197.21,198.93,193.25,193.37,1444118
2026-04-15,190.00,194.40,187.43,189.30,1116948
2026-04-16,191.89,193.18,186.93,188.25,1039111
2026-04-17,192.50,196.00,189.00,194.32,1401380
2026-04-20,190.07,192.84,188.52,190.76,1029964
2026-04-21,189.82,192.96,182.63,183.53,1401772
2026-04-22,187.87,189.97,186.50,187.71,1103850
2026-04-23,187.71,194.78,180.12,182.25,2248150
2026-04-24,183.11,184.43,179.77,180.43,1319199
2026-04-27,180.00,181.90,176.00,178.12,1571457
2026-04-28,173.98,175.10,168.72,170.49,2021284
2026-04-29,170.52,171.52,166.48,168.43,1265454
2026-04-30,172.75,173.88,168.94,171.69,1366483
2026-05-01,168.51,172.63,167.00,171.18,1071972
2026-05-04,169.08,169.80,165.89,166.30,1210718
2026-05-05,171.89,173.61,169.58,171.03,915264
2026-05-06,180.00,185.59,178.00,183.91,1568678
2026-05-07,186.34,188.09,179.00,179.54,1380601
2026-05-08,183.58,188.43,183.58,185.29,1082959
2026-05-11,188.44,192.02,184.72,185.23,1983657
2026-05-12,182.01,191.99,179.02,191.75,2008686
2026-05-13,191.92,194.93,188.13,191.89,1654447
2026-05-14,190.01,190.53,185.27,188.50,1191655
2026-05-15,179.26,179.65,174.62,176.78,1406906
2026-05-18,178.52,178.52,169.19,171.90,1468043
2026-05-19,168.39,171.85,165.23,169.00,992933
2026-05-20,170.97,175.19,169.21,174.09,929977
2026-05-21,174.08,181.83,172.00,179.12,1350014
2026-05-22,178.75,180.83,177.04,179.67,1041787
2026-05-26,184.49,190.00,184.01,189.88,1066952
2026-05-27,187.56,189.20,185.11,187.75,1027009
2026-05-28,185.89,195.89,183.56,194.88,1226531
2026-05-29,193.25,194.45,188.79,191.30,1577423
2026-06-01,188.91,197.65,187.57,194.62,1222537
2026-06-02,196.58,203.19,196.20,201.37,1232587
2026-06-03,198.25,199.95,193.09,196.59,1012887
2026-06-04,192.93,194.98,191.02,194.09,1176551
2026-06-05,186.87,187.06,172.30,172.97,1920813
2026-06-08,176.68,176.68,169.82,170.48,1684340
2026-06-09,173.87,179.02,167.70,175.17,1608171
2026-06-10,171.02,173.51,165.50,167.76,1548169
2026-06-11,170.70,182.37,168.20,182.16,1613740
2026-06-12,185.49,190.47,184.69,189.79,1119421
2026-06-15,200.00,201.82,192.15,193.22,1768665
2026-06-16,195.00,198.57,192.25,194.53,1347135
2026-06-17,194.91,203.00,191.42,191.68,1569301
2026-06-18,192.85,194.12,189.39,192.93,1972835
2026-06-22,190.33,191.96,187.31,189.91,1218266
2026-06-23,178.96,182.97,176.48,178.57,1166152
2026-06-24,172.28,175.12,169.70,171.84,1832626
2026-06-25,172.76,178.25,170.87,174.73,1751640
2026-06-26,172.00,177.55,170.10,171.26,1697734
2026-06-29,170.98,170.98,165.99,168.45,1413280
2026-06-30,172.37,174.94,170.56,174.26,1310959
2026-07-01,172.99,173.37,168.53,168.80,1140391
2026-07-02,171.00,175.89,169.14,172.01,1454584
2026-07-06,175.78,176.38,173.32,173.87,703133
2026-07-07,170.00,171.50,165.88,169.75,820838
2026-07-08,165.00,168.58,161.29,167.21,1283166
2026-07-09,173.12,175.51,169.72,174.43,917008
2026-07-10,173.06,177.12,173.06,175.83,791302
2026-07-13,174.00,179.76,172.64,174.53,1023447
2026-07-14,181.80,185.00,179.41,182.38,967394
2026-07-15,184.40,184.75,176.75,181.54,1372945
2026-07-16,176.85,180.15,174.49,175.66,1399684
2026-07-17,170.00,177.33,169.05,172.48,1612727
2026-07-20,174.01,177.79,173.69,175.07,1061793
2026-07-21,182.28,188.09,179.97,188.01,1570948
2026-07-22,187.88,196.43,187.88,195.48,1227154
2026-07-23,189.29,192.25,181.76,182.22,1701974
2026-07-24,182.30,183.14,179.03,179.29,935551
2026-07-27,178.12,180.21,173.82,179.32,1107301
2026-07-28,173.66,180.00,171.00,178.96,1504695
2026-07-29,175.64,181.38,171.25,175.47,962312
2026-07-30,182.37,185.68,180.11,185.00,949985
2026-07-31,183.64,184.64,178.71,182.71,815603
2026-08-03,180.41,187.01,179.07,185.91,897294
2026-08-04,193.42,197.35,193.30,195.16,1069024
2026-08-05,200.00,201.84,196.92,197.00,1282047
2026-08-06,194.80,196.29,192.80,193.03,1053545
2026-08-07,198.23,201.33,195.35,199.06,1032293
2026-08-10,199.15,204.74,197.31,200.11,1569607
2026-08-11,197.50,198.47,190.94,194.48,1158010
2026-08-12,199.36,199.36,192.59,194.89,865309
2026-08-13,191.23,194.20,187.05,187.59,844830
2026-08-14,187.49,189.17,184.07,184.61,896472
2026-08-17,190.96,193.75,186.48,192.04,1220630
2026-08-18,188.33,190.45,185.47,187.80,751875
2026-08-19,192.86,198.45,191.89,194.68,1493097
2026-08-20,190.64,199.80,190.24,198.73,1085656
2026-08-21,206.84,217.16,206.84,216.00,1852279
2026-08-24,219.00,220.78,211.57,214.25,1024476
2026-08-25,212.06,219.84,210.31,219.70,872319
2026-08-26,217.92,220.39,212.84,213.75,1119935
2026-08-27,214.82,219.80,213.98,216.28,1307814
2026-08-28,217.56,217.56,209.57,209.80,1342401
2026-08-31,212.55,213.04,205.00,208.87,1332282
2026-09-01,203.10,209.60,200.89,201.61,970350
2026-09-02,204.50,209.14,202.02,204.26,790307
2026-09-03,208.45,209.90,198.87,199.53,1241723
2026-09-04,196.10,201.10,196.10,198.76,840397
2026-09-08,206.68,213.02,205.00,208.56,1416791
2026-09-09,210.08,213.83,207.50,209.26,1797148
2026-09-10,196.83,198.18,192.40,194.14,1747762
2026-09-11,195.84,199.44,192.10,193.49,774361
2026-09-14,184.28,190.27,183.50,188.35,897533
2026-09-15,190.00,190.95,186.64,189.39,781876
