date,open,high,low,close,volume
2016-09-15,35.47,36.38,35.43,36.31,1795383
2016-09-16,36.58,36.69,36.04,36.32,1915974
2016-09-19,36.55,36.90,36.24,36.36,1180374
2016-09-20,36.57,36.60,36.11,36.20,1076190
2016-09-21,36.38,36.76,36.22,36.70,1295652
2016-09-22,36.94,37.05,36.71,36.82,1056714
2016-09-23,36.77,36.78,36.40,36.44,817998
2016-09-26,36.03,36.15,35.78,35.93,1149180
2016-09-27,35.85,36.56,35.83,36.55,1034799
2016-09-28,36.69,36.81,36.40,36.63,840549
2016-09-29,36.64,37.31,36.24,37.08,2581038
2016-09-30,37.30,37.91,37.30,37.66,1373169
2016-10-03,37.75,37.92,37.34,37.41,3630741
2016-10-04,37.57,37.68,37.17,37.31,1019253
2016-10-05,37.43,37.85,37.34,37.59,3852579
2016-10-06,37.56,37.84,37.33,37.81,2603565
2016-10-07,37.87,37.87,37.41,37.75,1383981
2016-10-10,37.93,38.07,37.55,37.56,1210449
2016-10-11,37.51,37.51,36.45,36.77,1871508
2016-10-12,36.75,36.76,36.32,36.65,1567599
2016-10-13,36.32,36.32,35.63,36.22,2082063
2016-10-14,36.55,36.92,36.46,36.49,1365129
2016-10-17,36.45,36.65,36.28,36.30,701079
2016-10-18,36.75,36.87,36.65,36.72,891657
2016-10-19,36.40,36.61,36.22,36.57,1192185
2016-10-20,36.50,36.96,36.28,36.82,2059722
2016-10-21,36.53,36.77,36.38,36.73,1095789
2016-10-24,36.92,37.43,36.92,37.40,711030
2016-10-25,37.42,37.54,37.30,37.37,823443
2016-10-26,37.08,37.54,37.05,37.32,1119753
2016-10-27,37.68,37.77,37.09,37.14,1385553
2016-10-28,37.29,37.52,36.88,36.92,1798374
2016-10-31,37.05,37.30,37.05,37.12,913314
2016-11-01,37.13,37.42,36.39,36.79,1673955
2016-11-02,36.81,37.02,36.43,36.55,2461245
2016-11-03,36.56,36.80,36.35,36.48,1508796
2016-11-04,36.27,36.57,36.00,36.25,1259157
2016-11-07,36.93,37.30,36.78,37.27,4798005
2016-11-08,37.26,37.59,37.05,37.35,1226052
2016-11-09,36.51,37.29,36.33,37.17,3110946
2016-11-10,37.39,37.63,36.03,36.37,6668932
2016-11-11,36.78,37.82,36.78,37.76,2595384
2016-11-14,37.95,37.95,37.47,37.57,1340175
2016-11-15,37.72,38.37,37.63,38.27,1414980
2016-11-16,38.20,38.74,38.19,38.71,1212273
2016-11-17,38.86,39.32,38.62,39.13,1084545
2016-11-18,39.01,39.46,39.01,39.41,1064472
2016-11-21,39.53,39.73,39.39,39.67,1140429
2016-11-22,39.88,40.13,39.85,40.10,1418751
2016-11-23,40.11,40.23,39.90,40.15,1044021
2016-11-25,40.22,40.24,40.04,40.22,412044
2016-11-28,40.12,40.28,40.03,40.10,661479
2016-11-29,40.07,40.26,39.83,40.02,1172550
2016-11-30,40.00,40.11,39.78,39.79,591927
2016-12-01,39.76,39.76,37.62,37.85,3488412
2016-12-02,37.80,38.38,37.67,38.32,2996958
2016-12-05,38.65,38.91,38.40,38.78,1120500
2016-12-06,38.89,39.36,38.89,39.32,1454955
2016-12-07,39.30,40.23,39.17,40.13,1300434
2016-12-08,40.24,40.72,40.19,40.48,1262787
2016-12-09,40.81,40.89,40.06,40.34,1004427
2016-12-12,40.18,40.25,39.71,40.03,2093640
2016-12-13,40.17,40.76,40.11,40.49,1004175
2016-12-14,40.51,40.72,40.32,40.46,1989543
2016-12-15,40.62,41.32,40.55,41.15,2221164
2016-12-16,41.39,41.47,40.55,40.73,1474071
2016-12-19,40.84,41.29,40.79,41.13,1245555
2016-12-20,41.55,41.61,41.35,41.53,2156658
2016-12-21,41.52,41.62,41.36,41.43,787125
2016-12-22,41.89,41.90,41.47,41.63,869559
2016-12-23,41.59,41.87,41.52,41.84,480141
2016-12-27,41.93,42.42,41.91,42.36,1357032
2016-12-28,42.60,42.64,41.53,41.56,1738473
2016-12-29,41.37,41.55,41.11,41.55,1046781
2016-12-30,41.70,41.89,40.77,40.91,3403851
2017-01-03,41.05,41.49,40.56,40.91,2654106
2017-01-04,41.11,41.22,40.83,41.02,1354122
2017-01-05,41.04,41.26,40.59,40.67,941856
2017-01-06,40.77,41.11,40.51,40.99,874974
2017-01-09,41.14,41.59,41.11,41.43,883731
2017-01-10,41.46,41.72,41.40,41.63,690897
2017-01-11,41.67,41.78,41.47,41.77,1630335
2017-01-12,41.54,41.65,40.79,41.42,1354641
2017-01-13,41.48,41.79,41.43,41.69,849462
2017-01-17,41.54,41.56,40.88,41.02,1092495
2017-01-18,41.07,41.61,41.03,41.58,1156422
2017-01-19,41.52,41.86,41.37,41.39,2727627
2017-01-20,41.81,42.18,41.76,41.93,1930041
2017-01-23,41.77,41.86,41.35,41.67,1053819
2017-01-24,41.85,42.56,41.79,42.48,3734106
2017-01-25,43.05,43.21,42.71,43.11,2025681
2017-01-26,43.19,43.19,42.68,42.86,1263117
2017-01-27,43.08,43.41,43.08,43.40,977499
2017-01-30,43.20,43.20,42.64,43.18,1517376
2017-01-31,42.93,42.96,42.36,42.62,1454925
2017-02-01,43.08,43.32,42.86,43.30,1792296
2017-02-02,43.00,43.41,42.79,43.28,1412961
2017-02-03,43.52,43.58,43.35,43.50,869481
2017-02-06,43.59,43.69,43.31,43.65,923127
2017-02-07,43.91,43.98,43.59,43.81,594840
2017-02-08,43.94,44.07,43.67,43.90,771657
2017-02-09,44.01,44.02,43.46,43.51,1357011
2017-02-10,43.81,43.81,43.06,43.49,1551540
2017-02-13,43.61,43.87,43.51,43.58,929343
2017-02-14,43.59,43.59,43.19,43.46,608361
2017-02-15,43.58,43.84,43.36,43.79,703854
2017-02-16,43.84,43.94,43.58,43.86,930558
2017-02-17,43.64,44.10,43.49,44.09,996393
2017-02-21,44.24,44.73,44.24,44.71,2010897
2017-02-22,44.63,44.78,44.54,44.72,674592
2017-02-23,44.67,44.67,43.71,44.00,1778139
2017-02-24,43.29,43.97,43.13,43.97,1569690
2017-02-27,43.99,44.40,43.89,44.39,3656670
2017-02-28,44.47,44.47,43.73,43.82,1289676
2017-03-01,44.35,44.56,43.92,44.50,1316688
2017-03-02,44.61,44.72,44.00,44.05,1290408
2017-03-03,44.10,44.13,43.77,44.02,1290072
2017-03-06,43.90,44.12,43.54,44.05,1598505
2017-03-07,43.97,44.43,43.84,44.14,1624575
2017-03-08,44.32,44.61,44.16,44.25,1757103
2017-03-09,44.22,44.41,43.98,44.33,1020645
2017-03-10,44.60,44.93,44.60,44.84,2136354
2017-03-13,44.98,45.19,44.89,45.18,1147560
2017-03-14,45.06,45.09,44.67,45.04,1066791
2017-03-15,45.10,45.48,44.88,45.40,1108065
2017-03-16,45.55,45.56,45.27,45.35,932697
2017-03-17,45.51,45.51,45.30,45.45,1832229
2017-03-20,45.56,45.94,45.41,45.78,1138137
2017-03-21,45.90,45.99,44.62,44.71,1962642
2017-03-22,44.75,45.23,44.60,45.18,1676274
2017-03-23,45.18,45.28,44.95,45.08,1530852
2017-03-24,45.54,45.86,45.12,45.29,1595991
2017-03-27,44.86,45.47,44.67,45.36,1450062
2017-03-28,45.45,45.68,45.23,45.50,851463
2017-03-29,45.52,45.52,45.26,45.39,1064742
2017-03-30,45.42,45.73,45.35,45.63,831081
2017-03-31,45.67,45.86,45.48,45.63,616536
2017-04-03,45.65,45.76,45.05,45.34,2164905
2017-04-04,45.06,45.41,44.98,45.11,1366824
2017-04-05,45.24,45.55,44.77,44.80,1259385
2017-04-06,44.77,44.97,44.41,44.87,1165431
2017-04-07,44.89,45.20,44.76,45.06,757218
2017-04-10,45.07,45.11,44.61,44.72,810435
2017-04-11,44.50,44.51,43.70,44.36,1602105
2017-04-12,44.23,44.29,43.49,43.59,1704555
2017-04-13,43.33,43.96,43.29,43.30,1309290
2017-04-17,43.47,43.87,43.47,43.84,1330017
2017-04-18,43.60,44.07,43.57,44.05,1325763
2017-04-19,44.41,44.68,44.21,44.28,1701561
2017-04-20,44.60,45.06,44.38,44.98,1669704
2017-04-21,44.83,44.88,44.41,44.79,1922430
2017-04-24,45.44,45.58,45.27,45.43,1482324
2017-04-25,45.65,45.96,45.54,45.89,1270374
2017-04-26,45.83,45.92,45.35,45.52,3504099
2017-04-27,45.84,46.22,45.75,46.16,1099293
2017-04-28,46.05,46.05,45.25,45.37,3133662
2017-05-01,45.48,45.83,45.25,45.82,2065602
2017-05-02,45.70,45.70,45.10,45.34,3389718
2017-05-03,45.10,45.56,45.08,45.49,1144806
2017-05-04,45.65,45.65,45.27,45.46,1219602
2017-05-05,45.58,45.64,45.21,45.64,902202
2017-05-08,45.62,45.70,45.37,45.46,801759
2017-05-09,45.52,46.04,45.46,45.91,1280640
2017-05-10,46.48,46.97,46.46,46.88,2503605
2017-05-11,46.85,47.27,46.47,47.05,2091096
2017-05-12,47.12,47.24,46.92,47.19,573177
2017-05-15,47.39,47.95,47.25,47.92,1123062
2017-05-16,48.14,48.62,47.92,48.60,1067109
2017-05-17,48.03,48.13,46.47,46.51,3091545
2017-05-18,46.53,47.51,46.39,47.37,2103729
2017-05-19,47.82,48.06,47.77,47.90,2681043
2017-05-22,48.21,48.44,48.10,48.42,2000079
2017-05-23,48.46,48.47,47.86,48.23,760086
2017-05-24,48.55,48.63,48.32,48.54,1018671
2017-05-25,48.69,48.96,48.47,48.79,1013535
2017-05-26,48.75,49.03,48.47,49.01,789597
2017-05-30,49.01,49.46,48.95,49.34,1162545
2017-05-31,49.69,49.79,49.09,49.33,1605384
2017-06-01,49.52,49.52,49.10,49.38,1060992
2017-06-02,49.69,49.94,49.32,49.88,1297428
2017-06-05,49.87,50.27,49.85,50.00,986625
2017-06-06,49.82,50.51,49.74,50.17,1240668
2017-06-07,50.42,50.74,50.28,50.54,1262679
2017-06-08,50.95,51.48,50.51,51.46,1617474
2017-06-09,51.84,51.98,48.30,49.30,5103616
2017-06-12,48.68,49.20,47.60,49.02,5277295
2017-06-13,49.76,49.83,48.75,49.35,3216654
2017-06-14,49.55,49.55,48.29,48.83,2112846
2017-06-15,48.02,48.60,47.95,48.45,3531819
2017-06-16,48.57,48.81,48.10,48.25,1588740
2017-06-19,48.79,49.25,48.75,49.17,1455648
2017-06-20,49.43,49.49,48.61,48.62,1192986
2017-06-21,48.84,49.20,48.65,49.18,1386933
2017-06-22,49.17,49.29,48.83,49.07,1299831
2017-06-23,49.15,49.49,48.92,49.21,973080
2017-06-26,49.49,49.76,48.53,48.79,1878618
2017-06-27,48.50,48.50,47.35,47.37,1921557
2017-06-28,47.64,48.24,47.19,48.19,2285481
2017-06-29,48.00,48.00,46.35,46.99,2949285
2017-06-30,47.14,47.38,46.53,46.73,1492755
2017-07-03,47.11,47.17,46.08,46.09,1771755
2017-07-05,46.24,47.11,46.24,47.04,1918236
2017-07-06,46.60,47.23,46.38,46.83,2060076
2017-07-07,47.06,47.81,47.06,47.62,3374271
2017-07-10,47.80,48.29,47.50,48.17,978363
2017-07-11,48.04,48.59,48.01,48.57,965433
2017-07-12,49.06,49.45,48.88,49.35,1678182
2017-07-13,49.40,49.72,49.05,49.19,1532772
2017-07-14,49.46,49.88,49.35,49.85,1234647
2017-07-17,50.02,50.04,49.48,49.65,693402
2017-07-18,49.35,49.81,49.17,49.80,1017261
2017-07-19,50.09,50.28,49.92,50.26,1410516
2017-07-20,50.28,50.48,49.87,50.41,1526916
2017-07-21,50.08,50.08,49.73,49.98,983907
2017-07-24,50.05,50.05,49.73,49.83,1212606
2017-07-25,49.73,49.91,49.27,49.79,1202463
2017-07-26,50.23,50.55,50.05,50.33,2003235
2017-07-27,50.48,50.55,48.98,49.57,2824845
2017-07-28,49.34,49.58,49.13,49.38,1205619
2017-07-31,49.38,49.64,48.86,48.99,1517469
2017-08-01,49.14,49.30,48.90,49.30,1001883
2017-08-02,49.58,49.69,48.60,48.94,1741737
2017-08-03,48.91,49.07,48.52,48.76,1347234
2017-08-04,48.79,49.17,48.63,48.78,1283652
2017-08-07,48.90,49.64,48.90,49.62,949284
2017-08-08,49.66,50.05,49.31,49.47,818679
2017-08-09,49.08,49.35,48.86,49.31,706401
2017-08-10,48.99,49.01,47.89,47.93,1624635
2017-08-11,47.71,48.28,47.59,48.20,1044360
2017-08-14,48.78,49.48,48.78,49.43,1609968
2017-08-15,49.64,49.65,49.20,49.55,531345
2017-08-16,49.65,49.84,49.39,49.63,777933
2017-08-17,49.39,49.52,48.35,48.38,1209051
2017-08-18,48.66,48.81,48.21,48.45,1026777
2017-08-21,48.52,48.60,47.79,48.09,942909
2017-08-22,48.51,48.98,48.45,48.88,1046553
2017-08-23,48.42,49.23,48.37,49.09,1984134
2017-08-24,49.29,49.36,48.82,49.10,1294311
2017-08-25,49.28,49.37,48.78,48.86,684804
2017-08-28,48.93,49.02,48.74,49.01,552531
2017-08-29,48.39,49.21,48.37,49.08,1069029
2017-08-30,49.35,50.00,49.17,49.92,1999245
2017-08-31,50.09,50.48,50.02,50.42,1072230
2017-09-01,50.51,50.90,50.51,50.64,1591113
2017-09-05,50.46,50.52,49.52,49.95,2812323
2017-09-06,50.22,50.25,49.79,50.02,1043910
2017-09-07,50.12,50.31,49.89,50.11,873288
2017-09-08,50.08,50.11,49.34,49.52,1454034
2017-09-11,49.90,50.58,49.90,50.46,1305339
2017-09-12,50.53,50.84,50.41,50.69,742302
2017-09-13,50.67,50.91,50.41,50.79,773991
2017-09-14,50.58,51.29,50.57,50.99,1656849
2017-09-15,51.23,51.94,51.13,51.88,1424055
2017-09-18,52.18,52.88,52.18,52.56,1476786
2017-09-19,52.68,52.93,52.40,52.73,1382760
2017-09-20,52.79,52.79,51.30,52.00,2275839
2017-09-21,51.90,51.96,51.33,51.78,864396
2017-09-22,51.64,52.11,51.63,52.04,742062
2017-09-25,51.85,51.85,50.80,51.04,1795629
2017-09-26,51.40,51.40,50.64,50.79,1474050
2017-09-27,51.40,52.23,51.34,52.02,1166490
2017-09-28,51.97,52.43,51.83,52.40,819918
2017-09-29,52.61,52.93,52.35,52.86,918477
2017-10-02,53.09,53.42,52.81,53.21,1240608
2017-10-03,53.27,53.48,53.10,53.36,536250
2017-10-04,53.29,53.48,52.98,53.48,873864
2017-10-05,53.71,53.71,53.22,53.53,538095
2017-10-06,53.33,53.76,53.33,53.74,742848
2017-10-09,53.95,54.19,53.89,54.15,835281
2017-10-10,54.63,54.63,53.91,54.45,756705
2017-10-11,54.42,54.84,54.34,54.82,859236
2017-10-12,54.80,55.01,54.61,54.65,584529
2017-10-13,54.91,55.19,54.76,55.00,531819
2017-10-16,55.17,55.27,54.89,55.26,543318
2017-10-17,55.29,55.29,54.95,55.21,558945
2017-10-18,55.42,55.50,54.67,55.40,712209
2017-10-19,54.97,55.27,54.41,55.26,1063728
2017-10-20,55.69,55.82,55.46,55.54,1083687
2017-10-23,55.81,56.11,55.55,55.82,899778
2017-10-24,55.97,56.26,55.76,56.21,643419
2017-10-25,55.90,56.05,54.90,55.47,1557477
2017-10-26,55.57,55.91,55.49,55.80,1145160
2017-10-27,56.17,57.04,55.93,56.96,1058601
2017-10-30,56.78,57.36,56.78,57.12,1579311
2017-10-31,57.26,57.74,57.10,57.57,1031796
2017-11-01,58.04,58.08,56.86,57.36,1516386
2017-11-02,57.47,57.80,57.03,57.65,4098606
2017-11-03,57.93,58.67,57.45,58.67,2683680
2017-11-06,59.24,59.52,58.81,59.50,3057771
2017-11-07,59.43,59.58,59.04,59.44,1299549
2017-11-08,59.39,59.68,59.15,59.63,1204785
2017-11-09,59.12,59.12,57.72,58.44,3302415
2017-11-10,58.64,58.86,58.48,58.83,1166490
2017-11-13,58.60,59.06,58.52,59.00,1309014
2017-11-14,58.89,59.11,58.51,58.94,797895
2017-11-15,58.53,58.66,57.94,58.41,1175643
2017-11-16,58.66,59.53,58.66,59.28,1094688
2017-11-17,59.63,59.64,58.92,59.02,1887486
2017-11-20,59.36,59.82,59.20,59.73,1792662
2017-11-21,60.12,60.49,60.00,60.41,3603033
2017-11-22,60.62,60.63,59.95,60.04,1204020
2017-11-24,60.30,60.62,60.22,60.58,557043
2017-11-27,60.22,60.22,59.72,59.82,1692795
2017-11-28,60.06,60.06,59.48,59.85,1971312
2017-11-29,59.78,59.80,56.63,57.21,5576695
2017-11-30,57.84,58.12,57.16,57.52,4293288
2017-12-01,56.98,57.24,55.50,56.90,4875960
2017-12-04,57.57,57.64,55.18,55.53,4884489
2017-12-05,55.25,56.59,54.85,55.57,5340292
2017-12-06,55.03,55.85,54.79,55.75,2170572
2017-12-07,56.16,56.47,55.93,56.30,2917635
2017-12-08,56.94,56.97,55.96,56.01,1965939
2017-12-11,56.10,56.49,55.94,56.34,5248264
2017-12-12,56.22,56.22,55.72,55.79,1307691
2017-12-13,55.99,56.28,55.75,55.78,980247
2017-12-14,55.82,56.10,55.59,55.73,889134
2017-12-15,56.02,56.75,55.71,56.60,3382593
2017-12-18,57.29,57.84,57.00,57.81,3488862
2017-12-19,57.70,57.86,57.35,57.65,2278647
2017-12-20,58.25,58.32,57.57,58.07,1342122
2017-12-21,58.26,58.26,57.37,57.45,1750992
2017-12-22,57.25,57.45,57.03,57.42,877920
2017-12-26,56.70,56.90,56.37,56.85,680031
2017-12-27,56.85,57.32,56.78,57.03,793989
2017-12-28,57.21,57.33,57.09,57.19,788967
2017-12-29,57.28,57.28,56.60,56.60,760305
2018-01-02,56.91,58.16,56.84,58.14,2860161
2018-01-03,58.46,59.17,58.32,59.16,1327068
2018-01-04,59.59,59.69,59.01,59.49,1334955
2018-01-05,59.76,60.08,59.41,59.83,1170660
2018-01-08,59.87,60.49,59.68,60.30,1622757
2018-01-09,60.46,60.46,59.64,59.71,1464516
2018-01-10,59.03,59.27,58.52,58.99,2030460
2018-01-11,59.18,59.37,58.94,59.34,1040154
2018-01-12,59.41,59.79,59.19,59.66,1101915
2018-01-16,60.17,60.56,59.51,59.86,1463403
2018-01-17,60.42,61.68,60.36,61.60,1137108
2018-01-18,61.58,62.18,61.50,61.87,3163710
2018-01-19,62.15,62.25,61.57,61.94,1188684
2018-01-22,62.05,62.41,61.76,62.40,1247802
2018-01-23,62.69,62.90,62.46,62.90,1465440
2018-01-24,62.25,62.46,61.02,61.46,3006876
2018-01-25,62.13,62.28,60.39,60.39,2254149
2018-01-26,61.21,62.33,61.18,62.32,1667808
2018-01-29,62.09,62.67,61.49,62.23,1626201
2018-01-30,61.33,61.69,60.91,60.99,1949466
2018-01-31,61.71,61.93,61.15,61.49,1163691
2018-02-01,61.00,62.09,60.91,61.19,1255380
2018-02-02,60.68,60.73,59.51,59.54,3242601
2018-02-05,58.66,59.97,56.57,56.74,3915723
2018-02-06,55.87,58.86,55.74,58.79,4034397
2018-02-07,58.41,58.93,57.52,57.53,3262278
2018-02-08,57.80,57.96,55.07,55.11,4162836
2018-02-09,56.37,57.10,54.39,56.70,5947660
2018-02-12,57.45,58.17,56.92,57.79,2956116
2018-02-13,57.43,57.84,57.24,57.72,1481793
2018-02-14,57.27,59.17,57.16,59.08,1199193
2018-02-15,59.63,59.79,58.39,59.78,1558848
2018-02-16,59.48,60.31,59.48,59.57,929640
2018-02-20,59.38,61.17,59.32,60.62,2507748
2018-02-21,60.95,61.00,59.88,59.92,1435410
2018-02-22,60.27,60.41,59.59,59.79,1460619
2018-02-23,60.43,61.07,60.23,61.07,1424673
2018-02-26,61.43,62.40,61.43,62.39,1090386
2018-02-27,62.41,63.24,62.18,62.18,1369251
2018-02-28,62.62,62.74,61.57,61.63,1266693
2018-03-01,61.84,61.88,59.95,60.65,2850453
2018-03-02,59.97,61.80,59.83,61.68,1392717
2018-03-05,61.35,62.54,61.08,62.24,1250994
2018-03-06,62.83,63.35,62.50,63.17,1777941
2018-03-07,62.52,63.46,62.52,63.38,1167387
2018-03-08,63.75,63.79,63.08,63.43,1146906
2018-03-09,63.94,64.78,63.79,64.75,1567536
2018-03-12,65.23,65.77,65.02,65.44,1852560
2018-03-13,65.84,66.28,64.15,64.43,4226103
2018-03-14,64.78,64.78,63.83,64.42,1640862
2018-03-15,64.59,64.79,64.04,64.37,1040964
2018-03-16,64.46,64.73,64.27,64.34,1035009
2018-03-19,63.76,64.06,62.22,63.12,2781807
2018-03-20,63.25,63.79,63.17,63.58,760776
2018-03-21,63.51,64.52,63.43,63.70,1380390
2018-03-22,62.59,63.24,61.85,61.90,1752291
2018-03-23,61.79,61.92,59.82,59.84,3847494
2018-03-26,61.24,62.35,60.46,62.34,2327775
2018-03-27,62.82,62.99,59.53,60.04,3220884
2018-03-28,59.63,60.18,58.48,58.74,2980563
2018-03-29,59.14,60.59,58.71,60.02,2504100
2018-04-02,59.49,59.93,57.15,57.72,2334558
2018-04-03,58.44,58.98,57.81,58.82,1670040
2018-04-04,57.12,59.73,57.11,59.57,2024658
2018-04-05,59.95,60.02,58.58,58.96,1481511
2018-04-06,58.16,58.79,56.92,57.18,1179525
2018-04-09,57.85,59.20,57.51,57.54,1112991
2018-04-10,58.86,59.73,58.49,59.38,1904454
2018-04-11,59.05,59.93,58.94,59.40,1226541
2018-04-12,59.88,60.69,59.82,60.52,1791465
2018-04-13,61.23,61.34,59.86,60.08,1289517
2018-04-16,60.43,60.51,59.68,60.18,849432
2018-04-17,60.66,61.47,60.54,61.32,1056093
2018-04-18,60.93,61.07,60.18,60.72,1453641
2018-04-19,59.55,59.62,57.89,58.09,5533105
2018-04-20,58.08,58.38,57.15,57.41,3547998
2018-04-23,57.62,57.75,56.50,56.64,2047140
2018-04-24,57.14,57.66,55.69,56.19,3480936
2018-04-25,56.44,56.52,55.23,56.12,4433448
2018-04-26,57.00,57.32,56.64,57.26,4609374
2018-04-27,57.99,58.05,56.58,56.86,3308967
2018-04-30,56.77,57.20,56.00,56.24,1802118
2018-05-01,56.10,57.23,56.03,57.16,3128394
2018-05-02,57.22,57.40,56.67,56.91,1543299
2018-05-03,56.46,57.50,56.03,57.25,2396859
2018-05-04,56.94,58.70,56.68,58.59,1977978
2018-05-07,59.07,59.44,58.86,59.16,1184859
2018-05-08,59.12,59.59,58.89,59.51,1202259
2018-05-09,59.73,60.46,59.60,60.42,1044021
2018-05-10,60.76,61.54,60.72,61.52,1243203
2018-05-11,61.17,61.64,60.96,61.07,1857834
2018-05-14,61.83,62.56,61.70,61.81,1653798
2018-05-15,61.41,61.58,60.70,61.14,1263963
2018-05-16,61.11,62.06,61.11,61.93,1112742
2018-05-17,61.79,62.25,61.29,61.75,1301256
2018-05-18,61.20,61.29,60.65,60.87,2072550
2018-05-21,61.76,62.08,60.94,61.48,1474410
2018-05-22,62.00,62.29,61.61,61.82,1496535
2018-05-23,61.34,62.17,61.08,62.15,1039128
2018-05-24,62.20,62.54,61.63,62.40,1136169
2018-05-25,62.40,63.00,62.30,62.91,1400781
2018-05-29,62.64,63.05,62.09,62.53,1538469
2018-05-30,62.87,63.40,62.62,62.93,1693392
2018-05-31,62.83,63.12,62.38,62.48,1606470
2018-06-01,63.04,63.90,62.81,63.90,1060374
2018-06-04,64.07,64.48,63.83,64.41,1171026
2018-06-05,64.58,64.89,64.33,64.71,641496
2018-06-06,64.79,65.12,64.44,65.12,1267023
2018-06-07,65.19,65.26,64.08,64.54,2082825
2018-06-08,63.81,64.09,63.45,63.97,2429577
2018-06-11,63.87,64.17,63.63,63.84,1278177
2018-06-12,64.01,64.22,63.60,64.17,932439
2018-06-13,64.21,64.76,64.01,64.08,9157015
2018-06-14,64.45,64.77,64.07,64.46,1635504
2018-06-15,64.04,64.48,63.82,64.40,1122702
2018-06-18,63.99,63.99,63.19,63.78,1675809
2018-06-19,62.83,63.13,62.12,63.08,2630874
2018-06-20,63.44,63.71,63.10,63.39,2007387
2018-06-21,63.81,63.84,62.51,62.60,1245897
2018-06-22,62.90,62.94,61.98,62.10,1116177
2018-06-25,61.44,61.44,59.50,60.28,5439955
2018-06-26,60.27,60.58,59.98,60.28,11004037
2018-06-27,60.60,60.74,58.81,58.84,2363712
2018-06-28,58.67,59.42,58.59,59.29,4067571
2018-06-29,59.83,60.14,59.41,59.41,1278108
2018-07-02,58.90,59.80,58.45,59.79,2097402
2018-07-03,60.04,60.13,58.64,58.70,1141515
2018-07-05,59.22,60.28,59.22,60.27,1338522
2018-07-06,60.26,61.11,59.94,61.01,2263887
2018-07-09,61.62,61.64,60.68,61.40,1360092
2018-07-10,61.51,62.18,61.42,62.05,1403340
2018-07-11,61.05,61.41,60.40,60.45,1998594
2018-07-12,60.30,60.94,59.92,60.86,2267448
2018-07-13,61.03,61.03,60.55,60.64,802314
2018-07-16,60.73,60.96,60.51,60.56,612699
2018-07-17,60.15,61.45,60.05,61.43,4140456
2018-07-18,61.70,62.01,61.50,61.90,923421
2018-07-19,61.78,62.01,61.36,61.76,871350
2018-07-20,61.70,61.82,61.16,61.47,871929
2018-07-23,61.16,61.66,60.36,61.56,1001301
2018-07-24,61.94,62.24,60.80,60.89,1883862
2018-07-25,60.86,61.17,60.08,61.12,16239701
2018-07-26,61.52,62.35,61.52,62.31,7032928
2018-07-27,62.35,62.91,61.58,62.03,5193208
2018-07-30,62.01,62.18,61.12,61.43,2390589
2018-07-31,61.84,62.70,61.72,61.83,2271039
2018-08-01,61.89,62.39,61.48,61.74,3727677
2018-08-02,61.19,62.43,60.97,62.35,2253459
2018-08-03,62.39,62.54,62.10,62.48,1344360
2018-08-06,62.36,62.87,62.02,62.86,778041
2018-08-07,63.16,63.40,62.92,63.36,9880027
2018-08-08,63.37,63.63,63.12,63.50,1116531
2018-08-09,63.22,63.31,62.86,62.88,2218824
2018-08-10,61.57,61.84,61.03,61.32,3248736
2018-08-13,61.43,61.94,61.33,61.41,1687476
2018-08-14,61.77,61.86,61.23,61.28,1609641
2018-08-15,60.76,61.01,59.81,60.43,3067953
2018-08-16,60.83,60.92,60.19,60.36,1419765
2018-08-17,59.82,60.07,59.01,59.91,2195427
2018-08-20,59.99,60.21,59.18,59.85,957153
2018-08-21,60.04,61.18,60.03,61.02,2549664
2018-08-22,60.89,61.39,60.52,61.31,1440303
2018-08-23,61.28,61.83,61.28,61.38,1847565
2018-08-24,61.65,62.30,61.64,62.27,1685028
2018-08-27,62.77,63.73,62.64,63.26,17873849
2018-08-28,63.59,63.77,62.89,63.50,1616235
2018-08-29,63.50,63.86,63.28,63.67,4280313
2018-08-30,63.52,63.76,63.01,63.10,1811415
2018-08-31,63.01,63.54,63.01,63.44,952632
2018-09-04,63.21,63.98,63.07,63.95,1289685
2018-09-05,63.89,64.06,63.10,63.64,1580145
2018-09-06,63.40,63.45,61.89,61.95,1494123
2018-09-07,61.84,62.59,61.55,61.70,8399533
2018-09-10,62.14,62.37,61.77,62.35,951132
2018-09-11,62.10,62.18,61.42,61.75,1735332
2018-09-12,60.95,61.06,59.70,61.03,2111340
2018-09-13,61.71,62.50,61.51,61.73,2159610
2018-09-14,62.09,62.67,61.91,62.42,1979166
2018-09-17,62.19,62.36,61.48,61.55,1527678
2018-09-18,61.80,62.46,61.80,62.08,1312683
2018-09-19,62.11,62.48,61.92,62.18,1105023
2018-09-20,62.67,63.17,62.58,62.93,1445433
2018-09-21,62.99,63.23,62.60,62.76,1707618
2018-09-24,62.26,63.01,62.13,62.98,833367
2018-09-25,62.83,62.83,61.81,61.98,1470417
2018-09-26,61.42,61.79,61.00,61.07,1049613
2018-09-27,61.26,61.54,61.08,61.30,1055676
2018-09-28,61.23,61.90,61.04,61.68,2376558
2018-10-01,62.00,62.40,61.75,61.90,1025142
2018-10-02,61.73,62.75,61.73,61.90,2016849
2018-10-03,62.17,62.39,61.40,61.95,1986210
2018-10-04,61.53,61.63,60.33,60.86,1919178
2018-10-05,60.87,60.93,58.86,59.42,2436870
2018-10-08,58.93,59.47,58.25,58.75,1858047
2018-10-09,58.43,58.98,58.32,58.69,1609665
2018-10-10,57.92,57.96,56.05,56.10,6056056
2018-10-11,55.99,57.21,55.10,55.54,4368867
2018-10-12,57.04,57.35,55.72,56.55,4715121
2018-10-15,56.30,56.71,55.88,56.08,3883986
2018-10-16,56.71,57.99,56.64,57.91,1955118
2018-10-17,58.33,58.45,57.28,57.68,2425476
2018-10-18,57.44,57.45,56.03,56.24,3734310
2018-10-19,56.58,56.91,55.16,55.39,3382698
2018-10-22,55.68,56.06,55.22,55.73,3923754
2018-10-23,54.28,55.75,53.67,55.44,4283115
2018-10-24,54.52,54.52,51.71,51.81,9087688
2018-10-25,52.10,53.37,52.02,52.96,9153013
2018-10-26,51.81,52.96,51.20,52.04,3910284
2018-10-29,53.10,53.34,50.53,51.50,4344216
2018-10-30,51.35,53.69,51.35,53.64,2495775
2018-10-31,54.47,54.74,53.84,54.32,3280170
2018-11-01,54.71,57.00,54.67,56.87,3511428
2018-11-02,56.62,56.92,55.32,56.01,3114735
2018-11-05,55.93,55.93,54.57,55.50,2405229
2018-11-06,55.38,56.37,55.38,56.15,1058916
2018-11-07,56.89,56.97,56.17,56.79,1827528
2018-11-08,56.34,57.00,56.08,56.63,1705983
2018-11-09,55.99,56.04,55.07,55.55,1690224
2018-11-12,54.61,54.72,52.90,53.07,2208363
2018-11-13,53.51,54.87,53.51,53.80,2411001
2018-11-14,54.31,54.82,53.52,54.04,3688905
2018-11-15,53.76,56.06,53.74,55.87,4968408
2018-11-16,53.84,55.44,53.83,55.19,4494264
2018-11-19,54.92,55.08,53.03,53.08,2578977
2018-11-20,51.57,53.84,51.51,53.15,3122487
2018-11-21,53.74,54.16,53.35,53.37,2259891
2018-11-23,52.96,53.82,52.93,53.40,1488108
2018-11-26,54.11,54.37,53.59,54.37,1907409
2018-11-27,54.07,54.91,53.80,54.45,2013081
2018-11-28,55.07,55.74,53.98,55.72,1681134
2018-11-29,55.58,55.85,55.17,55.31,2874309
2018-11-30,55.28,56.09,54.76,56.08,1840809
2018-12-03,57.77,57.98,56.99,57.56,2338560
2018-12-04,57.10,57.23,54.73,54.80,2075112
2018-12-06,53.27,54.52,53.00,54.52,3239430
2018-12-07,54.44,54.52,52.19,52.49,1956015
2018-12-10,52.31,53.41,52.17,53.16,1612992
2018-12-11,54.11,54.76,53.20,53.50,2491590
2018-12-12,54.38,55.10,53.94,54.26,1403724
2018-12-13,54.67,54.94,53.92,54.15,1341135
2018-12-14,53.52,54.44,53.34,53.38,1363632
2018-12-17,53.19,53.97,52.25,52.58,1176387
2018-12-18,53.02,54.10,53.01,53.27,2513424
2018-12-19,52.98,53.58,50.79,51.01,3022833
2018-12-20,50.98,51.81,49.98,50.65,3256473
2018-12-21,50.98,51.56,49.66,49.79,2780025
2018-12-24,49.36,49.91,48.33,48.33,2641791
2018-12-26,49.13,51.23,48.26,51.23,4132548
2018-12-27,50.45,51.58,49.84,51.57,2700516
2018-12-28,51.83,52.88,51.53,51.94,1011147
2018-12-31,52.48,52.71,51.76,52.30,2207706
2019-01-02,51.23,53.11,51.18,52.64,2288679
2019-01-03,51.44,51.76,49.55,49.57,3070200
2019-01-04,50.50,51.99,50.32,51.81,2537346
2019-01-07,51.96,53.27,51.74,52.76,1679589
2019-01-08,53.33,53.33,51.86,52.53,1529742
2019-01-09,53.01,54.11,53.01,53.88,2304648
2019-01-10,53.35,54.45,53.31,54.36,1256694
2019-01-11,54.12,55.39,53.95,54.94,1290330
2019-01-14,54.32,54.42,53.77,54.05,853527
2019-01-15,54.19,54.79,53.98,54.21,842313
2019-01-16,54.30,54.63,53.71,53.71,855114
2019-01-17,53.34,54.63,53.04,54.21,3133422
2019-01-18,54.78,55.95,54.61,55.62,1574523
2019-01-22,55.08,55.08,53.62,54.02,2130555
2019-01-23,54.32,54.54,53.16,53.64,2102709
2019-01-24,54.86,56.95,54.84,56.75,5934337
2019-01-25,56.98,58.17,56.58,57.93,3125220
2019-01-28,55.82,57.24,55.64,56.79,2448870
2019-01-29,56.79,56.97,55.87,55.97,4396479
2019-01-30,56.97,57.79,56.32,57.59,3007932
2019-01-31,57.47,58.08,57.03,57.56,1481604
2019-02-01,57.63,58.53,57.60,58.25,1514892
2019-02-04,58.22,58.55,57.80,58.55,627741
2019-02-05,58.50,59.10,58.39,58.81,1294893
2019-02-06,59.54,60.88,59.54,60.40,2575929
2019-02-07,59.66,59.93,58.57,59.09,3460026
2019-02-08,58.27,59.11,57.95,58.98,1882932
2019-02-11,59.12,59.43,58.80,59.27,741543
2019-02-12,60.00,60.68,59.92,60.53,2019918
2019-02-13,60.83,61.19,60.54,60.72,906594
2019-02-14,60.51,61.33,60.45,60.88,1004670
2019-02-15,61.37,61.53,60.87,61.20,742470
2019-02-19,60.92,61.51,60.84,61.11,1182918
2019-02-20,61.26,62.02,61.26,61.63,1036902
2019-02-21,61.64,61.78,61.00,61.18,1152909
2019-02-22,61.66,61.92,61.42,61.83,880761
2019-02-25,62.76,63.08,62.30,62.34,2331831
2019-02-26,62.17,62.42,61.76,61.95,842262
2019-02-27,61.70,61.70,60.54,61.21,2962797
2019-02-28,60.95,61.42,60.75,61.25,1235886
2019-03-01,61.83,62.09,61.15,61.79,1433331
2019-03-04,62.22,62.43,61.03,61.80,1755657
2019-03-05,61.63,61.91,61.28,61.56,1330452
2019-03-06,61.39,61.54,60.50,60.54,1404240
2019-03-07,60.30,60.30,59.48,59.89,2983875
2019-03-08,58.85,59.89,58.64,59.84,1491009
2019-03-11,60.14,61.52,60.07,61.23,1993875
2019-03-12,61.45,61.82,60.93,61.46,1968327
2019-03-13,61.88,62.23,61.66,61.71,1229925
2019-03-14,61.74,62.03,61.37,61.37,1775715
2019-03-15,62.11,63.64,62.09,63.15,3952722
2019-03-18,63.29,63.61,62.65,63.05,2696382
2019-03-19,63.48,64.06,63.48,63.87,1991379
2019-03-20,63.73,64.06,62.71,63.10,2508630
2019-03-21,63.16,65.71,63.16,65.28,2802249
2019-03-22,65.01,65.10,63.39,63.44,4417149
2019-03-25,62.99,63.58,62.12,62.65,2942871
2019-03-26,63.53,63.81,62.77,63.25,3841038
2019-03-27,63.32,63.53,61.88,62.36,3970758
2019-03-28,62.46,63.02,61.82,62.26,1386570
2019-03-29,63.00,63.33,62.82,63.18,1725819
2019-04-01,64.11,64.83,63.88,64.76,1964373
2019-04-02,64.79,65.01,64.47,64.85,1351458
2019-04-03,65.64,66.88,65.62,66.29,3218145
2019-04-04,66.20,66.84,66.07,66.43,1617279
2019-04-05,66.83,66.94,66.43,66.91,1223829
2019-04-08,66.62,67.14,66.48,67.07,1380369
2019-04-09,66.68,66.68,66.02,66.37,1481805
2019-04-10,66.29,67.10,66.24,66.88,1267362
2019-04-11,67.06,67.31,66.66,66.83,934950
2019-04-12,67.45,67.80,67.24,67.75,1030527
2019-04-15,67.86,67.86,66.89,67.25,1770018
2019-04-16,67.68,69.46,67.68,69.40,3200001
2019-04-17,70.83,71.41,70.00,70.55,3274665
2019-04-18,70.67,70.76,70.23,70.56,1083987
2019-04-22,70.34,70.71,69.92,70.51,909804
2019-04-23,70.90,71.50,70.74,71.24,2001915
2019-04-24,71.28,72.67,71.25,71.90,2019378
2019-04-25,71.66,71.76,70.04,70.63,2058609
2019-04-26,69.29,70.08,68.61,70.05,3381009
2019-04-29,70.08,70.23,69.63,69.97,2667135
2019-04-30,69.81,70.64,69.81,70.52,3084231
2019-05-01,71.10,71.53,69.88,69.96,4019112
2019-05-02,69.92,71.41,69.75,70.63,3421200
2019-05-03,71.06,71.20,70.33,71.18,2269668
2019-05-06,68.70,70.05,68.55,70.02,2263044
2019-05-07,69.10,69.26,67.52,68.30,3237078
2019-05-08,67.74,68.78,67.59,67.72,3103467
2019-05-09,66.67,67.27,65.45,66.97,2978820
2019-05-10,66.36,67.43,65.45,67.07,3901404
2019-05-13,64.83,65.23,63.63,63.93,4856346
2019-05-14,64.73,65.75,64.42,65.40,2954040
2019-05-15,64.73,66.36,64.66,65.91,5174017
2019-05-16,64.99,65.56,64.46,64.87,6997813
2019-05-17,63.83,65.11,63.33,63.60,5015422
2019-05-20,61.53,62.04,60.63,61.07,4640802
2019-05-21,62.29,62.65,61.80,62.32,5167567
2019-05-22,61.12,61.63,60.81,61.00,3254133
2019-05-23,59.93,60.08,59.07,60.05,3725325
2019-05-24,60.34,60.79,59.47,59.53,2273049
2019-05-28,59.87,60.07,58.88,59.02,2389437
2019-05-29,58.53,59.51,58.36,59.23,4244307
2019-05-30,59.38,60.21,59.25,59.73,2000073
2019-05-31,58.98,59.81,58.80,58.84,3330843
2019-06-03,59.51,60.14,58.68,58.98,2988414
2019-06-04,60.10,61.56,59.59,61.56,3156534
2019-06-05,62.08,62.24,60.32,61.12,3273657
2019-06-06,61.21,62.18,60.99,61.96,957054
2019-06-07,62.23,62.79,62.02,62.66,1468488
2019-06-10,63.44,64.97,63.44,64.19,3907677
2019-06-11,65.38,65.51,63.96,64.45,3400983
2019-06-12,63.76,63.84,62.86,62.95,1450731
2019-06-13,63.40,63.53,62.82,63.25,1143201
2019-06-14,61.40,61.93,61.24,61.66,2081676
2019-06-17,61.40,61.62,60.93,60.95,1074822
2019-06-18,61.60,64.03,61.60,63.59,2850093
2019-06-19,64.03,64.13,63.35,63.72,1432575
2019-06-20,64.94,65.23,63.96,64.25,3371400
2019-06-21,64.03,64.52,63.77,63.89,1334202
2019-06-24,63.97,64.26,63.80,63.95,2115831
2019-06-25,64.11,64.34,63.01,63.07,1416657
2019-06-26,64.48,65.45,64.37,65.11,1755231
2019-06-27,65.43,66.38,65.43,66.05,1560957
2019-06-28,66.59,66.72,65.99,66.14,2530035
2019-07-01,69.02,69.59,67.35,67.80,4797954
2019-07-02,67.60,67.67,66.65,66.96,1380849
2019-07-03,66.95,67.00,66.15,66.65,737850
2019-07-05,65.78,66.32,65.52,66.27,934185
2019-07-08,65.67,65.95,65.34,65.76,581376
2019-07-09,65.38,66.27,65.21,66.17,1347282
2019-07-10,66.89,67.63,66.59,66.70,1423965
2019-07-11,67.00,67.14,66.48,66.89,2578755
2019-07-12,67.06,68.17,67.06,68.10,1315575
2019-07-15,68.42,68.96,68.31,68.70,684240
2019-07-16,68.38,68.52,67.61,67.97,1125438
2019-07-17,68.36,68.48,67.93,68.17,786987
2019-07-18,68.15,69.32,68.15,69.16,1047822
2019-07-19,69.42,69.72,69.01,69.08,1311948
2019-07-22,69.38,70.50,69.38,70.40,2729763
2019-07-23,70.81,71.30,70.50,71.30,1297542
2019-07-24,71.80,73.61,71.80,73.48,2436156
2019-07-25,72.95,72.99,72.03,72.24,1846488
2019-07-26,72.76,72.76,72.17,72.22,626265
2019-07-29,72.10,72.49,71.49,72.42,2041797
2019-07-30,71.71,72.41,71.43,72.26,789621
2019-07-31,71.71,71.82,69.16,69.86,1374573
2019-08-01,69.56,71.56,67.89,68.48,2578704
2019-08-02,67.79,68.38,66.87,67.47,2328867
2019-08-05,65.49,65.55,63.97,64.56,2511252
2019-08-06,65.63,66.21,64.65,65.38,1479669
2019-08-07,64.34,66.00,64.34,65.79,2180250
2019-08-08,66.41,67.64,65.97,67.62,2165520
2019-08-09,66.90,67.18,65.98,66.44,1893642
2019-08-12,65.75,66.33,65.28,65.57,1178145
2019-08-13,65.57,68.08,65.13,67.50,2205021
2019-08-14,65.94,66.46,65.09,65.43,2766909
2019-08-15,65.79,65.97,64.74,65.31,968493
2019-08-16,65.99,67.23,65.99,67.05,1511283
2019-08-19,68.65,68.90,67.98,68.28,4558050
2019-08-20,68.26,68.44,67.66,68.03,732888
2019-08-21,68.59,68.93,68.29,68.58,700344
2019-08-22,68.73,68.97,67.87,68.63,5985619
2019-08-23,67.74,68.22,65.42,65.60,1697352
2019-08-26,66.60,66.70,65.90,66.16,998535
2019-08-27,66.64,66.97,65.60,65.91,1290651
2019-08-28,65.67,66.48,65.20,66.33,726144
2019-08-29,67.50,68.33,67.35,67.92,3754824
2019-08-30,68.58,68.86,67.94,68.24,1014690
2019-09-03,67.49,67.77,66.73,67.12,2833407
2019-09-04,68.15,68.97,68.15,68.92,1388643
2019-09-05,70.41,71.88,70.21,71.04,2037768
2019-09-06,71.23,71.43,70.76,71.23,1273464
2019-09-09,71.52,72.09,71.22,71.49,962364
2019-09-10,71.27,71.81,70.71,71.81,1291893
2019-09-11,72.23,72.93,71.77,72.89,1415448
2019-09-12,73.62,73.77,72.63,73.05,1719786
2019-09-13,73.15,73.26,72.57,72.91,1310499
2019-09-16,72.36,72.74,71.75,72.44,840777
2019-09-17,72.31,72.69,71.86,72.60,668475
2019-09-18,72.68,72.73,71.66,72.73,654996
2019-09-19,72.82,73.05,72.24,72.25,1059024
2019-09-20,72.45,72.45,70.67,70.92,1945683
2019-09-23,70.91,72.10,70.86,71.76,2118216
2019-09-24,71.73,71.97,69.88,70.26,1181103
2019-09-25,69.90,71.67,69.29,71.44,1034028
2019-09-26,71.43,71.74,70.82,71.53,1075293
2019-09-27,71.15,71.29,69.30,69.85,2077995
2019-09-30,70.16,70.60,69.85,70.47,1079817
2019-10-01,70.96,71.86,69.62,69.81,1822518
2019-10-02,69.43,69.45,68.34,68.79,1330608
2019-10-03,68.86,70.02,67.98,70.00,1606380
2019-10-04,70.36,71.27,70.21,71.16,1224528
2019-10-07,71.12,71.44,70.71,70.75,1224825
2019-10-08,69.84,70.03,68.48,68.56,2051919
2019-10-09,69.44,70.15,69.30,69.68,1414407
2019-10-10,69.75,71.12,69.75,70.36,1123818
2019-10-11,71.67,72.85,71.64,72.02,1949163
2019-10-14,71.97,72.12,71.61,72.01,1112040
2019-10-15,72.45,73.73,72.33,73.59,1326846
2019-10-16,73.17,73.51,72.34,72.55,1764630
2019-10-17,73.38,73.57,72.27,72.67,1289733
2019-10-18,72.54,72.77,71.26,71.90,944349
2019-10-21,72.60,73.32,72.42,73.32,1300164
2019-10-22,73.53,73.57,72.68,72.68,1194828
2019-10-23,71.34,71.96,70.84,71.28,1600995
2019-10-24,72.24,73.11,72.15,73.04,1951068
2019-10-25,73.28,74.64,73.24,74.57,1859991
2019-10-28,75.12,75.98,75.01,75.92,1167351
2019-10-29,75.99,76.50,75.14,75.14,1164354
2019-10-30,75.71,75.73,74.67,75.16,1071876
2019-10-31,75.04,75.04,73.81,74.78,866475
2019-11-01,75.49,76.50,75.14,76.50,1989594
2019-11-04,77.47,78.28,77.45,78.20,1997376
2019-11-05,78.44,78.88,78.02,78.25,1095522
2019-11-06,78.10,78.12,76.93,77.72,1636782
2019-11-07,78.88,79.05,77.87,78.19,1492104
2019-11-08,77.89,78.64,77.43,78.59,1049967
2019-11-11,77.92,78.38,77.63,78.26,836367
2019-11-12,78.46,79.03,78.12,78.42,1444179
2019-11-13,77.99,78.70,77.61,78.51,929784
2019-11-14,78.09,78.31,77.65,78.25,976986
2019-11-15,79.28,79.63,78.60,78.96,977472
2019-11-18,78.96,79.27,78.40,78.78,804699
2019-11-19,79.15,79.27,77.96,78.39,732717
2019-11-20,78.02,78.41,76.87,77.47,1416660
2019-11-21,76.93,77.32,76.30,76.64,2086806
2019-11-22,76.86,77.28,76.38,76.56,1028487
2019-11-25,77.29,78.47,77.29,78.40,1229055
2019-11-26,78.27,78.39,77.75,78.10,2139630
2019-11-27,78.42,78.68,78.32,78.67,775233
2019-11-29,78.40,78.40,77.72,77.82,614973
2019-12-02,77.90,77.98,76.46,76.63,1638978
2019-12-03,74.98,75.52,74.62,75.44,2039211
2019-12-04,76.48,76.97,76.41,76.63,1081524
2019-12-05,77.16,77.33,76.68,77.02,1484820
2019-12-06,77.97,78.36,77.83,78.13,1002306
2019-12-09,78.31,78.38,77.76,77.77,520341
2019-12-10,78.18,78.61,77.81,78.10,530487
2019-12-11,78.31,79.82,78.25,79.70,1459017
2019-12-12,79.58,82.00,79.58,81.86,2195463
2019-12-13,81.91,82.75,81.13,81.50,1735905
2019-12-16,82.11,82.70,81.93,81.99,2100237
2019-12-17,82.44,82.52,81.93,82.36,974208
2019-12-18,82.53,82.53,82.02,82.32,967749
2019-12-19,82.65,82.98,82.25,82.98,1063425
2019-12-20,83.56,83.97,83.17,83.77,1035609
2019-12-23,84.43,84.47,83.93,84.04,1356156
2019-12-24,84.23,84.25,83.75,84.18,504279
2019-12-26,84.53,84.53,83.96,84.27,654072
2019-12-27,84.62,84.62,83.82,84.11,1104141
2019-12-30,84.09,84.09,82.90,83.47,1119531
2019-12-31,83.04,83.74,83.00,83.70,604386
2020-01-02,84.75,85.43,84.33,85.43,1276248
2020-01-03,84.11,84.57,83.65,83.84,1234956
2020-01-06,82.78,83.23,82.42,82.96,1618479
2020-01-07,84.00,84.82,83.50,84.49,1192773
2020-01-08,84.66,84.98,84.05,84.41,1298112
2020-01-09,85.59,85.59,84.15,84.95,640086
2020-01-10,85.49,85.49,84.21,84.45,1952124
2020-01-13,85.04,85.56,84.78,85.44,951915
2020-01-14,85.67,86.35,85.18,85.63,896826
2020-01-15,85.75,85.79,84.37,84.72,1516530
2020-01-16,85.37,86.09,85.31,86.06,1709745
2020-01-17,86.58,86.71,86.03,86.71,1016583
2020-01-21,86.37,86.96,86.29,86.66,1653429
2020-01-22,87.29,88.21,87.04,87.24,1251480
2020-01-23,87.57,87.98,86.78,87.90,1077357
2020-01-24,89.18,89.31,86.36,86.97,1626756
2020-01-27,84.50,84.67,83.48,83.65,3212586
2020-01-28,84.59,85.89,84.12,85.59,2410527
2020-01-29,85.28,85.50,83.96,84.01,1242990
2020-01-30,83.55,84.26,82.37,84.02,1742136
2020-01-31,83.25,83.31,80.63,81.02,2155374
2020-02-03,81.27,82.13,81.21,81.93,1722318
2020-02-04,84.11,84.61,83.69,84.49,2465166
2020-02-05,86.10,86.58,85.16,86.43,2009070
2020-02-06,86.40,86.53,85.44,86.48,1068510
2020-02-07,85.47,85.62,84.34,84.44,1550946
2020-02-10,83.66,85.67,83.66,85.63,1212906
2020-02-11,86.46,87.86,86.46,87.36,1132374
2020-02-12,88.33,88.83,88.25,88.70,1555032
2020-02-13,87.97,89.37,87.86,88.80,1681908
2020-02-14,89.49,89.79,88.06,88.50,1366875
2020-02-18,87.16,87.50,86.70,87.36,2416890
2020-02-19,88.47,89.73,88.47,89.57,1575399
2020-02-20,89.29,89.52,86.97,88.27,2302572
2020-02-21,87.65,87.73,85.30,85.64,2479452
2020-02-24,81.62,82.79,81.00,81.54,3786744
2020-02-25,82.63,82.76,78.64,79.11,5127514
2020-02-26,79.76,80.96,78.73,79.22,4537581
2020-02-27,76.86,78.44,75.42,75.56,4172208
2020-02-28,72.93,77.77,72.71,77.26,4791894
2020-03-02,78.63,80.00,76.10,80.00,4137675
2020-03-03,80.36,81.40,76.67,77.18,2729919
2020-03-04,78.89,81.13,77.73,81.13,3355701
2020-03-05,79.12,80.72,78.03,78.68,3548703
2020-03-06,76.29,77.69,75.11,76.96,4852533
2020-03-09,70.82,74.26,70.00,70.39,6082393
2020-03-10,73.33,75.08,70.70,75.01,3859635
2020-03-11,72.64,73.69,70.03,70.81,2267595
2020-03-12,65.86,68.56,62.94,63.04,5859904
2020-03-13,66.80,70.06,63.05,69.81,4421484
2020-03-16,62.67,65.62,58.55,59.18,4816962
2020-03-17,60.75,65.00,58.11,64.38,4079178
2020-03-18,60.10,62.26,55.93,59.09,4131552
2020-03-19,58.01,62.50,56.79,60.61,2945358
2020-03-20,62.82,63.92,58.59,58.89,2943123
2020-03-23,59.54,61.97,58.10,60.99,2787663
2020-03-24,64.82,67.78,64.62,67.59,5754625
2020-03-25,67.95,70.17,65.52,66.48,2496129
2020-03-26,68.22,71.24,67.60,70.95,3301836
2020-03-27,68.71,69.71,67.20,67.43,2500986
2020-03-30,68.13,69.98,67.63,69.77,3341325
2020-03-31,69.78,70.96,67.81,68.40,4351974
2020-04-01,66.15,67.74,63.97,64.66,2938650
2020-04-02,64.10,66.74,63.97,66.59,3538020
2020-04-03,66.48,67.33,64.47,65.33,3111480
2020-04-06,68.16,72.32,68.16,71.99,5011714
2020-04-07,74.51,74.79,71.65,71.73,6696241
2020-04-08,72.94,74.41,71.92,74.13,3915804
2020-04-09,75.19,75.77,71.82,72.53,6792187
2020-04-13,72.25,73.57,71.67,73.35,3968175
2020-04-14,75.13,76.73,74.95,76.73,5871244
2020-04-15,75.12,75.12,73.75,74.45,3620544
2020-04-16,75.80,76.70,74.79,76.54,3338010
2020-04-17,77.89,78.04,76.18,77.13,2772924
2020-04-20,75.97,77.10,75.36,75.46,2714187
2020-04-21,74.28,74.66,71.53,71.76,3652986
2020-04-22,74.10,76.46,73.72,76.10,3341517
2020-04-23,76.11,76.89,75.08,75.34,2933082
2020-04-24,75.29,77.08,74.66,76.91,2887266
2020-04-27,77.90,78.71,77.58,77.94,3212253
2020-04-28,79.39,79.79,77.45,77.53,4094076
2020-04-29,78.91,81.54,78.76,81.21,3976365
2020-04-30,80.87,80.97,78.21,78.35,5172325
2020-05-01,76.29,76.70,74.17,74.53,6033754
2020-05-04,73.82,75.24,73.52,75.15,3381348
2020-05-05,76.55,77.83,75.95,76.41,4506264
2020-05-06,77.24,78.54,77.12,77.35,4408908
2020-05-07,78.71,79.01,77.65,78.04,2829342
2020-05-08,78.86,80.43,78.64,80.35,3885681
2020-05-11,79.59,80.99,79.45,80.27,3499587
2020-05-12,80.81,81.08,78.07,78.14,3764043
2020-05-13,78.52,78.88,75.47,76.63,6889570
2020-05-14,75.98,78.76,74.70,78.68,6521653
2020-05-15,76.05,77.32,75.58,77.06,5656975
2020-05-18,78.89,81.03,78.89,80.60,4944318
2020-05-19,80.61,82.19,80.30,80.33,4308492
2020-05-20,81.99,83.84,81.99,83.29,3792210
2020-05-21,83.32,83.38,81.06,81.20,3809781
2020-05-22,81.28,81.69,80.27,81.56,2462403
2020-05-26,83.74,84.14,82.30,82.41,4311009
2020-05-27,82.67,83.68,80.33,83.68,5297671
2020-05-28,83.07,84.19,81.41,81.86,4471122
2020-05-29,82.13,84.18,81.87,83.95,6282016
2020-06-01,83.52,83.89,82.76,83.50,2783028
2020-06-02,83.74,85.37,83.35,85.30,3160002
2020-06-03,86.57,88.17,86.55,87.77,1781745
2020-06-04,87.43,89.22,87.16,88.57,1948392
2020-06-05,90.68,92.05,90.26,90.74,2878119
2020-06-08,91.28,91.42,89.66,90.55,2531541
2020-06-09,89.64,90.94,89.24,90.62,1958529
2020-06-10,91.22,91.80,90.57,90.94,2579355
2020-06-11,88.63,88.92,85.07,85.16,3992007
2020-06-12,87.34,88.06,84.40,86.32,4614645
2020-06-15,84.24,87.43,83.95,87.30,2134182
2020-06-16,89.86,90.43,87.41,89.00,3394869
2020-06-17,89.85,90.50,89.16,89.69,1372542
2020-06-18,89.57,90.01,89.13,89.53,1340664
2020-06-19,90.65,90.93,88.85,89.09,2271915
2020-06-22,89.00,89.96,88.14,89.75,1285977
2020-06-23,90.62,91.01,89.91,90.07,1177860
2020-06-24,89.58,90.05,87.41,88.09,1974837
2020-06-25,87.99,88.90,86.64,88.72,1376364
2020-06-26,88.83,88.92,86.84,87.06,1637727
2020-06-29,87.08,88.04,85.99,88.01,2665044
2020-06-30,88.41,90.63,88.34,90.29,4086156
2020-07-01,90.37,90.41,89.05,89.13,1909188
2020-07-02,90.51,91.06,89.95,90.22,1787268
2020-07-06,92.00,92.96,91.71,92.61,2313384
2020-07-07,92.41,92.98,91.37,91.51,1893120
2020-07-08,92.21,92.83,91.49,92.75,1610769
2020-07-09,93.20,94.55,91.78,93.98,2008329
2020-07-10,94.23,94.35,92.76,93.67,965976
2020-07-13,94.99,96.02,91.95,92.13,2951940
2020-07-14,91.48,93.88,90.28,93.65,3124557
2020-07-15,94.40,94.40,92.05,93.49,2247114
2020-07-16,92.40,93.44,91.99,93.14,1344633
2020-07-17,93.44,93.99,93.15,93.61,1340574
2020-07-20,93.76,95.72,93.15,95.46,1783122
2020-07-21,96.16,96.29,94.58,94.97,1595061
2020-07-22,95.23,96.01,94.51,95.28,1241163
2020-07-23,95.33,96.08,93.00,93.83,2006970
2020-07-24,92.17,93.67,90.92,92.35,2717361
2020-07-27,93.52,95.27,93.45,95.23,2324373
2020-07-28,94.53,94.66,93.20,93.39,1822536
2020-07-29,94.22,95.70,94.12,95.31,1451988
2020-07-30,95.04,97.28,95.01,97.19,2717292
2020-07-31,97.43,97.48,95.32,96.80,1918791
2020-08-03,97.39,98.79,97.37,98.55,1654803
2020-08-04,98.55,100.09,98.50,100.00,1452813
2020-08-05,99.84,100.34,99.20,99.90,1741392
2020-08-06,99.82,100.01,98.83,99.84,1096227
2020-08-07,99.73,100.10,97.53,98.73,1364748
2020-08-10,99.03,99.15,97.30,98.73,1326819
2020-08-11,98.62,99.64,97.40,97.70,2116461
2020-08-12,98.53,101.12,98.21,100.86,1945665
2020-08-13,100.86,100.96,99.36,99.85,1522194
2020-08-14,100.17,100.96,99.44,99.79,1088661
2020-08-17,100.62,101.39,100.39,100.92,928566
2020-08-18,101.49,101.56,100.10,100.38,1020441
2020-08-19,100.51,100.69,99.51,99.81,1197549
2020-08-20,98.67,99.38,98.19,98.93,1899498
2020-08-21,98.73,99.67,98.36,99.60,1239171
2020-08-24,100.75,100.99,99.85,100.63,1044114
2020-08-25,100.83,101.69,100.63,101.61,1089939
2020-08-26,101.84,102.30,101.42,101.94,1019607
2020-08-27,102.38,102.38,100.14,100.78,1660266
2020-08-28,100.90,102.68,100.72,102.64,1711209
2020-08-31,102.57,103.27,101.75,102.41,1013418
2020-09-01,103.23,104.51,102.69,104.44,1421994
2020-09-02,106.09,108.09,105.07,107.47,2971704
2020-09-03,105.74,105.98,100.77,101.47,3921003
2020-09-04,100.80,102.15,96.84,100.42,3467340
2020-09-08,96.81,98.59,95.59,95.73,3036045
2020-09-09,98.15,99.15,96.86,98.33,1914933
2020-09-10,99.66,99.96,96.43,97.00,1914330
2020-09-11,97.68,98.69,95.92,96.97,1524339
2020-09-14,98.92,99.53,98.15,98.91,1155738
2020-09-15,100.27,101.31,100.09,100.62,1259634
2020-09-16,101.34,101.46,99.52,99.68,1217343
2020-09-17,97.14,99.79,96.80,99.63,1714701
2020-09-18,100.08,100.34,96.79,98.07,1210686
2020-09-21,96.22,97.89,95.39,97.89,2331501
2020-09-22,98.52,99.04,96.80,98.90,1096146
2020-09-23,98.57,99.10,95.91,96.27,1895895
2020-09-24,95.47,98.43,95.40,97.08,2350605
2020-09-25,97.25,98.73,95.80,98.42,1614489
2020-09-28,99.81,101.23,99.17,101.13,1836117
2020-09-29,101.21,102.31,101.06,101.36,1917492
2020-09-30,101.30,102.54,100.94,101.54,1947660
2020-10-01,102.92,103.91,102.44,103.71,2045628
2020-10-02,101.03,102.70,100.46,100.60,2008452
2020-10-05,101.52,103.84,101.38,103.74,1540122
2020-10-06,103.83,105.74,102.83,103.25,1888878
2020-10-07,104.72,105.55,104.70,105.23,1249137
2020-10-08,106.19,106.75,105.86,106.53,979815
2020-10-09,108.07,108.71,107.66,108.40,1967361
2020-10-12,109.84,110.58,109.29,110.01,1592730
2020-10-13,110.20,110.75,109.32,109.82,2298753
2020-10-14,110.27,110.61,108.75,109.37,1562928
2020-10-15,107.33,109.29,107.11,109.08,1207140
2020-10-16,109.83,110.03,108.47,108.56,866007
2020-10-19,109.45,110.10,107.60,108.01,1208571
2020-10-20,108.50,108.79,107.58,107.84,1052022
2020-10-21,108.09,108.31,107.03,107.11,1074414
2020-10-22,107.25,107.71,105.86,107.16,912246
2020-10-23,106.75,106.78,105.77,106.78,785904
2020-10-26,105.87,106.25,103.10,104.47,1671270
2020-10-27,105.19,105.45,103.70,104.06,890154
2020-10-28,102.42,102.42,100.48,100.65,1480974
2020-10-29,100.67,104.28,100.53,103.20,1505499
2020-10-30,102.11,102.78,100.48,101.83,1336965
2020-11-02,102.78,103.25,101.31,102.19,1456332
2020-11-03,103.09,105.00,103.07,104.12,1385154
2020-11-04,106.34,108.32,105.07,107.76,3026586
2020-11-05,110.87,112.88,110.77,112.60,2808732
2020-11-06,112.33,114.85,111.97,114.43,2015892
2020-11-09,117.51,117.92,113.09,113.10,1921023
2020-11-10,112.09,112.56,109.42,109.71,1862460
2020-11-11,111.40,113.86,111.39,113.66,1670403
2020-11-12,113.84,114.11,111.66,112.26,1203717
2020-11-13,113.59,114.58,112.82,113.63,1070859
2020-11-16,114.56,116.46,114.25,116.46,1456941
2020-11-17,116.05,116.08,114.64,115.50,1371921
2020-11-18,115.70,116.50,114.57,114.64,1362141
2020-11-19,114.23,116.44,113.71,116.33,1056900
2020-11-20,116.37,117.36,115.65,115.79,1371429
2020-11-23,116.31,117.85,115.93,117.44,1393929
2020-11-24,118.28,118.29,116.26,118.08,1830111
2020-11-25,118.25,118.73,117.33,117.82,974070
2020-11-27,118.57,119.92,118.57,119.22,1713213
2020-11-30,119.42,120.74,117.91,120.60,1873959
2020-12-01,121.67,123.37,121.27,122.59,2005782
2020-12-02,122.25,123.56,122.13,122.95,2142324
2020-12-03,123.67,124.39,122.95,123.11,1096665
2020-12-04,123.67,126.55,123.47,126.47,1624395
2020-12-07,127.19,127.20,125.90,127.11,1657827
2020-12-08,127.02,128.02,126.40,127.52,1203159
2020-12-09,127.04,127.88,123.17,123.93,1950228
2020-12-10,122.87,124.82,122.45,123.75,1967499
2020-12-11,122.88,123.41,121.20,122.55,1606716
2020-12-14,123.44,124.41,123.17,123.67,1313448
2020-12-15,125.33,125.81,124.51,125.39,1106757
2020-12-16,125.98,125.98,124.47,125.46,1342854
2020-12-17,126.29,126.29,125.14,125.69,1240263
2020-12-18,125.86,126.09,124.30,124.95,1160211
2020-12-21,123.37,124.50,122.32,124.39,1799676
2020-12-22,124.42,124.50,123.17,124.21,674673
2020-12-23,124.41,124.62,123.17,123.27,1257012
2020-12-24,123.93,124.43,123.56,124.37,574317
2020-12-28,125.83,125.90,124.05,124.24,1108461
2020-12-29,124.88,124.88,122.54,123.92,1334760
2020-12-30,124.60,126.20,124.49,125.99,1159944
2020-12-31,126.12,126.59,125.21,126.39,1193151
2021-01-04,127.21,129.93,124.95,125.86,2487468
2021-01-05,125.76,128.44,125.67,128.44,1670814
2021-01-06,127.03,130.54,126.86,128.02,3215037
2021-01-07,129.89,133.18,129.89,132.85,1809075
2021-01-08,134.75,135.37,131.36,132.92,2119860
2021-01-11,131.77,135.33,131.67,134.27,1630605
2021-01-12,135.13,136.39,133.90,135.08,4504515
2021-01-13,136.33,136.63,134.77,135.30,1200372
2021-01-14,136.98,139.75,136.98,138.17,1749078
2021-01-15,138.01,138.17,134.58,135.36,2404170
2021-01-19,137.58,140.09,137.26,140.00,2517042
2021-01-20,141.52,142.00,139.17,139.50,1851066
2021-01-21,140.82,142.08,139.37,141.52,2545122
2021-01-22,140.37,140.97,139.04,139.12,1668165
2021-01-25,140.28,140.64,136.63,139.32,1683747
2021-01-26,139.39,139.39,137.04,137.05,1224978
2021-01-27,134.67,134.68,129.41,129.94,5391247
2021-01-28,132.56,134.70,131.51,132.79,3370668
2021-01-29,133.24,133.71,130.04,130.47,2761764
2021-02-01,132.70,136.04,132.26,135.63,1923354
2021-02-02,137.89,138.00,135.97,137.83,2429706
2021-02-03,138.35,138.75,134.67,135.03,2767716
2021-02-04,134.60,136.24,133.65,136.13,1833327
2021-02-05,137.15,137.15,135.00,135.20,1462788
2021-02-08,136.11,139.36,136.11,139.26,1947231
2021-02-09,138.86,139.83,138.08,138.85,1383570
2021-02-10,140.00,140.73,137.34,139.12,2220393
2021-02-11,140.27,144.04,140.27,143.94,2112546
2021-02-12,143.52,146.00,142.78,145.72,1925877
2021-02-16,147.46,147.99,145.83,146.45,3152538
2021-02-17,145.20,145.73,141.97,143.94,2787048
2021-02-18,142.16,143.12,140.68,142.46,2257113
2021-02-19,144.62,146.76,144.33,145.90,2254446
2021-02-22,144.00,145.01,140.12,140.61,2651910
2021-02-23,138.03,140.61,134.03,139.55,4029243
2021-02-24,138.68,144.23,137.43,144.08,3144972
2021-02-25,142.40,143.34,135.31,135.87,5339617
2021-02-26,138.10,140.25,135.35,138.97,4558656
2021-03-01,141.08,143.55,140.01,143.40,2318310
2021-03-02,143.98,143.98,138.94,139.10,3177537
2021-03-03,139.25,139.55,133.58,134.84,4425990
2021-03-04,134.41,135.04,126.45,128.35,7243444
2021-03-05,131.31,132.65,125.18,132.20,6308221
2021-03-08,132.03,132.57,125.02,125.07,7349011
2021-03-09,129.60,133.73,129.22,132.84,4132791
2021-03-10,135.13,135.17,130.33,130.33,4082313
2021-03-11,134.21,136.59,133.50,135.82,3689532
2021-03-12,133.33,134.63,132.37,134.39,3153450
2021-03-15,135.11,137.41,134.13,137.22,3895509
2021-03-16,138.84,141.20,138.18,138.99,6784981
2021-03-17,137.07,141.85,136.03,140.74,5773690
2021-03-18,138.79,139.06,134.76,134.92,6053650
2021-03-19,135.19,137.79,133.47,136.59,6614227
2021-03-22,138.26,141.11,137.74,139.48,3130062
2021-03-23,140.02,140.26,135.18,135.81,5638930
2021-03-24,138.07,138.63,133.88,133.95,6608191
2021-03-25,131.63,134.49,130.27,133.84,5580055
2021-03-26,133.94,140.70,133.85,140.44,6493804
2021-03-29,139.13,139.66,136.63,138.29,6540598
2021-03-30,137.20,138.25,136.33,137.96,4263561
2021-03-31,139.26,142.40,138.99,141.33,5968312
2021-04-01,143.79,146.61,143.74,146.53,7379968
2021-04-05,148.94,149.92,147.15,149.48,6503950
2021-04-06,148.60,149.52,146.34,147.81,5912929
2021-04-07,147.97,148.47,146.60,147.72,3296394
2021-04-08,149.30,149.57,148.03,149.40,4277073
2021-04-09,148.19,149.08,147.57,148.93,2466975
2021-04-12,148.15,148.15,146.07,147.33,2607855
2021-04-13,148.46,148.67,145.63,147.10,3328380
2021-04-14,146.82,147.93,144.69,145.48,4996164
2021-04-15,146.98,148.23,145.85,147.92,5672257
2021-04-16,147.92,148.22,146.90,147.23,2713134
2021-04-19,146.14,146.63,142.04,143.36,8922409
2021-04-20,142.89,143.48,140.48,141.31,5374390
2021-04-21,141.42,145.07,140.84,145.02,4322595
2021-04-22,144.72,144.91,141.00,141.86,5433100
2021-04-23,142.44,145.05,142.27,144.45,3996834
2021-04-26,144.64,147.28,144.38,147.10,3577926
2021-04-27,147.67,147.78,145.55,145.99,4878234
2021-04-28,145.18,145.25,143.61,143.78,2356575
2021-04-29,145.82,145.91,142.61,144.71,3236862
2021-04-30,142.59,143.43,140.34,140.68,3899940
2021-05-03,141.68,141.82,138.44,139.21,3223038
2021-05-04,137.40,137.45,134.34,136.87,6061912
2021-05-05,138.58,139.43,136.69,137.72,4808646
2021-05-06,137.47,138.89,135.90,138.85,3657315
2021-05-07,140.27,141.72,139.60,140.76,2871531
2021-05-10,139.53,139.53,134.26,134.50,6354649
2021-05-11,130.40,135.05,129.93,134.68,6720367
2021-05-12,131.86,132.64,128.67,129.19,7755097
2021-05-13,131.43,132.87,129.53,130.84,4878540
2021-05-14,132.75,136.11,131.46,134.89,4664028
2021-05-17,133.64,133.83,131.48,133.71,3363687
2021-05-18,134.97,135.23,132.56,132.64,2354733
2021-05-19,130.07,135.36,129.52,135.22,4127259
2021-05-20,136.23,139.35,136.13,138.78,5021170
2021-05-21,139.76,139.81,137.78,138.01,5250949
2021-05-24,139.46,142.26,139.33,141.50,3373860
2021-05-25,142.54,142.99,141.12,141.92,4363434
2021-05-26,142.02,142.92,141.01,142.30,2492382
2021-05-27,142.04,143.62,141.67,142.90,3302727
2021-05-28,143.44,144.92,143.19,144.23,2179590
2021-06-01,145.32,146.46,143.08,143.82,3373482
2021-06-02,143.71,145.29,143.26,144.70,2140611
2021-06-03,143.08,143.70,141.55,142.21,3247419
2021-06-04,143.43,145.96,143.43,145.67,2821950
2021-06-07,144.98,145.24,143.69,144.53,2376384
2021-06-08,145.66,145.91,142.62,143.71,2534889
2021-06-09,144.18,144.60,143.00,143.00,2607735
2021-06-10,143.06,145.03,142.76,144.47,2165082
2021-06-11,144.90,145.20,144.09,145.20,1765233
2021-06-14,145.57,147.26,144.71,147.26,3674295
2021-06-15,146.87,147.77,145.58,146.06,2388207
2021-06-16,146.51,146.93,143.53,144.68,3614691
2021-06-17,144.29,147.31,144.18,146.24,3872994
2021-06-18,145.24,145.35,141.96,142.74,2889804
2021-06-21,142.91,143.52,141.69,143.27,2233443
2021-06-22,143.48,144.36,142.68,143.95,1738353
2021-06-23,144.31,145.36,144.26,144.55,1889466
2021-06-24,145.95,147.39,145.80,147.00,1428408
2021-06-25,147.63,147.86,146.19,146.60,1343214
2021-06-28,147.51,150.73,147.51,150.10,2651544
2021-06-29,149.93,151.50,149.43,151.28,1748742
2021-06-30,151.14,151.70,150.40,151.41,1317186
2021-07-01,151.25,151.25,148.73,149.24,2264115
2021-07-02,150.16,150.51,148.97,150.15,1827030
2021-07-06,150.55,151.04,147.98,149.89,2002035
2021-07-07,150.83,150.85,147.00,147.62,1888431
2021-07-08,144.51,146.42,143.40,145.72,2000007
2021-07-09,146.20,148.38,145.15,148.10,1833033
2021-07-12,148.73,150.00,148.17,150.00,3950160
2021-07-13,149.37,150.05,148.61,149.40,2122281
2021-07-14,150.42,151.70,148.28,148.71,2256549
2021-07-15,147.99,148.31,144.31,145.41,2657016
2021-07-16,145.86,146.60,141.91,142.25,2571513
2021-07-19,140.31,142.34,139.50,142.11,4069209
2021-07-20,142.79,145.14,141.00,144.04,3201039
2021-07-21,144.59,148.54,144.59,148.47,2039652
2021-07-22,147.72,148.40,146.50,147.59,1185282
2021-07-23,148.28,148.49,146.51,148.34,1312449
2021-07-26,147.77,148.72,147.41,148.39,1123299
2021-07-27,147.97,147.97,142.59,145.67,2508618
2021-07-28,146.20,148.67,145.49,148.05,2289705
2021-07-29,148.61,151.53,148.55,151.07,2303736
2021-07-30,149.70,152.61,149.70,152.30,2320653
2021-08-02,153.76,155.17,152.89,153.27,2864328
2021-08-03,153.61,154.43,151.81,154.43,1769175
2021-08-04,154.73,156.76,154.50,156.01,1626225
2021-08-05,156.76,157.13,155.15,156.03,1420434
2021-08-06,155.12,156.04,154.85,155.26,1233093
2021-08-09,155.88,155.97,154.08,154.73,1065972
2021-08-10,154.96,155.23,151.82,152.93,2695668
2021-08-11,153.35,153.56,150.62,152.41,1296873
2021-08-12,151.91,151.91,149.52,150.77,1531395
2021-08-13,150.43,151.74,150.30,151.72,1060113
2021-08-16,151.15,151.55,149.89,151.16,1144044
2021-08-17,149.90,149.90,146.84,148.23,1850661
2021-08-18,148.02,148.93,146.08,146.27,1879485
2021-08-19,145.35,148.28,144.23,147.47,2175648
2021-08-20,147.86,148.84,146.81,148.58,1798443
2021-08-23,150.12,152.96,150.12,152.76,2181162
2021-08-24,153.20,153.67,152.50,152.76,1663233
2021-08-25,153.36,155.06,153.28,153.92,2274234
2021-08-26,153.74,154.67,152.81,154.07,2284575
2021-08-27,154.15,157.19,153.94,157.01,2404572
2021-08-30,157.65,158.84,156.76,157.32,2519316
2021-08-31,157.49,157.70,154.85,156.06,2108382
2021-09-01,156.85,157.00,155.21,155.21,1632993
2021-09-02,155.95,156.27,155.19,155.79,1502469
2021-09-03,155.82,157.57,155.47,156.96,1356402
2021-09-07,157.04,157.05,155.46,156.38,1641009
2021-09-08,155.67,155.83,153.03,154.38,3087897
2021-09-09,154.28,155.84,154.18,154.92,3920994
2021-09-10,156.20,158.53,156.14,156.15,2960055
2021-09-13,157.73,157.98,155.52,157.65,2835897
2021-09-14,158.05,158.85,156.94,157.66,2582334
2021-09-15,157.78,158.57,156.44,158.56,3771204
2021-09-16,157.42,159.40,156.76,158.87,1655286
2021-09-17,158.45,158.45,155.63,156.33,2426613
2021-09-20,153.00,153.59,150.22,152.46,3125058
2021-09-21,153.60,154.06,151.52,152.91,2214042
2021-09-22,154.12,156.45,153.55,156.09,1309107
2021-09-23,156.83,158.67,156.26,158.17,2407050
2021-09-24,156.58,157.94,156.33,157.60,1191855
2021-09-27,155.91,157.83,154.99,157.22,1339878
2021-09-28,154.25,155.14,151.07,151.07,5447953
2021-09-29,151.40,151.85,148.39,148.68,6777097
2021-09-30,150.09,151.07,148.58,148.62,4534311
2021-10-01,149.21,149.49,146.28,148.72,3115071
2021-10-04,147.95,148.04,144.45,144.89,4161831
2021-10-05,145.58,148.10,145.34,147.08,3155940
2021-10-06,145.45,147.77,144.94,147.66,3411282
2021-10-07,149.56,151.36,149.19,149.38,1913868
2021-10-08,149.92,150.11,147.73,147.85,1672878
2021-10-11,147.27,149.35,146.81,146.86,1532058
2021-10-12,147.79,148.01,144.42,145.03,3201999
2021-10-13,146.08,146.77,145.39,145.87,1756653
2021-10-14,148.56,150.41,148.14,150.39,2486199
2021-10-15,151.50,151.85,150.63,151.40,1639353
2021-10-18,150.50,152.67,149.63,152.62,1352691
2021-10-19,152.97,154.49,152.27,154.49,1394184
2021-10-20,153.93,154.77,153.50,154.17,1261374
2021-10-21,153.18,155.92,153.11,155.72,1303650
2021-10-22,154.90,156.50,153.71,153.97,3284391
2021-10-25,154.76,155.92,154.20,155.03,1684758
2021-10-26,156.24,156.80,154.60,155.15,1879455
2021-10-27,154.20,155.84,153.49,154.03,3226434
2021-10-28,156.09,157.63,155.81,157.51,3278046
2021-10-29,156.18,158.23,156.00,158.21,2135745
2021-11-01,158.40,160.83,158.00,160.79,2547279
2021-11-02,160.70,162.80,160.70,162.79,2225490
2021-11-03,163.00,164.87,162.37,164.67,2175141
2021-11-04,166.53,170.97,165.62,170.21,4081038
2021-11-05,171.27,173.42,170.39,172.10,4534683
2021-11-08,173.16,175.56,172.54,174.42,2921451
2021-11-09,176.16,176.36,172.54,174.42,2722821
2021-11-10,171.15,173.49,168.54,169.28,3934200
2021-11-11,172.08,173.27,170.75,172.86,2282871
2021-11-12,173.46,175.38,172.50,174.55,1970547
2021-11-15,175.86,175.86,172.63,174.42,2318061
2021-11-16,173.63,177.35,173.42,177.03,2023281
2021-11-17,177.12,177.12,174.94,175.80,1576224
2021-11-18,179.00,179.64,177.03,178.74,2002041
2021-11-19,178.77,180.45,177.88,179.24,3406302
2021-11-22,180.27,182.71,176.40,176.64,4422783
2021-11-23,176.45,177.64,172.97,175.93,2427390
2021-11-24,174.55,177.95,172.80,177.86,2117253
2021-11-26,174.51,176.09,171.64,172.91,2448129
2021-11-29,175.48,179.96,174.82,179.56,2412288
2021-11-30,178.85,180.53,174.91,176.41,3264372
2021-12-01,179.00,182.16,174.99,175.00,3123417
2021-12-02,173.20,176.48,171.88,175.26,3124623
2021-12-03,177.74,179.50,172.85,174.81,2491080
2021-12-06,174.47,175.12,169.13,174.59,2091504
2021-12-07,178.49,183.76,178.49,183.40,2692095
2021-12-08,182.43,182.59,180.33,182.21,1666599
2021-12-09,181.13,182.94,177.86,178.02,1674039
2021-12-10,181.34,182.20,177.47,179.70,2020629
2021-12-13,180.11,180.19,174.32,174.63,2286663
2021-12-14,172.48,174.70,171.52,173.79,2888082
2021-12-15,174.14,180.33,171.80,180.17,2344152
2021-12-16,180.90,181.41,171.27,172.31,2797794
2021-12-17,170.61,174.64,170.04,171.90,2702139
2021-12-20,169.40,171.88,168.69,170.55,2146032
2021-12-21,174.40,176.79,172.01,176.71,1624197
2021-12-22,175.80,178.54,174.88,178.54,2134815
2021-12-23,178.90,181.44,178.90,180.27,2100396
2021-12-27,180.93,185.25,180.89,185.21,2506983
2021-12-28,186.07,186.09,182.32,183.17,1976649
2021-12-29,183.10,184.59,182.32,183.45,1254945
2021-12-30,183.00,183.76,180.76,181.32,1361847
2021-12-31,181.51,182.71,180.75,180.77,1217514
2022-01-03,181.99,184.55,181.27,184.37,1699752
2022-01-04,185.19,186.34,179.37,183.80,3504771
2022-01-05,182.39,183.96,177.40,177.56,3751671
2022-01-06,177.53,179.77,175.61,178.94,2934387
2022-01-07,178.76,179.42,173.20,173.75,2284641
2022-01-10,171.60,174.19,168.00,173.81,5377390
2022-01-11,173.23,177.29,171.95,177.08,3157119
2022-01-12,178.79,180.02,176.60,178.38,3571416
2022-01-13,181.11,182.62,173.77,174.22,3268692
2022-01-14,172.84,178.55,172.81,178.39,3401679
2022-01-18,175.54,175.56,170.04,170.41,7691026
2022-01-19,171.80,172.85,165.28,165.40,9931675
2022-01-20,166.68,168.00,160.00,160.21,8349919
2022-01-21,159.09,163.62,157.20,157.55,13946176
2022-01-24,154.25,159.64,148.98,159.35,15474590
2022-01-25,155.25,157.16,152.52,153.40,10710412
2022-01-26,157.71,162.26,153.40,155.76,8508118
2022-01-27,157.30,157.49,148.32,148.82,8424889
2022-01-28,148.70,151.68,144.43,151.68,7172851
2022-01-31,152.44,160.07,151.60,159.82,7846714
2022-02-01,161.39,161.65,157.13,161.15,4068942
2022-02-02,164.41,165.64,162.09,165.22,5228983
2022-02-03,161.07,163.73,157.43,158.03,6506464
2022-02-04,157.30,160.30,155.17,158.94,5061601
2022-02-07,159.33,161.50,158.25,158.85,3502230
2022-02-08,158.18,163.20,157.91,162.87,2941185
2022-02-09,165.01,168.23,162.95,168.21,5061061
2022-02-10,164.11,169.29,162.04,162.97,4614006
2022-02-11,163.24,164.43,153.56,154.67,7881841
2022-02-14,155.20,157.95,152.80,154.82,5697160
2022-02-15,158.17,163.79,157.75,163.36,4882200
2022-02-16,161.36,164.02,159.93,163.42,2713206
2022-02-17,161.25,161.47,157.04,157.28,6002875
2022-02-18,157.35,157.93,153.36,155.52,5866321
2022-02-22,153.84,158.29,152.12,154.58,8370148
2022-02-23,156.37,158.00,150.41,150.89,6525673
2022-02-24,145.03,156.66,144.68,156.41,8668999
2022-02-25,156.41,159.02,154.19,159.02,7064965
2022-02-28,156.95,159.46,154.87,158.05,4359327
2022-03-01,157.41,158.33,150.65,152.32,4265628
2022-03-02,153.59,158.26,153.23,157.17,2850588
2022-03-03,158.13,158.17,152.93,153.87,4177917
2022-03-04,152.37,153.71,148.10,149.79,4443855
2022-03-07,150.23,151.30,142.24,142.27,5869285
2022-03-08,143.24,150.30,140.85,145.00,7909426
2022-03-09,149.88,152.22,148.17,151.08,4699698
2022-03-10,148.40,148.55,145.07,147.98,4805619
2022-03-11,150.12,150.40,144.51,144.80,6524365
2022-03-14,144.37,145.12,139.45,140.11,5683921
2022-03-15,141.52,146.90,140.63,146.55,3980400
2022-03-16,149.04,154.12,147.42,154.10,4868646
2022-03-17,152.35,155.05,151.18,155.05,4132968
2022-03-18,153.97,158.72,153.02,158.08,5004469
2022-03-21,157.47,159.06,154.94,157.76,4801506
2022-03-22,157.48,160.51,157.32,158.64,2886747
2022-03-23,157.19,159.11,154.60,154.64,3530367
2022-03-24,155.94,162.27,155.30,162.14,5002507
2022-03-25,161.96,162.40,159.09,161.77,3107010
2022-03-28,160.80,163.03,158.49,163.03,2735562
2022-03-29,165.63,167.03,163.40,166.77,3093522
2022-03-30,165.48,166.06,160.58,161.43,3269166
2022-03-31,161.31,162.03,157.34,157.76,3369264
2022-04-01,158.43,158.80,152.39,154.70,5392027
2022-04-04,155.11,157.44,154.52,157.22,2705220
2022-04-05,155.93,156.06,149.58,149.98,4054932
2022-04-06,146.67,148.91,145.00,146.25,4836795
2022-04-07,146.05,147.88,143.50,146.57,3511764
2022-04-08,145.35,145.41,142.70,142.93,4500327
2022-04-11,140.82,142.00,139.67,140.00,4291863
2022-04-12,142.96,144.01,138.84,139.57,5894761
2022-04-13,140.47,143.56,139.61,142.57,3309033
2022-04-14,143.50,143.54,138.45,138.63,5903290
2022-04-18,137.94,142.28,137.77,141.03,3630213
2022-04-19,140.47,144.42,139.75,144.12,3036657
2022-04-20,146.40,147.67,143.29,143.80,3826110
2022-04-21,145.57,147.19,139.24,139.96,3600354
2022-04-22,139.74,140.52,136.62,136.85,4569438
2022-04-25,135.73,139.20,135.33,139.16,6353740
2022-04-26,137.28,137.52,132.84,132.99,5843929
2022-04-27,131.53,135.57,131.23,132.27,4350159
2022-04-28,134.92,141.05,133.22,139.56,4951326
2022-04-29,137.60,140.27,133.21,133.59,4188267
2022-05-02,133.72,138.21,132.67,138.05,4635345
2022-05-03,137.69,140.29,136.73,139.20,2299971
2022-05-04,140.23,144.84,135.90,144.60,4259268
2022-05-05,142.00,142.22,135.54,137.59,4597095
2022-05-06,136.33,139.40,133.79,136.37,3950406
2022-05-09,133.42,135.05,128.66,129.42,5058598
2022-05-10,133.33,134.81,129.48,132.37,4476732
2022-05-11,131.24,134.33,128.08,128.46,5065999
2022-05-12,126.87,130.31,125.78,129.24,5345191
2022-05-13,131.50,136.78,130.81,135.83,4724448
2022-05-16,134.45,135.87,133.26,133.77,2372424
2022-05-17,137.26,140.62,136.74,140.26,3193173
2022-05-18,137.95,139.86,132.63,133.19,3581214
2022-05-19,132.54,135.79,131.23,132.39,3303249
2022-05-20,134.99,135.00,126.39,132.32,4083816
2022-05-23,131.29,133.24,130.28,132.89,3639390
2022-05-24,130.75,131.19,128.17,129.65,2865708
2022-05-25,128.77,133.22,128.65,131.98,2512473
2022-05-26,130.75,137.75,130.54,137.14,2966709
2022-05-27,139.30,143.02,139.30,142.78,3165711
2022-05-31,142.53,143.31,139.87,142.05,2807172
2022-06-01,142.77,143.49,137.86,139.79,2465877
2022-06-02,139.31,144.81,139.04,144.66,2005866
2022-06-03,141.53,142.33,139.69,140.34,2065695
2022-06-06,143.29,143.76,139.65,140.58,2241843
2022-06-07,138.91,142.10,137.84,141.70,1867002
2022-06-08,140.93,141.50,137.64,138.69,3396366
2022-06-09,137.28,139.68,134.54,134.55,2516940
2022-06-10,132.33,133.48,129.50,129.77,3599388
2022-06-13,125.00,126.64,121.81,122.28,4042815
2022-06-14,123.62,124.17,121.52,122.96,2831511
2022-06-15,124.41,127.27,122.27,125.07,3811053
2022-06-16,121.42,121.54,116.06,117.54,3921309
2022-06-17,117.80,118.87,115.31,118.01,3400443
2022-06-21,120.50,122.92,120.42,121.10,2830272
2022-06-22,119.02,121.55,118.84,119.84,4106775
2022-06-23,120.55,120.65,117.15,119.03,2178987
2022-06-24,120.89,124.30,120.63,124.30,3784173
2022-06-27,125.42,125.73,123.01,123.96,2497542
2022-06-28,124.69,126.15,120.75,120.94,3052701
2022-06-29,119.28,119.42,116.62,118.08,3393648
2022-06-30,116.43,118.86,114.70,116.54,3285570
2022-07-01,114.60,115.22,110.96,112.41,3875712
2022-07-05,109.57,113.30,108.90,113.30,3391272
2022-07-06,113.41,115.19,112.17,113.85,2671968
2022-07-07,116.53,119.55,116.53,118.95,2866311
2022-07-08,117.23,120.33,116.87,119.52,2333871
2022-07-11,117.71,118.29,116.00,116.76,2489919
2022-07-12,117.52,118.39,116.24,117.09,4494426
2022-07-13,114.70,118.69,114.47,117.75,3564555
2022-07-14,117.44,120.76,115.72,120.25,3186957
2022-07-15,122.08,123.31,120.17,123.12,2984418
2022-07-18,125.16,126.12,121.94,122.72,2959206
2022-07-19,124.66,128.82,124.30,128.13,3116796
2022-07-20,127.94,132.02,127.15,131.40,4845183
2022-07-21,132.08,133.63,130.20,133.55,2753295
2022-07-22,133.12,133.17,129.08,130.26,4547937
2022-07-25,129.26,129.53,127.27,129.43,2863203
2022-07-26,128.57,129.22,126.80,127.28,2510508
2022-07-27,129.56,134.17,129.17,133.10,3214215
2022-07-28,133.39,135.03,130.49,134.74,3532338
2022-07-29,132.79,136.16,132.33,135.78,3840981
2022-08-01,134.81,137.48,133.93,136.30,3811986
2022-08-02,134.76,138.11,134.19,136.04,2124777
2022-08-03,136.02,140.09,135.93,139.82,2860761
2022-08-04,139.50,141.25,139.09,140.83,1918974
2022-08-05,138.36,140.94,137.73,139.73,3279795
2022-08-08,137.81,139.34,135.50,137.62,3067593
2022-08-09,134.44,134.58,129.51,131.31,4369593
2022-08-10,134.81,137.02,133.02,136.76,3456096
2022-08-11,137.92,140.62,136.29,136.59,2404398
2022-08-12,137.50,140.96,137.00,140.58,2050761
2022-08-15,139.96,141.50,139.00,141.11,1325328
2022-08-16,140.38,141.00,138.10,139.66,1566843
2022-08-17,137.52,137.59,134.38,136.29,2640003
2022-08-18,136.66,140.33,136.17,139.40,1699011
2022-08-19,137.48,138.17,134.94,135.63,2324139
2022-08-22,132.88,133.13,129.90,130.53,2903493
2022-08-23,130.62,133.18,130.47,131.18,2430453
2022-08-24,131.03,131.96,129.99,131.51,1251765
2022-08-25,131.64,136.49,131.56,136.33,2679582
2022-08-26,136.02,136.34,128.39,128.60,2837979
2022-08-29,127.23,128.70,125.79,126.00,2575209
2022-08-30,127.36,127.41,123.00,124.53,3212820
2022-08-31,125.08,125.09,122.15,123.23,2974923
2022-09-01,120.09,120.96,117.19,120.94,4537683
2022-09-02,122.81,123.66,119.09,119.62,3841710
2022-09-06,119.60,120.25,117.33,118.24,2692491
2022-09-07,118.71,121.25,117.82,120.24,1699509
2022-09-08,119.07,122.72,118.33,122.26,2823447
2022-09-09,123.87,125.84,123.87,125.20,2066574
2022-09-12,125.74,126.43,124.30,125.81,2611011
2022-09-13,121.02,122.06,117.64,117.99,4064928
2022-09-14,118.88,120.16,117.55,119.33,2722899
2022-09-15,118.53,119.92,116.56,117.35,2432784
2022-09-16,116.06,118.18,115.18,118.06,3392166
2022-09-19,116.55,119.30,116.50,118.68,2146770
2022-09-20,117.53,118.10,116.17,117.10,2630727
2022-09-21,117.32,121.12,115.92,115.92,3535140
2022-09-22,115.25,115.74,112.10,112.76,2936082
2022-09-23,111.43,111.73,109.24,111.25,3881826
2022-09-26,110.27,111.96,108.80,108.99,2881425
2022-09-27,110.97,111.79,108.43,110.01,2977617
2022-09-28,109.10,112.00,108.64,111.57,4045074
2022-09-29,109.53,109.73,106.37,108.10,3008904
2022-09-30,106.70,109.45,106.08,106.24,2723091
2022-10-03,107.45,111.15,106.68,109.92,3747153
2022-10-04,113.46,115.21,113.17,115.07,3182280
2022-10-05,113.17,117.19,112.16,116.01,2505657
2022-10-06,115.89,118.03,115.12,115.55,2849988
2022-10-07,112.11,112.42,107.97,108.62,3969039
2022-10-10,108.19,108.32,103.42,104.92,4665096
2022-10-11,103.05,104.01,100.54,101.97,4818666
2022-10-12,101.84,102.38,100.66,100.98,3108714
2022-10-13,97.03,105.80,95.94,103.89,4911504
2022-10-14,105.34,105.34,99.24,99.56,3890709
2022-10-17,102.21,103.07,100.87,101.67,3760509
2022-10-18,104.85,105.54,100.22,102.02,3559002
2022-10-19,101.29,103.65,100.98,102.67,3043488
2022-10-20,103.24,106.46,102.72,103.31,3567162
2022-10-21,103.04,107.42,102.59,107.15,3703062
2022-10-24,107.51,108.08,105.10,107.61,3784215
2022-10-25,108.07,110.81,107.89,110.07,2770743
2022-10-26,107.80,111.57,107.27,108.99,4813194
2022-10-27,109.70,110.73,106.91,107.05,3589422
2022-10-28,107.25,111.41,106.97,111.25,4192677
2022-10-31,110.25,110.55,108.27,108.83,2394999
2022-11-01,111.01,111.38,109.05,109.70,2810370
2022-11-02,110.40,112.33,106.10,106.24,3193701
2022-11-03,104.25,106.44,103.16,104.82,3752214
2022-11-04,108.60,109.95,107.09,109.67,4601673
2022-11-07,110.68,112.47,109.24,112.04,3548706
2022-11-08,114.13,115.85,112.18,114.50,3901128
2022-11-09,112.56,113.01,110.67,110.84,3578643
2022-11-10,117.18,122.62,116.21,122.31,5347372
2022-11-11,122.91,126.80,121.50,126.06,6114076
2022-11-14,125.37,127.13,124.63,124.68,3683082
2022-11-15,129.84,130.20,126.55,128.29,4897722
2022-11-16,125.37,125.62,122.22,122.99,4775613
2022-11-17,120.44,124.51,120.22,123.96,3974799
2022-11-18,126.03,126.06,122.89,124.23,3105264
2022-11-21,122.88,123.32,121.79,122.17,1815621
2022-11-22,123.22,125.91,122.19,125.81,3290712
2022-11-23,125.68,128.56,125.66,127.33,3905847
2022-11-25,126.56,127.00,125.64,125.64,1163931
2022-11-28,124.08,125.39,121.65,122.50,3222027
2022-11-29,122.86,123.55,121.28,122.02,1828407
2022-11-30,122.48,129.43,121.34,129.34,4166076
2022-12-01,130.11,130.24,126.62,128.41,4130811
2022-12-02,125.19,127.16,124.55,126.96,3110838
2022-12-05,126.10,127.32,124.22,125.36,2709291
2022-12-06,125.34,125.47,121.48,122.72,2182776
2022-12-07,121.41,123.32,121.18,122.46,2111784
2022-12-08,123.20,126.09,122.38,126.00,2694303
2022-12-09,125.44,127.04,124.38,124.83,1749501
2022-12-12,124.22,127.18,123.58,127.04,2178846
2022-12-13,132.40,132.98,127.25,128.86,4521072
2022-12-14,128.55,130.09,125.45,126.93,3972021
2022-12-15,124.26,124.80,121.39,121.56,3883263
2022-12-16,120.91,121.96,119.45,120.64,2465766
2022-12-19,120.51,120.79,117.92,119.15,2231841
2022-12-20,117.66,119.51,117.39,118.42,2275620
2022-12-21,119.25,121.49,119.02,121.09,2291844
2022-12-22,118.73,118.92,113.75,116.19,5404375
2022-12-23,115.19,116.30,114.01,116.29,2571930
2022-12-27,115.37,115.48,113.67,114.19,3494733
2022-12-28,113.46,114.85,112.05,112.51,2682036
2022-12-29,114.34,116.64,113.92,116.10,3263025
2022-12-30,114.44,116.19,113.61,115.99,2010090
2023-01-03,117.96,118.17,114.17,114.86,2845083
2023-01-04,117.05,118.47,115.70,117.82,3257031
2023-01-05,116.66,117.49,115.64,115.83,2672070
2023-01-06,117.40,121.86,115.81,121.22,4898334
2023-01-09,123.45,126.26,122.66,123.46,4581459
2023-01-10,123.03,125.22,122.39,125.05,2825295
2023-01-11,125.13,126.72,124.08,126.67,2682078
2023-01-12,127.35,128.98,124.72,128.21,3324000
2023-01-13,126.54,128.75,126.39,128.74,2079744
2023-01-17,128.30,130.19,127.69,128.88,3017436
2023-01-18,130.33,131.24,128.16,128.21,3513441
2023-01-19,127.07,127.13,124.21,124.61,3775074
2023-01-20,125.95,128.59,124.67,128.51,3353166
2023-01-23,129.71,135.41,129.50,134.96,5726557
2023-01-24,133.32,135.20,133.13,133.94,2370285
2023-01-25,131.59,134.55,130.58,134.31,3301125
2023-01-26,135.85,136.74,133.60,136.57,3896826
2023-01-27,134.21,136.87,133.86,135.70,4290147
2023-01-30,133.85,134.66,131.99,132.10,4384581
2023-01-31,131.84,134.62,131.72,134.56,3104436
2023-02-01,135.23,143.01,135.11,141.58,7244203
2023-02-02,143.03,146.04,142.21,144.86,7456078
2023-02-03,141.64,145.29,141.28,142.03,5555704
2023-02-06,139.81,141.87,139.10,139.72,2496366
2023-02-07,140.26,144.86,139.91,144.17,3285441
2023-02-08,143.21,144.38,140.74,141.07,3521865
2023-02-09,143.58,145.19,140.38,141.43,3015666
2023-02-10,139.98,140.39,137.66,139.18,2948061
2023-02-13,139.83,141.63,138.61,141.22,2122542
2023-02-14,139.98,144.22,138.93,143.79,3252015
2023-02-15,142.29,144.45,141.24,144.37,2147133
2023-02-16,141.77,143.26,140.60,140.83,3444795
2023-02-17,140.00,140.41,137.38,138.64,3064632
2023-02-21,136.48,138.09,133.89,134.15,2208498
2023-02-22,134.46,135.47,132.70,133.51,2285643
2023-02-23,138.00,138.55,135.19,137.90,4617258
2023-02-24,135.45,136.14,134.41,135.43,2842359
2023-02-27,137.69,137.71,136.09,136.14,2040816
2023-02-28,135.83,138.46,135.53,136.61,1582413
2023-03-01,137.11,138.31,136.11,136.65,1922412
2023-03-02,134.52,138.40,133.48,137.74,3110808
2023-03-03,137.71,140.02,136.67,139.86,2409378
2023-03-06,140.25,141.46,137.91,138.24,2177160
2023-03-07,138.38,138.97,136.23,136.78,1898850
2023-03-08,137.33,140.57,137.33,140.42,2088216
2023-03-09,140.24,142.41,137.41,137.63,3889668
2023-03-10,138.37,138.72,134.33,134.97,3320799
2023-03-13,133.56,136.67,132.16,135.01,3512730
2023-03-14,137.36,139.81,136.71,138.95,2743062
2023-03-15,136.97,137.65,134.43,137.33,3526953
2023-03-16,136.73,143.01,136.14,142.70,3842157
2023-03-17,142.97,144.08,141.04,141.81,2828415
2023-03-20,142.09,143.77,140.92,143.31,2155659
2023-03-21,144.48,146.00,141.47,143.60,2899506
2023-03-22,143.60,147.42,142.13,142.17,3313080
2023-03-23,144.28,147.63,143.13,145.68,4039932
2023-03-24,144.50,144.89,141.70,143.15,3123132
2023-03-27,143.67,144.11,140.97,141.47,1806231
2023-03-28,141.14,141.26,138.27,140.41,2738220
2023-03-29,142.75,145.93,142.49,144.92,3140268
2023-03-30,146.76,148.27,146.27,147.31,2602377
2023-03-31,146.19,148.45,145.95,148.22,2151093
2023-04-03,147.36,147.92,145.13,146.94,1877127
2023-04-04,147.21,147.25,143.40,144.20,2324580
2023-04-05,142.66,142.78,140.21,141.70,3343890
2023-04-06,140.41,142.01,139.32,140.97,1894746
2023-04-10,139.76,143.56,139.54,143.46,1927236
2023-04-11,144.26,144.36,142.44,142.71,1823229
2023-04-12,144.12,144.17,139.96,140.10,2598933
2023-04-13,140.42,142.08,139.29,141.25,3013485
2023-04-14,141.12,142.83,139.50,141.03,1963620
2023-04-17,139.52,141.12,139.10,141.03,2206578
2023-04-18,142.13,143.36,140.57,141.64,2765376
2023-04-19,139.76,140.43,139.24,140.09,1264410
2023-04-20,138.69,142.06,138.55,139.96,2391912
2023-04-21,139.48,139.48,137.71,138.94,2157669
2023-04-24,138.69,139.48,137.38,138.31,2074767
2023-04-25,137.49,137.50,133.58,133.67,2482581
2023-04-26,135.06,135.76,133.69,134.38,1926231
2023-04-27,134.21,135.12,131.53,134.95,3116817
2023-04-28,135.57,137.41,134.97,137.38,2359110
2023-05-01,137.93,139.03,137.57,138.62,1803966
2023-05-02,138.68,139.47,136.29,137.63,2115519
2023-05-03,136.86,138.51,135.95,136.05,2525355
2023-05-04,134.98,136.45,134.08,135.29,2102655
2023-05-05,135.46,138.88,134.77,138.30,1619496
2023-05-08,138.15,138.98,137.00,138.88,1366008
2023-05-09,136.91,137.09,135.96,136.52,2349024
2023-05-10,138.05,138.89,136.58,137.91,2766735
2023-05-11,137.95,138.25,135.71,137.01,1854612
2023-05-12,137.50,138.07,135.59,136.88,1383333
2023-05-15,137.27,140.62,136.87,140.60,1799160
2023-05-16,140.14,141.93,140.14,140.33,2047860
2023-05-17,141.62,144.35,140.73,143.80,1985964
2023-05-18,144.44,148.70,144.33,148.34,3429204
2023-05-19,147.91,148.25,146.66,147.58,2877687
2023-05-22,146.25,148.48,146.19,148.09,2299650
2023-05-23,147.10,148.07,145.94,146.26,1553271
2023-05-24,143.32,144.24,142.13,143.64,4340850
2023-05-25,150.25,153.80,148.62,153.21,12973894
2023-05-26,155.55,164.06,155.49,163.22,8010946
2023-05-30,167.00,167.67,162.42,163.09,7862566
2023-05-31,160.33,162.54,158.83,158.90,5359066
2023-06-01,159.87,163.01,158.23,161.63,7343554
2023-06-02,162.87,163.33,160.08,161.25,3319113
2023-06-05,160.66,160.75,157.94,158.76,2710878
2023-06-06,157.64,161.45,157.40,160.67,3235833
2023-06-07,161.52,163.79,159.86,160.22,3906435
2023-06-08,160.69,162.26,159.86,161.86,2727534
2023-06-09,163.69,164.80,161.52,162.29,2519541
2023-06-12,164.19,167.67,163.99,167.51,2647437
2023-06-13,170.21,170.86,167.83,169.76,4164303
2023-06-14,169.12,172.25,168.14,172.17,8500360
2023-06-15,170.18,172.00,169.52,170.74,6561202
2023-06-16,172.46,172.48,168.92,169.17,4956477
2023-06-20,168.39,169.87,166.32,167.80,2024391
2023-06-21,166.74,167.58,163.52,163.71,4128399
2023-06-22,162.59,165.15,162.37,164.47,3657108
2023-06-23,161.82,162.60,160.84,161.57,2057355
2023-06-26,162.71,165.20,162.09,162.10,2434728
2023-06-27,162.67,168.04,162.05,167.76,2763723
2023-06-28,165.05,167.88,164.87,166.47,2912295
2023-06-29,167.14,167.26,165.13,166.51,1674558
2023-06-30,168.35,169.76,167.75,169.09,1618311
2023-07-03,169.86,171.00,168.72,170.59,807213
2023-07-05,169.45,169.80,166.77,166.82,2822760
2023-07-06,163.99,164.99,162.64,164.72,3454584
2023-07-07,165.03,167.41,164.52,164.79,1824387
2023-07-10,165.30,168.36,165.14,168.22,1833489
2023-07-11,168.80,169.11,165.80,168.22,2370555
2023-07-12,170.66,171.67,169.69,171.36,4269786
2023-07-13,173.17,175.29,172.51,174.90,2791284
2023-07-14,174.92,176.48,172.00,172.71,5124931
2023-07-17,172.77,177.72,171.71,176.84,2928870
2023-07-18,176.08,177.75,174.70,177.17,2669316
2023-07-19,177.40,177.53,174.63,175.07,2483319
2023-07-20,171.94,172.54,167.93,168.70,5085490
2023-07-21,170.54,171.81,169.27,170.22,2527725
2023-07-24,170.22,171.43,169.33,170.22,1544355
2023-07-25,171.20,174.11,171.20,173.08,1869198
2023-07-26,170.92,172.13,168.82,170.69,2618835
2023-07-27,175.13,177.54,172.93,173.90,3826491
2023-07-28,177.21,178.30,175.48,177.70,2822361
2023-07-31,178.35,178.96,177.33,178.43,1629186
2023-08-01,176.80,178.92,176.25,178.55,1355775
2023-08-02,176.28,176.32,170.69,171.71,4680474
2023-08-03,169.66,172.51,169.02,171.27,4367358
2023-08-04,170.65,173.38,169.12,171.00,4139271
2023-08-07,172.23,173.02,171.19,172.80,2263011
2023-08-08,170.10,170.25,167.77,170.05,2767383
2023-08-09,169.94,170.00,166.60,166.93,3227913
2023-08-10,168.27,170.05,165.13,166.26,3831456
2023-08-11,164.22,164.33,161.94,162.23,3882417
2023-08-14,161.61,166.95,161.05,166.91,3127215
2023-08-15,166.05,166.58,163.93,164.12,2277000
2023-08-16,163.95,164.11,160.82,160.95,2840130
2023-08-17,161.25,161.61,158.87,159.37,2624358
2023-08-18,157.64,160.80,157.31,160.23,2315709
2023-08-21,160.99,165.08,160.73,164.83,2757918
2023-08-22,166.85,167.05,162.82,163.38,2056614
2023-08-23,162.44,167.31,162.25,166.72,3027441
2023-08-24,169.87,169.96,160.84,161.21,4848606
2023-08-25,161.17,163.29,158.67,161.90,3436125
2023-08-28,163.50,164.41,162.28,163.95,1689714
2023-08-29,163.13,168.81,162.90,168.26,2729862
2023-08-30,167.76,169.75,166.56,169.05,3073905
2023-08-31,168.44,171.20,168.44,170.22,2109123
2023-09-01,171.36,171.75,169.43,170.67,1891734
2023-09-05,170.06,171.95,169.15,170.61,1871196
2023-09-06,170.13,171.26,167.47,169.38,2008206
2023-09-07,165.49,165.97,163.41,165.50,3877620
2023-09-08,165.15,166.35,163.96,164.64,1333740
2023-09-11,166.71,166.74,162.33,164.55,1423233
2023-09-12,163.46,165.94,163.04,163.15,1720641
2023-09-13,163.11,165.65,162.93,163.99,2927724
2023-09-14,165.58,165.86,163.60,165.16,2022030
2023-09-15,164.18,164.18,159.58,160.40,2900985
2023-09-18,159.17,161.53,158.84,160.94,1723293
2023-09-19,160.46,160.55,158.74,159.59,1553772
2023-09-20,160.31,160.99,156.91,156.97,2123835
2023-09-21,155.09,156.08,154.00,154.07,2540010
2023-09-22,155.54,156.90,154.74,155.35,2395896
2023-09-25,154.63,156.63,153.91,156.49,1587900
2023-09-26,154.67,155.06,152.42,153.10,2349054
2023-09-27,154.36,155.62,152.16,154.45,2727219
2023-09-28,154.13,158.97,153.50,157.31,3674325
2023-09-29,159.59,160.17,157.40,157.88,2802576
2023-10-02,158.23,159.93,156.76,158.68,2466486
2023-10-03,157.20,159.41,154.30,155.40,2685777
2023-10-04,156.15,157.93,155.01,157.46,3280317
2023-10-05,157.50,158.11,155.25,156.70,1902972
2023-10-06,155.89,160.84,154.86,160.06,3818688
2023-10-09,158.34,160.11,157.17,159.66,2081868
2023-10-10,160.16,163.15,159.50,161.71,1863159
2023-10-11,162.26,163.25,160.99,162.93,2983107
2023-10-12,163.20,165.69,161.77,163.34,3051906
2023-10-13,163.67,163.86,158.59,158.90,2545287
2023-10-16,159.43,161.74,159.28,161.15,1732407
2023-10-17,157.93,161.11,156.11,159.97,2450484
2023-10-18,157.24,158.43,156.26,157.09,2865753
2023-10-19,158.52,158.94,154.11,154.67,4398402
2023-10-20,154.66,155.75,152.15,152.43,3013314
2023-10-23,151.53,154.17,149.92,151.56,2846223
2023-10-24,152.49,153.92,151.77,153.62,2233410
2023-10-25,151.59,152.10,146.64,147.41,3244332
2023-10-26,148.06,149.80,145.87,146.53,4507959
2023-10-27,148.61,149.51,147.43,148.11,2437044
2023-10-30,147.05,148.00,144.54,146.13,2743056
2023-10-31,146.25,147.84,144.40,147.46,1912146
2023-11-01,147.48,151.07,147.48,150.93,3542124
2023-11-02,153.93,155.47,152.35,154.36,2726598
2023-11-03,156.07,159.57,155.78,158.42,2327271
2023-11-06,158.68,159.12,156.63,158.13,1739889
2023-11-07,157.78,159.83,157.54,159.13,1556286
2023-11-08,159.28,160.04,158.19,159.29,2233938
2023-11-09,160.33,162.24,158.21,158.53,2383176
2023-11-10,160.52,165.44,159.85,164.92,2230623
2023-11-13,163.63,163.88,162.25,163.32,1956021
2023-11-14,167.45,169.86,167.16,169.36,2765238
2023-11-15,170.41,171.86,169.30,170.59,5105314
2023-11-16,169.87,171.18,169.30,170.67,2275581
2023-11-17,170.14,172.20,169.86,171.87,1815708
2023-11-20,171.68,175.00,171.63,174.40,1486227
2023-11-21,172.97,172.97,170.26,171.14,3018495
2023-11-22,172.29,174.40,171.21,171.69,2044392
2023-11-24,171.68,172.01,171.07,171.81,516483
2023-11-27,171.18,173.03,170.75,171.57,1816905
2023-11-28,170.59,171.47,169.20,170.57,1852329
2023-11-29,172.99,175.01,172.13,172.42,3665757
2023-11-30,172.69,172.86,169.84,171.22,2419380
2023-12-01,170.33,172.34,169.00,172.02,1719615
2023-12-04,170.27,170.44,167.64,170.09,1810533
2023-12-05,168.46,169.58,167.72,169.13,2568435
2023-12-06,171.58,171.68,167.89,168.08,2683473
2023-12-07,169.67,173.12,168.99,172.59,1916604
2023-12-08,172.18,174.71,172.11,173.95,4207278
2023-12-11,175.58,180.45,175.40,179.89,3976989
2023-12-12,178.98,181.21,178.66,181.18,2226591
2023-12-13,181.21,185.02,180.54,183.97,5724922
2023-12-14,185.46,189.61,185.46,189.07,3372276
2023-12-15,189.63,191.91,189.37,189.78,3956073
2023-12-18,189.77,190.09,187.53,189.25,2272071
2023-12-19,189.52,190.64,189.28,190.26,1910733
2023-12-20,188.47,189.56,184.26,184.26,3355902
2023-12-21,188.24,189.70,187.36,189.36,2589246
2023-12-22,190.26,191.10,188.61,189.96,2363532
2023-12-26,190.83,194.09,190.83,193.32,1906452
2023-12-27,194.20,194.53,192.75,193.82,1877340
2023-12-28,194.27,194.64,193.20,193.45,1052982
2023-12-29,193.49,193.88,191.00,192.03,1452366
2024-01-02,188.78,188.78,183.54,185.12,3256689
2024-01-03,181.84,182.87,180.42,181.14,4069890
2024-01-04,178.28,181.44,177.88,179.62,3737211
2024-01-05,179.95,182.20,179.38,180.61,3889335
2024-01-08,181.86,186.98,181.81,186.50,3202203
2024-01-09,184.39,187.99,184.12,186.56,2944254
2024-01-10,186.98,187.02,183.58,185.93,2821653
2024-01-11,186.20,187.83,182.97,186.62,3692079
2024-01-12,186.87,187.78,184.90,185.80,2277042
2024-01-16,186.03,189.70,185.07,188.43,4151376
2024-01-17,186.51,186.92,183.54,186.70,4970886
2024-01-18,191.89,193.12,189.81,192.87,3552084
2024-01-19,195.30,200.67,194.30,200.41,5326828
2024-01-22,202.07,203.69,199.22,201.07,5288419
2024-01-23,201.14,202.64,199.23,202.40,3282057
2024-01-24,204.74,208.08,203.13,205.35,6283888
2024-01-25,209.13,209.26,203.74,204.78,3916932
2024-01-26,200.59,201.95,198.57,199.26,5781337
2024-01-29,199.65,201.33,198.19,201.33,3467538
2024-01-30,200.13,201.35,197.39,198.22,3059127
2024-01-31,195.14,198.92,193.61,195.35,6574168
2024-02-01,196.14,196.80,193.75,196.32,3464106
2024-02-02,196.31,199.28,195.78,198.82,4801092
2024-02-05,200.52,202.54,198.31,201.54,4735152
2024-02-06,202.11,202.27,196.95,199.19,3623901
2024-02-07,200.60,202.43,198.51,202.24,4839426
2024-02-08,202.87,207.20,202.80,205.71,2760786
2024-02-09,206.97,210.14,205.75,209.81,3519435
2024-02-12,209.83,213.31,208.59,209.43,4300008
2024-02-13,203.36,207.35,202.37,205.13,6551347
2024-02-14,207.76,209.87,206.85,209.76,3236382
2024-02-15,211.12,211.38,208.63,209.56,2845440
2024-02-16,211.13,212.75,207.75,208.37,4103559
2024-02-20,206.42,207.16,201.71,204.87,5547592
2024-02-21,202.55,204.45,201.48,204.40,4487538
2024-02-22,212.44,215.63,211.50,214.47,6676381
2024-02-23,215.55,216.66,211.03,212.16,5105161
2024-02-26,214.30,215.21,212.76,214.25,3758934
2024-02-27,215.28,215.83,213.48,214.04,4560882
2024-02-28,211.67,212.76,210.64,211.63,2923704
2024-02-29,214.25,217.80,213.58,217.36,3382896
2024-03-01,219.88,227.59,219.63,226.61,6122887
2024-03-04,229.13,231.34,227.58,228.84,7328461
2024-03-05,226.07,227.64,221.89,224.35,7260073
2024-03-06,229.03,232.28,227.31,229.87,5531680
2024-03-07,232.79,238.71,232.65,237.75,4799639
2024-03-08,238.55,240.01,227.97,228.13,10483030
2024-03-11,225.50,226.79,222.52,225.10,4499778
2024-03-12,227.98,229.89,223.99,229.77,3598410
2024-03-13,227.05,227.37,222.81,224.17,3264589
2024-03-14,223.57,224.84,218.12,220.34,4662092
2024-03-15,217.40,221.37,217.10,218.76,4105300
2024-03-18,222.50,223.34,218.37,218.59,3143257
2024-03-19,215.75,217.69,212.65,216.76,3558697
2024-03-20,217.28,221.03,215.53,220.45,3386568
2024-03-21,227.37,229.28,224.76,225.18,4059795
2024-03-22,224.16,227.10,223.45,225.45,2658907
2024-03-25,222.25,226.61,221.71,224.57,2283509
2024-03-26,226.19,226.88,222.83,222.88,4414209
2024-03-27,225.39,225.76,221.40,225.68,4161724
2024-03-28,225.42,227.00,224.91,225.92,1794250
2024-04-01,226.06,231.45,226.06,228.30,3000859
2024-04-02,224.54,225.26,222.40,224.78,2383542
2024-04-03,222.17,226.99,222.14,225.41,1860588
2024-04-04,228.51,229.17,218.56,219.03,3743961
2024-04-05,220.00,223.00,218.58,221.63,2428251
2024-04-08,222.94,224.11,221.31,222.20,1866884
2024-04-09,224.44,225.30,220.75,224.59,3173009
2024-04-10,220.84,223.43,219.22,220.49,3610492
2024-04-11,221.88,225.87,220.06,225.47,2455324
2024-04-12,221.49,221.76,217.64,218.07,3210362
2024-04-15,221.05,221.86,214.24,215.31,3170838
2024-04-16,215.40,218.00,214.51,216.94,2452334
2024-04-17,217.10,217.44,209.90,210.36,4798630
2024-04-18,208.86,210.23,205.97,206.63,5372719
2024-04-19,204.80,206.12,197.43,198.39,6406611
2024-04-22,200.44,203.11,198.02,201.66,4493791
2024-04-23,203.05,206.86,202.50,205.87,3645360
2024-04-24,211.38,212.50,206.74,208.54,4077580
2024-04-25,208.04,213.83,206.93,212.41,3902877
2024-04-26,212.15,217.82,211.66,216.90,3812628
2024-04-29,216.52,218.76,214.97,218.55,3247287
2024-04-30,217.60,220.00,213.93,213.99,3583507
2024-05-01,210.01,213.84,205.59,206.76,7023235
2024-05-02,210.30,212.16,206.52,211.41,3955489
2024-05-03,215.85,217.41,214.48,216.17,3467130
2024-05-06,218.01,220.68,217.16,220.66,2441528
2024-05-07,220.98,221.57,218.71,218.71,2859521
2024-05-08,216.60,219.13,216.37,218.92,3212177
2024-05-09,218.93,219.34,217.06,218.10,1874296
2024-05-10,220.49,222.42,219.27,220.24,3079201
2024-05-13,221.20,222.08,220.33,220.70,1843208
2024-05-14,220.53,224.56,220.32,224.37,2149424
2024-05-15,226.75,230.82,225.50,230.67,3106213
2024-05-16,230.62,232.44,229.46,229.54,2878408
2024-05-17,231.00,231.40,226.42,228.24,1806075
2024-05-20,229.27,234.72,228.84,233.26,2555314
2024-05-21,230.18,232.89,230.07,232.51,2178896
2024-05-22,234.67,235.85,232.81,235.24,3488522
2024-05-23,240.83,240.92,232.16,233.92,4704798
2024-05-24,236.04,239.35,235.00,238.56,2450116
2024-05-28,241.35,243.63,238.85,242.59,2824235
2024-05-29,238.13,239.18,237.26,237.58,2061105
2024-05-30,237.65,238.33,234.69,235.93,1541145
2024-05-31,236.78,237.35,227.50,234.01,2991016
2024-06-03,237.80,237.95,230.20,234.39,1815875
2024-06-04,234.00,234.36,230.79,232.56,2246862
2024-06-05,236.70,242.89,235.86,242.73,3749406
2024-06-06,242.97,242.97,238.94,240.74,2261298
2024-06-07,240.84,241.55,238.35,240.02,2052693
2024-06-10,238.16,244.17,237.82,243.48,1828521
2024-06-11,241.90,243.71,239.50,243.37,1662086
2024-06-12,247.70,251.16,247.17,250.23,3101590
2024-06-13,252.06,254.08,249.51,252.95,3469394
2024-06-14,250.80,252.78,249.73,252.04,2567611
2024-06-17,253.73,256.50,250.62,256.02,3057939
2024-06-18,257.00,260.65,256.49,259.28,3071501
2024-06-20,259.66,260.12,250.82,252.24,3921475
2024-06-21,250.14,252.69,246.94,249.78,3196187
2024-06-24,247.53,249.04,242.52,242.65,3958339
2024-06-25,244.60,246.52,241.79,246.38,2600572
2024-06-26,246.21,247.66,242.71,245.42,1933758
2024-06-27,244.94,246.75,242.70,244.16,2363557
2024-06-28,245.85,251.46,244.67,246.63,3851382
2024-07-01,246.49,246.91,241.97,246.62,2330411
2024-07-02,245.20,250.17,245.00,250.09,1617362
2024-07-03,250.72,255.58,249.38,254.26,1392246
2024-07-05,256.28,256.82,253.28,254.76,1823851
2024-07-08,256.71,259.90,256.69,259.59,2295490
2024-07-09,260.75,262.08,257.13,259.47,2376280
2024-07-10,261.87,266.00,260.58,265.49,3075771
2024-07-11,267.15,267.24,255.97,256.76,4695206
2024-07-12,257.84,264.42,256.56,259.89,2929608
2024-07-15,261.35,263.63,258.59,260.18,3202168
2024-07-16,261.53,262.14,257.59,261.79,2595071
2024-07-17,252.75,253.66,242.78,243.17,9101641
2024-07-18,247.41,247.52,239.65,243.90,5273993
2024-07-19,243.56,243.70,236.04,236.44,4983515
2024-07-22,241.52,246.44,239.50,246.24,4941710
2024-07-23,242.89,245.08,241.84,242.57,2418663
2024-07-24,239.26,239.89,229.35,229.67,5738900
2024-07-25,227.71,232.06,220.63,224.55,8437613
2024-07-26,229.67,231.21,226.91,229.37,3805615
2024-07-29,231.60,234.83,228.03,228.89,2926807
2024-07-30,230.00,230.56,219.82,220.58,8083544
2024-07-31,230.72,235.60,228.97,235.38,7494101
2024-08-01,231.40,233.21,215.59,218.42,8576306
2024-08-02,209.06,211.45,204.21,206.81,13105440
2024-08-05,193.09,208.68,192.87,203.16,9247089
2024-08-06,205.06,210.48,201.74,205.00,6602315
2024-08-07,211.50,213.18,198.85,199.29,5292535
2024-08-08,205.47,213.26,201.24,213.04,6243205
2024-08-09,211.49,213.68,208.75,211.78,3454505
2024-08-12,212.10,215.55,210.30,213.00,4365247
2024-08-13,215.99,221.98,214.67,221.65,4525401
2024-08-14,223.65,224.54,217.49,221.09,3769879
2024-08-15,226.07,232.62,225.04,231.72,4332066
2024-08-16,229.59,232.22,228.03,231.23,3966086
2024-08-19,230.33,235.20,227.66,235.16,2197772
2024-08-20,233.95,235.55,230.27,232.05,2587659
2024-08-21,233.21,236.51,232.64,235.34,1832242
2024-08-22,236.70,237.50,226.62,227.30,2969554
2024-08-23,230.92,235.00,229.70,233.39,3452909
2024-08-26,232.47,233.21,226.70,227.53,2148184
2024-08-27,225.88,230.81,223.81,230.05,2024724
2024-08-28,229.09,230.70,223.62,225.90,3480004
2024-08-29,227.10,231.02,224.21,225.25,4084564
2024-08-30,230.56,231.75,227.28,231.14,3249708
2024-09-03,226.80,226.83,212.28,213.50,7214274
2024-09-04,211.11,217.49,210.52,214.20,4435768
2024-09-05,211.20,216.38,210.86,213.05,3988332
2024-09-06,211.45,211.61,202.86,203.93,5596274
2024-09-09,207.24,208.68,204.56,207.96,4078571
2024-09-10,208.34,210.38,204.96,210.15,2390615
2024-09-11,211.59,220.34,207.17,219.91,6521352
2024-09-12,218.70,220.97,215.62,218.94,4739645
2024-09-13,220.85,223.45,220.32,222.85,5267972
2024-09-16,219.67,221.00,217.04,219.88,2469826
2024-09-17,222.65,223.17,218.23,220.15,2304065
2024-09-18,221.18,224.21,217.50,217.72,4671939
2024-09-19,225.97,230.06,224.16,226.99,4624651
2024-09-20,224.71,225.57,220.44,223.67,4550812
2024-09-23,224.75,225.55,222.95,224.54,2454242
2024-09-24,226.55,228.63,223.97,227.26,4314726
2024-09-25,225.98,229.77,225.85,228.27,2191237
2024-09-26,237.72,238.38,230.29,236.43,5537381
2024-09-27,237.15,237.18,231.47,232.68,2303594
2024-09-30,229.79,232.11,227.30,230.59,2694896
2024-10-01,230.50,231.20,222.33,224.13,3926494
2024-10-02,224.57,229.65,223.26,227.15,1762086
2024-10-03,225.36,230.83,225.21,227.96,2110717
2024-10-04,232.49,232.88,228.38,231.08,2686621
2024-10-07,229.60,232.26,228.78,230.45,2006777
2024-10-08,230.45,233.54,228.94,232.72,2508524
2024-10-09,232.49,235.48,230.88,235.15,2019084
2024-10-10,231.99,234.79,230.65,233.50,1886504
2024-10-11,231.79,236.19,231.67,235.46,4572949
2024-10-14,236.96,240.29,236.81,239.80,2142457
2024-10-15,239.24,240.47,225.72,227.36,6421198
2024-10-16,230.12,230.12,226.41,227.36,3776554
2024-10-17,233.30,233.87,229.15,229.15,2407756
2024-10-18,231.30,231.31,228.42,229.36,1643661
2024-10-21,228.44,229.54,225.98,228.93,2034318
2024-10-22,227.68,228.81,226.28,228.08,2476371
2024-10-23,227.65,228.51,222.87,226.04,2259997
2024-10-24,228.07,228.21,225.58,227.30,2247889
2024-10-25,229.45,233.07,229.37,229.58,2209641
2024-10-28,229.50,231.31,228.37,229.72,1508521
2024-10-29,229.92,236.46,228.86,235.37,3135032
2024-10-30,229.29,230.74,226.98,227.07,4324391
2024-10-31,224.90,224.99,216.56,218.26,6120820
2024-11-01,220.02,222.76,219.31,220.58,2130522
2024-11-04,219.93,222.46,218.50,219.31,1727676
2024-11-05,219.41,222.07,219.14,221.87,2273746
2024-11-06,226.36,229.17,224.31,228.34,3643965
2024-11-07,231.83,233.41,231.32,233.10,3154591
2024-11-08,231.83,233.19,230.14,231.36,1769237
2024-11-11,229.18,229.18,222.78,225.57,4250375
2024-11-12,224.78,225.15,220.15,223.11,3259697
2024-11-13,221.50,222.13,217.97,218.37,3057482
2024-11-14,220.50,221.37,217.84,218.24,2523582
2024-11-15,214.57,215.67,210.59,211.21,4748178
2024-11-18,211.15,214.33,210.24,213.94,2444116
2024-11-19,213.33,214.81,212.47,214.35,2363416
2024-11-20,213.07,213.68,209.65,212.71,3995002
2024-11-21,215.05,217.26,210.90,216.08,4245358
2024-11-22,215.62,216.70,214.56,216.17,2672597
2024-11-25,218.97,220.30,216.88,218.28,2787692
2024-11-26,220.00,220.59,213.77,215.45,2783854
2024-11-27,214.25,214.41,208.89,212.56,3122325
2024-11-29,214.12,218.02,214.08,215.40,2505319
2024-12-02,216.70,222.47,216.52,221.06,3706952
2024-12-03,219.65,221.06,219.02,219.81,1914917
2024-12-04,224.15,224.32,221.14,222.72,2681217
2024-12-05,222.33,222.66,217.89,218.51,2421990
2024-12-06,218.60,220.38,218.00,219.83,1823118
2024-12-09,218.50,221.54,217.38,218.77,1574785
2024-12-10,219.43,219.57,212.19,213.57,2566552
2024-12-11,216.73,220.23,215.40,218.94,3233876
2024-12-12,217.39,218.18,215.46,217.24,2680182
2024-12-13,222.30,224.66,220.01,223.30,3720995
2024-12-16,224.01,228.58,222.39,227.44,4773986
2024-12-17,224.84,226.18,222.56,223.87,2397293
2024-12-18,225.35,227.16,213.95,215.59,4425962
2024-12-19,216.09,216.56,211.45,211.97,3255705
2024-12-20,210.81,217.78,210.30,214.82,4681123
2024-12-23,216.47,221.60,216.47,221.32,3044278
2024-12-24,222.78,223.68,221.34,223.60,1252261
2024-12-26,221.98,224.95,221.69,223.53,1306310
2024-12-27,222.19,222.72,218.85,221.64,1932951
2024-12-30,217.84,219.31,215.67,217.28,2566907
2024-12-31,217.93,218.82,214.64,215.49,1354488
2025-01-02,217.68,220.22,214.96,216.82,2409284
2025-01-03,218.25,223.04,217.96,222.47,2624311
2025-01-06,227.26,231.80,227.26,228.91,4176463
2025-01-07,231.70,231.89,224.56,225.79,3694760
2025-01-08,225.05,225.46,221.11,223.54,3141824
2025-01-10,220.74,220.88,216.78,218.20,4037986
2025-01-13,213.85,217.84,213.66,217.53,2309950
2025-01-14,219.35,220.75,216.12,218.96,1492750
2025-01-15,222.48,224.65,221.67,223.21,2900152
2025-01-16,227.25,227.79,223.53,223.54,3029480
2025-01-17,228.58,230.32,227.36,229.74,3785506
2025-01-21,231.81,234.58,229.80,232.45,3201458
2025-01-22,234.83,238.34,234.32,235.81,3461054
2025-01-23,232.03,235.38,231.18,235.37,2567085
2025-01-24,235.47,235.47,229.71,230.64,2229926
2025-01-27,219.00,219.61,209.74,212.55,16943560
2025-01-28,213.62,214.77,208.98,213.50,9118291
2025-01-29,215.56,216.18,212.15,214.38,2430750
2025-01-30,217.01,219.99,215.76,218.74,4653826
2025-01-31,219.99,224.29,217.47,218.13,3870302
2025-02-03,212.39,216.85,210.96,214.20,3646784
2025-02-04,213.72,217.27,213.43,216.40,3742276
2025-02-05,215.83,221.04,214.48,220.59,2200543
2025-02-06,219.05,220.70,217.88,220.30,3111652
2025-02-07,220.81,222.08,215.39,216.87,3297641
2025-02-10,218.45,220.25,218.42,219.70,2698566
2025-02-11,217.89,221.17,217.89,219.90,1550036
2025-02-12,216.44,220.22,215.95,220.14,2017516
2025-02-13,219.95,222.99,219.88,222.84,2546770
2025-02-14,222.82,223.77,221.92,223.07,1566517
2025-02-18,224.70,227.47,223.47,226.76,3605031
2025-02-19,227.15,231.62,226.26,230.53,2635670
2025-02-20,232.00,233.44,228.75,231.07,2642349
2025-02-21,231.76,231.85,223.13,223.98,2946986
2025-02-24,224.97,225.34,218.54,218.72,3372810
2025-02-25,218.45,219.22,213.58,214.21,3514151
2025-02-26,216.95,219.80,215.58,217.94,2562568
2025-02-27,219.18,219.50,204.92,205.25,4349108
2025-02-28,205.37,210.05,203.12,208.52,3722143
2025-03-03,211.51,211.65,199.32,201.15,5067773
2025-03-04,200.80,207.62,196.70,202.27,5487928
2025-03-05,204.54,207.29,200.57,206.63,3312542
2025-03-06,199.58,203.72,197.33,198.04,5088703
2025-03-07,198.80,204.54,196.48,203.85,3713680
2025-03-10,198.82,200.28,191.56,194.42,5410827
2025-03-11,194.52,196.31,189.11,192.12,3776566
2025-03-12,196.70,198.69,194.32,196.08,3143006
2025-03-13,196.07,199.24,193.18,195.10,2504164
2025-03-14,198.50,201.71,198.32,201.12,3696844
2025-03-17,200.31,206.26,200.21,204.44,2743139
2025-03-18,202.11,203.05,200.18,201.47,2470833
2025-03-19,201.50,206.43,200.00,203.11,2330806
2025-03-20,200.52,203.72,200.36,201.49,2265887
2025-03-21,197.94,200.14,196.37,199.38,2873367
2025-03-24,203.57,206.66,203.33,205.30,3947023
2025-03-25,205.05,205.71,203.56,204.19,1419149
2025-03-26,203.22,204.06,196.44,198.47,3693809
2025-03-27,195.87,197.04,193.38,194.56,3545897
2025-03-28,193.29,194.24,187.44,188.68,4122301
2025-03-31,184.70,188.30,182.12,188.17,3843006
2025-04-01,187.45,188.34,183.80,188.27,3108828
2025-04-02,185.39,192.02,184.73,189.48,2784763
2025-04-03,179.75,181.14,169.99,170.36,9982623
2025-04-04,163.92,165.76,154.61,157.63,13988420
2025-04-07,152.03,170.42,148.31,161.27,18686460
2025-04-08,167.64,169.85,151.11,154.86,11023300
2025-04-09,156.10,185.56,154.94,183.62,23539520
2025-04-10,174.56,175.65,162.39,168.61,14499040
2025-04-11,166.97,173.11,164.42,172.26,9890868
2025-04-14,177.55,177.55,170.79,173.40,5657369
2025-04-15,174.32,176.62,173.25,174.11,3201102
2025-04-16,166.33,169.58,161.83,167.39,10204990
2025-04-17,168.57,168.75,164.81,166.55,4920975
2025-04-21,163.14,163.90,160.26,163.64,4769663
2025-04-22,165.23,168.02,164.62,166.82,4995995
2025-04-23,175.25,177.14,172.35,173.07,7323834
2025-04-24,177.80,183.56,176.54,183.03,6873428
2025-04-25,181.20,186.12,180.66,184.81,4224852
2025-04-28,183.89,185.76,180.44,184.48,2875390
2025-04-29,182.24,184.54,181.25,182.51,3526968
2025-04-30,178.00,184.38,176.77,183.84,3580528
2025-05-01,186.00,187.35,183.47,183.59,3997602
2025-05-02,187.95,191.87,187.83,190.03,4581424
2025-05-05,188.19,190.46,187.93,188.57,3323225
2025-05-06,185.26,188.25,184.27,186.77,2844559
2025-05-07,186.58,190.58,184.81,190.04,3002722
2025-05-08,192.51,195.03,190.47,191.74,3457666
2025-05-09,194.47,195.63,192.28,193.94,2808480
2025-05-12,206.80,209.39,204.99,207.87,10675630
2025-05-13,208.70,214.82,208.41,213.76,5693582
2025-05-14,215.21,216.70,213.21,214.79,4162837
2025-05-15,212.69,215.00,210.91,213.41,4216879
2025-05-16,213.56,213.56,210.68,213.13,2521507
2025-05-19,208.22,212.39,208.17,211.85,5334720
2025-05-20,210.04,211.62,209.41,211.54,2968043
2025-05-21,209.75,213.90,206.35,207.67,5007748
2025-05-22,207.53,209.47,205.58,205.75,5397309
2025-05-23,200.47,203.66,199.93,202.56,9527915
2025-05-27,206.96,210.23,205.27,209.29,6057596
2025-05-28,209.84,210.46,207.75,208.24,6769206
2025-05-29,213.03,213.17,207.75,209.09,8602757
2025-05-30,207.81,207.87,201.12,204.94,10781010
2025-06-02,204.42,208.83,204.29,208.03,6034911
2025-06-03,208.15,214.14,206.71,213.62,8905096
2025-06-04,215.39,217.62,213.54,216.80,7339525
2025-06-05,218.47,220.28,214.41,215.89,10944230
2025-06-06,218.00,220.23,217.21,217.34,7582517
2025-06-09,219.32,224.41,219.13,222.46,7712015
2025-06-10,223.54,228.08,222.99,227.32,7676150
2025-06-11,228.90,229.80,224.27,226.56,10405610
2025-06-12,224.94,228.00,224.60,226.87,5149168
2025-06-13,221.99,224.58,220.30,220.96,10484580
2025-06-16,223.59,228.58,223.24,227.44,5772471
2025-06-17,226.45,229.64,225.48,225.64,7290018
2025-06-18,226.85,229.19,225.10,226.56,6657644
2025-06-20,228.79,229.08,222.16,225.11,8202267
2025-06-23,225.01,227.89,221.86,226.51,7115093
2025-06-24,230.57,235.36,230.46,235.10,7017460
2025-06-25,236.66,237.24,234.80,237.21,5252506
2025-06-26,239.03,239.65,237.18,239.07,4350082
2025-06-27,239.31,241.23,236.37,238.86,4520463
2025-06-30,240.16,240.16,237.56,238.70,4925307
2025-07-01,236.70,239.18,234.08,237.62,10892950
2025-07-02,237.09,243.12,237.00,242.14,5978978
2025-07-03,243.15,244.20,242.70,243.34,3069405
2025-07-07,241.29,242.13,237.75,238.78,4859190
2025-07-08,241.06,245.40,240.11,243.34,7276223
2025-07-09,244.01,246.53,241.88,244.12,4415318
2025-07-10,246.41,247.52,244.27,246.55,4869235
2025-07-11,245.01,247.07,244.06,246.17,2649556
2025-07-14,244.15,244.74,240.35,243.83,5522611
2025-07-15,248.79,249.96,246.10,246.26,6042060
2025-07-16,244.28,245.67,239.22,245.59,8348922
2025-07-17,245.53,247.13,243.91,246.53,4801141
2025-07-18,247.95,248.37,244.88,246.73,3758820
2025-07-21,247.35,250.19,246.95,246.95,4672569
2025-07-22,246.04,246.50,240.69,243.54,6870965
2025-07-23,241.72,242.40,239.06,242.06,5952646
2025-07-24,241.59,242.09,239.46,241.56,4166836
2025-07-25,240.10,241.67,239.10,241.54,3511499
2025-07-28,244.21,246.00,243.91,245.75,6432959
2025-07-29,247.29,249.53,244.50,246.19,5299739
2025-07-30,248.36,249.50,245.87,247.95,5300502
2025-07-31,245.04,245.29,237.66,240.03,9419309
2025-08-01,235.50,239.61,232.33,237.24,8549045
2025-08-04,238.76,240.85,237.77,240.40,6189549
2025-08-05,241.76,242.45,235.88,238.73,5149748
2025-08-06,236.56,237.46,233.67,236.93,4966506
2025-08-07,242.04,243.37,238.89,240.84,6073447
2025-08-08,241.00,243.18,240.29,242.87,5301269
2025-08-11,243.78,246.51,241.95,242.41,4127866
2025-08-12,244.24,250.38,242.71,250.16,10096070
2025-08-13,252.13,254.10,251.04,253.88,6022389
2025-08-14,250.36,255.06,250.05,254.14,5315659
2025-08-15,252.19,252.27,247.62,248.32,6840108
2025-08-18,247.54,249.34,247.48,249.05,4978214
2025-08-19,249.07,250.04,244.72,245.15,3508013
2025-08-20,244.63,244.63,237.10,243.74,9423054
2025-08-21,242.47,244.12,241.00,242.36,4581134
2025-08-22,243.12,251.99,242.44,249.09,6527739
2025-08-25,248.85,249.63,247.27,248.51,3654369
2025-08-26,249.57,251.61,249.51,250.85,3762018
2025-08-27,249.88,251.66,248.82,251.34,4195432
2025-08-28,252.31,254.32,250.90,252.55,5060161
2025-08-29,248.94,248.94,244.17,245.32,8672580
2025-09-02,238.67,242.93,238.15,242.83,6659245
2025-09-03,243.23,243.42,239.23,241.68,5473321
2025-09-04,240.06,244.52,238.75,244.17,11842210
2025-09-05,247.85,248.50,244.13,247.05,17105530
2025-09-08,248.41,249.92,247.56,248.85,10290460
2025-09-09,249.10,249.68,247.23,249.06,9305217
2025-09-10,253.03,254.21,251.86,253.45,13398410
2025-09-11,254.81,256.51,254.62,255.19,10286200
2025-09-12,255.81,256.40,254.16,255.64,7144393
2025-09-15,255.20,257.84,254.53,257.80,7239217
2025-09-16,258.29,259.05,256.58,258.58,7543308
2025-09-17,257.94,260.74,254.83,258.53,6566882
2025-09-18,265.06,268.98,264.14,267.57,12601560
2025-09-19,267.30,267.40,263.60,265.86,5839134
2025-09-22,266.65,270.66,266.58,269.83,5721424
2025-09-23,270.79,272.13,267.91,269.51,6068279
2025-09-24,268.74,269.75,265.61,269.10,7825458
2025-09-25,264.58,268.94,261.80,268.24,11157770
2025-09-26,268.53,269.42,265.74,268.83,7244460
2025-09-29,271.72,272.80,268.87,268.93,5954879
2025-09-30,268.85,271.44,267.76,271.12,7091836
2025-10-01,269.38,276.69,268.88,276.34,9339556
2025-10-02,281.50,282.54,279.61,281.69,7250026
2025-10-03,282.95,284.34,278.48,279.96,8629281
2025-10-06,290.99,292.51,288.35,288.36,11274980
2025-10-07,290.98,291.48,281.53,281.91,9952035
2025-10-08,282.00,291.86,281.48,291.54,9301739
2025-10-09,291.08,291.61,287.47,290.19,7603525
2025-10-10,290.82,291.63,271.46,271.99,26691230
2025-10-13,282.78,285.95,280.34,284.87,8703376
2025-10-14,278.50,284.77,277.36,279.03,8476042
2025-10-15,286.25,288.01,281.84,287.64,7595239
2025-10-16,291.07,292.26,285.94,288.98,7410391
2025-10-17,286.89,289.63,283.72,288.17,6261510
2025-10-20,290.61,295.00,290.50,292.97,5832300
2025-10-21,292.50,292.70,289.22,291.33,3965223
2025-10-22,288.11,289.82,278.46,284.13,7875302
2025-10-23,282.49,291.86,282.25,291.06,5374810
2025-10-24,296.33,298.22,295.44,295.86,4621169
2025-10-27,301.43,305.01,300.40,304.08,5165020
2025-10-28,303.46,305.97,302.38,304.45,4156442
2025-10-29,309.87,312.79,306.97,309.60,4503069
2025-10-30,307.94,311.12,305.38,305.41,4630695
2025-10-31,308.70,311.32,304.26,306.55,5164275
2025-11-03,310.40,311.75,307.13,308.38,3750762
2025-11-04,300.34,304.75,295.55,296.26,5288819
2025-11-05,297.21,309.17,296.89,305.47,4949353
2025-11-06,305.00,305.89,295.35,297.50,8548311
2025-11-07,292.64,294.45,283.59,294.38,13798570
2025-11-10,302.44,303.36,298.54,302.00,6030840
2025-11-11,299.04,300.02,294.69,295.15,5877863
2025-11-12,300.22,301.69,297.50,299.67,4144965
2025-11-13,295.94,297.13,286.45,289.38,10980640
2025-11-14,280.62,292.80,279.41,288.52,7141995
2025-11-17,286.07,291.53,280.24,283.56,8188737
2025-11-18,279.54,281.40,274.09,276.98,11103070
2025-11-19,278.14,285.14,276.82,281.61,5108056
2025-11-20,288.90,289.99,267.00,268.10,13398330
2025-11-21,268.26,274.76,260.44,270.83,15355860
2025-11-24,273.78,284.05,273.62,282.70,6424802
2025-11-25,278.95,284.34,272.76,283.58,5942820
2025-11-26,286.72,294.08,286.61,291.39,5818259
2025-11-28,293.25,296.99,291.83,296.74,3037957
2025-12-01,292.87,299.42,292.53,296.92,3932993
2025-12-02,300.44,304.84,298.69,302.84,5086879
2025-12-03,304.50,309.57,301.46,309.36,3867116
2025-12-04,307.84,308.27,304.59,306.28,4639662
2025-12-05,309.30,312.83,308.93,309.40,4338106
2025-12-08,311.93,314.08,309.87,312.76,3620859
2025-12-09,310.78,312.85,309.44,312.18,2775282
2025-12-10,312.00,317.35,310.56,316.33,5093809
2025-12-11,312.80,314.77,305.79,314.52,6504706
2025-12-12,310.80,311.60,297.96,299.48,13813630
2025-12-15,302.60,303.50,297.23,298.01,5241792
2025-12-16,296.70,298.92,293.08,296.20,5850416
2025-12-17,297.32,298.18,284.43,285.23,10422050
2025-12-18,295.72,296.96,290.83,292.04,6740393
2025-12-19,294.67,301.69,294.50,299.81,5074953
2025-12-22,306.73,306.94,302.55,303.84,4018973
2025-12-23,302.21,305.12,301.37,304.96,2708577
2025-12-24,305.00,306.50,304.71,306.14,1723245
2025-12-26,307.40,307.54,305.29,306.04,1860929
2025-12-29,303.37,306.46,301.88,305.32,3620720
2025-12-30,306.08,307.48,304.70,304.92,2984846
2025-12-31,305.63,306.12,301.11,301.15,2954235
2026-01-02,308.56,315.81,308.56,313.69,8491325
2026-01-05,320.70,322.64,316.88,318.06,7923201
2026-01-06,322.07,329.15,322.00,328.35,7579894
2026-01-07,325.05,325.95,322.11,324.89,4528460
2026-01-08,324.19,324.19,316.40,319.58,5408327
2026-01-09,322.80,330.67,321.11,328.78,7323053
2026-01-12,325.69,331.38,325.53,330.35,5159571
2026-01-13,332.85,336.42,331.89,333.30,3835882
2026-01-14,331.03,331.99,327.18,331.90,5468927
2026-01-15,343.10,344.55,337.22,337.22,6531451
2026-01-16,343.50,345.41,340.22,342.47,5127307
2026-01-20,336.20,343.19,335.96,337.35,6232583
2026-01-21,341.84,351.33,340.30,348.14,7204178
2026-01-22,354.36,354.60,347.37,348.67,4661976
2026-01-23,346.39,348.03,342.17,344.71,4335863
2026-01-26,343.29,345.50,341.13,343.07,4458743
2026-01-27,348.16,353.20,346.65,351.08,5293550
2026-01-28,358.53,362.04,356.71,360.46,5364042
2026-01-29,361.18,363.80,347.72,361.13,8446174
2026-01-30,356.00,360.19,343.71,346.30,8719085
2026-02-02,342.37,356.11,341.90,352.69,7758021
2026-02-03,355.90,357.12,338.09,345.64,8371172
2026-02-04,342.18,345.39,323.33,330.38,15231370
2026-02-05,326.54,335.47,324.04,330.83,10406540
2026-02-06,337.39,349.56,335.87,348.51,9096100
2026-02-09,344.84,354.74,343.88,352.77,7091409
2026-02-10,353.52,355.04,348.12,351.43,6252387
2026-02-11,358.81,362.28,351.40,360.20,7497024
2026-02-12,363.45,365.38,351.05,351.50,9487983
2026-02-13,352.80,357.61,348.68,354.66,5963039
2026-02-17,349.81,357.10,345.32,354.10,4068938
2026-02-18,355.81,361.67,353.60,357.92,5681203
2026-02-19,354.18,356.32,351.77,355.84,5576424
2026-02-20,353.59,361.33,352.80,359.43,6013593
2026-02-23,357.57,360.38,352.85,356.82,6339757
2026-02-24,361.60,364.74,358.04,362.04,6205967
2026-02-25,366.19,368.82,365.51,368.00,4539919
2026-02-26,366.38,366.48,350.41,356.80,13329100
2026-02-27,349.60,354.03,348.34,352.29,6250166
2026-03-02,343.79,352.33,343.34,352.05,7284006
2026-03-03,338.09,339.31,330.89,334.78,17946090
2026-03-04,339.96,343.81,336.79,341.54,10649870
2026-03-05,338.90,343.72,330.57,337.76,7239331
2026-03-06,328.40,335.04,321.49,323.51,8733675
2026-03-09,318.31,337.17,316.22,336.37,9824632
2026-03-10,336.31,345.56,336.31,338.81,7470989
2026-03-11,340.50,345.40,340.45,342.09,6215113
2026-03-12,337.34,337.55,328.64,330.19,8008148
2026-03-13,333.88,338.40,329.79,331.32,6450826
2026-03-16,338.89,342.04,336.32,337.83,8018169
2026-03-17,340.56,341.16,336.79,340.25,4472077
2026-03-18,340.52,343.44,338.29,338.29,6363909
2026-03-19,328.76,342.77,326.76,340.20,8292080
2026-03-20,339.71,341.25,327.94,332.51,9441265
2026-03-23,340.12,344.93,335.12,336.59,8151040
2026-03-24,333.79,343.22,333.62,341.02,5287512
2026-03-25,344.17,347.68,342.14,345.25,5868985
2026-03-26,339.45,339.88,328.52,328.85,10172450
2026-03-27,326.84,329.95,322.16,323.48,6334798
2026-03-30,326.75,327.63,307.25,309.79,13204840
2026-03-31,315.60,329.18,314.88,328.66,14036480
2026-04-01,333.49,342.65,332.35,338.54,10130820
2026-04-02,325.11,340.39,325.03,339.61,6521003
2026-04-06,341.52,345.77,339.92,344.10,3105036
2026-04-07,343.04,347.94,338.47,347.76,4025969
2026-04-08,367.89,371.15,362.13,370.40,9868722
2026-04-09,371.30,378.95,371.30,378.63,6036659
2026-04-10,382.67,389.60,382.67,386.60,5596888
2026-04-13,384.88,393.57,384.37,393.34,4377374
2026-04-14,397.83,401.44,393.51,401.24,5202559
2026-04-15,400.31,402.09,392.39,401.86,5570248
2026-04-16,400.60,407.48,397.99,405.95,4400496
2026-04-17,413.38,415.73,409.58,415.71,5729056
2026-04-20,417.43,418.86,411.79,417.55,3493545
2026-04-21,420.40,423.35,416.67,420.70,3676751
2026-04-22,427.26,432.16,422.82,431.77,6557574
2026-04-23,435.34,446.64,434.04,441.00,10812390
2026-04-24,457.59,463.87,450.97,461.60,9071959
2026-04-27,461.75,463.00,448.93,455.41,8924649
2026-04-28,437.62,446.14,431.74,438.71,11014950
2026-04-29,445.26,450.37,442.41,449.99,5972791
2026-04-30,455.69,462.14,449.34,461.44,5170248
2026-05-01,458.47,466.91,455.07,465.75,4155856
2026-05-04,467.93,469.61,457.81,462.06,5233125
2026-05-05,471.14,486.18,470.23,482.73,7203047
2026-05-06,497.96,506.94,487.86,506.87,9768591
2026-05-07,502.93,503.68,488.13,492.36,9913713
2026-05-08,504.24,520.46,502.75,520.30,7754540
2026-05-11,524.08,533.74,521.66,532.76,7492556
2026-05-12,520.85,525.15,495.71,515.99,14660630
2026-05-13,527.62,532.25,515.94,528.29,7346374
2026-05-14,526.50,533.13,522.21,530.03,5212394
2026-05-15,511.67,518.79,506.26,508.52,9388221
2026-05-18,518.02,519.96,486.92,495.87,9998994
2026-05-19,484.40,506.04,477.95,496.74,12216960
2026-05-20,507.73,520.54,506.55,520.31,9457640
2026-05-21,518.17,526.78,515.00,524.71,6749941
2026-05-22,531.88,541.89,530.17,537.33,7671121
2026-05-26,556.99,572.95,555.41,570.09,8926183
2026-05-27,584.38,584.50,551.89,563.98,11412350
2026-05-28,564.32,575.80,554.83,569.47,6763852
2026-05-29,576.44,582.23,564.60,569.08,7323862
2026-06-01,563.67,577.99,557.38,571.93,6999459
2026-06-02,585.17,605.44,581.92,605.02,7475392
2026-06-03,616.21,618.84,598.01,615.68,8564687
2026-06-04,587.64,611.26,577.54,602.72,11445310
2026-06-05,577.86,580.50,539.57,539.77,22377270
2026-06-08,569.76,581.38,560.79,571.45,12843010
2026-06-09,585.45,588.58,522.24,562.14,24548090
2026-06-10,551.66,572.51,539.38,541.51,16672230
2026-06-11,555.42,588.00,554.81,586.93,12295380
2026-06-12,584.11,602.69,578.53,596.25,9947173
2026-06-15,622.61,629.72,618.45,628.45,8170771
2026-06-16,623.84,629.64,590.63,591.24,11204900
2026-06-17,611.56,621.99,598.95,599.73,8948401
2026-06-18,626.52,644.43,626.15,639.45,9666034
2026-06-22,653.96,655.95,643.93,655.01,7782678
2026-06-23,607.64,619.94,598.19,603.39,12712190
2026-06-24,606.19,609.69,586.66,601.50,9230658
2026-06-25,637.33,638.47,598.83,625.20,12792290
2026-06-26,601.44,605.89,588.51,589.94,11017450
2026-06-29,593.71,615.35,571.60,614.35,11036770
2026-06-30,616.15,644.94,616.15,640.76,10112580
2026-07-01,616.82,622.89,597.88,599.70,9983015
2026-07-02,601.24,608.11,554.91,566.32,16150390
2026-07-06,583.15,598.00,580.48,581.51,8419387
2026-07-07,551.92,558.06,536.12,551.69,12285700
2026-07-08,544.66,564.50,543.87,562.03,7195380
2026-07-09,589.50,594.99,579.14,581.70,10026210
2026-07-10,571.99,585.79,566.67,581.34,5861000
2026-07-13,563.58,566.65,550.26,553.61,8306989
2026-07-14,580.51,580.67,560.24,567.92,7372256
2026-07-15,575.12,575.88,538.53,555.27,10199570
2026-07-16,539.05,545.55,525.43,530.50,10343320
2026-07-17,508.55,533.19,498.54,521.81,15576820
2026-07-20,534.00,539.54,522.84,524.14,6533139
2026-07-21,549.10,555.16,540.15,552.69,10079670
2026-07-22,538.75,561.18,538.72,555.52,6268430
2026-07-23,545.50,558.09,543.79,551.24,6689479
2026-07-24,544.36,548.00,522.21,527.01,10952030
2026-07-27,532.64,534.30,500.00,516.23,13472850
2026-07-28,496.74,498.48,480.50,491.46,14904210
2026-07-29,488.65,496.06,464.08,465.00,18817150
2026-07-30,491.57,509.98,488.01,504.53,17477840
2026-07-31,527.10,532.67,501.30,504.89,13113700
2026-08-03,491.92,510.95,485.71,507.68,10302030
2026-08-04,529.31,545.38,526.57,542.21,10898610
2026-08-05,536.40,547.57,528.88,530.70,9649263
2026-08-06,522.66,542.56,516.41,532.52,7654672
2026-08-07,545.20,547.90,531.27,543.27,5262641
2026-08-10,545.85,547.22,529.39,529.39,8763459
2026-08-11,537.91,539.05,530.10,534.20,7176145
2026-08-12,553.40,554.11,546.47,546.61,7723644
2026-08-13,547.14,562.25,546.40,550.74,5940747
2026-08-14,549.58,552.89,542.93,550.42,4309829
2026-08-17,557.92,566.02,555.84,559.12,5744955
2026-08-18,537.42,541.70,523.03,531.39,9993901
2026-08-19,536.26,538.00,514.49,519.67,8413774
2026-08-20,518.38,525.43,515.26,522.35,6269009
2026-08-21,528.15,528.99,514.66,520.05,6255603
2026-08-24,511.97,512.11,498.93,506.18,7834590
2026-08-25,515.91,520.10,509.66,514.06,6445924
2026-08-26,512.09,516.38,509.26,515.40,4322162
2026-08-27,526.06,527.78,517.00,525.43,9045983
2026-08-28,521.20,522.65,506.82,508.62,8468466
2026-08-31,509.81,514.33,507.03,511.04,6247026
2026-09-01,501.43,504.71,495.09,500.31,8049543
2026-09-02,498.18,504.02,493.31,501.44,5813323
2026-09-03,496.64,503.32,489.21,502.20,6445566
2026-09-04,509.31,520.56,507.25,519.86,9234036
2026-09-08,530.50,534.28,525.49,528.40,8833136
2026-09-09,524.85,535.48,524.85,532.00,6436936
2026-09-10,518.32,522.50,514.31,517.43,6651714
2026-09-11,525.24,531.04,521.13,527.07,5665978
2026-09-14,497.17,503.18,495.15,497.40,11265550
2026-09-15,502.55,504.74,496.58,498.85,6014198
