date,open,high,low,close,volume
2016-09-15,36.13,36.64,36.03,36.45,4246882
2016-09-16,37.32,37.32,36.11,36.40,8960769
2016-09-19,36.28,36.50,35.50,35.95,4950122
2016-09-20,36.17,36.21,35.33,35.53,2624633
2016-09-21,35.40,36.72,35.40,36.69,3640589
2016-09-22,36.76,37.10,36.36,36.40,2580414
2016-09-23,36.17,36.85,36.17,36.46,2497542
2016-09-26,36.37,37.42,36.18,37.20,5411656
2016-09-27,37.02,38.53,37.00,38.42,6839441
2016-09-28,38.71,39.04,37.65,38.21,4957782
2016-09-29,38.12,38.86,37.41,37.79,4045614
2016-09-30,37.94,38.84,37.94,38.55,3839878
2016-10-03,38.56,39.33,38.20,38.41,3670986
2016-10-04,38.61,38.99,38.05,38.24,3593579
2016-10-05,38.39,38.91,38.03,38.54,2667672
2016-10-06,38.21,38.31,37.47,37.81,4165159
2016-10-07,37.93,38.25,37.58,37.89,3340141
2016-10-10,38.14,38.56,37.66,37.97,4466576
2016-10-11,38.22,38.22,34.83,35.10,14454430
2016-10-12,35.51,36.00,35.15,35.23,5152629
2016-10-13,34.76,35.53,33.58,35.18,7302333
2016-10-14,35.36,36.01,34.97,35.16,5412291
2016-10-17,35.23,35.57,34.65,35.01,4548056
2016-10-18,35.34,35.62,34.82,35.34,5499940
2016-10-19,34.95,35.30,33.54,34.32,10115390
2016-10-20,34.49,35.27,34.40,34.98,5158927
2016-10-21,34.80,35.00,34.13,34.50,4475283
2016-10-24,34.70,34.82,34.48,34.52,2949574
2016-10-25,35.04,35.04,34.15,34.27,4172323
2016-10-26,34.16,35.10,34.10,34.84,5627518
2016-10-27,35.35,35.78,34.21,34.24,6845525
2016-10-28,34.22,34.80,34.03,34.15,3142895
2016-10-31,34.39,34.65,34.27,34.31,3095553
2016-11-01,34.37,34.63,33.06,33.71,4132175
2016-11-02,33.67,33.85,32.62,32.65,5444943
2016-11-03,32.64,33.28,32.45,33.08,3855880
2016-11-04,32.96,33.67,32.80,33.00,3640753
2016-11-07,33.56,34.80,33.47,34.65,4563970
2016-11-08,34.43,34.77,33.86,34.49,2676733
2016-11-09,33.40,35.31,32.58,34.76,6158179
2016-11-10,35.00,36.63,34.92,36.17,6203976
2016-11-11,35.87,37.32,35.61,37.25,4736550
2016-11-14,37.15,38.44,37.15,38.00,5192692
2016-11-15,38.14,38.60,37.81,38.51,3526952
2016-11-16,38.17,38.74,38.07,38.26,2597550
2016-11-17,38.40,39.30,38.35,39.23,4720642
2016-11-18,39.20,39.48,38.50,39.29,2393515
2016-11-21,39.32,39.93,39.11,39.82,2176987
2016-11-22,39.95,40.10,38.91,38.96,4799425
2016-11-23,38.68,39.09,38.38,38.82,2802570
2016-11-25,38.90,39.24,38.45,39.07,1802333
2016-11-28,38.91,39.52,38.52,39.37,3177685
2016-11-29,39.41,40.27,39.33,39.50,3995939
2016-11-30,39.63,40.26,39.56,40.10,3959918
2016-12-01,40.73,40.97,38.03,38.11,5526151
2016-12-02,38.30,39.02,38.05,38.87,4144456
2016-12-05,37.40,39.63,37.40,39.16,3813198
2016-12-06,39.03,39.49,39.00,39.15,3388828
2016-12-07,39.76,40.35,38.90,40.27,7633630
2016-12-08,40.29,40.37,39.14,39.23,3571186
2016-12-09,39.40,40.14,36.50,39.38,4117174
2016-12-12,39.37,39.39,38.44,39.17,3828286
2016-12-13,39.22,41.45,39.08,40.84,5700155
2016-12-14,40.87,40.99,40.00,40.20,4496451
2016-12-15,40.33,40.97,39.66,40.60,2921613
2016-12-16,40.86,40.87,39.01,39.10,8417634
2016-12-19,38.50,39.09,38.33,38.71,4271289
2016-12-20,38.88,39.30,38.50,38.76,3292626
2016-12-21,38.61,39.55,38.61,38.91,3136263
2016-12-22,39.27,39.63,38.75,39.02,3098787
2016-12-23,38.87,39.22,38.58,39.11,2473031
2016-12-27,39.03,39.52,39.00,39.38,1940011
2016-12-28,39.39,39.56,38.67,38.79,2580311
2016-12-29,38.79,39.14,37.83,38.02,2710847
2016-12-30,38.18,38.66,37.99,38.17,2897495
2017-01-03,38.46,40.10,38.40,39.62,5128851
2017-01-04,39.73,40.27,38.93,39.12,3834000
2017-01-05,39.07,39.23,38.57,39.05,2889501
2017-01-06,39.06,39.20,38.18,38.49,4529385
2017-01-09,38.49,38.74,38.02,38.05,3263500
2017-01-10,38.10,38.64,37.57,37.63,4266857
2017-01-11,37.60,38.06,36.22,36.87,6268895
2017-01-12,36.79,36.84,35.64,36.75,3849634
2017-01-13,36.75,37.39,36.75,36.90,2515721
2017-01-17,37.14,37.82,36.75,37.02,3291236
2017-01-18,37.11,37.48,36.75,37.24,2866835
2017-01-19,37.10,37.31,36.13,36.34,2957570
2017-01-20,36.36,37.05,36.31,36.47,3040780
2017-01-23,36.67,36.68,35.54,36.37,4953639
2017-01-24,36.76,38.00,36.60,37.44,7838692
2017-01-25,42.45,46.68,42.16,42.67,46085130
2017-01-26,42.62,44.79,42.62,43.90,14687910
2017-01-27,44.07,44.99,43.62,44.50,7678003
2017-01-30,44.40,45.21,44.11,44.90,6858549
2017-01-31,44.85,45.19,44.23,45.15,5596597
2017-02-01,45.61,45.65,44.05,44.78,5380969
2017-02-02,44.29,45.73,44.29,45.27,5446693
2017-02-03,45.31,46.35,45.30,46.29,5767314
2017-02-06,46.04,46.39,45.08,45.44,4651515
2017-02-07,45.48,46.46,45.14,46.10,4946303
2017-02-08,45.55,46.09,45.14,45.80,4852598
2017-02-09,45.98,46.63,45.75,46.37,3450079
2017-02-10,46.51,46.60,45.83,46.46,3658189
2017-02-13,46.89,48.08,46.58,47.80,5520601
2017-02-14,47.65,48.14,47.37,47.85,4104811
2017-02-15,47.93,48.53,47.50,48.15,5004079
2017-02-16,48.30,48.35,47.35,47.57,4450836
2017-02-17,47.41,47.48,46.88,47.14,3270812
2017-02-21,47.43,47.73,47.05,47.43,3216720
2017-02-22,47.40,47.51,47.19,47.35,2656881
2017-02-23,47.50,47.74,47.04,47.39,4064114
2017-02-24,46.98,47.75,46.72,47.75,3172000
2017-02-27,47.22,47.81,46.89,47.69,5420597
2017-02-28,47.40,48.68,47.37,48.19,5592772
2017-03-01,48.65,49.70,48.35,49.48,4625317
2017-03-02,49.44,49.79,48.42,48.92,4130162
2017-03-03,49.02,49.65,48.75,48.96,3098879
2017-03-06,48.59,48.82,48.00,48.51,3474133
2017-03-07,48.55,48.70,47.96,48.28,2285269
2017-03-08,48.22,48.74,47.96,48.11,2081028
2017-03-09,47.55,47.80,45.58,46.68,6328369
2017-03-10,47.22,47.29,46.60,47.28,3526855
2017-03-13,47.35,47.71,46.92,47.57,2753515
2017-03-14,47.24,47.35,46.01,46.70,3492841
2017-03-15,46.78,47.19,46.01,47.06,4057235
2017-03-16,47.30,47.62,46.80,47.23,3191506
2017-03-17,47.46,47.54,46.76,46.87,6827949
2017-03-20,46.24,46.78,45.79,46.08,3427769
2017-03-21,46.07,46.23,44.26,44.51,4692430
2017-03-22,44.42,45.11,43.70,45.01,4308764
2017-03-23,44.85,45.47,44.54,45.13,3658576
2017-03-24,46.44,46.68,44.87,45.24,5278180
2017-03-27,44.67,45.10,44.28,44.91,3163972
2017-03-28,44.90,45.44,44.63,45.28,3418150
2017-03-29,45.15,45.69,44.53,45.67,2608098
2017-03-30,45.56,47.39,45.40,47.12,5953983
2017-03-31,46.92,47.04,45.91,45.93,3386675
2017-04-03,45.63,46.00,44.69,45.30,6306514
2017-04-04,45.22,46.09,45.08,45.97,2353864
2017-04-05,46.34,47.20,45.88,46.00,3669286
2017-04-06,46.25,46.59,45.67,46.25,2958204
2017-04-07,46.26,46.97,45.69,46.85,3589301
2017-04-10,47.16,48.27,47.13,47.60,5389116
2017-04-11,48.50,49.47,47.56,49.09,7670453
2017-04-12,49.01,49.09,47.71,48.34,4225946
2017-04-13,48.10,48.82,47.84,48.17,3790103
2017-04-17,48.36,48.78,47.97,48.49,2973908
2017-04-18,48.19,48.60,47.83,48.54,3305619
2017-04-19,48.54,49.19,48.44,48.56,2944226
2017-04-20,47.88,48.69,47.22,48.55,5842317
2017-04-21,48.52,48.71,47.89,48.26,3358106
2017-04-24,49.08,49.68,48.73,49.42,4571713
2017-04-25,49.81,50.96,49.53,50.51,7753569
2017-04-26,44.61,44.86,41.76,42.01,34461920
2017-04-27,42.17,43.00,41.78,42.30,9577961
2017-04-28,42.71,42.73,41.20,42.13,8609188
2017-05-01,42.08,42.30,41.73,42.18,7374876
2017-05-02,42.23,42.46,41.97,42.44,6427446
2017-05-03,42.32,42.72,42.08,42.51,5378426
2017-05-04,42.58,42.70,42.35,42.58,4946990
2017-05-05,42.34,43.56,42.15,43.55,4884299
2017-05-08,43.61,43.62,42.75,42.87,3001568
2017-05-09,42.87,43.10,42.49,42.83,2794613
2017-05-10,42.90,43.20,42.78,43.11,3493551
2017-05-11,43.01,43.17,42.43,42.48,5198022
2017-05-12,42.48,43.07,42.27,43.04,3532702
2017-05-15,43.16,43.57,42.99,43.48,4442947
2017-05-16,43.67,44.05,43.40,44.00,4080267
2017-05-17,43.46,43.63,42.12,42.16,5852670
2017-05-18,42.66,42.66,41.67,42.25,4102410
2017-05-19,42.38,42.78,42.36,42.51,3271544
2017-05-22,42.84,43.16,42.22,42.77,2505987
2017-05-23,43.10,43.17,42.45,42.63,2702105
2017-05-24,43.05,43.20,42.59,42.73,2388530
2017-05-25,42.88,43.41,42.48,43.11,2951187
2017-05-26,42.67,43.00,42.20,42.53,3272603
2017-05-30,42.21,43.55,42.21,43.24,3556089
2017-05-31,43.39,43.57,42.86,43.57,4501031
2017-06-01,43.56,43.56,42.63,42.88,3492511
2017-06-02,42.96,43.35,42.91,43.22,2682978
2017-06-05,42.86,42.99,42.06,42.08,3320965
2017-06-06,42.00,42.34,41.59,41.89,3406625
2017-06-07,42.09,42.56,41.77,41.94,2397428
2017-06-08,42.05,42.82,41.58,42.77,3206024
2017-06-09,42.86,43.53,41.60,42.37,4758812
2017-06-12,41.75,41.94,40.32,41.54,6517514
2017-06-13,41.99,42.40,41.78,42.03,3980333
2017-06-14,42.23,42.23,40.81,41.28,3906449
2017-06-15,40.45,41.65,40.40,41.52,3664429
2017-06-16,41.40,42.10,41.33,42.03,7267334
2017-06-19,41.65,42.15,41.55,41.83,3059835
2017-06-20,41.68,41.74,41.03,41.04,3262691
2017-06-21,41.19,41.87,41.08,41.66,2780254
2017-06-22,41.96,42.23,41.59,42.01,2433241
2017-06-23,42.01,43.25,41.94,42.67,3596992
2017-06-26,42.95,43.27,42.24,42.39,3616211
2017-06-27,41.10,41.20,39.51,39.51,8984580
2017-06-28,40.00,40.30,39.44,40.18,4735007
2017-06-29,39.84,39.92,38.28,38.91,6081764
2017-06-30,39.40,39.45,38.51,38.75,3872618
2017-07-03,38.92,39.27,38.57,38.59,1975084
2017-07-05,38.80,39.14,38.16,39.02,5092751
2017-07-06,38.28,38.44,36.94,37.29,9051754
2017-07-07,37.48,38.69,37.22,38.20,5813919
2017-07-10,38.14,38.60,37.88,38.39,3631964
2017-07-11,38.37,39.16,38.37,38.72,3742402
2017-07-12,39.33,40.17,39.15,39.70,4971196
2017-07-13,37.62,39.01,37.32,38.32,11509320
2017-07-14,38.40,39.69,38.38,39.50,5357069
2017-07-17,39.00,39.25,38.55,39.07,3804227
2017-07-18,39.06,39.06,38.30,38.83,3487248
2017-07-19,39.00,39.44,38.93,39.24,4125358
2017-07-20,39.24,39.60,38.87,39.42,2758533
2017-07-21,39.48,39.72,39.08,39.58,3256545
2017-07-24,39.63,40.13,39.23,39.76,6277817
2017-07-25,32.33,34.13,31.88,33.20,35451190
2017-07-26,33.35,33.42,32.08,32.34,12635750
2017-07-27,32.50,33.03,32.10,32.56,7672436
2017-07-28,32.30,32.62,31.88,32.61,7865473
2017-07-31,32.73,33.14,32.48,32.96,7171234
2017-08-01,33.05,33.51,32.90,33.37,5984688
2017-08-02,33.46,33.47,33.03,33.42,5837809
2017-08-03,33.51,33.77,33.26,33.57,4930046
2017-08-04,33.71,34.03,33.36,33.43,6767987
2017-08-07,33.40,33.66,33.24,33.48,5520505
2017-08-08,33.39,33.62,32.97,32.99,5980231
2017-08-09,32.74,32.99,32.47,32.60,4285861
2017-08-10,32.36,32.52,31.51,31.55,6366220
2017-08-11,32.25,33.25,31.97,32.29,5647213
2017-08-14,32.65,33.16,32.54,32.55,4163015
2017-08-15,32.59,32.67,32.26,32.28,2938441
2017-08-16,32.34,32.51,32.18,32.48,2530819
2017-08-17,32.30,32.60,31.47,31.51,3460680
2017-08-18,31.58,31.74,31.04,31.37,2901029
2017-08-21,31.47,31.54,31.14,31.46,3139574
2017-08-22,31.67,32.38,31.56,32.29,2640143
2017-08-23,31.12,31.36,30.60,31.01,7754599
2017-08-24,31.11,31.43,30.95,31.02,4542398
2017-08-25,31.07,31.40,30.85,31.25,3423858
2017-08-28,31.34,31.70,31.12,31.49,2855017
2017-08-29,31.20,31.55,30.95,31.45,3357869
2017-08-30,31.36,31.58,30.91,31.50,3807002
2017-08-31,31.80,31.80,31.26,31.53,4288917
2017-09-01,31.59,32.02,31.55,31.80,2115257
2017-09-05,31.84,33.35,31.83,32.75,8454710
2017-09-06,32.85,33.31,32.65,32.79,5924426
2017-09-07,32.93,32.98,31.89,32.34,4284306
2017-09-08,32.31,32.31,31.90,31.99,3562738
2017-09-11,31.27,31.79,30.89,30.95,6538762
2017-09-12,31.00,32.00,30.96,31.89,5159508
2017-09-13,32.12,32.85,31.94,32.78,5299716
2017-09-14,32.51,32.79,32.35,32.65,3367760
2017-09-15,32.66,33.64,32.40,33.55,9564538
2017-09-18,33.75,33.92,32.31,33.52,8545386
2017-09-19,32.75,32.92,31.70,32.18,7953108
2017-09-20,32.19,32.68,31.97,32.38,4594086
2017-09-21,32.38,33.05,32.05,32.72,4695842
2017-09-22,32.67,33.65,32.56,33.57,4395085
2017-09-25,33.42,33.70,32.97,33.16,3625268
2017-09-26,33.18,33.50,32.80,32.87,3422937
2017-09-27,33.02,33.47,32.59,33.18,3735952
2017-09-28,33.25,33.37,32.41,32.98,4585574
2017-09-29,32.99,33.23,32.75,33.17,2521061
2017-10-02,33.64,34.48,33.54,34.20,7403003
2017-10-03,34.20,34.25,33.53,34.05,3754445
2017-10-04,34.04,34.26,33.86,33.98,3066836
2017-10-05,34.08,34.28,33.76,34.10,3211012
2017-10-06,33.86,34.13,33.51,33.79,3555144
2017-10-09,34.03,34.82,33.84,33.85,3678935
2017-10-10,34.24,34.34,33.36,33.75,5237532
2017-10-11,33.58,34.10,33.40,33.50,3610601
2017-10-12,33.40,33.77,33.22,33.62,5125066
2017-10-13,33.86,34.56,33.66,34.40,4178813
2017-10-16,34.46,34.55,34.09,34.49,4041155
2017-10-17,34.04,34.19,33.15,33.96,5936521
2017-10-18,34.11,34.33,34.02,34.26,3731655
2017-10-19,33.92,34.35,33.85,34.34,4362941
2017-10-20,34.55,35.28,34.41,34.94,8311269
2017-10-23,39.65,40.90,37.64,39.35,33593660
2017-10-24,39.50,40.34,38.51,38.84,12133550
2017-10-25,38.47,38.68,37.50,38.15,7430641
2017-10-26,38.31,38.62,37.57,38.18,4272008
2017-10-27,38.26,38.26,36.84,36.90,5277242
2017-10-30,36.95,36.98,36.12,36.68,5859513
2017-10-31,36.82,37.73,36.57,36.97,4429787
2017-11-01,37.38,37.63,36.66,36.96,2783213
2017-11-02,36.97,37.00,36.38,36.77,2745209
2017-11-03,36.60,36.98,36.16,36.33,2280049
2017-11-06,36.28,37.53,36.07,37.46,3186211
2017-11-07,37.43,37.49,36.84,37.12,2842344
2017-11-08,37.04,38.20,36.73,37.71,4241245
2017-11-09,37.13,38.13,37.13,37.41,4349562
2017-11-10,37.20,38.08,37.20,37.99,3011576
2017-11-13,37.90,37.94,37.32,37.66,2305547
2017-11-14,37.62,37.93,37.33,37.49,2598699
2017-11-15,37.34,37.85,37.24,37.81,3496799
2017-11-16,37.96,39.27,37.93,39.12,5258290
2017-11-17,39.24,39.60,38.78,39.42,3154656
2017-11-20,39.34,40.07,39.08,39.85,3993233
2017-11-21,40.05,40.64,39.96,40.14,3846683
2017-11-22,40.02,40.47,39.82,40.33,2364850
2017-11-24,40.36,40.55,39.97,40.29,1340056
2017-11-27,39.47,39.70,38.56,39.08,5631065
2017-11-28,39.38,40.05,38.96,39.98,3806634
2017-11-29,39.95,40.50,38.66,38.75,6069887
2017-11-30,38.99,39.16,38.21,38.56,6782498
2017-12-01,38.31,39.28,37.25,39.11,5125029
2017-12-04,39.76,40.02,38.78,39.20,4592360
2017-12-05,39.52,39.95,39.04,39.13,3945571
2017-12-06,39.17,39.31,38.56,39.18,2516705
2017-12-07,39.16,40.10,38.98,39.58,3724986
2017-12-08,39.83,40.62,39.58,40.49,5501552
2017-12-11,40.35,41.13,40.17,40.47,3740624
2017-12-12,40.67,42.57,40.60,42.12,6348632
2017-12-13,42.37,42.65,41.94,42.08,4509096
2017-12-14,42.21,42.29,41.84,41.94,3301558
2017-12-15,42.20,42.21,41.41,42.02,6241773
2017-12-18,42.36,43.06,42.23,42.99,4605487
2017-12-19,42.21,42.73,41.94,42.18,4553247
2017-12-20,42.44,42.50,41.36,41.53,3322431
2017-12-21,41.72,42.53,41.59,41.96,3425256
2017-12-22,41.93,42.39,41.90,42.17,1713724
2017-12-26,41.99,42.70,41.71,42.14,2969355
2017-12-27,42.24,42.49,41.73,42.11,1934643
2017-12-28,42.19,42.26,41.74,42.02,1368877
2017-12-29,42.01,42.35,41.84,41.84,1866160
2018-01-02,42.35,43.14,41.91,42.93,2888378
2018-01-03,42.93,43.15,42.48,42.85,3445849
2018-01-04,42.87,43.23,41.97,42.64,2823993
2018-01-05,42.84,42.99,42.44,42.94,2183073
2018-01-08,48.78,49.70,45.62,46.00,23435960
2018-01-09,46.48,47.29,46.04,46.39,10476870
2018-01-10,46.16,47.27,45.81,47.07,3807000
2018-01-11,47.36,49.05,47.11,49.01,6242803
2018-01-12,49.12,51.88,49.11,51.26,7745832
2018-01-16,50.77,52.34,50.42,51.51,6884406
2018-01-17,51.27,52.42,50.89,52.14,4111571
2018-01-18,52.20,52.29,51.62,52.01,3982281
2018-01-19,52.14,52.77,51.74,52.62,3869819
2018-01-22,52.49,53.25,52.04,53.16,3582103
2018-01-23,53.18,54.12,52.93,54.06,3165637
2018-01-24,54.04,54.08,52.30,52.97,5552556
2018-01-25,53.46,53.80,52.67,53.17,3617371
2018-01-26,53.51,55.00,53.44,54.94,7310605
2018-01-29,54.00,55.62,53.51,55.11,8937848
2018-01-30,54.00,55.01,53.15,54.98,7752625
2018-01-31,55.15,56.45,55.07,55.20,5103442
2018-02-01,54.72,55.53,53.80,54.44,5356395
2018-02-02,53.99,54.00,51.38,51.77,6555917
2018-02-05,51.26,52.42,49.51,49.65,7338772
2018-02-06,48.08,49.45,47.20,48.68,9527333
2018-02-07,49.20,50.61,48.79,49.55,6042627
2018-02-08,49.46,49.66,47.43,47.44,4586371
2018-02-09,48.05,48.50,46.12,47.82,5622782
2018-02-12,48.15,49.51,48.15,49.17,3380139
2018-02-13,49.32,49.89,48.82,49.63,2905746
2018-02-14,49.02,51.73,49.02,51.37,3665863
2018-02-15,51.87,52.16,50.55,51.52,3197435
2018-02-16,51.46,51.93,51.10,51.42,2738585
2018-02-20,51.26,52.40,50.95,52.12,2635795
2018-02-21,52.20,52.77,51.38,51.44,2345313
2018-02-22,51.59,52.17,51.16,51.36,2121306
2018-02-23,51.88,53.58,51.69,53.29,3214465
2018-02-26,53.47,53.59,52.35,53.55,2971011
2018-02-27,53.61,54.09,52.39,52.87,3648960
2018-02-28,52.85,54.54,52.81,53.40,4299517
2018-03-01,53.82,55.12,53.31,54.00,5929249
2018-03-02,53.38,54.27,52.71,54.12,3142742
2018-03-05,53.55,55.45,53.51,55.14,4328193
2018-03-06,55.50,56.34,55.20,56.23,3795768
2018-03-07,55.77,56.65,55.53,56.30,3224839
2018-03-08,57.00,59.48,56.88,58.88,8561497
2018-03-09,59.32,60.63,59.15,60.19,4776535
2018-03-12,60.15,60.47,59.74,60.21,3240411
2018-03-13,60.31,61.19,59.47,59.68,4374531
2018-03-14,59.97,61.01,59.26,59.93,4136137
2018-03-15,60.23,60.29,59.16,59.57,2881993
2018-03-16,59.54,60.52,59.41,60.09,7060159
2018-03-19,59.85,60.72,59.60,60.40,6813432
2018-03-20,60.13,60.84,59.88,59.91,4444509
2018-03-21,59.90,60.72,59.35,59.90,3421101
2018-03-22,59.15,59.83,58.46,59.04,4292359
2018-03-23,58.42,59.04,56.26,56.28,5264003
2018-03-26,57.48,58.36,56.72,58.13,4736348
2018-03-27,58.78,59.50,56.98,57.37,4104911
2018-03-28,57.29,58.02,56.12,56.89,3804301
2018-03-29,57.33,58.80,56.77,58.52,4278193
2018-04-02,59.00,60.07,57.22,57.75,5554130
2018-04-03,57.97,58.42,57.06,58.30,3255310
2018-04-04,56.21,59.08,56.20,58.93,4112038
2018-04-05,59.44,59.57,58.00,58.25,2672144
2018-04-06,57.72,58.22,56.07,56.62,3099888
2018-04-09,57.02,57.66,56.26,56.29,3157362
2018-04-10,59.33,61.31,59.20,59.35,9529362
2018-04-11,59.01,59.72,58.37,58.56,3557062
2018-04-12,58.95,60.23,58.88,59.87,2647386
2018-04-13,60.25,61.12,60.12,60.61,3350936
2018-04-16,60.89,61.40,60.29,61.15,2073324
2018-04-17,61.57,62.70,61.45,61.89,2969197
2018-04-18,61.96,62.47,60.80,62.11,2945595
2018-04-19,61.50,62.13,59.81,59.90,4245268
2018-04-20,60.04,60.58,59.34,59.64,2388987
2018-04-23,59.80,59.92,57.86,58.22,2842227
2018-04-24,58.76,59.31,57.72,58.27,3592170
2018-04-25,58.42,58.96,57.19,58.30,2062771
2018-04-26,58.76,59.54,58.43,59.34,2271533
2018-04-27,59.74,60.35,58.45,59.52,3417634
2018-04-30,59.62,59.95,57.87,57.89,4971008
2018-05-01,51.91,54.39,49.08,54.21,15638680
2018-05-02,52.21,55.00,52.09,54.70,7763758
2018-05-03,54.48,55.11,54.19,54.97,4087351
2018-05-04,54.76,55.96,54.68,55.68,2533437
2018-05-07,55.73,56.33,55.40,55.95,4220003
2018-05-08,55.63,56.63,55.50,56.49,3073957
2018-05-09,56.85,57.39,56.35,57.23,2358797
2018-05-10,57.81,58.51,57.10,57.27,3469177
2018-05-11,57.40,57.78,56.63,56.71,2461954
2018-05-14,57.19,58.11,56.95,57.07,2147468
2018-05-15,56.77,57.92,56.54,57.77,2678523
2018-05-16,57.85,59.49,57.83,59.37,2741040
2018-05-17,59.11,60.01,58.79,59.02,2137927
2018-05-18,59.03,59.54,56.02,56.31,4301809
2018-05-21,57.30,57.80,56.79,57.25,2590799
2018-05-22,57.48,58.45,57.46,58.01,2599544
2018-05-23,57.69,58.29,57.33,58.28,1976837
2018-05-24,58.25,58.65,57.44,58.28,2146019
2018-05-25,58.40,59.20,57.33,57.47,2021332
2018-05-29,57.02,58.04,56.97,57.25,2611696
2018-05-30,57.74,59.06,57.41,58.03,2614226
2018-05-31,58.06,58.57,56.15,56.35,4472118
2018-06-01,56.60,57.96,56.37,57.90,2873350
2018-06-04,58.00,58.02,56.48,57.47,2637456
2018-06-05,58.02,59.25,57.92,59.18,3480576
2018-06-06,59.70,59.84,58.58,58.67,3192072
2018-06-07,58.60,58.74,54.22,55.23,8567787
2018-06-08,55.00,56.36,54.90,55.98,3560505
2018-06-11,56.39,58.32,56.19,57.94,3546154
2018-06-12,58.00,58.00,55.97,57.10,3044909
2018-06-13,57.16,57.69,56.84,56.95,2606247
2018-06-14,57.27,59.23,56.97,59.08,3875990
2018-06-15,58.67,58.67,57.40,58.43,4056448
2018-06-18,58.01,59.15,57.31,58.98,2771992
2018-06-19,57.40,58.06,56.62,57.95,2483024
2018-06-20,58.14,58.47,57.80,58.08,2033192
2018-06-21,58.17,59.93,57.83,58.44,2705353
2018-06-22,58.85,59.16,58.15,58.22,1959153
2018-06-25,57.75,57.90,55.46,55.83,2459888
2018-06-26,56.33,56.80,55.90,56.51,2896632
2018-06-27,56.88,57.20,55.65,55.69,1690222
2018-06-28,55.57,56.72,55.03,56.36,1696543
2018-06-29,56.87,57.41,56.45,56.47,2091383
2018-07-02,55.42,57.68,55.34,57.61,2341793
2018-07-03,57.79,58.12,56.62,56.90,1644523
2018-07-05,57.43,58.61,56.93,58.61,2122273
2018-07-06,58.63,58.82,57.92,58.59,1871559
2018-07-09,58.99,59.25,58.12,58.75,2193494
2018-07-10,58.81,59.43,58.64,58.89,1564861
2018-07-11,58.18,58.19,56.82,57.24,1641490
2018-07-12,57.80,59.14,57.80,59.02,1653863
2018-07-13,58.71,59.66,58.50,59.02,1579939
2018-07-16,58.91,58.91,58.14,58.45,1240663
2018-07-17,58.19,58.34,57.66,58.10,2053437
2018-07-18,58.23,58.91,57.92,58.10,1565405
2018-07-19,58.09,58.43,56.92,57.18,1553718
2018-07-20,57.07,57.32,56.47,56.48,2061047
2018-07-23,56.34,56.50,55.23,56.35,2012569
2018-07-24,56.77,56.88,55.63,55.72,1833388
2018-07-25,55.96,56.47,55.53,56.44,2166313
2018-07-26,56.54,57.68,56.29,57.54,2276861
2018-07-27,57.16,57.61,54.51,54.69,4280664
2018-07-30,54.37,56.14,51.95,54.00,7770647
2018-07-31,54.36,54.47,51.93,52.62,6591750
2018-08-01,52.63,53.55,52.63,53.07,3914932
2018-08-02,52.59,53.61,52.50,53.42,2678394
2018-08-03,53.44,54.43,53.44,53.88,2662890
2018-08-06,53.80,54.27,53.44,54.23,2177239
2018-08-07,54.25,55.09,54.18,54.87,2202749
2018-08-08,54.75,55.43,54.36,55.04,1650339
2018-08-09,52.59,52.99,50.48,51.02,8312916
2018-08-10,50.56,51.40,50.04,50.88,4978186
2018-08-13,50.88,51.65,50.72,51.01,3483201
2018-08-14,51.43,53.31,51.34,53.23,4354740
2018-08-15,52.66,53.72,52.30,52.89,4633040
2018-08-16,53.52,54.40,52.95,53.05,3006998
2018-08-17,53.05,54.41,52.63,54.26,4190988
2018-08-20,54.33,54.85,53.75,54.54,2293430
2018-08-21,54.90,55.67,54.58,54.81,2730074
2018-08-22,54.28,55.61,54.28,55.32,1977883
2018-08-23,55.23,55.84,54.91,55.72,2496542
2018-08-24,55.95,56.22,55.40,55.75,1853070
2018-08-27,56.10,57.11,56.10,56.36,2097855
2018-08-28,56.58,57.20,56.00,56.46,1865891
2018-08-29,56.74,56.91,55.89,55.98,2442306
2018-08-30,55.44,55.75,53.07,53.14,4900558
2018-08-31,53.24,53.75,52.85,53.54,3116161
2018-09-04,51.24,51.54,48.27,49.41,10361030
2018-09-05,49.19,49.66,47.97,49.37,6634133
2018-09-06,49.40,49.97,48.90,49.39,4326091
2018-09-07,49.19,50.25,48.62,49.80,4051170
2018-09-10,50.12,51.43,49.85,50.29,3420003
2018-09-11,49.89,50.00,48.10,48.98,4272212
2018-09-12,47.74,49.79,47.20,49.47,6622549
2018-09-13,50.11,50.40,47.89,48.21,4837415
2018-09-14,48.21,48.61,47.68,48.29,4426082
2018-09-17,48.40,48.40,47.81,47.94,3833676
2018-09-18,47.30,48.44,47.25,47.98,3837901
2018-09-19,48.01,48.45,47.74,48.09,2549855
2018-09-20,48.45,49.31,48.26,49.02,4277876
2018-09-21,48.74,49.47,48.36,49.28,8316897
2018-09-24,49.30,49.72,48.99,49.15,2822984
2018-09-25,49.20,49.52,48.48,48.49,2953361
2018-09-26,48.00,48.10,46.06,47.07,5251945
2018-09-27,47.27,47.75,46.25,46.57,3588992
2018-09-28,46.34,47.77,46.29,47.35,3493915
2018-10-01,47.77,48.04,46.75,46.98,3081515
2018-10-02,46.94,47.80,46.75,46.93,1758910
2018-10-03,47.32,48.31,47.10,47.79,2316056
2018-10-04,47.71,47.87,46.38,46.65,3219268
2018-10-05,47.00,47.77,46.75,46.81,6324992
2018-10-08,46.45,46.68,45.50,45.84,2544730
2018-10-09,45.43,45.64,43.53,44.00,4961154
2018-10-10,43.70,44.92,43.47,43.66,4950123
2018-10-11,43.83,45.20,43.15,43.34,3900598
2018-10-12,44.47,44.51,42.32,42.99,4728370
2018-10-15,42.99,43.44,42.71,42.76,2390737
2018-10-16,43.36,44.22,42.85,44.11,2901049
2018-10-17,44.02,44.74,43.44,44.12,2287552
2018-10-18,43.97,44.47,43.56,43.76,2119682
2018-10-19,44.06,44.62,43.55,43.81,2115668
2018-10-22,44.16,44.36,43.20,43.60,1804424
2018-10-23,40.29,43.62,38.80,43.47,6298176
2018-10-24,43.25,43.57,41.25,41.68,4594602
2018-10-25,42.09,43.07,41.73,42.61,3951607
2018-10-26,37.78,40.25,36.69,38.80,10746490
2018-10-29,39.75,39.81,37.28,37.83,5155998
2018-10-30,37.82,38.87,37.77,38.85,4092297
2018-10-31,39.50,40.61,39.22,40.23,5307139
2018-11-01,40.55,43.32,40.33,42.98,7261630
2018-11-02,41.00,44.84,40.55,44.27,10657050
2018-11-05,43.86,45.69,43.11,44.95,7761744
2018-11-06,45.09,45.50,44.13,45.42,4095159
2018-11-07,45.54,45.82,44.66,45.80,3764962
2018-11-08,45.77,46.39,45.08,45.33,4431392
2018-11-09,44.92,44.92,42.34,43.03,7510518
2018-11-12,42.50,42.84,41.28,41.89,4490684
2018-11-13,42.21,42.86,41.98,42.55,3922589
2018-11-14,43.13,43.93,42.41,42.72,3718865
2018-11-15,42.40,44.24,42.21,43.86,3489698
2018-11-16,43.36,43.73,42.56,43.30,4260682
2018-11-19,43.26,43.48,41.82,42.06,3138586
2018-11-20,41.00,42.39,40.47,42.13,3945089
2018-11-21,42.43,43.53,42.05,42.54,4019036
2018-11-23,42.00,43.58,41.88,42.95,1419419
2018-11-26,43.70,43.96,42.61,43.92,2802269
2018-11-27,43.77,44.27,43.41,44.09,2859466
2018-11-28,44.12,44.50,41.92,44.10,4360979
2018-11-29,43.71,43.84,42.14,42.65,3167887
2018-11-30,42.54,43.16,41.79,43.09,4699248
2018-12-03,43.97,44.87,43.39,44.76,4698126
2018-12-04,44.30,44.84,41.55,41.57,5823041
2018-12-06,40.49,41.96,40.45,41.65,6688905
2018-12-07,41.48,41.61,39.90,39.90,4342238
2018-12-10,39.76,40.17,38.98,39.81,2766706
2018-12-11,40.56,40.92,39.08,39.50,2833955
2018-12-12,40.15,41.14,39.48,40.00,3185823
2018-12-13,40.19,40.36,39.19,39.40,2647046
2018-12-14,38.84,39.40,38.37,38.55,3244042
2018-12-17,38.51,39.25,37.10,37.43,4749494
2018-12-18,37.17,38.06,36.75,37.33,3904903
2018-12-19,37.41,38.14,35.78,36.18,5128940
2018-12-20,36.00,37.53,36.00,36.58,5705800
2018-12-21,36.59,37.44,35.71,36.36,13106260
2018-12-24,36.12,37.00,35.74,36.13,2915084
2018-12-26,36.37,37.97,35.38,37.91,4239860
2018-12-27,37.50,38.46,37.00,38.44,2780580
2018-12-28,38.54,39.06,37.80,38.35,2594357
2018-12-31,38.60,39.08,38.10,38.59,2502208
2019-01-02,37.92,39.41,37.66,39.08,3462097
2019-01-03,38.61,38.61,36.47,36.52,4413384
2019-01-04,37.18,38.40,36.95,38.14,3232168
2019-01-07,38.37,39.34,38.33,39.16,2854909
2019-01-08,39.45,39.66,38.43,39.14,2999828
2019-01-09,39.24,40.83,39.24,40.14,3958726
2019-01-10,40.14,40.89,39.68,40.60,2999033
2019-01-11,40.61,40.87,39.83,40.67,2196919
2019-01-14,40.00,40.50,39.16,40.12,3865016
2019-01-15,40.32,40.52,39.43,39.65,2364255
2019-01-16,39.62,40.17,39.53,39.72,1978682
2019-01-17,39.27,39.33,37.60,38.73,4731408
2019-01-18,39.08,40.27,38.84,40.23,3935903
2019-01-22,40.10,40.20,38.30,38.48,3677372
2019-01-23,38.82,39.50,38.22,38.76,2812559
2019-01-24,39.11,41.79,39.02,40.97,5144972
2019-01-25,43.75,46.31,42.80,43.66,9455297
2019-01-28,42.75,43.52,42.37,43.26,3531959
2019-01-29,43.42,43.53,42.48,42.77,2606128
2019-01-30,43.50,44.01,42.81,43.74,2911146
2019-01-31,43.64,44.49,43.20,44.28,4336237
2019-02-01,44.40,45.46,44.11,45.26,4486185
2019-02-04,44.99,45.89,44.08,45.56,6297385
2019-02-05,43.50,46.44,43.36,45.14,10617050
2019-02-06,45.25,46.34,45.18,45.23,5192239
2019-02-07,44.86,44.96,43.99,44.46,4309240
2019-02-08,43.99,45.04,43.71,45.02,3186783
2019-02-11,45.35,45.37,43.90,44.65,2471251
2019-02-12,45.06,45.70,44.85,45.39,3014704
2019-02-13,45.65,46.08,45.48,45.74,2670105
2019-02-14,45.56,46.10,45.39,45.77,3334894
2019-02-15,46.10,46.10,45.57,45.71,1953340
2019-02-19,45.94,46.08,45.59,45.89,2818869
2019-02-20,46.12,46.40,45.85,45.89,2277732
2019-02-21,45.76,45.91,45.02,45.11,2884062
2019-02-22,45.26,47.01,45.21,47.01,3043731
2019-02-25,47.87,48.93,47.74,48.05,3330230
2019-02-26,47.75,48.22,47.37,47.48,3004350
2019-02-27,47.36,47.51,46.58,46.82,2397404
2019-02-28,46.71,46.85,45.00,46.56,3562851
2019-03-01,46.70,47.26,46.24,46.35,2634601
2019-03-04,46.54,46.99,46.06,46.42,2673451
2019-03-05,46.53,46.57,46.13,46.29,2134261
2019-03-06,46.45,46.45,45.87,46.26,3448936
2019-03-07,46.20,46.20,44.95,45.19,3037321
2019-03-08,44.74,46.36,44.40,46.22,4289802
2019-03-11,46.58,48.67,46.31,48.63,4342144
2019-03-12,48.84,49.27,47.88,48.08,4013286
2019-03-13,48.46,48.46,47.41,47.68,2682234
2019-03-14,47.64,47.96,46.99,47.19,2758038
2019-03-15,47.49,48.29,47.30,47.68,4855211
2019-03-18,47.89,48.20,47.39,48.16,2693724
2019-03-19,47.77,48.07,47.19,47.26,2450317
2019-03-20,47.30,47.59,46.09,46.21,3044636
2019-03-21,46.57,49.41,46.48,48.98,4866556
2019-03-22,48.64,48.88,46.90,46.93,2930409
2019-03-25,46.98,47.60,46.25,46.83,2637865
2019-03-26,47.35,47.65,46.80,47.21,1672305
2019-03-27,47.21,47.44,45.57,45.82,2691158
2019-03-28,45.72,46.56,45.61,45.99,3673086
2019-03-29,46.42,47.98,46.25,47.89,3711802
2019-04-01,48.37,48.75,47.68,48.43,3841900
2019-04-02,48.42,49.12,48.27,48.76,3055175
2019-04-03,49.30,50.57,49.30,49.60,3350935
2019-04-04,49.41,49.71,49.07,49.22,1731399
2019-04-05,49.52,49.89,48.85,49.23,3401287
2019-04-08,49.69,49.69,48.83,49.37,2233404
2019-04-09,49.25,49.37,48.49,48.91,2593476
2019-04-10,48.87,50.00,48.66,49.71,2390306
2019-04-11,49.95,50.08,49.15,49.47,1871058
2019-04-12,49.88,50.29,49.56,49.67,2019799
2019-04-15,49.80,50.25,49.05,49.39,2276695
2019-04-16,49.72,50.67,49.55,50.64,2853801
2019-04-17,51.17,51.28,49.84,50.29,1896305
2019-04-18,50.18,50.55,49.98,50.50,1671960
2019-04-22,50.05,50.13,48.64,48.94,3397587
2019-04-23,48.99,49.11,48.16,48.22,3110317
2019-04-24,48.25,48.25,46.91,46.99,3719194
2019-04-25,46.97,47.31,45.97,46.07,2555173
2019-04-26,44.27,45.03,43.43,44.99,3954166
2019-04-29,44.99,45.50,44.60,44.94,5104228
2019-04-30,47.23,48.83,46.07,48.32,7423347
2019-05-01,49.74,49.81,47.96,48.31,3950329
2019-05-02,48.77,49.05,48.02,48.39,2314383
2019-05-03,49.10,49.65,48.49,49.60,2545822
2019-05-06,47.88,49.57,47.75,49.37,3265846
2019-05-07,48.77,49.28,48.09,48.56,3642038
2019-05-08,48.45,49.77,48.24,49.04,3593506
2019-05-09,48.21,48.48,46.66,47.57,4581416
2019-05-10,47.19,47.62,46.07,47.40,3336553
2019-05-13,45.84,45.99,43.83,44.04,6427199
2019-05-14,44.35,45.07,44.25,44.64,3121517
2019-05-15,44.32,45.63,44.17,45.59,1961353
2019-05-16,45.26,46.05,45.08,45.68,1711767
2019-05-17,45.10,45.84,44.92,45.22,2184792
2019-05-20,44.28,45.14,44.03,44.72,2347510
2019-05-21,45.28,46.30,45.26,46.16,2398572
2019-05-22,45.56,45.85,44.57,44.71,2786001
2019-05-23,44.00,44.17,43.29,43.74,2704757
2019-05-24,43.99,44.08,42.91,43.19,2346141
2019-05-28,43.41,43.81,42.61,42.63,3241802
2019-05-29,42.33,43.97,42.13,43.73,3884383
2019-05-30,43.89,44.56,43.41,43.92,3599004
2019-05-31,43.04,43.22,41.80,41.85,3135876
2019-06-03,41.97,42.71,41.63,42.52,4126155
2019-06-04,43.01,44.23,42.98,44.16,2960350
2019-06-05,44.47,44.84,43.25,44.05,2591525
2019-06-06,44.07,44.61,43.88,44.40,1618955
2019-06-07,44.30,44.38,43.47,43.56,3750740
2019-06-10,43.97,45.07,43.76,43.95,3099986
2019-06-11,44.71,45.12,43.70,43.79,2595212
2019-06-12,43.76,44.14,43.39,43.64,2373369
2019-06-13,43.75,44.63,43.45,44.56,2718211
2019-06-14,44.07,44.37,43.56,44.26,2314810
2019-06-17,43.93,44.80,43.00,44.36,3368403
2019-06-18,44.09,45.83,44.00,45.53,3833872
2019-06-19,45.92,45.94,45.32,45.44,1624704
2019-06-20,46.27,46.56,45.59,46.19,2170309
2019-06-21,46.07,46.84,45.91,46.46,4533296
2019-06-24,46.56,47.51,46.40,47.32,2886570
2019-06-25,47.25,47.54,45.99,46.21,3278536
2019-06-26,47.24,47.93,46.98,47.25,3040036
2019-06-27,46.92,47.05,46.27,46.72,2674901
2019-06-28,47.04,47.62,46.66,47.12,2322121
2019-07-01,48.77,49.59,47.12,47.51,3008596
2019-07-02,47.51,47.52,46.80,47.41,2157736
2019-07-03,47.45,47.68,47.20,47.53,748346
2019-07-05,47.19,47.69,46.86,47.25,1667264
2019-07-08,46.71,46.98,46.18,46.59,2135250
2019-07-09,46.31,46.50,45.62,46.04,2643761
2019-07-10,46.76,47.70,46.62,47.24,3382260
2019-07-11,47.54,47.54,46.51,46.66,2088461
2019-07-12,46.77,47.94,46.77,47.62,3693770
2019-07-15,48.00,48.53,47.84,48.34,2182353
2019-07-16,48.15,48.36,47.11,47.36,2321982
2019-07-17,47.21,47.38,46.54,47.00,1920426
2019-07-18,47.00,47.49,46.63,47.37,1471794
2019-07-19,47.80,47.85,47.29,47.30,1555915
2019-07-22,47.51,47.95,47.02,47.37,1778265
2019-07-23,47.59,47.80,47.14,47.73,1216865
2019-07-24,47.81,49.10,47.77,48.93,1873333
2019-07-25,48.68,48.74,47.81,48.08,1713175
2019-07-26,48.37,48.37,47.62,47.81,1273516
2019-07-29,47.70,47.75,47.07,47.48,1661845
2019-07-30,47.10,47.56,46.78,47.44,1721409
2019-07-31,47.52,47.55,45.86,46.31,2780176
2019-08-01,46.20,48.19,45.81,46.26,4414235
2019-08-02,42.22,46.32,42.10,44.93,5655196
2019-08-05,43.56,45.15,43.38,44.44,5457233
2019-08-06,44.86,45.14,44.06,44.68,3955460
2019-08-07,44.02,44.78,43.77,44.58,2970509
2019-08-08,44.73,45.17,44.40,45.14,2780323
2019-08-09,44.86,45.14,44.36,44.88,2930158
2019-08-12,44.37,45.05,44.37,44.82,2537170
2019-08-13,44.91,46.93,44.56,45.83,3116130
2019-08-14,44.95,45.32,44.32,44.63,2250523
2019-08-15,44.67,44.89,44.13,44.58,2604716
2019-08-16,44.97,46.24,44.84,46.03,2139142
2019-08-19,46.75,47.27,46.39,46.43,2747617
2019-08-20,46.48,46.56,45.92,46.37,2470790
2019-08-21,46.88,47.65,46.88,47.24,2473496
2019-08-22,47.51,47.78,47.39,47.58,1909334
2019-08-23,47.19,47.64,46.54,46.92,3325492
2019-08-26,47.66,47.66,46.84,47.07,1973504
2019-08-27,47.41,47.59,46.74,46.94,2668422
2019-08-28,46.81,47.30,46.36,47.15,3020229
2019-08-29,47.75,49.03,47.64,48.92,2812874
2019-08-30,49.51,51.15,49.46,50.21,3876249
2019-09-03,49.69,49.88,48.99,49.66,3845164
2019-09-04,50.36,52.20,50.03,52.17,4239209
2019-09-05,52.98,54.21,52.85,54.10,3806421
2019-09-06,53.90,54.55,53.73,54.33,2544382
2019-09-09,54.65,55.18,54.26,54.78,2866082
2019-09-10,54.58,55.34,54.13,55.33,3076823
2019-09-11,55.21,56.57,54.98,56.21,3089181
2019-09-12,56.05,57.01,55.84,56.30,3014100
2019-09-13,56.10,56.68,55.80,56.15,2842908
2019-09-16,55.57,56.05,55.14,55.70,1907694
2019-09-17,55.47,56.30,55.38,56.05,2107943
2019-09-18,55.85,57.20,54.60,56.75,4106898
2019-09-19,57.01,57.13,52.21,52.94,10591130
2019-09-20,52.72,52.85,51.60,52.40,9116198
2019-09-23,52.26,53.39,52.19,52.75,3273366
2019-09-24,52.55,52.66,51.40,51.86,3357234
2019-09-25,52.06,53.20,51.87,53.08,2381567
2019-09-26,53.18,53.90,52.79,53.66,3254878
2019-09-27,53.48,54.35,53.13,53.80,2411016
2019-09-30,53.97,54.24,53.31,53.79,2015072
2019-10-01,54.00,54.20,52.44,52.86,2377143
2019-10-02,52.39,52.64,51.83,52.25,3236768
2019-10-03,52.42,53.11,51.60,53.09,2034582
2019-10-04,53.03,53.75,52.91,53.68,1536404
2019-10-07,53.70,54.11,53.27,53.62,1664912
2019-10-08,52.70,52.82,51.12,51.21,3150244
2019-10-09,51.52,52.44,51.35,52.17,1514717
2019-10-10,52.42,53.40,52.28,52.90,2157160
2019-10-11,53.85,54.42,53.57,53.81,2372604
2019-10-14,53.75,54.10,53.46,53.88,1170682
2019-10-15,53.86,54.97,53.40,54.94,2200611
2019-10-16,55.00,55.17,54.48,54.90,1383214
2019-10-17,55.05,55.75,54.60,55.18,1144933
2019-10-18,55.07,55.31,54.58,54.98,1811353
2019-10-21,55.40,55.87,54.95,55.48,1719733
2019-10-22,55.87,56.71,55.56,55.86,1602020
2019-10-23,55.80,56.18,55.27,56.10,1837518
2019-10-24,56.47,56.98,55.78,56.24,1381527
2019-10-25,56.45,57.13,56.18,56.91,1622110
2019-10-28,57.29,57.79,57.10,57.75,1761617
2019-10-29,57.77,58.13,57.14,57.97,2152928
2019-10-30,57.96,57.96,56.93,57.85,1881776
2019-10-31,57.55,58.08,56.52,58.03,4771088
2019-11-01,55.50,58.19,54.61,57.62,4875688
2019-11-04,57.82,58.19,56.55,58.08,3184173
2019-11-05,57.99,58.14,57.38,57.67,2268604
2019-11-06,57.50,57.98,57.35,57.84,1547324
2019-11-07,58.23,58.74,57.98,58.12,1709539
2019-11-08,58.08,58.80,57.56,58.79,1544374
2019-11-11,58.58,58.78,58.06,58.25,1439139
2019-11-12,58.33,58.65,57.91,57.97,1694140
2019-11-13,57.66,58.25,57.46,58.13,1515279
2019-11-14,57.90,58.41,57.73,58.21,1281163
2019-11-15,58.50,59.48,58.34,59.08,2369990
2019-11-18,59.31,60.56,59.15,60.09,2713989
2019-11-19,60.34,60.40,59.58,59.65,2019261
2019-11-20,59.20,59.81,59.00,59.61,1405921
2019-11-21,59.59,60.07,59.21,59.48,1869331
2019-11-22,59.13,59.54,58.90,59.28,1496258
2019-11-25,59.71,59.98,59.31,59.85,1829632
2019-11-26,59.91,59.91,59.26,59.26,2425013
2019-11-27,59.62,60.29,59.33,60.24,1460091
2019-11-29,60.13,60.38,59.61,59.68,1037975
2019-12-02,60.00,60.26,59.24,59.33,1974196
2019-12-03,58.74,58.86,57.79,58.21,2627786
2019-12-04,58.78,59.04,58.22,58.64,2125871
2019-12-05,59.15,59.15,58.43,58.59,1476107
2019-12-06,59.30,59.94,58.93,58.99,2250080
2019-12-09,58.22,58.47,56.02,57.12,7408115
2019-12-10,57.31,58.40,57.12,57.62,3452642
2019-12-11,57.84,58.87,57.76,57.94,2345291
2019-12-12,58.18,59.20,57.97,59.05,2421348
2019-12-13,58.86,59.86,58.59,58.76,3155119
2019-12-16,59.43,59.67,59.02,59.06,2482955
2019-12-17,59.43,59.43,58.67,59.17,2556472
2019-12-18,59.25,59.34,58.38,58.80,2541111
2019-12-19,59.47,59.49,58.26,58.45,2623062
2019-12-20,58.76,59.71,58.33,59.62,4169401
2019-12-23,59.80,60.83,59.46,60.37,2564402
2019-12-24,59.88,59.97,59.15,59.49,819950
2019-12-26,59.53,59.96,59.50,59.92,1071130
2019-12-27,60.00,60.26,59.45,59.58,1298780
2019-12-30,59.60,59.67,58.88,59.29,1060315
2019-12-31,59.15,59.73,59.03,59.50,1266220
2020-01-02,59.81,60.64,59.77,60.50,2018530
2020-01-03,59.86,60.05,58.81,58.91,1649702
2020-01-06,58.40,58.71,57.90,58.21,1997073
2020-01-07,58.50,59.04,58.02,58.91,1915807
2020-01-08,58.90,59.90,58.49,59.37,2541227
2020-01-09,59.89,60.68,59.61,60.46,2313841
2020-01-10,60.47,60.57,59.66,59.98,1734821
2020-01-13,60.23,61.00,60.05,60.99,2111998
2020-01-14,60.95,61.12,60.31,60.78,2007851
2020-01-15,60.56,61.22,60.30,60.51,1950375
2020-01-16,61.07,61.54,60.81,61.53,1496769
2020-01-17,61.51,61.65,60.93,61.08,2013628
2020-01-21,61.00,61.42,60.78,61.05,2352254
2020-01-22,61.47,61.67,60.98,61.25,1242467
2020-01-23,61.61,62.79,61.16,62.76,3000631
2020-01-24,63.17,64.17,62.66,63.23,2902585
2020-01-27,61.89,62.15,60.24,60.67,2398014
2020-01-28,61.58,62.18,60.98,61.97,1745052
2020-01-29,60.91,61.46,58.43,59.01,2897140
2020-01-30,58.45,59.05,57.14,58.38,2778739
2020-01-31,58.24,58.24,56.78,56.99,2901122
2020-02-03,57.83,58.55,57.62,57.95,3610053
2020-02-04,59.54,59.85,58.04,58.97,4698163
2020-02-05,57.03,57.76,54.35,54.73,6600866
2020-02-06,55.09,55.66,54.66,55.16,4046547
2020-02-07,54.86,54.93,53.81,54.10,2884888
2020-02-10,53.97,55.02,53.70,54.94,2311753
2020-02-11,55.22,56.30,55.15,55.75,2434548
2020-02-12,55.96,56.90,55.92,56.22,1668885
2020-02-13,55.71,56.16,55.40,55.80,2307914
2020-02-14,55.86,56.00,53.73,53.99,3451425
2020-02-18,53.49,54.30,53.07,54.20,2769260
2020-02-19,54.32,54.66,53.79,53.95,2107740
2020-02-20,54.02,54.88,53.52,54.75,2220165
2020-02-21,54.46,54.50,53.55,54.04,2355766
2020-02-24,52.11,53.05,51.96,52.04,3115841
2020-02-25,52.65,52.83,50.12,50.42,3426887
2020-02-26,51.04,52.19,50.84,51.08,3056901
2020-02-27,49.67,50.20,48.33,48.36,4479924
2020-02-28,47.15,48.02,46.20,47.95,6034720
2020-03-02,49.01,50.42,48.34,50.37,4056988
2020-03-03,50.18,51.45,48.85,50.21,4147096
2020-03-04,51.34,51.61,50.24,51.44,2912146
2020-03-05,50.09,50.86,49.66,50.27,2204590
2020-03-06,48.51,49.67,48.02,49.26,3010687
2020-03-09,45.66,47.09,44.73,45.31,4427508
2020-03-10,47.14,47.94,44.67,47.90,3888868
2020-03-11,46.52,46.83,44.39,45.33,3550961
2020-03-12,42.09,45.23,40.64,44.55,6520522
2020-03-13,46.29,48.98,44.22,48.93,5238577
2020-03-16,42.73,44.41,40.97,40.97,4638445
2020-03-17,41.63,45.30,40.25,45.15,4473801
2020-03-18,42.40,44.63,40.38,42.99,4210182
2020-03-19,42.46,46.49,41.87,42.66,3452766
2020-03-20,43.08,43.29,40.60,40.73,3817526
2020-03-23,40.54,41.33,39.02,40.78,4791759
2020-03-24,42.46,44.02,41.59,43.46,3622246
2020-03-25,43.90,48.16,43.05,44.52,4310804
2020-03-26,44.64,48.10,44.50,47.97,3661034
2020-03-27,46.57,49.46,46.11,47.97,3417311
2020-03-30,48.21,50.62,47.67,49.87,2985427
2020-03-31,49.43,50.62,48.66,48.80,3620936
2020-04-01,47.39,48.70,46.66,47.86,3020761
2020-04-02,47.42,48.81,46.15,47.58,2798295
2020-04-03,47.46,48.09,45.45,45.76,2492710
2020-04-06,47.87,49.02,47.19,48.64,2334129
2020-04-07,50.06,50.92,49.03,49.07,2781974
2020-04-08,49.48,51.35,49.27,51.03,2168767
2020-04-09,51.65,53.27,51.10,51.25,3287467
2020-04-13,50.79,51.00,49.55,50.91,2002121
2020-04-14,52.05,52.60,51.02,51.43,2809723
2020-04-15,50.94,50.94,49.44,50.23,2328844
2020-04-16,50.50,50.83,49.10,50.63,2270497
2020-04-17,51.63,51.99,50.64,51.47,1965650
2020-04-20,50.94,51.56,50.15,50.83,2064020
2020-04-21,49.51,50.26,48.95,49.74,2720400
2020-04-22,50.90,50.94,49.98,50.74,2985074
2020-04-23,49.43,50.16,47.72,47.89,5733190
2020-04-24,48.37,48.66,47.52,48.63,3116979
2020-04-27,49.03,50.37,48.79,49.03,2555873
2020-04-28,49.87,49.87,48.88,48.99,2368302
2020-04-29,49.93,51.48,49.19,51.06,2992554
2020-04-30,50.76,51.00,49.80,49.95,2676467
2020-05-01,48.55,49.16,47.13,47.71,3282637
2020-05-04,47.26,47.60,46.14,46.44,2532125
2020-05-05,47.00,47.71,46.69,46.75,1782565
2020-05-06,47.34,47.71,46.62,47.52,2337885
2020-05-07,48.16,48.81,47.92,48.72,2571028
2020-05-08,49.57,51.21,49.35,51.06,2702622
2020-05-11,50.43,50.50,49.63,49.86,1449124
2020-05-12,50.06,50.35,48.60,48.62,1656612
2020-05-13,48.76,48.76,46.89,47.43,1767827
2020-05-14,46.80,48.07,46.09,48.07,1775458
2020-05-15,47.18,47.81,46.81,47.77,1811221
2020-05-18,49.17,49.70,48.81,49.38,1598925
2020-05-19,49.55,51.03,49.31,50.17,2078250
2020-05-20,50.82,52.49,50.76,51.85,2601162
2020-05-21,51.78,52.50,51.15,51.26,2195646
2020-05-22,51.16,51.37,50.06,50.96,1520466
2020-05-26,52.45,52.73,51.07,51.20,1820124
2020-05-27,51.57,52.17,50.16,52.01,2219875
2020-05-28,52.34,52.44,51.27,51.36,1801527
2020-05-29,51.13,53.36,51.13,53.04,4215088
2020-06-01,52.63,52.99,52.05,52.15,2472162
2020-06-02,51.96,52.72,51.17,52.69,2571247
2020-06-03,52.80,53.62,52.25,53.12,2323400
2020-06-04,52.88,54.62,52.79,54.05,2592305
2020-06-05,55.00,55.75,54.19,54.39,2863764
2020-06-08,54.88,55.79,54.51,55.63,2929811
2020-06-09,54.89,55.12,54.10,54.83,2016278
2020-06-10,55.13,55.71,54.21,55.33,2393009
2020-06-11,54.00,54.03,50.90,51.26,3746360
2020-06-12,52.79,52.83,49.80,50.61,4378348
2020-06-15,49.86,50.82,49.26,50.74,3732412
2020-06-16,52.50,52.69,50.85,51.68,3349134
2020-06-17,51.88,52.22,50.84,51.02,2421076
2020-06-18,50.31,50.52,49.30,49.64,4329177
2020-06-19,50.10,52.05,49.71,52.05,10593770
2020-06-22,51.50,51.69,50.47,50.91,4659640
2020-06-23,50.34,50.56,48.78,48.87,4799617
2020-06-24,48.56,49.10,47.27,47.62,3598676
2020-06-25,47.63,47.79,46.28,47.73,3006424
2020-06-26,47.51,47.72,46.63,46.97,3791663
2020-06-29,47.24,47.84,46.95,47.76,2000887
2020-06-30,47.99,48.88,47.87,48.41,2618738
2020-07-01,48.37,48.46,47.25,47.30,2478159
2020-07-02,47.96,48.22,47.25,47.34,2548126
2020-07-06,48.00,48.35,47.77,48.03,1871596
2020-07-07,47.81,48.03,47.06,47.11,2117812
2020-07-08,47.12,47.21,46.09,46.56,2608254
2020-07-09,46.65,47.02,45.93,46.78,2313944
2020-07-10,46.98,47.58,46.66,47.38,2159805
2020-07-13,47.82,48.05,47.17,47.33,2757857
2020-07-14,46.83,47.48,46.63,47.38,3373448
2020-07-15,48.00,48.40,47.52,48.24,2516897
2020-07-16,48.37,48.79,47.93,48.50,2933943
2020-07-17,48.68,48.80,47.90,48.27,1963137
2020-07-20,47.92,48.71,47.40,48.59,2294867
2020-07-21,48.95,49.53,48.83,49.42,4469589
2020-07-22,49.55,49.72,49.15,49.47,3152687
2020-07-23,49.48,50.82,49.41,50.00,3574091
2020-07-24,49.50,49.67,47.73,48.04,4081970
2020-07-27,48.10,49.59,47.86,49.58,3403880
2020-07-28,49.57,50.07,48.32,48.57,4440318
2020-07-29,45.04,45.73,43.53,44.31,14154270
2020-07-30,44.03,44.46,43.68,44.40,3771400
2020-07-31,44.65,45.41,44.16,45.22,7368660
2020-08-03,45.42,45.58,44.66,44.76,3675504
2020-08-04,45.10,45.80,44.79,45.39,3177385
2020-08-05,45.66,45.80,44.72,45.13,3407381
2020-08-06,44.50,45.01,44.17,44.96,3215585
2020-08-07,44.95,45.53,44.46,45.31,2781453
2020-08-10,45.40,46.56,45.40,46.07,3625337
2020-08-11,46.38,46.80,45.68,45.78,3529476
2020-08-12,45.71,45.91,45.25,45.64,2517087
2020-08-13,45.65,45.65,44.55,44.90,2910301
2020-08-14,45.07,45.34,44.87,45.07,1948759
2020-08-17,45.20,45.44,44.83,44.90,1750168
2020-08-18,45.00,45.21,44.54,45.06,2218786
2020-08-19,45.18,46.00,45.11,45.40,2540194
2020-08-20,45.19,45.26,44.66,45.04,2159632
2020-08-21,44.81,44.93,44.50,44.84,3163527
2020-08-24,44.98,45.62,44.76,45.61,2051586
2020-08-25,45.52,46.21,45.15,45.44,1950549
2020-08-26,45.43,45.79,45.15,45.73,2073313
2020-08-27,46.05,46.16,45.30,45.55,2112824
2020-08-28,45.85,46.89,45.50,46.60,2181749
2020-08-31,47.24,48.20,46.64,47.99,4854282
2020-09-01,48.01,48.04,46.27,47.07,3031199
2020-09-02,47.10,48.85,47.07,48.59,3135772
2020-09-03,48.31,48.50,46.76,47.09,3026720
2020-09-04,46.95,47.73,46.15,47.01,3193162
2020-09-08,45.71,46.20,45.25,45.69,4418903
2020-09-09,46.61,46.73,46.06,46.23,2512714
2020-09-10,46.73,47.06,45.79,45.93,2639691
2020-09-11,46.03,46.70,45.81,46.54,2835800
2020-09-14,46.96,47.83,46.87,47.65,3107814
2020-09-15,48.09,48.19,47.19,47.34,2591693
2020-09-16,47.80,49.27,47.63,48.67,3208326
2020-09-17,47.67,49.17,47.55,49.14,2672779
2020-09-18,49.32,49.52,48.25,48.82,4722884
2020-09-21,48.00,48.33,47.34,48.23,3363219
2020-09-22,47.73,47.86,47.13,47.71,2305209
2020-09-23,47.40,49.18,47.40,47.62,3520809
2020-09-24,47.11,47.87,46.89,47.42,2111013
2020-09-25,47.56,48.27,47.06,48.22,1839725
2020-09-28,48.56,49.80,48.31,49.66,3549029
2020-09-29,49.61,50.70,49.48,50.07,3544717
2020-09-30,49.97,50.07,49.07,49.27,2925142
2020-10-01,49.82,49.82,48.83,49.06,1947488
2020-10-02,48.41,49.16,48.08,48.74,1728353
2020-10-05,49.18,49.48,48.74,49.11,1999967
2020-10-06,49.35,50.41,49.05,49.60,2669626
2020-10-07,49.70,50.79,49.65,50.45,2603109
2020-10-08,50.81,51.38,50.52,51.33,2403027
2020-10-09,51.58,51.83,50.73,50.97,2408726
2020-10-12,50.75,51.54,50.73,51.29,2120951
2020-10-13,51.77,52.49,51.15,51.18,2463225
2020-10-14,51.24,51.70,50.93,51.04,2016809
2020-10-15,50.59,51.36,50.26,51.35,1501664
2020-10-16,50.96,51.77,50.61,51.44,2304852
2020-10-19,51.60,53.00,51.38,52.15,3693085
2020-10-20,52.49,52.85,51.81,51.89,2299501
2020-10-21,52.05,52.24,51.46,51.69,3478147
2020-10-22,51.30,52.10,51.23,51.79,3960272
2020-10-23,49.78,51.55,48.93,50.74,5912604
2020-10-26,50.45,50.82,48.60,48.96,4051725
2020-10-27,49.07,49.15,48.46,48.55,3541262
2020-10-28,48.00,48.30,47.10,47.74,3618697
2020-10-29,47.70,47.88,46.92,47.66,3619706
2020-10-30,47.33,47.87,47.09,47.82,3416498
2020-11-02,48.48,48.79,47.95,48.57,2765483
2020-11-03,49.19,50.63,48.90,50.35,2764516
2020-11-04,50.64,51.31,50.25,50.47,3435519
2020-11-05,50.75,52.95,50.60,52.75,3147455
2020-11-06,52.61,53.79,52.00,53.49,2880773
2020-11-09,54.90,55.58,54.11,54.15,4141107
2020-11-10,54.10,55.21,54.10,54.72,3698307
2020-11-11,55.00,55.22,54.27,54.63,2669091
2020-11-12,54.57,54.57,52.77,53.19,3013200
2020-11-13,53.46,55.00,53.46,54.71,2628239
2020-11-16,55.00,56.00,54.98,55.94,3242432
2020-11-17,55.41,55.88,55.00,55.51,2207026
2020-11-18,55.67,56.45,55.24,55.24,2499759
2020-11-19,54.80,56.08,54.53,55.92,1931295
2020-11-20,55.81,56.45,55.58,55.61,2174824
2020-11-23,56.11,57.04,56.01,56.92,3005431
2020-11-24,57.57,58.81,57.04,58.55,3521785
2020-11-25,58.38,58.51,57.55,58.34,2489114
2020-11-27,58.69,59.13,58.31,58.48,1463349
2020-11-30,58.53,59.34,58.12,58.81,4122812
2020-12-01,59.35,60.91,58.85,60.29,3974413
2020-12-02,60.20,61.40,60.11,61.20,2433012
2020-12-03,61.03,62.83,61.01,62.34,3649104
2020-12-04,62.00,64.32,62.00,64.07,3216503
2020-12-07,63.78,64.41,63.14,63.22,3351126
2020-12-08,62.67,64.42,62.60,63.85,3160874
2020-12-09,64.18,65.32,63.19,63.53,2886881
2020-12-10,62.93,65.05,62.62,64.82,3195643
2020-12-11,64.89,65.97,63.55,64.76,2921221
2020-12-14,65.20,65.76,64.50,64.64,2751968
2020-12-15,65.42,66.00,64.84,65.98,2145926
2020-12-16,66.00,66.51,65.80,66.31,2064572
2020-12-17,66.60,66.69,65.90,66.21,2499087
2020-12-18,66.44,66.68,64.60,64.72,6018998
2020-12-21,64.21,65.09,63.67,65.05,2495422
2020-12-22,64.51,64.88,63.57,63.71,1794361
2020-12-23,63.78,63.87,63.00,63.03,1457795
2020-12-24,63.19,63.19,62.40,62.95,797266
2020-12-28,63.86,63.98,62.19,62.52,1781891
2020-12-29,62.17,62.30,60.60,60.76,2520795
2020-12-30,60.23,61.34,60.10,60.60,3258862
2020-12-31,60.60,62.28,60.26,62.16,3483709
2021-01-04,62.29,62.65,59.83,60.08,3266191
2021-01-05,59.85,60.69,59.85,60.16,3000376
2021-01-06,59.92,60.67,59.33,59.87,3192551
2021-01-07,60.15,60.52,59.42,60.11,3534613
2021-01-08,60.71,60.77,58.78,59.00,3144337
2021-01-11,58.42,59.19,58.04,58.72,4922657
2021-01-12,58.94,59.41,58.70,59.03,4107683
2021-01-13,59.02,60.11,58.99,59.89,4296184
2021-01-14,60.00,60.69,59.47,59.95,3074875
2021-01-15,59.75,61.09,59.72,60.51,6259898
2021-01-19,61.20,61.68,59.94,61.22,4425501
2021-01-20,61.50,62.03,61.17,61.42,2795593
2021-01-21,61.42,63.01,61.15,62.94,6147643
2021-01-22,60.51,60.75,58.35,60.00,9787579
2021-01-25,60.11,61.82,59.14,61.19,4524250
2021-01-26,61.45,64.91,61.45,64.86,4653745
2021-01-27,64.64,77.06,64.13,71.72,20290220
2021-01-28,70.00,70.46,66.30,66.65,7263046
2021-01-29,67.36,68.55,65.14,66.12,4117089
2021-02-01,65.61,67.33,65.45,66.74,2352659
2021-02-02,67.58,67.61,65.81,66.78,2312748
2021-02-03,66.51,68.59,66.51,67.46,2215215
2021-02-04,67.67,67.92,66.85,67.72,2010511
2021-02-05,67.84,69.76,67.76,69.44,1831681
2021-02-08,69.68,72.00,69.61,71.41,2307672
2021-02-09,71.57,72.50,71.19,72.36,1820611
2021-02-10,72.80,73.15,70.72,70.99,2076786
2021-02-11,71.12,72.49,70.91,72.46,1809499
2021-02-12,72.31,73.21,71.78,72.21,1496807
2021-02-16,72.52,72.89,70.94,71.00,2290029
2021-02-17,70.55,71.75,70.05,71.41,1924026
2021-02-18,72.53,73.85,71.84,72.47,2934166
2021-02-19,73.36,73.83,71.87,73.14,2491579
2021-02-22,72.89,74.44,72.50,73.48,2130302
2021-02-23,72.20,72.84,70.70,72.21,3032080
2021-02-24,72.63,76.29,72.18,74.34,4154711
2021-02-25,75.36,75.57,72.76,72.85,2933907
2021-02-26,72.59,75.47,72.56,73.23,3657792
2021-03-01,75.29,75.35,73.56,73.81,2539669
2021-03-02,73.18,74.19,72.40,72.52,2241662
2021-03-03,73.68,76.45,73.42,75.94,5505508
2021-03-04,72.80,73.45,70.36,71.61,8329093
2021-03-05,72.88,74.00,71.19,73.38,4810471
2021-03-08,73.76,75.32,72.88,74.56,4064871
2021-03-09,75.43,76.20,74.67,75.15,3097192
2021-03-10,75.82,75.89,74.53,74.93,2122515
2021-03-11,75.77,78.00,75.52,77.25,2712425
2021-03-12,76.99,77.16,76.23,76.78,2614510
2021-03-15,77.13,77.23,74.25,75.41,2650985
2021-03-16,75.09,75.99,74.70,75.48,2454328
2021-03-17,76.89,78.04,75.44,77.98,3426710
2021-03-18,76.79,76.89,73.52,73.87,4150704
2021-03-19,74.23,75.62,73.95,74.63,9605222
2021-03-22,75.57,76.59,75.26,75.94,3088325
2021-03-23,74.67,75.25,71.68,72.60,2921692
2021-03-24,73.05,73.66,71.25,71.33,1936771
2021-03-25,70.99,73.32,70.53,72.98,2680740
2021-03-26,72.89,76.08,72.59,76.02,2832589
2021-03-29,75.70,77.13,75.08,75.23,2365531
2021-03-30,75.08,75.97,74.75,75.70,1913577
2021-03-31,75.83,77.53,75.43,76.75,2765169
2021-04-01,77.26,78.50,76.80,78.49,3178767
2021-04-05,79.06,79.86,78.76,79.20,2188820
2021-04-06,78.66,79.34,78.01,78.72,2314180
2021-04-07,78.88,79.80,78.68,78.96,1680896
2021-04-08,79.99,80.14,78.25,80.00,2302375
2021-04-09,79.92,80.77,79.40,80.53,2022469
2021-04-12,80.83,80.83,79.23,79.91,1954548
2021-04-13,80.46,80.50,78.73,79.98,2465381
2021-04-14,80.01,80.69,79.05,80.28,3445107
2021-04-15,80.52,81.65,80.10,81.33,2534983
2021-04-16,81.62,82.85,81.33,82.07,5786311
2021-04-19,81.94,83.17,81.54,82.33,3111530
2021-04-20,82.52,83.72,82.30,82.41,2832463
2021-04-21,82.57,83.96,81.60,83.88,2646447
2021-04-22,84.12,85.07,83.13,84.08,4529337
2021-04-23,83.49,89.22,83.20,89.15,4341753
2021-04-26,89.58,93.75,89.58,93.27,5177895
2021-04-27,92.73,94.60,92.71,94.23,3829519
2021-04-28,94.66,95.45,94.01,95.20,2972947
2021-04-29,95.80,97.12,94.35,96.83,3231448
2021-04-30,97.01,97.10,92.33,92.84,4829556
2021-05-03,94.00,94.00,90.93,91.60,3622954
2021-05-04,91.14,91.14,86.87,88.48,5893023
2021-05-05,89.34,89.56,87.32,88.43,3837016
2021-05-06,88.91,90.01,87.79,89.99,3609666
2021-05-07,90.06,91.98,88.38,91.56,4634851
2021-05-10,92.46,92.50,88.82,89.99,4500417
2021-05-11,87.73,89.11,85.65,86.76,5254482
2021-05-12,85.90,86.70,83.89,84.41,3179243
2021-05-13,85.01,87.77,84.83,87.13,3082518
2021-05-14,88.50,99.07,88.42,97.97,9345412
2021-05-17,97.26,106.22,97.21,104.23,10343100
2021-05-18,104.75,105.15,100.48,101.17,4535964
2021-05-19,94.77,99.92,91.68,99.56,4625443
2021-05-20,101.00,102.00,95.50,96.82,3285672
2021-05-21,94.99,96.54,93.38,93.92,3355018
2021-05-24,95.22,99.60,93.96,98.15,3465630
2021-05-25,98.16,98.43,93.08,93.50,3244690
2021-05-26,94.59,96.81,93.73,96.79,2589415
2021-05-27,97.17,98.00,95.77,96.43,3255190
2021-05-28,98.05,98.05,94.95,95.75,2333616
2021-06-01,98.15,98.87,96.51,98.25,2214848
2021-06-02,98.88,100.39,97.55,98.03,2157455
2021-06-03,96.40,97.99,96.06,97.57,1391980
2021-06-04,98.11,99.51,97.72,99.12,1250013
2021-06-07,99.70,99.74,97.64,98.65,1734402
2021-06-08,99.09,101.19,96.88,100.83,3200671
2021-06-09,101.65,101.65,99.30,99.33,2284656
2021-06-10,99.70,100.15,96.82,97.46,2105448
2021-06-11,97.89,99.35,96.02,96.77,2318443
2021-06-14,96.76,97.01,94.03,94.66,2018746
2021-06-15,95.12,95.70,93.77,93.94,1382754
2021-06-16,93.75,94.27,92.38,92.69,1840044
2021-06-17,92.00,92.57,87.62,88.82,3802861
2021-06-18,87.28,87.87,85.00,85.30,4831656
2021-06-21,86.39,86.67,84.68,85.31,2641813
2021-06-22,85.33,85.36,83.69,84.50,2459802
2021-06-23,84.79,85.99,83.93,84.76,2263740
2021-06-24,86.87,86.87,85.50,86.39,2002740
2021-06-25,86.24,87.70,86.10,86.50,1727859
2021-06-28,86.50,87.11,86.00,86.21,1428505
2021-06-29,86.50,87.82,86.30,87.68,1739842
2021-06-30,88.54,88.80,87.06,87.93,1533779
2021-07-01,88.10,88.39,86.49,86.62,1648872
2021-07-02,86.94,87.17,85.79,87.03,1294859
2021-07-06,86.71,87.61,85.12,85.63,1729056
2021-07-07,86.06,88.06,85.54,87.82,2161819
2021-07-08,85.00,87.98,84.58,86.50,1894375
2021-07-09,87.54,88.61,87.04,87.96,1437257
2021-07-12,88.45,89.43,87.77,88.98,1384253
2021-07-13,88.00,89.30,87.54,88.50,1584179
2021-07-14,89.50,90.33,88.84,89.62,1500139
2021-07-15,90.57,90.72,85.46,86.15,2136268
2021-07-16,86.39,86.98,84.07,84.46,1612020
2021-07-19,83.05,84.44,82.13,84.29,1938060
2021-07-20,84.25,86.01,84.06,85.49,2470515
2021-07-21,81.75,83.99,78.86,82.60,6407581
2021-07-22,82.48,83.83,81.96,83.14,2309882
2021-07-23,83.21,85.60,83.17,85.48,2723169
2021-07-26,85.73,87.30,85.73,86.27,2467321
2021-07-27,85.98,86.06,83.13,85.18,2111675
2021-07-28,85.22,87.06,85.11,86.60,1436913
2021-07-29,87.73,87.73,85.75,87.20,1011183
2021-07-30,86.75,88.95,86.51,87.90,3085135
2021-08-02,88.65,89.27,87.82,88.50,2174076
2021-08-03,88.66,91.10,88.18,90.42,1962337
2021-08-04,89.94,90.38,89.01,89.32,1617052
2021-08-05,89.80,91.11,89.51,90.90,1784042
2021-08-06,91.35,93.18,91.34,92.15,1472079
2021-08-09,91.84,93.13,91.34,92.52,1044545
2021-08-10,92.87,93.78,92.25,92.77,1547220
2021-08-11,92.80,94.29,91.80,94.13,1704499
2021-08-12,94.48,94.48,89.95,90.83,2058680
2021-08-13,90.41,91.75,90.11,90.34,1347439
2021-08-16,91.77,92.39,90.60,90.71,1790541
2021-08-17,89.60,91.15,88.99,90.21,1255559
2021-08-18,90.21,90.84,88.98,89.03,1384189
2021-08-19,88.08,88.79,87.46,88.14,1435124
2021-08-20,88.33,89.52,87.99,89.44,1269867
2021-08-23,90.07,92.34,89.96,91.66,1255059
2021-08-24,90.70,91.16,84.69,86.07,5323324
2021-08-25,85.90,89.53,85.90,86.89,3235582
2021-08-26,86.93,87.20,84.64,84.74,2324985
2021-08-27,84.86,87.10,84.84,86.31,1659080
2021-08-30,86.35,87.27,85.78,86.84,1484258
2021-08-31,87.01,88.22,86.55,87.59,1896892
2021-09-01,88.22,88.22,86.00,87.19,2051908
2021-09-02,87.91,89.60,87.45,89.50,1630137
2021-09-03,89.64,90.75,89.44,90.32,1484663
2021-09-07,90.65,90.80,87.97,88.06,1811197
2021-09-08,86.40,86.43,83.37,84.33,3542930
2021-09-09,84.44,88.60,84.36,87.34,4818427
2021-09-10,87.23,88.00,83.61,83.92,3662680
2021-09-13,83.87,84.78,83.17,83.94,1856231
2021-09-14,83.68,84.98,82.07,82.73,2100099
2021-09-15,82.98,84.39,82.75,84.35,1867168
2021-09-16,84.15,86.01,84.13,84.82,1782604
2021-09-17,84.24,85.18,83.52,83.74,4437530
2021-09-20,82.31,83.04,81.32,82.95,2267001
2021-09-21,83.08,83.15,81.29,81.57,1697744
2021-09-22,82.55,83.92,82.15,82.94,1504776
2021-09-23,83.47,85.75,83.30,85.04,1564550
2021-09-24,85.09,86.26,84.35,86.08,1247577
2021-09-27,85.99,88.24,85.69,86.91,1250195
2021-09-28,86.26,87.01,83.89,84.20,2114440
2021-09-29,83.94,84.49,82.48,83.10,1578847
2021-09-30,83.53,83.73,82.48,82.52,1228632
2021-10-01,83.67,85.02,81.34,84.41,1655628
2021-10-04,84.23,85.71,83.58,84.14,2131665
2021-10-05,84.43,85.78,82.83,85.15,2084958
2021-10-06,81.17,81.95,79.36,80.61,4414089
2021-10-07,81.36,82.63,80.67,81.78,2111259
2021-10-08,82.23,82.55,79.84,79.93,1985705
2021-10-11,79.85,82.22,79.70,81.63,2514382
2021-10-12,81.95,82.10,78.20,79.01,2558116
2021-10-13,79.23,80.30,78.76,79.57,1357399
2021-10-14,80.50,83.49,80.32,82.50,2105233
2021-10-15,82.46,83.30,81.72,81.99,1733209
2021-10-18,81.39,82.21,80.79,81.24,1911840
2021-10-19,81.25,81.51,79.84,81.12,2425549
2021-10-20,81.23,82.19,80.48,80.53,1983381
2021-10-21,80.15,82.25,79.84,82.24,2606339
2021-10-22,86.50,88.97,85.10,87.23,5172784
2021-10-25,88.59,89.87,87.58,89.16,3979565
2021-10-26,87.76,89.00,85.94,88.07,3877244
2021-10-27,88.67,89.00,87.54,88.03,2154447
2021-10-28,88.49,89.99,88.49,89.55,1766114
2021-10-29,88.25,89.54,87.76,89.07,2702318
2021-11-01,89.55,93.25,89.46,91.90,2293363
2021-11-02,92.13,92.14,90.49,91.82,1754589
2021-11-03,92.20,94.82,91.91,93.46,2722302
2021-11-04,94.00,95.33,93.63,95.30,1376062
2021-11-05,95.70,97.36,95.53,96.75,1636896
2021-11-08,97.12,98.14,97.00,97.72,1275479
2021-11-09,97.69,99.50,96.89,99.29,2631933
2021-11-10,99.18,100.67,98.18,99.02,1876487
2021-11-11,99.15,106.68,99.10,105.26,5507448
2021-11-12,105.94,116.93,105.60,108.12,7778512
2021-11-15,108.19,108.30,105.20,105.66,3037383
2021-11-16,106.09,106.45,103.33,103.66,2918095
2021-11-17,103.67,104.50,100.36,100.89,3194794
2021-11-18,101.43,101.94,100.25,101.25,2736759
2021-11-19,101.88,102.82,100.65,100.78,1831377
2021-11-22,101.10,103.69,100.64,101.62,2405483
2021-11-23,101.93,103.47,100.01,101.58,2040705
2021-11-24,101.18,101.74,100.50,101.04,1644727
2021-11-26,99.22,100.36,98.07,98.62,1345398
2021-11-29,100.77,104.43,100.69,104.06,2425401
2021-11-30,102.95,104.73,101.64,102.67,4115864
2021-12-01,104.16,108.45,103.71,103.84,3058007
2021-12-02,103.29,106.11,102.62,105.11,2016155
2021-12-03,103.77,106.32,103.09,105.41,3038417
2021-12-06,104.74,105.37,101.60,103.59,1937783
2021-12-07,105.11,109.39,104.29,108.52,2593153
2021-12-08,108.84,109.00,104.46,105.70,2301043
2021-12-09,105.36,106.18,102.83,102.93,1519796
2021-12-10,103.51,103.98,101.65,103.91,1213986
2021-12-13,103.68,103.78,100.75,101.68,1458898
2021-12-14,101.05,102.62,100.07,102.44,1824066
2021-12-15,102.72,104.70,100.60,104.53,1610947
2021-12-16,105.43,106.73,103.99,104.61,2084019
2021-12-17,103.94,105.31,102.54,104.51,4205473
2021-12-20,103.89,105.99,103.15,105.13,1986852
2021-12-21,107.54,109.28,105.79,109.22,2088558
2021-12-22,108.36,110.35,107.25,110.31,1583807
2021-12-23,110.65,112.19,110.50,111.42,1105597
2021-12-27,111.58,113.95,111.51,113.61,849250
2021-12-28,114.00,114.29,113.00,113.84,753234
2021-12-29,114.10,116.35,114.10,115.00,1456210
2021-12-30,114.99,115.88,113.67,113.78,1446732
2021-12-31,113.69,115.13,112.75,112.98,1060187
2022-01-03,113.03,114.41,111.58,113.16,1421815
2022-01-04,113.68,116.50,113.30,116.02,1590135
2022-01-05,115.97,117.67,114.30,114.71,2276291
2022-01-06,114.67,115.50,112.02,112.38,1644125
2022-01-07,112.00,112.65,110.03,110.96,1501537
2022-01-10,110.00,114.58,109.33,114.42,2566067
2022-01-11,114.25,115.00,108.63,111.72,2403491
2022-01-12,112.69,114.45,111.96,113.23,1286306
2022-01-13,114.00,114.22,110.43,110.84,1195070
2022-01-14,110.13,111.42,108.15,109.20,1288037
2022-01-18,108.14,108.33,105.02,105.46,1580167
2022-01-19,106.05,106.34,102.09,102.36,2063177
2022-01-20,103.84,103.99,100.24,100.43,2158122
2022-01-21,99.22,99.56,95.25,95.52,2735430
2022-01-24,93.69,97.39,91.92,97.16,3036807
2022-01-25,95.15,96.39,91.89,94.78,2324861
2022-01-26,97.84,98.94,94.50,96.31,3665570
2022-01-27,107.29,117.03,102.52,103.68,11945360
2022-01-28,102.61,107.20,100.66,107.02,3850937
2022-01-31,106.50,109.59,106.22,107.15,3820634
2022-02-01,107.15,108.74,105.50,107.96,1931821
2022-02-02,108.07,110.61,107.44,110.39,2075065
2022-02-03,108.61,109.95,108.10,108.17,1565525
2022-02-04,107.81,109.90,106.80,108.72,1297367
2022-02-07,109.64,110.04,108.50,109.44,1374149
2022-02-08,109.62,111.00,108.69,110.74,1284325
2022-02-09,112.20,112.37,110.26,112.08,1227387
2022-02-10,110.82,113.50,109.56,110.08,1794257
2022-02-11,110.58,111.64,108.12,108.71,1734450
2022-02-14,108.36,108.64,105.42,106.13,1809452
2022-02-15,107.82,110.40,107.05,109.92,1204834
2022-02-16,109.40,112.63,109.09,111.85,1329177
2022-02-17,111.57,112.63,110.71,111.19,1221860
2022-02-18,110.73,110.98,108.44,108.64,1906493
2022-02-22,107.21,108.41,105.44,107.35,3470766
2022-02-23,107.98,108.63,104.53,104.83,2818088
2022-02-24,100.40,103.33,99.43,103.16,2948608
2022-02-25,103.57,105.04,102.50,104.90,1911323
2022-02-28,103.18,104.54,101.58,103.16,2011904
2022-03-01,102.80,104.27,100.06,100.62,1672342
2022-03-02,101.40,106.09,101.31,105.70,1651953
2022-03-03,105.96,106.62,104.10,104.66,950947
2022-03-04,103.28,104.40,101.83,103.18,1591937
2022-03-07,102.27,104.40,100.00,100.09,1541395
2022-03-08,100.59,103.47,90.23,90.57,5207502
2022-03-09,91.77,92.16,87.25,90.39,3827291
2022-03-10,89.35,89.80,87.32,88.72,2047711
2022-03-11,89.44,89.74,86.26,87.33,1871151
2022-03-14,87.24,87.83,84.51,86.35,2426258
2022-03-15,86.54,88.98,86.04,88.61,2165375
2022-03-16,89.48,90.76,88.14,90.44,1853034
2022-03-17,89.93,92.44,89.00,92.10,1756215
2022-03-18,91.62,94.58,91.35,94.32,3945174
2022-03-21,93.76,94.72,91.84,92.27,1267940
2022-03-22,92.60,93.82,91.50,93.67,1445584
2022-03-23,93.41,93.41,90.80,91.41,1397270
2022-03-24,92.07,93.98,91.78,93.92,1296187
2022-03-25,93.54,93.54,88.53,90.92,2736499
2022-03-28,90.50,92.48,90.25,92.39,1316917
2022-03-29,93.66,94.68,91.36,93.65,1410269
2022-03-30,93.66,94.02,90.79,91.37,1160407
2022-03-31,91.69,92.08,89.80,89.90,2125553
2022-04-01,90.49,90.80,87.57,89.42,1834847
2022-04-04,89.98,91.22,89.51,90.97,1111823
2022-04-05,90.67,91.80,87.75,88.15,1663335
2022-04-06,86.68,87.50,85.59,86.10,1544344
2022-04-07,86.39,87.05,85.11,86.53,1476710
2022-04-08,86.19,86.36,84.84,85.04,1117506
2022-04-11,84.93,85.26,83.05,84.52,1376609
2022-04-12,85.44,86.82,83.01,83.15,1891227
2022-04-13,83.46,84.60,82.71,84.10,1519427
2022-04-14,81.18,82.78,80.89,81.41,2806466
2022-04-18,81.40,83.26,81.27,82.31,1909422
2022-04-19,81.51,84.44,81.28,84.13,1865382
2022-04-20,85.02,86.96,84.69,85.76,1863105
2022-04-21,86.22,86.88,83.91,84.25,1310594
2022-04-22,83.87,84.09,82.22,82.42,1564443
2022-04-25,81.52,82.76,80.80,82.54,2155296
2022-04-26,81.90,82.05,78.95,79.24,2797568
2022-04-27,80.00,84.84,79.77,81.65,3259151
2022-04-28,81.68,83.12,79.99,82.17,2145948
2022-04-29,82.98,84.91,81.89,82.04,2798400
2022-05-02,82.10,82.52,80.04,82.45,1960903
2022-05-03,82.97,84.20,81.94,83.89,2309863
2022-05-04,84.12,86.74,82.55,86.45,2099683
2022-05-05,85.14,85.30,81.79,82.72,2042611
2022-05-06,82.00,83.86,81.23,82.62,1479592
2022-05-09,81.01,82.54,79.96,80.36,1592068
2022-05-10,81.55,82.17,79.80,80.80,1867435
2022-05-11,80.20,81.80,76.92,77.13,1611651
2022-05-12,76.58,78.35,76.28,78.10,1780252
2022-05-13,79.30,81.17,79.07,80.71,1399341
2022-05-16,80.66,83.79,80.42,82.83,3144490
2022-05-17,83.60,87.25,83.60,87.10,1895748
2022-05-18,85.90,86.51,83.20,84.10,1892505
2022-05-19,83.20,84.50,82.18,82.51,1584865
2022-05-20,83.07,83.49,78.10,80.12,2312847
2022-05-23,80.71,82.08,80.08,81.93,1274916
2022-05-24,81.56,81.77,78.34,79.55,1959659
2022-05-25,79.30,83.53,79.09,82.66,1806639
2022-05-26,82.04,86.00,82.04,85.73,1640439
2022-05-27,87.01,88.25,86.01,88.17,1451766
2022-05-31,86.81,87.02,82.06,84.67,4015166
2022-06-01,85.10,86.43,83.67,83.68,1904827
2022-06-02,83.68,85.28,83.53,84.64,1086464
2022-06-03,83.39,83.73,81.75,82.71,1159714
2022-06-06,83.69,84.38,82.13,82.54,1175451
2022-06-07,81.71,84.65,81.52,84.49,1305244
2022-06-08,84.29,84.34,82.46,83.69,1840970
2022-06-09,83.13,85.20,82.80,82.85,1613993
2022-06-10,81.53,82.20,80.13,80.61,1540528
2022-06-13,78.65,79.47,76.67,77.04,2376287
2022-06-14,77.50,77.61,74.88,75.63,1558916
2022-06-15,75.88,77.31,74.96,76.24,1815693
2022-06-16,73.99,74.07,70.11,70.82,3201206
2022-06-17,70.94,73.19,70.36,72.69,3171156
2022-06-21,73.72,74.64,71.93,72.70,2077038
2022-06-22,72.38,72.96,71.16,71.60,3195829
2022-06-23,71.57,71.57,69.78,70.75,1790950
2022-06-24,70.97,74.43,70.91,74.15,1948552
2022-06-27,74.83,74.83,73.46,74.21,1046098
2022-06-28,74.67,75.22,72.52,72.91,1657442
2022-06-29,72.91,73.05,71.07,71.48,1411124
2022-06-30,70.38,72.26,69.81,71.44,1526643
2022-07-01,71.01,71.52,68.02,69.09,1782462
2022-07-05,67.60,71.33,67.36,71.31,1796273
2022-07-06,71.08,71.97,70.20,71.53,1610079
2022-07-07,72.29,74.92,72.09,74.49,1714444
2022-07-08,73.69,75.55,73.33,74.87,1104953
2022-07-11,74.55,74.98,73.61,74.33,1332598
2022-07-12,74.64,75.87,74.20,74.78,1163250
2022-07-13,73.50,75.12,73.25,74.56,1432757
2022-07-14,73.53,75.89,72.02,75.58,1550203
2022-07-15,76.26,77.92,75.37,77.58,1985337
2022-07-18,78.16,79.45,77.17,77.51,1577763
2022-07-19,77.86,81.00,77.73,80.79,2298270
2022-07-20,80.27,82.21,80.02,82.07,2211086
2022-07-21,82.43,83.78,81.08,83.61,3380551
2022-07-22,75.00,79.24,75.00,76.83,8009896
2022-07-25,76.91,78.99,75.28,76.52,3441572
2022-07-26,76.44,77.78,75.99,75.99,2383409
2022-07-27,76.11,79.13,75.37,78.68,2387926
2022-07-28,78.58,80.14,77.07,79.80,1859579
2022-07-29,79.50,80.86,78.99,79.98,3995243
2022-08-01,78.97,80.21,77.66,79.54,1325622
2022-08-02,79.00,80.41,78.31,79.01,1309666
2022-08-03,79.50,80.66,79.04,80.16,1169894
2022-08-04,80.21,80.72,79.22,80.39,1180670
2022-08-05,79.06,81.04,78.62,80.95,1223936
2022-08-08,80.82,81.74,80.36,81.08,1162981
2022-08-09,80.35,80.37,75.67,77.34,2195451
2022-08-10,78.64,80.72,78.55,80.34,1282869
2022-08-11,81.31,83.64,80.43,82.47,1766208
2022-08-12,82.66,83.51,82.27,83.43,1019067
2022-08-15,82.88,82.91,81.23,82.20,1259617
2022-08-16,81.60,82.39,81.38,81.85,845797
2022-08-17,80.92,80.92,78.03,79.24,2550644
2022-08-18,79.52,81.80,79.51,81.63,1067400
2022-08-19,80.85,80.85,79.58,79.97,1014665
2022-08-22,78.21,78.68,76.30,76.57,1880699
2022-08-23,76.66,77.32,75.20,75.56,1658645
2022-08-24,75.34,76.69,75.30,76.07,1131225
2022-08-25,76.67,79.26,76.64,79.24,1215507
2022-08-26,78.76,78.79,74.56,74.62,1789586
2022-08-29,73.59,74.96,72.50,72.56,1289964
2022-08-30,72.14,72.20,68.82,69.42,3582184
2022-08-31,65.41,67.83,65.10,66.96,6244315
2022-09-01,65.09,66.16,63.50,65.92,3028549
2022-09-02,66.89,67.44,65.07,65.47,1727197
2022-09-06,65.56,66.10,63.76,65.35,2432494
2022-09-07,64.86,66.05,64.32,65.62,1734877
2022-09-08,65.05,66.27,63.78,66.13,1813757
2022-09-09,67.13,69.20,66.81,68.83,2292277
2022-09-12,69.22,69.85,68.48,68.77,1917856
2022-09-13,66.90,67.25,64.80,65.24,2466100
2022-09-14,65.07,65.25,62.60,63.22,2989278
2022-09-15,63.07,63.54,62.10,62.58,3894850
2022-09-16,62.33,62.81,61.54,62.71,3219426
2022-09-19,61.78,62.78,61.36,62.02,2315421
2022-09-20,60.69,60.84,59.22,59.93,2143255
2022-09-21,60.04,61.93,59.49,59.53,1875299
2022-09-22,59.08,59.45,58.56,58.84,1289982
2022-09-23,58.09,58.34,56.88,57.78,2087494
2022-09-26,57.07,57.65,55.16,55.39,2443521
2022-09-27,56.52,56.78,55.56,56.53,1524300
2022-09-28,56.54,57.21,56.29,56.98,1429878
2022-09-29,55.72,55.72,53.04,54.38,4333967
2022-09-30,54.38,55.36,53.12,53.23,2632580
2022-10-03,53.57,55.63,53.57,54.76,4374221
2022-10-04,55.77,57.56,55.69,57.00,4755719
2022-10-05,55.87,57.76,55.22,57.43,2745161
2022-10-06,56.88,57.10,54.59,55.71,3313420
2022-10-07,54.47,55.99,53.23,53.76,2926352
2022-10-10,53.93,54.10,51.59,52.23,1889651
2022-10-11,52.14,53.16,51.34,51.97,2802805
2022-10-12,52.19,52.76,51.57,51.82,1573832
2022-10-13,50.65,53.95,50.30,53.04,2100614
2022-10-14,53.38,53.38,49.62,51.61,3943933
2022-10-17,52.83,53.21,52.13,53.06,1861122
2022-10-18,54.28,54.55,52.19,52.97,1625708
2022-10-19,52.40,53.60,52.40,52.85,2211192
2022-10-20,53.35,54.95,52.78,53.03,2690231
2022-10-21,52.97,55.77,52.82,55.71,3434642
2022-10-24,56.02,56.55,54.94,56.31,3276837
2022-10-25,55.96,58.00,55.96,58.00,4275692
2022-10-26,53.00,54.82,50.47,53.39,10046850
2022-10-27,53.14,54.27,51.79,51.96,5480803
2022-10-28,52.00,52.69,51.35,51.45,4390549
2022-10-31,51.04,51.32,49.58,49.66,4408046
2022-11-01,50.50,51.70,49.75,51.03,2529010
2022-11-02,50.82,51.27,49.44,49.49,2402896
2022-11-03,48.73,49.08,47.47,48.49,2154733
2022-11-04,49.82,51.36,49.65,51.12,2675030
2022-11-07,51.48,52.87,51.00,52.57,2224578
2022-11-08,53.10,54.08,52.19,53.00,2848877
2022-11-09,52.18,52.30,50.54,50.59,1933054
2022-11-10,53.20,54.68,52.96,53.80,3155544
2022-11-11,54.00,57.60,53.95,57.15,2597627
2022-11-14,56.54,57.60,56.33,56.39,2131300
2022-11-15,57.87,58.06,55.57,55.73,3516354
2022-11-16,55.00,55.00,52.23,53.91,2886156
2022-11-17,52.95,54.61,52.66,54.41,1314313
2022-11-18,55.11,55.22,53.62,54.57,1405324
2022-11-21,53.94,54.55,53.33,54.10,1668295
2022-11-22,54.56,54.83,53.60,54.11,1647506
2022-11-23,54.34,54.96,54.11,54.81,1213939
2022-11-25,54.60,55.42,54.43,54.70,883006
2022-11-28,54.11,54.48,52.14,52.31,2083259
2022-11-29,51.90,52.29,51.18,51.45,2313568
2022-11-30,50.86,53.10,49.68,52.97,4164365
2022-12-01,53.34,53.87,52.77,53.30,2449230
2022-12-02,52.00,53.05,51.55,52.97,1992809
2022-12-05,52.92,53.90,52.12,52.25,1867779
2022-12-06,52.25,52.69,51.57,52.20,2660370
2022-12-07,51.46,53.18,51.33,52.57,1835099
2022-12-08,52.98,54.98,52.80,54.43,2433576
2022-12-09,54.17,55.72,53.96,54.14,2454939
2022-12-12,54.00,55.69,53.33,55.62,2566585
2022-12-13,57.60,58.18,55.86,56.17,2858998
2022-12-14,55.55,56.70,54.41,54.75,2212788
2022-12-15,53.49,53.81,52.17,52.37,4101602
2022-12-16,51.88,52.78,51.33,52.13,4321323
2022-12-19,52.00,52.69,50.40,50.99,2546303
2022-12-20,50.07,51.52,50.05,51.01,2468337
2022-12-21,51.52,51.94,50.13,50.24,2079399
2022-12-22,49.27,50.24,48.94,50.21,2214442
2022-12-23,50.16,50.53,49.66,50.51,1072494
2022-12-27,50.66,52.23,50.06,52.06,2427155
2022-12-28,51.90,52.56,50.73,51.05,1683666
2022-12-29,51.69,53.51,51.57,53.02,2045244
2022-12-30,52.24,52.95,51.89,52.61,1220527
2023-01-03,52.84,53.47,50.94,51.88,2887190
2023-01-04,52.97,53.88,52.26,52.49,2649843
2023-01-05,52.12,53.60,51.89,53.49,2111872
2023-01-06,54.00,56.07,53.16,55.91,2499156
2023-01-09,56.53,56.72,55.19,55.34,2025471
2023-01-10,55.51,56.49,55.16,56.46,1918363
2023-01-11,56.21,57.33,56.12,57.21,1618619
2023-01-12,57.64,58.37,56.90,57.77,2669891
2023-01-13,57.01,57.87,56.89,57.26,1268741
2023-01-17,56.93,57.14,55.87,56.98,2771455
2023-01-18,59.28,59.89,57.49,58.71,3945263
2023-01-19,58.59,58.90,57.16,58.19,2462841
2023-01-20,58.11,59.44,57.08,59.34,2185229
2023-01-23,60.56,63.74,60.49,63.23,4092384
2023-01-24,64.40,64.91,61.99,62.23,3787381
2023-01-25,61.05,62.97,60.45,62.25,4527731
2023-01-26,68.79,71.00,65.72,69.01,9520463
2023-01-27,68.28,69.98,68.28,68.99,3587657
2023-01-30,68.00,68.90,66.63,66.76,2803026
2023-01-31,66.05,67.85,65.35,67.78,4584262
2023-02-01,67.91,71.10,67.55,70.49,3877485
2023-02-02,71.31,73.74,70.61,72.37,3689527
2023-02-03,70.58,72.47,70.50,70.89,1673596
2023-02-06,69.81,70.12,68.89,69.75,1616683
2023-02-07,69.88,71.55,69.43,71.30,2165256
2023-02-08,70.72,71.56,70.42,71.08,2091305
2023-02-09,72.23,72.87,69.09,69.80,2567217
2023-02-10,70.25,71.59,69.29,71.28,3299651
2023-02-13,71.02,71.56,70.62,71.33,1575995
2023-02-14,70.25,72.61,69.90,72.46,1234098
2023-02-15,71.48,72.31,71.22,71.97,1093435
2023-02-16,70.77,71.43,70.18,70.53,1214072
2023-02-17,70.52,71.03,69.15,70.26,1804384
2023-02-21,69.21,69.52,66.91,67.08,2095260
2023-02-22,66.96,67.25,65.67,66.39,1711967
2023-02-23,67.42,67.66,65.82,67.08,1679703
2023-02-24,64.66,67.00,64.65,66.09,1302627
2023-02-27,66.29,66.63,64.17,64.25,2633742
2023-02-28,64.29,65.08,64.05,64.56,2159727
2023-03-01,64.23,64.87,63.46,64.12,1908387
2023-03-02,63.51,65.22,62.47,64.86,2793508
2023-03-03,65.04,65.13,64.06,64.57,2127419
2023-03-06,65.25,65.37,63.13,63.32,1829616
2023-03-07,62.94,63.20,61.81,62.14,2331547
2023-03-08,62.63,63.81,61.99,63.63,3477309
2023-03-09,63.13,64.82,63.13,63.25,2477562
2023-03-10,63.25,63.71,61.27,61.75,1646516
2023-03-13,61.01,61.50,60.02,60.34,2514291
2023-03-14,61.48,62.45,60.14,61.02,2090339
2023-03-15,59.71,60.31,58.85,59.85,2259293
2023-03-16,58.82,61.51,58.82,61.20,2279108
2023-03-17,61.46,62.25,60.71,61.05,5781292
2023-03-20,60.46,62.64,59.83,62.06,2243261
2023-03-21,62.15,62.44,61.10,62.10,1680171
2023-03-22,61.84,62.29,60.49,60.52,2025564
2023-03-23,60.84,62.52,60.62,61.60,2950340
2023-03-24,61.27,61.72,60.68,61.64,1758070
2023-03-27,62.22,62.48,61.64,62.01,2265883
2023-03-28,60.21,60.66,59.18,60.43,2594471
2023-03-29,62.00,63.94,61.85,63.79,2919055
2023-03-30,64.69,65.19,63.80,64.98,1666996
2023-03-31,64.94,66.20,64.78,66.12,2096921
2023-04-03,66.00,66.48,65.28,65.75,2112548
2023-04-04,65.86,65.92,64.65,65.34,1841591
2023-04-05,64.80,64.94,63.81,64.86,1405867
2023-04-06,64.38,64.87,64.04,64.40,1023853
2023-04-10,64.37,66.83,64.28,66.35,2317288
2023-04-11,66.66,67.44,66.46,66.88,1278162
2023-04-12,67.82,67.82,65.90,66.38,1805930
2023-04-13,66.22,66.30,64.10,65.35,2539093
2023-04-14,64.90,66.67,63.85,63.96,2600199
2023-04-17,63.67,64.74,63.37,64.25,1948910
2023-04-18,64.11,64.38,63.16,64.27,2579717
2023-04-19,63.05,63.24,61.73,62.86,2927785
2023-04-20,58.65,61.93,56.56,57.08,7959691
2023-04-21,56.10,56.73,54.32,56.42,5906604
2023-04-24,56.44,57.08,55.78,57.01,2325253
2023-04-25,56.65,56.86,55.97,56.09,2386520
2023-04-26,56.80,57.59,56.00,56.34,1939460
2023-04-27,56.41,57.00,55.79,56.80,2686809
2023-04-28,57.18,58.96,57.01,58.77,2891919
2023-05-01,58.74,59.09,58.30,58.56,2335983
2023-05-02,58.59,58.63,56.74,56.85,1876647
2023-05-03,57.11,57.74,55.79,55.92,2351356
2023-05-04,55.71,55.81,54.47,55.12,1841518
2023-05-05,55.91,56.51,54.94,55.94,1564387
2023-05-08,55.79,56.40,55.41,56.29,885103
2023-05-09,55.55,57.52,55.11,57.31,2185995
2023-05-10,58.00,58.10,56.92,57.27,2091116
2023-05-11,56.88,56.99,56.02,56.80,1562549
2023-05-12,57.56,57.60,56.76,57.57,1853668
2023-05-15,58.81,61.12,58.13,61.06,2576482
2023-05-16,61.06,61.67,60.08,60.80,2061472
2023-05-17,61.30,61.83,60.25,61.14,1806688
2023-05-18,61.11,63.07,60.97,62.75,2010830
2023-05-19,62.78,63.03,61.68,62.26,1308099
2023-05-22,61.87,63.28,61.68,62.95,1307253
2023-05-23,63.33,63.60,62.23,62.37,1304499
2023-05-24,61.82,62.21,60.90,61.32,1443901
2023-05-25,61.78,62.24,59.56,60.11,2866535
2023-05-26,60.23,62.69,60.23,62.29,3603662
2023-05-30,62.03,62.22,59.80,61.00,2916221
2023-05-31,59.81,60.38,58.80,60.10,5061858
2023-06-01,60.50,61.55,60.37,61.30,2483540
2023-06-02,62.08,62.44,61.18,62.21,1715548
2023-06-05,61.90,62.15,60.85,60.86,1922003
2023-06-06,59.50,60.52,58.57,58.59,2864310
2023-06-07,59.07,59.72,57.06,59.30,5208238
2023-06-08,59.01,60.01,57.84,59.88,2327652
2023-06-09,60.38,60.94,59.58,60.89,2142687
2023-06-12,61.09,63.44,61.05,63.41,2347273
2023-06-13,64.03,65.27,63.93,64.69,2341100
2023-06-14,64.82,65.57,63.98,65.29,1791113
2023-06-15,65.06,66.95,65.06,66.14,2613260
2023-06-16,66.48,66.55,63.97,64.30,4024188
2023-06-20,62.83,63.33,62.34,62.58,1950661
2023-06-21,61.89,62.51,61.38,61.57,1623270
2023-06-22,61.41,61.75,61.06,61.23,1311787
2023-06-23,60.61,61.02,60.18,60.32,1176429
2023-06-26,60.44,61.18,60.27,60.55,1419053
2023-06-27,60.83,62.32,60.00,62.11,2204034
2023-06-28,61.79,61.96,60.65,61.62,2101678
2023-06-29,61.72,62.56,61.31,61.94,1525794
2023-06-30,62.29,62.44,61.50,61.87,1534743
2023-07-03,62.00,62.62,61.84,62.18,817674
2023-07-05,61.81,61.85,60.20,60.82,1556896
2023-07-06,59.94,60.89,59.76,60.82,1466129
2023-07-07,60.86,61.66,60.12,60.28,1139144
2023-07-10,59.78,60.99,59.65,60.40,1616805
2023-07-11,60.50,61.38,60.31,61.06,1190263
2023-07-12,62.00,62.52,60.20,61.62,1964818
2023-07-13,62.00,62.96,61.84,62.02,2255396
2023-07-14,61.61,62.58,61.32,61.57,2223104
2023-07-17,60.84,61.31,59.98,60.95,1859824
2023-07-18,60.45,61.59,60.45,61.39,1414790
2023-07-19,61.46,61.76,59.79,59.86,2138541
2023-07-20,59.37,59.95,59.10,59.30,1691109
2023-07-21,59.43,59.87,58.41,59.61,2163327
2023-07-24,59.33,59.92,58.45,59.28,2393597
2023-07-25,58.97,59.38,58.22,58.24,2299282
2023-07-26,58.12,58.75,57.32,57.97,3603447
2023-07-27,58.53,63.83,57.79,62.15,9241361
2023-07-28,62.76,64.08,61.95,63.45,3232867
2023-07-31,64.13,65.05,63.46,63.50,2815521
2023-08-01,63.11,65.43,63.08,65.32,2992082
2023-08-02,64.89,65.59,64.24,65.01,3010721
2023-08-03,64.69,68.73,64.44,68.28,4846300
2023-08-04,68.21,68.22,66.29,66.79,2958018
2023-08-07,67.67,69.42,67.25,68.51,2696608
2023-08-08,68.00,68.33,66.17,67.06,1601507
2023-08-09,67.03,67.70,66.77,66.86,1620503
2023-08-10,67.23,67.83,66.74,67.15,1677872
2023-08-11,66.99,68.28,66.76,66.85,1922723
2023-08-14,66.95,67.88,66.75,67.81,1703794
2023-08-15,67.30,67.48,65.49,65.50,1958518
2023-08-16,64.99,65.50,64.12,64.19,2097732
2023-08-17,64.66,65.83,64.62,64.93,1995296
2023-08-18,63.94,64.80,63.63,64.35,1629428
2023-08-21,64.22,65.55,64.13,65.50,1113118
2023-08-22,66.35,66.50,65.67,65.89,1840044
2023-08-23,65.70,66.47,65.66,66.16,1284122
2023-08-24,66.42,66.52,64.88,64.90,2127890
2023-08-25,65.27,65.41,63.51,64.42,1507281
2023-08-28,64.66,66.13,64.57,66.06,878915
2023-08-29,66.00,66.87,65.73,66.40,1899712
2023-08-30,65.90,68.61,65.78,68.17,1627362
2023-08-31,68.86,70.96,68.53,70.79,3441968
2023-09-01,71.50,74.51,70.76,73.70,4548779
2023-09-05,73.05,74.04,69.50,70.89,5134302
2023-09-06,70.41,71.75,70.00,71.23,2786486
2023-09-07,67.07,67.48,63.09,63.44,11692900
2023-09-08,63.62,65.39,63.41,65.37,10087720
2023-09-11,65.79,65.79,63.41,64.31,4318711
2023-09-12,64.08,64.42,62.63,62.72,2841050
2023-09-13,62.55,63.59,62.43,63.39,2706158
2023-09-14,63.53,64.36,63.22,64.25,2481195
2023-09-15,64.08,64.75,63.63,63.75,3973813
2023-09-18,63.74,64.87,63.59,64.23,1699336
2023-09-19,64.11,65.47,64.02,64.87,2535547
2023-09-20,65.30,66.44,65.28,65.63,2270894
2023-09-21,64.74,66.79,64.29,65.45,2507415
2023-09-22,66.12,67.00,65.61,65.90,2115655
2023-09-25,65.00,65.19,63.90,64.45,1827614
2023-09-26,64.20,65.33,63.32,63.42,2065587
2023-09-27,63.99,65.09,63.88,64.29,1556992
2023-09-28,64.10,65.93,63.88,65.69,2210094
2023-09-29,66.21,66.32,65.43,65.95,2034724
2023-10-02,66.08,66.90,65.70,66.19,2096791
2023-10-03,65.74,66.58,65.23,65.42,2138211
2023-10-04,65.36,66.19,64.92,65.97,1835599
2023-10-05,66.30,67.39,65.93,66.62,1728525
2023-10-06,65.76,66.84,65.50,66.05,1863694
2023-10-09,65.83,66.58,65.39,66.23,1622602
2023-10-10,66.20,67.48,66.19,66.58,2068512
2023-10-11,66.76,69.64,66.76,69.56,3240577
2023-10-12,69.87,70.12,68.57,69.35,2374112
2023-10-13,69.78,70.24,68.21,68.43,3446197
2023-10-16,68.60,69.48,68.36,68.95,2496790
2023-10-17,68.31,69.42,68.31,68.94,5386933
2023-10-18,68.45,68.74,67.64,68.48,3180268
2023-10-19,68.35,69.05,66.41,66.87,2892918
2023-10-20,67.10,67.60,66.14,66.69,2197971
2023-10-23,66.28,66.57,65.08,65.25,2148485
2023-10-24,66.61,68.96,66.54,68.10,4260253
2023-10-25,67.45,68.57,67.09,67.10,3147582
2023-10-26,69.50,70.32,64.12,65.84,5170983
2023-10-27,66.86,69.00,66.79,68.20,4000835
2023-10-30,68.92,69.50,67.44,68.42,2985907
2023-10-31,67.68,68.57,66.93,68.25,3707596
2023-11-01,68.42,71.40,68.32,71.24,4662801
2023-11-02,72.00,72.41,70.75,71.81,2608147
2023-11-03,72.50,73.81,72.01,72.28,2313398
2023-11-06,71.90,72.49,70.57,71.13,2219552
2023-11-07,70.81,71.25,70.31,70.84,1868291
2023-11-08,71.01,71.93,70.41,71.86,1777778
2023-11-09,71.87,73.06,71.61,72.00,2333565
2023-11-10,72.56,72.56,71.07,72.42,1964758
2023-11-13,72.36,72.84,71.67,72.47,2538572
2023-11-14,73.50,74.81,73.20,74.61,2673150
2023-11-15,74.75,75.07,74.06,74.55,1891929
2023-11-16,74.33,75.64,74.33,75.59,1738755
2023-11-17,76.00,76.23,75.41,75.88,1478630
2023-11-20,75.88,77.25,75.69,77.06,1512677
2023-11-21,76.80,76.86,75.52,76.06,1725307
2023-11-22,76.11,77.33,76.11,76.55,936756
2023-11-24,75.64,76.44,75.64,76.08,647464
2023-11-27,76.50,78.14,76.38,77.56,1923357
2023-11-28,76.98,77.39,76.30,76.95,1279095
2023-11-29,78.35,79.04,77.92,78.48,2052757
2023-11-30,78.50,79.42,77.98,79.10,3095225
2023-12-01,78.91,79.40,78.26,79.18,2030011
2023-12-04,78.63,79.24,78.11,78.59,1450152
2023-12-05,78.14,78.36,76.87,76.96,1808045
2023-12-06,78.14,79.36,77.71,77.81,2522814
2023-12-07,78.23,79.57,78.10,78.78,2238362
2023-12-08,78.48,80.75,78.38,80.59,2359958
2023-12-11,81.00,82.73,80.97,81.99,2399967
2023-12-12,82.05,82.63,81.29,82.63,2107914
2023-12-13,82.25,85.47,82.18,85.43,3645247
2023-12-14,86.54,87.93,85.13,85.33,3462015
2023-12-15,84.84,85.42,84.03,84.28,5120499
2023-12-18,84.32,84.73,83.65,83.97,1953016
2023-12-19,83.69,84.67,83.58,83.90,1426313
2023-12-20,82.97,83.38,81.82,81.85,1890571
2023-12-21,83.51,85.34,83.31,85.30,2042138
2023-12-22,85.42,85.72,84.84,85.16,1003517
2023-12-26,85.16,86.02,85.04,85.87,938440
2023-12-27,86.26,86.36,85.35,85.68,962497
2023-12-28,85.80,86.83,85.71,86.79,1589198
2023-12-29,86.57,86.98,85.17,85.37,1295921
2024-01-02,84.70,84.80,82.32,82.69,2011457
2024-01-03,81.31,82.34,80.06,80.43,2874596
2024-01-04,79.84,81.37,79.81,80.77,1361581
2024-01-05,81.13,81.82,79.81,80.28,1395161
2024-01-08,80.07,81.36,80.07,80.98,2167289
2024-01-09,79.95,80.25,79.40,80.11,1471660
2024-01-10,79.98,82.75,79.72,82.66,2260325
2024-01-11,81.47,81.84,79.39,81.74,2752035
2024-01-12,82.41,82.83,81.88,82.78,2112625
2024-01-16,83.61,85.37,82.36,84.81,3012297
2024-01-17,84.71,84.76,82.44,83.33,2412442
2024-01-18,84.71,86.30,83.12,83.97,1720023
2024-01-19,84.60,85.44,83.86,85.42,2327396
2024-01-22,86.99,88.39,85.89,87.10,4171426
2024-01-23,87.55,89.30,86.78,89.23,4020504
2024-01-24,90.12,90.28,88.05,89.17,3775866
2024-01-25,91.20,91.20,86.50,90.99,5756694
2024-01-26,90.89,92.04,89.41,90.44,3071089
2024-01-29,90.68,91.59,88.39,88.63,2648351
2024-01-30,88.80,89.18,87.19,87.59,2406313
2024-01-31,87.35,87.78,85.39,85.68,5220972
2024-02-01,85.88,87.50,85.88,86.80,2002064
2024-02-02,86.65,87.97,85.94,87.52,2160215
2024-02-05,87.17,87.19,85.12,85.50,2095667
2024-02-06,86.04,86.77,85.47,86.20,2560010
2024-02-07,86.49,87.31,85.33,86.76,1818583
2024-02-08,86.70,88.26,85.79,87.68,1670650
2024-02-09,87.72,89.47,87.35,89.41,1536727
2024-02-12,89.33,90.66,88.99,89.10,1599781
2024-02-13,87.34,87.75,86.05,87.16,2040721
2024-02-14,88.10,88.19,86.15,86.81,1854075
2024-02-15,86.86,88.50,86.81,88.16,1299664
2024-02-16,88.21,88.69,87.09,87.52,1797527
2024-02-20,87.16,87.36,85.54,86.77,1781117
2024-02-21,85.92,86.07,83.95,84.90,1928979
2024-02-22,86.31,88.40,86.02,88.02,2214473
2024-02-23,88.22,88.42,87.03,87.98,1461887
2024-02-26,88.18,89.75,87.73,88.66,2134197
2024-02-27,90.77,93.00,89.94,90.70,3381411
2024-02-28,90.11,91.95,90.11,91.61,1979604
2024-02-29,92.47,93.44,92.22,93.05,2184738
2024-03-01,95.00,98.15,94.12,97.16,5101541
2024-03-04,97.53,99.93,96.76,98.38,3563031
2024-03-05,97.39,98.80,97.05,98.63,2392371
2024-03-06,99.99,101.26,92.97,94.14,5282283
2024-03-07,94.63,94.98,91.34,93.81,4626651
2024-03-08,93.37,94.90,92.46,92.69,2746992
2024-03-11,91.32,91.91,90.11,91.74,2602090
2024-03-12,92.28,92.75,90.75,91.11,2893892
2024-03-13,90.49,90.55,88.42,88.67,3737393
2024-03-14,88.08,88.13,85.26,85.76,3321447
2024-03-15,84.93,86.04,84.65,86.01,6079524
2024-03-18,86.66,87.15,85.11,85.39,2265350
2024-03-19,84.64,86.84,84.21,86.57,1894182
2024-03-20,86.12,87.86,85.44,87.42,2319143
2024-03-21,91.35,91.47,88.12,88.45,3747628
2024-03-22,88.81,89.62,87.65,89.01,2454146
2024-03-25,88.67,89.02,87.62,88.21,1835222
2024-03-26,93.50,97.95,92.76,94.72,7346834
2024-03-27,95.66,96.33,93.34,94.58,2762521
2024-03-28,94.56,94.64,91.73,93.05,3296312
2024-04-01,93.15,94.34,91.71,91.78,2672744
2024-04-02,89.88,90.98,89.21,90.23,3246195
2024-04-03,89.69,92.70,89.65,91.63,2584963
2024-04-04,93.07,94.23,90.59,90.76,2281197
2024-04-05,91.38,91.38,89.65,89.99,2598087
2024-04-08,91.32,92.04,88.73,89.15,2612880
2024-04-09,90.04,90.95,87.83,89.53,2816787
2024-04-10,88.57,88.86,86.33,87.99,3200224
2024-04-11,88.12,88.85,87.39,88.78,1970586
2024-04-12,87.38,87.66,85.09,85.19,2529714
2024-04-15,86.68,87.10,83.30,83.88,2925155
2024-04-16,83.54,84.71,83.02,83.68,2454108
2024-04-17,84.95,86.30,84.04,84.20,3465876
2024-04-18,83.79,85.20,83.31,83.44,1811716
2024-04-19,83.77,84.29,82.31,82.46,2883493
2024-04-22,82.62,85.65,82.54,85.18,3562980
2024-04-23,85.65,87.62,85.61,86.53,6008699
2024-04-24,87.56,91.00,83.34,87.11,7274505
2024-04-25,85.90,88.13,84.46,87.26,3166460
2024-04-26,87.61,87.70,85.14,86.04,3637434
2024-04-29,85.98,87.01,85.36,86.08,2050361
2024-04-30,85.44,86.64,85.40,85.91,2112996
2024-05-01,86.97,87.78,84.34,85.81,2047656
2024-05-02,86.64,86.72,84.47,86.29,1415498
2024-05-03,87.79,87.90,86.68,87.50,1655351
2024-05-06,88.07,90.97,88.00,89.85,1932570
2024-05-07,90.13,90.85,89.41,89.51,1305881
2024-05-08,88.76,90.19,88.76,90.05,913333
2024-05-09,90.17,91.93,89.78,91.67,1740227
2024-05-10,92.40,94.05,92.30,94.01,2789088
2024-05-13,94.55,94.58,92.45,93.15,2008556
2024-05-14,94.54,96.61,93.65,96.22,2353592
2024-05-15,97.24,98.92,96.79,98.72,2872311
2024-05-16,98.90,99.20,98.02,98.24,1854755
2024-05-17,98.50,98.50,94.78,95.27,2660998
2024-05-20,95.22,97.14,95.17,96.81,1486907
2024-05-21,93.72,94.98,93.05,93.60,3084265
2024-05-22,94.04,95.07,93.64,94.67,2129489
2024-05-23,96.00,96.76,93.01,93.46,1841090
2024-05-24,93.98,94.67,92.99,94.19,1301748
2024-05-28,95.00,96.92,94.56,96.84,2979678
2024-05-29,95.30,96.36,93.37,94.26,3602693
2024-05-30,94.56,95.80,92.34,93.71,2273456
2024-05-31,93.85,94.77,90.44,93.24,3589733
2024-06-03,93.63,93.93,90.55,91.33,2696943
2024-06-04,90.91,92.40,90.26,91.85,3723980
2024-06-05,93.00,97.68,93.00,96.60,2962878
2024-06-06,96.23,96.59,94.74,96.00,1440467
2024-06-07,95.75,97.14,95.08,96.11,1779242
2024-06-10,95.46,99.55,95.01,99.52,2231876
2024-06-11,99.00,101.77,98.54,101.64,2768550
2024-06-12,103.10,105.28,102.06,102.85,3311816
2024-06-13,102.85,105.00,102.71,104.76,1964007
2024-06-14,103.34,104.08,103.01,103.86,1311340
2024-06-17,104.42,106.77,103.73,105.98,2086800
2024-06-18,106.16,107.91,105.52,105.99,2848924
2024-06-20,105.11,105.53,102.34,102.62,3109534
2024-06-21,102.61,103.75,101.01,103.08,3420633
2024-06-24,102.80,103.75,102.04,103.33,1784751
2024-06-25,103.75,104.19,102.00,103.74,2278280
2024-06-26,103.62,104.00,101.81,102.75,1953275
2024-06-27,102.70,104.33,101.79,104.10,1366788
2024-06-28,104.47,105.47,103.11,103.27,1550052
2024-07-01,103.00,103.36,101.79,102.44,1298009
2024-07-02,102.26,103.99,102.01,103.13,1102579
2024-07-03,103.13,103.34,101.21,101.37,1059810
2024-07-05,101.47,102.33,101.07,102.04,1548574
2024-07-08,102.83,104.51,102.54,103.43,2001216
2024-07-09,103.40,104.98,102.98,104.35,1618361
2024-07-10,105.00,106.98,104.61,106.73,2067451
2024-07-11,107.00,107.00,105.00,106.11,1584438
2024-07-12,106.43,108.97,105.81,107.10,2040678
2024-07-15,107.35,108.95,106.17,108.94,2212101
2024-07-16,109.30,109.63,108.19,108.71,1933536
2024-07-17,106.91,106.91,104.52,104.91,2825204
2024-07-18,105.77,105.77,102.48,103.47,2237558
2024-07-19,103.96,104.27,102.47,102.63,1977279
2024-07-22,104.14,106.25,103.40,106.18,2310939
2024-07-23,105.17,106.59,104.50,105.30,3793929
2024-07-24,109.00,113.57,107.16,109.53,9398139
2024-07-25,108.81,109.06,103.64,103.96,4194859
2024-07-26,105.01,105.75,102.88,103.68,3069247
2024-07-29,104.08,104.30,101.36,103.38,2977546
2024-07-30,103.50,103.70,98.64,99.10,3058358
2024-07-31,102.35,102.78,100.21,102.17,2670502
2024-08-01,102.03,104.19,98.11,99.01,3436972
2024-08-02,95.50,96.16,93.45,94.57,4205003
2024-08-05,90.59,93.90,90.00,92.54,3365736
2024-08-06,93.39,95.88,93.11,93.68,3209089
2024-08-07,94.67,95.32,92.04,92.10,3288439
2024-08-08,92.30,95.62,91.20,95.45,2332538
2024-08-09,95.21,96.99,94.28,96.28,1483576
2024-08-12,96.01,97.09,95.10,95.83,1284629
2024-08-13,97.19,98.23,96.71,98.20,1637470
2024-08-14,98.82,98.99,96.69,97.06,2176128
2024-08-15,98.86,100.16,98.22,99.61,2196997
2024-08-16,100.20,102.57,99.36,101.73,2494388
2024-08-19,101.56,103.99,100.75,103.96,2934411
2024-08-20,103.83,105.02,102.83,103.55,1703348
2024-08-21,104.20,104.90,103.43,104.44,1150123
2024-08-22,104.82,105.21,102.91,103.23,989115
2024-08-23,104.34,104.67,103.48,104.41,949247
2024-08-26,103.75,105.23,102.95,104.76,1404692
2024-08-27,102.96,102.98,100.53,100.71,2423619
2024-08-28,100.00,100.02,97.44,99.25,2058161
2024-08-29,99.06,100.34,97.16,97.54,2042834
2024-08-30,98.82,99.59,97.93,99.55,1975748
2024-09-03,99.55,99.55,96.26,96.78,1670290
2024-09-04,96.10,101.04,94.70,100.73,3916918
2024-09-05,100.08,102.14,99.86,100.81,1736407
2024-09-06,100.30,100.71,97.33,97.98,2612521
2024-09-09,99.35,101.38,97.98,101.34,2318676
2024-09-10,101.27,102.75,99.94,102.26,1878900
2024-09-11,102.32,102.73,100.06,102.53,2373648
2024-09-12,101.96,102.28,100.08,100.62,2002744
2024-09-13,100.84,102.77,100.00,102.13,1795132
2024-09-16,101.83,102.09,100.99,101.44,1593487
2024-09-17,102.32,102.53,101.09,102.07,1499348
2024-09-18,102.18,103.48,100.72,100.93,1833432
2024-09-19,103.49,104.47,102.59,104.12,1507132
2024-09-20,103.83,105.80,103.83,104.74,5499919
2024-09-23,105.11,106.75,104.90,105.88,1477353
2024-09-24,106.03,106.78,104.84,106.63,1626083
2024-09-25,106.25,107.76,106.06,107.76,1695322
2024-09-26,110.01,110.93,107.82,110.76,2661027
2024-09-27,110.68,110.72,108.15,108.74,1320015
2024-09-30,108.75,109.61,107.81,109.53,1600722
2024-10-01,109.27,109.27,106.50,107.82,2154984
2024-10-02,108.06,110.00,107.20,108.56,1476941
2024-10-03,108.04,109.42,107.82,108.80,1135091
2024-10-04,109.88,109.88,106.36,107.24,1447823
2024-10-07,106.09,106.62,104.52,106.13,1871304
2024-10-08,106.97,108.95,106.50,108.65,1551425
2024-10-09,109.10,109.39,105.55,109.29,3410582
2024-10-10,107.75,108.73,106.51,108.12,1255925
2024-10-11,107.98,109.89,107.94,109.81,1055127
2024-10-14,110.00,111.42,108.84,111.06,1619147
2024-10-15,112.04,115.32,111.37,111.79,2511158
2024-10-16,111.23,112.87,110.62,111.73,1238063
2024-10-17,112.38,113.31,111.99,112.45,1728329
2024-10-18,112.65,114.67,111.70,112.12,1951046
2024-10-21,111.61,112.58,109.32,112.41,2419327
2024-10-22,111.90,112.75,110.33,112.64,3166095
2024-10-23,105.74,107.80,102.46,103.52,8773992
2024-10-24,104.53,105.08,102.35,103.98,2746563
2024-10-25,104.22,105.65,102.92,103.01,2485898
2024-10-28,103.77,103.89,101.03,101.32,2767040
2024-10-29,101.36,101.71,100.19,101.33,2014688
2024-10-30,100.97,101.30,98.94,99.79,2862322
2024-10-31,99.42,101.21,98.91,100.37,2708766
2024-11-01,99.59,100.98,98.66,99.11,2001959
2024-11-04,98.83,101.27,98.83,99.89,1961320
2024-11-05,100.21,101.87,100.03,101.65,1519718
2024-11-06,103.97,104.80,102.58,102.98,2411658
2024-11-07,103.78,105.28,102.98,105.11,1953587
2024-11-08,105.47,106.24,104.19,104.78,1329808
2024-11-11,104.69,104.82,101.61,101.84,1633445
2024-11-12,100.92,102.24,98.75,99.80,2064799
2024-11-13,99.87,100.65,98.21,98.27,1630347
2024-11-14,97.73,98.76,96.99,97.46,1814445
2024-11-15,96.92,97.55,96.41,96.79,1926370
2024-11-18,97.39,97.55,96.34,97.02,1384477
2024-11-19,96.99,97.83,96.10,97.80,1766609
2024-11-20,98.00,98.43,96.58,98.02,1875646
2024-11-21,98.75,100.21,98.07,99.92,1744754
2024-11-22,100.40,100.66,99.17,99.62,2675654
2024-11-25,101.00,103.39,100.81,101.36,4038938
2024-11-26,101.92,103.17,101.25,101.66,2412588
2024-11-27,101.32,101.41,98.63,100.00,1799246
2024-11-29,100.00,102.32,99.97,101.33,1460313
2024-12-02,101.82,105.12,101.44,103.16,2476921
2024-12-03,102.05,102.72,97.91,98.80,3267433
2024-12-04,99.99,100.22,94.97,97.63,4572320
2024-12-05,98.03,99.40,97.87,98.18,2285605
2024-12-06,98.18,99.09,97.61,98.51,2720330
2024-12-09,98.43,99.90,98.10,98.97,2437145
2024-12-10,98.85,98.94,96.77,97.59,2812652
2024-12-11,97.95,99.13,96.57,98.39,2555625
2024-12-12,98.46,100.18,97.11,97.64,2834858
2024-12-13,97.58,98.31,95.52,95.75,4938064
2024-12-16,95.32,97.15,95.04,95.58,3552538
2024-12-17,94.80,96.46,94.09,94.49,2406172
2024-12-18,94.60,95.31,91.52,91.60,3132143
2024-12-19,91.60,92.11,87.41,87.54,4522294
2024-12-20,88.09,89.01,86.87,87.31,6072472
2024-12-23,87.46,88.62,87.30,88.53,2106787
2024-12-24,88.32,89.12,88.03,88.49,1142224
2024-12-26,88.73,89.17,88.15,88.40,1383027
2024-12-27,87.94,88.83,87.00,87.39,1611465
2024-12-30,86.68,86.86,85.25,86.53,1731257
2024-12-31,86.59,87.22,85.73,86.31,1458448
2025-01-02,87.21,87.54,85.78,86.39,2046622
2025-01-03,86.92,89.18,86.78,89.15,2352871
2025-01-06,90.32,91.59,88.75,89.11,2499351
2025-01-07,89.83,90.89,89.27,89.60,2379502
2025-01-08,89.27,89.43,87.89,88.69,3189091
2025-01-10,87.44,88.99,86.64,88.87,2201879
2025-01-13,87.55,89.70,86.97,88.93,2715805
2025-01-14,89.36,91.75,89.10,91.23,3252463
2025-01-15,92.13,94.98,92.13,94.34,3853637
2025-01-16,94.38,95.82,93.70,95.07,3820611
2025-01-17,96.60,97.93,95.60,97.67,5656501
2025-01-21,99.85,102.54,99.22,101.25,6545193
2025-01-22,108.63,111.91,105.86,108.18,9814179
2025-01-23,107.41,108.53,105.92,108.42,3602207
2025-01-24,108.74,110.24,107.60,108.19,3320732
2025-01-27,105.10,107.00,102.32,103.48,4188555
2025-01-28,104.02,104.03,98.82,100.27,3460822
2025-01-29,101.48,102.03,99.09,99.38,2548190
2025-01-30,101.15,101.42,97.95,98.28,4212839
2025-01-31,98.09,99.99,96.27,96.36,2799702
2025-02-03,94.60,95.63,92.91,93.48,3437018
2025-02-04,92.88,94.79,92.68,94.51,2909765
2025-02-05,94.62,96.13,94.17,95.43,2681150
2025-02-06,96.10,96.78,95.63,96.54,2301071
2025-02-07,97.06,98.25,95.46,96.15,1976113
2025-02-10,97.41,98.20,96.71,97.80,1946447
2025-02-11,97.22,99.36,97.19,97.83,2133941
2025-02-12,96.72,100.66,96.10,99.21,3385980
2025-02-13,99.39,102.74,99.39,101.48,2555045
2025-02-14,102.15,102.40,100.62,101.47,2235093
2025-02-18,102.56,103.29,100.94,103.10,2365526
2025-02-19,102.93,103.46,102.47,103.00,1727322
2025-02-20,103.07,103.37,101.55,102.64,1479152
2025-02-21,102.67,103.42,100.50,100.85,2484286
2025-02-24,100.97,101.99,99.23,100.08,4204185
2025-02-25,100.00,101.69,99.29,99.72,3405886
2025-02-26,100.32,101.35,99.70,100.27,1924115
2025-02-27,102.57,103.84,100.59,100.67,4616300
2025-02-28,100.25,102.29,99.68,101.91,4521410
2025-03-03,102.95,103.87,99.78,100.06,3190391
2025-03-04,98.95,99.62,94.01,94.08,7037641
2025-03-05,93.68,93.77,90.19,92.43,5175882
2025-03-06,90.55,90.67,86.39,86.64,5272928
2025-03-07,86.86,89.77,86.30,88.00,4617861
2025-03-10,87.21,87.95,84.36,86.41,4520782
2025-03-11,86.41,87.96,85.40,86.97,3805658
2025-03-12,88.00,89.47,86.27,86.73,3808900
2025-03-13,86.79,87.44,85.00,85.62,1573473
2025-03-14,86.95,88.63,86.93,87.90,2261110
2025-03-17,87.64,91.05,87.64,90.51,2948634
2025-03-18,90.48,90.57,88.44,88.64,2205263
2025-03-19,88.44,89.64,88.18,88.93,2225596
2025-03-20,88.29,89.78,88.29,88.38,2060486
2025-03-21,87.95,88.69,86.60,88.27,2576141
2025-03-24,89.41,90.07,88.48,88.79,1715034
2025-03-25,88.32,88.44,85.73,87.96,3154118
2025-03-26,87.60,88.19,85.94,87.63,3534967
2025-03-27,87.21,89.25,86.30,87.50,2977443
2025-03-28,86.99,87.36,84.33,84.92,1886193
2025-03-31,84.49,85.31,82.88,84.95,2628656
2025-04-01,84.60,85.33,83.31,84.54,2728192
2025-04-02,83.74,86.34,83.52,85.52,2810118
2025-04-03,80.18,81.16,71.28,71.53,12915560
2025-04-04,68.66,68.68,63.95,66.73,9250083
2025-04-07,65.00,72.56,64.18,68.66,7297673
2025-04-08,70.99,72.43,65.41,66.54,5680045
2025-04-09,65.74,76.02,63.19,74.29,10253530
2025-04-10,71.71,72.48,68.65,69.74,5483494
2025-04-11,69.23,71.21,67.63,70.15,3879007
2025-04-14,74.93,75.23,71.60,72.67,3437332
2025-04-15,72.09,73.50,71.85,72.00,3147573
2025-04-16,71.49,73.11,71.30,72.82,5798964
2025-04-17,73.49,76.44,72.89,75.78,4588640
2025-04-21,74.45,74.65,72.62,73.93,2950637
2025-04-22,74.70,75.91,74.60,75.36,2178343
2025-04-23,79.15,81.17,77.56,78.09,4013856
2025-04-24,79.16,83.27,79.14,83.04,4105558
2025-04-25,83.33,83.81,82.00,82.70,4055481
2025-04-28,82.21,82.89,80.56,82.16,2895863
2025-04-29,81.58,82.68,81.22,81.60,6502524
2025-04-30,87.14,91.51,85.47,91.03,11880100
2025-05-01,92.00,93.17,89.89,90.01,5496492
2025-05-02,91.55,93.29,91.29,93.07,3409480
2025-05-05,92.33,94.33,91.98,93.58,2805843
2025-05-06,92.46,94.41,91.92,93.90,2754096
2025-05-07,93.99,95.67,93.33,95.45,3716152
2025-05-08,96.31,97.22,94.97,96.30,2392827
2025-05-09,97.11,97.73,95.63,95.71,2568288
2025-05-12,101.13,103.04,100.00,101.95,5791995
2025-05-13,101.90,105.98,101.55,105.47,4336010
2025-05-14,105.15,105.86,104.48,105.19,4245713
2025-05-15,106.95,108.00,105.91,107.43,4711904
2025-05-16,107.52,108.98,107.00,107.79,3234920
2025-05-19,105.91,109.67,105.66,109.04,3286201
2025-05-20,109.47,109.48,106.28,106.97,3404275
2025-05-21,106.50,107.82,103.73,104.43,4800572
2025-05-22,106.08,111.47,105.35,108.86,8056826
2025-05-23,108.28,113.17,108.28,112.74,5981623
2025-05-27,113.87,117.36,113.20,117.05,4485887
2025-05-28,117.24,118.63,116.81,117.34,4093977
2025-05-29,117.56,118.20,116.28,118.14,2447169
2025-05-30,117.17,119.13,116.67,117.94,4352685
2025-06-02,117.01,119.76,116.78,119.15,3097690
2025-06-03,119.10,124.04,118.75,123.23,4835199
2025-06-04,123.73,127.69,123.73,127.64,5769179
2025-06-05,127.91,129.95,127.36,127.70,4765890
2025-06-06,128.90,129.96,126.76,126.97,4377572
2025-06-09,129.54,132.22,128.88,130.17,5425757
2025-06-10,129.97,130.69,126.34,127.99,6119653
2025-06-11,129.05,129.08,125.71,126.49,4553154
2025-06-12,126.16,127.35,125.79,126.07,3005037
2025-06-13,125.17,128.31,124.63,127.27,3000982
2025-06-16,128.70,131.49,127.61,131.04,3530344
2025-06-17,130.45,133.50,130.00,130.87,3410882
2025-06-18,130.87,133.76,130.36,131.30,2816793
2025-06-20,132.17,132.61,130.32,130.96,6027515
2025-06-23,132.33,133.89,130.92,133.08,4372694
2025-06-24,134.00,137.54,133.85,136.31,4670484
2025-06-25,137.67,138.69,136.28,138.54,3574853
2025-06-26,138.54,140.80,138.00,140.69,3047106
2025-06-27,141.58,142.47,140.29,141.44,4651135
2025-06-30,142.00,144.48,141.58,144.33,3663826
2025-07-01,143.64,145.73,142.63,145.04,4951376
2025-07-02,145.04,152.05,144.79,151.94,6703596
2025-07-03,152.00,152.16,149.24,149.44,3619715
2025-07-07,149.47,151.80,147.74,148.39,3661675
2025-07-08,149.06,149.71,143.43,144.47,4599061
2025-07-09,145.92,145.92,141.71,142.01,6198769
2025-07-10,144.50,146.24,142.45,144.50,5593932
2025-07-11,144.00,147.91,143.50,147.18,2868745
2025-07-14,148.55,149.96,145.62,149.08,2856683
2025-07-15,150.31,150.96,147.80,149.05,2461421
2025-07-16,148.98,149.00,145.51,147.12,2694636
2025-07-17,147.12,149.65,146.35,146.72,5155524
2025-07-18,147.61,149.91,146.22,149.07,3336593
2025-07-21,149.46,150.92,148.03,149.63,3454105
2025-07-22,149.00,149.28,144.76,146.59,3045025
2025-07-23,147.15,152.83,147.00,152.76,4024938
2025-07-24,152.23,153.88,151.08,152.73,2429724
2025-07-25,152.40,153.33,148.44,150.89,3125993
2025-07-28,151.48,152.04,149.74,150.46,2585241
2025-07-29,151.75,155.52,150.00,152.68,6242766
2025-07-30,141.00,148.54,138.30,147.42,12025070
2025-07-31,148.30,157.45,146.90,157.01,7049757
2025-08-01,153.36,156.61,150.92,154.81,3827642
2025-08-04,156.79,157.62,152.40,154.81,2510001
2025-08-05,156.80,157.40,147.21,151.74,3449766
2025-08-06,153.00,153.00,146.85,147.27,3776636
2025-08-07,144.98,148.55,144.75,148.10,3472524
2025-08-08,149.50,151.08,148.56,150.45,1901692
2025-08-11,151.61,156.10,151.23,151.69,2759416
2025-08-12,152.23,158.00,152.23,155.59,2362349
2025-08-13,156.35,157.50,154.86,156.92,2052634
2025-08-14,155.26,156.84,154.20,155.73,2319683
2025-08-15,155.75,155.75,152.05,154.43,1431837
2025-08-18,154.95,158.82,154.07,158.70,2016513
2025-08-19,158.09,158.98,155.31,157.93,2546564
2025-08-20,157.18,158.67,152.50,158.40,2177301
2025-08-21,158.24,159.36,153.03,154.60,2300020
2025-08-22,155.12,160.57,154.22,159.21,1920072
2025-08-25,159.00,165.28,158.68,164.00,2515403
2025-08-26,163.72,166.91,163.72,165.24,3272333
2025-08-27,165.90,168.20,165.54,167.24,2688426
2025-08-28,167.11,173.21,167.11,172.38,3079844
2025-08-29,172.06,173.41,166.66,167.40,2798631
2025-09-02,164.41,170.75,163.86,170.50,3175390
2025-09-03,171.10,176.49,170.01,176.32,3790395
2025-09-04,177.41,184.11,175.81,183.98,5571844
2025-09-05,186.00,189.23,183.02,188.16,3761503
2025-09-08,189.99,191.52,187.18,189.24,4019706
2025-09-09,189.02,192.02,188.00,191.59,3230795
2025-09-10,193.01,193.80,189.90,193.04,4343820
2025-09-11,193.30,199.24,192.99,196.81,3625645
2025-09-12,196.70,198.37,193.32,195.99,3293421
2025-09-15,200.00,214.20,199.65,211.12,7398136
2025-09-16,211.30,215.20,207.66,211.13,4888162
2025-09-17,210.40,214.21,206.26,213.36,4268762
2025-09-18,216.72,219.53,215.10,216.64,3044152
2025-09-19,218.43,221.66,216.00,221.23,4834914
2025-09-22,222.90,230.82,221.97,229.33,5243396
2025-09-23,229.37,231.96,223.50,228.13,4389409
2025-09-24,227.72,231.41,222.93,223.70,4121099
2025-09-25,219.95,222.53,216.01,219.85,4201146
2025-09-26,220.33,220.82,213.06,217.51,2477214
2025-09-29,226.75,234.12,224.81,229.14,5108406
2025-09-30,226.88,236.51,226.26,236.06,4184033
2025-10-01,234.34,258.40,232.58,256.84,9751932
2025-10-02,263.30,264.83,251.90,254.74,4801330
2025-10-03,254.97,261.29,251.65,252.79,4915965
2025-10-06,260.11,261.24,242.45,242.83,5233612
2025-10-07,244.65,244.74,223.01,225.01,10019380
2025-10-08,224.87,229.04,222.72,224.35,5190332
2025-10-09,223.51,225.07,218.63,221.70,3427020
2025-10-10,220.40,224.26,212.63,214.38,5190986
2025-10-13,225.56,225.65,216.51,219.51,3348846
2025-10-14,215.38,217.40,210.57,211.63,3646678
2025-10-15,215.66,220.59,212.35,219.38,6236838
2025-10-16,224.15,233.00,221.86,226.03,5196474
2025-10-17,222.43,230.45,220.94,225.40,3258777
2025-10-20,230.00,233.28,209.37,214.40,4601975
2025-10-21,212.62,216.53,210.68,214.57,2817458
2025-10-22,213.67,219.32,209.00,215.05,2925241
2025-10-23,218.25,226.91,218.25,226.41,2569576
2025-10-24,234.08,240.85,230.53,234.12,3663962
2025-10-27,241.33,242.00,227.63,230.32,4942396
2025-10-28,229.18,230.00,217.67,223.00,6500953
2025-10-29,240.51,268.91,240.06,265.62,9900845
2025-10-30,258.21,274.48,258.00,268.33,7175670
2025-10-31,276.83,280.35,243.34,255.88,8616065
2025-11-03,258.75,269.56,253.65,265.55,4450394
2025-11-04,255.06,260.32,249.48,250.38,3437974
2025-11-05,258.29,283.94,257.31,275.77,9050363
2025-11-06,277.27,284.42,273.52,278.47,4075278
2025-11-07,273.95,279.81,263.46,279.35,5098746
2025-11-10,290.71,296.00,287.11,293.99,3971631
2025-11-11,289.26,296.15,283.52,288.00,3881052
2025-11-12,288.00,297.88,279.00,283.26,3985253
2025-11-13,273.62,277.50,258.85,262.56,5350205
2025-11-14,254.15,267.81,251.09,258.21,4718750
2025-11-17,257.50,269.80,254.47,261.38,2851631
2025-11-18,257.39,261.36,249.53,253.86,2479436
2025-11-19,253.99,263.82,253.99,259.13,2306534
2025-11-20,273.18,275.70,237.40,240.50,4070979
2025-11-21,237.40,240.50,228.61,237.49,4177302
2025-11-24,242.92,256.70,242.91,253.38,4200442
2025-11-25,251.18,263.57,247.00,261.89,2555274
2025-11-26,264.66,275.00,262.72,272.28,3487515
2025-11-28,275.00,277.58,269.51,276.69,1243120
2025-12-01,272.09,275.98,266.00,270.10,2320022
2025-12-02,272.91,278.39,259.38,266.87,3101588
2025-12-03,266.46,266.46,250.53,258.67,3828268
2025-12-04,258.70,266.40,257.36,265.63,1972124
2025-12-05,269.81,279.67,269.12,278.79,2863381
2025-12-08,281.00,288.27,278.67,285.41,3468970
2025-12-09,285.79,289.44,280.00,282.86,2072955
2025-12-10,283.70,301.47,281.30,298.92,3617426
2025-12-11,294.30,308.93,288.62,307.85,3176286
2025-12-12,302.00,304.00,280.51,287.64,5255575
2025-12-15,291.89,293.96,284.23,285.58,3465593
2025-12-16,285.41,294.94,280.50,288.13,3090958
2025-12-17,291.11,296.68,276.11,277.65,3514061
2025-12-18,288.50,299.23,286.67,292.00,3730468
2025-12-19,296.67,305.43,293.69,296.36,24731280
2025-12-22,301.25,302.00,279.00,282.85,4340407
2025-12-23,278.58,282.85,274.71,282.80,2084437
2025-12-24,281.55,288.50,281.55,285.27,1474897
2025-12-26,288.76,289.80,282.55,286.22,1063768
2025-12-29,281.99,289.47,279.32,281.30,2537425
2025-12-30,282.05,284.01,279.62,280.08,1873569
2025-12-31,280.00,280.25,274.27,275.39,1317065
2026-01-02,281.97,289.65,280.42,287.54,2730983
2026-01-05,294.97,298.00,277.69,289.83,3350331
2026-01-06,290.90,332.00,290.90,330.42,5563870
2026-01-07,319.01,322.00,298.94,308.26,5179176
2026-01-08,305.88,306.24,278.15,284.47,4826036
2026-01-09,284.67,305.44,280.67,304.01,3187101
2026-01-12,299.31,322.76,298.09,321.48,3066069
2026-01-13,319.48,331.00,316.77,318.44,3459557
2026-01-14,319.83,322.73,309.15,312.28,1947546
2026-01-15,322.76,328.78,317.00,320.32,3180214
2026-01-16,333.50,335.02,321.19,326.23,3378535
2026-01-20,322.99,336.17,322.04,325.99,3620808
2026-01-21,334.40,349.55,323.61,344.22,4710576
2026-01-22,350.00,350.05,330.00,346.53,2796255
2026-01-23,344.47,347.71,331.75,346.10,2957822
2026-01-26,348.85,370.47,346.00,358.29,5038969
2026-01-27,361.62,383.88,361.00,371.76,7353573
2026-01-28,395.19,449.50,389.00,442.93,14749750
2026-01-29,450.26,457.84,434.00,446.57,9052804
2026-01-30,449.64,452.92,397.33,407.69,9224411
2026-02-02,402.50,436.00,399.53,432.95,6062819
2026-02-03,451.50,459.41,424.51,444.45,6089154
2026-02-04,442.00,453.45,402.04,418.63,6601108
2026-02-05,413.56,418.39,394.24,405.45,5641931
2026-02-06,426.25,431.93,406.86,429.32,3284494
2026-02-09,424.04,438.55,415.00,425.00,3188635
2026-02-10,421.77,421.77,395.14,396.23,3171961
2026-02-11,409.64,415.60,391.00,407.25,2826992
2026-02-12,425.82,459.84,425.81,431.17,6436862
2026-02-13,416.06,431.66,402.51,425.99,3856072
2026-02-17,420.00,429.23,411.60,415.94,2839302
2026-02-18,418.94,434.95,417.30,424.14,2865618
2026-02-19,420.17,424.11,402.16,408.97,3518298
2026-02-20,403.08,416.99,399.13,411.11,2962570
2026-02-23,410.40,422.99,402.15,407.40,2402307
2026-02-24,410.11,413.80,394.05,396.02,3119265
2026-02-25,409.26,426.50,408.30,421.85,3385586
2026-02-26,413.69,416.50,393.22,409.67,3077461
2026-02-27,400.00,415.60,396.22,407.84,3605503
2026-03-02,393.59,407.70,374.53,379.52,4224403
2026-03-03,361.26,365.98,350.10,357.62,5712534
2026-03-04,367.50,390.50,364.68,375.01,3774229
2026-03-05,370.98,378.15,352.56,367.34,3399908
2026-03-06,356.31,370.34,351.15,352.80,2415593
2026-03-09,342.42,374.66,342.00,374.33,2929890
2026-03-10,377.93,398.29,377.93,384.29,3487003
2026-03-11,384.00,391.24,376.15,385.97,1976404
2026-03-12,382.71,385.00,368.69,373.98,2058322
2026-03-13,378.07,394.99,377.14,383.71,2913514
2026-03-16,397.50,410.80,395.63,398.78,3120201
2026-03-17,400.00,421.31,397.50,421.09,3469190
2026-03-18,419.53,422.74,405.11,406.77,3830780
2026-03-19,396.40,437.46,388.37,434.60,4156999
2026-03-20,433.50,439.73,409.25,411.23,8620007
2026-03-23,420.00,425.18,395.19,404.02,3864801
2026-03-24,402.86,426.28,395.00,424.96,3759742
2026-03-25,410.16,422.53,389.01,413.22,3452468
2026-03-26,401.66,406.65,377.33,378.79,4111856
2026-03-27,378.53,388.07,376.08,380.07,2322526
2026-03-30,393.06,399.41,351.42,362.43,4159301
2026-03-31,371.08,392.01,368.00,391.76,3605220
2026-04-01,396.49,428.18,396.31,423.12,3715955
2026-04-02,401.00,429.41,400.00,429.36,2376291
2026-04-06,450.88,470.23,449.79,453.30,4887432
2026-04-07,448.14,468.85,445.00,468.72,4276706
2026-04-08,503.19,517.18,487.67,496.30,5424625
2026-04-09,504.00,508.71,493.20,500.77,3092213
2026-04-10,504.67,509.55,494.60,503.13,3435178
2026-04-13,500.08,514.75,495.65,513.28,2879996
2026-04-14,520.00,534.23,501.45,533.44,3568561
2026-04-15,520.83,526.00,503.11,519.60,3841387
2026-04-16,511.76,532.06,506.00,531.81,3122664
2026-04-17,544.45,553.57,537.52,547.75,3449059
2026-04-20,550.77,553.00,531.61,539.75,2915807
2026-04-21,543.01,567.70,536.03,559.90,3562990
2026-04-22,580.01,586.00,563.30,579.88,3233336
2026-04-23,574.24,607.89,573.01,587.62,3175669
2026-04-24,592.70,599.98,578.42,586.25,2704080
2026-04-27,599.31,602.91,577.36,595.86,2919467
2026-04-28,566.04,592.84,553.20,579.03,5956838
2026-04-29,667.98,697.00,632.00,643.30,10896920
2026-04-30,655.18,680.62,639.05,673.64,6479288
2026-05-01,667.01,728.00,663.30,726.93,7378731
2026-05-04,742.16,749.00,729.17,738.54,6022114
2026-05-05,755.00,792.01,752.59,771.01,6522482
2026-05-06,768.80,787.35,752.80,786.42,5575021
2026-05-07,771.28,771.28,742.01,766.44,4900945
2026-05-08,780.00,802.13,772.00,782.64,4873951
2026-05-11,793.25,841.31,790.48,834.01,6078554
2026-05-12,814.70,833.06,766.97,808.79,3798096
2026-05-13,827.50,831.99,795.01,817.35,2511716
2026-05-14,812.48,838.60,796.17,804.76,2360000
2026-05-15,771.57,807.63,765.77,795.47,2784835
2026-05-18,801.00,801.00,710.11,740.84,4945840
2026-05-19,719.51,745.98,695.14,733.35,3639252
2026-05-20,757.16,764.97,741.00,751.07,2269067
2026-05-21,753.47,811.51,753.47,810.46,3483469
2026-05-22,814.72,824.00,799.81,812.73,2534548
2026-05-26,831.16,862.65,816.98,845.76,3437884
2026-05-27,881.14,888.95,846.07,870.66,3801119
2026-05-28,889.51,905.39,866.01,880.72,2842956
2026-05-29,892.83,904.17,867.02,879.80,4676282
2026-06-01,885.33,940.79,882.92,921.26,3357953
2026-06-02,929.88,953.72,914.99,926.61,2561899
2026-06-03,940.32,966.80,919.00,940.69,2902295
2026-06-04,891.54,941.49,885.00,925.99,2534366
2026-06-05,889.18,910.66,843.63,847.47,3611294
2026-06-08,882.72,894.92,854.21,876.77,2483062
2026-06-09,909.99,911.29,801.89,846.01,3137588
2026-06-10,821.86,855.51,806.41,815.99,3455028
2026-06-11,838.37,870.25,821.48,868.09,2754997
2026-06-12,880.19,946.24,868.14,931.04,3194682
2026-06-15,1032.52,1032.52,990.78,1018.80,5774189
2026-06-16,1044.03,1097.00,1012.17,1031.34,5804293
2026-06-17,1044.25,1094.00,1043.90,1066.07,4593010
2026-06-18,1133.36,1145.00,1053.53,1070.23,8424509
2026-06-22,1089.00,1127.99,1068.96,1094.04,6875998
2026-06-23,984.26,1044.88,983.00,1038.59,5211308
2026-06-24,1027.71,1035.86,953.06,993.25,4259636
2026-06-25,1111.00,1111.00,1001.33,1025.36,5552490
2026-06-26,994.59,996.48,880.49,899.90,9311397
2026-06-29,915.99,987.57,880.01,968.53,5391327
2026-06-30,967.96,998.49,939.47,965.00,4187666
2026-07-01,896.74,936.65,886.20,915.19,3599828
2026-07-02,900.75,923.06,795.66,820.16,6302838
2026-07-06,863.62,886.89,848.00,868.26,3461354
2026-07-07,821.29,837.75,786.01,827.64,4145955
2026-07-08,811.27,862.41,811.27,860.02,4935920
2026-07-09,922.28,937.54,888.17,890.09,4556484
2026-07-10,861.63,927.28,861.63,910.34,4051284
2026-07-13,869.60,877.73,840.01,860.66,4143428
2026-07-14,901.13,906.30,868.93,878.31,3771510
2026-07-15,889.02,893.00,788.97,828.30,4730793
2026-07-16,785.11,798.96,739.47,745.49,6220264
2026-07-17,720.94,808.65,700.39,787.66,7013109
2026-07-20,810.02,831.64,797.01,802.45,4867451
2026-07-21,864.00,899.95,844.87,891.83,6062855
2026-07-22,861.71,921.38,855.19,908.10,5263468
2026-07-23,905.00,936.49,905.00,913.36,4559552
2026-07-24,879.21,906.00,835.50,851.69,5226252
2026-07-27,855.99,871.00,781.17,816.99,4642703
2026-07-28,774.80,777.10,698.99,747.30,8941628
2026-07-29,786.85,814.97,747.55,764.43,9280099
2026-07-30,878.91,901.18,831.00,851.68,7380147
2026-07-31,901.68,921.78,837.73,856.13,6130389
2026-08-03,818.01,839.63,782.08,831.06,5329444
2026-08-04,880.88,885.00,833.97,845.35,5027370
2026-08-05,848.13,884.90,836.56,837.66,4235902
2026-08-06,784.00,874.97,767.69,852.95,5562144
2026-08-07,862.68,862.68,761.80,812.76,5970682
2026-08-10,802.95,826.89,786.00,800.99,4069305
2026-08-11,805.00,826.90,794.01,820.52,3182371
2026-08-12,861.35,892.00,849.60,878.21,4732262
2026-08-13,872.31,934.77,861.55,921.37,4590061
2026-08-14,941.26,990.61,920.00,973.44,5246863
2026-08-17,990.33,1013.99,978.63,994.79,4330516
2026-08-18,929.50,961.27,898.68,903.68,4603928
2026-08-19,911.40,915.16,829.11,832.56,5970286
2026-08-20,833.68,869.71,827.60,850.24,3239646
2026-08-21,862.63,869.99,834.50,850.00,2849637
2026-08-24,818.60,822.74,774.00,794.65,3209874
2026-08-25,814.50,826.00,800.12,821.67,2562082
2026-08-26,825.60,851.69,821.67,846.37,2125484
2026-08-27,875.75,875.75,812.94,847.20,4899024
2026-08-28,831.09,855.58,825.50,829.76,2805383
2026-08-31,826.50,830.68,808.49,828.38,3460834
2026-09-01,810.25,832.76,802.05,816.64,2426198
2026-09-02,805.86,835.40,785.66,808.54,2663114
2026-09-03,796.00,807.07,763.52,798.61,2969663
2026-09-04,818.75,852.98,805.01,849.28,2559714
2026-09-08,880.65,925.44,860.01,904.38,5185573
2026-09-09,893.14,917.38,885.39,885.92,3521587
2026-09-10,860.56,880.97,848.24,862.33,3237635
2026-09-11,869.42,870.68,817.68,830.17,3846318
2026-09-14,778.12,821.86,769.00,805.55,4150751
2026-09-15,800.24,801.98,758.35,771.81,4055373
