date,open,high,low,close,volume
2016-09-15,37.27,38.18,37.15,38.11,5091339
2016-09-16,37.84,37.95,37.60,37.84,5540687
2016-09-19,38.09,38.38,37.92,38.08,3183778
2016-09-20,38.38,38.39,37.89,37.95,3043335
2016-09-21,38.20,38.45,37.91,38.27,4215973
2016-09-22,38.43,38.48,38.02,38.14,4892566
2016-09-23,38.03,38.41,37.87,37.87,6215347
2016-09-26,37.57,37.67,36.98,37.03,5744342
2016-09-27,36.93,37.44,36.80,37.40,4244469
2016-09-28,37.45,37.67,37.25,37.65,3133851
2016-09-29,37.51,37.99,37.13,37.28,4156528
2016-09-30,37.54,37.90,37.34,37.72,4264079
2016-10-03,37.58,37.84,37.44,37.61,2513563
2016-10-04,37.72,38.35,37.42,38.28,10280210
2016-10-05,38.50,38.99,38.38,38.84,6969627
2016-10-06,38.88,39.01,38.60,38.96,3755681
2016-10-07,38.94,39.05,38.49,38.89,3702128
2016-10-10,39.23,39.26,39.02,39.19,3281439
2016-10-11,39.06,39.42,38.66,38.75,7485218
2016-10-12,38.79,39.00,38.66,38.71,4066909
2016-10-13,38.33,38.34,37.55,37.87,4525374
2016-10-14,38.40,38.48,37.63,37.89,7965854
2016-10-17,37.95,38.02,37.40,37.43,4645621
2016-10-18,37.79,37.97,37.45,37.89,4850461
2016-10-19,38.32,38.97,37.61,38.77,9842877
2016-10-20,38.88,39.19,38.50,38.96,7822252
2016-10-21,38.61,38.93,38.49,38.80,5636468
2016-10-24,39.03,39.18,38.91,38.92,4018715
2016-10-25,38.84,39.12,38.74,38.88,3450343
2016-10-26,38.76,39.21,38.71,39.06,4143275
2016-10-27,39.29,39.62,39.18,39.33,4422234
2016-10-28,39.39,39.43,38.89,39.15,5242659
2016-10-31,39.31,39.49,39.19,39.20,3511513
2016-11-01,39.30,39.43,38.68,39.03,5341328
2016-11-02,38.82,38.91,38.43,38.62,5572799
2016-11-03,38.72,38.98,38.43,38.51,5870990
2016-11-04,38.57,38.71,38.23,38.25,4514574
2016-11-07,39.00,39.34,38.88,39.34,5677960
2016-11-08,39.02,39.09,38.70,38.88,5385385
2016-11-09,39.47,40.89,39.24,40.61,10663810
2016-11-10,41.15,42.12,41.08,41.42,14267630
2016-11-11,41.32,42.00,41.25,41.85,10197270
2016-11-14,42.00,43.20,41.96,42.85,9671861
2016-11-15,42.44,42.98,41.95,42.98,8574172
2016-11-16,41.60,43.16,41.60,42.82,9902803
2016-11-17,42.91,44.11,42.84,44.01,9424706
2016-11-18,44.00,44.55,43.81,44.49,7578132
2016-11-21,44.60,44.73,44.30,44.62,5704871
2016-11-22,44.70,44.88,44.19,44.50,6328781
2016-11-23,44.61,44.86,44.38,44.61,4225874
2016-11-25,44.61,44.72,44.51,44.65,1936154
2016-11-28,44.38,44.56,43.99,44.04,4304033
2016-11-29,44.14,44.33,43.99,44.15,3170487
2016-11-30,44.60,45.31,44.59,45.25,6955857
2016-12-01,45.34,46.15,45.12,45.84,7133001
2016-12-02,45.75,45.76,45.04,45.21,4718970
2016-12-05,45.66,45.84,45.40,45.53,5334663
2016-12-06,45.76,46.03,45.49,46.00,4213903
2016-12-07,46.00,46.54,45.71,46.49,4449935
2016-12-08,46.65,47.30,46.62,46.98,5620417
2016-12-09,46.86,47.25,46.34,47.25,5052103
2016-12-12,46.98,47.62,46.74,46.87,4758669
2016-12-13,47.08,47.29,46.71,47.06,3909661
2016-12-14,46.59,47.47,46.37,46.78,7596337
2016-12-15,47.01,47.37,46.62,46.96,4495340
2016-12-16,47.19,47.32,46.54,46.59,5081798
2016-12-19,46.64,46.88,46.41,46.86,2754719
2016-12-20,47.14,47.65,47.06,47.65,3107423
2016-12-21,47.80,47.85,47.20,47.40,3552874
2016-12-22,47.33,47.45,47.05,47.31,3573071
2016-12-23,47.39,47.55,47.19,47.54,2635055
2016-12-27,47.58,47.76,47.51,47.71,1869187
2016-12-28,47.73,47.76,47.11,47.20,2684231
2016-12-29,47.22,47.27,46.54,46.72,2811525
2016-12-30,46.95,47.13,46.72,47.02,3467450
2017-01-03,47.45,47.64,46.69,46.98,5674515
2017-01-04,47.08,47.41,46.99,47.34,4539807
2017-01-05,47.15,47.40,46.53,46.73,3619517
2017-01-06,46.95,47.14,46.66,47.04,3374778
2017-01-09,46.85,47.05,46.51,46.73,3289123
2017-01-10,46.77,47.14,46.51,46.66,4964348
2017-01-11,46.50,46.79,46.37,46.77,9262558
2017-01-12,46.60,46.75,46.13,46.34,6288658
2017-01-13,46.62,47.18,46.41,46.52,4145045
2017-01-17,46.14,46.14,45.42,45.56,8281702
2017-01-18,45.71,46.26,45.29,46.20,7225231
2017-01-19,46.06,46.12,44.81,45.29,7012099
2017-01-20,45.48,45.90,45.24,45.42,4466690
2017-01-23,45.32,45.75,45.15,45.40,4494501
2017-01-24,45.64,46.26,45.42,45.96,5616655
2017-01-25,46.57,47.02,46.36,46.98,4992540
2017-01-26,47.02,47.34,46.88,47.22,4147799
2017-01-27,47.00,47.25,46.85,46.97,3339311
2017-01-30,46.56,46.79,45.99,46.48,4738375
2017-01-31,46.25,46.62,45.98,46.19,4107424
2017-02-01,46.55,46.88,45.85,45.95,5641266
2017-02-02,45.61,45.95,45.41,45.81,3461584
2017-02-03,46.68,46.84,46.15,46.61,5359811
2017-02-06,46.23,46.73,46.14,46.43,3214458
2017-02-07,46.64,46.67,46.30,46.39,3463424
2017-02-08,45.65,45.89,45.50,45.79,4193481
2017-02-09,45.98,46.50,45.75,46.41,3796150
2017-02-10,46.65,46.75,46.39,46.63,2814312
2017-02-13,46.75,47.43,46.75,46.98,6355150
2017-02-14,47.05,47.93,46.92,47.87,4474064
2017-02-15,48.01,48.36,47.76,48.26,4298298
2017-02-16,48.13,48.25,47.61,48.00,3938762
2017-02-17,47.65,47.96,47.41,47.96,2635793
2017-02-21,48.14,48.32,47.76,47.99,3044408
2017-02-22,47.60,48.42,47.55,48.15,2889400
2017-02-23,48.20,48.53,47.73,48.53,4300783
2017-02-24,48.11,48.47,47.88,48.11,5928657
2017-02-27,48.04,48.37,48.01,48.18,5541305
2017-02-28,47.83,48.33,47.82,48.22,4610542
2017-03-01,49.15,49.88,49.10,49.70,5426621
2017-03-02,49.67,49.70,48.53,48.56,4128707
2017-03-03,48.53,48.81,48.48,48.64,4560812
2017-03-06,48.22,48.39,47.92,48.23,3688241
2017-03-07,48.08,48.36,47.90,47.93,3744848
2017-03-08,48.57,48.66,47.94,48.00,4060648
2017-03-09,48.15,48.61,47.99,48.08,4119785
2017-03-10,48.35,48.43,47.49,47.71,4828304
2017-03-13,47.70,47.93,47.57,47.68,3492619
2017-03-14,47.36,47.61,47.01,47.53,3294898
2017-03-15,47.81,47.97,46.90,47.02,5658553
2017-03-16,47.30,47.64,47.15,47.31,5887549
2017-03-17,47.36,47.48,46.69,46.83,7872092
2017-03-20,46.71,46.78,46.20,46.23,4607178
2017-03-21,46.54,46.60,43.87,44.00,8863563
2017-03-22,43.77,44.35,43.10,44.09,5916701
2017-03-23,44.02,44.72,43.85,44.32,5540137
2017-03-24,44.52,44.70,44.01,44.41,5079635
2017-03-27,43.26,44.20,42.73,44.17,5833658
2017-03-28,44.00,45.16,43.83,44.90,5302071
2017-03-29,44.80,44.93,44.32,44.47,3287739
2017-03-30,44.42,45.44,44.32,45.23,3074729
2017-03-31,45.05,45.18,44.69,44.70,3402069
2017-04-03,44.80,44.94,44.10,44.72,4082891
2017-04-04,44.43,44.71,44.36,44.54,3040012
2017-04-05,45.17,45.17,43.94,43.98,3995650
2017-04-06,43.89,44.38,43.62,44.31,4813841
2017-04-07,43.91,44.41,43.83,44.07,4154298
2017-04-10,44.05,44.32,43.64,43.79,3167654
2017-04-11,43.53,43.75,43.18,43.62,5156560
2017-04-12,43.39,43.66,43.00,43.23,4253684
2017-04-13,42.98,43.41,42.61,42.62,3727466
2017-04-17,42.70,43.22,42.51,43.15,4802572
2017-04-18,42.77,43.06,42.29,42.57,5436189
2017-04-19,42.93,43.17,42.43,42.63,4658600
2017-04-20,43.06,43.78,42.73,43.67,5573558
2017-04-21,43.46,43.62,42.92,42.93,5561098
2017-04-24,44.12,44.13,43.62,43.73,4976777
2017-04-25,44.07,44.22,43.65,43.65,3892163
2017-04-26,43.61,44.27,43.56,43.83,3951153
2017-04-27,43.88,43.90,43.30,43.58,3815556
2017-04-28,43.52,43.80,43.14,43.18,3811980
2017-05-01,43.45,43.82,43.22,43.58,3643849
2017-05-02,43.59,43.72,43.22,43.47,3525755
2017-05-03,43.27,44.20,43.18,44.15,4462467
2017-05-04,44.54,44.70,43.97,44.06,3991152
2017-05-05,44.17,44.27,43.52,43.73,2801292
2017-05-08,43.72,43.89,43.55,43.74,1844072
2017-05-09,43.83,44.02,43.29,43.47,2969774
2017-05-10,43.02,43.43,43.00,43.37,2674499
2017-05-11,43.14,43.29,42.64,43.03,3753101
2017-05-12,42.74,43.02,42.43,43.01,3713990
2017-05-15,43.12,43.45,43.07,43.37,2533790
2017-05-16,43.47,43.79,43.30,43.73,2921724
2017-05-17,42.82,43.19,41.74,42.01,5761857
2017-05-18,41.98,42.43,41.87,42.13,3664240
2017-05-19,42.24,42.61,42.13,42.25,3594550
2017-05-22,42.41,42.65,42.09,42.40,3051243
2017-05-23,42.43,43.24,42.32,43.03,2676243
2017-05-24,43.21,43.21,42.39,42.55,3223695
2017-05-25,42.65,42.92,42.46,42.63,2546620
2017-05-26,42.58,42.71,42.43,42.56,1671191
2017-05-30,42.26,42.39,41.73,42.07,2558763
2017-05-31,42.11,42.15,41.17,41.65,4898912
2017-06-01,41.88,42.44,41.45,42.42,3639588
2017-06-02,42.09,42.50,41.81,42.16,5191545
2017-06-05,42.16,42.63,42.08,42.25,3896702
2017-06-06,41.90,42.18,41.69,41.94,3785327
2017-06-07,42.06,42.40,41.97,42.26,5977681
2017-06-08,42.28,43.87,42.22,43.38,6888707
2017-06-09,43.66,44.21,43.62,44.11,5840357
2017-06-12,44.20,44.69,43.63,44.09,3675377
2017-06-13,44.39,44.57,44.15,44.29,3233702
2017-06-14,43.87,44.56,43.56,44.53,3555903
2017-06-15,44.29,44.73,44.23,44.41,3167279
2017-06-16,44.45,44.51,44.10,44.33,4158601
2017-06-19,44.52,44.81,44.26,44.37,2690763
2017-06-20,44.23,44.26,43.88,43.95,3359923
2017-06-21,43.96,44.01,43.54,43.65,2628602
2017-06-22,43.52,43.63,43.21,43.34,3216858
2017-06-23,43.55,43.75,43.00,43.17,4055490
2017-06-26,43.27,43.79,43.11,43.45,3282191
2017-06-27,43.73,44.25,43.54,43.82,3116557
2017-06-28,44.16,44.83,44.15,44.78,4462059
2017-06-29,45.82,46.50,44.99,45.61,5906443
2017-06-30,45.85,45.92,45.16,45.41,3806816
2017-07-03,45.72,46.28,45.66,46.12,2771224
2017-07-05,46.20,46.29,45.82,46.14,3587088
2017-07-06,46.14,46.23,45.52,45.53,3913450
2017-07-07,45.69,45.71,45.23,45.47,3982252
2017-07-10,45.35,45.57,45.17,45.35,2493747
2017-07-11,45.43,45.55,45.20,45.38,2803761
2017-07-12,45.24,45.56,45.10,45.43,2548698
2017-07-13,45.48,45.57,45.24,45.56,2293832
2017-07-14,45.03,45.16,44.59,44.81,6048133
2017-07-17,44.77,45.13,44.56,44.91,2344605
2017-07-18,44.61,44.84,44.41,44.61,3142841
2017-07-19,44.77,44.97,44.36,44.76,3373351
2017-07-20,45.26,46.53,45.02,46.26,6177974
2017-07-21,46.16,47.14,46.16,46.28,5931961
2017-07-24,46.25,46.71,46.25,46.59,4245317
2017-07-25,47.43,47.65,47.16,47.21,6146248
2017-07-26,47.21,47.37,46.67,46.75,5645966
2017-07-27,46.74,47.23,46.58,46.88,6262527
2017-07-28,46.81,47.09,46.66,46.88,3667873
2017-07-31,46.99,47.56,46.99,47.32,3973483
2017-08-01,47.58,47.85,47.34,47.85,4752378
2017-08-02,47.73,47.99,47.61,47.93,3370942
2017-08-03,47.81,47.99,47.64,47.84,2861420
2017-08-04,48.20,48.63,48.06,48.36,4518130
2017-08-07,48.31,48.40,48.11,48.16,3223687
2017-08-08,48.01,48.90,48.01,48.25,3310782
2017-08-09,47.66,47.83,47.45,47.69,4355587
2017-08-10,47.29,47.45,46.66,46.68,5226431
2017-08-11,46.88,47.03,46.16,46.31,4575041
2017-08-14,46.73,47.14,46.71,46.86,3209662
2017-08-15,47.29,47.48,46.94,46.99,3315812
2017-08-16,47.04,47.26,46.70,46.82,3612698
2017-08-17,46.73,46.86,46.13,46.16,4591067
2017-08-18,45.95,46.47,45.89,46.12,4394569
2017-08-21,46.14,46.14,45.88,45.88,4935182
2017-08-22,46.07,46.20,45.98,46.13,3875049
2017-08-23,45.82,46.38,45.73,46.15,3294738
2017-08-24,46.16,46.33,46.02,46.15,3775094
2017-08-25,46.33,46.43,46.15,46.15,3530190
2017-08-28,46.32,46.33,46.05,46.14,3320504
2017-08-29,45.68,46.20,45.50,46.07,5024094
2017-08-30,46.10,46.49,45.99,46.30,4387358
2017-08-31,46.59,46.59,46.06,46.09,4276801
2017-09-01,46.04,46.52,46.03,46.29,3076398
2017-09-05,46.05,46.16,45.28,45.38,5577943
2017-09-06,45.67,45.69,44.89,45.07,3991546
2017-09-07,45.04,45.05,43.58,43.66,5292980
2017-09-08,43.64,44.33,43.56,43.97,6016664
2017-09-11,44.49,44.82,44.27,44.68,4025713
2017-09-12,44.79,45.15,43.03,44.79,5951716
2017-09-13,44.60,44.92,44.60,44.71,4703745
2017-09-14,44.65,44.73,43.94,44.07,4434681
2017-09-15,44.04,44.29,43.88,44.14,7555192
2017-09-18,44.21,44.50,44.14,44.24,4485479
2017-09-19,44.24,44.81,44.18,44.65,5940026
2017-09-20,44.71,45.05,44.30,44.86,4183441
2017-09-21,44.91,45.39,44.80,45.24,3360373
2017-09-22,45.09,45.26,44.65,45.22,2953007
2017-09-25,45.14,45.50,45.03,45.33,3237459
2017-09-26,45.33,45.45,45.14,45.19,2815987
2017-09-27,45.91,46.45,45.62,46.08,4779344
2017-09-28,46.12,46.32,45.88,46.30,3075449
2017-09-29,46.32,47.19,46.24,46.94,4117271
2017-10-02,46.96,47.18,46.66,47.16,2738069
2017-10-03,47.07,47.24,46.70,46.88,2046779
2017-10-04,46.75,46.86,46.29,46.37,2791896
2017-10-05,46.74,47.73,46.46,47.62,4513672
2017-10-06,47.75,48.10,47.44,47.69,3154339
2017-10-09,47.80,47.80,47.34,47.48,2009500
2017-10-10,47.50,47.83,47.44,47.71,1928764
2017-10-11,47.53,47.59,47.22,47.35,2568402
2017-10-12,47.44,47.62,46.77,46.85,2623255
2017-10-13,46.77,47.18,46.36,46.70,2842139
2017-10-16,46.81,47.07,46.73,47.03,2537891
2017-10-17,47.19,47.19,46.49,46.52,3005593
2017-10-18,46.76,46.85,46.49,46.54,4247060
2017-10-19,44.62,46.97,44.62,46.74,5188136
2017-10-20,47.30,47.95,47.23,47.50,5140316
2017-10-23,47.43,47.59,47.23,47.41,3911046
2017-10-24,47.71,47.93,47.49,47.58,4028969
2017-10-25,47.80,47.85,47.35,47.78,4712320
2017-10-26,48.00,48.71,47.91,48.62,4109701
2017-10-27,48.35,48.92,48.28,48.74,3630389
2017-10-30,48.83,49.37,48.68,49.11,7080032
2017-10-31,49.08,49.52,49.01,49.24,5214212
2017-11-01,49.35,49.91,49.35,49.55,7689784
2017-11-02,49.45,49.74,48.90,49.59,6312437
2017-11-03,49.49,49.55,48.97,49.54,5291861
2017-11-06,49.36,49.55,49.17,49.48,2897860
2017-11-07,49.48,49.55,48.16,48.23,5715606
2017-11-08,48.13,48.13,47.64,47.75,5981817
2017-11-09,47.23,47.53,46.59,46.75,6675351
2017-11-10,46.82,46.97,46.10,46.13,7960231
2017-11-13,45.96,46.56,45.73,46.49,6295837
2017-11-14,46.33,46.85,46.17,46.84,4421984
2017-11-15,46.44,47.08,46.27,46.82,3680382
2017-11-16,47.01,47.33,46.72,46.77,3240519
2017-11-17,46.42,47.03,46.33,46.82,2671736
2017-11-20,47.01,47.09,46.77,46.98,3578661
2017-11-21,47.01,47.08,46.37,46.57,4225280
2017-11-22,46.65,46.79,46.42,46.49,2652453
2017-11-24,46.61,46.69,46.32,46.34,1019485
2017-11-27,46.40,46.60,46.30,46.49,2972871
2017-11-28,46.62,47.67,46.52,47.53,14200830
2017-11-29,47.91,49.71,47.91,49.12,12574860
2017-11-30,49.50,50.12,49.09,49.42,9387061
2017-12-01,49.55,49.83,48.21,49.60,14831970
2017-12-04,50.25,51.11,50.17,50.24,7563350
2017-12-05,50.44,50.53,49.65,49.81,4915240
2017-12-06,49.61,49.90,49.38,49.38,3806241
2017-12-07,49.27,49.73,49.02,49.58,4261855
2017-12-08,49.74,49.91,49.36,49.81,3672657
2017-12-11,49.81,50.02,49.60,49.75,3035504
2017-12-12,50.02,50.55,49.75,50.28,3942932
2017-12-13,50.11,50.30,49.40,49.42,3297075
2017-12-14,49.60,49.62,48.87,48.97,3430030
2017-12-15,49.29,49.94,49.02,49.53,8890484
2017-12-18,49.97,50.18,49.77,50.01,4117246
2017-12-19,50.33,50.40,49.90,50.03,3047816
2017-12-20,50.47,50.63,49.63,49.84,2925892
2017-12-21,50.04,50.60,50.02,50.39,2781552
2017-12-22,50.57,50.68,50.10,50.45,2367294
2017-12-26,50.31,50.58,49.84,50.04,1515047
2017-12-27,50.03,50.12,49.67,49.98,2299718
2017-12-28,50.02,50.14,49.76,50.12,1696454
2017-12-29,50.17,50.26,49.72,49.72,2375321
2018-01-02,50.00,50.09,49.65,49.92,2503448
2018-01-03,49.92,50.63,49.76,50.46,3410727
2018-01-04,50.72,51.64,50.72,51.07,3809872
2018-01-05,51.29,51.34,50.66,51.23,3344963
2018-01-08,51.35,51.56,51.11,51.50,3524320
2018-01-09,51.79,52.67,51.74,52.09,4102077
2018-01-10,52.18,53.35,52.14,52.71,4032194
2018-01-11,53.04,53.28,52.73,53.16,3624541
2018-01-12,53.46,53.91,52.91,53.14,4418407
2018-01-16,53.23,53.60,52.79,53.08,4023963
2018-01-17,53.36,53.48,52.71,53.28,4852070
2018-01-18,54.30,55.70,53.07,54.14,7844613
2018-01-19,54.40,55.13,54.29,54.80,5735440
2018-01-22,54.81,55.13,54.36,54.88,3482965
2018-01-23,54.62,55.30,54.50,54.87,5009592
2018-01-24,55.15,55.55,54.86,55.00,4533869
2018-01-25,55.28,55.29,54.46,54.69,4944357
2018-01-26,54.84,55.45,54.59,55.45,4228549
2018-01-29,55.35,55.84,55.29,55.39,3863670
2018-01-30,54.91,55.65,54.83,55.03,4390847
2018-01-31,55.03,55.64,54.93,55.19,3703133
2018-02-01,55.03,55.79,55.03,55.70,3279801
2018-02-02,55.57,55.99,54.94,55.11,4409807
2018-02-05,54.37,55.03,52.75,52.89,6893742
2018-02-06,51.72,53.83,51.09,53.71,7238474
2018-02-07,53.44,54.35,53.30,53.82,4511141
2018-02-08,53.55,53.57,51.04,51.07,4861490
2018-02-09,51.93,52.84,50.76,52.42,6475853
2018-02-12,52.71,53.65,52.40,53.00,3681709
2018-02-13,52.66,53.43,52.52,53.33,2240673
2018-02-14,53.24,54.83,53.15,54.74,3118099
2018-02-15,55.00,55.44,54.55,54.83,3702445
2018-02-16,54.58,55.26,54.55,54.96,2857716
2018-02-20,54.75,55.29,54.37,54.60,2901216
2018-02-21,54.68,55.85,54.57,55.09,3799483
2018-02-22,55.43,55.59,54.18,54.32,3684293
2018-02-23,54.55,55.37,54.47,55.36,3173226
2018-02-26,55.56,55.82,55.08,55.79,3247600
2018-02-27,55.45,56.19,54.95,54.95,3591669
2018-02-28,55.14,55.81,54.33,54.35,4080851
2018-03-01,54.32,54.78,53.44,53.89,4181590
2018-03-02,53.60,54.42,52.79,54.29,3583987
2018-03-05,53.73,55.08,53.35,54.92,3018488
2018-03-06,55.20,55.29,54.39,55.25,2954322
2018-03-07,54.67,55.17,54.22,55.02,3018356
2018-03-08,55.22,55.36,54.23,55.02,2085487
2018-03-09,55.51,56.08,55.13,56.03,2543633
2018-03-12,56.11,56.31,55.52,55.60,2878692
2018-03-13,55.90,55.96,55.21,55.38,3552521
2018-03-14,55.63,55.63,54.28,54.62,3271631
2018-03-15,54.99,54.99,54.17,54.61,2650463
2018-03-16,54.67,55.48,54.52,55.04,7621668
2018-03-19,54.99,55.17,54.23,54.96,4357176
2018-03-20,55.16,55.46,54.58,54.65,3209139
2018-03-21,54.76,55.38,54.20,54.72,3029511
2018-03-22,53.96,54.27,52.10,52.31,5113163
2018-03-23,52.49,52.71,50.57,50.68,5643355
2018-03-26,51.57,52.32,50.95,52.22,4207441
2018-03-27,53.35,53.40,51.19,51.58,7159988
2018-03-28,51.70,51.98,50.96,51.53,4404361
2018-03-29,51.83,52.36,51.35,52.04,3621402
2018-04-02,51.87,52.23,50.13,50.93,4908645
2018-04-03,51.14,52.07,51.00,51.94,4278279
2018-04-04,51.16,52.80,51.05,52.67,4260564
2018-04-05,52.96,53.13,52.34,52.89,4701516
2018-04-06,52.09,52.37,50.58,51.12,4134536
2018-04-09,51.51,52.77,51.40,51.64,3956132
2018-04-10,52.49,52.77,51.92,52.57,3816546
2018-04-11,52.10,52.56,51.92,52.20,2860596
2018-04-12,52.63,53.40,52.48,53.05,3112618
2018-04-13,53.46,53.50,51.70,51.95,2679313
2018-04-16,52.40,52.48,51.76,52.00,2757223
2018-04-17,52.45,52.56,50.80,51.09,3540373
2018-04-18,51.35,51.51,50.44,50.63,4870907
2018-04-19,51.25,52.47,51.12,52.36,3905807
2018-04-20,52.52,53.25,52.38,52.71,4888801
2018-04-23,53.18,53.73,52.93,53.53,6621379
2018-04-24,53.86,54.70,53.72,54.02,9402143
2018-04-25,53.89,54.14,53.27,53.79,4469175
2018-04-26,53.70,53.85,53.28,53.32,3781460
2018-04-27,53.26,53.73,52.99,53.41,4758372
2018-04-30,53.59,53.88,52.79,52.80,4052567
2018-05-01,52.68,53.29,52.26,53.07,2768937
2018-05-02,52.84,53.78,52.74,52.86,4741461
2018-05-03,52.48,52.90,51.78,52.45,5115981
2018-05-04,52.10,53.42,51.89,53.11,3620249
2018-05-07,53.18,53.94,52.98,53.73,3573401
2018-05-08,53.73,54.92,53.63,54.22,4027772
2018-05-09,54.44,55.22,54.13,54.92,2627958
2018-05-10,54.61,55.23,54.30,55.04,2246929
2018-05-11,55.04,55.42,54.92,55.06,1803608
2018-05-14,55.22,55.44,54.90,55.00,1938255
2018-05-15,54.98,55.90,54.81,55.49,3728840
2018-05-16,55.30,55.47,54.92,55.31,2840915
2018-05-17,55.17,55.52,54.77,55.43,2841045
2018-05-18,55.48,55.48,54.86,54.91,2858755
2018-05-21,55.12,55.27,54.48,54.83,3941115
2018-05-22,54.96,56.03,54.85,55.53,3845583
2018-05-23,55.32,55.65,54.98,55.27,3313355
2018-05-24,55.15,55.25,54.23,54.96,3516956
2018-05-25,54.62,54.98,54.43,54.81,2556033
2018-05-29,54.38,54.63,52.10,52.47,6417961
2018-05-30,52.98,53.31,52.32,53.09,4456679
2018-05-31,53.05,53.18,52.36,52.50,4863062
2018-06-01,53.32,53.62,53.02,53.20,3253734
2018-06-04,53.57,53.65,53.29,53.62,2322357
2018-06-05,53.32,53.48,52.94,53.32,2907559
2018-06-06,53.51,54.53,53.43,54.39,2882187
2018-06-07,54.59,54.86,54.02,54.42,2852110
2018-06-08,54.37,54.61,54.09,54.60,2269666
2018-06-11,54.68,54.95,54.17,54.20,2522919
2018-06-12,54.34,54.59,53.71,54.00,3186099
2018-06-13,54.18,54.70,53.75,53.79,3904472
2018-06-14,53.93,54.04,52.33,52.44,5731678
2018-06-15,52.24,52.49,51.72,52.32,8705548
2018-06-18,51.88,52.47,51.64,52.28,4345173
2018-06-19,51.92,52.27,51.73,52.23,4195085
2018-06-20,52.50,52.69,51.96,51.98,2515393
2018-06-21,51.79,52.47,51.41,52.06,3108626
2018-06-22,52.32,52.42,51.54,51.61,4564258
2018-06-25,51.51,51.87,50.97,51.71,5244982
2018-06-26,51.60,51.71,51.05,51.43,5900915
2018-06-27,51.26,51.86,50.69,50.69,5100753
2018-06-28,50.80,51.23,50.31,50.65,3282855
2018-06-29,51.15,51.49,50.44,50.44,4890600
2018-07-02,50.23,51.17,50.15,51.16,3088473
2018-07-03,51.28,51.49,50.39,50.48,1675988
2018-07-05,50.88,51.17,50.52,50.80,3323957
2018-07-06,50.68,51.46,50.37,51.21,2999475
2018-07-09,51.40,52.66,51.33,52.58,2934189
2018-07-10,52.73,52.91,52.10,52.32,2918815
2018-07-11,52.14,52.42,51.74,51.87,2725895
2018-07-12,52.25,52.31,51.19,51.55,3020775
2018-07-13,51.48,51.48,50.74,50.93,3676425
2018-07-16,51.11,51.75,51.11,51.64,2445419
2018-07-17,51.69,52.24,51.48,52.00,3945033
2018-07-18,51.84,53.05,51.10,52.98,5800165
2018-07-19,50.43,51.69,49.75,50.52,8124123
2018-07-20,50.50,50.77,49.71,49.94,6925279
2018-07-23,49.82,50.90,49.79,50.75,4942871
2018-07-24,50.87,51.51,50.67,50.85,5452411
2018-07-25,50.76,51.03,50.29,50.68,4543606
2018-07-26,50.82,51.52,50.82,51.06,3368542
2018-07-27,51.19,51.55,50.94,51.32,3049752
2018-07-30,51.38,51.87,51.33,51.44,3698421
2018-07-31,51.67,51.67,50.71,50.81,5256939
2018-08-01,50.99,51.52,50.96,51.11,3795966
2018-08-02,50.89,51.49,50.64,51.32,2412752
2018-08-03,51.23,51.63,51.23,51.60,2587389
2018-08-06,51.48,51.70,50.97,51.42,2379642
2018-08-07,51.57,52.10,51.57,51.71,3027618
2018-08-08,51.68,52.17,51.53,52.01,2046823
2018-08-09,51.49,51.59,51.06,51.20,2327813
2018-08-10,50.56,50.93,50.37,50.75,2588965
2018-08-13,50.73,51.01,50.45,50.51,2690088
2018-08-14,50.55,52.01,50.55,51.85,3963598
2018-08-15,51.48,51.73,51.10,51.33,2347150
2018-08-16,51.57,52.45,51.57,52.20,2746638
2018-08-17,52.07,52.57,52.03,52.43,2686739
2018-08-20,52.40,52.56,52.14,52.29,1977250
2018-08-21,52.39,53.08,52.13,52.71,2681703
2018-08-22,52.56,52.85,52.27,52.69,1838886
2018-08-23,52.63,52.70,51.87,52.01,2278813
2018-08-24,52.24,52.25,51.64,51.71,2042744
2018-08-27,51.92,52.49,51.75,52.25,2168237
2018-08-28,52.38,52.41,51.97,52.12,1504628
2018-08-29,52.22,52.22,51.67,52.00,1824294
2018-08-30,51.86,52.04,51.45,51.53,1950245
2018-08-31,51.39,51.70,51.19,51.66,2022624
2018-09-04,51.65,52.19,51.41,52.14,2908778
2018-09-05,52.15,52.58,52.14,52.32,2142269
2018-09-06,52.40,52.48,52.11,52.25,1923741
2018-09-07,52.47,52.50,51.71,51.98,1898884
2018-09-10,52.16,52.22,51.70,51.76,1325802
2018-09-11,51.65,52.16,51.65,51.87,1402437
2018-09-12,51.75,51.92,50.65,50.67,2705937
2018-09-13,50.85,50.88,49.93,49.96,3888724
2018-09-14,50.02,50.31,49.92,50.21,3764776
2018-09-17,50.41,50.48,50.10,50.24,2697048
2018-09-18,50.29,50.32,49.90,50.06,2484577
2018-09-19,50.18,51.17,50.02,50.97,3376872
2018-09-20,51.23,51.78,51.23,51.57,2625780
2018-09-21,51.63,51.71,51.28,51.44,4792118
2018-09-24,51.36,51.42,50.64,50.68,2635457
2018-09-25,50.90,50.91,50.26,50.31,2289932
2018-09-26,50.54,50.62,49.67,49.75,2795800
2018-09-27,49.75,49.75,48.86,48.90,3251635
2018-09-28,48.59,48.85,48.41,48.54,3078328
2018-10-01,48.92,49.01,48.17,48.35,2340819
2018-10-02,48.29,48.58,47.85,48.27,2979055
2018-10-03,48.52,49.25,48.30,48.96,4141313
2018-10-04,48.99,50.12,48.93,49.39,4017323
2018-10-05,49.58,49.85,48.90,48.99,3223556
2018-10-08,48.94,50.00,48.90,49.74,3544316
2018-10-09,49.58,49.66,49.22,49.43,3405675
2018-10-10,49.65,50.16,48.70,48.73,4061799
2018-10-11,48.55,48.88,47.30,47.44,6860635
2018-10-12,48.02,48.19,45.93,46.88,5666833
2018-10-15,46.91,47.27,46.62,46.79,4350852
2018-10-16,47.10,47.14,46.42,47.09,3825580
2018-10-17,46.96,48.16,46.62,47.71,4991704
2018-10-18,48.60,49.60,48.13,48.28,5202156
2018-10-19,48.17,49.27,47.78,48.92,5824989
2018-10-22,48.89,49.15,47.04,47.08,6734421
2018-10-23,46.27,47.40,46.11,47.10,5950403
2018-10-24,47.06,47.06,45.98,46.06,6351587
2018-10-25,46.54,47.48,46.34,47.01,5920343
2018-10-26,46.60,47.00,46.14,46.48,8930460
2018-10-29,47.25,48.16,47.15,47.77,7159015
2018-10-30,48.01,48.41,47.20,48.28,6607548
2018-10-31,48.66,49.73,48.60,49.16,6566000
2018-11-01,49.40,49.57,48.95,49.20,4756463
2018-11-02,49.59,49.88,48.76,49.17,4216400
2018-11-05,49.37,49.84,49.22,49.73,5007895
2018-11-06,49.62,50.09,49.39,49.97,4853736
2018-11-07,50.04,50.36,49.22,50.15,3967785
2018-11-08,49.54,50.33,49.53,50.13,6589021
2018-11-09,50.20,50.97,50.16,50.76,8017101
2018-11-12,50.78,51.11,50.46,50.54,8177883
2018-11-13,50.47,51.35,50.40,51.07,5255433
2018-11-14,51.36,51.77,49.70,50.52,5691239
2018-11-15,50.07,51.37,49.68,51.33,5780114
2018-11-16,50.95,51.71,50.85,51.41,4894005
2018-11-19,51.38,52.10,51.19,51.64,4221805
2018-11-20,51.23,51.66,50.71,50.94,5243486
2018-11-21,51.11,51.31,50.11,50.42,3766641
2018-11-23,49.97,50.79,49.78,50.37,1407084
2018-11-26,50.98,51.58,50.93,51.12,3148665
2018-11-27,50.86,51.25,50.50,50.95,3977032
2018-11-28,51.03,51.35,50.29,50.93,3844354
2018-11-29,50.59,50.95,50.20,50.60,3712991
2018-11-30,50.55,51.36,50.43,51.10,4685428
2018-12-03,51.62,51.77,50.53,50.73,4402508
2018-12-04,50.49,50.57,48.01,48.37,5689559
2018-12-06,47.56,48.18,46.91,48.14,6808336
2018-12-07,48.15,48.67,47.32,47.66,5524530
2018-12-10,47.60,47.66,46.25,46.95,5942143
2018-12-11,47.31,47.69,46.26,46.56,4723099
2018-12-12,47.10,47.37,46.66,46.82,4381156
2018-12-13,46.92,47.02,45.80,46.02,4692635
2018-12-14,45.69,46.40,45.59,45.66,5380619
2018-12-17,45.43,45.95,44.94,45.15,4803486
2018-12-18,45.24,45.47,43.89,44.16,5395661
2018-12-19,44.01,44.50,42.96,43.30,6380338
2018-12-20,42.78,43.55,42.71,43.19,7530283
2018-12-21,42.88,43.73,42.26,42.38,9198999
2018-12-24,42.07,42.42,41.25,41.27,3378956
2018-12-26,41.28,42.83,40.68,42.83,5568261
2018-12-27,42.31,42.98,41.48,42.98,6295278
2018-12-28,43.11,43.49,42.61,42.95,4580663
2018-12-31,43.01,43.45,42.64,43.32,3694095
2019-01-02,42.86,44.45,42.79,44.39,4827190
2019-01-03,44.22,44.79,43.96,44.09,3521312
2019-01-04,44.87,45.42,44.70,45.25,3229604
2019-01-07,45.13,46.04,44.86,45.61,3478043
2019-01-08,45.79,45.96,45.07,45.72,3353598
2019-01-09,45.84,46.29,45.62,46.15,5809335
2019-01-10,45.20,46.14,45.20,45.86,6699099
2019-01-11,44.83,45.76,44.78,45.61,11330810
2019-01-14,45.20,46.35,45.20,46.15,9027345
2019-01-15,46.02,46.39,45.54,46.34,6512499
2019-01-16,46.78,47.84,46.56,47.54,6877730
2019-01-17,46.75,48.45,46.55,48.28,5673807
2019-01-18,48.49,49.41,48.19,49.29,5214575
2019-01-22,49.05,49.61,48.90,49.14,6455575
2019-01-23,49.40,49.68,49.22,49.41,6470340
2019-01-24,49.17,49.46,48.74,49.25,3663132
2019-01-25,49.30,49.62,48.97,49.37,3910169
2019-01-28,49.02,49.46,48.81,49.27,2996810
2019-01-29,49.13,49.54,49.13,49.31,2724825
2019-01-30,49.40,49.41,48.88,48.98,3808328
2019-01-31,48.66,48.87,47.88,48.80,4978849
2019-02-01,48.89,49.11,48.66,48.87,4348212
2019-02-04,48.90,49.08,48.63,49.08,3275114
2019-02-05,49.03,49.10,48.45,48.79,3263124
2019-02-06,48.67,49.07,48.43,48.53,2566565
2019-02-07,51.01,51.50,48.91,50.46,25593120
2019-02-08,50.46,50.68,49.68,50.24,12187870
2019-02-11,50.45,50.66,50.19,50.57,7548140
2019-02-12,50.64,51.14,50.50,50.82,6915199
2019-02-13,50.80,51.03,50.30,50.46,6208419
2019-02-14,49.99,50.00,49.33,49.74,6102970
2019-02-15,50.26,50.85,50.15,50.70,8069201
2019-02-19,50.47,51.12,50.02,51.11,6593522
2019-02-20,51.05,51.80,50.88,51.78,7217186
2019-02-21,51.81,52.08,51.57,51.83,8035947
2019-02-22,51.92,51.92,51.30,51.49,4479641
2019-02-25,51.77,51.88,51.18,51.26,5089399
2019-02-26,51.06,51.47,50.58,50.87,5448563
2019-02-27,50.95,51.20,50.65,51.06,4456854
2019-02-28,51.18,51.27,50.81,50.97,5026468
2019-03-01,51.00,51.94,50.94,51.80,8584328
2019-03-04,51.97,52.45,51.30,51.83,6290639
2019-03-05,51.73,51.96,50.92,51.70,5979783
2019-03-06,51.51,51.58,50.38,50.60,5300908
2019-03-07,50.22,50.26,49.30,49.53,6541171
2019-03-08,49.16,49.60,48.98,49.60,3446371
2019-03-11,49.72,50.07,49.40,49.92,3857977
2019-03-12,50.07,50.20,49.45,49.58,6432208
2019-03-13,49.71,50.15,49.32,50.00,4864655
2019-03-14,50.08,50.29,49.83,50.13,3080973
2019-03-15,50.02,50.40,49.82,49.98,7041993
2019-03-18,50.00,50.69,49.98,50.48,5046369
2019-03-19,50.68,50.82,49.43,49.48,4997923
2019-03-20,49.34,49.49,47.99,48.02,9272083
2019-03-21,47.68,47.76,47.01,47.14,6192438
2019-03-22,46.59,46.79,45.02,45.09,9013987
2019-03-25,45.20,45.78,44.51,44.87,6108023
2019-03-26,45.36,45.85,44.75,45.33,7744609
2019-03-27,45.12,45.63,44.84,45.40,5087287
2019-03-28,45.57,46.35,45.43,46.31,7800674
2019-03-29,46.71,46.89,46.24,46.53,8284072
2019-04-01,46.88,48.09,46.85,48.02,6620472
2019-04-02,47.95,48.85,47.65,48.49,6114101
2019-04-03,48.90,49.37,48.19,48.41,5678008
2019-04-04,48.11,48.68,47.93,48.45,5199684
2019-04-05,48.40,48.71,48.03,48.37,4610767
2019-04-08,48.16,48.62,48.08,48.54,3526268
2019-04-09,48.19,48.39,47.70,47.90,4418780
2019-04-10,48.00,48.20,47.50,48.11,3781165
2019-04-11,48.33,48.78,48.20,48.44,5130750
2019-04-12,49.17,49.68,48.59,49.26,5335825
2019-04-15,49.26,49.33,48.48,48.59,3804736
2019-04-16,48.74,49.57,48.48,49.51,3136590
2019-04-17,49.69,50.08,49.16,49.84,5182249
2019-04-18,49.82,49.93,48.28,49.35,6678957
2019-04-22,49.17,49.57,48.86,49.24,4534496
2019-04-23,49.38,49.56,48.77,49.54,5886024
2019-04-24,49.30,49.98,49.12,49.84,5478955
2019-04-25,49.64,50.47,49.48,50.21,5425578
2019-04-26,50.27,50.79,50.12,50.73,6828163
2019-04-29,50.77,51.76,50.70,51.30,4976329
2019-04-30,51.19,51.43,50.77,51.20,5217105
2019-05-01,51.07,51.42,50.52,50.68,5977298
2019-05-02,50.75,51.11,50.27,50.54,4497469
2019-05-03,50.66,51.12,50.63,50.97,3775799
2019-05-06,50.29,51.03,50.03,50.79,2854819
2019-05-07,50.18,50.32,49.49,49.82,4211774
2019-05-08,49.78,49.94,49.30,49.33,3321569
2019-05-09,48.78,49.61,48.66,49.50,4827876
2019-05-10,49.18,50.02,48.81,49.86,3631435
2019-05-13,48.94,49.17,48.07,48.23,5807209
2019-05-14,48.00,48.63,47.81,48.04,3726120
2019-05-15,47.58,47.77,46.86,47.59,4005722
2019-05-16,47.84,48.45,47.72,48.19,3638861
2019-05-17,47.74,48.63,47.59,47.88,7093685
2019-05-20,47.89,48.60,47.86,48.34,4101623
2019-05-21,48.51,48.90,48.50,48.78,3254755
2019-05-22,48.64,49.20,48.41,48.99,4673479
2019-05-23,48.70,48.70,47.83,48.11,5005520
2019-05-24,48.27,48.47,48.10,48.33,3693800
2019-05-28,48.24,48.50,47.56,47.62,6264657
2019-05-29,47.27,47.73,46.92,47.66,3855679
2019-05-30,47.77,48.05,46.89,47.29,3197449
2019-05-31,46.75,47.02,46.53,46.75,3901769
2019-06-03,46.67,47.37,46.55,47.07,4588263
2019-06-04,47.79,48.88,47.62,48.83,4917403
2019-06-05,48.81,49.38,48.40,49.33,4005460
2019-06-06,49.16,49.35,48.83,49.25,5370362
2019-06-07,49.20,49.27,48.53,48.83,3645885
2019-06-10,49.28,49.90,49.03,49.58,3006171
2019-06-11,49.88,50.31,49.68,50.06,3209744
2019-06-12,50.19,50.50,49.50,49.59,3650782
2019-06-13,49.59,50.16,49.57,49.73,3454358
2019-06-14,49.75,50.18,49.33,50.06,2947234
2019-06-17,50.08,50.34,48.86,48.97,3072401
2019-06-18,48.74,49.61,48.63,49.37,4128894
2019-06-19,49.64,50.29,49.01,49.05,4500045
2019-06-20,49.35,49.38,47.98,48.71,4004475
2019-06-21,48.71,49.24,48.56,48.63,6221285
2019-06-24,48.57,49.13,48.23,48.49,2834694
2019-06-25,48.45,48.58,47.78,48.33,4348328
2019-06-26,48.48,48.77,48.06,48.08,3797043
2019-06-27,48.22,48.39,47.75,48.18,6204382
2019-06-28,48.70,49.29,48.52,49.13,7337837
2019-07-01,49.53,49.96,49.20,49.56,3724044
2019-07-02,49.39,49.64,48.67,48.79,3034861
2019-07-03,49.22,49.27,48.76,49.07,2586415
2019-07-05,49.40,49.96,49.38,49.94,3302233
2019-07-08,49.51,49.56,49.18,49.39,3349015
2019-07-09,49.25,50.21,49.04,50.05,4756483
2019-07-10,50.04,50.04,49.61,49.75,4246226
2019-07-11,49.79,50.41,49.58,50.31,3452925
2019-07-12,50.47,50.56,50.22,50.45,3896119
2019-07-15,50.49,50.49,49.77,49.97,5197557
2019-07-16,50.00,50.00,49.39,49.64,4114230
2019-07-17,49.49,49.75,49.30,49.64,5221413
2019-07-18,49.75,51.29,49.30,51.03,5878735
2019-07-19,50.99,51.17,50.46,50.65,5127391
2019-07-22,50.50,50.77,50.25,50.44,4737312
2019-07-23,50.58,51.20,50.49,50.98,3381484
2019-07-24,50.98,51.66,50.75,51.54,3918820
2019-07-25,51.41,51.77,50.99,51.25,5677110
2019-07-26,51.35,51.75,51.22,51.65,3409668
2019-07-29,51.59,52.02,51.11,51.20,3809916
2019-07-30,50.92,51.42,50.61,51.39,4269592
2019-07-31,51.36,51.89,51.17,51.53,5957446
2019-08-01,51.42,51.67,49.46,49.63,5834837
2019-08-02,49.52,49.74,48.59,49.35,4483775
2019-08-05,48.58,48.58,46.76,47.37,4435367
2019-08-06,47.76,47.82,46.55,47.77,4366956
2019-08-07,46.76,47.25,45.96,47.13,6312182
2019-08-08,47.60,47.71,47.10,47.49,3454724
2019-08-09,47.34,47.60,46.85,47.35,2767419
2019-08-12,46.85,47.08,46.55,46.66,5267875
2019-08-13,46.28,47.40,45.90,46.73,3144317
2019-08-14,45.71,46.35,44.98,45.24,8589710
2019-08-15,45.48,45.87,45.16,45.45,4444542
2019-08-16,45.86,46.72,45.67,46.55,8381888
2019-08-19,47.23,47.35,46.76,46.96,4027608
2019-08-20,46.55,46.63,45.92,46.05,4187744
2019-08-21,46.37,46.53,45.93,46.22,2984463
2019-08-22,46.53,46.86,46.12,46.68,2220356
2019-08-23,46.46,46.86,45.00,45.25,3881278
2019-08-26,45.67,46.04,45.27,46.02,3108284
2019-08-27,46.22,46.36,45.39,45.67,3234407
2019-08-28,45.42,46.75,45.38,46.61,3519337
2019-08-29,47.05,47.63,46.98,47.41,2730577
2019-08-30,47.80,48.15,47.47,47.65,7055522
2019-09-03,47.20,47.27,46.33,46.70,6060000
2019-09-04,47.15,47.48,46.93,47.31,2745301
2019-09-05,48.17,48.96,48.12,48.65,3394211
2019-09-06,48.65,48.95,48.41,48.72,4551588
2019-09-09,49.16,50.66,48.99,50.36,4715816
2019-09-10,50.64,51.27,49.69,51.24,7286162
2019-09-11,51.34,52.14,50.46,52.13,5256294
2019-09-12,51.80,53.05,51.28,52.79,5648896
2019-09-13,53.34,53.69,52.80,53.06,4467030
2019-09-16,52.52,53.13,52.30,52.92,4260449
2019-09-17,52.72,52.76,52.26,52.76,3453394
2019-09-18,52.40,53.48,52.18,53.11,4028511
2019-09-19,53.03,53.13,52.71,52.79,3190220
2019-09-20,53.02,53.20,52.32,52.42,6291680
2019-09-23,52.00,52.70,51.89,52.57,3782020
2019-09-24,52.58,52.63,51.61,52.04,3659412
2019-09-25,52.16,52.96,52.16,52.85,3779258
2019-09-26,52.67,53.11,52.51,52.92,3998735
2019-09-27,53.47,53.85,53.14,53.46,5031940
2019-09-30,53.77,53.82,53.24,53.37,6653235
2019-10-01,53.64,53.90,52.26,52.34,8007626
2019-10-02,51.96,51.96,50.86,51.07,5652538
2019-10-03,50.86,51.10,50.02,50.81,5318903
2019-10-04,50.89,51.68,50.71,51.66,4468222
2019-10-07,51.50,52.14,51.32,51.60,3655004
2019-10-08,51.26,51.43,50.76,50.98,4702377
2019-10-09,51.40,51.47,50.78,50.99,4608620
2019-10-10,51.17,51.73,51.01,51.33,7765681
2019-10-11,52.20,52.55,51.91,52.00,5192890
2019-10-14,51.73,52.16,51.62,51.98,3017824
2019-10-15,52.16,52.96,51.96,52.74,6307784
2019-10-16,52.90,53.29,52.68,52.99,5019828
2019-10-17,52.98,52.99,51.40,52.44,8105653
2019-10-18,52.42,53.02,52.34,52.67,5074405
2019-10-21,53.16,53.49,52.96,53.45,4411958
2019-10-22,53.59,53.97,53.02,53.47,4450237
2019-10-23,53.35,53.61,53.17,53.49,2543533
2019-10-24,53.62,53.64,52.79,53.05,2304872
2019-10-25,52.98,53.81,52.98,53.58,2189329
2019-10-28,53.88,54.20,53.70,54.00,3999660
2019-10-29,53.79,54.41,53.70,54.24,5472150
2019-10-30,54.09,54.10,53.54,53.68,4063426
2019-10-31,53.29,53.68,52.48,53.05,4361123
2019-11-01,53.61,54.12,53.40,54.10,3487313
2019-11-04,54.44,54.82,54.38,54.61,5017276
2019-11-05,54.87,55.66,54.83,55.36,5884665
2019-11-06,55.18,55.36,54.79,55.25,5577321
2019-11-07,55.10,55.53,54.58,54.73,5108617
2019-11-08,54.61,55.02,54.32,54.94,4185342
2019-11-11,54.44,54.64,54.13,54.29,3845358
2019-11-12,54.15,54.53,54.04,54.44,4327970
2019-11-13,53.93,54.64,53.58,54.37,5195510
2019-11-14,54.18,54.68,54.00,54.60,4156993
2019-11-15,54.90,54.95,54.41,54.61,5438350
2019-11-18,54.46,55.05,54.46,55.01,3980014
2019-11-19,55.15,55.20,54.50,54.69,5822634
2019-11-20,54.40,54.64,53.96,54.41,4566679
2019-11-21,54.67,54.71,53.92,54.18,3551697
2019-11-22,54.31,55.00,54.18,54.67,2208764
2019-11-25,54.83,55.26,54.70,55.20,3860080
2019-11-26,55.08,55.09,54.16,54.43,3752557
2019-11-27,54.68,54.98,54.55,54.92,2400003
2019-11-29,54.89,55.08,54.64,54.72,1567080
2019-12-02,54.99,55.06,54.32,54.41,3293946
2019-12-03,53.70,53.70,52.77,53.21,4541849
2019-12-04,53.25,53.51,53.07,53.31,5437363
2019-12-05,53.50,53.59,53.04,53.49,6088520
2019-12-06,54.13,54.68,54.02,54.24,25954270
2019-12-09,54.96,54.96,54.26,54.72,8382003
2019-12-10,54.38,55.26,54.27,55.12,7020624
2019-12-11,55.12,55.26,53.67,53.68,7421517
2019-12-12,53.97,56.19,53.84,56.08,8978026
2019-12-13,56.11,56.66,55.64,56.02,7674364
2019-12-16,56.53,56.75,56.11,56.22,9003022
2019-12-17,56.28,56.77,56.03,56.67,6770544
2019-12-18,56.80,56.92,56.24,56.32,10230010
2019-12-19,56.38,56.52,55.85,56.14,6140168
2019-12-20,54.29,56.60,54.29,56.30,11611300
2019-12-23,56.56,56.58,56.10,56.20,4842619
2019-12-24,56.30,56.35,56.04,56.16,1785054
2019-12-26,56.28,56.74,56.19,56.72,2833558
2019-12-27,56.77,56.81,56.34,56.48,3232850
2019-12-30,56.70,56.84,56.32,56.42,3547406
2019-12-31,56.44,56.59,56.07,56.32,4090806
2020-01-02,56.41,56.68,55.88,56.67,5154451
2020-01-03,56.15,56.30,55.66,56.20,4434306
2020-01-06,55.49,55.80,55.15,55.73,9678754
2020-01-07,55.67,55.67,55.09,55.49,5272865
2020-01-08,55.42,55.82,55.31,55.61,6232660
2020-01-09,55.91,56.22,55.71,56.18,5700635
2020-01-10,56.38,56.50,55.73,55.96,5032565
2020-01-13,55.80,56.23,55.69,56.22,6121867
2020-01-14,56.18,56.48,55.91,56.36,5214113
2020-01-15,55.91,56.12,54.90,55.13,5899943
2020-01-16,55.19,55.87,55.19,55.86,4493814
2020-01-17,56.30,56.38,55.85,56.29,5789279
2020-01-21,56.05,56.53,55.84,56.28,6698609
2020-01-22,56.50,56.50,56.12,56.34,3952782
2020-01-23,55.99,56.39,55.23,56.36,4256439
2020-01-24,56.30,56.35,55.02,55.48,5520177
2020-01-27,54.52,54.97,54.34,54.68,5952307
2020-01-28,55.01,55.39,54.74,54.96,4390287
2020-01-29,55.09,55.25,53.65,53.86,5487490
2020-01-30,52.85,53.10,49.37,52.13,13251610
2020-01-31,51.86,51.88,51.24,51.57,7724865
2020-02-03,51.98,52.94,51.97,52.50,5448581
2020-02-04,53.40,53.91,53.09,53.16,4517119
2020-02-05,53.82,54.68,53.78,54.43,4895969
2020-02-06,54.65,54.88,53.80,54.18,4377001
2020-02-07,53.67,54.40,53.33,54.27,4123181
2020-02-10,53.84,54.42,53.84,54.33,2885002
2020-02-11,54.37,55.12,54.37,54.81,3769260
2020-02-12,55.19,55.47,54.21,54.44,4264505
2020-02-13,53.96,54.91,53.79,54.82,4162662
2020-02-14,54.80,54.97,54.39,54.94,4074171
2020-02-18,54.63,54.80,53.54,54.01,4265811
2020-02-19,54.26,54.65,54.05,54.61,3414644
2020-02-20,54.39,55.44,54.23,55.31,5185592
2020-02-21,54.83,55.10,54.24,54.85,5640328
2020-02-24,53.65,54.34,53.27,53.77,7350918
2020-02-25,53.75,53.78,51.15,51.31,7233299
2020-02-26,51.71,52.21,50.65,50.70,6856782
2020-02-27,49.79,50.23,47.54,47.55,7471655
2020-02-28,46.05,46.91,44.92,46.14,10747240
2020-03-02,48.10,48.82,45.61,48.81,8156663
2020-03-03,48.39,49.40,46.44,46.89,10348510
2020-03-04,47.24,47.60,45.86,47.38,9533194
2020-03-05,45.42,45.51,43.02,43.61,12104130
2020-03-06,41.49,42.49,39.55,40.67,13966400
2020-03-09,36.46,37.95,33.89,34.51,15081820
2020-03-10,36.23,36.87,33.93,36.34,14818150
2020-03-11,35.08,35.49,33.30,33.66,11488070
2020-03-12,30.32,33.16,28.94,30.22,12378590
2020-03-13,32.78,34.14,30.64,33.83,12391380
2020-03-16,28.47,30.32,24.01,27.37,12016840
2020-03-17,28.28,29.74,25.94,29.27,14132560
2020-03-18,27.23,29.47,26.04,28.32,11291560
2020-03-19,27.61,32.00,26.52,29.97,10763120
2020-03-20,30.31,30.69,28.00,30.04,15605700
2020-03-23,28.00,29.13,25.51,25.69,12832480
2020-03-24,26.93,30.39,26.23,30.12,10396830
2020-03-25,30.04,32.00,28.85,30.67,13398770
2020-03-26,30.83,34.67,30.54,34.28,10238450
2020-03-27,32.49,34.76,32.26,33.27,8639477
2020-03-30,33.16,33.53,31.68,32.56,7813051
2020-03-31,31.81,32.43,30.21,30.84,8326838
2020-04-01,28.60,29.29,28.09,28.47,9102295
2020-04-02,28.29,29.61,27.63,28.48,8909146
2020-04-03,28.24,28.57,26.41,27.21,9002033
2020-04-06,29.15,30.39,28.46,29.77,11721410
2020-04-07,31.92,32.33,30.42,30.59,11735730
2020-04-08,31.04,32.94,30.88,32.70,8369451
2020-04-09,33.72,36.12,33.55,36.11,9661001
2020-04-13,36.06,36.14,33.69,33.94,7753350
2020-04-14,34.73,35.20,32.79,33.36,6447412
2020-04-15,31.69,32.12,31.15,31.31,8380605
2020-04-16,31.52,31.52,29.24,29.64,5858791
2020-04-17,30.90,33.50,30.84,33.40,8133176
2020-04-20,33.50,35.08,32.77,34.13,8271306
2020-04-21,33.91,34.57,33.09,34.03,7740918
2020-04-22,34.56,35.14,33.68,34.00,7738864
2020-04-23,34.06,35.18,34.06,34.29,4777643
2020-04-24,34.59,35.81,34.23,35.48,6264290
2020-04-27,35.60,37.74,35.24,37.47,6374987
2020-04-28,38.85,39.64,37.46,37.52,7587698
2020-04-29,38.66,39.78,37.84,39.20,7180661
2020-04-30,37.91,38.24,36.97,37.32,5546881
2020-05-01,36.19,36.38,34.97,35.44,5396081
2020-05-04,34.88,35.65,34.26,35.56,5903224
2020-05-05,36.07,36.79,35.19,35.25,5608111
2020-05-06,35.53,35.70,34.29,34.31,4437130
2020-05-07,34.75,36.57,34.75,35.24,5356230
2020-05-08,36.28,36.60,35.56,36.24,4282638
2020-05-11,35.64,35.64,33.99,34.42,4972574
2020-05-12,34.59,34.97,32.98,33.06,6982517
2020-05-13,32.71,32.91,30.61,31.63,9941405
2020-05-14,30.69,32.35,29.87,32.06,8855112
2020-05-15,31.53,32.13,31.19,31.35,7437464
2020-05-18,33.05,34.43,32.90,34.15,6456814
2020-05-19,33.48,33.78,32.32,32.34,5837590
2020-05-20,33.08,33.96,33.05,33.77,5373582
2020-05-21,33.32,34.16,33.28,33.47,4933858
2020-05-22,33.49,33.82,32.76,33.29,4227476
2020-05-26,35.19,36.94,34.80,36.19,7618514
2020-05-27,39.36,39.74,37.83,39.50,8391806
2020-05-28,40.22,40.30,37.76,38.15,8038730
2020-05-29,37.43,37.74,36.28,36.78,8674730
2020-06-01,37.07,38.44,36.84,38.06,6065961
2020-06-02,38.56,38.87,37.25,37.61,7844571
2020-06-03,39.00,40.23,38.51,39.97,5781003
2020-06-04,39.66,41.88,39.36,41.87,6255761
2020-06-05,45.20,45.80,43.41,44.31,10788130
2020-06-08,45.36,46.53,45.27,46.37,10430300
2020-06-09,44.61,45.41,44.07,44.68,9148635
2020-06-10,44.25,44.54,41.50,41.51,9845226
2020-06-11,38.30,39.27,37.45,37.48,11823830
2020-06-12,40.09,40.09,37.57,39.47,7954462
2020-06-15,37.50,39.88,37.40,39.83,7428662
2020-06-16,41.85,41.96,39.78,41.07,6766483
2020-06-17,41.40,41.48,40.20,40.28,3942184
2020-06-18,39.68,41.11,39.51,40.50,3813958
2020-06-19,41.45,41.45,39.19,39.34,13506950
2020-06-22,38.73,39.79,38.59,39.53,4237888
2020-06-23,40.20,40.87,39.81,40.04,4378533
2020-06-24,39.11,39.36,37.52,37.66,7135366
2020-06-25,37.43,38.85,37.22,38.55,5934488
2020-06-26,37.54,37.67,35.66,35.95,9393053
2020-06-29,36.70,37.38,36.18,36.74,4903524
2020-06-30,36.33,37.87,36.33,37.55,7230496
2020-07-01,37.82,37.89,36.33,36.41,6076352
2020-07-02,37.54,38.09,36.39,36.42,5578498
2020-07-06,37.47,37.93,36.37,36.69,3787812
2020-07-07,36.10,36.13,35.05,35.30,6080306
2020-07-08,35.13,35.85,34.62,35.32,5016745
2020-07-09,35.01,35.12,33.47,33.61,4815799
2020-07-10,33.61,35.26,33.61,35.20,4393163
2020-07-13,35.63,36.07,34.75,35.61,6138754
2020-07-14,35.49,36.02,34.64,35.18,6329508
2020-07-15,36.28,37.20,35.90,36.93,6954504
2020-07-16,36.95,37.94,36.08,37.22,5062372
2020-07-17,37.15,37.25,36.29,36.30,4440616
2020-07-20,36.16,36.26,35.59,35.72,2793223
2020-07-21,35.94,37.55,35.94,37.25,5086367
2020-07-22,36.42,37.22,36.24,37.17,5834196
2020-07-23,36.92,38.06,36.84,37.90,4311541
2020-07-24,38.16,38.33,37.41,37.74,3966269
2020-07-27,37.25,37.48,36.35,36.67,4229917
2020-07-28,36.37,37.19,36.34,36.87,3362142
2020-07-29,36.72,38.41,36.48,38.34,4405997
2020-07-30,37.11,37.35,36.19,37.24,3519051
2020-07-31,37.12,37.50,36.57,37.46,5053019
2020-08-03,37.40,38.03,36.86,37.77,4142130
2020-08-04,37.78,37.96,36.78,37.18,4716568
2020-08-05,37.50,37.93,37.38,37.66,3480734
2020-08-06,37.35,37.85,37.14,37.55,3110640
2020-08-07,37.23,39.11,37.00,39.06,3777807
2020-08-10,39.18,40.08,39.12,39.42,3803856
2020-08-11,41.20,42.04,40.45,40.70,7344222
2020-08-12,41.61,41.79,40.12,40.81,10482800
2020-08-13,39.69,39.88,38.54,38.82,4911381
2020-08-14,38.50,39.95,38.30,39.50,3620317
2020-08-17,39.14,39.39,38.52,38.74,3264099
2020-08-18,38.86,38.89,37.78,37.91,2638618
2020-08-19,38.15,38.77,37.78,37.95,3700640
2020-08-20,37.32,37.74,36.89,37.21,2921700
2020-08-21,37.15,37.53,36.76,36.91,3193892
2020-08-24,37.08,38.67,36.88,38.65,4001441
2020-08-25,39.33,39.53,38.33,38.82,3363349
2020-08-26,38.46,38.58,37.86,37.87,3158990
2020-08-27,37.92,39.46,37.81,39.21,3525119
2020-08-28,39.58,39.63,39.00,39.59,2979866
2020-08-31,39.52,39.58,38.71,38.81,3807304
2020-09-01,38.75,39.56,38.13,39.17,4673306
2020-09-02,38.87,39.72,38.62,39.41,6730587
2020-09-03,39.82,41.04,38.44,38.61,7440813
2020-09-04,39.75,40.10,38.58,39.16,8359568
2020-09-08,38.69,38.78,37.16,37.91,7760253
2020-09-09,38.20,38.36,37.44,37.83,5423278
2020-09-10,38.01,38.45,37.17,37.21,4210906
2020-09-11,37.32,38.24,37.05,38.23,4706057
2020-09-14,38.48,39.89,38.36,39.76,5402583
2020-09-15,39.66,39.74,38.94,39.41,5804602
2020-09-16,39.22,40.66,38.98,40.25,5211175
2020-09-17,39.53,40.04,39.01,39.26,5512235
2020-09-18,38.99,39.63,38.85,39.16,6460026
2020-09-21,38.00,38.32,36.78,37.34,6251704
2020-09-22,37.14,37.70,35.92,36.25,4628326
2020-09-23,36.58,37.15,35.43,35.43,4605014
2020-09-24,35.81,36.34,35.09,35.47,4114598
2020-09-25,35.01,36.23,34.86,36.17,3570263
2020-09-28,36.82,37.80,36.73,37.45,5055716
2020-09-29,37.30,37.30,36.23,37.01,5172931
2020-09-30,37.04,38.23,37.00,38.05,7952488
2020-10-01,38.18,38.86,37.86,38.75,8545373
2020-10-02,38.13,40.23,37.94,39.98,6899779
2020-10-05,40.42,41.40,40.41,41.24,5296723
2020-10-06,41.63,42.66,40.65,40.82,5845833
2020-10-07,41.43,42.68,41.43,42.03,6073672
2020-10-08,42.37,43.16,42.05,43.06,4893648
2020-10-09,43.36,43.45,42.50,43.21,5933331
2020-10-12,43.03,43.62,42.83,43.46,5250783
2020-10-13,43.11,43.34,42.38,42.60,5186595
2020-10-14,42.85,43.11,42.10,42.23,6382461
2020-10-15,42.97,43.00,41.00,42.11,6180189
2020-10-16,42.08,42.20,40.94,41.65,4698737
2020-10-19,41.82,42.33,41.38,41.57,3578700
2020-10-20,42.02,43.20,41.96,42.09,4306486
2020-10-21,41.72,42.19,41.55,41.90,5700366
2020-10-22,41.80,43.53,41.77,43.45,3896222
2020-10-23,43.89,44.40,43.16,43.94,3534281
2020-10-26,43.13,43.31,42.53,43.03,4871257
2020-10-27,42.78,42.92,41.71,41.73,4024451
2020-10-28,40.56,41.77,40.52,41.12,7172170
2020-10-29,40.79,42.12,40.05,41.85,4418807
2020-10-30,41.70,42.18,41.22,42.12,5415089
2020-11-02,42.76,43.77,42.09,43.48,6477969
2020-11-03,44.73,45.18,44.19,44.76,5812330
2020-11-04,43.26,43.88,41.98,42.68,5209499
2020-11-05,42.70,45.20,42.66,44.93,6606366
2020-11-06,45.20,45.20,42.80,42.99,4892630
2020-11-09,47.42,49.72,47.40,48.52,10476520
2020-11-10,47.44,49.32,46.98,49.04,6279320
2020-11-11,49.20,49.28,47.91,48.82,5777061
2020-11-12,47.27,47.63,45.63,46.33,4603672
2020-11-13,46.51,47.65,46.50,47.19,4788314
2020-11-16,49.00,49.15,48.07,48.57,5958609
2020-11-17,47.62,48.31,47.07,48.17,5144912
2020-11-18,48.33,48.88,47.44,47.45,5332027
2020-11-19,46.70,47.03,46.15,46.90,6360962
2020-11-20,46.73,46.89,46.07,46.21,6018975
2020-11-23,47.00,47.23,46.45,46.98,4683057
2020-11-24,48.10,49.15,48.00,48.97,6588095
2020-11-25,48.38,48.80,47.64,48.51,4010252
2020-11-27,48.61,49.03,48.17,48.50,2898483
2020-11-30,48.18,48.49,46.36,46.42,6850338
2020-12-01,47.85,48.26,47.30,47.52,6260143
2020-12-02,47.14,47.72,46.83,47.56,5015891
2020-12-03,47.65,47.78,46.96,47.41,4782360
2020-12-04,47.65,48.30,47.41,48.23,4872022
2020-12-07,47.67,48.14,47.14,47.86,3857994
2020-12-08,47.59,48.06,47.22,47.71,3797378
2020-12-09,48.19,48.31,47.58,47.88,5539907
2020-12-10,47.19,48.12,47.06,47.95,8441504
2020-12-11,47.14,47.31,46.69,47.01,4503116
2020-12-14,47.68,47.68,45.79,45.91,6202742
2020-12-15,46.27,46.94,45.72,46.72,5146307
2020-12-16,46.72,47.27,46.40,47.23,7242078
2020-12-17,47.11,47.28,46.30,47.10,7794709
2020-12-18,46.99,47.10,45.56,45.90,10492720
2020-12-21,46.09,46.62,45.44,46.32,6891052
2020-12-22,46.67,46.76,45.96,46.03,4527162
2020-12-23,46.60,47.57,46.31,47.29,5170929
2020-12-24,47.50,47.50,46.70,46.99,2276226
2020-12-28,47.32,47.84,47.02,47.53,3532662
2020-12-29,47.55,47.66,46.58,46.72,2791870
2020-12-30,46.96,47.52,46.83,47.37,2931943
2020-12-31,47.41,48.00,46.97,47.93,3559589
2021-01-04,48.25,48.36,46.71,47.18,6314896
2021-01-05,47.28,47.96,46.71,47.50,6814489
2021-01-06,49.20,51.08,48.65,50.00,12915640
2021-01-07,50.00,51.68,49.98,51.49,8188519
2021-01-08,51.44,51.44,49.87,50.65,4703195
2021-01-11,50.12,50.99,49.63,50.94,5008923
2021-01-12,51.43,52.48,51.01,52.25,4739336
2021-01-13,51.94,52.28,51.15,52.08,4781100
2021-01-14,52.42,53.48,52.31,53.14,6217365
2021-01-15,52.19,52.60,51.40,51.97,4901957
2021-01-19,52.30,52.40,51.62,52.15,6604299
2021-01-20,51.98,52.00,51.22,51.63,6584120
2021-01-21,51.30,52.47,50.72,51.07,6040217
2021-01-22,50.22,51.41,50.13,51.18,4132830
2021-01-25,51.00,51.27,50.01,51.05,5261465
2021-01-26,51.60,51.70,50.23,50.24,3623866
2021-01-27,49.21,49.52,48.26,48.39,5679651
2021-01-28,49.08,49.87,48.61,49.15,5337072
2021-01-29,48.88,49.61,47.69,47.98,6970380
2021-02-01,48.31,48.51,47.71,48.38,5428177
2021-02-02,49.06,50.60,48.84,50.21,4874749
2021-02-03,49.79,51.64,49.70,51.52,6100866
2021-02-04,51.83,53.60,51.73,53.37,5085851
2021-02-05,53.85,54.00,52.61,52.69,5194581
2021-02-08,52.90,53.07,52.48,52.97,5902968
2021-02-09,52.73,53.49,52.47,53.37,3552239
2021-02-10,53.67,54.45,53.40,53.71,4526009
2021-02-11,53.29,53.73,52.22,52.78,3569529
2021-02-12,52.60,54.11,52.49,54.01,4555181
2021-02-16,54.57,56.02,54.25,55.65,6221328
2021-02-17,55.06,56.01,55.06,55.65,4215101
2021-02-18,55.26,55.94,55.02,55.83,5346096
2021-02-19,56.25,57.76,56.05,57.58,6427252
2021-02-22,57.50,59.27,57.48,59.07,8987202
2021-02-23,59.80,59.89,58.05,58.73,7391170
2021-02-24,59.00,60.80,58.91,60.17,7776924
2021-02-25,61.00,61.26,58.43,58.63,5775977
2021-02-26,58.24,58.61,56.86,56.96,10838140
2021-03-01,58.26,59.28,58.06,58.81,4814111
2021-03-02,58.43,59.02,58.16,58.26,5087634
2021-03-03,58.50,59.62,58.35,58.49,6178937
2021-03-04,58.32,58.80,56.29,57.38,5960941
2021-03-05,59.02,59.22,56.83,58.72,6149004
2021-03-08,59.58,60.66,58.98,59.71,6833154
2021-03-09,58.82,59.27,57.53,58.25,5807652
2021-03-10,58.38,59.27,58.08,58.80,6963792
2021-03-11,58.29,59.13,57.87,58.91,9149884
2021-03-12,60.00,60.28,59.38,59.92,4388138
2021-03-15,59.86,60.00,58.65,59.48,6236696
2021-03-16,57.88,58.68,57.31,58.24,5585217
2021-03-17,58.91,59.37,57.92,58.58,5411394
2021-03-18,59.48,60.91,59.05,59.33,6257111
2021-03-19,58.25,59.25,57.07,58.54,14524360
2021-03-22,57.86,58.06,57.01,57.47,5349913
2021-03-23,56.91,57.44,55.96,56.08,5296571
2021-03-24,56.77,57.30,55.80,55.82,7360988
2021-03-25,55.95,57.66,55.28,57.49,7007319
2021-03-26,58.60,59.54,58.28,59.35,9944702
2021-03-29,58.44,58.54,57.01,57.31,5700835
2021-03-30,57.88,59.05,57.83,58.78,5178002
2021-03-31,58.61,59.02,58.13,58.32,6100265
2021-04-01,58.30,59.06,58.11,59.05,4654420
2021-04-05,59.71,60.13,58.77,59.15,4866258
2021-04-06,58.97,59.36,58.52,59.13,3359106
2021-04-07,59.36,59.67,58.84,59.43,3245100
2021-04-08,58.89,59.41,58.07,59.25,4523985
2021-04-09,59.71,60.27,59.51,60.02,4247383
2021-04-12,60.11,60.42,59.85,60.19,4200246
2021-04-13,59.67,59.78,58.49,58.98,4393474
2021-04-14,58.62,60.32,58.62,59.69,4817608
2021-04-15,58.96,59.11,56.52,57.22,9229129
2021-04-16,57.80,58.09,57.09,57.84,5864423
2021-04-19,58.16,58.16,57.27,57.40,4857839
2021-04-20,56.93,57.12,55.49,55.75,6985288
2021-04-21,55.36,56.80,55.16,56.77,6078364
2021-04-22,56.72,56.81,55.83,55.86,6466624
2021-04-23,55.77,57.95,55.66,57.62,6461741
2021-04-26,58.02,58.65,57.65,57.72,4354915
2021-04-27,57.83,58.42,57.63,58.30,4840581
2021-04-28,58.53,59.23,58.42,58.94,4543650
2021-04-29,59.65,60.21,59.46,59.93,5050930
2021-04-30,59.51,60.02,59.05,59.31,5683839
2021-05-03,60.01,60.22,59.02,59.19,4265616
2021-05-04,58.78,60.13,58.27,60.00,8276333
2021-05-05,59.98,60.89,59.50,60.60,3011223
2021-05-06,61.00,61.10,59.91,61.05,4109548
2021-05-07,59.92,61.66,59.73,61.57,3926587
2021-05-10,61.57,62.10,60.88,60.89,4527501
2021-05-11,60.60,61.61,60.08,60.49,5025323
2021-05-12,61.12,61.43,59.45,59.61,5269529
2021-05-13,58.75,60.97,58.69,60.57,4901816
2021-05-14,60.99,61.81,60.57,61.64,4229565
2021-05-17,61.49,62.15,61.24,62.02,5156540
2021-05-18,62.05,62.69,61.15,61.19,5024820
2021-05-19,60.59,60.74,59.52,60.38,10376670
2021-05-20,60.33,60.65,59.38,60.26,4587976
2021-05-21,60.66,61.42,60.42,60.88,4110250
2021-05-24,61.23,61.57,60.70,61.21,3280876
2021-05-25,61.38,61.98,59.99,60.06,4050318
2021-05-26,60.65,60.98,59.87,60.62,4775656
2021-05-27,61.54,62.34,61.13,62.14,14972140
2021-05-28,61.83,62.03,60.83,61.78,6162088
2021-06-01,62.20,62.59,61.44,61.50,6068742
2021-06-02,61.64,61.78,60.76,60.78,5667241
2021-06-03,60.90,61.61,60.47,60.80,6215191
2021-06-04,60.72,60.76,59.61,60.19,7870997
2021-06-07,60.38,60.51,59.66,60.06,6097245
2021-06-08,59.61,60.15,59.09,59.83,5060504
2021-06-09,59.35,59.36,58.41,58.45,5201714
2021-06-10,59.16,59.34,57.79,57.83,6417470
2021-06-11,57.95,58.38,57.75,57.99,4164846
2021-06-14,57.85,58.04,56.32,56.69,7444253
2021-06-15,56.98,57.54,56.37,57.21,5578284
2021-06-16,56.76,58.32,56.17,57.80,6412790
2021-06-17,58.22,58.22,54.28,54.33,8196835
2021-06-18,53.22,53.63,52.61,52.81,13044610
2021-06-21,53.35,54.55,53.21,54.50,5459984
2021-06-22,54.58,54.83,53.85,54.36,4839680
2021-06-23,54.59,54.96,54.34,54.63,3702927
2021-06-24,54.81,55.60,54.43,55.32,4773419
2021-06-25,55.65,56.32,55.37,56.13,4074728
2021-06-28,55.81,55.97,54.94,55.21,5718738
2021-06-29,55.76,56.29,55.02,55.30,4638916
2021-06-30,55.00,55.87,55.00,55.50,4720038
2021-07-01,55.83,56.33,55.57,56.30,4138778
2021-07-02,56.13,56.20,55.61,56.03,3093167
2021-07-06,55.59,55.76,54.33,54.42,4914162
2021-07-07,53.45,54.37,53.44,53.68,4521149
2021-07-08,53.03,53.57,52.25,52.98,6131646
2021-07-09,54.22,55.28,53.72,55.21,5192864
2021-07-12,54.35,55.73,53.99,55.60,4026654
2021-07-13,55.34,55.57,54.52,54.71,4636828
2021-07-14,54.73,55.46,53.77,54.43,6275832
2021-07-15,54.00,56.24,53.77,55.86,6293640
2021-07-16,56.20,56.24,54.22,54.39,5342949
2021-07-19,53.49,53.79,51.87,52.18,7131918
2021-07-20,52.10,54.93,51.93,54.07,6274912
2021-07-21,54.66,55.73,54.50,55.28,4352609
2021-07-22,55.02,55.14,54.06,54.33,3307694
2021-07-23,54.91,55.24,54.16,54.46,3186439
2021-07-26,54.61,55.18,54.51,54.90,3488821
2021-07-27,54.20,55.33,53.88,54.95,5234691
2021-07-28,55.56,55.62,54.23,55.08,4884300
2021-07-29,55.55,55.83,54.83,55.32,3248095
2021-07-30,55.09,55.85,54.31,54.43,5808430
2021-08-02,54.73,55.97,54.11,54.14,4496754
2021-08-03,54.50,55.49,53.25,55.31,4018273
2021-08-04,54.55,55.42,54.30,54.59,4029000
2021-08-05,55.17,55.60,55.00,55.55,3526336
2021-08-06,56.36,57.14,56.07,56.60,4179497
2021-08-09,56.41,57.20,55.84,56.72,3892389
2021-08-10,56.53,57.98,56.41,57.96,5999754
2021-08-11,57.95,58.94,57.31,58.86,6605742
2021-08-12,58.36,58.82,57.94,58.51,4436265
2021-08-13,58.64,58.86,57.28,57.38,4773185
2021-08-16,57.00,57.09,56.06,57.07,3415783
2021-08-17,56.50,56.91,55.48,56.19,3553354
2021-08-18,55.88,56.66,55.49,55.56,3134548
2021-08-19,54.75,55.58,54.46,55.04,4371821
2021-08-20,54.89,55.60,54.62,55.58,3354906
2021-08-23,56.00,56.37,55.91,56.08,2687327
2021-08-24,56.07,56.82,56.05,56.71,2409231
2021-08-25,57.00,58.06,56.70,57.56,2691030
2021-08-26,57.62,57.89,56.91,56.98,3041260
2021-08-27,57.15,58.10,57.02,57.97,3758377
2021-08-30,58.00,58.10,56.71,56.79,3196520
2021-08-31,56.97,57.33,56.43,57.06,5612935
2021-09-01,57.40,57.40,55.96,56.22,5519923
2021-09-02,56.24,56.93,56.12,56.60,3529061
2021-09-03,56.64,56.83,56.12,56.45,2580696
2021-09-07,56.55,57.16,55.96,56.02,4190346
2021-09-08,55.83,56.19,55.31,55.64,2824387
2021-09-09,55.59,56.57,55.36,55.73,3379104
2021-09-10,56.18,56.19,55.13,55.20,3196841
2021-09-13,55.63,56.35,55.50,56.23,4310311
2021-09-14,56.22,56.51,54.34,54.63,6008649
2021-09-15,54.65,55.86,54.65,55.58,4920274
2021-09-16,55.95,56.27,55.17,55.28,5272069
2021-09-17,55.15,56.08,55.11,55.33,19623650
2021-09-20,53.87,54.24,52.63,53.68,9463442
2021-09-21,54.00,54.24,53.42,53.67,4029263
2021-09-22,54.52,55.28,54.35,54.74,4933910
2021-09-23,55.38,57.34,55.37,57.09,6262407
2021-09-24,57.29,58.33,57.03,58.00,5608382
2021-09-27,58.80,60.52,58.68,60.15,5994477
2021-09-28,60.33,60.74,58.98,59.19,6925412
2021-09-29,59.44,59.70,58.97,59.42,3821096
2021-09-30,59.83,60.06,58.61,58.65,6660920
2021-10-01,59.10,60.66,58.59,60.22,5105978
2021-10-04,60.25,61.16,59.83,60.05,4096277
2021-10-05,59.69,60.76,59.69,60.28,3988927
2021-10-06,59.92,60.19,58.77,60.13,3994011
2021-10-07,60.65,61.04,60.26,60.52,3370848
2021-10-08,60.61,61.14,60.18,60.83,2678431
2021-10-11,61.26,61.40,60.20,60.23,2844478
2021-10-12,60.00,60.49,59.70,60.23,2622525
2021-10-13,59.98,60.20,58.46,59.92,4692669
2021-10-14,60.60,60.64,59.66,60.64,4505472
2021-10-15,61.23,61.97,60.41,61.34,5277480
2021-10-18,61.28,62.47,61.23,61.76,6523526
2021-10-19,62.05,62.70,61.85,62.57,4086891
2021-10-20,62.38,63.89,62.20,63.88,4236270
2021-10-21,63.88,64.31,63.23,63.58,3704167
2021-10-22,63.80,64.78,63.80,64.44,4156858
2021-10-25,64.77,64.92,64.40,64.57,3360637
2021-10-26,64.67,64.91,64.22,64.44,4164977
2021-10-27,64.08,64.49,63.00,63.01,4640224
2021-10-28,63.37,63.99,63.32,63.89,4121758
2021-10-29,63.97,64.19,63.44,63.47,4994781
2021-11-01,64.00,64.59,63.83,64.43,3412239
2021-11-02,64.18,64.83,64.04,64.30,4159145
2021-11-03,64.11,65.42,63.81,65.14,4515326
2021-11-04,64.72,64.96,63.19,63.76,3963833
2021-11-05,64.45,64.93,63.92,64.29,3552155
2021-11-08,64.45,64.95,64.41,64.77,4851869
2021-11-09,64.31,65.14,64.31,64.74,4232634
2021-11-10,64.52,64.90,63.84,63.89,4484959
2021-11-11,63.77,64.10,63.38,63.44,2830354
2021-11-12,63.37,63.47,62.31,62.70,6044032
2021-11-15,62.97,63.38,62.76,63.28,3138132
2021-11-16,63.44,63.86,63.04,63.55,2939119
2021-11-17,63.32,63.43,62.25,62.43,3247745
2021-11-18,62.38,62.64,61.46,61.87,3293029
2021-11-19,61.23,61.30,59.97,60.64,4654536
2021-11-22,61.56,62.82,61.24,62.12,3907320
2021-11-23,62.64,62.99,62.41,62.91,3771743
2021-11-24,62.74,63.48,62.48,62.89,3114882
2021-11-26,60.44,60.70,58.80,60.08,5189624
2021-11-29,62.08,63.09,60.17,61.06,6465335
2021-11-30,59.95,60.36,59.05,59.31,7545751
2021-12-01,60.89,61.42,58.30,58.35,5346911
2021-12-02,58.99,60.92,58.77,60.38,4901782
2021-12-03,60.37,60.53,58.13,58.48,6796693
2021-12-06,59.56,60.29,58.88,59.50,7772978
2021-12-07,59.99,61.02,59.75,60.58,5396346
2021-12-08,60.64,60.93,59.73,59.76,4300923
2021-12-09,59.36,60.00,58.89,59.62,3973951
2021-12-10,60.09,60.15,58.84,59.39,3162620
2021-12-13,59.06,59.30,57.78,58.00,6036295
2021-12-14,58.32,59.43,58.22,58.66,5715387
2021-12-15,58.92,59.26,57.80,58.57,4855334
2021-12-16,59.31,60.38,59.00,59.18,5427206
2021-12-17,59.03,59.11,56.76,57.11,9614053
2021-12-20,56.21,56.38,54.73,55.67,5968149
2021-12-21,56.42,57.35,56.30,57.12,4589723
2021-12-22,56.94,57.45,56.74,57.34,3935851
2021-12-23,57.84,58.39,57.60,57.77,3189063
2021-12-27,58.00,58.46,57.38,58.46,2597824
2021-12-28,58.37,58.92,58.19,58.70,2736454
2021-12-29,59.07,59.13,58.53,58.78,2623489
2021-12-30,58.97,59.34,58.44,58.50,2786977
2021-12-31,58.28,58.88,58.27,58.55,2863216
2022-01-03,59.33,60.47,59.30,60.40,5677811
2022-01-04,61.19,62.86,61.14,62.35,5741678
2022-01-05,62.48,63.11,61.62,61.67,5194879
2022-01-06,62.79,63.99,62.15,63.98,7388051
2022-01-07,63.72,65.19,63.41,65.00,7178820
2022-01-10,65.77,65.98,64.39,65.29,5931431
2022-01-11,65.52,65.75,64.69,65.66,5031665
2022-01-12,65.77,66.35,65.57,66.33,6632409
2022-01-13,66.59,67.47,66.42,66.77,7665067
2022-01-14,65.62,67.61,65.13,67.41,6997992
2022-01-18,67.25,68.95,66.77,67.17,8638818
2022-01-19,67.69,67.83,64.48,64.58,7110458
2022-01-20,64.28,64.95,63.03,63.12,5876182
2022-01-21,63.00,63.08,61.13,61.47,6635985
2022-01-24,61.05,62.40,59.38,62.30,10083490
2022-01-25,61.84,63.61,60.61,63.03,8014806
2022-01-26,63.69,64.18,61.88,62.87,8914367
2022-01-27,63.81,64.56,61.52,61.91,9684275
2022-01-28,61.73,62.64,60.90,62.58,5973043
2022-01-31,61.91,63.26,61.04,62.82,6712731
2022-02-01,62.76,64.16,62.30,64.02,5492832
2022-02-02,63.67,64.65,63.38,64.57,5164334
2022-02-03,65.00,65.00,63.14,63.31,5370130
2022-02-04,63.39,64.47,63.34,63.98,9017066
2022-02-07,64.38,64.73,63.55,64.21,4799250
2022-02-08,65.34,66.10,65.07,65.85,6527258
2022-02-09,65.69,66.05,65.33,65.50,3711109
2022-02-10,64.89,65.84,64.31,64.62,5761444
2022-02-11,64.15,65.20,63.12,63.58,6068627
2022-02-14,63.86,64.31,62.24,63.00,6146879
2022-02-15,63.66,64.87,63.57,64.80,5054254
2022-02-16,64.06,65.36,64.06,64.71,3877449
2022-02-17,63.86,64.17,62.42,62.55,4675138
2022-02-18,62.52,63.23,62.08,62.32,4008515
2022-02-22,62.88,62.89,61.56,62.18,4939560
2022-02-23,62.26,62.78,60.40,60.60,5640342
2022-02-24,58.55,59.44,57.16,59.21,10624410
2022-02-25,60.18,63.08,60.02,62.97,8405082
2022-02-28,60.49,62.53,59.95,62.22,8099473
2022-03-01,61.28,61.50,57.47,58.15,8964062
2022-03-02,59.06,61.24,58.85,60.69,6482952
2022-03-03,60.99,61.27,59.72,60.55,4755569
2022-03-04,58.85,59.22,58.34,58.96,8031302
2022-03-07,58.54,58.85,56.19,56.23,8460022
2022-03-08,57.40,58.70,56.26,56.85,6575829
2022-03-09,58.90,59.62,58.12,58.52,6243236
2022-03-10,57.71,58.31,56.95,57.65,4919776
2022-03-11,58.16,58.81,57.09,57.14,5046525
2022-03-14,58.05,58.95,57.50,57.89,5249882
2022-03-15,58.37,58.86,57.20,58.02,6405523
2022-03-16,58.85,59.97,58.68,59.71,9414836
2022-03-17,58.78,58.85,57.58,58.84,9084466
2022-03-18,58.83,58.86,57.01,58.56,16014760
2022-03-21,59.10,59.61,58.01,58.62,6689931
2022-03-22,59.55,60.28,59.14,59.71,5183765
2022-03-23,59.20,59.50,57.98,58.18,4964507
2022-03-24,58.47,58.80,57.88,58.79,5929081
2022-03-25,58.93,60.20,58.63,60.11,7369312
2022-03-28,59.23,59.59,58.07,59.56,8356550
2022-03-29,60.70,61.10,60.06,60.56,7414307
2022-03-30,60.56,60.65,58.37,58.74,4995613
2022-03-31,58.47,59.07,56.70,56.70,7428957
2022-04-01,57.00,57.50,55.04,55.33,6637357
2022-04-04,54.90,55.62,54.05,55.27,5407482
2022-04-05,55.05,55.99,54.82,55.36,5845485
2022-04-06,54.85,55.28,54.45,54.74,5755493
2022-04-07,54.88,55.07,53.17,53.88,5393636
2022-04-08,53.83,54.50,53.41,53.87,4688524
2022-04-11,53.41,54.69,53.11,53.64,4734757
2022-04-12,53.50,54.17,52.40,52.69,5413100
2022-04-13,52.17,52.64,51.66,52.00,10198640
2022-04-14,52.04,52.80,51.68,52.14,8407105
2022-04-18,51.98,52.94,51.90,52.66,8065515
2022-04-19,52.00,52.37,50.29,52.01,10759570
2022-04-20,52.20,53.49,52.11,52.57,8541420
2022-04-21,53.08,53.63,51.89,52.11,6896108
2022-04-22,52.29,52.36,50.79,50.89,7082981
2022-04-25,50.25,50.91,48.91,50.84,12589360
2022-04-26,50.13,51.25,49.91,50.53,10290070
2022-04-27,50.58,51.05,50.21,50.53,7917818
2022-04-28,50.14,50.58,49.51,50.25,13012490
2022-04-29,50.31,50.64,48.22,48.35,10699050
2022-05-02,49.20,49.28,47.98,48.94,11638130
2022-05-03,49.48,50.20,49.26,49.61,11034650
2022-05-04,49.56,50.78,49.16,50.76,16563640
2022-05-05,50.04,50.19,48.55,49.45,8162529
2022-05-06,49.47,49.53,48.17,49.06,9088749
2022-05-09,48.78,49.19,48.15,48.57,8961075
2022-05-10,49.00,49.25,46.86,47.46,9444277
2022-05-11,47.58,48.84,46.78,46.85,7184532
2022-05-12,46.27,46.74,45.51,46.47,7684621
2022-05-13,46.88,47.00,45.87,46.31,8455879
2022-05-16,46.35,46.63,45.52,46.12,7753386
2022-05-17,47.10,48.02,46.87,47.89,10602780
2022-05-18,47.39,47.54,46.22,46.36,7114904
2022-05-19,45.91,46.62,45.74,46.12,7637090
2022-05-20,46.37,46.72,44.85,45.68,9730275
2022-05-23,46.70,47.77,46.39,47.27,6484725
2022-05-24,47.18,47.37,45.75,46.81,6402375
2022-05-25,46.64,47.92,46.64,47.62,7799975
2022-05-26,47.99,48.78,47.95,48.41,5331535
2022-05-27,48.44,49.14,48.34,49.13,5361634
2022-05-31,48.50,50.08,48.33,49.74,9984098
2022-06-01,49.90,50.01,48.31,48.92,7190358
2022-06-02,48.88,49.78,48.58,49.75,5355067
2022-06-03,49.37,49.82,49.02,49.09,5701028
2022-06-06,49.70,50.40,49.32,49.50,4415792
2022-06-07,48.99,49.89,48.74,49.76,3970396
2022-06-08,49.20,49.45,48.59,49.05,4064606
2022-06-09,48.90,49.01,47.68,47.71,5511359
2022-06-10,46.67,47.09,45.77,45.95,6902906
2022-06-13,44.97,47.27,44.75,46.64,15682670
2022-06-14,46.76,47.65,45.75,46.24,9928433
2022-06-15,46.78,47.28,45.99,46.58,7076019
2022-06-16,45.83,46.11,45.13,45.84,7801255
2022-06-17,46.02,46.88,45.72,46.29,13955580
2022-06-21,47.30,47.67,46.63,47.05,5355060
2022-06-22,46.59,47.38,46.40,47.23,6129844
2022-06-23,46.97,47.31,46.10,46.86,5791511
2022-06-24,47.07,49.27,47.07,49.22,6054009
2022-06-27,49.31,49.50,48.09,48.57,8440652
2022-06-28,48.90,49.69,48.18,48.37,4886931
2022-06-29,48.45,48.59,47.34,47.40,5352974
2022-06-30,46.49,47.81,45.87,47.43,5683061
2022-07-01,47.31,48.37,46.76,48.20,5086420
2022-07-05,47.25,48.64,46.75,48.64,4957992
2022-07-06,48.40,48.70,47.44,47.65,8800184
2022-07-07,48.12,48.46,47.88,48.01,4905287
2022-07-08,48.30,48.44,47.54,47.70,3922019
2022-07-11,47.23,47.78,47.06,47.40,6672759
2022-07-12,46.79,48.06,46.71,47.21,3948172
2022-07-13,46.63,46.78,45.66,46.11,4792600
2022-07-14,45.13,45.40,44.68,45.20,6074210
2022-07-15,45.90,47.56,45.60,47.41,6939512
2022-07-18,48.02,48.60,46.85,47.10,6735439
2022-07-19,48.73,48.73,47.10,48.31,8117441
2022-07-20,47.94,48.29,47.50,48.02,5055144
2022-07-21,47.83,48.42,47.39,48.35,5015503
2022-07-22,48.46,48.73,47.72,48.14,4636084
2022-07-25,48.72,49.53,48.22,49.11,3559303
2022-07-26,48.83,49.42,48.29,48.47,4540403
2022-07-27,48.68,49.93,48.49,49.55,5415225
2022-07-28,49.42,49.73,48.71,49.56,4961150
2022-07-29,49.62,50.61,49.61,50.47,6341113
2022-08-01,49.95,50.64,49.55,50.30,6086157
2022-08-02,50.17,50.42,49.46,49.62,4124085
2022-08-03,50.00,50.64,49.59,50.40,4527102
2022-08-04,50.27,50.47,49.12,49.27,4386469
2022-08-05,49.01,50.28,49.01,50.10,3685578
2022-08-08,50.33,50.50,49.70,49.75,4002216
2022-08-09,49.94,50.05,49.37,49.79,3433547
2022-08-10,50.59,51.37,50.42,50.90,3963035
2022-08-11,51.00,51.28,50.69,51.02,3387311
2022-08-12,51.29,51.77,50.90,51.75,3512056
2022-08-15,51.10,51.59,50.90,51.42,4134850
2022-08-16,51.30,52.22,51.19,52.01,3360598
2022-08-17,51.32,51.65,51.02,51.20,4090113
2022-08-18,51.30,51.50,50.96,51.45,3011396
2022-08-19,51.15,51.26,50.28,50.63,3910285
2022-08-22,49.85,50.20,49.15,49.35,4253323
2022-08-23,49.48,49.70,49.20,49.27,3314015
2022-08-24,49.10,49.45,48.85,49.11,2544947
2022-08-25,49.11,49.84,48.92,49.63,2519957
2022-08-26,49.77,49.98,48.17,48.19,4500730
2022-08-29,47.90,48.40,47.63,47.94,4850415
2022-08-30,48.26,48.53,47.26,47.39,5315782
2022-08-31,47.54,47.73,46.80,46.84,8062460
2022-09-01,46.94,47.03,46.20,46.87,5484408
2022-09-02,47.48,47.87,46.20,46.49,5011168
2022-09-06,46.75,46.75,45.48,46.02,5921861
2022-09-07,45.78,47.31,45.62,47.10,4383146
2022-09-08,46.91,48.09,46.62,48.05,4727725
2022-09-09,48.38,48.71,48.25,48.48,4070640
2022-09-12,48.97,49.81,48.86,49.54,5574339
2022-09-13,48.60,48.72,47.04,47.11,7416131
2022-09-14,47.34,47.79,46.64,47.35,5477154
2022-09-15,47.54,48.61,47.38,48.12,5275438
2022-09-16,47.74,48.23,47.19,47.62,17268420
2022-09-19,47.00,48.05,46.89,47.99,9313170
2022-09-20,47.61,47.79,46.95,47.29,4126520
2022-09-21,47.34,47.53,45.99,46.00,5109572
2022-09-22,46.22,46.33,44.71,44.80,5199347
2022-09-23,44.26,44.61,43.54,44.34,7158785
2022-09-26,43.88,44.44,43.27,43.42,6548237
2022-09-27,43.65,43.97,42.56,43.04,5511855
2022-09-28,43.56,44.54,43.21,44.25,6901939
2022-09-29,43.73,44.32,43.49,43.97,5190877
2022-09-30,44.18,44.66,43.48,43.54,6455508
2022-10-03,44.14,45.03,43.46,44.71,5618802
2022-10-04,45.20,46.60,45.18,46.56,6581997
2022-10-05,45.85,46.38,45.68,45.86,4977946
2022-10-06,45.46,45.66,44.69,44.88,6052226
2022-10-07,44.60,44.74,43.38,43.53,6177973
2022-10-10,43.77,43.97,42.98,43.31,4851884
2022-10-11,42.98,43.38,42.23,42.43,7539592
2022-10-12,42.27,42.77,41.87,42.07,5951260
2022-10-13,41.48,44.39,41.07,44.08,7415783
2022-10-14,44.32,45.19,42.88,43.00,9560129
2022-10-17,44.00,44.68,43.91,44.43,8780091
2022-10-18,42.76,44.69,41.90,43.37,10932050
2022-10-19,42.85,43.59,42.19,42.44,9860272
2022-10-20,42.30,42.77,40.28,40.42,10601460
2022-10-21,40.33,41.66,40.01,41.51,11680170
2022-10-24,41.71,42.88,41.53,42.66,7350989
2022-10-25,42.38,43.89,42.26,43.85,10352220
2022-10-26,43.91,44.63,43.91,44.21,6010738
2022-10-27,44.71,44.99,44.05,44.18,5305767
2022-10-28,44.50,45.06,44.31,45.05,4813942
2022-10-31,44.88,45.25,44.57,44.79,8686567
2022-11-01,45.19,45.26,44.45,44.82,5814481
2022-11-02,44.37,45.33,43.89,43.92,9174098
2022-11-03,43.37,43.58,42.14,42.66,8659225
2022-11-04,43.26,43.94,43.07,43.66,6816093
2022-11-07,44.09,44.21,43.52,43.98,5209103
2022-11-08,44.11,44.67,43.96,44.49,5232791
2022-11-09,43.75,43.95,42.55,42.69,7675718
2022-11-10,44.09,46.13,44.09,46.04,8539497
2022-11-11,46.31,47.46,46.11,47.26,8322967
2022-11-14,46.84,47.27,46.01,46.05,6852613
2022-11-15,46.85,47.47,45.45,46.33,6245002
2022-11-16,46.40,46.58,45.51,45.53,7217223
2022-11-17,44.84,45.22,44.56,45.12,3819472
2022-11-18,45.88,46.15,45.20,45.66,4539746
2022-11-21,45.72,46.27,45.58,46.13,4563394
2022-11-22,46.58,46.94,46.27,46.42,3798628
2022-11-23,46.28,46.73,46.22,46.43,4930102
2022-11-25,46.66,47.07,46.51,46.92,1651033
2022-11-28,46.43,46.65,45.23,45.32,5783803
2022-11-29,45.39,45.96,45.24,45.91,7471369
2022-11-30,45.73,46.85,44.05,46.81,9633835
2022-12-01,47.06,47.46,45.99,46.22,7945658
2022-12-02,45.61,45.87,44.87,45.06,9505058
2022-12-05,44.50,44.79,42.30,42.59,12280950
2022-12-06,42.53,42.62,41.38,41.89,10523590
2022-12-07,41.74,42.22,41.30,41.84,7448287
2022-12-08,41.97,42.22,41.58,42.06,9584739
2022-12-09,41.92,42.38,41.84,42.08,10891030
2022-12-12,41.94,43.61,41.53,43.46,11615660
2022-12-13,44.56,45.03,42.91,43.19,9604898
2022-12-14,43.15,43.39,41.95,42.22,9994842
2022-12-15,41.60,41.90,41.26,41.49,10415900
2022-12-16,41.14,41.40,40.55,41.30,24293200
2022-12-19,41.29,41.63,40.80,41.12,7229615
2022-12-20,41.02,41.72,40.93,41.12,5364712
2022-12-21,41.71,41.92,41.50,41.75,5144512
2022-12-22,41.40,42.51,41.14,42.48,8405728
2022-12-23,42.50,42.79,42.38,42.59,4387034
2022-12-27,42.65,43.06,42.34,42.84,3951756
2022-12-28,42.90,43.06,42.49,42.55,3986743
2022-12-29,42.69,43.28,42.60,43.20,4666228
2022-12-30,42.86,43.28,42.74,43.03,4189259
2023-01-03,43.42,43.98,43.01,43.63,7269714
2023-01-04,44.12,45.23,43.55,44.85,8611437
2023-01-05,44.14,44.82,43.76,44.44,7688890
2023-01-06,44.37,46.06,44.29,45.86,5326150
2023-01-09,46.24,46.34,45.78,45.80,8978994
2023-01-10,45.85,46.30,45.53,46.00,8294717
2023-01-11,46.33,46.56,45.96,46.37,10156160
2023-01-12,46.76,47.35,46.50,47.18,6183169
2023-01-13,46.71,47.74,46.16,47.57,8241770
2023-01-17,47.53,47.60,46.88,47.15,10013020
2023-01-18,46.72,47.03,45.60,45.74,7793413
2023-01-19,46.11,48.03,45.77,47.71,9714110
2023-01-20,47.82,48.05,47.16,47.92,9187909
2023-01-23,48.20,49.07,47.81,48.84,7514079
2023-01-24,51.26,53.34,48.09,48.34,5203987
2023-01-25,47.97,48.80,47.68,48.78,5047630
2023-01-26,49.09,49.48,48.42,48.86,5506792
2023-01-27,48.91,49.25,48.76,48.84,4150510
2023-01-30,48.40,48.92,48.38,48.45,4868840
2023-01-31,48.26,49.43,48.12,49.39,5962234
2023-02-01,48.95,50.07,48.77,49.63,8539131
2023-02-02,50.05,50.57,49.50,50.39,6484808
2023-02-03,49.79,50.52,49.67,50.09,6504924
2023-02-06,49.91,49.91,49.34,49.60,4637127
2023-02-07,49.25,50.27,49.02,50.03,6181915
2023-02-08,49.33,49.86,49.12,49.26,4541417
2023-02-09,49.07,49.10,47.80,47.93,4139765
2023-02-10,47.80,48.42,47.73,48.38,5356006
2023-02-13,48.38,49.19,48.01,49.10,4796048
2023-02-14,48.91,49.32,48.49,48.82,4131954
2023-02-15,48.38,48.96,48.20,48.90,2771812
2023-02-16,48.21,48.46,47.74,47.96,4783773
2023-02-17,48.00,48.52,47.76,48.49,4333631
2023-02-21,48.02,48.19,46.92,47.14,4834310
2023-02-22,47.17,47.32,46.67,47.08,5716872
2023-02-23,47.49,47.62,46.44,46.68,7263675
2023-02-24,46.31,47.11,46.04,47.08,5382356
2023-02-27,47.54,47.85,46.87,47.14,4659722
2023-02-28,47.24,47.33,46.87,46.95,6423897
2023-03-01,46.61,47.05,46.42,46.70,5497104
2023-03-02,46.21,46.41,44.95,45.50,8375920
2023-03-03,45.90,46.28,45.52,46.24,5544143
2023-03-06,46.37,46.64,46.01,46.14,5702101
2023-03-07,45.70,45.88,43.89,44.08,7193723
2023-03-08,44.15,44.36,43.54,43.77,5398652
2023-03-09,43.29,43.38,41.38,41.62,13061850
2023-03-10,40.45,40.76,37.85,38.84,26845600
2023-03-13,33.27,35.59,30.51,32.24,61976550
2023-03-14,35.40,36.19,31.37,31.88,46857530
2023-03-15,31.45,32.92,30.59,32.10,38942600
2023-03-16,31.88,33.54,28.70,32.94,42691960
2023-03-17,32.10,32.20,30.34,30.56,46869420
2023-03-20,31.04,32.43,30.80,30.91,26558050
2023-03-21,32.23,33.74,31.89,33.70,27948700
2023-03-22,33.71,34.25,32.34,32.49,28020590
2023-03-23,32.68,33.92,32.23,32.57,21065030
2023-03-24,32.04,33.23,31.82,32.89,18654240
2023-03-27,34.09,35.07,33.04,33.08,19298670
2023-03-28,33.05,33.76,32.93,33.42,11571440
2023-03-29,33.87,34.48,33.66,34.47,12912090
2023-03-30,34.99,35.22,33.26,33.85,13962030
2023-03-31,34.24,34.38,33.36,34.10,12628230
2023-04-03,33.99,34.37,33.04,33.13,15191440
2023-04-04,33.51,33.61,31.40,31.95,18545070
2023-04-05,31.59,32.12,31.34,32.02,11581770
2023-04-06,32.17,33.06,32.04,32.74,10843430
2023-04-10,32.50,33.73,32.44,33.17,11562910
2023-04-11,33.18,33.92,33.02,33.70,8744675
2023-04-12,33.84,34.10,33.00,33.21,11729750
2023-04-13,33.41,34.20,32.91,33.84,11658290
2023-04-14,34.28,34.62,33.09,33.25,14777780
2023-04-17,33.27,34.34,32.72,34.26,15347600
2023-04-18,34.02,34.19,33.49,33.85,13691120
2023-04-19,34.07,35.39,33.81,34.79,17410540
2023-04-20,33.79,34.46,33.30,33.48,11668380
2023-04-21,33.17,33.20,31.43,31.47,22814780
2023-04-24,31.50,31.87,31.15,31.82,12735900
2023-04-25,31.23,31.50,30.27,30.43,11361680
2023-04-26,30.39,31.43,30.25,30.60,12231980
2023-04-27,30.68,31.83,30.62,31.38,11092930
2023-04-28,31.08,32.67,30.91,32.58,15199550
2023-05-01,32.43,32.53,31.43,31.52,10779970
2023-05-02,31.27,31.31,28.98,29.12,21140850
2023-05-03,29.57,29.87,27.95,28.13,21667040
2023-05-04,27.23,27.86,25.56,26.21,37831280
2023-05-05,27.43,29.00,27.01,28.69,24205280
2023-05-08,29.74,29.98,28.29,28.75,16557060
2023-05-09,28.33,28.79,27.93,28.60,10184060
2023-05-10,29.10,29.21,27.56,27.90,11860970
2023-05-11,27.04,27.18,26.49,26.83,16628490
2023-05-12,27.16,27.32,26.68,27.30,10733730
2023-05-15,27.27,27.92,27.24,27.87,11183780
2023-05-16,27.75,28.05,27.16,27.17,11694170
2023-05-17,27.75,28.96,27.70,28.92,18087240
2023-05-18,28.78,29.93,28.55,29.84,17349230
2023-05-19,30.02,30.20,28.89,29.70,13551450
2023-05-22,29.95,30.58,29.60,30.58,10179390
2023-05-23,30.70,31.89,30.64,30.75,15112610
2023-05-24,30.52,30.83,29.87,30.40,9610388
2023-05-25,30.23,30.54,29.77,30.53,9390555
2023-05-26,30.50,30.98,30.06,30.70,7997153
2023-05-30,31.06,31.14,30.23,31.09,10092020
2023-05-31,30.61,30.79,29.44,30.47,25042980
2023-06-01,31.04,31.38,30.40,30.96,18100430
2023-06-02,31.29,32.51,31.18,32.08,14179470
2023-06-05,32.37,32.04,31.30,31.74,9267364
2023-06-06,31.54,33.64,31.44,33.05,10852100
2023-06-07,33.19,33.75,32.80,33.48,9217146
2023-06-08,33.52,33.60,32.52,33.15,8826879
2023-06-09,33.28,33.51,32.43,32.63,8324360
2023-06-12,32.36,33.09,30.60,31.95,18040490
2023-06-13,31.97,32.89,31.69,32.40,13978760
2023-06-14,32.78,33.09,31.46,31.72,9262784
2023-06-15,31.55,32.44,31.46,32.22,9164329
2023-06-16,32.19,32.36,31.34,31.90,21751410
2023-06-20,31.69,31.85,30.97,31.35,11332190
2023-06-21,31.40,31.77,31.05,31.50,6919321
2023-06-22,31.50,31.51,30.53,30.61,9316079
2023-06-23,30.09,30.41,29.85,30.00,14164310
2023-06-26,30.09,30.49,29.94,30.09,11396890
2023-06-27,30.02,30.70,29.70,30.49,8421360
2023-06-28,30.45,30.52,30.05,30.47,7025081
2023-06-29,30.78,30.99,30.42,30.64,9988676
2023-06-30,30.96,30.98,30.25,30.35,11873030
2023-07-03,30.52,31.58,30.44,31.39,4333642
2023-07-05,30.90,31.61,30.70,30.99,6900789
2023-07-06,30.67,30.89,29.90,30.82,12593360
2023-07-07,30.87,32.16,30.87,31.88,8703840
2023-07-10,31.58,32.28,31.48,32.19,8340208
2023-07-11,32.04,32.77,31.93,32.48,11564870
2023-07-12,33.32,33.80,32.83,33.02,10177810
2023-07-13,33.24,33.75,32.96,33.62,9538854
2023-07-14,34.22,34.22,32.84,33.10,8211938
2023-07-17,32.84,33.55,32.84,33.43,6141845
2023-07-18,33.10,34.55,33.04,34.51,10742330
2023-07-19,34.63,35.78,34.53,35.59,11123780
2023-07-20,33.92,34.49,32.71,33.06,19275860
2023-07-21,33.57,33.57,32.53,33.05,10883710
2023-07-24,33.10,33.78,33.08,33.50,9652563
2023-07-25,33.60,33.60,32.57,32.58,13167040
2023-07-26,33.27,33.62,33.12,33.36,10925850
2023-07-27,33.52,33.71,31.98,31.99,14210700
2023-07-28,32.61,33.22,32.57,33.01,11456930
2023-07-31,33.31,33.61,32.83,33.22,11042360
2023-08-01,32.75,32.96,32.36,32.80,8551020
2023-08-02,32.40,32.45,31.89,32.31,9307748
2023-08-03,32.26,32.38,31.65,32.28,8521214
2023-08-04,32.00,32.52,32.00,32.07,8992829
2023-08-07,32.24,32.65,32.05,32.60,8999603
2023-08-08,31.40,32.47,30.96,32.41,18916020
2023-08-09,32.15,32.15,31.37,31.47,10060720
2023-08-10,31.17,31.55,30.93,31.47,10297560
2023-08-11,31.22,31.89,31.13,31.73,8851677
2023-08-14,31.27,31.35,30.41,30.57,11204260
2023-08-15,30.02,30.22,29.51,29.60,13327650
2023-08-16,29.56,29.66,28.96,29.10,12778880
2023-08-17,29.33,29.37,28.82,28.97,10166640
2023-08-18,28.50,28.89,28.44,28.78,9036140
2023-08-21,29.00,29.04,28.15,28.61,10975130
2023-08-22,28.56,28.69,27.95,28.05,11552630
2023-08-23,28.14,28.54,28.00,28.48,6480315
2023-08-24,28.55,28.95,28.41,28.86,9395816
2023-08-25,29.10,29.37,28.53,28.81,13120360
2023-08-28,29.17,29.47,28.98,29.37,6664440
2023-08-29,29.49,30.48,29.35,30.33,10349690
2023-08-30,30.32,30.46,29.96,30.25,7169409
2023-08-31,30.39,30.66,30.22,30.55,8276650
2023-09-01,30.88,31.35,30.75,30.90,7951516
2023-09-05,30.84,31.25,30.43,30.44,6381809
2023-09-06,30.15,30.29,29.54,29.72,10486580
2023-09-07,29.48,29.77,29.14,29.27,8523238
2023-09-08,29.50,29.87,29.11,29.78,12487230
2023-09-11,30.29,30.66,29.97,30.11,10262690
2023-09-12,30.37,30.80,29.92,30.01,10132350
2023-09-13,30.23,30.33,28.45,28.62,13317450
2023-09-14,29.05,29.55,28.90,29.42,12863950
2023-09-15,28.65,29.12,28.44,29.00,21392140
2023-09-18,28.75,28.80,28.24,28.67,10762020
2023-09-19,28.71,28.85,28.10,28.60,10593180
2023-09-20,28.99,29.31,28.24,28.37,7843729
2023-09-21,28.73,29.05,28.15,28.16,11553170
2023-09-22,28.31,28.34,27.85,28.07,7895015
2023-09-25,27.89,28.88,27.88,28.84,9385840
2023-09-26,28.48,28.88,28.17,28.25,7600837
2023-09-27,28.45,28.45,27.70,27.97,8551751
2023-09-28,27.96,28.40,27.83,28.23,7254211
2023-09-29,28.39,29.00,28.34,28.61,7883921
2023-10-02,28.50,28.70,27.55,27.63,8655125
2023-10-03,27.39,27.42,26.84,27.19,8735927
2023-10-04,27.31,27.37,26.70,27.17,6358180
2023-10-05,26.76,27.42,26.68,27.28,8328098
2023-10-06,26.97,27.64,26.57,27.32,11414790
2023-10-09,26.94,27.51,26.91,27.43,9145722
2023-10-10,29.37,29.69,28.70,29.25,17659720
2023-10-11,29.34,29.92,29.27,29.61,10602640
2023-10-12,29.46,29.75,28.80,28.88,9664760
2023-10-13,29.25,29.40,28.39,28.41,10701780
2023-10-16,28.86,29.12,28.42,29.00,12437410
2023-10-17,28.56,29.89,28.51,29.82,12739280
2023-10-18,29.47,29.67,28.55,28.74,10534860
2023-10-19,29.15,29.75,27.88,28.06,15234770
2023-10-20,28.04,28.17,26.95,27.16,14510480
2023-10-23,27.02,27.68,26.95,27.03,10653220
2023-10-24,27.06,27.80,27.05,27.56,10134320
2023-10-25,27.67,27.99,27.01,27.96,10127370
2023-10-26,27.88,28.84,27.86,28.51,10485360
2023-10-27,28.35,28.47,27.38,27.62,9322714
2023-10-30,27.88,28.30,27.64,28.18,8483190
2023-10-31,28.22,28.42,27.88,28.36,10506590
2023-11-01,28.38,28.67,28.13,28.49,10212130
2023-11-02,29.02,30.09,28.84,29.97,11165700
2023-11-03,30.85,31.45,30.76,31.19,12782020
2023-11-06,31.30,31.35,30.55,30.74,7182890
2023-11-07,30.50,30.73,30.32,30.52,5848261
2023-11-08,30.49,30.55,30.21,30.40,6516405
2023-11-09,29.98,30.12,28.94,29.15,9389793
2023-11-10,29.30,29.42,28.93,29.39,5854804
2023-11-13,29.12,29.50,28.97,29.35,5460163
2023-11-14,30.32,31.36,30.31,30.98,10641880
2023-11-15,31.12,32.09,31.12,31.91,12350210
2023-11-16,31.77,31.94,31.12,31.45,9671885
2023-11-17,31.78,32.00,31.40,31.97,6919719
2023-11-20,31.74,32.18,31.55,32.04,6773918
2023-11-21,31.95,31.99,31.51,31.58,5245846
2023-11-22,31.93,31.96,31.33,31.49,5283296
2023-11-24,31.51,31.81,31.28,31.78,2586866
2023-11-27,31.55,31.73,31.33,31.44,8574253
2023-11-28,31.44,31.70,31.23,31.56,6113592
2023-11-29,31.91,32.71,31.80,32.13,9377225
2023-11-30,32.34,32.43,31.99,32.14,12300980
2023-12-01,32.02,33.41,31.96,33.27,11699850
2023-12-04,33.00,33.63,32.97,33.28,11962310
2023-12-05,33.12,33.30,32.77,33.15,7592958
2023-12-06,33.40,34.21,33.02,33.04,9173281
2023-12-07,33.53,34.34,33.36,33.96,16613200
2023-12-08,34.00,34.58,33.73,34.33,11424120
2023-12-11,34.22,34.62,34.11,34.43,9279687
2023-12-12,34.61,34.61,34.01,34.10,7117208
2023-12-13,34.13,35.58,33.87,35.49,11417970
2023-12-14,36.70,37.66,36.27,37.64,17528680
2023-12-15,37.44,37.83,36.51,36.70,15702410
2023-12-18,36.71,37.05,36.32,36.34,8973585
2023-12-19,36.41,36.86,36.17,36.72,9319102
2023-12-20,36.42,36.85,35.77,35.79,10834520
2023-12-21,36.13,36.53,36.11,36.49,7842180
2023-12-22,36.67,36.99,36.49,36.76,9644374
2023-12-26,36.71,37.22,36.58,37.11,6083943
2023-12-27,36.99,37.42,36.77,37.24,6483067
2023-12-28,37.12,37.43,37.12,37.29,6837968
2023-12-29,37.09,37.35,36.89,36.92,8058292
2024-01-02,36.63,37.69,36.51,37.51,8595520
2024-01-03,37.06,37.07,36.23,36.51,12154780
2024-01-04,37.06,37.37,36.78,36.97,9411974
2024-01-05,36.90,37.88,36.77,37.60,9362206
2024-01-08,37.48,38.01,37.25,38.00,7153185
2024-01-09,37.57,37.87,37.38,37.68,6806571
2024-01-10,37.61,37.86,37.19,37.73,8100205
2024-01-11,37.46,37.55,36.47,37.34,9698770
2024-01-12,37.44,37.63,36.45,36.74,8021597
2024-01-16,36.21,36.42,35.73,36.18,9340466
2024-01-17,35.74,36.23,35.44,35.78,8978561
2024-01-18,36.20,37.56,35.09,35.98,17018350
2024-01-19,36.20,37.51,35.85,37.47,13473930
2024-01-22,37.60,37.90,36.94,37.01,10268350
2024-01-23,37.08,37.30,36.63,36.82,6375808
2024-01-24,37.09,37.72,36.87,37.55,11035700
2024-01-25,38.00,38.02,37.17,37.51,8053802
2024-01-26,37.59,38.02,37.50,37.84,11477980
2024-01-29,37.67,38.21,37.61,38.09,9067089
2024-01-30,38.12,38.47,38.01,38.17,8091038
2024-01-31,37.41,38.05,36.91,37.06,14452310
2024-02-01,37.25,37.99,35.19,36.50,25481630
2024-02-02,36.27,36.89,35.96,36.79,11487000
2024-02-05,36.49,36.57,35.81,36.25,10585480
2024-02-06,36.29,36.49,35.87,36.25,7306055
2024-02-07,36.42,36.57,35.15,36.01,8909860
2024-02-08,35.20,35.67,35.14,35.51,7590280
2024-02-09,35.36,36.07,34.88,35.84,10079280
2024-02-12,35.78,36.48,35.69,36.01,7016467
2024-02-13,35.38,35.47,34.23,34.94,12822000
2024-02-14,35.32,35.57,34.87,35.41,9166327
2024-02-15,35.67,36.51,35.50,36.33,10093620
2024-02-16,36.07,36.46,35.76,36.10,7832207
2024-02-20,35.63,36.11,35.46,35.56,12208310
2024-02-21,35.23,35.84,34.80,35.77,8223530
2024-02-22,36.08,36.16,35.44,35.64,8455895
2024-02-23,35.73,35.78,35.20,35.24,7977219
2024-02-26,35.08,35.27,34.26,34.53,10383310
2024-02-27,34.71,35.20,34.65,34.88,8037526
2024-02-28,34.72,35.20,34.64,34.81,5512108
2024-02-29,35.23,35.44,34.77,34.98,12179240
2024-03-01,34.97,35.76,34.55,35.26,14112300
2024-03-04,35.37,36.52,35.37,36.17,9492524
2024-03-05,35.98,37.48,35.94,37.07,11247340
2024-03-06,37.17,37.63,36.60,37.27,13403910
2024-03-07,37.79,37.83,36.80,36.92,9950322
2024-03-08,37.13,37.52,36.64,37.44,11928980
2024-03-11,37.25,37.48,36.89,37.23,5987701
2024-03-12,37.30,37.31,36.66,36.93,7533941
2024-03-13,36.99,37.35,36.31,36.45,7079669
2024-03-14,36.00,36.29,34.69,35.02,10930490
2024-03-15,34.58,35.43,34.58,34.86,17477470
2024-03-18,35.00,35.14,34.51,34.93,7497078
2024-03-19,35.12,35.71,35.06,35.70,9701908
2024-03-20,35.41,36.88,35.35,36.82,8684127
2024-03-21,37.02,38.09,37.02,38.05,13598170
2024-03-22,38.27,38.55,37.57,37.69,9230590
2024-03-25,37.61,38.02,37.44,37.60,5454291
2024-03-26,37.82,37.89,37.45,37.60,7080418
2024-03-27,37.76,38.61,37.76,38.59,6269446
2024-03-28,38.83,39.29,38.73,38.98,8405594
2024-04-01,38.92,39.08,38.32,38.37,5420998
2024-04-02,38.12,38.14,37.65,37.89,10090710
2024-04-03,37.88,38.23,37.78,37.95,7723599
2024-04-04,38.57,38.67,37.78,37.94,8147234
2024-04-05,37.59,38.24,37.57,38.09,6167530
2024-04-08,38.39,39.07,38.22,38.85,6877866
2024-04-09,39.12,39.23,38.44,38.97,5676868
2024-04-10,38.31,38.31,37.08,37.50,14315610
2024-04-11,37.39,37.49,36.65,37.30,10603090
2024-04-12,36.71,37.02,36.62,36.77,7875065
2024-04-15,37.20,37.67,36.44,36.70,11228950
2024-04-16,36.37,36.58,35.36,35.64,12902690
2024-04-17,35.79,35.93,35.09,35.66,9211540
2024-04-18,35.83,35.98,35.46,35.71,5755467
2024-04-19,35.80,36.84,35.65,36.80,10359630
2024-04-22,35.84,38.30,35.84,38.06,12580430
2024-04-23,37.98,39.20,37.80,38.84,10596880
2024-04-24,38.58,39.21,38.41,38.79,7109056
2024-04-25,38.63,38.79,37.74,37.97,7241613
2024-04-26,37.93,38.55,37.88,38.17,4651351
2024-04-29,38.29,38.53,38.03,38.31,8071115
2024-04-30,38.01,38.17,37.53,37.55,7482446
2024-05-01,37.69,38.80,37.54,38.05,6803353
2024-05-02,38.54,38.60,37.98,38.35,7609252
2024-05-03,38.88,39.15,38.67,38.85,8081419
2024-05-06,39.25,39.50,38.95,39.42,6237042
2024-05-07,39.90,40.34,38.87,39.11,10142250
2024-05-08,38.84,39.66,38.80,39.39,6381276
2024-05-09,38.70,39.17,38.58,39.10,6562881
2024-05-10,39.25,39.52,39.03,39.47,5245579
2024-05-13,39.79,39.80,39.03,39.18,5642480
2024-05-14,39.59,39.68,39.22,39.39,7992880
2024-05-15,39.89,40.19,39.67,40.18,6215488
2024-05-16,40.02,40.30,39.95,40.15,7700338
2024-05-17,40.51,40.51,39.92,39.97,5698623
2024-05-20,39.90,40.02,39.02,39.03,4804237
2024-05-21,39.13,39.61,39.10,39.54,5336789
2024-05-22,39.36,39.44,38.71,38.89,4357632
2024-05-23,39.10,39.10,37.77,38.24,4917749
2024-05-24,38.36,38.46,38.10,38.40,3150083
2024-05-28,38.46,38.49,37.58,37.75,5652498
2024-05-29,37.14,37.51,36.79,37.46,6294928
2024-05-30,37.70,37.86,37.05,37.12,8431019
2024-05-31,37.35,37.78,37.20,37.75,10417580
2024-06-03,38.11,38.19,36.76,37.11,7363558
2024-06-04,36.70,37.16,36.39,36.65,7220374
2024-06-05,36.83,36.95,36.50,36.63,6361098
2024-06-06,36.63,36.83,36.23,36.42,4829198
2024-06-07,36.15,36.66,36.04,36.17,4814790
2024-06-10,35.74,36.30,35.38,36.02,6378983
2024-06-11,35.71,35.85,35.30,35.68,6779549
2024-06-12,36.44,37.08,36.44,36.81,8739285
2024-06-13,36.77,36.83,36.21,36.36,8149059
2024-06-14,35.81,36.11,35.36,35.41,6188518
2024-06-17,35.31,35.82,35.10,35.80,5106670
2024-06-18,35.65,36.60,35.49,36.57,9417330
2024-06-20,36.34,36.78,36.12,36.63,6467873
2024-06-21,36.51,36.83,36.16,36.79,9627219
2024-06-24,37.11,37.65,36.81,37.46,6680723
2024-06-25,37.29,37.50,37.02,37.05,10133840
2024-06-26,36.82,37.09,36.62,36.89,7307709
2024-06-27,37.00,37.88,36.74,37.84,8263113
2024-06-28,38.00,38.89,37.91,38.85,9600184
2024-07-01,38.82,39.34,38.82,39.25,9190121
2024-07-02,39.05,39.57,38.86,39.56,7761400
2024-07-03,39.72,39.72,38.86,38.87,3976693
2024-07-05,38.93,38.97,38.05,38.22,5002197
2024-07-08,38.44,38.65,38.03,38.25,4137635
2024-07-09,37.94,39.05,37.85,38.91,5618394
2024-07-10,38.79,39.27,38.75,39.26,4425253
2024-07-11,39.61,40.48,39.50,40.39,6296499
2024-07-12,40.40,40.81,40.12,40.51,5139296
2024-07-15,41.14,41.59,40.78,41.40,8437343
2024-07-16,41.53,42.60,41.35,42.44,6928927
2024-07-17,41.79,43.28,41.64,43.10,8814302
2024-07-18,42.76,43.46,42.09,42.44,13300760
2024-07-19,42.62,42.87,42.08,42.41,9976073
2024-07-22,42.98,44.14,42.05,43.78,12943790
2024-07-23,43.75,44.38,43.54,44.15,7183752
2024-07-24,43.88,44.32,43.39,43.61,7366798
2024-07-25,43.61,44.78,43.47,44.12,9070383
2024-07-26,44.19,44.64,43.98,44.42,7274609
2024-07-29,44.68,44.76,44.13,44.46,7302090
2024-07-30,44.80,45.07,44.56,44.94,6492529
2024-07-31,45.00,45.31,44.67,44.69,8422977
2024-08-01,44.76,44.87,43.16,43.35,9276911
2024-08-02,42.62,42.70,41.21,42.12,10710440
2024-08-05,40.82,41.83,39.92,41.18,8756075
2024-08-06,41.25,42.15,40.95,41.65,7614941
2024-08-07,42.38,42.67,40.99,41.10,6245001
2024-08-08,41.45,42.24,41.42,42.07,5706528
2024-08-09,41.54,41.72,41.41,41.56,6236436
2024-08-12,41.82,42.34,41.05,41.22,7869809
2024-08-13,41.66,41.72,41.19,41.69,5910907
2024-08-14,41.90,41.97,41.55,41.90,3806793
2024-08-15,42.50,42.94,42.30,42.37,6438583
2024-08-16,42.31,42.75,42.27,42.53,4183517
2024-08-19,42.58,42.96,42.58,42.95,8338732
2024-08-20,42.73,42.73,42.16,42.26,5151237
2024-08-21,42.45,42.55,41.53,42.09,8700860
2024-08-22,42.18,42.55,41.80,41.87,12283600
2024-08-23,42.17,43.87,42.06,43.84,10157890
2024-08-26,44.00,44.35,43.92,44.22,10295410
2024-08-27,44.14,44.40,43.69,43.91,6847782
2024-08-28,43.80,44.19,43.66,43.94,4631952
2024-08-29,44.16,44.29,43.57,43.91,3669699
2024-08-30,44.11,44.49,44.06,44.46,6565479
2024-09-03,44.09,44.76,44.06,44.22,7204104
2024-09-04,44.14,44.49,43.27,43.62,8083057
2024-09-05,43.97,44.03,42.99,43.15,5853600
2024-09-06,43.20,43.55,41.81,42.06,8589177
2024-09-09,42.41,42.81,42.24,42.60,8392094
2024-09-10,42.73,42.73,41.48,41.92,9250863
2024-09-11,41.45,41.74,40.66,41.65,7447540
2024-09-12,41.65,41.95,41.32,41.63,7471440
2024-09-13,41.86,42.21,41.59,41.84,9629620
2024-09-16,42.12,42.37,41.93,42.13,10725520
2024-09-17,42.38,42.60,41.68,41.88,7495440
2024-09-18,41.84,42.77,41.68,42.02,6707829
2024-09-19,42.70,43.29,42.50,42.93,10786380
2024-09-20,42.73,42.81,42.04,42.32,12828770
2024-09-23,42.38,42.65,42.00,42.19,6994213
2024-09-24,42.07,42.45,41.73,41.98,5427641
2024-09-25,41.87,42.02,41.45,41.73,5834337
2024-09-26,42.23,42.49,41.75,42.33,6132697
2024-09-27,42.50,42.75,42.01,42.52,5329410
2024-09-30,42.33,42.80,42.04,42.77,4666314
2024-10-01,42.51,42.58,41.33,41.72,7834952
2024-10-02,41.56,42.31,41.56,41.77,5736211
2024-10-03,41.56,41.69,41.08,41.49,5646369
2024-10-04,42.22,42.61,41.98,42.39,5650777
2024-10-07,42.33,42.55,41.62,42.00,7170586
2024-10-08,42.24,42.48,41.90,42.13,5717207
2024-10-09,42.13,42.91,42.11,42.63,5570630
2024-10-10,42.48,42.84,42.36,42.49,5727843
2024-10-11,42.78,43.49,42.74,43.26,15639570
2024-10-14,43.30,43.83,43.01,43.59,11344490
2024-10-15,43.90,44.59,43.81,43.91,12720990
2024-10-16,44.33,44.93,44.10,44.53,11452960
2024-10-17,44.11,44.20,42.95,42.95,13570400
2024-10-18,43.51,43.78,42.81,43.67,7666546
2024-10-21,43.30,43.57,42.35,42.43,6925761
2024-10-22,42.54,43.59,42.19,43.39,13622660
2024-10-23,43.17,43.58,43.00,43.44,5139668
2024-10-24,43.63,43.63,42.88,43.42,5492925
2024-10-25,43.97,43.97,42.52,42.63,5868746
2024-10-28,42.91,43.38,42.70,43.29,4980395
2024-10-29,43.22,43.30,42.91,43.09,4795108
2024-10-30,42.75,43.81,42.75,43.31,7065984
2024-10-31,43.05,43.59,43.04,43.05,5773925
2024-11-01,43.33,43.67,42.76,42.82,6304935
2024-11-04,42.75,42.79,42.04,42.07,5321831
2024-11-05,42.25,42.72,42.16,42.32,5769712
2024-11-06,45.00,47.03,44.84,47.00,34314840
2024-11-07,46.32,46.49,45.68,46.20,13679300
2024-11-08,45.68,46.03,45.16,45.22,9361938
2024-11-11,45.90,46.62,45.76,46.44,8225305
2024-11-12,46.04,46.68,46.02,46.66,7005738
2024-11-13,46.81,47.57,46.49,46.51,8308897
2024-11-14,46.55,46.69,45.98,46.25,5378071
2024-11-15,46.24,46.95,46.17,46.55,5665179
2024-11-18,46.40,47.03,46.35,46.79,5175471
2024-11-19,46.09,46.82,46.04,46.63,6408526
2024-11-20,46.74,47.17,46.09,46.18,11326770
2024-11-21,46.36,47.15,46.26,46.81,9356000
2024-11-22,46.86,48.06,46.83,47.96,8587856
2024-11-25,48.36,49.05,48.07,48.10,9813615
2024-11-26,48.16,48.29,47.68,47.70,7296715
2024-11-27,48.05,48.31,47.73,47.75,6619988
2024-11-29,48.01,48.10,47.54,47.68,4588412
2024-12-02,47.90,47.97,46.83,46.98,8346013
2024-12-03,46.89,47.06,46.20,46.43,6863225
2024-12-04,46.57,46.65,45.96,46.22,5702132
2024-12-05,46.46,47.44,46.27,47.17,6923630
2024-12-06,47.22,47.62,46.78,47.26,4849170
2024-12-09,47.20,47.49,46.78,46.80,7355925
2024-12-10,46.84,47.76,46.41,46.46,10123670
2024-12-11,46.80,46.84,45.66,45.66,10208890
2024-12-12,45.71,45.85,45.09,45.72,8251471
2024-12-13,45.79,45.94,45.42,45.78,8230892
2024-12-16,45.84,45.89,45.15,45.29,11068410
2024-12-17,44.94,45.48,44.66,45.13,7813891
2024-12-18,45.24,45.44,43.07,43.11,8981443
2024-12-19,43.60,43.86,42.39,42.55,7541795
2024-12-20,42.31,43.68,42.28,43.32,14850120
2024-12-23,43.00,43.56,42.91,43.54,5013668
2024-12-24,43.54,43.99,43.38,43.99,1742152
2024-12-26,43.67,44.07,43.54,44.00,2877053
2024-12-27,43.69,44.30,43.46,43.67,3307195
2024-12-30,43.31,43.64,42.89,43.37,3432700
2024-12-31,43.60,43.80,43.24,43.38,5316278
2025-01-02,43.74,44.08,43.14,43.33,5056670
2025-01-03,43.57,44.14,43.06,44.10,5156379
2025-01-06,44.60,45.05,44.01,44.10,6246498
2025-01-07,44.65,44.75,43.73,43.97,7067447
2025-01-08,43.96,44.25,43.45,43.95,5727349
2025-01-10,43.32,43.48,42.57,42.78,8002342
2025-01-13,42.69,43.17,42.63,43.12,8693033
2025-01-14,43.50,43.99,43.24,43.91,10298100
2025-01-15,45.17,45.58,44.97,45.39,7974026
2025-01-16,44.94,45.49,44.44,44.98,11164550
2025-01-17,47.02,47.74,46.55,47.65,15704870
2025-01-21,48.00,48.53,47.73,47.89,10278670
2025-01-22,47.73,47.74,46.41,47.01,9029486
2025-01-23,47.05,47.23,46.55,46.76,6453169
2025-01-24,46.50,47.19,46.45,47.00,6377324
2025-01-27,47.18,47.62,47.05,47.61,5000094
2025-01-28,47.46,47.73,46.83,47.27,3848106
2025-01-29,47.25,48.19,47.24,47.44,5712453
2025-01-30,48.00,48.45,47.72,48.02,7772449
2025-01-31,48.07,48.36,47.45,47.62,12372220
2025-02-03,46.65,47.14,45.84,46.89,7494082
2025-02-04,46.89,47.57,46.85,47.38,4684770
2025-02-05,47.77,47.81,47.09,47.67,4238790
2025-02-06,48.19,48.25,47.47,48.15,13659390
2025-02-07,48.20,48.27,47.48,47.68,8008450
2025-02-10,47.68,47.72,46.94,47.15,6494845
2025-02-11,46.98,47.51,46.77,47.34,5957872
2025-02-12,46.75,46.85,46.11,46.38,5553669
2025-02-13,46.49,46.66,46.10,46.46,4566385
2025-02-14,46.12,46.86,45.78,46.81,5376300
2025-02-18,46.86,47.64,46.57,47.61,8662024
2025-02-19,47.18,47.77,47.01,47.53,5871109
2025-02-20,47.54,47.60,45.87,46.65,5599969
2025-02-21,46.88,46.88,45.53,45.66,5845218
2025-02-24,46.02,46.05,45.13,45.34,5969293
2025-02-25,45.69,45.98,44.79,45.15,5588877
2025-02-26,45.46,45.69,45.11,45.34,5119966
2025-02-27,45.50,46.12,45.30,45.71,5763166
2025-02-28,46.05,46.38,45.70,46.35,7194845
2025-03-03,46.54,46.92,45.05,45.43,8882360
2025-03-04,44.81,45.00,42.95,43.76,9627653
2025-03-05,43.90,44.45,42.69,43.11,12863640
2025-03-06,42.50,42.63,41.66,42.24,7319609
2025-03-07,42.02,42.36,40.95,42.19,8470717
2025-03-10,41.28,41.44,39.67,40.37,11406150
2025-03-11,40.28,40.76,39.51,39.91,9840884
2025-03-12,40.41,40.58,39.57,39.84,17943150
2025-03-13,40.09,40.16,39.41,39.48,10391300
2025-03-14,39.98,40.63,39.73,40.55,13626390
2025-03-17,40.32,41.36,40.32,41.05,8183852
2025-03-18,41.02,41.19,40.50,40.85,10511580
2025-03-19,40.91,41.63,40.63,41.27,8022073
2025-03-20,40.86,41.67,40.77,41.33,6124347
2025-03-21,41.11,41.43,40.65,41.42,16829400
2025-03-24,41.92,42.34,41.77,42.15,8635720
2025-03-25,42.23,42.43,41.92,42.00,9103604
2025-03-26,42.10,42.73,41.76,41.98,6177040
2025-03-27,41.90,41.90,41.24,41.40,4854469
2025-03-28,41.17,41.53,40.27,40.46,7361289
2025-03-31,40.22,41.32,39.97,41.15,8679312
2025-04-01,40.78,41.34,40.44,41.02,6561263
2025-04-02,40.31,41.62,40.30,41.56,8446123
2025-04-03,39.29,39.71,37.02,37.04,17871850
2025-04-04,35.52,35.81,33.70,34.79,21423240
2025-04-07,34.00,36.84,33.56,35.14,32030370
2025-04-08,36.33,37.08,34.35,34.92,17908050
2025-04-09,34.19,38.23,33.82,37.99,31112950
2025-04-10,36.88,36.97,34.58,35.64,17346810
2025-04-11,35.33,35.65,34.52,35.39,18558160
2025-04-14,36.14,36.47,35.62,36.18,12193830
2025-04-15,36.29,37.07,36.29,36.49,9309851
2025-04-16,36.22,36.67,35.53,36.00,11090060
2025-04-17,35.11,36.55,35.07,35.90,15140900
2025-04-21,35.50,35.66,35.00,35.31,10062750
2025-04-22,35.79,36.40,35.67,36.34,7413665
2025-04-23,37.32,38.41,37.02,37.14,8600483
2025-04-24,37.00,38.09,36.83,37.90,8135315
2025-04-25,37.61,37.97,37.47,37.67,6389219
2025-04-28,37.75,38.46,37.70,38.34,10765640
2025-04-29,38.09,39.03,38.09,38.76,10904980
2025-04-30,38.00,38.48,37.51,38.34,7394605
2025-05-01,38.31,38.91,38.16,38.59,5512126
2025-05-02,39.39,39.59,38.87,39.47,7950150
2025-05-05,39.07,39.87,39.02,39.35,5954576
2025-05-06,38.88,39.45,38.76,38.97,7528312
2025-05-07,39.26,39.48,38.55,38.71,10077390
2025-05-08,39.27,39.79,38.92,39.56,7294465
2025-05-09,39.27,39.31,38.85,39.01,7187800
2025-05-12,40.77,41.45,40.27,41.12,9839272
2025-05-13,41.25,41.49,41.05,41.35,6852575
2025-05-14,41.17,41.37,41.01,41.23,6462088
2025-05-15,40.98,41.31,40.84,41.18,6487911
2025-05-16,41.17,41.44,40.85,41.40,4786451
2025-05-19,41.01,41.49,40.85,41.40,6270809
2025-05-20,41.29,41.35,40.44,40.68,11772550
2025-05-21,40.25,40.34,39.12,39.12,8347557
2025-05-22,39.03,39.65,38.84,39.49,10461120
2025-05-23,38.50,39.39,38.27,39.28,7395063
2025-05-27,39.80,40.03,39.32,40.03,5675412
2025-05-28,39.97,40.15,39.29,39.34,8111073
2025-05-29,39.65,39.73,39.08,39.60,6824248
2025-05-30,39.34,39.68,39.18,39.50,10481140
2025-06-02,39.21,39.41,38.67,39.23,7597107
2025-06-03,39.20,39.77,38.93,39.62,9616445
2025-06-04,39.62,39.97,39.48,39.51,6465680
2025-06-05,39.61,39.76,39.12,39.63,8551507
2025-06-06,40.27,40.68,40.14,40.66,5710643
2025-06-09,40.89,41.05,40.41,40.45,5969004
2025-06-10,40.40,40.95,40.31,40.73,4643581
2025-06-11,40.78,40.95,40.20,40.26,7284552
2025-06-12,40.00,40.01,39.49,39.94,5565991
2025-06-13,39.48,39.58,38.84,38.97,6465830
2025-06-16,39.50,39.66,39.13,39.39,6628289
2025-06-17,39.04,39.42,38.88,39.03,6678374
2025-06-18,39.01,39.99,38.94,39.81,7133054
2025-06-20,39.98,40.31,39.94,40.28,10243070
2025-06-23,40.07,41.12,39.99,41.05,7218891
2025-06-24,41.45,41.85,41.39,41.45,8900808
2025-06-25,41.42,41.56,41.12,41.40,6152151
2025-06-26,41.76,42.59,41.60,42.54,7022702
2025-06-27,42.80,42.92,42.37,42.61,8256014
2025-06-30,42.89,43.24,42.75,42.99,7689381
2025-07-01,42.82,44.40,42.74,44.20,8296457
2025-07-02,44.40,45.08,44.13,45.03,6873576
2025-07-03,45.25,45.79,45.13,45.54,5612374
2025-07-07,45.34,45.84,44.91,45.16,7073013
2025-07-08,45.20,45.77,45.20,45.40,10677430
2025-07-09,45.43,45.78,45.01,45.16,8841854
2025-07-10,45.21,45.90,45.11,45.50,6822809
2025-07-11,45.04,45.79,44.88,45.43,8319568
2025-07-14,45.34,45.69,45.22,45.67,7394266
2025-07-15,45.42,45.78,44.33,44.37,8767358
2025-07-16,44.67,44.81,43.82,44.36,11340240
2025-07-17,44.38,45.16,44.33,45.01,11042130
2025-07-18,45.30,45.30,44.00,44.25,13739450
2025-07-21,44.48,45.51,44.43,44.73,9884535
2025-07-22,44.93,45.30,44.58,45.21,7226686
2025-07-23,45.49,46.00,45.22,45.82,10246550
2025-07-24,45.84,46.13,45.46,45.48,6648454
2025-07-25,45.54,45.70,44.82,45.65,6278816
2025-07-28,45.59,45.70,44.83,45.09,5658519
2025-07-29,45.32,45.35,44.68,44.73,5090326
2025-07-30,44.94,44.95,43.88,44.26,5372864
2025-07-31,44.00,44.29,43.59,43.71,8718519
2025-08-01,42.92,43.04,41.98,42.96,8456312
2025-08-04,43.25,43.52,42.97,43.41,7175353
2025-08-05,43.58,43.64,42.69,43.42,4688599
2025-08-06,43.62,43.63,43.00,43.01,4541090
2025-08-07,43.43,43.44,42.52,42.85,5936916
2025-08-08,42.65,43.29,42.31,43.07,5314385
2025-08-11,43.02,43.35,42.59,42.83,5693862
2025-08-12,43.21,44.07,43.10,44.01,8368946
2025-08-13,44.25,44.88,43.91,44.81,8715780
2025-08-14,44.44,45.08,44.09,44.95,4967312
2025-08-15,45.05,45.05,44.40,44.42,6876897
2025-08-18,44.21,44.45,44.10,44.33,5203784
2025-08-19,44.33,44.74,43.99,44.18,6074838
2025-08-20,44.32,44.66,44.10,44.39,5170789
2025-08-21,43.80,44.23,43.75,44.07,5951303
2025-08-22,44.35,45.99,44.24,45.91,6668998
2025-08-25,45.80,46.03,45.66,45.73,8060530
2025-08-26,45.59,46.44,45.35,46.36,9406466
2025-08-27,46.21,46.91,46.20,46.78,8546490
2025-08-28,47.00,47.00,46.53,46.79,8817589
2025-08-29,46.77,47.14,46.70,46.82,9363229
2025-09-02,46.39,46.50,45.81,46.42,6963821
2025-09-03,46.32,46.68,45.84,46.41,5456803
2025-09-04,46.69,47.09,46.38,47.07,5621380
2025-09-05,47.22,47.46,46.24,46.52,7854923
2025-09-08,46.55,46.58,45.59,46.01,6170188
2025-09-09,45.90,46.26,45.11,45.29,12564900
2025-09-10,45.24,45.43,44.82,45.12,10523660
2025-09-11,45.09,45.43,44.88,45.30,7388971
2025-09-12,45.18,45.38,44.90,45.20,8029440
2025-09-15,45.25,45.39,44.58,44.78,6904188
2025-09-16,44.81,44.97,43.99,44.56,6037165
2025-09-17,44.60,45.90,44.51,45.38,9131759
2025-09-18,45.47,46.18,45.22,46.08,7483928
2025-09-19,46.03,46.12,45.59,45.99,19223510
2025-09-22,45.60,45.91,45.16,45.39,6339546
2025-09-23,45.52,46.21,45.44,45.70,8004320
2025-09-24,45.81,47.25,45.48,45.89,8221179
2025-09-25,45.61,46.02,45.39,45.74,5384470
2025-09-26,45.99,46.37,45.64,46.02,4366549
2025-09-29,46.33,46.33,45.43,45.92,4902874
2025-09-30,45.74,46.02,44.79,45.72,9721711
2025-10-01,45.36,45.84,45.34,45.57,7257832
2025-10-02,45.55,45.82,45.19,45.36,5396501
2025-10-03,45.48,46.05,45.37,45.52,6539630
2025-10-06,45.56,46.37,45.01,45.33,9665936
2025-10-07,45.65,45.98,45.13,45.20,6460300
2025-10-08,45.16,45.27,44.06,44.14,6915790
2025-10-09,44.42,44.45,43.79,44.25,6963523
2025-10-10,44.38,44.50,42.30,42.31,8512309
2025-10-13,43.00,43.18,42.58,42.95,7160235
2025-10-14,42.64,44.24,42.60,43.93,10231050
2025-10-15,44.07,44.13,42.85,43.26,8881269
2025-10-16,43.08,43.26,40.78,41.09,15162190
2025-10-17,42.00,42.87,41.59,42.60,19866630
2025-10-20,43.11,43.63,42.70,43.45,8580670
2025-10-21,44.06,44.09,43.63,43.83,8726479
2025-10-22,44.07,44.30,43.49,43.60,8417363
2025-10-23,43.62,43.91,43.42,43.61,6909775
2025-10-24,44.07,44.50,43.95,44.19,5824542
2025-10-27,44.40,44.87,44.22,44.63,9207121
2025-10-28,44.50,44.66,44.11,44.33,7056760
2025-10-29,44.00,44.57,43.66,43.91,9490754
2025-10-30,43.88,44.94,43.84,44.34,7313135
2025-10-31,44.19,44.75,43.91,44.63,6214335
2025-11-03,44.40,44.47,43.70,44.22,12313290
2025-11-04,43.92,44.22,43.40,43.73,12371610
2025-11-05,43.65,44.47,43.37,44.06,9574726
2025-11-06,43.93,44.54,43.83,44.01,6387708
2025-11-07,43.75,44.74,43.63,44.74,6741070
2025-11-10,44.88,45.29,44.56,45.12,6577011
2025-11-11,45.26,45.55,44.98,45.31,4798824
2025-11-12,45.40,46.29,45.31,45.64,8622592
2025-11-13,45.50,45.97,45.16,45.33,11445150
2025-11-14,44.75,45.14,44.20,44.86,7258463
2025-11-17,44.86,45.02,43.74,43.92,9530432
2025-11-18,43.70,44.75,43.58,44.34,6656210
2025-11-19,44.41,44.74,44.24,44.65,5999005
2025-11-20,45.00,45.77,44.30,44.40,8232285
2025-11-21,44.61,45.96,44.57,45.48,9239059
2025-11-24,45.39,45.73,45.16,45.50,11189370
2025-11-25,45.75,46.59,45.66,46.32,7575728
2025-11-26,46.22,46.66,46.22,46.24,5988192
2025-11-28,46.41,46.64,46.21,46.50,3929997
2025-12-01,46.49,47.10,46.37,46.57,8937602
2025-12-02,46.75,46.75,46.31,46.48,4645013
2025-12-03,46.50,47.46,46.48,47.42,5471905
2025-12-04,47.41,47.86,47.30,47.54,7882708
2025-12-05,47.39,47.88,47.30,47.53,5196687
2025-12-08,47.69,47.82,47.30,47.70,7837414
2025-12-09,47.70,48.55,47.70,47.92,8344373
2025-12-10,47.95,49.64,47.92,49.56,10268990
2025-12-11,49.11,50.26,49.03,49.70,9095486
2025-12-12,50.00,50.00,49.50,49.89,11452630
2025-12-15,50.24,50.43,49.65,49.74,6284965
2025-12-16,49.72,49.83,49.07,49.71,9057126
2025-12-17,49.90,50.38,49.67,50.15,8882074
2025-12-18,50.25,50.50,49.41,49.94,7590537
2025-12-19,50.07,50.33,49.84,50.08,13181940
2025-12-22,50.07,50.62,50.05,50.56,6950561
2025-12-23,50.65,50.85,50.41,50.49,6807669
2025-12-24,50.62,50.86,50.32,50.74,2871587
2025-12-26,50.75,50.80,50.38,50.61,3239513
2025-12-29,50.64,50.70,49.94,50.02,7100015
2025-12-30,50.12,50.24,49.45,49.56,5095210
2025-12-31,49.69,49.78,49.20,49.21,4490574
2026-01-02,49.26,49.91,48.83,49.74,5930974
2026-01-05,49.38,51.01,49.29,50.48,11054040
2026-01-06,50.40,51.27,50.24,51.18,7619757
2026-01-07,51.17,51.20,50.44,50.58,6721477
2026-01-08,50.51,51.52,50.40,50.95,7713482
2026-01-09,51.11,51.30,50.38,50.62,7521712
2026-01-12,50.16,50.33,49.80,50.14,11918750
2026-01-13,50.39,50.47,49.48,49.69,10404430
2026-01-14,49.36,50.09,49.28,49.83,10681810
2026-01-15,49.96,50.70,49.94,50.28,5737139
2026-01-16,50.18,50.46,49.97,49.99,8297457
2026-01-20,49.40,50.05,48.72,49.14,18662710
2026-01-21,47.83,50.77,47.83,50.02,16770230
2026-01-22,50.03,51.13,50.03,50.30,11630110
2026-01-23,50.01,50.65,49.34,49.57,12505510
2026-01-26,49.59,50.43,49.59,50.19,10018280
2026-01-27,50.33,50.94,50.29,50.89,10000650
2026-01-28,50.84,51.08,49.79,50.31,11102690
2026-01-29,50.72,51.40,50.45,51.32,12269610
2026-01-30,51.08,51.67,50.78,51.42,12027680
2026-02-02,51.51,52.72,51.39,52.66,12477410
2026-02-03,52.82,54.23,52.77,54.03,15914060
2026-02-04,54.51,55.74,54.50,55.11,12554520
2026-02-05,54.75,55.25,54.35,55.14,9738105
2026-02-06,55.68,56.20,55.55,55.81,7399807
2026-02-09,55.54,55.75,54.74,54.78,11304970
2026-02-10,54.55,55.33,54.28,55.10,8195911
2026-02-11,55.27,55.75,53.93,54.04,9983211
2026-02-12,54.41,54.70,51.63,52.07,11461810
2026-02-13,51.28,52.10,50.95,51.90,7003032
2026-02-17,52.99,53.21,52.03,52.20,7508749
2026-02-18,52.24,53.01,52.16,52.69,6804439
2026-02-19,52.23,52.50,51.34,51.78,9333719
2026-02-20,51.75,52.41,51.25,52.32,9437132
2026-02-23,52.19,52.61,49.60,50.09,9735239
2026-02-24,49.93,50.38,49.19,49.66,6753073
2026-02-25,49.89,50.65,49.89,50.57,5635439
2026-02-26,50.84,51.91,50.75,51.50,6013618
2026-02-27,50.69,51.00,48.87,49.31,11533800
2026-03-02,48.40,50.10,48.23,49.55,6514159
2026-03-03,48.44,49.78,48.12,49.30,5377800
2026-03-04,49.59,49.65,48.98,49.11,5166834
2026-03-05,48.57,49.02,47.92,48.48,7143348
2026-03-06,47.18,47.61,45.88,46.49,20735350
2026-03-09,46.06,46.99,44.91,46.75,9819146
2026-03-10,46.79,47.56,46.09,46.65,6508101
2026-03-11,46.42,46.58,45.27,45.65,11811280
2026-03-12,44.64,45.43,44.13,44.37,14445680
2026-03-13,44.80,44.96,43.77,43.83,8962462
2026-03-16,44.56,44.94,44.27,44.52,11570020
2026-03-17,45.15,45.21,44.46,44.59,9344865
2026-03-18,44.14,44.55,43.83,43.85,11048560
2026-03-19,43.61,44.19,43.12,43.88,11009680
2026-03-20,43.91,44.17,43.60,44.16,18050230
2026-03-23,45.35,45.41,44.60,44.86,10209660
2026-03-24,44.40,45.69,44.35,45.32,8304649
2026-03-25,45.79,46.10,44.90,45.39,7008466
2026-03-26,44.67,45.27,44.52,44.97,8772439
2026-03-27,44.81,45.23,44.13,44.53,13424760
2026-03-30,44.94,44.98,44.27,44.64,8738395
2026-03-31,45.36,46.01,44.90,45.97,10011130
2026-04-01,46.39,47.15,46.36,46.71,10065360
2026-04-02,45.87,47.21,45.83,47.16,9200963
2026-04-06,47.26,47.72,47.14,47.64,8677464
2026-04-07,47.41,48.19,47.30,47.83,13743690
2026-04-08,49.07,49.87,48.98,49.29,13813060
2026-04-09,48.98,50.68,48.87,50.48,11399180
2026-04-10,50.37,50.58,49.57,49.60,9238641
2026-04-13,49.12,50.03,48.95,50.01,5233133
2026-04-14,49.76,49.84,49.17,49.53,6856736
2026-04-15,49.59,49.98,49.22,49.59,7225521
2026-04-16,49.32,49.69,49.12,49.43,10206910
2026-04-17,48.74,51.34,48.56,50.57,13512710
2026-04-20,50.23,51.16,50.23,50.84,7352439
2026-04-21,50.92,51.75,50.84,51.07,8665188
2026-04-22,51.36,51.62,50.78,50.95,6804020
2026-04-23,51.05,51.61,50.68,51.40,8070663
2026-04-24,51.43,51.55,50.48,50.73,7321117
2026-04-27,50.86,51.72,50.81,51.23,7201671
2026-04-28,51.82,52.11,50.95,51.15,7452932
2026-04-29,51.08,51.46,50.40,50.65,6869544
2026-04-30,50.36,51.58,50.13,51.50,7608444
2026-05-01,51.17,51.38,50.74,50.93,4847260
2026-05-04,50.65,50.65,49.37,49.48,6511830
2026-05-05,49.69,50.18,49.49,49.95,6055830
2026-05-06,50.50,51.01,50.49,50.80,4995934
2026-05-07,50.76,50.97,49.66,49.74,5339077
2026-05-08,49.51,49.60,49.01,49.11,4301470
2026-05-11,49.24,49.38,47.84,47.97,6549289
2026-05-12,48.00,48.08,47.06,47.79,8684814
2026-05-13,47.69,47.72,46.35,46.54,12525710
2026-05-14,46.99,47.43,46.88,47.13,9802557
2026-05-15,47.07,47.14,46.24,46.96,6502646
2026-05-18,47.00,47.29,46.81,47.05,5401568
2026-05-19,46.85,47.12,46.35,46.77,5447784
2026-05-20,47.01,48.02,46.46,48.00,7078082
2026-05-21,47.64,48.09,47.45,47.89,7088130
2026-05-22,48.05,48.52,47.94,48.38,5460925
2026-05-26,48.78,49.11,48.34,48.68,5280253
2026-05-27,48.74,49.08,48.27,48.46,6863577
2026-05-28,48.16,48.41,47.38,47.80,8100511
2026-05-29,47.75,48.22,47.21,48.21,13590050
2026-06-01,47.60,47.89,46.78,46.87,11593290
2026-06-02,46.76,48.24,46.60,48.12,13085190
2026-06-03,47.81,47.89,47.05,47.42,8257100
2026-06-04,48.30,49.23,48.10,49.18,11453280
2026-06-05,49.32,49.66,48.99,49.20,6861769
2026-06-08,49.06,49.64,48.63,48.83,6433712
2026-06-09,49.20,50.11,48.91,49.43,8517709
2026-06-10,49.44,50.18,49.16,49.76,9144391
2026-06-11,50.33,50.94,49.80,50.68,11512940
2026-06-12,50.93,51.77,50.93,51.66,9181772
2026-06-15,51.55,52.07,48.31,48.48,22998910
2026-06-16,48.95,49.37,48.71,49.13,20284810
2026-06-17,49.20,49.93,47.80,48.17,14775210
2026-06-18,48.90,49.24,47.97,48.33,18836930
2026-06-22,48.32,49.18,48.32,48.76,13838890
2026-06-23,48.98,49.73,48.69,49.67,15988830
2026-06-24,49.70,50.46,49.67,49.79,11272460
2026-06-25,49.85,51.20,49.83,50.67,9331121
2026-06-26,50.84,50.86,50.05,50.49,8826217
2026-06-29,50.16,50.66,50.10,50.58,6096964
2026-06-30,50.00,50.38,49.61,49.82,6825459
2026-07-01,49.27,51.03,49.22,50.89,7840386
2026-07-02,51.40,51.40,50.48,50.98,6858800
2026-07-06,50.34,51.51,50.34,51.42,5985938
2026-07-07,51.28,51.84,51.24,51.36,7510768
2026-07-08,50.65,50.74,49.37,49.69,6865935
2026-07-09,49.92,51.45,49.90,51.37,9904675
2026-07-10,51.62,52.04,51.33,51.67,6037126
2026-07-13,52.00,52.04,51.19,51.95,7153186
2026-07-14,51.89,52.62,51.61,51.95,7627039
2026-07-15,52.16,52.99,52.03,52.80,6300014
2026-07-16,53.00,54.03,52.60,53.25,11491100
2026-07-17,52.90,54.22,52.43,52.50,13920630
2026-07-20,52.50,52.64,50.69,51.00,11250500
2026-07-21,50.96,51.38,50.72,51.38,9091736
2026-07-22,51.50,51.87,51.24,51.73,7319602
2026-07-23,51.08,51.24,50.53,51.20,5973810
2026-07-24,51.41,52.03,51.28,51.76,5033588
2026-07-27,52.03,52.75,51.84,52.12,5630450
2026-07-28,52.32,53.08,52.22,52.99,8120938
2026-07-29,52.58,53.14,52.11,52.31,7326988
2026-07-30,52.39,52.59,51.59,52.01,8529068
2026-07-31,52.07,52.43,51.66,51.84,6990870
2026-08-03,51.94,52.18,51.22,51.92,8206267
2026-08-04,51.84,52.99,51.63,52.66,5427013
2026-08-05,52.94,53.13,52.63,52.85,9252313
2026-08-06,53.25,53.46,52.45,52.59,6174464
2026-08-07,52.22,52.72,52.01,52.35,6346377
2026-08-10,52.00,52.33,51.76,51.86,5390555
2026-08-11,51.76,52.48,51.73,52.31,5838656
2026-08-12,52.45,52.84,52.25,52.67,5726872
2026-08-13,53.00,53.34,52.81,52.99,5323973
2026-08-14,52.47,53.27,52.42,53.10,6130871
2026-08-17,52.90,53.53,52.52,52.53,6457026
2026-08-18,52.81,52.99,52.14,52.41,5299872
2026-08-19,52.41,52.52,50.89,50.97,5330370
2026-08-20,50.68,51.06,50.23,50.23,5505016
2026-08-21,50.47,50.85,50.10,50.42,6199071
2026-08-24,50.58,51.39,50.48,50.81,4136986
2026-08-25,50.88,50.96,50.22,50.30,5505033
2026-08-26,50.39,50.85,50.20,50.67,5120370
2026-08-27,50.08,50.47,49.86,50.30,4840017
2026-08-28,50.69,51.00,50.13,50.43,4619550
2026-08-31,50.28,50.41,49.58,49.58,8264150
2026-09-01,49.56,50.17,49.06,49.44,6697275
2026-09-02,49.89,51.37,49.83,50.81,6430933
2026-09-03,51.09,51.71,50.80,51.61,4759285
2026-09-04,51.35,51.89,51.35,51.65,4614751
2026-09-08,51.40,51.64,50.53,50.55,6080922
2026-09-09,50.28,50.88,50.12,50.15,5558110
2026-09-10,50.33,50.47,49.76,50.33,8266997
2026-09-11,50.95,51.06,49.99,50.40,3789600
2026-09-14,50.35,50.84,49.95,50.10,4354161
2026-09-15,50.19,51.33,50.19,50.46,10011690
