date,open,high,low,close,volume
2016-09-15,90.60,94.43,89.35,93.10,2569458
2016-09-16,92.90,93.13,90.67,92.71,2130264
2016-09-19,93.21,93.59,91.09,91.26,1183354
2016-09-20,92.07,92.52,90.98,91.69,934812
2016-09-21,91.99,92.71,89.08,91.82,1936763
2016-09-22,92.83,93.35,90.01,92.12,1191780
2016-09-23,92.27,92.96,90.27,90.63,1222221
2016-09-26,90.05,91.23,88.10,88.29,1608081
2016-09-27,88.23,89.19,87.25,89.12,1519736
2016-09-28,90.51,90.73,86.87,88.84,1687920
2016-09-29,88.45,90.77,84.98,85.00,2380485
2016-09-30,85.25,88.91,83.50,87.21,2545736
2016-10-03,86.46,87.47,84.62,86.79,1371337
2016-10-04,86.94,87.25,85.75,86.42,1081122
2016-10-05,86.85,88.24,86.09,87.65,964340
2016-10-06,86.74,86.88,84.88,84.96,1374959
2016-10-07,85.36,85.95,84.23,85.70,983206
2016-10-10,86.35,86.95,85.83,85.98,799805
2016-10-11,85.15,86.08,80.78,81.66,2329267
2016-10-12,81.81,82.82,80.04,80.15,2255972
2016-10-13,79.55,81.56,79.52,80.56,2114065
2016-10-14,81.13,82.23,79.20,79.23,1976960
2016-10-17,79.36,81.53,78.50,80.50,1934626
2016-10-18,81.73,83.14,81.73,82.96,1510249
2016-10-19,82.79,82.89,81.21,81.83,1318814
2016-10-20,81.40,83.26,81.40,82.92,1045839
2016-10-21,82.34,82.60,80.69,80.76,1139299
2016-10-24,80.00,80.40,77.90,78.73,2031698
2016-10-25,78.88,79.75,77.43,78.71,2551239
2016-10-26,81.90,82.81,76.67,78.71,4337824
2016-10-27,79.39,81.05,75.01,75.84,3548614
2016-10-28,75.35,79.30,74.95,77.58,3400459
2016-10-31,77.61,77.88,75.77,75.86,1924232
2016-11-01,75.09,77.99,73.31,77.88,2458210
2016-11-02,77.60,78.43,76.77,78.00,2576579
2016-11-03,78.43,78.52,77.55,77.69,2370996
2016-11-04,77.39,80.92,77.39,78.96,1901686
2016-11-07,80.38,83.94,79.31,83.22,2170116
2016-11-08,82.73,84.21,81.85,82.99,1767969
2016-11-09,88.92,93.80,87.79,92.88,3987688
2016-11-10,94.07,97.93,94.06,95.36,4130927
2016-11-11,94.28,95.25,89.97,92.00,2631080
2016-11-14,92.33,94.51,89.64,94.42,2485092
2016-11-15,94.14,94.67,91.96,93.06,2265741
2016-11-16,92.58,93.06,90.43,90.47,1486956
2016-11-17,90.67,92.40,90.01,91.20,1320095
2016-11-18,90.94,91.48,89.00,89.44,1265388
2016-11-21,89.95,90.51,88.76,89.05,1278191
2016-11-22,89.32,89.75,85.40,86.20,1765652
2016-11-23,85.37,87.47,84.26,87.34,1041100
2016-11-25,87.71,87.97,86.29,87.77,814399
2016-11-28,87.47,88.00,86.13,86.90,1846734
2016-11-29,86.21,87.50,84.40,85.65,1745516
2016-11-30,85.86,86.91,81.59,81.61,2286346
2016-12-01,81.85,82.53,77.75,77.82,2644300
2016-12-02,77.65,78.01,75.38,75.50,4580479
2016-12-05,76.13,77.33,75.25,75.55,2588618
2016-12-06,75.77,78.39,75.04,78.12,1816705
2016-12-07,76.70,76.94,74.09,75.32,2569111
2016-12-08,75.98,77.34,74.59,77.22,1773434
2016-12-09,77.70,79.67,76.28,76.67,1618599
2016-12-12,76.58,76.92,75.24,76.08,1731679
2016-12-13,76.62,77.77,76.08,76.60,1192419
2016-12-14,76.34,78.69,76.00,78.33,3198468
2016-12-15,78.00,78.62,76.27,77.05,1972071
2016-12-16,77.35,78.90,76.29,76.80,2280214
2016-12-19,76.46,78.45,76.05,76.30,1555115
2016-12-20,76.44,76.85,75.97,76.44,1327278
2016-12-21,76.30,76.80,72.41,72.60,2845186
2016-12-22,72.61,73.00,71.46,72.02,2486343
2016-12-23,72.11,74.81,71.96,74.31,1485211
2016-12-27,74.32,76.28,74.32,75.19,1032811
2016-12-28,75.20,75.50,74.52,74.59,1150317
2016-12-29,74.45,75.01,73.73,74.44,938589
2016-12-30,74.67,74.99,73.23,73.67,1357324
2017-01-03,74.43,74.99,73.34,74.89,1761871
2017-01-04,75.22,78.09,74.87,77.05,1667676
2017-01-05,77.15,79.61,76.15,79.06,2159722
2017-01-06,78.94,79.70,77.56,79.39,1669734
2017-01-09,79.80,83.62,77.09,82.86,4487498
2017-01-10,82.60,83.47,81.69,82.93,2110457
2017-01-11,83.17,85.37,80.38,81.93,2776309
2017-01-12,81.61,82.67,80.50,82.39,1351702
2017-01-13,82.40,84.41,81.71,83.17,1518581
2017-01-17,82.35,82.55,79.78,81.55,1501511
2017-01-18,81.88,82.87,81.58,82.52,1620726
2017-01-19,82.55,82.72,80.51,80.91,1652999
2017-01-20,81.47,82.46,80.89,81.37,1101561
2017-01-23,81.09,81.75,80.06,81.40,1124756
2017-01-24,81.42,82.60,80.55,82.24,1357588
2017-01-25,82.55,85.62,82.35,85.19,2719553
2017-01-26,85.75,87.91,84.05,85.33,2531667
2017-01-27,85.62,87.50,85.10,87.37,1861101
2017-01-30,87.07,87.07,83.78,84.38,1804728
2017-01-31,83.77,85.95,82.66,85.87,2418422
2017-02-01,85.98,86.43,84.33,86.24,1754741
2017-02-02,85.99,86.90,85.16,86.72,1290809
2017-02-03,87.10,87.27,85.77,86.73,1227304
2017-02-06,86.22,87.97,85.73,87.42,1423781
2017-02-07,87.29,88.12,86.07,86.84,1285437
2017-02-08,86.27,87.80,85.79,87.72,1310129
2017-02-09,87.83,89.42,87.69,89.27,1520037
2017-02-10,89.21,89.64,87.89,88.15,1438837
2017-02-13,88.39,88.64,87.25,87.72,1123459
2017-02-14,87.89,89.26,87.34,88.91,2316557
2017-02-15,88.69,89.46,88.34,89.37,1329771
2017-02-16,89.62,89.94,87.05,87.70,1322193
2017-02-17,87.69,88.98,86.90,88.33,1429046
2017-02-21,88.34,89.00,86.01,86.55,1665077
2017-02-22,86.55,87.33,85.72,85.79,1263166
2017-02-23,86.20,86.63,84.39,85.73,890750
2017-02-24,85.73,86.11,84.62,86.07,1406787
2017-02-27,86.19,88.95,85.84,88.90,2073054
2017-02-28,89.17,91.95,88.79,90.62,2401894
2017-03-01,91.80,92.26,89.83,90.31,2089382
2017-03-02,89.94,91.06,89.57,89.89,1060890
2017-03-03,89.54,90.39,88.95,90.19,1422569
2017-03-06,89.75,91.68,88.87,90.91,1587733
2017-03-07,90.14,91.70,89.77,91.32,1960731
2017-03-08,91.11,93.40,91.11,92.18,1763195
2017-03-09,92.45,93.60,91.96,93.57,1217081
2017-03-10,94.15,94.22,92.95,93.98,1534070
2017-03-13,94.24,94.24,92.93,92.95,897550
2017-03-14,92.60,93.09,92.16,92.74,695178
2017-03-15,93.21,95.00,93.13,94.57,1031369
2017-03-16,94.38,94.86,91.70,92.36,1449700
2017-03-17,92.97,93.50,91.76,91.92,2501284
2017-03-20,92.00,92.61,91.23,91.31,1372843
2017-03-21,91.81,91.83,89.44,89.50,1711933
2017-03-22,89.95,90.25,89.06,90.04,1336749
2017-03-23,90.00,90.75,88.94,89.05,1043598
2017-03-24,89.74,90.48,89.12,89.98,1064364
2017-03-27,89.28,91.49,88.90,90.80,1383188
2017-03-28,90.31,90.76,89.22,89.67,1478446
2017-03-29,106.03,111.88,106.03,108.01,13680320
2017-03-30,107.88,109.73,106.52,107.29,3023500
2017-03-31,107.89,109.49,106.54,109.35,2849234
2017-04-03,109.01,110.49,107.31,107.45,2040768
2017-04-04,107.24,112.69,107.24,112.29,2913959
2017-04-05,112.35,116.86,111.22,114.11,4032671
2017-04-06,114.11,114.88,113.17,114.26,1959772
2017-04-07,114.35,117.65,114.07,115.88,2108035
2017-04-10,115.66,116.66,112.94,114.06,2116554
2017-04-11,113.42,114.35,111.32,114.23,1794271
2017-04-12,114.23,115.80,113.69,114.86,1161945
2017-04-13,114.70,116.11,113.22,113.80,1599939
2017-04-17,114.39,115.22,113.95,114.81,1183895
2017-04-18,114.62,115.48,113.83,114.65,1136506
2017-04-19,115.55,116.63,114.29,114.63,1570444
2017-04-20,115.20,117.99,114.13,117.26,1495498
2017-04-21,117.17,117.69,115.92,116.70,1891425
2017-04-24,117.66,118.79,117.31,117.66,1502994
2017-04-25,117.79,118.41,116.92,117.27,1241830
2017-04-26,118.08,118.08,116.07,116.34,1759118
2017-04-27,116.00,118.26,116.00,117.42,1422776
2017-04-28,119.50,120.50,115.45,118.30,3387154
2017-05-01,118.98,120.73,117.99,120.62,2108795
2017-05-02,120.82,121.96,116.40,118.47,2461641
2017-05-03,118.52,119.36,117.88,119.05,1333324
2017-05-04,119.59,119.95,115.91,116.39,1672738
2017-05-05,116.54,116.70,113.66,114.84,2545057
2017-05-08,114.56,115.65,113.81,115.06,1544381
2017-05-09,115.50,117.00,114.38,116.63,1185243
2017-05-10,116.55,116.55,114.22,115.35,1414006
2017-05-11,115.41,115.54,113.84,115.36,1395069
2017-05-12,115.12,116.23,113.84,114.60,986032
2017-05-15,114.64,116.35,113.80,116.23,1097274
2017-05-16,117.36,118.13,115.13,118.09,1320397
2017-05-17,117.44,117.88,114.20,114.38,1716573
2017-05-18,115.55,118.61,115.42,117.93,2154955
2017-05-19,117.77,118.82,117.10,118.02,1564730
2017-05-22,118.57,119.27,117.51,118.94,1062021
2017-05-23,118.94,119.27,115.87,116.59,1859970
2017-05-24,116.86,118.44,115.10,117.80,1818334
2017-05-25,118.00,119.42,117.38,118.60,1393410
2017-05-26,118.10,120.82,118.05,119.92,1477802
2017-05-30,119.52,120.99,119.19,120.39,1634639
2017-05-31,120.95,123.78,120.61,123.60,2783755
2017-06-01,124.00,127.89,123.54,127.16,3356289
2017-06-02,128.44,130.00,126.99,129.90,2837882
2017-06-05,127.85,130.69,127.22,130.17,2030063
2017-06-06,129.38,129.86,127.51,127.72,1250626
2017-06-07,128.27,128.91,122.93,124.99,2635931
2017-06-08,125.00,126.16,124.07,125.91,1950734
2017-06-09,126.48,127.08,122.47,122.66,1791106
2017-06-12,122.19,123.54,121.26,122.35,2043769
2017-06-13,122.38,122.75,120.77,122.49,1344379
2017-06-14,122.78,125.80,122.37,124.71,1759259
2017-06-15,123.76,124.48,121.15,124.04,1017745
2017-06-16,124.06,124.97,122.54,123.14,3152299
2017-06-19,123.99,126.37,123.80,125.58,1502060
2017-06-20,125.54,127.97,123.82,126.33,1737625
2017-06-21,126.72,134.99,126.52,134.83,3239286
2017-06-22,134.65,137.26,132.76,135.53,2890075
2017-06-23,136.58,137.00,132.12,133.50,2172143
2017-06-26,133.83,135.03,131.62,133.41,1289028
2017-06-27,133.15,133.18,129.10,129.23,1718587
2017-06-28,129.69,131.62,128.94,131.11,1192028
2017-06-29,129.66,130.92,126.32,127.24,1368711
2017-06-30,132.20,132.39,126.58,128.87,1581690
2017-07-03,129.49,129.89,126.68,128.23,825185
2017-07-05,128.31,130.44,127.34,129.00,1320590
2017-07-06,127.32,128.94,125.50,128.46,1171802
2017-07-07,129.14,130.88,129.12,130.35,988766
2017-07-10,129.93,130.36,128.64,128.66,1511340
2017-07-11,129.71,132.50,129.26,132.17,1336926
2017-07-12,133.38,133.62,130.59,131.44,1288462
2017-07-13,131.74,131.74,128.39,130.92,1600610
2017-07-14,131.77,131.81,130.43,130.99,1278651
2017-07-17,130.44,132.05,128.26,129.21,1136207
2017-07-18,129.21,132.30,127.67,132.16,3191454
2017-07-19,161.80,167.00,158.88,159.69,16727840
2017-07-20,159.94,161.76,157.25,159.33,4921134
2017-07-21,158.14,163.64,156.53,163.17,3172745
2017-07-24,162.33,166.57,160.91,166.11,2392155
2017-07-25,166.94,167.85,161.72,161.97,2421327
2017-07-26,162.15,164.53,161.70,163.42,2037128
2017-07-27,160.88,163.32,153.50,156.19,3783943
2017-07-28,155.30,157.20,153.58,154.15,1880425
2017-07-31,152.99,154.49,151.54,151.82,2975961
2017-08-01,153.03,154.07,150.64,153.20,1621004
2017-08-02,151.80,157.91,151.47,157.55,1777855
2017-08-03,155.72,157.27,152.26,154.03,1407083
2017-08-04,154.68,155.17,153.01,154.54,806212
2017-08-07,152.60,156.63,152.60,156.47,926422
2017-08-08,156.12,156.55,152.90,153.26,893087
2017-08-09,153.02,155.09,152.19,152.58,1037955
2017-08-10,152.01,152.04,148.50,148.54,1302629
2017-08-11,149.35,154.08,149.02,153.78,1551503
2017-08-14,154.52,155.87,153.54,154.49,1081940
2017-08-15,154.45,155.28,152.55,152.72,734764
2017-08-16,152.79,153.26,150.31,151.37,913411
2017-08-17,150.93,152.41,148.52,148.54,1001563
2017-08-18,147.65,150.11,147.18,148.13,887138
2017-08-21,148.00,150.26,147.42,149.01,1078036
2017-08-22,149.19,155.92,149.19,155.48,1656788
2017-08-23,154.46,154.90,152.05,153.25,977352
2017-08-24,153.60,156.63,151.10,156.08,1147887
2017-08-25,156.88,156.93,152.25,153.27,943835
2017-08-28,154.64,154.91,151.05,153.40,1187818
2017-08-29,151.86,154.16,151.77,152.89,888407
2017-08-30,152.52,158.09,152.52,156.29,1244284
2017-08-31,156.57,160.85,154.03,160.54,3327384
2017-09-01,160.76,163.64,158.85,162.24,1708704
2017-09-05,161.37,162.07,157.00,159.07,1327066
2017-09-06,159.50,160.80,156.91,157.08,1327405
2017-09-07,157.08,159.68,155.52,159.41,1235982
2017-09-08,159.61,161.44,157.38,158.83,1063388
2017-09-11,161.05,161.46,155.33,157.81,1519316
2017-09-12,156.65,157.79,155.40,156.82,800813
2017-09-13,156.79,157.95,155.70,156.80,994981
2017-09-14,156.05,156.56,152.88,153.38,1460631
2017-09-15,153.86,155.95,152.64,153.61,3101476
2017-09-18,153.59,155.11,151.79,153.20,1290101
2017-09-19,153.27,154.09,151.60,153.00,1419828
2017-09-20,153.29,155.14,151.51,152.72,1394294
2017-09-21,153.22,153.29,151.69,152.06,804141
2017-09-22,151.54,152.07,148.58,151.26,1269386
2017-09-25,151.19,152.79,148.77,149.10,1741161
2017-09-26,149.85,150.82,148.00,148.46,1727475
2017-09-27,148.86,150.98,147.30,149.07,2103047
2017-09-28,148.60,150.99,147.60,149.62,2098560
2017-09-29,151.21,152.34,149.18,152.04,1496557
2017-10-02,151.23,153.17,150.10,152.23,1847173
2017-10-03,152.21,152.99,150.18,152.51,994785
2017-10-04,152.26,153.82,151.36,152.51,970185
2017-10-05,153.09,153.57,150.96,152.30,1272734
2017-10-06,152.43,156.46,152.31,155.10,1503110
2017-10-09,155.85,157.29,154.46,155.55,1142475
2017-10-10,155.19,156.23,153.50,154.52,1055497
2017-10-11,153.85,154.64,151.65,154.02,1757478
2017-10-12,152.93,154.85,152.84,153.98,1499861
2017-10-13,155.00,155.49,152.68,152.91,930281
2017-10-16,153.11,157.78,153.10,154.70,2253565
2017-10-17,154.55,156.00,154.02,155.05,795374
2017-10-18,155.29,158.04,154.02,154.76,1050454
2017-10-19,154.57,155.79,152.42,154.60,1309420
2017-10-20,154.97,155.85,152.60,154.63,1320895
2017-10-23,155.32,155.35,150.68,151.06,1552166
2017-10-24,151.06,152.87,148.34,151.11,1824700
2017-10-25,150.08,151.09,146.08,146.80,2220339
2017-10-26,144.88,147.43,139.05,143.76,3735337
2017-10-27,141.41,150.15,141.02,150.11,2747621
2017-10-30,149.71,152.80,148.87,149.53,1750408
2017-10-31,149.34,149.34,141.82,146.23,2447312
2017-11-01,147.35,147.35,142.39,142.63,2400456
2017-11-02,142.01,146.51,142.01,144.90,2049945
2017-11-03,143.05,150.08,142.99,149.97,1884699
2017-11-06,148.17,150.59,146.83,148.98,1608296
2017-11-07,149.03,151.34,148.32,151.31,1384975
2017-11-08,151.51,152.00,146.69,147.40,1191898
2017-11-09,146.26,148.50,144.32,148.17,1132267
2017-11-10,148.26,149.27,146.10,148.74,861047
2017-11-13,147.44,148.73,146.25,148.03,743628
2017-11-14,147.40,149.05,145.42,147.82,1209146
2017-11-15,147.29,151.75,146.30,148.66,1067322
2017-11-16,148.77,150.33,147.75,147.94,1372689
2017-11-17,147.70,148.79,146.65,147.41,903595
2017-11-20,146.92,147.46,143.43,144.64,1343957
2017-11-21,145.71,146.36,143.50,145.11,1489775
2017-11-22,145.42,147.39,144.81,147.04,906988
2017-11-24,146.08,147.90,146.04,146.55,660987
2017-11-27,146.84,149.29,146.72,148.55,1197609
2017-11-28,148.86,149.00,146.05,147.32,1116125
2017-11-29,147.01,148.34,142.44,143.75,1313828
2017-11-30,144.19,146.10,143.94,144.29,1667643
2017-12-01,143.09,144.70,139.86,140.79,2448350
2017-12-04,141.99,142.70,138.67,138.79,2127659
2017-12-05,138.60,141.67,138.02,138.36,1374009
2017-12-06,138.30,139.41,136.83,137.28,1574552
2017-12-07,137.92,140.85,136.50,138.78,1687469
2017-12-08,139.80,144.80,139.11,143.61,1624970
2017-12-11,143.73,143.91,139.80,141.68,1206597
2017-12-12,140.04,142.08,140.04,140.91,1010252
2017-12-13,141.93,146.36,141.55,144.80,1839447
2017-12-14,145.57,146.32,142.28,142.53,1403938
2017-12-15,143.97,145.96,142.05,145.86,3210391
2017-12-18,146.99,147.94,145.17,145.44,1231896
2017-12-19,145.57,147.34,144.27,145.15,1051132
2017-12-20,145.05,146.26,144.36,145.12,813580
2017-12-21,145.23,149.98,144.68,148.82,2283628
2017-12-22,148.20,151.10,147.80,149.97,1459966
2017-12-26,149.50,151.49,149.50,150.60,777710
2017-12-27,151.13,152.70,150.30,151.55,938930
2017-12-28,152.19,152.49,148.75,151.17,957374
2017-12-29,150.45,151.66,149.75,149.86,881799
2018-01-02,150.00,153.30,147.72,152.91,1327206
2018-01-03,153.50,153.50,148.58,152.01,1603979
2018-01-04,153.39,153.97,151.63,153.07,1343214
2018-01-05,155.54,157.35,154.10,155.69,1939849
2018-01-08,155.15,157.21,153.35,156.89,1986931
2018-01-09,156.81,157.88,154.51,156.01,1471280
2018-01-10,156.00,157.87,154.21,157.38,1700048
2018-01-11,158.00,159.05,156.62,158.40,948526
2018-01-12,157.16,158.42,156.35,157.93,1561110
2018-01-16,158.28,159.87,155.14,155.71,1789201
2018-01-17,157.74,157.94,155.26,156.99,1270114
2018-01-18,156.36,157.51,154.22,157.19,1244078
2018-01-19,157.30,159.50,156.32,157.97,2074605
2018-01-22,158.76,161.95,157.97,161.91,1679672
2018-01-23,163.70,167.31,163.24,166.58,3024113
2018-01-24,167.08,169.29,165.38,167.45,2488397
2018-01-25,168.69,169.11,165.94,166.24,1270109
2018-01-26,167.14,169.30,166.10,169.21,1487423
2018-01-29,169.13,171.26,166.42,167.14,1823456
2018-01-30,166.37,168.08,164.00,166.54,2154923
2018-01-31,166.72,168.59,164.53,166.87,2310836
2018-02-01,174.11,174.96,163.17,172.99,5087964
2018-02-02,169.42,169.96,163.64,166.24,3371140
2018-02-05,163.08,165.87,155.03,155.14,2868148
2018-02-06,152.63,159.79,151.35,159.27,3033597
2018-02-07,157.10,160.11,155.62,155.67,1812036
2018-02-08,155.32,157.62,151.59,151.60,2853270
2018-02-09,152.92,154.63,146.21,152.96,2717959
2018-02-12,153.41,154.18,148.61,152.01,2173760
2018-02-13,151.40,155.49,150.99,154.14,1566933
2018-02-14,152.63,158.24,152.32,157.26,1986439
2018-02-15,158.36,161.08,157.16,160.94,1227134
2018-02-16,160.85,162.07,159.39,160.72,1001947
2018-02-20,158.49,164.01,158.01,160.98,1130289
2018-02-21,160.63,161.72,157.83,157.89,1158005
2018-02-22,161.50,162.32,157.00,157.59,1635012
2018-02-23,159.01,165.98,158.10,165.90,1581472
2018-02-26,166.92,170.36,166.03,169.54,1779326
2018-02-27,168.99,170.89,165.72,165.88,1632028
2018-02-28,166.70,169.54,164.63,166.03,2011119
2018-03-01,165.68,168.00,163.61,165.83,2019686
2018-03-02,163.08,170.22,161.89,170.06,2111167
2018-03-05,168.49,173.45,167.17,173.16,1876587
2018-03-06,173.33,173.85,166.05,168.72,2163294
2018-03-07,167.94,170.77,167.91,170.17,1215683
2018-03-08,170.39,171.98,169.18,171.88,1091590
2018-03-09,173.26,176.31,171.76,176.26,1414718
2018-03-12,176.50,178.15,174.80,177.13,1255961
2018-03-13,177.36,178.25,174.54,174.96,1989486
2018-03-14,176.15,176.48,172.82,174.38,1036433
2018-03-15,174.57,176.65,173.06,173.97,949344
2018-03-16,174.84,176.42,173.25,175.66,2309229
2018-03-19,174.62,175.28,168.12,170.77,1145092
2018-03-20,171.92,172.67,169.64,171.47,1588159
2018-03-21,171.94,172.42,168.60,170.34,996768
2018-03-22,167.83,170.38,165.55,166.10,1074447
2018-03-23,165.83,166.70,160.74,160.93,1319136
2018-03-26,163.85,166.35,160.27,166.10,1313691
2018-03-27,167.63,168.28,159.29,160.34,1232750
2018-03-28,160.93,162.59,158.36,159.58,1442275
2018-03-29,159.83,165.51,158.76,162.98,1526874
2018-04-02,161.53,161.99,153.43,156.31,1795318
2018-04-03,155.86,159.55,153.91,158.36,1542061
2018-04-04,156.37,162.45,154.60,162.12,1818378
2018-04-05,162.82,163.49,157.12,157.66,1326827
2018-04-06,155.74,157.59,152.60,154.25,1430478
2018-04-09,156.26,160.39,155.67,156.76,1235369
2018-04-10,159.04,161.72,157.77,161.17,1264286
2018-04-11,159.52,162.94,158.10,158.89,1390443
2018-04-12,159.54,163.45,159.54,161.98,1078381
2018-04-13,163.08,163.08,160.41,161.39,1453200
2018-04-16,163.01,163.71,158.07,158.70,1472703
2018-04-17,160.54,165.60,159.45,164.99,2393758
2018-04-18,165.00,166.12,162.66,163.36,1089590
2018-04-19,162.33,162.82,159.04,159.55,1230318
2018-04-20,159.61,160.78,157.09,158.15,1526854
2018-04-23,158.71,160.13,157.74,158.69,1154618
2018-04-24,160.27,160.50,154.69,155.67,1384346
2018-04-25,155.49,157.41,154.13,155.15,1237613
2018-04-26,156.60,160.84,155.83,158.81,1987134
2018-04-27,157.50,159.05,153.33,156.05,1866585
2018-04-30,157.16,157.79,153.15,153.16,1710871
2018-05-01,153.14,154.70,150.40,152.48,1648558
2018-05-02,151.32,153.16,148.96,149.47,2504660
2018-05-03,148.32,150.30,145.78,149.64,1490859
2018-05-04,148.26,152.14,147.79,149.39,2195876
2018-05-07,150.54,151.81,148.64,149.50,1445281
2018-05-08,149.45,150.00,146.95,148.27,1138362
2018-05-09,148.65,150.14,146.66,149.07,1411902
2018-05-10,150.13,151.66,149.08,151.01,1259813
2018-05-11,150.75,157.53,150.62,155.97,2242866
2018-05-14,156.11,158.46,155.39,157.46,1442379
2018-05-15,155.78,155.79,153.94,155.54,1370149
2018-05-16,155.79,156.45,154.40,156.16,1077117
2018-05-17,156.19,157.16,155.29,156.34,1105895
2018-05-18,156.61,157.52,155.33,157.24,998525
2018-05-21,157.84,158.16,155.33,156.22,1196973
2018-05-22,157.10,158.22,155.80,156.28,875720
2018-05-23,155.50,157.31,155.31,156.98,787252
2018-05-24,156.99,157.71,155.53,156.97,604919
2018-05-25,157.00,157.90,156.22,157.50,633571
2018-05-29,156.60,157.76,153.27,155.24,1142294
2018-05-30,156.14,157.57,155.55,156.64,1158690
2018-05-31,155.49,157.07,153.52,154.00,1632635
2018-06-01,154.86,154.99,150.50,152.05,2176758
2018-06-04,152.05,153.00,148.20,149.65,2573871
2018-06-05,149.71,150.40,144.14,145.72,2868363
2018-06-06,145.72,146.95,144.07,145.97,3055138
2018-06-07,147.10,149.69,145.56,145.75,2182941
2018-06-08,145.98,151.26,145.98,150.55,1657602
2018-06-11,150.67,151.28,147.43,148.63,1456038
2018-06-12,148.88,151.73,148.17,150.99,1529996
2018-06-13,151.11,153.39,150.53,151.94,1194759
2018-06-14,152.44,155.59,152.00,154.99,1384510
2018-06-15,155.51,156.30,154.11,155.02,2866231
2018-06-18,153.90,153.97,151.41,151.69,1225004
2018-06-19,150.01,155.08,149.67,154.50,1538879
2018-06-20,154.46,158.19,153.75,157.63,1320749
2018-06-21,157.88,157.88,155.58,156.57,795843
2018-06-22,157.09,160.28,155.76,159.19,2168370
2018-06-25,158.72,160.17,152.91,154.76,1491803
2018-06-26,154.41,155.50,151.01,151.50,1808369
2018-06-27,151.76,151.90,147.22,147.50,1954040
2018-06-28,147.79,148.52,145.37,147.59,1350138
2018-06-29,161.50,172.00,161.50,169.96,6617145
2018-07-02,168.40,169.66,164.70,169.61,2095576
2018-07-03,170.00,170.00,167.28,167.73,1059865
2018-07-05,168.38,169.95,166.71,169.49,1135363
2018-07-06,170.00,173.64,169.42,173.45,1513417
2018-07-09,174.37,174.62,171.81,174.16,1331153
2018-07-10,174.91,175.71,172.95,175.11,1599998
2018-07-11,173.83,175.69,173.00,175.01,1509877
2018-07-12,175.02,178.33,175.02,178.27,1181060
2018-07-13,178.35,181.60,177.90,180.50,1434449
2018-07-16,179.85,182.41,179.55,181.22,1960413
2018-07-17,180.58,183.39,179.82,182.59,1133031
2018-07-18,182.00,182.34,180.58,181.13,1028493
2018-07-19,180.13,180.93,178.52,180.12,1067623
2018-07-20,180.12,180.14,176.71,177.40,1606406
2018-07-23,176.29,178.67,176.16,176.54,1352357
2018-07-24,178.44,178.67,174.39,174.88,1690293
2018-07-25,174.78,177.42,173.99,176.81,1521997
2018-07-26,178.61,178.85,169.33,175.87,2374561
2018-07-27,175.18,176.28,169.52,172.10,1343475
2018-07-30,170.65,175.34,169.97,174.42,1457586
2018-07-31,175.05,175.74,173.58,175.05,1527539
2018-08-01,175.26,177.93,174.04,177.87,1345610
2018-08-02,174.59,179.86,173.51,177.89,1651456
2018-08-03,174.20,178.09,173.75,174.54,1117993
2018-08-06,175.55,175.99,173.25,174.91,761473
2018-08-07,175.94,178.00,175.48,177.51,983311
2018-08-08,177.25,178.40,175.25,175.30,887604
2018-08-09,175.74,177.45,174.95,175.05,827518
2018-08-10,174.41,175.96,173.86,174.82,516358
2018-08-13,175.13,176.15,174.18,175.05,775116
2018-08-14,175.31,177.30,175.31,175.93,534722
2018-08-15,174.38,175.65,171.81,173.00,884095
2018-08-16,174.18,176.28,173.09,174.96,720792
2018-08-17,174.66,177.00,173.59,176.08,981076
2018-08-20,176.62,176.83,173.62,175.71,893369
2018-08-21,175.74,178.43,175.04,176.86,887217
2018-08-22,176.81,178.22,176.02,177.72,616391
2018-08-23,177.72,177.72,174.60,176.02,681020
2018-08-24,176.45,177.28,175.10,176.84,903260
2018-08-27,177.98,179.64,177.60,179.32,825518
2018-08-28,180.36,182.22,178.83,180.87,1257608
2018-08-29,180.90,186.44,180.90,184.86,1272593
2018-08-30,185.00,186.19,184.37,186.03,957612
2018-08-31,185.16,185.88,183.72,184.40,1298874
2018-09-04,183.23,184.59,181.67,183.31,1369019
2018-09-05,183.00,184.74,181.50,183.21,1025387
2018-09-06,182.51,183.32,178.20,180.05,890712
2018-09-07,178.76,180.79,177.01,179.47,1194168
2018-09-10,180.00,180.57,177.98,179.28,796351
2018-09-11,178.93,180.25,177.34,178.61,1073789
2018-09-12,179.46,179.98,177.09,178.34,855290
2018-09-13,179.37,181.11,178.00,179.86,808458
2018-09-14,180.51,181.88,177.77,179.01,819621
2018-09-17,179.00,179.59,175.47,175.80,865387
2018-09-18,175.88,178.46,174.23,177.12,862306
2018-09-19,177.34,177.55,175.80,176.60,649337
2018-09-20,177.39,181.38,177.39,180.52,784813
2018-09-21,181.30,182.00,179.34,180.08,1616246
2018-09-24,179.43,182.50,179.43,182.17,696998
2018-09-25,183.48,184.16,182.28,182.65,738425
2018-09-26,182.67,189.29,182.67,186.65,1632744
2018-09-27,188.00,190.00,187.50,189.74,1373823
2018-09-28,189.74,193.78,189.44,192.74,2144746
2018-10-01,193.24,194.92,191.39,191.57,1841366
2018-10-02,191.84,192.62,190.79,191.93,905673
2018-10-03,192.13,193.06,191.35,192.21,1000926
2018-10-04,191.58,192.62,187.10,188.62,934633
2018-10-05,188.64,191.50,185.37,188.05,856751
2018-10-08,186.95,187.70,183.63,185.34,824321
2018-10-09,185.34,187.96,184.78,185.66,1087261
2018-10-10,184.92,185.61,176.22,176.43,1497085
2018-10-11,175.49,177.84,171.66,175.66,2381997
2018-10-12,177.20,182.19,175.90,181.32,1198957
2018-10-15,180.80,181.00,177.59,177.65,1038329
2018-10-16,178.87,185.78,178.45,185.45,1132705
2018-10-17,185.26,185.84,181.72,185.48,827226
2018-10-18,184.29,184.29,173.80,178.90,2640449
2018-10-19,179.35,181.13,175.05,175.69,1844809
2018-10-22,175.53,178.61,172.70,177.40,1502950
2018-10-23,175.86,177.03,170.80,174.17,1960346
2018-10-24,175.02,175.74,162.53,163.09,2051947
2018-10-25,157.00,167.00,153.00,165.61,2708109
2018-10-26,162.10,171.39,160.68,169.48,2658752
2018-10-29,173.49,174.98,167.35,170.34,2525160
2018-10-30,171.67,173.46,168.46,171.49,1436817
2018-10-31,172.62,174.28,169.42,169.46,1589783
2018-11-01,169.51,175.75,169.25,175.19,1360596
2018-11-02,175.36,177.25,171.11,173.29,1333940
2018-11-05,172.08,175.15,171.70,174.59,785093
2018-11-06,175.21,178.35,174.12,175.23,918782
2018-11-07,177.34,184.14,176.56,183.88,1474493
2018-11-08,183.91,185.57,179.63,180.26,1063918
2018-11-09,179.61,180.56,176.79,180.55,1845491
2018-11-12,180.55,181.45,171.70,172.85,1728040
2018-11-13,174.07,175.80,170.07,170.31,869620
2018-11-14,171.98,173.32,163.13,164.58,1500649
2018-11-15,163.75,167.69,162.67,166.67,1587296
2018-11-16,166.26,167.99,164.67,165.11,1854889
2018-11-19,164.76,165.57,159.77,161.07,1353417
2018-11-20,161.35,161.92,157.28,159.76,1634453
2018-11-21,160.57,162.48,159.06,160.25,874187
2018-11-23,158.76,161.99,157.40,160.39,346829
2018-11-26,164.30,167.70,162.89,167.40,1550078
2018-11-27,168.43,176.60,168.43,175.45,2327610
2018-11-28,175.51,178.42,172.34,178.38,1441029
2018-11-29,176.89,181.65,176.89,179.45,970980
2018-11-30,179.60,181.00,178.33,180.79,1094482
2018-12-03,182.60,186.78,181.91,184.65,1692900
2018-12-04,184.74,187.76,177.41,177.93,1312888
2018-12-06,175.37,179.76,174.00,179.61,1655618
2018-12-07,178.03,179.55,170.90,172.21,1627291
2018-12-10,172.98,174.37,167.63,173.78,896030
2018-12-11,176.29,176.56,170.86,173.23,828909
2018-12-12,176.20,178.62,174.72,175.45,904998
2018-12-13,175.06,177.49,171.60,173.42,967525
2018-12-14,171.38,172.00,169.63,170.06,915828
2018-12-17,169.64,171.41,164.48,166.17,1584655
2018-12-18,168.06,169.62,161.35,163.43,1546659
2018-12-19,163.04,164.42,156.30,158.66,1877572
2018-12-20,158.52,163.48,157.70,161.30,1985336
2018-12-21,161.94,165.07,156.30,156.50,2668840
2018-12-24,155.40,158.47,151.80,151.91,1158155
2018-12-26,152.98,161.87,152.40,161.84,1637051
2018-12-27,158.95,162.58,156.27,162.37,1468831
2018-12-28,163.52,164.84,160.38,161.42,952474
2018-12-31,162.80,166.21,162.00,165.71,1367096
2019-01-02,161.21,165.14,160.95,164.08,1446120
2019-01-03,165.83,169.32,163.18,163.73,1679271
2019-01-04,165.90,173.31,164.90,172.70,1836115
2019-01-07,173.05,176.78,170.87,175.85,1293455
2019-01-08,177.00,178.41,174.72,178.19,1618009
2019-01-09,179.14,182.70,178.25,182.30,2298516
2019-01-10,181.85,186.09,180.26,186.03,1987831
2019-01-11,184.62,188.86,183.43,188.16,2214267
2019-01-14,186.71,186.99,183.78,183.91,1884130
2019-01-15,184.37,186.75,183.06,186.68,1308438
2019-01-16,186.21,188.34,184.13,186.15,2247996
2019-01-17,185.77,191.42,184.71,190.52,1549859
2019-01-18,192.63,194.78,189.41,194.70,2148042
2019-01-22,193.48,195.81,192.39,193.88,1950007
2019-01-23,194.67,195.20,187.78,189.89,2015422
2019-01-24,189.64,190.22,186.47,186.58,1825062
2019-01-25,188.16,190.39,186.27,189.50,1404751
2019-01-28,188.94,188.98,185.76,188.09,1497223
2019-01-29,188.16,188.26,184.70,186.38,1024329
2019-01-30,185.84,187.92,184.50,187.05,1372707
2019-01-31,187.17,190.98,186.86,190.91,898966
2019-02-01,190.92,193.03,189.92,191.52,892708
2019-02-04,189.19,189.28,184.49,187.98,1479467
2019-02-05,185.81,190.74,185.44,187.02,1642394
2019-02-06,193.00,193.00,182.06,182.39,1895052
2019-02-07,181.50,182.59,178.99,180.18,1454119
2019-02-08,178.76,181.45,178.76,181.34,980589
2019-02-11,182.05,182.17,178.40,181.53,1503304
2019-02-12,181.44,184.30,181.44,184.01,1316645
2019-02-13,185.00,186.25,184.35,185.25,1240723
2019-02-14,184.52,186.84,183.53,185.72,917787
2019-02-15,185.67,188.56,185.67,188.07,1408240
2019-02-19,187.90,189.09,185.83,186.86,1823670
2019-02-20,186.06,188.64,185.65,187.84,1066102
2019-02-21,187.70,188.12,182.16,183.06,1086952
2019-02-22,184.33,185.84,182.94,185.76,1027432
2019-02-25,186.74,188.10,185.63,186.33,1255162
2019-02-26,186.26,189.99,184.89,188.92,1475214
2019-02-27,187.97,189.87,186.44,189.81,633221
2019-02-28,189.74,190.04,188.23,188.75,1176168
2019-03-01,189.95,192.69,189.28,192.16,887620
2019-03-04,193.03,193.89,186.71,190.04,1204987
2019-03-05,190.16,190.51,187.52,187.80,1374089
2019-03-06,188.18,188.69,180.56,181.11,1378169
2019-03-07,181.36,181.83,177.45,178.61,1432023
2019-03-08,177.26,177.62,173.59,177.26,1451474
2019-03-11,177.94,180.56,177.78,180.52,1341713
2019-03-12,181.15,183.23,179.85,182.57,1545252
2019-03-13,183.37,186.78,182.21,185.66,1167910
2019-03-14,185.62,186.66,184.45,186.11,778717
2019-03-15,186.88,189.35,186.37,188.09,2768606
2019-03-18,188.00,189.21,185.53,187.48,1516671
2019-03-19,184.64,185.00,181.18,181.76,1522791
2019-03-20,181.53,182.46,179.54,179.98,1039315
2019-03-21,178.22,182.74,178.22,182.56,1156209
2019-03-22,182.07,183.85,181.04,181.53,1603045
2019-03-25,181.67,185.06,181.44,183.85,1754503
2019-03-26,185.24,190.07,184.83,189.91,1373728
2019-03-27,190.00,190.00,185.62,185.82,1176246
2019-03-28,186.01,186.94,181.49,182.42,1610808
2019-03-29,184.29,184.86,181.91,183.95,1274722
2019-04-01,185.20,187.38,184.68,186.05,981087
2019-04-02,185.96,189.43,184.91,187.11,781927
2019-04-03,187.90,188.98,187.01,187.89,829373
2019-04-04,188.22,188.34,182.49,184.15,1135468
2019-04-05,184.49,189.35,184.24,188.89,2288985
2019-04-08,189.27,189.95,186.67,188.93,910148
2019-04-09,188.01,189.70,187.75,188.31,973261
2019-04-10,188.32,191.71,187.06,190.37,1137794
2019-04-11,191.08,191.42,184.22,185.12,1971928
2019-04-12,185.42,186.47,182.31,182.78,1044145
2019-04-15,182.27,184.32,180.24,182.49,826703
2019-04-16,183.63,184.80,179.59,179.74,900208
2019-04-17,180.45,180.75,166.65,166.97,2850863
2019-04-18,169.96,170.45,163.68,168.16,3186616
2019-04-22,167.79,169.86,166.19,168.52,1213517
2019-04-23,169.22,175.60,168.77,175.37,1510536
2019-04-24,175.58,175.86,171.76,172.58,1161182
2019-04-25,172.40,175.22,170.20,174.61,806549
2019-04-26,173.98,174.42,170.01,172.85,1117744
2019-04-29,172.58,173.67,171.22,172.52,726252
2019-04-30,173.93,174.92,168.49,168.98,1618733
2019-05-01,168.76,175.60,168.51,172.60,1824775
2019-05-02,172.10,172.49,167.80,169.54,1209837
2019-05-03,170.05,174.19,169.46,173.87,971769
2019-05-06,170.30,175.15,169.95,174.76,888288
2019-05-07,172.33,174.38,168.59,170.28,1345920
2019-05-08,170.06,171.54,168.40,169.01,1121620
2019-05-09,167.40,170.50,166.48,169.91,820212
2019-05-10,169.36,169.36,164.31,168.85,805666
2019-05-13,165.70,167.48,164.07,164.61,1118452
2019-05-14,165.60,167.58,164.96,166.72,938244
2019-05-15,165.41,168.22,164.96,166.88,663662
2019-05-16,167.63,173.41,167.63,170.23,1689001
2019-05-17,168.90,170.84,167.97,168.73,898185
2019-05-20,167.77,168.25,165.68,165.73,644265
2019-05-21,167.89,170.15,167.38,169.12,703346
2019-05-22,168.47,174.29,168.47,172.37,1230425
2019-05-23,171.61,173.32,169.50,173.01,1272756
2019-05-24,174.31,175.94,171.37,171.77,1115656
2019-05-28,172.24,173.79,171.06,172.76,1542109
2019-05-29,171.15,171.87,166.30,166.55,1788394
2019-05-30,167.26,170.50,167.26,170.26,902947
2019-05-31,168.49,169.99,166.10,166.18,982523
2019-06-03,166.87,168.85,165.80,166.64,1080560
2019-06-04,168.16,172.97,167.08,171.27,1456839
2019-06-05,171.90,174.00,170.39,173.27,1254518
2019-06-06,173.22,173.99,167.42,167.75,1261065
2019-06-07,169.43,173.98,169.25,173.51,1109578
2019-06-10,173.29,174.12,171.51,172.84,1025053
2019-06-11,174.08,174.88,171.75,172.00,1442252
2019-06-12,172.60,173.47,169.26,170.63,1444580
2019-06-13,171.17,171.95,167.84,168.89,951626
2019-06-14,168.90,170.99,167.94,170.22,806077
2019-06-17,171.17,174.14,171.17,173.78,955604
2019-06-18,175.97,178.90,174.80,177.94,1521367
2019-06-19,178.52,182.14,177.00,181.75,1535436
2019-06-20,183.52,186.33,181.21,182.17,1217655
2019-06-21,183.34,184.45,180.76,183.97,1844607
2019-06-24,184.56,184.98,180.55,181.02,764040
2019-06-25,181.64,183.10,179.49,180.15,960080
2019-06-26,180.11,181.03,177.13,177.66,768712
2019-06-27,178.00,179.24,176.68,178.58,731475
2019-06-28,179.74,184.99,178.75,183.38,1604907
2019-07-01,185.07,185.14,180.81,181.84,1112937
2019-07-02,181.54,181.54,178.88,179.53,819621
2019-07-03,180.25,183.45,178.54,183.26,571593
2019-07-05,179.45,183.24,177.41,178.34,878875
2019-07-08,177.76,177.76,174.18,176.75,818899
2019-07-09,175.62,178.63,174.78,178.46,714725
2019-07-10,179.00,179.75,175.53,178.76,766560
2019-07-11,178.81,178.86,172.74,176.01,1258069
2019-07-12,176.06,176.27,173.95,175.79,1004048
2019-07-15,176.16,178.08,174.70,176.37,1055341
2019-07-16,176.47,177.93,175.58,176.16,619960
2019-07-17,176.93,179.24,176.33,177.14,773112
2019-07-18,176.92,178.58,176.38,178.09,853492
2019-07-19,179.15,179.15,174.04,174.13,1121646
2019-07-22,173.34,174.57,172.41,174.08,1120958
2019-07-23,174.43,176.36,173.40,175.24,828427
2019-07-24,175.00,175.00,172.31,173.34,1135658
2019-07-25,172.22,172.51,169.02,169.56,1784010
2019-07-26,170.18,171.13,165.85,166.83,1640861
2019-07-29,167.21,167.51,165.27,166.23,1366589
2019-07-30,165.74,171.10,165.52,169.54,2339004
2019-07-31,168.79,170.21,165.66,166.62,1460350
2019-08-01,173.42,181.30,170.13,179.29,3130255
2019-08-02,177.78,180.97,177.06,178.39,1814936
2019-08-05,176.44,177.14,173.92,175.56,1709396
2019-08-06,174.23,177.05,173.64,176.94,1287618
2019-08-07,175.11,176.47,172.48,175.65,940964
2019-08-08,175.59,183.11,175.59,182.94,1641733
2019-08-09,182.94,184.07,179.39,182.98,1275807
2019-08-12,182.06,183.14,179.12,179.84,1160938
2019-08-13,178.36,185.54,178.04,183.91,1263661
2019-08-14,181.77,183.57,178.85,179.53,1405777
2019-08-15,180.01,182.04,178.37,181.12,829130
2019-08-16,183.08,185.75,180.84,184.94,1331099
2019-08-19,186.24,187.71,185.88,187.09,963229
2019-08-20,187.04,188.44,182.90,183.72,1001309
2019-08-21,185.86,187.30,184.60,186.40,575530
2019-08-22,186.76,187.62,181.48,184.24,1026856
2019-08-23,184.36,186.78,179.24,180.18,1198694
2019-08-26,180.82,182.38,179.56,180.64,829517
2019-08-27,181.99,182.92,177.27,178.25,940100
2019-08-28,177.47,180.71,170.54,178.34,1680241
2019-08-29,179.30,180.50,178.14,178.98,680331
2019-08-30,180.26,181.20,178.76,180.02,892907
2019-09-03,180.55,181.57,177.57,178.70,1030148
2019-09-04,179.73,179.75,173.56,176.83,1003373
2019-09-05,178.18,180.05,177.02,179.86,868710
2019-09-06,180.35,182.15,179.33,181.33,979384
2019-09-09,181.09,181.28,174.45,174.81,1176986
2019-09-10,174.03,174.14,166.65,171.01,1849418
2019-09-11,171.19,173.61,170.90,173.11,1190846
2019-09-12,174.39,175.45,172.00,172.45,874480
2019-09-13,173.16,175.79,172.45,174.94,1216300
2019-09-16,173.89,178.09,173.13,177.55,959003
2019-09-17,173.02,177.82,173.02,176.00,1165874
2019-09-18,176.01,176.50,171.96,174.52,1186280
2019-09-19,174.48,176.70,173.60,176.14,784800
2019-09-20,177.01,179.55,175.58,178.12,1773984
2019-09-23,178.23,179.00,175.77,175.88,825027
2019-09-24,176.32,177.78,171.03,172.52,778452
2019-09-25,172.31,173.49,170.56,171.50,956069
2019-09-26,172.05,172.05,167.43,169.55,1602849
2019-09-27,170.29,170.54,165.53,166.74,1206331
2019-09-30,169.55,171.29,167.61,169.42,1470435
2019-10-01,169.24,170.11,166.52,167.58,954636
2019-10-02,167.69,168.52,165.23,166.71,1499329
2019-10-03,166.06,170.64,166.06,170.50,1143281
2019-10-04,170.89,172.92,170.52,172.42,879764
2019-10-07,171.55,172.76,169.27,172.05,934991
2019-10-08,170.47,171.89,167.60,169.55,1016379
2019-10-09,170.87,171.99,168.55,168.73,797283
2019-10-10,168.42,170.37,167.62,170.22,800403
2019-10-11,171.44,174.72,171.13,172.41,869933
2019-10-14,172.32,175.25,172.32,173.59,579631
2019-10-15,174.36,176.98,174.02,176.14,762591
2019-10-16,175.32,177.20,173.62,176.09,814891
2019-10-17,177.80,180.05,177.50,177.72,1172127
2019-10-18,180.25,180.25,175.38,176.23,1122557
2019-10-21,177.23,184.81,174.82,183.53,1285163
2019-10-22,186.91,194.75,186.19,191.06,4442480
2019-10-23,190.37,192.54,186.41,190.51,1555191
2019-10-24,191.70,194.90,189.35,194.47,1893295
2019-10-25,193.13,195.94,192.55,194.49,1199278
2019-10-28,194.56,195.02,192.32,194.02,1337394
2019-10-29,194.43,198.46,193.26,197.89,1695040
2019-10-30,198.11,199.46,196.64,199.28,1195679
2019-10-31,197.06,200.00,194.20,195.48,2273379
2019-11-01,196.24,202.94,195.01,200.94,3010626
2019-11-04,202.13,202.25,197.80,199.42,1293317
2019-11-05,199.00,199.95,196.46,197.14,1324232
2019-11-06,198.23,198.49,195.70,195.97,1123979
2019-11-07,196.40,197.16,195.11,195.83,1018631
2019-11-08,197.08,202.11,196.71,201.31,1220080
2019-11-11,200.98,202.21,199.29,201.90,825165
2019-11-12,202.14,204.84,201.84,203.86,939805
2019-11-13,205.00,207.64,203.75,207.10,1101055
2019-11-14,206.84,207.50,203.24,205.00,995539
2019-11-15,205.95,210.05,205.01,209.80,1581467
2019-11-18,209.87,210.08,207.68,210.00,1533611
2019-11-19,212.97,215.46,209.41,215.00,1706178
2019-11-20,214.78,217.08,212.85,215.07,2487280
2019-11-21,214.34,215.64,212.80,215.50,1241326
2019-11-22,216.93,218.60,215.10,218.00,1318934
2019-11-25,219.37,223.61,219.00,223.27,1491538
2019-11-26,223.66,223.73,218.23,219.05,1875480
2019-11-27,219.10,220.99,218.07,220.06,833110
2019-11-29,220.39,222.42,220.03,221.75,537133
2019-12-02,222.96,223.41,218.41,220.79,1093457
2019-12-03,219.61,222.75,218.39,221.13,957058
2019-12-04,222.00,224.08,221.07,223.91,937011
2019-12-05,223.77,224.31,221.35,223.07,767150
2019-12-06,224.17,224.66,220.36,223.25,1021307
2019-12-09,222.99,225.66,219.19,219.37,1803503
2019-12-10,219.42,221.87,218.50,220.27,1256553
2019-12-11,221.91,224.27,219.58,220.00,958908
2019-12-12,219.71,222.55,219.17,220.55,1094791
2019-12-13,220.19,221.62,217.83,218.98,1484056
2019-12-16,220.50,221.86,219.33,219.50,1919376
2019-12-17,219.72,219.73,216.01,217.62,1452464
2019-12-18,217.83,219.92,217.49,219.35,1759361
2019-12-19,220.14,220.68,216.97,217.78,1910172
2019-12-20,219.62,221.02,217.00,220.69,2824107
2019-12-23,220.95,222.87,219.68,219.98,1132805
2019-12-24,220.46,220.64,218.50,220.56,300516
2019-12-26,220.60,220.90,218.38,220.25,697040
2019-12-27,220.59,221.48,218.12,220.97,904599
2019-12-30,220.38,221.95,217.33,218.97,774326
2019-12-31,218.60,219.81,216.70,218.95,1036437
2020-01-02,220.24,220.65,216.95,219.45,1303850
2020-01-03,216.16,219.89,214.55,217.98,943577
2020-01-06,217.73,224.35,216.91,224.03,1436623
2020-01-07,224.26,225.92,222.14,223.79,1028630
2020-01-08,225.89,232.70,224.91,231.09,1802743
2020-01-09,233.08,233.25,227.27,230.26,1435381
2020-01-10,231.69,231.69,228.07,228.95,1017426
2020-01-13,229.38,230.00,224.56,226.49,1031533
2020-01-14,226.44,229.80,225.53,229.75,1042036
2020-01-15,229.88,234.33,228.78,234.15,1741525
2020-01-16,234.27,235.78,233.27,235.50,2124025
2020-01-17,236.51,236.51,232.82,235.83,1599342
2020-01-21,235.84,237.20,233.13,233.99,1399779
2020-01-22,234.94,237.47,234.40,234.61,1133969
2020-01-23,235.00,235.63,231.38,233.91,977959
2020-01-24,234.07,235.18,228.41,229.06,904271
2020-01-27,226.51,228.79,226.07,227.37,802283
2020-01-28,228.53,232.29,227.57,231.97,861813
2020-01-29,231.72,233.59,230.57,232.41,893569
2020-01-30,230.84,231.75,228.68,230.31,1169453
2020-01-31,238.65,239.40,223.01,227.05,3373655
2020-02-03,230.76,233.78,225.01,230.51,1988059
2020-02-04,233.35,241.23,233.29,239.66,1485889
2020-02-05,241.61,244.41,240.00,240.76,1951742
2020-02-06,242.13,244.65,238.01,239.12,1320423
2020-02-07,237.66,240.34,234.10,240.06,1443319
2020-02-10,239.22,244.89,237.00,244.75,1273055
2020-02-11,245.00,249.00,242.78,247.81,2280049
2020-02-12,247.61,248.79,240.70,242.21,1805742
2020-02-13,241.41,245.38,239.73,240.09,1329205
2020-02-14,241.24,244.45,238.55,243.82,1354016
2020-02-18,244.92,246.00,241.09,245.93,1305401
2020-02-19,249.85,249.85,245.24,247.78,947716
2020-02-20,247.29,247.70,242.59,245.10,1524832
2020-02-21,247.30,247.50,243.27,246.29,1365436
2020-02-24,241.44,242.76,235.70,237.01,1659510
2020-02-25,238.18,239.99,228.50,230.00,1581236
2020-02-26,232.41,237.37,229.49,232.04,1578570
2020-02-27,228.48,231.63,218.01,223.30,1972989
2020-02-28,215.57,224.54,215.50,224.03,2491476
2020-03-02,224.43,232.98,223.14,232.29,2406547
2020-03-03,230.27,237.55,226.67,228.26,2093182
2020-03-04,232.29,246.06,230.90,245.32,1971889
2020-03-05,239.24,242.18,235.28,237.31,1518316
2020-03-06,227.65,234.48,226.61,233.50,1872612
2020-03-09,218.07,227.61,214.08,219.65,2034532
2020-03-10,226.21,231.41,216.47,230.51,2024555
2020-03-11,225.63,230.83,218.70,220.34,1733873
2020-03-12,206.59,215.36,201.50,204.06,3758168
2020-03-13,218.23,221.47,200.76,220.86,3813367
2020-03-16,201.60,219.00,199.16,199.77,2521430
2020-03-17,203.97,230.06,202.50,210.44,4447501
2020-03-18,200.60,224.99,197.47,212.98,3406379
2020-03-19,215.15,223.93,202.01,215.69,3118569
2020-03-20,217.70,227.43,204.16,206.00,2764731
2020-03-23,210.50,218.10,199.52,202.21,2801959
2020-03-24,207.84,224.98,207.84,223.13,2830846
2020-03-25,219.88,224.00,209.51,210.09,2066918
2020-03-26,209.80,225.62,209.43,224.49,1752736
2020-03-27,219.43,224.18,215.57,217.24,1712723
2020-03-30,221.34,233.77,220.00,231.92,2138948
2020-03-31,228.95,240.00,228.02,237.95,3300687
2020-04-01,232.12,234.98,223.45,225.48,1482254
2020-04-02,222.77,242.96,222.39,242.16,2503957
2020-04-03,241.38,247.45,234.35,238.31,1989809
2020-04-06,248.61,256.65,241.94,255.30,3046253
2020-04-07,263.15,267.45,245.38,247.67,3551363
2020-04-08,249.43,251.68,240.50,249.66,2737502
2020-04-09,252.00,252.00,243.00,246.61,2491827
2020-04-13,244.66,253.83,243.81,252.28,1831345
2020-04-14,257.44,265.66,253.51,262.41,2180477
2020-04-15,260.90,262.82,254.31,255.23,2686489
2020-04-16,259.67,265.28,258.61,264.76,2172764
2020-04-17,272.34,272.67,265.15,270.46,2166774
2020-04-20,271.97,276.26,269.05,273.26,1967867
2020-04-21,273.00,277.22,262.55,262.80,1602834
2020-04-22,267.15,271.25,264.00,269.37,1546047
2020-04-23,270.03,277.80,266.92,267.91,2770594
2020-04-24,270.12,271.35,266.43,269.86,1805896
2020-04-27,275.00,275.26,267.16,268.51,2181623
2020-04-28,268.00,269.95,250.43,256.96,2338277
2020-04-29,260.97,262.00,250.52,251.05,2401696
2020-04-30,257.75,258.50,245.06,251.20,2825201
2020-05-01,249.26,256.00,248.00,254.90,1940527
2020-05-04,257.40,265.00,256.01,264.69,2650479
2020-05-05,266.97,274.06,264.80,272.33,1934615
2020-05-06,272.33,275.55,268.00,270.06,1290338
2020-05-07,272.69,273.72,266.83,270.01,1622385
2020-05-08,269.50,274.41,268.29,271.63,1084271
2020-05-11,271.45,286.82,270.44,285.28,2068457
2020-05-12,287.33,288.51,276.41,276.47,1727937
2020-05-13,276.60,284.86,272.19,277.03,1645070
2020-05-14,277.56,282.48,272.21,277.00,3076324
2020-05-15,275.63,288.73,273.51,288.69,1740143
2020-05-18,293.78,295.55,283.10,284.13,1727055
2020-05-19,285.30,288.41,281.14,282.28,1267158
2020-05-20,284.81,285.99,282.13,284.62,1436482
2020-05-21,285.26,285.40,281.25,284.63,1315089
2020-05-22,284.18,286.00,281.52,284.96,1066589
2020-05-26,287.95,288.50,264.41,266.50,3486950
2020-05-27,264.38,278.69,254.41,278.51,3189591
2020-05-28,276.27,283.73,276.07,277.38,1922230
2020-05-29,281.35,289.44,276.04,287.96,5408867
2020-06-01,285.42,288.73,283.82,286.64,1819617
2020-06-02,283.92,286.18,278.66,284.27,1600761
2020-06-03,283.72,283.80,274.06,277.01,1783009
2020-06-04,274.27,279.29,270.76,272.82,1603933
2020-06-05,270.82,271.68,262.55,265.69,2753400
2020-06-08,264.05,265.84,261.28,265.01,2088686
2020-06-09,267.28,275.14,265.09,270.85,2687854
2020-06-10,275.76,277.90,271.81,274.34,1600242
2020-06-11,275.56,276.36,263.67,263.89,1831276
2020-06-12,268.12,271.39,262.30,268.56,1530170
2020-06-15,264.77,268.52,262.24,267.77,1385514
2020-06-16,270.43,275.69,268.22,273.77,1557610
2020-06-17,273.88,282.76,273.77,280.09,1645370
2020-06-18,279.40,282.22,275.93,279.19,1371969
2020-06-19,280.30,295.54,280.30,293.27,4085277
2020-06-22,294.00,295.00,287.80,293.20,1592292
2020-06-23,294.06,299.21,293.31,295.80,1571831
2020-06-24,294.93,297.71,288.90,291.18,1622162
2020-06-25,292.38,295.36,288.83,295.15,1188827
2020-06-26,292.68,293.00,284.74,286.14,1895477
2020-06-29,286.95,287.65,280.89,285.18,1452670
2020-06-30,287.68,292.37,283.00,290.31,2171974
2020-07-01,290.50,291.66,283.79,286.28,1752378
2020-07-02,288.52,293.95,287.45,291.10,1101751
2020-07-06,294.36,295.00,289.63,291.31,1342103
2020-07-07,292.30,306.08,291.45,299.06,1624913
2020-07-08,300.05,301.65,292.13,295.92,1500327
2020-07-09,295.52,297.79,290.05,295.40,1107003
2020-07-10,293.95,295.00,290.86,294.45,911425
2020-07-13,293.05,296.85,283.85,284.82,1667442
2020-07-14,283.14,294.72,279.12,293.83,1738338
2020-07-15,292.76,295.35,290.20,295.11,1127012
2020-07-16,292.01,293.33,284.69,290.56,903486
2020-07-17,291.53,294.67,289.28,294.53,1072168
2020-07-20,292.69,304.00,292.69,303.10,1256143
2020-07-21,300.65,301.14,290.96,291.40,1515381
2020-07-22,293.56,293.56,286.46,291.23,846262
2020-07-23,291.33,291.99,283.32,284.46,1310213
2020-07-24,281.78,282.64,276.50,278.49,1837754
2020-07-27,280.84,285.57,277.68,284.21,1485115
2020-07-28,283.83,284.59,278.14,278.52,1098626
2020-07-29,280.28,281.59,278.09,278.72,1091182
2020-07-30,275.07,282.28,274.66,279.40,1538387
2020-07-31,278.88,283.00,268.25,272.00,2983981
2020-08-03,274.20,280.59,274.00,279.52,1716272
2020-08-04,279.23,280.57,274.03,275.71,1286550
2020-08-05,275.41,275.75,271.16,273.23,1329929
2020-08-06,269.30,273.88,268.58,273.34,1142341
2020-08-07,273.48,277.20,269.95,272.99,1005983
2020-08-10,271.58,272.29,265.09,268.73,1186829
2020-08-11,266.00,267.99,261.30,261.86,1370330
2020-08-12,263.08,271.35,262.87,270.85,1262792
2020-08-13,270.06,272.73,266.87,267.15,979231
2020-08-14,268.29,269.95,265.80,267.29,1008402
2020-08-17,267.90,274.17,267.84,273.84,985031
2020-08-18,275.00,275.00,269.26,271.31,887147
2020-08-19,270.85,273.99,269.53,270.07,996791
2020-08-20,270.67,272.09,268.60,271.43,1117743
2020-08-21,271.73,273.11,267.99,271.28,1064119
2020-08-24,269.90,271.94,263.47,267.43,1037528
2020-08-25,268.17,273.32,266.23,272.35,1316199
2020-08-26,272.86,272.86,268.82,271.29,857565
2020-08-27,272.95,275.62,269.72,274.34,961049
2020-08-28,272.94,275.26,268.10,269.96,813757
2020-08-31,270.35,279.74,270.00,279.12,1311319
2020-09-01,277.87,279.96,271.77,275.49,1252788
2020-09-02,275.64,283.45,273.72,281.89,1352375
2020-09-03,281.86,281.86,265.25,267.42,1619607
2020-09-04,267.84,269.91,263.01,266.50,1514846
2020-09-08,261.78,264.84,258.00,258.61,1264731
2020-09-09,261.11,264.36,259.04,263.04,1829238
2020-09-10,262.95,263.58,253.97,255.65,1231917
2020-09-11,257.84,262.08,255.76,257.96,1169728
2020-09-14,261.24,268.40,260.87,264.80,1200487
2020-09-15,266.77,267.88,264.24,266.85,1217533
2020-09-16,271.00,273.55,267.31,267.55,1387524
2020-09-17,258.98,273.24,258.82,271.46,1763634
2020-09-18,273.30,273.59,257.42,265.39,2179548
2020-09-21,264.14,264.94,259.27,264.00,1150781
2020-09-22,263.66,268.00,260.38,267.58,817683
2020-09-23,267.87,270.08,262.75,263.82,864429
2020-09-24,262.14,263.90,257.50,263.13,1422617
2020-09-25,264.10,268.91,260.52,268.18,1345847
2020-09-28,269.90,270.58,264.23,267.73,1103301
2020-09-29,267.82,271.68,266.38,270.31,891669
2020-09-30,271.33,274.66,269.46,272.12,1382840
2020-10-01,272.90,275.40,270.65,273.51,932574
2020-10-02,269.34,272.79,260.13,260.80,1339385
2020-10-05,262.86,269.07,261.70,268.98,1303341
2020-10-06,269.89,270.50,260.26,260.98,1023100
2020-10-07,263.18,266.50,262.10,265.82,764284
2020-10-08,267.16,268.92,264.91,268.53,777761
2020-10-09,268.87,270.07,266.24,269.95,877773
2020-10-12,273.14,277.33,269.57,274.60,1331313
2020-10-13,275.88,280.99,274.48,276.09,1087986
2020-10-14,275.19,275.75,269.79,271.46,1046518
2020-10-15,227.55,232.46,213.17,215.28,17492970
2020-10-16,217.79,225.00,217.19,218.08,5957623
2020-10-19,219.08,225.97,217.25,220.51,3789629
2020-10-20,222.00,222.62,214.48,214.54,2924795
2020-10-21,215.88,217.93,209.16,211.38,2775667
2020-10-22,210.37,214.74,208.23,210.08,2380567
2020-10-23,212.19,213.51,209.07,211.58,1715758
2020-10-26,209.75,210.54,204.84,207.15,2087483
2020-10-27,208.35,213.58,206.79,212.19,2756330
2020-10-28,212.00,214.24,208.25,208.34,2221370
2020-10-29,209.01,210.38,205.00,207.01,1931045
2020-10-30,205.93,211.64,203.51,208.36,2829604
2020-11-02,211.14,211.45,202.56,207.42,1877706
2020-11-03,208.92,214.88,208.00,211.14,1892048
2020-11-04,218.27,223.77,214.22,215.09,3778577
2020-11-05,220.08,220.92,216.22,219.48,2347518
2020-11-06,219.12,221.72,216.36,220.28,1707943
2020-11-09,224.41,229.08,221.50,222.85,2478342
2020-11-10,223.77,224.74,215.06,215.35,1917814
2020-11-11,217.12,218.80,213.65,216.72,1647432
2020-11-12,217.05,221.31,216.90,218.31,2144061
2020-11-13,222.28,227.27,219.64,225.52,1695453
2020-11-16,225.99,227.35,221.79,224.27,1706781
2020-11-17,222.72,223.43,218.23,222.96,1750676
2020-11-18,222.71,223.77,216.34,216.35,2500645
2020-11-19,216.42,218.14,211.40,211.97,2604055
2020-11-20,212.35,217.23,210.04,215.21,2239270
2020-11-23,216.78,218.29,214.14,217.87,1852049
2020-11-24,215.53,219.47,215.13,216.50,2179767
2020-11-25,217.87,220.54,215.84,218.10,2033279
2020-11-27,219.61,226.72,219.61,226.71,1052834
2020-11-30,231.00,232.17,224.30,227.75,4585577
2020-12-01,227.47,230.56,226.02,230.30,1762018
2020-12-02,230.30,232.45,226.32,226.70,1864363
2020-12-03,226.00,229.05,224.71,226.87,1291766
2020-12-04,227.30,230.21,225.59,228.32,948938
2020-12-07,231.00,231.42,225.12,227.06,1219745
2020-12-08,228.81,230.20,225.40,229.83,1329922
2020-12-09,230.00,231.00,221.31,224.38,1992308
2020-12-10,224.81,224.89,221.70,224.04,1462606
2020-12-11,224.10,224.56,220.93,224.17,1476048
2020-12-14,226.79,233.47,226.43,228.13,2220204
2020-12-15,229.70,230.60,226.00,228.81,1189846
2020-12-16,229.66,232.75,228.55,232.11,1708917
2020-12-17,233.00,237.35,232.32,236.92,1992842
2020-12-18,238.54,239.71,234.47,236.72,2929448
2020-12-21,233.02,235.58,228.80,234.55,1567185
2020-12-22,235.01,235.79,232.35,234.90,1128635
2020-12-23,235.40,238.57,234.08,235.84,1013122
2020-12-24,237.17,237.50,233.48,234.46,451669
2020-12-28,235.40,236.48,232.20,232.47,903252
2020-12-29,233.94,236.56,232.96,233.49,656798
2020-12-30,235.00,237.01,232.07,232.68,819113
2020-12-31,232.35,237.50,230.32,236.34,1161200
2021-01-04,237.91,238.08,226.27,229.43,2117690
2021-01-05,228.84,229.92,225.09,228.58,1730541
2021-01-06,225.10,227.51,222.31,226.65,2306943
2021-01-07,227.90,233.97,227.20,232.90,1503978
2021-01-08,233.86,237.76,233.01,237.00,1231193
2021-01-11,235.58,236.47,227.38,234.64,2263226
2021-01-12,234.80,238.26,228.74,229.38,1816945
2021-01-13,230.20,231.06,226.94,227.10,1809591
2021-01-14,228.22,228.40,224.70,226.12,1728068
2021-01-15,226.59,227.60,224.39,225.55,2242187
2021-01-19,227.00,233.88,223.31,231.91,2044843
2021-01-20,233.29,239.36,231.18,236.70,1608815
2021-01-21,237.06,239.75,232.78,238.64,1624536
2021-01-22,237.25,241.83,236.99,237.59,1258224
2021-01-25,240.99,242.99,239.05,241.31,1828574
2021-01-26,240.43,241.98,236.24,237.64,1629293
2021-01-27,234.00,234.00,224.70,225.25,2546174
2021-01-28,226.80,234.96,226.57,230.04,1593618
2021-01-29,229.45,232.92,227.56,229.08,2029485
2021-02-01,231.00,232.38,226.18,231.77,1927931
2021-02-02,225.80,227.90,216.14,217.33,6292896
2021-02-03,218.42,219.09,210.99,211.00,3830177
2021-02-04,213.35,214.79,211.65,213.71,2908053
2021-02-05,214.50,217.55,212.26,215.26,2740472
2021-02-08,217.13,218.22,213.54,214.37,2141468
2021-02-09,214.45,215.59,212.57,213.82,1624895
2021-02-10,215.98,216.30,212.02,212.53,1862967
2021-02-11,212.48,212.89,209.72,210.50,1893699
2021-02-12,210.82,214.36,210.22,213.98,1798495
2021-02-16,213.80,214.41,208.61,210.27,2509723
2021-02-17,209.58,215.00,208.50,214.85,2087066
2021-02-18,213.56,213.76,209.58,209.83,2127296
2021-02-19,210.00,211.73,206.79,207.02,2231212
2021-02-22,206.72,216.22,204.62,214.96,3671871
2021-02-23,215.20,217.69,211.67,216.44,2600916
2021-02-24,215.82,220.41,214.72,217.04,1775785
2021-02-25,215.80,217.40,210.50,212.98,1830557
2021-02-26,214.67,215.50,209.34,212.55,3083421
2021-03-01,212.68,213.69,209.38,210.38,1845531
2021-03-02,211.81,214.13,211.45,212.06,2491514
2021-03-03,212.00,213.28,208.06,208.44,2478417
2021-03-04,207.30,213.10,205.85,207.79,2273296
2021-03-05,208.23,212.60,206.39,211.98,1704848
2021-03-08,212.27,219.30,211.76,213.58,3426563
2021-03-09,217.29,219.13,213.86,214.04,2276742
2021-03-10,217.30,217.72,211.56,214.29,1938935
2021-03-11,214.71,217.68,214.31,215.15,1625655
2021-03-12,214.34,214.90,211.26,214.33,1162690
2021-03-15,213.71,219.85,213.48,219.65,1577824
2021-03-16,220.63,220.63,216.72,218.99,1367475
2021-03-17,217.16,217.88,214.15,217.08,1195494
2021-03-18,214.13,216.25,212.65,213.36,1620825
2021-03-19,214.44,216.93,213.28,216.11,2098616
2021-03-22,215.84,220.33,215.25,218.82,1934448
2021-03-23,219.83,219.85,212.11,213.59,1620721
2021-03-24,213.61,214.51,209.41,211.54,1522197
2021-03-25,213.16,213.60,209.71,212.36,2292300
2021-03-26,212.50,214.96,209.22,214.64,2848429
2021-03-29,213.93,218.46,212.21,216.71,1531539
2021-03-30,214.75,215.50,212.37,212.99,1272545
2021-03-31,213.38,216.06,212.87,214.89,1523314
2021-04-01,215.89,216.02,212.30,213.04,2071471
2021-04-05,214.38,215.61,213.18,215.32,2050057
2021-04-06,215.50,216.46,213.15,215.30,1925989
2021-04-07,215.71,218.47,211.70,212.72,1515559
2021-04-08,214.18,216.05,209.95,210.28,2259364
2021-04-09,210.50,213.82,209.53,213.35,1533672
2021-04-12,212.68,214.45,211.21,213.60,1467994
2021-04-13,214.61,218.70,214.46,215.94,1628857
2021-04-14,216.16,220.25,216.16,217.13,1564724
2021-04-15,218.52,222.35,218.00,221.10,1686741
2021-04-16,222.34,222.78,219.24,219.39,1917605
2021-04-19,220.86,222.59,218.15,219.18,1510927
2021-04-20,218.84,222.00,218.15,220.16,1370655
2021-04-21,220.79,221.48,217.82,219.76,1173375
2021-04-22,217.11,218.93,214.00,215.98,1777617
2021-04-23,217.07,218.81,215.77,217.90,1205079
2021-04-26,217.74,218.28,214.46,216.97,1303409
2021-04-27,217.10,218.15,215.00,215.53,1223967
2021-04-28,215.68,215.72,212.81,213.48,1426981
2021-04-29,213.60,213.80,210.27,211.86,1656018
2021-04-30,213.34,221.41,213.00,218.20,2592830
2021-05-03,217.27,219.69,216.70,217.95,1367110
2021-05-04,217.54,217.54,211.76,214.85,1772626
2021-05-05,214.85,215.84,213.24,213.87,1254817
2021-05-06,212.25,213.58,211.06,213.16,1184101
2021-05-07,214.35,216.77,213.81,215.01,1232048
2021-05-10,215.63,216.28,212.75,212.90,1269728
2021-05-11,211.80,214.02,211.39,213.00,1330192
2021-05-12,212.06,215.67,211.74,212.68,1198051
2021-05-13,212.69,215.01,212.33,214.35,1077583
2021-05-14,215.10,218.18,213.29,217.09,1428235
2021-05-17,215.62,217.65,214.80,216.35,932969
2021-05-18,216.90,218.06,214.38,214.65,1336956
2021-05-19,213.20,214.18,211.00,214.05,1117450
2021-05-20,213.93,218.97,213.40,216.61,1417526
2021-05-21,217.29,218.42,213.00,213.43,1618788
2021-05-24,215.02,215.69,210.99,211.22,1505302
2021-05-25,211.41,212.06,207.48,208.76,1707414
2021-05-26,209.63,209.63,206.14,206.80,1485043
2021-05-27,207.04,207.44,204.62,207.31,2195169
2021-05-28,208.78,211.78,208.30,208.63,1724933
2021-06-01,209.49,210.20,207.20,209.67,1808887
2021-06-02,210.00,212.21,208.45,210.38,1559137
2021-06-03,209.04,211.48,208.50,211.15,1447694
2021-06-04,211.68,212.98,209.39,209.93,1602018
2021-06-07,210.58,211.57,208.62,209.16,2258933
2021-06-08,210.70,213.17,209.13,211.13,1917212
2021-06-09,212.00,215.47,211.55,213.56,1600058
2021-06-10,213.82,217.26,211.28,216.77,2623195
2021-06-11,194.04,200.05,192.88,193.02,13725130
2021-06-14,195.66,196.32,192.63,194.80,3399156
2021-06-15,195.91,196.00,188.01,188.97,4608874
2021-06-16,189.57,192.55,187.20,187.49,2796380
2021-06-17,187.49,189.17,185.64,188.36,4314228
2021-06-18,188.52,188.84,185.88,187.85,3517937
2021-06-21,188.11,190.85,187.48,187.70,2027171
2021-06-22,188.13,188.94,185.32,188.87,1879727
2021-06-23,188.19,189.78,187.09,187.52,1930926
2021-06-24,188.60,193.28,188.29,191.94,2482072
2021-06-25,192.00,194.78,191.02,194.34,5671783
2021-06-28,197.00,198.73,194.42,197.82,2804189
2021-06-29,197.34,198.80,196.56,196.78,2646048
2021-06-30,196.82,202.22,196.21,201.63,2572865
2021-07-01,201.26,202.43,199.86,202.21,2551835
2021-07-02,203.19,203.24,200.31,200.54,1402743
2021-07-06,201.47,201.90,199.97,200.05,1947343
2021-07-07,199.79,200.44,197.21,198.99,2308733
2021-07-08,197.40,198.99,196.30,197.74,1806935
2021-07-09,197.55,198.71,196.43,198.16,948304
2021-07-12,198.00,198.46,197.20,198.34,2074872
2021-07-13,198.16,200.44,197.36,198.33,1685938
2021-07-14,197.51,199.02,195.75,197.89,1655032
2021-07-15,196.79,200.16,195.85,200.09,2453005
2021-07-16,200.60,204.46,199.26,202.28,3066772
2021-07-19,202.16,204.26,198.33,199.24,1897533
2021-07-20,195.00,196.99,193.88,196.55,3487842
2021-07-21,196.08,197.21,194.45,196.27,1382606
2021-07-22,195.40,196.57,195.00,196.02,1295493
2021-07-23,196.72,203.52,195.50,200.50,2887392
2021-07-26,199.43,202.41,198.26,198.93,4010882
2021-07-27,199.85,203.10,198.66,202.85,1822460
2021-07-28,202.85,204.88,201.05,202.24,1258749
2021-07-29,202.72,202.94,198.83,200.38,1396984
2021-07-30,201.54,203.46,197.31,201.58,2132974
2021-08-02,200.65,201.27,197.45,198.32,2809562
2021-08-03,198.59,200.71,198.03,200.05,2060247
2021-08-04,200.00,202.00,199.11,199.59,2612271
2021-08-05,200.25,203.13,199.73,202.99,1975495
2021-08-06,202.99,204.00,200.53,200.67,1542279
2021-08-09,201.38,201.54,198.63,200.40,2314486
2021-08-10,200.50,200.66,195.34,196.46,2891660
2021-08-11,196.82,199.28,194.53,195.25,4204507
2021-08-12,195.72,196.35,193.88,194.81,3580202
2021-08-13,195.00,195.71,193.70,194.36,3231998
2021-08-16,194.67,194.95,189.61,190.97,3548929
2021-08-17,189.47,198.59,188.84,198.44,2082264
2021-08-18,198.72,198.72,194.68,194.77,1120263
2021-08-19,194.30,197.92,194.30,195.04,1141098
2021-08-20,195.60,198.61,194.30,195.85,974755
2021-08-23,197.27,200.50,196.14,198.40,1125784
2021-08-24,198.82,200.16,196.68,199.73,880305
2021-08-25,199.59,202.17,198.09,201.33,1192700
2021-08-26,200.94,202.74,197.91,198.25,1134809
2021-08-27,198.15,202.77,195.85,199.92,1290055
2021-08-30,199.30,201.56,198.70,199.49,1119634
2021-08-31,200.21,200.35,198.15,200.29,1889721
2021-09-01,200.62,202.55,196.35,197.14,1450719
2021-09-02,198.06,199.80,196.60,199.22,1240146
2021-09-03,198.50,199.18,196.66,198.05,985420
2021-09-07,196.20,197.05,192.00,192.20,1714521
2021-09-08,191.81,193.40,191.06,191.37,940475
2021-09-09,189.42,190.20,188.05,188.09,1449929
2021-09-10,188.17,190.15,186.15,188.57,1375527
2021-09-13,190.07,193.25,189.61,190.72,972857
2021-09-14,190.86,191.75,188.21,188.41,960738
2021-09-15,188.47,190.60,188.42,188.86,1599252
2021-09-16,188.85,189.53,185.44,187.10,1548270
2021-09-17,186.24,188.53,184.78,188.30,2214404
2021-09-20,186.89,188.89,185.07,185.67,1874618
2021-09-21,186.17,187.49,185.11,185.80,913475
2021-09-22,186.12,186.44,182.60,184.27,1376027
2021-09-23,184.62,186.50,184.50,185.09,1076256
2021-09-24,185.30,185.30,181.98,183.61,1159765
2021-09-27,183.20,184.05,181.45,183.41,1469937
2021-09-28,182.40,183.31,180.02,181.60,1589099
2021-09-29,182.17,184.25,181.96,182.22,1101123
2021-09-30,182.48,184.21,181.37,181.39,1322155
2021-10-01,180.16,181.15,178.35,180.35,1355807
2021-10-04,179.00,181.00,177.03,177.40,1648167
2021-10-05,177.50,179.40,176.92,177.01,1802657
2021-10-06,177.01,182.58,176.36,180.91,1723077
2021-10-07,180.91,182.00,179.72,180.02,1287303
2021-10-08,180.27,181.02,178.58,178.94,1157949
2021-10-11,179.23,181.01,178.21,179.58,1533064
2021-10-12,181.51,181.51,179.31,180.21,1425022
2021-10-13,180.22,182.50,180.22,181.34,1088949
2021-10-14,182.14,184.19,181.33,181.90,1913451
2021-10-15,182.48,183.15,181.00,181.77,1409424
2021-10-18,182.50,182.69,177.71,180.80,2335876
2021-10-19,182.06,185.60,181.11,185.41,2011273
2021-10-20,185.99,187.88,185.08,185.49,1623594
2021-10-21,185.54,187.20,184.34,187.09,1629124
2021-10-22,186.77,187.15,182.88,183.52,1945186
2021-10-25,183.52,186.14,182.51,184.99,982563
2021-10-26,185.02,186.58,183.95,184.07,1003451
2021-10-27,184.39,184.96,180.40,180.94,1217153
2021-10-28,181.19,183.83,181.01,182.00,1357045
2021-10-29,181.93,185.91,180.66,184.93,1567893
2021-11-01,184.18,186.74,183.41,185.40,1172734
2021-11-02,185.66,185.66,180.71,181.40,2317336
2021-11-03,187.50,190.75,184.10,189.07,3917526
2021-11-04,189.10,194.41,188.30,194.21,3469399
2021-11-05,193.76,195.23,191.48,192.85,2231778
2021-11-08,192.99,194.46,190.64,192.23,1345878
2021-11-09,192.23,193.41,190.31,191.09,1727743
2021-11-10,191.01,192.61,187.51,187.91,1340435
2021-11-11,188.00,188.15,185.10,185.87,1146344
2021-11-12,187.01,187.79,186.03,187.29,940247
2021-11-15,187.29,187.92,186.11,186.86,1003450
2021-11-16,186.45,188.87,185.58,188.33,1371971
2021-11-17,188.63,198.53,187.12,188.25,2691229
2021-11-18,188.25,189.48,184.89,185.41,1595727
2021-11-19,184.82,185.22,181.02,182.88,1587910
2021-11-22,182.65,183.65,180.15,181.50,1173920
2021-11-23,181.05,187.07,179.96,186.85,2159574
2021-11-24,187.26,188.33,184.71,186.24,3086841
2021-11-26,187.33,189.80,182.66,183.59,1127378
2021-11-29,187.45,192.36,185.46,190.11,2801959
2021-11-30,189.50,192.62,186.26,186.94,3988612
2021-12-01,195.59,205.85,194.10,205.00,7044745
2021-12-02,201.82,208.16,201.51,204.45,3378098
2021-12-03,205.78,206.43,202.00,203.81,2870267
2021-12-06,203.73,206.88,203.04,205.06,1964869
2021-12-07,205.54,205.73,203.13,205.22,1949332
2021-12-08,205.71,206.88,203.73,206.61,1296597
2021-12-09,207.96,209.00,205.84,208.41,1733976
2021-12-10,206.70,208.42,204.11,208.06,1371384
2021-12-13,208.49,208.87,205.14,208.15,1677663
2021-12-14,208.28,209.99,206.90,209.24,1370200
2021-12-15,209.05,211.53,206.98,211.13,1500216
2021-12-16,212.05,214.23,211.10,212.61,1964791
2021-12-17,211.53,218.32,210.35,214.54,4587667
2021-12-20,215.92,216.39,213.25,215.41,1631645
2021-12-21,216.25,218.81,215.66,218.60,1860492
2021-12-22,218.60,223.10,218.27,222.77,1427316
2021-12-23,222.77,224.40,221.45,223.45,1210146
2021-12-27,223.34,224.20,220.52,222.34,2073409
2021-12-28,222.42,223.13,220.24,221.93,1067058
2021-12-29,221.93,223.94,221.22,223.32,726419
2021-12-30,222.80,224.49,222.16,222.45,961673
2021-12-31,222.63,223.50,219.04,219.60,1142141
2022-01-03,218.38,222.59,214.66,222.53,1382110
2022-01-04,220.73,222.69,219.11,221.86,1385080
2022-01-05,222.20,224.89,220.69,221.42,1685900
2022-01-06,221.82,223.99,221.01,221.65,1592964
2022-01-07,220.78,223.98,220.00,221.85,1277488
2022-01-10,222.91,225.87,219.10,223.96,1844602
2022-01-11,224.20,226.91,222.14,226.15,1459038
2022-01-12,225.09,227.19,223.68,226.14,1225022
2022-01-13,225.23,228.12,225.17,226.58,1750471
2022-01-14,227.00,234.58,226.59,234.06,2178366
2022-01-18,231.43,232.49,228.74,231.07,2016751
2022-01-19,231.40,232.66,230.41,230.84,1649302
2022-01-20,233.47,234.41,228.20,228.61,2013213
2022-01-21,228.13,231.10,227.26,228.08,2214898
2022-01-24,225.13,229.95,221.69,229.68,2819056
2022-01-25,226.09,229.63,223.66,227.11,1956293
2022-01-26,226.62,229.81,225.01,226.58,1998898
2022-01-27,228.99,233.69,226.89,228.22,2237611
2022-01-28,227.28,243.30,227.18,243.02,3164258
2022-01-31,240.87,244.41,239.16,243.05,2829012
2022-02-01,242.39,245.77,241.50,245.66,2777090
2022-02-02,243.58,254.93,241.00,253.57,3679963
2022-02-03,250.16,250.16,243.54,243.75,2519774
2022-02-04,241.27,244.63,238.48,241.96,1822502
2022-02-07,243.32,244.81,241.22,243.26,1202856
2022-02-08,242.36,243.00,239.23,240.94,1135735
2022-02-09,242.52,245.61,241.51,244.24,1069913
2022-02-10,238.39,241.01,234.46,235.89,1809471
2022-02-11,236.55,237.34,233.17,233.89,1524443
2022-02-14,233.75,234.00,229.26,231.23,1578248
2022-02-15,231.88,233.87,231.29,233.41,1583937
2022-02-16,233.46,236.89,231.56,235.77,1402355
2022-02-17,233.85,234.95,230.06,232.77,1665274
2022-02-18,233.00,233.89,228.55,229.61,1271190
2022-02-22,229.21,233.03,229.21,230.21,1692044
2022-02-23,231.70,233.53,229.20,230.69,1817069
2022-02-24,227.70,230.43,225.28,230.25,1475185
2022-02-25,229.46,233.16,228.04,230.30,1428146
2022-02-28,227.99,230.13,226.18,230.02,2035725
2022-03-01,229.19,232.52,228.50,230.69,1253812
2022-03-02,230.18,235.50,229.40,234.11,1029236
2022-03-03,234.93,238.53,234.74,235.69,1140553
2022-03-04,233.40,243.18,233.04,238.66,2032841
2022-03-07,237.46,242.50,235.05,235.54,1548131
2022-03-08,233.09,242.90,232.97,238.71,1460295
2022-03-09,240.51,240.74,236.35,239.24,1379009
2022-03-10,235.16,242.91,234.54,241.93,1080110
2022-03-11,242.60,247.49,236.13,236.48,1374036
2022-03-14,239.72,242.45,238.66,241.68,1414953
2022-03-15,243.93,247.47,243.52,246.99,1600869
2022-03-16,246.36,248.80,243.01,248.52,1181974
2022-03-17,248.20,251.32,247.37,250.00,1418685
2022-03-18,250.13,250.13,246.22,249.08,2225510
2022-03-21,248.03,252.19,246.73,250.26,1790096
2022-03-22,249.13,252.19,248.50,251.88,1052627
2022-03-23,251.29,252.08,247.94,248.13,1241609
2022-03-24,249.31,253.51,249.31,251.70,1040359
2022-03-25,252.00,254.15,250.49,253.95,1226651
2022-03-28,253.83,258.25,252.80,255.72,1686876
2022-03-29,256.11,258.00,252.52,257.98,1644184
2022-03-30,258.81,260.10,255.98,256.52,1040191
2022-03-31,260.00,263.58,256.09,260.97,2395136
2022-04-01,261.55,267.13,259.04,266.15,2120458
2022-04-04,266.84,269.30,264.69,268.64,1686152
2022-04-05,267.96,275.88,267.96,269.96,1837994
2022-04-06,266.75,273.04,266.62,272.39,2300078
2022-04-07,272.39,277.66,271.80,275.83,1651763
2022-04-08,274.41,281.50,273.20,280.28,1574540
2022-04-11,279.86,282.73,278.79,281.09,1952049
2022-04-12,280.95,284.77,278.99,281.15,1621848
2022-04-13,281.59,291.44,281.59,290.93,1686083
2022-04-14,289.32,292.75,286.08,287.97,2520810
2022-04-18,287.67,287.86,281.75,282.99,1326079
2022-04-19,282.99,284.31,279.59,282.52,1354100
2022-04-20,284.34,286.88,282.77,285.30,1115783
2022-04-21,286.00,286.80,281.45,281.71,1118719
2022-04-22,280.58,281.84,270.19,270.42,1774434
2022-04-25,270.00,272.50,265.87,271.68,1688901
2022-04-26,271.07,272.23,267.39,267.69,1446456
2022-04-27,267.33,269.39,264.81,267.25,1239982
2022-04-28,268.57,269.30,262.22,268.64,1621819
2022-04-29,275.00,279.71,272.63,273.22,2871506
2022-05-02,264.15,266.19,254.09,261.96,3748741
2022-05-03,266.55,271.25,265.58,269.11,1363523
2022-05-04,269.34,275.26,266.24,273.70,1353353
2022-05-05,271.69,273.59,264.59,266.37,1556932
2022-05-06,256.32,261.68,252.69,253.93,2268542
2022-05-09,251.00,251.00,234.40,235.02,3148989
2022-05-10,239.58,244.10,237.41,240.16,2041770
2022-05-11,237.85,241.75,233.01,234.96,1905857
2022-05-12,236.55,241.05,233.62,240.85,1475413
2022-05-13,241.22,247.54,240.25,246.72,1366606
2022-05-16,245.85,254.71,244.61,254.17,1558246
2022-05-17,255.82,262.95,254.67,261.84,1566842
2022-05-18,260.59,262.08,251.41,252.35,1396975
2022-05-19,252.55,257.15,250.38,255.45,1448836
2022-05-20,256.61,259.10,252.51,258.59,1552342
2022-05-23,260.05,270.28,259.19,268.35,1674115
2022-05-24,265.51,270.98,263.78,268.48,1622101
2022-05-25,269.70,273.19,267.82,270.84,1880703
2022-05-26,270.84,274.17,268.87,269.65,1376632
2022-05-27,271.15,273.86,268.93,273.73,1479123
2022-05-31,274.03,276.00,266.47,268.65,3878594
2022-06-01,275.33,275.56,266.18,269.41,1377641
2022-06-02,268.58,270.96,260.66,270.05,1234752
2022-06-03,268.62,272.46,266.29,269.44,1134026
2022-06-06,271.44,272.02,266.61,268.00,907077
2022-06-07,267.22,272.91,265.62,271.86,962804
2022-06-08,272.20,279.13,271.50,274.54,1770288
2022-06-09,273.17,273.17,259.65,259.70,1954539
2022-06-10,256.51,258.00,252.87,254.88,1375589
2022-06-13,250.81,250.89,244.12,245.39,1583674
2022-06-14,246.33,249.44,243.17,249.08,1208826
2022-06-15,250.80,256.22,248.27,253.51,963197
2022-06-16,248.49,251.44,245.32,250.96,1295996
2022-06-17,251.07,264.90,251.00,263.09,3443824
2022-06-21,266.22,271.93,265.98,270.17,1333842
2022-06-22,266.96,276.00,266.44,272.31,1403548
2022-06-23,275.00,284.51,274.20,283.50,2746054
2022-06-24,286.26,293.17,280.28,292.55,4268979
2022-06-27,289.81,291.14,286.71,287.32,1976601
2022-06-28,288.45,289.41,275.97,276.17,1926506
2022-06-29,275.83,282.29,275.83,280.35,1430128
2022-06-30,277.05,284.62,276.75,281.79,1872827
2022-07-01,280.17,287.86,279.42,287.32,1459668
2022-07-05,285.92,289.95,284.50,288.98,1845728
2022-07-06,290.14,293.62,288.27,291.16,2082237
2022-07-07,289.77,294.96,287.79,294.17,1791012
2022-07-08,291.36,295.74,291.03,294.29,1307885
2022-07-11,294.00,296.84,288.00,294.07,1481333
2022-07-12,293.00,293.88,282.91,290.01,1363300
2022-07-13,288.98,294.60,287.88,288.73,1053904
2022-07-14,285.61,286.92,282.25,286.15,1034638
2022-07-15,286.08,293.53,284.93,292.84,2711722
2022-07-18,292.87,295.77,285.27,286.06,1589003
2022-07-19,290.00,290.13,286.02,289.60,1362293
2022-07-20,288.70,290.95,283.72,285.50,1046048
2022-07-21,285.79,286.96,281.06,283.11,1040048
2022-07-22,284.55,288.14,278.73,280.29,1197278
2022-07-25,282.00,283.84,278.89,283.68,1158485
2022-07-26,284.14,290.73,283.70,288.22,1534078
2022-07-27,286.27,288.21,280.77,286.99,1210924
2022-07-28,287.54,288.00,276.24,280.82,1299184
2022-07-29,281.80,282.41,275.65,280.41,1673379
2022-08-01,279.79,280.72,272.52,273.83,1455979
2022-08-02,275.82,278.25,273.00,273.86,1006810
2022-08-03,276.01,279.37,271.61,275.03,1474543
2022-08-04,277.41,278.14,272.93,274.85,2034270
2022-08-05,273.11,288.70,272.10,288.03,2398837
2022-08-08,288.65,296.95,288.65,293.95,1687084
2022-08-09,294.28,301.73,293.95,298.83,1599810
2022-08-10,301.20,301.80,295.11,295.77,1432597
2022-08-11,295.39,297.76,289.78,292.16,1160167
2022-08-12,292.87,295.66,292.12,294.52,990942
2022-08-15,293.71,305.95,293.71,305.53,1814381
2022-08-16,305.00,305.91,301.97,303.00,1103748
2022-08-17,300.04,302.82,298.79,299.23,908587
2022-08-18,299.89,299.89,291.45,294.29,955987
2022-08-19,293.23,300.26,292.11,299.04,1091606
2022-08-22,299.73,302.21,293.48,293.84,1126255
2022-08-23,292.19,295.00,282.67,286.25,1407246
2022-08-24,287.35,291.96,285.03,291.03,910166
2022-08-25,293.00,293.00,288.24,291.22,590575
2022-08-26,292.17,294.15,281.31,281.68,1263795
2022-08-29,278.75,284.62,277.20,281.60,1080656
2022-08-30,281.50,282.96,278.97,281.36,849806
2022-08-31,281.86,286.70,281.12,281.76,1442235
2022-09-01,281.65,290.50,281.54,290.20,1106646
2022-09-02,290.23,292.00,279.50,281.04,1121808
2022-09-06,281.70,284.11,278.52,279.18,989281
2022-09-07,279.89,286.08,277.50,284.44,1053695
2022-09-08,284.77,291.29,283.30,288.99,1189744
2022-09-09,288.53,292.93,286.51,292.11,1464149
2022-09-12,294.00,296.14,290.05,293.48,1706209
2022-09-13,291.20,292.94,280.02,280.67,1614690
2022-09-14,282.77,287.36,279.62,284.86,1354338
2022-09-15,285.91,288.15,282.04,287.67,1028720
2022-09-16,288.39,291.94,286.01,289.71,2484447
2022-09-19,284.32,287.00,279.69,285.14,1350549
2022-09-20,284.38,288.47,282.47,286.94,1130612
2022-09-21,286.94,288.31,280.24,280.40,1110017
2022-09-22,278.39,288.92,277.67,286.34,1408276
2022-09-23,283.29,285.12,279.70,283.45,1353241
2022-09-26,282.70,285.33,276.57,276.78,1582997
2022-09-27,279.93,289.52,278.19,284.74,1464700
2022-09-28,289.28,293.83,286.02,292.41,1656484
2022-09-29,292.41,293.33,286.57,292.80,1341249
2022-09-30,292.96,294.62,289.17,289.54,1914303
2022-10-03,293.71,299.59,289.64,297.43,1795476
2022-10-04,299.85,303.04,295.87,300.64,1539755
2022-10-05,300.64,304.26,296.80,302.02,1296681
2022-10-06,300.00,302.89,297.42,298.63,1132501
2022-10-07,295.91,300.05,292.73,295.23,1424774
2022-10-10,295.45,296.58,291.50,294.54,835047
2022-10-11,294.54,300.14,292.90,295.16,1261221
2022-10-12,295.00,295.64,289.91,290.13,928497
2022-10-13,284.89,297.90,283.58,296.54,1124561
2022-10-14,298.07,300.94,292.70,293.21,1028074
2022-10-17,297.08,298.35,294.20,297.02,1108434
2022-10-18,300.21,303.29,296.46,300.17,983569
2022-10-19,298.85,299.58,289.54,292.02,928676
2022-10-20,292.10,295.55,289.18,290.16,1000929
2022-10-21,289.69,300.14,287.96,300.00,1467340
2022-10-24,302.74,312.26,302.50,310.50,1994242
2022-10-25,312.00,315.37,308.15,309.21,1759684
2022-10-26,313.04,316.48,309.42,311.18,1267387
2022-10-27,310.71,311.50,287.20,287.89,4090151
2022-10-28,302.00,314.49,294.31,313.89,3260188
2022-10-31,310.35,314.09,308.41,312.00,1575252
2022-11-01,312.44,316.09,309.59,314.20,1192558
2022-11-02,314.47,318.38,309.44,310.01,1492953
2022-11-03,307.40,313.64,305.06,311.30,936031
2022-11-04,311.63,312.60,304.04,308.82,1180299
2022-11-07,305.36,308.80,298.53,303.23,1560124
2022-11-08,303.09,311.68,300.31,306.50,1356672
2022-11-09,306.50,312.15,305.60,309.34,1321469
2022-11-10,315.12,316.18,302.74,311.03,2112683
2022-11-11,308.89,309.80,288.83,303.26,2182173
2022-11-14,305.11,311.57,303.87,306.03,1393689
2022-11-15,308.61,309.98,300.00,305.28,1309084
2022-11-16,306.55,308.75,304.58,305.44,874268
2022-11-17,304.13,311.86,302.02,309.90,1049276
2022-11-18,311.63,315.54,311.13,314.63,1172734
2022-11-21,315.00,318.00,313.90,316.20,1149419
2022-11-22,317.83,322.26,313.06,321.48,1461166
2022-11-23,323.48,323.61,315.28,316.16,1042758
2022-11-25,315.17,317.03,312.01,312.98,713667
2022-11-28,313.78,320.93,313.51,315.30,1113488
2022-11-29,315.69,317.21,312.47,316.33,1380420
2022-11-30,319.52,322.74,314.03,316.40,6633412
2022-12-01,318.55,321.52,315.18,320.76,1549091
2022-12-02,317.40,322.45,316.88,321.37,1094882
2022-12-05,318.85,319.69,315.55,317.60,812855
2022-12-06,316.44,317.28,310.04,311.81,1064416
2022-12-07,311.81,317.71,310.65,317.58,871240
2022-12-08,317.55,324.75,316.95,321.32,1147886
2022-12-09,319.30,321.15,311.79,312.22,1007771
2022-12-12,315.22,315.41,311.14,314.19,1401823
2022-12-13,317.00,317.33,306.77,307.09,2006329
2022-12-14,305.86,314.80,304.52,312.09,1402466
2022-12-15,311.23,312.39,307.14,308.40,1008968
2022-12-16,305.46,307.66,302.85,304.80,3091454
2022-12-19,301.55,302.59,289.48,291.59,1658203
2022-12-20,291.80,296.00,291.30,293.23,1287677
2022-12-21,292.26,294.39,289.28,290.55,1539414
2022-12-22,290.19,294.34,288.19,293.92,1189228
2022-12-23,292.80,294.81,288.07,289.69,701171
2022-12-27,290.00,291.00,285.99,287.32,671155
2022-12-28,287.00,289.68,284.76,285.76,842465
2022-12-29,287.22,291.73,285.80,289.08,894812
2022-12-30,288.67,289.32,284.40,288.78,1030787
2023-01-03,288.61,289.06,283.50,286.02,1100425
2023-01-04,288.30,289.29,283.98,286.83,1137569
2023-01-05,284.33,290.17,283.90,287.89,1187032
2023-01-06,291.81,293.64,288.62,290.21,943550
2023-01-09,290.09,291.66,282.21,283.23,1299433
2023-01-10,283.23,288.85,282.57,288.75,1038905
2023-01-11,289.87,292.89,286.89,292.25,1630425
2023-01-12,290.22,296.28,288.72,296.25,1801180
2023-01-13,296.39,301.26,295.58,300.94,1448360
2023-01-17,303.49,312.35,302.62,311.98,2070743
2023-01-18,311.80,312.66,307.06,309.86,2265136
2023-01-19,310.03,311.54,302.52,307.94,1551522
2023-01-20,306.31,310.46,305.49,309.84,1466215
2023-01-23,309.59,312.43,308.53,311.81,1810774
2023-01-24,311.80,313.89,309.53,313.57,932319
2023-01-25,314.36,315.33,312.00,315.28,1315134
2023-01-26,315.75,321.11,314.60,321.02,1301967
2023-01-27,321.00,323.67,319.58,321.45,1288678
2023-01-30,321.21,322.69,319.23,319.98,2261752
2023-01-31,319.98,325.19,319.98,323.10,1352959
2023-02-01,321.50,323.10,312.58,317.27,1237652
2023-02-02,315.00,315.77,301.06,303.78,1943953
2023-02-03,304.56,306.40,300.75,301.02,1621432
2023-02-06,299.81,310.28,299.72,304.87,1295580
2023-02-07,303.59,309.44,302.24,308.54,1300784
2023-02-08,302.98,303.11,293.09,293.33,2168707
2023-02-09,293.10,295.52,289.58,291.60,1798662
2023-02-10,291.95,298.49,290.17,297.40,1342135
2023-02-13,295.53,300.99,295.53,299.18,1053320
2023-02-14,297.47,301.35,295.00,300.25,1190375
2023-02-15,299.06,299.57,294.07,298.75,899772
2023-02-16,296.17,298.39,291.49,292.04,1039388
2023-02-17,291.24,295.69,290.00,293.66,1278127
2023-02-21,290.76,295.84,290.76,292.48,1125525
2023-02-22,292.84,296.66,290.00,294.36,1010809
2023-02-23,293.91,296.26,290.72,292.57,750706
2023-02-24,290.40,291.75,286.48,287.37,1085072
2023-02-27,286.62,290.05,285.31,287.40,856107
2023-02-28,286.22,291.56,285.60,290.29,1510455
2023-03-01,289.06,292.60,287.16,291.23,1056449
2023-03-02,290.10,293.14,289.56,290.76,766642
2023-03-03,290.52,291.20,287.51,290.51,1060275
2023-03-06,290.00,294.00,288.88,291.62,1026454
2023-03-07,291.85,291.85,285.27,286.58,1057913
2023-03-08,285.52,287.11,283.60,285.18,676724
2023-03-09,288.30,289.20,284.57,286.88,1000284
2023-03-10,286.58,296.39,285.92,287.24,1459286
2023-03-13,288.31,296.75,288.31,293.46,1355045
2023-03-14,293.81,295.56,290.71,295.25,1095220
2023-03-15,295.22,296.22,291.85,294.27,839070
2023-03-16,291.36,301.55,290.66,300.64,1120729
2023-03-17,300.17,301.23,293.40,295.77,1675984
2023-03-20,296.72,300.74,296.09,298.95,767832
2023-03-21,301.00,303.44,299.64,302.66,1025553
2023-03-22,303.48,303.99,297.75,297.87,774662
2023-03-23,301.95,305.47,300.68,304.75,1312778
2023-03-24,305.38,315.00,302.87,314.39,2376855
2023-03-27,314.68,315.27,307.93,308.47,1114487
2023-03-28,310.75,313.33,309.43,313.25,1056846
2023-03-29,312.55,316.31,311.41,314.24,1185847
2023-03-30,314.75,315.56,310.90,312.16,781367
2023-03-31,313.00,315.38,312.10,315.07,1111143
2023-04-03,315.00,318.00,313.55,316.33,835086
2023-04-04,315.56,318.85,313.47,314.42,952183
2023-04-05,316.40,322.10,314.33,321.94,1126115
2023-04-06,321.41,324.65,321.13,321.66,912017
2023-04-10,320.48,323.45,318.02,323.24,665739
2023-04-11,324.17,324.97,321.40,324.83,649781
2023-04-12,324.36,327.98,323.98,326.37,988804
2023-04-13,326.97,334.09,326.01,333.35,1259455
2023-04-14,332.96,334.18,331.37,333.52,931003
2023-04-17,335.00,335.00,327.09,327.74,1044932
2023-04-18,328.00,328.00,323.38,325.15,957527
2023-04-19,326.79,330.14,325.19,328.45,796366
2023-04-20,326.79,330.47,326.68,329.15,812316
2023-04-21,330.89,335.28,330.25,331.09,925003
2023-04-24,331.05,333.86,329.84,332.84,597054
2023-04-25,334.50,336.25,331.18,331.93,842401
2023-04-26,326.50,327.23,316.43,323.30,1572707
2023-04-27,324.50,340.22,324.50,339.37,2518646
2023-04-28,338.50,346.29,338.35,340.73,1455487
2023-05-01,340.22,345.69,339.78,345.00,1489026
2023-05-02,345.00,354.46,344.39,346.03,2002041
2023-05-03,349.28,352.23,342.34,346.36,1226436
2023-05-04,347.97,349.13,345.01,346.59,927893
2023-05-05,346.89,350.54,345.01,348.09,1119456
2023-05-08,347.62,347.93,340.79,344.09,707937
2023-05-09,343.29,346.49,342.66,344.83,871025
2023-05-10,348.00,352.47,346.17,350.04,1199237
2023-05-11,350.57,351.60,347.35,350.40,787630
2023-05-12,350.42,351.98,345.80,347.41,509235
2023-05-15,348.00,351.74,347.03,348.65,690999
2023-05-16,347.50,347.93,342.06,345.15,827989
2023-05-17,343.90,345.46,334.27,341.20,1073887
2023-05-18,341.10,341.10,336.35,339.46,1139535
2023-05-19,341.37,345.63,338.09,341.70,942837
2023-05-22,344.06,346.00,337.95,339.97,961754
2023-05-23,340.50,340.50,332.08,333.51,1381520
2023-05-24,335.77,336.57,331.05,333.85,1154068
2023-05-25,330.92,333.99,327.59,332.63,1368467
2023-05-26,328.99,331.78,325.82,329.99,1850547
2023-05-30,329.82,330.07,321.62,325.30,1888327
2023-05-31,327.13,328.65,321.70,323.57,5592332
2023-06-01,324.47,324.57,320.01,323.62,1342900
2023-06-02,323.00,334.53,322.25,333.78,1572791
2023-06-05,334.00,335.24,332.00,334.42,1044544
2023-06-06,337.98,337.98,328.85,330.41,1089078
2023-06-07,329.13,332.00,324.04,324.65,1139749
2023-06-08,324.00,334.07,323.02,332.58,1447185
2023-06-09,333.52,335.00,328.61,334.11,1066208
2023-06-12,335.91,341.08,331.87,340.60,1417155
2023-06-13,340.87,344.40,339.20,342.10,986412
2023-06-14,342.63,342.63,338.20,340.96,835879
2023-06-15,344.20,349.79,341.19,349.08,1230875
2023-06-16,350.00,352.19,347.01,347.89,2614528
2023-06-20,350.39,350.39,342.30,342.69,1352296
2023-06-21,343.58,345.84,341.25,343.28,1239562
2023-06-22,344.08,348.59,342.03,348.16,1265589
2023-06-23,346.77,347.88,342.45,347.00,1370563
2023-06-26,351.00,351.93,341.90,347.45,1464384
2023-06-27,348.05,350.08,342.63,347.12,1258051
2023-06-28,348.00,351.94,345.03,350.78,1045285
2023-06-29,349.91,352.77,347.70,348.18,1050989
2023-06-30,349.86,354.94,349.57,351.91,1453335
2023-07-03,348.77,348.84,343.85,347.57,688436
2023-07-05,347.57,349.99,343.11,348.32,854294
2023-07-06,347.00,347.92,344.52,345.76,829747
2023-07-07,345.66,345.66,335.82,338.18,1268519
2023-07-10,339.02,346.69,339.02,344.46,1008993
2023-07-11,342.63,344.79,340.02,341.74,939960
2023-07-12,342.78,347.62,341.91,346.06,795780
2023-07-13,347.53,349.97,346.09,349.02,756417
2023-07-14,348.84,353.40,348.18,352.74,961397
2023-07-17,351.74,359.34,351.63,357.98,1244694
2023-07-18,356.32,359.33,353.49,358.98,935478
2023-07-19,360.00,365.53,358.45,358.57,1000159
2023-07-20,360.70,365.56,360.27,361.82,1128081
2023-07-21,364.93,367.00,361.42,362.46,4433243
2023-07-24,361.82,362.86,355.71,357.05,1170463
2023-07-25,355.00,358.47,352.52,358.06,1359981
2023-07-26,356.26,356.26,349.54,351.91,1233257
2023-07-27,352.38,352.90,348.67,349.64,895570
2023-07-28,350.32,355.13,348.89,354.05,728167
2023-07-31,353.42,353.60,350.36,352.34,904415
2023-08-01,351.42,352.47,345.69,347.74,1422320
2023-08-02,350.00,360.98,344.24,358.40,2182993
2023-08-03,355.00,356.84,347.08,347.74,1177177
2023-08-04,347.74,348.94,340.20,340.48,1248317
2023-08-07,342.38,346.43,340.68,345.32,985976
2023-08-08,347.52,349.84,343.29,344.47,788161
2023-08-09,345.51,347.69,342.70,345.11,740456
2023-08-10,345.79,350.71,345.36,347.38,632661
2023-08-11,347.38,350.52,346.81,349.86,726027
2023-08-14,348.77,351.93,348.00,349.37,557843
2023-08-15,349.37,351.83,348.02,349.78,516942
2023-08-16,348.76,350.42,342.63,343.41,649388
2023-08-17,344.21,345.63,342.27,343.87,889941
2023-08-18,343.40,347.44,342.42,344.82,803343
2023-08-21,344.77,351.23,344.44,350.74,1049773
2023-08-22,349.91,352.63,348.24,350.40,613868
2023-08-23,354.00,355.90,350.20,350.60,507031
2023-08-24,351.29,352.77,346.56,346.77,704388
2023-08-25,347.94,350.87,345.36,350.06,697923
2023-08-28,352.41,353.17,350.00,351.60,552498
2023-08-29,350.46,353.18,349.11,351.26,882662
2023-08-30,353.17,354.60,349.89,350.76,640479
2023-08-31,349.85,350.66,346.56,348.34,1025982
2023-09-01,352.31,352.74,350.18,351.10,764169
2023-09-05,352.66,353.42,347.50,348.26,771140
2023-09-06,347.82,347.98,340.83,344.32,1148876
2023-09-07,345.78,348.56,343.74,343.96,1452584
2023-09-08,344.30,347.35,342.06,343.05,1275315
2023-09-11,343.42,348.85,343.05,347.22,725693
2023-09-12,348.27,348.99,345.36,346.55,642409
2023-09-13,345.53,349.51,345.53,346.84,739521
2023-09-14,347.49,351.21,346.56,349.42,775218
2023-09-15,351.26,352.75,348.07,348.90,1741581
2023-09-18,349.75,352.83,347.20,352.00,628333
2023-09-19,351.00,358.51,350.50,358.26,800768
2023-09-20,358.59,358.59,352.18,352.31,903947
2023-09-21,351.11,355.95,350.25,354.28,1061158
2023-09-22,351.76,355.25,348.41,349.53,938793
2023-09-25,350.00,350.80,344.62,350.67,698146
2023-09-26,350.00,352.54,349.17,351.69,633698
2023-09-27,351.16,352.91,347.52,349.65,860561
2023-09-28,351.14,354.52,350.62,352.50,578927
2023-09-29,351.94,354.18,347.26,347.74,896813
2023-10-02,346.76,348.07,342.62,347.83,750290
2023-10-03,345.28,347.79,341.85,345.15,784764
2023-10-04,346.72,353.70,345.10,352.97,895597
2023-10-05,353.38,355.77,351.23,355.14,670966
2023-10-06,354.61,362.99,352.25,360.62,1147970
2023-10-09,361.22,363.48,353.62,355.20,1429404
2023-10-10,354.46,362.40,352.62,360.57,966601
2023-10-11,361.46,365.27,359.14,365.25,1184670
2023-10-12,366.37,370.64,365.53,368.00,1303939
2023-10-13,368.57,372.78,367.18,371.00,1360686
2023-10-16,372.12,374.45,371.05,374.00,1767641
2023-10-17,373.25,375.93,372.57,373.50,1674504
2023-10-18,372.43,375.65,366.68,367.55,1516832
2023-10-19,367.55,369.67,361.72,364.80,1514747
2023-10-20,365.72,367.48,361.59,361.86,1389443
2023-10-23,363.25,368.15,360.46,367.66,1566048
2023-10-24,365.93,371.02,364.58,369.38,997357
2023-10-25,369.21,370.00,360.91,363.04,958005
2023-10-26,362.03,365.66,360.02,361.28,942228
2023-10-27,360.61,362.31,353.76,355.28,910755
2023-10-30,357.15,358.97,355.58,357.45,872381
2023-10-31,355.92,363.10,353.13,362.11,987826
2023-11-01,364.95,370.71,363.22,369.33,1003561
2023-11-02,370.23,376.84,367.73,376.55,1138117
2023-11-03,379.64,381.00,375.85,376.20,1456926
2023-11-06,379.27,387.42,379.27,385.76,1998966
2023-11-07,377.38,385.48,370.18,378.25,1930351
2023-11-08,380.78,380.78,371.77,376.96,1276567
2023-11-09,377.33,377.74,367.02,368.57,1207057
2023-11-10,372.79,375.88,369.57,373.65,1316049
2023-11-13,373.16,379.09,371.75,378.92,957372
2023-11-14,380.82,381.59,369.33,369.95,1578151
2023-11-15,369.92,370.07,348.54,349.34,3234868
2023-11-16,350.72,352.06,341.90,343.00,3094457
2023-11-17,346.26,351.62,342.64,350.50,2035393
2023-11-20,349.76,357.41,349.32,356.84,1520572
2023-11-21,357.90,358.20,351.32,354.78,1227065
2023-11-22,357.06,358.50,350.03,353.23,913465
2023-11-24,354.95,355.41,350.44,353.04,658708
2023-11-27,353.95,354.45,349.16,350.19,1308575
2023-11-28,350.32,353.03,346.29,347.04,1154122
2023-11-29,347.50,353.60,346.68,351.00,1497318
2023-11-30,352.79,355.37,350.19,354.81,1636953
2023-12-01,355.11,356.71,350.23,351.16,1135104
2023-12-04,349.00,352.90,347.51,350.63,1469512
2023-12-05,350.06,355.16,349.63,354.15,1113275
2023-12-06,355.28,356.33,351.11,353.46,1137711
2023-12-07,353.46,355.19,349.29,353.95,865264
2023-12-08,354.00,354.35,348.46,350.15,1394568
2023-12-11,352.58,357.52,351.44,356.29,1255628
2023-12-12,360.00,361.80,355.66,357.73,972386
2023-12-13,373.50,406.00,372.80,405.07,6222527
2023-12-14,404.10,406.86,396.15,406.60,3124912
2023-12-15,408.16,411.60,400.51,410.68,4074866
2023-12-18,411.74,413.00,400.23,404.65,1867348
2023-12-19,399.70,403.75,395.01,403.14,1595878
2023-12-20,404.00,405.99,400.08,400.25,909556
2023-12-21,404.11,404.30,398.22,400.63,818269
2023-12-22,403.59,406.91,402.35,405.25,804290
2023-12-26,406.97,408.51,404.48,407.66,531660
2023-12-27,408.65,409.00,405.59,408.05,594117
2023-12-28,411.26,412.57,409.00,409.27,735650
2023-12-29,409.00,409.62,406.07,406.89,727543
2024-01-02,405.00,412.26,403.43,410.91,1269594
2024-01-03,412.43,414.43,408.06,410.71,1026557
2024-01-04,411.11,418.71,411.11,416.15,1547401
2024-01-05,415.01,418.52,414.42,416.50,1000283
2024-01-08,416.07,419.28,412.85,419.12,1142395
2024-01-09,418.69,422.00,415.63,421.01,1106248
2024-01-10,419.89,424.55,418.53,423.76,1192515
2024-01-11,422.72,431.10,422.58,430.08,1593086
2024-01-12,432.49,434.85,431.14,433.40,1183709
2024-01-16,431.78,438.03,430.46,437.49,1787149
2024-01-17,437.50,439.77,432.18,433.76,1407725
2024-01-18,431.59,434.88,425.41,432.98,1339239
2024-01-19,433.52,435.19,429.68,435.02,2586616
2024-01-22,437.64,443.82,437.64,440.11,1411437
2024-01-23,440.01,441.57,436.31,439.70,779886
2024-01-24,436.93,437.39,424.34,427.56,1670882
2024-01-25,428.06,431.35,427.06,429.96,1230712
2024-01-26,431.03,432.19,428.14,430.17,944509
2024-01-29,431.33,436.11,429.35,435.82,1004169
2024-01-30,430.00,448.40,429.69,446.08,3330077
2024-01-31,441.57,444.07,430.12,433.38,2755392
2024-02-01,434.00,435.91,431.00,433.87,1484716
2024-02-02,430.00,431.29,424.31,424.68,2181464
2024-02-05,424.99,430.93,421.90,428.89,1920031
2024-02-06,428.76,430.99,410.80,416.13,4503989
2024-02-07,416.74,426.72,416.74,419.08,1989886
2024-02-08,420.28,424.48,417.14,423.06,1407382
2024-02-09,425.96,425.96,419.51,422.91,1169486
2024-02-12,420.24,421.30,415.28,418.53,1368408
2024-02-13,417.36,419.42,412.77,416.04,1163878
2024-02-14,418.38,420.45,414.26,417.88,1133192
2024-02-15,419.16,427.41,418.61,426.29,1473968
2024-02-16,427.04,427.04,420.97,422.20,1190380
2024-02-20,420.79,425.00,416.16,420.64,1056496
2024-02-21,421.77,424.00,414.80,419.63,916847
2024-02-22,419.85,429.81,419.85,426.78,1091862
2024-02-23,430.00,434.50,429.07,430.11,749859
2024-02-26,425.70,434.26,425.70,433.48,787961
2024-02-27,434.13,437.00,430.52,430.92,917364
2024-02-28,429.60,433.49,425.71,426.97,786555
2024-02-29,429.18,429.18,420.24,420.74,1849193
2024-03-01,423.20,433.67,422.95,432.76,1102273
2024-03-04,432.73,433.99,422.16,424.03,1121467
2024-03-05,424.87,425.49,414.04,415.44,1124070
2024-03-06,414.23,418.22,410.46,411.85,1222513
2024-03-07,415.14,418.32,410.23,410.54,923326
2024-03-08,412.34,416.25,410.94,413.59,814943
2024-03-11,414.00,416.70,409.52,414.47,1263470
2024-03-12,413.00,416.11,409.02,412.45,888995
2024-03-13,414.46,415.92,410.39,413.20,764712
2024-03-14,414.01,414.98,407.08,408.77,1031358
2024-03-15,410.10,411.64,406.97,407.69,1905702
2024-03-18,410.49,415.50,409.25,411.38,926467
2024-03-19,412.51,415.70,411.10,415.20,859933
2024-03-20,414.33,414.51,409.02,412.11,796425
2024-03-21,415.61,419.26,414.00,415.71,895298
2024-03-22,417.75,417.75,412.19,415.66,821734
2024-03-25,415.66,418.28,414.97,416.03,732827
2024-03-26,417.38,419.55,414.86,418.46,952561
2024-03-27,420.30,420.42,412.65,417.32,905446
2024-03-28,419.48,420.67,415.06,418.01,1092126
2024-04-01,420.43,421.45,414.74,420.48,767752
2024-04-02,419.00,420.87,406.73,409.42,974829
2024-04-03,409.45,414.95,408.25,408.81,728985
2024-04-04,412.64,412.64,403.15,404.01,957469
2024-04-05,404.29,409.93,400.83,406.67,695728
2024-04-08,403.45,404.60,399.00,404.22,751935
2024-04-09,406.00,406.45,399.30,404.48,727107
2024-04-10,399.89,401.00,394.81,397.58,1026680
2024-04-11,404.30,404.69,398.85,400.23,1060331
2024-04-12,396.57,400.14,393.76,396.55,1200426
2024-04-15,400.00,402.49,396.69,397.36,1373702
2024-04-16,396.88,398.49,392.81,394.17,695469
2024-04-17,394.94,398.11,392.03,393.10,881020
2024-04-18,394.19,396.14,391.01,393.48,949091
2024-04-19,394.72,396.98,391.25,394.28,1342138
2024-04-22,397.30,406.34,396.00,399.92,1393886
2024-04-23,404.00,406.86,403.47,404.91,1070343
2024-04-24,404.50,406.82,399.29,400.76,806473
2024-04-25,402.44,403.88,393.00,397.70,787700
2024-04-26,393.52,399.68,393.49,397.48,682467
2024-04-29,397.48,399.31,394.35,396.20,604570
2024-04-30,396.20,396.69,391.70,392.81,1727934
2024-05-01,392.81,406.95,392.47,402.14,1256483
2024-05-02,402.95,404.07,398.46,400.16,1051248
2024-05-03,401.50,405.67,397.59,401.08,1064066
2024-05-06,402.77,407.59,401.02,402.50,1463611
2024-05-07,406.42,415.67,394.03,410.24,1614092
2024-05-08,413.33,425.65,412.12,418.82,1651673
2024-05-09,419.00,421.18,416.03,418.99,676185
2024-05-10,420.67,423.32,417.50,422.78,1064604
2024-05-13,425.99,430.52,424.56,429.93,939753
2024-05-14,429.07,429.93,422.44,428.59,935891
2024-05-15,430.93,439.26,428.62,437.49,1059443
2024-05-16,434.59,441.66,432.22,440.64,1215998
2024-05-17,442.00,446.10,440.35,445.21,1382490
2024-05-20,444.72,447.85,442.99,445.87,742237
2024-05-21,446.00,446.39,437.46,442.00,1106759
2024-05-22,442.54,449.91,441.40,447.53,1084642
2024-05-23,449.58,453.71,446.67,450.80,1554896
2024-05-24,451.90,457.66,449.42,456.95,1050952
2024-05-28,454.79,454.79,445.22,446.88,1379608
2024-05-29,445.56,448.21,440.56,441.13,967463
2024-05-30,439.11,443.25,435.57,443.05,975367
2024-05-31,444.74,456.91,443.47,455.34,2362709
2024-06-03,455.00,471.39,453.73,470.18,1971176
2024-06-04,472.57,477.31,467.37,474.95,1112438
2024-06-05,475.26,484.45,474.16,483.04,1196706
2024-06-06,484.41,485.85,479.02,485.53,1263810
2024-06-07,484.45,486.43,480.10,483.04,944440
2024-06-10,480.18,485.40,478.51,483.28,1253805
2024-06-11,481.82,483.23,478.38,481.53,882034
2024-06-12,478.00,481.71,473.50,475.79,1245007
2024-06-13,473.50,481.35,472.61,479.03,808498
2024-06-14,477.73,483.53,477.73,480.73,641768
2024-06-17,479.13,479.15,473.11,473.69,1190217
2024-06-18,473.40,476.37,466.51,467.28,1230804
2024-06-20,466.18,473.28,463.23,471.38,1409844
2024-06-21,464.39,472.56,464.39,468.71,2825832
2024-06-24,472.72,477.56,468.12,474.95,1188598
2024-06-25,478.30,483.92,471.31,473.82,1195842
2024-06-26,471.72,481.14,469.94,474.00,1272331
2024-06-27,476.77,477.84,472.11,472.51,959734
2024-06-28,473.21,477.31,467.67,468.72,3234634
2024-07-01,467.94,478.96,467.86,471.25,950626
2024-07-02,469.76,477.93,467.41,473.78,852595
2024-07-03,477.52,477.52,466.01,470.28,708683
2024-07-05,472.14,476.57,471.76,474.57,848818
2024-07-08,473.00,483.00,471.82,481.89,774585
2024-07-09,485.00,487.95,480.47,485.99,754018
2024-07-10,487.34,491.76,485.77,491.62,855061
2024-07-11,491.33,495.23,489.01,492.13,888494
2024-07-12,496.06,496.71,488.44,488.74,839838
2024-07-15,488.44,494.39,485.86,490.85,827658
2024-07-16,493.25,496.93,488.09,488.98,813150
2024-07-17,489.95,493.49,478.78,488.37,1697385
2024-07-18,488.37,493.28,486.20,488.12,1473013
2024-07-19,490.73,495.79,489.07,491.57,1691755
2024-07-22,497.00,498.77,491.52,495.91,966173
2024-07-23,494.69,495.35,487.98,490.32,821275
2024-07-24,488.46,491.99,486.25,490.80,967464
2024-07-25,494.00,503.99,490.70,492.26,990474
2024-07-26,493.14,502.97,492.17,495.26,774126
2024-07-29,495.12,501.57,493.85,498.15,694587
2024-07-30,499.70,506.15,498.60,502.60,1036515
2024-07-31,507.04,507.80,495.29,495.72,1351619
2024-08-01,495.85,510.63,495.85,505.78,1893044
2024-08-02,491.50,508.65,491.00,494.46,1554817
2024-08-05,469.56,483.81,463.38,476.91,2231420
2024-08-06,474.01,481.70,472.80,474.29,1626394
2024-08-07,476.75,477.90,465.45,465.89,1650242
2024-08-08,466.29,472.66,463.82,465.96,1545062
2024-08-09,465.05,469.43,462.13,468.45,791680
2024-08-12,466.96,467.55,462.28,464.51,828404
2024-08-13,463.49,469.27,458.04,467.59,1141527
2024-08-14,464.55,471.96,463.51,471.44,1068139
2024-08-15,471.44,475.29,468.66,472.00,1307215
2024-08-16,474.03,477.67,469.91,477.37,1181337
2024-08-19,477.01,488.39,476.00,488.05,895898
2024-08-20,488.72,491.12,483.53,487.37,921816
2024-08-21,489.27,491.88,485.97,486.11,810296
2024-08-22,486.47,488.44,479.71,479.89,1112379
2024-08-23,482.39,486.77,481.19,481.24,999698
2024-08-26,481.98,485.00,481.46,482.64,877660
2024-08-27,482.76,483.45,476.38,480.30,1062192
2024-08-28,481.89,493.94,480.05,489.73,942358
2024-08-29,491.19,497.50,487.93,493.35,706711
2024-08-30,495.67,500.25,492.29,495.89,1809680
2024-09-03,492.65,493.00,474.58,475.70,1783073
2024-09-04,476.82,480.14,472.83,478.57,872268
2024-09-05,477.73,477.73,463.41,468.57,832973
2024-09-06,467.92,471.89,463.04,468.00,1090355
2024-09-09,472.23,473.68,468.96,471.11,775633
2024-09-10,471.53,473.11,466.03,470.78,720096
2024-09-11,469.07,476.11,460.69,474.74,947550
2024-09-12,474.74,479.51,468.46,478.65,738368
2024-09-13,480.00,486.06,478.75,485.37,700870
2024-09-16,490.00,490.15,483.95,489.43,695534
2024-09-17,486.42,487.23,477.17,481.26,1266239
2024-09-18,483.78,483.78,473.75,474.16,868204
2024-09-19,477.70,483.98,476.27,477.90,939955
2024-09-20,474.36,474.93,463.81,464.92,2238743
2024-09-23,464.92,465.75,458.55,460.00,975049
2024-09-24,459.59,466.08,456.07,462.99,1416447
2024-09-25,463.09,464.88,458.54,461.76,778341
2024-09-26,462.08,465.32,458.10,463.15,948180
2024-09-27,466.01,467.57,461.49,462.88,710761
2024-09-30,463.16,467.57,461.41,465.08,807962
2024-10-01,472.00,472.31,461.36,469.76,1128879
2024-10-02,462.60,468.07,460.55,462.14,897239
2024-10-03,460.00,462.13,452.26,453.55,992854
2024-10-04,454.98,458.14,452.62,455.31,781799
2024-10-07,454.17,454.36,447.70,448.60,914059
2024-10-08,452.03,459.87,451.11,458.94,1315495
2024-10-09,460.00,468.16,456.16,467.97,1007042
2024-10-10,467.49,477.00,464.85,476.15,1083365
2024-10-11,478.53,482.89,475.87,481.71,940274
2024-10-14,481.64,487.09,478.90,484.82,743902
2024-10-15,487.01,488.00,480.79,484.30,1250974
2024-10-16,480.82,488.48,480.70,487.25,725082
2024-10-17,490.00,499.09,487.96,498.73,1018894
2024-10-18,498.30,498.63,480.79,483.00,2260056
2024-10-21,480.17,487.88,477.66,478.09,689638
2024-10-22,479.43,482.87,473.58,474.91,1132762
2024-10-23,474.47,477.47,464.78,470.05,991373
2024-10-24,473.35,477.84,471.87,471.91,674034
2024-10-25,477.20,480.41,475.05,477.70,1019702
2024-10-28,477.95,478.31,474.69,476.37,501452
2024-10-29,476.33,478.06,469.62,470.36,999658
2024-10-30,470.44,475.46,468.47,475.08,721967
2024-10-31,471.58,477.69,468.98,475.98,1376037
2024-11-01,471.06,475.73,463.14,471.12,1352751
2024-11-04,473.91,475.48,468.77,472.80,1247982
2024-11-05,483.00,503.20,474.00,499.88,1723251
2024-11-06,505.35,506.65,485.29,493.64,1648744
2024-11-07,493.70,504.31,486.64,502.45,992325
2024-11-08,507.17,519.88,504.94,516.74,1259505
2024-11-11,518.27,518.35,500.13,501.72,1335553
2024-11-12,503.00,508.04,489.02,490.00,1364593
2024-11-13,491.34,498.25,491.03,494.61,1079483
2024-11-14,495.62,496.33,483.55,483.96,1231557
2024-11-15,478.56,479.94,458.10,465.70,2581391
2024-11-18,465.19,468.88,458.05,467.01,1129334
2024-11-19,462.80,463.90,447.14,448.01,2192552
2024-11-20,448.46,451.76,445.38,451.23,1651184
2024-11-21,454.24,455.43,445.00,450.37,1507791
2024-11-22,454.30,457.54,449.04,450.97,1270384
2024-11-25,456.58,462.95,455.82,461.71,2168316
2024-11-26,464.00,467.96,459.07,467.07,1327768
2024-11-27,464.81,470.42,462.01,464.56,1006928
2024-11-29,463.60,470.93,462.33,468.13,770568
2024-12-02,467.48,468.19,463.05,465.73,960021
2024-12-03,462.86,468.51,455.01,456.97,1181804
2024-12-04,454.72,464.87,450.00,463.98,1220618
2024-12-05,461.35,467.06,457.96,459.92,1183850
2024-12-06,458.06,465.90,456.86,462.10,1115377
2024-12-09,467.33,476.02,467.00,473.98,1260636
2024-12-10,473.30,476.46,465.12,469.22,865214
2024-12-11,472.31,472.33,460.74,468.29,1043840
2024-12-12,466.52,470.25,460.05,464.12,958587
2024-12-13,462.33,466.71,459.79,463.73,1097110
2024-12-16,463.37,470.08,462.12,468.09,1511252
2024-12-17,468.07,474.19,465.62,469.24,1304829
2024-12-18,467.06,471.05,445.87,447.50,1761042
2024-12-19,391.00,404.04,377.85,396.64,8208717
2024-12-20,395.72,401.31,386.49,397.27,6203131
2024-12-23,391.87,405.93,390.92,405.27,2204467
2024-12-24,401.53,410.68,401.27,408.18,1468555
2024-12-26,407.20,411.29,406.02,410.65,1191539
2024-12-27,405.26,410.98,404.49,408.76,1373494
2024-12-30,404.54,407.35,399.06,399.35,1455983
2024-12-31,399.63,404.99,399.63,402.70,1048120
2025-01-02,403.14,409.60,402.72,405.76,1277867
2025-01-03,407.57,411.65,406.40,407.11,1087154
2025-01-06,401.31,404.74,399.00,402.49,2176538
2025-01-07,403.00,410.81,401.54,408.32,1679927
2025-01-08,410.71,412.36,407.24,412.11,1173858
2025-01-10,406.17,413.52,405.17,409.56,1687867
2025-01-13,408.00,416.55,397.25,413.37,1859728
2025-01-14,411.94,414.50,408.02,411.66,1376367
2025-01-15,415.13,425.49,415.13,424.26,1722228
2025-01-16,423.41,424.58,415.15,416.96,1226092
2025-01-17,422.73,428.25,419.27,422.00,1773554
2025-01-21,427.94,430.53,423.49,427.89,1561126
2025-01-22,427.89,432.60,424.65,428.00,1215748
2025-01-23,429.25,442.89,424.54,439.73,1658390
2025-01-24,438.73,442.66,436.61,439.62,1647884
2025-01-27,436.72,447.72,435.33,443.88,1613622
2025-01-28,443.88,446.98,438.01,440.68,1159684
2025-01-29,437.74,442.92,430.81,441.52,1026507
2025-01-30,443.56,444.27,435.00,438.40,1167337
2025-01-31,454.17,472.04,447.20,461.68,3648821
2025-02-03,463.36,473.07,458.74,470.37,2189246
2025-02-04,468.04,482.74,467.30,482.28,2029543
2025-02-05,484.50,491.81,481.69,488.44,1558001
2025-02-06,487.79,488.43,478.81,481.16,1010848
2025-02-07,478.98,480.47,468.70,469.32,1192355
2025-02-10,470.58,471.94,464.01,469.97,1759598
2025-02-11,459.83,468.19,452.49,455.22,1561257
2025-02-12,451.83,455.66,446.00,453.20,1137957
2025-02-13,454.45,465.68,450.60,462.58,1350284
2025-02-14,462.50,469.55,457.36,459.00,995204
2025-02-18,455.06,467.86,451.99,462.11,1405517
2025-02-19,463.12,472.12,461.91,471.76,1454686
2025-02-20,474.01,481.18,472.80,480.33,1576519
2025-02-21,481.36,487.38,479.69,484.24,1444082
2025-02-24,482.84,487.50,479.05,481.65,1245588
2025-02-25,480.95,486.14,476.26,480.35,1199568
2025-02-26,479.93,484.98,474.24,479.10,823601
2025-02-27,475.34,486.07,473.51,474.50,1054200
2025-02-28,479.90,484.98,474.01,479.79,2470731
2025-03-03,477.82,490.65,477.73,483.31,1282846
2025-03-04,485.49,490.70,480.11,486.22,1195957
2025-03-05,485.25,495.54,483.54,491.64,1147351
2025-03-06,490.15,491.62,479.78,485.72,1325410
2025-03-07,485.71,492.34,482.82,488.29,1198359
2025-03-10,483.39,503.89,480.38,500.01,1796715
2025-03-11,496.86,497.50,480.28,488.34,1389925
2025-03-12,484.62,496.64,483.09,495.42,1368972
2025-03-13,493.79,512.75,488.00,502.92,1699817
2025-03-14,507.00,519.68,502.26,504.77,1386928
2025-03-17,505.20,517.20,504.00,513.76,1108941
2025-03-18,513.08,516.50,508.52,512.23,1335442
2025-03-19,512.01,514.82,505.00,512.52,1124158
2025-03-20,509.99,515.67,505.49,510.18,1064713
2025-03-21,505.42,510.08,501.07,503.20,2280547
2025-03-24,505.00,513.98,501.00,511.74,1237637
2025-03-25,511.78,512.71,503.99,509.04,1006610
2025-03-26,504.87,508.64,497.78,500.28,1328812
2025-03-27,498.59,506.54,498.59,502.55,1233885
2025-03-28,504.79,504.79,491.37,492.69,1281012
2025-03-31,487.12,487.12,471.50,484.82,2231875
2025-04-01,486.27,491.93,480.95,484.74,1249536
2025-04-02,481.64,487.93,480.42,483.49,988397
2025-04-03,480.01,494.49,480.01,484.01,2064214
2025-04-04,484.35,499.07,473.64,474.62,2884452
2025-04-07,465.93,481.74,448.14,474.56,2712648
2025-04-08,477.20,483.94,466.98,472.37,2391649
2025-04-09,460.02,487.15,452.00,482.30,3171701
2025-04-10,478.99,480.00,455.69,475.49,2252515
2025-04-11,477.11,486.97,468.30,484.22,1574307
2025-04-14,487.01,498.64,484.20,495.83,1362389
2025-04-15,499.00,501.91,493.12,500.49,1031054
2025-04-16,500.97,502.22,483.43,485.89,1391451
2025-04-17,492.23,492.23,485.08,489.10,1205470
2025-04-21,488.00,490.83,472.90,477.52,1176467
2025-04-22,483.83,491.80,480.56,490.47,1131506
2025-04-23,488.27,498.41,484.96,492.42,1247306
2025-04-24,492.42,494.10,486.65,492.47,1369113
2025-04-25,492.54,494.92,484.50,493.84,1561559
2025-04-28,495.40,498.65,490.37,496.49,1503471
2025-04-29,494.26,506.96,490.85,503.50,1254969
2025-04-30,500.79,510.77,497.34,509.50,1445874
2025-05-01,507.00,507.75,498.20,498.86,1452279
2025-05-02,505.86,509.00,498.03,501.15,1653616
2025-05-05,501.45,505.61,498.02,500.19,1669638
2025-05-06,465.56,467.85,428.55,450.03,8000682
2025-05-07,447.52,449.00,432.29,434.82,3997462
2025-05-08,430.17,432.13,423.40,429.60,2940973
2025-05-09,430.22,434.93,424.80,424.99,1642317
2025-05-12,425.30,441.10,423.20,439.37,2095350
2025-05-13,437.53,442.12,429.54,432.00,2645767
2025-05-14,432.00,433.41,416.60,421.16,2058665
2025-05-15,424.69,434.42,421.76,434.38,1935671
2025-05-16,435.30,438.95,429.94,438.65,1505319
2025-05-19,437.49,441.62,435.15,440.66,1182816
2025-05-20,442.00,448.00,440.81,447.18,1510647
2025-05-21,444.37,445.16,433.77,435.32,1427347
2025-05-22,435.76,437.00,429.55,434.03,1618291
2025-05-23,428.68,436.59,427.43,436.00,1427494
2025-05-27,437.33,447.47,437.33,446.00,2048372
2025-05-28,446.40,451.64,443.40,445.10,1209533
2025-05-29,444.99,449.22,442.75,447.09,882693
2025-05-30,447.64,447.99,439.37,442.05,2581744
2025-06-02,441.27,447.98,439.54,445.43,1179283
2025-06-03,444.30,449.85,439.54,446.48,1683406
2025-06-04,448.04,453.87,445.84,445.85,840219
2025-06-05,445.01,447.49,437.45,443.82,1400553
2025-06-06,443.83,451.66,443.83,450.50,960500
2025-06-09,450.78,451.51,444.84,446.15,912586
2025-06-10,442.45,455.64,441.92,451.52,1286958
2025-06-11,451.30,460.33,450.13,452.44,1016621
2025-06-12,453.19,460.06,451.94,460.06,1074625
2025-06-13,455.39,460.10,454.00,455.45,1021563
2025-06-16,456.38,457.23,448.71,450.91,1030124
2025-06-17,449.43,452.71,440.75,441.99,1363520
2025-06-18,443.41,451.63,440.00,448.40,1380456
2025-06-20,451.26,451.81,436.81,440.87,2167405
2025-06-23,441.69,445.00,439.57,443.54,950068
2025-06-24,445.00,451.88,441.00,450.27,1068028
2025-06-25,450.48,451.08,442.76,445.82,1077249
2025-06-26,445.82,446.18,441.13,443.40,1169253
2025-06-27,442.99,446.62,440.50,441.30,3615487
2025-06-30,440.45,446.45,439.23,445.20,1114747
2025-07-01,445.50,456.97,443.49,452.16,1146672
2025-07-02,449.81,457.75,448.00,457.03,978365
2025-07-03,458.45,461.05,456.57,459.62,763957
2025-07-07,460.00,461.25,455.79,459.41,1589764
2025-07-08,457.73,470.34,456.77,466.36,1103845
2025-07-09,468.09,479.34,466.79,478.96,1044895
2025-07-10,477.68,484.56,475.91,479.53,932755
2025-07-11,476.49,478.27,467.97,468.85,892841
2025-07-14,467.69,475.27,467.00,472.35,730162
2025-07-15,473.00,475.29,463.40,464.20,988192
2025-07-16,465.10,470.94,465.10,469.55,785466
2025-07-17,466.32,472.22,461.87,463.27,1252010
2025-07-18,467.00,467.00,458.14,459.81,975145
2025-07-21,459.81,462.31,456.83,458.49,801137
2025-07-22,461.03,470.80,458.88,470.13,1005498
2025-07-23,472.54,478.74,471.31,476.95,909314
2025-07-24,477.14,480.00,472.03,472.27,907940
2025-07-25,472.66,472.71,465.84,469.65,1176917
2025-07-28,467.44,471.00,460.73,460.83,2107378
2025-07-29,464.33,468.98,460.55,468.41,1151428
2025-07-30,471.20,474.76,466.80,469.16,993276
2025-07-31,465.29,470.59,455.45,456.87,1480196
2025-08-01,457.39,464.23,453.51,462.13,1857348
2025-08-04,466.50,473.37,462.06,472.27,2326770
2025-08-05,408.22,414.88,373.19,374.98,10729400
2025-08-06,375.76,390.56,372.35,385.65,4726577
2025-08-07,385.00,388.32,374.45,375.63,3995538
2025-08-08,377.03,381.00,364.66,366.54,3680284
2025-08-11,362.97,380.20,362.50,374.46,2792708
2025-08-12,377.61,388.25,375.00,387.77,2044598
2025-08-13,391.46,396.72,386.79,395.92,1913811
2025-08-14,393.68,395.59,388.71,390.30,1703775
2025-08-15,391.49,395.76,388.71,392.79,1408940
2025-08-18,392.80,395.61,389.20,389.88,1382510
2025-08-19,389.66,395.84,388.93,390.76,1700021
2025-08-20,392.42,400.94,391.94,394.36,1669746
2025-08-21,394.78,399.00,393.87,397.46,1852098
2025-08-22,400.00,403.58,394.32,395.12,1404020
2025-08-25,395.51,396.13,387.60,388.94,1175449
2025-08-26,387.00,390.54,383.64,387.18,1907306
2025-08-27,386.69,390.37,385.99,389.08,1911387
2025-08-28,389.24,392.45,388.00,392.05,1526147
2025-08-29,392.13,394.53,389.38,391.02,1310033
2025-09-02,391.02,401.56,390.51,401.00,1859382
2025-09-03,400.09,402.39,393.05,396.62,1250915
2025-09-04,397.54,400.36,394.75,396.93,1053094
2025-09-05,397.87,402.74,393.43,396.12,1171303
2025-09-08,395.28,396.00,390.98,395.25,1365571
2025-09-09,395.01,397.31,391.71,396.48,946768
2025-09-10,396.17,396.86,387.19,388.55,1512767
2025-09-11,388.55,398.50,388.55,397.37,1330247
2025-09-12,394.68,396.83,393.17,394.53,978686
2025-09-15,393.00,398.29,391.93,393.21,1404793
2025-09-16,392.59,395.45,386.32,391.36,1698401
2025-09-17,392.94,396.31,386.44,387.15,2041392
2025-09-18,389.69,390.66,384.87,387.11,1979821
2025-09-19,388.60,389.46,382.60,383.12,3394221
2025-09-22,384.07,386.08,381.61,383.13,1484912
2025-09-23,381.59,383.50,376.00,379.72,1568917
2025-09-24,377.56,380.73,374.17,376.62,1530847
2025-09-25,383.20,387.48,377.02,381.87,2635422
2025-09-26,381.91,387.48,379.72,385.74,1838743
2025-09-29,386.88,399.10,384.39,395.31,2082433
2025-09-30,394.94,397.65,385.86,391.64,2260508
2025-10-01,393.62,407.50,392.50,404.21,1995641
2025-10-02,404.21,411.00,402.81,408.85,1642232
2025-10-03,411.72,411.91,403.04,403.30,1315986
2025-10-06,404.66,405.44,400.74,402.90,1191393
2025-10-07,402.84,413.29,400.86,410.28,1589483
2025-10-08,410.93,422.73,410.02,421.15,1930626
2025-10-09,419.31,421.01,414.28,414.86,880586
2025-10-10,413.33,414.22,406.10,407.79,1148580
2025-10-13,404.21,409.47,402.58,407.37,880933
2025-10-14,406.08,415.55,405.45,412.22,1048332
2025-10-15,412.17,413.57,407.05,407.90,1273273
2025-10-16,409.92,413.31,405.54,408.61,1314376
2025-10-17,407.36,419.37,406.76,416.81,1054386
2025-10-20,418.17,420.50,414.52,419.10,1083498
2025-10-21,417.57,426.97,417.57,426.27,1075953
2025-10-22,426.27,431.81,421.94,426.44,1697244
2025-10-23,427.85,432.76,421.26,422.63,1760904
2025-10-24,423.41,425.86,420.60,421.39,1004920
2025-10-27,422.00,423.61,418.76,420.17,1261917
2025-10-28,418.00,422.57,417.37,422.39,1219402
2025-10-29,418.02,422.98,415.77,417.21,1325187
2025-10-30,417.19,422.95,415.00,419.89,1234430
2025-10-31,416.28,426.96,415.76,425.57,1499268
2025-11-03,428.48,430.10,418.60,426.00,1939051
2025-11-04,418.55,430.71,403.16,421.67,2365549
2025-11-05,417.70,427.18,410.45,417.00,1421053
2025-11-06,414.10,424.25,410.29,416.25,1332003
2025-11-07,415.61,416.27,406.67,409.47,1357940
2025-11-10,412.38,422.23,410.50,421.20,1494401
2025-11-11,423.30,429.48,417.12,429.22,990097
2025-11-12,429.69,435.94,425.46,434.19,1365360
2025-11-13,434.01,441.23,430.66,434.52,1560129
2025-11-14,440.02,442.22,433.67,437.15,1264988
2025-11-17,436.99,439.99,432.24,434.02,1304724
2025-11-18,434.00,437.79,430.15,435.52,1084330
2025-11-19,434.36,434.93,418.53,421.03,1545529
2025-11-20,420.84,431.13,420.00,422.32,1189330
2025-11-21,423.13,435.85,421.87,426.76,1917729
2025-11-24,426.23,432.55,423.87,424.00,2222954
2025-11-25,425.92,431.50,424.12,429.82,1550242
2025-11-26,432.43,433.32,428.07,432.17,1152077
2025-11-28,434.67,434.67,429.07,433.61,727908
2025-12-01,431.92,434.00,423.45,425.60,1174298
2025-12-02,427.33,435.20,424.06,433.15,1399828
2025-12-03,440.31,463.85,439.35,463.13,2542611
2025-12-04,462.00,463.70,453.54,457.36,1518932
2025-12-05,457.78,462.00,454.45,455.48,911424
2025-12-08,455.65,457.17,439.80,442.04,1504581
2025-12-09,442.55,448.28,436.49,437.01,989612
2025-12-10,438.81,446.28,433.81,444.64,999755
2025-12-11,445.65,448.33,442.07,445.93,1178366
2025-12-12,444.81,456.00,444.81,452.04,1621663
2025-12-15,454.28,456.46,449.48,455.71,1337358
2025-12-16,455.71,459.05,452.83,454.96,1258691
2025-12-17,453.83,456.05,447.31,449.52,1349824
2025-12-18,449.74,452.63,445.41,447.38,1056928
2025-12-19,446.86,460.40,445.51,456.20,5558133
2025-12-22,454.34,460.94,453.03,460.31,919586
2025-12-23,460.44,461.49,457.04,459.21,768534
2025-12-24,459.39,464.44,459.08,462.99,310231
2025-12-26,462.67,463.65,460.86,462.90,388095
2025-12-29,463.00,463.55,457.45,459.78,628247
2025-12-30,456.83,458.36,453.40,453.74,686179
2025-12-31,451.75,455.92,451.75,453.36,692988
2026-01-02,454.34,455.99,448.52,452.13,825333
2026-01-05,448.83,450.72,443.12,448.80,931443
2026-01-06,454.85,471.28,453.69,468.38,2078373
2026-01-07,469.12,487.52,467.46,484.15,1723842
2026-01-08,481.50,485.69,465.28,469.68,2115157
2026-01-09,467.73,475.33,463.39,463.86,1700271
2026-01-12,461.07,464.59,454.54,460.59,1350714
2026-01-13,460.22,462.42,452.91,454.67,1346146
2026-01-14,454.58,455.03,446.01,449.53,1295520
2026-01-15,448.79,450.44,436.69,438.92,1215021
2026-01-16,440.46,445.77,437.46,441.36,2047432
2026-01-20,435.41,442.38,429.00,442.08,1811384
2026-01-21,440.54,465.14,439.91,461.14,2289638
2026-01-22,463.74,472.58,458.31,467.35,1535068
2026-01-23,465.23,470.34,462.74,468.41,1330042
2026-01-26,470.79,479.10,468.43,476.84,1668198
2026-01-27,476.80,485.00,470.49,474.17,1631944
2026-01-28,474.09,479.50,469.50,477.91,1089266
2026-01-29,479.03,484.35,473.86,475.68,1498282
2026-01-30,471.18,475.67,468.00,469.90,1190465
2026-02-02,466.79,473.74,464.01,472.01,759711
2026-02-03,468.80,476.83,461.52,465.61,1051140
2026-02-04,470.49,478.72,467.10,470.52,1362563
2026-02-05,473.90,478.00,457.74,458.81,1673029
2026-02-06,459.69,478.28,459.00,477.92,1621655
2026-02-09,476.97,478.54,467.98,470.87,1794837
2026-02-10,469.83,474.57,462.24,463.48,2127907
2026-02-11,460.43,464.73,454.40,461.24,1845927
2026-02-12,462.00,469.00,460.00,465.02,1818938
2026-02-13,471.64,503.88,471.64,491.47,2918342
2026-02-17,489.46,494.05,473.45,477.32,1721420
2026-02-18,473.68,477.72,466.45,470.31,1662976
2026-02-19,469.83,472.24,463.00,469.27,1165802
2026-02-20,466.94,479.12,465.00,476.90,1006630
2026-02-23,475.08,487.60,475.08,481.01,1241195
2026-02-24,479.20,491.22,479.00,487.43,1331564
2026-02-25,486.35,492.28,481.71,483.05,820976
2026-02-26,483.36,483.63,474.59,480.13,1305617
2026-02-27,480.31,497.80,479.75,496.83,1782950
2026-03-02,496.60,498.02,484.40,486.03,1034547
2026-03-03,478.95,484.10,471.58,474.27,1055962
2026-03-04,475.30,480.68,470.43,477.89,996319
2026-03-05,476.64,480.00,457.00,460.82,1111965
2026-03-06,457.30,460.00,450.67,456.69,1171660
2026-03-09,455.59,461.26,450.78,460.87,1179887
2026-03-10,482.25,507.92,477.77,499.17,3363817
2026-03-11,497.88,499.50,488.79,492.38,2062729
2026-03-12,489.97,489.97,476.57,478.13,1607828
2026-03-13,481.79,486.66,469.08,469.34,1097554
2026-03-16,475.14,476.17,461.13,466.10,1496839
2026-03-17,468.40,468.45,461.50,462.49,1512976
2026-03-18,462.80,463.96,451.10,451.59,1410794
2026-03-19,454.50,459.45,449.75,458.05,1300074
2026-03-20,454.62,461.05,452.88,454.00,2200399
2026-03-23,458.42,463.78,450.97,451.24,1152213
2026-03-24,447.02,452.08,441.20,448.62,1224223
2026-03-25,449.14,459.37,449.14,454.97,1200057
2026-03-26,450.72,457.54,449.29,453.74,1158222
2026-03-27,450.95,452.00,431.01,433.07,1915620
2026-03-30,438.73,443.65,432.13,443.16,1961081
2026-03-31,443.43,448.35,442.08,446.54,1624941
2026-04-01,449.17,453.98,446.71,447.26,1188465
2026-04-02,447.55,449.62,436.56,438.71,1244992
2026-04-06,437.79,440.90,433.45,434.30,948862
2026-04-07,435.50,435.50,425.26,431.86,1029161
2026-04-08,436.25,443.99,432.33,443.92,1279267
2026-04-09,439.77,447.00,436.35,446.78,1040964
2026-04-10,446.08,446.75,434.25,436.27,985779
2026-04-13,434.17,445.11,433.68,440.05,1004739
2026-04-14,435.28,444.79,435.28,444.28,1445501
2026-04-15,444.15,447.82,437.19,441.70,1459489
2026-04-16,442.35,445.93,431.15,435.65,1364285
2026-04-17,441.55,443.90,437.58,441.20,1025319
2026-04-20,444.01,444.01,437.67,439.18,789463
2026-04-21,437.12,440.32,429.65,436.59,986971
2026-04-22,437.38,441.00,435.45,437.67,734332
2026-04-23,440.71,442.04,433.81,435.10,777645
2026-04-24,431.89,433.68,427.38,430.29,1128100
2026-04-27,427.01,434.07,425.87,426.01,967041
2026-04-28,431.25,431.77,426.68,430.14,808540
2026-04-29,424.44,426.72,419.71,423.24,1059477
2026-04-30,423.65,430.95,423.65,427.38,1121184
2026-05-01,425.02,427.38,421.54,423.92,796985
2026-05-04,423.75,430.13,422.11,429.85,1418890
2026-05-05,431.99,433.94,412.27,424.36,1906343
2026-05-06,422.67,431.06,422.67,427.65,1203285
2026-05-07,425.13,429.61,423.59,425.00,1112655
2026-05-08,422.37,431.94,421.11,429.82,953348
2026-05-11,429.50,442.15,428.50,435.17,1264201
2026-05-12,439.92,454.23,436.48,448.29,1398283
2026-05-13,446.47,455.32,444.26,453.06,1194366
2026-05-14,453.64,456.68,447.36,450.41,1088448
2026-05-15,453.45,453.45,435.86,436.95,1288893
2026-05-18,435.42,440.04,430.25,436.58,1451054
2026-05-19,436.79,444.32,433.15,434.31,1219660
2026-05-20,434.31,439.98,427.64,430.44,1784847
2026-05-21,429.36,434.76,426.01,433.54,1395240
2026-05-22,437.07,438.84,432.96,434.52,1746340
2026-05-26,437.99,441.99,433.79,435.93,865853
2026-05-27,438.52,445.35,435.39,437.22,1164524
2026-05-28,434.08,449.29,434.08,447.97,1358231
2026-05-29,448.01,450.00,442.25,447.54,1893380
2026-06-01,439.91,443.54,433.26,438.40,1115281
2026-06-02,432.40,434.00,424.90,425.09,1147095
2026-06-03,420.63,429.01,420.01,428.34,1564384
2026-06-04,434.95,448.19,433.50,441.74,1362422
2026-06-05,445.61,453.16,443.86,446.83,1530180
2026-06-08,443.17,448.69,441.72,442.96,1149408
2026-06-09,447.02,449.50,440.90,445.77,871497
2026-06-10,447.27,447.50,433.80,435.71,1103240
2026-06-11,437.51,445.78,435.21,445.04,1233868
2026-06-12,440.02,447.70,440.02,444.93,924189
2026-06-15,446.69,453.68,439.50,450.46,1482949
2026-06-16,452.82,454.55,444.21,453.17,1486576
2026-06-17,449.67,464.31,447.54,458.99,1524291
2026-06-18,462.17,464.98,450.39,451.63,2993021
2026-06-22,455.65,468.18,453.21,466.79,2034573
2026-06-23,469.67,470.82,463.75,468.42,1204019
2026-06-24,471.38,480.86,469.93,475.20,1549953
2026-06-25,475.11,486.49,473.50,480.18,1522567
2026-06-26,482.50,503.89,482.20,491.34,8693047
2026-06-29,495.83,499.87,487.62,499.65,2055780
2026-06-30,500.49,500.99,489.62,496.73,1738335
2026-07-01,502.71,502.71,494.80,498.01,1444535
2026-07-02,503.76,529.14,501.53,528.04,1855943
2026-07-06,526.66,529.99,512.34,529.59,1515703
2026-07-07,530.00,533.67,512.77,522.25,2292906
2026-07-08,523.04,525.81,498.14,498.43,2287222
2026-07-09,495.58,500.77,482.11,496.50,2107282
2026-07-10,498.15,498.91,484.33,485.39,1430390
2026-07-13,486.18,486.18,474.71,480.25,1153856
2026-07-14,481.29,481.29,473.18,476.31,1093659
2026-07-15,472.15,480.96,469.60,477.08,1192070
2026-07-16,480.00,487.30,476.25,486.03,1370959
2026-07-17,483.51,496.69,481.98,485.65,1568122
2026-07-20,485.65,491.23,478.48,480.50,1101762
2026-07-21,478.56,484.99,473.56,482.00,1107414
2026-07-22,482.32,483.66,471.58,472.57,1289189
2026-07-23,467.09,477.68,465.00,473.09,1306125
2026-07-24,476.05,484.00,472.57,477.36,1254156
2026-07-27,479.27,487.21,477.99,479.00,1631004
2026-07-28,483.13,493.61,482.86,490.39,1700871
2026-07-29,492.67,492.99,481.91,483.33,1451920
2026-07-30,474.10,482.14,470.54,481.70,1249350
2026-07-31,480.67,480.67,469.87,477.10,957709
2026-08-03,480.00,483.36,468.14,470.72,1510456
2026-08-04,471.29,488.04,465.51,478.70,2026378
2026-08-05,487.52,491.95,479.02,484.83,1383067
2026-08-06,490.91,492.40,480.86,484.03,1015131
2026-08-07,487.11,497.39,482.10,496.07,992491
2026-08-10,539.50,546.17,519.82,523.91,2682319
2026-08-11,525.02,532.23,522.01,529.65,1065447
2026-08-12,527.00,531.22,520.08,525.73,1047017
2026-08-13,528.68,529.00,515.74,516.44,863530
2026-08-14,511.41,513.64,502.29,505.75,1130504
2026-08-17,503.87,517.84,502.53,515.55,1111401
2026-08-18,520.00,533.78,517.34,528.19,1497081
2026-08-19,537.47,553.69,532.55,552.06,1437713
2026-08-20,543.78,548.99,538.27,540.26,1062465
2026-08-21,545.10,555.32,540.70,548.05,1074991
2026-08-24,548.98,550.62,542.42,547.59,767491
2026-08-25,545.53,555.69,543.75,552.85,775039
2026-08-26,549.84,553.47,546.24,547.29,834375
2026-08-27,540.08,550.83,540.08,547.55,844619
2026-08-28,547.09,549.57,540.08,541.69,886917
2026-08-31,535.38,546.84,532.23,544.52,1198447
2026-09-01,548.60,551.40,545.08,547.65,735119
2026-09-02,552.42,558.36,549.07,556.75,1734757
2026-09-03,559.00,560.25,551.61,557.96,800963
2026-09-04,549.50,556.99,544.48,546.12,803524
2026-09-08,529.64,535.00,520.20,528.90,1121470
2026-09-09,524.00,528.16,520.08,521.12,958510
2026-09-10,519.13,522.60,514.32,514.56,815171
2026-09-11,522.10,522.10,511.81,515.44,875635
2026-09-14,522.17,525.29,514.65,519.51,837109
2026-09-15,519.94,519.94,511.00,514.63,824890
