date,open,high,low,close,volume
2016-09-15,51.49,52.10,51.12,51.98,13046800
2016-09-16,51.89,51.97,51.62,51.88,19931150
2016-09-19,51.89,51.96,51.02,51.20,14574670
2016-09-20,51.60,51.80,51.13,51.27,13999470
2016-09-21,51.37,52.01,51.25,51.87,14420300
2016-09-22,52.15,52.49,52.00,52.35,12738030
2016-09-23,52.30,52.82,52.15,52.56,13014590
2016-09-26,52.45,52.56,52.02,52.15,10558020
2016-09-27,52.31,52.66,52.00,52.49,8247062
2016-09-28,52.31,52.44,51.81,52.06,13278590
2016-09-29,51.84,52.41,51.77,52.12,10790620
2016-09-30,52.43,52.57,51.96,51.98,13076940
2016-10-03,51.84,52.14,51.60,51.88,9107589
2016-10-04,51.77,51.94,51.00,51.26,13734420
2016-10-05,50.69,50.82,50.03,50.27,17184680
2016-10-06,50.32,50.52,49.97,50.26,11722200
2016-10-07,50.46,50.54,49.92,49.92,13802990
2016-10-10,50.23,50.30,49.63,50.19,10672610
2016-10-11,50.10,50.21,49.65,49.90,11737190
2016-10-12,49.96,50.48,49.94,50.30,8880061
2016-10-13,50.23,50.41,49.82,50.29,11156760
2016-10-14,50.34,50.61,50.27,50.28,8850987
2016-10-17,50.21,50.59,50.05,50.43,10721450
2016-10-18,50.61,50.61,50.05,50.27,10863910
2016-10-19,50.45,50.63,50.35,50.38,10344810
2016-10-20,49.54,49.57,48.90,49.14,27074730
2016-10-21,48.79,48.92,47.95,48.20,24770780
2016-10-24,48.71,48.93,48.13,48.21,19413050
2016-10-25,48.20,48.29,47.78,47.84,16434180
2016-10-26,47.74,48.05,47.58,47.63,15047790
2016-10-27,47.74,48.70,47.63,48.54,22323890
2016-10-28,48.56,48.77,48.10,48.21,10658560
2016-10-31,48.24,48.30,48.05,48.10,12459090
2016-11-01,48.32,48.38,47.53,47.66,13228740
2016-11-02,47.75,47.75,46.86,46.94,16476860
2016-11-03,46.98,47.27,46.79,46.87,12603020
2016-11-04,46.97,47.28,46.89,47.08,14409690
2016-11-07,47.39,47.47,46.94,47.46,14687600
2016-11-08,47.56,47.85,47.47,47.65,9466987
2016-11-09,47.01,48.08,46.47,47.86,20866670
2016-11-10,47.86,47.88,46.36,46.69,24295130
2016-11-11,46.70,46.90,46.51,46.69,16412420
2016-11-14,46.71,46.85,46.01,46.18,21807440
2016-11-15,46.51,47.37,46.38,47.37,18645860
2016-11-16,47.49,47.98,47.32,47.93,17317870
2016-11-17,47.95,48.17,47.81,47.84,12428310
2016-11-18,47.85,48.20,47.56,48.07,12810840
2016-11-21,48.06,48.36,47.92,48.31,10772820
2016-11-22,48.56,49.61,48.37,49.49,22020630
2016-11-23,49.30,50.65,49.29,50.23,21469420
2016-11-25,50.22,50.80,50.17,50.67,8087235
2016-11-28,50.47,51.20,50.45,51.12,15926270
2016-11-29,51.03,51.15,50.77,50.96,11532550
2016-11-30,50.55,50.73,49.90,49.90,20685220
2016-12-01,49.80,49.99,49.31,49.87,12974930
2016-12-02,50.00,50.32,49.60,49.81,10650400
2016-12-05,49.74,50.08,49.73,49.75,13074710
2016-12-06,50.15,50.62,49.76,50.36,13580400
2016-12-07,50.72,51.43,50.44,51.38,16270710
2016-12-08,51.23,51.28,50.98,51.13,11495250
2016-12-09,51.09,51.63,50.91,51.49,10100600
2016-12-12,51.54,52.43,51.48,51.76,16182280
2016-12-13,52.08,52.37,52.06,52.36,11913100
2016-12-14,52.46,52.66,51.41,51.63,19918660
2016-12-15,51.37,52.12,51.24,51.81,13963500
2016-12-16,52.06,52.28,51.86,52.27,21262270
2016-12-19,52.48,53.13,52.09,52.91,13406140
2016-12-20,52.93,53.46,52.93,53.12,10366730
2016-12-21,53.09,53.43,52.97,52.97,9640995
2016-12-22,52.85,53.74,52.72,53.65,11079090
2016-12-23,53.65,53.75,53.44,53.68,7201173
2016-12-27,53.69,53.83,53.44,53.64,6246536
2016-12-28,53.63,53.83,53.37,53.44,6689948
2016-12-29,53.59,53.90,53.51,53.74,7150706
2016-12-30,53.55,53.64,53.17,53.38,12440210
2017-01-03,53.96,54.67,53.73,54.58,22888740
2017-01-04,54.55,54.81,54.33,54.52,18315590
2017-01-05,54.78,54.83,54.30,54.64,13838300
2017-01-06,53.67,53.78,53.09,53.26,15608110
2017-01-09,53.22,53.27,52.67,52.68,14095740
2017-01-10,52.69,53.16,52.02,52.76,11781030
2017-01-11,52.62,52.75,52.23,52.46,16133490
2017-01-12,52.43,52.89,52.27,52.68,11045360
2017-01-13,52.72,52.90,52.41,52.55,9458281
2017-01-17,52.55,52.89,52.50,52.74,11381000
2017-01-18,52.52,52.84,52.21,52.25,12930680
2017-01-19,52.55,52.64,52.18,52.36,13278240
2017-01-20,52.60,53.20,52.56,52.72,15467800
2017-01-23,52.46,52.70,52.18,52.41,15687010
2017-01-24,50.26,50.79,49.79,50.12,43470510
2017-01-25,49.50,49.94,48.84,49.77,30383200
2017-01-26,48.75,49.47,48.51,49.12,37870440
2017-01-27,49.35,49.73,49.27,49.60,18359500
2017-01-30,49.49,49.84,49.18,49.37,12147380
2017-01-31,49.21,49.47,48.93,49.01,16842400
2017-02-01,49.34,49.37,48.25,48.39,25991710
2017-02-02,48.54,48.59,47.90,48.28,17775940
2017-02-03,48.45,48.62,48.33,48.58,15157850
2017-02-06,48.67,48.67,47.94,48.03,16148280
2017-02-07,48.13,48.16,47.80,48.04,12760970
2017-02-08,48.15,48.57,48.10,48.37,13960890
2017-02-09,48.52,48.96,48.41,48.81,13575070
2017-02-10,48.94,49.12,48.69,48.98,11337410
2017-02-13,48.27,48.62,48.08,48.55,18301740
2017-02-14,48.31,48.47,47.99,48.27,20842630
2017-02-15,48.00,48.10,47.80,48.08,19294590
2017-02-16,48.03,48.52,47.89,48.46,18704970
2017-02-17,48.31,49.30,48.13,49.19,23188180
2017-02-21,49.51,49.69,49.23,49.43,19202200
2017-02-22,49.50,49.70,49.48,49.67,13652050
2017-02-23,49.98,50.50,49.67,50.31,16207520
2017-02-24,50.28,50.95,50.28,50.60,14355810
2017-02-27,50.49,50.55,49.80,49.94,14028190
2017-02-28,49.96,50.03,49.41,49.63,17693870
2017-03-01,49.56,49.98,49.37,49.81,16094690
2017-03-02,49.69,50.02,49.60,49.98,10760970
2017-03-03,50.05,50.14,49.80,50.09,11074700
2017-03-06,50.03,50.15,49.84,50.03,10816410
2017-03-07,50.00,50.06,49.36,49.44,12894770
2017-03-08,49.30,49.33,48.90,49.16,14197920
2017-03-09,49.22,49.45,49.08,49.28,10587450
2017-03-10,49.50,49.52,49.10,49.35,11170640
2017-03-13,49.33,49.53,49.13,49.47,10042500
2017-03-14,49.44,49.62,49.25,49.36,8496217
2017-03-15,49.26,50.25,49.26,50.14,12658670
2017-03-16,50.02,50.25,49.85,50.04,10851410
2017-03-17,50.19,50.42,50.02,50.39,21069050
2017-03-20,50.42,50.61,50.14,50.24,9455972
2017-03-21,50.48,50.63,50.12,50.16,15196870
2017-03-22,50.13,50.27,49.41,49.71,14939870
2017-03-23,49.75,49.88,49.42,49.64,9643514
2017-03-24,49.70,49.83,49.50,49.68,9310001
2017-03-27,49.68,49.76,48.92,49.14,13269370
2017-03-28,49.01,49.34,48.67,49.30,12845080
2017-03-29,49.28,49.37,49.03,49.13,11160170
2017-03-30,49.00,49.24,48.90,49.06,11613320
2017-03-31,49.10,49.10,48.75,48.75,19294060
2017-04-03,48.73,49.25,48.59,49.18,14307070
2017-04-04,49.10,49.32,48.88,49.31,8952466
2017-04-05,49.43,49.55,49.01,49.02,14298850
2017-04-06,48.52,48.60,48.17,48.43,18454510
2017-04-07,48.48,48.92,48.26,48.66,17268940
2017-04-10,48.72,48.88,48.45,48.54,10858110
2017-04-11,48.51,48.75,48.30,48.70,13094020
2017-04-12,48.53,48.94,48.34,48.92,10455730
2017-04-13,48.80,48.92,48.57,48.62,9474948
2017-04-17,48.68,49.10,48.68,48.81,10507640
2017-04-18,48.62,49.49,48.54,49.22,19664340
2017-04-19,49.44,49.55,48.89,48.94,18827590
2017-04-20,47.92,48.62,47.71,48.41,30396610
2017-04-21,47.92,48.17,47.13,47.25,31274180
2017-04-24,47.13,47.36,46.96,47.05,23145300
2017-04-25,46.96,47.27,46.58,46.70,30024740
2017-04-26,46.75,47.53,46.62,47.36,29343350
2017-04-27,47.36,47.39,46.66,46.67,16832790
2017-04-28,46.64,46.64,45.89,45.91,25917630
2017-05-01,46.06,46.15,45.88,45.88,14452880
2017-05-02,46.00,46.10,45.76,45.91,12476050
2017-05-03,46.02,46.25,45.83,46.15,19566240
2017-05-04,46.18,46.18,45.76,45.88,20767060
2017-05-05,46.08,46.73,46.00,46.69,17132330
2017-05-08,46.72,46.74,46.29,46.63,15560620
2017-05-09,46.52,46.59,46.16,46.42,14345760
2017-05-10,46.40,46.63,46.31,46.38,12667630
2017-05-11,46.31,46.37,45.98,46.02,12433840
2017-05-12,46.12,46.16,45.80,45.84,14468120
2017-05-15,45.91,45.94,45.25,45.38,20241370
2017-05-16,45.34,45.65,45.25,45.31,14801550
2017-05-17,44.95,44.98,44.46,44.48,21330180
2017-05-18,44.50,45.28,44.47,45.04,15647630
2017-05-19,45.16,45.44,44.76,45.42,12786160
2017-05-22,45.39,45.55,45.28,45.48,9280975
2017-05-23,45.48,45.58,45.40,45.48,8065907
2017-05-24,45.45,45.49,44.85,45.04,15940690
2017-05-25,45.05,45.38,45.01,45.31,11195450
2017-05-26,45.25,45.44,45.24,45.32,5999357
2017-05-30,45.26,46.33,45.26,46.20,16439840
2017-05-31,46.43,46.95,46.26,46.64,22867120
2017-06-01,46.71,46.71,46.10,46.51,14204990
2017-06-02,46.63,47.19,46.32,46.44,18552610
2017-06-05,46.17,46.42,46.02,46.37,8537710
2017-06-06,46.37,46.81,46.24,46.44,11603440
2017-06-07,46.52,46.70,46.36,46.50,8648364
2017-06-08,46.50,46.56,46.00,46.19,11653590
2017-06-09,46.17,46.78,46.01,46.72,11698510
2017-06-12,46.80,47.50,46.79,47.19,18927100
2017-06-13,47.30,47.31,46.40,46.46,15191000
2017-06-14,46.63,46.78,46.41,46.69,9808267
2017-06-15,46.58,46.83,46.49,46.64,10983950
2017-06-16,46.86,47.00,46.33,46.63,22558390
2017-06-19,46.63,46.63,46.29,46.57,9674179
2017-06-20,46.40,46.41,45.73,45.94,16755450
2017-06-21,45.95,46.02,45.09,45.41,15022330
2017-06-22,45.47,45.59,45.18,45.42,10510110
2017-06-23,45.43,45.46,45.30,45.39,10068880
2017-06-26,45.45,45.98,45.45,45.75,10103030
2017-06-27,44.97,45.15,44.81,44.84,20184230
2017-06-28,44.98,45.23,44.68,44.84,18696880
2017-06-29,44.80,44.90,44.39,44.41,17909360
2017-06-30,44.62,44.75,44.36,44.66,13366130
2017-07-03,44.61,45.08,44.51,45.00,9732120
2017-07-05,45.05,45.06,44.44,44.65,14850250
2017-07-06,43.97,44.09,43.52,43.52,16849540
2017-07-07,43.53,43.59,43.20,43.48,11834270
2017-07-10,43.48,43.51,43.18,43.20,12115400
2017-07-11,43.21,43.22,42.80,42.89,13239030
2017-07-12,43.04,43.38,43.00,43.22,11387040
2017-07-13,43.15,43.54,43.04,43.49,12138930
2017-07-14,43.63,43.82,43.41,43.56,11941620
2017-07-17,43.63,43.86,43.56,43.66,10804590
2017-07-18,43.66,43.79,43.26,43.36,15398200
2017-07-19,43.35,43.54,43.20,43.45,13703160
2017-07-20,43.50,44.58,43.48,44.22,19272890
2017-07-21,44.23,44.31,43.82,44.23,11425810
2017-07-24,44.15,44.21,43.68,43.71,11714880
2017-07-25,43.90,44.17,43.81,43.98,9816146
2017-07-26,44.80,44.83,44.28,44.40,19034930
2017-07-27,46.26,47.84,45.95,47.81,44692810
2017-07-28,47.70,48.38,47.12,47.94,25295420
2017-07-31,47.85,48.57,47.48,48.40,28413560
2017-08-01,48.68,49.63,48.53,48.89,33484410
2017-08-02,48.90,48.93,47.90,48.21,19218910
2017-08-03,48.09,48.61,47.94,48.61,15188270
2017-08-04,48.55,48.91,48.14,48.91,13820670
2017-08-07,48.79,48.96,48.68,48.86,10440970
2017-08-08,48.75,48.95,48.43,48.60,10841240
2017-08-09,48.52,48.64,48.08,48.22,18886290
2017-08-10,48.18,48.21,47.85,48.02,12749980
2017-08-11,48.20,48.23,47.70,48.06,10419550
2017-08-14,48.17,48.80,48.15,48.78,11055750
2017-08-15,48.56,48.59,48.19,48.48,11153960
2017-08-16,48.37,48.53,48.22,48.41,9447047
2017-08-17,48.37,48.45,47.89,47.89,10346030
2017-08-18,47.85,47.95,47.51,47.69,16918990
2017-08-21,47.83,48.50,47.69,48.14,10550530
2017-08-22,48.13,48.44,47.78,48.35,10995690
2017-08-23,48.26,48.67,48.19,48.28,8909187
2017-08-24,48.35,48.55,48.18,48.31,8898161
2017-08-25,48.48,48.98,48.43,48.68,9825820
2017-08-28,48.65,48.75,48.31,48.61,6314732
2017-08-29,48.36,48.76,48.33,48.51,6043840
2017-08-30,48.33,48.37,48.00,48.12,10738750
2017-08-31,48.26,48.40,47.93,47.97,14227910
2017-09-01,48.02,48.07,47.77,47.92,11447650
2017-09-05,47.78,47.92,47.30,47.36,9982347
2017-09-06,47.47,47.56,46.62,46.91,13240720
2017-09-07,47.00,47.21,46.07,46.20,16589360
2017-09-08,46.18,46.39,45.71,46.11,14141890
2017-09-11,46.23,46.34,46.12,46.30,11072910
2017-09-12,46.50,46.95,46.38,46.79,11178790
2017-09-13,46.78,47.26,46.68,47.25,12753210
2017-09-14,47.24,47.59,47.01,47.18,11798130
2017-09-15,47.42,47.90,47.05,47.86,24069010
2017-09-18,47.91,48.24,47.51,48.09,18771340
2017-09-19,48.09,49.55,48.01,49.34,30778420
2017-09-20,49.30,49.64,49.08,49.48,18738320
2017-09-21,49.37,49.44,48.84,48.94,14278290
2017-09-22,49.19,50.08,49.02,49.90,20618440
2017-09-25,49.87,50.31,49.74,49.90,13544840
2017-09-26,49.96,50.08,49.40,49.51,10733930
2017-09-27,49.19,49.73,49.12,49.51,13912020
2017-09-28,49.24,49.56,49.14,49.41,8227549
2017-09-29,49.30,49.83,49.01,49.49,12701180
2017-10-02,49.39,49.70,49.25,49.36,9364726
2017-10-03,49.45,50.02,49.43,49.85,10203550
2017-10-04,49.64,50.08,49.38,49.90,9856452
2017-10-05,49.96,50.03,49.67,49.77,12230610
2017-10-06,49.04,49.20,48.66,48.81,13189270
2017-10-09,48.89,49.09,48.65,49.05,10702940
2017-10-10,49.28,49.49,49.05,49.14,10842580
2017-10-11,49.14,49.32,48.51,48.86,10323520
2017-10-12,48.44,48.85,48.13,48.35,17043180
2017-10-13,48.34,48.48,47.83,47.86,20102190
2017-10-16,47.90,48.35,47.70,48.09,10394330
2017-10-17,48.09,48.49,47.87,48.40,13618250
2017-10-18,48.33,48.85,47.76,48.65,20387640
2017-10-19,50.05,51.18,49.05,49.21,28847050
2017-10-20,49.45,49.59,48.93,49.53,16258090
2017-10-23,49.47,49.69,48.91,48.99,15659270
2017-10-24,49.16,49.28,48.72,48.94,11442260
2017-10-25,48.68,48.79,48.15,48.64,19255590
2017-10-26,48.86,49.43,48.75,48.89,14412210
2017-10-27,48.72,49.39,48.53,48.87,12410010
2017-10-30,48.88,49.12,47.42,47.83,24578560
2017-10-31,47.94,48.18,47.71,47.87,15612710
2017-11-01,48.15,48.17,47.56,47.83,11035550
2017-11-02,47.88,47.94,47.18,47.46,13120120
2017-11-03,47.66,47.74,47.23,47.42,8037692
2017-11-06,46.31,46.35,44.84,45.53,36432620
2017-11-07,45.21,45.59,44.68,45.57,25788200
2017-11-08,45.41,45.52,45.14,45.46,17412950
2017-11-09,45.29,45.43,44.81,45.07,21075690
2017-11-10,45.11,45.11,44.75,44.88,17065160
2017-11-13,44.92,45.08,44.70,44.75,16663950
2017-11-14,44.69,44.85,44.15,44.22,20820860
2017-11-15,44.33,44.38,43.97,44.11,15665510
2017-11-16,44.21,44.88,44.11,44.77,13224140
2017-11-17,44.63,45.77,44.62,45.42,18932280
2017-11-20,45.80,46.35,45.50,46.20,18216610
2017-11-21,46.34,46.45,46.01,46.18,13565360
2017-11-22,46.25,47.42,46.24,47.10,15823420
2017-11-24,47.06,47.18,46.84,47.01,5097203
2017-11-27,47.37,47.90,47.35,47.66,17265460
2017-11-28,47.70,48.84,47.53,48.82,20980500
2017-11-29,48.84,50.49,48.84,49.90,30990610
2017-11-30,50.00,51.09,49.99,50.89,33259800
2017-12-01,50.90,51.55,50.33,51.25,23796210
2017-12-04,51.52,52.33,51.50,51.72,19368530
2017-12-05,51.75,51.89,50.78,50.92,17572150
2017-12-06,50.65,50.84,50.24,50.68,17049430
2017-12-07,50.59,50.74,50.20,50.42,11982680
2017-12-08,50.50,51.17,50.36,51.09,13638740
2017-12-11,51.22,51.93,50.97,51.84,13542290
2017-12-12,52.35,53.34,52.33,53.19,22892440
2017-12-13,52.99,53.19,52.28,52.89,17119680
2017-12-14,52.60,52.74,52.09,52.34,18772400
2017-12-15,52.57,52.89,52.39,52.67,28920190
2017-12-18,52.94,53.39,52.66,53.25,15874180
2017-12-19,53.27,53.59,52.70,52.83,13972930
2017-12-20,53.11,53.35,52.68,52.77,11642330
2017-12-21,52.81,53.60,52.60,53.01,12777690
2017-12-22,53.11,53.63,53.06,53.19,13657010
2017-12-26,53.13,53.69,53.13,53.22,6595317
2017-12-27,53.41,53.50,53.09,53.28,8360885
2017-12-28,53.41,53.55,53.16,53.43,6714109
2017-12-29,53.37,53.46,52.93,52.93,9992727
2018-01-02,53.16,53.57,52.80,53.53,16043480
2018-01-03,53.30,53.34,52.18,52.43,16655990
2018-01-04,52.37,52.89,51.83,52.60,12061520
2018-01-05,52.80,52.88,52.35,52.48,13347900
2018-01-08,52.56,52.75,52.04,52.39,16198260
2018-01-09,52.12,52.44,51.55,51.61,14671200
2018-01-10,51.39,51.73,51.15,51.69,12590920
2018-01-11,51.89,52.17,51.64,52.11,15555620
2018-01-12,51.94,52.24,51.78,51.86,17667050
2018-01-16,51.68,52.02,51.42,51.66,14553120
2018-01-17,51.81,51.90,51.21,51.72,11426940
2018-01-18,51.90,53.30,51.38,51.55,29288320
2018-01-19,51.74,51.92,51.16,51.91,23455040
2018-01-22,52.05,53.49,52.01,53.46,27620400
2018-01-23,54.60,54.60,52.81,53.23,32854380
2018-01-24,53.82,54.44,53.50,54.22,20181540
2018-01-25,54.28,54.77,54.01,54.29,18604760
2018-01-26,54.49,54.75,54.34,54.72,13062700
2018-01-29,53.58,54.58,53.40,54.13,17032720
2018-01-30,54.30,54.50,53.79,53.90,15366320
2018-01-31,53.99,54.42,53.53,54.07,17825460
2018-02-01,54.49,54.75,54.01,54.30,18640330
2018-02-02,54.27,54.27,52.90,52.98,14347350
2018-02-05,52.52,53.19,50.50,50.50,22014900
2018-02-06,49.44,51.00,49.07,50.83,34501440
2018-02-07,50.63,51.93,50.50,51.01,16062200
2018-02-08,50.89,51.08,49.00,49.04,23275800
2018-02-09,49.60,50.30,48.37,49.88,27671500
2018-02-12,50.22,50.66,49.58,50.11,16889090
2018-02-13,49.91,50.26,49.17,50.08,11857640
2018-02-14,49.76,50.10,49.32,49.51,17556930
2018-02-15,49.55,49.78,48.95,49.74,18884200
2018-02-16,49.69,50.45,49.69,50.15,12166510
2018-02-20,49.84,49.89,48.76,48.92,21047620
2018-02-21,48.80,48.86,47.94,47.96,20861830
2018-02-22,48.25,48.70,47.78,47.87,19994380
2018-02-23,48.09,48.30,47.53,48.29,26305790
2018-02-26,48.72,49.15,48.45,49.09,20850590
2018-02-27,49.02,49.17,48.04,48.04,23200090
2018-02-28,48.76,48.96,47.72,47.74,21384610
2018-03-01,47.69,48.60,47.51,47.96,28948540
2018-03-02,47.83,48.33,47.76,48.26,17203680
2018-03-05,48.15,48.94,48.02,48.71,15218000
2018-03-06,48.75,48.89,48.30,48.89,13488860
2018-03-07,48.54,49.21,48.46,48.84,16736400
2018-03-08,48.89,49.03,48.32,49.01,17638310
2018-03-09,49.20,49.23,48.35,49.01,14926310
2018-03-12,49.03,49.26,48.67,48.80,12429010
2018-03-13,49.00,49.26,48.50,48.65,12839630
2018-03-14,48.93,49.10,48.35,48.45,11921160
2018-03-15,48.53,48.77,48.14,48.29,9535481
2018-03-16,48.41,48.77,48.22,48.56,26835080
2018-03-19,48.53,48.61,48.12,48.31,12801960
2018-03-20,48.40,48.59,47.58,47.69,10763700
2018-03-21,47.69,47.96,47.27,47.28,11055770
2018-03-22,47.10,47.52,46.77,46.88,14232360
2018-03-23,47.06,47.45,46.20,46.29,15953350
2018-03-26,46.78,47.17,46.59,47.07,15411030
2018-03-27,47.10,47.90,46.84,47.31,14468020
2018-03-28,47.89,48.56,47.83,48.00,17714470
2018-03-29,48.20,48.73,47.57,47.82,17228650
2018-04-02,47.62,47.94,46.72,47.16,16462110
2018-04-03,47.22,47.53,46.71,47.50,14839670
2018-04-04,47.16,47.99,46.90,47.93,11573880
2018-04-05,47.98,48.34,47.68,48.24,10148870
2018-04-06,48.10,48.28,47.27,47.48,16021580
2018-04-09,47.03,47.50,46.80,46.92,12472160
2018-04-10,47.20,48.97,46.98,48.27,24400400
2018-04-11,47.93,47.99,47.48,47.58,11694320
2018-04-12,47.87,48.14,47.44,47.74,8813895
2018-04-13,47.91,47.98,47.51,47.66,7300555
2018-04-16,47.95,48.46,47.86,48.39,8885164
2018-04-17,48.59,49.03,48.31,48.85,11575390
2018-04-18,49.00,49.06,48.57,48.62,8346982
2018-04-19,48.60,48.96,48.38,48.43,11083900
2018-04-20,48.31,48.62,47.21,47.90,18212160
2018-04-23,48.20,48.72,47.97,48.66,14169700
2018-04-24,49.92,50.39,49.14,49.67,20918200
2018-04-25,50.06,50.16,49.24,50.10,18971950
2018-04-26,49.60,50.04,49.44,49.76,13914970
2018-04-27,50.25,51.69,50.16,51.57,25976520
2018-04-30,51.40,51.65,49.34,49.35,28735040
2018-05-01,49.49,49.65,48.24,48.82,16099890
2018-05-02,48.79,48.86,47.48,47.75,17593240
2018-05-03,47.72,47.85,47.36,47.84,16112060
2018-05-04,47.50,48.32,47.49,48.19,10667680
2018-05-07,48.18,48.32,47.56,47.73,12890720
2018-05-08,47.54,47.60,46.73,47.02,16714840
2018-05-09,47.00,47.18,46.09,46.38,23074520
2018-05-10,46.68,47.29,46.52,47.20,15717770
2018-05-11,48.07,49.07,47.92,48.62,22867540
2018-05-14,48.67,48.90,48.28,48.49,10362550
2018-05-15,48.15,48.28,47.62,47.79,12651950
2018-05-16,47.79,48.09,47.66,47.86,9774992
2018-05-17,47.86,48.04,47.66,47.85,8892990
2018-05-18,47.84,47.89,47.32,47.74,11371080
2018-05-21,47.79,48.50,47.74,48.43,8577033
2018-05-22,48.33,49.30,48.26,48.81,18539480
2018-05-23,48.74,48.98,48.33,48.59,14017090
2018-05-24,48.89,49.00,48.47,48.64,13579630
2018-05-25,48.59,48.65,48.24,48.52,7947951
2018-05-29,48.30,48.45,47.86,48.20,13033380
2018-05-30,48.49,48.72,48.24,48.60,10412030
2018-05-31,48.52,48.53,47.52,47.67,27287450
2018-06-01,47.89,48.00,47.61,47.81,9949889
2018-06-04,48.05,48.16,47.73,47.82,9012351
2018-06-05,47.78,48.19,47.77,47.97,10377250
2018-06-06,48.16,48.44,47.79,48.41,12922200
2018-06-07,47.96,49.26,47.85,49.01,19669820
2018-06-08,48.45,49.20,48.43,49.18,15396090
2018-06-11,49.49,49.80,49.26,49.30,14134770
2018-06-12,49.58,49.64,48.66,48.81,14569130
2018-06-13,48.45,48.55,47.38,47.40,30774120
2018-06-14,47.76,47.89,47.30,47.82,17567080
2018-06-15,47.77,48.06,47.62,48.06,31397640
2018-06-18,47.90,48.00,47.13,47.46,15322060
2018-06-19,47.67,48.78,47.52,48.50,25032080
2018-06-20,48.64,48.66,47.81,48.09,11995440
2018-06-21,48.87,49.00,48.38,48.63,14819510
2018-06-22,48.96,49.93,48.84,49.76,40952100
2018-06-25,49.84,50.04,49.29,49.60,19299590
2018-06-26,49.62,49.75,49.07,49.30,13590040
2018-06-27,49.18,49.73,49.01,49.31,14143000
2018-06-28,49.43,51.05,49.41,50.86,21603380
2018-06-29,50.73,50.85,50.08,50.31,18022950
2018-07-02,50.25,50.44,49.70,50.42,13139680
2018-07-03,50.46,51.09,50.30,50.70,8441133
2018-07-05,50.99,51.30,50.52,51.28,11214050
2018-07-06,51.42,51.66,51.23,51.48,10199470
2018-07-09,51.03,51.11,50.68,50.74,10478440
2018-07-10,50.80,51.42,50.74,51.34,9602384
2018-07-11,51.22,51.75,51.15,51.34,14009460
2018-07-12,51.50,51.58,50.96,51.24,10577800
2018-07-13,51.10,51.45,50.92,51.41,11107770
2018-07-16,51.36,51.72,51.13,51.59,9633339
2018-07-17,51.54,51.94,51.42,51.43,10628690
2018-07-18,51.41,51.49,50.88,51.14,11728920
2018-07-19,51.10,51.10,50.60,50.75,9521686
2018-07-20,50.53,50.99,50.35,50.62,12026350
2018-07-23,50.69,50.98,50.27,50.75,11591910
2018-07-24,51.25,51.87,50.05,51.51,23082930
2018-07-25,51.69,52.05,50.81,50.91,15698140
2018-07-26,51.13,51.61,51.11,51.18,11161990
2018-07-27,51.48,52.38,51.48,52.01,14073660
2018-07-30,52.27,53.00,52.08,52.49,16521760
2018-07-31,52.60,52.67,51.49,51.64,16761100
2018-08-01,52.02,52.11,51.45,51.73,12789270
2018-08-02,51.74,52.01,51.43,51.98,12336530
2018-08-03,52.00,52.45,51.87,52.27,7768092
2018-08-06,52.13,52.72,51.76,52.48,10768210
2018-08-07,52.48,52.73,52.22,52.46,6949417
2018-08-08,52.55,52.88,52.41,52.70,9456897
2018-08-09,52.66,53.27,52.66,53.01,10406360
2018-08-10,52.93,52.93,52.27,52.47,7976207
2018-08-13,52.74,52.78,52.20,52.22,9815150
2018-08-14,52.31,52.94,52.31,52.87,11440760
2018-08-15,52.73,53.37,52.46,53.24,16371100
2018-08-16,53.25,54.41,53.20,54.27,16264910
2018-08-17,54.26,55.21,54.10,54.79,19099310
2018-08-20,54.93,55.08,54.20,54.65,10687630
2018-08-21,54.90,55.07,54.47,54.91,11515520
2018-08-22,54.84,55.01,53.94,54.14,13910200
2018-08-23,54.16,54.55,54.05,54.28,8165393
2018-08-24,54.26,54.83,54.22,54.78,8416288
2018-08-27,54.98,55.06,54.65,54.85,9422734
2018-08-28,54.82,54.90,54.46,54.65,11864590
2018-08-29,54.78,54.96,54.50,54.57,9800378
2018-08-30,54.40,54.80,54.24,54.75,9360236
2018-08-31,54.51,54.66,54.04,54.37,14166530
2018-09-04,53.55,53.72,52.84,53.19,19627510
2018-09-05,53.02,53.97,52.90,53.82,15218120
2018-09-06,53.94,54.47,53.70,54.29,10479640
2018-09-07,54.13,54.39,53.88,54.00,11728330
2018-09-10,54.32,54.68,53.99,54.12,10531600
2018-09-11,54.29,54.96,54.11,54.72,12204700
2018-09-12,54.75,55.42,54.56,54.97,13090800
2018-09-13,55.08,55.08,54.27,54.94,12087220
2018-09-14,54.91,54.99,54.18,54.55,13271240
2018-09-17,54.79,55.02,54.43,54.70,10999430
2018-09-18,54.39,54.81,54.29,54.39,13795200
2018-09-19,54.62,54.70,53.37,53.50,17455390
2018-09-20,53.60,54.15,53.32,53.95,14462170
2018-09-21,54.23,54.80,54.12,54.42,48313490
2018-09-24,54.31,54.49,53.52,53.54,13844740
2018-09-25,53.50,53.66,52.92,53.05,13275340
2018-09-26,53.29,53.58,53.08,53.14,13260740
2018-09-27,53.15,53.87,53.15,53.59,12864420
2018-09-28,53.47,53.56,53.27,53.39,12635110
2018-10-01,53.61,53.91,53.50,53.84,10481920
2018-10-02,53.80,54.44,53.60,54.42,11609350
2018-10-03,54.74,54.94,54.13,54.29,14930260
2018-10-04,54.34,55.03,53.96,55.02,15783750
2018-10-05,55.06,55.44,54.78,54.94,14041750
2018-10-08,55.00,55.21,54.45,55.02,16689240
2018-10-09,54.48,55.14,54.03,54.99,16960450
2018-10-10,54.99,55.90,54.29,54.33,22017390
2018-10-11,54.51,55.16,52.84,53.33,26251080
2018-10-12,53.82,53.89,52.82,53.73,18721840
2018-10-15,53.88,54.25,53.60,53.60,12868320
2018-10-16,53.46,53.80,53.26,53.70,15391350
2018-10-17,53.75,54.38,53.52,53.96,13532130
2018-10-18,53.86,54.68,53.78,54.65,15457330
2018-10-19,54.62,55.50,54.52,54.90,18015440
2018-10-22,55.08,55.27,54.61,54.98,21611320
2018-10-23,56.09,57.47,56.09,57.21,29262170
2018-10-24,57.00,58.44,56.41,57.42,37388770
2018-10-25,57.46,57.63,56.17,56.43,24999450
2018-10-26,56.26,56.62,55.19,55.51,24964490
2018-10-29,55.81,57.15,55.72,56.48,22040910
2018-10-30,56.92,58.80,56.92,58.18,24916370
2018-10-31,58.32,58.32,56.76,57.09,24192310
2018-11-01,56.98,57.28,55.55,56.05,22164900
2018-11-02,56.34,57.08,55.92,56.63,14297990
2018-11-05,56.51,57.45,56.51,57.21,12338260
2018-11-06,57.02,57.35,56.65,57.21,12238960
2018-11-07,57.55,57.78,57.03,57.65,13889410
2018-11-08,57.70,58.44,57.66,58.27,12470160
2018-11-09,58.32,59.20,57.94,58.46,17365450
2018-11-12,58.84,59.40,58.54,58.72,13234930
2018-11-13,59.09,59.14,58.32,58.66,12884670
2018-11-14,59.13,59.32,58.41,58.94,18048360
2018-11-15,58.85,59.09,58.45,59.08,17131060
2018-11-16,59.06,60.39,58.91,60.21,19026150
2018-11-19,60.25,61.32,60.18,60.62,18395860
2018-11-20,61.03,61.58,59.17,59.46,22027630
2018-11-21,59.26,59.90,58.88,59.16,18481820
2018-11-23,58.86,59.00,58.29,58.64,7009050
2018-11-26,58.64,59.51,58.31,59.17,12280950
2018-11-27,59.21,60.70,59.18,60.65,14098760
2018-11-28,60.70,60.73,59.64,60.06,18657090
2018-11-29,59.42,59.79,59.26,59.45,14524310
2018-11-30,59.57,60.37,59.48,60.30,31142240
2018-12-03,59.50,59.75,57.69,58.16,27673510
2018-12-04,58.10,59.40,57.96,58.09,21621120
2018-12-06,58.18,58.64,57.16,58.08,25662570
2018-12-07,57.91,58.43,57.34,57.68,16689960
2018-12-10,57.80,58.37,56.87,58.27,16601710
2018-12-11,58.77,59.40,58.63,58.85,14903210
2018-12-12,57.79,58.19,57.23,57.25,18750600
2018-12-13,57.00,57.50,56.81,57.09,14459870
2018-12-14,56.95,57.50,56.75,57.08,13703580
2018-12-17,57.06,57.31,55.53,55.95,17985560
2018-12-18,55.94,56.69,55.31,55.65,16969210
2018-12-19,55.72,56.92,55.50,55.86,20830550
2018-12-20,55.92,56.01,54.26,55.07,26605580
2018-12-21,54.84,56.53,54.24,54.92,54451680
2018-12-24,54.68,55.04,52.94,53.05,15077210
2018-12-26,53.23,54.47,52.40,54.44,17933470
2018-12-27,54.31,55.17,53.35,55.15,17369910
2018-12-28,55.37,55.86,54.90,55.27,14768100
2018-12-31,55.53,56.23,55.07,56.22,14516880
2019-01-02,56.16,56.16,55.28,56.02,13909920
2019-01-03,56.30,56.99,56.06,56.22,19138120
2019-01-04,56.49,56.89,55.95,56.36,17022470
2019-01-07,56.76,57.26,56.55,56.72,16047100
2019-01-08,57.27,58.69,57.05,58.38,21409150
2019-01-09,57.68,57.72,56.85,57.05,18135180
2019-01-10,57.29,57.70,56.87,57.60,14259050
2019-01-11,57.84,58.26,57.42,58.02,15794790
2019-01-14,57.83,58.15,57.67,58.03,11339690
2019-01-15,57.74,58.29,57.58,58.10,10050170
2019-01-16,57.93,57.93,57.00,57.08,13358620
2019-01-17,57.16,57.40,56.21,56.83,15202490
2019-01-18,56.92,57.47,56.84,57.09,16801410
2019-01-22,57.23,57.39,56.40,56.99,18240720
2019-01-23,56.98,57.87,56.93,57.76,15108960
2019-01-24,57.61,57.65,56.50,57.07,12493030
2019-01-25,57.18,57.47,56.23,56.40,17800210
2019-01-28,56.12,56.22,54.80,55.07,25949230
2019-01-29,53.62,54.30,52.97,53.28,33784090
2019-01-30,53.10,54.02,52.28,54.00,27091800
2019-01-31,54.05,55.19,53.53,55.06,28584640
2019-02-01,55.21,55.30,54.47,54.55,13660930
2019-02-04,54.60,54.69,53.67,54.04,15768860
2019-02-05,54.10,54.34,53.61,54.14,14124520
2019-02-06,54.11,54.37,53.68,53.79,11390030
2019-02-07,53.61,53.73,53.02,53.57,12434150
2019-02-08,53.36,53.96,53.30,53.95,11483200
2019-02-11,54.13,54.37,53.86,54.05,9789166
2019-02-12,54.45,54.77,54.19,54.42,10829860
2019-02-13,54.35,54.77,54.28,54.48,11566250
2019-02-14,54.38,54.52,53.95,54.03,11187970
2019-02-15,54.48,55.19,54.32,55.16,15718120
2019-02-19,55.06,55.66,54.82,55.44,12272680
2019-02-20,55.37,55.91,55.24,55.76,10215300
2019-02-21,55.55,56.72,55.46,56.15,14142340
2019-02-22,56.43,57.13,56.40,56.92,12534320
2019-02-25,57.00,57.27,56.55,56.78,13970920
2019-02-26,56.82,57.09,56.46,56.64,11945270
2019-02-27,56.55,56.73,56.35,56.72,8961895
2019-02-28,56.74,57.61,56.72,56.92,15707800
2019-03-01,57.02,57.15,56.35,56.96,10932210
2019-03-04,57.15,57.34,55.66,56.24,13627050
2019-03-05,56.09,56.17,55.51,56.08,13284260
2019-03-06,56.19,56.42,55.45,55.68,12858510
2019-03-07,55.76,56.40,55.72,56.30,12103160
2019-03-08,56.36,56.68,56.00,56.53,10085190
2019-03-11,56.76,57.62,56.75,57.58,13568650
2019-03-12,57.63,58.11,57.36,57.43,12812360
2019-03-13,57.37,57.74,57.34,57.66,14102070
2019-03-14,57.71,58.09,57.51,57.95,11487870
2019-03-15,58.04,58.51,57.93,58.39,23680810
2019-03-18,58.27,58.32,57.56,58.07,11058220
2019-03-19,58.10,58.20,57.31,57.50,12698320
2019-03-20,57.51,58.05,57.11,57.67,11879370
2019-03-21,57.58,58.49,57.57,58.29,10785870
2019-03-22,58.16,60.00,58.13,59.76,25120870
2019-03-25,59.63,60.19,59.53,60.08,15275450
2019-03-26,60.30,60.69,60.17,60.63,12316420
2019-03-27,60.56,61.19,60.48,60.88,13253270
2019-03-28,60.88,60.89,58.44,59.08,20086910
2019-03-29,59.20,59.27,58.32,59.13,16990050
2019-04-01,59.39,59.41,58.79,59.09,15630380
2019-04-02,59.22,59.23,58.34,58.53,11356600
2019-04-03,58.78,59.07,58.41,58.87,14613900
2019-04-04,58.84,59.10,58.77,58.99,8775469
2019-04-05,59.02,59.09,58.82,59.09,11486550
2019-04-08,59.02,59.13,58.72,59.13,11672960
2019-04-09,58.37,58.56,58.04,58.40,10407510
2019-04-10,58.40,58.70,58.36,58.61,7975955
2019-04-11,58.65,58.73,58.20,58.56,9212881
2019-04-12,58.75,58.79,58.52,58.74,10426210
2019-04-15,58.91,58.95,58.59,58.71,7718557
2019-04-16,58.79,58.98,58.66,58.79,10231120
2019-04-17,58.40,58.46,57.64,57.78,14650810
2019-04-18,57.51,58.20,57.28,58.04,13042170
2019-04-22,58.14,58.49,57.89,58.37,11914780
2019-04-23,57.62,57.72,56.30,57.15,22511450
2019-04-24,57.34,57.57,56.73,57.08,12983810
2019-04-25,56.82,56.90,55.75,55.85,17383000
2019-04-26,56.06,56.81,55.83,56.58,16089490
2019-04-29,56.75,57.17,56.71,56.84,13957610
2019-04-30,56.99,57.45,56.76,57.19,15463860
2019-05-01,57.23,57.30,56.52,56.52,11627440
2019-05-02,56.81,58.23,56.68,56.99,14435440
2019-05-03,57.15,57.36,56.87,57.24,9388228
2019-05-06,56.83,57.09,56.74,56.91,10066150
2019-05-07,56.69,56.81,56.33,56.63,12963830
2019-05-08,56.66,56.70,56.25,56.38,12086740
2019-05-09,56.12,56.56,55.93,56.48,14835330
2019-05-10,56.49,57.04,56.26,56.91,10707340
2019-05-13,56.72,57.34,56.66,56.75,13759350
2019-05-14,56.76,57.19,56.50,56.55,12776180
2019-05-15,56.51,56.84,56.17,56.81,10806380
2019-05-16,57.00,57.80,56.82,57.38,11695060
2019-05-17,57.06,58.48,57.01,58.09,14436660
2019-05-20,59.15,60.54,58.00,59.01,20910590
2019-05-21,59.10,59.63,58.76,59.50,14016320
2019-05-22,59.09,59.37,58.96,59.25,11487450
2019-05-23,59.00,59.27,58.54,58.87,11707080
2019-05-24,59.07,59.36,58.67,59.32,8755506
2019-05-28,59.21,59.87,58.66,58.73,21860760
2019-05-29,58.67,58.93,57.91,58.18,13418750
2019-05-30,57.62,57.62,56.56,56.83,17484860
2019-05-31,55.09,55.44,54.26,54.35,29916640
2019-06-03,54.68,56.49,54.56,56.38,19518700
2019-06-04,56.60,56.98,55.92,56.22,15201160
2019-06-05,56.52,57.38,56.50,57.03,11522940
2019-06-06,57.01,57.81,57.01,57.54,9906903
2019-06-07,58.00,58.14,57.15,57.24,11656620
2019-06-10,57.37,57.37,55.95,56.15,14955400
2019-06-11,56.50,57.40,56.18,56.83,15378960
2019-06-12,57.00,57.56,57.00,57.36,11911000
2019-06-13,57.50,57.74,57.37,57.62,9218887
2019-06-14,57.68,58.56,57.52,58.28,11826640
2019-06-17,58.16,58.33,57.24,57.63,11026990
2019-06-18,57.82,57.99,57.16,57.33,12257480
2019-06-19,57.39,57.85,57.18,57.63,10516400
2019-06-20,57.90,57.95,56.93,57.34,15302830
2019-06-21,57.09,57.92,57.09,57.77,22474320
2019-06-24,57.98,58.66,57.93,58.27,9141816
2019-06-25,58.18,58.26,57.91,58.00,10571660
2019-06-26,58.17,58.22,56.92,56.99,15042120
2019-06-27,57.16,57.37,56.85,57.25,9123323
2019-06-28,57.22,57.43,56.83,57.13,14604020
2019-07-01,57.42,57.42,56.60,56.66,15830010
2019-07-02,56.88,58.15,56.81,58.13,14986780
2019-07-03,58.12,58.25,57.66,58.13,8437771
2019-07-05,58.08,58.51,57.77,58.31,6938475
2019-07-08,57.96,58.30,57.81,57.89,12048200
2019-07-09,56.95,56.99,56.26,56.41,16733670
2019-07-10,56.70,57.11,56.59,57.00,10901460
2019-07-11,57.22,57.39,56.64,56.92,10045750
2019-07-12,57.06,57.27,56.85,57.19,9669824
2019-07-15,57.29,57.80,57.19,57.58,11734390
2019-07-16,57.63,57.73,57.40,57.41,10556200
2019-07-17,57.56,57.70,57.09,57.22,7916651
2019-07-18,57.22,57.32,56.78,57.21,7551137
2019-07-19,57.38,57.46,56.57,56.59,12240350
2019-07-22,56.56,56.58,55.34,55.50,15258030
2019-07-23,55.45,55.63,54.56,55.48,14093470
2019-07-24,55.61,56.24,55.42,55.97,11173900
2019-07-25,56.17,56.61,55.94,56.36,11006060
2019-07-26,56.48,57.23,56.00,57.08,12333120
2019-07-29,57.09,57.44,56.83,57.37,10165710
2019-07-30,57.31,57.60,56.55,56.63,13329300
2019-07-31,56.55,56.72,54.92,55.27,24396170
2019-08-01,57.11,57.29,55.23,55.26,18677000
2019-08-02,55.11,56.30,54.77,55.59,17458790
2019-08-05,55.30,55.90,54.93,55.22,18941510
2019-08-06,55.22,55.55,54.47,55.05,18747890
2019-08-07,54.75,55.52,54.41,55.09,11865460
2019-08-08,55.36,55.83,54.99,55.82,11335860
2019-08-09,55.65,56.06,55.47,55.78,8948021
2019-08-12,55.85,55.89,55.07,55.69,10635610
2019-08-13,55.64,56.50,55.52,56.37,11084930
2019-08-14,56.04,56.52,55.49,55.72,15041170
2019-08-15,55.53,56.58,55.42,56.30,12123990
2019-08-16,56.47,56.69,56.06,56.65,11923470
2019-08-19,56.97,57.50,56.69,57.00,11011910
2019-08-20,56.90,57.00,56.24,56.27,9892768
2019-08-21,56.78,56.78,56.11,56.59,7638295
2019-08-22,56.65,56.96,56.33,56.78,9272475
2019-08-23,56.79,56.91,55.62,55.92,13203640
2019-08-26,56.01,56.73,55.82,56.71,9487220
2019-08-27,57.50,57.66,57.18,57.18,16954030
2019-08-28,57.20,58.12,57.11,57.95,15245580
2019-08-29,58.24,58.31,57.37,57.94,8538415
2019-08-30,57.99,58.41,57.90,58.16,9962934
2019-09-03,57.90,58.19,57.59,58.04,10470260
2019-09-04,58.24,58.55,57.96,58.18,9246418
2019-09-05,58.58,58.63,58.19,58.59,9235025
2019-09-06,58.69,59.10,58.47,59.06,8920240
2019-09-09,59.49,59.52,58.64,58.66,12848690
2019-09-10,59.25,59.80,58.78,59.71,13987010
2019-09-11,59.90,60.18,59.52,60.13,12241520
2019-09-12,60.10,60.55,59.98,60.43,9491370
2019-09-13,60.08,60.45,59.73,59.96,10719280
2019-09-16,59.93,59.99,59.19,59.50,10950530
2019-09-17,59.32,59.90,59.32,59.87,8904038
2019-09-18,59.61,59.98,59.38,59.93,8660008
2019-09-19,59.98,60.40,59.80,59.98,7771657
2019-09-20,60.27,60.38,59.97,60.29,21409600
2019-09-23,60.13,60.69,59.93,60.21,9427872
2019-09-24,60.55,61.00,60.41,60.51,13363240
2019-09-25,60.58,60.66,60.11,60.27,9720826
2019-09-26,60.14,60.67,60.07,60.44,7458621
2019-09-27,60.56,60.70,60.02,60.30,7799072
2019-09-30,60.49,60.90,60.33,60.36,9835210
2019-10-01,60.40,60.43,59.81,59.85,12518950
2019-10-02,59.70,59.72,58.72,58.91,12161360
2019-10-03,59.00,59.12,58.33,59.01,10144960
2019-10-04,58.97,59.98,58.96,59.90,10182450
2019-10-07,59.92,60.59,59.90,60.25,13882000
2019-10-08,60.12,60.19,59.29,59.72,14327040
2019-10-09,59.40,59.45,58.93,59.22,10662960
2019-10-10,59.26,60.02,59.20,59.83,12102070
2019-10-11,60.00,60.38,59.89,59.93,11354910
2019-10-14,59.93,59.98,59.56,59.60,7639672
2019-10-15,59.68,60.69,59.60,60.55,11822120
2019-10-16,60.14,60.41,59.95,60.29,9330895
2019-10-17,60.23,60.43,60.16,60.41,7336510
2019-10-18,60.35,61.30,60.31,61.05,12346320
2019-10-21,61.01,61.23,57.91,60.75,11441990
2019-10-22,61.23,61.23,60.51,60.77,9802244
2019-10-23,60.60,61.32,60.55,60.88,10461910
2019-10-24,60.88,61.02,60.41,60.58,11215280
2019-10-25,60.60,60.88,59.21,60.37,15036380
2019-10-28,60.45,60.66,60.03,60.18,14621420
2019-10-29,60.11,60.32,60.07,60.19,10619890
2019-10-30,60.46,61.07,60.41,60.82,12136520
2019-10-31,60.80,60.82,60.10,60.47,12226600
2019-11-01,61.29,61.34,60.16,60.37,9629052
2019-11-04,59.68,60.61,59.55,59.87,10133310
2019-11-05,59.70,59.87,59.35,59.50,10645430
2019-11-06,59.70,60.13,59.63,60.13,9287592
2019-11-07,60.26,60.58,59.95,60.53,14604420
2019-11-08,60.05,60.16,58.96,59.35,17645420
2019-11-11,59.30,59.69,59.21,59.61,7754152
2019-11-12,59.91,59.94,59.14,59.32,7712812
2019-11-13,59.15,59.52,58.80,59.41,10299580
2019-11-14,58.93,59.34,58.84,59.34,9531143
2019-11-15,59.48,59.53,59.06,59.51,11759000
2019-11-18,59.46,59.46,59.05,59.44,10165240
2019-11-19,59.43,59.75,59.28,59.50,10493730
2019-11-20,59.49,59.66,59.09,59.48,12363280
2019-11-21,59.61,59.69,59.27,59.61,8055988
2019-11-22,59.66,60.03,59.66,59.75,10741290
2019-11-25,59.83,59.85,59.22,59.38,10646820
2019-11-26,59.55,59.91,59.13,59.89,11948570
2019-11-27,60.01,60.27,59.99,60.10,8796408
2019-11-29,60.16,60.53,60.16,60.24,6791427
2019-12-02,60.20,60.23,59.63,59.96,9143324
2019-12-03,59.99,60.20,59.58,60.14,10577990
2019-12-04,60.02,60.63,59.85,60.53,8238341
2019-12-05,60.63,60.92,60.31,60.82,9812785
2019-12-06,61.00,61.28,60.91,61.19,9297383
2019-12-09,60.98,61.11,60.87,61.01,9490329
2019-12-10,61.15,61.23,60.79,61.23,8291060
2019-12-11,61.36,61.42,60.99,61.08,9659014
2019-12-12,61.10,61.63,61.10,61.17,8571629
2019-12-13,61.12,61.19,60.25,60.81,10586000
2019-12-16,60.73,61.27,60.71,61.23,11496360
2019-12-17,61.40,61.70,61.35,61.49,13648970
2019-12-18,61.51,61.70,60.82,60.86,17294400
2019-12-19,60.90,61.12,60.69,60.80,13561200
2019-12-20,61.46,62.22,61.14,62.07,42978490
2019-12-23,62.01,62.15,61.32,61.40,9478096
2019-12-24,61.46,61.46,61.02,61.28,6640141
2019-12-26,61.28,61.37,61.11,61.29,8119017
2019-12-27,61.39,61.62,61.25,61.53,8167014
2019-12-30,61.65,61.69,61.09,61.21,6765687
2019-12-31,61.21,61.40,60.94,61.40,8469384
2020-01-02,61.38,61.45,60.81,61.05,11021240
2020-01-03,60.59,60.79,60.07,60.40,13263520
2020-01-06,60.11,60.59,60.08,60.27,15096550
2020-01-07,60.10,60.17,59.58,59.60,14794960
2020-01-08,59.67,60.10,59.63,59.71,15929730
2020-01-09,58.89,59.40,58.80,58.85,20138470
2020-01-10,59.02,59.30,58.84,58.99,11788290
2020-01-13,59.02,59.37,58.78,59.15,14160350
2020-01-14,59.00,59.13,58.76,59.04,12699380
2020-01-15,59.25,59.42,58.87,59.10,10291320
2020-01-16,59.38,59.85,59.22,59.67,10689810
2020-01-17,59.69,60.15,59.64,60.13,15616140
2020-01-21,60.20,60.47,60.10,60.32,12857650
2020-01-22,60.45,60.82,60.28,60.48,8847068
2020-01-23,60.38,60.53,60.00,60.51,11108980
2020-01-24,60.50,60.66,60.11,60.28,10183010
2020-01-27,59.84,60.36,59.62,59.91,11482270
2020-01-28,59.98,61.00,59.87,60.70,15367470
2020-01-29,60.85,60.92,59.44,59.53,13424490
2020-01-30,58.70,59.39,58.34,59.36,16719650
2020-01-31,59.34,60.05,59.11,59.44,14283610
2020-02-03,59.61,59.68,58.01,58.05,15571010
2020-02-04,58.07,58.57,57.65,58.29,13924580
2020-02-05,58.53,59.19,58.42,59.13,10271860
2020-02-06,59.20,59.67,59.06,59.44,10283700
2020-02-07,59.66,60.15,59.54,59.94,9418323
2020-02-10,59.93,60.24,59.77,60.24,8270243
2020-02-11,60.19,60.35,58.26,58.69,22488200
2020-02-12,58.58,58.86,58.12,58.23,20937990
2020-02-13,58.37,58.83,57.95,58.65,19460060
2020-02-14,58.70,58.81,58.28,58.51,9138943
2020-02-18,58.76,58.76,57.81,57.91,12431580
2020-02-19,58.13,58.58,57.76,58.22,13642760
2020-02-20,58.09,58.36,57.94,58.09,16748580
2020-02-21,57.91,58.25,57.80,58.20,15704330
2020-02-24,58.17,58.69,57.98,57.99,18520940
2020-02-25,58.04,58.40,56.86,57.12,19384910
2020-02-26,57.38,57.87,56.90,57.14,16804640
2020-02-27,56.78,57.38,55.03,55.06,25907210
2020-02-28,53.74,54.18,52.18,54.16,45881220
2020-03-02,55.16,57.54,54.88,57.32,30736230
2020-03-03,57.21,58.05,55.22,55.70,27500190
2020-03-04,56.61,58.25,56.11,58.12,17626440
2020-03-05,56.87,57.52,56.49,57.16,21249900
2020-03-06,55.29,57.21,55.09,56.87,22510850
2020-03-09,54.37,57.58,54.01,55.83,31862180
2020-03-10,56.07,56.89,53.92,56.52,34330870
2020-03-11,55.36,55.53,54.19,54.83,21177500
2020-03-12,51.95,54.00,50.75,51.20,45610600
2020-03-13,53.00,54.37,51.45,54.17,45743960
2020-03-16,50.90,53.20,49.02,50.99,36990390
2020-03-17,51.50,55.48,51.49,54.31,33898020
2020-03-18,53.99,55.93,50.88,54.32,38417420
2020-03-19,53.76,54.92,52.77,53.62,33024860
2020-03-20,52.72,53.04,50.71,51.80,46013780
2020-03-23,50.61,53.27,49.13,50.31,39225120
2020-03-24,51.96,51.96,49.18,49.99,40626870
2020-03-25,49.36,51.91,48.84,49.94,38551330
2020-03-26,49.59,53.90,49.51,53.54,32617570
2020-03-27,52.15,53.84,51.54,52.77,25363640
2020-03-30,53.49,55.03,52.94,54.77,20660180
2020-03-31,54.07,54.54,53.55,53.73,21251790
2020-04-01,52.50,53.45,52.16,52.92,18672610
2020-04-02,53.56,55.50,53.09,55.25,20159400
2020-04-03,55.00,55.24,54.28,54.70,17612480
2020-04-06,55.77,56.94,54.98,56.70,20284430
2020-04-07,57.04,57.88,56.41,56.98,21786000
2020-04-08,57.26,58.02,56.62,57.80,18234200
2020-04-09,56.91,58.10,56.88,57.44,19693910
2020-04-13,57.39,57.60,56.36,56.67,12977720
2020-04-14,57.31,58.40,56.96,58.14,16765560
2020-04-15,57.56,58.01,56.71,56.93,18372750
2020-04-16,57.29,58.00,56.85,57.66,17825840
2020-04-17,58.06,58.68,57.74,58.46,15054290
2020-04-20,58.10,58.91,57.96,58.13,14002240
2020-04-21,57.39,58.04,56.72,56.82,14234510
2020-04-22,57.41,58.57,57.23,57.99,12703200
2020-04-23,58.12,58.66,57.47,57.59,15684410
2020-04-24,57.64,57.99,56.83,57.93,15373620
2020-04-27,57.93,58.29,57.20,57.81,16050130
2020-04-28,57.82,58.38,57.62,57.83,13392570
2020-04-29,58.38,58.60,57.70,58.12,17818130
2020-04-30,57.83,57.96,57.21,57.45,17532410
2020-05-01,57.76,57.79,56.53,56.83,13857420
2020-05-04,56.85,57.03,55.80,56.24,11833620
2020-05-05,56.00,56.94,56.00,56.51,10902380
2020-05-06,56.36,56.66,55.54,55.64,12460380
2020-05-07,56.10,56.15,55.17,55.58,14084020
2020-05-08,56.22,57.03,56.03,57.00,11100310
2020-05-11,56.87,56.91,56.23,56.40,12636810
2020-05-12,56.75,56.75,55.45,55.46,13117720
2020-05-13,55.16,55.55,54.56,54.85,20604550
2020-05-14,54.50,54.93,53.85,54.91,15859230
2020-05-15,54.63,54.76,54.21,54.71,10173960
2020-05-18,55.65,56.20,55.04,55.72,15739190
2020-05-19,55.43,55.55,54.31,54.38,18467060
2020-05-20,54.54,54.90,54.05,54.26,21405380
2020-05-21,54.43,54.64,53.86,53.97,18201040
2020-05-22,53.96,54.29,53.67,54.10,19959960
2020-05-26,54.90,55.24,54.18,54.30,20830540
2020-05-27,54.61,55.22,54.43,55.14,17063780
2020-05-28,55.58,55.79,55.16,55.72,15435420
2020-05-29,55.33,57.79,54.89,57.38,34255790
2020-06-01,56.70,56.90,55.75,55.78,18160960
2020-06-02,55.82,56.46,55.54,56.40,17300360
2020-06-03,56.52,56.98,56.30,56.83,16086720
2020-06-04,56.74,57.37,56.51,57.22,16147300
2020-06-05,57.75,58.12,57.08,57.74,17105620
2020-06-08,57.65,58.20,57.27,58.09,14962960
2020-06-09,57.75,58.13,57.37,57.86,14530770
2020-06-10,57.90,58.23,57.70,58.05,13649070
2020-06-11,57.48,57.94,56.40,56.45,23412480
2020-06-12,56.63,56.81,55.79,56.53,17129160
2020-06-15,55.73,56.54,55.28,56.15,14828780
2020-06-16,56.83,57.32,56.24,56.92,15025950
2020-06-17,57.14,57.17,56.51,56.65,10652050
2020-06-18,56.50,56.96,56.37,56.89,9019542
2020-06-19,57.35,57.47,56.00,56.16,28843750
2020-06-22,55.91,56.26,55.61,55.66,12333880
2020-06-23,55.75,55.84,54.91,54.94,20716400
2020-06-24,54.54,54.56,53.45,53.93,24794570
2020-06-25,53.91,54.38,53.34,54.28,17122520
2020-06-26,54.04,54.06,52.85,53.16,30211860
2020-06-29,53.31,54.71,53.31,54.69,15930280
2020-06-30,54.92,55.28,54.36,55.13,17414760
2020-07-01,55.09,55.33,54.58,54.67,12831580
2020-07-02,55.05,55.41,54.74,54.79,15814540
2020-07-06,55.35,55.43,54.91,55.24,11231080
2020-07-07,54.92,55.33,54.80,55.04,13319700
2020-07-08,55.11,55.44,54.82,55.38,15320850
2020-07-09,54.65,54.65,53.75,53.94,17618360
2020-07-10,53.84,54.58,53.84,54.49,15652220
2020-07-13,54.75,54.77,54.14,54.45,15285110
2020-07-14,54.43,55.65,54.27,55.44,15683600
2020-07-15,55.61,55.72,55.02,55.06,13903600
2020-07-16,54.87,55.83,54.76,55.78,13477440
2020-07-17,56.00,56.59,55.89,56.30,13509680
2020-07-20,56.28,56.28,55.66,55.87,10572870
2020-07-21,55.84,56.50,55.80,55.84,12620950
2020-07-22,55.84,55.95,55.37,55.75,11223550
2020-07-23,55.81,56.09,55.40,55.85,16718750
2020-07-24,56.35,57.57,56.14,56.85,17981680
2020-07-27,57.00,57.33,56.51,56.87,12306670
2020-07-28,57.05,57.70,56.97,57.48,13454720
2020-07-29,57.37,57.69,57.16,57.45,9341803
2020-07-30,57.21,57.46,57.14,57.30,12635810
2020-07-31,56.85,57.50,56.65,57.48,16195140
2020-08-03,57.87,57.87,57.12,57.24,13494540
2020-08-04,57.20,58.14,57.18,57.91,11600950
2020-08-05,58.16,58.19,57.41,57.54,9811687
2020-08-06,57.50,57.95,57.45,57.83,10369910
2020-08-07,57.82,58.55,57.65,58.53,12783920
2020-08-10,58.65,59.15,58.47,58.99,12114530
2020-08-11,59.30,59.61,58.25,58.51,12833070
2020-08-12,58.60,58.97,58.52,58.60,10804020
2020-08-13,58.30,58.60,58.19,58.52,7428615
2020-08-14,58.48,58.94,58.25,58.79,8715886
2020-08-17,58.73,58.93,58.55,58.78,8371892
2020-08-18,58.86,59.47,58.78,59.18,10130830
2020-08-19,59.36,59.44,58.93,59.05,10816320
2020-08-20,58.60,59.09,58.59,58.96,8061476
2020-08-21,59.00,59.04,58.53,58.99,11059280
2020-08-24,59.10,59.61,59.00,59.57,10931470
2020-08-25,59.70,59.75,59.18,59.42,11316840
2020-08-26,59.30,59.50,58.90,59.46,15096370
2020-08-27,59.60,59.79,59.41,59.43,11405260
2020-08-28,59.41,59.41,58.82,59.26,11873880
2020-08-31,59.04,59.44,59.02,59.27,14555480
2020-09-01,59.12,59.30,58.78,59.16,13359390
2020-09-02,59.15,60.74,59.00,60.53,21711850
2020-09-03,60.83,61.28,60.14,60.61,23126840
2020-09-04,60.48,61.50,60.06,60.48,22250110
2020-09-08,60.80,60.80,59.62,59.96,18469720
2020-09-09,60.12,60.75,59.97,60.04,15896200
2020-09-10,60.23,60.25,59.41,59.53,15811190
2020-09-11,59.58,59.96,59.36,59.79,13924840
2020-09-14,60.02,60.78,60.00,60.32,11932530
2020-09-15,60.11,61.10,60.10,60.60,9444313
2020-09-16,60.53,60.93,60.31,60.37,12700860
2020-09-17,60.60,60.99,60.10,60.59,14996160
2020-09-18,60.18,60.94,60.15,60.35,22584520
2020-09-21,60.00,60.08,59.02,59.61,15871370
2020-09-22,59.73,60.37,59.52,59.82,12198930
2020-09-23,59.83,60.14,58.85,58.91,15416210
2020-09-24,59.00,59.56,58.65,59.19,10875280
2020-09-25,58.85,59.45,58.81,59.39,10676510
2020-09-28,59.56,59.80,59.18,59.36,11910450
2020-09-29,59.28,59.49,59.10,59.24,10008190
2020-09-30,59.46,59.70,59.05,59.49,16348370
2020-10-01,59.40,59.60,59.03,59.45,14547080
2020-10-02,59.29,59.55,59.11,59.24,10741770
2020-10-05,59.63,59.84,59.26,59.66,10457440
2020-10-06,59.76,59.97,59.33,59.46,12524940
2020-10-07,59.62,59.78,59.20,59.61,13674660
2020-10-08,59.12,59.73,58.97,59.19,14266450
2020-10-09,59.25,59.54,59.08,59.33,9846192
2020-10-12,59.33,59.68,59.15,59.55,20211240
2020-10-13,59.70,59.72,58.85,59.36,22109560
2020-10-14,59.46,59.52,58.39,58.43,16596710
2020-10-15,58.11,58.28,57.72,58.16,13645770
2020-10-16,58.08,58.43,58.01,58.05,13366400
2020-10-19,58.15,58.29,57.08,57.30,16075110
2020-10-20,57.54,57.67,56.76,57.25,18696190
2020-10-21,57.11,57.71,56.69,56.75,21498300
2020-10-22,56.93,57.66,56.51,57.33,16638560
2020-10-23,57.75,57.97,57.46,57.96,12879560
2020-10-26,57.52,57.85,56.97,57.81,15196810
2020-10-27,57.70,57.85,57.31,57.38,12253030
2020-10-28,56.91,57.35,56.12,56.31,18720210
2020-10-29,56.16,57.31,56.02,56.76,19146140
2020-10-30,56.60,57.07,56.37,56.99,17636910
2020-11-02,57.67,58.20,57.00,57.70,16086430
2020-11-03,57.81,58.38,57.51,57.75,10693450
2020-11-04,57.19,57.85,56.58,57.22,20785670
2020-11-05,58.01,58.97,57.80,58.15,20156430
2020-11-06,58.08,58.75,58.01,58.53,11986220
2020-11-09,60.04,60.58,59.51,59.84,24265940
2020-11-10,60.28,61.41,60.20,61.10,22051820
2020-11-11,61.29,61.35,60.47,61.00,12196930
2020-11-12,60.91,61.01,60.34,60.79,13297930
2020-11-13,60.63,61.19,60.38,61.06,10655570
2020-11-16,60.81,61.46,60.70,60.89,14289350
2020-11-17,60.56,61.02,60.36,60.75,11698190
2020-11-18,61.13,61.15,60.30,60.32,11698770
2020-11-19,60.40,60.44,59.90,60.21,12662960
2020-11-20,60.21,60.33,59.95,60.04,14225740
2020-11-23,60.01,60.39,60.00,60.23,11602200
2020-11-24,60.60,60.80,60.36,60.64,15485020
2020-11-25,60.67,60.74,60.33,60.41,10604310
2020-11-27,60.52,60.74,60.41,60.58,5763683
2020-11-30,60.32,60.60,60.19,60.41,21839110
2020-12-01,60.43,60.92,60.28,60.58,14283160
2020-12-02,61.40,61.95,61.01,61.36,14169950
2020-12-03,61.11,61.83,61.04,61.74,11937200
2020-12-04,61.55,61.80,61.27,61.55,10495840
2020-12-07,61.52,61.70,61.17,61.35,12537550
2020-12-08,61.18,61.70,60.88,61.45,13421080
2020-12-09,61.45,61.82,61.09,61.46,14949510
2020-12-10,61.26,61.35,60.33,60.51,15464440
2020-12-11,60.08,60.53,59.97,60.35,13672970
2020-12-14,60.61,61.06,59.77,59.98,15706490
2020-12-15,60.07,60.74,59.97,60.55,15877170
2020-12-16,60.20,60.45,59.66,59.91,17165870
2020-12-17,59.98,60.15,59.61,60.01,12095490
2020-12-18,60.00,60.78,59.79,60.46,31909360
2020-12-21,60.06,60.13,59.28,59.49,18567510
2020-12-22,59.32,59.41,58.86,58.99,12958660
2020-12-23,59.20,59.28,58.88,58.96,14012390
2020-12-24,59.00,59.07,58.66,58.84,7751101
2020-12-28,59.16,59.18,58.65,58.98,15355630
2020-12-29,59.03,59.24,58.64,58.81,15686130
2020-12-30,58.83,58.94,58.06,58.14,18259790
2020-12-31,58.06,58.80,58.02,58.75,12906330
2021-01-04,58.96,59.15,58.44,58.85,19129820
2021-01-05,58.86,59.09,58.45,58.58,16220030
2021-01-06,58.81,59.54,58.54,59.29,22678540
2021-01-07,58.27,58.76,58.08,58.53,19079880
2021-01-08,58.23,58.36,57.37,57.80,28411560
2021-01-11,57.75,58.05,57.28,57.46,15701550
2021-01-12,57.27,57.45,56.69,57.26,22699270
2021-01-13,57.22,57.25,56.88,57.06,16985370
2021-01-14,56.89,57.42,56.66,57.04,18341090
2021-01-15,56.78,57.50,56.71,57.38,15785270
2021-01-19,57.44,57.58,56.98,57.05,18821290
2021-01-20,57.01,57.39,56.66,57.26,19923100
2021-01-21,57.19,57.51,57.05,57.27,13604850
2021-01-22,57.17,57.69,56.76,57.47,16364510
2021-01-25,57.47,58.62,57.18,58.42,22444340
2021-01-26,56.99,57.27,56.41,56.57,37892720
2021-01-27,56.64,56.96,55.06,55.13,37238980
2021-01-28,55.00,56.33,55.00,55.37,24000760
2021-01-29,55.00,55.27,54.48,54.75,26231160
2021-02-01,55.27,55.27,54.22,54.28,20541080
2021-02-02,54.43,55.16,54.17,54.50,18974490
2021-02-03,54.31,54.90,54.25,54.79,13909320
2021-02-04,54.76,55.37,54.59,55.14,14761730
2021-02-05,55.20,55.67,55.17,55.32,12069510
2021-02-08,55.37,55.48,54.79,55.05,17887730
2021-02-09,55.02,55.30,54.68,55.00,19605590
2021-02-10,55.22,55.44,54.92,54.96,16232810
2021-02-11,55.02,55.06,54.48,54.60,17398760
2021-02-12,54.42,54.68,54.18,54.20,18357320
2021-02-16,54.11,54.32,53.83,54.15,22095660
2021-02-17,56.00,57.25,55.63,56.99,40617210
2021-02-18,56.94,57.61,56.53,56.98,20759950
2021-02-19,57.33,57.40,56.35,56.45,18689450
2021-02-22,56.53,56.84,56.15,56.45,17854900
2021-02-23,56.81,57.53,56.28,57.03,21061970
2021-02-24,57.08,57.42,56.67,57.12,17136950
2021-02-25,56.12,56.86,55.74,56.50,24165330
2021-02-26,56.47,56.60,55.29,55.30,23935170
2021-03-01,55.49,55.95,55.28,55.36,20550350
2021-03-02,55.31,55.52,54.92,54.98,17184560
2021-03-03,54.56,55.97,54.40,55.38,22838740
2021-03-04,55.55,55.62,54.53,54.80,23691960
2021-03-05,54.95,56.20,54.92,56.00,23598090
2021-03-08,55.95,57.30,55.82,56.79,23648820
2021-03-09,56.90,57.10,56.17,56.20,20956420
2021-03-10,56.69,57.29,55.85,57.08,18848590
2021-03-11,57.01,57.19,55.47,55.51,30312880
2021-03-12,55.73,56.17,55.61,55.63,22002420
2021-03-15,55.81,55.94,55.10,55.64,18983380
2021-03-16,55.70,55.92,55.44,55.64,19044720
2021-03-17,55.77,56.12,55.29,55.75,17866950
2021-03-18,55.75,56.37,55.66,56.31,19970730
2021-03-19,56.43,56.52,55.95,56.24,39055020
2021-03-22,55.87,56.67,55.77,56.59,20656570
2021-03-23,56.42,57.42,56.38,56.91,20084120
2021-03-24,56.74,57.43,56.63,57.01,14819760
2021-03-25,57.05,57.54,56.70,57.38,18047420
2021-03-26,57.43,58.25,57.38,58.18,19632700
2021-03-29,58.09,58.98,57.95,58.83,18577280
2021-03-30,58.87,58.97,58.23,58.59,13239750
2021-03-31,58.40,58.52,58.06,58.15,19531730
2021-04-01,58.02,58.39,57.73,58.30,12885080
2021-04-05,58.53,59.13,58.46,58.87,14326320
2021-04-06,58.81,59.11,58.68,59.11,12198320
2021-04-07,59.13,59.46,58.78,59.00,13218410
2021-04-08,58.04,58.13,57.53,57.60,16472400
2021-04-09,57.60,57.80,57.25,57.49,13871990
2021-04-12,57.66,57.88,57.42,57.54,19564560
2021-04-13,57.37,57.76,57.16,57.62,15489080
2021-04-14,57.50,58.13,57.29,57.70,13890130
2021-04-15,57.56,57.91,57.54,57.70,13338440
2021-04-16,58.07,58.48,57.80,58.28,19866190
2021-04-19,58.50,58.71,58.09,58.39,11955360
2021-04-20,58.12,58.54,57.97,58.39,16673640
2021-04-21,58.40,58.84,58.05,58.14,18310060
2021-04-22,57.94,58.09,57.13,57.28,20921930
2021-04-23,57.13,57.47,56.78,57.30,18103500
2021-04-26,57.36,57.39,56.85,56.94,15073590
2021-04-27,56.58,56.72,56.20,56.32,21858610
2021-04-28,56.37,56.66,56.34,56.43,12862540
2021-04-29,56.55,57.52,56.53,57.32,18169160
2021-04-30,57.35,57.86,56.96,57.79,16861520
2021-05-03,58.23,58.33,57.87,57.92,17559070
2021-05-04,57.98,58.65,57.95,58.60,22067720
2021-05-05,58.63,59.06,58.55,58.69,12182500
2021-05-06,58.91,59.37,58.69,59.29,14593090
2021-05-07,58.80,59.07,58.60,58.72,15678650
2021-05-10,59.08,59.85,59.02,59.52,22563000
2021-05-11,59.79,59.79,58.29,58.54,17971890
2021-05-12,58.25,58.90,58.15,58.41,14718590
2021-05-13,58.00,59.19,57.96,58.81,13307890
2021-05-14,59.01,59.26,58.67,58.69,13770300
2021-05-17,58.89,59.07,57.87,57.94,22336030
2021-05-18,57.50,57.50,56.64,57.18,26578950
2021-05-19,56.52,56.94,56.35,56.92,20213490
2021-05-20,56.91,57.25,56.75,56.79,20768860
2021-05-21,57.06,57.30,56.74,56.91,15474380
2021-05-24,57.09,57.30,56.78,56.98,12970740
2021-05-25,57.00,57.03,56.29,56.48,15935070
2021-05-26,56.47,56.56,56.27,56.36,14045240
2021-05-27,56.32,56.55,56.02,56.29,30754270
2021-05-28,56.35,56.64,56.29,56.49,14027800
2021-06-01,56.75,56.86,56.24,56.38,14922780
2021-06-02,56.31,56.84,56.17,56.65,13681110
2021-06-03,56.70,57.22,56.58,56.98,14212510
2021-06-04,56.92,57.37,56.90,57.30,11868080
2021-06-07,57.23,57.33,57.07,57.20,11144120
2021-06-08,57.24,57.25,56.79,57.15,15858380
2021-06-09,57.15,57.52,57.01,57.05,14705150
2021-06-10,57.33,57.61,57.22,57.34,12013570
2021-06-11,57.49,57.55,57.01,57.33,12928960
2021-06-14,57.19,57.27,56.85,57.18,11907640
2021-06-15,57.18,57.45,57.16,57.29,12602710
2021-06-16,57.37,57.39,56.63,56.64,15678400
2021-06-17,56.65,56.92,56.50,56.53,14761100
2021-06-18,56.31,56.31,55.57,55.82,38210480
2021-06-21,56.07,56.49,55.98,56.39,13628220
2021-06-22,56.69,56.78,56.28,56.37,13866620
2021-06-23,56.45,56.75,56.05,56.07,16524470
2021-06-24,56.16,56.41,56.06,56.37,15386230
2021-06-25,56.27,56.52,56.19,56.38,14540330
2021-06-28,56.38,56.50,56.17,56.18,13754940
2021-06-29,56.20,56.37,55.82,55.84,15313030
2021-06-30,55.76,56.14,55.76,56.03,14559690
2021-07-01,56.18,56.43,56.02,56.29,11672240
2021-07-02,56.38,56.57,56.26,56.44,11392800
2021-07-06,56.48,56.51,56.00,56.41,13815930
2021-07-07,56.35,56.58,56.20,56.53,14393310
2021-07-08,55.75,55.98,55.55,55.68,18384000
2021-07-09,55.70,56.23,55.62,56.07,13756990
2021-07-12,55.99,56.35,55.88,56.15,13451460
2021-07-13,56.27,56.48,56.00,56.09,12511850
2021-07-14,56.09,56.43,56.03,56.32,14821710
2021-07-15,56.32,56.59,56.24,56.55,12813950
2021-07-16,56.68,56.79,56.41,56.46,11637940
2021-07-19,56.17,56.44,55.31,55.84,21958550
2021-07-20,55.95,56.77,55.53,55.58,20258940
2021-07-21,56.54,56.85,55.92,55.95,25264050
2021-07-22,56.15,56.28,55.62,55.95,16231400
2021-07-23,55.83,56.03,55.64,55.88,14894330
2021-07-26,55.88,55.94,55.55,55.78,15330450
2021-07-27,55.67,56.34,55.48,56.20,15225790
2021-07-28,56.24,56.32,55.69,55.72,14595870
2021-07-29,55.89,56.18,55.88,55.98,12841870
2021-07-30,56.03,56.18,55.76,55.78,13856890
2021-08-02,56.06,56.26,55.68,55.76,13833360
2021-08-03,55.76,55.95,55.57,55.73,12573080
2021-08-04,55.60,55.71,55.28,55.37,16446090
2021-08-05,55.41,55.50,55.25,55.30,12776590
2021-08-06,55.33,55.59,55.21,55.22,12660270
2021-08-09,55.28,55.42,55.11,55.12,13452450
2021-08-10,55.10,55.53,55.00,55.48,11756920
2021-08-11,55.61,55.84,55.52,55.57,11727290
2021-08-12,55.62,55.80,55.53,55.64,10748450
2021-08-13,55.70,55.98,55.68,55.87,8384635
2021-08-16,55.92,56.07,55.58,55.98,12977100
2021-08-17,55.87,56.20,55.77,56.18,11847560
2021-08-18,56.05,56.07,55.45,55.47,15093540
2021-08-19,55.30,55.66,55.19,55.37,12679930
2021-08-20,55.33,55.71,55.20,55.52,10645070
2021-08-23,55.55,55.71,55.41,55.42,11963680
2021-08-24,55.41,55.42,55.00,55.01,15478360
2021-08-25,55.02,55.08,54.81,54.93,14666270
2021-08-26,54.91,55.05,54.57,54.60,15256170
2021-08-27,54.65,54.83,54.53,54.77,13213770
2021-08-30,54.74,54.96,54.68,54.77,11621180
2021-08-31,54.71,55.14,54.58,55.00,18405560
2021-09-01,55.00,55.15,54.80,54.94,12647350
2021-09-02,54.93,55.31,54.90,55.29,12879820
2021-09-03,55.24,55.50,55.17,55.43,11008650
2021-09-07,55.38,55.50,54.80,54.82,15500870
2021-09-08,54.79,55.09,54.79,54.91,11835910
2021-09-09,54.83,54.87,54.43,54.44,19403340
2021-09-10,54.56,54.66,54.22,54.23,15944100
2021-09-13,54.40,54.98,54.40,54.62,20749010
2021-09-14,54.65,54.77,54.28,54.41,16937520
2021-09-15,54.31,54.66,54.31,54.57,15330010
2021-09-16,54.62,54.79,54.35,54.43,14431370
2021-09-17,54.14,54.46,54.06,54.28,30800320
2021-09-20,54.06,54.58,54.01,54.26,20440540
2021-09-21,54.29,54.64,54.01,54.03,16906850
2021-09-22,54.14,54.39,54.02,54.06,15907950
2021-09-23,54.20,54.61,54.01,54.42,14714110
2021-09-24,54.36,54.57,54.24,54.37,12663950
2021-09-27,54.45,54.65,54.38,54.47,13118250
2021-09-28,54.45,54.69,54.03,54.16,19528250
2021-09-29,54.09,54.66,54.09,54.38,14822970
2021-09-30,54.50,54.51,54.00,54.01,18744170
2021-10-01,54.02,54.56,53.92,54.30,18618430
2021-10-04,54.45,54.85,54.27,54.50,18159210
2021-10-05,54.64,54.81,54.32,54.51,13218160
2021-10-06,54.34,54.59,54.01,54.53,21339790
2021-10-07,54.04,54.35,53.83,53.90,18069590
2021-10-08,53.87,53.97,53.22,53.24,21384640
2021-10-11,53.26,53.29,51.98,52.18,32088450
2021-10-12,52.18,52.18,51.11,51.33,42153950
2021-10-13,51.21,51.41,50.86,51.35,27246870
2021-10-14,51.27,51.98,51.16,51.92,27764850
2021-10-15,52.08,52.81,52.02,52.27,27005540
2021-10-18,52.16,52.32,51.64,51.91,20853520
2021-10-19,52.00,52.42,51.92,52.35,16094800
2021-10-20,52.78,53.74,52.72,53.61,30659510
2021-10-21,53.77,53.93,53.07,53.39,17771130
2021-10-22,53.42,53.42,52.88,52.93,16074020
2021-10-25,52.97,53.10,52.46,52.58,15987350
2021-10-26,52.70,53.17,52.56,53.08,15185170
2021-10-27,53.17,53.20,52.47,52.63,15007370
2021-10-28,52.75,53.15,52.62,52.80,18374710
2021-10-29,52.50,53.05,52.41,52.99,17763230
2021-11-01,53.24,53.37,52.87,52.95,14177720
2021-11-02,53.05,53.09,52.51,52.57,16913830
2021-11-03,52.59,53.07,52.52,52.94,12240050
2021-11-04,52.91,52.91,51.20,51.85,30807500
2021-11-05,52.02,52.80,52.02,52.24,17442840
2021-11-08,52.30,52.41,51.91,52.33,15985230
2021-11-09,52.30,52.37,51.99,52.24,16014150
2021-11-10,52.42,52.76,52.21,52.60,16261060
2021-11-11,52.74,52.74,52.36,52.45,10983690
2021-11-12,52.51,52.52,52.29,52.34,14378450
2021-11-15,52.44,52.54,52.07,52.40,14282660
2021-11-16,52.51,52.62,52.04,52.06,15876080
2021-11-17,52.01,52.06,51.61,51.73,17679160
2021-11-18,51.50,51.65,51.12,51.24,19490330
2021-11-19,51.28,51.31,50.67,50.86,21105210
2021-11-22,50.85,52.02,50.65,51.54,22756780
2021-11-23,51.56,52.15,51.56,51.75,21507620
2021-11-24,51.63,52.11,51.59,51.66,15474540
2021-11-26,51.15,52.20,51.10,51.80,17048140
2021-11-29,51.61,51.85,51.33,51.66,18652480
2021-11-30,51.26,51.36,50.04,50.27,47766180
2021-12-01,50.50,50.92,49.74,49.77,26305110
2021-12-02,49.83,51.17,49.78,50.73,27364370
2021-12-03,50.59,51.49,50.52,51.42,24711730
2021-12-06,51.64,51.93,50.96,51.07,22433140
2021-12-07,51.00,51.01,50.13,50.79,27754710
2021-12-08,50.72,50.85,50.15,50.49,20452740
2021-12-09,50.40,50.40,49.87,50.16,23628310
2021-12-10,50.33,50.33,49.99,50.19,18498730
2021-12-13,50.10,50.54,49.69,50.28,27618840
2021-12-14,50.37,51.15,50.18,50.65,31555920
2021-12-15,50.83,51.04,50.48,50.55,24115730
2021-12-16,50.66,52.91,50.55,52.75,40091270
2021-12-17,53.05,53.22,52.36,53.17,54604900
2021-12-20,52.73,53.34,52.69,53.09,23418010
2021-12-21,53.26,53.33,52.65,52.78,23905320
2021-12-22,52.58,52.90,52.05,52.77,16486470
2021-12-23,52.85,53.09,52.67,52.68,14921400
2021-12-27,52.69,52.82,52.45,52.68,19710750
2021-12-28,52.63,53.09,52.61,52.72,12129050
2021-12-29,52.77,52.88,52.34,52.36,15109500
2021-12-30,52.38,52.57,52.08,52.25,15615510
2021-12-31,52.20,52.31,51.88,51.96,15911390
2022-01-03,52.07,52.56,51.98,52.44,18243160
2022-01-04,52.64,53.71,52.55,53.47,26376760
2022-01-05,53.84,54.64,53.51,54.02,28697300
2022-01-06,54.48,54.55,53.66,53.76,21563760
2022-01-07,53.26,54.36,53.26,54.24,26512540
2022-01-10,54.49,54.83,53.81,53.87,24929410
2022-01-11,53.92,54.08,53.16,53.59,18598500
2022-01-12,53.39,53.66,53.09,53.45,12778490
2022-01-13,53.52,54.03,53.17,53.52,18178180
2022-01-14,53.59,53.70,53.08,53.28,18695780
2022-01-18,53.10,53.57,52.58,53.43,21572440
2022-01-19,53.47,53.68,52.87,53.50,18374190
2022-01-20,53.49,53.94,53.08,53.40,24297090
2022-01-21,53.73,53.90,53.07,53.16,25294820
2022-01-24,53.11,53.71,52.20,52.96,32535050
2022-01-25,53.13,53.85,52.26,52.90,32075940
2022-01-26,52.62,52.86,50.81,51.02,41504690
2022-01-27,50.91,52.07,50.81,51.19,35346510
2022-01-28,51.44,52.93,51.19,52.90,29490770
2022-01-31,52.52,53.32,52.21,53.23,25182370
2022-02-01,53.40,53.60,52.21,53.20,33045580
2022-02-02,53.56,54.28,53.30,53.80,24160190
2022-02-03,54.00,54.57,53.70,53.79,21219830
2022-02-04,53.52,53.83,53.23,53.31,16199780
2022-02-07,53.23,53.36,52.51,53.00,15438920
2022-02-08,53.01,53.17,52.58,52.82,13911680
2022-02-09,53.15,53.66,52.88,53.50,16449310
2022-02-10,53.34,53.54,52.90,53.04,18644430
2022-02-11,52.95,53.46,52.70,53.32,18833150
2022-02-14,53.25,53.45,52.50,53.27,16081700
2022-02-15,53.30,53.59,53.15,53.36,12827960
2022-02-16,53.19,53.80,53.09,53.40,17277880
2022-02-17,53.10,53.59,52.78,53.58,17462470
2022-02-18,53.56,53.96,53.28,53.83,20298510
2022-02-22,54.00,54.03,53.59,53.90,19858390
2022-02-23,53.90,53.93,53.24,53.41,17841860
2022-02-24,52.97,53.16,51.71,52.59,30079680
2022-02-25,53.08,54.54,53.08,54.12,31444250
2022-02-28,53.80,54.10,53.40,53.67,30593850
2022-03-01,53.50,54.19,53.26,53.61,24693080
2022-03-02,53.67,54.41,53.53,54.14,20712860
2022-03-03,54.38,55.15,54.17,54.66,27577670
2022-03-04,54.43,55.39,54.26,55.11,26917790
2022-03-07,54.75,55.24,54.50,54.68,24962850
2022-03-08,54.96,55.34,53.19,53.25,36526710
2022-03-09,53.72,53.81,53.01,53.08,23049830
2022-03-10,53.00,53.34,52.78,53.23,17501820
2022-03-11,53.36,53.58,53.01,53.04,20838500
2022-03-14,53.43,53.67,52.44,52.50,23124140
2022-03-15,52.69,53.00,52.21,52.76,20477590
2022-03-16,52.87,53.00,51.95,52.49,28500740
2022-03-17,52.48,52.54,51.99,52.36,22931520
2022-03-18,52.12,52.29,50.80,50.80,70390620
2022-03-21,51.37,51.81,50.97,51.10,39892830
2022-03-22,51.19,51.46,50.95,51.00,28676580
2022-03-23,51.05,51.46,50.96,50.97,25988810
2022-03-24,51.04,51.19,50.93,51.00,21087320
2022-03-25,51.06,51.46,50.97,51.28,18771990
2022-03-28,51.36,51.39,50.95,51.17,21688600
2022-03-29,51.32,51.34,50.96,51.25,28193430
2022-03-30,51.22,51.63,51.08,51.61,23821190
2022-03-31,51.66,51.75,50.93,50.94,31027610
2022-04-01,51.02,52.19,50.81,52.12,30550320
2022-04-04,52.02,52.50,51.63,52.46,25800850
2022-04-05,52.20,52.90,52.13,52.78,23150620
2022-04-06,52.81,53.43,52.56,53.20,28661720
2022-04-07,52.45,52.98,52.04,52.67,22790550
2022-04-08,52.73,53.68,52.50,53.53,24852230
2022-04-11,53.87,54.70,53.71,53.90,33614950
2022-04-12,53.87,54.05,53.42,53.67,21136410
2022-04-13,53.59,54.37,53.59,54.14,19797980
2022-04-14,54.00,54.19,53.78,53.83,16915090
2022-04-18,53.76,54.28,53.22,53.39,14394310
2022-04-19,53.58,53.91,53.46,53.75,12890020
2022-04-20,53.76,54.49,53.70,54.41,19563380
2022-04-21,54.61,55.51,54.47,55.01,32821140
2022-04-22,53.44,53.54,51.46,51.91,44958420
2022-04-25,51.34,51.44,49.54,50.28,46028360
2022-04-26,50.26,50.65,49.37,49.41,29507710
2022-04-27,49.51,49.51,48.42,48.46,30582040
2022-04-28,48.69,49.17,48.30,48.40,33011680
2022-04-29,48.16,48.20,46.17,46.30,41014200
2022-05-02,46.51,47.05,45.55,46.23,33309410
2022-05-03,46.39,47.41,46.06,47.17,33263060
2022-05-04,47.24,48.41,47.00,48.37,29564580
2022-05-05,48.03,48.33,47.41,47.84,20664330
2022-05-06,47.60,48.44,47.52,48.27,19322030
2022-05-09,48.13,48.86,47.75,48.62,24391310
2022-05-10,48.90,49.44,47.77,48.13,23007260
2022-05-11,48.18,48.52,47.62,47.88,20133180
2022-05-12,47.81,48.18,47.41,48.06,21623920
2022-05-13,48.25,48.45,47.61,48.18,21080480
2022-05-16,47.98,49.20,47.76,49.04,22754650
2022-05-17,48.95,49.20,48.53,48.94,22043060
2022-05-18,48.95,49.46,48.63,48.89,22365080
2022-05-19,48.46,49.18,48.13,49.10,23186390
2022-05-20,49.04,49.60,48.92,49.53,24181820
2022-05-23,49.79,50.27,49.49,49.67,16761780
2022-05-24,49.69,50.82,48.86,50.68,25414670
2022-05-25,50.50,51.27,50.39,51.24,19831480
2022-05-26,51.31,51.60,50.91,50.99,15500360
2022-05-27,50.75,51.43,50.53,51.40,13347350
2022-05-31,51.26,51.56,50.85,51.29,25016560
2022-06-01,51.44,51.63,51.05,51.40,15358130
2022-06-02,51.55,51.59,50.39,51.29,13527850
2022-06-03,50.94,51.25,50.69,50.81,10819820
2022-06-06,50.93,51.35,50.72,51.24,12898060
2022-06-07,51.15,51.70,50.93,51.65,15382980
2022-06-08,51.73,51.96,51.44,51.55,13249740
2022-06-09,51.62,51.77,50.92,50.94,12079270
2022-06-10,50.65,51.40,50.47,50.82,19871440
2022-06-13,50.62,50.79,49.40,49.59,23762460
2022-06-14,49.59,49.84,48.90,49.16,20278710
2022-06-15,49.23,49.83,48.59,49.15,22005590
2022-06-16,48.52,48.97,48.01,48.84,22029330
2022-06-17,48.61,49.48,48.53,49.03,36469520
2022-06-21,49.31,50.91,49.22,50.65,34258510
2022-06-22,50.26,51.17,50.21,50.79,23651570
2022-06-23,51.03,52.18,51.03,52.09,21736430
2022-06-24,52.03,52.15,50.57,50.96,28490740
2022-06-27,51.29,51.49,50.65,50.96,16974910
2022-06-28,51.07,51.30,50.43,50.46,16616610
2022-06-29,50.48,51.00,50.32,50.94,13901450
2022-06-30,50.67,51.22,50.46,50.75,18880500
2022-07-01,50.96,51.77,50.58,51.64,14189320
2022-07-05,51.42,51.46,50.48,51.42,19687280
2022-07-06,51.42,51.88,51.13,51.51,14938950
2022-07-07,50.96,51.05,50.36,50.71,13617050
2022-07-08,50.52,50.92,50.41,50.49,13959150
2022-07-11,50.37,50.73,50.26,50.50,12261840
2022-07-12,50.65,51.36,50.28,50.78,20528740
2022-07-13,50.44,51.09,50.20,50.51,13362450
2022-07-14,49.92,50.56,49.73,50.49,10271680
2022-07-15,51.00,51.04,50.35,51.02,13021340
2022-07-18,51.06,51.17,50.17,50.28,16173080
2022-07-19,50.48,50.56,50.24,50.45,14638480
2022-07-20,50.47,50.55,49.01,49.07,29611360
2022-07-21,47.63,47.88,46.68,47.66,32320980
2022-07-22,45.95,46.18,43.77,44.45,58265020
2022-07-25,44.38,44.80,44.05,44.76,27180710
2022-07-26,44.50,45.16,44.27,44.92,20571800
2022-07-27,44.81,45.09,44.45,44.91,21560480
2022-07-28,44.84,45.72,44.75,45.55,22051870
2022-07-29,45.71,46.49,45.58,46.19,23129840
2022-08-01,46.29,46.50,45.92,46.26,18612100
2022-08-02,46.25,46.43,45.31,45.34,18710320
2022-08-03,45.46,45.60,45.18,45.33,17314110
2022-08-04,45.22,45.22,44.36,44.43,29704280
2022-08-05,44.48,44.98,44.36,44.95,17297480
2022-08-08,44.95,45.01,44.35,44.54,20601700
2022-08-09,44.61,44.85,44.39,44.68,14554020
2022-08-10,45.01,45.06,44.65,44.84,16402720
2022-08-11,44.96,45.26,44.73,44.78,15407260
2022-08-12,44.95,45.26,44.81,45.15,15090890
2022-08-15,45.03,45.64,44.94,45.56,15713640
2022-08-16,45.50,46.05,45.38,45.80,14112760
2022-08-17,45.43,45.72,45.26,45.34,11294440
2022-08-18,44.42,44.53,43.91,44.19,25957370
2022-08-19,44.10,44.49,43.96,44.42,19485360
2022-08-22,44.40,44.47,44.09,44.17,15031370
2022-08-23,44.00,44.13,43.42,43.47,19014210
2022-08-24,43.55,43.63,43.22,43.55,17384400
2022-08-25,43.65,43.82,43.42,43.74,14327640
2022-08-26,43.59,43.70,43.24,43.25,16795670
2022-08-29,43.02,43.56,43.02,43.33,15039490
2022-08-30,43.38,43.38,42.50,42.53,20705140
2022-08-31,42.47,42.59,41.76,41.81,28368160
2022-09-01,41.64,42.05,41.64,41.81,21641700
2022-09-02,42.00,42.21,41.15,41.30,21155670
2022-09-06,41.35,41.69,41.09,41.10,23898620
2022-09-07,41.14,41.65,41.00,41.08,25548330
2022-09-08,41.00,41.72,40.71,41.32,28753210
2022-09-09,41.68,42.32,41.47,42.24,20264010
2022-09-12,42.59,42.85,42.41,42.76,18553230
2022-09-13,42.40,42.61,41.57,41.75,21284540
2022-09-14,41.75,41.93,40.98,41.28,23152190
2022-09-15,41.03,41.27,40.70,41.03,22763390
2022-09-16,40.98,41.54,40.66,41.25,45069320
2022-09-19,41.06,41.25,40.69,41.24,18960850
2022-09-20,40.99,40.99,40.47,40.59,15561210
2022-09-21,40.69,40.90,39.47,39.48,25612130
2022-09-22,39.47,40.40,39.26,39.93,19806380
2022-09-23,39.56,39.87,39.11,39.52,19439740
2022-09-26,39.23,39.38,38.63,38.93,21345730
2022-09-27,39.20,39.70,38.78,38.89,20357670
2022-09-28,39.06,39.51,39.01,39.39,20567390
2022-09-29,39.11,39.20,38.45,38.64,17806890
2022-09-30,38.54,38.79,37.95,37.97,23523580
2022-10-03,38.50,39.37,38.38,39.16,21495260
2022-10-04,39.50,39.85,39.25,39.81,25922460
2022-10-05,39.34,39.62,38.87,39.40,17797910
2022-10-06,39.47,39.66,37.77,37.84,36663250
2022-10-07,37.63,37.70,36.81,36.85,31838660
2022-10-10,37.13,37.31,36.37,36.62,21622180
2022-10-11,36.56,36.69,35.93,35.94,27708920
2022-10-12,35.90,36.20,35.60,35.68,23336830
2022-10-13,35.12,36.59,35.04,36.40,33118130
2022-10-14,36.80,36.91,36.34,36.38,26026320
2022-10-17,36.72,37.30,36.59,37.18,21962930
2022-10-18,37.67,37.70,36.83,37.07,27488570
2022-10-19,36.57,37.37,36.56,36.57,29563610
2022-10-20,36.57,37.53,36.55,37.00,35523690
2022-10-21,35.52,35.70,34.55,35.35,51671130
2022-10-24,35.66,36.39,35.57,35.97,28844840
2022-10-25,35.91,36.48,35.80,36.43,25496450
2022-10-26,36.38,36.71,36.20,36.43,20336110
2022-10-27,36.69,36.72,36.13,36.18,20268030
2022-10-28,36.80,38.04,36.57,37.67,31824350
2022-10-31,37.51,37.54,37.02,37.37,26630590
2022-11-01,37.98,38.09,37.30,37.37,22968930
2022-11-02,37.25,38.34,37.16,37.71,30648860
2022-11-03,37.36,37.54,37.12,37.15,22329780
2022-11-04,37.35,37.37,36.80,37.24,17599450
2022-11-07,37.32,37.45,36.98,37.19,19697590
2022-11-08,37.20,37.99,37.16,37.87,17392700
2022-11-09,37.92,38.13,37.59,37.62,17574620
2022-11-10,38.30,38.55,37.81,38.52,23049020
2022-11-11,38.55,38.69,37.81,38.30,22980970
2022-11-14,38.45,38.99,38.30,38.31,22703200
2022-11-15,38.49,38.83,37.46,37.70,25074060
2022-11-16,37.66,38.07,37.63,37.88,18962150
2022-11-17,37.55,38.18,37.29,38.16,18788610
2022-11-18,38.29,38.77,38.29,38.55,17821690
2022-11-21,38.60,39.13,38.52,38.62,19184220
2022-11-22,38.84,39.32,38.84,39.20,19809520
2022-11-23,39.03,39.20,38.61,38.92,14170010
2022-11-25,39.10,39.36,38.97,39.02,7725741
2022-11-28,39.01,39.09,38.13,38.24,21563590
2022-11-29,38.02,38.37,37.95,38.34,14008830
2022-11-30,38.21,39.14,38.15,38.98,31358760
2022-12-01,39.18,39.23,37.81,38.33,26276610
2022-12-02,37.93,38.30,37.70,38.18,21677140
2022-12-05,37.98,38.11,36.90,37.07,27561040
2022-12-06,36.99,37.07,36.62,36.89,26293700
2022-12-07,36.74,37.30,36.66,37.17,23065920
2022-12-08,37.11,37.24,36.87,37.10,19549080
2022-12-09,37.21,37.63,36.96,37.40,20671250
2022-12-12,37.69,37.96,37.28,37.95,19629620
2022-12-13,38.39,38.62,37.84,37.86,30176840
2022-12-14,37.87,38.09,37.24,37.45,23329800
2022-12-15,37.75,38.34,37.66,37.77,33012530
2022-12-16,37.51,37.57,36.67,37.12,62763820
2022-12-19,37.33,37.47,36.58,37.03,26127160
2022-12-20,36.99,37.21,36.62,36.99,24147310
2022-12-21,37.27,37.85,37.24,37.78,24504280
2022-12-22,37.68,38.32,37.37,38.31,26870190
2022-12-23,38.31,38.54,37.92,38.41,16918340
2022-12-27,38.49,39.40,38.32,39.25,25315930
2022-12-28,39.19,39.66,38.59,38.81,21793180
2022-12-29,38.90,39.53,38.81,39.26,17347000
2022-12-30,39.31,39.69,39.07,39.40,44007200
2023-01-03,39.77,40.23,39.38,40.12,31330680
2023-01-04,40.54,41.42,40.26,41.13,28779470
2023-01-05,41.20,41.95,40.82,41.70,29987160
2023-01-06,41.92,42.58,41.88,42.19,26010390
2023-01-09,41.38,41.67,41.31,41.37,23062220
2023-01-10,41.36,41.98,41.17,41.95,16695310
2023-01-11,42.14,42.18,41.02,41.18,20674840
2023-01-12,41.38,41.95,41.12,41.81,16980290
2023-01-13,41.65,41.91,41.37,41.86,17229810
2023-01-17,41.85,41.92,40.79,40.85,28696960
2023-01-18,40.86,40.86,39.82,39.97,22976470
2023-01-19,39.71,40.27,39.47,40.06,24812610
2023-01-20,40.04,40.12,39.46,40.00,23377870
2023-01-23,39.99,40.34,39.42,39.63,34249320
2023-01-24,38.69,44.73,32.79,40.42,32143920
2023-01-25,40.54,41.09,39.91,40.33,26526960
2023-01-26,40.38,40.57,39.93,40.27,19568140
2023-01-27,40.22,40.68,39.77,40.64,17254040
2023-01-30,40.84,41.26,40.70,41.05,22272550
2023-01-31,41.08,41.58,41.01,41.57,18665170
2023-02-01,41.99,42.00,41.12,41.69,19542040
2023-02-02,41.74,41.93,41.20,41.83,18443770
2023-02-03,41.78,41.97,41.14,41.51,18314420
2023-02-06,41.51,41.59,40.90,41.28,15530720
2023-02-07,40.99,41.21,40.12,40.55,21668550
2023-02-08,40.53,40.70,40.12,40.52,14080250
2023-02-09,40.62,40.66,39.75,39.81,17485660
2023-02-10,40.00,40.06,39.72,40.01,15398540
2023-02-13,40.01,40.47,39.88,40.32,14486020
2023-02-14,40.46,40.58,39.91,40.33,12292360
2023-02-15,40.23,40.40,40.09,40.38,11270430
2023-02-16,40.06,40.21,39.70,39.84,16625880
2023-02-17,39.84,40.39,39.66,40.22,15029170
2023-02-21,39.90,39.98,39.16,39.20,17805490
2023-02-22,39.38,39.59,39.02,39.28,15086760
2023-02-23,39.12,39.32,38.52,38.53,16738180
2023-02-24,38.23,38.76,38.09,38.74,16431540
2023-02-27,38.99,39.15,38.63,38.88,14210850
2023-02-28,38.70,38.97,38.55,38.81,16685260
2023-03-01,38.71,38.71,38.15,38.30,18411710
2023-03-02,38.10,38.46,37.94,38.41,18821080
2023-03-03,38.44,38.51,38.06,38.26,23407510
2023-03-06,38.37,38.63,38.05,38.15,22925650
2023-03-07,38.10,38.15,37.43,37.91,23713460
2023-03-08,37.80,37.81,37.35,37.53,20295630
2023-03-09,37.60,37.65,36.52,36.55,26506920
2023-03-10,36.64,36.92,36.41,36.68,23940700
2023-03-13,36.54,37.33,36.39,36.54,21834460
2023-03-14,36.66,36.94,36.50,36.88,22433210
2023-03-15,36.69,37.26,36.52,37.06,21722230
2023-03-16,36.82,36.88,36.44,36.58,29182220
2023-03-17,36.55,36.83,36.16,36.79,47352510
2023-03-20,36.96,37.71,36.93,37.43,19247810
2023-03-21,37.72,37.77,37.36,37.74,16648150
2023-03-22,37.79,37.95,37.29,37.31,15321810
2023-03-23,37.30,37.63,37.16,37.37,15799040
2023-03-24,37.53,37.70,37.25,37.66,14960050
2023-03-27,37.99,38.22,37.70,38.05,14472800
2023-03-28,38.02,38.31,37.92,38.00,13092600
2023-03-29,38.31,38.51,38.16,38.48,12308930
2023-03-30,38.55,38.75,38.44,38.66,13918670
2023-03-31,38.79,39.05,38.55,38.89,22801450
2023-04-03,39.05,39.58,39.02,39.22,19354860
2023-04-04,39.29,39.65,39.21,39.65,18577090
2023-04-05,39.73,40.24,39.56,40.11,23561320
2023-04-06,39.50,39.78,39.16,39.48,21546620
2023-04-10,39.21,39.35,38.99,39.35,16114340
2023-04-11,39.33,39.70,39.27,39.45,12539690
2023-04-12,39.37,39.62,39.10,39.20,13095200
2023-04-13,39.19,39.32,38.91,39.32,13515820
2023-04-14,39.37,39.42,38.89,39.22,11008440
2023-04-17,39.22,39.51,39.14,39.46,11572850
2023-04-18,39.47,39.49,38.90,38.94,16588500
2023-04-19,38.92,38.99,38.52,38.60,17701200
2023-04-20,37.66,37.80,36.98,37.19,31521280
2023-04-21,37.43,37.43,37.05,37.32,23823780
2023-04-24,37.19,37.49,36.98,37.10,20362500
2023-04-25,36.71,37.36,36.57,37.30,24959420
2023-04-26,37.10,37.44,36.82,36.92,21499270
2023-04-27,37.20,38.81,37.13,38.79,28840970
2023-04-28,38.56,39.00,38.46,38.83,19197490
2023-05-01,39.17,39.18,38.68,38.71,17043550
2023-05-02,38.47,38.51,37.49,37.67,17268750
2023-05-03,37.96,38.30,37.61,37.98,16703180
2023-05-04,37.86,37.96,37.29,37.35,16163100
2023-05-05,37.52,37.84,37.16,37.83,15817360
2023-05-08,37.68,37.91,37.44,37.83,10672390
2023-05-09,37.82,37.82,37.43,37.57,12226840
2023-05-10,37.81,37.83,37.29,37.63,14427500
2023-05-11,37.41,37.64,37.32,37.60,11068670
2023-05-12,37.64,37.74,37.41,37.59,10670710
2023-05-15,37.63,37.63,36.72,36.77,20408710
2023-05-16,36.62,36.78,36.04,36.05,20254130
2023-05-17,36.22,36.34,36.04,36.18,16741080
2023-05-18,36.01,36.17,35.72,36.13,20365880
2023-05-19,36.22,36.52,36.03,36.05,16829230
2023-05-22,36.25,36.33,35.91,35.96,16634310
2023-05-23,35.94,36.91,35.80,36.24,21539660
2023-05-24,36.23,36.25,35.85,35.87,16044200
2023-05-25,35.54,35.56,34.74,34.82,32465950
2023-05-26,34.84,35.05,34.67,35.00,18216700
2023-05-30,34.97,35.13,34.78,34.90,19353270
2023-05-31,34.86,35.98,34.86,35.63,53756680
2023-06-01,35.60,35.90,35.41,35.72,20565290
2023-06-02,34.40,34.90,33.72,34.58,61527920
2023-06-05,34.78,35.15,34.45,34.46,30125570
2023-06-06,34.50,34.74,34.33,34.70,18406650
2023-06-07,34.72,35.28,34.63,35.26,25494090
2023-06-08,35.24,35.44,34.98,35.43,17749670
2023-06-09,35.46,35.62,35.26,35.47,14956840
2023-06-12,35.66,35.78,35.36,35.61,14052160
2023-06-13,35.50,35.79,35.42,35.48,17706670
2023-06-14,35.63,35.98,35.62,35.73,16538710
2023-06-15,35.76,36.47,35.68,36.44,18890910
2023-06-16,36.52,36.69,36.16,36.46,36102140
2023-06-20,36.08,36.17,35.78,35.81,17695800
2023-06-21,35.70,35.97,35.50,35.83,17121230
2023-06-22,35.82,35.92,35.57,35.85,12431180
2023-06-23,35.95,36.08,35.48,35.51,18991490
2023-06-26,35.66,36.14,35.50,36.11,15839990
2023-06-27,36.37,36.68,36.22,36.55,17757840
2023-06-28,36.50,36.86,36.24,36.82,16756410
2023-06-29,36.79,37.02,36.66,36.99,16740830
2023-06-30,37.00,37.25,36.84,37.19,19098330
2023-07-03,37.17,37.38,36.96,37.28,10367140
2023-07-05,37.28,37.68,37.23,37.48,19876790
2023-07-06,37.40,37.41,37.06,37.13,21566840
2023-07-07,36.22,36.35,35.87,35.90,20482680
2023-07-10,35.92,35.96,35.00,35.14,30326450
2023-07-11,35.12,35.22,34.71,34.99,28340300
2023-07-12,35.10,35.24,34.71,34.86,27299610
2023-07-13,34.82,34.86,34.42,34.64,25641880
2023-07-14,34.43,34.50,33.95,34.01,31576020
2023-07-17,33.65,33.65,31.25,31.46,97510640
2023-07-18,32.02,33.15,31.96,32.27,79722190
2023-07-19,33.71,34.16,33.16,33.97,61880970
2023-07-20,33.90,34.00,33.51,33.64,32839930
2023-07-21,33.51,33.94,33.36,33.88,25179370
2023-07-24,33.88,34.60,33.71,33.98,30784160
2023-07-25,34.64,34.95,33.72,34.24,35719480
2023-07-26,33.85,34.61,33.77,34.34,27916030
2023-07-27,34.23,34.61,33.54,33.55,28097530
2023-07-28,33.67,34.32,33.66,34.03,30651130
2023-07-31,34.00,34.12,33.84,34.08,24509890
2023-08-01,34.29,34.30,33.31,33.43,27302970
2023-08-02,33.47,33.70,33.22,33.32,20481590
2023-08-03,33.05,33.25,32.73,33.06,20469770
2023-08-04,33.00,33.03,32.53,32.62,24583960
2023-08-07,32.65,32.83,32.18,32.53,24314030
2023-08-08,32.45,32.81,32.43,32.57,22178900
2023-08-09,32.51,32.83,32.34,32.71,20798520
2023-08-10,32.85,33.32,32.82,33.02,19031590
2023-08-11,32.96,33.42,32.95,33.36,15271420
2023-08-14,33.19,33.59,33.14,33.56,17934000
2023-08-15,33.35,33.51,33.21,33.26,15528560
2023-08-16,33.30,33.64,33.14,33.27,17395150
2023-08-17,33.36,33.48,32.85,33.06,19127980
2023-08-18,32.86,33.42,32.86,33.18,21722670
2023-08-21,33.15,33.22,32.77,33.00,27074370
2023-08-22,33.08,33.32,32.89,33.20,21730330
2023-08-23,33.20,33.37,33.01,33.19,15766360
2023-08-24,33.01,33.58,33.00,33.38,18561370
2023-08-25,33.33,33.52,33.02,33.35,14912090
2023-08-28,33.48,33.62,33.26,33.55,16050360
2023-08-29,33.99,34.75,33.95,34.69,28782810
2023-08-30,34.89,34.95,34.55,34.64,15021400
2023-08-31,34.85,35.14,34.76,34.98,24333180
2023-09-01,34.99,35.15,34.84,34.86,14748680
2023-09-05,34.85,35.07,34.30,34.30,17486010
2023-09-06,34.10,34.44,33.99,34.18,19187070
2023-09-07,34.18,34.52,33.75,33.81,26605790
2023-09-08,33.81,33.83,33.23,33.45,24891080
2023-09-11,33.70,34.09,33.58,33.94,18883870
2023-09-12,34.13,34.18,33.80,34.04,15784440
2023-09-13,34.30,34.30,33.51,33.86,21027900
2023-09-14,34.27,34.38,33.94,34.04,26570120
2023-09-15,33.96,34.17,33.66,33.79,38205160
2023-09-18,33.90,33.97,33.52,33.53,16233700
2023-09-19,33.58,33.73,33.25,33.40,23383950
2023-09-20,33.58,33.94,33.36,33.60,23741980
2023-09-21,33.52,33.85,33.26,33.29,18001590
2023-09-22,33.26,33.51,32.93,33.28,22740040
2023-09-25,33.17,33.25,32.87,33.16,17616880
2023-09-26,32.89,33.17,32.81,32.99,18841580
2023-09-27,32.95,33.01,32.31,32.40,22083550
2023-09-28,32.40,32.62,32.40,32.55,18772110
2023-09-29,32.62,32.75,32.37,32.41,19787600
2023-10-02,32.44,32.47,31.73,31.76,24722600
2023-10-03,31.70,32.01,31.61,31.98,21389370
2023-10-04,31.79,31.96,31.40,31.54,23694070
2023-10-05,31.56,31.92,31.38,31.82,22774380
2023-10-06,30.94,31.00,30.14,30.85,31291750
2023-10-09,30.74,31.50,30.74,31.45,20344280
2023-10-10,31.48,31.80,31.32,31.76,19151880
2023-10-11,31.83,31.97,31.41,31.46,15694160
2023-10-12,31.33,31.37,30.65,30.91,21718320
2023-10-13,31.08,31.39,30.64,30.67,24541450
2023-10-16,30.84,31.32,30.62,31.25,21087890
2023-10-17,31.11,31.54,31.10,31.51,21186020
2023-10-18,31.42,31.48,30.99,31.05,22024310
2023-10-19,31.42,31.97,31.39,31.58,28806640
2023-10-20,31.57,32.14,31.55,31.57,27271170
2023-10-23,31.48,31.66,31.26,31.39,31725790
2023-10-24,33.15,34.46,32.97,34.30,61617910
2023-10-25,34.50,34.61,33.60,33.69,30832750
2023-10-26,33.66,34.70,33.64,34.47,34366970
2023-10-27,34.38,34.59,33.34,33.44,23924830
2023-10-30,33.84,34.80,33.84,34.62,31497690
2023-10-31,34.71,35.21,34.67,35.13,28903420
2023-11-01,35.41,35.55,35.15,35.40,26071210
2023-11-02,35.31,35.94,35.31,35.90,24946040
2023-11-03,35.99,36.37,35.94,36.02,23323170
2023-11-06,35.98,36.03,35.62,35.64,15544030
2023-11-07,35.70,36.10,35.65,35.94,17654570
2023-11-08,35.94,35.98,35.60,35.77,16971510
2023-11-09,35.87,36.05,35.46,35.62,15685810
2023-11-10,35.91,35.92,35.40,35.71,12792890
2023-11-13,35.64,36.18,35.41,35.82,17236730
2023-11-14,36.01,36.10,35.80,35.88,17667060
2023-11-15,35.88,36.11,35.84,36.00,22855520
2023-11-16,36.08,36.38,35.93,36.18,19110760
2023-11-17,36.38,36.38,36.08,36.23,19361160
2023-11-20,36.28,36.87,36.20,36.73,18660150
2023-11-21,36.86,37.45,36.84,37.25,22946420
2023-11-22,37.33,37.52,37.22,37.35,14613960
2023-11-24,37.45,37.57,37.30,37.41,6766657
2023-11-27,37.45,37.54,37.29,37.35,15245310
2023-11-28,37.35,37.51,37.20,37.47,14521680
2023-11-29,37.53,37.89,37.53,37.76,16387390
2023-11-30,37.83,38.44,37.82,38.33,36623540
2023-12-01,38.40,38.61,38.27,38.58,20762480
2023-12-04,38.40,38.57,38.03,38.04,22109240
2023-12-05,38.35,38.55,38.09,38.42,23003310
2023-12-06,38.25,38.88,38.08,38.50,20218550
2023-12-07,38.55,38.73,38.30,38.65,15223190
2023-12-08,38.66,38.68,38.01,38.25,21850380
2023-12-11,38.29,38.39,37.48,37.67,21914520
2023-12-12,37.57,37.64,37.17,37.30,17096700
2023-12-13,37.08,37.15,36.46,36.99,32473170
2023-12-14,37.25,37.98,37.18,37.87,28551570
2023-12-15,37.55,37.83,37.14,37.37,51721570
2023-12-18,37.72,37.80,37.27,37.67,22057190
2023-12-19,37.60,37.74,37.49,37.57,17642540
2023-12-20,37.50,37.73,37.28,37.30,18134650
2023-12-21,37.35,37.55,37.21,37.43,15421050
2023-12-22,37.42,37.78,37.40,37.49,13171600
2023-12-26,37.44,37.64,37.31,37.48,11856570
2023-12-27,37.33,37.46,37.20,37.31,15267630
2023-12-28,37.18,37.72,37.15,37.49,14931660
2023-12-29,37.38,37.76,37.32,37.70,16222670
2024-01-02,37.73,38.97,37.68,38.88,23810940
2024-01-03,39.53,39.72,39.13,39.16,26263890
2024-01-04,39.68,39.85,39.36,39.37,24214640
2024-01-05,39.47,40.37,39.30,40.20,30276670
2024-01-08,40.15,40.26,39.48,40.10,28483030
2024-01-09,39.25,39.25,38.77,39.04,17880130
2024-01-10,39.08,39.10,38.66,39.08,16354680
2024-01-11,39.03,39.03,37.56,37.90,31289770
2024-01-12,38.19,38.77,38.17,38.56,18774830
2024-01-16,38.58,39.35,38.35,39.29,31039450
2024-01-17,38.72,39.43,38.67,38.87,21377140
2024-01-18,38.53,39.01,38.45,38.94,17112790
2024-01-19,39.07,39.43,38.69,39.33,20561720
2024-01-22,39.40,39.72,39.31,39.58,26039190
2024-01-23,41.07,42.25,40.59,42.23,49713730
2024-01-24,42.23,42.34,41.19,41.28,27910400
2024-01-25,41.45,42.30,41.33,42.29,24613160
2024-01-26,42.29,42.49,42.10,42.40,20367180
2024-01-29,42.12,42.39,41.66,42.05,23905650
2024-01-30,42.00,42.60,41.81,42.47,20044560
2024-01-31,42.19,43.21,42.04,42.35,23392270
2024-02-01,42.68,42.72,41.97,42.49,19586540
2024-02-02,42.20,42.47,41.83,42.13,21548640
2024-02-05,42.00,42.18,41.27,41.38,20466160
2024-02-06,41.39,41.57,40.95,41.10,17524060
2024-02-07,41.10,41.14,40.36,40.42,21815620
2024-02-08,40.30,40.37,39.44,39.91,19523530
2024-02-09,39.90,40.09,39.26,39.72,18479410
2024-02-12,39.73,40.17,39.53,40.10,15060530
2024-02-13,40.20,40.45,39.68,40.13,14483640
2024-02-14,40.38,40.54,39.97,40.15,12443210
2024-02-15,40.21,40.62,40.18,40.59,12081360
2024-02-16,40.29,40.67,39.74,40.49,12645530
2024-02-20,40.41,40.91,40.27,40.50,12069520
2024-02-21,40.49,41.12,40.37,41.10,16279650
2024-02-22,40.75,40.93,40.11,40.73,22068910
2024-02-23,40.63,41.15,40.45,40.66,15228550
2024-02-26,40.60,40.63,39.43,39.69,25108420
2024-02-27,39.68,39.98,39.43,39.93,17074090
2024-02-28,39.96,40.21,39.86,40.10,12436960
2024-02-29,40.10,40.23,39.85,40.02,20486470
2024-03-01,39.99,40.29,39.77,40.20,12130860
2024-03-04,39.92,40.33,39.51,40.31,18753950
2024-03-05,40.35,40.96,39.92,40.35,20640050
2024-03-06,40.35,40.37,39.77,39.93,16331050
2024-03-07,40.10,40.28,39.38,39.53,17100630
2024-03-08,39.61,39.88,39.39,39.51,17807880
2024-03-11,39.57,40.23,39.56,40.13,12344610
2024-03-12,40.03,40.26,39.90,40.13,12452660
2024-03-13,40.29,40.50,40.06,40.26,13751850
2024-03-14,40.00,40.06,39.44,39.77,17475440
2024-03-15,39.60,39.93,39.14,39.49,54893850
2024-03-18,39.48,39.96,39.26,39.93,16200780
2024-03-19,39.88,40.05,39.80,39.97,15226880
2024-03-20,39.96,40.27,39.80,40.12,15198780
2024-03-21,40.12,40.59,39.98,40.54,21868340
2024-03-22,40.74,40.81,40.01,40.37,17816450
2024-03-25,40.53,40.88,40.48,40.87,14587170
2024-03-26,40.83,41.00,40.71,40.85,17854060
2024-03-27,41.10,41.78,41.10,41.54,19260120
2024-03-28,41.64,42.15,41.63,41.96,19771400
2024-04-01,41.99,42.34,41.52,42.28,15031570
2024-04-02,42.30,42.67,42.26,42.54,17260820
2024-04-03,42.58,42.90,42.53,42.84,18211840
2024-04-04,42.99,43.42,42.44,42.45,16461400
2024-04-05,42.25,42.44,41.61,42.12,14338680
2024-04-08,42.12,42.15,41.71,41.73,14457770
2024-04-09,41.06,41.18,40.54,40.84,17226950
2024-04-10,40.61,40.66,39.96,40.52,17900360
2024-04-11,40.45,40.47,40.09,40.16,14782160
2024-04-12,40.18,40.26,39.68,39.72,21554990
2024-04-15,40.11,40.35,39.85,40.11,16442810
2024-04-16,40.11,40.14,39.57,39.77,14016780
2024-04-17,39.85,39.98,39.46,39.78,21009240
2024-04-18,39.85,40.17,39.71,40.13,20173750
2024-04-19,40.00,40.67,39.98,40.49,24706520
2024-04-22,41.40,41.64,38.56,38.60,51243220
2024-04-23,38.91,39.99,38.68,39.70,25972820
2024-04-24,39.50,39.66,38.94,39.49,15946640
2024-04-25,39.29,39.82,38.96,39.22,16837680
2024-04-26,39.06,39.95,38.90,39.68,18246240
2024-04-29,39.90,40.82,39.87,40.09,19840960
2024-04-30,39.91,39.92,39.44,39.49,20222170
2024-05-01,39.33,39.66,39.13,39.20,17760290
2024-05-02,39.32,39.48,38.75,38.93,17394940
2024-05-03,39.05,39.20,38.75,38.89,13195560
2024-05-06,39.12,39.35,39.06,39.33,13348830
2024-05-07,39.53,39.58,39.09,39.31,11935170
2024-05-08,39.24,39.57,39.10,39.48,10437950
2024-05-09,39.51,39.83,39.38,39.79,12881040
2024-05-10,39.81,40.42,39.71,40.40,16888470
2024-05-13,40.34,40.65,40.09,40.54,21365660
2024-05-14,40.59,40.69,40.42,40.49,17664420
2024-05-15,40.75,40.91,40.44,40.49,14926000
2024-05-16,40.29,40.44,40.14,40.25,12913200
2024-05-17,40.39,40.41,39.83,40.06,14670370
2024-05-20,40.05,40.31,40.01,40.12,8665020
2024-05-21,40.10,40.12,39.28,39.62,18326960
2024-05-22,39.70,40.18,39.62,39.79,12374070
2024-05-23,39.60,39.80,39.11,39.43,14104960
2024-05-24,39.51,39.74,39.50,39.74,10419990
2024-05-28,39.72,39.79,39.17,39.36,15071270
2024-05-29,39.26,39.47,39.00,39.10,17652020
2024-05-30,39.22,40.36,39.18,40.33,19636500
2024-05-31,40.14,41.28,40.10,41.15,38917430
2024-06-03,41.18,41.51,40.90,40.98,20688120
2024-06-04,40.88,41.56,40.72,41.56,16040150
2024-06-05,41.60,41.72,41.13,41.35,11964020
2024-06-06,41.31,41.72,41.13,41.33,10259100
2024-06-07,41.16,41.29,40.81,40.94,10410160
2024-06-10,40.91,40.93,40.33,40.41,15214010
2024-06-11,40.29,40.59,40.22,40.42,12083340
2024-06-12,40.77,40.80,39.58,39.77,15065290
2024-06-13,39.75,39.80,39.30,39.78,12297450
2024-06-14,39.48,39.84,39.45,39.67,10480590
2024-06-17,39.60,39.60,38.95,39.46,22286570
2024-06-18,39.71,40.18,39.70,40.08,17125700
2024-06-20,39.84,40.47,39.81,40.24,17704690
2024-06-21,40.37,40.38,39.90,40.24,30390210
2024-06-24,40.39,41.22,40.32,41.17,20773850
2024-06-25,41.21,41.62,40.83,41.08,18933020
2024-06-26,41.00,41.17,40.71,41.02,19709930
2024-06-27,41.00,41.04,40.56,40.82,15560800
2024-06-28,40.86,41.58,40.69,41.24,27639190
2024-07-01,41.42,41.98,41.35,41.74,16412110
2024-07-02,41.63,41.70,40.72,41.10,21659370
2024-07-03,41.13,41.38,40.95,41.12,6653911
2024-07-05,41.17,41.38,40.95,41.27,17552240
2024-07-08,41.30,41.59,41.08,41.53,15380390
2024-07-09,41.47,41.78,41.21,41.30,20489840
2024-07-10,40.88,41.13,40.69,41.08,13826760
2024-07-11,41.08,41.36,40.75,41.30,12492710
2024-07-12,41.31,41.57,41.20,41.43,11129070
2024-07-15,41.43,41.46,40.70,40.79,15874930
2024-07-16,40.85,41.55,40.82,41.45,16016950
2024-07-17,41.55,42.19,41.52,42.03,20401660
2024-07-18,41.90,42.52,41.72,42.07,15752840
2024-07-19,42.30,42.30,41.43,41.62,17608030
2024-07-22,39.95,40.00,38.70,39.09,54985800
2024-07-23,38.74,39.27,38.72,38.89,25257750
2024-07-24,39.24,39.83,39.05,39.67,22888990
2024-07-25,39.86,40.97,39.79,39.95,19740300
2024-07-26,39.90,40.17,39.65,40.09,15911470
2024-07-29,40.08,40.12,39.67,40.03,12937170
2024-07-30,40.01,40.26,39.83,40.04,16089220
2024-07-31,40.03,40.79,39.98,40.52,23605390
2024-08-01,40.66,41.18,40.28,40.85,18166750
2024-08-02,41.20,41.94,40.41,40.97,26124910
2024-08-05,40.00,40.27,39.64,39.80,26855040
2024-08-06,39.97,40.48,39.76,40.26,18104250
2024-08-07,40.36,40.72,40.20,40.28,12176300
2024-08-08,40.28,40.79,40.25,40.52,13237150
2024-08-09,40.49,40.80,40.03,40.75,11818720
2024-08-12,40.95,41.00,40.31,40.53,11098960
2024-08-13,40.65,40.80,40.35,40.78,15349360
2024-08-14,40.60,41.10,40.49,40.90,10931100
2024-08-15,40.84,40.92,40.00,40.04,17489610
2024-08-16,40.10,40.62,40.06,40.61,13377520
2024-08-19,40.62,40.86,40.56,40.74,9401416
2024-08-20,40.66,40.95,40.62,40.85,8784009
2024-08-21,40.91,41.07,40.73,41.05,13683360
2024-08-22,41.10,41.16,40.61,40.87,13529600
2024-08-23,40.99,41.23,40.91,41.21,11757330
2024-08-26,41.37,41.74,41.24,41.49,10309480
2024-08-27,41.55,41.64,41.17,41.45,9778154
2024-08-28,41.49,41.71,41.36,41.49,12732720
2024-08-29,41.54,41.56,41.14,41.25,17338130
2024-08-30,41.30,41.89,41.17,41.78,20009890
2024-09-03,41.96,42.93,41.92,42.93,23319940
2024-09-04,43.00,43.27,41.20,41.48,31272700
2024-09-05,41.30,41.81,40.90,41.31,28199760
2024-09-06,41.36,41.79,41.13,41.15,18100350
2024-09-09,41.26,42.78,41.26,42.73,27850290
2024-09-10,42.79,43.69,42.38,43.65,36980410
2024-09-11,43.51,43.82,42.94,43.80,22395460
2024-09-12,43.50,43.88,43.43,43.86,18399830
2024-09-13,43.92,44.47,43.62,44.43,20029690
2024-09-16,44.61,45.05,44.46,45.00,24714540
2024-09-17,44.75,44.75,43.92,44.08,18769600
2024-09-18,44.10,44.50,43.78,43.88,16897930
2024-09-19,43.96,43.97,43.33,43.94,23097160
2024-09-20,43.78,44.47,43.65,44.33,52671860
2024-09-23,44.35,44.53,43.95,44.26,18083220
2024-09-24,44.21,44.79,44.13,44.66,15153970
2024-09-25,44.80,44.88,44.42,44.55,21990150
2024-09-26,44.60,44.88,44.36,44.62,15779600
2024-09-27,44.72,45.05,44.48,44.89,15659280
2024-09-30,45.13,45.36,44.79,44.91,13516990
2024-10-01,44.96,45.24,44.66,45.21,17536350
2024-10-02,45.13,45.28,44.87,45.05,12040790
2024-10-03,44.93,44.96,44.39,44.52,12258420
2024-10-04,43.77,44.25,43.55,44.18,14537280
2024-10-07,44.08,44.13,43.77,43.84,12884970
2024-10-08,44.00,44.15,43.69,44.01,10855110
2024-10-09,44.06,44.25,43.80,44.11,12614170
2024-10-10,43.44,43.67,42.81,42.95,12352800
2024-10-11,43.15,43.24,42.80,43.00,10658660
2024-10-14,43.00,43.29,42.89,43.19,9923489
2024-10-15,43.47,43.97,43.16,43.74,15444460
2024-10-16,43.74,44.10,43.66,43.91,9458993
2024-10-17,43.88,44.00,43.52,43.85,10539460
2024-10-18,43.83,44.16,43.67,43.99,13058370
2024-10-21,44.05,44.20,43.60,43.70,18760020
2024-10-22,41.90,42.64,40.75,41.50,42576290
2024-10-23,41.86,42.90,41.76,42.86,27174730
2024-10-24,42.38,42.45,41.64,41.86,23506360
2024-10-25,41.90,42.18,41.37,41.38,19717360
2024-10-28,41.45,41.78,41.39,41.62,13574980
2024-10-29,41.31,41.68,41.29,41.33,15072320
2024-10-30,41.33,41.51,41.12,41.28,16372590
2024-10-31,41.26,42.65,41.24,42.13,31077940
2024-11-01,42.12,42.35,41.30,41.36,16682360
2024-11-04,41.65,41.77,40.90,41.06,14760870
2024-11-05,41.01,41.27,40.83,41.26,12322780
2024-11-06,41.44,41.67,40.93,41.16,21957070
2024-11-07,41.08,41.19,40.51,40.57,24225530
2024-11-08,40.74,40.85,40.42,40.48,21305880
2024-11-11,40.47,40.88,40.41,40.44,17116410
2024-11-12,40.50,40.60,40.07,40.40,16984580
2024-11-13,40.40,41.40,40.31,41.14,19953510
2024-11-14,41.14,41.26,40.86,40.87,13636570
2024-11-15,40.80,41.77,40.80,41.65,21482450
2024-11-18,41.67,42.58,41.67,42.25,17409010
2024-11-19,42.21,42.23,41.80,41.93,10520610
2024-11-20,42.00,42.28,41.75,42.22,14706510
2024-11-21,42.22,42.74,42.01,42.50,12534060
2024-11-22,42.60,43.34,42.34,43.15,17017420
2024-11-25,43.34,44.05,43.31,43.98,28365880
2024-11-26,43.98,44.50,43.75,44.37,17247030
2024-11-27,44.48,44.73,44.37,44.38,12372350
2024-11-29,44.38,44.52,44.05,44.34,9023148
2024-12-02,44.27,44.32,43.52,43.85,12783890
2024-12-03,43.91,44.42,43.70,43.83,15415900
2024-12-04,43.73,43.78,42.41,42.52,21431620
2024-12-05,42.59,42.87,42.52,42.55,16176870
2024-12-06,42.53,42.67,42.02,42.37,15685870
2024-12-09,42.47,43.10,42.16,42.36,15570300
2024-12-10,42.37,42.65,42.07,42.30,16337170
2024-12-11,42.19,42.46,41.89,41.99,13986060
2024-12-12,42.06,42.16,41.81,42.08,11232270
2024-12-13,42.00,42.40,41.81,42.28,13360400
2024-12-16,42.16,42.25,40.81,40.88,30228310
2024-12-17,40.66,41.12,40.51,40.78,15374040
2024-12-18,40.70,41.05,40.21,40.24,19199570
2024-12-19,40.05,40.46,39.93,39.97,17859080
2024-12-20,39.93,40.39,39.92,39.93,47590860
2024-12-23,39.93,40.13,39.83,39.94,21292340
2024-12-24,39.90,39.96,39.47,39.80,11712160
2024-12-26,39.83,40.17,39.74,39.96,12953130
2024-12-27,39.86,40.16,39.65,39.92,15168120
2024-12-30,39.80,39.84,39.40,39.60,15671980
2024-12-31,39.64,40.03,39.55,39.99,13549930
2025-01-02,40.03,40.56,39.98,40.21,22470160
2025-01-03,40.32,40.62,40.11,40.26,15229860
2025-01-06,40.29,40.33,39.58,39.61,27115030
2025-01-07,39.71,39.98,38.83,38.92,31517080
2025-01-08,38.91,38.99,38.44,38.94,22901600
2025-01-10,38.18,38.23,37.59,37.81,27338370
2025-01-13,37.94,38.15,37.74,38.12,19734040
2025-01-14,38.33,38.34,37.83,38.28,15740090
2025-01-15,38.30,38.59,38.07,38.18,27817070
2025-01-16,38.13,38.34,37.94,38.34,24678310
2025-01-17,38.42,38.97,38.35,38.78,24082100
2025-01-21,38.87,39.58,38.79,39.02,25717600
2025-01-22,38.88,39.34,38.59,38.95,31488930
2025-01-23,39.24,39.40,39.08,39.18,25153550
2025-01-24,40.11,40.68,39.37,39.54,37123880
2025-01-27,40.15,40.80,40.05,40.64,35520270
2025-01-28,40.60,40.80,40.35,40.40,21031890
2025-01-29,40.82,40.88,40.05,40.28,24238080
2025-01-30,40.35,40.35,39.16,39.47,27913470
2025-01-31,39.57,39.94,39.28,39.39,45185370
2025-02-03,39.31,40.12,39.15,39.98,27967120
2025-02-04,39.78,39.88,39.60,39.81,19190180
2025-02-05,40.13,40.31,39.81,40.13,16830460
2025-02-06,40.23,40.29,39.67,39.94,15370560
2025-02-07,39.96,40.11,39.57,39.88,15754820
2025-02-10,40.02,40.14,39.82,39.95,16737460
2025-02-11,39.98,40.52,39.82,40.49,15182650
2025-02-12,40.49,40.60,40.15,40.53,14440250
2025-02-13,40.61,41.11,40.42,41.04,17056680
2025-02-14,41.14,41.29,40.94,40.99,12438160
2025-02-18,40.92,41.22,40.61,41.20,16357710
2025-02-19,41.35,42.05,41.28,42.01,21039590
2025-02-20,42.00,42.53,41.88,42.49,19771750
2025-02-21,42.43,43.23,42.17,42.76,25465140
2025-02-24,42.75,43.62,42.57,43.32,27560550
2025-02-25,43.58,43.97,43.49,43.71,24356920
2025-02-26,43.54,43.65,42.77,43.18,18651410
2025-02-27,43.08,43.42,42.89,43.27,19212250
2025-02-28,43.43,43.76,42.61,43.10,25197530
2025-03-03,42.96,43.87,42.93,43.87,22333980
2025-03-04,44.00,44.48,42.82,42.87,32627500
2025-03-05,42.78,43.34,42.38,42.84,18038370
2025-03-06,43.00,44.32,42.85,44.23,22845900
2025-03-07,44.30,46.20,44.30,46.06,44992100
2025-03-10,46.06,47.35,46.06,46.49,39836990
2025-03-11,43.24,43.91,42.64,43.43,64142310
2025-03-12,42.10,42.89,41.17,42.59,49650800
2025-03-13,42.77,43.81,42.77,43.71,30708580
2025-03-14,43.16,43.77,43.01,43.57,17432090
2025-03-17,43.59,43.82,43.09,43.65,15560920
2025-03-18,43.72,44.43,43.52,44.23,16254400
2025-03-19,44.30,44.32,43.72,43.94,14373280
2025-03-20,43.96,43.96,43.38,43.75,18109270
2025-03-21,43.79,44.24,43.52,43.99,68445520
2025-03-24,43.63,44.14,43.53,43.56,18050020
2025-03-25,43.50,43.83,43.15,43.49,21483240
2025-03-26,43.71,44.33,43.57,44.18,21698410
2025-03-27,44.48,45.25,44.31,44.96,21905160
2025-03-28,45.12,45.34,44.88,44.93,19530560
2025-03-31,45.30,45.80,45.13,45.36,27786950
2025-04-01,45.49,45.60,45.12,45.38,15710800
2025-04-02,45.37,45.53,44.59,44.74,21924090
2025-04-03,45.49,46.19,45.20,45.62,30474830
2025-04-04,44.76,45.80,42.80,43.03,42663380
2025-04-07,41.53,43.33,41.25,42.58,38811990
2025-04-08,43.00,43.22,41.68,42.17,29790180
2025-04-09,41.67,43.52,40.88,42.89,49426020
2025-04-10,42.49,43.24,41.85,42.92,36501740
2025-04-11,43.85,43.90,43.10,43.73,30144340
2025-04-14,43.90,44.65,43.61,44.30,24322950
2025-04-15,44.50,44.69,44.22,44.48,21795310
2025-04-16,44.74,44.89,43.52,43.61,17271620
2025-04-17,43.76,44.48,43.58,44.04,16504840
2025-04-21,44.20,44.29,42.68,42.93,23802540
2025-04-22,41.99,43.67,41.54,43.19,37633810
2025-04-23,42.55,42.99,42.11,42.70,29402090
2025-04-24,42.71,43.13,42.48,42.81,16597270
2025-04-25,42.53,42.65,41.34,41.91,23361870
2025-04-28,42.00,42.48,41.86,42.39,16188470
2025-04-29,42.31,43.01,42.23,42.95,14712790
2025-04-30,43.55,44.21,43.37,44.06,29563030
2025-05-01,43.77,43.83,43.26,43.30,18921890
2025-05-02,43.46,43.90,43.32,43.74,15366540
2025-05-05,43.81,44.00,43.22,43.54,9210049
2025-05-06,43.57,44.31,43.43,44.15,12131510
2025-05-07,44.01,44.36,43.79,43.89,12828660
2025-05-08,43.80,44.06,43.51,43.61,14967410
2025-05-09,43.52,43.88,43.32,43.61,10878430
2025-05-12,43.05,43.20,42.30,43.00,20160020
2025-05-13,43.20,43.21,42.48,42.65,20069630
2025-05-14,42.77,42.94,42.25,42.35,20447500
2025-05-15,42.60,43.52,42.60,43.48,14607970
2025-05-16,43.49,43.99,43.36,43.99,13407650
2025-05-19,44.08,44.37,43.87,44.31,14778610
2025-05-20,44.26,44.55,44.20,44.22,12189950
2025-05-21,44.04,44.23,43.57,43.75,16038550
2025-05-22,43.75,43.84,43.07,43.13,14947740
2025-05-23,43.47,43.48,42.86,43.32,12393440
2025-05-27,43.28,43.70,43.24,43.50,12873660
2025-05-28,43.45,43.52,43.06,43.13,12782970
2025-05-29,43.15,43.39,42.98,43.33,9961322
2025-05-30,43.37,44.06,43.29,43.96,26569540
2025-06-02,43.80,44.12,43.35,44.10,11873260
2025-06-03,43.93,44.05,43.61,43.83,13140920
2025-06-04,43.91,43.93,43.24,43.24,14360100
2025-06-05,43.35,43.41,43.03,43.30,12101570
2025-06-06,43.40,43.92,43.38,43.80,10135210
2025-06-09,43.65,43.95,43.51,43.65,13399440
2025-06-10,43.65,44.34,43.56,44.13,13724150
2025-06-11,44.19,44.40,43.69,43.74,14602140
2025-06-12,43.88,43.89,42.91,43.16,22370490
2025-06-13,42.99,43.27,42.92,43.01,13544050
2025-06-16,42.96,43.10,42.33,42.50,20449260
2025-06-17,42.80,42.82,41.81,41.85,23028210
2025-06-18,41.95,41.96,41.60,41.67,18654180
2025-06-20,41.81,42.09,41.65,41.70,37068080
2025-06-23,41.81,42.39,41.72,42.36,16014350
2025-06-24,42.38,42.73,42.27,42.63,16716290
2025-06-25,42.40,42.47,41.94,42.12,15599690
2025-06-26,42.17,42.27,41.88,42.10,15869970
2025-06-27,42.15,42.45,41.98,42.31,21439570
2025-06-30,42.31,43.32,42.28,43.27,22795950
2025-07-01,43.42,43.88,43.21,43.68,19233190
2025-07-02,43.82,44.03,43.43,43.59,18313930
2025-07-03,43.74,43.77,43.41,43.55,10301320
2025-07-07,43.70,43.70,42.67,42.80,22039300
2025-07-08,42.80,43.23,42.54,43.06,16736160
2025-07-09,42.98,43.06,42.47,42.61,23519840
2025-07-10,41.87,42.18,41.60,42.03,19359270
2025-07-11,41.98,42.03,41.49,41.62,20174340
2025-07-14,41.59,41.84,41.48,41.58,15757350
2025-07-15,41.44,41.62,41.10,41.26,15653150
2025-07-16,41.27,41.45,41.16,41.25,17971280
2025-07-17,41.29,41.34,40.83,40.95,18411170
2025-07-18,40.98,41.12,40.69,40.84,21079680
2025-07-21,41.95,43.08,41.68,42.49,47574040
2025-07-22,42.74,43.49,42.55,42.96,23521020
2025-07-23,42.40,42.87,42.05,42.84,23357210
2025-07-24,42.90,43.35,42.76,43.08,20410990
2025-07-25,43.02,43.21,42.75,43.08,16571530
2025-07-28,43.02,43.02,42.23,42.36,18243710
2025-07-29,42.42,42.98,42.40,42.71,13118450
2025-07-30,42.67,42.89,42.45,42.60,13313290
2025-07-31,42.28,43.11,42.15,42.76,25538740
2025-08-01,43.29,43.47,42.62,42.88,20841310
2025-08-04,42.80,43.03,42.53,42.95,13629860
2025-08-05,42.95,43.10,42.67,42.67,14863700
2025-08-06,42.80,42.80,42.31,42.35,17812000
2025-08-07,42.50,43.03,42.17,42.95,15543440
2025-08-08,43.10,43.35,43.03,43.15,13057030
2025-08-11,43.23,43.53,42.99,43.18,12914940
2025-08-12,43.34,43.65,43.20,43.25,12483570
2025-08-13,43.20,43.84,43.00,43.71,14327750
2025-08-14,43.76,43.78,43.33,43.50,10582830
2025-08-15,43.57,44.44,43.42,44.24,21239230
2025-08-18,44.35,44.60,44.22,44.39,12692130
2025-08-19,44.51,45.06,44.47,44.94,17944200
2025-08-20,45.08,45.75,44.95,45.06,20982070
2025-08-21,44.98,45.21,44.87,45.03,11866790
2025-08-22,45.15,45.43,44.24,44.44,19123750
2025-08-25,44.44,44.48,43.96,44.23,16021220
2025-08-26,44.11,44.42,43.75,43.96,17328230
2025-08-27,44.02,44.28,43.88,44.27,12046590
2025-08-28,44.10,44.19,43.69,43.93,15842820
2025-08-29,43.97,44.29,43.92,44.23,14792710
2025-09-02,44.16,44.48,43.51,43.80,21123690
2025-09-03,43.50,43.74,42.88,43.74,21828540
2025-09-04,44.07,44.42,43.93,44.18,14480480
2025-09-05,44.10,44.47,44.02,44.38,13406700
2025-09-08,42.98,43.62,42.94,43.32,30273880
2025-09-09,43.36,43.74,43.35,43.57,15595520
2025-09-10,43.49,43.67,43.01,43.49,14807830
2025-09-11,43.61,44.15,43.51,44.14,15510570
2025-09-12,44.01,44.09,43.77,43.97,13723470
2025-09-15,44.05,44.25,43.77,43.87,15034710
2025-09-16,43.87,43.95,43.30,43.74,16173590
2025-09-17,43.87,44.41,43.85,44.21,14413990
2025-09-18,43.88,43.95,43.58,43.67,16507270
2025-09-19,43.78,43.78,43.46,43.48,29164230
2025-09-22,43.38,43.52,42.98,43.16,18507720
2025-09-23,43.16,43.38,42.96,43.35,16796400
2025-09-24,43.20,43.39,42.96,43.18,21162380
2025-09-25,43.24,43.77,43.24,43.35,19012230
2025-09-26,43.65,43.71,43.45,43.61,12456190
2025-09-29,43.60,43.65,43.09,43.25,15854460
2025-09-30,43.24,43.97,43.19,43.95,24399130
2025-10-01,43.91,44.09,43.45,43.83,19921920
2025-10-02,43.58,43.72,43.22,43.40,21550100
2025-10-03,43.44,43.93,43.40,43.67,18016020
2025-10-06,43.25,43.38,41.35,41.44,75944200
2025-10-07,41.61,41.86,41.34,41.40,34001260
2025-10-08,41.54,41.54,41.06,41.32,35601010
2025-10-09,41.35,41.36,40.73,40.83,34868200
2025-10-10,40.25,40.61,39.81,39.85,38107730
2025-10-13,39.75,40.16,39.41,39.75,26453700
2025-10-14,39.80,40.58,39.76,40.55,22346070
2025-10-15,40.42,40.55,40.24,40.38,18233200
2025-10-16,40.41,40.57,40.18,40.36,16751220
2025-10-17,40.50,40.66,40.21,40.55,20523460
2025-10-20,40.70,40.87,40.35,40.80,28079200
2025-10-21,40.63,40.78,40.13,40.30,29881680
2025-10-22,39.57,40.21,38.92,39.80,31009460
2025-10-23,39.78,39.86,38.39,38.40,52663610
2025-10-24,38.59,38.92,38.54,38.82,27485690
2025-10-27,38.80,39.28,38.77,39.23,27487200
2025-10-28,39.15,39.52,38.95,39.32,30719190
2025-10-29,40.93,41.32,39.67,40.21,53730190
2025-10-30,40.02,40.19,38.77,38.96,47371040
2025-10-31,38.98,39.96,38.78,39.74,52181780
2025-11-03,39.51,39.61,38.84,39.47,39851080
2025-11-04,39.56,39.67,39.17,39.32,33632760
2025-11-05,39.33,39.77,39.26,39.69,22947110
2025-11-06,39.52,39.89,39.38,39.82,30949710
2025-11-07,39.94,40.32,39.66,40.03,28389490
2025-11-10,39.90,40.15,39.57,39.85,22414390
2025-11-11,40.05,40.78,40.04,40.70,25360940
2025-11-12,40.78,40.96,40.74,40.80,17834020
2025-11-13,40.84,41.73,40.74,41.11,30487410
2025-11-14,41.32,41.42,40.65,41.06,29368510
2025-11-17,41.06,41.28,40.88,41.01,21620790
2025-11-18,41.03,41.50,40.99,41.48,24067530
2025-11-19,41.50,41.61,40.94,41.19,21895040
2025-11-20,41.15,41.44,40.65,40.76,32173640
2025-11-21,40.67,41.61,40.42,41.23,32037560
2025-11-24,41.35,41.45,40.15,40.21,44805080
2025-11-25,40.59,40.80,40.41,40.59,24375260
2025-11-26,40.59,40.97,40.56,40.88,15186120
2025-11-28,40.82,41.13,40.71,41.11,9926252
2025-12-01,40.96,41.09,40.68,40.74,19655930
2025-12-02,40.75,40.76,40.36,40.61,23194050
2025-12-03,40.74,41.32,40.66,40.67,19910720
2025-12-04,40.86,41.35,40.67,41.26,28382290
2025-12-05,41.26,42.05,41.24,41.69,27802680
2025-12-08,41.75,41.75,40.92,41.30,22931980
2025-12-09,41.23,41.48,40.11,40.14,31770610
2025-12-10,40.20,40.26,39.68,39.92,40053430
2025-12-11,40.00,40.55,39.97,40.22,21895000
2025-12-12,40.22,40.98,40.10,40.89,20600040
2025-12-15,40.90,41.31,40.80,40.80,34725790
2025-12-16,40.90,41.00,40.65,40.75,22709810
2025-12-17,40.78,40.90,40.47,40.88,22316140
2025-12-18,40.78,40.91,40.39,40.41,18822580
2025-12-19,40.14,40.23,39.81,39.82,53345070
2025-12-22,39.72,40.06,39.66,39.98,21111550
2025-12-23,39.99,40.20,39.87,39.92,19761770
2025-12-24,39.92,40.34,39.89,40.32,7949481
2025-12-26,40.27,40.53,40.27,40.48,11875430
2025-12-29,40.51,40.70,40.38,40.48,16846720
2025-12-30,40.48,40.77,40.42,40.70,15581260
2025-12-31,40.71,40.96,40.67,40.73,17454800
2026-01-02,40.77,40.90,40.30,40.52,30856810
2026-01-05,40.43,40.52,39.83,40.23,43091710
2026-01-06,40.34,40.46,39.99,40.30,32758410
2026-01-07,40.55,40.80,39.99,40.13,26834100
2026-01-08,40.17,40.73,10.60,40.57,28103000
2026-01-09,40.57,40.76,40.29,40.46,32108610
2026-01-12,39.82,40.06,39.51,39.84,31259310
2026-01-13,39.84,39.91,38.80,39.01,37255490
2026-01-14,39.12,39.85,39.10,39.83,25714680
2026-01-15,39.83,39.86,39.24,39.36,26483050
2026-01-16,39.10,39.34,38.90,38.91,38980230
2026-01-20,38.89,39.22,38.68,39.08,30650860
2026-01-21,39.10,39.32,38.96,39.24,21158850
2026-01-22,39.32,39.69,39.25,39.48,18880540
2026-01-23,39.45,39.56,39.05,39.52,21849370
2026-01-26,39.68,39.80,39.52,39.62,21081840
2026-01-27,39.66,39.68,39.19,39.32,26108760
2026-01-28,39.41,39.86,39.36,39.41,24412510
2026-01-29,39.58,40.30,39.48,39.81,44347550
2026-01-30,42.01,44.63,41.38,44.52,123584700
2026-02-02,44.58,45.48,43.88,44.61,64539380
2026-02-03,44.64,46.76,44.50,46.25,60299140
2026-02-04,46.77,47.55,46.17,47.01,46213110
2026-02-05,47.21,47.58,46.65,47.10,42866480
2026-02-06,46.97,47.25,46.06,46.31,36094610
2026-02-09,46.16,47.07,45.82,47.02,26954790
2026-02-10,47.02,47.79,46.77,47.39,32146950
2026-02-11,47.18,49.13,47.17,48.97,48933100
2026-02-12,48.90,50.24,48.90,49.46,56131120
2026-02-13,49.16,49.43,48.63,49.01,31998470
2026-02-17,49.30,49.50,48.78,48.93,24327480
2026-02-18,48.64,48.95,47.83,48.05,29318150
2026-02-19,48.89,49.15,48.49,48.64,26530560
2026-02-20,49.03,49.34,48.52,49.25,25456730
2026-02-23,49.35,50.48,49.25,49.68,30112950
2026-02-24,49.78,50.08,49.39,49.86,23816680
2026-02-25,49.65,49.84,49.16,49.23,21692950
2026-02-26,49.26,49.49,48.87,48.89,23662580
2026-02-27,49.36,50.15,49.23,50.14,34693550
2026-03-02,49.98,50.26,49.62,49.98,23725650
2026-03-03,49.73,51.10,49.37,50.87,31586880
2026-03-04,50.41,51.41,50.15,51.20,22816000
2026-03-05,50.97,51.32,50.34,51.18,27534310
2026-03-06,51.09,51.25,50.41,51.12,23562630
2026-03-09,51.00,51.10,50.36,50.45,29057380
2026-03-10,50.31,50.82,50.02,50.71,20031280
2026-03-11,50.88,50.88,50.06,50.68,21560010
2026-03-12,50.45,50.95,49.80,50.63,26296080
2026-03-13,50.95,51.66,50.95,51.38,21780860
2026-03-16,51.36,51.46,50.75,50.97,20017550
2026-03-17,51.30,51.30,50.36,50.52,23765210
2026-03-18,50.37,50.48,49.38,49.59,32972510
2026-03-19,49.59,50.29,48.91,49.48,31234720
2026-03-20,49.74,50.45,49.49,49.98,67321760
2026-03-23,50.03,50.75,49.62,50.58,26390330
2026-03-24,50.55,51.68,50.48,50.91,20264600
2026-03-25,50.65,50.83,50.28,50.37,21920210
2026-03-26,50.57,51.24,50.42,50.74,24423280
2026-03-27,51.00,51.45,50.28,50.31,26273380
2026-03-30,50.87,50.92,50.15,50.30,23797570
2026-03-31,50.55,50.55,49.74,50.20,30514920
2026-04-01,50.07,50.17,49.17,49.39,28398950
2026-04-02,49.81,49.90,49.28,49.40,22737820
2026-04-06,49.40,49.73,49.03,49.15,17542710
2026-04-07,49.10,49.23,48.53,48.62,21945900
2026-04-08,47.88,48.16,47.12,48.04,34143160
2026-04-09,47.81,48.17,47.26,47.78,29376860
2026-04-10,47.09,47.10,45.95,46.04,25248610
2026-04-13,46.09,46.09,45.04,45.42,32920880
2026-04-14,44.77,45.48,44.27,45.48,31187380
2026-04-15,45.33,45.38,44.93,45.03,26230280
2026-04-16,45.23,46.86,45.04,46.78,26004140
2026-04-17,46.11,46.89,46.08,46.55,20004740
2026-04-20,46.59,46.97,46.26,46.44,16608140
2026-04-21,46.52,47.02,46.13,46.27,28978420
2026-04-22,45.88,46.15,45.16,45.98,22129520
2026-04-23,46.48,47.52,46.30,47.22,22750190
2026-04-24,47.06,47.34,46.38,46.38,26602330
2026-04-27,47.42,48.65,46.74,47.10,37920060
2026-04-28,47.99,48.18,46.60,47.24,28369820
2026-04-29,47.18,47.53,46.26,46.61,24195680
2026-04-30,46.86,48.05,46.83,48.03,34708760
2026-05-01,48.28,48.49,47.81,48.11,24123030
2026-05-04,47.82,47.88,47.33,47.57,18080070
2026-05-05,47.54,47.79,47.20,47.34,15148080
2026-05-06,47.16,47.60,46.91,47.44,19336360
2026-05-07,47.23,47.65,47.06,47.09,18839580
2026-05-08,47.21,47.46,46.95,47.22,16349780
2026-05-11,47.50,47.99,46.97,47.23,18560050
2026-05-12,47.70,48.17,47.27,47.93,18131940
2026-05-13,47.89,48.27,47.16,47.21,21212810
2026-05-14,47.46,47.50,46.91,47.06,16585110
2026-05-15,47.48,47.49,46.34,46.37,23356620
2026-05-18,46.60,47.02,45.81,46.76,25427440
2026-05-19,46.81,47.79,46.79,47.74,24593810
2026-05-20,47.73,48.09,47.48,47.82,16714600
2026-05-21,47.61,48.27,47.38,48.27,15841930
2026-05-22,48.50,48.52,48.05,48.35,14723380
2026-05-26,48.29,48.69,47.86,48.49,23019680
2026-05-27,48.43,48.95,48.12,48.24,15109820
2026-05-28,48.48,48.49,47.77,48.01,20714110
2026-05-29,48.06,48.16,47.34,47.81,40410950
2026-06-01,47.50,48.04,47.47,47.73,14647720
2026-06-02,47.78,48.13,47.27,47.87,14902860
2026-06-03,47.45,47.55,46.14,46.65,27861860
2026-06-04,47.14,47.34,44.30,44.87,33072490
2026-06-05,45.24,46.10,45.00,45.37,23121420
2026-06-08,45.30,45.83,45.09,45.44,18994730
2026-06-09,45.29,46.09,44.79,45.78,24758150
2026-06-10,46.46,47.03,45.95,46.95,25239510
2026-06-11,47.35,48.06,46.90,46.94,26889390
2026-06-12,47.41,48.21,47.00,48.11,21956930
2026-06-15,47.32,47.74,47.02,47.07,24208500
2026-06-16,47.10,47.40,46.31,46.73,20698360
2026-06-17,46.51,46.61,45.23,45.84,33481470
2026-06-18,45.78,46.06,45.36,45.37,66305280
2026-06-22,45.37,45.88,45.15,45.36,19293010
2026-06-23,45.71,46.85,45.40,46.73,23019150
2026-06-24,46.46,46.80,45.43,45.68,25280130
2026-06-25,45.54,46.26,45.33,46.07,17592760
2026-06-26,46.20,46.59,46.00,46.54,38132750
2026-06-29,45.57,45.85,42.78,44.10,55387640
2026-06-30,44.22,44.36,41.99,42.34,60542630
2026-07-01,42.39,42.80,41.49,41.99,57139640
2026-07-02,42.24,43.08,40.76,42.56,59060830
2026-07-06,42.90,43.16,41.63,42.07,55342920
2026-07-07,42.70,43.50,42.42,42.59,34682410
2026-07-08,42.48,43.23,42.25,42.45,23082130
2026-07-09,42.20,42.34,41.66,42.24,28215830
2026-07-10,41.61,42.44,41.34,42.12,27705440
2026-07-13,42.66,42.85,42.35,42.68,24782040
2026-07-14,42.64,42.81,42.21,42.47,17515420
2026-07-15,42.27,43.34,42.21,42.83,23029210
2026-07-16,43.00,44.22,42.89,43.88,25260320
2026-07-17,44.64,45.02,43.27,43.59,31014390
2026-07-20,43.28,43.66,43.14,43.50,21344440
2026-07-21,43.25,43.87,42.89,43.78,20340100
2026-07-22,45.04,45.12,44.16,44.29,23734330
2026-07-23,44.16,44.58,43.78,43.82,28013500
2026-07-24,44.08,46.44,43.73,46.38,40755220
2026-07-27,46.38,47.55,46.32,47.32,30412890
2026-07-28,47.85,49.01,47.80,48.19,29692560
2026-07-29,48.48,48.54,45.70,47.22,41396240
2026-07-30,46.40,47.09,45.73,46.11,20937920
2026-07-31,45.90,46.91,45.47,46.81,28291340
2026-08-03,47.32,47.81,47.15,47.36,23007880
2026-08-04,47.00,47.08,46.06,46.88,23748620
2026-08-05,46.00,46.91,45.09,46.47,39580640
2026-08-06,47.20,47.48,46.58,46.99,24297040
2026-08-07,46.34,47.06,46.09,47.06,20544980
2026-08-10,46.73,47.12,46.09,47.03,15462500
2026-08-11,46.90,47.45,46.80,47.27,13314640
2026-08-12,46.89,47.08,46.61,46.98,12120530
2026-08-13,47.03,48.24,47.00,48.22,17937290
2026-08-14,48.46,48.60,48.19,48.48,15062290
2026-08-17,48.24,48.67,48.00,48.06,14466200
2026-08-18,48.57,49.01,48.41,48.54,14376330
2026-08-19,48.60,49.59,48.59,49.36,17795950
2026-08-20,49.28,49.59,49.14,49.19,12546290
2026-08-21,49.37,49.72,49.17,49.45,15082010
2026-08-24,49.49,50.28,49.36,50.15,19502090
2026-08-25,49.99,50.33,49.79,50.25,21340960
2026-08-26,50.31,50.78,50.08,50.19,20726700
2026-08-27,49.56,49.90,49.12,49.43,16389720
2026-08-28,49.55,50.33,49.54,50.10,15790820
2026-08-31,50.06,50.54,49.91,50.02,21408550
2026-09-01,50.50,50.92,50.24,50.30,20188840
2026-09-02,50.49,50.84,50.15,50.22,18677280
2026-09-03,50.61,50.82,50.15,50.59,18001090
2026-09-04,50.55,50.70,50.08,50.14,13423130
2026-09-08,49.98,50.65,49.77,50.41,16037440
2026-09-09,50.19,50.29,48.82,49.74,22581980
2026-09-10,50.01,50.60,49.78,49.97,18478910
2026-09-11,50.30,50.82,50.22,50.61,16457990
2026-09-14,50.94,51.49,50.91,51.29,18124860
2026-09-15,51.11,51.66,51.11,51.45,18722940
