date,open,high,low,close,volume
2016-09-15,19.47,19.69,19.43,19.63,61921700
2016-09-16,19.46,19.46,19.29,19.35,60814100
2016-09-19,19.35,19.45,19.23,19.31,50316760
2016-09-20,19.45,19.48,19.29,19.32,39845880
2016-09-21,19.41,19.46,19.25,19.44,64025060
2016-09-22,19.54,19.56,19.44,19.48,38240130
2016-09-23,19.41,19.51,19.35,19.38,59008770
2016-09-26,19.26,19.27,19.02,19.07,54110900
2016-09-27,19.00,19.24,18.94,19.22,47613610
2016-09-28,19.30,19.34,19.12,19.31,42876400
2016-09-29,19.30,19.40,18.94,19.04,62509950
2016-09-30,19.14,19.40,19.11,19.30,47279590
2016-10-03,19.24,19.31,19.16,19.21,33113300
2016-10-04,19.26,19.43,19.19,19.29,68471620
2016-10-05,19.37,19.64,19.34,19.60,58256090
2016-10-06,19.65,19.66,19.46,19.63,53319960
2016-10-07,19.55,19.66,19.49,19.62,55508700
2016-10-10,19.72,19.81,19.70,19.72,37958960
2016-10-11,19.66,19.72,19.41,19.54,78575060
2016-10-12,19.52,19.65,19.49,19.52,51351370
2016-10-13,19.36,19.37,19.11,19.33,73143010
2016-10-14,19.56,19.62,19.36,19.42,76174810
2016-10-17,19.43,19.47,19.28,19.33,41214560
2016-10-18,19.53,19.55,19.41,19.49,45957490
2016-10-19,19.55,19.71,19.53,19.66,49780600
2016-10-20,19.64,19.78,19.58,19.66,56210540
2016-10-21,19.50,19.67,19.47,19.65,38544350
2016-10-24,19.74,19.81,19.70,19.71,33808560
2016-10-25,19.75,19.76,19.64,19.69,36174840
2016-10-26,19.60,19.84,19.58,19.81,40416660
2016-10-27,19.92,19.95,19.77,19.86,45545680
2016-10-28,19.90,19.92,19.62,19.77,55749880
2016-10-31,19.87,19.87,19.74,19.74,38550680
2016-11-01,19.81,19.86,19.50,19.66,62733840
2016-11-02,19.62,19.63,19.44,19.53,66296590
2016-11-03,19.55,19.73,19.52,19.55,53454950
2016-11-04,19.56,19.65,19.40,19.49,64869310
2016-11-07,19.82,19.99,19.80,19.98,58946330
2016-11-08,19.92,20.09,19.79,19.99,63156820
2016-11-09,20.54,20.94,20.11,20.84,267602800
2016-11-10,21.16,21.70,21.08,21.61,241511700
2016-11-11,21.47,21.70,21.40,21.67,134874800
2016-11-14,21.88,22.33,21.85,22.20,261419000
2016-11-15,22.01,22.20,21.79,22.18,122720500
2016-11-16,21.98,22.03,21.80,21.86,117733200
2016-11-17,21.86,22.18,21.81,22.16,97804240
2016-11-18,22.14,22.24,22.06,22.16,91846520
2016-11-21,22.28,22.30,22.09,22.24,71872680
2016-11-22,22.34,22.35,22.12,22.25,98261660
2016-11-23,22.34,22.41,22.17,22.38,101944500
2016-11-25,22.43,22.45,22.32,22.41,33114820
2016-11-28,22.25,22.38,22.09,22.15,99695510
2016-11-29,22.19,22.28,22.11,22.21,74611910
2016-11-30,22.52,22.57,22.43,22.51,98838870
2016-12-01,22.63,22.95,22.60,22.90,120031000
2016-12-02,22.84,22.85,22.55,22.65,82052440
2016-12-05,22.85,23.00,22.79,22.92,95056150
2016-12-06,23.07,23.14,22.84,23.12,79122750
2016-12-07,23.18,23.50,23.10,23.48,120140300
2016-12-08,23.61,23.84,23.47,23.70,116787400
2016-12-09,23.70,23.75,23.53,23.75,95656560
2016-12-12,23.68,23.78,23.46,23.52,84990030
2016-12-13,23.58,23.72,23.38,23.58,113375900
2016-12-14,23.40,23.83,23.31,23.47,142794400
2016-12-15,23.59,23.87,23.50,23.67,110131200
2016-12-16,23.68,23.69,23.33,23.36,83071470
2016-12-19,23.39,23.43,23.18,23.37,73528310
2016-12-20,23.51,23.66,23.51,23.66,60788440
2016-12-21,23.66,23.67,23.52,23.60,37691210
2016-12-22,23.59,23.59,23.46,23.54,37761080
2016-12-23,23.54,23.58,23.47,23.58,18275170
2016-12-27,23.63,23.64,23.57,23.61,38240550
2016-12-28,23.65,23.67,23.35,23.37,30807140
2016-12-29,23.39,23.43,23.10,23.20,39239400
2016-12-30,23.29,23.33,23.17,23.25,44760120
2017-01-03,23.61,23.67,23.26,23.51,71227570
2017-01-04,23.58,23.73,23.51,23.70,45022090
2017-01-05,23.63,23.66,23.24,23.46,62124920
2017-01-06,23.55,23.64,23.42,23.54,38012780
2017-01-09,23.48,23.53,23.33,23.38,34013220
2017-01-10,23.42,23.63,23.31,23.43,46184310
2017-01-11,23.46,23.58,23.30,23.58,47114800
2017-01-12,23.47,23.50,23.18,23.38,57401300
2017-01-13,23.54,23.79,23.41,23.51,72473320
2017-01-17,23.34,23.35,22.94,22.95,96513120
2017-01-18,23.07,23.17,22.85,23.14,68285920
2017-01-19,23.19,23.25,22.96,23.04,56583030
2017-01-20,23.11,23.23,23.03,23.15,74346920
2017-01-23,23.05,23.19,22.92,23.00,46609760
2017-01-24,23.11,23.38,23.01,23.29,45229090
2017-01-25,23.54,23.69,23.43,23.68,92803300
2017-01-26,23.72,23.80,23.61,23.74,70683320
2017-01-27,23.74,23.75,23.58,23.65,43908530
2017-01-30,23.50,23.50,23.25,23.46,46106240
2017-01-31,23.34,23.52,23.18,23.31,56454660
2017-02-01,23.49,23.61,23.27,23.34,72086150
2017-02-02,23.21,23.36,23.10,23.25,39360500
2017-02-03,23.65,23.74,23.44,23.72,86294150
2017-02-06,23.58,23.78,23.56,23.61,34950050
2017-02-07,23.75,23.76,23.52,23.55,50827170
2017-02-08,23.48,23.48,23.28,23.39,54338890
2017-02-09,23.46,23.74,23.33,23.71,76802350
2017-02-10,23.85,23.86,23.69,23.78,55076920
2017-02-13,23.93,24.16,23.89,24.05,76619400
2017-02-14,24.03,24.36,23.99,24.33,75932620
2017-02-15,24.45,24.57,24.27,24.52,76805670
2017-02-16,24.49,24.53,24.31,24.46,64009820
2017-02-17,24.28,24.47,24.25,24.47,54144600
2017-02-21,24.60,24.65,24.51,24.59,55213850
2017-02-22,24.49,24.68,24.45,24.61,50391360
2017-02-23,24.62,24.67,24.47,24.61,53507290
2017-02-24,24.35,24.48,24.31,24.42,61643660
2017-02-27,24.45,24.60,24.44,24.55,39615960
2017-02-28,24.46,24.55,24.38,24.54,48882610
2017-03-01,25.01,25.29,24.98,25.24,92111710
2017-03-02,25.29,25.30,24.84,24.85,69255650
2017-03-03,24.87,25.03,24.86,24.97,57606370
2017-03-06,24.82,24.86,24.67,24.78,49016660
2017-03-07,24.82,24.82,24.65,24.71,53726500
2017-03-08,24.98,25.06,24.71,24.72,104544700
2017-03-09,24.82,24.94,24.70,24.81,60695200
2017-03-10,24.93,24.95,24.63,24.79,62071350
2017-03-13,24.82,24.88,24.70,24.85,49410280
2017-03-14,24.75,24.80,24.60,24.78,49504820
2017-03-15,24.82,24.92,24.63,24.74,86428530
2017-03-16,24.84,24.97,24.77,24.78,87087590
2017-03-17,24.75,24.76,22.00,24.45,82808120
2017-03-20,24.40,24.47,24.25,24.27,78676420
2017-03-21,24.36,24.38,23.51,23.57,192240100
2017-03-22,23.40,23.63,23.23,23.52,133159600
2017-03-23,23.49,23.84,23.44,23.57,85215100
2017-03-24,23.61,23.73,23.38,23.54,97579740
2017-03-27,23.04,23.46,22.98,23.45,103895300
2017-03-28,23.37,23.86,23.37,23.77,82269670
2017-03-29,23.73,23.77,23.60,23.62,76508550
2017-03-30,23.64,23.99,23.61,23.93,92540900
2017-03-31,23.84,23.91,23.73,23.73,70497840
2017-04-03,23.77,23.82,23.40,23.68,93482280
2017-04-04,23.58,23.70,23.54,23.65,105791900
2017-04-05,23.87,23.96,23.47,23.47,104601000
2017-04-06,23.45,23.72,23.33,23.62,80773020
2017-04-07,23.44,23.68,23.39,23.52,61504140
2017-04-10,23.52,23.67,23.38,23.46,60428980
2017-04-11,23.34,23.43,23.15,23.39,83796970
2017-04-12,23.36,23.38,23.14,23.20,73989270
2017-04-13,23.11,23.37,22.90,22.90,120075100
2017-04-17,22.96,23.31,22.89,23.30,86491610
2017-04-18,23.14,23.25,22.94,23.08,74827390
2017-04-19,23.23,23.32,22.98,23.01,55570570
2017-04-20,23.18,23.45,23.09,23.40,85694450
2017-04-21,23.34,23.43,23.15,23.16,89975410
2017-04-24,23.69,23.81,23.59,23.68,98696130
2017-04-25,23.89,24.01,23.86,23.89,70993100
2017-04-26,23.86,24.09,23.82,23.87,71388720
2017-04-27,23.92,23.92,23.62,23.76,68812170
2017-04-28,23.77,23.79,23.53,23.53,64089360
2017-05-01,23.65,23.80,23.55,23.68,69064220
2017-05-02,23.68,23.71,23.52,23.65,75181170
2017-05-03,23.57,23.84,23.55,23.84,78090420
2017-05-04,23.99,24.07,23.78,23.88,64456710
2017-05-05,23.95,23.96,23.76,23.84,46852460
2017-05-08,23.87,23.91,23.78,23.82,45893020
2017-05-09,23.88,23.96,23.65,23.73,65731950
2017-05-10,23.69,23.81,23.64,23.81,51191670
2017-05-11,23.72,23.76,23.47,23.66,77259870
2017-05-12,23.55,23.57,23.43,23.56,55747040
2017-05-15,23.61,23.79,23.60,23.74,51336680
2017-05-16,23.79,23.83,23.67,23.81,51499340
2017-05-17,23.31,23.49,22.97,23.06,141130400
2017-05-18,23.03,23.29,23.00,23.15,101596000
2017-05-19,23.19,23.48,23.18,23.35,63120980
2017-05-22,23.48,23.48,23.25,23.41,79149040
2017-05-23,23.43,23.66,23.32,23.59,65527930
2017-05-24,23.62,23.64,23.48,23.58,59988270
2017-05-25,23.63,23.73,23.56,23.62,49360540
2017-05-26,23.56,23.68,23.56,23.61,42600990
2017-05-30,23.54,23.57,23.40,23.45,46574220
2017-05-31,23.45,23.46,23.10,23.25,115826900
2017-06-01,23.38,23.56,23.22,23.54,81148690
2017-06-02,23.37,23.57,23.32,23.45,83658610
2017-06-05,23.46,23.64,23.46,23.49,44041860
2017-06-06,23.31,23.45,23.26,23.39,60396490
2017-06-07,23.43,23.63,23.39,23.57,82971080
2017-06-08,23.57,24.01,23.55,23.84,77944960
2017-06-09,23.99,24.33,23.97,24.29,132826100
2017-06-12,24.34,24.51,24.20,24.34,86512050
2017-06-13,24.47,24.55,24.39,24.47,94791210
2017-06-14,24.26,24.54,24.13,24.51,117590400
2017-06-15,24.33,24.54,24.31,24.41,59475250
2017-06-16,24.31,24.37,24.22,24.29,52288170
2017-06-19,24.45,24.59,24.42,24.54,58009340
2017-06-20,24.46,24.48,24.32,24.33,45646050
2017-06-21,24.37,24.38,24.11,24.13,51929730
2017-06-22,24.04,24.11,23.95,23.98,58362180
2017-06-23,24.08,24.09,23.81,23.89,85284960
2017-06-26,23.94,24.12,23.86,24.02,60285480
2017-06-27,24.11,24.32,24.05,24.14,75889360
2017-06-28,24.30,24.56,24.28,24.52,89659490
2017-06-29,25.02,25.02,24.51,24.69,118752300
2017-06-30,24.87,24.88,24.62,24.67,72693080
2017-07-03,24.81,25.19,24.78,25.03,61454450
2017-07-05,25.10,25.13,24.91,25.07,78064240
2017-07-06,25.06,25.17,24.88,24.88,98310360
2017-07-07,25.01,25.10,24.88,25.05,59381400
2017-07-10,25.01,25.08,24.93,25.02,55007950
2017-07-11,25.00,25.01,24.73,24.80,49774550
2017-07-12,24.77,24.90,24.73,24.88,47816320
2017-07-13,24.88,25.03,24.86,25.03,48835390
2017-07-14,24.72,24.96,24.59,24.92,61707350
2017-07-17,24.85,24.90,24.74,24.84,42900500
2017-07-18,24.67,24.84,24.64,24.80,63194380
2017-07-19,24.85,24.92,24.72,24.81,48256910
2017-07-20,24.83,24.94,24.75,24.80,39618090
2017-07-21,24.73,24.88,24.73,24.80,43806700
2017-07-24,24.79,24.94,24.79,24.91,26055410
2017-07-25,25.19,25.32,25.14,25.22,75741150
2017-07-26,25.25,25.29,24.99,25.05,56040300
2017-07-27,25.10,25.11,24.80,24.91,67803730
2017-07-28,24.87,24.98,24.77,24.91,43734860
2017-07-31,25.00,25.18,24.97,25.09,43038870
2017-08-01,25.26,25.29,25.14,25.27,60952220
2017-08-02,25.30,25.33,25.18,25.31,43321130
2017-08-03,25.27,25.31,25.18,25.22,40815130
2017-08-04,25.45,25.49,25.34,25.39,50630730
2017-08-07,25.39,25.40,25.31,25.35,39483450
2017-08-08,25.31,25.59,25.27,25.28,52623230
2017-08-09,25.07,25.30,25.07,25.28,46457060
2017-08-10,25.12,25.18,24.83,24.83,71070560
2017-08-11,24.83,24.96,24.67,24.73,50374030
2017-08-14,24.93,25.14,24.92,25.07,49426830
2017-08-15,25.28,25.31,25.09,25.09,48516980
2017-08-16,25.20,25.24,25.00,25.04,35026850
2017-08-17,24.98,25.02,24.60,24.61,76599650
2017-08-18,24.49,24.80,24.48,24.62,71484940
2017-08-21,24.60,24.63,24.45,24.55,45044010
2017-08-22,24.65,24.84,24.62,24.82,42635780
2017-08-23,24.64,24.88,24.62,24.74,36546770
2017-08-24,24.85,24.85,24.69,24.74,31063470
2017-08-25,24.79,24.92,24.78,24.81,37173320
2017-08-28,24.83,24.84,24.59,24.65,36414140
2017-08-29,24.37,24.61,24.35,24.57,42763110
2017-08-30,24.61,24.78,24.59,24.67,35161900
2017-08-31,24.75,24.77,24.62,24.70,44217640
2017-09-01,24.73,24.91,24.67,24.77,42130640
2017-09-05,24.58,24.62,24.17,24.24,96546490
2017-09-06,24.33,24.42,24.22,24.30,77562090
2017-09-07,24.34,24.36,23.79,23.88,87665540
2017-09-08,23.90,24.19,23.85,24.10,68606720
2017-09-11,24.38,24.59,24.33,24.52,73248620
2017-09-12,24.61,24.83,24.59,24.81,66294800
2017-09-13,24.77,24.86,24.68,24.85,50993530
2017-09-14,24.86,24.92,24.75,24.80,47088150
2017-09-15,24.66,24.79,24.63,24.77,58852410
2017-09-18,24.86,25.07,24.84,25.06,43913580
2017-09-19,25.06,25.31,25.02,25.25,58377470
2017-09-20,25.27,25.49,25.15,25.40,70491260
2017-09-21,25.34,25.52,25.32,25.46,50670210
2017-09-22,25.36,25.46,25.29,25.43,42304890
2017-09-25,25.40,25.49,25.23,25.40,39758660
2017-09-26,25.44,25.48,25.32,25.39,46791620
2017-09-27,25.71,25.83,25.59,25.70,65811640
2017-09-28,25.79,25.80,25.61,25.74,37713710
2017-09-29,25.74,25.86,25.70,25.86,42531600
2017-10-02,25.81,26.08,25.81,26.08,52218840
2017-10-03,26.06,26.17,26.01,26.17,48054690
2017-10-04,26.10,26.18,26.04,26.05,39257500
2017-10-05,26.08,26.41,26.01,26.32,61216680
2017-10-06,26.39,26.46,26.21,26.35,65819030
2017-10-09,26.42,26.42,26.19,26.25,31330540
2017-10-10,26.29,26.37,26.22,26.37,35810140
2017-10-11,26.31,26.34,26.21,26.32,33709200
2017-10-12,26.39,26.40,26.09,26.12,53807650
2017-10-13,25.99,26.22,25.89,26.13,69540770
2017-10-16,26.15,26.31,26.14,26.30,41222720
2017-10-17,26.39,26.40,26.11,26.17,37829490
2017-10-18,26.28,26.35,26.17,26.31,52176210
2017-10-19,26.12,26.34,26.08,26.33,34621450
2017-10-20,26.61,26.66,26.52,26.64,55352910
2017-10-23,26.65,26.70,26.56,26.62,43555180
2017-10-24,26.71,26.86,26.69,26.81,60233540
2017-10-25,26.89,26.92,26.50,26.65,68651390
2017-10-26,26.75,26.92,26.75,26.80,41741470
2017-10-27,26.75,26.83,26.61,26.78,56688350
2017-10-30,26.65,26.79,26.60,26.67,48118340
2017-10-31,26.67,26.77,26.57,26.60,39855400
2017-11-01,26.71,26.83,26.61,26.64,40846150
2017-11-02,26.67,26.93,26.54,26.89,51094360
2017-11-03,26.80,26.82,26.70,26.78,42376410
2017-11-06,26.71,26.80,26.66,26.75,33620040
2017-11-07,26.77,26.85,26.31,26.38,70153650
2017-11-08,26.33,26.34,26.16,26.25,55844920
2017-11-09,26.08,26.25,25.89,26.16,94572600
2017-11-10,26.18,26.23,26.06,26.08,53169340
2017-11-13,25.92,26.18,25.90,26.12,50571380
2017-11-14,26.02,26.12,25.93,26.11,54101450
2017-11-15,25.88,26.27,25.86,26.18,64910570
2017-11-16,26.30,26.36,26.17,26.19,53632190
2017-11-17,26.06,26.22,26.03,26.16,41938650
2017-11-20,26.21,26.32,26.13,26.28,35201590
2017-11-21,26.37,26.40,26.30,26.36,35935730
2017-11-22,26.36,26.43,26.23,26.23,30959260
2017-11-24,26.33,26.38,26.20,26.22,12172480
2017-11-27,26.20,26.34,26.18,26.20,42331020
2017-11-28,26.23,26.91,26.21,26.88,86482760
2017-11-29,27.14,27.52,27.07,27.34,135328500
2017-11-30,27.58,27.88,27.38,27.52,135203000
2017-12-01,27.56,27.71,26.95,27.58,148114800
2017-12-04,28.04,28.20,28.00,28.00,99753230
2017-12-05,28.10,28.15,27.78,27.85,77701440
2017-12-06,27.75,27.91,27.67,27.75,60286990
2017-12-07,27.63,27.94,27.58,27.84,59623770
2017-12-08,27.98,28.01,27.78,28.01,54992720
2017-12-11,28.01,28.05,27.86,27.94,43278340
2017-12-12,28.05,28.32,27.95,28.22,69178480
2017-12-13,28.19,28.25,27.85,27.87,93747270
2017-12-14,27.97,28.01,27.66,27.69,76909650
2017-12-15,27.73,28.00,27.63,27.81,111758900
2017-12-18,28.04,28.20,27.99,28.06,61262280
2017-12-19,28.22,28.24,27.94,27.94,57237580
2017-12-20,28.17,28.22,27.87,27.89,69647270
2017-12-21,28.04,28.21,28.00,28.13,46064370
2017-12-22,28.21,28.25,27.92,28.05,43017400
2017-12-26,28.05,28.14,27.86,27.97,33701140
2017-12-27,27.99,28.01,27.91,28.00,29417500
2017-12-28,28.07,28.12,28.00,28.11,28128000
2017-12-29,28.20,28.20,27.91,27.91,55098680
2018-01-02,28.09,28.09,27.79,27.92,55359550
2018-01-03,27.97,28.09,27.88,28.07,56892260
2018-01-04,28.23,28.54,28.18,28.33,62234950
2018-01-05,28.48,28.48,28.23,28.41,37976340
2018-01-08,28.38,28.43,28.27,28.37,44248500
2018-01-09,28.49,28.74,28.44,28.59,50949290
2018-01-10,28.68,28.95,28.63,28.83,64658650
2018-01-11,28.95,29.00,28.81,28.97,42321990
2018-01-12,29.14,29.25,28.96,29.23,44452720
2018-01-16,29.48,29.53,28.99,29.15,67560050
2018-01-17,29.23,29.45,28.99,29.37,54302910
2018-01-18,29.47,29.48,29.29,29.33,48046940
2018-01-19,29.43,29.55,29.37,29.54,59489560
2018-01-22,29.55,29.79,29.51,29.78,46865120
2018-01-23,29.71,29.86,29.57,29.81,60855210
2018-01-24,29.95,30.08,29.77,30.01,66363500
2018-01-25,30.13,30.13,29.85,29.95,45415950
2018-01-26,30.04,30.18,29.90,30.17,33869420
2018-01-29,30.19,30.33,30.02,30.05,41037110
2018-01-30,29.83,30.02,29.66,29.66,67267510
2018-01-31,29.74,29.89,29.64,29.74,49713920
2018-02-01,29.68,30.05,29.67,30.02,60799750
2018-02-02,29.96,30.04,29.34,29.36,73062100
2018-02-05,28.73,29.21,27.60,27.88,141230300
2018-02-06,27.24,28.46,27.17,28.39,158513600
2018-02-07,28.34,28.81,28.22,28.41,102689700
2018-02-08,28.46,28.51,27.14,27.16,135255400
2018-02-09,27.57,27.89,26.76,27.68,149488900
2018-02-12,27.96,28.35,27.70,28.07,83537990
2018-02-13,27.91,28.25,27.83,28.19,42226020
2018-02-14,28.17,28.86,28.07,28.86,57372460
2018-02-15,29.10,29.14,28.70,29.02,66962690
2018-02-16,28.88,29.23,28.84,28.98,46972650
2018-02-20,28.92,29.21,28.80,28.89,58224390
2018-02-21,28.90,29.40,28.87,28.93,44577900
2018-02-22,29.00,29.16,28.62,28.69,47568220
2018-02-23,28.78,29.12,28.77,29.12,41179690
2018-02-26,29.33,29.56,29.14,29.56,55109680
2018-02-27,29.58,29.77,29.26,29.28,72748610
2018-02-28,29.43,29.54,28.87,28.87,65224910
2018-03-01,28.88,29.11,28.21,28.37,82425540
2018-03-02,28.17,28.52,27.89,28.44,78954980
2018-03-05,28.22,29.00,28.21,28.84,58926370
2018-03-06,29.00,29.02,28.66,28.96,49685130
2018-03-07,28.60,28.97,28.57,28.91,41517560
2018-03-08,28.98,29.04,28.69,29.00,50799960
2018-03-09,29.31,29.72,29.18,29.70,54496210
2018-03-12,29.70,29.81,29.55,29.60,51761740
2018-03-13,29.74,29.77,29.20,29.27,47034670
2018-03-14,29.40,29.40,28.85,28.94,57236030
2018-03-15,29.05,29.11,28.86,28.95,47445650
2018-03-16,28.91,29.15,28.87,28.87,61233120
2018-03-19,28.83,28.93,28.39,28.66,51760560
2018-03-20,28.77,28.85,28.66,28.73,37109810
2018-03-21,28.78,29.10,28.62,28.72,53281790
2018-03-22,28.34,28.45,27.56,27.66,85143820
2018-03-23,27.69,27.80,26.77,26.82,89019370
2018-03-26,27.36,27.77,27.10,27.69,83886040
2018-03-27,27.78,27.90,26.93,27.15,78777470
2018-03-28,27.22,27.47,26.85,27.20,84200420
2018-03-29,27.32,27.76,27.20,27.57,59262880
2018-04-02,27.57,27.60,26.55,26.96,74182460
2018-04-03,27.13,27.39,26.89,27.33,75154330
2018-04-04,26.84,27.70,26.82,27.62,70103830
2018-04-05,27.87,28.04,27.75,27.84,45369760
2018-04-06,27.52,27.70,26.92,27.17,88264250
2018-04-09,27.32,27.87,27.27,27.32,54531750
2018-04-10,27.76,27.89,27.55,27.73,68776520
2018-04-11,27.48,27.61,27.32,27.40,52454880
2018-04-12,27.61,28.06,27.59,27.88,63244940
2018-04-13,28.22,28.24,27.31,27.46,70094190
2018-04-16,27.62,27.78,27.50,27.58,44629000
2018-04-17,27.82,27.85,27.48,27.58,50247340
2018-04-18,27.65,27.76,27.39,27.45,66779890
2018-04-19,27.50,27.93,27.48,27.87,76138470
2018-04-20,27.92,28.04,27.75,27.88,49781280
2018-04-23,27.96,27.99,27.76,27.85,45666600
2018-04-24,28.00,28.17,27.48,27.67,69590390
2018-04-25,27.64,27.79,27.37,27.65,51759550
2018-04-26,27.63,27.80,27.52,27.66,33419900
2018-04-27,27.61,27.77,27.57,27.70,47184730
2018-04-30,27.77,27.92,27.44,27.45,41729720
2018-05-01,27.39,27.48,27.17,27.46,46340950
2018-05-02,27.36,27.47,27.11,27.15,45323190
2018-05-03,27.02,27.06,26.46,26.92,68939170
2018-05-04,26.76,27.42,26.67,27.27,40573890
2018-05-07,27.37,27.56,27.26,27.45,36819170
2018-05-08,27.47,27.83,27.46,27.64,47717390
2018-05-09,27.77,28.12,27.67,28.05,43814310
2018-05-10,28.00,28.34,27.96,28.28,41444240
2018-05-11,28.30,28.45,28.20,28.26,25893320
2018-05-14,28.34,28.39,28.19,28.24,31275350
2018-05-15,28.20,28.34,28.08,28.19,54654550
2018-05-16,28.16,28.32,28.10,28.24,31969520
2018-05-17,28.21,28.28,28.00,28.18,45058730
2018-05-18,28.18,28.19,27.94,27.95,32931280
2018-05-21,28.11,28.26,28.10,28.15,29488240
2018-05-22,28.17,28.50,28.17,28.34,52822810
2018-05-23,28.15,28.24,27.86,28.16,44865270
2018-05-24,28.07,28.09,27.66,27.94,43229100
2018-05-25,27.81,27.90,27.72,27.85,39282150
2018-05-29,27.46,27.50,26.72,26.92,126440200
2018-05-30,27.18,27.52,27.11,27.41,65831790
2018-05-31,27.35,27.39,27.10,27.18,66648640
2018-06-01,27.51,27.63,27.40,27.48,62922520
2018-06-04,27.61,27.66,27.52,27.57,44191550
2018-06-05,27.48,27.52,27.31,27.45,44965190
2018-06-06,27.61,27.97,27.58,27.95,61946280
2018-06-07,28.07,28.18,27.85,28.04,65165110
2018-06-08,28.01,28.11,27.86,28.08,47682440
2018-06-11,28.17,28.27,28.02,28.02,47287590
2018-06-12,28.10,28.17,27.81,27.95,55511400
2018-06-13,27.96,28.18,27.82,27.85,61008640
2018-06-14,27.90,27.95,27.51,27.59,70476870
2018-06-15,27.30,27.55,27.11,27.47,62776790
2018-06-18,27.23,27.46,27.14,27.42,49555880
2018-06-19,27.14,27.42,27.13,27.35,50213030
2018-06-20,27.60,27.60,27.25,27.28,42820730
2018-06-21,27.19,27.36,27.01,27.20,75172680
2018-06-22,27.39,27.42,27.05,27.07,61899180
2018-06-25,26.95,27.00,26.59,26.78,80744270
2018-06-26,26.80,26.83,26.52,26.69,56386360
2018-06-27,26.68,26.88,26.35,26.36,77850120
2018-06-28,26.36,26.70,26.31,26.59,78454250
2018-06-29,26.92,27.07,26.55,26.59,77148580
2018-07-02,26.37,26.73,26.35,26.72,66188690
2018-07-03,26.79,26.87,26.42,26.48,30717770
2018-07-05,26.62,26.68,26.45,26.54,40618310
2018-07-06,26.47,26.78,26.37,26.67,41279970
2018-07-09,26.81,27.31,26.78,27.28,73407740
2018-07-10,27.30,27.39,27.10,27.18,51230060
2018-07-11,27.03,27.19,26.99,27.05,45895080
2018-07-12,27.22,27.24,26.94,27.10,64830480
2018-07-13,26.99,27.07,26.70,26.98,64146900
2018-07-16,27.06,27.48,27.04,27.46,55677610
2018-07-17,27.49,27.60,27.34,27.49,55482630
2018-07-18,27.60,27.98,27.56,27.93,58738600
2018-07-19,27.79,27.80,27.47,27.51,61723510
2018-07-20,27.46,27.64,27.36,27.56,51559120
2018-07-23,27.56,27.98,27.55,27.94,81500930
2018-07-24,28.05,28.19,27.95,28.02,63103950
2018-07-25,28.00,28.13,27.85,28.08,44182370
2018-07-26,28.15,28.26,28.04,28.07,40046650
2018-07-27,28.06,28.27,27.97,28.13,63128230
2018-07-30,28.15,28.36,28.11,28.15,56411050
2018-07-31,28.23,28.24,27.89,27.95,84455510
2018-08-01,28.13,28.27,27.88,27.95,64038350
2018-08-02,27.77,28.01,27.68,27.96,38294810
2018-08-03,27.92,28.12,27.92,28.12,34887790
2018-08-06,28.16,28.34,28.10,28.27,38201330
2018-08-07,28.35,28.56,28.32,28.40,44573980
2018-08-08,28.36,28.52,28.34,28.47,47507470
2018-08-09,28.40,28.47,28.30,28.30,29352280
2018-08-10,27.93,28.07,27.83,27.97,83301140
2018-08-13,27.97,28.04,27.69,27.70,74399050
2018-08-14,27.80,28.01,27.72,27.96,43626010
2018-08-15,27.73,27.88,27.61,27.74,55659110
2018-08-16,27.87,28.19,27.87,28.11,49526360
2018-08-17,28.03,28.21,28.03,28.17,43192630
2018-08-20,28.17,28.31,28.13,28.26,30023890
2018-08-21,28.28,28.51,28.22,28.37,47932180
2018-08-22,28.25,28.38,28.23,28.27,27322070
2018-08-23,28.26,28.29,28.10,28.14,31734000
2018-08-24,28.25,28.30,28.19,28.24,22061520
2018-08-27,28.35,28.72,28.34,28.62,52233990
2018-08-28,28.70,28.72,28.54,28.59,28896790
2018-08-29,28.59,28.66,28.44,28.58,34006380
2018-08-30,28.45,28.56,28.31,28.36,43259970
2018-08-31,28.26,28.35,28.17,28.33,34103950
2018-09-04,28.27,28.50,28.20,28.47,43137510
2018-09-05,28.45,28.64,28.43,28.49,32725490
2018-09-06,28.45,28.53,28.27,28.36,38310140
2018-09-07,28.42,28.44,28.21,28.33,43626450
2018-09-10,28.40,28.44,28.27,28.30,29738410
2018-09-11,28.22,28.41,28.12,28.33,32049400
2018-09-12,28.33,28.39,28.05,28.07,47918240
2018-09-13,28.14,28.28,27.97,28.03,44957800
2018-09-14,28.07,28.25,28.06,28.23,34148580
2018-09-17,28.23,28.31,28.08,28.11,26904840
2018-09-18,28.18,28.28,28.06,28.25,36404420
2018-09-19,28.23,28.82,28.23,28.73,75525030
2018-09-20,28.94,29.07,28.87,28.98,78519130
2018-09-21,28.95,29.00,28.70,28.74,63951460
2018-09-24,28.71,28.75,28.40,28.42,47981590
2018-09-25,28.53,28.55,28.30,28.31,32961000
2018-09-26,28.35,28.39,27.90,27.97,60283180
2018-09-27,28.00,28.10,27.84,27.87,57490660
2018-09-28,27.76,27.77,27.54,27.58,66452690
2018-10-01,27.74,27.89,27.59,27.69,49847030
2018-10-02,27.65,27.74,27.47,27.69,47627390
2018-10-03,27.87,28.07,27.79,27.95,79578940
2018-10-04,27.94,28.34,27.92,28.14,92691170
2018-10-05,28.21,28.31,27.93,28.00,58141160
2018-10-08,27.92,28.28,27.89,28.19,56560760
2018-10-09,28.06,28.20,27.88,28.08,47957330
2018-10-10,28.07,28.14,27.21,27.21,101014300
2018-10-11,27.05,27.21,26.32,26.40,178606800
2018-10-12,26.88,26.92,26.03,26.43,137891800
2018-10-15,26.44,26.63,26.31,26.31,82018810
2018-10-16,26.49,26.77,26.31,26.75,75042970
2018-10-17,26.69,27.18,26.56,27.02,79421210
2018-10-18,26.87,27.07,26.49,26.57,81648470
2018-10-19,26.55,26.88,26.42,26.67,73613830
2018-10-22,26.70,26.76,26.10,26.10,58558900
2018-10-23,25.57,26.04,25.42,25.89,93650860
2018-10-24,25.85,25.85,25.14,25.24,98042640
2018-10-25,25.36,25.84,25.33,25.63,72352220
2018-10-26,25.32,25.52,25.02,25.26,115249600
2018-10-29,25.57,25.93,25.20,25.48,97883160
2018-10-30,25.62,25.94,25.44,25.92,82676210
2018-10-31,26.17,26.61,26.13,26.28,93697570
2018-11-01,26.35,26.51,26.22,26.40,62249250
2018-11-02,26.66,26.81,26.18,26.38,72991300
2018-11-05,26.49,26.88,26.49,26.80,58672640
2018-11-06,26.78,26.94,26.65,26.94,50929310
2018-11-07,27.09,27.32,26.82,27.29,59956070
2018-11-08,27.13,27.52,27.04,27.37,46718190
2018-11-09,27.30,27.38,26.98,27.12,46966920
2018-11-12,27.06,27.18,26.53,26.58,47046320
2018-11-13,26.62,26.99,26.60,26.73,69463450
2018-11-14,26.94,26.98,26.08,26.37,104221400
2018-11-15,26.19,26.78,26.03,26.76,93895330
2018-11-16,26.62,26.91,26.47,26.79,80518350
2018-11-19,26.77,26.90,26.54,26.78,65440890
2018-11-20,26.47,26.58,26.11,26.19,103729000
2018-11-21,26.34,26.59,26.13,26.21,48584680
2018-11-23,26.07,26.21,25.93,26.00,24252330
2018-11-26,26.27,26.63,26.26,26.53,50047800
2018-11-27,26.48,26.63,26.41,26.55,47173600
2018-11-28,26.63,27.06,26.40,27.06,61333030
2018-11-29,26.86,27.00,26.72,26.83,43613410
2018-11-30,26.75,27.08,26.71,26.97,45429910
2018-12-03,27.36,27.47,26.95,27.14,65273660
2018-12-04,27.00,27.01,25.83,25.96,110853800
2018-12-06,25.38,25.61,24.93,25.60,134623000
2018-12-07,25.54,25.90,24.99,25.11,86733680
2018-12-10,25.01,25.08,24.30,24.76,101118200
2018-12-11,25.07,25.22,24.43,24.52,92096300
2018-12-12,24.86,25.02,24.54,24.66,86629890
2018-12-13,24.65,24.78,24.39,24.48,67191210
2018-12-14,24.24,24.58,24.19,24.24,66765100
2018-12-17,24.10,24.47,23.89,24.00,101170800
2018-12-18,24.14,24.40,23.75,23.91,90799510
2018-12-19,23.86,24.39,23.42,23.61,129277300
2018-12-20,23.38,23.75,23.27,23.40,106674800
2018-12-21,23.23,23.67,22.74,22.79,117979600
2018-12-24,22.49,22.75,22.28,22.31,71752700
2018-12-26,22.37,23.33,22.05,23.32,107554300
2018-12-27,22.93,23.60,22.71,23.60,97891300
2018-12-28,23.71,23.90,23.48,23.59,76254730
2018-12-31,23.72,23.92,23.52,23.82,56392240
2019-01-02,23.47,24.07,23.40,24.02,62904180
2019-01-03,23.84,23.90,23.42,23.48,65729720
2019-01-04,23.88,24.31,23.82,24.26,64633420
2019-01-07,24.21,24.51,24.06,24.29,48116120
2019-01-08,24.51,24.55,24.03,24.31,90064120
2019-01-09,24.37,24.52,24.20,24.43,61027990
2019-01-10,24.29,24.52,24.21,24.44,48568950
2019-01-11,24.32,24.55,24.18,24.50,44765400
2019-01-14,24.26,24.75,24.23,24.67,50420560
2019-01-15,24.57,24.93,24.50,24.89,59111770
2019-01-16,25.18,25.57,25.11,25.42,72950750
2019-01-17,25.32,25.65,25.16,25.56,55722610
2019-01-18,25.74,26.03,25.53,26.00,57752540
2019-01-22,25.78,25.91,25.57,25.70,79634100
2019-01-23,25.80,25.83,25.44,25.73,44071920
2019-01-24,25.64,25.86,25.56,25.79,25495830
2019-01-25,25.97,26.17,25.90,26.00,63124370
2019-01-28,25.75,25.95,25.71,25.92,63881900
2019-01-29,25.91,26.01,25.82,25.83,29441520
2019-01-30,25.91,26.14,25.73,25.98,62069660
2019-01-31,25.76,25.98,25.72,25.94,63994420
2019-02-01,25.98,26.17,25.95,26.05,42883040
2019-02-04,26.06,26.17,25.92,26.16,29339060
2019-02-05,26.21,26.23,25.99,26.09,39094420
2019-02-06,26.01,26.20,25.97,26.06,51532310
2019-02-07,25.98,26.05,25.59,25.80,80368820
2019-02-08,25.66,25.78,25.34,25.67,54900650
2019-02-11,25.75,25.80,25.62,25.75,53107390
2019-02-12,25.94,26.23,25.93,26.13,37652250
2019-02-13,26.25,26.43,26.19,26.20,42967740
2019-02-14,26.00,26.08,25.73,25.88,47622970
2019-02-15,26.09,26.43,25.88,26.43,46855760
2019-02-19,26.30,26.55,26.22,26.47,23860680
2019-02-20,26.46,26.65,26.40,26.64,27500260
2019-02-21,26.59,26.68,26.41,26.50,46618470
2019-02-22,26.50,26.58,26.36,26.46,26342600
2019-02-25,26.58,26.82,26.54,26.57,33832600
2019-02-26,26.38,26.68,26.36,26.49,35659610
2019-02-27,26.44,26.64,26.41,26.59,42538440
2019-02-28,26.60,26.65,26.51,26.52,39835420
2019-03-01,26.75,26.94,26.61,26.69,82649470
2019-03-04,26.76,26.94,26.30,26.52,76610900
2019-03-05,26.57,26.58,26.22,26.42,39861110
2019-03-06,26.42,26.50,26.23,26.25,43157630
2019-03-07,26.15,26.15,25.83,25.98,62590420
2019-03-08,25.69,25.99,25.68,25.97,55824300
2019-03-11,26.10,26.32,25.98,26.24,58336790
2019-03-12,26.28,26.39,26.24,26.30,32470180
2019-03-13,26.40,26.58,26.32,26.48,42814670
2019-03-14,26.44,26.68,26.43,26.58,37665710
2019-03-15,26.45,26.71,26.43,26.63,70016230
2019-03-18,26.68,26.98,26.68,26.90,43974770
2019-03-19,27.05,27.10,26.62,26.69,45002260
2019-03-20,26.63,26.64,26.11,26.14,65832270
2019-03-21,25.96,26.17,25.78,26.06,102132800
2019-03-22,25.75,25.89,25.23,25.34,121855400
2019-03-25,25.31,25.53,25.08,25.23,72809560
2019-03-26,25.43,25.59,25.28,25.53,51075240
2019-03-27,25.47,25.60,25.30,25.42,73112660
2019-03-28,25.47,25.65,25.35,25.64,52039220
2019-03-29,25.86,25.88,25.61,25.71,50218800
2019-04-01,25.92,26.36,25.91,26.34,62483530
2019-04-02,26.27,26.46,26.23,26.32,41001430
2019-04-03,26.50,26.62,26.29,26.40,52001490
2019-04-04,26.40,26.67,26.40,26.56,54377650
2019-04-05,26.61,26.70,26.52,26.60,37081160
2019-04-08,26.53,26.64,26.47,26.63,34992720
2019-04-09,26.51,26.51,26.29,26.41,65951230
2019-04-10,26.41,26.53,26.28,26.49,48232710
2019-04-11,26.59,26.75,26.51,26.65,53990700
2019-04-12,27.04,27.33,26.90,27.14,84566910
2019-04-15,27.15,27.16,26.91,26.97,40028340
2019-04-16,27.03,27.38,27.01,27.35,56027440
2019-04-17,27.45,27.46,27.20,27.42,58823930
2019-04-18,27.37,27.45,27.30,27.34,52493200
2019-04-22,27.26,27.34,27.17,27.26,26669860
2019-04-23,27.25,27.46,27.14,27.43,53770970
2019-04-24,27.34,27.52,27.28,27.40,39482130
2019-04-25,27.27,27.56,27.20,27.45,44521860
2019-04-26,27.45,27.72,27.41,27.70,41500050
2019-04-29,27.80,28.13,27.73,27.98,61619640
2019-04-30,28.02,28.06,27.78,28.02,38799130
2019-05-01,28.05,28.14,27.77,27.79,67969520
2019-05-02,27.77,27.95,27.62,27.82,50972890
2019-05-03,27.94,28.12,27.89,28.07,34598900
2019-05-06,27.58,27.98,27.53,27.88,42517380
2019-05-07,27.62,27.89,27.23,27.42,60090810
2019-05-08,27.31,27.59,27.23,27.36,44254540
2019-05-09,27.03,27.36,26.89,27.30,56468340
2019-05-10,27.15,27.52,26.91,27.48,63453820
2019-05-13,26.93,26.99,26.59,26.68,54962540
2019-05-14,26.74,27.12,26.71,26.89,52398360
2019-05-15,26.62,26.92,26.52,26.79,49061700
2019-05-16,26.88,27.21,26.86,27.06,44872610
2019-05-17,26.79,27.14,26.75,26.88,62711460
2019-05-20,26.78,27.03,26.78,26.91,44357440
2019-05-21,27.02,27.19,27.02,27.19,36851390
2019-05-22,27.05,27.11,26.95,27.03,25867580
2019-05-23,26.77,26.78,26.42,26.65,51832900
2019-05-24,26.75,26.87,26.67,26.86,30582000
2019-05-28,26.78,26.86,26.54,26.55,35177710
2019-05-29,26.34,26.55,26.21,26.50,39700570
2019-05-30,26.56,26.71,26.28,26.41,40641220
2019-05-31,26.07,26.20,25.99,26.01,49259250
2019-06-03,25.97,26.29,25.92,26.18,63329350
2019-06-04,26.50,26.92,26.43,26.89,45454400
2019-06-05,26.94,27.08,26.71,27.06,46599720
2019-06-06,27.07,27.27,26.92,27.16,37297600
2019-06-07,27.16,27.25,27.08,27.12,33054780
2019-06-10,27.28,27.55,27.28,27.35,37081390
2019-06-11,27.50,27.61,27.27,27.36,34273450
2019-06-12,27.33,27.38,27.03,27.09,36866040
2019-06-13,27.14,27.27,27.07,27.18,31020050
2019-06-14,27.21,27.33,27.00,27.24,29724060
2019-06-17,27.23,27.30,26.96,26.99,40981590
2019-06-18,26.93,27.46,26.93,27.35,46237420
2019-06-19,27.40,27.59,27.27,27.30,58118500
2019-06-20,27.45,27.53,27.12,27.42,50584220
2019-06-21,27.30,27.48,27.18,27.22,65322290
2019-06-24,27.17,27.36,27.08,27.11,48378030
2019-06-25,27.11,27.15,26.89,27.02,47748490
2019-06-26,27.08,27.21,26.96,26.97,31448020
2019-06-27,27.07,27.29,27.07,27.21,59459810
2019-06-28,27.53,27.70,27.24,27.60,76728100
2019-07-01,27.92,28.05,27.78,27.93,49145250
2019-07-02,27.89,27.98,27.71,27.86,56626800
2019-07-03,27.95,28.09,27.87,28.08,23706810
2019-07-05,28.17,28.27,28.03,28.16,40683110
2019-07-08,28.01,28.13,27.94,28.02,26286730
2019-07-09,27.83,28.12,27.81,28.07,25895770
2019-07-10,28.08,28.23,27.93,27.97,36566720
2019-07-11,28.01,28.17,27.96,28.13,40907530
2019-07-12,28.17,28.32,28.10,28.32,31109910
2019-07-15,28.33,28.35,28.08,28.16,28346130
2019-07-16,28.21,28.25,28.02,28.09,47288110
2019-07-17,27.99,28.07,27.81,27.85,35062570
2019-07-18,27.81,28.11,27.78,28.06,46385360
2019-07-19,28.13,28.18,27.92,27.94,29338520
2019-07-22,27.88,28.05,27.83,28.00,26683330
2019-07-23,28.07,28.33,28.06,28.29,45307570
2019-07-24,28.23,28.58,28.21,28.58,36374230
2019-07-25,28.57,28.61,28.32,28.38,34180350
2019-07-26,28.44,28.71,28.38,28.69,33642790
2019-07-29,28.64,28.72,28.44,28.47,35955120
2019-07-30,28.25,28.42,28.19,28.39,30726090
2019-07-31,28.39,28.53,28.20,28.25,64485400
2019-08-01,28.23,28.42,27.57,27.61,107976300
2019-08-02,27.56,27.73,27.23,27.60,66036360
2019-08-05,26.99,27.12,26.48,26.68,85527890
2019-08-06,26.85,27.13,26.59,27.11,53444990
2019-08-07,26.60,26.87,26.24,26.75,82354610
2019-08-08,27.01,27.27,26.79,27.26,66653170
2019-08-09,27.11,27.31,26.90,27.17,53782730
2019-08-12,26.85,26.95,26.57,26.65,56837640
2019-08-13,26.60,27.17,26.50,26.98,72404970
2019-08-14,26.38,26.52,25.96,25.98,92067290
2019-08-15,26.11,26.27,25.91,26.11,59686960
2019-08-16,26.24,26.64,26.24,26.57,49339090
2019-08-19,26.98,27.03,26.79,26.84,38298800
2019-08-20,26.69,26.74,26.45,26.48,40587190
2019-08-21,26.65,26.69,26.53,26.60,44922810
2019-08-22,26.74,26.85,26.57,26.78,43902630
2019-08-23,26.59,26.79,25.92,26.10,86262190
2019-08-26,26.27,26.37,26.11,26.35,34240960
2019-08-27,26.45,26.53,26.03,26.19,54243970
2019-08-28,26.05,26.46,26.03,26.43,51879560
2019-08-29,26.67,26.91,26.62,26.83,49830060
2019-08-30,26.98,27.05,26.82,26.92,40565540
2019-09-03,26.70,26.73,26.41,26.64,60003510
2019-09-04,26.84,26.95,26.78,26.90,43946480
2019-09-05,27.28,27.68,27.27,27.45,68642750
2019-09-06,27.48,27.56,27.34,27.44,35660800
2019-09-09,27.63,27.97,27.57,27.86,67798110
2019-09-10,27.95,28.07,27.70,27.96,77540060
2019-09-11,27.98,28.15,27.73,28.12,53285950
2019-09-12,28.04,28.38,27.95,28.27,72872160
2019-09-13,28.49,28.60,28.36,28.49,56248740
2019-09-16,28.25,28.43,28.21,28.39,36693590
2019-09-17,28.29,28.42,28.19,28.42,41036020
2019-09-18,28.31,28.59,28.23,28.52,57487670
2019-09-19,28.50,28.67,28.38,28.39,43068800
2019-09-20,28.29,28.40,28.06,28.08,83159930
2019-09-23,27.94,28.21,27.89,28.13,35999920
2019-09-24,28.21,28.27,27.78,27.86,61938300
2019-09-25,27.92,28.14,27.81,28.09,53843910
2019-09-26,28.05,28.08,27.92,27.96,53294730
2019-09-27,28.19,28.29,27.92,28.07,73400530
2019-09-30,28.14,28.17,27.98,28.00,30702990
2019-10-01,28.13,28.15,27.41,27.41,55856500
2019-10-02,27.24,27.25,26.79,26.85,79284340
2019-10-03,26.81,26.96,26.45,26.96,81616880
2019-10-04,26.99,27.48,26.97,27.46,41513510
2019-10-07,27.35,27.57,27.29,27.32,36987430
2019-10-08,27.05,27.06,26.76,26.78,60876210
2019-10-09,26.95,27.16,26.93,27.03,45674200
2019-10-10,27.10,27.51,27.10,27.31,55462100
2019-10-11,27.74,27.99,27.64,27.65,79325700
2019-10-14,27.56,27.75,27.53,27.69,38557290
2019-10-15,27.85,28.26,27.74,28.09,66547210
2019-10-16,28.09,28.16,27.95,28.02,44758080
2019-10-17,28.17,28.25,27.97,28.04,32164070
2019-10-18,27.96,28.22,27.96,28.11,40525650
2019-10-21,28.35,28.54,28.34,28.50,44952220
2019-10-22,28.45,28.61,28.33,28.42,50580990
2019-10-23,28.36,28.54,28.35,28.54,30900020
2019-10-24,28.57,28.62,28.39,28.50,33507180
2019-10-25,28.47,28.73,28.23,28.64,28330220
2019-10-28,28.75,28.92,28.74,28.79,50104570
2019-10-29,28.73,29.00,28.70,28.86,48458100
2019-10-30,28.86,28.92,28.64,28.84,51106710
2019-10-31,28.74,28.75,28.47,28.70,56795530
2019-11-01,28.92,29.15,28.86,29.12,42302270
2019-11-04,29.37,29.42,29.29,29.37,37319060
2019-11-05,29.46,29.62,29.41,29.48,39516120
2019-11-06,29.46,29.63,29.42,29.63,40179890
2019-11-07,29.81,30.03,29.74,29.85,61738570
2019-11-08,29.82,29.85,29.64,29.84,53810450
2019-11-11,29.66,29.82,29.62,29.76,19702770
2019-11-12,29.77,29.89,29.69,29.80,44640590
2019-11-13,29.57,29.71,29.45,29.61,43932500
2019-11-14,29.53,29.67,29.47,29.67,46171950
2019-11-15,29.77,29.80,29.66,29.75,30098950
2019-11-18,29.75,29.82,29.66,29.81,25470010
2019-11-19,29.88,29.97,29.79,29.87,30772210
2019-11-20,29.75,29.81,29.52,29.73,46723880
2019-11-21,29.79,29.84,29.59,29.70,37192680
2019-11-22,29.74,29.95,29.74,29.92,35195030
2019-11-25,29.96,30.15,29.95,30.11,50100340
2019-11-26,30.11,30.11,29.93,30.08,33520000
2019-11-27,30.16,30.21,30.06,30.20,31017290
2019-11-29,30.14,30.24,30.09,30.15,19444150
2019-12-02,30.20,30.26,29.93,29.96,52431090
2019-12-03,29.61,29.62,29.35,29.54,67892230
2019-12-04,29.57,29.90,29.55,29.82,41793960
2019-12-05,29.94,30.01,29.83,29.96,44969720
2019-12-06,30.29,30.46,30.28,30.36,40811260
2019-12-09,30.30,30.42,30.28,30.29,22101510
2019-12-10,30.21,30.36,30.13,30.30,37369640
2019-12-11,30.29,30.34,30.20,30.23,24491880
2019-12-12,30.27,30.91,30.25,30.82,68434040
2019-12-13,30.79,30.97,30.53,30.71,48138030
2019-12-16,30.96,31.02,30.79,30.82,45917700
2019-12-17,30.84,31.04,30.83,30.94,30916900
2019-12-18,31.04,31.04,30.81,30.81,39089750
2019-12-19,30.82,30.89,30.77,30.80,36947080
2019-12-20,30.80,30.88,30.64,30.68,97417030
2019-12-23,30.76,30.77,30.57,30.61,38323200
2019-12-24,30.67,30.69,30.60,30.68,12315910
2019-12-26,30.71,30.85,30.71,30.85,15891280
2019-12-27,30.90,30.91,30.75,30.77,19423050
2019-12-30,30.91,30.96,30.65,30.68,18825600
2019-12-31,30.66,30.79,30.62,30.78,15788140
2020-01-02,30.89,31.08,30.80,31.08,28823590
2020-01-03,30.68,30.88,30.59,30.75,51384940
2020-01-06,30.47,30.75,30.46,30.73,27956660
2020-01-07,30.66,30.71,30.53,30.53,39654650
2020-01-08,30.56,30.90,30.56,30.73,47982980
2020-01-09,30.95,30.98,30.83,30.92,27705900
2020-01-10,30.94,30.95,30.65,30.69,33460370
2020-01-13,30.76,30.93,30.68,30.90,27553170
2020-01-14,30.90,31.08,30.80,30.84,37576200
2020-01-15,30.69,30.79,30.57,30.67,41457270
2020-01-16,30.82,30.94,30.75,30.94,34444000
2020-01-17,31.03,31.10,30.91,31.03,38819430
2020-01-21,30.88,31.02,30.77,30.77,41276450
2020-01-22,30.87,30.94,30.82,30.86,27391020
2020-01-23,30.70,30.85,30.49,30.78,43072310
2020-01-24,30.79,30.79,30.20,30.39,58924940
2020-01-27,29.79,30.06,29.75,29.92,50289300
2020-01-28,30.08,30.40,30.03,30.27,34257890
2020-01-29,30.37,30.48,30.17,30.22,41168270
2020-01-30,29.95,30.62,29.93,30.60,51209980
2020-01-31,30.34,30.38,29.85,29.96,58958780
2020-02-03,30.17,30.47,30.15,30.17,40168750
2020-02-04,30.58,30.75,30.45,30.46,79273310
2020-02-05,30.87,31.10,30.80,31.07,51086870
2020-02-06,31.24,31.27,30.96,31.03,37044390
2020-02-07,30.86,31.01,30.79,30.92,27982490
2020-02-10,30.82,31.01,30.81,31.01,17723700
2020-02-11,31.09,31.26,31.09,31.12,27997360
2020-02-12,31.28,31.38,31.10,31.14,26964160
2020-02-13,31.04,31.20,30.95,31.13,22758980
2020-02-14,31.10,31.19,31.02,31.17,22080230
2020-02-18,31.08,31.16,30.72,30.90,37795920
2020-02-19,31.01,31.21,30.97,31.13,25643250
2020-02-20,31.02,31.28,30.86,31.07,50344300
2020-02-21,30.92,30.99,30.60,30.77,51128180
2020-02-24,29.80,30.06,29.63,29.77,70455450
2020-02-25,29.78,29.84,28.62,28.76,111826900
2020-02-26,28.95,29.21,28.55,28.55,95015740
2020-02-27,27.94,28.39,27.31,27.33,143536200
2020-02-28,26.40,26.85,25.97,26.59,192064200
2020-03-02,26.64,27.95,26.36,27.95,127115500
2020-03-03,27.86,28.25,26.62,26.90,256525000
2020-03-04,27.26,27.80,26.80,27.79,124408000
2020-03-05,26.87,26.94,26.15,26.45,130265700
2020-03-06,25.25,25.84,25.03,25.55,160607000
2020-03-09,23.00,23.88,22.52,22.81,134165700
2020-03-10,23.87,24.17,22.84,24.15,149282300
2020-03-11,23.41,23.65,22.52,22.84,146956300
2020-03-12,20.94,22.21,20.30,20.37,161437500
2020-03-13,21.90,23.09,20.90,23.05,160945700
2020-03-16,19.35,21.34,18.93,19.89,110661600
2020-03-17,20.35,21.19,19.54,20.97,122295100
2020-03-18,19.65,20.05,18.28,19.19,145056400
2020-03-19,18.79,19.89,18.11,19.61,105652800
2020-03-20,19.82,19.92,18.67,18.91,157840900
2020-03-23,18.44,18.60,17.49,17.66,144547900
2020-03-24,18.71,19.96,18.57,19.85,158551100
2020-03-25,20.14,21.23,19.39,20.39,162949600
2020-03-26,20.66,21.82,20.62,21.67,129753900
2020-03-27,20.79,21.67,20.55,21.01,109305600
2020-03-30,21.04,21.52,20.60,21.41,67297220
2020-03-31,21.21,21.45,20.64,20.82,83819890
2020-04-01,19.72,19.94,19.37,19.55,79185020
2020-04-02,19.43,20.20,19.36,20.04,68398260
2020-04-03,19.85,20.14,19.36,19.64,68418110
2020-04-06,20.62,21.22,20.47,21.05,69015060
2020-04-07,22.20,22.22,21.25,21.26,70950940
2020-04-08,21.58,22.33,21.34,22.19,80003400
2020-04-09,22.77,23.66,22.73,23.38,147892900
2020-04-13,23.31,23.33,22.32,22.53,66236310
2020-04-14,23.07,23.14,22.21,22.63,96168980
2020-04-15,21.73,21.86,21.54,21.65,63481950
2020-04-16,21.60,21.64,21.06,21.27,68907620
2020-04-17,22.10,22.52,21.92,22.39,88698630
2020-04-20,21.95,22.36,21.75,22.00,59063100
2020-04-21,21.33,21.71,21.21,21.29,71957900
2020-04-22,21.73,21.79,21.47,21.52,47510290
2020-04-23,21.58,21.86,21.40,21.43,71740230
2020-04-24,21.66,21.82,21.33,21.74,33836730
2020-04-27,21.96,22.60,21.92,22.48,109435100
2020-04-28,23.16,23.32,22.67,22.72,46452300
2020-04-29,23.42,23.66,23.18,23.38,70064450
2020-04-30,22.91,23.16,22.68,22.79,56745740
2020-05-01,22.25,22.31,21.91,22.06,37534290
2020-05-04,21.77,21.89,21.44,21.86,50177200
2020-05-05,22.16,22.27,21.79,21.79,65123030
2020-05-06,21.99,22.05,21.30,21.32,63738410
2020-05-07,21.60,22.18,21.60,21.82,61339040
2020-05-08,22.24,22.32,22.01,22.29,42240660
2020-05-11,21.98,22.05,21.74,21.86,54994910
2020-05-12,21.95,22.03,21.27,21.29,62202690
2020-05-13,21.11,21.14,20.50,20.66,86848320
2020-05-14,20.30,21.21,20.09,21.19,103763100
2020-05-15,20.99,21.23,20.80,21.05,70284980
2020-05-18,21.83,22.30,21.68,22.13,79563570
2020-05-19,22.00,22.11,21.58,21.59,56673200
2020-05-20,21.95,22.20,21.93,22.07,50402630
2020-05-21,22.00,22.21,21.88,22.00,49939860
2020-05-22,21.99,22.02,21.70,21.92,37584500
2020-05-26,22.75,23.30,22.73,23.06,108349200
2020-05-27,24.09,24.10,23.54,24.06,121521200
2020-05-28,24.33,24.34,23.61,23.68,101594000
2020-05-29,23.40,23.62,23.17,23.41,86971070
2020-06-01,23.50,23.79,23.34,23.68,52629290
2020-06-02,23.89,24.04,23.70,23.87,52572810
2020-06-03,24.40,24.87,24.34,24.76,77622930
2020-06-04,24.72,25.30,24.52,25.30,97575090
2020-06-05,26.78,26.82,26.15,26.24,135859300
2020-06-08,26.67,26.80,26.37,26.74,80298390
2020-06-09,26.11,26.40,25.92,26.17,92833150
2020-06-10,26.02,26.16,25.17,25.19,110848900
2020-06-11,24.00,24.36,23.09,23.13,233116600
2020-06-12,24.06,24.06,23.22,23.83,127502900
2020-06-15,23.01,24.24,22.96,24.16,92469470
2020-06-16,25.12,25.12,23.95,24.54,108121300
2020-06-17,24.61,24.61,24.13,24.17,56320880
2020-06-18,23.93,24.37,23.86,24.14,61206470
2020-06-19,24.60,24.61,23.71,23.98,99903910
2020-06-22,23.68,23.88,23.53,23.71,47929500
2020-06-23,24.07,24.22,23.80,23.82,47218930
2020-06-24,23.51,23.52,22.91,22.98,90217540
2020-06-25,22.90,23.64,22.86,23.59,110208900
2020-06-26,23.19,23.26,22.52,22.58,123959100
2020-06-29,22.82,22.98,22.63,22.83,69107070
2020-06-30,22.71,23.30,22.69,23.14,60653070
2020-07-01,23.24,23.35,22.87,22.94,60500280
2020-07-02,23.45,23.53,22.91,22.97,50841860
2020-07-06,23.48,23.66,23.28,23.41,60271740
2020-07-07,23.22,23.23,22.87,22.93,43810910
2020-07-08,22.92,23.23,22.84,23.17,53046100
2020-07-09,23.16,23.21,22.49,22.68,71163740
2020-07-10,22.67,23.49,22.67,23.46,94440590
2020-07-13,23.76,23.91,23.42,23.56,102487100
2020-07-14,23.46,23.75,23.25,23.68,102468300
2020-07-15,24.25,24.26,23.89,24.15,90561780
2020-07-16,23.94,24.40,23.85,24.15,74678530
2020-07-17,24.20,24.22,23.94,23.95,47033680
2020-07-20,23.82,23.98,23.75,23.84,40127640
2020-07-21,24.00,24.43,23.97,24.31,46494920
2020-07-22,24.19,24.32,24.11,24.31,44437370
2020-07-23,24.26,24.47,24.18,24.33,49916070
2020-07-24,24.35,24.48,24.19,24.27,41245570
2020-07-27,24.16,24.18,23.86,24.07,43060250
2020-07-28,23.98,24.12,23.90,24.01,35370510
2020-07-29,23.97,24.49,23.93,24.46,36491580
2020-07-30,24.00,24.07,23.71,24.02,53994590
2020-07-31,24.01,24.06,23.71,24.03,50186860
2020-08-03,24.13,24.29,23.95,24.10,42985840
2020-08-04,24.00,24.04,23.87,24.00,30754520
2020-08-05,24.16,24.39,24.12,24.33,34866480
2020-08-06,24.25,24.42,24.15,24.32,33115350
2020-08-07,24.20,24.86,24.15,24.84,63302840
2020-08-10,24.98,25.11,24.87,25.02,45436110
2020-08-11,25.49,25.72,25.25,25.31,73758560
2020-08-12,25.76,25.77,25.06,25.24,58795000
2020-08-13,25.05,25.26,24.93,25.08,35222520
2020-08-14,24.96,25.30,24.93,25.18,28276930
2020-08-17,25.09,25.11,24.75,24.76,53396990
2020-08-18,24.78,24.84,24.58,24.60,35502550
2020-08-19,24.69,24.93,24.52,24.59,59847180
2020-08-20,24.31,24.50,24.29,24.36,45586100
2020-08-21,24.32,24.53,24.23,24.31,35349230
2020-08-24,24.45,24.89,24.39,24.89,51010920
2020-08-25,25.10,25.17,24.80,24.96,55236880
2020-08-26,24.90,24.96,24.75,24.84,30646630
2020-08-27,24.82,25.38,24.82,25.26,66463900
2020-08-28,25.44,25.45,25.15,25.36,49170560
2020-08-31,25.34,25.34,25.05,25.06,52259040
2020-09-01,24.93,25.21,24.85,25.13,42040020
2020-09-02,25.12,25.58,25.05,25.49,48432550
2020-09-03,25.64,26.01,24.94,25.10,98405470
2020-09-04,25.55,25.69,24.89,25.29,111105500
2020-09-08,25.04,25.10,24.55,24.64,84687640
2020-09-09,24.87,25.07,24.71,24.89,52321190
2020-09-10,24.97,25.14,24.49,24.54,55515300
2020-09-11,24.58,24.84,24.50,24.71,69285690
2020-09-14,24.93,25.27,24.86,25.05,51020980
2020-09-15,25.10,25.12,24.69,24.71,48459910
2020-09-16,24.76,25.27,24.71,24.99,62122240
2020-09-17,24.65,24.88,24.58,24.73,47334180
2020-09-18,24.73,24.93,24.63,24.68,61707170
2020-09-21,24.03,24.16,23.56,23.93,72307330
2020-09-22,23.87,24.10,23.53,23.73,84561450
2020-09-23,23.78,23.95,23.20,23.20,54282520
2020-09-24,23.21,23.58,22.94,23.25,56512280
2020-09-25,23.08,23.57,23.03,23.49,46026550
2020-09-28,23.82,24.22,23.82,24.05,62803500
2020-09-29,23.98,24.02,23.62,23.75,53262960
2020-09-30,23.85,24.27,23.84,24.07,66732150
2020-10-01,24.17,24.33,23.92,24.11,65766070
2020-10-02,23.79,24.44,23.73,24.30,63368420
2020-10-05,24.53,24.78,24.46,24.70,58911740
2020-10-06,24.91,25.08,24.36,24.45,88404880
2020-10-07,24.68,24.98,24.68,24.86,53815230
2020-10-08,25.00,25.26,24.94,25.20,57646320
2020-10-09,25.34,25.37,25.03,25.23,52036860
2020-10-12,25.21,25.59,25.20,25.51,45931400
2020-10-13,25.43,25.51,24.94,25.02,60377770
2020-10-14,25.04,25.13,24.75,24.78,49035090
2020-10-15,24.55,24.98,24.51,24.97,41640090
2020-10-16,25.02,25.15,24.87,24.99,40103580
2020-10-19,25.08,25.09,24.57,24.61,42989050
2020-10-20,24.77,25.09,24.76,24.81,67293890
2020-10-21,24.77,24.93,24.68,24.68,44307200
2020-10-22,24.67,25.20,24.66,25.17,39511830
2020-10-23,25.33,25.41,25.05,25.25,45092700
2020-10-26,24.89,24.93,24.45,24.68,53980960
2020-10-27,24.67,24.67,24.21,24.23,46083330
2020-10-28,23.72,23.93,23.47,23.61,89288270
2020-10-29,23.55,23.96,23.25,23.79,60908420
2020-10-30,23.65,23.90,23.47,23.86,66227900
2020-11-02,24.26,24.42,23.96,24.31,65135950
2020-11-03,24.76,25.10,24.73,24.85,79834180
2020-11-04,24.41,25.00,24.19,24.56,87397400
2020-11-05,24.77,25.34,24.77,25.16,65942300
2020-11-06,25.28,25.31,24.88,24.96,60783530
2020-11-09,26.98,27.44,26.66,27.01,162966800
2020-11-10,27.04,27.25,26.79,27.15,85851220
2020-11-11,27.30,27.32,26.88,27.04,65062440
2020-11-12,26.71,26.77,26.35,26.59,62749610
2020-11-13,26.84,27.14,26.77,27.03,45051630
2020-11-16,27.71,27.73,27.36,27.63,67556100
2020-11-17,27.32,27.64,27.13,27.59,63679670
2020-11-18,27.72,27.94,27.32,27.33,71578420
2020-11-19,27.19,27.45,27.02,27.42,47194760
2020-11-20,27.28,27.39,27.12,27.18,39976920
2020-11-23,27.53,27.77,27.39,27.69,51870490
2020-11-24,28.17,28.69,28.09,28.66,60991150
2020-11-25,28.50,28.58,28.22,28.56,45204620
2020-11-27,28.56,28.59,28.36,28.47,26981180
2020-11-30,28.30,28.38,27.83,27.88,72524240
2020-12-01,28.40,28.57,28.29,28.31,53977320
2020-12-02,28.27,28.67,28.22,28.62,57471770
2020-12-03,28.64,28.80,28.46,28.63,49566020
2020-12-04,28.82,29.03,28.80,28.98,52713130
2020-12-07,28.81,28.86,28.61,28.78,34631600
2020-12-08,28.51,28.84,28.51,28.77,31628550
2020-12-09,28.93,28.95,28.59,28.70,47589550
2020-12-10,28.48,28.78,28.39,28.75,41298300
2020-12-11,28.43,28.52,28.23,28.46,48216340
2020-12-14,28.84,28.84,28.11,28.13,38302860
2020-12-15,28.35,28.69,28.19,28.61,38637130
2020-12-16,28.66,28.68,28.52,28.66,55602810
2020-12-17,28.71,28.79,28.58,28.74,38510850
2020-12-18,28.78,28.78,28.32,28.49,56080100
2020-12-21,28.67,28.86,28.23,28.72,77688100
2020-12-22,28.74,28.78,28.42,28.44,42342400
2020-12-23,28.61,29.07,28.60,28.91,52681430
2020-12-24,28.97,28.98,28.71,28.95,16071010
2020-12-28,29.15,29.32,28.98,29.09,32824850
2020-12-29,29.21,29.22,28.96,28.99,23607010
2020-12-30,29.09,29.20,29.02,29.12,16616700
2020-12-31,29.08,29.52,29.00,29.48,26239300
2021-01-04,29.59,29.60,28.83,29.08,47086340
2021-01-05,29.07,29.34,28.92,29.21,35265350
2021-01-06,29.77,30.74,29.77,30.50,102254900
2021-01-07,30.95,31.26,30.88,30.94,64342740
2021-01-08,31.09,31.10,30.51,30.92,54266410
2021-01-11,30.62,31.07,30.49,31.02,56592310
2021-01-12,31.20,31.49,31.11,31.34,60546590
2021-01-13,31.29,31.40,31.09,31.32,55394730
2021-01-14,31.41,31.62,31.29,31.46,49828820
2021-01-15,31.00,31.19,30.71,30.94,68732670
2021-01-19,31.10,31.18,30.83,31.02,97457190
2021-01-20,31.12,31.12,30.78,30.89,55765700
2021-01-21,30.87,30.93,30.56,30.56,43733020
2021-01-22,30.25,30.46,30.20,30.34,37928040
2021-01-25,30.04,30.16,29.74,30.12,68321480
2021-01-26,30.24,30.28,29.86,29.88,55504590
2021-01-27,29.47,29.50,28.93,29.00,84059230
2021-01-28,29.37,29.88,29.28,29.54,62985870
2021-01-29,29.46,29.54,28.82,28.95,78260670
2021-02-01,29.27,29.37,29.02,29.33,41947410
2021-02-02,29.67,30.19,29.66,30.04,54263010
2021-02-03,30.00,30.22,29.94,30.21,46195150
2021-02-04,30.31,30.89,30.30,30.88,63061750
2021-02-05,31.10,31.13,30.82,30.89,38461880
2021-02-08,30.99,31.29,30.99,31.29,48756260
2021-02-09,31.19,31.39,31.08,31.30,33571960
2021-02-10,31.46,31.50,31.15,31.30,38899640
2021-02-11,31.32,31.43,30.99,31.20,31909480
2021-02-12,31.17,31.55,31.14,31.52,38271830
2021-02-16,31.84,32.21,31.70,32.06,71330630
2021-02-17,31.96,32.26,31.85,32.22,60611460
2021-02-18,31.99,32.20,31.77,32.03,45188230
2021-02-19,32.24,32.52,32.20,32.41,54361760
2021-02-22,32.30,32.83,32.29,32.71,65930220
2021-02-23,32.94,32.95,32.57,32.91,94331420
2021-02-24,32.96,33.64,32.94,33.55,66000610
2021-02-25,33.82,33.84,32.85,32.94,92189440
2021-02-26,32.89,32.99,32.19,32.31,103105700
2021-03-01,32.86,33.52,32.86,33.32,67590700
2021-03-02,33.28,33.47,33.17,33.20,49987020
2021-03-03,33.33,33.95,33.29,33.46,72541660
2021-03-04,33.37,33.69,32.60,33.08,101311800
2021-03-05,33.64,33.80,32.78,33.71,109299800
2021-03-08,33.96,34.58,33.82,34.14,90538150
2021-03-09,33.87,34.33,33.52,33.83,117224600
2021-03-10,33.99,34.65,33.93,34.52,73269270
2021-03-11,34.34,34.69,34.14,34.42,50904820
2021-03-12,34.82,34.95,34.66,34.77,68125960
2021-03-15,34.90,34.91,34.25,34.57,57858590
2021-03-16,34.39,34.43,33.94,34.21,67407750
2021-03-17,34.46,34.64,34.08,34.44,64051120
2021-03-18,34.79,35.29,34.50,34.62,96690520
2021-03-19,34.35,34.38,33.86,34.22,98510470
2021-03-22,33.82,33.89,33.51,33.63,68170640
2021-03-23,33.43,33.66,33.04,33.16,70441890
2021-03-24,33.40,33.80,33.28,33.28,63357120
2021-03-25,33.26,33.89,33.00,33.84,60532630
2021-03-26,34.19,34.43,33.95,34.37,53779930
2021-03-29,33.89,34.29,33.72,34.07,71777770
2021-03-30,34.25,34.47,34.21,34.31,55011350
2021-03-31,34.24,34.38,34.03,34.05,51138340
2021-04-01,34.00,34.47,34.00,34.47,51690150
2021-04-05,34.84,34.91,34.63,34.74,51790670
2021-04-06,34.66,34.83,34.55,34.67,41336790
2021-04-07,34.77,34.92,34.60,34.84,38660830
2021-04-08,34.71,34.89,34.47,34.85,39927400
2021-04-09,35.09,35.17,34.89,35.15,40133730
2021-04-12,35.22,35.31,35.14,35.30,44435500
2021-04-13,35.10,35.14,34.78,34.97,39950900
2021-04-14,34.88,35.43,34.83,35.18,44065280
2021-04-15,35.26,35.30,34.82,35.15,55483530
2021-04-16,35.46,35.52,35.24,35.40,39115660
2021-04-19,35.39,35.49,35.18,35.30,31172290
2021-04-20,35.09,35.11,34.52,34.64,50227700
2021-04-21,34.52,35.15,34.41,35.12,39680010
2021-04-22,35.08,35.13,34.67,34.73,43611150
2021-04-23,34.73,35.53,34.67,35.38,50468640
2021-04-26,35.51,35.85,35.48,35.52,43749700
2021-04-27,35.57,35.85,35.49,35.80,50852380
2021-04-28,35.94,36.04,35.83,35.94,35771680
2021-04-29,36.22,36.61,36.19,36.58,48573020
2021-04-30,36.38,36.51,36.20,36.26,43940860
2021-05-03,36.57,36.64,36.30,36.44,33320590
2021-05-04,36.28,36.73,36.04,36.73,66939710
2021-05-05,36.84,37.17,36.61,37.03,25780980
2021-05-06,37.18,37.59,36.96,37.58,43332920
2021-05-07,37.15,37.79,37.06,37.78,64616660
2021-05-10,37.98,38.26,37.72,37.75,56341070
2021-05-11,37.37,37.71,36.94,37.08,82723720
2021-05-12,37.37,37.51,36.55,36.70,97911950
2021-05-13,36.56,37.52,36.54,37.29,66882590
2021-05-14,37.50,37.98,37.46,37.88,44850180
2021-05-17,37.76,37.99,37.61,37.95,40353610
2021-05-18,37.92,38.05,37.40,37.42,40299250
2021-05-19,36.99,37.21,36.59,37.19,63573910
2021-05-20,37.25,37.47,36.95,37.21,59216120
2021-05-21,37.36,37.78,37.34,37.58,44950310
2021-05-24,37.74,37.85,37.55,37.76,29159630
2021-05-25,37.81,38.10,37.33,37.38,38755860
2021-05-26,37.52,37.66,37.22,37.49,38601860
2021-05-27,37.83,38.02,37.61,37.92,39789530
2021-05-28,38.09,38.09,37.71,37.99,39268120
2021-06-01,38.37,38.48,38.12,38.22,35710670
2021-06-02,38.34,38.38,38.07,38.28,37537540
2021-06-03,38.16,38.60,38.04,38.37,54877520
2021-06-04,38.42,38.50,38.13,38.47,27250920
2021-06-07,38.53,38.53,38.15,38.22,37401850
2021-06-08,38.01,38.24,37.73,38.12,47747730
2021-06-09,37.97,38.02,37.66,37.76,40776240
2021-06-10,38.08,38.18,37.29,37.32,53775470
2021-06-11,37.39,37.58,37.38,37.56,40416650
2021-06-14,37.49,37.55,36.95,37.17,50613370
2021-06-15,37.18,37.43,37.00,37.24,51315060
2021-06-16,37.12,37.45,36.74,37.20,84961110
2021-06-17,37.39,37.41,35.99,36.10,97659930
2021-06-18,35.62,35.74,35.18,35.23,180960000
2021-06-21,35.44,35.93,35.38,35.91,89831350
2021-06-22,35.99,36.11,35.63,35.97,42576450
2021-06-23,36.00,36.21,35.95,36.04,48094890
2021-06-24,36.25,36.58,36.08,36.49,42942760
2021-06-25,36.68,37.02,36.47,36.93,56845030
2021-06-28,36.86,36.89,36.45,36.66,70250700
2021-06-29,36.85,37.05,36.43,36.53,61051190
2021-06-30,36.42,36.77,36.41,36.69,42414090
2021-07-01,36.87,37.00,36.68,36.98,36615580
2021-07-02,36.98,37.02,36.79,36.94,27018420
2021-07-06,36.85,36.87,36.12,36.36,49225250
2021-07-07,36.14,36.49,36.06,36.41,43747100
2021-07-08,35.83,36.04,35.51,35.68,75084220
2021-07-09,36.20,36.76,36.09,36.71,70546480
2021-07-12,36.49,37.14,36.33,37.07,62953360
2021-07-13,36.95,37.01,36.53,36.67,44476180
2021-07-14,36.69,36.93,36.10,36.50,69632710
2021-07-15,36.14,36.85,36.14,36.62,53977600
2021-07-16,36.81,36.81,36.04,36.12,56160740
2021-07-19,35.42,35.61,34.90,35.11,89972180
2021-07-20,35.07,36.22,35.00,35.98,70635830
2021-07-21,36.27,36.78,36.24,36.60,59975040
2021-07-22,36.47,36.56,36.05,36.20,35292340
2021-07-23,36.55,36.65,36.16,36.26,36766930
2021-07-26,36.19,36.54,36.17,36.47,25396050
2021-07-27,36.19,36.62,36.02,36.46,38988360
2021-07-28,36.59,36.64,36.16,36.41,42908190
2021-07-29,36.65,36.97,36.49,36.81,41434230
2021-07-30,36.71,36.98,36.43,36.52,52385330
2021-08-02,36.77,37.19,36.48,36.53,47589850
2021-08-03,36.66,36.99,36.12,36.94,42169580
2021-08-04,36.59,37.02,36.43,36.63,52346380
2021-08-05,36.86,37.11,36.85,37.11,37168240
2021-08-06,37.46,37.93,37.45,37.86,58081050
2021-08-09,37.81,38.13,37.60,37.96,48015610
2021-08-10,37.93,38.47,37.88,38.36,40907440
2021-08-11,38.47,38.81,38.29,38.80,48372120
2021-08-12,38.84,38.92,38.60,38.87,44608140
2021-08-13,38.90,38.95,38.49,38.58,43077190
2021-08-16,38.33,38.52,37.99,38.48,48013660
2021-08-17,38.22,38.50,37.83,38.21,52414810
2021-08-18,38.06,38.33,37.71,37.74,39550430
2021-08-19,37.33,37.74,37.22,37.46,48961330
2021-08-20,37.46,37.75,37.32,37.69,33898580
2021-08-23,37.88,38.16,37.88,38.00,28807400
2021-08-24,38.07,38.32,38.04,38.23,37677320
2021-08-25,38.33,38.92,38.25,38.68,47904760
2021-08-26,38.85,38.90,38.45,38.49,38484290
2021-08-27,38.54,39.01,38.53,39.00,38511080
2021-08-30,39.02,39.04,38.43,38.45,30096480
2021-08-31,38.42,38.69,38.26,38.40,49876210
2021-09-01,38.43,38.45,38.05,38.18,43976200
2021-09-02,38.27,38.45,38.16,38.31,29616980
2021-09-03,38.24,38.32,37.98,38.07,34850460
2021-09-07,38.20,38.20,37.84,37.84,39221520
2021-09-08,37.75,37.93,37.55,37.75,32523850
2021-09-09,37.70,38.22,37.67,37.86,33421020
2021-09-10,38.07,38.11,37.57,37.58,39350450
2021-09-13,37.85,38.06,37.74,38.01,40357250
2021-09-14,38.14,38.28,37.38,37.50,45670620
2021-09-15,37.48,37.95,37.44,37.86,36371320
2021-09-16,38.00,38.19,37.58,37.75,42630190
2021-09-17,37.70,37.94,37.48,37.58,82987180
2021-09-20,36.59,36.69,36.03,36.55,95008840
2021-09-21,36.78,36.91,36.41,36.50,45837600
2021-09-22,36.96,37.37,36.88,37.11,58350790
2021-09-23,37.47,38.20,37.41,38.02,71804990
2021-09-24,37.99,38.35,37.94,38.22,48066070
2021-09-27,38.56,38.85,38.49,38.74,58794500
2021-09-28,38.73,38.92,38.04,38.10,96152680
2021-09-29,38.22,38.30,37.95,38.13,49882530
2021-09-30,38.35,38.36,37.52,37.53,73319260
2021-10-01,37.63,38.41,37.49,38.15,70443990
2021-10-04,38.09,38.59,37.76,37.82,69772680
2021-10-05,38.10,38.75,37.95,38.56,56058440
2021-10-06,38.21,38.63,37.93,38.60,63431070
2021-10-07,39.00,39.24,38.78,38.83,53295640
2021-10-08,38.87,39.16,38.69,39.02,38607470
2021-10-11,39.11,39.40,38.61,38.63,50748310
2021-10-12,38.58,38.77,38.41,38.51,58527660
2021-10-13,38.50,38.54,37.74,38.29,72113640
2021-10-14,38.72,38.94,38.35,38.93,51893520
2021-10-15,39.31,39.71,39.18,39.51,58411070
2021-10-18,39.43,39.75,39.32,39.52,56312730
2021-10-19,39.70,39.91,39.55,39.91,33082560
2021-10-20,39.84,40.23,39.73,40.23,44670210
2021-10-21,40.22,40.31,39.85,40.06,35067640
2021-10-22,40.25,40.69,40.21,40.62,41458190
2021-10-25,40.72,40.77,40.47,40.57,33120960
2021-10-26,40.67,40.86,40.54,40.60,41586930
2021-10-27,40.50,40.68,39.92,39.93,62449510
2021-10-28,40.09,40.44,40.06,40.42,44566650
2021-10-29,40.47,40.55,40.18,40.26,42092000
2021-11-01,40.54,40.63,40.12,40.28,37503770
2021-11-02,40.27,40.50,40.16,40.38,31436830
2021-11-03,40.25,40.68,40.17,40.53,42946750
2021-11-04,40.38,40.48,39.69,40.00,48279710
2021-11-05,40.32,40.49,39.89,40.02,57866350
2021-11-08,40.27,40.53,40.14,40.24,32864580
2021-11-09,40.03,40.16,39.76,40.02,48420390
2021-11-10,39.98,40.20,39.85,39.95,60695080
2021-11-11,40.01,40.19,39.84,40.06,31438900
2021-11-12,40.12,40.16,39.79,40.15,39218830
2021-11-15,40.26,40.36,40.07,40.15,30081060
2021-11-16,40.20,40.35,40.00,40.11,32599500
2021-11-17,40.05,40.05,39.54,39.65,53557210
2021-11-18,39.69,39.77,39.27,39.45,42995330
2021-11-19,39.11,39.25,38.72,39.02,71858070
2021-11-22,39.54,39.96,39.22,39.57,81965800
2021-11-23,39.83,40.22,39.66,40.19,61571250
2021-11-24,40.11,40.26,39.95,40.10,40410280
2021-11-26,38.84,39.01,38.33,38.77,76492190
2021-11-29,39.22,39.36,38.59,38.89,79316460
2021-11-30,38.42,38.58,37.90,37.96,121263700
2021-12-01,38.63,38.88,37.54,37.54,102020900
2021-12-02,37.89,38.87,37.75,38.66,98076430
2021-12-03,38.71,38.80,37.73,38.03,97178180
2021-12-06,38.63,38.98,38.33,38.61,69716620
2021-12-07,39.06,39.41,38.87,39.30,115475500
2021-12-08,39.32,39.48,38.99,39.09,53033220
2021-12-09,38.90,39.21,38.76,39.01,45521120
2021-12-10,39.28,39.29,38.80,39.05,38900920
2021-12-13,38.96,38.97,38.50,38.63,44343020
2021-12-14,38.57,39.15,38.54,38.86,51734390
2021-12-15,38.96,39.09,38.48,38.97,70424910
2021-12-16,39.42,39.74,39.22,39.46,71156600
2021-12-17,39.20,39.25,38.35,38.59,97801910
2021-12-20,37.81,37.86,37.21,37.66,85242260
2021-12-21,38.04,38.61,38.04,38.44,57667860
2021-12-22,38.33,38.65,38.27,38.62,49702740
2021-12-23,38.84,39.16,38.80,38.82,39057330
2021-12-27,38.94,39.22,38.74,39.22,36120270
2021-12-28,39.15,39.49,39.14,39.24,34055240
2021-12-29,39.32,39.43,39.14,39.19,27150500
2021-12-30,39.31,39.53,39.00,39.12,30089130
2021-12-31,39.04,39.24,38.97,39.05,28497790
2022-01-03,39.34,39.68,39.32,39.53,49884420
2022-01-04,39.99,40.70,39.97,40.57,74210180
2022-01-05,40.69,40.90,40.07,40.10,76288360
2022-01-06,40.52,40.72,40.15,40.69,57725160
2022-01-07,40.78,41.27,40.63,41.17,62185450
2022-01-10,41.43,41.46,40.60,41.03,73620240
2022-01-11,41.18,41.41,40.80,41.39,60706270
2022-01-12,41.50,41.66,41.22,41.42,51560590
2022-01-13,41.48,41.70,41.12,41.26,51659560
2022-01-14,40.60,40.87,40.34,40.83,81135460
2022-01-18,40.56,40.60,39.67,39.92,82556560
2022-01-19,40.22,40.24,39.22,39.25,85975120
2022-01-20,39.36,39.87,38.92,39.00,80314020
2022-01-21,38.84,38.95,38.04,38.20,117914300
2022-01-24,37.54,38.39,36.82,38.31,169203900
2022-01-25,37.88,38.75,37.26,38.47,97364910
2022-01-26,38.89,39.21,38.11,38.57,106682000
2022-01-27,38.94,39.34,37.97,38.22,91498940
2022-01-28,38.07,38.73,37.59,38.72,79753590
2022-01-31,38.45,39.09,38.22,39.06,58740940
2022-02-01,39.11,39.70,38.91,39.60,64601490
2022-02-02,39.58,39.94,39.33,39.87,46649420
2022-02-03,39.86,40.00,39.37,39.43,50676950
2022-02-04,39.50,40.44,39.48,40.10,77792440
2022-02-07,40.15,40.48,39.92,40.22,52710430
2022-02-08,40.50,40.88,40.40,40.78,56921250
2022-02-09,41.00,41.31,40.90,41.04,67505320
2022-02-10,40.85,41.38,40.51,40.68,67260800
2022-02-11,40.55,41.04,39.87,40.11,77962760
2022-02-14,40.09,40.23,39.33,39.66,71539810
2022-02-15,40.14,40.41,40.00,40.20,55459560
2022-02-16,40.00,40.41,39.95,40.23,41168840
2022-02-17,39.81,39.94,39.12,39.23,59108470
2022-02-18,39.19,39.55,39.02,39.22,47824550
2022-02-22,39.04,39.40,38.69,39.02,60719700
2022-02-23,39.31,39.43,38.23,38.34,64169780
2022-02-24,37.07,38.00,36.80,37.88,143075700
2022-02-25,38.13,39.20,38.12,39.10,99127110
2022-02-28,38.17,38.77,38.12,38.52,107370200
2022-03-01,38.15,38.26,36.85,37.10,129873100
2022-03-02,37.41,38.28,37.39,38.06,88182450
2022-03-03,38.23,38.43,37.62,37.94,71952780
2022-03-04,37.27,37.28,36.80,37.23,105917500
2022-03-07,36.89,36.93,35.84,35.87,116046200
2022-03-08,36.02,36.67,35.49,35.66,114915000
2022-03-09,36.85,37.28,36.70,36.97,88716380
2022-03-10,36.36,36.90,36.25,36.66,71547290
2022-03-11,36.98,37.21,36.38,36.40,76788210
2022-03-14,36.95,37.46,36.69,36.86,70969670
2022-03-15,37.23,37.44,36.91,37.38,51828690
2022-03-16,37.86,38.48,37.73,38.43,87007590
2022-03-17,38.21,38.92,37.96,38.91,58266360
2022-03-18,38.90,39.10,38.53,39.00,82342950
2022-03-21,39.02,39.13,38.61,38.81,46828640
2022-03-22,39.27,39.69,39.22,39.44,61053080
2022-03-23,39.19,39.28,38.69,38.71,42142590
2022-03-24,38.98,39.06,38.70,39.02,30421480
2022-03-25,39.15,39.60,39.09,39.52,48621630
2022-03-28,39.40,39.44,38.96,39.41,44761020
2022-03-29,39.89,40.01,39.27,39.50,67968610
2022-03-30,39.50,39.52,38.99,39.22,47405300
2022-03-31,39.17,39.33,38.31,38.32,66619560
2022-04-01,38.58,38.66,37.95,38.22,68422550
2022-04-04,38.13,38.36,37.78,38.05,134312400
2022-04-05,37.90,38.31,37.72,37.81,56165660
2022-04-06,37.51,37.71,37.41,37.55,55835390
2022-04-07,37.52,37.69,36.98,37.51,53346900
2022-04-08,37.66,38.06,37.56,37.89,44672330
2022-04-11,37.79,38.16,37.66,37.72,54435480
2022-04-12,37.69,38.04,37.15,37.31,67215440
2022-04-13,36.96,37.33,36.89,37.31,57446000
2022-04-14,37.23,37.49,36.88,36.89,68544220
2022-04-18,36.66,37.28,36.65,37.11,52748430
2022-04-19,37.21,37.68,37.20,37.62,41519070
2022-04-20,37.91,38.15,37.79,37.88,54635830
2022-04-21,38.14,38.31,37.21,37.28,55001040
2022-04-22,37.22,37.23,36.13,36.17,73170900
2022-04-25,35.87,36.31,35.33,36.23,91392750
2022-04-26,35.82,36.20,35.30,35.32,81457470
2022-04-27,35.27,35.65,35.16,35.29,81603000
2022-04-28,35.65,35.87,35.12,35.74,62679980
2022-04-29,35.56,35.69,34.43,34.51,74631680
2022-05-02,34.67,34.79,33.84,34.52,104408800
2022-05-03,34.76,35.32,34.64,34.97,73896340
2022-05-04,35.03,36.09,34.91,36.04,87794900
2022-05-05,35.62,35.69,34.56,34.99,101094000
2022-05-06,34.85,34.90,34.23,34.74,99281940
2022-05-09,34.27,34.48,33.75,33.91,85922820
2022-05-10,34.22,34.44,33.19,33.61,107581200
2022-05-11,33.65,34.33,33.25,33.30,110212200
2022-05-12,33.02,33.36,32.41,33.05,114331800
2022-05-13,33.45,33.80,33.23,33.53,64036200
2022-05-16,33.40,33.55,32.98,33.25,55662160
2022-05-17,33.90,34.23,33.71,34.14,62878390
2022-05-18,33.82,33.87,33.07,33.20,74279350
2022-05-19,32.75,33.22,32.70,32.98,71533830
2022-05-20,33.21,33.38,32.23,32.92,77984600
2022-05-23,33.55,34.24,33.38,33.99,78189320
2022-05-24,33.79,34.02,33.22,33.92,77871470
2022-05-25,33.84,34.40,33.74,34.19,72192590
2022-05-26,34.56,35.10,34.53,34.98,50803240
2022-05-27,35.13,35.64,35.06,35.57,43862520
2022-05-31,35.28,35.74,35.09,35.47,64813360
2022-06-01,35.38,35.47,34.57,34.90,48642420
2022-06-02,34.93,35.41,34.66,35.38,45334690
2022-06-03,35.05,35.20,34.83,34.87,36699410
2022-06-06,35.16,35.52,34.96,34.97,32829610
2022-06-07,34.73,35.27,34.70,35.24,32031350
2022-06-08,34.97,35.07,34.49,34.62,38251770
2022-06-09,34.58,34.60,33.73,33.75,49715110
2022-06-10,33.02,33.14,32.50,32.53,74190910
2022-06-13,31.71,32.10,31.37,31.56,104066800
2022-06-14,31.69,31.91,31.05,31.29,75592240
2022-06-15,31.62,32.09,31.10,31.64,87863650
2022-06-16,31.00,31.01,30.58,30.84,100884900
2022-06-17,30.91,31.27,30.63,30.93,116937700
2022-06-21,31.47,31.58,31.19,31.38,58065770
2022-06-22,31.02,31.60,30.98,31.31,48035820
2022-06-23,31.33,31.39,30.68,31.19,69348920
2022-06-24,31.32,32.37,31.27,32.34,65489320
2022-06-27,32.59,32.59,32.08,32.23,47244840
2022-06-28,32.56,32.87,31.89,31.91,42465050
2022-06-29,31.94,32.06,31.62,31.73,64507480
2022-06-30,31.23,31.73,30.85,31.45,75294330
2022-07-01,31.35,31.98,31.14,31.88,77308390
2022-07-05,31.38,31.79,31.02,31.77,51536760
2022-07-06,31.70,31.95,31.39,31.69,48001740
2022-07-07,31.96,32.24,31.93,32.15,33120100
2022-07-08,32.24,32.34,31.95,32.08,29062250
2022-07-11,31.90,32.05,31.73,31.82,30564300
2022-07-12,31.58,32.20,31.55,31.62,38210990
2022-07-13,31.28,31.55,30.95,31.34,51459500
2022-07-14,30.70,30.84,30.37,30.74,57782270
2022-07-15,31.18,31.96,31.10,31.78,59650240
2022-07-18,32.23,32.45,31.52,31.66,38671590
2022-07-19,32.08,32.71,31.99,32.61,40568030
2022-07-20,32.54,32.79,32.44,32.73,38508820
2022-07-21,32.64,32.94,32.39,32.94,40573060
2022-07-22,32.99,33.16,32.50,32.75,25741220
2022-07-25,32.95,33.11,32.72,32.96,24699280
2022-07-26,32.80,32.99,32.42,32.50,26357790
2022-07-27,32.63,33.16,32.52,33.00,44819670
2022-07-28,33.03,33.25,32.50,33.24,40974560
2022-07-29,33.32,33.82,33.29,33.71,38724000
2022-08-01,33.39,33.62,33.20,33.43,35143630
2022-08-02,33.27,33.49,33.02,33.06,36807190
2022-08-03,33.31,33.64,33.12,33.56,27314920
2022-08-04,33.53,33.62,33.39,33.45,24505820
2022-08-05,33.36,33.85,33.24,33.69,34366110
2022-08-08,33.94,34.05,33.63,33.67,24370080
2022-08-09,33.73,33.93,33.66,33.84,26425430
2022-08-10,34.43,34.73,34.36,34.60,45365970
2022-08-11,34.92,35.23,34.88,35.01,46985200
2022-08-12,35.18,35.57,35.00,35.56,36370280
2022-08-15,35.20,35.65,35.13,35.55,25366000
2022-08-16,35.39,35.97,35.39,35.81,41300750
2022-08-17,35.40,35.79,35.38,35.63,33158030
2022-08-18,35.60,35.72,35.43,35.67,15966230
2022-08-19,35.46,35.46,34.84,34.96,33587390
2022-08-22,34.45,34.45,34.10,34.19,36810130
2022-08-23,34.15,34.40,34.05,34.05,23243970
2022-08-24,33.99,34.34,33.92,34.23,20682180
2022-08-25,34.30,34.79,34.21,34.76,26402560
2022-08-26,34.91,34.91,33.69,33.72,38230600
2022-08-29,33.47,33.72,33.28,33.48,34872090
2022-08-30,33.59,33.70,33.10,33.30,41870670
2022-08-31,33.47,33.59,33.00,33.05,39768160
2022-09-01,32.91,33.20,32.51,33.15,40604570
2022-09-02,33.53,33.81,32.73,32.89,43208800
2022-09-06,33.06,33.14,32.48,32.81,45877050
2022-09-07,32.71,33.52,32.66,33.46,35023000
2022-09-08,33.29,34.07,33.15,34.05,50760930
2022-09-09,34.20,34.45,34.19,34.36,41327150
2022-09-12,34.50,34.82,34.42,34.64,41969760
2022-09-13,33.96,34.08,33.23,33.35,60771560
2022-09-14,33.42,33.58,32.95,33.25,39233190
2022-09-15,33.29,33.79,33.20,33.36,47653030
2022-09-16,33.03,33.12,32.70,33.06,53893310
2022-09-19,32.50,33.27,32.50,33.26,36491410
2022-09-20,32.99,33.06,32.47,32.77,42193570
2022-09-21,32.98,33.10,32.07,32.09,49644640
2022-09-22,32.16,32.21,31.49,31.55,52299460
2022-09-23,31.24,31.31,30.60,31.05,56800970
2022-09-26,30.82,31.11,30.34,30.56,49969720
2022-09-27,30.80,30.96,30.12,30.43,60650380
2022-09-28,30.52,31.21,30.44,31.03,46088700
2022-09-29,30.70,30.82,30.26,30.64,41860010
2022-09-30,30.66,31.04,30.28,30.36,37984310
2022-10-03,30.66,31.34,30.30,31.18,47086080
2022-10-04,31.66,32.37,31.62,32.34,53441830
2022-10-05,31.84,32.27,31.73,32.09,41766840
2022-10-06,31.91,32.13,31.57,31.64,34717920
2022-10-07,31.36,31.46,30.72,30.89,36380690
2022-10-10,31.06,31.18,30.57,30.75,31011720
2022-10-11,30.55,30.86,30.23,30.36,50431910
2022-10-12,30.37,30.68,30.18,30.29,48265690
2022-10-13,29.68,31.62,29.59,31.54,83086060
2022-10-14,31.82,32.19,30.94,31.01,60886880
2022-10-17,31.67,32.00,31.58,31.79,47222230
2022-10-18,32.62,32.66,31.93,32.30,48150750
2022-10-19,32.02,32.29,31.59,31.77,35205660
2022-10-20,31.73,32.05,31.17,31.26,43124410
2022-10-21,31.35,32.22,31.12,32.19,54487280
2022-10-24,32.38,32.77,32.28,32.62,40117240
2022-10-25,32.45,33.07,32.39,33.01,33950310
2022-10-26,33.11,33.46,33.02,33.09,38012090
2022-10-27,33.40,33.73,33.30,33.36,41232170
2022-10-28,33.45,34.23,33.38,34.19,36421270
2022-10-31,33.97,34.20,33.93,33.98,40083800
2022-11-01,34.26,34.34,33.92,34.07,38946150
2022-11-02,34.00,34.60,33.61,33.64,58039880
2022-11-03,33.22,33.56,33.08,33.30,40828080
2022-11-04,33.78,34.09,33.43,33.91,41825630
2022-11-07,34.16,34.27,33.94,34.25,30060290
2022-11-08,34.26,34.62,34.09,34.45,34839570
2022-11-09,34.22,34.35,33.80,33.87,42126190
2022-11-10,34.90,35.63,34.81,35.58,67677670
2022-11-11,35.76,36.03,35.63,35.87,46076140
2022-11-14,35.77,35.80,35.33,35.36,38002710
2022-11-15,35.74,35.88,35.08,35.44,57802080
2022-11-16,35.42,35.51,35.15,35.27,32852430
2022-11-17,34.86,35.10,34.76,35.08,35706940
2022-11-18,35.55,35.60,35.08,35.37,39455360
2022-11-21,35.32,35.55,35.28,35.48,24630910
2022-11-22,35.67,35.88,35.67,35.84,29582250
2022-11-23,35.78,36.08,35.78,35.99,27916870
2022-11-25,36.03,36.16,35.96,36.11,11266480
2022-11-28,35.91,36.05,35.43,35.49,34206520
2022-11-29,35.45,35.78,35.41,35.70,31489580
2022-11-30,35.65,36.32,35.14,36.31,58607000
2022-12-01,36.49,36.49,35.81,36.10,58157580
2022-12-02,35.72,35.96,35.61,35.93,40483340
2022-12-05,35.66,35.72,34.85,35.04,53401990
2022-12-06,35.00,35.20,34.45,34.73,45102230
2022-12-07,34.59,34.98,34.51,34.59,37775860
2022-12-08,34.69,34.86,34.50,34.62,46600860
2022-12-09,34.49,34.78,34.48,34.53,40885650
2022-12-12,34.55,35.03,34.39,34.99,72570890
2022-12-13,35.90,35.90,34.84,35.08,55659030
2022-12-14,34.99,35.33,34.49,34.64,54685080
2022-12-15,34.10,34.24,33.73,33.96,70334040
2022-12-16,33.60,33.80,33.39,33.70,59619440
2022-12-19,33.40,33.74,33.19,33.40,37456790
2022-12-20,33.53,33.77,33.41,33.54,45446450
2022-12-21,33.86,34.16,33.84,34.06,31318110
2022-12-22,33.84,33.87,33.21,33.76,25608720
2022-12-23,33.74,34.00,33.57,33.95,17116170
2022-12-27,34.02,34.10,33.80,33.94,25601080
2022-12-28,34.00,34.09,33.78,33.82,24395060
2022-12-29,34.00,34.35,33.92,34.29,26624200
2022-12-30,34.04,34.27,33.92,34.20,24735710
2023-01-03,34.45,34.69,34.07,34.32,37396480
2023-01-04,34.67,35.12,34.57,34.87,44669320
2023-01-05,34.75,34.75,34.37,34.61,45585750
2023-01-06,34.84,35.49,34.60,35.38,41229680
2023-01-09,35.50,35.70,35.16,35.25,48726650
2023-01-10,35.19,35.48,35.07,35.45,34663660
2023-01-11,35.54,35.78,35.47,35.78,32014710
2023-01-12,35.90,36.06,35.62,35.85,56642390
2023-01-13,35.39,36.17,35.26,36.12,65920860
2023-01-17,36.03,36.05,35.77,35.88,65345170
2023-01-18,35.68,35.90,35.18,35.21,53693040
2023-01-19,34.78,34.98,34.56,34.80,61169520
2023-01-20,34.90,35.37,34.74,35.35,42330130
2023-01-23,35.38,35.91,35.27,35.76,44997270
2023-01-24,35.70,35.94,35.30,35.78,34333540
2023-01-25,35.47,36.07,35.45,36.06,38458650
2023-01-26,36.15,36.30,35.91,36.25,29944160
2023-01-27,36.20,36.46,36.15,36.25,30787370
2023-01-30,36.06,36.33,36.01,36.07,31595010
2023-01-31,36.14,36.57,35.97,36.56,30282100
2023-02-01,36.18,36.88,36.09,36.56,51418670
2023-02-02,36.76,36.80,36.37,36.66,42107280
2023-02-03,36.37,36.90,36.36,36.59,43155020
2023-02-06,36.38,36.59,36.30,36.58,32273610
2023-02-07,36.35,37.11,36.35,37.00,33000520
2023-02-08,36.73,37.09,36.68,36.78,34555520
2023-02-09,36.93,37.04,36.29,36.37,44329560
2023-02-10,36.19,36.52,36.07,36.49,28108890
2023-02-13,36.47,36.91,36.44,36.91,32209030
2023-02-14,36.84,37.08,36.48,36.71,33525330
2023-02-15,36.42,36.77,36.37,36.75,28514720
2023-02-16,36.40,36.66,36.31,36.38,34379070
2023-02-17,36.20,36.44,36.09,36.39,35884880
2023-02-21,36.08,36.13,35.48,35.64,36425230
2023-02-22,35.64,35.78,35.41,35.60,31065170
2023-02-23,35.75,35.92,35.30,35.63,42357610
2023-02-24,35.32,35.77,35.26,35.66,48732620
2023-02-27,35.99,36.05,35.58,35.65,31664600
2023-02-28,35.70,35.90,35.61,35.72,32531450
2023-03-01,35.56,35.76,35.46,35.60,32790340
2023-03-02,35.39,35.47,35.01,35.43,38409460
2023-03-03,35.57,36.00,35.50,35.99,33091590
2023-03-06,36.01,36.24,35.91,36.02,30111130
2023-03-07,35.89,35.92,35.00,35.09,53804400
2023-03-08,35.05,35.23,34.78,34.96,50860310
2023-03-09,34.76,34.81,33.37,33.54,107108500
2023-03-10,33.15,33.72,32.52,32.93,166569400
2023-03-13,31.76,32.32,31.36,31.63,165965900
2023-03-14,32.84,32.84,31.87,32.27,128115500
2023-03-15,31.36,31.54,30.96,31.41,132235000
2023-03-16,31.20,32.34,30.90,32.01,134086700
2023-03-17,31.71,31.71,30.89,30.98,136760600
2023-03-20,31.07,31.44,31.02,31.17,75384480
2023-03-21,31.88,32.04,31.81,31.96,115899200
2023-03-22,31.96,32.05,31.20,31.22,67874140
2023-03-23,31.28,31.60,30.79,31.01,82366320
2023-03-24,30.63,31.02,30.39,30.99,76647540
2023-03-27,31.52,31.59,31.23,31.42,61393350
2023-03-28,31.38,31.52,31.22,31.41,42980100
2023-03-29,31.75,31.88,31.61,31.87,52147170
2023-03-30,32.10,32.12,31.62,31.80,45061690
2023-03-31,31.98,32.16,31.86,32.15,49034440
2023-04-03,32.12,32.34,32.02,32.21,51213490
2023-04-04,32.29,32.34,31.70,31.91,45939270
2023-04-05,31.67,31.96,31.66,31.87,57965320
2023-04-06,31.81,32.05,31.77,31.99,36762290
2023-04-10,31.87,32.07,31.80,32.06,27900720
2023-04-11,32.14,32.48,32.12,32.34,53912620
2023-04-12,32.50,32.67,32.19,32.27,63645800
2023-04-13,32.29,32.58,32.07,32.56,58550280
2023-04-14,32.90,33.15,32.72,32.88,65054420
2023-04-17,32.86,33.27,32.72,33.26,69670590
2023-04-18,33.33,33.43,33.08,33.36,49507550
2023-04-19,33.31,33.53,33.25,33.44,39478860
2023-04-20,33.22,33.43,33.21,33.34,39291820
2023-04-21,33.24,33.26,33.03,33.22,41545020
2023-04-24,33.20,33.32,33.06,33.14,32774160
2023-04-25,32.93,32.99,32.56,32.57,58534300
2023-04-26,32.48,32.66,32.12,32.26,54294200
2023-04-27,32.38,32.84,32.38,32.78,46398840
2023-04-28,32.62,33.20,32.55,33.17,54598660
2023-05-01,33.26,33.43,33.04,33.08,31950590
2023-05-02,32.95,32.96,32.02,32.33,76096650
2023-05-03,32.37,32.53,31.93,31.96,65642400
2023-05-04,31.68,31.85,31.26,31.55,76076590
2023-05-05,32.07,32.38,32.02,32.33,55019390
2023-05-08,32.51,32.62,32.34,32.38,34323630
2023-05-09,32.14,32.38,32.06,32.26,29736170
2023-05-10,32.47,32.54,31.80,32.08,39706080
2023-05-11,31.88,32.08,31.74,32.03,36693240
2023-05-12,32.24,32.24,31.69,31.90,36253020
2023-05-15,31.96,32.22,31.90,32.16,33208460
2023-05-16,32.09,32.19,31.84,31.86,31241410
2023-05-17,32.11,32.59,32.04,32.50,46818830
2023-05-18,32.44,32.77,32.32,32.74,42232480
2023-05-19,32.82,32.92,32.45,32.60,40132920
2023-05-22,32.71,32.78,32.46,32.66,35286220
2023-05-23,32.52,32.69,32.26,32.28,42217160
2023-05-24,32.04,32.07,31.79,31.86,46610720
2023-05-25,31.78,31.96,31.66,31.85,41658890
2023-05-26,31.92,32.19,31.87,32.11,44183010
2023-05-30,32.16,32.23,31.89,32.10,57900480
2023-05-31,31.91,31.94,31.49,31.76,67667870
2023-06-01,31.94,32.17,31.72,32.10,48643400
2023-06-02,32.41,32.91,32.41,32.80,65752910
2023-06-05,32.84,32.75,32.48,32.63,50531440
2023-06-06,32.60,33.09,32.58,33.04,46236070
2023-06-07,33.07,33.24,32.87,33.17,48467080
2023-06-08,33.06,33.19,32.88,33.14,36261180
2023-06-09,33.08,33.29,33.06,33.15,34025390
2023-06-12,33.18,33.27,32.89,33.14,33673940
2023-06-13,33.11,33.48,33.07,33.34,46054360
2023-06-14,33.42,33.59,33.10,33.21,57195430
2023-06-15,33.10,33.73,33.07,33.65,52241780
2023-06-16,33.80,33.83,33.54,33.58,49861060
2023-06-20,33.21,33.27,32.98,33.18,50683080
2023-06-21,33.10,33.30,33.00,33.14,35967560
2023-06-22,33.08,33.09,32.77,32.88,38698750
2023-06-23,32.63,32.85,32.52,32.74,35529600
2023-06-26,32.69,32.94,32.58,32.67,25728260
2023-06-27,32.73,33.00,32.71,32.93,34348140
2023-06-28,32.89,32.90,32.70,32.85,36663190
2023-06-29,33.02,33.42,32.98,33.42,47470980
2023-06-30,33.64,33.85,33.58,33.71,44762290
2023-07-03,33.71,34.00,33.66,33.90,19127980
2023-07-05,33.70,33.92,33.60,33.83,39833480
2023-07-06,33.55,33.58,33.25,33.54,45808350
2023-07-07,33.40,33.87,33.40,33.59,33488660
2023-07-10,33.59,33.93,33.57,33.74,27254400
2023-07-11,33.86,34.18,33.79,34.14,33754220
2023-07-12,34.42,34.60,34.27,34.36,46546020
2023-07-13,34.41,34.53,34.35,34.48,40453680
2023-07-14,34.73,34.74,34.20,34.25,47552730
2023-07-17,34.21,34.68,34.21,34.58,38568890
2023-07-18,34.66,35.00,34.61,34.97,47176550
2023-07-19,34.97,35.26,34.96,35.12,45599820
2023-07-20,35.06,35.39,35.05,35.38,45591520
2023-07-21,35.44,35.46,35.17,35.26,30615720
2023-07-24,35.28,35.71,35.27,35.60,32299790
2023-07-25,35.50,35.58,35.34,35.37,36218640
2023-07-26,35.33,35.69,35.28,35.58,35638720
2023-07-27,35.58,35.67,35.08,35.13,44072770
2023-07-28,35.41,35.42,35.01,35.20,32427670
2023-07-31,35.27,35.44,35.18,35.33,28627020
2023-08-01,35.26,35.36,35.14,35.33,26495300
2023-08-02,35.03,35.16,34.83,35.03,48930440
2023-08-03,34.82,35.13,34.72,35.05,31871730
2023-08-04,35.02,35.36,34.88,34.91,36195670
2023-08-07,35.13,35.46,35.12,35.40,33119340
2023-08-08,34.94,35.11,34.67,35.08,37254810
2023-08-09,35.06,35.16,34.78,34.82,38304220
2023-08-10,35.00,35.26,34.76,34.85,38097500
2023-08-11,34.74,34.98,34.66,34.92,27518750
2023-08-14,34.82,34.92,34.69,34.85,23773800
2023-08-15,34.56,34.59,34.17,34.21,57472070
2023-08-16,34.15,34.41,34.12,34.16,33566500
2023-08-17,34.27,34.32,33.89,33.99,38205390
2023-08-18,33.75,34.08,33.72,33.98,40859960
2023-08-21,34.03,34.09,33.67,33.94,32308260
2023-08-22,33.95,33.99,33.57,33.62,43148860
2023-08-23,33.68,33.96,33.63,33.95,30240540
2023-08-24,33.90,34.31,33.83,33.83,35784850
2023-08-25,33.97,34.12,33.71,33.99,40347160
2023-08-28,34.10,34.30,34.07,34.18,34905320
2023-08-29,34.15,34.50,34.10,34.49,43394340
2023-08-30,34.54,34.71,34.44,34.51,33799920
2023-08-31,34.61,34.62,34.34,34.38,27999690
2023-09-01,34.59,34.80,34.55,34.69,41075670
2023-09-05,34.65,34.79,34.33,34.34,38612310
2023-09-06,34.25,34.39,34.07,34.32,35672800
2023-09-07,34.18,34.38,34.13,34.23,47632630
2023-09-08,34.26,34.37,34.12,34.30,39742310
2023-09-11,34.46,34.64,34.37,34.46,28965130
2023-09-12,34.45,34.94,34.41,34.69,48615170
2023-09-13,34.85,34.89,34.55,34.69,31994880
2023-09-14,34.93,35.06,34.76,35.01,65685530
2023-09-15,34.78,35.04,34.76,34.83,51800190
2023-09-18,34.63,34.82,34.52,34.77,32458670
2023-09-19,34.80,34.87,34.51,34.73,36116800
2023-09-20,34.85,34.96,34.48,34.49,31617980
2023-09-21,34.37,34.37,33.92,33.92,48106800
2023-09-22,33.97,34.00,33.66,33.66,41688250
2023-09-25,33.59,33.76,33.48,33.74,40141710
2023-09-26,33.49,33.64,33.23,33.29,46165430
2023-09-27,33.38,33.38,32.95,33.24,49360880
2023-09-28,33.27,33.60,33.26,33.48,63638090
2023-09-29,33.64,33.69,33.09,33.17,52860530
2023-10-02,33.06,33.14,32.71,32.89,49350600
2023-10-03,32.73,32.81,32.24,32.37,52921750
2023-10-04,32.38,32.63,32.21,32.61,40136050
2023-10-05,32.52,32.82,32.45,32.76,41407830
2023-10-06,32.62,33.23,32.51,33.04,54057830
2023-10-09,32.74,33.13,32.71,33.06,61396590
2023-10-10,33.16,33.51,33.15,33.30,44743350
2023-10-11,33.40,33.53,33.10,33.35,35746360
2023-10-12,33.45,33.45,32.91,33.14,41991170
2023-10-13,33.35,33.66,33.03,33.21,53216510
2023-10-16,33.46,33.72,33.38,33.56,45589270
2023-10-17,33.41,33.94,33.40,33.72,41925170
2023-10-18,33.55,33.58,33.07,33.14,46942090
2023-10-19,33.08,33.26,32.68,32.70,66656250
2023-10-20,32.69,32.75,32.17,32.20,59921320
2023-10-23,32.13,32.36,31.97,32.00,55913670
2023-10-24,32.15,32.37,32.05,32.22,35825010
2023-10-25,32.10,32.32,32.01,32.10,59240100
2023-10-26,32.02,32.35,31.97,32.03,56046140
2023-10-27,31.99,32.03,31.36,31.45,73057350
2023-10-30,31.67,32.09,31.59,32.01,48978080
2023-10-31,32.07,32.37,32.01,32.36,41050120
2023-11-01,32.42,32.70,32.34,32.57,51764060
2023-11-02,32.87,33.36,32.81,33.34,47416970
2023-11-03,33.66,33.94,33.65,33.78,58801310
2023-11-06,33.87,33.91,33.50,33.68,40599720
2023-11-07,33.58,33.71,33.52,33.63,27442000
2023-11-08,33.62,33.70,33.46,33.67,30057960
2023-11-09,33.78,33.83,33.47,33.53,34336590
2023-11-10,33.69,33.94,33.49,33.91,35153490
2023-11-13,33.79,33.95,33.74,33.86,28327270
2023-11-14,34.23,34.69,34.20,34.50,54296280
2023-11-15,34.56,34.79,34.55,34.69,35000180
2023-11-16,34.79,34.87,34.68,34.83,33222470
2023-11-17,34.96,35.02,34.87,35.01,31341490
2023-11-20,34.96,35.23,34.88,35.15,37400150
2023-11-21,35.10,35.22,35.07,35.13,27285740
2023-11-22,35.21,35.34,35.15,35.27,32723980
2023-11-24,35.27,35.44,35.26,35.38,13168490
2023-11-27,35.25,35.32,35.18,35.26,35016990
2023-11-28,35.22,35.37,35.16,35.25,39329270
2023-11-29,35.35,35.71,35.35,35.50,36651300
2023-11-30,35.58,35.90,35.47,35.90,37334540
2023-12-01,35.84,36.21,35.78,36.17,51267600
2023-12-04,35.96,36.27,35.92,36.13,41366620
2023-12-05,36.02,36.03,35.79,35.95,39510880
2023-12-06,36.15,36.28,35.72,35.77,35616130
2023-12-07,35.86,35.96,35.77,35.94,26050870
2023-12-08,35.90,36.19,35.86,36.13,33213100
2023-12-11,36.14,36.42,36.14,36.35,31165720
2023-12-12,36.44,36.62,36.29,36.61,37245700
2023-12-13,36.62,37.24,36.55,37.20,56988980
2023-12-14,37.50,37.71,37.37,37.57,66865710
2023-12-15,37.26,37.44,37.19,37.35,69246240
2023-12-18,37.35,37.42,37.25,37.29,43434020
2023-12-19,37.27,37.58,37.17,37.57,32508980
2023-12-20,37.47,37.56,36.90,36.90,52985730
2023-12-21,37.06,37.27,36.92,37.26,27522250
2023-12-22,37.37,37.49,37.20,37.34,30331450
2023-12-26,37.37,37.56,37.31,37.49,17837560
2023-12-27,37.41,37.61,37.35,37.61,32640760
2023-12-28,37.55,37.80,37.54,37.72,25308020
2023-12-29,37.71,37.77,37.49,37.60,30218320
2024-01-02,37.50,37.78,37.43,37.76,31351870
2024-01-03,37.59,37.65,37.38,37.44,46908960
2024-01-04,37.57,37.89,37.52,37.59,36904180
2024-01-05,37.59,37.95,37.57,37.75,44852350
2024-01-08,37.76,38.01,37.56,37.99,39098310
2024-01-09,37.79,37.80,37.63,37.75,36338060
2024-01-10,37.69,37.84,37.57,37.81,37095460
2024-01-11,37.76,37.81,37.37,37.67,49043460
2024-01-12,37.85,37.99,37.45,37.60,41333860
2024-01-16,37.28,37.41,37.13,37.34,44042050
2024-01-17,37.02,37.42,37.00,37.27,38715920
2024-01-18,37.22,37.37,36.95,37.33,42064930
2024-01-19,37.47,37.98,37.35,37.93,59417720
2024-01-22,38.09,38.30,38.02,38.11,51828830
2024-01-23,38.09,38.20,38.01,38.17,46255520
2024-01-24,38.33,38.53,38.29,38.32,43975480
2024-01-25,38.47,38.55,38.27,38.51,50693850
2024-01-26,38.45,38.72,38.41,38.65,38620190
2024-01-29,38.53,38.78,38.43,38.75,44175640
2024-01-30,38.79,39.28,38.77,39.24,43229260
2024-01-31,39.16,39.45,38.74,38.76,65780860
2024-02-01,38.69,38.84,38.25,38.82,63445630
2024-02-02,38.69,39.16,38.66,38.98,61778370
2024-02-05,38.76,38.88,38.58,38.75,37351320
2024-02-06,38.70,38.88,38.65,38.83,41055720
2024-02-07,39.04,39.16,38.77,39.12,39018730
2024-02-08,38.94,39.09,38.72,38.97,47331460
2024-02-09,38.92,39.09,38.82,39.08,50680440
2024-02-12,39.08,39.43,38.99,39.26,39952720
2024-02-13,38.96,39.05,38.42,38.73,62948330
2024-02-14,38.96,39.13,38.81,39.10,58722450
2024-02-15,39.22,39.85,39.21,39.77,58107890
2024-02-16,39.73,39.81,39.55,39.63,37900010
2024-02-20,39.35,39.66,39.31,39.52,39952230
2024-02-21,39.47,39.64,39.33,39.64,40259040
2024-02-22,39.86,40.24,39.79,40.10,55188190
2024-02-23,40.25,40.47,40.22,40.30,42190550
2024-02-26,40.26,40.53,40.03,40.10,38369980
2024-02-27,40.14,40.22,39.94,40.21,42599490
2024-02-28,40.13,40.50,40.12,40.36,40040800
2024-02-29,40.46,40.55,40.17,40.34,37629720
2024-03-01,40.33,40.42,40.16,40.29,40794890
2024-03-04,40.22,40.50,40.21,40.39,53413220
2024-03-05,40.25,40.63,40.25,40.40,50770170
2024-03-06,40.46,40.73,40.27,40.61,58459510
2024-03-07,40.76,40.84,40.40,40.55,35505150
2024-03-08,40.61,40.83,40.56,40.62,47266580
2024-03-11,40.47,40.73,40.40,40.69,36233060
2024-03-12,40.78,40.98,40.64,40.86,53199290
2024-03-13,40.94,41.17,40.91,41.16,43471390
2024-03-14,41.17,41.25,40.61,40.83,65563440
2024-03-15,40.60,40.98,40.52,40.79,67568040
2024-03-18,40.78,40.92,40.58,40.87,39140640
2024-03-19,40.90,41.09,40.88,41.07,36748310
2024-03-20,41.02,41.59,40.95,41.56,52255350
2024-03-21,41.66,42.00,41.61,41.90,49209180
2024-03-22,41.95,42.03,41.39,41.42,32032970
2024-03-25,41.39,41.46,41.26,41.26,31784000
2024-03-26,41.41,41.53,41.27,41.40,30135470
2024-03-27,41.60,41.90,41.49,41.89,36670280
2024-03-28,41.94,42.22,41.87,42.12,41490170
2024-04-01,42.16,42.20,41.81,41.89,37537680
2024-04-02,41.76,41.81,41.60,41.67,36359800
2024-04-03,41.68,41.96,41.53,41.65,39715860
2024-04-04,42.00,42.08,41.13,41.18,52657530
2024-04-05,41.34,41.67,41.20,41.57,47540270
2024-04-08,41.58,41.82,41.56,41.75,35165670
2024-04-09,41.77,41.88,41.17,41.51,51971420
2024-04-10,41.11,41.27,40.76,40.89,59492760
2024-04-11,40.87,40.93,40.35,40.60,56870830
2024-04-12,40.33,40.50,39.91,40.06,81234750
2024-04-15,40.58,40.74,39.74,39.86,71800570
2024-04-16,39.89,39.98,39.53,39.59,66751330
2024-04-17,39.77,39.95,39.53,39.69,41561910
2024-04-18,39.87,40.18,39.73,39.83,48893450
2024-04-19,40.05,40.45,39.97,40.38,55513630
2024-04-22,40.60,41.10,40.43,40.87,50701160
2024-04-23,41.06,41.23,40.95,41.13,36488580
2024-04-24,41.02,41.17,40.91,41.12,33957450
2024-04-25,40.92,41.03,40.52,40.88,50365750
2024-04-26,40.81,41.05,40.72,40.82,35796950
2024-04-29,40.81,40.99,40.61,40.76,36596060
2024-04-30,40.67,40.76,40.36,40.36,34481590
2024-05-01,40.33,40.85,40.28,40.36,54717650
2024-05-02,40.64,40.70,40.17,40.46,37085050
2024-05-03,40.70,40.79,40.35,40.55,45012620
2024-05-06,40.86,41.07,40.77,41.07,42335610
2024-05-07,41.17,41.29,41.10,41.21,42601190
2024-05-08,41.17,41.43,41.05,41.36,28390900
2024-05-09,41.26,41.67,41.25,41.67,31594750
2024-05-10,41.82,41.91,41.77,41.83,34306850
2024-05-13,41.95,42.02,41.66,41.66,29570090
2024-05-14,41.82,41.90,41.66,41.87,30638320
2024-05-15,41.97,42.22,41.95,42.18,36138290
2024-05-16,42.22,42.38,42.16,42.18,36032730
2024-05-17,42.25,42.49,42.20,42.49,29813160
2024-05-20,42.40,42.46,41.89,41.91,35719630
2024-05-21,41.99,42.22,41.97,42.18,33413370
2024-05-22,42.09,42.27,41.85,41.94,38661150
2024-05-23,41.90,41.94,41.20,41.36,51768510
2024-05-24,41.44,41.62,41.44,41.61,23477280
2024-05-28,41.52,41.52,41.00,41.15,31004940
2024-05-29,40.82,40.95,40.70,40.82,40620240
2024-05-30,40.86,41.13,40.76,41.04,32772640
2024-05-31,41.12,41.68,41.00,41.64,38664010
2024-06-03,41.63,41.67,41.02,41.38,37855010
2024-06-04,41.16,41.50,41.00,41.19,27586390
2024-06-05,41.32,41.36,41.01,41.31,23817260
2024-06-06,41.38,41.50,41.13,41.29,39040170
2024-06-07,41.30,41.71,41.22,41.48,42273250
2024-06-10,41.30,41.37,41.05,41.32,31618980
2024-06-11,41.12,41.14,40.65,40.85,54584940
2024-06-12,41.27,41.32,40.75,40.81,46399790
2024-06-13,40.81,40.82,40.50,40.78,39497920
2024-06-14,40.50,40.73,40.37,40.65,29083010
2024-06-17,40.55,41.02,40.48,41.01,36076890
2024-06-18,40.96,41.27,40.92,41.27,38900280
2024-06-20,41.18,41.59,41.13,41.49,42869060
2024-06-21,41.39,41.43,41.09,41.33,42532780
2024-06-24,41.34,41.84,41.23,41.59,45251990
2024-06-25,41.51,41.64,41.16,41.28,32852880
2024-06-26,41.09,41.11,40.82,41.02,37978480
2024-06-27,40.90,41.02,40.72,40.97,25466060
2024-06-28,41.06,41.37,40.94,41.11,44045130
2024-07-01,41.28,41.55,41.03,41.20,36131130
2024-07-02,41.12,41.68,41.10,41.68,27033070
2024-07-03,41.72,41.76,41.53,41.55,21113250
2024-07-05,41.64,41.64,41.30,41.54,21421110
2024-07-08,41.60,41.85,41.38,41.43,27779270
2024-07-09,41.47,42.02,41.42,41.75,33143080
2024-07-10,41.55,41.92,41.53,41.91,28445380
2024-07-11,41.95,42.31,41.81,42.24,45836630
2024-07-12,42.19,42.56,42.08,42.38,39041230
2024-07-15,42.53,43.04,42.50,43.00,46561170
2024-07-16,43.03,43.51,42.95,43.49,52243090
2024-07-17,43.44,43.90,43.37,43.82,54773290
2024-07-18,43.67,44.10,43.19,43.29,58731300
2024-07-19,43.27,43.36,42.80,42.85,47219950
2024-07-22,42.95,43.17,42.75,43.09,29071070
2024-07-23,43.20,43.39,43.10,43.17,23800350
2024-07-24,43.04,43.12,42.58,42.58,47786910
2024-07-25,42.66,43.37,42.65,42.74,44861990
2024-07-26,42.97,43.54,42.95,43.41,32636270
2024-07-29,43.51,43.53,43.13,43.35,35195680
2024-07-30,43.62,44.00,43.60,43.85,31418660
2024-07-31,43.95,44.11,43.71,43.74,38694790
2024-08-01,43.90,43.96,42.93,43.12,47060860
2024-08-02,42.63,42.78,41.80,42.06,78599850
2024-08-05,41.14,41.23,40.66,40.84,107913600
2024-08-06,41.02,41.98,40.91,41.50,57668900
2024-08-07,41.96,42.35,41.49,41.55,43912570
2024-08-08,41.82,42.27,41.76,42.22,41260500
2024-08-09,42.21,42.51,42.04,42.40,23838800
2024-08-12,42.48,42.59,42.09,42.18,20509280
2024-08-13,42.43,42.56,42.12,42.53,24922010
2024-08-14,42.63,43.13,42.60,43.05,30673010
2024-08-15,43.46,43.69,43.31,43.45,33329020
2024-08-16,43.40,43.77,43.40,43.77,25338910
2024-08-19,43.78,44.02,43.78,44.01,24458570
2024-08-20,43.96,43.99,43.78,43.87,19620440
2024-08-21,43.94,43.99,43.57,43.80,19914060
2024-08-22,43.85,44.05,43.81,44.05,24404040
2024-08-23,44.18,44.54,44.09,44.43,32762500
2024-08-26,44.58,44.81,44.47,44.57,23716330
2024-08-27,44.66,44.82,44.58,44.80,21583450
2024-08-28,44.68,45.16,44.64,44.91,24726170
2024-08-29,45.06,45.46,44.75,45.31,33726630
2024-08-30,45.44,45.78,45.23,45.74,28967720
2024-09-03,45.50,45.88,45.19,45.40,39893910
2024-09-04,45.48,45.77,45.22,45.45,32006130
2024-09-05,45.64,45.66,44.74,44.95,39523540
2024-09-06,44.95,45.20,44.19,44.29,51331290
2024-09-09,44.71,45.20,44.65,44.95,41010890
2024-09-10,45.10,45.14,43.98,44.49,59114980
2024-09-11,44.32,44.35,43.38,44.28,59397480
2024-09-12,44.36,44.52,44.00,44.38,37739380
2024-09-13,44.51,44.69,44.41,44.51,32912280
2024-09-16,44.70,45.10,44.70,45.09,37063920
2024-09-17,45.19,45.48,45.14,45.33,27893290
2024-09-18,45.35,45.69,45.09,45.19,41783870
2024-09-19,45.65,45.81,45.34,45.69,46457690
2024-09-20,45.59,45.66,45.34,45.66,48699180
2024-09-23,45.49,45.67,45.36,45.44,31615260
2024-09-24,45.30,45.30,44.90,45.06,40341430
2024-09-25,45.08,45.14,44.65,44.79,32546930
2024-09-26,44.92,45.11,44.77,45.02,31445230
2024-09-27,45.12,45.44,45.05,45.15,23226120
2024-09-30,45.04,45.34,44.84,45.32,23599210
2024-10-01,45.20,45.31,44.77,45.08,32703010
2024-10-02,45.06,45.23,44.83,45.13,37709430
2024-10-03,44.96,45.05,44.66,44.89,23545680
2024-10-04,45.33,45.69,45.15,45.65,40435850
2024-10-07,45.65,45.67,44.90,45.09,26599260
2024-10-08,45.26,45.46,45.18,45.35,28762950
2024-10-09,45.35,45.86,45.26,45.77,28334270
2024-10-10,45.82,45.86,45.44,45.63,34127390
2024-10-11,45.92,46.60,45.89,46.51,52850300
2024-10-14,46.59,46.85,46.46,46.80,35850840
2024-10-15,47.12,47.39,46.84,46.90,42356780
2024-10-16,47.08,47.50,46.99,47.48,44973700
2024-10-17,47.68,47.81,47.58,47.61,45823450
2024-10-18,47.61,47.72,47.35,47.62,34279600
2024-10-21,47.54,47.65,47.15,47.24,26207440
2024-10-22,47.00,47.23,46.78,47.15,30018750
2024-10-23,47.10,47.22,46.88,47.11,20697250
2024-10-24,47.12,47.20,46.86,47.15,19617540
2024-10-25,47.34,47.42,46.52,46.63,25526480
2024-10-28,46.87,47.25,46.85,47.21,31415880
2024-10-29,47.09,47.22,46.88,46.92,27930910
2024-10-30,46.98,47.43,46.94,47.13,28704330
2024-10-31,47.07,47.21,46.48,46.48,53417060
2024-11-01,46.63,47.00,46.52,46.64,40139910
2024-11-04,46.61,46.65,46.02,46.28,41705580
2024-11-05,46.32,46.73,46.23,46.71,35221760
2024-11-06,49.04,49.68,48.70,49.55,153473400
2024-11-07,49.44,49.44,48.66,48.75,70611370
2024-11-08,49.10,49.47,48.85,49.19,60376530
2024-11-11,49.68,50.13,49.67,49.89,63654710
2024-11-12,49.87,49.94,49.59,49.74,58512360
2024-11-13,49.84,50.13,49.69,49.77,31880680
2024-11-14,49.88,49.99,49.55,49.64,38252750
2024-11-15,49.64,50.01,49.61,49.87,40741500
2024-11-18,49.91,50.11,49.70,50.02,27146820
2024-11-19,49.62,49.88,49.42,49.69,27014710
2024-11-20,49.89,49.92,49.30,49.54,33932480
2024-11-21,49.79,50.40,49.66,50.17,50881770
2024-11-22,50.14,50.78,50.13,50.73,42050840
2024-11-25,51.01,51.24,50.86,51.06,47492550
2024-11-26,51.08,51.26,50.76,51.16,28418400
2024-11-27,51.23,51.62,51.20,51.26,31803720
2024-11-29,51.44,51.57,51.25,51.34,15178420
2024-12-02,51.42,51.49,50.70,50.83,55483580
2024-12-03,51.13,51.13,50.45,50.45,46924280
2024-12-04,50.40,50.44,50.09,50.26,41017430
2024-12-05,50.34,50.67,50.30,50.41,33599280
2024-12-06,50.40,50.57,50.26,50.40,23439350
2024-12-09,50.44,50.49,49.69,49.71,41998280
2024-12-10,49.75,49.98,49.38,49.70,38861790
2024-12-11,49.90,49.92,49.58,49.80,35035890
2024-12-12,49.93,49.97,49.58,49.58,23107260
2024-12-13,49.78,49.80,49.43,49.54,39160440
2024-12-16,49.57,49.63,49.35,49.45,35242760
2024-12-17,49.26,49.27,48.93,49.10,46103330
2024-12-18,49.19,49.30,47.59,47.63,72399490
2024-12-19,48.17,48.53,47.79,47.80,63641040
2024-12-20,47.70,48.88,47.60,48.51,56066150
2024-12-23,48.06,48.45,47.87,48.42,43033310
2024-12-24,48.52,49.01,48.42,48.99,18350470
2024-12-26,48.77,49.13,48.74,49.11,20807210
2024-12-27,48.85,49.17,48.49,48.75,33852400
2024-12-30,48.25,48.50,47.86,48.28,34819780
2024-12-31,48.40,48.57,48.16,48.33,25170530
2025-01-02,48.58,48.77,47.94,48.21,35879120
2025-01-03,48.49,48.62,48.08,48.59,25198140
2025-01-06,48.80,49.02,48.35,48.44,54289940
2025-01-07,48.65,48.76,48.12,48.33,57682700
2025-01-08,48.34,48.50,48.02,48.49,36422020
2025-01-10,48.10,48.14,47.15,47.32,53128710
2025-01-13,47.08,47.68,47.03,47.66,36002820
2025-01-14,47.85,48.29,47.74,48.25,39353250
2025-01-15,49.28,49.61,49.01,49.48,61176910
2025-01-16,49.46,49.84,49.45,49.81,33830430
2025-01-17,49.91,50.32,49.73,50.23,43693110
2025-01-21,50.40,50.71,50.38,50.65,33267470
2025-01-22,50.65,50.66,50.21,50.41,37226410
2025-01-23,50.49,50.79,50.48,50.70,32048850
2025-01-24,50.53,50.90,50.48,50.85,39088670
2025-01-27,50.76,51.44,50.62,51.41,61707420
2025-01-28,51.35,51.55,51.11,51.32,39885280
2025-01-29,51.18,51.74,51.17,51.28,43612190
2025-01-30,51.75,52.04,51.43,51.77,64250480
2025-01-31,51.83,51.97,51.44,51.47,40429470
2025-02-03,50.75,51.40,50.41,51.26,77416230
2025-02-04,51.32,51.39,51.00,51.14,41742730
2025-02-05,51.36,51.69,51.13,51.68,34758570
2025-02-06,51.98,52.12,51.76,52.11,34355930
2025-02-07,52.17,52.26,51.78,51.82,40601440
2025-02-10,51.91,51.98,51.19,51.41,37921490
2025-02-11,51.33,51.64,51.02,51.54,45162870
2025-02-12,51.28,51.38,50.92,51.36,45473140
2025-02-13,51.50,51.77,51.28,51.70,36372210
2025-02-14,51.77,52.02,51.75,51.80,29574280
2025-02-18,51.88,52.20,51.74,52.17,33496810
2025-02-19,52.04,52.25,51.90,52.19,31748520
2025-02-20,52.11,52.15,51.03,51.39,47078880
2025-02-21,51.41,51.50,50.65,50.75,51789950
2025-02-24,50.99,51.41,50.68,50.97,56673860
2025-02-25,51.27,51.41,50.30,50.96,50132790
2025-02-26,50.97,51.32,50.75,50.85,31250490
2025-02-27,51.03,51.80,50.99,51.13,44378570
2025-02-28,51.39,52.26,51.17,52.18,63537100
2025-03-03,52.32,52.63,51.37,51.74,76100130
2025-03-04,51.22,51.28,49.64,49.92,99342410
2025-03-05,49.94,50.45,49.56,50.21,75561680
2025-03-06,49.62,49.95,49.05,49.38,55477740
2025-03-07,49.20,49.33,48.25,49.12,87351360
2025-03-10,48.29,48.60,47.46,48.02,78221420
2025-03-11,47.95,48.08,47.28,47.61,72972170
2025-03-12,48.12,48.19,47.22,47.68,60700120
2025-03-13,47.80,48.08,47.28,47.42,49986350
2025-03-14,47.87,48.60,47.62,48.52,49535680
2025-03-17,48.33,49.33,48.31,49.09,43570460
2025-03-18,49.13,49.29,48.85,49.03,32714240
2025-03-19,49.06,49.83,48.85,49.57,44290710
2025-03-20,49.29,49.98,49.20,49.64,46325960
2025-03-21,49.39,49.64,49.03,49.46,53382780
2025-03-24,49.79,50.27,49.66,50.15,43158190
2025-03-25,50.33,50.51,50.08,50.43,24873710
2025-03-26,50.58,50.91,50.09,50.28,39753280
2025-03-27,50.19,50.45,49.78,50.18,32299840
2025-03-28,50.03,50.30,49.02,49.21,45365380
2025-03-31,48.72,50.06,48.58,49.81,38042300
2025-04-01,49.62,49.97,49.20,49.75,37959140
2025-04-02,49.35,50.33,49.27,50.16,41792120
2025-04-03,48.20,48.65,47.60,47.69,101160600
2025-04-04,46.07,46.41,44.09,44.20,128135300
2025-04-07,42.84,45.65,42.21,44.09,179993200
2025-04-08,45.80,46.22,43.23,43.92,98804220
2025-04-09,43.24,47.61,43.07,47.23,177242900
2025-04-10,46.52,46.60,44.54,45.91,93318180
2025-04-11,45.60,46.97,45.37,46.67,63647450
2025-04-14,47.35,47.62,46.87,47.15,52008940
2025-04-15,47.42,47.90,47.23,47.27,41840100
2025-04-16,47.17,47.34,46.18,46.53,47934330
2025-04-17,46.50,47.20,46.43,46.65,61866560
2025-04-21,46.41,46.55,45.14,45.65,43082310
2025-04-22,46.34,47.28,46.20,47.16,38154780
2025-04-23,48.04,48.73,47.56,47.72,50290850
2025-04-24,47.55,48.34,47.36,48.25,26817920
2025-04-25,48.01,48.23,47.70,48.02,28112970
2025-04-28,48.22,48.57,47.83,48.17,33922760
2025-04-29,48.18,48.76,47.96,48.67,42475290
2025-04-30,48.15,48.92,47.50,48.76,33759880
2025-05-01,48.58,49.07,48.44,48.75,34420160
2025-05-02,49.49,49.94,49.33,49.76,35032070
2025-05-05,49.34,49.83,49.10,49.44,24139930
2025-05-06,49.00,49.55,48.97,49.16,28949140
2025-05-07,49.32,49.72,49.26,49.45,30078600
2025-05-08,49.84,50.37,49.73,49.86,31294160
2025-05-09,49.96,50.03,49.72,49.86,22075030
2025-05-12,51.11,51.20,50.55,50.87,44274100
2025-05-13,51.00,51.32,50.91,51.08,33986060
2025-05-14,51.10,51.17,50.78,50.94,38764200
2025-05-15,50.87,51.36,50.83,51.28,34742510
2025-05-16,51.27,51.67,51.16,51.59,53400980
2025-05-19,51.32,51.77,51.24,51.62,26348360
2025-05-20,51.38,51.52,51.11,51.34,26902980
2025-05-21,51.02,51.16,50.24,50.29,40022020
2025-05-22,50.18,50.52,49.97,50.23,33662800
2025-05-23,49.59,50.29,49.57,50.05,33645560
2025-05-27,50.44,50.96,50.26,50.93,38636420
2025-05-28,50.89,51.02,50.51,50.59,31730240
2025-05-29,50.76,50.86,50.36,50.85,34100940
2025-05-30,50.68,51.05,50.45,50.96,37953250
2025-06-02,50.61,51.00,50.29,50.98,30142350
2025-06-03,50.82,51.13,50.41,51.08,33705420
2025-06-04,51.15,51.21,50.78,50.79,24600500
2025-06-05,50.80,50.88,50.45,50.65,42022710
2025-06-06,51.17,51.44,51.05,51.28,34982810
2025-06-09,51.34,51.36,50.69,51.00,28322090
2025-06-10,50.99,51.08,50.88,51.06,27728640
2025-06-11,51.11,51.34,50.81,51.00,39368370
2025-06-12,50.70,51.01,50.50,51.00,25500930
2025-06-13,50.35,50.46,49.81,49.96,54921910
2025-06-16,50.32,50.88,50.31,50.53,35632360
2025-06-17,50.27,50.48,50.09,50.24,31130670
2025-06-18,50.22,50.77,50.15,50.22,45728200
2025-06-20,50.37,50.58,50.22,50.36,44456150
2025-06-23,50.20,50.84,49.84,50.82,43022680
2025-06-24,51.32,51.77,51.27,51.58,41224980
2025-06-25,51.59,51.59,51.30,51.41,33123940
2025-06-26,51.44,51.83,51.41,51.79,37866000
2025-06-27,51.75,52.23,51.70,51.94,38954120
2025-06-30,52.18,52.44,52.13,52.37,42472860
2025-07-01,52.24,52.77,52.21,52.66,33844760
2025-07-02,52.75,52.76,52.34,52.62,40791140
2025-07-03,52.75,53.27,52.70,53.19,25904770
2025-07-07,53.13,53.25,52.41,52.68,34048980
2025-07-08,52.56,52.60,52.17,52.21,53715020
2025-07-09,52.48,52.50,52.14,52.40,36634930
2025-07-10,52.28,52.76,52.28,52.71,27994910
2025-07-11,52.36,52.41,52.08,52.16,30289860
2025-07-14,52.15,52.58,52.02,52.55,27636510
2025-07-15,52.34,52.45,51.65,51.65,47704620
2025-07-16,51.93,52.06,51.33,52.01,46726470
2025-07-17,51.87,52.60,51.81,52.51,48213910
2025-07-18,52.58,52.65,52.43,52.54,29791290
2025-07-21,52.57,52.94,52.37,52.39,36871420
2025-07-22,52.50,52.74,52.47,52.68,32289140
2025-07-23,52.80,53.10,52.56,53.10,32111310
2025-07-24,53.12,53.44,53.01,53.07,32371930
2025-07-25,53.10,53.49,52.99,53.44,28964730
2025-07-28,53.38,53.44,52.96,53.07,29119290
2025-07-29,53.25,53.30,52.68,52.80,37883190
2025-07-30,52.78,53.02,52.44,52.70,37260110
2025-07-31,52.48,52.99,52.27,52.37,46179400
2025-08-01,51.72,51.76,51.05,51.40,63060810
2025-08-04,51.60,51.91,51.48,51.91,40053070
2025-08-05,52.05,52.09,51.36,51.70,33550960
2025-08-06,51.81,52.02,51.66,51.95,34198690
2025-08-07,52.18,52.25,51.22,51.37,43119390
2025-08-08,51.67,51.97,51.50,51.85,39484390
2025-08-11,51.96,52.03,51.72,51.83,29351170
2025-08-12,52.05,52.55,52.04,52.46,37517670
2025-08-13,52.66,52.91,52.48,52.76,41154870
2025-08-14,52.71,53.05,52.53,53.01,35841460
2025-08-15,53.13,53.16,52.42,52.46,46108470
2025-08-18,52.38,52.56,52.29,52.50,25405060
2025-08-19,52.45,52.87,52.45,52.60,24870760
2025-08-20,52.64,53.01,52.51,52.87,39138780
2025-08-21,52.72,52.80,52.35,52.70,29037050
2025-08-22,52.97,53.68,52.95,53.57,47249760
2025-08-25,53.47,53.58,53.23,53.26,24756500
2025-08-26,53.10,53.69,53.10,53.67,27906980
2025-08-27,53.54,53.94,53.51,53.78,39530070
2025-08-28,53.89,53.91,53.70,53.85,28837320
2025-08-29,53.90,54.14,53.80,53.99,36062420
2025-09-02,53.70,53.70,53.12,53.59,38733050
2025-09-03,53.50,53.60,53.13,53.50,36420140
2025-09-04,53.69,54.08,53.56,54.06,32730020
2025-09-05,54.10,54.25,52.87,53.07,58377060
2025-09-08,53.09,53.17,52.84,53.11,49490880
2025-09-09,52.98,53.59,52.96,53.34,38884550
2025-09-10,53.17,53.40,52.93,53.16,32915900
2025-09-11,53.19,54.07,53.18,54.03,36635370
2025-09-12,53.96,54.06,53.71,53.80,25705930
2025-09-15,53.89,54.09,53.62,53.68,31922020
2025-09-16,53.61,53.67,53.27,53.56,28482510
2025-09-17,53.67,54.33,53.65,54.08,47976100
2025-09-18,54.11,54.49,53.99,54.13,36609070
2025-09-19,54.26,54.41,53.92,54.25,46731380
2025-09-22,53.70,54.06,53.64,54.00,32393010
2025-09-23,53.95,54.49,53.63,53.76,28698890
2025-09-24,53.83,53.96,53.49,53.61,23893350
2025-09-25,53.47,53.71,53.24,53.47,24757540
2025-09-26,53.71,54.09,53.64,53.86,30686070
2025-09-29,54.04,54.15,53.74,54.13,20713830
2025-09-30,54.06,54.23,53.42,53.87,32442210
2025-10-01,53.61,53.76,53.37,53.39,33210080
2025-10-02,53.31,53.48,53.06,53.35,32443380
2025-10-03,53.42,53.97,53.38,53.72,32111600
2025-10-06,53.93,54.06,53.30,53.70,32001340
2025-10-07,53.88,54.05,53.52,53.77,31250470
2025-10-08,53.93,53.95,53.34,53.51,26848680
2025-10-09,53.62,53.81,53.19,53.32,33922440
2025-10-10,53.46,53.68,52.16,52.16,73596160
2025-10-13,52.55,52.81,52.34,52.66,39651860
2025-10-14,52.45,53.65,52.24,53.24,62588720
2025-10-15,53.43,53.76,52.85,53.24,39526560
2025-10-16,53.09,53.12,51.54,51.76,85420090
2025-10-17,51.90,52.36,51.73,52.18,52288860
2025-10-20,52.36,52.90,52.29,52.79,39479560
2025-10-21,52.66,53.13,52.66,52.73,31213570
2025-10-22,52.78,52.82,52.12,52.43,53727460
2025-10-23,52.59,52.68,52.29,52.54,29483690
2025-10-24,52.85,53.28,52.80,53.11,31947800
2025-10-27,53.37,53.42,53.20,53.33,27154140
2025-10-28,53.33,53.40,52.94,52.99,33648000
2025-10-29,52.45,52.58,51.87,52.09,61846260
2025-10-30,52.02,52.82,52.02,52.23,48568670
2025-10-31,52.01,52.50,51.94,52.37,40425810
2025-11-03,52.33,52.34,51.65,52.15,38693240
2025-11-04,51.95,52.54,51.84,52.42,44675200
2025-11-05,52.49,52.82,52.18,52.60,38036340
2025-11-06,52.51,52.70,52.17,52.41,42625670
2025-11-07,52.28,52.80,52.09,52.78,46218720
2025-11-10,52.93,53.15,52.65,52.97,42010620
2025-11-11,53.07,53.34,52.88,53.21,29995850
2025-11-12,53.22,53.88,53.22,53.67,46052710
2025-11-13,53.57,53.76,52.88,52.98,50455270
2025-11-14,52.81,52.81,52.27,52.45,46154650
2025-11-17,52.47,52.49,51.25,51.45,70048480
2025-11-18,51.28,51.75,51.15,51.37,66043640
2025-11-19,51.38,51.65,51.19,51.56,46003920
2025-11-20,52.03,52.38,51.08,51.11,70096370
2025-11-21,51.46,51.97,51.13,51.67,68942900
2025-11-24,51.73,51.97,51.33,51.89,43789150
2025-11-25,52.11,52.66,51.91,52.54,50989810
2025-11-26,52.67,53.15,52.60,52.95,35268450
2025-11-28,53.10,53.55,53.03,53.33,16136130
2025-12-01,53.07,53.40,52.84,52.89,29296270
2025-12-02,52.99,53.14,52.64,52.84,29771510
2025-12-03,52.94,53.60,52.88,53.55,32017950
2025-12-04,53.59,53.91,53.47,53.66,33678670
2025-12-05,53.54,53.93,53.45,53.68,28532320
2025-12-08,53.70,53.71,53.28,53.48,31164190
2025-12-09,53.50,53.95,53.25,53.28,46335400
2025-12-10,53.28,54.08,53.21,53.89,45437520
2025-12-11,53.96,54.98,53.93,54.87,51786520
2025-12-12,55.16,55.21,54.71,54.95,64428930
2025-12-15,55.18,55.30,54.82,54.99,35356840
2025-12-16,55.04,55.16,54.48,54.64,37342300
2025-12-17,54.80,55.07,54.58,54.63,41112400
2025-12-18,54.77,55.02,54.35,54.54,35021620
2025-12-19,54.56,55.02,54.56,54.84,46595290
2025-12-22,54.75,55.44,54.74,55.32,37987770
2025-12-23,55.31,55.56,55.31,55.43,24732900
2025-12-24,55.51,55.89,55.41,55.73,15685770
2025-12-26,55.71,55.80,55.44,55.62,20410060
2025-12-29,55.59,55.68,55.26,55.32,34223840
2025-12-30,55.40,55.40,55.14,55.18,16160860
2025-12-31,55.22,55.26,54.75,54.77,22996210
2026-01-02,54.83,54.99,54.34,54.93,36087140
2026-01-05,54.82,56.51,54.82,56.13,58044120
2026-01-06,56.03,56.52,55.99,56.40,38950780
2026-01-07,56.23,56.34,55.54,55.61,44720870
2026-01-08,55.45,56.25,55.41,55.90,35358280
2026-01-09,55.98,56.16,55.72,55.73,29544910
2026-01-12,55.03,55.36,54.84,55.29,42021640
2026-01-13,55.15,55.23,54.15,54.23,77045090
2026-01-14,54.05,54.18,53.69,54.15,59754620
2026-01-15,54.22,54.70,54.21,54.37,48490760
2026-01-16,54.37,54.76,54.28,54.44,44363150
2026-01-20,53.61,54.11,53.10,53.20,57030830
2026-01-21,53.37,53.83,53.24,53.46,49360280
2026-01-22,53.65,54.05,53.63,53.81,46919270
2026-01-23,53.49,53.51,52.88,53.07,47057520
2026-01-26,53.10,53.55,53.09,53.41,31072710
2026-01-27,53.31,53.42,52.84,53.00,38633650
2026-01-28,52.93,53.21,52.76,52.99,45450810
2026-01-29,53.32,53.63,52.99,53.55,51975430
2026-01-30,53.38,53.66,53.02,53.44,42767030
2026-02-02,53.45,54.09,53.20,54.03,48031480
2026-02-03,53.72,54.16,53.16,53.53,66887060
2026-02-04,53.51,54.18,53.40,53.96,59506370
2026-02-05,53.94,54.06,53.18,53.29,64474990
2026-02-06,53.83,54.34,53.83,54.26,53073810
2026-02-09,54.08,54.39,53.90,53.94,31699880
2026-02-10,53.70,54.26,53.12,53.55,57920790
2026-02-11,53.67,53.93,52.69,52.74,60339940
2026-02-12,52.90,53.11,51.43,51.69,94645070
2026-02-13,51.55,51.93,51.25,51.65,56449290
2026-02-17,51.81,52.41,51.81,52.20,54064720
2026-02-18,52.34,52.78,52.27,52.59,45224040
2026-02-19,52.14,52.38,51.74,52.15,47344380
2026-02-20,52.04,52.49,51.72,52.49,52934140
2026-02-23,52.19,52.47,50.64,50.73,94600360
2026-02-24,50.45,51.18,50.23,50.98,64114150
2026-02-25,51.24,51.89,51.17,51.87,47652810
2026-02-26,52.07,52.66,51.98,52.50,60884260
2026-02-27,51.88,52.06,51.01,51.43,81998720
2026-03-02,50.60,51.63,50.46,51.30,70107180
2026-03-03,50.29,51.55,50.08,51.21,94738730
2026-03-04,51.33,51.65,51.08,51.50,51472440
2026-03-05,51.24,51.82,50.91,51.23,58432340
2026-03-06,50.44,50.62,49.75,50.57,75632740
2026-03-09,49.92,50.52,49.18,50.33,78178660
2026-03-10,50.33,50.69,49.75,50.06,70834230
2026-03-11,49.98,50.12,49.22,49.64,56301180
2026-03-12,48.98,49.22,48.79,48.83,67871740
2026-03-13,49.11,49.46,48.84,48.89,47595180
2026-03-16,49.25,49.74,49.11,49.30,45720120
2026-03-17,49.70,50.19,49.51,49.56,46974020
2026-03-18,49.37,49.71,48.92,48.97,49239120
2026-03-19,48.77,49.18,48.52,48.99,58374010
2026-03-20,48.95,49.34,48.79,49.08,82914020
2026-03-23,49.70,49.86,49.22,49.27,81044810
2026-03-24,48.80,49.59,48.78,49.28,43296380
2026-03-25,49.59,49.95,48.99,49.34,40438800
2026-03-26,49.11,49.49,48.88,49.05,45035730
2026-03-27,48.79,48.84,47.67,47.81,64823890
2026-03-30,48.23,48.72,48.09,48.36,58128930
2026-03-31,48.92,49.46,48.51,49.37,85361930
2026-04-01,49.80,49.85,49.14,49.44,61558260
2026-04-02,48.83,49.81,48.60,49.53,39519850
2026-04-06,49.51,50.01,49.45,49.88,27345830
2026-04-07,49.62,50.02,49.50,49.88,31750050
2026-04-08,51.19,51.48,50.96,51.20,48175440
2026-04-09,50.94,51.54,50.80,51.33,30330510
2026-04-10,51.23,51.29,50.64,50.77,35427510
2026-04-13,50.50,51.67,50.42,51.66,33635870
2026-04-14,51.51,51.91,51.44,51.78,36498430
2026-04-15,52.07,52.33,51.82,52.17,33804680
2026-04-16,52.09,52.41,51.91,52.03,25431950
2026-04-17,52.37,52.98,52.30,52.43,45183380
2026-04-20,52.34,52.76,52.26,52.63,26160650
2026-04-21,52.71,53.19,52.20,52.30,34150100
2026-04-22,52.48,52.65,52.07,52.21,31838390
2026-04-23,52.08,52.17,51.30,51.80,44647940
2026-04-24,51.58,51.67,51.32,51.42,27225300
2026-04-27,51.31,51.90,51.27,51.81,25764330
2026-04-28,52.20,52.40,51.80,51.85,24337450
2026-04-29,52.13,52.30,51.70,51.92,22153120
2026-04-30,51.51,52.25,51.20,52.13,31406440
2026-05-01,52.40,52.61,51.92,51.92,39618170
2026-05-04,51.78,52.19,51.49,51.58,44456300
2026-05-05,51.57,51.77,51.38,51.59,27419580
2026-05-06,51.92,52.23,51.77,51.84,39084590
2026-05-07,51.78,52.08,51.42,51.55,36983130
2026-05-08,51.68,51.74,51.13,51.24,29627690
2026-05-11,51.26,51.46,50.95,51.18,30759160
2026-05-12,51.18,51.70,50.81,51.58,44193720
2026-05-13,51.14,51.33,50.95,50.99,33440160
2026-05-14,51.27,51.49,51.09,51.29,37059720
2026-05-15,51.32,51.49,51.03,51.10,29789780
2026-05-18,51.01,51.80,50.97,51.74,32974640
2026-05-19,51.63,51.79,51.05,51.10,35956280
2026-05-20,51.23,51.71,50.78,51.66,42148380
2026-05-21,51.46,51.83,51.21,51.73,33344220
2026-05-22,51.90,52.17,51.84,51.94,23315080
2026-05-26,52.00,52.23,51.72,51.85,24530160
2026-05-27,51.74,51.99,51.30,51.42,45241810
2026-05-28,51.19,51.50,51.02,51.27,40574470
2026-05-29,51.28,51.79,51.17,51.58,34240300
2026-06-01,51.23,51.60,51.19,51.43,34507620
2026-06-02,51.23,51.66,50.98,51.46,30988850
2026-06-03,51.14,51.16,50.52,50.87,44906670
2026-06-04,51.54,52.30,51.48,52.19,57368130
2026-06-05,52.38,52.48,52.06,52.30,42101720
2026-06-08,52.24,52.47,51.96,51.97,39102710
2026-06-09,52.18,52.70,52.03,52.46,41695110
2026-06-10,52.49,52.81,52.21,52.23,31128420
2026-06-11,52.34,52.77,52.04,52.62,41295640
2026-06-12,52.96,53.55,52.81,53.34,51023310
2026-06-15,53.76,53.97,53.48,53.56,37492390
2026-06-16,54.01,54.43,53.84,54.35,37478300
2026-06-17,54.29,54.89,53.90,54.05,49571890
2026-06-18,54.55,54.61,53.46,53.57,37816810
2026-06-22,53.62,54.02,53.57,53.70,27962780
2026-06-23,53.63,54.02,53.49,53.88,33375250
2026-06-24,53.86,54.10,53.54,53.72,30809610
2026-06-25,53.92,54.68,53.40,53.45,31709920
2026-06-26,53.56,53.94,53.20,53.57,26643040
2026-06-29,53.70,54.02,53.68,53.72,31628020
2026-06-30,53.66,53.85,53.40,53.61,27725300
2026-07-01,53.83,55.08,53.75,54.78,47809760
2026-07-02,55.28,55.64,55.01,55.62,46285180
2026-07-06,55.84,56.16,55.58,56.14,32043700
2026-07-07,56.30,56.59,56.01,56.05,27116510
2026-07-08,55.79,55.80,54.95,54.97,41648110
2026-07-09,55.07,55.69,54.97,55.54,26542040
2026-07-10,55.99,56.03,55.36,55.71,24046320
2026-07-13,55.98,56.16,55.60,56.07,33391000
2026-07-14,55.60,56.80,55.59,56.18,43208810
2026-07-15,56.30,56.81,56.18,56.56,49425450
2026-07-16,56.76,56.84,56.38,56.75,27591220
2026-07-17,56.43,56.94,56.12,56.26,42881770
2026-07-20,56.30,56.38,55.89,56.04,38162630
2026-07-21,55.99,56.34,55.72,56.11,26398950
2026-07-22,56.14,56.27,55.91,56.05,25430860
2026-07-23,55.68,55.86,55.45,55.83,24311040
2026-07-24,55.83,56.38,55.69,56.31,32212940
2026-07-27,56.76,57.13,56.59,56.88,29805890
2026-07-28,57.13,57.60,56.95,57.60,34204440
2026-07-29,57.29,57.47,56.59,56.68,49038770
2026-07-30,56.82,57.05,56.18,57.00,33193790
2026-07-31,56.81,57.12,56.69,56.94,32543470
2026-08-03,57.29,57.55,57.00,57.38,31019440
2026-08-04,57.22,58.02,57.19,57.88,31466060
2026-08-05,58.18,58.41,57.80,58.00,34275590
2026-08-06,58.38,58.38,57.59,57.81,27704210
2026-08-07,57.61,57.79,57.34,57.60,20816710
2026-08-10,57.54,58.02,57.45,57.81,26070840
2026-08-11,57.78,58.09,57.72,57.80,19797010
2026-08-12,57.83,58.00,57.68,57.92,18531740
2026-08-13,58.19,58.30,57.75,58.26,23193480
2026-08-14,58.22,58.29,58.06,58.16,28130140
2026-08-17,57.96,58.27,57.55,57.58,45636700
2026-08-18,57.73,57.98,57.56,57.84,25389370
2026-08-19,57.88,58.20,57.42,57.48,35648260
2026-08-20,57.47,57.66,56.91,56.95,30704200
2026-08-21,57.32,57.70,57.24,57.48,27277760
2026-08-24,57.70,58.38,57.64,58.22,31462890
2026-08-25,58.19,58.36,57.87,58.31,23685140
2026-08-26,58.25,58.38,58.02,58.26,20054030
2026-08-27,57.91,58.23,57.73,57.88,26088710
2026-08-28,57.98,58.41,57.92,58.10,25142600
2026-08-31,57.86,57.92,57.69,57.71,25215700
2026-09-01,57.61,57.98,57.13,57.20,32401550
2026-09-02,57.38,58.23,57.32,57.66,31324730
2026-09-03,58.00,58.60,57.99,58.56,32670450
2026-09-04,58.04,58.38,57.91,58.10,26361490
2026-09-08,57.70,57.82,57.26,57.30,38239200
2026-09-09,57.13,57.33,56.73,57.06,27523010
2026-09-10,56.91,57.11,56.69,56.87,25355090
2026-09-11,57.44,57.62,56.95,57.25,34705630
2026-09-14,57.34,57.57,56.76,57.03,38162430
2026-09-15,56.97,56.99,56.46,56.85,30169970
