date,open,high,low,close,volume
2016-09-15,23.45,23.84,23.41,23.79,32638100
2016-09-16,23.70,23.70,23.50,23.61,31766120
2016-09-19,23.66,23.78,23.50,23.56,14242630
2016-09-20,23.64,23.68,23.51,23.55,10001792
2016-09-21,23.64,23.82,23.55,23.81,24095760
2016-09-22,23.95,23.98,23.89,23.95,20997080
2016-09-23,23.95,23.95,23.70,23.75,23973080
2016-09-26,23.64,23.69,23.56,23.61,19226664
2016-09-27,23.64,23.88,23.57,23.86,17550480
2016-09-28,23.89,23.92,23.76,23.91,18097440
2016-09-29,23.88,23.94,23.70,23.77,22813800
2016-09-30,23.82,23.96,23.80,23.89,18432872
2016-10-03,23.82,23.88,23.76,23.82,12462884
2016-10-04,23.90,23.94,23.65,23.73,17804428
2016-10-05,23.80,23.88,23.77,23.82,18015692
2016-10-06,23.84,23.90,23.73,23.88,10011548
2016-10-07,23.89,23.93,23.70,23.81,12147880
2016-10-10,23.93,24.03,23.92,23.98,13315800
2016-10-11,23.98,24.00,23.60,23.70,17436586
2016-10-12,23.73,23.81,23.60,23.75,11028014
2016-10-13,23.59,23.67,23.39,23.59,19320572
2016-10-14,23.69,23.84,23.66,23.68,18896562
2016-10-17,23.68,23.73,23.62,23.64,10148152
2016-10-18,23.81,23.87,23.73,23.77,10117874
2016-10-19,23.75,23.84,23.70,23.81,10069754
2016-10-20,23.75,23.76,23.59,23.70,12292006
2016-10-21,23.73,23.78,23.67,23.77,16153890
2016-10-24,23.89,24.01,23.87,24.00,10700080
2016-10-25,24.03,24.03,23.86,23.91,8724328
2016-10-26,23.71,23.90,23.70,23.77,12559110
2016-10-27,23.88,23.89,23.71,23.75,17642134
2016-10-28,23.81,23.96,23.66,23.72,20835760
2016-10-31,23.78,23.82,23.71,23.71,11759920
2016-11-01,23.76,23.79,23.34,23.50,18130380
2016-11-02,23.50,23.57,23.30,23.36,16309876
2016-11-03,23.29,23.34,23.12,23.13,20233420
2016-11-04,23.11,23.27,23.03,23.09,16302334
2016-11-07,23.43,23.60,23.38,23.59,26449000
2016-11-08,23.55,23.80,23.52,23.70,19528062
2016-11-09,23.34,23.71,23.22,23.68,54255320
2016-11-10,23.81,23.81,22.97,23.30,79031020
2016-11-11,23.16,23.41,23.16,23.36,28183100
2016-11-14,23.39,23.40,22.90,23.01,37925580
2016-11-15,23.16,23.42,23.16,23.34,34741500
2016-11-16,23.28,23.57,23.25,23.55,20248480
2016-11-17,23.58,23.72,23.53,23.70,16295814
2016-11-18,23.75,23.80,23.63,23.68,17627684
2016-11-21,23.77,23.94,23.73,23.92,17951420
2016-11-22,24.00,24.03,23.94,24.00,16977574
2016-11-23,23.98,23.98,23.82,23.90,16233488
2016-11-25,23.91,24.00,23.89,24.00,6219016
2016-11-28,23.98,24.13,23.96,24.02,14975686
2016-11-29,24.00,24.15,23.95,24.04,11856860
2016-11-30,24.07,24.07,23.75,23.75,23629180
2016-12-01,23.72,23.78,23.20,23.26,43760660
2016-12-02,23.24,23.40,23.18,23.34,20105300
2016-12-05,23.48,23.63,23.38,23.57,18007872
2016-12-06,23.62,23.68,23.53,23.64,18509578
2016-12-07,23.62,24.11,23.61,24.09,19945668
2016-12-08,24.10,24.25,24.04,24.15,19348482
2016-12-09,24.24,24.32,24.20,24.32,24568320
2016-12-12,24.25,24.30,24.18,24.25,19170456
2016-12-13,24.36,24.68,24.34,24.55,27898000
2016-12-14,24.57,24.66,24.42,24.47,35813080
2016-12-15,24.50,24.70,24.46,24.58,23139840
2016-12-16,24.54,24.54,24.26,24.30,21131080
2016-12-19,24.32,24.55,24.30,24.47,13229304
2016-12-20,24.54,24.60,24.50,24.56,11410654
2016-12-21,24.55,24.56,24.46,24.51,9224436
2016-12-22,24.51,24.52,24.38,24.46,22156760
2016-12-23,24.43,24.49,24.39,24.48,12715706
2016-12-27,24.51,24.70,24.50,24.59,13570080
2016-12-28,24.61,24.65,24.36,24.36,15554814
2016-12-29,24.36,24.43,24.31,24.37,9593088
2016-12-30,24.43,24.43,24.11,24.18,16995394
2017-01-03,24.34,24.48,24.25,24.39,27852000
2017-01-04,24.41,24.52,24.40,24.48,14433640
2017-01-05,24.45,24.58,24.43,24.52,10964176
2017-01-06,24.52,24.73,24.45,24.70,17447956
2017-01-09,24.71,24.77,24.68,24.70,16626128
2017-01-10,24.70,24.79,24.61,24.70,15471130
2017-01-11,24.66,24.82,24.62,24.82,15173004
2017-01-12,24.72,24.78,24.52,24.75,13725442
2017-01-13,24.75,24.88,24.75,24.83,9665856
2017-01-17,24.77,24.80,24.68,24.73,9636196
2017-01-18,24.80,24.84,24.74,24.80,12296022
2017-01-19,24.80,24.89,24.72,24.77,14494062
2017-01-20,24.88,24.96,24.84,24.90,17476842
2017-01-23,24.88,24.95,24.77,24.95,23955260
2017-01-24,24.93,25.14,24.91,25.10,13021902
2017-01-25,25.23,25.34,25.21,25.34,18393382
2017-01-26,25.34,25.35,25.20,25.27,14251572
2017-01-27,25.36,25.41,25.32,25.37,12045624
2017-01-30,25.29,25.29,25.05,25.16,16865188
2017-01-31,25.09,25.11,24.93,25.04,19097258
2017-02-01,25.27,25.31,25.09,25.23,23362020
2017-02-02,25.16,25.22,25.05,25.18,17197618
2017-02-03,25.27,25.38,25.27,25.34,13653390
2017-02-06,25.31,25.36,25.25,25.36,13453036
2017-02-07,25.41,25.49,25.39,25.46,20106360
2017-02-08,25.48,25.55,25.39,25.50,12706170
2017-02-09,25.52,25.65,25.50,25.59,9740044
2017-02-10,25.64,25.70,25.58,25.66,8355592
2017-02-13,25.70,25.80,25.67,25.77,13159206
2017-02-14,25.75,25.86,25.67,25.86,12467510
2017-02-15,25.84,25.96,25.82,25.95,11895030
2017-02-16,25.98,26.07,25.94,26.00,14123094
2017-02-17,25.98,26.09,25.93,26.09,14175394
2017-02-21,26.15,26.24,26.11,26.23,15237006
2017-02-22,26.20,26.28,26.15,26.26,13769630
2017-02-23,26.30,26.32,26.14,26.25,13404652
2017-02-24,26.10,26.32,26.09,26.32,15544210
2017-02-27,26.31,26.31,26.24,26.30,15951202
2017-02-28,26.25,26.28,26.14,26.18,15241994
2017-03-01,26.34,26.58,26.27,26.55,18189992
2017-03-02,26.52,26.52,26.36,26.37,14340224
2017-03-03,26.35,26.43,26.30,26.43,15713890
2017-03-06,26.32,26.43,26.27,26.39,13430324
2017-03-07,26.37,26.50,26.35,26.39,13960552
2017-03-08,26.42,26.50,26.38,26.42,11361304
2017-03-09,26.43,26.45,26.29,26.41,15300374
2017-03-10,26.54,26.61,26.45,26.55,14709116
2017-03-13,26.55,26.61,26.53,26.58,14909510
2017-03-14,26.56,26.56,26.42,26.52,14474746
2017-03-15,26.56,26.75,26.48,26.70,17866846
2017-03-16,26.80,26.81,26.69,26.71,21955460
2017-03-17,26.71,26.75,26.66,26.67,13763270
2017-03-20,26.68,26.75,26.62,26.69,9083082
2017-03-21,26.77,26.83,26.30,26.30,29787320
2017-03-22,26.31,26.51,26.27,26.47,22740480
2017-03-23,26.43,26.51,26.36,26.40,22688120
2017-03-24,26.49,26.58,26.33,26.42,26269760
2017-03-27,26.20,26.48,26.16,26.42,13654004
2017-03-28,26.39,26.67,26.35,26.61,16907712
2017-03-29,26.60,26.67,26.54,26.66,11410260
2017-03-30,26.64,26.74,26.61,26.70,17508462
2017-03-31,26.68,26.75,26.63,26.66,12206996
2017-04-03,26.68,26.72,26.47,26.63,26035780
2017-04-04,26.52,26.65,26.51,26.65,15041594
2017-04-05,26.68,26.86,26.52,26.54,20955740
2017-04-06,26.57,26.62,26.48,26.55,13870176
2017-04-07,26.50,26.60,26.43,26.53,12935390
2017-04-10,26.55,26.61,26.43,26.48,9687274
2017-04-11,26.43,26.47,26.16,26.38,16914090
2017-04-12,26.36,26.38,26.24,26.29,17368430
2017-04-13,26.26,26.43,26.18,26.18,19487050
2017-04-17,26.27,26.43,26.27,26.43,14131666
2017-04-18,26.36,26.47,26.32,26.42,12459074
2017-04-19,26.46,26.55,26.35,26.40,14519198
2017-04-20,26.47,26.68,26.43,26.64,15137002
2017-04-21,26.65,26.66,26.54,26.59,15233018
2017-04-24,26.88,26.92,26.82,26.90,16209778
2017-04-25,27.01,27.09,26.96,27.04,20089500
2017-04-26,27.06,27.11,26.98,27.01,16257672
2017-04-27,27.08,27.14,27.05,27.12,17098866
2017-04-28,27.20,27.25,27.12,27.19,22793160
2017-05-01,27.29,27.43,27.24,27.39,15123120
2017-05-02,27.45,27.50,27.36,27.45,14812828
2017-05-03,27.36,27.42,27.28,27.41,14306806
2017-05-04,27.41,27.43,27.30,27.39,15137854
2017-05-05,27.43,27.49,27.36,27.48,13617640
2017-05-08,27.50,27.62,27.45,27.61,12107078
2017-05-09,27.64,27.71,27.59,27.64,15379610
2017-05-10,27.67,27.77,27.61,27.75,10591814
2017-05-11,27.66,27.73,27.55,27.71,18181278
2017-05-12,27.73,27.80,27.70,27.78,9295250
2017-05-15,27.82,27.93,27.80,27.93,19898330
2017-05-16,28.00,28.07,27.91,28.07,18120920
2017-05-17,27.84,27.87,27.29,27.30,36980480
2017-05-18,27.23,27.57,27.18,27.46,31651740
2017-05-19,27.61,27.70,27.58,27.62,20308800
2017-05-22,27.68,27.88,27.68,27.84,20990000
2017-05-23,27.95,27.98,27.82,27.89,13209742
2017-05-24,27.96,28.01,27.90,28.00,18823158
2017-05-25,28.09,28.26,28.04,28.20,12174208
2017-05-26,28.18,28.23,28.12,28.19,72535620
2017-05-30,28.20,28.34,28.16,28.31,11836314
2017-05-31,28.41,28.43,28.17,28.27,28479440
2017-06-01,28.32,28.34,28.16,28.34,16603498
2017-06-02,28.44,28.60,28.35,28.59,16843574
2017-06-05,28.59,28.70,28.56,28.62,13501598
2017-06-06,28.59,28.71,28.53,28.57,15307306
2017-06-07,28.63,28.70,28.50,28.66,17317414
2017-06-08,28.70,28.74,28.56,28.72,14188078
2017-06-09,28.76,28.81,27.61,28.01,70284020
2017-06-12,27.72,27.89,27.39,27.84,71375120
2017-06-13,27.98,28.14,27.84,28.05,36586300
2017-06-14,28.16,28.16,27.68,27.91,32332640
2017-06-15,27.59,27.82,27.48,27.79,29500920
2017-06-16,27.68,27.68,27.51,27.62,41993160
2017-06-19,27.84,28.05,27.82,28.04,19795600
2017-06-20,28.02,28.04,27.81,27.81,21811720
2017-06-21,27.91,27.98,27.82,27.96,24517400
2017-06-22,28.05,28.07,27.89,27.98,17585140
2017-06-23,27.95,28.22,27.91,28.15,32783440
2017-06-26,28.30,28.36,27.97,28.00,19392968
2017-06-27,27.85,27.90,27.54,27.54,25741420
2017-06-28,27.64,27.91,27.46,27.89,25844220
2017-06-29,27.75,27.75,27.16,27.39,41928400
2017-06-30,27.50,27.55,27.34,27.36,30621340
2017-07-03,27.48,27.52,27.14,27.17,33105880
2017-07-05,27.27,27.49,27.18,27.44,29598000
2017-07-06,27.20,27.34,27.12,27.19,25584720
2017-07-07,27.29,27.59,27.27,27.50,17635676
2017-07-10,27.51,27.77,27.47,27.70,11188466
2017-07-11,27.68,27.81,27.57,27.77,13697760
2017-07-12,27.95,28.15,27.94,28.12,33102680
2017-07-13,28.16,28.28,28.11,28.18,16234590
2017-07-14,28.30,28.46,28.26,28.43,13339626
2017-07-17,28.45,28.52,28.38,28.43,19523670
2017-07-18,28.38,28.57,28.31,28.57,19802108
2017-07-19,28.61,28.73,28.59,28.71,13326996
2017-07-20,28.79,28.80,28.61,28.77,20373540
2017-07-21,28.64,28.74,28.61,28.73,11823908
2017-07-24,28.72,28.83,28.66,28.80,10718204
2017-07-25,28.71,28.81,28.62,28.75,13717492
2017-07-26,28.91,28.91,28.77,28.86,21138080
2017-07-27,29.07,29.10,28.39,28.75,46034840
2017-07-28,28.61,28.77,28.58,28.72,20586160
2017-07-31,28.77,28.83,28.55,28.58,21880140
2017-08-01,28.73,28.75,28.62,28.73,16592728
2017-08-02,29.02,29.02,28.62,28.80,25133100
2017-08-03,28.84,28.84,28.65,28.74,21375680
2017-08-04,28.80,28.89,28.74,28.80,9492772
2017-08-07,28.84,28.98,28.83,28.98,15304884
2017-08-08,28.94,29.16,28.86,28.94,20814780
2017-08-09,28.75,28.95,28.74,28.93,13932056
2017-08-10,28.77,28.80,28.34,28.36,29530400
2017-08-11,28.40,28.64,28.36,28.55,29935020
2017-08-14,28.81,29.05,28.75,29.00,19494332
2017-08-15,29.07,29.11,28.96,29.05,14080356
2017-08-16,29.09,29.24,29.04,29.14,18064096
2017-08-17,29.02,29.07,28.57,28.57,25937460
2017-08-18,28.57,28.73,28.43,28.54,33337460
2017-08-21,28.55,28.59,28.34,28.52,15957242
2017-08-22,28.68,28.97,28.66,28.95,16843658
2017-08-23,28.79,28.96,28.78,28.88,17809212
2017-08-24,28.95,28.98,28.71,28.86,16187744
2017-08-25,28.95,29.04,28.79,28.85,16637502
2017-08-28,28.92,28.96,28.82,28.91,11937662
2017-08-29,28.67,29.07,28.64,29.03,17331084
2017-08-30,29.06,29.26,28.99,29.24,15272770
2017-08-31,29.31,29.46,29.27,29.41,18823486
2017-09-01,29.49,29.52,29.35,29.39,12012352
2017-09-05,29.30,29.36,28.93,29.13,23779080
2017-09-06,29.22,29.26,29.03,29.16,18188968
2017-09-07,29.25,29.32,29.14,29.25,15387618
2017-09-08,29.21,29.25,28.99,29.02,12502982
2017-09-11,29.25,29.45,29.25,29.43,14056922
2017-09-12,29.51,29.55,29.36,29.50,15679578
2017-09-13,29.46,29.46,29.34,29.45,16256570
2017-09-14,29.34,29.49,29.29,29.36,15206190
2017-09-15,29.23,29.39,29.18,29.37,26227640
2017-09-18,29.41,29.50,29.29,29.39,20822920
2017-09-19,29.44,29.59,29.36,29.52,11231864
2017-09-20,29.52,29.53,29.20,29.41,17901644
2017-09-21,29.39,29.39,29.15,29.25,16105052
2017-09-22,29.15,29.30,29.14,29.26,9649604
2017-09-25,29.16,29.16,28.79,28.91,27131800
2017-09-26,29.07,29.14,28.93,29.02,18106628
2017-09-27,29.15,29.41,29.11,29.32,15270956
2017-09-28,29.24,29.36,29.18,29.35,11178474
2017-09-29,29.40,29.57,29.36,29.55,24854480
2017-10-02,29.62,29.69,29.45,29.59,15102784
2017-10-03,29.62,29.68,29.59,29.66,12932442
2017-10-04,29.61,29.69,29.52,29.64,13274790
2017-10-05,29.73,29.93,29.72,29.93,12821784
2017-10-06,29.83,29.99,29.82,29.98,11852684
2017-10-09,30.02,30.11,30.00,30.05,13871544
2017-10-10,30.14,30.17,29.93,30.08,10936484
2017-10-11,30.04,30.19,30.04,30.18,9961538
2017-10-12,30.11,30.25,30.07,30.11,12212590
2017-10-13,30.21,30.30,30.21,30.25,11899812
2017-10-16,30.32,30.36,30.25,30.36,16612714
2017-10-17,30.35,30.36,30.26,30.36,10263346
2017-10-18,30.45,30.48,30.34,30.43,12182634
2017-10-19,30.30,30.38,30.14,30.34,13745128
2017-10-20,30.53,30.59,30.48,30.55,14813166
2017-10-23,30.60,30.62,30.37,30.41,14109944
2017-10-24,30.46,30.54,30.37,30.49,16061244
2017-10-25,30.42,30.51,30.12,30.32,18440826
2017-10-26,30.50,30.58,30.43,30.45,18870778
2017-10-27,30.94,31.36,30.94,31.27,29048920
2017-10-30,31.28,31.46,31.22,31.34,17148916
2017-10-31,31.46,31.54,31.34,31.48,20188540
2017-11-01,31.62,31.66,31.32,31.48,19086628
2017-11-02,31.48,31.52,31.25,31.50,20445240
2017-11-03,31.66,31.77,31.48,31.75,15319108
2017-11-06,31.73,31.82,31.70,31.82,11973900
2017-11-07,31.85,31.86,31.70,31.83,11550296
2017-11-08,31.83,32.01,31.74,32.01,18200524
2017-11-09,31.76,31.80,31.43,31.75,20490060
2017-11-10,31.71,31.77,31.63,31.75,11965008
2017-11-13,31.63,31.78,31.62,31.74,8589794
2017-11-14,31.64,31.71,31.50,31.68,14725294
2017-11-15,31.52,31.56,31.35,31.44,16982452
2017-11-16,31.67,31.95,31.67,31.88,15280146
2017-11-17,31.84,31.86,31.65,31.68,16604180
2017-11-20,31.75,31.82,31.70,31.80,13151272
2017-11-21,31.92,32.15,31.89,32.13,16347606
2017-11-22,32.13,32.14,32.02,32.07,24231440
2017-11-24,32.12,32.27,32.11,32.25,8678154
2017-11-27,32.20,32.29,32.14,32.25,13778318
2017-11-28,32.30,32.38,32.17,32.35,22616440
2017-11-29,32.30,32.30,31.42,31.64,67276740
2017-11-30,31.78,32.01,31.66,31.92,42093160
2017-12-01,31.73,31.91,31.30,31.75,38419020
2017-12-04,31.95,31.97,31.21,31.25,33592940
2017-12-05,31.19,31.61,31.05,31.25,27833720
2017-12-06,31.13,31.52,31.05,31.45,26524580
2017-12-07,31.48,31.71,31.45,31.65,23371000
2017-12-08,31.86,31.95,31.72,31.80,20118040
2017-12-11,31.79,32.08,31.77,32.08,22649220
2017-12-12,32.05,32.18,31.93,32.06,16793802
2017-12-13,32.17,32.23,32.03,32.08,20710280
2017-12-14,32.12,32.21,32.02,32.03,21890280
2017-12-15,32.02,32.33,31.93,32.28,42610420
2017-12-18,32.51,32.60,32.45,32.56,21521540
2017-12-19,32.50,32.52,32.28,32.37,23949320
2017-12-20,32.51,32.51,32.20,32.35,17930302
2017-12-21,32.41,32.47,32.26,32.29,31883700
2017-12-22,32.23,32.30,32.19,32.27,10971356
2017-12-26,32.07,32.09,31.94,32.05,12438300
2017-12-27,32.06,32.15,32.03,32.09,10693626
2017-12-28,32.19,32.20,32.09,32.15,19316182
2017-12-29,32.16,32.17,31.95,31.98,13386376
2018-01-02,32.10,32.37,32.02,32.37,27435900
2018-01-03,32.43,32.66,32.40,32.64,22663380
2018-01-04,32.77,32.89,32.70,32.80,21492980
2018-01-05,32.98,33.18,32.91,33.15,19353930
2018-01-08,33.13,33.34,33.12,33.27,13453180
2018-01-09,33.34,33.35,33.13,33.19,21212600
2018-01-10,33.01,33.09,32.91,33.08,20794720
2018-01-11,33.15,33.23,33.07,33.21,15763266
2018-01-12,33.17,33.45,33.12,33.41,16297432
2018-01-16,33.61,33.73,33.19,33.27,36403000
2018-01-17,33.47,33.80,33.35,33.77,29376120
2018-01-18,33.77,33.92,33.74,33.84,29845240
2018-01-19,33.90,33.95,33.73,33.90,23265160
2018-01-22,33.88,34.23,33.81,34.23,18002160
2018-01-23,34.34,34.45,34.27,34.38,20456740
2018-01-24,34.47,34.53,34.00,34.12,36980660
2018-01-25,34.33,34.36,33.97,34.05,25840660
2018-01-26,34.29,34.59,34.22,34.59,20095280
2018-01-29,34.49,34.49,34.23,34.28,55163400
2018-01-30,34.00,34.17,33.88,33.97,29662020
2018-01-31,34.17,34.28,34.00,34.23,30665300
2018-02-01,34.10,34.49,34.09,34.26,32623100
2018-02-02,33.87,33.90,33.23,33.24,43915880
2018-02-05,32.88,33.51,31.84,31.85,89544640
2018-02-06,31.42,32.82,31.24,32.77,90248960
2018-02-07,32.69,33.02,32.34,32.34,47422320
2018-02-08,32.44,32.49,31.00,31.00,55577420
2018-02-09,31.50,32.00,30.49,31.77,72697840
2018-02-12,32.10,32.53,31.87,32.34,35629060
2018-02-13,32.15,32.49,32.06,32.41,19080690
2018-02-14,32.23,33.06,32.22,33.01,32117480
2018-02-15,33.33,33.64,32.94,33.64,24260400
2018-02-16,33.54,33.95,33.51,33.59,20334240
2018-02-20,33.42,33.88,33.38,33.62,33778320
2018-02-21,33.75,34.03,33.40,33.41,29099860
2018-02-22,33.52,33.75,33.35,33.45,21925520
2018-02-23,33.72,34.15,33.64,34.15,20771680
2018-02-26,34.29,34.68,34.29,34.68,21590380
2018-02-27,34.70,34.85,34.33,34.33,25580180
2018-02-28,34.52,34.67,34.08,34.09,30462500
2018-03-01,34.16,34.30,33.27,33.52,42922260
2018-03-02,33.14,33.91,33.05,33.84,38391960
2018-03-05,33.68,34.30,33.60,34.19,21776860
2018-03-06,34.38,34.42,34.11,34.26,20112880
2018-03-07,34.01,34.48,34.01,34.45,22218600
2018-03-08,34.55,34.63,34.38,34.60,15233480
2018-03-09,34.84,35.26,34.80,35.26,24673300
2018-03-12,35.36,35.51,35.27,35.37,27010380
2018-03-13,35.55,35.67,34.84,34.96,27576860
2018-03-14,35.13,35.16,34.76,34.93,27762300
2018-03-15,34.94,35.16,34.78,34.95,23002880
2018-03-16,34.90,35.02,34.76,34.80,24392780
2018-03-19,34.48,34.53,33.84,34.12,39397460
2018-03-20,34.03,34.23,33.91,34.10,18748372
2018-03-21,34.02,34.34,33.80,33.90,21826920
2018-03-22,33.48,33.68,32.99,33.02,42327340
2018-03-23,33.00,33.15,32.12,32.14,41900960
2018-03-26,32.80,33.41,32.34,33.36,50237900
2018-03-27,33.56,33.59,32.04,32.29,59487300
2018-03-28,32.22,32.60,31.89,32.08,53621500
2018-03-29,32.30,33.03,32.08,32.71,35867340
2018-04-02,32.58,32.73,31.57,31.93,51419260
2018-04-03,32.17,32.32,31.70,32.24,36068400
2018-04-04,31.66,32.78,31.59,32.70,35775100
2018-04-05,32.99,33.05,32.61,32.83,32734040
2018-04-06,32.49,32.79,31.89,32.02,39961780
2018-04-09,32.26,32.91,32.23,32.27,21859340
2018-04-10,32.78,33.20,32.60,33.07,32233020
2018-04-11,32.87,33.17,32.82,32.88,17315008
2018-04-12,33.08,33.41,33.04,33.27,21233560
2018-04-13,33.50,33.52,33.00,33.16,22416980
2018-04-16,33.39,33.54,33.20,33.41,19476356
2018-04-17,33.71,34.15,33.65,34.03,30442760
2018-04-18,34.00,34.08,33.74,33.95,19764416
2018-04-19,33.73,33.77,33.45,33.57,25811440
2018-04-20,33.47,33.49,32.96,33.10,32475560
2018-04-23,33.23,33.33,32.83,32.98,37919380
2018-04-24,33.17,33.23,32.17,32.41,33014860
2018-04-25,32.46,32.52,32.00,32.41,30577860
2018-04-26,32.82,33.13,32.69,33.01,33085660
2018-04-27,33.34,33.36,32.77,32.95,26312960
2018-04-30,33.03,33.23,32.69,32.73,17371230
2018-05-01,32.69,33.16,32.60,33.14,18546674
2018-05-02,33.35,33.48,33.05,33.10,26385000
2018-05-03,32.95,33.31,32.66,33.18,31090240
2018-05-04,33.05,33.87,33.02,33.81,21682420
2018-05-07,33.97,34.20,33.91,34.05,26919020
2018-05-08,33.99,34.15,33.84,34.12,30294860
2018-05-09,34.20,34.54,34.09,34.54,28826320
2018-05-10,34.70,35.02,34.66,34.99,23131500
2018-05-11,34.95,35.08,34.83,34.94,17521198
2018-05-14,35.05,35.21,34.90,34.94,20213440
2018-05-15,34.69,34.72,34.42,34.60,28525180
2018-05-16,34.66,34.84,34.58,34.76,13360960
2018-05-17,34.63,34.87,34.44,34.58,21579900
2018-05-18,34.47,34.62,34.41,34.44,15760824
2018-05-21,34.75,34.90,34.56,34.73,22451320
2018-05-22,34.91,34.95,34.61,34.69,14781594
2018-05-23,34.40,34.94,34.40,34.94,29370480
2018-05-24,34.93,34.97,34.55,34.90,22400320
2018-05-25,34.92,35.00,34.79,34.88,18782710
2018-05-29,34.70,34.88,34.45,34.69,58619580
2018-05-30,34.86,34.98,34.76,34.94,19930280
2018-05-31,34.94,35.18,34.87,34.95,30567860
2018-06-01,35.19,35.55,35.12,35.55,25445780
2018-06-04,35.63,35.87,35.60,35.83,19853352
2018-06-05,35.92,36.02,35.82,35.95,34548440
2018-06-06,36.02,36.19,35.83,36.19,35372640
2018-06-07,36.17,36.17,35.64,35.90,39047260
2018-06-08,35.63,35.90,35.55,35.84,19809558
2018-06-11,35.86,35.99,35.78,35.88,14646410
2018-06-12,35.95,36.08,35.88,36.05,15626496
2018-06-13,36.05,36.22,35.85,35.87,29278060
2018-06-14,36.01,36.21,35.95,36.12,22650720
2018-06-15,35.87,35.91,35.65,35.86,33631940
2018-06-18,35.61,35.92,35.50,35.90,16580110
2018-06-19,35.46,35.73,35.26,35.72,25913320
2018-06-20,35.80,35.96,35.75,35.79,22931220
2018-06-21,35.93,35.95,35.43,35.52,29541460
2018-06-22,35.60,35.62,35.26,35.40,31465880
2018-06-25,35.12,35.15,34.36,34.66,36019900
2018-06-26,34.77,35.03,34.69,34.80,27719040
2018-06-27,34.91,35.08,34.32,34.33,44109020
2018-06-28,34.28,34.87,34.28,34.75,35560360
2018-06-29,34.88,35.03,34.72,34.73,20019220
2018-07-02,34.44,35.05,34.38,35.05,25083480
2018-07-03,35.15,35.17,34.60,34.63,12722822
2018-07-05,34.84,35.14,34.74,35.12,27254220
2018-07-06,35.14,35.59,35.05,35.53,25603880
2018-07-09,35.72,35.81,35.53,35.80,17440974
2018-07-10,35.80,35.98,35.80,35.88,22735460
2018-07-11,35.63,35.88,35.58,35.74,25949740
2018-07-12,35.90,36.33,35.86,36.31,23703900
2018-07-13,36.31,36.36,36.15,36.27,18516886
2018-07-16,36.28,36.35,36.12,36.19,13330772
2018-07-17,35.92,36.52,35.91,36.45,14890182
2018-07-18,36.45,36.45,36.27,36.40,14045642
2018-07-19,36.30,36.45,36.20,36.27,14900696
2018-07-20,36.41,36.48,36.23,36.27,14438572
2018-07-23,36.20,36.48,36.06,36.46,25148780
2018-07-24,36.83,36.97,36.51,36.66,21551500
2018-07-25,36.67,37.12,36.62,37.12,30119340
2018-07-26,36.48,36.67,36.42,36.55,25091320
2018-07-27,36.59,36.62,35.70,35.92,63550160
2018-07-30,35.91,35.96,35.16,35.37,35694500
2018-07-31,35.48,35.69,35.26,35.46,29950780
2018-08-01,35.72,35.90,35.59,35.78,29322780
2018-08-02,35.45,36.27,35.45,36.23,26209480
2018-08-03,36.24,36.36,36.08,36.36,14491388
2018-08-06,36.34,36.58,36.26,36.55,15000384
2018-08-07,36.69,36.82,36.63,36.70,20545280
2018-08-08,36.67,36.87,36.58,36.80,14197198
2018-08-09,36.83,36.95,36.78,36.81,23446200
2018-08-10,36.53,36.69,36.41,36.52,23138260
2018-08-13,36.57,36.85,36.45,36.47,24128740
2018-08-14,36.59,36.73,36.38,36.69,18359070
2018-08-15,36.46,36.59,36.08,36.36,35581400
2018-08-16,36.64,36.74,36.44,36.52,18208798
2018-08-17,36.41,36.67,36.29,36.58,18048104
2018-08-20,36.66,36.67,36.38,36.52,21207140
2018-08-21,36.62,36.81,36.53,36.58,15990466
2018-08-22,36.47,36.74,36.41,36.69,12742488
2018-08-23,36.62,36.97,36.62,36.77,18734918
2018-08-24,36.87,37.15,36.87,37.14,13115214
2018-08-27,37.34,37.50,37.24,37.48,16407846
2018-08-28,37.55,37.63,37.44,37.55,14770422
2018-08-29,37.59,37.91,37.59,37.88,22364640
2018-08-30,37.78,38.02,37.66,37.77,21040560
2018-08-31,37.73,37.90,37.67,37.80,20535860
2018-09-04,37.62,37.71,37.40,37.66,22146940
2018-09-05,37.60,37.63,36.99,37.19,32852600
2018-09-06,37.13,37.21,36.62,36.91,27957560
2018-09-07,36.67,37.09,36.63,36.79,28461920
2018-09-10,36.92,36.98,36.70,36.91,33308960
2018-09-11,36.80,37.30,36.71,37.22,27187940
2018-09-12,37.14,37.15,36.77,37.06,32536460
2018-09-13,37.30,37.59,37.28,37.50,25454880
2018-09-14,37.53,37.63,37.30,37.47,18876912
2018-09-17,37.41,37.48,36.96,37.00,29584120
2018-09-18,36.95,37.41,36.95,37.23,19301176
2018-09-19,37.23,37.35,36.93,37.14,20870520
2018-09-20,37.36,37.62,37.24,37.58,27243100
2018-09-21,37.59,37.66,37.29,37.30,45960860
2018-09-24,37.12,37.49,36.98,37.49,34513520
2018-09-25,37.45,37.52,37.29,37.45,21099300
2018-09-26,37.48,37.65,37.24,37.30,26640620
2018-09-27,37.44,37.63,37.44,37.52,28466380
2018-09-28,37.42,37.70,37.40,37.66,23420240
2018-10-01,37.91,38.00,37.73,37.84,20667880
2018-10-02,37.80,38.06,37.68,37.85,28013900
2018-10-03,37.98,38.13,37.89,37.97,26584700
2018-10-04,37.78,37.81,37.03,37.28,46582840
2018-10-05,37.27,37.38,36.45,36.81,44576980
2018-10-08,36.63,36.75,35.98,36.40,39937700
2018-10-09,36.38,36.74,36.30,36.52,30276920
2018-10-10,36.30,36.31,34.73,34.76,88155600
2018-10-11,34.66,35.24,34.03,34.31,136534880
2018-10-12,35.28,35.53,34.73,35.41,71807140
2018-10-15,35.28,35.31,34.81,34.84,38299240
2018-10-16,35.27,36.00,35.19,35.88,41995360
2018-10-17,35.93,35.95,35.40,35.72,48329760
2018-10-18,35.56,35.59,34.81,35.02,45920340
2018-10-19,35.23,35.60,34.88,35.01,44279340
2018-10-22,35.17,35.52,34.96,35.30,31961820
2018-10-23,34.56,35.34,34.21,35.16,48119460
2018-10-24,35.07,35.16,33.55,33.59,68305240
2018-10-25,34.06,34.92,34.01,34.74,46702760
2018-10-26,33.88,34.66,33.55,34.05,85487180
2018-10-29,34.52,34.76,32.80,33.47,68100000
2018-10-30,33.44,33.96,33.16,33.84,61121540
2018-10-31,34.35,34.92,34.34,34.65,42288280
2018-11-01,34.70,35.08,34.41,35.05,31075000
2018-11-02,34.78,34.99,34.08,34.37,40390400
2018-11-05,34.35,34.41,33.84,34.34,28416420
2018-11-06,34.30,34.72,34.27,34.55,18267528
2018-11-07,34.95,35.56,34.91,35.56,32627200
2018-11-08,35.43,35.58,35.31,35.53,20819460
2018-11-09,35.23,35.26,34.62,34.92,25883620
2018-11-12,34.60,34.66,33.65,33.69,32858700
2018-11-13,33.77,34.31,33.63,33.73,31404400
2018-11-14,34.10,34.17,33.15,33.33,38978360
2018-11-15,33.38,34.24,33.19,34.16,52598700
2018-11-16,33.76,34.31,33.69,34.10,35945440
2018-11-19,33.95,33.98,32.72,32.80,38387020
2018-11-20,31.89,32.53,31.69,32.10,56126040
2018-11-21,32.53,32.66,32.20,32.34,33005360
2018-11-23,31.99,32.40,31.97,32.04,10676228
2018-11-26,32.46,32.77,32.29,32.77,25045180
2018-11-27,32.54,32.88,32.35,32.83,23076360
2018-11-28,33.16,33.98,33.03,33.98,33190620
2018-11-29,33.88,33.92,33.47,33.65,28228480
2018-11-30,33.67,33.99,33.51,33.97,33015740
2018-12-03,34.82,34.85,34.34,34.72,32461820
2018-12-04,34.48,34.55,33.33,33.41,41978500
2018-12-06,32.62,33.48,32.45,33.48,43155800
2018-12-07,33.32,33.47,32.15,32.30,39874920
2018-12-10,32.12,32.87,31.93,32.74,40895120
2018-12-11,33.26,33.32,32.52,32.78,31626300
2018-12-12,33.31,33.56,33.02,33.04,33857620
2018-12-13,33.20,33.45,32.91,33.09,25638680
2018-12-14,32.70,32.88,32.26,32.28,31032420
2018-12-17,32.16,32.38,31.34,31.60,46522120
2018-12-18,31.84,32.12,31.59,31.85,39234100
2018-12-19,31.80,32.37,30.88,31.22,67169800
2018-12-20,31.09,31.40,30.21,30.66,78956300
2018-12-21,30.54,30.91,29.47,29.60,81626300
2018-12-24,29.32,29.68,28.79,28.81,42234040
2018-12-26,29.01,30.55,28.84,30.55,58119920
2018-12-27,30.12,30.78,29.54,30.77,46677440
2018-12-28,31.00,31.21,30.43,30.70,39685440
2018-12-31,30.96,31.11,30.73,30.99,33720060
2019-01-02,30.36,31.20,30.32,31.01,30724200
2019-01-03,30.22,30.24,29.41,29.45,49857280
2019-01-04,29.98,30.88,29.89,30.75,41535540
2019-01-07,30.75,31.23,30.68,31.02,23817280
2019-01-08,31.32,31.43,30.91,31.29,26003020
2019-01-09,31.45,31.86,31.42,31.69,28044760
2019-01-10,31.44,31.84,31.30,31.83,21868160
2019-01-11,31.64,31.79,31.57,31.77,15429612
2019-01-14,31.49,31.59,31.36,31.48,14483782
2019-01-15,31.57,32.02,31.52,31.95,28653740
2019-01-16,31.98,32.17,31.92,31.98,18937032
2019-01-17,31.86,32.37,31.78,32.19,20256360
2019-01-18,32.51,32.74,32.30,32.67,27236760
2019-01-22,32.41,32.47,31.87,32.12,29982380
2019-01-23,32.26,32.50,31.88,32.23,19152140
2019-01-24,32.35,32.62,32.34,32.51,28339600
2019-01-25,32.75,33.06,32.63,32.97,20043160
2019-01-28,32.48,32.53,32.26,32.52,19324736
2019-01-29,32.59,32.59,32.12,32.17,17143218
2019-01-30,32.71,33.27,32.56,33.17,33218040
2019-01-31,33.01,33.32,32.90,33.14,36499720
2019-02-01,33.16,33.52,33.10,33.34,19475592
2019-02-04,33.38,33.88,33.35,33.87,15202606
2019-02-05,33.98,34.24,33.95,34.16,24121120
2019-02-06,34.20,34.37,34.06,34.27,20379300
2019-02-07,33.95,34.10,33.57,33.80,29264060
2019-02-08,33.49,33.99,33.48,33.99,16977496
2019-02-11,34.10,34.20,33.90,33.98,14858198
2019-02-12,34.22,34.47,34.16,34.43,19402484
2019-02-13,34.60,34.73,34.45,34.48,18237282
2019-02-14,34.34,34.66,34.32,34.53,19483922
2019-02-15,34.80,34.84,34.62,34.81,14709190
2019-02-19,34.67,34.92,34.63,34.82,16638226
2019-02-20,34.85,35.00,34.67,34.86,19704164
2019-02-21,34.77,35.01,34.66,34.88,19508110
2019-02-22,35.03,35.34,35.02,35.32,24493280
2019-02-25,35.59,35.73,35.47,35.49,40341000
2019-02-26,35.37,35.66,35.34,35.56,28267920
2019-02-27,35.43,35.58,35.16,35.53,19555064
2019-02-28,35.40,35.56,35.34,35.43,18876662
2019-03-01,35.71,35.77,35.38,35.67,24668000
2019-03-04,35.82,35.91,35.14,35.53,31638540
2019-03-05,35.52,35.56,35.32,35.43,17907466
2019-03-06,35.41,35.45,35.20,35.24,26238840
2019-03-07,35.15,35.17,34.80,34.91,36996520
2019-03-08,34.49,34.94,34.42,34.91,25781420
2019-03-11,35.03,35.69,35.03,35.66,29153420
2019-03-12,35.76,35.99,35.65,35.87,36101240
2019-03-13,36.02,36.31,36.00,36.10,35667260
2019-03-14,36.16,36.28,36.07,36.17,21313180
2019-03-15,36.19,36.66,36.16,36.49,42048920
2019-03-18,36.52,36.74,36.42,36.65,29675280
2019-03-19,36.80,36.90,36.58,36.73,32194980
2019-03-20,36.69,36.92,36.41,36.62,27408580
2019-03-21,36.63,37.62,36.62,37.55,54544000
2019-03-22,37.35,37.51,36.64,36.66,53492900
2019-03-25,36.54,36.74,36.27,36.50,43888300
2019-03-26,36.82,37.05,36.49,36.70,27930120
2019-03-27,36.76,36.90,36.17,36.49,31650620
2019-03-28,36.60,36.79,36.41,36.64,21072800
2019-03-29,36.95,37.02,36.77,37.00,28694360
2019-04-01,37.36,37.55,37.15,37.51,25174020
2019-04-02,37.53,37.69,37.42,37.63,23574160
2019-04-03,37.86,38.13,37.79,37.94,27737820
2019-04-04,37.92,38.02,37.55,37.78,23005900
2019-04-05,37.91,38.00,37.84,37.96,13419532
2019-04-08,37.87,38.12,37.71,38.10,14619222
2019-04-09,37.94,38.08,37.84,37.92,26878540
2019-04-10,37.96,38.20,37.94,38.19,17226106
2019-04-11,38.27,38.28,38.06,38.14,15394114
2019-04-12,38.35,38.41,38.14,38.41,17110072
2019-04-15,38.41,38.50,38.19,38.39,19821354
2019-04-16,38.51,38.62,38.40,38.59,19218614
2019-04-17,38.83,38.85,38.61,38.80,24493540
2019-04-18,38.88,38.92,38.62,38.91,22983800
2019-04-22,38.73,39.02,38.70,39.00,16158994
2019-04-23,39.06,39.48,39.02,39.42,33384300
2019-04-24,39.45,39.62,39.38,39.44,21874380
2019-04-25,39.62,39.73,39.22,39.43,22758400
2019-04-26,39.19,39.29,38.86,39.28,22099360
2019-04-29,39.28,39.41,39.24,39.29,21226320
2019-04-30,39.27,39.41,39.05,39.35,37666980
2019-05-01,39.75,39.85,39.25,39.26,30893660
2019-05-02,39.24,39.53,38.84,39.05,49977500
2019-05-03,39.19,39.45,39.13,39.42,26576840
2019-05-06,38.48,39.18,38.33,39.12,26044960
2019-05-07,38.67,38.83,37.92,38.27,41251420
2019-05-08,38.15,38.56,38.09,38.23,27334940
2019-05-09,37.76,38.09,37.33,37.97,38601820
2019-05-10,37.73,38.26,37.18,38.09,39192600
2019-05-13,37.02,37.23,36.55,36.66,50922420
2019-05-14,36.84,37.48,36.81,37.24,36808560
2019-05-15,36.98,37.77,36.92,37.65,30097760
2019-05-16,37.67,38.27,37.62,37.99,30889960
2019-05-17,37.60,38.20,37.60,37.69,27088000
2019-05-20,37.05,37.34,36.85,37.03,29349220
2019-05-21,37.42,37.61,37.34,37.49,29682260
2019-05-22,37.24,37.52,37.23,37.30,23042160
2019-05-23,36.79,36.81,36.37,36.64,32171400
2019-05-24,36.84,37.03,36.61,36.65,23500040
2019-05-28,36.77,37.00,36.52,36.55,51545540
2019-05-29,36.27,36.51,36.09,36.33,29509620
2019-05-30,36.41,36.63,36.30,36.55,22841060
2019-05-31,36.12,36.28,35.93,35.95,24079560
2019-06-03,36.00,36.20,35.07,35.31,39407400
2019-06-04,35.77,36.49,35.58,36.49,30192340
2019-06-05,36.98,37.05,36.55,36.97,28791680
2019-06-06,37.07,37.48,36.90,37.40,23844920
2019-06-07,37.59,38.32,37.52,38.09,23984140
2019-06-10,38.37,38.84,38.37,38.48,26927560
2019-06-11,38.88,38.91,38.27,38.48,23100260
2019-06-12,38.30,38.40,38.18,38.27,15193886
2019-06-13,38.41,38.52,38.24,38.38,19735522
2019-06-14,38.03,38.17,37.88,38.05,16883378
2019-06-17,38.08,38.27,37.99,38.08,18702260
2019-06-18,38.48,38.96,38.37,38.77,32362360
2019-06-19,38.87,39.01,38.60,38.91,24742580
2019-06-20,39.48,39.61,39.15,39.48,27783800
2019-06-21,39.20,39.49,39.14,39.16,41430740
2019-06-24,39.23,39.36,39.17,39.23,16432236
2019-06-25,39.21,39.24,38.46,38.51,26245340
2019-06-26,38.88,39.20,38.88,38.92,18138362
2019-06-27,39.05,39.16,38.94,39.02,13675232
2019-06-28,39.15,39.19,38.90,39.02,35566720
2019-07-01,39.91,39.97,39.48,39.64,28581420
2019-07-02,39.62,39.77,39.53,39.74,15568960
2019-07-03,39.84,40.05,39.77,40.05,10683544
2019-07-05,39.73,40.05,39.58,39.98,11848254
2019-07-08,39.66,39.72,39.49,39.67,14919874
2019-07-09,39.47,39.84,39.41,39.81,18499652
2019-07-10,40.03,40.37,40.00,40.12,20217880
2019-07-11,40.23,40.43,40.14,40.27,22704840
2019-07-12,40.40,40.59,40.33,40.57,15506842
2019-07-15,40.68,40.76,40.59,40.70,12572252
2019-07-16,40.66,40.66,40.26,40.33,16011988
2019-07-17,40.40,40.49,40.22,40.22,13416000
2019-07-18,40.13,40.58,40.10,40.52,16044786
2019-07-19,40.92,40.94,40.30,40.34,23359480
2019-07-22,40.50,40.91,40.49,40.81,13849326
2019-07-23,41.05,41.08,40.73,41.03,11011016
2019-07-24,40.98,41.39,40.98,41.38,18514202
2019-07-25,41.28,41.28,40.99,41.20,19846740
2019-07-26,41.23,41.38,41.19,41.30,22240320
2019-07-29,41.31,41.34,40.95,41.27,16946438
2019-07-30,40.98,41.18,40.90,41.01,14733898
2019-07-31,41.23,41.27,39.96,40.38,33738500
2019-08-01,40.45,41.31,39.98,40.18,57666020
2019-08-02,39.85,39.87,39.16,39.52,44743900
2019-08-05,38.47,38.52,37.57,37.88,55653120
2019-08-06,38.38,38.65,38.06,38.51,38301880
2019-08-07,38.06,38.85,37.85,38.74,41164840
2019-08-08,39.05,39.70,38.95,39.70,31983160
2019-08-09,39.46,39.57,38.95,39.24,31145200
2019-08-12,38.98,39.12,38.55,38.73,21786780
2019-08-13,38.70,39.85,38.61,39.70,52165460
2019-08-14,38.97,39.15,38.38,38.48,47138700
2019-08-15,38.52,38.61,38.09,38.41,31337120
2019-08-16,38.80,39.22,38.75,39.14,21724900
2019-08-19,39.76,39.85,39.53,39.73,15756480
2019-08-20,39.69,39.88,39.51,39.53,16675898
2019-08-21,39.91,40.10,39.82,40.00,16806116
2019-08-22,40.10,40.20,39.55,39.91,15188838
2019-08-23,39.69,40.05,38.42,38.59,40798060
2019-08-26,39.06,39.13,38.80,39.12,20717040
2019-08-27,39.38,39.45,38.84,39.06,20066080
2019-08-28,38.85,39.16,38.57,39.09,14279176
2019-08-29,39.62,39.90,39.48,39.77,16242144
2019-08-30,40.03,40.09,39.48,39.77,20150880
2019-09-03,39.44,39.78,39.14,39.28,23676100
2019-09-04,39.70,39.97,39.66,39.95,15459810
2019-09-05,40.48,40.95,40.45,40.78,20086720
2019-09-06,40.88,40.90,40.64,40.75,18300150
2019-09-09,40.94,40.96,40.23,40.45,25221420
2019-09-10,40.26,40.26,39.78,40.24,19717334
2019-09-11,40.37,40.67,40.28,40.66,18818546
2019-09-12,40.91,41.21,40.71,40.88,25542040
2019-09-13,40.81,40.81,40.53,40.58,33067100
2019-09-16,40.24,40.57,40.20,40.48,15451764
2019-09-17,40.51,40.65,40.42,40.65,15412092
2019-09-18,40.58,40.67,40.09,40.64,17595580
2019-09-19,40.77,41.09,40.67,40.73,16409236
2019-09-20,40.73,40.76,40.02,40.13,30171580
2019-09-23,40.13,40.38,40.05,40.26,15778684
2019-09-24,40.52,40.67,39.70,39.87,35462000
2019-09-25,39.81,40.45,39.45,40.34,23926900
2019-09-26,40.33,40.52,40.07,40.38,18233822
2019-09-27,40.38,40.47,39.55,39.84,25564600
2019-09-30,40.02,40.36,39.96,40.27,22014380
2019-10-01,40.45,40.72,39.88,39.89,22045180
2019-10-02,39.62,39.63,38.85,39.14,39521140
2019-10-03,39.12,39.63,38.64,39.62,34953060
2019-10-04,39.90,40.33,39.86,40.27,22041280
2019-10-07,40.14,40.44,40.08,40.10,21242300
2019-10-08,39.84,39.97,39.37,39.37,28962740
2019-10-09,39.78,40.10,39.72,39.95,20557840
2019-10-10,39.91,40.39,39.88,40.23,18960074
2019-10-11,40.73,41.15,40.66,40.78,31993120
2019-10-14,40.74,40.93,40.74,40.76,11332848
2019-10-15,40.92,41.31,40.88,41.21,16238006
2019-10-16,40.98,41.00,40.77,40.92,20251060
2019-10-17,41.06,41.18,40.63,40.84,13732406
2019-10-18,40.78,40.85,40.19,40.45,17452630
2019-10-21,40.70,40.91,40.55,40.89,12690960
2019-10-22,40.97,41.12,40.31,40.34,18470442
2019-10-23,40.22,40.38,40.13,40.38,17907750
2019-10-24,40.80,41.00,40.65,40.97,14617368
2019-10-25,40.97,41.51,40.94,41.46,16305452
2019-10-28,41.83,42.01,41.80,41.98,14459712
2019-10-29,41.95,42.02,41.59,41.60,15520884
2019-10-30,41.73,41.91,41.45,41.86,25558680
2019-10-31,41.92,41.97,41.56,41.84,22461780
2019-11-01,41.98,42.34,41.91,42.34,19841184
2019-11-04,42.66,42.69,42.47,42.55,20363120
2019-11-05,42.67,42.69,42.36,42.51,15799696
2019-11-06,42.50,42.52,42.27,42.48,17077226
2019-11-07,42.77,43.06,42.70,42.82,28084940
2019-11-08,42.71,43.06,42.54,43.06,12573160
2019-11-11,42.81,43.14,42.76,43.08,8488164
2019-11-12,43.14,43.38,43.03,43.23,16563094
2019-11-13,43.05,43.36,43.05,43.32,15372384
2019-11-14,43.15,43.30,43.03,43.27,12182884
2019-11-15,43.58,43.62,43.44,43.62,14124992
2019-11-18,43.60,43.81,43.44,43.75,13024702
2019-11-19,43.92,43.96,43.67,43.84,14087364
2019-11-20,43.73,43.86,43.24,43.57,24759800
2019-11-21,43.48,43.53,43.26,43.35,18755544
2019-11-22,43.48,43.55,43.12,43.30,11780832
2019-11-25,43.49,43.92,43.48,43.92,14739762
2019-11-26,43.95,44.08,43.88,43.97,19454646
2019-11-27,44.10,44.21,43.97,44.21,18698060
2019-11-29,44.09,44.16,44.01,44.08,11360188
2019-12-02,44.10,44.10,43.26,43.45,23174840
2019-12-03,42.77,43.09,42.58,43.06,22502000
2019-12-04,43.34,43.38,43.17,43.24,13830192
2019-12-05,43.40,43.44,43.20,43.40,15620774
2019-12-06,43.73,43.92,43.70,43.88,18411140
2019-12-09,43.80,43.95,43.65,43.65,11606864
2019-12-10,43.72,43.91,43.58,43.69,12351084
2019-12-11,43.80,44.02,43.71,43.98,9878936
2019-12-12,43.85,44.52,43.75,44.45,24194740
2019-12-13,44.41,44.84,44.32,44.74,26257320
2019-12-16,45.09,45.30,45.08,45.15,19746972
2019-12-17,45.23,45.24,44.98,45.04,14919346
2019-12-18,45.09,45.21,45.02,45.03,12971666
2019-12-19,45.06,45.37,45.05,45.36,13725718
2019-12-20,45.48,45.53,45.36,45.48,23415820
2019-12-23,45.62,45.72,45.55,45.60,15530364
2019-12-24,45.69,45.69,45.52,45.62,4890728
2019-12-26,45.72,45.97,45.69,45.96,8269296
2019-12-27,46.15,46.15,45.84,45.95,19332400
2019-12-30,45.95,45.95,45.34,45.69,16491276
2019-12-31,45.53,45.88,45.48,45.84,11603230
2020-01-02,46.25,46.70,46.16,46.70,26577680
2020-01-03,46.02,46.49,46.01,46.17,30024760
2020-01-06,45.71,46.33,45.62,46.28,15631100
2020-01-07,46.36,46.49,46.19,46.26,15424262
2020-01-08,46.31,46.96,46.23,46.76,23266740
2020-01-09,47.19,47.31,46.95,47.28,15555456
2020-01-10,47.49,47.55,47.09,47.17,15332050
2020-01-13,47.39,47.82,47.37,47.77,15525896
2020-01-14,47.83,47.87,47.46,47.54,16137670
2020-01-15,47.57,47.83,47.43,47.59,14417212
2020-01-16,47.90,48.24,47.83,48.23,11543136
2020-01-17,48.46,48.60,48.20,48.56,21661520
2020-01-21,48.41,48.82,48.40,48.54,17975052
2020-01-22,48.84,49.05,48.67,48.72,15491816
2020-01-23,48.77,48.98,48.56,48.95,14956486
2020-01-24,49.30,49.41,48.55,48.72,23617360
2020-01-27,47.58,47.93,47.35,47.55,35574680
2020-01-28,47.97,48.59,47.87,48.47,31184400
2020-01-29,48.87,48.94,48.39,48.59,21130000
2020-01-30,48.57,49.05,48.27,49.01,19933564
2020-01-31,48.73,48.75,47.49,47.66,26964660
2020-02-03,47.72,48.41,47.66,48.30,25085660
2020-02-04,49.13,49.66,49.01,49.56,19097752
2020-02-05,50.38,50.40,49.49,49.85,32697080
2020-02-06,50.05,50.32,49.83,50.30,13505696
2020-02-07,50.07,50.27,49.74,49.84,16597928
2020-02-10,49.55,50.53,49.55,50.52,16347512
2020-02-11,50.91,50.95,50.20,50.35,15105774
2020-02-12,50.70,50.91,50.41,50.90,12152776
2020-02-13,50.49,51.02,50.42,50.76,14802860
2020-02-14,50.86,51.06,50.70,50.98,12392468
2020-02-18,50.57,50.90,50.52,50.79,20636580
2020-02-19,51.12,51.47,51.09,51.40,16615568
2020-02-20,51.28,51.41,50.16,50.86,26324660
2020-02-21,50.60,50.65,49.41,49.72,29899080
2020-02-24,47.34,48.35,46.90,47.66,42365260
2020-02-25,48.09,48.27,45.97,46.14,62934380
2020-02-26,46.31,47.35,46.00,46.35,55759580
2020-02-27,44.83,45.78,43.82,43.85,67825840
2020-02-28,42.10,44.60,42.03,44.19,111859020
2020-03-02,44.98,46.75,44.19,46.74,70008620
2020-03-03,47.01,47.33,44.49,44.97,94989160
2020-03-04,45.94,46.91,45.30,46.90,44727680
2020-03-05,45.65,46.52,45.12,45.41,49019020
2020-03-06,43.90,44.72,43.24,44.45,57631860
2020-03-09,40.79,43.00,40.75,41.08,59119740
2020-03-10,42.84,43.83,41.31,43.82,71164660
2020-03-11,42.65,42.91,41.16,41.75,63346840
2020-03-12,38.72,40.95,37.50,37.67,65490660
2020-03-13,40.05,42.19,38.15,42.09,65849660
2020-03-16,35.86,39.60,35.59,36.28,81244840
2020-03-17,37.13,39.22,35.97,38.75,100814580
2020-03-18,36.17,37.91,35.13,37.29,107412420
2020-03-19,36.95,38.70,36.06,37.42,123454120
2020-03-20,38.13,38.52,35.59,35.71,90443980
2020-03-23,35.34,36.11,34.05,35.20,84958320
2020-03-24,37.33,38.84,37.18,38.80,75329040
2020-03-25,39.10,40.55,38.01,38.76,57480860
2020-03-26,39.24,41.26,39.15,41.16,56425860
2020-03-27,39.88,40.63,39.12,39.30,58485440
2020-03-30,39.82,41.05,39.70,40.95,47480140
2020-03-31,40.85,41.59,39.98,40.19,40002160
2020-04-01,38.80,39.62,37.98,38.27,54984820
2020-04-02,38.13,39.22,37.98,39.16,44223640
2020-04-03,38.99,39.41,38.08,38.56,31571940
2020-04-06,40.26,42.12,40.00,41.85,35987140
2020-04-07,43.33,43.34,41.43,41.48,44298900
2020-04-08,42.02,42.76,41.62,42.59,27428660
2020-04-09,43.09,43.31,42.30,42.60,39261460
2020-04-13,42.43,42.76,41.83,42.70,25301580
2020-04-14,43.65,44.56,43.47,44.48,31778960
2020-04-15,43.60,43.87,43.19,43.52,25858100
2020-04-16,44.09,44.16,43.33,44.05,23667580
2020-04-17,44.83,44.84,43.98,44.63,28284800
2020-04-20,44.02,44.61,43.85,43.91,20407020
2020-04-21,43.30,43.40,41.82,42.08,32765100
2020-04-22,43.09,43.94,42.94,43.70,24038140
2020-04-23,43.80,44.29,43.36,43.40,21169700
2020-04-24,43.58,44.32,43.30,44.31,16885624
2020-04-27,44.72,44.84,44.42,44.70,15598542
2020-04-28,45.25,45.28,44.04,44.10,25267620
2020-04-29,45.04,46.07,44.88,45.91,22925860
2020-04-30,46.01,46.01,45.37,45.70,30861280
2020-05-01,44.70,45.33,44.28,44.45,23990620
2020-05-04,44.24,45.09,44.04,45.04,21458060
2020-05-05,45.55,46.24,45.48,45.66,17374664
2020-05-06,46.10,46.46,45.81,46.02,16941012
2020-05-07,46.64,46.97,46.57,46.70,21091060
2020-05-08,47.15,47.45,46.88,47.39,15224524
2020-05-11,47.06,47.98,46.97,47.70,20768720
2020-05-12,47.90,48.03,46.69,46.72,27042020
2020-05-13,46.74,47.10,45.31,45.91,33942780
2020-05-14,45.59,46.53,45.09,46.50,30475200
2020-05-15,45.77,46.74,45.63,46.73,28033420
2020-05-18,47.66,48.15,47.49,47.88,20035320
2020-05-19,47.90,48.45,47.69,47.70,20092700
2020-05-20,48.37,48.84,48.34,48.75,18191988
2020-05-21,48.70,48.84,48.04,48.07,20581680
2020-05-22,48.00,48.30,47.80,48.24,18490076
2020-05-26,49.21,49.24,48.15,48.20,26001500
2020-05-27,48.19,48.49,47.16,48.47,38856740
2020-05-28,48.29,49.26,48.26,48.38,21158280
2020-05-29,48.52,49.10,48.12,48.98,35557820
2020-06-01,48.76,49.07,48.54,48.97,26723360
2020-06-02,49.07,49.43,48.60,49.43,22415300
2020-06-03,49.63,49.98,49.41,49.81,22036520
2020-06-04,49.62,49.97,49.13,49.41,15138880
2020-06-05,49.76,50.85,49.67,50.70,20756300
2020-06-08,50.62,50.98,50.15,50.96,16130418
2020-06-09,50.70,51.45,50.66,51.20,14707730
2020-06-10,51.57,52.45,51.48,52.05,24389600
2020-06-11,51.15,51.23,49.05,49.07,39742040
2020-06-12,50.38,50.63,48.84,49.70,43287000
2020-06-15,48.80,50.41,48.64,50.19,29926360
2020-06-16,51.38,51.70,50.46,51.26,27937800
2020-06-17,51.55,51.73,51.16,51.24,17324252
2020-06-18,51.15,51.53,51.04,51.48,13717188
2020-06-19,52.09,52.16,50.88,51.12,31279960
2020-06-22,51.05,51.98,50.97,51.94,14737958
2020-06-23,52.41,52.91,52.24,52.31,19027988
2020-06-24,52.10,52.39,50.85,51.13,25425680
2020-06-25,51.21,51.84,50.66,51.79,20534460
2020-06-26,51.69,51.77,50.62,50.77,44275540
2020-06-29,50.77,51.33,50.16,51.33,18547202
2020-06-30,51.33,52.45,51.26,52.24,16499918
2020-07-01,52.28,52.63,52.04,52.33,21709140
2020-07-02,52.83,53.11,52.52,52.63,19144662
2020-07-06,53.31,53.80,53.28,53.55,16046258
2020-07-07,53.49,54.03,52.94,52.99,15863566
2020-07-08,53.41,53.87,53.13,53.86,13327056
2020-07-09,54.30,54.31,53.28,54.05,17768454
2020-07-10,53.93,54.06,53.40,54.04,14724584
2020-07-13,54.50,54.86,52.78,52.92,28910420
2020-07-14,52.50,53.60,51.94,53.53,30053140
2020-07-15,54.02,54.28,53.19,53.82,23779140
2020-07-16,53.24,53.40,52.75,53.16,17180586
2020-07-17,53.47,53.56,52.92,53.41,12710580
2020-07-20,53.56,54.91,53.27,54.78,17018442
2020-07-21,55.17,55.19,54.03,54.23,18794990
2020-07-22,54.28,54.84,54.23,54.66,15028070
2020-07-23,54.38,54.73,53.00,53.24,23349600
2020-07-24,52.35,52.95,51.73,52.60,22911700
2020-07-27,52.92,53.48,52.81,53.43,16907990
2020-07-28,53.27,53.43,52.77,52.80,17825484
2020-07-29,53.01,53.72,53.01,53.57,13187246
2020-07-30,53.09,53.91,52.80,53.87,21556740
2020-07-31,54.72,55.23,53.83,55.22,25188220
2020-08-03,55.97,56.76,55.94,56.58,24331560
2020-08-04,56.45,56.73,56.21,56.72,17971638
2020-08-05,56.90,57.06,56.65,56.93,12960540
2020-08-06,56.88,57.78,56.76,57.73,16399336
2020-08-07,57.50,57.50,56.42,56.87,27476260
2020-08-10,56.98,57.08,55.94,56.71,16481350
2020-08-11,56.52,56.77,55.58,55.69,18844470
2020-08-12,56.14,57.10,56.07,56.95,14197800
2020-08-13,57.03,57.45,56.77,56.98,11453670
2020-08-14,57.01,57.10,56.62,56.94,8334274
2020-08-17,57.28,57.45,57.22,57.32,8174860
2020-08-18,57.43,57.69,57.05,57.53,8930088
2020-08-19,57.68,57.94,57.37,57.47,14239416
2020-08-20,57.25,58.34,57.19,58.23,12803080
2020-08-21,58.28,59.03,58.26,58.97,15288690
2020-08-24,59.82,59.84,58.98,59.48,16440598
2020-08-25,59.34,59.80,59.26,59.78,18628254
2020-08-26,60.41,61.16,60.27,60.99,16463080
2020-08-27,61.25,61.53,60.49,61.05,18174292
2020-08-28,61.28,61.78,61.20,61.58,13093342
2020-08-31,61.83,62.17,61.44,61.77,19039960
2020-09-01,62.33,63.03,61.94,62.95,25619960
2020-09-02,63.85,63.86,62.41,63.52,40394900
2020-09-03,62.50,62.55,59.40,59.90,54161940
2020-09-04,59.56,60.41,56.52,59.06,62544300
2020-09-08,56.81,58.16,56.29,56.39,47860400
2020-09-09,57.77,58.80,57.13,58.23,36783880
2020-09-10,59.03,59.12,56.57,56.91,32109880
2020-09-11,57.45,57.67,55.76,56.48,37166300
2020-09-14,57.42,57.98,57.15,57.66,24730160
2020-09-15,58.55,58.65,57.84,58.23,18260458
2020-09-16,58.49,58.58,57.28,57.34,19640116
2020-09-17,55.99,57.26,55.91,56.86,30403640
2020-09-18,56.95,57.05,55.19,55.88,41837600
2020-09-21,54.75,56.24,54.55,56.22,38381760
2020-09-22,56.85,57.26,55.89,57.11,25537460
2020-09-23,57.14,57.20,55.16,55.33,23707780
2020-09-24,54.81,56.33,54.74,55.64,31838640
2020-09-25,55.67,57.14,55.32,56.97,19326620
2020-09-28,57.91,58.06,57.44,58.06,17473222
2020-09-29,57.98,58.23,57.74,57.87,24451560
2020-09-30,57.84,58.95,57.81,58.35,22318860
2020-10-01,59.16,59.24,58.59,58.97,27076320
2020-10-02,57.52,58.47,57.24,57.47,37251680
2020-10-05,57.88,58.77,57.84,58.73,12270548
2020-10-06,58.59,59.15,57.62,57.82,26862300
2020-10-07,58.42,58.99,58.38,58.88,12992426
2020-10-08,59.40,59.40,58.98,59.19,10109506
2020-10-09,59.47,60.10,59.45,60.09,14425330
2020-10-12,60.98,62.13,60.67,61.73,19163762
2020-10-13,61.93,62.04,61.10,61.34,17613868
2020-10-14,61.48,61.81,60.55,61.01,14555724
2020-10-15,60.00,60.85,59.84,60.73,13187642
2020-10-16,61.07,61.31,60.51,60.56,11544236
2020-10-19,60.87,61.09,59.27,59.45,16616412
2020-10-20,59.67,60.28,59.29,59.66,14566998
2020-10-21,59.51,60.13,59.43,59.56,12171768
2020-10-22,59.59,59.78,58.60,59.28,13486498
2020-10-23,59.37,59.38,58.73,59.22,10313458
2020-10-26,58.56,59.03,57.22,57.94,18189152
2020-10-27,58.22,58.47,57.90,58.23,19064726
2020-10-28,57.12,57.16,55.66,55.76,32756680
2020-10-29,55.97,57.34,55.94,56.69,19408938
2020-10-30,55.89,56.24,54.78,55.43,25850200
2020-11-02,55.85,56.31,55.04,55.57,24039720
2020-11-03,56.01,57.05,55.77,56.55,20970140
2020-11-04,58.27,59.19,57.69,58.75,30763800
2020-11-05,60.30,60.75,60.05,60.58,22189860
2020-11-06,60.43,60.98,59.60,60.79,19455298
2020-11-09,62.08,62.68,60.30,60.35,39768100
2020-11-10,59.83,60.24,58.74,59.23,23538380
2020-11-11,59.83,60.80,59.70,60.63,14488552
2020-11-12,60.63,60.93,59.81,60.09,14354156
2020-11-13,60.55,60.73,59.98,60.60,11853016
2020-11-16,60.60,61.30,60.48,61.19,14864182
2020-11-17,60.88,61.17,60.59,60.84,9939410
2020-11-18,60.74,61.03,60.17,60.20,9543528
2020-11-19,60.08,60.79,59.81,60.68,12155252
2020-11-20,60.73,60.75,60.03,60.05,9916768
2020-11-23,60.24,60.63,59.52,60.04,9808688
2020-11-24,60.27,60.99,59.84,60.88,13641328
2020-11-25,61.09,61.26,60.77,61.01,12186372
2020-11-27,61.33,61.59,61.22,61.33,7025854
2020-11-30,61.31,61.83,60.62,61.74,32229280
2020-12-01,62.25,62.88,61.99,62.53,22664200
2020-12-02,62.27,62.51,61.80,62.44,16038874
2020-12-03,62.51,62.81,62.23,62.40,13775406
2020-12-04,62.48,63.03,62.35,63.02,10358714
2020-12-07,63.05,63.38,62.95,63.20,8905428
2020-12-08,63.14,63.60,62.87,63.41,7886840
2020-12-09,63.37,63.55,61.98,62.19,17271820
2020-12-10,61.81,62.58,61.66,62.28,9997428
2020-12-11,61.91,62.15,61.45,62.15,13023260
2020-12-14,62.34,62.94,62.30,62.38,11056028
2020-12-15,63.05,63.41,62.65,63.41,9114576
2020-12-16,63.50,64.07,63.29,63.84,10309258
2020-12-17,64.31,64.49,64.05,64.35,11504994
2020-12-18,64.44,64.45,63.72,64.12,17693346
2020-12-21,63.16,64.07,62.60,64.04,15232250
2020-12-22,64.39,64.89,64.10,64.59,14335242
2020-12-23,64.67,64.72,64.01,64.11,11300740
2020-12-24,64.22,64.69,64.17,64.53,4384640
2020-12-28,65.17,65.39,64.86,65.26,8170924
2020-12-29,65.61,65.70,64.83,64.95,8841398
2020-12-30,65.17,65.31,64.82,64.92,8141770
2020-12-31,64.94,65.19,64.48,65.01,11058334
2021-01-04,65.34,65.36,63.12,63.95,21017100
2021-01-05,63.80,64.47,63.77,64.36,12361494
2021-01-06,63.45,64.49,63.06,63.26,27258000
2021-01-07,63.87,65.08,63.84,64.96,19651956
2021-01-08,65.28,65.56,64.64,65.38,12387622
2021-01-11,64.75,65.30,64.57,64.84,17857386
2021-01-12,64.76,64.84,63.91,64.53,17089172
2021-01-13,64.61,65.14,64.49,64.94,13605164
2021-01-14,65.10,65.23,64.28,64.37,15624730
2021-01-15,64.28,64.56,63.58,63.71,12641128
2021-01-19,64.15,64.65,63.92,64.54,11569542
2021-01-20,65.03,66.05,64.94,65.82,11770034
2021-01-21,66.17,66.89,65.82,66.67,8948204
2021-01-22,66.39,66.75,66.25,66.42,11243518
2021-01-25,67.17,67.39,65.35,66.97,18205224
2021-01-26,67.20,67.31,66.76,67.02,8593458
2021-01-27,66.69,66.91,65.16,65.75,24484540
2021-01-28,66.08,67.12,65.86,66.02,16181652
2021-01-29,65.69,65.95,64.11,64.47,19023610
2021-02-01,65.23,66.40,64.75,66.08,11232674
2021-02-02,66.72,67.17,66.62,66.97,8595392
2021-02-03,67.11,67.25,66.55,66.75,11574828
2021-02-04,67.11,67.81,66.91,67.81,8134236
2021-02-05,68.02,68.03,67.47,67.66,9413748
2021-02-08,67.94,68.40,67.84,68.37,11713716
2021-02-09,68.19,68.61,68.17,68.29,10552568
2021-02-10,68.56,68.65,67.61,68.19,9464456
2021-02-11,68.65,68.98,68.39,68.94,7565722
2021-02-12,68.76,69.34,68.57,69.30,6755508
2021-02-16,69.57,69.62,68.89,69.07,9722112
2021-02-17,68.44,68.61,67.77,68.46,15275356
2021-02-18,67.75,68.24,67.27,68.12,10956062
2021-02-19,68.47,68.53,67.72,68.03,11686164
2021-02-22,67.19,67.41,66.48,66.53,14262652
2021-02-23,65.42,66.75,64.31,66.34,24198460
2021-02-24,65.84,67.42,65.34,67.36,16472248
2021-02-25,66.75,67.20,64.71,65.00,34313740
2021-02-26,65.64,66.35,64.77,65.34,35511880
2021-03-01,66.45,67.49,66.03,67.45,24775220
2021-03-02,67.55,67.59,66.28,66.38,24802860
2021-03-03,66.06,66.25,64.64,64.71,29889500
2021-03-04,64.51,64.98,62.48,63.28,76955520
2021-03-05,64.07,64.66,62.35,64.47,46085780
2021-03-08,64.42,64.72,62.85,62.91,35242420
2021-03-09,64.39,65.45,64.30,65.06,22987280
2021-03-10,65.75,65.77,64.75,64.80,18458980
2021-03-11,65.77,66.59,65.63,66.18,13362854
2021-03-12,65.39,65.72,64.97,65.70,12442146
2021-03-15,65.75,66.44,65.49,66.41,16588086
2021-03-16,66.92,67.55,66.62,66.91,13106814
2021-03-17,66.36,67.25,65.86,66.85,19366482
2021-03-18,65.94,66.05,64.92,65.00,17584852
2021-03-19,65.01,65.30,64.49,64.80,27225220
2021-03-22,65.01,66.25,64.91,65.94,15984176
2021-03-23,66.11,66.41,65.35,65.53,12929160
2021-03-24,65.92,65.93,64.72,64.73,14209950
2021-03-25,64.34,64.98,63.86,64.69,22573660
2021-03-26,64.66,66.41,64.63,66.33,14883172
2021-03-29,66.14,66.32,65.49,65.99,17317732
2021-03-30,65.53,65.59,64.97,65.36,13235396
2021-03-31,65.86,66.81,65.81,66.41,15430338
2021-04-01,67.13,67.75,67.06,67.74,14351500
2021-04-05,68.14,69.26,68.05,69.14,12866790
2021-04-06,69.03,69.25,68.61,68.84,11316274
2021-04-07,68.79,69.33,68.54,69.21,10085192
2021-04-08,69.86,70.22,69.74,70.21,14144554
2021-04-09,69.95,70.91,69.83,70.89,9401306
2021-04-12,70.59,70.77,70.20,70.55,15907056
2021-04-13,70.81,71.27,70.69,71.21,11316230
2021-04-14,71.20,71.23,70.32,70.45,11216210
2021-04-15,71.10,71.72,71.09,71.67,11028860
2021-04-16,71.72,71.78,71.35,71.65,11696022
2021-04-19,71.33,71.66,70.63,71.06,10254648
2021-04-20,70.91,71.21,70.03,70.42,9873486
2021-04-21,70.30,71.16,70.11,71.14,9254138
2021-04-22,71.01,71.31,69.99,70.30,11652110
2021-04-23,70.43,71.58,70.42,71.35,8892810
2021-04-26,71.38,71.79,71.33,71.72,7735016
2021-04-27,71.83,71.89,71.28,71.54,10822092
2021-04-28,71.12,71.22,70.70,70.88,10691172
2021-04-29,71.45,71.55,70.09,70.81,13416560
2021-04-30,70.09,70.47,69.69,69.85,10583462
2021-05-03,70.22,70.36,69.48,69.66,10805740
2021-05-04,69.14,69.16,67.64,68.41,19919606
2021-05-05,68.97,69.06,68.11,68.24,6410650
2021-05-06,68.21,68.97,67.72,68.92,14339178
2021-05-07,69.61,69.92,69.22,69.52,19197072
2021-05-10,69.18,69.22,67.73,67.76,20281080
2021-05-11,66.47,67.69,66.31,67.56,27046820
2021-05-12,66.56,66.92,65.48,65.66,29414520
2021-05-13,66.38,67.12,66.08,66.53,22615040
2021-05-14,67.27,68.22,67.14,67.99,16823088
2021-05-17,67.59,67.61,66.88,67.49,16264614
2021-05-18,67.69,67.83,66.91,66.95,11737252
2021-05-19,65.91,67.23,65.75,67.19,30581260
2021-05-20,67.45,68.70,67.44,68.47,16828148
2021-05-21,68.82,68.89,68.03,68.09,14148388
2021-05-24,68.66,69.55,68.62,69.31,13229032
2021-05-25,69.58,69.75,69.17,69.33,11245866
2021-05-26,69.42,69.62,69.09,69.32,13311384
2021-05-27,69.26,69.55,68.94,68.95,11354688
2021-05-28,69.31,69.60,69.17,69.20,9223702
2021-06-01,69.51,69.58,68.73,68.86,12907306
2021-06-02,69.00,69.61,68.87,69.33,10098132
2021-06-03,68.78,69.05,68.27,68.69,12721362
2021-06-04,69.11,70.09,69.11,70.01,11182546
2021-06-07,69.95,70.08,69.65,70.00,11783940
2021-06-08,70.33,70.62,69.81,70.00,8902698
2021-06-09,70.34,70.46,70.01,70.05,9763472
2021-06-10,70.19,70.74,69.94,70.56,11275848
2021-06-11,70.66,70.98,70.59,70.98,12100666
2021-06-14,71.06,71.71,70.77,71.70,11426928
2021-06-15,71.65,71.65,71.14,71.27,15079914
2021-06-16,71.40,71.53,70.18,70.88,19202854
2021-06-17,70.67,71.99,70.67,71.70,15864366
2021-06-18,71.36,71.64,70.96,71.05,20816600
2021-06-21,70.94,71.72,70.48,71.67,12276642
2021-06-22,71.63,72.36,71.55,72.33,9253166
2021-06-23,72.33,72.50,72.08,72.25,8270928
2021-06-24,72.71,72.92,72.56,72.70,12278988
2021-06-25,72.77,72.82,72.50,72.61,14385716
2021-06-28,72.92,73.46,72.90,73.38,12557646
2021-06-29,73.42,73.94,73.25,73.91,9829112
2021-06-30,73.80,74.01,73.60,73.83,11013592
2021-07-01,73.73,73.95,73.45,73.95,11636714
2021-07-02,74.31,75.01,74.29,74.93,12780428
2021-07-06,75.09,75.57,74.50,75.22,11870640
2021-07-07,75.69,75.78,75.02,75.62,14883700
2021-07-08,74.44,75.12,74.10,74.91,17086732
2021-07-09,74.82,75.67,74.71,75.60,9775818
2021-07-12,75.90,75.94,75.42,75.66,9620230
2021-07-13,75.53,76.52,75.47,75.97,15202840
2021-07-14,76.58,76.92,76.19,76.53,12886728
2021-07-15,76.44,76.50,75.50,75.90,12506684
2021-07-16,76.05,76.41,75.08,75.15,15080946
2021-07-19,74.25,74.46,73.69,74.11,24253980
2021-07-20,74.48,75.63,74.06,75.22,14715530
2021-07-21,75.19,75.95,75.05,75.94,12233956
2021-07-22,76.10,76.56,76.10,76.50,9578160
2021-07-23,76.84,77.30,76.56,77.26,12576154
2021-07-26,77.06,77.36,76.78,77.22,8993372
2021-07-27,77.12,77.15,75.53,76.49,18089898
2021-07-28,76.52,76.80,75.67,76.39,13941162
2021-07-29,76.31,77.01,76.31,76.75,12030696
2021-07-30,76.26,76.78,76.24,76.70,10149456
2021-08-02,77.05,77.15,76.32,76.42,12205870
2021-08-03,76.56,76.95,75.94,76.92,10825226
2021-08-04,76.86,77.26,76.61,77.07,11322782
2021-08-05,77.21,77.52,76.98,77.50,6674662
2021-08-06,77.22,77.52,77.20,77.43,7602836
2021-08-09,77.52,77.66,77.11,77.18,7198130
2021-08-10,77.32,77.39,76.40,76.62,10421348
2021-08-11,76.89,77.03,76.25,76.64,10832258
2021-08-12,76.56,77.12,76.24,77.08,6948712
2021-08-13,77.12,77.52,77.04,77.50,5631218
2021-08-16,77.31,77.86,76.66,77.84,9494214
2021-08-17,77.37,77.50,76.72,77.20,19052668
2021-08-18,77.02,77.36,76.05,76.14,13481182
2021-08-19,75.72,77.17,75.61,76.88,19291344
2021-08-20,77.17,77.94,76.98,77.87,14769720
2021-08-23,78.08,78.99,78.07,78.88,10802474
2021-08-24,78.97,79.06,78.72,78.78,9537024
2021-08-25,78.97,79.18,78.61,78.74,9430450
2021-08-26,78.64,78.81,78.18,78.25,12056660
2021-08-27,78.31,79.06,78.18,79.00,14088762
2021-08-30,79.23,79.94,79.23,79.85,10026814
2021-08-31,79.90,79.92,79.28,79.43,21971120
2021-09-01,79.70,80.06,79.39,79.45,20290360
2021-09-02,79.75,79.85,79.05,79.36,21771400
2021-09-03,79.27,79.89,79.25,79.68,21204800
2021-09-07,79.78,79.87,79.32,79.70,19724356
2021-09-08,79.69,79.72,78.83,79.39,11466304
2021-09-09,79.45,79.72,79.03,79.09,11161146
2021-09-10,79.53,79.73,78.24,78.31,17080214
2021-09-13,78.91,79.11,77.83,78.34,22637740
2021-09-14,78.67,78.83,78.03,78.24,18431550
2021-09-15,78.50,78.99,78.06,78.92,16339294
2021-09-16,78.64,79.05,78.16,78.97,16148502
2021-09-17,78.77,78.77,77.62,77.74,22663000
2021-09-20,76.47,76.86,75.17,76.19,35669300
2021-09-21,76.66,76.84,75.92,76.22,18454970
2021-09-22,76.64,77.56,76.30,77.27,27990660
2021-09-23,77.67,78.48,77.42,78.30,19534672
2021-09-24,77.83,78.48,77.79,78.36,11652500
2021-09-27,77.69,77.88,77.10,77.59,15014944
2021-09-28,76.60,76.78,75.23,75.30,38190680
2021-09-29,75.61,76.00,75.07,75.20,25011960
2021-09-30,75.64,75.97,74.62,74.66,33416520
2021-10-01,74.93,75.95,74.17,75.78,45483860
2021-10-04,75.35,75.44,73.44,74.03,50773040
2021-10-05,74.18,75.51,74.11,75.08,32967540
2021-10-06,74.22,75.63,73.97,75.58,40004760
2021-10-07,76.23,76.86,76.12,76.27,19895612
2021-10-08,76.56,76.61,75.86,75.98,18426984
2021-10-11,75.64,76.58,75.51,75.56,14970528
2021-10-12,75.86,75.95,75.05,75.17,17853316
2021-10-13,75.50,75.80,75.00,75.63,19523488
2021-10-14,76.40,77.37,76.29,77.33,15200418
2021-10-15,77.61,77.97,77.37,77.95,12779234
2021-10-18,77.52,78.66,77.31,78.61,11630264
2021-10-19,78.83,79.39,78.67,79.39,13201414
2021-10-20,79.47,79.58,78.83,79.17,12025334
2021-10-21,78.94,79.52,78.77,79.48,10023166
2021-10-22,79.45,79.78,78.88,79.20,12490012
2021-10-25,79.50,79.75,79.16,79.47,10337112
2021-10-26,80.00,80.33,79.65,79.69,13189518
2021-10-27,79.83,80.23,79.54,79.62,17448022
2021-10-28,80.11,80.48,79.95,80.42,12756880
2021-10-29,79.63,80.81,79.53,80.77,20131760
2021-11-01,80.77,80.81,80.23,80.64,24421240
2021-11-02,80.75,81.56,80.75,81.36,26814600
2021-11-03,81.50,82.00,81.02,81.83,25978620
2021-11-04,82.14,83.31,82.00,83.11,28691400
2021-11-05,83.72,84.01,83.02,83.54,24224120
2021-11-08,83.81,84.14,83.61,83.99,12780914
2021-11-09,84.11,84.20,83.22,83.64,16823118
2021-11-10,83.00,83.42,82.02,82.27,25788780
2021-11-11,82.86,82.89,82.52,82.65,10103808
2021-11-12,82.92,83.79,82.78,83.66,12244554
2021-11-15,83.99,84.11,83.09,83.57,12490390
2021-11-16,83.47,84.56,83.42,84.45,13538818
2021-11-17,84.28,84.72,83.93,84.19,15417874
2021-11-18,84.68,85.16,84.07,85.03,19968010
2021-11-19,85.34,85.98,85.06,85.66,17717568
2021-11-22,85.99,87.12,84.65,84.70,28465000
2021-11-23,84.38,84.78,83.44,84.50,29241360
2021-11-24,84.00,85.14,83.59,85.12,18241040
2021-11-26,83.91,84.56,82.67,83.00,24767880
2021-11-29,84.23,85.30,83.97,85.07,24979760
2021-11-30,84.75,85.53,83.64,84.36,54066720
2021-12-01,85.25,85.89,83.13,83.20,39091240
2021-12-02,82.44,84.36,82.25,83.97,46872500
2021-12-03,84.21,84.47,81.53,82.56,48470060
2021-12-06,82.81,83.60,81.94,83.35,37800340
2021-12-07,85.01,86.36,85.00,86.26,28691100
2021-12-08,86.29,86.72,85.69,86.66,23261580
2021-12-09,86.44,87.00,85.65,85.72,17201020
2021-12-10,86.62,87.55,86.36,87.44,24777040
2021-12-13,87.62,87.79,86.02,86.14,20973980
2021-12-14,85.10,85.64,83.70,84.72,27094780
2021-12-15,84.80,87.06,83.99,86.97,28270820
2021-12-16,87.30,87.44,84.00,84.50,31275600
2021-12-17,83.58,84.76,83.14,83.94,44823260
2021-12-20,82.50,83.05,82.18,82.78,32649520
2021-12-21,83.67,84.95,82.89,84.88,16810832
2021-12-22,84.77,86.05,84.54,85.99,13376198
2021-12-23,86.11,86.81,86.09,86.47,9792570
2021-12-27,86.81,88.34,86.80,88.33,13279142
2021-12-28,88.49,88.52,87.64,87.86,11423964
2021-12-29,87.89,88.30,87.48,87.94,9687772
2021-12-30,87.97,88.27,87.25,87.36,10526424
2021-12-31,87.28,87.48,86.89,86.94,10243082
2022-01-03,87.05,87.84,86.67,87.76,20302860
2022-01-04,87.91,88.00,86.17,86.83,16647996
2022-01-05,86.33,86.39,84.13,84.16,23628500
2022-01-06,83.49,84.60,83.23,83.73,23767120
2022-01-07,83.68,84.08,82.42,82.97,30488680
2022-01-10,81.73,83.08,80.64,82.98,32501420
2022-01-11,82.77,84.09,82.15,83.97,19207590
2022-01-12,84.60,85.18,83.95,84.37,18143980
2022-01-13,84.81,85.05,81.98,82.19,20942680
2022-01-14,81.62,82.93,81.62,82.88,22351360
2022-01-18,81.67,82.16,80.67,80.89,24709840
2022-01-19,81.14,82.14,79.68,79.76,24961320
2022-01-20,80.47,81.37,78.62,78.73,37609060
2022-01-21,78.54,79.44,77.14,77.17,48016520
2022-01-24,75.88,77.62,73.12,77.56,67429640
2022-01-25,76.05,77.21,74.90,75.77,48886300
2022-01-26,77.83,78.74,75.31,76.22,53596260
2022-01-27,77.45,77.86,75.42,75.69,39456120
2022-01-28,76.63,79.02,75.49,79.00,44236100
2022-01-31,79.02,81.09,78.64,80.98,29121080
2022-02-01,81.09,81.33,80.02,81.19,23389880
2022-02-02,81.37,81.99,80.82,81.86,25504820
2022-02-03,80.69,81.25,79.19,79.48,27865360
2022-02-04,79.06,80.50,78.72,79.80,29721820
2022-02-07,79.86,80.33,78.97,79.27,14622678
2022-02-08,79.02,80.47,78.83,80.25,21139780
2022-02-09,81.28,82.06,80.95,82.03,17795580
2022-02-10,80.40,81.77,79.47,79.89,31692200
2022-02-11,79.97,80.31,77.15,77.44,34878820
2022-02-14,77.24,78.04,76.52,77.42,41030380
2022-02-15,78.58,79.51,78.31,79.45,24445420
2022-02-16,78.92,79.65,78.06,79.38,20318220
2022-02-17,78.64,78.72,76.85,77.00,24906420
2022-02-18,77.27,77.38,75.64,76.22,25310800
2022-02-22,75.42,76.72,74.69,75.52,26893500
2022-02-23,76.30,76.50,73.55,73.62,37879360
2022-02-24,71.09,76.19,70.86,76.14,50967780
2022-02-25,76.25,77.20,75.32,77.17,28301660
2022-02-28,76.36,77.36,75.72,77.03,34822300
2022-03-01,76.75,77.14,74.91,75.50,29924980
2022-03-02,76.05,77.45,75.46,77.13,25592400
2022-03-03,77.78,77.78,75.82,76.21,23450700
2022-03-04,75.61,75.93,74.28,74.88,26732740
2022-03-07,74.81,75.16,72.09,72.14,32864280
2022-03-08,71.94,74.02,70.72,71.78,36898440
2022-03-09,73.73,74.97,73.14,74.62,35327340
2022-03-10,73.31,73.53,72.21,73.32,27448480
2022-03-11,73.97,74.16,71.92,72.03,21457720
2022-03-14,71.70,72.52,70.49,70.69,27852440
2022-03-15,71.25,73.22,71.02,73.07,22993880
2022-03-16,74.00,75.47,72.82,75.44,27176080
2022-03-17,75.04,76.03,74.64,75.98,18518844
2022-03-18,75.71,77.67,75.34,77.53,27897880
2022-03-21,76.97,77.66,76.23,77.25,22341420
2022-03-22,77.30,78.76,77.19,78.36,17485818
2022-03-23,77.62,78.34,77.08,77.15,12360626
2022-03-24,77.58,79.17,77.32,79.16,14263466
2022-03-25,79.28,79.39,78.12,79.11,14875576
2022-03-28,78.75,80.08,78.55,80.05,18592912
2022-03-29,80.98,81.83,80.41,81.75,18829726
2022-03-30,81.33,81.56,80.23,80.66,18680356
2022-03-31,80.65,80.80,79.34,79.47,19424120
2022-04-01,79.55,79.73,78.34,79.23,28209560
2022-04-04,79.44,80.78,79.41,80.73,23048300
2022-04-05,80.39,80.57,78.76,79.03,23588160
2022-04-06,77.72,77.90,76.48,77.17,34225320
2022-04-07,76.75,77.81,76.23,77.28,23200180
2022-04-08,76.94,77.12,76.04,76.20,26354580
2022-04-11,75.25,75.34,74.19,74.28,21595340
2022-04-12,75.20,75.78,73.67,73.95,22172220
2022-04-13,74.00,75.38,73.72,75.14,14446724
2022-04-14,75.22,75.36,73.28,73.32,17407032
2022-04-18,72.96,74.03,72.94,73.56,14060570
2022-04-19,73.38,75.07,73.11,74.94,13562150
2022-04-20,75.67,75.86,74.65,74.87,15652590
2022-04-21,75.60,76.31,73.38,73.60,18509228
2022-04-22,73.52,73.95,71.44,71.54,22094880
2022-04-25,71.22,72.67,70.78,72.61,28707540
2022-04-26,71.95,72.06,69.88,69.91,25953280
2022-04-27,70.69,72.31,70.53,70.94,40048600
2022-04-28,72.06,74.20,71.67,73.78,27762420
2022-04-29,72.98,73.83,70.58,70.71,29589860
2022-05-02,70.63,71.88,69.83,71.78,37004320
2022-05-03,71.78,72.35,71.25,71.91,27469820
2022-05-04,72.19,74.57,71.00,74.44,28650480
2022-05-05,73.34,73.43,70.01,70.86,36442240
2022-05-06,70.21,71.41,69.23,70.28,34862120
2022-05-09,69.02,69.46,67.25,67.56,41124660
2022-05-10,69.17,69.56,67.58,68.59,36370400
2022-05-11,67.97,69.27,66.22,66.43,34781840
2022-05-12,65.44,66.70,64.22,65.75,36506600
2022-05-13,66.64,68.27,66.21,67.93,24495700
2022-05-16,67.36,68.23,66.75,67.33,17423480
2022-05-17,68.78,69.39,68.00,69.28,18602228
2022-05-18,68.36,68.56,65.86,66.11,23670140
2022-05-19,65.61,66.51,65.08,65.39,20874900
2022-05-20,66.30,66.47,63.52,65.53,20252540
2022-05-23,65.73,67.12,65.53,67.03,17219682
2022-05-24,66.10,66.44,64.89,66.04,17122034
2022-05-25,65.61,67.31,65.56,66.81,13656628
2022-05-26,66.42,68.71,66.28,68.42,15556630
2022-05-27,69.18,70.75,69.05,70.73,16281786
2022-05-31,70.45,70.92,69.54,70.22,19420896
2022-06-01,70.98,71.46,69.50,70.02,13304796
2022-06-02,69.52,71.72,69.19,71.71,13868330
2022-06-03,70.35,70.83,69.67,70.00,11263738
2022-06-06,70.88,71.31,69.65,70.00,12589556
2022-06-07,69.25,70.97,69.11,70.83,11016670
2022-06-08,70.62,70.97,69.84,70.03,8814288
2022-06-09,69.53,70.20,68.15,68.17,9765206
2022-06-10,66.99,67.20,65.53,65.55,20886300
2022-06-13,63.48,64.08,62.41,62.64,36332700
2022-06-14,63.11,63.45,62.45,63.03,18250344
2022-06-15,63.82,65.31,62.95,64.36,25069580
2022-06-16,62.73,62.78,61.23,61.74,32690820
2022-06-17,61.73,62.90,61.30,62.31,27684880
2022-06-21,63.05,64.18,63.05,63.73,17244996
2022-06-22,63.03,64.34,62.86,63.46,15163482
2022-06-23,64.00,64.53,63.42,64.41,16042176
2022-06-24,65.15,66.74,65.15,66.72,25492120
2022-06-27,66.94,67.14,65.97,66.28,13917296
2022-06-28,66.33,67.00,64.26,64.29,15262200
2022-06-29,64.21,64.81,63.69,64.42,13607150
2022-06-30,63.56,64.36,62.55,63.56,15720322
2022-07-01,63.16,63.87,62.62,63.70,13930634
2022-07-05,62.84,64.52,62.48,64.50,14341070
2022-07-06,64.64,65.58,64.33,65.06,16166924
2022-07-07,65.34,66.56,65.34,66.41,13082248
2022-07-08,65.69,66.65,65.49,66.44,12626922
2022-07-11,65.86,66.14,65.07,65.52,11416688
2022-07-12,65.76,66.13,64.25,64.62,16553392
2022-07-13,63.41,64.87,63.13,64.45,15162656
2022-07-14,63.94,65.28,63.12,65.05,13728816
2022-07-15,65.67,66.22,65.39,66.19,13529292
2022-07-18,66.84,67.08,65.30,65.55,9897692
2022-07-19,66.28,67.62,65.88,67.55,12330544
2022-07-20,67.56,68.89,67.38,68.61,12537132
2022-07-21,68.69,69.58,67.97,69.57,12957540
2022-07-22,69.54,69.83,68.21,68.61,10583612
2022-07-25,68.58,68.66,67.66,68.17,13951166
2022-07-26,68.12,68.14,66.82,67.07,10167834
2022-07-27,68.17,70.32,68.08,69.95,17073504
2022-07-28,70.03,71.18,69.41,71.02,12408084
2022-07-29,71.24,72.33,70.94,72.11,10177350
2022-08-01,71.46,72.67,71.28,71.95,12516006
2022-08-02,71.33,72.27,70.83,71.44,15921800
2022-08-03,71.80,73.55,71.78,73.34,14243530
2022-08-04,73.32,73.72,72.85,73.68,11679826
2022-08-05,72.50,73.72,72.44,73.51,7921028
2022-08-08,73.44,74.02,72.49,72.89,11102826
2022-08-09,72.30,72.44,71.77,72.16,8565724
2022-08-10,73.87,74.19,73.28,74.12,19273104
2022-08-11,74.59,75.03,73.70,73.83,11025814
2022-08-12,74.32,75.31,74.09,75.31,8093918
2022-08-15,75.00,75.89,74.92,75.78,7162566
2022-08-16,75.44,75.93,74.87,75.58,10990682
2022-08-17,74.89,75.61,74.50,75.03,12632760
2022-08-18,75.11,75.72,74.82,75.42,9976866
2022-08-19,74.81,74.89,73.89,74.06,10146530
2022-08-22,73.05,73.07,71.81,71.99,10744248
2022-08-23,71.85,72.56,71.70,71.80,14777366
2022-08-24,71.75,72.15,71.45,71.84,8983272
2022-08-25,72.03,73.06,71.94,73.06,7126616
2022-08-26,73.03,73.20,69.89,69.94,14321890
2022-08-29,69.19,69.69,68.75,69.02,13231528
2022-08-30,69.41,69.52,67.67,68.30,13268782
2022-08-31,68.70,68.92,67.59,67.63,14171324
2022-09-01,66.97,67.39,65.89,67.30,15988608
2022-09-02,68.00,68.38,66.08,66.42,16606528
2022-09-06,66.52,66.80,65.55,65.98,14990208
2022-09-07,66.11,67.31,65.89,67.04,11656950
2022-09-08,66.55,67.62,66.25,67.27,11210602
2022-09-09,67.83,68.78,67.70,68.60,11418630
2022-09-12,69.03,69.73,69.02,69.70,10180954
2022-09-13,67.71,68.09,65.82,66.00,20148720
2022-09-14,66.31,66.72,65.61,66.24,13229162
2022-09-15,65.71,66.11,64.33,64.72,14885286
2022-09-16,64.15,64.49,63.44,64.36,20762120
2022-09-19,63.55,64.78,63.52,64.72,15683274
2022-09-20,64.11,64.75,63.78,64.34,12109644
2022-09-21,64.67,65.62,63.33,63.34,16808704
2022-09-22,62.98,63.38,62.34,62.69,16034248
2022-09-23,62.12,62.22,61.05,61.87,19396678
2022-09-26,61.68,62.72,61.27,61.44,17194090
2022-09-27,62.26,62.84,60.95,61.52,18714718
2022-09-28,61.11,62.47,60.64,62.17,18933394
2022-09-29,61.28,61.42,59.84,60.55,31096680
2022-09-30,60.30,61.20,59.28,59.39,19512912
2022-10-03,59.86,61.59,59.63,61.23,17332280
2022-10-04,62.47,63.35,62.42,63.28,17779080
2022-10-05,62.43,63.95,62.06,63.49,14600312
2022-10-06,63.33,64.03,62.90,62.98,14348220
2022-10-07,61.69,61.70,60.06,60.38,15748926
2022-10-10,60.38,60.47,58.77,59.37,16706192
2022-10-11,59.03,59.44,58.02,58.46,21044820
2022-10-12,58.51,58.91,58.18,58.28,14111642
2022-10-13,56.70,60.40,56.48,60.09,38114620
2022-10-14,60.58,60.71,58.30,58.40,22484420
2022-10-17,59.83,60.48,59.67,60.18,14599528
2022-10-18,61.74,61.96,59.92,60.69,13997984
2022-10-19,60.16,61.12,59.91,60.52,10983990
2022-10-20,60.53,61.87,60.25,60.55,12429648
2022-10-21,60.40,62.30,60.20,62.17,17125906
2022-10-24,62.44,63.26,61.67,63.03,13385182
2022-10-25,63.19,64.28,63.19,64.23,10264990
2022-10-26,62.62,64.13,62.52,62.80,15169380
2022-10-27,63.04,63.42,61.95,62.09,11694842
2022-10-28,62.44,64.92,62.44,64.79,14935444
2022-10-31,64.14,64.32,63.55,63.94,13292266
2022-11-01,64.73,64.84,63.12,63.40,9413280
2022-11-02,63.35,64.17,61.19,61.21,18095240
2022-11-03,60.35,60.47,59.37,59.41,16010698
2022-11-04,60.65,60.81,59.11,60.49,17896288
2022-11-07,60.60,61.60,60.17,61.51,10427628
2022-11-08,62.02,62.84,61.18,62.09,12721946
2022-11-09,61.52,61.55,60.39,60.48,11962548
2022-11-10,63.47,65.52,63.15,65.45,27932120
2022-11-11,65.39,66.79,65.07,66.57,15977826
2022-11-14,66.05,66.83,65.68,66.00,14526560
2022-11-15,67.50,67.78,66.13,66.80,12716116
2022-11-16,66.28,66.48,65.61,65.89,10095986
2022-11-17,64.83,66.28,64.81,65.97,8160310
2022-11-18,66.72,66.73,65.49,66.05,11912342
2022-11-21,65.67,65.94,65.20,65.33,8363846
2022-11-22,65.62,66.64,65.15,66.60,9019194
2022-11-23,66.45,67.39,66.41,67.19,9480606
2022-11-25,66.73,67.00,66.61,66.80,3262932
2022-11-28,66.05,66.47,65.11,65.37,13040250
2022-11-29,65.28,65.48,64.47,64.73,11570226
2022-11-30,64.70,67.99,64.64,67.98,23334460
2022-12-01,68.05,68.40,67.23,68.08,15165810
2022-12-02,66.94,67.91,66.67,67.68,8934382
2022-12-05,67.16,67.54,66.11,66.56,11526568
2022-12-06,66.48,66.58,64.71,65.13,11799696
2022-12-07,64.89,65.30,64.33,64.80,10413890
2022-12-08,65.16,66.05,64.77,65.86,8965786
2022-12-09,65.56,66.38,65.21,65.45,10402948
2022-12-12,65.56,66.89,65.54,66.89,14806196
2022-12-13,69.32,69.67,66.99,67.67,18607506
2022-12-14,67.61,68.40,66.32,67.11,19540956
2022-12-15,66.00,66.25,64.35,64.59,19226176
2022-12-16,64.38,64.75,63.41,63.74,23999240
2022-12-19,63.56,63.66,62.30,62.71,14276568
2022-12-20,62.38,63.12,62.08,62.80,12622074
2022-12-21,63.09,64.14,62.94,63.84,14670552
2022-12-22,63.05,63.11,61.18,62.23,15324906
2022-12-23,61.79,62.36,61.33,62.30,8231592
2022-12-27,62.09,62.20,61.34,61.71,9530210
2022-12-28,61.56,62.13,60.65,60.72,10362964
2022-12-29,61.31,62.52,61.30,62.30,10954286
2022-12-30,61.66,62.26,61.27,62.22,8905870
2023-01-03,62.88,63.30,61.19,61.63,15196140
2023-01-04,61.95,62.19,61.11,61.79,11813004
2023-01-05,61.48,61.64,60.48,60.59,11341030
2023-01-06,61.12,62.65,60.41,62.37,13825480
2023-01-09,62.92,64.24,62.91,63.09,21427260
2023-01-10,62.94,63.58,62.60,63.48,17209054
2023-01-11,63.68,64.58,63.48,64.58,13757972
2023-01-12,64.68,65.36,63.89,65.06,15358670
2023-01-13,64.44,65.34,64.30,65.25,10153164
2023-01-17,65.16,65.92,65.08,65.54,10425718
2023-01-18,65.91,66.26,64.66,64.69,13935922
2023-01-19,64.19,64.55,63.70,63.94,14645026
2023-01-20,64.26,65.72,64.03,65.67,14127872
2023-01-23,65.94,67.55,65.78,67.17,23472880
2023-01-24,66.78,67.39,66.69,67.14,12575678
2023-01-25,66.00,67.17,65.39,67.00,14342294
2023-01-26,67.65,68.09,66.95,68.06,11161740
2023-01-27,67.64,68.83,67.61,68.35,13549320
2023-01-30,67.56,67.86,66.99,67.05,9705914
2023-01-31,67.05,68.01,67.00,67.98,8871606
2023-02-01,67.93,70.14,67.61,69.58,18852750
2023-02-02,70.77,71.88,70.44,71.48,18824052
2023-02-03,70.25,72.05,70.14,70.89,16145326
2023-02-06,70.10,70.65,69.75,70.02,12977458
2023-02-07,70.12,72.04,70.09,71.77,15708144
2023-02-08,71.91,72.30,70.76,70.91,12577078
2023-02-09,72.00,72.12,70.23,70.52,12624028
2023-02-10,69.99,70.43,69.53,70.19,9861570
2023-02-13,70.47,71.56,70.42,71.41,8411828
2023-02-14,71.07,72.11,70.62,71.71,12621946
2023-02-15,71.28,72.05,71.11,72.05,10492454
2023-02-16,71.00,71.81,70.74,70.80,13001292
2023-02-17,70.29,70.37,69.30,69.91,10606678
2023-02-21,68.97,69.39,68.19,68.25,12277714
2023-02-22,68.39,68.70,67.83,68.15,14338388
2023-02-23,69.42,69.54,68.31,69.28,13120416
2023-02-24,68.05,68.34,67.65,68.05,14347584
2023-02-27,68.73,69.08,68.28,68.41,9388976
2023-02-28,68.19,68.92,68.07,68.26,10486298
2023-03-01,68.29,68.40,67.55,67.76,15069354
2023-03-02,67.58,68.81,67.46,68.59,10971264
2023-03-03,69.03,70.07,68.97,70.07,14439668
2023-03-06,70.52,71.36,70.35,70.41,15999230
2023-03-07,70.35,70.62,69.36,69.53,14120110
2023-03-08,69.78,70.19,69.36,70.11,13246948
2023-03-09,70.22,71.00,68.97,69.10,15624590
2023-03-10,69.00,69.17,67.61,67.89,30556800
2023-03-13,67.46,69.20,67.04,68.25,34439500
2023-03-14,69.14,70.08,68.85,69.83,21202100
2023-03-15,69.06,69.95,68.73,69.87,23060040
2023-03-16,69.62,71.93,69.39,71.83,26089100
2023-03-17,71.97,72.59,71.31,71.73,23079060
2023-03-20,71.44,71.86,70.91,71.77,11981616
2023-03-21,72.16,72.47,71.40,72.34,13066400
2023-03-22,72.34,73.78,71.58,71.62,14224492
2023-03-23,72.54,73.78,72.11,72.79,17595818
2023-03-24,72.56,73.02,72.08,72.98,11875410
2023-03-27,73.09,73.34,72.25,72.42,10810586
2023-03-28,72.29,72.31,71.42,72.08,9968016
2023-03-29,72.98,73.75,72.88,73.58,14256586
2023-03-30,74.27,74.55,73.94,74.44,11202418
2023-03-31,74.35,75.57,74.25,75.50,15069766
2023-04-03,75.05,75.49,74.69,75.39,21142120
2023-04-04,75.50,75.75,74.69,74.97,15824730
2023-04-05,74.61,74.69,73.58,74.11,15737560
2023-04-06,73.58,74.63,73.25,74.53,15696014
2023-04-10,73.80,74.51,73.39,74.50,9517176
2023-04-11,74.36,74.38,73.67,73.80,12750794
2023-04-12,74.30,74.50,73.25,73.38,13235772
2023-04-13,73.66,74.86,73.54,74.74,13641796
2023-04-14,74.32,74.93,73.67,74.33,13003696
2023-04-17,74.42,74.76,74.02,74.59,8306424
2023-04-18,75.17,75.36,74.50,74.83,9213060
2023-04-19,74.15,74.75,74.05,74.61,8623212
2023-04-20,73.92,74.86,73.79,74.12,11416252
2023-04-21,73.80,74.01,73.40,73.88,12237748
2023-04-24,73.58,73.94,73.00,73.56,9079936
2023-04-25,73.19,73.33,71.96,71.98,11022646
2023-04-26,73.25,73.81,72.88,73.06,13603396
2023-04-27,73.40,74.66,73.22,74.61,12084768
2023-04-28,74.61,75.43,74.53,75.42,11791940
2023-05-01,75.36,75.82,75.23,75.46,8194378
2023-05-02,75.55,75.64,74.36,74.75,12058870
2023-05-03,74.84,75.33,74.09,74.12,11630198
2023-05-04,73.83,74.27,73.47,73.77,10860910
2023-05-05,74.48,75.88,74.38,75.62,12229996
2023-05-08,75.47,75.64,75.11,75.58,6795686
2023-05-09,75.17,75.31,74.92,75.00,12473400
2023-05-10,75.66,76.09,75.18,75.92,10551820
2023-05-11,75.79,75.79,75.05,75.58,8957092
2023-05-12,75.70,75.81,74.89,75.47,7907956
2023-05-15,75.55,76.11,75.28,76.10,6796922
2023-05-16,76.00,76.59,75.97,76.18,9398476
2023-05-17,76.50,77.33,76.15,77.19,11916612
2023-05-18,77.29,78.89,77.29,78.78,15491208
2023-05-19,78.80,78.93,78.47,78.74,9805102
2023-05-22,78.50,79.09,78.38,78.89,10794178
2023-05-23,78.50,78.82,77.69,77.72,11690952
2023-05-24,77.11,77.47,76.73,77.16,10925504
2023-05-25,79.20,80.43,78.79,80.11,18077998
2023-05-26,80.32,82.53,80.31,82.39,15159996
2023-05-30,83.60,84.02,82.66,82.83,18123690
2023-05-31,82.36,83.13,82.09,82.14,19301020
2023-06-01,81.88,83.33,81.61,82.97,17419456
2023-06-02,83.47,83.83,82.86,83.45,14270542
2023-06-05,83.40,83.95,82.82,82.97,10908996
2023-06-06,82.77,83.13,82.36,82.95,9975664
2023-06-07,82.79,83.44,81.54,81.71,13703760
2023-06-08,81.83,82.72,81.77,82.59,10667444
2023-06-09,83.00,83.86,82.72,83.00,14415564
2023-06-12,83.58,84.84,83.41,84.81,13792040
2023-06-13,85.56,85.73,84.64,85.33,16595880
2023-06-14,85.22,86.23,84.93,86.20,16769036
2023-06-15,85.86,87.70,85.83,87.31,17732672
2023-06-16,88.14,88.15,86.51,86.59,17366668
2023-06-20,85.92,86.45,85.37,85.83,14139162
2023-06-21,85.50,85.67,84.31,84.56,12057926
2023-06-22,84.18,85.28,84.17,85.25,15225170
2023-06-23,84.20,84.82,83.97,84.33,14728914
2023-06-26,84.40,85.14,83.66,83.72,10890262
2023-06-27,84.06,85.56,83.97,85.37,13832904
2023-06-28,84.89,85.88,84.83,85.42,11371684
2023-06-29,85.51,85.72,85.06,85.57,9128292
2023-06-30,86.42,87.15,86.36,86.93,11398444
2023-07-03,86.92,86.95,86.31,86.75,6182200
2023-07-05,86.14,86.86,86.06,86.21,9396398
2023-07-06,85.36,86.06,85.10,85.98,12116420
2023-07-07,85.84,86.64,85.56,85.61,11622510
2023-07-10,85.30,85.83,84.97,85.83,16877102
2023-07-11,86.01,86.11,85.17,86.02,9997360
2023-07-12,86.88,87.40,86.40,86.99,16104564
2023-07-13,87.58,88.31,87.41,88.12,9349222
2023-07-14,88.34,89.03,87.74,88.00,11543822
2023-07-17,88.16,89.38,88.06,89.12,11860560
2023-07-18,88.92,90.56,88.45,90.13,16406770
2023-07-19,90.36,90.73,89.56,89.91,20989940
2023-07-20,89.33,89.71,87.83,88.11,24356040
2023-07-21,88.67,89.11,87.96,88.06,14871416
2023-07-24,88.45,88.67,87.88,88.22,11308260
2023-07-25,88.50,89.53,88.49,89.23,10802206
2023-07-26,88.30,88.51,87.41,88.03,15501528
2023-07-27,89.22,89.49,87.38,87.78,13856950
2023-07-28,88.59,89.23,88.41,88.97,11287748
2023-07-31,89.05,89.28,88.67,89.17,10139704
2023-08-01,88.89,89.52,88.65,89.33,8848614
2023-08-02,88.54,88.59,86.80,87.11,15826848
2023-08-03,86.41,87.27,86.35,86.76,11321866
2023-08-04,86.47,86.98,85.44,85.58,14431702
2023-08-07,85.94,86.23,85.20,85.82,9535996
2023-08-08,85.22,85.27,84.31,85.16,11461802
2023-08-09,85.28,85.28,83.77,84.06,14301782
2023-08-10,84.70,85.44,83.66,84.07,12731314
2023-08-11,83.40,83.94,83.16,83.45,10771912
2023-08-14,83.36,84.79,83.17,84.78,10328006
2023-08-15,84.53,84.83,83.75,83.94,9366346
2023-08-16,83.77,84.25,83.14,83.14,9779464
2023-08-17,83.52,83.67,82.23,82.36,12614734
2023-08-18,81.52,82.81,81.47,82.48,13658668
2023-08-21,82.91,84.22,82.83,84.06,13132846
2023-08-22,84.81,84.86,83.78,83.96,11365560
2023-08-23,84.17,85.72,84.16,85.47,10113242
2023-08-24,86.55,86.56,83.44,83.50,13928906
2023-08-25,83.84,84.82,83.09,84.36,15686580
2023-08-28,85.00,85.22,84.39,85.05,8964298
2023-08-29,84.80,86.83,84.71,86.75,13713878
2023-08-30,86.77,87.49,86.47,87.41,12266660
2023-08-31,87.61,88.17,87.51,87.83,11963490
2023-09-01,88.38,88.50,87.65,88.10,9244660
2023-09-05,87.88,88.69,87.59,88.42,10060370
2023-09-06,88.07,88.29,86.94,87.48,18143226
2023-09-07,85.86,86.41,85.54,86.22,12513846
2023-09-08,86.21,86.95,86.17,86.39,8584962
2023-09-11,87.16,87.23,86.08,86.84,8272768
2023-09-12,86.12,86.42,85.11,85.27,12243414
2023-09-13,85.23,85.94,85.00,85.48,10008760
2023-09-14,86.01,86.32,85.47,86.11,9473262
2023-09-15,85.80,85.82,84.22,84.45,13116818
2023-09-18,84.03,84.95,84.00,84.67,9943806
2023-09-19,84.31,84.84,83.86,84.63,8237334
2023-09-20,84.86,84.97,83.27,83.30,10766130
2023-09-21,82.42,83.01,81.99,82.03,14742824
2023-09-22,82.39,82.96,82.02,82.20,12537866
2023-09-25,82.00,82.59,81.78,82.47,10577338
2023-09-26,81.93,81.97,80.70,80.98,14925956
2023-09-27,81.38,81.53,80.31,81.11,11665142
2023-09-28,80.72,82.20,80.34,81.69,12829318
2023-09-29,82.49,83.25,81.69,81.97,15883816
2023-10-02,82.00,83.08,81.88,82.84,13656154
2023-10-03,82.38,82.94,81.02,81.44,14838716
2023-10-04,81.50,82.67,81.50,82.45,15194224
2023-10-05,82.45,82.70,81.58,82.56,12022956
2023-10-06,82.00,84.47,81.76,84.11,16625532
2023-10-09,83.59,84.67,83.21,84.55,13139160
2023-10-10,84.61,85.36,84.37,84.67,20403200
2023-10-11,84.94,85.50,84.67,85.46,10389272
2023-10-12,85.53,86.42,84.89,85.54,15405834
2023-10-13,85.71,85.86,84.02,84.31,15191938
2023-10-16,84.45,85.51,84.44,85.12,14544178
2023-10-17,84.06,85.17,83.45,84.73,15318272
2023-10-18,84.14,84.82,83.52,83.86,12862902
2023-10-19,84.19,84.76,83.23,83.38,19991730
2023-10-20,83.34,83.40,81.89,81.97,15350452
2023-10-23,81.46,82.90,81.00,82.06,15158934
2023-10-24,82.39,82.75,81.74,82.63,11180350
2023-10-25,83.03,83.12,81.41,81.66,15529614
2023-10-26,81.80,82.16,79.75,80.09,20646480
2023-10-27,80.58,81.38,80.20,80.56,16231560
2023-10-30,80.98,81.71,80.74,81.42,14180952
2023-10-31,81.47,82.08,80.83,82.00,10893520
2023-11-01,82.15,83.70,82.15,83.59,20945760
2023-11-02,84.34,85.08,84.23,85.00,16192668
2023-11-03,84.92,86.22,84.73,85.88,15661728
2023-11-06,86.00,86.47,85.72,86.44,11099142
2023-11-07,86.67,87.64,86.55,87.39,13029784
2023-11-08,87.69,88.03,87.29,87.89,10722660
2023-11-09,88.02,88.66,87.36,87.47,14374674
2023-11-10,88.00,89.82,87.91,89.76,13350358
2023-11-13,89.39,89.46,88.86,89.23,11725036
2023-11-14,90.60,91.25,90.32,91.02,16508432
2023-11-15,91.42,91.56,90.78,91.14,13147708
2023-11-16,90.95,91.69,90.79,91.59,11554076
2023-11-17,91.39,91.75,91.00,91.40,13278420
2023-11-20,91.52,92.97,91.50,92.72,11119662
2023-11-21,92.31,92.45,91.64,91.97,13350782
2023-11-22,92.56,93.17,92.14,92.39,11213670
2023-11-24,92.23,92.31,91.86,92.20,4193852
2023-11-27,92.08,92.73,91.91,92.20,8420186
2023-11-28,91.89,92.62,91.89,92.38,11012338
2023-11-29,93.05,93.45,92.39,92.44,10765424
2023-11-30,92.83,92.95,91.81,92.58,13744008
2023-12-01,92.34,92.95,91.89,92.79,13992110
2023-12-04,91.86,91.86,90.66,91.66,18221854
2023-12-05,91.17,92.31,91.17,92.21,10841330
2023-12-06,92.78,92.92,91.36,91.43,14731346
2023-12-07,91.86,92.69,91.67,92.54,13928806
2023-12-08,92.34,93.41,92.22,93.33,12808850
2023-12-11,93.06,94.17,92.84,94.14,37795380
2023-12-12,93.80,94.80,93.72,94.77,15055390
2023-12-13,95.00,95.83,94.77,95.61,29395000
2023-12-14,95.68,96.04,94.67,95.37,15427442
2023-12-15,95.27,96.40,95.27,95.85,18131392
2023-12-18,95.62,96.14,95.22,95.92,10138376
2023-12-19,95.91,96.30,95.85,96.29,9003672
2023-12-20,96.18,96.52,94.82,94.83,13734894
2023-12-21,95.80,96.11,95.09,95.90,11335948
2023-12-22,96.17,96.31,95.55,96.03,10215416
2023-12-26,96.08,96.62,96.08,96.42,6207558
2023-12-27,96.47,96.62,96.01,96.42,11764568
2023-12-28,96.76,96.86,96.49,96.53,9615352
2023-12-29,96.58,96.78,95.76,96.24,12190650
2024-01-02,94.93,95.08,93.12,93.72,23545460
2024-01-03,92.86,93.38,92.60,92.77,18190046
2024-01-04,92.19,92.83,92.00,92.08,12127296
2024-01-05,92.19,92.86,91.71,92.06,16350522
2024-01-08,92.53,94.44,92.43,94.37,16434662
2024-01-09,93.64,94.79,93.44,94.52,10633898
2024-01-10,94.56,95.53,94.36,95.33,9785434
2024-01-11,95.80,96.28,94.47,95.81,13297020
2024-01-12,95.97,96.34,95.64,96.12,8834636
2024-01-16,96.00,96.76,95.44,96.36,11775604
2024-01-17,95.64,96.00,94.84,95.89,14108960
2024-01-18,97.17,97.92,96.80,97.83,18918730
2024-01-19,98.47,100.11,98.25,100.08,18333144
2024-01-22,100.58,101.14,100.14,100.53,14968922
2024-01-23,100.62,101.00,100.03,100.93,13263826
2024-01-24,101.62,102.64,101.33,101.62,17651226
2024-01-25,102.56,103.07,101.58,102.05,17071494
2024-01-26,101.33,101.78,100.64,100.88,10553188
2024-01-29,101.00,101.82,100.80,101.80,7639594
2024-01-30,101.77,101.92,100.65,100.96,12251508
2024-01-31,100.00,100.41,98.79,98.84,16295208
2024-02-01,99.23,100.22,99.17,100.08,14303488
2024-02-02,99.41,101.44,99.37,101.12,12872552
2024-02-05,101.53,101.64,100.40,101.35,10086508
2024-02-06,101.46,101.64,100.23,100.89,12677116
2024-02-07,101.59,102.25,101.19,102.22,11365888
2024-02-08,102.39,102.81,102.27,102.54,9948188
2024-02-09,102.97,104.06,102.85,103.92,11612252
2024-02-12,103.92,104.23,102.98,103.13,10753232
2024-02-13,100.89,102.06,100.59,101.38,19459342
2024-02-14,102.14,102.52,101.42,102.44,11791680
2024-02-15,102.58,102.67,101.66,102.22,10796390
2024-02-16,102.50,102.70,101.15,101.28,11090418
2024-02-20,100.69,101.05,99.25,100.25,17447586
2024-02-21,99.28,99.62,98.53,99.62,15966358
2024-02-22,102.20,103.16,101.97,102.89,18551698
2024-02-23,103.70,103.83,102.32,102.64,12323940
2024-02-26,103.09,103.35,102.64,102.75,18248884
2024-02-27,103.03,103.03,102.07,102.83,9984454
2024-02-28,102.50,102.63,101.98,102.35,8329080
2024-02-29,102.89,103.73,102.32,103.49,11986746
2024-03-01,103.75,105.53,103.70,105.38,13136718
2024-03-04,105.23,105.98,105.00,105.38,20443820
2024-03-05,104.34,104.39,102.12,102.79,18042886
2024-03-06,103.86,104.38,102.91,103.61,14303188
2024-03-07,104.49,105.56,103.97,105.24,12120812
2024-03-08,105.43,106.17,103.61,103.67,14912100
2024-03-11,103.20,103.62,102.64,103.39,15648378
2024-03-12,104.39,105.52,103.39,105.51,17382880
2024-03-13,105.19,105.25,103.94,104.37,12815488
2024-03-14,104.81,105.18,103.75,104.39,16023244
2024-03-15,102.89,103.36,102.39,102.81,19633360
2024-03-18,103.55,104.21,103.07,103.15,14176566
2024-03-19,102.64,103.70,102.13,103.69,13390280
2024-03-20,103.77,104.88,103.40,104.84,13357416
2024-03-21,105.97,105.97,104.83,104.92,12312034
2024-03-22,104.92,105.34,104.55,104.95,11506956
2024-03-25,103.96,104.70,103.66,104.26,8777878
2024-03-26,104.64,104.81,103.75,103.83,8538360
2024-03-27,104.48,104.54,103.56,104.36,12495056
2024-03-28,104.11,104.44,103.92,104.14,8854310
2024-04-01,104.36,105.03,104.05,104.42,11654790
2024-04-02,103.27,103.57,102.58,103.42,11418378
2024-04-03,102.90,104.23,102.88,103.69,10669964
2024-04-04,104.69,105.05,102.00,102.06,16464724
2024-04-05,102.50,103.75,102.22,103.22,12808782
2024-04-08,103.29,103.63,102.72,103.11,8126136
2024-04-09,103.64,103.85,102.33,103.62,9401156
2024-04-10,102.44,102.74,101.92,102.36,13836754
2024-04-11,102.81,104.57,102.31,104.40,10563606
2024-04-12,103.16,103.64,102.33,102.71,16186814
2024-04-15,103.34,103.41,100.61,100.76,17189072
2024-04-16,100.98,101.50,100.48,100.88,14914022
2024-04-17,101.25,101.42,99.35,99.42,13090378
2024-04-18,99.39,99.65,98.19,98.29,15280726
2024-04-19,97.92,98.23,96.02,96.27,21879980
2024-04-22,97.00,97.71,96.04,97.12,13293442
2024-04-23,97.53,98.71,97.39,98.56,12151638
2024-04-24,99.30,99.70,98.47,99.02,9160164
2024-04-25,97.78,98.98,97.34,98.80,11567984
2024-04-26,99.58,100.64,99.19,99.92,10104168
2024-04-29,100.43,100.58,99.76,100.34,7494846
2024-04-30,100.00,100.41,98.11,98.14,14929054
2024-05-01,97.61,99.25,97.11,97.13,20453580
2024-05-02,98.37,98.67,97.13,98.53,13339990
2024-05-03,101.19,101.61,100.83,101.28,13316494
2024-05-06,101.66,102.47,101.50,102.47,8020934
2024-05-07,102.77,102.81,102.12,102.13,10021020
2024-05-08,101.77,102.53,101.74,102.42,7175942
2024-05-09,102.25,102.47,101.88,102.39,9589686
2024-05-10,102.92,103.39,102.44,102.77,8754014
2024-05-13,103.53,103.61,102.93,103.25,6581988
2024-05-14,103.22,104.31,103.16,104.17,9825164
2024-05-15,104.83,106.55,104.75,106.52,14308640
2024-05-16,106.58,106.91,106.10,106.14,12066506
2024-05-17,106.39,106.45,105.33,105.91,7616034
2024-05-20,106.02,107.36,105.92,107.16,6277268
2024-05-21,106.75,107.50,106.56,107.33,6140482
2024-05-22,107.64,107.96,106.94,107.57,11782914
2024-05-23,108.80,108.81,106.36,106.69,9400432
2024-05-24,106.97,107.83,106.61,107.59,5906412
2024-05-28,108.20,108.29,107.37,108.05,8786428
2024-05-29,106.91,107.88,106.91,107.36,8569076
2024-05-30,106.17,106.33,104.59,104.92,10459704
2024-05-31,105.22,105.25,102.77,105.08,12081012
2024-06-03,105.89,105.98,104.08,105.34,9628062
2024-06-04,105.29,105.73,104.75,105.56,6405330
2024-06-05,106.40,107.91,106.23,107.91,8788864
2024-06-06,107.97,108.04,107.27,107.55,7057672
2024-06-07,107.67,108.26,107.27,107.80,6398624
2024-06-10,107.44,108.36,107.36,108.08,6735392
2024-06-11,107.80,110.11,107.75,110.08,12719204
2024-06-12,111.18,113.66,110.97,112.52,17821256
2024-06-13,113.56,113.88,112.72,113.41,12693594
2024-06-14,113.25,113.90,113.17,113.83,7864554
2024-06-17,114.11,115.96,113.72,115.56,11602698
2024-06-18,115.67,116.08,115.25,115.70,8677722
2024-06-20,116.22,116.30,114.02,114.41,13242926
2024-06-21,114.43,114.88,113.69,114.20,13560786
2024-06-24,112.82,113.33,111.18,111.21,13748560
2024-06-25,112.03,113.31,111.39,113.25,9129082
2024-06-26,113.08,113.66,112.24,113.12,9459596
2024-06-27,112.90,113.73,112.77,113.17,7923534
2024-06-28,113.57,115.19,112.96,113.11,12488204
2024-07-01,113.28,114.16,111.64,113.97,9281668
2024-07-02,112.98,114.55,112.98,114.54,7076520
2024-07-03,114.38,116.14,114.28,116.08,6249128
2024-07-05,116.22,116.95,115.73,116.44,6671838
2024-07-08,116.81,117.58,116.61,117.23,7671038
2024-07-09,117.83,118.11,116.47,117.14,8684664
2024-07-10,117.94,118.92,117.28,118.84,8749384
2024-07-11,119.02,119.07,115.53,115.86,14110386
2024-07-12,116.19,118.14,115.78,116.90,9767552
2024-07-15,117.50,118.27,116.44,117.11,8627990
2024-07-16,117.39,117.44,115.89,116.72,7652214
2024-07-17,114.05,114.17,112.12,112.18,12440482
2024-07-18,113.41,113.43,110.78,112.19,10837174
2024-07-19,111.59,112.28,110.19,110.44,8472826
2024-07-22,111.89,113.18,111.42,113.05,10601500
2024-07-23,112.58,113.61,112.45,112.60,5530746
2024-07-24,111.13,111.48,107.68,107.94,14300720
2024-07-25,107.83,109.43,105.23,106.78,21157920
2024-07-26,108.22,109.00,107.22,108.14,11697862
2024-07-29,109.00,109.47,107.34,107.66,7343814
2024-07-30,108.06,108.17,104.15,104.95,10694518
2024-07-31,108.19,109.80,107.44,109.40,14614086
2024-08-01,109.10,110.36,104.20,105.32,16991430
2024-08-02,102.52,103.36,100.62,102.36,18621698
2024-08-05,95.95,100.86,95.37,98.95,31429900
2024-08-06,100.22,102.32,99.15,100.30,24575720
2024-08-07,102.72,103.22,98.53,98.67,17653500
2024-08-08,100.45,102.61,99.00,102.36,14442740
2024-08-09,102.30,103.41,101.67,102.81,9535506
2024-08-12,103.14,104.45,102.66,103.66,8580200
2024-08-13,104.94,106.87,104.81,106.84,9999538
2024-08-14,107.50,107.97,105.98,107.42,8922464
2024-08-15,108.81,110.62,108.58,110.52,9480170
2024-08-16,109.93,110.91,109.63,110.70,6706302
2024-08-19,110.44,112.53,109.99,112.53,13004212
2024-08-20,112.23,112.91,111.47,112.13,7221578
2024-08-21,112.20,113.18,111.84,112.79,7538728
2024-08-22,113.42,113.69,109.97,110.19,9083638
2024-08-23,111.29,112.47,110.55,111.98,10680964
2024-08-26,111.88,112.30,110.01,110.58,6268872
2024-08-27,109.89,111.48,109.35,111.25,7656002
2024-08-28,111.10,111.31,108.79,109.71,9002260
2024-08-29,109.74,111.28,108.44,108.72,13283654
2024-08-30,109.91,110.59,108.72,110.17,10048446
2024-09-03,109.00,109.08,104.50,105.11,14765758
2024-09-04,104.04,106.03,103.71,104.83,12330000
2024-09-05,104.08,105.97,103.98,104.67,8875232
2024-09-06,104.59,104.84,101.49,101.96,12441080
2024-09-09,103.22,103.75,102.27,103.63,10921976
2024-09-10,104.34,105.41,103.35,105.18,10122906
2024-09-11,105.54,108.94,103.87,108.77,12768732
2024-09-12,108.69,110.14,107.92,109.67,10606110
2024-09-13,109.81,110.50,109.36,110.22,8047324
2024-09-16,109.42,110.15,108.78,109.80,6897782
2024-09-17,110.90,111.07,109.03,109.58,6989920
2024-09-18,109.86,110.63,108.48,108.58,12741686
2024-09-19,111.64,112.50,111.03,111.81,13934078
2024-09-20,111.37,111.77,110.27,111.27,14492708
2024-09-23,111.17,111.31,110.70,111.05,7490526
2024-09-24,111.51,112.03,110.31,111.81,7025806
2024-09-25,111.58,112.61,111.53,112.12,6111536
2024-09-26,114.31,114.44,112.42,113.61,9244746
2024-09-27,113.77,113.81,112.13,112.55,6093760
2024-09-30,112.06,112.95,111.50,112.88,5501888
2024-10-01,112.55,112.61,109.47,110.13,11295304
2024-10-02,110.16,111.45,109.53,110.94,4532304
2024-10-03,110.62,112.22,110.61,111.41,5784880
2024-10-04,112.84,112.92,111.46,112.64,5015344
2024-10-07,112.14,112.89,111.59,111.87,4430412
2024-10-08,112.67,114.15,112.42,113.96,7864790
2024-10-09,114.05,115.39,113.69,115.23,7579782
2024-10-10,114.47,115.50,114.14,115.20,5692236
2024-10-11,114.93,115.67,114.76,115.41,8848914
2024-10-14,116.14,117.15,116.09,116.91,9810124
2024-10-15,117.00,117.28,113.92,114.34,14179308
2024-10-16,114.70,114.87,113.46,114.69,5758844
2024-10-17,116.30,116.36,115.05,115.05,6051182
2024-10-18,115.64,115.88,115.21,115.45,4537056
2024-10-21,115.09,116.01,114.89,116.00,6322384
2024-10-22,115.38,116.27,115.05,115.88,6169170
2024-10-23,115.44,115.62,113.24,114.22,6083640
2024-10-24,114.68,114.83,113.87,114.55,4832722
2024-10-25,115.20,116.44,114.98,115.14,8314782
2024-10-28,115.97,115.97,115.08,115.11,5899140
2024-10-29,115.33,117.00,114.90,116.66,7451664
2024-10-30,115.59,115.91,114.73,114.81,8341134
2024-10-31,113.55,113.55,111.08,111.12,12110206
2024-11-01,111.24,112.79,111.09,111.95,11565790
2024-11-04,112.06,112.67,111.39,111.87,6311970
2024-11-05,112.22,113.53,112.22,113.44,7272966
2024-11-06,115.64,116.89,115.29,116.67,10967820
2024-11-07,117.48,118.84,117.43,118.71,10462922
2024-11-08,118.56,118.97,118.15,118.58,7236376
2024-11-11,118.56,118.64,117.22,117.92,7267210
2024-11-12,117.84,118.22,117.14,118.08,7530784
2024-11-13,117.83,118.53,117.30,117.67,6329838
2024-11-14,117.86,118.06,117.08,117.27,6601984
2024-11-15,115.81,115.97,113.97,114.36,11229832
2024-11-18,114.36,115.21,113.86,114.72,6172120
2024-11-19,114.00,115.76,114.00,115.67,6906800
2024-11-20,115.77,115.81,114.03,115.56,8874798
2024-11-21,116.69,117.28,114.90,116.74,10591736
2024-11-22,116.53,117.07,116.11,116.80,7090838
2024-11-25,117.68,117.89,116.27,116.80,11137288
2024-11-26,117.33,117.75,116.88,117.38,6229916
2024-11-27,116.58,116.66,114.77,115.79,6369324
2024-11-29,116.06,117.11,115.94,116.86,4168342
2024-12-02,116.95,118.42,116.92,117.97,9398226
2024-12-03,117.47,118.43,117.25,118.40,5575908
2024-12-04,119.88,120.62,119.53,120.56,10840578
2024-12-05,120.38,120.52,119.79,119.95,5637936
2024-12-06,120.17,120.94,120.03,120.42,6654834
2024-12-09,119.97,120.40,119.33,119.64,8032486
2024-12-10,119.23,119.56,117.60,117.97,11234994
2024-12-11,118.91,120.06,118.50,119.69,8689540
2024-12-12,118.92,119.45,118.63,119.02,7218390
2024-12-13,120.09,120.56,118.58,119.53,8676910
2024-12-16,119.68,120.83,119.42,120.72,9443270
2024-12-17,119.86,120.46,119.41,119.99,8144904
2024-12-18,120.39,120.72,115.85,116.12,16927156
2024-12-19,117.30,117.68,116.09,116.25,13385794
2024-12-20,115.45,118.93,115.09,117.98,14924892
2024-12-23,118.12,119.08,117.50,119.03,7973320
2024-12-24,119.46,120.27,119.28,120.27,4653314
2024-12-26,119.88,120.78,119.50,120.34,7150976
2024-12-27,119.53,119.69,117.58,118.75,8726512
2024-12-30,117.02,118.17,116.29,117.23,7950320
2024-12-31,117.56,117.64,115.88,116.26,9381230
2025-01-02,117.18,117.51,114.89,115.98,12770312
2025-01-03,116.69,118.00,116.47,117.88,9121130
2025-01-06,119.22,120.53,118.91,119.38,8975322
2025-01-07,120.00,120.00,116.57,116.98,10007298
2025-01-08,117.25,117.27,115.81,116.94,10023790
2025-01-10,115.71,115.73,113.72,114.39,11665792
2025-01-13,112.55,113.66,112.22,113.58,10655948
2025-01-14,114.46,114.77,112.97,113.88,7220436
2025-01-15,115.44,116.48,115.06,116.14,10465306
2025-01-16,117.09,117.17,115.22,115.25,5368522
2025-01-17,117.33,117.47,116.54,117.06,6743384
2025-01-21,117.44,118.32,116.63,118.03,6744152
2025-01-22,119.62,120.97,119.45,120.69,10243754
2025-01-23,119.77,120.94,119.65,120.91,7604470
2025-01-24,121.29,121.29,119.26,119.65,6607604
2025-01-27,114.29,115.49,112.73,113.78,20705520
2025-01-28,114.56,117.08,113.34,116.82,11260678
2025-01-29,116.59,116.64,114.75,115.87,9050006
2025-01-30,115.67,116.48,114.87,116.08,8840270
2025-01-31,117.17,117.86,115.09,115.41,10744628
2025-02-03,112.85,114.55,112.25,113.85,13752870
2025-02-04,114.24,115.67,114.20,115.49,8371284
2025-02-05,115.59,117.12,115.23,117.09,5398084
2025-02-06,117.09,117.66,116.58,117.42,6808074
2025-02-07,117.89,118.45,116.02,116.41,8553266
2025-02-10,117.33,118.41,117.30,118.11,6054166
2025-02-11,117.45,118.64,117.38,118.17,6456566
2025-02-12,116.50,118.05,116.37,117.91,8555660
2025-02-13,118.12,119.66,117.95,119.58,7829570
2025-02-14,119.48,120.08,119.26,119.98,4557224
2025-02-18,120.61,121.09,120.05,121.08,6023966
2025-02-19,120.94,121.57,120.10,121.09,5604292
2025-02-20,120.97,121.14,119.43,120.70,5987748
2025-02-21,120.74,120.79,117.38,117.44,9057584
2025-02-24,117.89,118.22,115.61,115.75,7447556
2025-02-25,115.51,115.61,113.47,114.25,10434292
2025-02-26,115.38,116.59,114.61,115.50,7630670
2025-02-27,116.13,116.25,111.25,111.30,10100010
2025-02-28,110.80,112.88,109.85,112.77,14172158
2025-03-03,113.34,113.58,108.53,109.33,12516182
2025-03-04,108.53,111.18,107.13,109.25,17720982
2025-03-05,109.59,111.14,108.12,110.78,11931086
2025-03-06,108.51,110.22,107.19,107.71,16431978
2025-03-07,107.58,109.55,106.31,109.27,11263990
2025-03-10,107.11,107.31,103.54,104.62,21561800
2025-03-11,104.31,105.95,103.14,104.20,14832708
2025-03-12,106.06,106.76,104.58,105.84,10981696
2025-03-13,105.53,105.77,103.42,103.83,12383066
2025-03-14,105.19,107.08,105.16,106.97,10041532
2025-03-17,106.89,108.48,106.58,107.72,10148780
2025-03-18,106.95,107.06,105.69,106.08,11487380
2025-03-19,106.62,108.72,106.17,107.45,8838650
2025-03-20,106.23,107.86,106.08,106.69,7145274
2025-03-21,105.36,107.12,104.97,106.98,10425692
2025-03-24,108.57,109.07,108.28,108.81,8200134
2025-03-25,108.75,109.32,108.69,109.17,7481704
2025-03-26,108.84,109.10,106.32,106.74,7888662
2025-03-27,106.01,106.61,105.19,105.75,6577750
2025-03-28,105.20,105.63,102.84,103.19,10667580
2025-03-31,101.39,103.47,100.36,103.24,14219082
2025-04-01,102.83,104.08,101.99,104.00,9480114
2025-04-02,102.51,105.63,102.43,104.77,9291958
2025-04-03,99.75,100.35,97.53,97.61,19451384
2025-04-04,94.57,95.32,91.15,91.19,33804580
2025-04-07,87.47,95.91,86.22,91.73,44557860
2025-04-08,95.14,96.42,88.22,89.86,25811420
2025-04-09,90.05,102.49,89.94,101.93,36988880
2025-04-10,98.42,99.10,93.86,97.19,19747556
2025-04-11,96.70,99.60,95.97,99.17,14423198
2025-04-14,102.25,102.31,99.00,100.08,11904498
2025-04-15,100.23,101.20,99.97,100.44,7200060
2025-04-16,97.75,98.79,95.27,96.95,13222484
2025-04-17,97.65,97.65,96.02,96.43,7480756
2025-04-21,94.91,95.14,92.59,93.94,8973362
2025-04-22,95.19,96.78,94.64,96.23,9312868
2025-04-23,99.92,100.97,98.61,99.02,13413710
2025-04-24,100.00,102.86,99.83,102.72,9316954
2025-04-25,102.41,104.43,102.31,104.23,6518460
2025-04-28,104.10,104.61,102.51,104.06,5574412
2025-04-29,103.56,104.98,103.56,104.55,9144446
2025-04-30,102.50,105.38,101.90,104.98,10203730
2025-05-01,107.28,108.28,106.43,106.53,11532768
2025-05-02,107.74,108.81,107.45,108.31,8125414
2025-05-05,107.38,108.50,107.32,107.73,6757276
2025-05-06,106.13,107.62,105.81,106.83,7958152
2025-05-07,106.83,108.38,106.10,107.91,8171378
2025-05-08,108.97,109.97,108.00,108.94,8704344
2025-05-09,109.42,109.62,108.24,108.80,7330446
2025-05-12,113.42,113.89,112.27,113.85,13478206
2025-05-13,114.26,116.69,114.13,116.31,12757350
2025-05-14,116.86,117.52,116.38,117.06,10247902
2025-05-15,116.43,117.89,116.29,117.22,9536352
2025-05-16,117.61,117.61,116.43,117.44,8111660
2025-05-19,115.71,117.54,115.67,117.28,11863048
2025-05-20,116.55,116.86,115.95,116.83,10273646
2025-05-21,115.74,117.36,114.17,114.64,18643572
2025-05-22,114.69,115.70,114.42,114.67,11372044
2025-05-23,112.67,114.14,112.55,113.41,12003920
2025-05-27,115.17,116.26,114.78,116.10,14208308
2025-05-28,116.24,116.70,115.45,115.62,10789124
2025-05-29,117.37,117.49,115.22,115.81,14013150
2025-05-30,115.76,115.81,113.71,115.45,13494118
2025-06-02,115.15,116.55,115.01,116.47,12878766
2025-06-03,116.63,118.31,116.55,118.22,14312342
2025-06-04,118.38,118.77,117.81,118.40,10899200
2025-06-05,118.75,119.78,117.56,118.06,15887010
2025-06-06,119.20,119.73,118.84,119.18,9026022
2025-06-09,119.64,120.50,119.56,119.77,11100938
2025-06-10,119.75,120.61,119.30,120.44,9832436
2025-06-11,120.72,121.21,119.55,120.17,9600038
2025-06-12,120.14,121.56,120.12,121.28,11210374
2025-06-13,119.88,120.79,119.14,119.58,13193708
2025-06-16,120.31,121.88,120.31,121.52,13866252
2025-06-17,121.01,121.86,120.38,120.66,10525356
2025-06-18,120.95,121.56,120.19,120.81,11065960
2025-06-20,121.23,121.64,119.70,120.27,11490654
2025-06-23,120.19,121.55,119.38,121.44,12277030
2025-06-24,122.67,123.77,122.53,123.62,11329482
2025-06-25,124.26,124.86,124.15,124.67,9228680
2025-06-26,125.23,125.73,124.74,125.53,11289294
2025-06-27,125.88,126.36,124.81,125.39,12196514
2025-06-30,126.48,126.96,125.88,126.61,13365120
2025-07-01,126.21,126.47,124.62,125.48,15144754
2025-07-02,125.17,126.89,125.08,126.81,11950194
2025-07-03,127.50,128.87,127.45,128.48,7112818
2025-07-07,127.98,128.32,126.89,127.46,11560830
2025-07-08,128.13,128.39,127.61,128.15,15715164
2025-07-09,128.60,129.40,127.96,128.91,12933510
2025-07-10,129.24,129.35,127.81,128.49,9994226
2025-07-11,127.88,128.68,127.72,127.92,9238974
2025-07-14,127.61,128.13,126.60,127.82,8125248
2025-07-15,129.31,129.62,128.91,128.96,15657054
2025-07-16,129.00,129.43,127.41,129.35,17782658
2025-07-17,129.51,130.74,129.25,130.53,11955064
2025-07-18,131.03,131.07,130.09,130.44,10281074
2025-07-21,130.59,131.50,130.44,130.62,9246618
2025-07-22,130.51,130.61,128.47,129.41,13448894
2025-07-23,129.74,130.31,128.97,130.15,10091792
2025-07-24,130.46,130.95,129.96,130.69,12159626
2025-07-25,130.66,131.32,130.38,131.00,8001970
2025-07-28,131.50,132.07,131.22,132.04,11517532
2025-07-29,132.90,133.63,131.82,132.04,13739048
2025-07-30,132.19,132.79,131.30,132.34,13934616
2025-07-31,134.00,134.00,130.73,131.37,16414360
2025-08-01,129.94,129.99,127.89,128.53,19438016
2025-08-04,129.75,131.17,129.75,131.15,12376904
2025-08-05,131.63,131.75,129.76,130.06,11176052
2025-08-06,130.19,131.69,130.10,131.53,10167088
2025-08-07,132.99,133.21,130.55,131.65,10318098
2025-08-08,132.14,133.11,131.79,132.96,11016472
2025-08-11,132.88,133.47,131.75,132.06,9425422
2025-08-12,132.72,134.14,131.99,134.10,11154956
2025-08-13,134.88,135.02,133.66,134.16,13990174
2025-08-14,133.47,134.32,133.17,133.87,15484334
2025-08-15,133.69,133.69,132.32,132.85,13373126
2025-08-18,132.68,133.25,132.56,133.13,12233766
2025-08-19,133.09,133.12,130.56,130.81,17366906
2025-08-20,130.48,130.48,127.92,129.93,23064300
2025-08-21,129.61,130.13,128.90,129.46,15148558
2025-08-22,129.31,132.06,128.96,131.21,13756014
2025-08-25,131.21,131.74,130.56,130.91,10691774
2025-08-26,131.03,131.69,130.84,131.51,11081002
2025-08-27,131.65,132.38,131.04,132.22,11538638
2025-08-28,132.38,133.56,131.72,133.27,12380568
2025-08-29,132.69,132.71,130.75,131.22,17481146
2025-09-02,128.91,130.02,128.14,129.90,18226030
2025-09-03,130.56,130.94,129.70,130.68,15636628
2025-09-04,130.14,131.37,129.61,131.32,24397400
2025-09-05,132.56,132.62,130.09,131.43,38561880
2025-09-08,132.12,132.90,132.09,132.41,20556500
2025-09-09,132.71,132.81,131.73,132.67,19354906
2025-09-10,135.35,135.99,134.43,135.07,25957140
2025-09-11,135.93,136.12,135.31,135.53,23429240
2025-09-12,135.80,135.93,135.15,135.44,15612228
2025-09-15,135.66,136.69,135.49,136.66,16268022
2025-09-16,136.97,137.07,136.02,136.19,16081462
2025-09-17,136.09,136.26,134.31,135.72,18948526
2025-09-18,137.47,138.47,136.81,138.06,20883340
2025-09-19,138.62,139.59,138.16,139.46,15670762
2025-09-22,139.07,141.44,139.02,141.33,15771162
2025-09-23,141.14,141.37,139.49,140.11,16457122
2025-09-24,140.49,140.49,138.31,139.25,13471012
2025-09-25,137.98,139.34,137.12,139.00,21349700
2025-09-26,139.15,139.54,138.19,139.42,16534048
2025-09-29,140.22,140.96,139.84,140.16,16107478
2025-09-30,140.16,141.07,139.87,140.93,18215140
2025-10-01,140.21,142.41,140.17,142.31,17411244
2025-10-02,143.63,143.66,142.44,143.08,17607828
2025-10-03,143.21,143.94,141.87,142.36,17457914
2025-10-06,144.28,144.72,143.72,143.80,17945644
2025-10-07,144.54,144.75,142.09,142.84,15588378
2025-10-08,143.17,145.35,143.09,145.34,14038684
2025-10-09,145.28,145.41,144.34,145.10,11989432
2025-10-10,145.40,145.67,139.14,139.19,44574580
2025-10-13,142.37,143.06,141.56,142.59,22030320
2025-10-14,140.72,142.19,139.12,140.75,26956780
2025-10-15,142.73,143.29,140.40,142.15,20937560
2025-10-16,143.18,143.81,141.28,142.25,23166200
2025-10-17,141.41,142.93,140.51,142.50,25511540
2025-10-20,143.32,144.71,143.24,144.09,13805140
2025-10-21,144.00,144.68,143.47,144.17,12503878
2025-10-22,144.10,144.42,140.95,142.75,20723260
2025-10-23,142.19,144.78,142.19,144.54,11923498
2025-10-24,146.25,147.28,146.03,146.79,14359558
2025-10-27,148.85,149.63,148.61,149.50,15166990
2025-10-28,150.22,151.57,149.71,150.98,15055150
2025-10-29,152.35,153.00,150.94,152.06,21506180
2025-10-30,151.20,151.98,150.15,150.19,19218542
2025-10-31,151.71,151.82,149.47,150.34,16303828
2025-11-03,151.78,152.11,150.13,150.96,13983640
2025-11-04,148.22,149.20,146.72,146.97,16722508
2025-11-05,146.71,148.74,146.49,147.54,14447042
2025-11-06,147.31,147.47,143.84,144.58,24797380
2025-11-07,143.34,144.12,140.80,144.08,25546960
2025-11-10,146.66,148.04,145.90,147.76,18286348
2025-11-11,146.79,147.06,145.53,146.50,14871586
2025-11-12,147.73,147.73,146.07,146.96,13179216
2025-11-13,146.14,146.34,142.51,143.29,22385820
2025-11-14,140.65,145.38,140.15,144.07,27429540
2025-11-17,142.72,144.28,140.68,141.82,24675360
2025-11-18,140.59,141.32,138.24,139.51,36747560
2025-11-19,139.53,142.06,139.16,140.49,27668900
2025-11-20,143.72,144.26,135.76,136.07,56551780
2025-11-21,136.30,138.42,133.74,136.60,44958900
2025-11-24,137.52,140.35,137.44,139.85,20124880
2025-11-25,138.62,140.59,136.66,140.23,21303340
2025-11-26,141.88,142.50,140.79,141.89,13359394
2025-11-28,142.19,143.13,141.81,143.11,6792182
2025-12-01,141.72,143.60,141.28,143.18,12846540
2025-12-02,144.06,145.51,143.65,144.65,15719056
2025-12-03,143.95,145.09,143.23,145.00,11623232
2025-12-04,145.19,145.79,144.50,145.53,9995268
2025-12-05,146.21,147.31,145.69,146.60,6627969
2025-12-08,147.43,148.38,146.92,147.63,8272771
2025-12-09,147.34,148.25,146.96,148.02,6978176
2025-12-10,147.69,149.22,146.82,148.73,8961059
2025-12-11,147.06,148.13,145.11,147.97,9769253
2025-12-12,146.94,147.08,143.26,143.69,14873170
2025-12-15,144.42,144.63,142.02,142.30,10790250
2025-12-16,141.91,142.97,141.30,142.56,10790910
2025-12-17,142.72,142.84,139.32,139.39,18178750
2025-12-18,141.86,142.42,140.79,141.54,12319520
2025-12-19,142.59,144.62,142.57,144.60,14265940
2025-12-22,146.01,146.01,144.65,145.16,8864472
2025-12-23,144.74,145.98,144.36,145.95,7546050
2025-12-24,145.79,146.50,145.68,146.30,3676257
2025-12-26,146.61,146.98,146.24,146.53,5052923
2025-12-29,145.35,146.38,145.04,145.87,9822319
2025-12-30,145.85,146.26,145.38,145.41,6387446
2025-12-31,145.71,145.80,143.90,143.97,9528387
2026-01-02,145.63,146.52,143.41,144.30,15299450
2026-01-05,146.01,146.39,144.25,144.62,17476330
2026-01-06,145.21,146.76,144.63,146.65,14985670
2026-01-07,146.53,147.38,146.04,146.53,13957070
2026-01-08,145.93,145.93,143.50,144.24,16870540
2026-01-09,144.57,146.58,144.03,146.15,15652620
2026-01-12,145.19,147.28,145.05,146.79,12867190
2026-01-13,146.85,147.52,145.84,146.48,16552150
2026-01-14,145.50,145.93,143.32,144.70,22104220
2026-01-15,146.93,147.57,145.31,145.46,17370880
2026-01-16,146.72,146.95,145.02,145.62,14156680
2026-01-20,143.09,144.10,141.61,141.84,20029180
2026-01-21,142.78,145.04,141.96,143.81,27892850
2026-01-22,145.61,145.70,144.16,144.88,12971560
2026-01-23,144.53,145.82,143.75,145.09,14654460
2026-01-26,145.27,146.71,144.89,146.08,10195630
2026-01-27,147.42,148.62,147.03,148.05,12436180
2026-01-28,149.00,149.90,148.61,149.23,19497410
2026-01-29,147.84,147.93,143.27,146.87,25580960
2026-01-30,146.04,146.75,142.99,143.88,18342640
2026-02-02,143.53,146.15,143.39,145.26,16337580
2026-02-03,145.88,145.97,140.17,142.08,30464490
2026-02-04,140.83,141.01,136.11,138.12,45649450
2026-02-05,137.22,138.48,135.07,135.63,42950870
2026-02-06,138.01,141.47,137.42,141.13,37131920
2026-02-09,140.59,144.03,139.91,143.35,24629510
2026-02-10,143.82,144.15,142.38,142.55,22564320
2026-02-11,144.51,144.75,141.32,142.97,18905710
2026-02-12,143.31,143.77,138.91,139.21,32154750
2026-02-13,139.56,140.91,137.93,139.56,26637120
2026-02-17,138.64,140.45,137.02,139.48,25743800
2026-02-18,140.06,142.12,139.27,140.91,13705790
2026-02-19,140.09,140.71,139.28,140.21,13483970
2026-02-20,139.20,141.75,138.97,140.88,14942420
2026-02-23,140.18,140.65,137.89,138.52,22021920
2026-02-24,139.24,140.94,138.19,140.32,13030620
2026-02-25,141.36,143.34,141.21,143.01,13296050
2026-02-26,142.94,143.01,139.26,141.01,19364870
2026-02-27,138.31,139.76,137.94,138.76,15328600
2026-03-02,137.03,139.96,136.56,139.54,20156670
2026-03-03,136.35,138.33,134.99,137.50,34153040
2026-03-04,138.53,140.63,138.04,139.84,15201380
2026-03-05,139.16,141.26,138.09,140.18,19424200
2026-03-06,137.82,139.83,136.79,137.29,19677210
2026-03-09,135.97,140.21,135.46,139.76,22760860
2026-03-10,139.84,141.39,139.02,139.76,24338520
2026-03-11,140.58,141.59,139.52,140.43,14017700
2026-03-12,139.27,139.75,137.65,137.84,32372780
2026-03-13,138.45,139.71,136.51,136.80,15701790
2026-03-16,138.72,140.08,138.52,138.78,16626430
2026-03-17,139.39,140.27,138.93,139.54,12034650
2026-03-18,139.31,140.07,137.93,137.96,12634540
2026-03-19,136.00,139.17,135.44,138.43,18087930
2026-03-20,137.98,137.98,134.32,135.29,27251820
2026-03-23,137.50,139.20,136.22,136.95,21818520
2026-03-24,136.05,136.92,134.87,136.15,16843860
2026-03-25,137.29,138.00,136.28,136.76,13872410
2026-03-26,135.18,135.52,132.42,132.50,15434570
2026-03-27,131.53,132.04,129.57,129.92,15895160
2026-03-30,131.27,131.55,126.68,127.50,18830030
2026-03-31,129.15,133.22,128.98,132.90,19405310
2026-04-01,134.12,136.04,133.76,134.91,17050140
2026-04-02,131.91,136.04,131.35,135.99,12266190
2026-04-06,136.48,137.25,135.71,136.78,10147630
2026-04-07,136.17,137.49,134.11,137.43,8585455
2026-04-08,143.13,143.56,140.74,141.69,13358980
2026-04-09,141.76,142.19,140.35,142.07,8235144
2026-04-10,142.50,143.56,141.92,142.62,9310140
2026-04-13,142.33,145.67,142.13,145.61,10407700
2026-04-14,146.90,147.94,146.08,147.94,10183300
2026-04-15,148.27,150.37,147.96,150.30,10622480
2026-04-16,150.99,152.18,149.75,152.02,11778010
2026-04-17,154.06,154.81,153.51,154.35,10630440
2026-04-20,154.30,154.75,153.03,154.56,8131598
2026-04-21,155.00,156.07,154.15,154.69,12657270
2026-04-22,156.22,158.16,155.52,158.09,13830380
2026-04-23,156.77,157.79,153.95,155.84,12151380
2026-04-24,158.43,160.40,157.60,160.22,11059780
2026-04-27,160.02,160.62,158.81,160.57,8963915
2026-04-28,157.11,158.64,156.16,157.85,9252973
2026-04-29,158.83,159.15,157.75,159.11,7506934
2026-04-30,159.65,159.80,156.88,159.50,9276361
2026-05-01,160.39,162.28,160.14,161.87,10161810
2026-05-04,162.71,163.24,160.88,162.05,10739960
2026-05-05,163.87,166.02,163.52,165.63,9813549
2026-05-06,167.88,170.08,166.84,170.03,11304660
2026-05-07,170.26,171.95,168.70,169.69,11031510
2026-05-08,171.59,175.60,171.30,175.52,11222160
2026-05-11,176.15,178.30,175.87,177.88,10461800
2026-05-12,176.15,176.99,171.19,175.20,15950700
2026-05-13,177.27,177.74,174.26,176.85,9817869
2026-05-14,177.36,180.22,176.87,179.50,11424870
2026-05-15,176.21,178.70,174.63,176.26,14518960
2026-05-18,177.62,177.85,171.91,174.36,19162640
2026-05-19,172.68,175.18,170.83,173.24,15751420
2026-05-20,174.66,177.25,173.95,177.14,12630250
2026-05-21,175.83,178.98,175.83,178.60,10873200
2026-05-22,180.03,181.73,179.56,180.39,10742210
2026-05-26,183.20,186.00,182.59,185.14,12500330
2026-05-27,186.18,186.26,182.54,184.43,12300350
2026-05-28,184.83,187.58,183.79,186.85,11167570
2026-05-29,189.33,191.63,189.19,191.02,15040310
2026-06-01,192.32,196.50,191.15,195.76,18968780
2026-06-02,196.45,198.38,195.75,198.21,10175180
2026-06-03,198.37,198.73,194.53,196.23,11582090
2026-06-04,191.52,194.74,189.69,193.17,13142620
2026-06-05,188.88,189.22,179.80,180.30,26816070
2026-06-08,185.22,186.71,183.17,184.18,14684970
2026-06-09,185.91,187.08,172.88,180.77,29884440
2026-06-10,178.16,182.41,176.15,176.63,20059840
2026-06-11,177.79,183.66,176.50,183.21,18238390
2026-06-12,183.24,185.84,181.64,184.80,15014350
2026-06-15,190.37,192.08,189.75,191.79,13097840
2026-06-16,191.23,192.25,186.43,186.44,10077160
2026-06-17,189.00,189.99,185.30,185.80,14396140
2026-06-18,190.42,192.00,189.38,191.44,12101590
2026-06-22,192.95,194.30,190.86,192.15,11313040
2026-06-23,184.68,187.25,183.70,184.19,14633590
2026-06-24,184.06,185.66,180.79,183.05,12323690
2026-06-25,188.15,188.41,180.38,184.57,13230220
2026-06-26,181.00,183.11,179.76,181.11,13433880
2026-06-29,183.12,185.66,178.67,185.41,11857030
2026-06-30,185.76,190.94,185.60,190.52,10729880
2026-07-01,186.83,187.98,185.38,185.62,9960304
2026-07-02,185.49,187.38,178.72,180.59,14192630
2026-07-06,182.66,185.71,182.04,183.57,8923121
2026-07-07,179.84,180.72,176.36,179.18,12254780
2026-07-08,177.48,181.63,177.15,181.40,10528340
2026-07-09,184.76,186.40,183.56,185.35,7756590
2026-07-10,184.00,186.23,183.09,185.78,6162013
2026-07-13,183.10,183.90,180.54,181.28,8595097
2026-07-14,183.71,184.43,181.33,183.62,6399550
2026-07-15,185.11,185.29,178.22,181.58,9256842
2026-07-16,179.00,179.48,176.41,177.52,8666508
2026-07-17,172.85,177.92,171.34,175.59,12036700
2026-07-20,177.19,178.70,175.52,175.71,7638589
2026-07-21,179.56,181.01,178.17,180.78,7506833
2026-07-22,178.16,181.43,178.15,180.27,5357598
2026-07-23,178.80,180.39,177.20,178.45,7177020
2026-07-24,177.82,179.01,175.05,175.88,7739565
2026-07-27,177.83,178.30,171.73,174.30,8376633
2026-07-28,171.21,172.17,167.54,171.09,10049330
2026-07-29,171.12,172.51,166.46,166.57,14380490
2026-07-30,172.81,176.09,172.16,175.73,15103710
2026-07-31,177.46,178.62,172.70,175.35,9146173
2026-08-03,174.01,178.92,173.04,178.04,9343373
2026-08-04,182.52,187.71,181.87,186.90,13495820
2026-08-05,187.34,188.62,185.71,185.91,7571369
2026-08-06,183.19,186.91,182.06,185.33,6706016
2026-08-07,187.99,188.73,185.74,187.97,6361238
2026-08-10,188.08,188.84,186.26,186.32,6486751
2026-08-11,187.69,187.71,185.07,186.09,5759202
2026-08-12,189.47,189.59,188.33,188.86,5887231
2026-08-13,189.13,191.74,188.86,190.77,4873867
2026-08-14,191.14,191.35,189.25,190.01,3634377
2026-08-17,190.79,191.75,190.10,190.32,6099468
2026-08-18,186.29,187.50,184.33,185.62,8436259
2026-08-19,186.39,186.91,182.41,183.64,7310368
2026-08-20,183.47,184.71,182.66,183.10,5012105
2026-08-21,184.42,184.56,181.90,183.31,5781767
2026-08-24,181.68,181.88,178.81,180.05,6544935
2026-08-25,182.11,183.02,180.59,181.74,5364934
2026-08-26,180.71,183.34,180.71,182.84,4671370
2026-08-27,186.47,188.74,185.67,188.61,8139215
2026-08-28,188.07,188.67,185.51,185.69,6302813
2026-08-31,185.78,186.65,185.28,186.50,4877266
2026-09-01,183.70,184.92,182.63,183.64,7651287
2026-09-02,183.46,183.78,182.27,183.60,5706707
2026-09-03,183.52,186.32,182.49,185.97,6094599
2026-09-04,187.19,188.20,186.42,187.28,5105560
2026-09-08,188.64,189.08,187.02,187.87,8425293
2026-09-09,187.53,188.83,187.15,187.87,5993489
2026-09-10,185.24,186.52,184.56,185.22,5571344
2026-09-11,187.35,188.64,186.88,187.67,6535157
2026-09-14,183.00,185.60,182.08,184.28,8537788
2026-09-15,184.50,185.07,183.46,183.74,6148635
