date,open,high,low,close,volume
2016-09-15,52.74,53.34,52.69,53.29,10903000
2016-09-16,52.90,52.95,52.48,52.79,14473650
2016-09-19,52.80,52.99,52.68,52.68,9579434
2016-09-20,52.93,53.02,52.81,52.82,9704300
2016-09-21,52.83,53.24,52.55,53.11,24882720
2016-09-22,53.30,53.68,53.30,53.58,17315980
2016-09-23,53.59,53.60,53.32,53.34,12930970
2016-09-26,53.20,53.22,52.84,52.89,12797240
2016-09-27,52.89,53.26,52.86,53.11,12608130
2016-09-28,53.22,53.32,52.96,53.20,9757545
2016-09-29,53.17,53.20,52.64,52.68,15092970
2016-09-30,52.93,53.39,52.93,53.21,17339110
2016-10-03,53.12,53.16,52.77,52.87,11453500
2016-10-04,52.83,52.87,52.31,52.42,13346550
2016-10-05,52.51,52.60,52.24,52.37,14768160
2016-10-06,52.17,52.60,52.09,52.47,15411300
2016-10-07,52.49,52.60,51.96,52.33,11402970
2016-10-10,52.45,52.63,52.23,52.33,8661735
2016-10-11,52.29,52.33,51.87,52.06,19631640
2016-10-12,52.15,52.48,52.05,52.35,7145429
2016-10-13,51.99,52.51,51.93,52.36,19174550
2016-10-14,52.38,52.62,52.29,52.37,10659070
2016-10-17,52.39,52.46,52.09,52.12,8464992
2016-10-18,52.36,52.58,52.27,52.28,7844949
2016-10-19,52.18,52.27,51.90,51.98,9031726
2016-10-20,51.95,52.13,51.82,51.95,12174330
2016-10-21,52.13,52.30,52.01,52.23,14026780
2016-10-24,52.29,52.69,52.29,52.57,7609480
2016-10-25,52.79,52.89,52.72,52.76,9406105
2016-10-26,52.80,52.90,52.61,52.69,12417730
2016-10-27,52.67,52.88,52.38,52.45,17905670
2016-10-28,52.41,52.85,52.32,52.67,12751020
2016-10-31,52.71,52.93,52.67,52.80,8579097
2016-11-01,52.80,52.89,52.40,52.57,11342190
2016-11-02,52.44,52.73,52.40,52.44,9697106
2016-11-03,52.60,52.61,52.01,52.08,15635710
2016-11-04,52.00,52.08,51.57,51.61,11984820
2016-11-07,52.05,52.51,52.02,52.48,11752190
2016-11-08,52.10,52.85,52.05,52.70,13400690
2016-11-09,51.62,52.15,51.27,51.98,34557160
2016-11-10,52.00,52.00,50.49,50.59,52817380
2016-11-11,50.45,50.70,50.21,50.54,20828070
2016-11-14,50.54,50.58,50.26,50.45,20590280
2016-11-15,50.55,50.84,50.47,50.76,23019350
2016-11-16,50.77,50.99,50.69,50.77,16033740
2016-11-17,50.73,50.78,50.45,50.68,15491910
2016-11-18,50.68,50.72,50.43,50.50,14786070
2016-11-21,50.57,50.86,50.34,50.84,18968740
2016-11-22,50.99,51.20,50.96,51.10,11991730
2016-11-23,50.90,51.07,50.75,50.82,14783650
2016-11-25,50.93,51.23,50.93,51.22,10823550
2016-11-28,51.21,51.42,51.09,51.33,15116510
2016-11-29,51.34,51.46,51.22,51.40,7914974
2016-11-30,51.14,51.29,50.57,50.58,16806710
2016-12-01,50.39,50.44,49.98,50.25,33597900
2016-12-02,50.38,50.60,50.35,50.57,21585030
2016-12-05,50.58,50.71,50.48,50.63,21223430
2016-12-06,50.61,50.78,50.58,50.78,16534640
2016-12-07,50.76,51.55,50.75,51.51,11722390
2016-12-08,51.31,51.55,51.21,51.30,16962640
2016-12-09,51.33,52.05,51.33,52.04,14415540
2016-12-12,51.91,52.30,51.91,52.25,9915688
2016-12-13,52.35,52.61,52.23,52.49,10452320
2016-12-14,52.52,52.69,51.78,51.92,25337760
2016-12-15,51.92,52.31,51.76,52.14,16132450
2016-12-16,51.92,52.08,51.81,52.05,15871090
2016-12-19,52.10,52.23,51.97,52.15,7523220
2016-12-20,52.17,52.17,51.81,52.05,15316930
2016-12-21,52.00,52.28,52.00,52.04,6553072
2016-12-22,51.98,52.07,51.87,51.96,6527121
2016-12-23,51.93,52.09,51.93,52.06,6484307
2016-12-27,52.02,52.15,51.96,52.05,13378480
2016-12-28,52.01,52.04,51.73,51.73,8643605
2016-12-29,51.76,52.03,51.73,51.97,10299370
2016-12-30,51.98,52.08,51.60,51.71,8049944
2017-01-03,51.75,51.97,51.60,51.90,21730030
2017-01-04,51.97,52.15,51.89,51.90,8568145
2017-01-05,51.89,52.14,51.70,52.07,12312520
2017-01-06,51.97,52.15,51.78,52.12,9092386
2017-01-09,51.92,51.96,51.65,51.70,6903166
2017-01-10,51.65,51.73,51.36,51.44,10338350
2017-01-11,51.35,51.62,51.35,51.54,12087020
2017-01-12,51.52,51.61,51.44,51.49,13257560
2017-01-13,51.49,51.62,51.39,51.52,6509362
2017-01-17,51.56,52.27,51.51,52.25,19030030
2017-01-18,52.20,52.45,52.20,52.43,11650690
2017-01-19,52.37,52.37,52.12,52.24,17282420
2017-01-20,52.49,52.77,52.31,52.58,11015590
2017-01-23,52.58,52.61,52.39,52.56,16203820
2017-01-24,52.60,52.95,52.58,52.91,10207500
2017-01-25,53.03,53.10,52.89,52.90,8816356
2017-01-26,52.92,52.93,52.67,52.67,9975325
2017-01-27,52.54,52.68,52.24,52.38,16349790
2017-01-30,52.23,52.41,52.19,52.34,9951653
2017-01-31,52.34,52.59,52.25,52.59,12055280
2017-02-01,52.34,52.50,52.17,52.18,18410190
2017-02-02,52.42,52.87,52.42,52.66,18747450
2017-02-03,52.93,53.15,52.79,53.00,17947610
2017-02-06,52.97,52.98,52.71,52.71,19067930
2017-02-07,52.81,53.24,52.81,53.14,8351232
2017-02-08,53.20,53.46,53.12,53.36,8559239
2017-02-09,53.30,53.67,53.21,53.58,8840897
2017-02-10,53.61,53.69,53.42,53.62,9354195
2017-02-13,53.70,53.77,53.47,53.62,14059050
2017-02-14,53.49,53.73,53.30,53.63,10477070
2017-02-15,53.75,54.16,53.64,54.12,12675950
2017-02-16,54.06,54.20,53.81,54.19,11377290
2017-02-17,54.03,54.52,53.93,54.46,15574960
2017-02-21,54.62,55.09,54.56,54.95,16499740
2017-02-22,54.90,55.03,54.82,54.96,8098986
2017-02-23,55.00,55.31,54.96,55.09,9783057
2017-02-24,55.03,55.30,54.99,55.28,7755717
2017-02-27,55.19,55.19,54.91,55.03,12707360
2017-02-28,54.94,55.22,54.88,55.10,17734960
2017-03-01,55.13,55.48,55.05,55.36,16715960
2017-03-02,55.30,55.47,55.19,55.35,9988467
2017-03-03,55.18,55.23,54.90,55.14,10079190
2017-03-06,54.95,54.98,54.81,54.90,6686606
2017-03-07,54.76,54.94,54.75,54.83,7845939
2017-03-08,54.69,54.80,54.64,54.71,10787980
2017-03-09,54.69,54.89,54.69,54.80,7025304
2017-03-10,55.03,55.12,54.90,55.05,6530445
2017-03-13,55.00,55.16,54.93,55.09,10658000
2017-03-14,55.02,55.14,54.90,54.93,7890811
2017-03-15,55.00,55.50,55.00,55.34,14091650
2017-03-16,55.35,55.42,55.23,55.42,8674722
2017-03-17,55.17,55.35,54.98,54.98,16461990
2017-03-20,55.03,55.16,54.99,55.08,6559189
2017-03-21,55.11,55.27,54.97,55.04,13135500
2017-03-22,55.12,55.21,54.80,54.93,7094015
2017-03-23,54.88,55.08,54.72,54.81,7474716
2017-03-24,54.81,54.89,54.52,54.70,8343294
2017-03-27,54.50,54.72,54.41,54.65,5733955
2017-03-28,54.45,54.89,54.45,54.75,8810225
2017-03-29,54.70,54.92,54.66,54.85,5558224
2017-03-30,54.80,54.90,54.69,54.74,5399136
2017-03-31,54.67,54.81,54.58,54.58,4761585
2017-04-03,54.66,54.72,54.40,54.49,10666620
2017-04-04,54.53,54.66,54.43,54.65,5283980
2017-04-05,54.66,54.90,54.48,54.55,7268060
2017-04-06,54.60,54.77,54.51,54.55,5061030
2017-04-07,54.60,54.85,54.58,54.70,7629874
2017-04-10,54.72,54.95,54.62,54.86,5260614
2017-04-11,54.87,54.92,54.69,54.88,6325114
2017-04-12,54.84,55.12,54.81,55.09,7376985
2017-04-13,55.05,55.10,54.82,54.84,6708631
2017-04-17,54.93,55.23,54.92,55.23,10579960
2017-04-18,55.16,55.64,55.06,55.48,11085520
2017-04-19,55.55,55.59,55.19,55.27,7254574
2017-04-20,55.08,55.25,54.97,55.16,9738220
2017-04-21,55.13,55.17,54.97,55.00,8235055
2017-04-24,55.16,55.59,55.16,55.50,9831677
2017-04-25,55.53,55.80,55.51,55.72,7292892
2017-04-26,55.74,55.74,55.24,55.27,7930815
2017-04-27,55.35,55.38,55.11,55.20,5860799
2017-04-28,55.04,55.20,54.89,55.18,7034843
2017-05-01,55.26,55.26,54.91,54.97,8353940
2017-05-02,54.85,54.96,54.55,54.60,7647715
2017-05-03,54.65,54.74,54.48,54.65,10815750
2017-05-04,54.79,55.36,54.74,55.07,11578900
2017-05-05,55.22,55.28,55.05,55.22,8531846
2017-05-08,55.26,55.26,55.09,55.20,5316134
2017-05-09,55.18,55.27,54.91,55.00,7250508
2017-05-10,55.03,55.11,54.96,55.04,5232283
2017-05-11,54.97,55.12,54.88,55.12,5051717
2017-05-12,55.07,55.10,54.93,54.96,5472563
2017-05-15,54.93,55.20,54.93,55.14,7281828
2017-05-16,55.31,55.39,55.05,55.09,4797112
2017-05-17,55.00,55.20,54.86,55.01,13978710
2017-05-18,55.03,55.18,54.87,55.05,7894297
2017-05-19,55.07,55.45,54.99,55.35,6192198
2017-05-22,55.36,55.74,55.35,55.66,7101778
2017-05-23,55.74,55.98,55.69,55.72,7518524
2017-05-24,55.76,55.98,55.69,55.94,5147098
2017-05-25,56.02,56.44,56.00,56.29,6034051
2017-05-26,56.33,56.51,56.32,56.50,4207602
2017-05-30,56.38,56.53,56.29,56.48,4250927
2017-05-31,56.53,56.80,56.53,56.64,9774247
2017-06-01,56.71,57.10,56.53,57.10,23220450
2017-06-02,57.25,57.29,56.98,57.27,17241560
2017-06-05,57.20,57.36,57.03,57.33,17353350
2017-06-06,57.28,57.33,57.08,57.19,14837250
2017-06-07,57.07,57.25,57.05,57.17,10075980
2017-06-08,57.14,57.15,56.58,56.74,10593400
2017-06-09,56.70,56.83,56.52,56.67,13410190
2017-06-12,56.69,56.91,56.53,56.66,11442270
2017-06-13,56.66,56.80,56.44,56.75,9520637
2017-06-14,56.98,57.23,56.91,57.11,16040220
2017-06-15,56.83,57.07,56.63,56.98,10360910
2017-06-16,56.05,56.07,55.45,55.95,26238160
2017-06-19,56.08,56.22,55.71,56.22,7793121
2017-06-20,56.27,56.30,55.98,56.00,7221379
2017-06-21,56.00,56.12,55.78,55.84,12510970
2017-06-22,55.76,55.79,55.45,55.47,7227619
2017-06-23,55.46,55.66,55.42,55.49,10136280
2017-06-26,55.66,55.89,55.61,55.71,6578341
2017-06-27,55.60,55.76,55.22,55.23,10584980
2017-06-28,55.56,55.67,55.41,55.43,10734270
2017-06-29,55.36,55.51,54.64,54.84,19058640
2017-06-30,55.05,55.15,54.92,54.94,11222570
2017-07-03,54.98,55.20,54.87,54.89,5782551
2017-07-05,54.88,55.00,54.79,54.85,15835080
2017-07-06,54.66,54.83,54.53,54.54,7936815
2017-07-07,54.59,54.70,54.36,54.51,9841537
2017-07-10,54.56,54.56,54.06,54.13,9111730
2017-07-11,54.18,54.20,53.86,53.98,11243620
2017-07-12,54.32,54.47,54.24,54.28,8100701
2017-07-13,54.35,54.41,54.24,54.29,10007420
2017-07-14,54.54,54.80,54.52,54.72,6341049
2017-07-17,54.82,54.84,54.62,54.78,7898165
2017-07-18,54.74,54.87,54.61,54.78,5297148
2017-07-19,54.76,54.98,54.69,54.98,5582053
2017-07-20,54.94,55.16,54.84,54.99,9794745
2017-07-21,54.80,55.10,54.75,55.08,7741140
2017-07-24,55.06,55.09,54.86,54.90,9272377
2017-07-25,55.09,55.32,55.04,55.28,13785560
2017-07-26,55.29,55.41,55.10,55.27,7593948
2017-07-27,55.31,55.82,55.28,55.81,12797010
2017-07-28,55.64,55.87,54.57,55.34,18412190
2017-07-31,55.20,55.45,55.19,55.32,6931844
2017-08-01,55.38,55.52,55.23,55.26,18993410
2017-08-02,55.15,55.31,54.97,55.22,17120340
2017-08-03,55.21,55.50,55.10,55.17,17789690
2017-08-04,55.14,55.32,54.94,55.02,17050730
2017-08-07,55.03,55.47,55.03,55.43,16833980
2017-08-08,55.29,55.45,55.19,55.22,9800829
2017-08-09,55.18,55.35,55.12,55.31,7251819
2017-08-10,55.17,55.34,55.06,55.08,6654941
2017-08-11,54.98,55.35,54.98,55.12,4907729
2017-08-14,55.24,55.52,55.24,55.39,10657800
2017-08-15,55.41,55.75,55.41,55.67,11055890
2017-08-16,55.70,55.94,55.70,55.86,5682844
2017-08-17,55.66,55.93,55.34,55.35,6723929
2017-08-18,55.23,55.39,55.11,55.20,6806612
2017-08-21,55.16,55.49,55.00,55.40,6829335
2017-08-22,55.43,55.57,55.33,55.41,7123543
2017-08-23,55.35,55.41,55.19,55.25,5349488
2017-08-24,55.20,55.35,54.44,54.49,11801050
2017-08-25,54.70,54.89,54.63,54.67,7346491
2017-08-28,54.62,54.69,54.35,54.51,6196297
2017-08-29,54.44,54.75,54.39,54.70,6201585
2017-08-30,54.60,54.79,54.59,54.69,6482779
2017-08-31,54.73,54.81,54.65,54.71,10117350
2017-09-01,54.82,54.98,54.76,54.97,17894200
2017-09-05,54.81,55.09,54.76,55.05,20196330
2017-09-06,55.15,55.33,55.01,55.28,17445730
2017-09-07,55.32,55.44,55.18,55.36,16738120
2017-09-08,55.17,55.27,54.88,55.09,9147099
2017-09-11,55.19,55.51,55.18,55.43,9164490
2017-09-12,55.43,55.55,55.40,55.55,7442219
2017-09-13,55.50,55.78,55.50,55.58,7958930
2017-09-14,55.49,55.61,55.28,55.47,5817285
2017-09-15,55.26,55.26,54.99,55.22,12488930
2017-09-18,55.27,55.39,55.14,55.30,8292363
2017-09-19,55.33,55.35,55.00,55.13,6201759
2017-09-20,54.98,55.05,54.33,54.60,11012680
2017-09-21,54.53,54.58,54.03,54.08,10305090
2017-09-22,54.17,54.17,53.88,53.92,11305380
2017-09-25,54.01,54.36,53.97,54.31,9177611
2017-09-26,54.37,54.52,54.25,54.44,17321440
2017-09-27,54.33,54.38,53.72,54.02,11657800
2017-09-28,53.95,54.17,53.90,54.02,7766704
2017-09-29,54.02,54.15,53.93,53.98,14495440
2017-10-02,53.98,54.20,53.84,53.88,17847470
2017-10-03,53.97,54.04,53.80,53.94,20397050
2017-10-04,53.86,54.32,53.71,54.11,21389240
2017-10-05,54.29,54.49,54.21,54.35,19005050
2017-10-06,54.08,54.17,53.74,53.81,7583439
2017-10-09,53.88,53.95,53.56,53.66,12579390
2017-10-10,53.88,54.27,53.82,54.13,10633170
2017-10-11,54.10,54.39,54.10,54.24,10302340
2017-10-12,54.20,54.52,54.15,54.47,8096278
2017-10-13,54.68,54.71,54.53,54.57,8315588
2017-10-16,54.51,54.62,54.49,54.59,4349499
2017-10-17,54.45,54.50,54.22,54.39,10360200
2017-10-18,54.33,54.41,54.16,54.32,4668545
2017-10-19,54.07,54.12,53.85,54.03,8533877
2017-10-20,53.93,53.96,53.73,53.90,11702610
2017-10-23,53.86,54.13,53.78,53.86,7326418
2017-10-24,53.82,53.89,53.60,53.67,10651520
2017-10-25,53.66,53.75,53.20,53.52,12213450
2017-10-26,53.71,53.94,53.55,53.56,14558740
2017-10-27,53.42,53.49,52.99,53.10,10218920
2017-10-30,52.98,53.03,52.61,52.65,9299308
2017-10-31,52.91,53.21,52.82,53.09,10824940
2017-11-01,53.24,53.40,53.09,53.26,7525382
2017-11-02,53.20,53.29,52.93,53.13,10661370
2017-11-03,53.16,53.30,53.08,53.14,5922218
2017-11-06,53.03,53.04,52.56,52.57,10731040
2017-11-07,52.60,53.16,52.43,53.16,9534501
2017-11-08,53.32,53.74,53.25,53.74,12860390
2017-11-09,53.50,53.91,53.46,53.73,10407720
2017-11-10,53.65,54.33,53.62,54.28,7984642
2017-11-13,54.31,54.81,54.28,54.59,7795283
2017-11-14,54.45,54.82,54.37,54.78,8903365
2017-11-15,54.61,54.66,54.16,54.20,10723020
2017-11-16,54.69,55.11,54.62,54.95,11131090
2017-11-17,54.80,54.95,54.65,54.76,7298891
2017-11-20,54.67,54.88,54.65,54.70,6940594
2017-11-21,54.80,55.11,54.73,54.88,10367190
2017-11-22,54.87,54.93,54.64,54.81,10470390
2017-11-24,54.90,54.96,54.76,54.77,2331041
2017-11-27,54.74,54.90,54.72,54.80,8101376
2017-11-28,54.89,55.25,54.77,55.25,6985918
2017-11-29,55.21,55.75,55.16,55.54,14722250
2017-11-30,55.75,56.20,55.60,56.05,14072520
2017-12-01,55.93,56.21,55.33,56.19,29328700
2017-12-04,56.25,56.77,56.08,56.72,22765060
2017-12-05,56.72,56.93,56.48,56.63,22930380
2017-12-06,56.62,56.99,56.62,56.99,16711620
2017-12-07,56.89,56.91,56.41,56.44,7554440
2017-12-08,56.45,56.59,56.20,56.59,8695470
2017-12-11,56.53,56.60,56.27,56.58,6737792
2017-12-12,56.61,56.80,56.40,56.59,6220156
2017-12-13,56.63,57.03,56.55,56.91,11588970
2017-12-14,56.99,56.99,56.65,56.66,9114474
2017-12-15,56.57,56.96,56.57,56.88,9090857
2017-12-18,57.00,57.31,56.82,56.85,8799461
2017-12-19,57.07,57.18,56.91,56.92,7888969
2017-12-20,56.97,57.02,56.48,56.82,13807850
2017-12-21,56.93,57.02,56.72,56.78,5553062
2017-12-22,56.86,56.95,56.80,56.87,4218648
2017-12-26,56.83,57.12,56.79,57.00,8506305
2017-12-27,57.08,57.20,56.91,56.99,5992582
2017-12-28,57.07,57.14,56.76,56.90,7278900
2017-12-29,56.90,57.19,56.88,56.89,5085427
2018-01-02,56.95,57.02,56.53,56.54,20124810
2018-01-03,56.63,56.72,56.47,56.52,17949900
2018-01-04,56.67,56.95,56.53,56.68,15454500
2018-01-05,56.77,56.97,56.63,56.93,15555080
2018-01-08,56.85,57.12,56.82,57.07,12868260
2018-01-09,57.14,57.27,56.98,56.99,8342176
2018-01-10,56.85,56.86,56.33,56.71,9663462
2018-01-11,56.82,56.82,56.52,56.63,11492610
2018-01-12,56.72,56.92,56.53,56.65,7308831
2018-01-16,56.76,57.11,56.73,56.91,13806680
2018-01-17,57.10,57.77,57.05,57.56,12543440
2018-01-18,57.55,57.65,57.28,57.39,12408030
2018-01-19,57.60,58.09,57.54,58.03,9925823
2018-01-22,58.00,58.47,57.97,58.47,7871602
2018-01-23,58.20,58.44,58.01,58.28,10908950
2018-01-24,58.43,58.47,58.12,58.40,16603480
2018-01-25,58.50,58.73,58.13,58.43,12130260
2018-01-26,58.32,58.73,58.24,58.71,6321575
2018-01-29,58.81,58.95,58.44,58.48,10746510
2018-01-30,58.08,58.58,57.94,58.09,10892490
2018-01-31,58.14,58.29,57.59,57.82,13960180
2018-02-01,57.60,57.90,57.42,57.57,14088650
2018-02-02,57.29,57.44,56.43,56.47,15555530
2018-02-05,56.23,56.57,54.39,54.42,39087720
2018-02-06,53.53,55.13,53.24,55.02,38879440
2018-02-07,54.90,55.80,54.72,54.78,17526840
2018-02-08,54.91,55.02,53.58,53.60,32928240
2018-02-09,54.01,54.10,52.66,53.71,34903020
2018-02-12,54.02,54.52,53.89,54.26,21003670
2018-02-13,54.06,54.65,54.05,54.51,11992500
2018-02-14,54.22,54.66,53.94,54.48,20370530
2018-02-15,54.68,55.38,54.45,55.38,14788930
2018-02-16,55.40,55.84,55.10,55.60,11572530
2018-02-20,55.00,55.00,54.28,54.34,16060460
2018-02-21,54.42,54.58,53.67,53.69,15207360
2018-02-22,53.80,54.23,53.73,53.83,10239080
2018-02-23,53.94,54.36,53.75,54.35,10321050
2018-02-26,54.44,54.73,54.29,54.69,10071770
2018-02-27,54.72,54.85,53.96,53.97,9832586
2018-02-28,54.29,54.32,53.41,53.41,13711020
2018-03-01,53.28,53.79,52.82,53.29,27808580
2018-03-02,53.09,53.83,52.97,53.74,25965380
2018-03-05,53.45,54.27,53.45,54.21,18859690
2018-03-06,54.23,54.30,53.82,54.25,20784270
2018-03-07,53.74,53.97,53.47,53.76,12587000
2018-03-08,53.79,54.27,53.70,54.25,10659580
2018-03-09,54.40,54.61,54.20,54.60,11486040
2018-03-12,54.62,54.91,54.40,54.50,10913480
2018-03-13,54.67,54.77,54.37,54.46,12406080
2018-03-14,54.59,54.60,53.80,53.91,13248940
2018-03-15,53.84,54.08,53.38,53.53,9280061
2018-03-16,53.23,53.56,53.20,53.25,9628882
2018-03-19,53.21,53.31,52.54,52.73,10714740
2018-03-20,52.81,53.02,52.41,52.58,9888140
2018-03-21,52.29,52.50,51.82,51.93,17024440
2018-03-22,51.78,52.19,51.46,51.50,15574430
2018-03-23,51.68,51.89,50.81,50.86,15923550
2018-03-26,51.24,51.63,51.08,51.59,12359100
2018-03-27,51.68,52.10,51.33,51.56,17326790
2018-03-28,51.73,52.53,51.71,52.27,32390880
2018-03-29,52.48,52.95,52.48,52.63,13395140
2018-04-02,52.47,52.57,51.11,51.34,28467280
2018-04-03,51.57,52.15,51.41,52.02,24847560
2018-04-04,51.69,53.02,51.63,52.83,27839560
2018-04-05,52.92,53.17,52.64,52.96,18234830
2018-04-06,52.80,53.23,52.16,52.42,12941190
2018-04-09,52.58,52.92,52.24,52.39,14639480
2018-04-10,52.69,52.78,52.23,52.51,13129600
2018-04-11,52.36,52.67,52.30,52.41,9025223
2018-04-12,52.63,52.79,52.30,52.33,9835772
2018-04-13,52.55,52.69,52.33,52.59,8836670
2018-04-16,52.73,53.46,52.66,53.16,7804682
2018-04-17,53.30,53.41,52.99,53.28,8049344
2018-04-18,53.24,53.36,52.78,52.88,14485790
2018-04-19,52.16,52.20,51.08,51.35,23625660
2018-04-20,51.23,51.40,50.34,50.49,18583160
2018-04-23,50.53,50.58,50.20,50.43,12341150
2018-04-24,50.52,50.58,49.76,50.11,18754750
2018-04-25,50.09,50.41,49.89,50.20,19011980
2018-04-26,50.31,50.70,50.15,50.50,11001900
2018-04-27,50.39,50.94,50.34,50.77,11078550
2018-04-30,50.86,51.09,50.36,50.45,13883800
2018-05-01,50.26,50.29,49.66,50.01,10913700
2018-05-02,49.87,49.92,48.92,49.03,18779810
2018-05-03,49.15,49.26,48.76,48.98,16634430
2018-05-04,48.94,49.94,48.89,49.69,13094390
2018-05-07,49.80,49.89,49.27,49.38,9675895
2018-05-08,49.27,49.32,48.96,49.18,8283523
2018-05-09,49.09,49.37,48.99,49.25,9228098
2018-05-10,49.48,49.78,49.41,49.54,10227380
2018-05-11,49.63,49.88,49.39,49.54,10065200
2018-05-14,49.61,49.70,49.44,49.52,6701817
2018-05-15,49.28,49.46,49.06,49.33,22686920
2018-05-16,49.48,49.80,49.41,49.68,12138810
2018-05-17,49.83,49.97,49.68,49.85,19568890
2018-05-18,49.73,49.81,49.35,49.54,15664710
2018-05-21,49.73,49.92,49.60,49.75,7919500
2018-05-22,49.84,50.09,49.57,49.66,9383838
2018-05-23,49.55,49.89,49.48,49.84,18124260
2018-05-24,49.84,49.92,49.55,49.80,9843796
2018-05-25,49.81,50.20,49.74,49.88,12913470
2018-05-29,49.70,49.99,49.55,49.77,14945820
2018-05-30,49.96,50.55,49.80,50.47,17603000
2018-05-31,50.38,50.43,49.47,49.66,18566210
2018-06-01,49.80,49.89,49.53,49.66,10924300
2018-06-04,49.76,50.13,49.76,50.07,11641700
2018-06-05,50.11,50.14,49.68,49.84,8980891
2018-06-06,49.86,49.90,49.55,49.90,12071020
2018-06-07,49.77,50.47,49.70,50.21,16601910
2018-06-08,50.23,50.86,50.23,50.83,17079920
2018-06-11,50.87,51.35,50.87,51.25,13191480
2018-06-12,51.28,51.38,51.01,51.35,11362150
2018-06-13,51.34,51.42,51.03,51.19,15692820
2018-06-14,51.25,51.32,51.06,51.28,9739166
2018-06-15,50.84,51.57,50.74,51.54,17212620
2018-06-18,51.37,51.39,50.56,50.79,21624680
2018-06-19,50.60,51.15,50.57,51.06,12639240
2018-06-20,51.21,51.22,50.88,51.11,9562268
2018-06-21,51.18,51.38,51.06,51.21,13270050
2018-06-22,51.33,51.72,51.32,51.63,9952456
2018-06-25,51.51,51.97,51.50,51.89,22121010
2018-06-26,51.90,52.00,51.43,51.67,14047310
2018-06-27,51.60,52.04,51.34,51.56,19778880
2018-06-28,51.44,51.68,51.36,51.56,13169910
2018-06-29,51.59,51.81,51.30,51.53,13018320
2018-07-02,51.30,51.53,50.90,51.23,13251720
2018-07-03,51.43,51.62,51.27,51.35,7736260
2018-07-05,51.57,52.09,51.47,52.06,11697590
2018-07-06,52.12,52.42,51.99,52.22,12254930
2018-07-09,52.26,52.34,51.96,52.02,15117910
2018-07-10,52.15,52.67,52.04,52.64,15278220
2018-07-11,52.58,52.63,52.29,52.47,11483600
2018-07-12,52.62,52.71,52.23,52.40,10995620
2018-07-13,52.43,52.80,52.41,52.74,14053470
2018-07-16,52.70,52.73,52.34,52.49,10347400
2018-07-17,52.46,53.00,52.46,52.94,14757530
2018-07-18,52.88,52.93,52.47,52.51,10474160
2018-07-19,52.17,52.77,52.07,52.54,15092770
2018-07-20,52.44,52.89,52.35,52.86,17892730
2018-07-23,52.76,52.88,52.37,52.53,13336380
2018-07-24,52.41,52.73,52.32,52.63,15987670
2018-07-25,52.70,53.07,52.59,53.03,15257450
2018-07-26,53.24,53.76,53.17,53.31,15129430
2018-07-27,53.28,53.64,53.19,53.38,13414400
2018-07-30,53.24,53.45,53.00,53.32,12128270
2018-07-31,53.49,53.76,53.17,53.57,17898430
2018-08-01,53.41,53.50,53.03,53.12,14917610
2018-08-02,53.03,53.73,53.00,53.66,15902870
2018-08-03,53.79,54.55,53.75,54.29,20418520
2018-08-06,54.32,54.51,54.22,54.34,13412050
2018-08-07,54.29,54.36,53.82,54.01,13766120
2018-08-08,53.98,54.02,53.58,53.60,12591770
2018-08-09,53.61,53.70,53.37,53.44,8047017
2018-08-10,53.28,53.46,53.13,53.24,13459230
2018-08-13,53.33,53.44,53.00,53.24,8696586
2018-08-14,53.31,53.66,53.28,53.61,8882529
2018-08-15,53.45,53.87,53.15,53.83,15592610
2018-08-16,54.38,54.76,54.30,54.60,15526120
2018-08-17,54.55,55.08,54.44,55.02,13037650
2018-08-20,55.09,55.31,54.93,54.99,10189550
2018-08-21,54.97,55.05,54.38,54.60,13806250
2018-08-22,54.55,54.66,54.19,54.26,13573890
2018-08-23,54.10,54.26,53.97,54.13,10714330
2018-08-24,54.10,54.21,53.90,54.06,9570526
2018-08-27,54.15,54.32,53.88,54.09,10631640
2018-08-28,54.08,54.24,53.83,53.91,12621520
2018-08-29,53.99,54.06,53.85,53.97,8681006
2018-08-30,53.89,54.06,53.69,53.80,11092460
2018-08-31,53.80,53.97,53.55,53.78,10472930
2018-09-04,53.71,53.94,53.56,53.71,9571079
2018-09-05,53.55,54.33,53.49,54.33,14723850
2018-09-06,54.31,54.51,54.12,54.48,12333780
2018-09-07,54.31,54.41,53.99,54.37,9247266
2018-09-10,54.50,54.88,54.50,54.56,8361564
2018-09-11,54.49,54.55,54.24,54.36,8121575
2018-09-12,54.36,55.11,54.33,54.99,15220030
2018-09-13,55.01,55.03,54.60,54.91,9746491
2018-09-14,54.86,54.87,54.48,54.76,8925214
2018-09-17,54.72,54.98,54.60,54.96,10279570
2018-09-18,54.91,54.93,54.51,54.73,15637970
2018-09-19,54.68,54.91,54.55,54.63,7791623
2018-09-20,54.78,55.33,54.78,55.32,11817830
2018-09-21,55.02,55.11,54.91,55.02,10307920
2018-09-24,54.83,54.95,54.13,54.18,10648720
2018-09-25,54.34,54.46,53.83,53.86,8348337
2018-09-26,54.02,54.33,53.85,53.92,10369930
2018-09-27,53.74,54.20,53.59,53.85,8892816
2018-09-28,53.79,54.00,53.74,53.93,9249674
2018-10-01,54.01,54.09,53.83,53.89,8725512
2018-10-02,53.86,54.31,53.73,54.20,9591808
2018-10-03,54.32,54.38,53.55,53.62,15192730
2018-10-04,53.47,53.57,53.09,53.49,19963460
2018-10-05,53.38,53.65,53.36,53.44,13899500
2018-10-08,53.39,54.24,53.39,54.18,14815180
2018-10-09,54.20,54.31,53.93,54.06,13477210
2018-10-10,53.88,54.29,53.32,53.41,25953660
2018-10-11,53.26,53.54,51.92,52.09,44523180
2018-10-12,52.31,52.55,51.92,52.38,26257880
2018-10-15,52.23,53.08,52.23,52.70,15891590
2018-10-16,52.83,53.37,52.63,53.29,15467050
2018-10-17,53.24,53.66,53.05,53.54,15837830
2018-10-18,53.60,54.08,53.30,53.47,19370260
2018-10-19,54.08,54.85,54.08,54.69,28312160
2018-10-22,54.79,54.86,54.12,54.28,16645730
2018-10-23,53.96,54.66,53.65,54.52,30460850
2018-10-24,54.56,55.52,54.40,54.75,36751860
2018-10-25,54.62,55.08,54.15,54.88,30018170
2018-10-26,54.50,54.65,53.59,53.83,39310580
2018-10-29,54.20,54.83,53.95,54.45,31692500
2018-10-30,54.82,55.58,54.68,55.53,33148130
2018-10-31,55.52,55.52,54.57,55.01,30135110
2018-11-01,55.13,55.57,54.85,55.40,22589290
2018-11-02,55.40,55.47,54.62,55.11,28702830
2018-11-05,55.20,55.95,55.12,55.80,19972130
2018-11-06,55.79,56.16,55.60,56.14,15626480
2018-11-07,56.37,56.48,55.87,56.46,15067140
2018-11-08,56.18,56.58,56.17,56.49,12890220
2018-11-09,56.47,57.00,56.47,56.82,18510880
2018-11-12,56.66,56.98,56.41,56.52,15950710
2018-11-13,56.55,56.76,56.12,56.39,23146480
2018-11-14,56.49,56.49,55.74,56.01,17577620
2018-11-15,55.82,55.92,55.39,55.92,25604690
2018-11-16,55.89,56.28,55.69,56.06,15212780
2018-11-19,56.08,56.38,55.74,55.97,16719640
2018-11-20,55.80,56.08,54.89,55.04,33023190
2018-11-21,55.01,55.14,54.48,54.60,16604420
2018-11-23,54.55,55.03,54.42,54.79,8700837
2018-11-26,54.87,55.14,54.59,54.86,13125350
2018-11-27,54.77,55.37,54.74,55.35,15953270
2018-11-28,55.26,55.82,55.09,55.81,21971730
2018-11-29,55.72,56.07,55.65,55.90,13284960
2018-11-30,55.89,56.40,55.75,56.26,16551870
2018-12-03,56.46,56.46,55.73,56.31,20855420
2018-12-04,56.41,56.62,55.33,55.36,27633250
2018-12-06,55.18,55.44,54.24,55.42,32514030
2018-12-07,55.37,55.57,54.48,54.72,23138510
2018-12-10,55.03,55.03,53.88,54.72,38460000
2018-12-11,55.10,55.57,54.87,55.17,25677400
2018-12-12,55.51,55.68,55.07,55.10,18735230
2018-12-13,55.17,55.62,55.10,55.44,16987810
2018-12-14,55.09,55.16,54.37,54.50,20262680
2018-12-17,54.37,54.50,52.92,53.24,27324110
2018-12-18,53.38,53.49,52.31,52.61,27349680
2018-12-19,52.86,53.28,51.86,52.10,46259640
2018-12-20,51.87,51.89,50.68,51.17,43414990
2018-12-21,50.72,51.83,50.18,50.18,38484480
2018-12-24,50.05,50.22,48.69,48.73,23086840
2018-12-26,48.83,50.09,48.33,50.09,26670630
2018-12-27,49.78,50.61,49.04,50.57,35923350
2018-12-28,50.94,51.15,50.37,50.57,24436560
2018-12-31,50.70,50.82,50.31,50.78,14958570
2019-01-02,50.24,50.64,49.95,50.48,20458640
2019-01-03,50.39,50.91,50.11,50.19,22074830
2019-01-04,50.52,51.26,50.41,51.26,19003280
2019-01-07,51.13,51.53,50.73,51.19,15143260
2019-01-08,51.49,51.79,51.24,51.66,28273700
2019-01-09,51.65,51.70,51.06,51.18,15684520
2019-01-10,51.08,51.57,50.94,51.48,32431670
2019-01-11,51.59,51.66,51.35,51.63,11732380
2019-01-14,51.50,51.61,51.30,51.38,7811522
2019-01-15,51.37,51.94,51.34,51.89,11447700
2019-01-16,51.87,51.87,51.42,51.61,13484730
2019-01-17,51.53,51.94,51.47,51.83,10196400
2019-01-18,52.13,52.61,52.07,52.45,11957620
2019-01-22,52.31,52.41,51.55,51.97,20877710
2019-01-23,52.37,52.74,52.12,52.59,19004730
2019-01-24,52.31,52.32,51.59,51.94,17727190
2019-01-25,52.10,52.31,51.66,51.73,12920340
2019-01-28,51.62,51.97,51.45,51.95,10516670
2019-01-29,52.05,52.18,51.84,52.07,11500370
2019-01-30,52.12,52.54,52.00,52.42,13934620
2019-01-31,52.43,53.53,52.31,53.39,17886500
2019-02-01,53.55,53.55,53.00,53.22,14423440
2019-02-04,53.21,53.56,53.11,53.56,13367540
2019-02-05,53.60,53.71,53.42,53.57,11296080
2019-02-06,53.42,53.67,53.42,53.58,19006090
2019-02-07,53.35,53.58,53.17,53.54,14519000
2019-02-08,53.43,53.79,53.23,53.79,11100070
2019-02-11,53.84,53.98,53.69,53.93,6876160
2019-02-12,54.04,54.51,53.96,54.35,11694050
2019-02-13,54.45,54.62,54.33,54.45,10809560
2019-02-14,53.88,54.08,53.55,53.84,11388510
2019-02-15,54.10,54.45,53.84,54.35,12635410
2019-02-19,54.48,54.84,54.36,54.63,19831690
2019-02-20,54.58,54.73,54.36,54.53,14478610
2019-02-21,54.44,54.81,54.28,54.69,11706500
2019-02-22,54.18,54.43,54.04,54.43,24758740
2019-02-25,54.54,54.70,54.06,54.13,15161980
2019-02-26,54.16,54.39,54.03,54.16,15114390
2019-02-27,54.04,54.16,53.86,54.08,10811600
2019-02-28,54.21,54.55,54.08,54.34,8469392
2019-03-01,54.50,54.52,53.85,54.24,10812210
2019-03-04,54.34,54.44,53.73,54.15,10113570
2019-03-05,54.14,54.29,54.01,54.11,10132430
2019-03-06,54.10,54.24,53.80,54.03,11997830
2019-03-07,53.94,54.03,53.57,53.68,14336060
2019-03-08,53.73,53.97,53.45,53.71,11909340
2019-03-11,53.80,54.45,53.80,54.41,10519250
2019-03-12,54.42,54.62,54.30,54.43,10841810
2019-03-13,54.47,54.95,54.43,54.74,11135270
2019-03-14,54.76,54.84,54.60,54.69,8449574
2019-03-15,54.58,54.84,54.47,54.70,21846920
2019-03-18,54.71,54.89,54.64,54.78,8103717
2019-03-19,54.90,55.02,54.53,54.74,13359400
2019-03-20,54.71,54.82,54.33,54.51,19832750
2019-03-21,54.41,55.23,54.41,55.15,12699180
2019-03-22,55.07,55.44,55.00,55.08,21007310
2019-03-25,54.98,55.33,54.85,55.19,12537030
2019-03-26,55.38,55.85,55.34,55.66,12808700
2019-03-27,55.66,55.82,55.19,55.47,12740360
2019-03-28,55.60,55.89,55.58,55.74,11920930
2019-03-29,55.84,56.16,55.69,56.11,13888770
2019-04-01,56.22,56.23,55.83,55.92,13799450
2019-04-02,55.75,55.75,55.46,55.46,13964780
2019-04-03,55.36,55.48,55.05,55.19,18616470
2019-04-04,55.23,55.48,55.18,55.40,10671220
2019-04-05,55.48,55.61,55.33,55.59,9045198
2019-04-08,55.56,55.83,55.49,55.82,6136908
2019-04-09,55.69,55.78,55.51,55.75,12062350
2019-04-10,55.80,55.98,55.75,55.91,7060757
2019-04-11,56.00,56.13,55.82,56.02,6444919
2019-04-12,56.06,56.24,55.88,56.20,7635666
2019-04-15,56.18,56.58,56.17,56.53,6501984
2019-04-16,56.63,56.73,56.32,56.54,9345071
2019-04-17,56.84,56.91,56.56,56.82,12720160
2019-04-18,57.05,57.15,56.62,56.87,10622180
2019-04-22,56.86,57.20,56.75,56.89,12431700
2019-04-23,56.86,56.93,56.60,56.71,20408440
2019-04-24,56.74,57.03,56.70,56.83,8221401
2019-04-25,56.52,56.56,56.27,56.47,9992063
2019-04-26,56.53,56.99,56.50,56.98,8405270
2019-04-29,56.95,57.08,56.87,57.05,7210808
2019-04-30,57.08,57.77,57.02,57.71,15965940
2019-05-01,57.78,57.82,57.00,57.00,11992680
2019-05-02,56.95,57.20,56.69,56.98,13925860
2019-05-03,57.25,57.54,57.16,57.41,13801290
2019-05-06,56.99,57.41,56.92,57.32,10100270
2019-05-07,57.06,57.17,56.45,56.75,20115510
2019-05-08,56.71,57.06,56.46,56.74,11940180
2019-05-09,56.50,56.78,56.19,56.62,23531640
2019-05-10,56.48,57.38,56.24,57.31,14029640
2019-05-13,56.72,56.91,56.56,56.77,13081750
2019-05-14,56.93,57.43,56.84,57.04,16497830
2019-05-15,56.96,57.61,56.85,57.49,9681802
2019-05-16,57.79,58.27,57.63,57.94,12859910
2019-05-17,57.62,58.08,57.61,57.75,15458750
2019-05-20,57.62,57.94,57.57,57.61,9496806
2019-05-21,57.82,57.84,57.40,57.49,8124122
2019-05-22,57.51,57.88,57.39,57.75,11102020
2019-05-23,57.53,57.75,57.41,57.73,17398020
2019-05-24,57.83,57.88,57.35,57.52,9530839
2019-05-28,57.53,57.67,56.53,56.58,14043120
2019-05-29,56.36,56.37,55.88,56.17,11455050
2019-05-30,56.28,56.53,56.15,56.41,9770151
2019-05-31,55.97,56.05,55.52,55.61,13450790
2019-06-03,55.69,56.42,55.68,56.31,17060650
2019-06-04,56.66,56.83,56.48,56.82,16547020
2019-06-05,57.08,57.58,56.86,57.47,15069730
2019-06-06,57.59,58.19,57.49,58.07,20769580
2019-06-07,58.27,58.86,58.27,58.63,18860800
2019-06-10,58.71,58.78,58.47,58.65,15341780
2019-06-11,58.82,58.98,58.69,58.84,18109720
2019-06-12,58.95,59.27,58.84,58.93,10921150
2019-06-13,59.07,59.24,58.72,59.06,11564630
2019-06-14,59.03,59.24,58.97,59.09,9726115
2019-06-17,59.11,59.17,58.65,58.92,8796634
2019-06-18,59.25,59.29,58.52,58.60,18120640
2019-06-19,58.56,58.96,58.27,58.84,13457170
2019-06-20,59.09,59.43,58.96,59.36,13566320
2019-06-21,58.84,59.01,58.62,58.72,15416200
2019-06-24,58.81,59.10,58.77,58.87,17796470
2019-06-25,58.88,58.96,58.67,58.84,11861740
2019-06-26,58.57,58.57,57.98,58.00,11672550
2019-06-27,58.08,58.16,57.77,58.11,11524920
2019-06-28,58.39,58.46,57.95,58.07,12409320
2019-07-01,58.37,58.55,58.08,58.42,12665180
2019-07-02,58.44,58.93,58.40,58.93,11913550
2019-07-03,59.01,59.72,58.96,59.66,11995830
2019-07-05,59.31,59.44,58.87,59.40,11008220
2019-07-08,59.40,59.59,59.30,59.48,9257128
2019-07-09,59.36,59.46,58.91,59.13,12499550
2019-07-10,59.34,59.66,59.29,59.51,16804870
2019-07-11,59.63,59.70,59.34,59.66,12575290
2019-07-12,59.64,59.97,59.64,59.83,8731980
2019-07-15,59.93,60.07,59.77,59.97,7212607
2019-07-16,59.98,60.23,59.77,59.99,13578990
2019-07-17,59.99,60.08,59.77,59.92,9050086
2019-07-18,59.99,60.50,59.77,60.32,9445260
2019-07-19,60.47,60.56,59.90,59.94,7460398
2019-07-22,60.05,60.05,59.53,59.59,7135087
2019-07-23,60.13,60.23,59.83,60.02,10058260
2019-07-24,59.93,59.98,59.55,59.62,7975850
2019-07-25,59.50,59.80,59.36,59.70,9469200
2019-07-26,59.80,60.39,59.63,60.37,14727930
2019-07-29,60.37,60.61,60.33,60.48,6121309
2019-07-30,60.72,61.02,60.52,60.66,14124040
2019-07-31,60.47,60.56,58.85,59.43,16826760
2019-08-01,59.60,60.30,59.18,59.22,30148240
2019-08-02,59.13,59.59,59.00,59.23,24368720
2019-08-05,58.85,59.10,57.37,57.69,26364780
2019-08-06,57.89,58.48,57.67,58.21,20126350
2019-08-07,57.96,59.11,57.35,58.89,17550850
2019-08-08,58.85,59.71,58.57,59.65,24011280
2019-08-09,59.62,59.77,58.90,59.32,10590200
2019-08-12,59.16,59.35,58.72,58.92,11773970
2019-08-13,58.88,59.85,58.78,59.59,13201450
2019-08-14,59.06,59.54,58.61,58.65,17281350
2019-08-15,59.29,59.74,59.00,59.53,14441880
2019-08-16,59.79,60.45,59.79,60.21,18294630
2019-08-19,60.69,60.93,60.55,60.81,13180760
2019-08-20,60.78,60.85,60.10,60.15,8959335
2019-08-21,60.55,60.60,60.16,60.31,8735923
2019-08-22,60.36,60.76,60.20,60.63,7127628
2019-08-23,60.46,60.71,59.28,59.62,25296120
2019-08-26,60.02,60.41,59.78,60.36,13629840
2019-08-27,60.61,60.77,60.00,60.19,13389350
2019-08-28,60.17,60.77,60.06,60.77,12435730
2019-08-29,61.13,61.14,60.43,60.80,9657640
2019-08-30,61.00,61.15,60.52,60.72,8566987
2019-09-03,60.46,61.08,60.35,61.07,15551870
2019-09-04,61.32,61.62,61.08,61.62,12200480
2019-09-05,61.78,61.92,61.15,61.24,15720090
2019-09-06,61.40,61.54,61.25,61.44,13904200
2019-09-09,61.41,61.47,61.13,61.30,27082420
2019-09-10,61.03,61.03,60.59,60.92,31984950
2019-09-11,60.90,61.19,60.58,61.14,17422190
2019-09-12,61.50,61.69,61.27,61.39,18296200
2019-09-13,61.11,61.46,60.91,61.04,17830530
2019-09-16,60.75,60.81,60.32,60.45,16741200
2019-09-17,60.42,61.11,60.42,60.78,11683570
2019-09-18,60.84,60.95,60.36,60.88,10969400
2019-09-19,60.83,60.98,60.74,60.87,10684530
2019-09-20,60.64,60.78,60.32,60.32,13957880
2019-09-23,60.37,60.81,60.32,60.56,8773667
2019-09-24,60.80,61.21,60.59,60.81,17305930
2019-09-25,61.07,61.15,60.67,60.85,17628500
2019-09-26,60.92,61.37,60.89,61.19,15581550
2019-09-27,61.34,61.36,60.76,61.12,14293980
2019-09-30,61.16,61.69,61.16,61.42,11080930
2019-10-01,61.45,61.62,61.01,61.26,16845910
2019-10-02,60.96,61.02,59.80,60.03,18672730
2019-10-03,60.33,60.66,59.79,60.45,21000410
2019-10-04,60.55,61.41,60.49,61.40,12017330
2019-10-07,61.26,61.34,60.84,60.90,9418609
2019-10-08,60.72,60.89,60.31,60.32,15290820
2019-10-09,60.62,60.93,60.48,60.78,8549051
2019-10-10,60.65,61.08,60.48,60.90,8685917
2019-10-11,61.13,61.21,60.72,60.84,18187230
2019-10-14,60.92,60.98,60.51,60.54,7569968
2019-10-15,60.69,60.73,60.19,60.28,12233270
2019-10-16,60.33,60.41,60.13,60.34,10406310
2019-10-17,60.54,60.79,60.45,60.62,13211140
2019-10-18,60.51,60.97,60.51,60.74,9301249
2019-10-21,60.75,60.97,60.66,60.94,9981664
2019-10-22,61.38,61.41,60.93,60.96,12497010
2019-10-23,60.93,61.28,60.91,61.24,7599184
2019-10-24,61.36,61.55,61.12,61.45,9089533
2019-10-25,61.39,61.40,61.03,61.09,7518628
2019-10-28,61.09,61.31,60.83,60.97,11154160
2019-10-29,60.86,61.26,60.75,60.97,10072440
2019-10-30,61.02,61.36,60.85,61.25,7216383
2019-10-31,61.27,61.49,60.77,61.16,12628110
2019-11-01,61.27,61.38,61.02,61.15,10231960
2019-11-04,61.22,61.25,60.37,60.56,17082680
2019-11-05,60.48,60.89,60.29,60.76,17192220
2019-11-06,60.86,61.16,60.69,61.01,8284492
2019-11-07,61.08,61.09,60.69,60.80,9437822
2019-11-08,60.77,60.95,60.56,60.76,7574243
2019-11-11,60.79,60.88,60.57,60.67,5632194
2019-11-12,60.76,60.87,60.59,60.87,7085094
2019-11-13,60.96,61.45,60.88,61.33,9508395
2019-11-14,61.60,61.62,61.06,61.31,8442110
2019-11-15,61.40,61.46,61.10,61.33,7221445
2019-11-18,61.27,61.99,61.27,61.65,8615497
2019-11-19,61.74,61.84,61.44,61.57,8560914
2019-11-20,61.57,61.86,61.44,61.71,11935880
2019-11-21,61.60,61.75,61.26,61.40,7611141
2019-11-22,61.45,61.49,61.06,61.30,5517052
2019-11-25,61.42,61.53,61.07,61.37,10396520
2019-11-26,61.45,61.93,61.34,61.87,7358892
2019-11-27,61.98,62.09,61.81,62.02,5483250
2019-11-29,62.04,62.14,61.88,62.00,3008494
2019-12-02,61.88,62.17,61.59,62.14,17920080
2019-12-03,62.02,62.09,61.62,62.04,20537420
2019-12-04,61.97,62.49,61.90,62.45,17369150
2019-12-05,62.47,62.48,62.06,62.43,13445170
2019-12-06,62.56,62.91,62.52,62.67,10746700
2019-12-09,62.63,62.88,62.62,62.72,6898808
2019-12-10,62.72,62.79,62.46,62.52,7194326
2019-12-11,62.66,62.76,62.42,62.61,6201740
2019-12-12,62.62,63.02,62.43,62.56,11843820
2019-12-13,62.40,62.88,62.29,62.78,10158290
2019-12-16,62.96,63.15,62.88,63.00,10004620
2019-12-17,62.92,63.04,62.82,62.90,8005483
2019-12-18,63.01,63.22,62.70,62.80,5464078
2019-12-19,62.89,63.28,62.88,63.14,9068128
2019-12-20,62.82,63.36,62.78,63.10,15270570
2019-12-23,63.22,63.22,62.81,62.83,6006541
2019-12-24,62.90,62.99,62.81,62.91,1700093
2019-12-26,62.98,63.09,62.80,62.97,8638550
2019-12-27,63.10,63.27,63.04,63.25,10315290
2019-12-30,63.14,63.24,62.83,62.92,6238572
2019-12-31,62.79,63.02,62.66,62.98,4985440
2020-01-02,63.10,63.10,62.31,62.48,14460720
2020-01-03,62.25,62.65,62.09,62.38,26388930
2020-01-06,62.29,62.59,62.18,62.51,22541710
2020-01-07,62.32,62.38,61.98,62.03,15609920
2020-01-08,62.08,62.52,61.96,62.26,11451390
2020-01-09,62.45,62.71,62.30,62.70,6854496
2020-01-10,62.76,62.84,62.58,62.66,7410845
2020-01-13,62.68,63.08,62.65,63.07,9625668
2020-01-14,62.99,63.12,62.91,63.09,7512310
2020-01-15,63.04,63.67,63.01,63.54,12454340
2020-01-16,63.62,63.76,63.55,63.71,8048560
2020-01-17,63.70,63.96,63.62,63.82,14902840
2020-01-21,63.73,64.07,63.51,64.04,11300540
2020-01-22,64.06,64.24,64.04,64.09,8046512
2020-01-23,63.88,64.20,63.64,64.03,14563300
2020-01-24,64.08,64.16,63.39,63.59,11935130
2020-01-27,63.05,63.69,63.01,63.39,8748391
2020-01-28,63.43,63.66,63.37,63.47,7899538
2020-01-29,63.52,63.57,63.15,63.15,8300775
2020-01-30,63.18,63.95,63.14,63.90,13824810
2020-01-31,63.93,64.21,63.00,63.18,15280050
2020-02-03,63.41,63.65,63.13,63.18,21797630
2020-02-04,63.68,63.99,63.42,63.56,14290900
2020-02-05,63.77,64.09,63.69,64.07,20911420
2020-02-06,64.14,64.52,64.01,64.18,9628492
2020-02-07,64.18,64.39,63.99,64.26,14849210
2020-02-10,64.29,64.65,64.27,64.53,7394081
2020-02-11,64.63,64.63,64.23,64.29,8375687
2020-02-12,64.37,64.39,64.12,64.26,8479023
2020-02-13,64.12,64.75,64.03,64.64,7950882
2020-02-14,64.71,64.81,64.58,64.79,5421252
2020-02-18,64.70,64.84,64.43,64.56,6902340
2020-02-19,64.57,64.74,64.46,64.49,4971272
2020-02-20,64.38,64.59,63.94,64.54,13397700
2020-02-21,64.36,64.79,64.34,64.65,10027830
2020-02-24,63.77,64.26,63.09,63.16,19892660
2020-02-25,63.20,63.51,61.80,62.02,25721460
2020-02-26,62.21,62.77,61.63,61.67,26066420
2020-02-27,61.12,61.67,59.15,59.16,39092320
2020-02-28,57.81,58.00,56.04,57.99,50978900
2020-03-02,58.11,61.13,58.11,61.09,27103060
2020-03-03,61.18,62.20,59.82,60.26,35237520
2020-03-04,61.11,63.25,61.03,63.22,26214330
2020-03-05,61.83,62.85,61.40,62.03,16556300
2020-03-06,60.39,61.89,59.94,61.54,24800220
2020-03-09,58.14,60.49,58.00,58.86,19126260
2020-03-10,60.10,60.65,57.89,60.55,28174890
2020-03-11,59.05,59.36,56.87,57.58,17760940
2020-03-12,53.89,56.71,51.91,52.17,26713970
2020-03-13,54.77,56.63,52.76,56.61,24835780
2020-03-16,51.35,55.56,50.78,52.77,27436810
2020-03-17,53.79,57.45,53.67,57.22,32318050
2020-03-18,54.75,57.00,53.30,55.75,35524850
2020-03-19,55.16,55.44,53.39,53.89,26808120
2020-03-20,54.04,54.06,49.95,50.40,26903720
2020-03-23,50.01,50.60,47.66,48.63,31822220
2020-03-24,50.75,51.40,49.80,51.11,28041780
2020-03-25,51.00,52.61,50.08,50.97,25526400
2020-03-26,51.59,54.12,51.38,53.76,25754060
2020-03-27,52.59,54.99,52.50,53.51,26004760
2020-03-30,54.03,55.76,54.03,55.60,15892760
2020-03-31,55.40,55.66,54.34,54.47,15203400
2020-04-01,52.99,54.38,52.86,53.55,11979960
2020-04-02,52.81,55.23,52.68,54.92,14748130
2020-04-03,54.70,55.52,54.47,55.35,15374070
2020-04-06,56.73,57.81,55.92,57.41,14835520
2020-04-07,58.30,58.76,56.74,56.75,22985560
2020-04-08,57.17,57.91,56.53,57.59,13877580
2020-04-09,57.75,59.02,57.61,58.13,20376080
2020-04-13,57.94,58.24,57.14,57.70,10679470
2020-04-14,58.69,60.22,58.46,60.15,17745320
2020-04-15,59.35,59.72,58.76,59.20,12553360
2020-04-16,59.51,59.81,58.75,59.59,14486100
2020-04-17,60.32,60.70,59.51,60.50,12083080
2020-04-20,59.90,60.32,59.26,59.31,9264086
2020-04-21,58.47,58.80,57.84,58.05,13021940
2020-04-22,58.75,58.94,58.14,58.61,15086940
2020-04-23,58.47,58.84,57.99,58.09,21074220
2020-04-24,58.43,58.90,58.23,58.71,9638607
2020-04-27,59.07,59.15,58.65,58.88,11024010
2020-04-28,59.56,59.64,58.96,59.21,13609000
2020-04-29,59.51,59.51,58.40,58.96,16038640
2020-04-30,58.79,58.82,57.92,58.26,16397060
2020-05-01,57.94,58.43,57.38,57.62,13023680
2020-05-04,57.51,57.72,57.02,57.59,11314420
2020-05-05,57.82,58.26,57.56,57.64,9705173
2020-05-06,57.74,57.90,56.96,57.01,10700160
2020-05-07,57.45,57.53,56.73,56.85,11203700
2020-05-08,57.42,58.24,57.39,58.12,13405120
2020-05-11,57.86,58.49,57.80,58.04,8807213
2020-05-12,58.23,58.55,57.55,57.55,20587310
2020-05-13,57.50,57.82,56.69,57.03,12186850
2020-05-14,56.75,57.03,55.98,56.89,11793810
2020-05-15,56.88,57.56,56.67,57.39,20847890
2020-05-18,58.30,58.60,57.88,58.30,15214100
2020-05-19,58.38,58.41,57.23,57.23,15313180
2020-05-20,57.71,57.94,57.36,57.91,8519553
2020-05-21,57.82,57.83,57.15,57.27,13913920
2020-05-22,57.29,57.52,57.16,57.47,7216407
2020-05-26,58.28,58.38,57.66,57.78,10487160
2020-05-27,58.24,58.70,57.91,58.65,10937850
2020-05-28,59.10,59.49,58.85,59.17,10184560
2020-05-29,58.99,59.42,58.46,59.23,12891050
2020-06-01,59.26,59.86,59.23,59.64,9101497
2020-06-02,59.74,59.83,59.34,59.80,9837883
2020-06-03,60.06,60.16,59.86,59.88,10155280
2020-06-04,59.76,60.07,59.27,59.59,8973812
2020-06-05,60.03,60.73,59.86,60.42,11502500
2020-06-08,60.43,61.10,60.22,61.07,13094200
2020-06-09,60.84,60.93,60.20,60.57,13735360
2020-06-10,60.71,60.88,60.28,60.40,9877863
2020-06-11,59.75,60.12,58.04,58.11,14738740
2020-06-12,58.91,58.92,57.62,58.12,17837450
2020-06-15,57.58,58.87,57.19,58.79,11366700
2020-06-16,59.95,60.02,58.94,59.71,10840340
2020-06-17,59.82,60.07,59.44,59.62,8388420
2020-06-18,59.35,59.99,59.27,59.93,6022734
2020-06-19,60.48,60.67,59.52,59.62,10777650
2020-06-22,59.10,59.22,58.78,58.99,9039672
2020-06-23,59.38,59.59,58.84,58.90,7950967
2020-06-24,58.60,58.60,57.70,57.91,14343240
2020-06-25,57.88,58.39,57.52,58.32,12128870
2020-06-26,58.30,58.46,57.08,57.13,14476540
2020-06-29,57.50,58.32,57.45,58.21,9654292
2020-06-30,58.22,58.85,58.13,58.64,7379844
2020-07-01,58.75,59.05,58.66,58.69,7261597
2020-07-02,59.18,59.57,58.87,58.99,6857203
2020-07-06,59.44,59.58,58.95,59.28,10091330
2020-07-07,58.96,60.15,58.92,59.82,8160996
2020-07-08,59.95,59.99,59.41,59.67,9327862
2020-07-09,59.59,59.75,58.86,59.20,7672545
2020-07-10,59.27,60.41,59.26,60.29,14142790
2020-07-13,60.58,60.99,59.97,60.20,10906170
2020-07-14,60.03,61.23,59.91,61.08,14270060
2020-07-15,61.39,61.86,60.94,61.13,14952750
2020-07-16,61.10,61.38,60.98,61.26,7770231
2020-07-17,61.54,61.69,61.33,61.59,6321685
2020-07-20,61.46,61.49,60.78,60.97,6818583
2020-07-21,61.40,62.16,61.33,61.50,7847604
2020-07-22,61.69,62.08,61.06,61.99,7022779
2020-07-23,62.20,62.46,62.00,62.21,9467970
2020-07-24,62.31,62.83,61.83,62.13,6809254
2020-07-27,62.07,62.45,61.94,62.44,6802002
2020-07-28,62.42,62.98,62.39,62.67,6699305
2020-07-29,62.65,62.96,62.49,62.76,7486444
2020-07-30,62.61,62.98,62.32,62.76,10901710
2020-07-31,62.51,62.71,61.92,62.70,10277230
2020-08-03,62.73,62.76,62.22,62.53,8614449
2020-08-04,62.44,63.33,62.33,63.31,7417357
2020-08-05,63.41,63.53,63.00,63.18,7143577
2020-08-06,63.03,63.28,62.92,63.17,11983730
2020-08-07,63.07,63.57,63.00,63.51,9176106
2020-08-10,63.58,63.97,63.44,63.84,4345637
2020-08-11,64.14,64.30,63.22,63.40,8633508
2020-08-12,63.66,64.50,63.66,64.22,8021616
2020-08-13,64.08,64.36,63.99,64.17,5857118
2020-08-14,64.10,64.37,63.92,64.16,3776370
2020-08-17,64.31,64.73,64.19,64.52,5172926
2020-08-18,64.62,64.96,64.33,64.78,4927298
2020-08-19,64.69,64.78,64.16,64.27,5871749
2020-08-20,63.90,64.22,63.79,64.14,10178890
2020-08-21,64.06,64.39,63.87,64.30,5713949
2020-08-24,64.41,64.85,64.21,64.85,6978548
2020-08-25,65.00,65.05,64.43,64.71,4517276
2020-08-26,64.58,64.88,64.28,64.79,5375359
2020-08-27,64.91,65.50,64.90,65.19,8711155
2020-08-28,65.50,65.81,64.88,65.77,6868207
2020-08-31,65.53,65.77,65.31,65.58,7661174
2020-09-01,65.57,65.67,65.13,65.65,9723064
2020-09-02,65.95,67.11,65.85,66.84,11174760
2020-09-03,67.00,67.61,65.20,65.69,26304590
2020-09-04,65.88,66.15,64.73,65.54,15604920
2020-09-08,65.38,65.51,63.89,64.16,16316980
2020-09-09,64.53,65.72,64.41,65.09,12848570
2020-09-10,65.09,65.27,64.15,64.29,11060570
2020-09-11,64.49,64.96,64.19,64.65,10212540
2020-09-14,64.97,65.37,64.78,65.07,6397036
2020-09-15,65.23,65.46,64.89,64.98,5672885
2020-09-16,65.26,65.43,64.63,64.69,7270728
2020-09-17,64.15,64.62,63.82,64.28,10108730
2020-09-18,64.38,64.47,63.25,63.69,9988926
2020-09-21,62.88,63.07,62.11,62.83,11326360
2020-09-22,62.87,63.51,62.80,63.20,7148633
2020-09-23,63.40,63.56,62.18,62.25,7016242
2020-09-24,62.25,63.04,61.83,62.71,9141823
2020-09-25,62.39,63.11,62.25,63.04,7432117
2020-09-28,63.56,64.11,63.53,63.75,6077639
2020-09-29,63.78,63.93,63.21,63.33,8150441
2020-09-30,63.59,64.50,63.56,64.10,8284207
2020-10-01,64.47,64.61,63.91,64.46,9262892
2020-10-02,63.82,64.39,63.60,64.10,7463060
2020-10-05,64.25,64.61,64.15,64.53,4501173
2020-10-06,64.68,64.93,63.92,64.11,6552884
2020-10-07,64.48,65.07,64.35,64.80,8073123
2020-10-08,65.09,65.29,64.82,65.23,6659207
2020-10-09,65.49,66.03,65.41,65.74,7894676
2020-10-12,66.02,66.84,65.98,66.50,8685591
2020-10-13,66.30,66.65,66.14,66.45,7505697
2020-10-14,66.44,66.71,65.84,66.11,6566256
2020-10-15,65.63,66.33,65.57,66.15,6649980
2020-10-16,66.35,66.71,66.15,66.17,6701213
2020-10-19,66.17,66.45,65.13,65.31,7733956
2020-10-20,65.95,66.08,65.11,65.24,7660211
2020-10-21,65.17,65.67,65.14,65.30,7013914
2020-10-22,65.31,65.49,64.96,65.27,7779661
2020-10-23,65.50,65.65,65.19,65.39,5094101
2020-10-26,64.89,65.02,63.98,64.55,9352339
2020-10-27,64.59,64.94,64.34,64.38,5331369
2020-10-28,63.46,63.79,62.43,62.50,10980600
2020-10-29,62.34,63.10,61.72,62.48,8942690
2020-10-30,62.24,62.54,61.49,62.26,10093310
2020-11-02,63.15,63.54,62.76,63.25,10935090
2020-11-03,63.89,64.88,63.81,64.29,20578760
2020-11-04,64.65,65.41,64.24,64.32,25605870
2020-11-05,65.07,65.40,64.61,64.79,13919540
2020-11-06,64.89,65.42,64.81,65.09,12703580
2020-11-09,66.64,67.28,64.85,64.94,15142820
2020-11-10,64.93,66.40,64.88,66.22,15134570
2020-11-11,66.60,67.08,66.15,66.79,10382140
2020-11-12,66.61,66.79,66.05,66.61,8945870
2020-11-13,66.86,67.62,66.66,67.53,6167265
2020-11-16,68.15,68.18,67.63,68.15,12956030
2020-11-17,67.64,68.06,67.47,67.67,8148092
2020-11-18,67.77,68.01,66.73,66.74,7607802
2020-11-19,66.56,67.02,66.39,66.92,8830197
2020-11-20,66.82,67.11,66.44,66.50,4663421
2020-11-23,66.62,66.72,66.11,66.52,5825336
2020-11-24,66.92,67.20,66.77,66.97,6064942
2020-11-25,66.94,67.20,66.84,66.93,5245413
2020-11-27,67.10,67.10,66.72,66.92,3228570
2020-11-30,66.75,66.98,66.23,66.91,11582090
2020-12-01,67.21,67.57,67.08,67.50,12126240
2020-12-02,67.27,67.59,66.72,66.94,11392180
2020-12-03,66.77,67.23,66.76,67.11,10951370
2020-12-04,67.17,67.64,67.09,67.63,11055790
2020-12-07,67.50,67.61,67.05,67.37,9466348
2020-12-08,67.13,67.88,66.98,67.74,7090952
2020-12-09,67.84,67.87,67.29,67.47,10420080
2020-12-10,67.45,67.62,67.00,67.17,5723441
2020-12-11,66.91,67.50,66.89,67.32,5000806
2020-12-14,67.65,67.91,67.04,67.06,6663423
2020-12-15,67.35,67.55,67.14,67.22,6121300
2020-12-16,67.27,67.67,67.11,67.35,10505830
2020-12-17,67.59,67.86,67.57,67.78,4673406
2020-12-18,67.88,68.08,67.41,67.93,6980529
2020-12-21,66.62,66.77,65.94,66.64,8255571
2020-12-22,66.61,66.61,66.06,66.17,9107878
2020-12-23,66.37,66.64,66.23,66.39,4302588
2020-12-24,66.44,66.76,66.28,66.72,1954906
2020-12-28,66.97,67.45,66.90,67.25,6315355
2020-12-29,67.42,67.61,66.88,67.05,4993578
2020-12-30,67.13,67.21,66.90,66.98,7359939
2020-12-31,67.05,67.55,66.72,67.45,6062326
2021-01-04,67.42,67.44,65.92,66.72,12992630
2021-01-05,66.62,66.86,66.10,66.72,10871870
2021-01-06,66.59,67.10,66.48,66.77,14206670
2021-01-07,66.82,66.98,66.30,66.57,13963540
2021-01-08,66.62,66.96,66.25,66.90,17960850
2021-01-11,66.53,66.97,66.22,66.33,9648777
2021-01-12,66.33,66.48,65.83,66.11,11089460
2021-01-13,66.04,66.46,66.01,66.21,8337475
2021-01-14,66.27,66.30,65.78,65.86,11549050
2021-01-15,65.62,65.92,65.36,65.63,13260270
2021-01-19,65.85,65.98,65.28,65.34,8130797
2021-01-20,65.32,65.62,64.88,65.46,10700710
2021-01-21,65.36,65.41,65.13,65.24,8461251
2021-01-22,65.19,65.47,64.92,65.07,8329329
2021-01-25,64.87,65.94,64.84,65.72,17486200
2021-01-26,65.80,66.44,65.50,66.31,9304200
2021-01-27,65.94,66.83,65.03,65.19,17826870
2021-01-28,65.32,66.17,65.13,65.44,19925860
2021-01-29,65.19,65.21,64.06,64.09,19374810
2021-02-01,64.36,64.50,63.94,64.15,13283500
2021-02-02,64.40,65.10,64.21,64.58,13278380
2021-02-03,64.43,64.83,64.25,64.68,9542039
2021-02-04,64.74,65.17,64.60,65.15,7292368
2021-02-05,65.55,65.96,65.52,65.76,8889285
2021-02-08,65.97,66.16,65.58,66.01,9412236
2021-02-09,66.02,66.19,65.77,65.95,12345520
2021-02-10,66.26,66.41,65.73,65.88,6957185
2021-02-11,65.95,65.97,65.49,65.59,7478535
2021-02-12,65.53,65.77,65.36,65.69,7131815
2021-02-16,65.81,65.86,65.34,65.57,9246566
2021-02-17,65.32,65.94,65.24,65.81,8887385
2021-02-18,65.22,65.94,65.17,65.77,7465429
2021-02-19,65.82,65.83,64.88,64.94,10246240
2021-02-22,64.77,65.17,64.64,65.00,8649582
2021-02-23,65.21,65.64,64.86,65.09,12743370
2021-02-24,64.92,65.26,64.73,65.05,9103992
2021-02-25,64.95,65.32,64.20,64.34,17558540
2021-02-26,64.47,64.47,63.28,63.30,17718480
2021-03-01,63.75,64.46,63.73,63.94,11264330
2021-03-02,63.87,64.32,63.80,63.83,12942750
2021-03-03,63.66,64.03,63.49,63.53,13450880
2021-03-04,63.66,64.43,62.99,63.30,25968680
2021-03-05,63.57,64.89,63.33,64.70,21719460
2021-03-08,64.72,65.67,64.61,64.98,18946970
2021-03-09,65.20,65.51,64.87,64.92,17259570
2021-03-10,64.97,66.06,64.76,65.77,15827670
2021-03-11,65.84,66.04,65.54,65.61,12386460
2021-03-12,65.85,66.23,65.80,66.15,10518240
2021-03-15,66.39,66.50,66.04,66.44,8384558
2021-03-16,66.36,66.73,66.36,66.52,13550250
2021-03-17,66.55,66.82,66.19,66.42,12254150
2021-03-18,66.25,66.52,65.83,66.15,14497550
2021-03-19,66.22,66.56,66.06,66.38,20807120
2021-03-22,65.91,66.76,65.86,66.72,14499460
2021-03-23,66.71,67.31,66.53,67.00,13216340
2021-03-24,66.84,67.17,66.58,66.74,15831100
2021-03-25,66.83,67.47,66.50,67.39,14763960
2021-03-26,67.47,68.62,67.28,68.58,15098560
2021-03-29,68.38,69.33,68.35,69.27,11857270
2021-03-30,69.14,69.21,68.40,68.53,14042730
2021-03-31,68.50,68.78,68.16,68.31,18241130
2021-04-01,68.04,68.33,67.53,67.98,21191770
2021-04-05,68.27,69.22,68.15,68.85,20093000
2021-04-06,68.73,69.40,68.68,69.14,19302200
2021-04-07,69.26,69.35,68.88,68.97,20763860
2021-04-08,68.94,69.18,68.86,69.04,10244790
2021-04-09,69.05,69.20,68.50,68.92,7020455
2021-04-12,69.01,69.30,68.92,69.29,10117930
2021-04-13,68.99,69.18,68.83,68.92,11982800
2021-04-14,68.88,68.96,68.57,68.86,12087520
2021-04-15,69.02,69.52,69.02,69.41,7714920
2021-04-16,69.70,69.95,69.43,69.81,7810039
2021-04-19,69.82,69.96,69.32,69.54,10867370
2021-04-20,69.05,70.14,68.95,69.92,13168950
2021-04-21,70.00,70.47,70.00,70.27,10794940
2021-04-22,70.15,70.19,69.60,69.75,10762900
2021-04-23,69.61,69.79,69.29,69.57,9133794
2021-04-26,69.53,69.53,68.69,68.79,8750052
2021-04-27,68.75,68.89,68.44,68.74,10078890
2021-04-28,69.02,69.18,68.71,68.79,7925308
2021-04-29,68.76,69.63,68.76,69.52,9202883
2021-04-30,69.52,69.61,69.24,69.58,10784800
2021-05-03,69.73,70.41,69.66,70.15,12671490
2021-05-04,70.00,70.27,69.57,69.79,11147280
2021-05-05,69.77,69.87,69.45,69.74,5499736
2021-05-06,69.87,70.66,69.87,70.64,10192050
2021-05-07,70.53,70.86,70.36,70.64,9841789
2021-05-10,70.94,71.64,70.88,71.18,10558650
2021-05-11,71.21,71.36,70.24,70.56,14385700
2021-05-12,70.40,70.48,69.61,69.62,13223130
2021-05-13,69.61,70.92,69.53,70.60,18497980
2021-05-14,70.87,71.33,70.83,70.91,9672566
2021-05-17,70.95,71.25,70.66,70.81,10697350
2021-05-18,70.89,71.17,70.55,70.59,11169180
2021-05-19,70.25,70.46,69.86,70.36,13709690
2021-05-20,70.37,71.26,70.33,71.01,11336450
2021-05-21,71.19,71.48,70.89,71.02,7779569
2021-05-24,71.11,71.48,70.97,71.23,6535992
2021-05-25,71.28,71.31,70.82,71.25,8271854
2021-05-26,71.29,71.36,70.97,71.10,10622580
2021-05-27,71.22,71.45,70.59,70.66,12693910
2021-05-28,70.77,71.11,70.76,70.81,8476372
2021-06-01,71.08,71.26,70.33,70.57,8894050
2021-06-02,70.67,70.95,70.50,70.83,6411362
2021-06-03,70.62,71.33,70.62,71.27,9409968
2021-06-04,71.48,71.69,71.29,71.52,6078231
2021-06-07,71.53,71.62,71.08,71.40,7307053
2021-06-08,71.42,71.51,70.78,70.80,8545311
2021-06-09,70.67,71.02,70.44,70.46,8273863
2021-06-10,70.59,71.08,70.56,70.90,8213077
2021-06-11,71.04,71.07,70.60,70.94,6232513
2021-06-14,70.88,70.92,70.47,70.90,10449380
2021-06-15,70.96,71.12,70.66,70.73,5151605
2021-06-16,70.75,70.83,69.77,69.79,10507100
2021-06-17,69.80,70.19,69.61,70.04,9239730
2021-06-18,69.56,69.65,68.78,68.80,16882480
2021-06-21,68.76,69.21,68.72,69.14,14278430
2021-06-22,69.15,69.53,69.04,69.24,8351059
2021-06-23,69.18,69.19,68.81,68.81,7072865
2021-06-24,68.83,69.23,68.77,69.15,6343771
2021-06-25,69.19,69.76,69.06,69.68,9241292
2021-06-28,69.73,69.93,69.58,69.74,7570632
2021-06-29,69.78,69.90,69.32,69.43,13155420
2021-06-30,69.58,70.06,69.55,69.97,8815138
2021-07-01,70.00,70.17,69.65,69.76,11633080
2021-07-02,69.92,70.14,69.83,69.93,20733310
2021-07-06,69.77,69.80,69.31,69.64,7595657
2021-07-07,69.62,70.28,69.61,70.01,7880556
2021-07-08,69.68,70.06,69.48,69.75,9212884
2021-07-09,70.02,70.28,69.88,70.15,6287124
2021-07-12,70.03,70.14,69.77,70.04,7384238
2021-07-13,70.02,70.45,69.88,70.02,12057920
2021-07-14,70.11,70.74,70.01,70.64,7616097
2021-07-15,70.53,70.94,70.33,70.93,8662510
2021-07-16,71.05,71.31,70.95,71.04,8634370
2021-07-19,70.80,71.27,70.20,70.83,20734490
2021-07-20,70.82,71.54,70.66,70.85,20405250
2021-07-21,71.18,71.23,70.65,70.67,9366680
2021-07-22,70.49,70.74,70.10,70.55,9632121
2021-07-23,70.57,71.49,70.47,71.40,9732614
2021-07-26,71.29,71.63,71.11,71.52,5952169
2021-07-27,71.50,71.98,71.27,71.67,14720770
2021-07-28,71.50,71.59,70.89,71.04,9114115
2021-07-29,71.30,71.59,71.23,71.39,8811096
2021-07-30,71.50,71.88,71.40,71.51,10403740
2021-08-02,71.51,71.58,71.13,71.21,12050100
2021-08-03,71.23,71.66,71.06,71.53,8647748
2021-08-04,71.28,71.46,70.55,70.60,8886513
2021-08-05,70.97,71.09,70.77,70.94,7063013
2021-08-06,71.10,71.23,70.81,70.94,13492350
2021-08-09,71.17,71.32,71.00,71.20,9055182
2021-08-10,71.34,71.74,71.22,71.71,11291750
2021-08-11,71.89,72.24,71.83,71.95,14992790
2021-08-12,71.99,72.04,71.78,71.91,6432131
2021-08-13,72.00,72.58,71.89,72.51,8808600
2021-08-16,72.51,72.95,72.38,72.93,7903158
2021-08-17,72.80,73.25,72.63,72.97,15666040
2021-08-18,72.83,72.94,72.01,72.06,10669390
2021-08-19,71.74,72.78,71.70,72.64,13035570
2021-08-20,72.63,73.05,72.36,72.76,10454480
2021-08-23,72.77,72.90,72.50,72.53,8794517
2021-08-24,72.49,72.51,71.88,71.98,8494246
2021-08-25,71.93,72.03,71.61,71.86,8007585
2021-08-26,71.76,71.81,71.29,71.53,13077960
2021-08-27,71.60,71.91,71.36,71.78,9126224
2021-08-30,71.80,72.17,71.73,72.10,5645819
2021-08-31,72.16,72.34,71.98,72.26,8037108
2021-09-01,72.32,72.71,72.19,72.64,8399323
2021-09-02,72.79,73.04,72.66,72.92,6623255
2021-09-03,72.70,72.94,72.49,72.83,6011766
2021-09-07,72.71,72.71,71.94,71.99,9206272
2021-09-08,71.90,72.69,71.86,72.61,10662930
2021-09-09,72.54,72.56,72.12,72.19,7741475
2021-09-10,72.33,72.36,71.74,71.88,10270190
2021-09-13,72.16,72.68,71.89,72.06,13798060
2021-09-14,72.24,72.29,71.61,71.73,9145485
2021-09-15,71.73,72.11,71.56,71.99,8824670
2021-09-16,71.90,72.12,71.15,71.75,9789850
2021-09-17,71.56,71.82,71.35,71.36,13149980
2021-09-20,70.43,70.84,69.67,70.21,17880720
2021-09-21,70.41,70.97,70.00,70.13,11140500
2021-09-22,70.59,70.77,70.19,70.33,10026010
2021-09-23,70.43,70.91,70.36,70.59,8440457
2021-09-24,70.49,70.93,70.49,70.62,6717401
2021-09-27,70.51,70.84,70.24,70.30,8467099
2021-09-28,70.11,70.19,69.22,69.47,14982980
2021-09-29,69.61,70.46,69.46,70.10,13329570
2021-09-30,70.27,70.33,68.81,68.84,16260420
2021-10-01,69.05,69.35,68.37,69.02,15889230
2021-10-04,69.00,69.49,68.32,68.80,20351650
2021-10-05,68.97,69.45,68.82,69.15,16186330
2021-10-06,68.79,69.89,68.71,69.82,14910180
2021-10-07,70.17,70.75,70.08,70.13,8396819
2021-10-08,70.18,70.34,69.92,70.05,7285705
2021-10-11,70.16,70.41,69.97,70.03,8218354
2021-10-12,70.09,70.60,69.91,70.06,12401220
2021-10-13,70.13,70.38,69.58,70.19,9548277
2021-10-14,70.45,71.09,70.40,70.98,9975213
2021-10-15,71.22,71.25,70.61,70.81,11575230
2021-10-18,70.50,70.72,70.02,70.39,10043300
2021-10-19,70.27,70.43,69.93,70.42,10203060
2021-10-20,70.49,71.07,70.43,70.83,8829799
2021-10-21,70.93,70.99,70.66,70.74,7976583
2021-10-22,70.88,71.40,70.82,71.29,9575787
2021-10-25,71.24,71.39,70.74,71.24,6844587
2021-10-26,71.25,71.67,71.20,71.49,8805735
2021-10-27,71.86,71.91,71.04,71.07,10335100
2021-10-28,71.09,71.35,70.97,71.32,8614806
2021-10-29,71.14,71.53,71.07,71.25,8105319
2021-11-01,71.40,71.52,71.11,71.36,7033899
2021-11-02,71.40,72.00,71.19,71.84,9942655
2021-11-03,71.85,72.51,71.80,72.51,10471140
2021-11-04,72.25,72.64,72.06,72.58,11701780
2021-11-05,72.86,73.12,72.72,73.00,9929095
2021-11-08,73.03,73.08,72.08,72.42,12813580
2021-11-09,72.44,72.74,72.20,72.67,13527560
2021-11-10,72.74,73.08,72.61,72.89,11350550
2021-11-11,72.94,72.98,72.67,72.84,6319124
2021-11-12,72.99,73.18,72.72,72.84,7469917
2021-11-15,72.97,73.27,72.83,73.19,6381465
2021-11-16,73.14,73.38,72.70,72.73,6562151
2021-11-17,72.66,72.80,72.44,72.57,10444910
2021-11-18,72.38,72.48,71.96,72.31,11270220
2021-11-19,72.47,72.49,72.01,72.05,11924030
2021-11-22,72.14,73.12,72.06,72.62,13425800
2021-11-23,72.63,73.22,72.51,73.10,13405650
2021-11-24,73.00,73.11,72.55,72.88,9556367
2021-11-26,72.39,72.72,71.70,71.96,11715560
2021-11-29,72.04,72.42,71.68,72.14,13646620
2021-11-30,71.69,71.75,70.14,70.29,23715130
2021-12-01,70.77,71.36,69.92,69.95,22902450
2021-12-02,70.19,71.14,70.19,70.69,18704010
2021-12-03,71.08,71.68,70.87,71.57,22867550
2021-12-06,72.08,73.10,72.07,72.83,18524400
2021-12-07,72.95,73.35,72.81,72.99,13169470
2021-12-08,72.87,73.19,72.14,72.76,14489770
2021-12-09,72.75,73.22,72.44,72.96,8613861
2021-12-10,73.39,74.24,73.25,74.19,10889960
2021-12-13,74.17,75.39,74.06,75.16,16518050
2021-12-14,75.01,75.33,74.72,75.21,16048340
2021-12-15,75.22,76.06,75.19,75.97,21276950
2021-12-16,75.91,76.78,75.89,76.51,14498960
2021-12-17,76.24,76.62,75.16,75.20,23809880
2021-12-20,74.12,74.75,74.03,74.71,14116650
2021-12-21,74.71,74.76,74.17,74.61,11872070
2021-12-22,74.58,75.11,74.28,75.08,7650200
2021-12-23,75.26,75.50,75.14,75.25,8089032
2021-12-27,75.30,76.05,75.30,76.05,7343188
2021-12-28,75.96,76.56,75.96,76.48,7285332
2021-12-29,76.56,77.02,76.43,76.83,7891629
2021-12-30,77.02,77.10,76.53,76.59,6802853
2021-12-31,76.54,77.23,76.50,77.11,11288950
2022-01-03,76.66,77.14,76.02,77.10,22320270
2022-01-04,77.08,77.86,77.05,77.62,23066030
2022-01-05,77.52,78.18,77.49,77.55,29748490
2022-01-06,77.50,77.98,77.23,77.34,25023940
2022-01-07,77.22,77.72,77.01,77.42,12650260
2022-01-10,77.30,77.46,76.56,76.81,18578270
2022-01-11,76.73,76.79,75.88,76.72,19571760
2022-01-12,76.67,76.81,76.39,76.75,11155240
2022-01-13,76.83,77.05,76.58,76.89,14287370
2022-01-14,76.70,77.13,76.35,77.03,21391720
2022-01-18,76.46,76.48,75.68,75.92,16684340
2022-01-19,76.06,76.92,76.04,76.40,18518490
2022-01-20,76.33,76.98,75.83,75.90,15677900
2022-01-21,76.28,76.93,75.84,75.96,25270620
2022-01-24,75.66,76.16,74.11,75.71,35520550
2022-01-25,75.05,75.31,73.97,74.87,28638460
2022-01-26,74.64,75.31,73.86,74.30,33222240
2022-01-27,74.89,75.98,74.50,74.80,23821390
2022-01-28,74.41,75.72,73.76,75.68,25111500
2022-01-31,75.22,76.04,75.05,75.97,15453030
2022-02-01,75.97,76.14,75.12,75.90,15621140
2022-02-02,75.98,76.92,75.91,76.81,13630430
2022-02-03,76.46,77.21,76.34,76.83,14414670
2022-02-04,76.31,76.67,75.46,75.89,17939700
2022-02-07,76.19,76.40,75.59,76.03,10949450
2022-02-08,76.21,76.53,75.91,76.32,11472900
2022-02-09,76.69,76.86,76.21,76.34,14899290
2022-02-10,75.92,76.27,75.25,75.52,19828500
2022-02-11,75.74,76.02,75.03,75.25,18498400
2022-02-14,75.25,75.53,74.04,75.04,23550830
2022-02-15,75.49,75.97,74.82,75.17,12300390
2022-02-16,75.13,75.58,74.58,75.31,13507750
2022-02-17,75.12,76.10,74.90,75.89,12873540
2022-02-18,75.83,76.32,75.58,76.03,16470130
2022-02-22,76.09,76.15,74.96,75.44,21545840
2022-02-23,75.69,75.73,74.73,74.83,15134260
2022-02-24,73.84,74.00,72.19,73.54,30125660
2022-02-25,73.97,76.02,73.94,75.91,21141590
2022-02-28,74.78,75.21,74.09,74.90,20975350
2022-03-01,74.70,75.31,74.06,74.46,18750300
2022-03-02,74.48,75.59,74.38,75.25,18934980
2022-03-03,75.58,76.31,75.52,75.86,19576470
2022-03-04,75.00,76.03,74.71,75.87,22081360
2022-03-07,75.46,75.79,74.40,74.49,20057310
2022-03-08,74.57,74.75,72.43,72.48,29710390
2022-03-09,73.61,73.62,72.66,72.97,18254230
2022-03-10,72.45,72.73,71.60,72.28,21892500
2022-03-11,72.54,72.94,71.34,71.44,14276510
2022-03-14,71.89,72.54,71.43,71.82,18438860
2022-03-15,72.47,73.52,72.30,73.43,17078070
2022-03-16,73.61,73.89,72.45,73.51,18783200
2022-03-17,73.46,74.15,73.28,74.02,14484620
2022-03-18,74.09,74.26,73.53,74.19,20278560
2022-03-21,74.04,74.61,73.54,73.95,17659170
2022-03-22,74.50,74.64,73.87,74.50,11667380
2022-03-23,74.59,74.78,73.83,73.90,14027770
2022-03-24,74.20,74.45,73.95,74.42,9458792
2022-03-25,74.60,75.19,74.53,75.04,12508510
2022-03-28,75.07,75.35,74.63,75.35,11602570
2022-03-29,75.94,76.16,75.34,76.02,16595130
2022-03-30,75.72,76.08,75.40,76.07,13367530
2022-03-31,75.98,76.35,75.76,75.89,12388520
2022-04-01,76.03,76.73,75.73,76.65,12643960
2022-04-04,76.52,76.52,75.54,76.41,9618395
2022-04-05,76.06,77.27,76.06,76.48,12717160
2022-04-06,76.48,77.55,76.15,77.45,23849590
2022-04-07,77.71,78.56,77.49,78.39,18311500
2022-04-08,78.60,78.96,78.25,78.72,13879450
2022-04-11,78.86,79.12,78.25,78.40,18229910
2022-04-12,78.41,78.96,78.14,78.42,19804790
2022-04-13,78.36,78.97,78.35,78.86,11715720
2022-04-14,78.99,79.39,78.79,78.84,12195560
2022-04-18,78.66,78.95,77.97,78.19,11426670
2022-04-19,78.22,79.49,78.15,79.38,12814180
2022-04-20,79.82,80.75,79.77,80.57,21659590
2022-04-21,80.73,81.34,80.44,80.50,18501820
2022-04-22,80.69,80.79,79.17,79.24,19747880
2022-04-25,79.49,79.83,78.18,79.59,30868250
2022-04-26,79.47,79.85,78.34,78.36,26864520
2022-04-27,78.53,79.47,78.32,78.65,29441660
2022-04-28,78.76,79.90,78.35,79.81,22128500
2022-04-29,79.41,79.53,77.54,77.64,27802850
2022-05-02,78.18,78.29,75.49,76.62,55145080
2022-05-03,76.49,77.12,75.90,76.40,47646910
2022-05-04,76.43,78.23,76.20,78.12,37161590
2022-05-05,77.70,77.88,76.07,76.64,32186060
2022-05-06,76.36,77.11,75.97,76.72,34046910
2022-05-09,76.13,77.37,75.77,76.69,33323770
2022-05-10,77.08,77.33,75.85,76.16,32511180
2022-05-11,76.25,77.11,75.77,75.83,30110110
2022-05-12,75.98,76.36,75.00,75.81,29049700
2022-05-13,76.19,77.01,75.73,76.95,15405430
2022-05-16,76.90,77.64,76.57,77.30,14613710
2022-05-17,77.03,77.23,75.99,76.77,20637160
2022-05-18,75.93,75.96,71.60,71.83,40188900
2022-05-19,71.43,71.45,70.08,70.55,38772030
2022-05-20,70.95,70.97,69.58,70.70,26184990
2022-05-23,71.48,72.42,71.27,72.16,17711120
2022-05-24,71.99,73.45,71.87,73.34,23272420
2022-05-25,73.20,73.57,72.74,73.36,16647340
2022-05-26,73.70,74.52,73.58,74.14,16580540
2022-05-27,74.25,75.00,74.12,75.00,16921340
2022-05-31,74.60,74.96,73.69,74.47,19212300
2022-06-01,74.57,74.63,73.00,73.50,17552230
2022-06-02,73.67,74.57,72.46,74.57,17618500
2022-06-03,74.26,74.55,73.63,73.82,9750326
2022-06-06,74.33,74.56,73.59,73.85,10924280
2022-06-07,72.89,74.34,72.89,74.24,9070421
2022-06-08,73.82,73.99,73.28,73.33,7896633
2022-06-09,73.26,73.97,72.20,72.23,9442193
2022-06-10,71.34,72.49,70.97,71.92,17720470
2022-06-13,70.85,71.34,70.08,70.37,22813160
2022-06-14,70.35,70.67,69.04,69.54,19864780
2022-06-15,70.03,70.59,68.83,69.61,20069420
2022-06-16,68.66,69.61,68.22,69.08,19017080
2022-06-17,69.20,69.58,68.52,68.83,24825420
2022-06-21,69.13,70.33,68.80,70.14,16147170
2022-06-22,69.79,70.57,69.52,70.09,15207220
2022-06-23,70.57,71.52,70.50,71.45,16570690
2022-06-24,72.08,72.88,71.81,72.85,13436970
2022-06-27,72.92,73.04,72.44,72.65,10936490
2022-06-28,72.86,73.32,71.62,71.68,11004300
2022-06-29,71.96,72.42,71.79,72.13,9230621
2022-06-30,71.76,72.50,71.33,72.18,12670710
2022-07-01,72.20,73.27,72.08,73.22,11664110
2022-07-05,72.73,72.98,71.58,72.75,12828760
2022-07-06,73.02,73.47,72.73,72.96,11768060
2022-07-07,72.90,73.15,72.60,73.03,8476258
2022-07-08,73.06,73.48,72.67,72.90,10732540
2022-07-11,72.81,73.30,72.55,72.80,7172507
2022-07-12,72.90,73.55,72.33,72.59,11032430
2022-07-13,72.17,73.28,71.99,72.64,13851600
2022-07-14,71.71,72.81,71.69,72.70,10801730
2022-07-15,73.18,73.41,72.64,72.94,9300300
2022-07-18,73.07,73.19,72.10,72.23,8473577
2022-07-19,72.83,73.12,72.62,72.99,8729080
2022-07-20,73.07,73.14,72.12,72.50,10232160
2022-07-21,72.36,72.89,72.15,72.72,11944790
2022-07-22,72.88,73.41,72.77,73.20,9369807
2022-07-25,73.29,73.73,73.14,73.56,8157474
2022-07-26,72.89,73.50,72.64,73.39,9764234
2022-07-27,73.25,74.10,72.69,73.89,10995560
2022-07-28,73.94,75.22,73.81,75.07,9372002
2022-07-29,74.21,74.61,74.01,74.49,13199060
2022-08-01,74.39,75.66,74.36,75.42,13150520
2022-08-02,75.37,75.51,74.71,74.82,10632740
2022-08-03,74.84,75.46,74.53,75.31,12808570
2022-08-04,75.14,75.34,74.50,74.81,11983560
2022-08-05,74.44,74.69,73.94,74.64,7125722
2022-08-08,74.93,75.16,74.42,74.60,6966070
2022-08-09,74.71,74.82,74.35,74.49,8086277
2022-08-10,75.20,75.27,74.78,75.04,11262250
2022-08-11,75.36,75.60,74.69,74.86,8959652
2022-08-12,75.09,75.51,74.80,75.51,11094610
2022-08-15,75.47,76.34,75.35,76.26,10207220
2022-08-16,76.54,77.40,76.48,77.12,12312580
2022-08-17,76.80,77.20,76.71,76.90,9667715
2022-08-18,76.78,77.27,76.69,77.16,5777663
2022-08-19,76.92,77.28,76.77,76.91,6456485
2022-08-22,76.68,76.70,76.00,76.13,7113667
2022-08-23,75.85,75.91,75.47,75.80,10183480
2022-08-24,75.93,76.15,75.67,75.99,8061857
2022-08-25,76.02,76.34,75.66,76.34,6105129
2022-08-26,76.38,76.47,74.36,74.45,11212540
2022-08-29,74.01,74.75,73.81,74.33,13214250
2022-08-30,74.47,74.47,73.37,73.56,10316670
2022-08-31,73.79,73.92,73.11,73.11,10397810
2022-09-01,72.86,73.68,72.58,73.52,15968220
2022-09-02,74.08,74.37,72.33,72.56,15846740
2022-09-06,72.60,73.18,72.05,72.15,21871800
2022-09-07,72.38,73.54,72.32,73.45,19632260
2022-09-08,73.09,73.54,72.40,73.26,14843910
2022-09-09,73.45,74.47,73.18,73.98,18139030
2022-09-12,74.04,74.52,73.94,74.27,8680018
2022-09-13,73.65,73.75,71.59,71.79,12940790
2022-09-14,72.01,72.10,71.34,71.76,12291510
2022-09-15,71.72,71.79,70.97,71.16,11234720
2022-09-16,70.91,71.41,70.89,71.33,13452590
2022-09-19,70.60,71.39,70.60,71.34,9370429
2022-09-20,70.87,71.11,70.40,70.95,9169943
2022-09-21,71.38,72.08,70.64,70.68,14189700
2022-09-22,70.74,71.06,70.45,70.58,10428450
2022-09-23,70.19,70.19,68.66,69.38,15909500
2022-09-26,69.23,70.03,69.10,69.43,11637980
2022-09-27,69.77,70.15,68.09,68.23,17159280
2022-09-28,68.54,69.39,67.94,69.05,14259200
2022-09-29,68.89,69.03,67.49,67.91,13508240
2022-09-30,68.08,68.19,66.68,66.73,13427410
2022-10-03,67.21,68.05,66.84,67.88,12703310
2022-10-04,68.29,69.27,68.28,68.91,13366360
2022-10-05,68.55,68.88,67.79,68.51,10596110
2022-10-06,68.49,68.61,67.36,67.51,10606980
2022-10-07,67.38,67.46,66.24,66.50,13741650
2022-10-10,66.62,67.02,66.17,66.74,11799000
2022-10-11,66.78,67.90,66.67,67.29,10783600
2022-10-12,67.95,68.42,67.64,67.65,10963400
2022-10-13,67.00,69.03,66.69,68.77,18475630
2022-10-14,69.18,69.26,67.42,67.53,11611900
2022-10-17,68.24,68.60,68.10,68.26,9105418
2022-10-18,69.28,69.62,68.74,69.15,11000750
2022-10-19,69.25,69.62,68.55,68.83,8985484
2022-10-20,68.86,69.02,67.81,67.87,10023180
2022-10-21,67.83,69.08,67.61,68.91,9613387
2022-10-24,69.40,70.29,69.25,70.15,11076220
2022-10-25,70.31,71.16,69.91,71.07,10619790
2022-10-26,71.23,72.05,71.01,71.54,9483721
2022-10-27,71.61,72.07,71.49,71.60,9988167
2022-10-28,71.73,73.30,71.70,73.17,9545473
2022-10-31,72.96,73.19,72.55,72.74,9201120
2022-11-01,72.92,73.27,72.25,72.51,9535244
2022-11-02,72.36,73.08,71.21,71.25,16293500
2022-11-03,70.65,71.33,70.48,71.01,10624460
2022-11-04,71.86,72.25,70.91,71.85,11938620
2022-11-07,72.00,72.62,71.86,72.49,7133604
2022-11-08,72.71,73.15,71.95,72.70,9091943
2022-11-09,72.52,72.97,71.85,71.91,9465239
2022-11-10,73.45,73.79,72.38,73.60,19286100
2022-11-11,73.80,73.88,72.37,73.52,14289510
2022-11-14,73.45,74.11,72.89,72.94,14760540
2022-11-15,73.86,74.10,72.95,73.55,15064310
2022-11-16,73.65,74.28,73.61,73.91,9748595
2022-11-17,73.26,73.93,73.26,73.89,7827227
2022-11-18,74.49,74.77,74.17,74.68,9071049
2022-11-21,74.82,75.50,74.67,75.39,8054931
2022-11-22,75.95,76.01,75.66,75.94,6307095
2022-11-23,76.00,76.35,75.90,76.20,6286419
2022-11-25,76.30,76.31,76.10,76.25,2978024
2022-11-28,75.97,76.38,75.85,75.96,8698808
2022-11-29,75.76,75.92,75.28,75.67,7755123
2022-11-30,75.62,77.21,75.22,77.19,11704240
2022-12-01,77.05,77.14,76.52,76.84,10215830
2022-12-02,76.28,77.29,76.19,77.19,6087179
2022-12-05,76.36,76.45,76.00,76.22,8633024
2022-12-06,76.30,76.59,75.38,75.75,8136329
2022-12-07,75.89,76.23,75.75,76.07,7298685
2022-12-08,75.95,76.48,75.85,76.48,7803383
2022-12-09,76.11,76.44,75.88,75.89,9761718
2022-12-12,76.03,76.70,75.79,76.69,6996833
2022-12-13,77.45,77.62,76.10,76.58,11349130
2022-12-14,76.70,77.27,76.08,76.53,13820240
2022-12-15,75.89,76.04,74.67,75.23,11281680
2022-12-16,74.84,75.10,74.21,74.86,14561480
2022-12-19,74.31,74.94,73.84,74.28,8093914
2022-12-20,74.15,74.51,73.81,74.22,7368975
2022-12-21,74.58,75.25,74.53,74.96,7953290
2022-12-22,74.69,74.83,73.96,74.79,6888351
2022-12-23,74.83,75.23,74.58,75.18,4874660
2022-12-27,75.28,75.69,75.12,75.54,4839729
2022-12-28,75.76,75.86,74.59,74.60,5028990
2022-12-29,74.90,75.19,74.78,74.92,5574893
2022-12-30,74.77,74.83,74.01,74.55,6249894
2023-01-03,74.59,74.62,73.52,74.27,14433360
2023-01-04,74.48,75.02,74.09,74.56,12197260
2023-01-05,74.42,74.48,73.66,73.81,9848196
2023-01-06,74.76,76.08,74.70,75.78,9982384
2023-01-09,75.73,76.25,75.04,75.04,11081840
2023-01-10,75.13,75.25,74.69,74.94,8427855
2023-01-11,75.19,75.41,74.32,74.98,9848317
2023-01-12,75.14,75.15,74.21,74.39,9841291
2023-01-13,74.19,74.76,74.14,74.74,9274343
2023-01-17,74.86,75.42,74.68,74.79,9007022
2023-01-18,74.61,74.66,72.64,72.75,16069920
2023-01-19,72.46,72.79,72.03,72.06,12421550
2023-01-20,72.11,72.65,71.60,72.62,12349610
2023-01-23,72.76,73.22,72.55,72.85,12000430
2023-01-24,72.83,73.35,72.40,73.15,13465590
2023-01-25,72.71,73.33,72.35,73.33,11606800
2023-01-26,73.25,73.31,72.83,73.07,8081676
2023-01-27,73.02,73.19,72.50,72.86,10341790
2023-01-30,72.71,73.50,72.71,72.95,10463130
2023-01-31,73.09,73.75,72.87,73.74,8002698
2023-02-01,73.68,74.66,73.36,74.33,15447620
2023-02-02,73.83,74.17,73.36,73.69,12238800
2023-02-03,73.91,73.93,72.86,73.40,12874810
2023-02-06,73.28,73.63,73.23,73.49,7209101
2023-02-07,72.96,73.32,72.45,73.18,9268430
2023-02-08,72.78,72.91,72.49,72.62,8933483
2023-02-09,73.00,73.26,72.20,72.30,8341482
2023-02-10,72.30,73.03,72.14,72.97,8197163
2023-02-13,73.19,73.83,73.15,73.80,7440544
2023-02-14,73.75,73.78,72.88,73.13,9344740
2023-02-15,72.98,73.29,72.68,73.27,9006025
2023-02-16,72.62,73.18,72.31,72.74,8355096
2023-02-17,72.53,73.71,72.53,73.68,11116130
2023-02-21,73.38,73.79,73.01,73.40,8974751
2023-02-22,73.50,74.01,73.11,73.29,8851001
2023-02-23,73.36,73.56,72.75,73.20,12700140
2023-02-24,72.66,72.83,72.27,72.71,11340620
2023-02-27,73.06,73.25,72.47,72.63,10162250
2023-02-28,72.33,72.45,72.00,72.03,9757334
2023-03-01,71.81,71.89,70.93,71.50,10475020
2023-03-02,71.51,72.62,71.44,72.48,9876126
2023-03-03,72.48,72.61,71.87,72.54,12384270
2023-03-06,72.34,72.84,72.31,72.73,8356010
2023-03-07,72.74,72.98,71.89,72.01,10059500
2023-03-08,71.94,72.21,71.69,72.13,11170810
2023-03-09,72.41,72.53,71.25,71.46,15612690
2023-03-10,71.60,71.88,70.84,71.11,19026310
2023-03-13,71.04,72.58,71.00,71.47,29831410
2023-03-14,71.68,72.16,71.42,72.12,19139210
2023-03-15,71.65,72.68,71.48,72.59,21438250
2023-03-16,72.54,72.71,72.12,72.64,15712520
2023-03-17,72.54,72.66,71.78,72.11,13283890
2023-03-20,72.04,72.83,72.01,72.76,14131040
2023-03-21,72.87,73.03,72.19,72.70,12499650
2023-03-22,72.83,73.14,72.02,72.03,11942230
2023-03-23,72.22,72.48,71.48,71.75,12160410
2023-03-24,71.94,73.03,71.86,72.97,12352560
2023-03-27,73.22,73.69,73.21,73.36,10865540
2023-03-28,73.47,73.89,73.39,73.49,11593410
2023-03-29,73.90,73.98,73.71,73.90,9483497
2023-03-30,74.09,74.30,73.88,74.11,10737850
2023-03-31,74.49,74.74,74.36,74.71,10338730
2023-04-03,74.76,75.26,74.48,75.10,9607702
2023-04-04,75.07,75.39,74.78,74.95,7272864
2023-04-05,75.16,75.63,75.16,75.30,12410030
2023-04-06,75.23,75.49,74.91,75.36,8616848
2023-04-10,75.10,75.38,74.64,75.36,9423434
2023-04-11,75.50,75.79,75.44,75.58,12944310
2023-04-12,75.57,75.82,75.14,75.24,10386360
2023-04-13,75.27,75.70,74.92,75.66,12918990
2023-04-14,75.46,75.79,74.97,75.18,8789738
2023-04-17,75.33,75.67,75.24,75.66,9683477
2023-04-18,75.65,75.96,75.41,75.89,7233258
2023-04-19,75.98,76.06,75.61,75.84,6283769
2023-04-20,75.57,76.26,75.53,76.02,7329495
2023-04-21,76.53,76.97,76.41,76.57,10431040
2023-04-24,76.57,76.92,76.57,76.88,8723122
2023-04-25,76.86,77.37,76.69,76.78,12179670
2023-04-26,76.42,76.72,76.14,76.18,8778847
2023-04-27,76.22,77.11,76.17,77.03,11287820
2023-04-28,77.23,77.58,77.04,77.44,9757821
2023-05-01,77.31,77.82,77.29,77.50,10860790
2023-05-02,77.43,77.47,76.51,77.29,19136010
2023-05-03,77.06,77.38,76.64,76.66,11656660
2023-05-04,76.74,76.86,76.22,76.47,11682630
2023-05-05,76.59,77.23,76.50,77.18,10479430
2023-05-08,76.91,77.05,76.69,76.95,8069277
2023-05-09,76.96,76.96,76.57,76.71,6939661
2023-05-10,76.73,77.06,76.06,76.59,12259130
2023-05-11,76.57,76.87,76.15,76.82,11790840
2023-05-12,76.90,77.14,76.73,77.12,7012238
2023-05-15,77.24,77.34,76.59,76.93,8652296
2023-05-16,76.82,76.82,76.17,76.28,11310740
2023-05-17,76.48,76.49,75.77,76.24,10891390
2023-05-18,75.96,76.06,75.41,75.87,10765460
2023-05-19,76.03,76.12,75.58,75.92,10457600
2023-05-22,75.72,75.85,74.73,74.77,14575840
2023-05-23,74.57,74.63,74.12,74.22,13700360
2023-05-24,74.25,74.30,73.68,73.74,11901920
2023-05-25,73.09,73.44,72.63,73.18,17725020
2023-05-26,73.11,73.55,72.86,73.43,15531020
2023-05-30,73.00,73.18,72.35,72.59,22766940
2023-05-31,72.68,73.07,72.31,72.67,22328560
2023-06-01,72.65,72.73,72.24,72.61,13836270
2023-06-02,72.64,73.66,72.62,73.61,14719940
2023-06-05,73.50,74.03,73.21,73.34,9629600
2023-06-06,73.41,73.55,72.55,72.97,10796880
2023-06-07,72.50,72.93,72.28,72.73,13595050
2023-06-08,72.81,73.25,72.64,73.23,8881493
2023-06-09,72.98,73.34,72.83,73.11,8756867
2023-06-12,73.20,73.27,72.72,73.09,11357590
2023-06-13,72.99,73.50,72.89,73.39,8401878
2023-06-14,73.73,74.09,73.51,73.84,13849870
2023-06-15,74.10,74.75,73.96,74.58,16251170
2023-06-16,74.81,75.05,74.60,74.67,12672970
2023-06-20,74.05,74.28,73.56,73.58,9734494
2023-06-21,73.54,74.08,73.26,73.84,13633480
2023-06-22,74.22,74.38,73.98,74.27,17247790
2023-06-23,74.39,74.39,73.74,73.78,9706948
2023-06-26,73.78,73.91,73.26,73.88,8955380
2023-06-27,73.68,74.17,73.66,74.10,8965423
2023-06-28,73.76,73.81,73.20,73.60,12800400
2023-06-29,73.24,73.65,73.00,73.53,10018070
2023-06-30,73.70,74.28,73.64,74.17,14266290
2023-07-03,74.06,74.75,73.86,74.75,12817090
2023-07-05,74.44,74.69,74.34,74.62,17579380
2023-07-06,74.28,74.47,74.05,74.43,14881310
2023-07-07,74.25,74.25,73.41,73.46,16405510
2023-07-10,73.57,74.16,73.35,73.44,11953670
2023-07-11,73.50,73.66,73.11,73.55,9812583
2023-07-12,73.68,73.92,73.56,73.72,12680950
2023-07-13,73.85,74.16,73.55,74.03,10581590
2023-07-14,74.05,74.41,73.83,74.28,12475690
2023-07-17,74.00,74.31,73.79,74.06,9496427
2023-07-18,73.99,74.61,73.75,73.98,10124920
2023-07-19,74.22,74.81,74.17,74.73,14718650
2023-07-20,74.80,75.47,74.64,75.37,16106340
2023-07-21,75.49,75.84,75.40,75.63,13836900
2023-07-24,75.61,76.03,75.54,75.92,10692490
2023-07-25,75.83,75.92,75.51,75.90,8576840
2023-07-26,75.70,76.20,75.58,75.99,10506500
2023-07-27,76.13,76.31,75.32,75.32,10008520
2023-07-28,75.98,76.39,75.78,76.10,9672417
2023-07-31,76.00,76.23,75.46,75.75,10057230
2023-08-01,75.65,75.97,75.28,75.34,9376681
2023-08-02,75.04,76.08,75.04,75.61,11509760
2023-08-03,75.57,75.76,75.36,75.40,8777116
2023-08-04,75.50,75.68,74.58,74.65,10022800
2023-08-07,74.79,75.34,74.77,75.26,8875662
2023-08-08,75.21,75.29,74.52,74.72,11413650
2023-08-09,74.76,75.22,74.64,74.83,11912190
2023-08-10,75.07,75.53,74.58,74.68,10357720
2023-08-11,74.71,74.98,74.53,74.80,7472599
2023-08-14,74.90,75.10,74.30,74.43,11483770
2023-08-15,74.22,74.34,73.60,73.63,13257660
2023-08-16,73.93,74.14,73.37,73.46,14815060
2023-08-17,73.48,73.67,72.64,72.75,11798100
2023-08-18,72.63,73.17,72.56,73.02,12334490
2023-08-21,72.83,72.97,72.22,72.53,12005410
2023-08-22,72.30,72.38,72.02,72.12,11496510
2023-08-23,72.37,72.60,72.25,72.60,10796750
2023-08-24,72.35,73.00,72.00,72.02,13797590
2023-08-25,72.32,72.60,71.97,72.42,13088470
2023-08-28,72.66,72.88,72.50,72.75,6914967
2023-08-29,72.79,73.05,72.38,73.01,9503002
2023-08-30,73.10,73.36,72.93,73.13,9679312
2023-08-31,72.86,73.12,72.75,72.76,7731345
2023-09-01,73.00,73.04,71.90,72.14,8346514
2023-09-05,72.01,72.28,71.52,71.52,8634398
2023-09-06,71.44,71.60,71.21,71.44,9050245
2023-09-07,71.57,71.87,71.32,71.61,10148980
2023-09-08,71.64,71.71,71.42,71.70,8322971
2023-09-11,71.80,72.38,71.80,72.32,8450872
2023-09-12,72.36,72.38,71.64,71.70,13300200
2023-09-13,71.82,72.10,71.67,71.92,7863661
2023-09-14,72.12,72.70,72.09,72.65,9356054
2023-09-15,72.50,72.75,71.99,72.05,10891650
2023-09-18,71.80,71.83,71.23,71.54,6841253
2023-09-19,71.42,71.50,71.01,71.37,7733479
2023-09-20,71.57,71.92,71.23,71.44,10845480
2023-09-21,71.38,71.46,70.51,70.52,11869910
2023-09-22,70.54,70.72,70.10,70.14,12243000
2023-09-25,69.92,70.07,69.56,69.89,9137578
2023-09-26,69.59,69.79,69.30,69.37,11541010
2023-09-27,69.27,69.48,68.44,68.80,14182830
2023-09-28,68.90,69.19,68.72,69.01,12094360
2023-09-29,69.23,69.34,68.44,68.81,11797510
2023-10-02,68.65,68.73,67.89,68.34,12642560
2023-10-03,68.14,68.49,67.80,67.85,15396440
2023-10-04,68.02,68.44,67.63,68.39,15125940
2023-10-05,68.26,68.34,67.01,67.04,15757300
2023-10-06,66.75,66.90,65.18,66.67,28723410
2023-10-09,66.42,66.76,65.95,66.73,15662900
2023-10-10,67.28,67.73,67.07,67.41,18809620
2023-10-11,67.71,67.83,66.64,66.95,18293160
2023-10-12,67.15,67.18,65.99,66.22,15185030
2023-10-13,66.34,66.90,66.22,66.80,15641460
2023-10-16,67.19,67.70,66.91,67.49,16172940
2023-10-17,67.22,67.91,67.22,67.78,13192150
2023-10-18,68.06,68.55,67.92,68.03,16617680
2023-10-19,67.98,68.25,67.51,67.53,18236960
2023-10-20,67.68,67.98,67.27,67.27,14730550
2023-10-23,67.19,67.63,66.95,67.14,13777340
2023-10-24,67.24,67.83,67.22,67.71,12055560
2023-10-25,67.60,68.23,67.42,67.94,11351130
2023-10-26,67.97,68.22,67.48,67.50,13662160
2023-10-27,67.38,67.65,66.38,66.58,17587650
2023-10-30,66.83,67.74,66.83,67.62,12223990
2023-10-31,67.68,67.93,67.34,67.86,8586465
2023-11-01,67.91,68.05,67.41,67.79,18709470
2023-11-02,68.03,68.77,67.77,68.67,21176100
2023-11-03,69.07,69.34,68.75,68.75,17201240
2023-11-06,68.77,69.16,68.72,68.86,14663190
2023-11-07,68.88,69.31,68.80,69.03,12567740
2023-11-08,69.16,69.26,68.56,68.76,10481750
2023-11-09,68.84,68.90,68.32,68.48,10337060
2023-11-10,68.64,69.03,68.27,68.96,9266278
2023-11-13,68.90,69.38,68.84,69.18,8540859
2023-11-14,69.53,70.12,69.50,69.89,13606150
2023-11-15,70.40,70.59,70.22,70.45,10619010
2023-11-16,69.72,70.02,69.44,69.58,16536430
2023-11-17,69.67,69.72,69.24,69.49,10761060
2023-11-20,69.20,69.56,69.15,69.44,11651290
2023-11-21,69.43,69.70,69.13,69.65,11681420
2023-11-22,69.80,70.19,69.80,70.15,8862113
2023-11-24,70.16,70.47,70.16,70.41,4500775
2023-11-27,70.34,70.47,70.17,70.21,11746830
2023-11-28,70.19,70.71,70.18,70.53,8562411
2023-11-29,70.60,70.60,69.87,69.96,9873840
2023-11-30,70.03,70.70,69.57,70.66,11803770
2023-12-01,70.61,70.98,70.40,70.95,13490310
2023-12-04,70.56,71.28,70.56,71.04,11386330
2023-12-05,70.93,71.10,70.39,70.48,11566000
2023-12-06,70.32,70.47,70.01,70.30,11008730
2023-12-07,70.50,70.83,70.25,70.60,8460050
2023-12-08,70.47,70.53,70.01,70.11,8191287
2023-12-11,70.50,70.81,70.39,70.78,16192840
2023-12-12,70.93,71.01,70.61,71.01,8764524
2023-12-13,71.00,72.32,70.81,72.30,14052930
2023-12-14,72.36,72.47,71.19,71.24,16056720
2023-12-15,71.14,71.44,70.96,71.24,17434600
2023-12-18,71.01,71.70,70.86,71.44,11816020
2023-12-19,71.31,71.66,71.28,71.58,8283181
2023-12-20,71.11,71.27,70.19,70.19,16705520
2023-12-21,70.57,70.75,70.12,70.68,10972000
2023-12-22,70.86,71.35,70.79,71.22,7831878
2023-12-26,71.07,71.70,71.07,71.52,6915801
2023-12-27,71.54,71.85,71.44,71.85,7566682
2023-12-28,71.75,71.97,71.65,71.88,6465983
2023-12-29,71.78,72.06,71.71,72.03,10412750
2024-01-02,71.77,72.95,71.77,72.84,12912030
2024-01-03,72.97,73.09,72.16,72.27,13979810
2024-01-04,72.22,72.66,72.02,72.17,10865100
2024-01-05,72.21,72.48,71.59,72.01,12802810
2024-01-08,72.02,72.56,71.98,72.54,9409101
2024-01-09,72.27,72.73,72.01,72.73,7838821
2024-01-10,72.67,73.00,72.36,72.58,11113280
2024-01-11,72.50,72.61,72.08,72.57,9507838
2024-01-12,72.82,72.98,72.55,72.80,7712891
2024-01-16,72.81,72.85,72.11,72.40,11566900
2024-01-17,72.23,72.60,72.08,72.35,9641426
2024-01-18,72.17,72.31,71.70,72.26,10548780
2024-01-19,72.32,72.34,71.68,72.05,11309670
2024-01-22,71.74,72.00,71.56,71.70,15078550
2024-01-23,72.08,72.59,72.06,72.48,13859640
2024-01-24,72.42,72.46,71.57,71.59,12290540
2024-01-25,71.89,72.28,71.59,72.28,12160940
2024-01-26,72.42,72.74,72.42,72.63,7432810
2024-01-29,72.83,73.08,72.56,73.05,9322030
2024-01-30,72.94,73.50,72.68,73.46,11059000
2024-01-31,73.44,73.64,72.83,72.92,17220620
2024-02-01,72.95,74.41,72.72,74.41,20588720
2024-02-02,74.19,74.48,73.81,74.17,23157970
2024-02-05,74.19,74.24,73.69,73.71,14564670
2024-02-06,73.71,73.92,73.47,73.88,11224300
2024-02-07,74.19,74.23,73.74,73.81,7544085
2024-02-08,73.69,74.08,73.47,73.79,16287720
2024-02-09,73.60,73.60,73.00,73.11,20698740
2024-02-12,73.19,73.64,72.80,73.63,13422890
2024-02-13,73.58,73.78,72.40,72.84,21640610
2024-02-14,72.78,72.82,72.36,72.70,15191380
2024-02-15,72.99,73.27,72.91,73.17,14235690
2024-02-16,73.10,73.62,72.79,73.28,15568270
2024-02-20,73.80,74.47,73.68,74.05,15388790
2024-02-21,74.19,74.44,73.97,74.32,13776800
2024-02-22,73.99,74.63,73.69,74.55,11744900
2024-02-23,74.59,75.16,74.46,74.78,12548310
2024-02-26,74.80,74.82,74.37,74.48,11805980
2024-02-27,74.41,74.53,74.28,74.49,8294275
2024-02-28,74.44,74.64,74.25,74.57,6768738
2024-02-29,74.80,74.91,74.31,74.45,14083440
2024-03-01,74.25,74.54,73.94,74.46,15512470
2024-03-04,74.17,74.58,74.15,74.52,15912730
2024-03-05,74.84,75.22,74.55,74.70,15708440
2024-03-06,75.05,75.46,74.98,75.33,11816380
2024-03-07,75.64,75.83,75.46,75.76,9174980
2024-03-08,75.25,75.39,74.89,75.16,13301650
2024-03-11,75.33,75.68,75.11,75.57,9316538
2024-03-12,75.74,76.19,75.64,75.96,10454850
2024-03-13,75.95,76.20,75.83,76.15,9739479
2024-03-14,76.10,76.28,75.31,75.56,14086280
2024-03-15,75.20,75.61,75.08,75.53,14248290
2024-03-18,74.89,75.68,74.89,75.46,10229000
2024-03-19,75.56,75.78,75.52,75.74,10245870
2024-03-20,75.85,76.00,75.57,75.97,10986130
2024-03-21,76.01,76.27,75.69,76.01,8936115
2024-03-22,76.01,76.13,75.62,75.64,10942360
2024-03-25,75.64,75.82,75.27,75.43,11003710
2024-03-26,75.52,75.69,75.41,75.47,7964415
2024-03-27,75.85,76.26,75.85,76.26,9848051
2024-03-28,76.49,76.61,76.26,76.36,9172770
2024-04-01,76.35,76.46,75.75,75.75,13205140
2024-04-02,75.75,75.86,75.23,75.36,16269180
2024-04-03,75.33,75.33,74.41,74.53,16094740
2024-04-04,74.86,74.99,74.11,74.21,18289530
2024-04-05,74.15,74.56,73.99,74.33,11149020
2024-04-08,74.20,74.49,74.15,74.22,10040770
2024-04-09,74.44,74.60,74.02,74.58,12633250
2024-04-10,74.00,74.42,73.77,74.31,15018490
2024-04-11,74.67,74.69,73.90,74.13,10551940
2024-04-12,73.83,74.02,73.30,73.38,14605860
2024-04-15,73.83,74.02,72.97,73.08,12119720
2024-04-16,73.23,73.33,72.93,73.11,12737600
2024-04-17,73.54,73.64,73.03,73.38,12731540
2024-04-18,73.62,73.89,73.47,73.72,11964190
2024-04-19,73.69,74.48,73.56,74.44,15843130
2024-04-22,74.59,75.34,74.25,75.15,12181830
2024-04-23,75.27,75.43,75.02,75.36,12821080
2024-04-24,74.84,76.02,74.49,75.93,15010960
2024-04-25,76.09,76.47,75.47,75.75,14352560
2024-04-26,75.48,76.00,75.43,75.59,13488240
2024-04-29,75.61,75.86,75.38,75.83,9243980
2024-04-30,75.75,75.77,75.32,75.50,12517400
2024-05-01,75.28,75.57,74.71,75.02,24867500
2024-05-02,75.27,75.92,74.98,75.65,22820410
2024-05-03,75.68,76.03,75.25,75.88,18088240
2024-05-06,76.05,76.14,75.43,75.92,12508640
2024-05-07,76.24,76.79,76.24,76.75,14641840
2024-05-08,76.74,76.89,76.42,76.52,12686110
2024-05-09,76.59,77.18,76.54,77.18,12851940
2024-05-10,77.17,77.71,77.10,77.62,10774920
2024-05-13,77.77,78.00,77.27,77.40,11755440
2024-05-14,77.47,77.60,76.87,77.25,10117640
2024-05-15,77.05,77.42,77.05,77.30,18142950
2024-05-16,78.00,78.61,77.83,78.40,17360380
2024-05-17,78.31,78.38,78.01,78.21,11265900
2024-05-20,78.19,78.19,77.58,77.67,9226472
2024-05-21,77.88,78.16,77.72,78.13,6595220
2024-05-22,77.60,78.08,77.46,77.82,9395169
2024-05-23,77.58,77.71,76.86,76.90,10751320
2024-05-24,77.17,77.40,77.06,77.10,6943370
2024-05-28,76.85,77.06,76.22,76.50,8840718
2024-05-29,76.09,76.36,75.92,75.95,10402410
2024-05-30,76.17,76.36,75.97,76.15,7404435
2024-05-31,76.08,77.38,75.73,77.34,11874120
2024-06-03,77.09,77.67,76.86,77.31,12223420
2024-06-04,77.32,78.11,77.19,77.98,9097458
2024-06-05,77.88,77.99,77.19,77.81,9095130
2024-06-06,77.76,78.33,77.60,78.05,9759491
2024-06-07,78.03,78.25,77.58,77.66,7490555
2024-06-10,77.78,77.80,77.10,77.60,10033880
2024-06-11,77.49,77.56,76.92,77.56,8583758
2024-06-12,77.71,77.75,76.52,76.71,14172780
2024-06-13,76.68,76.88,76.36,76.81,8723482
2024-06-14,76.59,76.95,76.39,76.95,7246417
2024-06-17,76.66,77.82,76.50,77.68,8762080
2024-06-18,77.56,77.88,77.45,77.78,6567100
2024-06-20,77.64,78.01,77.41,77.61,9316388
2024-06-21,77.77,78.17,77.61,77.67,11595430
2024-06-24,77.27,78.01,77.11,77.91,9722583
2024-06-25,77.62,77.73,77.11,77.41,10705820
2024-06-26,76.87,77.44,76.71,77.25,8405221
2024-06-27,77.23,77.30,76.60,76.92,4592368
2024-06-28,76.91,77.00,76.38,76.58,8396860
2024-07-01,76.98,77.27,75.98,76.04,9275425
2024-07-02,76.13,76.58,75.89,76.57,8233614
2024-07-03,76.44,76.71,76.23,76.44,5600604
2024-07-05,76.44,77.43,76.33,77.38,7202896
2024-07-08,77.44,77.53,77.05,77.26,4486755
2024-07-09,77.26,77.43,77.03,77.06,5635819
2024-07-10,77.20,77.43,77.00,77.40,7249075
2024-07-11,77.29,77.43,76.89,77.11,11414670
2024-07-12,77.52,77.86,77.19,77.45,10028190
2024-07-15,77.40,77.59,76.94,77.00,8481303
2024-07-16,77.03,77.75,76.92,77.74,7987333
2024-07-17,77.86,78.89,77.84,78.74,18297890
2024-07-18,78.45,79.15,78.34,78.35,14877210
2024-07-19,78.55,78.65,77.97,78.09,11816510
2024-07-22,78.27,78.33,77.77,78.14,9408432
2024-07-23,78.22,78.36,77.79,77.86,6937911
2024-07-24,77.58,77.93,77.28,77.79,10620370
2024-07-25,78.06,78.88,77.70,77.70,15686270
2024-07-26,78.01,78.58,77.82,78.49,10271980
2024-07-29,78.34,78.69,77.94,78.52,9115085
2024-07-30,77.58,78.12,77.24,77.99,11818450
2024-07-31,77.99,78.34,77.51,77.85,10474110
2024-08-01,78.00,78.74,77.75,78.57,16535030
2024-08-02,79.17,79.75,77.80,79.26,24087120
2024-08-05,79.12,79.35,77.44,77.70,29057460
2024-08-06,78.08,79.09,77.99,78.24,15801360
2024-08-07,78.57,79.39,78.27,78.32,14182350
2024-08-08,78.10,79.16,78.02,79.03,13889800
2024-08-09,78.87,79.29,78.53,79.15,10319940
2024-08-12,79.11,79.17,78.55,78.75,9735359
2024-08-13,78.75,79.13,78.35,79.11,7513894
2024-08-14,79.05,79.71,78.92,79.47,7263950
2024-08-15,80.59,80.81,80.05,80.29,7745248
2024-08-16,80.21,80.58,80.08,80.51,6976919
2024-08-19,80.60,80.97,80.56,80.78,7330018
2024-08-20,80.76,81.18,80.63,81.18,6931341
2024-08-21,81.86,82.29,81.50,81.73,7960727
2024-08-22,81.95,81.95,81.25,81.61,7632692
2024-08-23,81.75,81.86,81.33,81.84,6505074
2024-08-26,81.93,82.59,81.92,82.42,7270790
2024-08-27,82.54,82.77,82.31,82.62,5674632
2024-08-28,82.64,82.75,81.96,82.27,6666785
2024-08-29,82.17,82.17,81.69,81.86,6343811
2024-08-30,82.02,82.58,81.80,82.51,8884816
2024-09-03,82.53,83.36,82.43,83.09,15503710
2024-09-04,82.94,83.54,82.86,83.48,19276700
2024-09-05,83.50,83.63,82.74,83.16,12775780
2024-09-06,83.15,83.51,82.89,82.99,12616550
2024-09-09,83.00,83.79,82.86,83.63,10061060
2024-09-10,83.51,84.00,83.39,83.61,14002530
2024-09-11,83.31,83.36,82.08,82.83,14556520
2024-09-12,82.85,83.43,82.57,83.34,8659169
2024-09-13,83.40,84.00,83.22,83.93,5953911
2024-09-16,84.15,84.53,83.87,84.26,7794845
2024-09-17,83.97,84.21,83.36,83.46,8405136
2024-09-18,83.40,83.86,82.80,83.14,12935700
2024-09-19,83.36,83.37,82.52,82.65,14934220
2024-09-20,82.57,83.11,82.43,83.05,12719150
2024-09-23,82.44,83.36,82.38,83.09,11985860
2024-09-24,82.98,83.28,82.69,82.89,8985209
2024-09-25,83.18,83.26,82.56,82.68,6101052
2024-09-26,82.53,83.25,82.53,82.87,8565679
2024-09-27,82.98,83.50,82.88,83.02,6432719
2024-09-30,83.32,83.48,82.68,83.00,8469070
2024-10-01,83.03,83.14,82.47,82.72,15725750
2024-10-02,82.50,82.50,81.86,82.02,10788340
2024-10-03,81.69,81.81,81.06,81.20,11507910
2024-10-04,81.07,81.57,80.95,81.47,12463650
2024-10-07,81.50,81.50,80.56,80.66,9270847
2024-10-08,80.69,81.16,80.47,81.06,8218294
2024-10-09,81.13,81.67,81.00,81.55,9276307
2024-10-10,81.53,81.70,80.99,81.19,9122594
2024-10-11,81.47,81.72,81.11,81.64,8741496
2024-10-14,81.60,82.01,81.47,81.97,6263018
2024-10-15,82.08,83.19,82.08,82.49,11287730
2024-10-16,82.21,82.54,82.02,82.43,7720320
2024-10-17,82.54,82.65,81.84,82.06,7716454
2024-10-18,81.88,82.27,81.64,82.24,8314283
2024-10-21,82.21,82.39,81.47,81.55,8704757
2024-10-22,81.43,82.11,81.35,82.01,8912400
2024-10-23,81.60,81.97,81.44,81.85,6926484
2024-10-24,81.83,82.00,81.50,81.74,6211540
2024-10-25,81.74,81.87,80.99,81.06,6546951
2024-10-28,81.38,81.56,81.17,81.21,5714219
2024-10-29,80.83,81.04,80.36,80.41,9460034
2024-10-30,80.30,80.54,80.05,80.28,8504824
2024-10-31,80.08,80.59,79.95,80.12,10905340
2024-11-01,80.38,80.44,80.05,80.15,7916072
2024-11-04,80.27,80.61,80.15,80.37,6958887
2024-11-05,80.17,80.88,80.02,80.88,5304792
2024-11-06,81.09,81.21,79.36,79.56,18488140
2024-11-07,79.73,80.31,79.67,79.85,17598130
2024-11-08,79.86,81.02,79.85,80.82,11530460
2024-11-11,80.71,81.45,80.48,80.54,9273831
2024-11-12,80.84,80.95,80.49,80.63,13518010
2024-11-13,80.64,80.95,80.40,80.87,6781631
2024-11-14,80.67,81.14,80.61,80.67,7572248
2024-11-15,80.60,80.66,79.92,79.96,11370350
2024-11-18,80.14,80.67,80.05,80.52,8748018
2024-11-19,80.73,80.89,80.14,80.63,8021124
2024-11-20,79.90,80.22,79.53,80.22,7687467
2024-11-21,80.31,81.18,80.09,81.09,8185848
2024-11-22,81.54,81.91,81.44,81.84,7703875
2024-11-25,82.38,82.62,82.04,82.29,8243081
2024-11-26,82.24,82.71,82.14,82.63,6973969
2024-11-27,83.00,83.24,82.64,82.80,7067876
2024-11-29,82.78,83.30,82.67,83.22,4982582
2024-12-02,83.14,83.22,82.52,83.12,10750200
2024-12-03,83.05,83.11,82.54,82.69,11053330
2024-12-04,82.47,82.58,82.05,82.46,10100890
2024-12-05,82.55,82.94,82.33,82.79,12639030
2024-12-06,82.81,83.28,82.38,82.38,7180678
2024-12-09,82.50,82.88,82.03,82.25,11613990
2024-12-10,82.19,82.84,81.86,82.64,8497222
2024-12-11,82.77,83.11,81.97,82.01,9046123
2024-12-12,82.53,82.62,82.11,82.25,5410846
2024-12-13,82.09,82.52,81.63,82.04,8154345
2024-12-16,82.07,82.48,81.59,81.61,6495048
2024-12-17,81.44,81.89,81.33,81.47,8536085
2024-12-18,81.16,81.43,80.21,80.23,17222970
2024-12-19,80.16,80.56,79.66,79.66,15778370
2024-12-20,79.62,80.40,79.35,79.94,11035440
2024-12-23,79.05,79.23,78.16,78.92,11469080
2024-12-24,78.85,79.48,78.74,79.44,3932582
2024-12-26,79.29,79.74,79.22,79.69,4253678
2024-12-27,79.32,79.72,79.00,79.30,6601702
2024-12-30,78.96,79.01,78.12,78.37,7249346
2024-12-31,78.53,78.86,78.16,78.61,6125534
2025-01-02,78.78,79.14,78.11,78.37,9322777
2025-01-03,78.52,78.70,78.05,78.33,6991939
2025-01-06,78.42,78.44,77.42,77.51,9275738
2025-01-07,77.71,78.16,77.13,77.24,11113100
2025-01-08,77.16,77.45,76.67,77.38,9277400
2025-01-10,76.89,77.33,76.24,76.34,13943590
2025-01-13,76.40,76.66,76.06,76.47,9490917
2025-01-14,76.56,76.65,76.13,76.49,7763782
2025-01-15,76.91,77.15,76.11,76.23,11427000
2025-01-16,76.08,76.88,75.81,76.80,11223400
2025-01-17,76.94,77.40,76.85,77.24,10525010
2025-01-21,77.39,77.89,77.31,77.60,8849489
2025-01-22,77.95,77.95,77.15,77.22,8357873
2025-01-23,77.11,77.53,76.80,77.50,7562459
2025-01-24,77.47,77.93,77.43,77.90,6685652
2025-01-27,78.69,80.16,78.67,80.01,17519900
2025-01-28,79.76,80.10,78.60,78.76,11665180
2025-01-29,78.88,79.30,78.81,78.95,10195400
2025-01-30,79.34,79.90,79.18,79.73,8191980
2025-01-31,79.03,79.57,78.93,78.98,10269000
2025-02-03,78.41,79.45,78.23,79.29,13340840
2025-02-04,79.02,79.10,78.30,78.62,9307813
2025-02-05,78.61,79.13,78.19,79.11,8847897
2025-02-06,80.15,80.17,79.22,79.47,9846348
2025-02-07,79.49,79.68,79.12,79.35,8104061
2025-02-10,79.56,79.85,79.06,79.84,7949646
2025-02-11,79.96,80.63,79.67,80.61,9157217
2025-02-12,79.92,80.64,79.87,80.55,10564120
2025-02-13,80.76,81.49,80.54,81.42,10132270
2025-02-14,81.38,81.42,80.59,80.61,10470430
2025-02-18,80.35,80.92,79.90,80.90,10432770
2025-02-19,81.09,81.58,80.89,81.55,6450823
2025-02-20,80.56,81.23,80.43,81.23,14264250
2025-02-21,81.23,82.25,80.98,82.18,18203260
2025-02-24,81.85,82.81,81.81,82.43,14114230
2025-02-25,82.69,83.88,82.69,83.60,18197970
2025-02-26,83.28,83.36,81.85,82.00,19969520
2025-02-27,81.64,82.43,81.62,81.99,16614020
2025-02-28,82.69,83.13,82.14,83.08,15164210
2025-03-03,82.68,83.82,82.68,83.52,18918890
2025-03-04,83.36,84.14,82.05,82.10,21845910
2025-03-05,81.94,82.75,81.81,82.44,13772980
2025-03-06,82.13,82.80,81.94,82.59,13729690
2025-03-07,82.06,83.43,82.03,82.86,19631090
2025-03-10,82.99,84.35,82.36,82.68,27412670
2025-03-11,82.51,82.58,81.41,81.47,27913660
2025-03-12,80.67,80.98,79.62,79.70,22000870
2025-03-13,79.80,80.12,79.18,79.33,18077740
2025-03-14,79.15,79.58,78.88,79.51,10251390
2025-03-17,79.65,80.91,79.58,80.67,12470280
2025-03-18,80.61,80.71,79.70,79.75,9461101
2025-03-19,79.57,79.83,79.14,79.75,12042920
2025-03-20,79.63,79.92,79.24,79.36,10954530
2025-03-21,79.30,79.53,78.99,79.33,11926210
2025-03-24,79.03,79.48,78.96,79.40,9586592
2025-03-25,79.26,79.36,78.42,78.68,12703420
2025-03-26,78.85,80.08,78.85,79.90,11492430
2025-03-27,80.13,80.97,80.07,80.81,9253349
2025-03-28,80.92,81.10,80.11,80.41,12493230
2025-03-31,80.53,81.92,80.53,81.67,14299150
2025-04-01,81.86,82.01,81.32,81.79,11201250
2025-04-02,81.83,82.06,81.18,81.55,9218956
2025-04-03,81.75,82.82,81.35,82.02,20746480
2025-04-04,81.58,82.04,78.46,78.46,35619550
2025-04-07,76.60,79.38,76.16,77.55,45133950
2025-04-08,78.71,78.97,75.61,76.35,26842520
2025-04-09,75.97,79.94,75.83,79.31,39358900
2025-04-10,79.30,80.15,77.97,79.35,25967990
2025-04-11,79.65,80.86,78.91,80.35,19009840
2025-04-14,80.69,82.05,80.33,81.72,12388280
2025-04-15,81.84,81.94,80.98,81.03,8920479
2025-04-16,81.37,81.49,79.82,80.16,13657270
2025-04-17,80.51,82.25,80.39,81.87,13663580
2025-04-21,81.94,82.03,80.20,81.09,13804390
2025-04-22,81.40,82.71,81.26,82.24,11258790
2025-04-23,82.38,82.71,81.13,81.77,17717410
2025-04-24,81.22,81.33,80.68,81.05,12480730
2025-04-25,81.20,81.44,80.00,80.84,14378000
2025-04-28,80.91,81.22,80.14,80.57,12089080
2025-04-29,80.23,81.30,79.79,81.24,10065770
2025-04-30,81.69,82.15,80.67,81.83,10566120
2025-05-01,81.29,81.55,80.83,81.12,13203050
2025-05-02,81.58,81.86,81.20,81.56,14859730
2025-05-05,81.58,81.68,81.00,81.49,10236310
2025-05-06,81.33,81.63,80.97,81.35,10506350
2025-05-07,81.43,81.85,81.16,81.48,10474920
2025-05-08,81.57,81.95,81.07,81.38,11018570
2025-05-09,81.03,81.34,80.82,80.91,9231938
2025-05-12,80.97,81.23,80.33,81.03,18914830
2025-05-13,80.76,80.88,79.65,79.94,13148720
2025-05-14,79.80,79.91,79.36,79.51,10351980
2025-05-15,79.58,81.19,79.26,81.14,13370220
2025-05-16,81.22,82.07,81.09,82.07,11973280
2025-05-19,81.85,82.36,81.61,82.31,13601500
2025-05-20,82.27,82.84,82.27,82.60,12719340
2025-05-21,82.20,82.33,81.51,81.64,10989170
2025-05-22,81.57,81.73,80.97,81.30,11871600
2025-05-23,81.26,81.77,80.76,81.60,10693430
2025-05-27,81.90,82.39,81.72,82.34,14433860
2025-05-28,82.31,82.58,81.69,81.78,9963783
2025-05-29,81.81,82.16,81.40,82.11,13321550
2025-05-30,81.97,83.19,81.97,82.83,17778920
2025-06-02,82.59,82.89,82.06,82.88,15827850
2025-06-03,82.73,82.92,82.22,82.80,13265620
2025-06-04,82.82,82.84,82.14,82.22,10804140
2025-06-05,82.05,82.16,81.21,81.43,16474660
2025-06-06,81.81,81.95,81.43,81.69,10949080
2025-06-09,81.56,81.83,81.19,81.58,13027270
2025-06-10,81.59,81.95,81.45,81.76,12364880
2025-06-11,81.71,81.71,81.20,81.48,11204070
2025-06-12,81.45,81.97,81.09,81.96,10709890
2025-06-13,81.71,82.16,80.77,80.96,15635130
2025-06-16,81.16,81.85,80.97,81.22,12728290
2025-06-17,80.99,81.12,80.50,80.53,15059880
2025-06-18,80.75,80.84,80.38,80.43,11117670
2025-06-20,80.72,81.23,80.61,81.02,16771490
2025-06-23,80.53,81.47,80.47,81.40,17771430
2025-06-24,81.39,81.48,80.97,81.33,12580910
2025-06-25,81.16,81.16,80.13,80.24,12880580
2025-06-26,80.32,80.64,79.97,80.17,13783320
2025-06-27,80.25,80.80,80.17,80.55,15135260
2025-06-30,80.51,81.12,80.39,80.97,12080050
2025-07-01,81.06,82.47,81.06,81.98,23302240
2025-07-02,81.92,82.27,81.54,82.22,16429140
2025-07-03,82.27,82.33,81.78,82.18,10898440
2025-07-07,82.10,82.16,81.67,82.11,14365330
2025-07-08,81.79,81.91,81.28,81.35,15712840
2025-07-09,81.46,81.55,80.37,80.82,22179050
2025-07-10,80.86,81.42,80.57,81.11,16688360
2025-07-11,80.79,81.00,80.40,80.81,16936870
2025-07-14,80.83,80.93,80.28,80.88,13694060
2025-07-15,80.70,80.84,80.06,80.07,17681620
2025-07-16,80.11,80.42,79.68,80.35,15633730
2025-07-17,80.66,81.16,80.47,81.11,17078950
2025-07-18,81.15,81.49,80.79,80.89,12754980
2025-07-21,80.95,81.32,80.79,80.88,13431010
2025-07-22,80.48,81.76,80.42,81.62,20413840
2025-07-23,81.65,81.86,81.39,81.65,13808930
2025-07-24,81.72,81.81,81.29,81.36,11462590
2025-07-25,81.31,81.52,81.04,81.50,9284882
2025-07-28,81.07,81.20,80.55,80.66,12113640
2025-07-29,80.80,81.42,80.37,81.19,18873190
2025-07-30,81.23,81.49,80.25,80.47,16485520
2025-07-31,79.90,80.56,79.65,79.78,18339870
2025-08-01,80.22,80.66,80.05,80.16,28529250
2025-08-04,80.06,80.69,80.06,80.55,14441910
2025-08-05,80.51,80.91,80.34,80.47,15062930
2025-08-06,80.70,81.89,80.50,81.62,16043360
2025-08-07,81.76,82.36,81.49,82.24,15984200
2025-08-08,82.31,82.79,82.28,82.48,14135210
2025-08-11,82.52,82.62,81.91,82.41,12970540
2025-08-12,82.52,82.69,82.26,82.63,16449490
2025-08-13,82.19,82.80,81.93,82.63,17683930
2025-08-14,82.35,82.40,81.83,81.89,12826590
2025-08-15,82.03,82.27,81.65,82.02,12217690
2025-08-18,82.06,82.29,81.86,81.91,11892140
2025-08-19,82.07,82.88,82.05,82.75,13215640
2025-08-20,82.72,83.89,82.64,83.22,24836100
2025-08-21,82.65,82.69,82.18,82.47,18125240
2025-08-22,82.72,83.26,82.26,82.47,16491820
2025-08-25,82.09,82.23,80.98,81.06,20490600
2025-08-26,80.95,81.00,80.38,80.53,17723960
2025-08-27,80.44,80.80,80.34,80.77,11765120
2025-08-28,80.82,80.87,80.02,80.26,14505180
2025-08-29,80.44,80.84,80.28,80.78,15675910
2025-09-02,80.92,81.20,80.33,80.65,16662470
2025-09-03,80.25,80.63,79.91,80.59,14723060
2025-09-04,80.75,81.05,80.44,80.64,12717550
2025-09-05,80.62,81.28,80.42,80.87,20657310
2025-09-08,80.78,80.79,80.03,80.57,18019780
2025-09-09,80.41,80.84,80.31,80.73,13459560
2025-09-10,80.39,80.54,79.54,79.94,19041980
2025-09-11,80.15,80.82,80.03,80.59,16717580
2025-09-12,80.45,80.64,80.11,80.32,10261120
2025-09-15,80.29,80.48,79.36,79.40,14872160
2025-09-16,79.53,79.94,79.35,79.76,16171000
2025-09-17,79.88,80.74,79.88,80.24,14408740
2025-09-18,79.71,80.02,79.53,79.54,21046130
2025-09-19,79.73,79.75,79.31,79.38,13349340
2025-09-22,78.54,78.60,77.91,77.96,11993740
2025-09-23,78.03,78.38,77.73,78.35,9703661
2025-09-24,78.33,78.83,78.20,78.52,10634180
2025-09-25,78.86,78.93,77.77,77.77,12046320
2025-09-26,77.69,78.01,77.48,77.96,11548180
2025-09-29,78.09,78.12,77.58,78.11,11490640
2025-09-30,78.01,78.54,77.95,78.37,12306200
2025-10-01,78.27,78.49,77.80,78.25,10125360
2025-10-02,77.91,78.20,77.75,77.94,8422275
2025-10-03,77.91,78.35,77.81,78.03,8426602
2025-10-06,77.86,77.92,77.38,77.46,10739980
2025-10-07,77.56,78.30,77.16,78.18,12084220
2025-10-08,78.12,78.13,77.66,77.79,9503197
2025-10-09,78.04,78.16,77.69,78.04,9316010
2025-10-10,78.30,78.77,78.10,78.10,20763540
2025-10-13,77.73,78.13,77.44,77.84,12692050
2025-10-14,77.92,79.12,77.78,79.09,12884080
2025-10-15,79.08,79.72,78.96,79.23,9111212
2025-10-16,79.43,79.75,78.48,78.68,13599960
2025-10-17,79.06,79.78,79.02,79.73,13984290
2025-10-20,79.89,80.00,79.53,79.66,13002570
2025-10-21,79.80,79.85,79.07,79.29,17471380
2025-10-22,79.41,80.25,78.99,79.74,13294720
2025-10-23,79.83,79.86,79.01,79.35,10809870
2025-10-24,79.88,79.90,79.06,79.09,12735870
2025-10-27,79.30,79.33,78.86,79.22,13984710
2025-10-28,78.91,79.00,78.41,78.43,8927477
2025-10-29,77.89,77.89,76.48,76.58,19894130
2025-10-30,76.61,76.95,76.47,76.50,17364760
2025-10-31,76.19,76.49,75.81,76.28,14658320
2025-11-03,76.12,76.18,75.46,75.68,16185550
2025-11-04,76.00,76.20,75.55,75.99,18147050
2025-11-05,75.90,76.20,75.51,75.94,15782850
2025-11-06,75.70,75.92,75.16,75.60,15452190
2025-11-07,76.13,76.85,75.88,76.71,16959500
2025-11-10,76.48,76.61,75.92,76.43,16805860
2025-11-11,76.67,77.53,76.61,77.43,19801240
2025-11-12,77.49,77.73,77.30,77.32,10978190
2025-11-13,77.33,77.79,77.12,77.32,15370850
2025-11-14,77.35,77.61,76.78,77.26,13138250
2025-11-17,77.28,77.60,76.72,76.77,13887070
2025-11-18,76.98,77.38,76.64,77.10,16840250
2025-11-19,76.94,77.07,76.22,76.51,15122080
2025-11-20,76.75,77.38,76.70,77.06,21590430
2025-11-21,77.36,78.40,77.21,77.90,22215980
2025-11-24,77.80,77.93,76.89,77.00,17869360
2025-11-25,77.20,78.09,77.20,78.06,18586460
2025-11-26,78.06,79.11,78.06,78.91,13275360
2025-11-28,78.80,79.39,78.80,79.37,8914348
2025-12-01,79.26,79.53,79.04,79.29,16939930
2025-12-02,79.05,79.05,78.17,78.77,20550950
2025-12-03,78.93,79.55,78.74,78.83,16833230
2025-12-04,78.69,78.91,78.01,78.45,14269770
2025-12-05,78.40,78.99,78.23,78.46,13343340
2025-12-08,78.31,78.32,77.68,77.81,14602010
2025-12-09,77.98,78.22,77.65,77.99,14040460
2025-12-10,78.19,78.38,77.92,78.22,13945600
2025-12-11,78.41,79.07,78.40,78.80,13753780
2025-12-12,78.93,79.46,78.80,79.42,14506880
2025-12-15,79.63,79.91,79.32,79.64,14499580
2025-12-16,79.79,79.97,79.09,79.28,13055390
2025-12-17,79.39,79.88,79.35,79.65,14268440
2025-12-18,79.33,79.82,79.14,79.19,12117090
2025-12-19,79.12,79.16,78.75,78.78,13142420
2025-12-22,77.97,78.19,77.72,77.88,10983570
2025-12-23,77.81,77.82,77.38,77.51,7638467
2025-12-24,77.55,78.19,77.55,78.12,4697107
2025-12-26,78.04,78.41,77.97,78.23,8761343
2025-12-29,78.17,78.48,78.17,78.28,9242522
2025-12-30,78.10,78.33,78.04,78.15,5610878
2025-12-31,77.99,78.12,77.67,77.68,5872235
2026-01-02,77.71,77.97,77.30,77.69,15968650
2026-01-05,77.56,77.57,76.75,77.35,23429670
2026-01-06,77.34,77.69,77.14,77.47,17108360
2026-01-07,77.56,77.69,76.60,76.62,18977230
2026-01-08,76.61,78.73,76.51,78.44,26260240
2026-01-09,78.43,79.33,78.37,79.25,18234000
2026-01-12,79.53,80.27,79.25,80.18,26411170
2026-01-13,80.21,81.19,80.21,81.11,26284160
2026-01-14,81.08,82.35,81.05,82.23,32494170
2026-01-15,82.10,82.51,81.85,82.37,29123680
2026-01-16,82.15,82.28,81.72,82.11,23754640
2026-01-20,81.95,82.56,81.44,82.36,19888990
2026-01-21,82.17,82.57,81.66,82.44,23029190
2026-01-22,82.34,82.56,82.05,82.27,15777450
2026-01-23,82.38,82.94,82.31,82.91,20185700
2026-01-26,83.05,83.33,82.64,82.78,13187980
2026-01-27,82.76,83.23,82.45,83.16,13532590
2026-01-28,83.00,83.40,81.95,82.32,16303220
2026-01-29,82.36,82.85,82.00,82.13,18799490
2026-01-30,82.18,83.51,82.03,83.51,18175080
2026-02-02,83.76,84.66,83.29,84.50,26041720
2026-02-03,84.12,86.34,84.06,85.87,33052470
2026-02-04,86.32,87.34,86.22,86.99,33748060
2026-02-05,87.58,87.64,86.47,86.92,38772870
2026-02-06,86.85,88.09,86.70,87.94,29568630
2026-02-09,87.91,88.22,86.88,87.43,21853930
2026-02-10,87.33,87.83,86.82,87.15,20908490
2026-02-11,86.99,88.71,86.73,88.40,25588300
2026-02-12,88.49,90.06,88.48,89.21,35282830
2026-02-13,89.05,90.00,88.62,89.51,25649730
2026-02-17,89.63,90.14,87.65,88.20,29819270
2026-02-18,87.93,88.52,87.62,88.04,20422250
2026-02-19,88.00,88.69,87.37,87.67,18447520
2026-02-20,87.67,87.95,87.17,87.89,17909420
2026-02-23,87.68,89.17,87.68,88.97,22070900
2026-02-24,88.96,89.78,88.76,89.74,20363990
2026-02-25,89.34,89.46,88.31,89.01,15215600
2026-02-26,89.26,89.64,88.59,88.86,15925870
2026-02-27,88.98,90.06,88.96,90.01,17314170
2026-03-02,89.44,89.79,88.69,88.71,27606670
2026-03-03,88.35,88.51,87.16,87.74,36852810
2026-03-04,87.81,87.96,86.93,87.16,22736400
2026-03-05,86.34,86.44,85.06,85.41,33740480
2026-03-06,84.92,85.85,84.62,85.78,25859670
2026-03-09,85.27,86.16,84.80,85.97,20729350
2026-03-10,85.69,86.48,85.16,85.72,18864880
2026-03-11,85.55,85.61,84.20,84.59,18432220
2026-03-12,83.92,84.97,83.69,84.25,17862060
2026-03-13,84.71,85.11,84.56,84.74,13103770
2026-03-16,85.21,85.46,84.81,84.98,12882770
2026-03-17,85.40,85.67,84.64,84.70,12225080
2026-03-18,84.01,84.03,82.60,82.64,19412680
2026-03-19,82.62,83.00,81.83,81.97,18581350
2026-03-20,82.11,82.31,81.06,81.29,20895850
2026-03-23,81.78,81.83,80.98,81.18,21027370
2026-03-24,80.80,82.03,80.63,81.11,14830410
2026-03-25,81.42,81.63,80.51,81.51,17648240
2026-03-26,81.48,82.23,81.06,81.14,14148370
2026-03-27,81.27,82.32,80.99,81.78,25942470
2026-03-30,81.91,82.61,81.63,81.88,15855680
2026-03-31,82.00,82.27,81.14,81.98,19522740
2026-04-01,81.72,81.86,80.92,81.46,29643420
2026-04-02,81.71,81.98,81.16,81.89,20709750
2026-04-06,81.86,82.69,81.61,82.66,9796731
2026-04-07,82.46,82.53,81.10,81.26,13331210
2026-04-08,81.25,82.80,80.97,82.78,12645910
2026-04-09,82.24,83.64,82.06,83.45,11716170
2026-04-10,83.38,83.41,82.14,82.37,12097040
2026-04-13,82.14,82.27,81.06,81.55,9981187
2026-04-14,81.06,81.75,80.71,81.47,11577700
2026-04-15,81.22,81.32,80.45,81.06,10893650
2026-04-16,80.99,81.80,80.87,81.43,13278980
2026-04-17,81.32,82.54,81.15,82.46,12252140
2026-04-20,82.55,82.95,82.08,82.39,9430765
2026-04-21,82.34,82.45,81.73,81.84,8710389
2026-04-22,82.09,82.51,81.84,82.11,9138450
2026-04-23,82.36,83.66,82.36,83.48,12354450
2026-04-24,83.76,83.86,82.95,83.23,10852670
2026-04-27,83.10,83.34,82.27,82.34,11126130
2026-04-28,83.60,83.65,82.61,83.08,10170440
2026-04-29,82.76,83.23,82.47,82.92,12096920
2026-04-30,83.29,84.44,83.18,84.31,15360190
2026-05-01,84.72,85.06,83.74,84.17,13320050
2026-05-04,83.53,84.35,83.14,83.54,12599110
2026-05-05,83.48,84.46,83.27,84.06,10891520
2026-05-06,84.33,84.50,83.84,84.24,11530090
2026-05-07,83.93,84.30,83.14,83.98,10116920
2026-05-08,84.53,84.80,84.16,84.18,10323780
2026-05-11,84.08,84.29,82.83,83.37,11062690
2026-05-12,83.71,85.02,83.21,84.44,16104960
2026-05-13,84.20,85.25,84.14,84.72,10463190
2026-05-14,84.95,85.26,84.79,84.98,6627820
2026-05-15,85.53,85.59,84.50,84.64,12229980
2026-05-18,84.75,85.94,84.68,85.90,11634810
2026-05-19,85.82,86.69,85.16,86.09,12232980
2026-05-20,85.58,86.06,84.81,85.52,14035020
2026-05-21,84.56,84.77,83.44,84.66,13185650
2026-05-22,84.72,85.12,84.44,84.80,7890527
2026-05-26,84.79,84.89,83.53,83.63,9477329
2026-05-27,84.02,85.16,83.89,84.58,12224690
2026-05-28,84.86,84.95,84.36,84.43,6414608
2026-05-29,83.97,84.09,82.85,82.91,13011260
2026-06-01,82.50,82.64,81.68,82.03,20246670
2026-06-02,81.92,82.29,81.48,81.83,15723450
2026-06-03,81.79,82.72,81.65,82.16,14750320
2026-06-04,83.34,83.61,81.83,82.04,12184720
2026-06-05,82.59,84.39,82.44,83.44,17021500
2026-06-08,82.97,83.49,82.93,83.07,9544493
2026-06-09,83.18,84.59,83.04,84.10,12440600
2026-06-10,84.76,85.61,84.40,85.49,13134110
2026-06-11,85.67,85.96,85.20,85.27,18013560
2026-06-12,85.46,85.86,85.12,85.82,9363020
2026-06-15,85.47,85.77,85.13,85.48,10980240
2026-06-16,85.79,86.35,85.09,85.59,9364404
2026-06-17,85.19,85.39,83.36,83.68,18015160
2026-06-18,83.83,83.89,83.12,83.30,10447040
2026-06-22,82.66,83.14,82.15,82.18,11243600
2026-06-23,83.62,83.84,83.03,83.72,14963340
2026-06-24,84.03,84.81,83.82,84.44,11294900
2026-06-25,83.95,84.99,83.70,83.94,12078010
2026-06-26,84.65,85.22,84.44,84.71,11372120
2026-06-29,84.91,85.08,84.05,84.37,10163760
2026-06-30,83.99,84.09,82.95,83.07,12752470
2026-07-01,83.09,83.33,82.77,83.30,12210130
2026-07-02,83.75,85.14,83.75,84.99,16706940
2026-07-06,84.80,85.10,83.31,84.10,13176600
2026-07-07,85.52,85.96,84.45,84.86,13234970
2026-07-08,85.17,85.30,84.35,84.39,10998510
2026-07-09,83.55,83.83,83.11,83.20,11322070
2026-07-10,83.24,84.19,83.17,84.12,8305379
2026-07-13,84.55,85.54,84.38,84.59,8118929
2026-07-14,84.51,84.73,83.34,83.42,7871374
2026-07-15,83.10,84.22,82.97,83.47,7387833
2026-07-16,84.14,85.81,84.04,85.81,12146530
2026-07-17,86.79,87.43,84.75,85.19,15692310
2026-07-20,85.14,85.40,84.56,84.86,8571138
2026-07-21,84.43,84.60,83.92,84.06,7388015
2026-07-22,84.58,85.02,84.07,84.38,6545689
2026-07-23,83.20,83.69,82.81,83.21,10351060
2026-07-24,83.37,84.28,83.16,84.13,9634563
2026-07-27,84.42,85.77,84.38,85.36,12244260
2026-07-28,87.07,88.78,86.92,87.06,22253030
2026-07-29,86.34,87.88,86.34,87.36,14869130
2026-07-30,86.00,86.09,84.98,85.47,16609080
2026-07-31,84.85,85.43,84.33,85.05,11382920
2026-08-03,85.92,86.34,84.63,84.86,12592510
2026-08-04,84.29,85.43,83.86,85.37,13262080
2026-08-05,85.74,85.88,84.79,85.33,7739064
2026-08-06,86.31,86.41,84.69,85.11,8275988
2026-08-07,84.50,85.21,84.25,85.12,5690651
2026-08-10,84.66,85.05,84.33,84.95,6917535
2026-08-11,84.62,84.98,84.34,84.69,7358402
2026-08-12,84.08,85.13,84.01,85.08,6448307
2026-08-13,85.61,86.20,85.51,86.00,10352930
2026-08-14,86.00,86.30,85.82,86.09,6970193
2026-08-17,85.36,85.61,84.59,84.68,10513380
2026-08-18,85.76,86.19,85.13,85.58,10663180
2026-08-19,85.72,87.19,85.72,86.54,11244300
2026-08-20,85.20,86.00,85.00,85.32,11495320
2026-08-21,85.60,86.01,85.28,85.99,11194150
2026-08-24,86.45,87.47,86.45,87.45,9108098
2026-08-25,86.86,87.01,86.25,86.52,7022996
2026-08-26,86.62,86.69,86.25,86.27,7317379
2026-08-27,85.31,85.86,85.06,85.08,8495980
2026-08-28,85.50,85.61,85.21,85.45,6809306
2026-08-31,85.35,85.35,84.90,84.98,7012595
2026-09-01,85.51,86.16,85.15,85.25,9353794
2026-09-02,85.37,86.08,85.04,85.53,8445238
2026-09-03,85.37,85.64,84.78,85.26,10265950
2026-09-04,84.82,85.30,84.53,84.58,9904156
2026-09-08,84.28,84.57,83.81,84.02,13546350
2026-09-09,83.51,83.52,82.85,83.05,12246890
2026-09-10,83.37,83.81,83.06,83.09,10349530
2026-09-11,83.51,83.69,83.04,83.38,10836910
2026-09-14,84.38,84.89,84.25,84.42,10520250
2026-09-15,84.00,84.07,83.56,83.73,14382290
